# Wavelength Flux
 9.10000000e+01  1.10736812e-11
 9.40000000e+01  1.18158572e-11
 9.60000000e+01  1.23240155e-11
 9.80000000e+01  1.28428724e-11
 1.00000000e+02  1.33724278e-11
 1.02000000e+02  1.39126782e-11
 1.04000000e+02  1.44636306e-11
 1.06000000e+02  1.50252816e-11
 1.08000000e+02  1.55976312e-11
 1.10000000e+02  1.61806793e-11
 1.14000000e+02  1.73788710e-11
 1.18000000e+02  1.86198568e-11
 1.21000000e+02  1.95786817e-11
 1.25000000e+02  2.08945609e-11
 1.27000000e+02  2.15685501e-11
 1.28000000e+02  2.19095567e-11
 1.31000000e+02  2.29486241e-11
 1.32000000e+02  2.33003292e-11
 1.34000000e+02  2.40117633e-11
 1.37000000e+02  2.50989778e-11
 1.40000000e+02  2.62102676e-11
 1.43000000e+02  2.73456255e-11
 1.47000000e+02  2.88968905e-11
 1.51000000e+02  3.04909497e-11
 1.55000000e+02  3.21278103e-11
 1.59000000e+02  3.38074687e-11
 1.62000000e+02  3.50952988e-11
 1.66000000e+02  3.68498869e-11
 1.70000000e+02  3.86474583e-11
 1.73000000e+02  4.00243301e-11
 1.77000000e+02  4.19041055e-11
 1.80000000e+02  4.33693675e-11
 1.82000000e+02  4.44134931e-11
 1.86000000e+02  4.67523956e-11
 1.91000000e+02  5.23023856e-11
 1.94000000e+02  6.11083677e-11
 1.98000000e+02  9.17998312e-11
 2.02000000e+02  1.56637910e-10
 2.05000000e+02  2.78824479e-10
 2.10000000e+02  8.59567234e-10
 2.16000000e+02  2.74994769e-09
 2.20000000e+02  3.63643446e-09
 2.23000000e+02  8.24376711e-09
 2.27000000e+02  1.90642862e-08
 2.30000000e+02  3.08082740e-08
 2.34000000e+02  7.00289042e-08
 2.40000000e+02  1.66848893e-07
 2.46000000e+02  3.13204788e-07
 2.52000000e+02  6.76783934e-07
 2.57000000e+02  1.00711379e-06
 2.60000000e+02  1.35004027e-06
 2.64000000e+02  2.17273942e-06
 2.69000000e+02  2.76375716e-06
 2.74000000e+02  3.84379272e-06
 2.79000000e+02  4.52469960e-06
 2.84000000e+02  6.59655369e-06
 2.90000000e+02  9.01189975e-06
 2.96000000e+02  1.02520923e-05
 3.01000000e+02  1.41620704e-05
 3.08000000e+02  1.51502834e-05
 3.18000000e+02  2.47262796e-05
 3.28000000e+02  3.43239711e-05
 3.38000000e+02  3.69043621e-05
 3.48000000e+02  4.54816358e-05
 3.57000000e+02  5.31589230e-05
 3.66000000e+02  6.85906797e-05
 3.75000000e+02  7.05794055e-05
 3.85000000e+02  7.74946225e-05
 3.95000000e+02  1.03060507e-04
 4.05000000e+02  1.20694306e-04
 4.14000000e+02  1.32711011e-04
 4.22000000e+02  1.49254178e-04
 4.30000000e+02  1.69607440e-04
 4.41000000e+02  1.89906846e-04
 4.51000000e+02  2.25470763e-04
 4.60000000e+02  2.49789868e-04
 4.70000000e+02  2.82105907e-04
 4.80000000e+02  3.12120270e-04
 4.90000000e+02  3.41811749e-04
 5.00000000e+02  3.82820708e-04
 5.06000000e+02  4.02233082e-04
 5.12000000e+02  4.01841894e-04
 5.20000000e+02  4.56465897e-04
 5.30000000e+02  4.83211495e-04
 5.40000000e+02  4.99565327e-04
 5.50000000e+02  5.15354392e-04
 5.60000000e+02  5.73328054e-04
 5.70000000e+02  5.96035139e-04
 5.80000000e+02  6.19520233e-04
 5.90000000e+02  6.40609438e-04
 6.00000000e+02  6.35735784e-04
 6.10000000e+02  6.42894702e-04
 6.20000000e+02  6.97122059e-04
 6.30000000e+02  7.07691042e-04
 6.40000000e+02  7.11696805e-04
 6.50000000e+02  7.32223064e-04
 6.58000000e+02  7.38801204e-04
 6.65000000e+02  7.40525705e-04
 6.75000000e+02  7.55056784e-04
 6.85000000e+02  7.61158949e-04
 6.95000000e+02  7.66688707e-04
 7.05000000e+02  7.76259525e-04
 7.16000000e+02  7.73708980e-04
 7.26000000e+02  7.77454194e-04
 7.35000000e+02  7.79978537e-04
 7.45000000e+02  7.75881801e-04
 7.55000000e+02  7.85702979e-04
 7.65000000e+02  7.25700963e-04
 7.75000000e+02  7.71064915e-04
 7.85000000e+02  7.25678038e-04
 7.95000000e+02  7.86121823e-04
 8.05000000e+02  7.84335459e-04
 8.15000000e+02  7.73098727e-04
 8.25000000e+02  7.78220558e-04
 8.35000000e+02  7.51761346e-04
 8.45000000e+02  7.84409330e-04
 8.55000000e+02  7.74701324e-04
 8.65000000e+02  7.91063525e-04
 8.75000000e+02  7.72946619e-04
 8.85000000e+02  7.80333700e-04
 8.95000000e+02  7.78726009e-04
 9.05000000e+02  7.97881837e-04
 9.15000000e+02  3.90925754e-02
 9.25000000e+02  3.35176113e-02
 9.35000000e+02  5.17576703e-02
 9.45000000e+02  5.39922075e-02
 9.55000000e+02  5.29781033e-02
 9.65000000e+02  5.36186323e-02
 9.75000000e+02  2.86477749e-02
 9.85000000e+02  3.08703109e-02
 9.95000000e+02  5.14389341e-02
 1.00500000e+03  5.46685803e-02
 1.01500000e+03  5.33072833e-02
 1.02500000e+03  4.06959358e-02
 1.03500000e+03  4.25683605e-02
 1.04500000e+03  6.75147496e-02
 1.05500000e+03  6.79352310e-02
 1.06500000e+03  6.62823808e-02
 1.07500000e+03  7.56458146e-02
 1.08500000e+03  6.49115861e-02
 1.09500000e+03  7.64518433e-02
 1.10500000e+03  8.63886674e-02
 1.11500000e+03  8.35728070e-02
 1.12500000e+03  7.76518254e-02
 1.13500000e+03  9.65519073e-02
 1.14500000e+03  8.69933891e-02
 1.15500000e+03  7.94203944e-02
 1.16500000e+03  7.33002164e-02
 1.17500000e+03  5.02107137e-02
 1.18500000e+03  5.62723045e-02
 1.19500000e+03  5.93061748e-02
 1.20500000e+03  1.06539932e-01
 1.21500000e+03  1.49990702e-01
 1.22500000e+03  1.15357376e-01
 1.23500000e+03  6.52250822e-02
 1.24500000e+03  5.97013291e-02
 1.25500000e+03  6.88660395e-02
 1.26500000e+03  6.91653800e-02
 1.27500000e+03  9.60540618e-02
 1.28500000e+03  1.14196258e-01
 1.29500000e+03  1.19497890e-01
 1.30500000e+03  1.18977956e-01
 1.31500000e+03  1.48330720e-01
 1.32500000e+03  1.58324057e-01
 1.33500000e+03  1.59715594e-01
 1.34500000e+03  1.84846514e-01
 1.35500000e+03  1.78967235e-01
 1.36500000e+03  1.76516216e-01
 1.37500000e+03  1.91292925e-01
 1.38500000e+03  1.88592274e-01
 1.39500000e+03  1.96257261e-01
 1.40500000e+03  2.09605970e-01
 1.41500000e+03  2.00616439e-01
 1.42500000e+03  2.05151888e-01
 1.43500000e+03  1.96836983e-01
 1.44200000e+03  2.15568181e-01
 1.44700000e+03  2.20697289e-01
 1.45500000e+03  2.25655694e-01
 1.46500000e+03  2.12686528e-01
 1.47500000e+03  2.14727182e-01
 1.48500000e+03  2.21867832e-01
 1.49500000e+03  2.28832248e-01
 1.50500000e+03  2.33101471e-01
 1.51200000e+03  2.22781683e-01
 1.51700000e+03  2.27522915e-01
 1.52500000e+03  2.22575427e-01
 1.53500000e+03  2.11366133e-01
 1.54500000e+03  2.30142964e-01
 1.55500000e+03  2.33784940e-01
 1.56500000e+03  2.13297946e-01
 1.57500000e+03  2.39888451e-01
 1.58500000e+03  2.52325602e-01
 1.59500000e+03  2.69229025e-01
 1.60500000e+03  2.51835726e-01
 1.61500000e+03  2.55555976e-01
 1.62500000e+03  2.34808360e-01
 1.63500000e+03  2.50164645e-01
 1.64500000e+03  2.70917719e-01
 1.65500000e+03  2.23617406e-01
 1.66500000e+03  2.75729802e-01
 1.67200000e+03  2.26020754e-01
 1.67700000e+03  2.87429300e-01
 1.68500000e+03  3.07839621e-01
 1.69500000e+03  2.80812586e-01
 1.70500000e+03  2.79421704e-01
 1.71500000e+03  2.93387872e-01
 1.72500000e+03  2.93576915e-01
 1.73500000e+03  3.16093537e-01
 1.74500000e+03  3.06589785e-01
 1.75500000e+03  3.31581989e-01
 1.76500000e+03  2.88983752e-01
 1.77500000e+03  3.19619503e-01
 1.78500000e+03  3.17774444e-01
 1.79500000e+03  3.50762743e-01
 1.80500000e+03  3.40740586e-01
 1.81500000e+03  3.39830046e-01
 1.82500000e+03  3.25439104e-01
 1.83500000e+03  3.20289035e-01
 1.84500000e+03  2.94278542e-01
 1.85500000e+03  3.13434843e-01
 1.86500000e+03  3.27548279e-01
 1.87500000e+03  3.27874366e-01
 1.88500000e+03  3.28130949e-01
 1.89500000e+03  3.36310994e-01
 1.90500000e+03  3.24799266e-01
 1.91500000e+03  3.35669737e-01
 1.92500000e+03  3.33912194e-01
 1.93500000e+03  3.03331719e-01
 1.94500000e+03  3.48696653e-01
 1.95500000e+03  3.45809797e-01
 1.96700000e+03  3.64497473e-01
 1.97600000e+03  3.54987207e-01
 1.98400000e+03  3.50871475e-01
 1.99500000e+03  3.44458434e-01
 2.00500000e+03  3.31070825e-01
 2.01500000e+03  3.27796783e-01
 2.02500000e+03  3.15673165e-01
 2.03500000e+03  3.37255849e-01
 2.04500000e+03  3.52652599e-01
 2.05500000e+03  3.40758671e-01
 2.06500000e+03  3.33872384e-01
 2.07400000e+03  3.60447024e-01
 2.07800000e+03  3.72611981e-01
 2.08500000e+03  3.69072732e-01
 2.09500000e+03  3.55482396e-01
 2.10500000e+03  3.41591992e-01
 2.11500000e+03  3.47155264e-01
 2.12500000e+03  3.49289730e-01
 2.13500000e+03  3.12275799e-01
 2.14500000e+03  3.44911593e-01
 2.15500000e+03  3.44091446e-01
 2.16500000e+03  3.24847555e-01
 2.17500000e+03  3.24364484e-01
 2.18500000e+03  3.36296256e-01
 2.19500000e+03  3.57083974e-01
 2.20500000e+03  3.42768430e-01
 2.21500000e+03  3.16185712e-01
 2.22500000e+03  3.18303548e-01
 2.23500000e+03  3.57859835e-01
 2.24500000e+03  3.34442972e-01
 2.25500000e+03  3.15023684e-01
 2.26500000e+03  3.12600358e-01
 2.27500000e+03  3.33441604e-01
 2.28500000e+03  3.50557142e-01
 2.29500000e+03  3.27571896e-01
 2.30500000e+03  3.41055355e-01
 2.31500000e+03  3.32267641e-01
 2.32500000e+03  2.75939151e-01
 2.33500000e+03  3.04386761e-01
 2.34500000e+03  2.69368688e-01
 2.35500000e+03  3.27871163e-01
 2.36500000e+03  2.77948000e-01
 2.37500000e+03  3.06107551e-01
 2.38500000e+03  2.54687612e-01
 2.39500000e+03  2.83749151e-01
 2.40500000e+03  2.77168172e-01
 2.41500000e+03  2.86565812e-01
 2.42500000e+03  3.29704178e-01
 2.43500000e+03  3.19634387e-01
 2.44500000e+03  3.41925139e-01
 2.45500000e+03  3.38650369e-01
 2.46500000e+03  3.36462083e-01
 2.47500000e+03  3.16562089e-01
 2.48500000e+03  3.13447798e-01
 2.49500000e+03  3.07563388e-01
 2.50500000e+03  3.58374384e-01
 2.51300000e+03  2.99486398e-01
 2.51800000e+03  2.83055493e-01
 2.52500000e+03  2.73017251e-01
 2.53500000e+03  2.84800845e-01
 2.54500000e+03  2.90363026e-01
 2.55500000e+03  3.28376687e-01
 2.56500000e+03  3.16286802e-01
 2.57500000e+03  3.43540289e-01
 2.58500000e+03  3.40614096e-01
 2.59500000e+03  3.32102614e-01
 2.60500000e+03  3.15621310e-01
 2.61500000e+03  3.03335649e-01
 2.62500000e+03  3.40404747e-01
 2.63500000e+03  3.64917772e-01
 2.64500000e+03  4.23006789e-01
 2.65500000e+03  4.42867119e-01
 2.66500000e+03  3.90167396e-01
 2.67500000e+03  4.14799488e-01
 2.68500000e+03  4.23572647e-01
 2.69500000e+03  3.87925435e-01
 2.70500000e+03  4.07283952e-01
 2.71500000e+03  3.71791032e-01
 2.72500000e+03  3.71696055e-01
 2.73500000e+03  3.98883059e-01
 2.74500000e+03  3.19481660e-01
 2.75500000e+03  3.43752040e-01
 2.76500000e+03  3.72882719e-01
 2.77500000e+03  3.97373620e-01
 2.78500000e+03  3.52407843e-01
 2.79500000e+03  2.19633186e-01
 2.80500000e+03  2.51778485e-01
 2.81500000e+03  3.99223301e-01
 2.82500000e+03  4.35725304e-01
 2.83500000e+03  4.25051882e-01
 2.84500000e+03  4.04829841e-01
 2.85500000e+03  3.62443755e-01
 2.86500000e+03  4.31040876e-01
 2.87500000e+03  4.37666323e-01
 2.88500000e+03  4.37385760e-01
 2.89500000e+03  4.37267130e-01
 2.91000000e+03  4.91027244e-01
 2.93000000e+03  4.69996991e-01
 2.95000000e+03  4.63457059e-01
 2.97000000e+03  4.74895389e-01
 2.99000000e+03  4.81325424e-01
 3.01000000e+03  4.90565825e-01
 3.03000000e+03  4.92309613e-01
 3.05000000e+03  4.99893197e-01
 3.07000000e+03  5.02458297e-01
 3.09000000e+03  5.07292650e-01
 3.11000000e+03  5.09165620e-01
 3.13000000e+03  5.02894244e-01
 3.15000000e+03  5.06510274e-01
 3.17000000e+03  5.15859116e-01
 3.19000000e+03  4.87703422e-01
 3.21000000e+03  5.11222722e-01
 3.23000000e+03  4.86017494e-01
 3.25000000e+03  5.27315640e-01
 3.27000000e+03  5.54962244e-01
 3.29000000e+03  5.53719177e-01
 3.31000000e+03  5.55043393e-01
 3.33000000e+03  5.50616603e-01
 3.35000000e+03  5.43650550e-01
 3.37000000e+03  5.11794766e-01
 3.39000000e+03  5.29681326e-01
 3.41000000e+03  5.35764568e-01
 3.43000000e+03  5.49110075e-01
 3.45000000e+03  5.52491029e-01
 3.47000000e+03  5.54117278e-01
 3.49000000e+03  5.65958077e-01
 3.51000000e+03  5.79791932e-01
 3.53000000e+03  5.64391870e-01
 3.55000000e+03  5.94103945e-01
 3.57000000e+03  5.45397248e-01
 3.59000000e+03  5.41936601e-01
 3.60182700e+03  5.25249441e-01
 3.60272700e+03  5.17624009e-01
 3.60362800e+03  5.66265933e-01
 3.60452800e+03  5.59110290e-01
 3.60542800e+03  5.40332186e-01
 3.60632900e+03  5.83223831e-01
 3.60722900e+03  6.41965313e-01
 3.60812900e+03  6.07933797e-01
 3.60902900e+03  5.33838469e-01
 3.60992900e+03  5.30846155e-01
 3.61083000e+03  5.44833210e-01
 3.61173000e+03  5.42664029e-01
 3.61263000e+03  5.81429462e-01
 3.61353000e+03  5.21491855e-01
 3.61443000e+03  5.04421513e-01
 3.61533100e+03  5.63134975e-01
 3.61623100e+03  6.24656619e-01
 3.61713100e+03  6.32411234e-01
 3.61803200e+03  6.11907901e-01
 3.61893200e+03  5.64494853e-01
 3.61983200e+03  5.28575083e-01
 3.62073200e+03  5.35514572e-01
 3.62163300e+03  5.56256985e-01
 3.62253300e+03  6.11366060e-01
 3.62343300e+03  6.38182982e-01
 3.62433300e+03  5.89898040e-01
 3.62523300e+03  5.37948670e-01
 3.62613400e+03  5.47404860e-01
 3.62703400e+03  6.09043679e-01
 3.62793400e+03  6.64608352e-01
 3.62883400e+03  6.60995233e-01
 3.62973500e+03  5.97608624e-01
 3.63063500e+03  5.28517588e-01
 3.63153500e+03  5.14074936e-01
 3.63243500e+03  5.46644319e-01
 3.63333600e+03  5.06236625e-01
 3.63423600e+03  5.15157889e-01
 3.63513600e+03  5.78144940e-01
 3.63603600e+03  5.86071314e-01
 3.63693600e+03  6.06455289e-01
 3.63783700e+03  5.65468274e-01
 3.63873700e+03  5.36762734e-01
 3.63963700e+03  5.45583199e-01
 3.64053700e+03  5.55378541e-01
 3.64143800e+03  5.47030412e-01
 3.64233800e+03  5.37637175e-01
 3.64323800e+03  5.32490236e-01
 3.64413800e+03  5.31461503e-01
 3.64503900e+03  5.37074229e-01
 3.64593900e+03  5.42309594e-01
 3.64683900e+03  5.63884236e-01
 3.64773900e+03  5.88521787e-01
 3.64864000e+03  6.06571372e-01
 3.64954000e+03  6.15850710e-01
 3.65044000e+03  5.81547364e-01
 3.65134000e+03  5.69304461e-01
 3.65224000e+03  5.88520331e-01
 3.65314100e+03  6.10693217e-01
 3.65404100e+03  6.34291846e-01
 3.65494100e+03  6.56734379e-01
 3.65584100e+03  6.92588648e-01
 3.65674200e+03  6.52850522e-01
 3.65764200e+03  6.20790228e-01
 3.65854200e+03  6.35350055e-01
 3.65944200e+03  6.55007331e-01
 3.66034300e+03  6.28705321e-01
 3.66124300e+03  5.61666292e-01
 3.66214300e+03  6.18539534e-01
 3.66304300e+03  6.54042280e-01
 3.66394300e+03  6.02684603e-01
 3.66484400e+03  5.74765806e-01
 3.66574400e+03  5.95070816e-01
 3.66664400e+03  5.78897113e-01
 3.66754400e+03  6.05260620e-01
 3.66844500e+03  6.31540796e-01
 3.66934500e+03  6.08738370e-01
 3.67024500e+03  6.12419902e-01
 3.67114500e+03  6.38126942e-01
 3.67204600e+03  6.19741117e-01
 3.67294600e+03  6.06224216e-01
 3.67384600e+03  6.56379945e-01
 3.67474600e+03  6.26702076e-01
 3.67564600e+03  6.06744223e-01
 3.67654700e+03  5.98511449e-01
 3.67744700e+03  5.93651259e-01
 3.67834700e+03  6.37613121e-01
 3.67924700e+03  6.55436727e-01
 3.68014800e+03  6.19997300e-01
 3.68104800e+03  5.77454267e-01
 3.68194800e+03  5.47033687e-01
 3.68284800e+03  5.49245444e-01
 3.68374900e+03  5.98157742e-01
 3.68464900e+03  6.45723990e-01
 3.68554900e+03  6.22670113e-01
 3.68644900e+03  5.54800674e-01
 3.68734900e+03  5.14265253e-01
 3.68825000e+03  5.13225967e-01
 3.68915000e+03  6.01866202e-01
 3.69005000e+03  6.93237110e-01
 3.69095000e+03  6.67933630e-01
 3.69185100e+03  5.91267743e-01
 3.69275100e+03  5.74957215e-01
 3.69365100e+03  6.25607114e-01
 3.69455100e+03  6.26942611e-01
 3.69545100e+03  6.16587598e-01
 3.69635200e+03  6.19265870e-01
 3.69725200e+03  5.97516558e-01
 3.69815200e+03  5.92581042e-01
 3.69905200e+03  6.06922167e-01
 3.69995300e+03  6.50872749e-01
 3.70085300e+03  7.00187879e-01
 3.70175300e+03  6.87180068e-01
 3.70265300e+03  6.25963004e-01
 3.70355400e+03  5.70385595e-01
 3.70445400e+03  5.27580193e-01
 3.70535400e+03  5.22091919e-01
 3.70625400e+03  5.57198746e-01
 3.70715500e+03  5.93456939e-01
 3.70805500e+03  6.23558382e-01
 3.70895500e+03  6.42448566e-01
 3.70985500e+03  6.13298346e-01
 3.71075500e+03  5.73631543e-01
 3.71165600e+03  5.43079234e-01
 3.71255600e+03  5.26511067e-01
 3.71345600e+03  5.64965734e-01
 3.71435600e+03  6.09985077e-01
 3.71525700e+03  6.81421784e-01
 3.71615700e+03  7.37951508e-01
 3.71705700e+03  7.52201295e-01
 3.71795700e+03  7.66670512e-01
 3.71885800e+03  7.30053154e-01
 3.71975800e+03  6.51668589e-01
 3.72065800e+03  5.92749526e-01
 3.72155800e+03  5.22296065e-01
 3.72245800e+03  4.47070477e-01
 3.72335900e+03  4.32573240e-01
 3.72425900e+03  5.31163109e-01
 3.72515900e+03  6.95947040e-01
 3.72605900e+03  8.16586070e-01
 3.72696000e+03  8.53247823e-01
 3.72786000e+03  8.14392871e-01
 3.72876000e+03  8.13847756e-01
 3.72966000e+03  8.61876515e-01
 3.73056100e+03  8.46399308e-01
 3.73146100e+03  7.74123457e-01
 3.73236100e+03  6.95733797e-01
 3.73326100e+03  6.01899317e-01
 3.73416200e+03  4.80288686e-01
 3.73506200e+03  4.02758183e-01
 3.73596200e+03  4.07393485e-01
 3.73686200e+03  4.60549533e-01
 3.73776200e+03  5.17627648e-01
 3.73866300e+03  5.89234295e-01
 3.73956300e+03  6.81559336e-01
 3.74046300e+03  7.61412221e-01
 3.74136300e+03  7.97195529e-01
 3.74226400e+03  8.00225324e-01
 3.74316400e+03  7.64381609e-01
 3.74406400e+03  7.14857602e-01
 3.74496400e+03  7.02660914e-01
 3.74586500e+03  6.84871150e-01
 3.74676500e+03  6.51377472e-01
 3.74766500e+03  6.28415660e-01
 3.74856500e+03  5.70905965e-01
 3.74946500e+03  4.60984752e-01
 3.75036600e+03  3.85582311e-01
 3.75126600e+03  4.16582213e-01
 3.75216600e+03  5.11128473e-01
 3.75306600e+03  5.95687983e-01
 3.75396700e+03  6.49356032e-01
 3.75486700e+03  7.17118122e-01
 3.75576700e+03  7.73961524e-01
 3.75666800e+03  7.99324319e-01
 3.75756800e+03  8.05214697e-01
 3.75846800e+03  7.56939216e-01
 3.75936800e+03  7.17290244e-01
 3.76026800e+03  7.35130953e-01
 3.76116900e+03  7.60316531e-01
 3.76206900e+03  7.74719518e-01
 3.76296900e+03  8.12478780e-01
 3.76386900e+03  8.29493810e-01
 3.76476900e+03  8.03135397e-01
 3.76567000e+03  7.88455849e-01
 3.76657000e+03  7.65102122e-01
 3.76747000e+03  6.94409945e-01
 3.76837000e+03  6.48310560e-01
 3.76927100e+03  6.28096524e-01
 3.77017100e+03  5.80994971e-01
 3.77107100e+03  5.04659137e-01
 3.77197100e+03  4.63026571e-01
 3.77287200e+03  5.42137836e-01
 3.77377200e+03  6.51172599e-01
 3.77467200e+03  7.08831855e-01
 3.77557200e+03  7.26355611e-01
 3.77647200e+03  7.45330219e-01
 3.77737300e+03  7.84720097e-01
 3.77827300e+03  8.41236721e-01
 3.77917300e+03  8.80422818e-01
 3.78007300e+03  9.20650747e-01
 3.78097400e+03  9.53958838e-01
 3.78187400e+03  9.72326832e-01
 3.78277400e+03  9.81217893e-01
 3.78367500e+03  9.80255389e-01
 3.78457500e+03  9.84004605e-01
 3.78547500e+03  9.83317934e-01
 3.78637500e+03  9.48637593e-01
 3.78727500e+03  8.94393497e-01
 3.78817600e+03  8.65960879e-01
 3.78907600e+03  8.39451813e-01
 3.78997600e+03  8.29468702e-01
 3.79087600e+03  8.22943326e-01
 3.79177600e+03  8.06364607e-01
 3.79267700e+03  7.96601288e-01
 3.79357700e+03  7.77068828e-01
 3.79447700e+03  7.16013698e-01
 3.79537800e+03  6.39228454e-01
 3.79627800e+03  5.94043539e-01
 3.79717800e+03  5.49120628e-01
 3.79807800e+03  4.80803234e-01
 3.79897800e+03  4.45376543e-01
 3.79987900e+03  4.72040628e-01
 3.80077900e+03  5.60362091e-01
 3.80167900e+03  6.63911856e-01
 3.80257900e+03  7.26350880e-01
 3.80347900e+03  7.87714958e-01
 3.80438000e+03  8.60459506e-01
 3.80528000e+03  8.92411358e-01
 3.80618000e+03  8.92605314e-01
 3.80708100e+03  8.78894092e-01
 3.80798100e+03  8.83399847e-01
 3.80888100e+03  9.19116927e-01
 3.80978100e+03  9.67729011e-01
 3.81068200e+03  1.01001695e+00
 3.81158200e+03  1.02817389e+00
 3.81248200e+03  1.01036557e+00
 3.81338200e+03  9.71625605e-01
 3.81428200e+03  9.32218260e-01
 3.81518300e+03  9.12294613e-01
 3.81608300e+03  9.12588277e-01
 3.81698300e+03  9.39143921e-01
 3.81788300e+03  9.83942015e-01
 3.81878400e+03  1.00827135e+00
 3.81968400e+03  9.90878593e-01
 3.82058400e+03  9.47529531e-01
 3.82148400e+03  9.20386559e-01
 3.82238500e+03  9.30669521e-01
 3.82328500e+03  9.58848139e-01
 3.82418500e+03  9.51300581e-01
 3.82508500e+03  8.97190399e-01
 3.82598500e+03  8.60017736e-01
 3.82688600e+03  8.49709302e-01
 3.82778600e+03  8.22544496e-01
 3.82868600e+03  7.85746646e-01
 3.82958600e+03  7.59709189e-01
 3.83048600e+03  7.43274209e-01
 3.83138700e+03  7.23310897e-01
 3.83228700e+03  6.72565657e-01
 3.83318700e+03  5.94568640e-01
 3.83408800e+03  5.26439016e-01
 3.83498800e+03  4.69102535e-01
 3.83588800e+03  4.18508676e-01
 3.83678800e+03  4.16443204e-01
 3.83768900e+03  4.76876801e-01
 3.83858900e+03  5.40908232e-01
 3.83948900e+03  5.97888459e-01
 3.84038900e+03  6.53647817e-01
 3.84128900e+03  6.94316788e-01
 3.84219000e+03  7.36466086e-01
 3.84309000e+03  7.79881377e-01
 3.84399000e+03  8.35708783e-01
 3.84489000e+03  8.95253018e-01
 3.84579100e+03  9.22469497e-01
 3.84669100e+03  9.42027066e-01
 3.84759100e+03  9.65742869e-01
 3.84849100e+03  9.97075007e-01
 3.84939200e+03  1.01993602e+00
 3.85029200e+03  1.00525647e+00
 3.85119200e+03  1.00655558e+00
 3.85209200e+03  1.03538157e+00
 3.85299200e+03  1.05356616e+00
 3.85389300e+03  1.07124821e+00
 3.85479300e+03  1.07102223e+00
 3.85569300e+03  1.06073745e+00
 3.85659300e+03  1.03896012e+00
 3.85749400e+03  1.03594379e+00
 3.85839400e+03  1.04715395e+00
 3.85929400e+03  1.04305394e+00
 3.86019400e+03  1.02265687e+00
 3.86109500e+03  1.01152166e+00
 3.86199500e+03  1.04606991e+00
 3.86289500e+03  1.09594107e+00
 3.86379500e+03  1.11790654e+00
 3.86469600e+03  1.11630794e+00
 3.86559600e+03  1.10343587e+00
 3.86649600e+03  1.08657877e+00
 3.86739600e+03  1.07801157e+00
 3.86829600e+03  1.08889569e+00
 3.86919700e+03  1.09965754e+00
 3.87009700e+03  1.09912552e+00
 3.87099700e+03  1.08416432e+00
 3.87189700e+03  1.04810045e+00
 3.87279800e+03  1.00085734e+00
 3.87369800e+03  9.65054015e-01
 3.87459800e+03  9.65845488e-01
 3.87549800e+03  9.96796263e-01
 3.87639800e+03  1.03021389e+00
 3.87729900e+03  1.01675266e+00
 3.87819900e+03  9.59838663e-01
 3.87909900e+03  8.99510961e-01
 3.87999900e+03  8.82979548e-01
 3.88090000e+03  9.01651031e-01
 3.88180000e+03  8.96816314e-01
 3.88270000e+03  8.49822110e-01
 3.88360000e+03  8.05240897e-01
 3.88450100e+03  7.95083479e-01
 3.88540100e+03  7.73637293e-01
 3.88630100e+03  7.02407642e-01
 3.88720100e+03  6.26097282e-01
 3.88810200e+03  5.59843176e-01
 3.88900200e+03  4.94802297e-01
 3.88990200e+03  4.60385416e-01
 3.89080200e+03  4.98905220e-01
 3.89170300e+03  5.80078682e-01
 3.89260300e+03  6.74426619e-01
 3.89350300e+03  7.41128680e-01
 3.89440300e+03  7.77129963e-01
 3.89530300e+03  8.04364636e-01
 3.89620400e+03  8.20837826e-01
 3.89710400e+03  8.47496089e-01
 3.89800400e+03  8.90913927e-01
 3.89890400e+03  9.09180030e-01
 3.89980500e+03  9.04709937e-01
 3.90070500e+03  9.17354581e-01
 3.90160500e+03  9.61151235e-01
 3.90250500e+03  1.00012045e+00
 3.90340600e+03  1.00528376e+00
 3.90430600e+03  1.01247725e+00
 3.90520600e+03  1.02552618e+00
 3.90610600e+03  1.01173891e+00
 3.90700600e+03  9.95063392e-01
 3.90790700e+03  1.01277055e+00
 3.90880700e+03  1.05559742e+00
 3.90970700e+03  1.09724345e+00
 3.91060700e+03  1.12081625e+00
 3.91150800e+03  1.13998226e+00
 3.91240800e+03  1.14773797e+00
 3.91330800e+03  1.13879851e+00
 3.91420800e+03  1.11006131e+00
 3.91510900e+03  1.09426715e+00
 3.91600900e+03  1.10938701e+00
 3.91690900e+03  1.10712395e+00
 3.91780900e+03  1.10162221e+00
 3.91871000e+03  1.09933222e+00
 3.91961000e+03  1.08716973e+00
 3.92051000e+03  1.07540936e+00
 3.92141000e+03  1.06582143e+00
 3.92231000e+03  1.07470231e+00
 3.92321100e+03  1.09744214e+00
 3.92411100e+03  1.10428447e+00
 3.92501100e+03  1.10379903e+00
 3.92591100e+03  1.10043482e+00
 3.92681200e+03  1.07284717e+00
 3.92771200e+03  1.03930909e+00
 3.92861200e+03  1.01147545e+00
 3.92951200e+03  9.64386266e-01
 3.93041300e+03  9.05308909e-01
 3.93131300e+03  8.55451211e-01
 3.93221300e+03  7.84845277e-01
 3.93311300e+03  6.72461219e-01
 3.93401300e+03  5.66339440e-01
 3.93491400e+03  5.42240818e-01
 3.93581400e+03  6.05592129e-01
 3.93671400e+03  7.28907247e-01
 3.93761400e+03  8.56430454e-01
 3.93851500e+03  9.34033371e-01
 3.93941500e+03  9.77356597e-01
 3.94031500e+03  1.01062539e+00
 3.94121500e+03  1.04897925e+00
 3.94211600e+03  1.07018818e+00
 3.94301600e+03  1.06726937e+00
 3.94391600e+03  1.05388056e+00
 3.94481600e+03  1.04870124e+00
 3.94571700e+03  1.06806230e+00
 3.94661700e+03  1.10560941e+00
 3.94751700e+03  1.12548284e+00
 3.94841700e+03  1.11061880e+00
 3.94931700e+03  1.09262125e+00
 3.95021800e+03  1.08376585e+00
 3.95111800e+03  1.09290691e+00
 3.95201800e+03  1.09689339e+00
 3.95291900e+03  1.08082376e+00
 3.95381900e+03  1.06153547e+00
 3.95471900e+03  1.06984394e+00
 3.95561900e+03  1.08090491e+00
 3.95651900e+03  1.05003055e+00
 3.95742000e+03  1.00274086e+00
 3.95832000e+03  9.83771348e-01
 3.95922000e+03  9.88672294e-01
 3.96012000e+03  9.95301380e-01
 3.96102100e+03  9.77425009e-01
 3.96192100e+03  9.16558741e-01
 3.96282100e+03  8.56279437e-01
 3.96372100e+03  8.17447047e-01
 3.96462200e+03  7.80517831e-01
 3.96552200e+03  7.34327108e-01
 3.96642200e+03  6.64549765e-01
 3.96732200e+03  5.61334420e-01
 3.96822200e+03  4.40746699e-01
 3.96912300e+03  3.44357817e-01
 3.97002300e+03  3.02291669e-01
 3.97092300e+03  3.24067035e-01
 3.97182300e+03  3.93947543e-01
 3.97272400e+03  4.75921939e-01
 3.97362400e+03  5.63492684e-01
 3.97452400e+03  6.52877450e-01
 3.97542400e+03  7.33192481e-01
 3.97632500e+03  8.00526994e-01
 3.97722500e+03  8.43300009e-01
 3.97812500e+03  8.76257669e-01
 3.97902500e+03  9.19476092e-01
 3.97992500e+03  9.59517707e-01
 3.98082600e+03  9.93351628e-01
 3.98172600e+03  1.01666314e+00
 3.98262600e+03  1.01949498e+00
 3.98352600e+03  1.01556272e+00
 3.98442700e+03  1.03197259e+00
 3.98532700e+03  1.06462822e+00
 3.98622700e+03  1.08210212e+00
 3.98712700e+03  1.08451766e+00
 3.98802800e+03  1.09717613e+00
 3.98892800e+03  1.12907231e+00
 3.98982800e+03  1.14680130e+00
 3.99072800e+03  1.13333753e+00
 3.99162800e+03  1.13172875e+00
 3.99252900e+03  1.15964281e+00
 3.99342900e+03  1.19626236e+00
 3.99432900e+03  1.21068972e+00
 3.99523000e+03  1.20782295e+00
 3.99613000e+03  1.19699451e+00
 3.99703000e+03  1.17115938e+00
 3.99793000e+03  1.14114709e+00
 3.99883000e+03  1.13089615e+00
 3.99973100e+03  1.16019448e+00
 4.00063100e+03  1.20240382e+00
 4.00153100e+03  1.23433457e+00
 4.00243100e+03  1.24131700e+00
 4.00333100e+03  1.24092253e+00
 4.00423200e+03  1.24340612e+00
 4.00513200e+03  1.21390256e+00
 4.00603200e+03  1.16183274e+00
 4.00693300e+03  1.14667831e+00
 4.00783300e+03  1.18359733e+00
 4.00873300e+03  1.22985756e+00
 4.00963300e+03  1.25439322e+00
 4.01053300e+03  1.24802941e+00
 4.01143400e+03  1.24745446e+00
 4.01233400e+03  1.26235271e+00
 4.01323400e+03  1.25965551e+00
 4.01413400e+03  1.24527472e+00
 4.01503500e+03  1.24054736e+00
 4.01593500e+03  1.25349076e+00
 4.01683500e+03  1.26695817e+00
 4.01773500e+03  1.25795831e+00
 4.01863600e+03  1.24713423e+00
 4.01953600e+03  1.26605971e+00
 4.02043600e+03  1.29449815e+00
 4.02133600e+03  1.29271252e+00
 4.02223700e+03  1.27392604e+00
 4.02313700e+03  1.26527006e+00
 4.02403700e+03  1.26076394e+00
 4.02493700e+03  1.24860910e+00
 4.02583700e+03  1.23436404e+00
 4.02673800e+03  1.24204406e+00
 4.02763800e+03  1.27570950e+00
 4.02853800e+03  1.30158065e+00
 4.02943900e+03  1.29346978e+00
 4.03033900e+03  1.26179886e+00
 4.03123900e+03  1.21788794e+00
 4.03213900e+03  1.19050080e+00
 4.03303900e+03  1.19066673e+00
 4.03394000e+03  1.20666467e+00
 4.03484000e+03  1.22440786e+00
 4.03574000e+03  1.24295089e+00
 4.03664000e+03  1.26250773e+00
 4.03754000e+03  1.28210096e+00
 4.03844100e+03  1.30590337e+00
 4.03934100e+03  1.31061327e+00
 4.04024100e+03  1.29492973e+00
 4.04114200e+03  1.28592696e+00
 4.04204200e+03  1.28223087e+00
 4.04294200e+03  1.28688473e+00
 4.04384200e+03  1.29599449e+00
 4.04474200e+03  1.26809098e+00
 4.04564300e+03  1.20070370e+00
 4.04654300e+03  1.15075976e+00
 4.04744300e+03  1.16581630e+00
 4.04834300e+03  1.23161809e+00
 4.04924400e+03  1.27826623e+00
 4.05014400e+03  1.27924401e+00
 4.05104400e+03  1.27304396e+00
 4.05194400e+03  1.27338384e+00
 4.05284500e+03  1.26148227e+00
 4.05374500e+03  1.24523179e+00
 4.05464500e+03  1.23217630e+00
 4.05554500e+03  1.21651788e+00
 4.05644500e+03  1.21139714e+00
 4.05734600e+03  1.21628571e+00
 4.05824600e+03  1.21677661e+00
 4.05914600e+03  1.21414600e+00
 4.06004600e+03  1.22649480e+00
 4.06094700e+03  1.25499328e+00
 4.06184700e+03  1.26699893e+00
 4.06274700e+03  1.24312301e+00
 4.06364700e+03  1.19093893e+00
 4.06454800e+03  1.14416561e+00
 4.06544800e+03  1.15197372e+00
 4.06634800e+03  1.19654911e+00
 4.06724800e+03  1.20352935e+00
 4.06814800e+03  1.17857958e+00
 4.06904900e+03  1.19539265e+00
 4.06994900e+03  1.24757636e+00
 4.07084900e+03  1.25739572e+00
 4.07175000e+03  1.20952089e+00
 4.07265000e+03  1.16115553e+00
 4.07355000e+03  1.16787959e+00
 4.07445000e+03  1.20690557e+00
 4.07535000e+03  1.21844434e+00
 4.07625100e+03  1.18314283e+00
 4.07715100e+03  1.12808943e+00
 4.07805100e+03  1.07943440e+00
 4.07895100e+03  1.07063031e+00
 4.07985200e+03  1.10697002e+00
 4.08075200e+03  1.15325499e+00
 4.08165200e+03  1.18827048e+00
 4.08255200e+03  1.19937403e+00
 4.08345300e+03  1.17811998e+00
 4.08435300e+03  1.14545343e+00
 4.08525300e+03  1.11606559e+00
 4.08615300e+03  1.09831040e+00
 4.08705300e+03  1.10505156e+00
 4.08795400e+03  1.12453853e+00
 4.08885400e+03  1.13896117e+00
 4.08975400e+03  1.13684148e+00
 4.09065400e+03  1.11379998e+00
 4.09155500e+03  1.08368980e+00
 4.09245500e+03  1.05628591e+00
 4.09335500e+03  1.03152209e+00
 4.09425600e+03  1.01864346e+00
 4.09515600e+03  1.00845730e+00
 4.09605600e+03  9.80216452e-01
 4.09695600e+03  9.38709066e-01
 4.09785600e+03  9.01739821e-01
 4.09875700e+03  8.64145404e-01
 4.09965700e+03  8.14208012e-01
 4.10055700e+03  7.45595499e-01
 4.10145700e+03  6.51607454e-01
 4.10235800e+03  5.65142223e-01
 4.10325800e+03  5.48831695e-01
 4.10415800e+03  6.11549464e-01
 4.10505800e+03  7.07494175e-01
 4.10595800e+03  7.92813499e-01
 4.10685900e+03  8.49485870e-01
 4.10775900e+03  8.85487880e-01
 4.10865900e+03  9.17534709e-01
 4.10955900e+03  9.40354238e-01
 4.11045900e+03  9.56387477e-01
 4.11136000e+03  9.72165990e-01
 4.11226000e+03  9.99422862e-01
 4.11316000e+03  1.04047465e+00
 4.11406000e+03  1.07377692e+00
 4.11496100e+03  1.09066677e+00
 4.11586100e+03  1.10741543e+00
 4.11676100e+03  1.13032848e+00
 4.11766200e+03  1.14361503e+00
 4.11856200e+03  1.13577490e+00
 4.11946200e+03  1.11660306e+00
 4.12036200e+03  1.11342116e+00
 4.12126200e+03  1.12714002e+00
 4.12216300e+03  1.13976465e+00
 4.12306300e+03  1.14601492e+00
 4.12396300e+03  1.14850215e+00
 4.12486400e+03  1.16185930e+00
 4.12576400e+03  1.18711693e+00
 4.12666400e+03  1.19949229e+00
 4.12756400e+03  1.18693062e+00
 4.12846400e+03  1.16323956e+00
 4.12936500e+03  1.15719307e+00
 4.13026500e+03  1.16534542e+00
 4.13116500e+03  1.16350266e+00
 4.13206500e+03  1.15295951e+00
 4.13296500e+03  1.13528910e+00
 4.13386600e+03  1.13040126e+00
 4.13476600e+03  1.14987913e+00
 4.13566600e+03  1.17643914e+00
 4.13656600e+03  1.21038769e+00
 4.13746700e+03  1.23086883e+00
 4.13836700e+03  1.22678883e+00
 4.13926700e+03  1.23147253e+00
 4.14016700e+03  1.24753088e+00
 4.14106800e+03  1.25643686e+00
 4.14196800e+03  1.25677237e+00
 4.14286800e+03  1.22834375e+00
 4.14376800e+03  1.17061754e+00
 4.14466900e+03  1.13578509e+00
 4.14556900e+03  1.15960897e+00
 4.14646900e+03  1.21137203e+00
 4.14736900e+03  1.24055427e+00
 4.14827000e+03  1.23996694e+00
 4.14917000e+03  1.23346267e+00
 4.15007000e+03  1.23002495e+00
 4.15097000e+03  1.22265316e+00
 4.15187100e+03  1.22316770e+00
 4.15277100e+03  1.23232077e+00
 4.15367100e+03  1.22885903e+00
 4.15457100e+03  1.21236837e+00
 4.15547100e+03  1.19479040e+00
 4.15637200e+03  1.18564243e+00
 4.15727200e+03  1.18532802e+00
 4.15817200e+03  1.19020204e+00
 4.15907200e+03  1.20812499e+00
 4.15997200e+03  1.23316574e+00
 4.16087300e+03  1.24872409e+00
 4.16177300e+03  1.24462626e+00
 4.16267300e+03  1.23846951e+00
 4.16357300e+03  1.23809252e+00
 4.16447400e+03  1.23832577e+00
 4.16537400e+03  1.24152806e+00
 4.16627400e+03  1.24239486e+00
 4.16717500e+03  1.23508820e+00
 4.16807500e+03  1.22636889e+00
 4.16897500e+03  1.22603447e+00
 4.16987500e+03  1.24726050e+00
 4.17077500e+03  1.26332722e+00
 4.17167600e+03  1.23752120e+00
 4.17257600e+03  1.18068872e+00
 4.17347600e+03  1.13185393e+00
 4.17437700e+03  1.12550067e+00
 4.17527700e+03  1.15330921e+00
 4.17617700e+03  1.18319123e+00
 4.17707700e+03  1.20522802e+00
 4.17797700e+03  1.19541521e+00
 4.17887800e+03  1.15651258e+00
 4.17977800e+03  1.15398788e+00
 4.18067800e+03  1.20046790e+00
 4.18157800e+03  1.23300380e+00
 4.18247800e+03  1.21932242e+00
 4.18337900e+03  1.20374259e+00
 4.18427900e+03  1.20488195e+00
 4.18517900e+03  1.20707770e+00
 4.18607900e+03  1.22248176e+00
 4.18698000e+03  1.22828590e+00
 4.18788000e+03  1.19644358e+00
 4.18878000e+03  1.17762799e+00
 4.18968000e+03  1.20263271e+00
 4.19058100e+03  1.23343793e+00
 4.19148100e+03  1.24427620e+00
 4.19238100e+03  1.23505654e+00
 4.19328100e+03  1.23754012e+00
 4.19418200e+03  1.25818865e+00
 4.19508200e+03  1.26072646e+00
 4.19598200e+03  1.23977626e+00
 4.19688200e+03  1.21875147e+00
 4.19778300e+03  1.20868066e+00
 4.19868300e+03  1.18189649e+00
 4.19958300e+03  1.15771526e+00
 4.20048300e+03  1.17410039e+00
 4.20138400e+03  1.20043915e+00
 4.20228400e+03  1.19399310e+00
 4.20318400e+03  1.18150057e+00
 4.20408400e+03  1.19027991e+00
 4.20498400e+03  1.20056688e+00
 4.20588500e+03  1.20126847e+00
 4.20678500e+03  1.20975706e+00
 4.20768500e+03  1.22380670e+00
 4.20858500e+03  1.23417191e+00
 4.20948500e+03  1.23309296e+00
 4.21038600e+03  1.22122632e+00
 4.21128600e+03  1.22400175e+00
 4.21218600e+03  1.24957670e+00
 4.21308600e+03  1.26335342e+00
 4.21398700e+03  1.25941644e+00
 4.21488700e+03  1.24612952e+00
 4.21578700e+03  1.20511048e+00
 4.21668800e+03  1.15416109e+00
 4.21758800e+03  1.15779459e+00
 4.21848800e+03  1.20064002e+00
 4.21938800e+03  1.24073440e+00
 4.22028800e+03  1.26246697e+00
 4.22118900e+03  1.26296696e+00
 4.22208900e+03  1.26158198e+00
 4.22298900e+03  1.25552421e+00
 4.22389000e+03  1.24217215e+00
 4.22479000e+03  1.21515654e+00
 4.22569000e+03  1.17255529e+00
 4.22659000e+03  1.11674134e+00
 4.22749000e+03  1.06833341e+00
 4.22839100e+03  1.08722577e+00
 4.22929100e+03  1.16565182e+00
 4.23019100e+03  1.23134553e+00
 4.23109100e+03  1.25816937e+00
 4.23199100e+03  1.26623147e+00
 4.23289200e+03  1.24727360e+00
 4.23379200e+03  1.19829835e+00
 4.23469200e+03  1.17095560e+00
 4.23559200e+03  1.18965474e+00
 4.23649300e+03  1.20146060e+00
 4.23739300e+03  1.19003283e+00
 4.23829300e+03  1.19526710e+00
 4.23919300e+03  1.20732260e+00
 4.24009300e+03  1.20770323e+00
 4.24099400e+03  1.21588215e+00
 4.24189400e+03  1.23864709e+00
 4.24279400e+03  1.24789441e+00
 4.24369500e+03  1.23690731e+00
 4.24459500e+03  1.24233954e+00
 4.24549500e+03  1.26087966e+00
 4.24639500e+03  1.24993186e+00
 4.24729600e+03  1.20684371e+00
 4.24819600e+03  1.17441625e+00
 4.24909600e+03  1.17772479e+00
 4.24999600e+03  1.18678215e+00
 4.25089700e+03  1.17092467e+00
 4.25179700e+03  1.16514419e+00
 4.25269700e+03  1.19878306e+00
 4.25359700e+03  1.23321632e+00
 4.25449700e+03  1.23439497e+00
 4.25539800e+03  1.21498588e+00
 4.25629800e+03  1.20609773e+00
 4.25719800e+03  1.22438312e+00
 4.25809800e+03  1.24772192e+00
 4.25899800e+03  1.23897606e+00
 4.25989900e+03  1.20695070e+00
 4.26079900e+03  1.17491478e+00
 4.26169900e+03  1.15110874e+00
 4.26259900e+03  1.15946814e+00
 4.26350000e+03  1.20250972e+00
 4.26440000e+03  1.24340357e+00
 4.26530000e+03  1.25744121e+00
 4.26620000e+03  1.26310343e+00
 4.26710100e+03  1.27117499e+00
 4.26800100e+03  1.25895684e+00
 4.26890100e+03  1.22807920e+00
 4.26980100e+03  1.20457300e+00
 4.27070200e+03  1.18852120e+00
 4.27160200e+03  1.15512323e+00
 4.27250200e+03  1.11696296e+00
 4.27340300e+03  1.11809831e+00
 4.27430300e+03  1.14514048e+00
 4.27520300e+03  1.15314619e+00
 4.27610300e+03  1.15766941e+00
 4.27700300e+03  1.19044767e+00
 4.27790400e+03  1.23014031e+00
 4.27880400e+03  1.24696793e+00
 4.27970400e+03  1.23769114e+00
 4.28060400e+03  1.21714669e+00
 4.28150400e+03  1.20248533e+00
 4.28240500e+03  1.19279625e+00
 4.28330500e+03  1.18057118e+00
 4.28420500e+03  1.18219779e+00
 4.28510500e+03  1.19682130e+00
 4.28600600e+03  1.19457570e+00
 4.28690600e+03  1.18325127e+00
 4.28780600e+03  1.17434529e+00
 4.28870600e+03  1.16169992e+00
 4.28960600e+03  1.13178078e+00
 4.29050700e+03  1.08452530e+00
 4.29140700e+03  1.06349614e+00
 4.29230700e+03  1.09678203e+00
 4.29320800e+03  1.14912114e+00
 4.29410800e+03  1.17439623e+00
 4.29500800e+03  1.16091281e+00
 4.29590800e+03  1.13728216e+00
 4.29680900e+03  1.12748936e+00
 4.29770900e+03  1.12618625e+00
 4.29860900e+03  1.11736979e+00
 4.29950900e+03  1.08053119e+00
 4.30041000e+03  1.02457423e+00
 4.30131000e+03  1.00175143e+00
 4.30221000e+03  1.01774209e+00
 4.30311000e+03  1.02308081e+00
 4.30401000e+03  1.02834456e+00
 4.30491100e+03  1.05997145e+00
 4.30581100e+03  1.08448782e+00
 4.30671100e+03  1.08596233e+00
 4.30761100e+03  1.06973731e+00
 4.30851100e+03  1.03718394e+00
 4.30941200e+03  1.01195324e+00
 4.31031200e+03  1.02606693e+00
 4.31121200e+03  1.06000311e+00
 4.31211200e+03  1.08059050e+00
 4.31301300e+03  1.08304461e+00
 4.31391300e+03  1.07300182e+00
 4.31481300e+03  1.05440021e+00
 4.31571300e+03  1.05765271e+00
 4.31661400e+03  1.10448825e+00
 4.31751400e+03  1.16567802e+00
 4.31841400e+03  1.19480168e+00
 4.31931500e+03  1.18893787e+00
 4.32021500e+03  1.17159096e+00
 4.32111500e+03  1.14186360e+00
 4.32201500e+03  1.11059806e+00
 4.32291600e+03  1.10484560e+00
 4.32381600e+03  1.10021357e+00
 4.32471600e+03  1.06760853e+00
 4.32561600e+03  1.00963705e+00
 4.32651600e+03  9.57915111e-01
 4.32741700e+03  9.61848095e-01
 4.32831700e+03  1.01593972e+00
 4.32921700e+03  1.06367372e+00
 4.33011700e+03  1.07569610e+00
 4.33101700e+03  1.05352868e+00
 4.33191800e+03  1.02306334e+00
 4.33281800e+03  1.00742274e+00
 4.33371800e+03  9.97875214e-01
 4.33461800e+03  9.80181518e-01
 4.33551900e+03  9.66239223e-01
 4.33641900e+03  9.44835612e-01
 4.33731900e+03  8.82486106e-01
 4.33821900e+03  7.92256739e-01
 4.33911900e+03  7.12354364e-01
 4.34002000e+03  6.43480574e-01
 4.34092000e+03  5.83840270e-01
 4.34182000e+03  5.63200476e-01
 4.34272100e+03  6.06320648e-01
 4.34362100e+03  6.96212320e-01
 4.34452100e+03  7.75465868e-01
 4.34542200e+03  8.29455601e-01
 4.34632200e+03  8.76745289e-01
 4.34722200e+03  9.18047438e-01
 4.34812200e+03  9.48007326e-01
 4.34902200e+03  9.80436609e-01
 4.34992300e+03  1.01358823e+00
 4.35082300e+03  1.02644065e+00
 4.35172300e+03  9.98771125e-01
 4.35262300e+03  9.52084776e-01
 4.35352300e+03  9.47308283e-01
 4.35442400e+03  9.99844253e-01
 4.35532400e+03  1.05356943e+00
 4.35622400e+03  1.08376986e+00
 4.35712400e+03  1.10927130e+00
 4.35802400e+03  1.12424924e+00
 4.35892500e+03  1.11841927e+00
 4.35982500e+03  1.10300101e+00
 4.36072500e+03  1.11137388e+00
 4.36162600e+03  1.14322203e+00
 4.36252600e+03  1.16591346e+00
 4.36342600e+03  1.17466406e+00
 4.36432600e+03  1.17542497e+00
 4.36522600e+03  1.18019491e+00
 4.36612700e+03  1.19528129e+00
 4.36702700e+03  1.19857164e+00
 4.36792700e+03  1.17828300e+00
 4.36882800e+03  1.15105160e+00
 4.36972800e+03  1.14512156e+00
 4.37062800e+03  1.15511741e+00
 4.37152800e+03  1.16225995e+00
 4.37242900e+03  1.17186680e+00
 4.37332900e+03  1.17874297e+00
 4.37422900e+03  1.16111368e+00
 4.37512900e+03  1.11893636e+00
 4.37602900e+03  1.08988549e+00
 4.37693000e+03  1.10562251e+00
 4.37783000e+03  1.15622984e+00
 4.37873000e+03  1.20071389e+00
 4.37963000e+03  1.21932751e+00
 4.38053000e+03  1.21959243e+00
 4.38143100e+03  1.21221699e+00
 4.38233100e+03  1.19914332e+00
 4.38323100e+03  1.15678551e+00
 4.38413100e+03  1.08300640e+00
 4.38503200e+03  1.02889367e+00
 4.38593200e+03  1.03818538e+00
 4.38683200e+03  1.09678968e+00
 4.38773200e+03  1.15132089e+00
 4.38863300e+03  1.17015357e+00
 4.38953300e+03  1.16808155e+00
 4.39043300e+03  1.16318061e+00
 4.39133300e+03  1.16074433e+00
 4.39223400e+03  1.16721912e+00
 4.39313400e+03  1.18256533e+00
 4.39403400e+03  1.18772682e+00
 4.39493500e+03  1.16928969e+00
 4.39583500e+03  1.14103611e+00
 4.39673500e+03  1.13776286e+00
 4.39763500e+03  1.17531361e+00
 4.39853500e+03  1.21354412e+00
 4.39943600e+03  1.21632392e+00
 4.40033600e+03  1.18517992e+00
 4.40123600e+03  1.14470272e+00
 4.40213600e+03  1.13693391e+00
 4.40303600e+03  1.17292246e+00
 4.40393700e+03  1.20172989e+00
 4.40483700e+03  1.17374159e+00
 4.40573700e+03  1.12938162e+00
 4.40663700e+03  1.14135852e+00
 4.40753800e+03  1.18254786e+00
 4.40843800e+03  1.18770753e+00
 4.40933800e+03  1.16910046e+00
 4.41023800e+03  1.17716912e+00
 4.41113900e+03  1.20417417e+00
 4.41203900e+03  1.22031695e+00
 4.41293900e+03  1.23681088e+00
 4.41383900e+03  1.25132631e+00
 4.41473900e+03  1.22607305e+00
 4.41564000e+03  1.16660668e+00
 4.41654000e+03  1.12926154e+00
 4.41744000e+03  1.13156718e+00
 4.41834100e+03  1.14613974e+00
 4.41924100e+03  1.16251832e+00
 4.42014100e+03  1.18868751e+00
 4.42104100e+03  1.22143083e+00
 4.42194200e+03  1.23338153e+00
 4.42284200e+03  1.21078870e+00
 4.42374200e+03  1.18382258e+00
 4.42464200e+03  1.18616025e+00
 4.42554200e+03  1.20331392e+00
 4.42644300e+03  1.20940554e+00
 4.42734300e+03  1.19853015e+00
 4.42824300e+03  1.18541099e+00
 4.42914300e+03  1.19176861e+00
 4.43004300e+03  1.20454025e+00
 4.43094400e+03  1.19949011e+00
 4.43184400e+03  1.18938109e+00
 4.43274400e+03  1.19564846e+00
 4.43364400e+03  1.20301225e+00
 4.43454500e+03  1.18829195e+00
 4.43544500e+03  1.15681680e+00
 4.43634500e+03  1.13789387e+00
 4.43724500e+03  1.15285070e+00
 4.43814600e+03  1.19081193e+00
 4.43904600e+03  1.22367716e+00
 4.43994600e+03  1.24079044e+00
 4.44084600e+03  1.24152405e+00
 4.44174700e+03  1.21734719e+00
 4.44264700e+03  1.17469536e+00
 4.44354700e+03  1.14151863e+00
 4.44444800e+03  1.12914654e+00
 4.44534800e+03  1.14516050e+00
 4.44624800e+03  1.18444521e+00
 4.44714800e+03  1.21147028e+00
 4.44804800e+03  1.21170645e+00
 4.44894900e+03  1.20687391e+00
 4.44984900e+03  1.20855402e+00
 4.45074900e+03  1.19391487e+00
 4.45164900e+03  1.17652939e+00
 4.45254900e+03  1.18994040e+00
 4.45345000e+03  1.21006855e+00
 4.45435000e+03  1.20330919e+00
 4.45525000e+03  1.16164497e+00
 4.45615000e+03  1.12152803e+00
 4.45705100e+03  1.13251949e+00
 4.45795100e+03  1.16105364e+00
 4.45885100e+03  1.16818344e+00
 4.45975100e+03  1.16491020e+00
 4.46065200e+03  1.16410308e+00
 4.46155200e+03  1.16495569e+00
 4.46245200e+03  1.15285980e+00
 4.46335200e+03  1.14615684e+00
 4.46425300e+03  1.16260638e+00
 4.46515300e+03  1.18195616e+00
 4.46605300e+03  1.18989418e+00
 4.46695300e+03  1.18874063e+00
 4.46785400e+03  1.17917600e+00
 4.46875400e+03  1.16092591e+00
 4.46965400e+03  1.14295092e+00
 4.47055400e+03  1.13846919e+00
 4.47145500e+03  1.15504390e+00
 4.47235500e+03  1.18329858e+00
 4.47325500e+03  1.20880001e+00
 4.47415500e+03  1.22655302e+00
 4.47505500e+03  1.23657180e+00
 4.47595600e+03  1.23631234e+00
 4.47685600e+03  1.23278947e+00
 4.47775600e+03  1.23809543e+00
 4.47865600e+03  1.24421033e+00
 4.47955600e+03  1.23497430e+00
 4.48045700e+03  1.20078558e+00
 4.48135700e+03  1.14233230e+00
 4.48225700e+03  1.09427843e+00
 4.48315800e+03  1.10169463e+00
 4.48405800e+03  1.14898540e+00
 4.48495800e+03  1.19681548e+00
 4.48585800e+03  1.22619277e+00
 4.48675800e+03  1.23453362e+00
 4.48765900e+03  1.23364426e+00
 4.48855900e+03  1.21819543e+00
 4.48945900e+03  1.18707945e+00
 4.49036000e+03  1.16696512e+00
 4.49126000e+03  1.16601754e+00
 4.49216000e+03  1.17870403e+00
 4.49306000e+03  1.19923247e+00
 4.49396100e+03  1.21333597e+00
 4.49486100e+03  1.20464433e+00
 4.49576100e+03  1.18306932e+00
 4.49666100e+03  1.18004171e+00
 4.49756100e+03  1.19355534e+00
 4.49846200e+03  1.20469855e+00
 4.49936200e+03  1.21647457e+00
 4.50026200e+03  1.22743729e+00
 4.50116200e+03  1.21685921e+00
 4.50206200e+03  1.18654343e+00
 4.50296300e+03  1.17636964e+00
 4.50386300e+03  1.20449477e+00
 4.50476300e+03  1.24268452e+00
 4.50566300e+03  1.26053287e+00
 4.50656400e+03  1.25796995e+00
 4.50746400e+03  1.24376601e+00
 4.50836400e+03  1.22528230e+00
 4.50926500e+03  1.21276720e+00
 4.51016500e+03  1.21251102e+00
 4.51106500e+03  1.22754355e+00
 4.51196500e+03  1.24576708e+00
 4.51286500e+03  1.24326675e+00
 4.51376600e+03  1.22822913e+00
 4.51466600e+03  1.21524570e+00
 4.51556600e+03  1.19933837e+00
 4.51646700e+03  1.19293380e+00
 4.51736700e+03  1.19847921e+00
 4.51826700e+03  1.20077066e+00
 4.51916700e+03  1.19789443e+00
 4.52006700e+03  1.19523835e+00
 4.52096800e+03  1.19472417e+00
 4.52186800e+03  1.19316924e+00
 4.52276800e+03  1.18169489e+00
 4.52366800e+03  1.16009878e+00
 4.52456800e+03  1.15286562e+00
 4.52546900e+03  1.16587817e+00
 4.52636900e+03  1.16936792e+00
 4.52726900e+03  1.16275194e+00
 4.52816900e+03  1.15007818e+00
 4.52906900e+03  1.13300056e+00
 4.52997000e+03  1.12351235e+00
 4.53087000e+03  1.12976007e+00
 4.53177000e+03  1.14481953e+00
 4.53267100e+03  1.16223011e+00
 4.53357100e+03  1.16463000e+00
 4.53447100e+03  1.13616063e+00
 4.53537200e+03  1.10623350e+00
 4.53627200e+03  1.11078474e+00
 4.53717200e+03  1.15153704e+00
 4.53807200e+03  1.20122807e+00
 4.53897200e+03  1.22754719e+00
 4.53987300e+03  1.22577465e+00
 4.54077300e+03  1.20765993e+00
 4.54167300e+03  1.19017293e+00
 4.54257300e+03  1.19290869e+00
 4.54347400e+03  1.20905620e+00
 4.54437400e+03  1.20960022e+00
 4.54527400e+03  1.18862310e+00
 4.54617400e+03  1.17539149e+00
 4.54707400e+03  1.18203222e+00
 4.54797500e+03  1.18712421e+00
 4.54887500e+03  1.17527832e+00
 4.54977500e+03  1.14010271e+00
 4.55067500e+03  1.10731426e+00
 4.55157500e+03  1.12354947e+00
 4.55247600e+03  1.16856772e+00
 4.55337600e+03  1.18749247e+00
 4.55427600e+03  1.17711599e+00
 4.55517600e+03  1.15530300e+00
 4.55607700e+03  1.13384698e+00
 4.55697700e+03  1.13270654e+00
 4.55787700e+03  1.16258018e+00
 4.55877800e+03  1.19368852e+00
 4.55967800e+03  1.20305847e+00
 4.56057800e+03  1.21211947e+00
 4.56147900e+03  1.22494606e+00
 4.56237900e+03  1.22839834e+00
 4.56327900e+03  1.21975327e+00
 4.56417900e+03  1.18976573e+00
 4.56507900e+03  1.15480191e+00
 4.56598000e+03  1.15006909e+00
 4.56688000e+03  1.16927076e+00
 4.56778000e+03  1.19248439e+00
 4.56868000e+03  1.21647748e+00
 4.56958000e+03  1.22783357e+00
 4.57048100e+03  1.22119976e+00
 4.57138100e+03  1.19988275e+00
 4.57228100e+03  1.16694256e+00
 4.57318100e+03  1.15031362e+00
 4.57408100e+03  1.17442789e+00
 4.57498200e+03  1.20783642e+00
 4.57588200e+03  1.21361654e+00
 4.57678200e+03  1.20616359e+00
 4.57768200e+03  1.20790701e+00
 4.57858300e+03  1.20868320e+00
 4.57948300e+03  1.19387738e+00
 4.58038300e+03  1.17640093e+00
 4.58128300e+03  1.16606084e+00
 4.58218400e+03  1.15935061e+00
 4.58308400e+03  1.15931676e+00
 4.58398400e+03  1.15409341e+00
 4.58488500e+03  1.14180975e+00
 4.58578500e+03  1.14562483e+00
 4.58668500e+03  1.16717254e+00
 4.58758500e+03  1.18460460e+00
 4.58848600e+03  1.18662858e+00
 4.58938600e+03  1.17978553e+00
 4.59028600e+03  1.17950824e+00
 4.59118600e+03  1.18486551e+00
 4.59208600e+03  1.18192269e+00
 4.59298700e+03  1.16999128e+00
 4.59388700e+03  1.16520132e+00
 4.59478700e+03  1.17554542e+00
 4.59568700e+03  1.18255295e+00
 4.59658700e+03  1.17880883e+00
 4.59748800e+03  1.17894384e+00
 4.59838800e+03  1.18319268e+00
 4.59928800e+03  1.18764567e+00
 4.60018800e+03  1.19337703e+00
 4.60108800e+03  1.18555618e+00
 4.60198900e+03  1.17603012e+00
 4.60288900e+03  1.17727647e+00
 4.60378900e+03  1.18004753e+00
 4.60469000e+03  1.18919696e+00
 4.60559000e+03  1.19503603e+00
 4.60649000e+03  1.18890075e+00
 4.60739100e+03  1.18837965e+00
 4.60829100e+03  1.19877797e+00
 4.60919100e+03  1.20703767e+00
 4.61009100e+03  1.21147792e+00
 4.61099200e+03  1.22077327e+00
 4.61189200e+03  1.21706590e+00
 4.61279200e+03  1.20227391e+00
 4.61369200e+03  1.19774559e+00
 4.61459200e+03  1.19541339e+00
 4.61549300e+03  1.19690354e+00
 4.61639300e+03  1.19762878e+00
 4.61729300e+03  1.19075843e+00
 4.61819300e+03  1.19400802e+00
 4.61909300e+03  1.19578274e+00
 4.61999400e+03  1.18135283e+00
 4.62089400e+03  1.17323395e+00
 4.62179400e+03  1.18805833e+00
 4.62269400e+03  1.20671999e+00
 4.62359500e+03  1.21201903e+00
 4.62449500e+03  1.21293569e+00
 4.62539500e+03  1.21326829e+00
 4.62629500e+03  1.20908313e+00
 4.62719500e+03  1.21023049e+00
 4.62809600e+03  1.20983639e+00
 4.62899600e+03  1.19392433e+00
 4.62989600e+03  1.17345520e+00
 4.63079700e+03  1.16706701e+00
 4.63169700e+03  1.18219160e+00
 4.63259700e+03  1.19487519e+00
 4.63349800e+03  1.19549636e+00
 4.63439800e+03  1.18530182e+00
 4.63529800e+03  1.17520845e+00
 4.63619800e+03  1.17929718e+00
 4.63709800e+03  1.18586549e+00
 4.63799900e+03  1.17776955e+00
 4.63889900e+03  1.16695129e+00
 4.63979900e+03  1.17249961e+00
 4.64069900e+03  1.17995110e+00
 4.64159900e+03  1.18266540e+00
 4.64250000e+03  1.19205863e+00
 4.64340000e+03  1.19693083e+00
 4.64430000e+03  1.18762857e+00
 4.64520000e+03  1.17987759e+00
 4.64610000e+03  1.17604941e+00
 4.64700100e+03  1.16035605e+00
 4.64790100e+03  1.14338032e+00
 4.64880100e+03  1.14179264e+00
 4.64970200e+03  1.14882020e+00
 4.65060200e+03  1.15913372e+00
 4.65150200e+03  1.17144504e+00
 4.65240200e+03  1.18365228e+00
 4.65330200e+03  1.19137233e+00
 4.65420300e+03  1.19164634e+00
 4.65510300e+03  1.18085574e+00
 4.65600300e+03  1.15811227e+00
 4.65690400e+03  1.14801853e+00
 4.65780400e+03  1.15393038e+00
 4.65870400e+03  1.16849785e+00
 4.65960400e+03  1.19113761e+00
 4.66050500e+03  1.21112895e+00
 4.66140500e+03  1.21786138e+00
 4.66230500e+03  1.20510502e+00
 4.66320500e+03  1.18888474e+00
 4.66410500e+03  1.17680486e+00
 4.66500600e+03  1.16673405e+00
 4.66590600e+03  1.16363147e+00
 4.66680600e+03  1.15483976e+00
 4.66770600e+03  1.12207642e+00
 4.66860600e+03  1.09614813e+00
 4.66950700e+03  1.10532703e+00
 4.67040700e+03  1.12707489e+00
 4.67130700e+03  1.14814335e+00
 4.67220700e+03  1.17275579e+00
 4.67310800e+03  1.18333860e+00
 4.67400800e+03  1.17648354e+00
 4.67490800e+03  1.16805026e+00
 4.67580900e+03  1.16948510e+00
 4.67670900e+03  1.18024003e+00
 4.67760900e+03  1.19054155e+00
 4.67850900e+03  1.19278388e+00
 4.67940900e+03  1.17868220e+00
 4.68031000e+03  1.15927237e+00
 4.68121000e+03  1.15170953e+00
 4.68211000e+03  1.15175392e+00
 4.68301100e+03  1.15777494e+00
 4.68391100e+03  1.16623224e+00
 4.68481100e+03  1.17559527e+00
 4.68571100e+03  1.18394194e+00
 4.68661100e+03  1.18477235e+00
 4.68751200e+03  1.17696788e+00
 4.68841200e+03  1.16973146e+00
 4.68931200e+03  1.17445846e+00
 4.69021200e+03  1.18069527e+00
 4.69111200e+03  1.17280310e+00
 4.69201300e+03  1.16133202e+00
 4.69291300e+03  1.16076252e+00
 4.69381300e+03  1.16995598e+00
 4.69471300e+03  1.17882193e+00
 4.69561400e+03  1.18740041e+00
 4.69651400e+03  1.19903051e+00
 4.69741400e+03  1.20392236e+00
 4.69831400e+03  1.18909543e+00
 4.69921500e+03  1.16235602e+00
 4.70011500e+03  1.14940061e+00
 4.70101500e+03  1.15444020e+00
 4.70191600e+03  1.15567562e+00
 4.70281600e+03  1.14471618e+00
 4.70371600e+03  1.12994420e+00
 4.70461600e+03  1.12889145e+00
 4.70551600e+03  1.14634862e+00
 4.70641700e+03  1.16221374e+00
 4.70731700e+03  1.15940919e+00
 4.70821700e+03  1.14171732e+00
 4.70911700e+03  1.13150932e+00
 4.71001800e+03  1.13067309e+00
 4.71091800e+03  1.14070205e+00
 4.71181800e+03  1.16349028e+00
 4.71271800e+03  1.17974987e+00
 4.71361800e+03  1.17754466e+00
 4.71451900e+03  1.16377812e+00
 4.71541900e+03  1.15046828e+00
 4.71631900e+03  1.14962331e+00
 4.71721900e+03  1.16737196e+00
 4.71811900e+03  1.18527307e+00
 4.71902000e+03  1.18681526e+00
 4.71992000e+03  1.17997439e+00
 4.72082000e+03  1.17954608e+00
 4.72172100e+03  1.18305295e+00
 4.72262100e+03  1.17885759e+00
 4.72352100e+03  1.17586310e+00
 4.72442100e+03  1.18510423e+00
 4.72532200e+03  1.19408626e+00
 4.72622200e+03  1.19646614e+00
 4.72712200e+03  1.19083558e+00
 4.72802300e+03  1.17122634e+00
 4.72892300e+03  1.14717575e+00
 4.72982300e+03  1.13786330e+00
 4.73072300e+03  1.14080394e+00
 4.73162300e+03  1.14043204e+00
 4.73252400e+03  1.14081413e+00
 4.73342400e+03  1.15130706e+00
 4.73432400e+03  1.16343133e+00
 4.73522400e+03  1.17451632e+00
 4.73612400e+03  1.18184227e+00
 4.73702500e+03  1.16764670e+00
 4.73792500e+03  1.14733332e+00
 4.73882500e+03  1.15354975e+00
 4.73972500e+03  1.17300251e+00
 4.74062500e+03  1.17980227e+00
 4.74152600e+03  1.17360003e+00
 4.74242600e+03  1.16702262e+00
 4.74332600e+03  1.17514186e+00
 4.74422600e+03  1.19104737e+00
 4.74512700e+03  1.19071986e+00
 4.74602700e+03  1.17877499e+00
 4.74692700e+03  1.17768403e+00
 4.74782800e+03  1.18544701e+00
 4.74872800e+03  1.18624977e+00
 4.74962800e+03  1.17935795e+00
 4.75052900e+03  1.17900897e+00
 4.75142900e+03  1.18383678e+00
 4.75232900e+03  1.18371414e+00
 4.75322900e+03  1.17991071e+00
 4.75412900e+03  1.17818839e+00
 4.75503000e+03  1.17231075e+00
 4.75593000e+03  1.16309946e+00
 4.75683000e+03  1.15603006e+00
 4.75773000e+03  1.14988641e+00
 4.75863000e+03  1.15481756e+00
 4.75953100e+03  1.16957898e+00
 4.76043100e+03  1.18182698e+00
 4.76133100e+03  1.18373925e+00
 4.76223100e+03  1.16741562e+00
 4.76313100e+03  1.14004267e+00
 4.76403200e+03  1.12232714e+00
 4.76493200e+03  1.11472354e+00
 4.76583200e+03  1.11113735e+00
 4.76673300e+03  1.12263463e+00
 4.76763300e+03  1.13680727e+00
 4.76853300e+03  1.14120641e+00
 4.76943300e+03  1.15329939e+00
 4.77033300e+03  1.17204838e+00
 4.77123400e+03  1.17280346e+00
 4.77213400e+03  1.15767196e+00
 4.77303400e+03  1.14905127e+00
 4.77393500e+03  1.15579862e+00
 4.77483500e+03  1.16897783e+00
 4.77573500e+03  1.17622954e+00
 4.77663500e+03  1.17717749e+00
 4.77753600e+03  1.17843184e+00
 4.77843600e+03  1.17690347e+00
 4.77933600e+03  1.16911065e+00
 4.78023600e+03  1.16157983e+00
 4.78113600e+03  1.15787938e+00
 4.78203700e+03  1.15953510e+00
 4.78293700e+03  1.16329160e+00
 4.78383700e+03  1.16027053e+00
 4.78473700e+03  1.15517927e+00
 4.78563700e+03  1.16016646e+00
 4.78653800e+03  1.15696454e+00
 4.78743800e+03  1.13890914e+00
 4.78833800e+03  1.13598451e+00
 4.78923800e+03  1.14838570e+00
 4.79013900e+03  1.15044171e+00
 4.79103900e+03  1.14812516e+00
 4.79193900e+03  1.15529281e+00
 4.79284000e+03  1.16017883e+00
 4.79374000e+03  1.16435781e+00
 4.79464000e+03  1.17667131e+00
 4.79554000e+03  1.18796153e+00
 4.79644000e+03  1.19142254e+00
 4.79734100e+03  1.18933669e+00
 4.79824100e+03  1.17978407e+00
 4.79914100e+03  1.15993757e+00
 4.80004200e+03  1.13979522e+00
 4.80094200e+03  1.13278441e+00
 4.80184200e+03  1.14006305e+00
 4.80274200e+03  1.15841649e+00
 4.80364200e+03  1.17055968e+00
 4.80454300e+03  1.16359982e+00
 4.80544300e+03  1.14920956e+00
 4.80634300e+03  1.13558022e+00
 4.80724300e+03  1.13701906e+00
 4.80814300e+03  1.14889006e+00
 4.80904400e+03  1.15067097e+00
 4.80994400e+03  1.14273113e+00
 4.81084400e+03  1.13935382e+00
 4.81174400e+03  1.14000410e+00
 4.81264500e+03  1.13282698e+00
 4.81354500e+03  1.13045402e+00
 4.81444500e+03  1.13509442e+00
 4.81534500e+03  1.13983671e+00
 4.81624600e+03  1.14557934e+00
 4.81714600e+03  1.15012622e+00
 4.81804600e+03  1.15231832e+00
 4.81894700e+03  1.15679315e+00
 4.81984700e+03  1.16040554e+00
 4.82074700e+03  1.15171571e+00
 4.82164700e+03  1.14477659e+00
 4.82254700e+03  1.14864625e+00
 4.82344800e+03  1.13623632e+00
 4.82434800e+03  1.10291331e+00
 4.82524800e+03  1.08381571e+00
 4.82614800e+03  1.09956875e+00
 4.82704900e+03  1.12113575e+00
 4.82794900e+03  1.12984377e+00
 4.82884900e+03  1.12819387e+00
 4.82974900e+03  1.11986466e+00
 4.83064900e+03  1.11461401e+00
 4.83155000e+03  1.11426867e+00
 4.83245000e+03  1.11251761e+00
 4.83335000e+03  1.10722693e+00
 4.83425000e+03  1.10457995e+00
 4.83515000e+03  1.10698712e+00
 4.83605100e+03  1.10869416e+00
 4.83695100e+03  1.10755880e+00
 4.83785100e+03  1.10357233e+00
 4.83875200e+03  1.10002762e+00
 4.83965200e+03  1.09223188e+00
 4.84055200e+03  1.07389155e+00
 4.84145300e+03  1.05918543e+00
 4.84235300e+03  1.06223743e+00
 4.84325300e+03  1.06390225e+00
 4.84415300e+03  1.05803334e+00
 4.84505300e+03  1.06021235e+00
 4.84595400e+03  1.06958666e+00
 4.84685400e+03  1.07300764e+00
 4.84775400e+03  1.05702899e+00
 4.84865400e+03  1.03195149e+00
 4.84955500e+03  1.00820948e+00
 4.85045500e+03  9.98152866e-01
 4.85135500e+03  1.00665893e+00
 4.85225500e+03  1.00761197e+00
 4.85315500e+03  9.89455761e-01
 4.85405600e+03  9.74673231e-01
 4.85495600e+03  9.57641098e-01
 4.85585600e+03  9.14846249e-01
 4.85675600e+03  8.74339575e-01
 4.85765700e+03  8.65709427e-01
 4.85855700e+03  8.60692763e-01
 4.85945700e+03  8.29814038e-01
 4.86035700e+03  7.69865879e-01
 4.86125700e+03  6.91551181e-01
 4.86215800e+03  6.39460983e-01
 4.86305800e+03  6.35609876e-01
 4.86395800e+03  6.75151863e-01
 4.86485900e+03  7.41531877e-01
 4.86575900e+03  7.96410607e-01
 4.86665900e+03  8.41674851e-01
 4.86756000e+03  8.84177492e-01
 4.86846000e+03  9.13633749e-01
 4.86936000e+03  9.33625808e-01
 4.87026000e+03  9.50531670e-01
 4.87116000e+03  9.51432311e-01
 4.87206100e+03  9.37036602e-01
 4.87296100e+03  9.34682561e-01
 4.87386100e+03  9.60556265e-01
 4.87476100e+03  9.92080176e-01
 4.87566100e+03  1.00921056e+00
 4.87656200e+03  1.01511149e+00
 4.87746200e+03  1.02249348e+00
 4.87836200e+03  1.03115237e+00
 4.87926200e+03  1.03882875e+00
 4.88016200e+03  1.05918835e+00
 4.88106300e+03  1.07819752e+00
 4.88196300e+03  1.07436170e+00
 4.88286300e+03  1.06129093e+00
 4.88376400e+03  1.05815816e+00
 4.88466400e+03  1.06140774e+00
 4.88556400e+03  1.05942706e+00
 4.88646400e+03  1.05887212e+00
 4.88736400e+03  1.06530761e+00
 4.88826500e+03  1.07127004e+00
 4.88916500e+03  1.07403492e+00
 4.89006500e+03  1.06985704e+00
 4.89096600e+03  1.06141393e+00
 4.89186600e+03  1.04307323e+00
 4.89276600e+03  1.03865153e+00
 4.89366600e+03  1.07340065e+00
 4.89456700e+03  1.10814249e+00
 4.89546700e+03  1.12367683e+00
 4.89636700e+03  1.13659185e+00
 4.89726700e+03  1.14420746e+00
 4.89816700e+03  1.14255464e+00
 4.89906800e+03  1.13766243e+00
 4.89996800e+03  1.12474887e+00
 4.90086800e+03  1.11044886e+00
 4.90176800e+03  1.11388040e+00
 4.90266800e+03  1.11977587e+00
 4.90356900e+03  1.11182184e+00
 4.90446900e+03  1.10299955e+00
 4.90536900e+03  1.10916395e+00
 4.90627000e+03  1.12447121e+00
 4.90717000e+03  1.13700815e+00
 4.90807000e+03  1.14377624e+00
 4.90897000e+03  1.14065001e+00
 4.90987000e+03  1.12068488e+00
 4.91077100e+03  1.09834460e+00
 4.91167100e+03  1.08643394e+00
 4.91257100e+03  1.08856018e+00
 4.91347200e+03  1.10595766e+00
 4.91437200e+03  1.11557469e+00
 4.91527200e+03  1.12510403e+00
 4.91617200e+03  1.13586442e+00
 4.91707300e+03  1.13185720e+00
 4.91797300e+03  1.12878410e+00
 4.91887300e+03  1.10803805e+00
 4.91977300e+03  1.06667077e+00
 4.92067300e+03  1.03775126e+00
 4.92157400e+03  1.03463959e+00
 4.92247400e+03  1.04958842e+00
 4.92337400e+03  1.06966854e+00
 4.92427400e+03  1.07486679e+00
 4.92517400e+03  1.06458346e+00
 4.92607500e+03  1.07130825e+00
 4.92697500e+03  1.10227649e+00
 4.92787500e+03  1.12782196e+00
 4.92877500e+03  1.13231062e+00
 4.92967600e+03  1.13468867e+00
 4.93057600e+03  1.14088472e+00
 4.93147600e+03  1.14465104e+00
 4.93237700e+03  1.14495271e+00
 4.93327700e+03  1.13136449e+00
 4.93417700e+03  1.09835406e+00
 4.93507700e+03  1.07601451e+00
 4.93597700e+03  1.08914350e+00
 4.93687800e+03  1.11195794e+00
 4.93777800e+03  1.11133094e+00
 4.93867800e+03  1.08755255e+00
 4.93957900e+03  1.06653139e+00
 4.94047900e+03  1.06438805e+00
 4.94137900e+03  1.08764171e+00
 4.94227900e+03  1.12093124e+00
 4.94317900e+03  1.13806053e+00
 4.94408000e+03  1.14322748e+00
 4.94498000e+03  1.14846503e+00
 4.94588000e+03  1.14018641e+00
 4.94678000e+03  1.12334714e+00
 4.94768000e+03  1.11964814e+00
 4.94858100e+03  1.12882850e+00
 4.94948100e+03  1.13728653e+00
 4.95038100e+03  1.13921008e+00
 4.95128100e+03  1.14015075e+00
 4.95218200e+03  1.14516268e+00
 4.95308200e+03  1.13821482e+00
 4.95398200e+03  1.12233442e+00
 4.95488200e+03  1.12178858e+00
 4.95578300e+03  1.12808033e+00
 4.95668300e+03  1.12778230e+00
 4.95758300e+03  1.09851818e+00
 4.95848400e+03  1.04747527e+00
 4.95938400e+03  1.05045303e+00
 4.96028400e+03  1.11630321e+00
 4.96118400e+03  1.15487651e+00
 4.96208500e+03  1.14938860e+00
 4.96298500e+03  1.13789933e+00
 4.96388500e+03  1.13705036e+00
 4.96478500e+03  1.14406626e+00
 4.96568500e+03  1.13834109e+00
 4.96658600e+03  1.11542695e+00
 4.96748600e+03  1.10279832e+00
 4.96838600e+03  1.10354140e+00
 4.96928600e+03  1.10342022e+00
 4.97018600e+03  1.10681682e+00
 4.97108700e+03  1.11285821e+00
 4.97198700e+03  1.11816017e+00
 4.97288700e+03  1.12559638e+00
 4.97378700e+03  1.12764074e+00
 4.97468800e+03  1.12922879e+00
 4.97558800e+03  1.13681237e+00
 4.97648800e+03  1.13541974e+00
 4.97738800e+03  1.12721499e+00
 4.97828900e+03  1.12328491e+00
 4.97918900e+03  1.11542513e+00
 4.98008900e+03  1.10568620e+00
 4.98098900e+03  1.09910733e+00
 4.98189000e+03  1.09049792e+00
 4.98279000e+03  1.06858013e+00
 4.98369000e+03  1.03880255e+00
 4.98459100e+03  1.02667427e+00
 4.98549100e+03  1.03344855e+00
 4.98639100e+03  1.04830314e+00
 4.98729100e+03  1.07186065e+00
 4.98819100e+03  1.10092972e+00
 4.98909200e+03  1.12134317e+00
 4.98999200e+03  1.12454217e+00
 4.99089200e+03  1.11758958e+00
 4.99179200e+03  1.10337109e+00
 4.99269200e+03  1.08996190e+00
 4.99359300e+03  1.08913804e+00
 4.99449300e+03  1.08821375e+00
 4.99539300e+03  1.08981380e+00
 4.99629300e+03  1.10371607e+00
 4.99719400e+03  1.11572826e+00
 4.99809400e+03  1.12082243e+00
 4.99899400e+03  1.11729556e+00
 4.99989400e+03  1.10208618e+00
 5.00079500e+03  1.08226042e+00
 5.00169500e+03  1.06937524e+00
 5.00259500e+03  1.06744987e+00
 5.00349500e+03  1.07311245e+00
 5.00439600e+03  1.08250787e+00
 5.00529600e+03  1.08116218e+00
 5.00619600e+03  1.06101619e+00
 5.00709600e+03  1.05887467e+00
 5.00799700e+03  1.09493890e+00
 5.00889700e+03  1.11084296e+00
 5.00979700e+03  1.10753879e+00
 5.01069700e+03  1.10443876e+00
 5.01159800e+03  1.09465252e+00
 5.01249800e+03  1.08015455e+00
 5.01339800e+03  1.05891178e+00
 5.01429800e+03  1.03893464e+00
 5.01519800e+03  1.03264180e+00
 5.01609900e+03  1.04321806e+00
 5.01699900e+03  1.05642856e+00
 5.01789900e+03  1.05100069e+00
 5.01879900e+03  1.02606329e+00
 5.01969900e+03  1.00941434e+00
 5.02060000e+03  1.02147603e+00
 5.02150000e+03  1.04703642e+00
 5.02240000e+03  1.06101437e+00
 5.02330100e+03  1.05966032e+00
 5.02420100e+03  1.06813727e+00
 5.02510100e+03  1.08762169e+00
 5.02600200e+03  1.09415071e+00
 5.02690200e+03  1.09095534e+00
 5.02780200e+03  1.07881869e+00
 5.02870200e+03  1.06550084e+00
 5.02960200e+03  1.06977880e+00
 5.03050300e+03  1.08286558e+00
 5.03140300e+03  1.08590228e+00
 5.03230300e+03  1.08567958e+00
 5.03320300e+03  1.10014843e+00
 5.03410400e+03  1.11796549e+00
 5.03500400e+03  1.11877043e+00
 5.03590400e+03  1.09663429e+00
 5.03680400e+03  1.06977116e+00
 5.03770400e+03  1.06356856e+00
 5.03860500e+03  1.07582201e+00
 5.03950500e+03  1.07577907e+00
 5.04040500e+03  1.05735140e+00
 5.04130500e+03  1.03185033e+00
 5.04220600e+03  1.00177799e+00
 5.04310600e+03  1.00363604e+00
 5.04400600e+03  1.04864629e+00
 5.04490600e+03  1.08763297e+00
 5.04580600e+03  1.10099376e+00
 5.04670700e+03  1.10812539e+00
 5.04760700e+03  1.11800806e+00
 5.04850700e+03  1.10897399e+00
 5.04940800e+03  1.08295691e+00
 5.05030800e+03  1.06635090e+00
 5.05120800e+03  1.06432473e+00
 5.05210900e+03  1.06198452e+00
 5.05300900e+03  1.05798421e+00
 5.05390900e+03  1.06997639e+00
 5.05480900e+03  1.08655839e+00
 5.05570900e+03  1.09144660e+00
 5.05661000e+03  1.09389088e+00
 5.05751000e+03  1.09495819e+00
 5.05841000e+03  1.09720415e+00
 5.05931000e+03  1.10317313e+00
 5.06021000e+03  1.10517601e+00
 5.06111100e+03  1.10412363e+00
 5.06201100e+03  1.10635940e+00
 5.06291100e+03  1.11399211e+00
 5.06381100e+03  1.11609543e+00
 5.06471200e+03  1.10018591e+00
 5.06561200e+03  1.07386535e+00
 5.06651200e+03  1.06288116e+00
 5.06741200e+03  1.07291995e+00
 5.06831200e+03  1.07762730e+00
 5.06921300e+03  1.07014306e+00
 5.07011300e+03  1.06773662e+00
 5.07101300e+03  1.07409023e+00
 5.07191400e+03  1.08247584e+00
 5.07281400e+03  1.07680089e+00
 5.07371400e+03  1.06533054e+00
 5.07461400e+03  1.06815728e+00
 5.07551500e+03  1.07003462e+00
 5.07641500e+03  1.06401324e+00
 5.07731500e+03  1.06939271e+00
 5.07821500e+03  1.08501729e+00
 5.07911600e+03  1.08540229e+00
 5.08001600e+03  1.05584888e+00
 5.08091600e+03  1.02245891e+00
 5.08181600e+03  1.01974898e+00
 5.08271600e+03  1.03681714e+00
 5.08361700e+03  1.05171175e+00
 5.08451700e+03  1.05920363e+00
 5.08541700e+03  1.06528250e+00
 5.08631700e+03  1.07736202e+00
 5.08721700e+03  1.08542194e+00
 5.08811800e+03  1.08212614e+00
 5.08901800e+03  1.07828231e+00
 5.08991800e+03  1.08218000e+00
 5.09081900e+03  1.08710860e+00
 5.09171900e+03  1.08624835e+00
 5.09261900e+03  1.08614573e+00
 5.09351900e+03  1.09191602e+00
 5.09441900e+03  1.10077215e+00
 5.09532000e+03  1.10559559e+00
 5.09622000e+03  1.09666340e+00
 5.09712000e+03  1.07867022e+00
 5.09802100e+03  1.06140847e+00
 5.09892100e+03  1.04464526e+00
 5.09982100e+03  1.02901958e+00
 5.10072100e+03  1.02668883e+00
 5.10162200e+03  1.04378974e+00
 5.10252200e+03  1.06413805e+00
 5.10342200e+03  1.07680089e+00
 5.10432200e+03  1.07841259e+00
 5.10522200e+03  1.07409860e+00
 5.10612300e+03  1.07653270e+00
 5.10702300e+03  1.07605636e+00
 5.10792300e+03  1.06062355e+00
 5.10882300e+03  1.04601824e+00
 5.10972300e+03  1.04566125e+00
 5.11062400e+03  1.04668526e+00
 5.11152400e+03  1.04614414e+00
 5.11242400e+03  1.05883828e+00
 5.11332400e+03  1.07773137e+00
 5.11422500e+03  1.08434190e+00
 5.11512500e+03  1.08101917e+00
 5.11602500e+03  1.07401309e+00
 5.11692600e+03  1.07257097e+00
 5.11782600e+03  1.08442778e+00
 5.11872600e+03  1.09566560e+00
 5.11962600e+03  1.09881912e+00
 5.12052700e+03  1.09579297e+00
 5.12142700e+03  1.08769374e+00
 5.12232700e+03  1.07785401e+00
 5.12322700e+03  1.06372030e+00
 5.12412800e+03  1.04821216e+00
 5.12502800e+03  1.03478442e+00
 5.12592800e+03  1.03101191e+00
 5.12682800e+03  1.03860896e+00
 5.12772800e+03  1.04459286e+00
 5.12862900e+03  1.04308487e+00
 5.12952900e+03  1.03874506e+00
 5.13042900e+03  1.03542851e+00
 5.13132900e+03  1.04000122e+00
 5.13222900e+03  1.04946724e+00
 5.13313000e+03  1.05236603e+00
 5.13403000e+03  1.04725148e+00
 5.13493000e+03  1.04356740e+00
 5.13583100e+03  1.05499481e+00
 5.13673100e+03  1.06809578e+00
 5.13763100e+03  1.06060972e+00
 5.13853100e+03  1.04234289e+00
 5.13943100e+03  1.02631511e+00
 5.14033200e+03  1.01391828e+00
 5.14123200e+03  1.02140943e+00
 5.14213200e+03  1.03935021e+00
 5.14303300e+03  1.03448857e+00
 5.14393300e+03  1.01853029e+00
 5.14483300e+03  1.02634677e+00
 5.14573300e+03  1.04354520e+00
 5.14663400e+03  1.04441309e+00
 5.14753400e+03  1.04115332e+00
 5.14843400e+03  1.03638738e+00
 5.14933400e+03  1.02851122e+00
 5.15023400e+03  1.03558135e+00
 5.15113500e+03  1.04828239e+00
 5.15203500e+03  1.04346005e+00
 5.15293500e+03  1.03190673e+00
 5.15383500e+03  1.02727034e+00
 5.15473500e+03  1.02672886e+00
 5.15563600e+03  1.02976739e+00
 5.15653600e+03  1.04051977e+00
 5.15743600e+03  1.05340204e+00
 5.15833700e+03  1.06418463e+00
 5.15923700e+03  1.07285954e+00
 5.16013700e+03  1.07314738e+00
 5.16103700e+03  1.06784360e+00
 5.16193800e+03  1.06360276e+00
 5.16283800e+03  1.05579102e+00
 5.16373800e+03  1.04841412e+00
 5.16463800e+03  1.05052799e+00
 5.16553900e+03  1.04860044e+00
 5.16643900e+03  1.02503129e+00
 5.16733900e+03  9.80177152e-01
 5.16823900e+03  9.27493804e-01
 5.16914000e+03  8.97806110e-01
 5.17004000e+03  9.13749831e-01
 5.17094000e+03  9.61171613e-01
 5.17184000e+03  9.85608657e-01
 5.17274000e+03  9.52198675e-01
 5.17364100e+03  9.12508583e-01
 5.17454100e+03  9.29015979e-01
 5.17544100e+03  9.93050322e-01
 5.17634100e+03  1.04815540e+00
 5.17724100e+03  1.06245322e+00
 5.17814200e+03  1.06202819e+00
 5.17904200e+03  1.06982647e+00
 5.17994200e+03  1.07440682e+00
 5.18084200e+03  1.06734761e+00
 5.18174300e+03  1.05868399e+00
 5.18264300e+03  1.04404920e+00
 5.18354300e+03  9.94504813e-01
 5.18444400e+03  9.24434170e-01
 5.18534400e+03  9.03409738e-01
 5.18624400e+03  9.54367857e-01
 5.18714400e+03  1.01789820e+00
 5.18804500e+03  1.04764339e+00
 5.18894500e+03  1.04180906e+00
 5.18984500e+03  1.03003376e+00
 5.19074500e+03  1.04234726e+00
 5.19164600e+03  1.05031184e+00
 5.19254600e+03  1.02134684e+00
 5.19344600e+03  9.93730807e-01
 5.19434600e+03  1.00355744e+00
 5.19524600e+03  1.02238795e+00
 5.19614700e+03  1.02121111e+00
 5.19704700e+03  1.01685128e+00
 5.19794700e+03  1.02433588e+00
 5.19884700e+03  1.03419054e+00
 5.19974700e+03  1.04030835e+00
 5.20064800e+03  1.04630644e+00
 5.20154800e+03  1.05364440e+00
 5.20244800e+03  1.05607158e+00
 5.20334800e+03  1.05283000e+00
 5.20424900e+03  1.04469766e+00
 5.20514900e+03  1.02844863e+00
 5.20604900e+03  1.00726736e+00
 5.20694900e+03  9.96135065e-01
 5.20785000e+03  1.00163134e+00
 5.20875000e+03  1.00365278e+00
 5.20965000e+03  9.97554986e-01
 5.21055100e+03  1.00803991e+00
 5.21145100e+03  1.02613826e+00
 5.21235100e+03  1.04087093e+00
 5.21325100e+03  1.05904315e+00
 5.21415200e+03  1.07097747e+00
 5.21505200e+03  1.06756267e+00
 5.21595200e+03  1.04724420e+00
 5.21685200e+03  1.02242543e+00
 5.21775200e+03  1.01548630e+00
 5.21865300e+03  1.02780635e+00
 5.21955300e+03  1.04799055e+00
 5.22045300e+03  1.06499248e+00
 5.22135300e+03  1.07531947e+00
 5.22225300e+03  1.08258247e+00
 5.22315400e+03  1.07772482e+00
 5.22405400e+03  1.06370429e+00
 5.22495400e+03  1.05334418e+00
 5.22585400e+03  1.03457881e+00
 5.22675500e+03  9.93630008e-01
 5.22765500e+03  9.50082259e-01
 5.22855500e+03  9.40381530e-01
 5.22945600e+03  9.74290413e-01
 5.23035600e+03  1.01537422e+00
 5.23125600e+03  1.03944119e+00
 5.23215600e+03  1.05131546e+00
 5.23305600e+03  1.04213110e+00
 5.23395700e+03  1.01616461e+00
 5.23485700e+03  9.98548784e-01
 5.23575700e+03  9.98020044e-01
 5.23665800e+03  1.01388844e+00
 5.23755800e+03  1.03582225e+00
 5.23845800e+03  1.04878603e+00
 5.23935800e+03  1.05485726e+00
 5.24025800e+03  1.05593330e+00
 5.24115900e+03  1.05516002e+00
 5.24205900e+03  1.05653045e+00
 5.24295900e+03  1.05771275e+00
 5.24385900e+03  1.05628628e+00
 5.24475900e+03  1.05500537e+00
 5.24566000e+03  1.06123817e+00
 5.24656000e+03  1.06626138e+00
 5.24746000e+03  1.05072450e+00
 5.24836000e+03  1.02962328e+00
 5.24926100e+03  1.02926776e+00
 5.25016100e+03  1.03377315e+00
 5.25106100e+03  1.02158410e+00
 5.25196200e+03  1.01385751e+00
 5.25286200e+03  1.02755563e+00
 5.25376200e+03  1.03872686e+00
 5.25466200e+03  1.03503841e+00
 5.25556200e+03  1.02718737e+00
 5.25646300e+03  1.02363065e+00
 5.25736300e+03  1.03184887e+00
 5.25826300e+03  1.04773801e+00
 5.25916400e+03  1.06282948e+00
 5.26006400e+03  1.06886615e+00
 5.26096400e+03  1.06050164e+00
 5.26186400e+03  1.04198773e+00
 5.26276400e+03  1.01781051e+00
 5.26366500e+03  9.92081268e-01
 5.26456500e+03  9.70433119e-01
 5.26546500e+03  9.52893352e-01
 5.26636500e+03  9.42227572e-01
 5.26726500e+03  9.48176173e-01
 5.26816600e+03  9.75068421e-01
 5.26906600e+03  9.96890148e-01
 5.26996600e+03  9.70994974e-01
 5.27086600e+03  9.24518957e-01
 5.27176700e+03  9.27229979e-01
 5.27266700e+03  9.73209643e-01
 5.27356700e+03  1.00511019e+00
 5.27446700e+03  1.00777790e+00
 5.27536800e+03  9.99169590e-01
 5.27626800e+03  9.87447422e-01
 5.27716800e+03  9.86676327e-01
 5.27806900e+03  1.01201729e+00
 5.27896900e+03  1.04365110e+00
 5.27986900e+03  1.05415312e+00
 5.28076900e+03  1.04517618e+00
 5.28167000e+03  1.03132959e+00
 5.28257000e+03  1.02116235e+00
 5.28347000e+03  1.01700957e+00
 5.28437000e+03  1.00745840e+00
 5.28527000e+03  9.97144875e-01
 5.28617100e+03  1.01296160e+00
 5.28707100e+03  1.04342293e+00
 5.28797100e+03  1.06064975e+00
 5.28887100e+03  1.06064720e+00
 5.28977100e+03  1.05685177e+00
 5.29067200e+03  1.05992451e+00
 5.29157200e+03  1.06558818e+00
 5.29247200e+03  1.06667441e+00
 5.29337200e+03  1.06135170e+00
 5.29427300e+03  1.05478739e+00
 5.29517300e+03  1.05627463e+00
 5.29607300e+03  1.05652499e+00
 5.29697400e+03  1.04492982e+00
 5.29787400e+03  1.02645666e+00
 5.29877400e+03  1.00431107e+00
 5.29967400e+03  9.98403226e-01
 5.30057400e+03  1.01497139e+00
 5.30147500e+03  1.02984854e+00
 5.30237500e+03  1.02874993e+00
 5.30327500e+03  1.02392068e+00
 5.30417600e+03  1.03089073e+00
 5.30507600e+03  1.04743670e+00
 5.30597600e+03  1.06009590e+00
 5.30687600e+03  1.06198015e+00
 5.30777600e+03  1.05164552e+00
 5.30867700e+03  1.03915444e+00
 5.30957700e+03  1.03569270e+00
 5.31047700e+03  1.04478936e+00
 5.31137700e+03  1.05695184e+00
 5.31227700e+03  1.05826405e+00
 5.31317800e+03  1.05292679e+00
 5.31407800e+03  1.04910880e+00
 5.31497800e+03  1.04513069e+00
 5.31587800e+03  1.03773415e+00
 5.31677900e+03  1.01900263e+00
 5.31767900e+03  9.96742043e-01
 5.31857900e+03  9.99049141e-01
 5.31948000e+03  1.02204625e+00
 5.32038000e+03  1.03849761e+00
 5.32128000e+03  1.04323116e+00
 5.32218000e+03  1.04201720e+00
 5.32308100e+03  1.03599801e+00
 5.32398100e+03  1.02567283e+00
 5.32488100e+03  1.00846276e+00
 5.32578100e+03  9.96522250e-01
 5.32668200e+03  1.00419208e+00
 5.32758200e+03  1.00866508e+00
 5.32848200e+03  9.79195725e-01
 5.32938200e+03  9.33211331e-01
 5.33028200e+03  9.28789272e-01
 5.33118300e+03  9.75571689e-01
 5.33208300e+03  1.06474867e+00
 5.33298300e+03  1.10655845e+00
 5.33388300e+03  1.05496206e+00
 5.33478300e+03  1.01866530e+00
 5.33568400e+03  1.02660295e+00
 5.33658400e+03  1.03486447e+00
 5.33748400e+03  1.02994497e+00
 5.33838400e+03  1.02073004e+00
 5.33928500e+03  1.01860962e+00
 5.34018500e+03  1.01572429e+00
 5.34108500e+03  9.99166315e-01
 5.34198500e+03  9.84868857e-01
 5.34288600e+03  9.96816277e-01
 5.34378600e+03  1.02020457e+00
 5.34468600e+03  1.03238307e+00
 5.34558700e+03  1.03027466e+00
 5.34648700e+03  1.02023769e+00
 5.34738700e+03  1.01776502e+00
 5.34828700e+03  1.02251786e+00
 5.34918800e+03  1.02376238e+00
 5.35008800e+03  1.02229770e+00
 5.35098800e+03  1.02387883e+00
 5.35188800e+03  1.03394709e+00
 5.35278800e+03  1.04705097e+00
 5.35368900e+03  1.04854440e+00
 5.35458900e+03  1.04293277e+00
 5.35548900e+03  1.04854986e+00
 5.35638900e+03  1.05849440e+00
 5.35728900e+03  1.06066321e+00
 5.35819000e+03  1.05826369e+00
 5.35909000e+03  1.05834811e+00
 5.35999000e+03  1.06139392e+00
 5.36089000e+03  1.06259404e+00
 5.36179100e+03  1.05483288e+00
 5.36269100e+03  1.03769995e+00
 5.36359100e+03  1.02441885e+00
 5.36449200e+03  1.01961434e+00
 5.36539200e+03  1.01764821e+00
 5.36629200e+03  1.01264937e+00
 5.36719200e+03  1.00948276e+00
 5.36809200e+03  1.00945437e+00
 5.36899300e+03  1.00746495e+00
 5.36989300e+03  1.00193920e+00
 5.37079300e+03  9.89166464e-01
 5.37169400e+03  9.72517877e-01
 5.37259400e+03  9.63803670e-01
 5.37349400e+03  9.77855862e-01
 5.37439400e+03  1.00952897e+00
 5.37529400e+03  1.03393763e+00
 5.37619500e+03  1.04776967e+00
 5.37709500e+03  1.05227760e+00
 5.37799500e+03  1.04261072e+00
 5.37889500e+03  1.03779420e+00
 5.37979500e+03  1.03729166e+00
 5.38069600e+03  1.03188235e+00
 5.38159600e+03  1.02323073e+00
 5.38249600e+03  1.01580289e+00
 5.38339600e+03  1.01219414e+00
 5.38429700e+03  1.00840126e+00
 5.38519700e+03  1.01222253e+00
 5.38609700e+03  1.02432970e+00
 5.38699800e+03  1.03187944e+00
 5.38789800e+03  1.03142238e+00
 5.38879800e+03  1.02827578e+00
 5.38969800e+03  1.02580384e+00
 5.39059900e+03  1.02304041e+00
 5.39149900e+03  1.01920059e+00
 5.39239900e+03  1.01561003e+00
 5.39329900e+03  1.00966361e+00
 5.39420000e+03  1.00273431e+00
 5.39510000e+03  1.00337331e+00
 5.39600000e+03  1.00573208e+00
 5.39690000e+03  1.00046870e+00
 5.39780000e+03  9.84508237e-01
 5.39870100e+03  9.72889051e-01
 5.39960100e+03  9.84138519e-01
 5.40050100e+03  1.00137043e+00
 5.40140100e+03  1.00446027e+00
 5.40230100e+03  1.00568514e+00
 5.40320200e+03  1.01134481e+00
 5.40410200e+03  1.00433982e+00
 5.40500200e+03  9.79541790e-01
 5.40590200e+03  9.52646995e-01
 5.40680300e+03  9.41574016e-01
 5.40770300e+03  9.54634592e-01
 5.40860300e+03  9.81571600e-01
 5.40950300e+03  9.96767152e-01
 5.41040400e+03  9.90309097e-01
 5.41130400e+03  9.76915919e-01
 5.41220400e+03  9.78359493e-01
 5.41310500e+03  9.97124861e-01
 5.41400500e+03  1.01252820e+00
 5.41490500e+03  1.00891908e+00
 5.41580500e+03  9.98986915e-01
 5.41670600e+03  1.00146977e+00
 5.41760600e+03  1.01335060e+00
 5.41850600e+03  1.02065544e+00
 5.41940600e+03  1.01919622e+00
 5.42030600e+03  1.01398087e+00
 5.42120700e+03  1.00946492e+00
 5.42210700e+03  1.00955262e+00
 5.42300700e+03  1.01451434e+00
 5.42390700e+03  1.01337571e+00
 5.42480700e+03  9.98434885e-01
 5.42570800e+03  9.88613707e-01
 5.42660800e+03  9.98926508e-01
 5.42750800e+03  1.01764966e+00
 5.42840800e+03  1.03004868e+00
 5.42930900e+03  1.01815912e+00
 5.43020900e+03  9.84676721e-01
 5.43110900e+03  9.67426614e-01
 5.43201000e+03  9.82042480e-01
 5.43291000e+03  9.99756554e-01
 5.43381000e+03  9.99946871e-01
 5.43471000e+03  9.87577332e-01
 5.43561000e+03  9.76571674e-01
 5.43651100e+03  9.76894086e-01
 5.43741100e+03  9.88326957e-01
 5.43831100e+03  1.00293154e+00
 5.43921200e+03  1.01634328e+00
 5.44011200e+03  1.02716299e+00
 5.44101200e+03  1.03199625e+00
 5.44191200e+03  1.03414833e+00
 5.44281200e+03  1.03277899e+00
 5.44371300e+03  1.02957489e+00
 5.44461300e+03  1.02815060e+00
 5.44551300e+03  1.02004737e+00
 5.44641300e+03  9.98088093e-01
 5.44731300e+03  9.69784658e-01
 5.44821400e+03  9.56113100e-01
 5.44911400e+03  9.74823884e-01
 5.45001400e+03  1.00634234e+00
 5.45091400e+03  1.02201641e+00
 5.45181500e+03  1.02525545e+00
 5.45271500e+03  1.02702434e+00
 5.45361500e+03  1.02639771e+00
 5.45451600e+03  1.02084394e+00
 5.45541600e+03  1.00148397e+00
 5.45631600e+03  9.71474225e-01
 5.45721600e+03  9.59645435e-01
 5.45811700e+03  9.79831451e-01
 5.45901700e+03  1.00601701e+00
 5.45991700e+03  1.01711765e+00
 5.46081700e+03  1.01921223e+00
 5.46171800e+03  1.01649248e+00
 5.46261800e+03  1.00661162e+00
 5.46351800e+03  9.93140568e-01
 5.46441800e+03  9.80923502e-01
 5.46531800e+03  9.83043921e-01
 5.46621900e+03  9.99944688e-01
 5.46711900e+03  1.01069489e+00
 5.46801900e+03  1.01009264e+00
 5.46891900e+03  1.00968435e+00
 5.46981900e+03  1.01137756e+00
 5.47072000e+03  1.00750134e+00
 5.47162000e+03  1.00131985e+00
 5.47252000e+03  1.00042175e+00
 5.47342000e+03  9.99951238e-01
 5.47432100e+03  9.92598364e-01
 5.47522100e+03  9.89155548e-01
 5.47612100e+03  9.87816412e-01
 5.47702100e+03  9.65766159e-01
 5.47792200e+03  9.41628236e-01
 5.47882200e+03  9.48174354e-01
 5.47972200e+03  9.73780959e-01
 5.48062300e+03  9.91425892e-01
 5.48152300e+03  9.90011794e-01
 5.48242300e+03  9.78738672e-01
 5.48332300e+03  9.76120080e-01
 5.48422400e+03  9.86918317e-01
 5.48512400e+03  9.98365017e-01
 5.48602400e+03  1.00749225e+00
 5.48692400e+03  1.01201292e+00
 5.48782400e+03  9.99774749e-01
 5.48872500e+03  9.83161823e-01
 5.48962500e+03  9.87838609e-01
 5.49052500e+03  1.03894301e+00
 5.49142500e+03  1.06682979e+00
 5.49232500e+03  1.03435939e+00
 5.49322600e+03  1.00685288e+00
 5.49412600e+03  9.97644140e-01
 5.49502600e+03  9.91553619e-01
 5.49592600e+03  9.94092155e-01
 5.49682700e+03  9.98967264e-01
 5.49772700e+03  9.90616952e-01
 5.49862700e+03  9.76926836e-01
 5.49952800e+03  9.80152771e-01
 5.50042800e+03  1.00000000e+00
 5.50132800e+03  1.00600027e+00
 5.50222800e+03  9.88787285e-01
 5.50312900e+03  9.74447616e-01
 5.50402900e+03  9.75312232e-01
 5.50492900e+03  9.85511497e-01
 5.50582900e+03  9.94481887e-01
 5.50673000e+03  9.85719281e-01
 5.50763000e+03  9.67133678e-01
 5.50853000e+03  9.67945893e-01
 5.50943000e+03  9.84592297e-01
 5.51033000e+03  9.92766120e-01
 5.51123100e+03  9.88179216e-01
 5.51213100e+03  9.80170602e-01
 5.51303100e+03  9.74755107e-01
 5.51393100e+03  9.72798077e-01
 5.51483100e+03  9.74734729e-01
 5.51573200e+03  9.84468572e-01
 5.51663200e+03  9.92915681e-01
 5.51753200e+03  9.93465527e-01
 5.51843200e+03  9.91549617e-01
 5.51933300e+03  9.95290463e-01
 5.52023300e+03  1.00073434e+00
 5.52113300e+03  1.00318336e+00
 5.52203300e+03  1.00198796e+00
 5.52293400e+03  1.00181657e+00
 5.52383400e+03  1.00369500e+00
 5.52473400e+03  1.00297121e+00
 5.52563500e+03  9.97725653e-01
 5.52653500e+03  9.86644668e-01
 5.52743500e+03  9.76436305e-01
 5.52833500e+03  9.64527458e-01
 5.52923600e+03  9.51329329e-01
 5.53013600e+03  9.54188456e-01
 5.53103600e+03  9.74141943e-01
 5.53193600e+03  9.88670839e-01
 5.53283600e+03  9.91614390e-01
 5.53373700e+03  9.90863673e-01
 5.53463700e+03  9.85868843e-01
 5.53553700e+03  9.75694322e-01
 5.53643700e+03  9.68729360e-01
 5.53733700e+03  9.75302042e-01
 5.53823800e+03  9.86451803e-01
 5.53913800e+03  9.88143190e-01
 5.54003800e+03  9.89618059e-01
 5.54093900e+03  9.97266780e-01
 5.54183900e+03  1.00210077e+00
 5.54273900e+03  1.00005568e+00
 5.54363900e+03  9.93868723e-01
 5.54453900e+03  9.85716734e-01
 5.54544000e+03  9.80874739e-01
 5.54634000e+03  9.81057415e-01
 5.54724000e+03  9.82991520e-01
 5.54814100e+03  9.89257074e-01
 5.54904100e+03  9.94930207e-01
 5.54994100e+03  9.97530241e-01
 5.55084100e+03  1.00240717e+00
 5.55174200e+03  1.00801553e+00
 5.55264200e+03  1.00679939e+00
 5.55354200e+03  9.99012387e-01
 5.55444200e+03  9.90921533e-01
 5.55534200e+03  9.83579212e-01
 5.55624300e+03  9.81095624e-01
 5.55714300e+03  9.83564292e-01
 5.55804300e+03  9.83586489e-01
 5.55894300e+03  9.86761842e-01
 5.55984300e+03  9.91218836e-01
 5.56074400e+03  9.92773397e-01
 5.56164400e+03  9.90877501e-01
 5.56254400e+03  9.86300423e-01
 5.56344400e+03  9.79173892e-01
 5.56434500e+03  9.72999311e-01
 5.56524500e+03  9.73124127e-01
 5.56614500e+03  9.75802035e-01
 5.56704600e+03  9.76806387e-01
 5.56794600e+03  9.77955569e-01
 5.56884600e+03  9.76787828e-01
 5.56974700e+03  9.70030287e-01
 5.57064700e+03  9.64166837e-01
 5.57154700e+03  9.69952413e-01
 5.57244700e+03  9.77742326e-01
 5.57334700e+03  9.71530629e-01
 5.57424800e+03  9.62768387e-01
 5.57514800e+03  9.66487400e-01
 5.57604800e+03  9.74475636e-01
 5.57694800e+03  9.75631004e-01
 5.57784800e+03  9.72458926e-01
 5.57874900e+03  9.74480730e-01
 5.57964900e+03  9.78799807e-01
 5.58054900e+03  9.85328458e-01
 5.58144900e+03  9.87534393e-01
 5.58234900e+03  9.80720084e-01
 5.58325000e+03  9.73514587e-01
 5.58415000e+03  9.71744599e-01
 5.58505000e+03  9.77017082e-01
 5.58595000e+03  9.79806342e-01
 5.58685100e+03  9.67448084e-01
 5.58775100e+03  9.43939701e-01
 5.58865100e+03  9.29783799e-01
 5.58955200e+03  9.30541793e-01
 5.59045200e+03  9.34579579e-01
 5.59135200e+03  9.43576533e-01
 5.59225200e+03  9.58706220e-01
 5.59315300e+03  9.63872082e-01
 5.59405300e+03  9.60293897e-01
 5.59495300e+03  9.54322734e-01
 5.59585300e+03  9.51774009e-01
 5.59675400e+03  9.66779972e-01
 5.59765400e+03  9.82197136e-01
 5.59855400e+03  9.75127009e-01
 5.59945400e+03  9.57686221e-01
 5.60035400e+03  9.50567695e-01
 5.60125500e+03  9.52703035e-01
 5.60215500e+03  9.50688145e-01
 5.60305500e+03  9.42690084e-01
 5.60395500e+03  9.39480161e-01
 5.60485500e+03  9.46296653e-01
 5.60575600e+03  9.60666526e-01
 5.60665600e+03  9.78766692e-01
 5.60755600e+03  9.94060496e-01
 5.60845700e+03  9.97033523e-01
 5.60935700e+03  9.90736310e-01
 5.61025700e+03  9.86964168e-01
 5.61115700e+03  9.87333886e-01
 5.61205800e+03  9.89952115e-01
 5.61295800e+03  9.92463722e-01
 5.61385800e+03  9.93463344e-01
 5.61475800e+03  9.88801477e-01
 5.61565900e+03  9.64538011e-01
 5.61655900e+03  9.30363484e-01
 5.61745900e+03  9.22244610e-01
 5.61835900e+03  9.43630026e-01
 5.61926000e+03  9.58983873e-01
 5.62016000e+03  9.56378016e-01
 5.62106000e+03  9.53493780e-01
 5.62196000e+03  9.60052634e-01
 5.62286000e+03  9.71080126e-01
 5.62376100e+03  9.74986909e-01
 5.62466100e+03  9.64644996e-01
 5.62556100e+03  9.49847910e-01
 5.62646100e+03  9.49259127e-01
 5.62736100e+03  9.61649772e-01
 5.62826200e+03  9.70894903e-01
 5.62916200e+03  9.73446903e-01
 5.63006200e+03  9.78062190e-01
 5.63096200e+03  9.83484963e-01
 5.63186300e+03  9.82562123e-01
 5.63276300e+03  9.81282303e-01
 5.63366300e+03  9.78464659e-01
 5.63456400e+03  9.71403993e-01
 5.63546400e+03  9.69124915e-01
 5.63636400e+03  9.69691500e-01
 5.63726500e+03  9.64767993e-01
 5.63816500e+03  9.58522817e-01
 5.63906500e+03  9.55404595e-01
 5.63996500e+03  9.58500255e-01
 5.64086500e+03  9.62723991e-01
 5.64176600e+03  9.57124730e-01
 5.64266600e+03  9.53224133e-01
 5.64356600e+03  9.58276823e-01
 5.64446600e+03  9.61127218e-01
 5.64536600e+03  9.64242892e-01
 5.64626700e+03  9.67595462e-01
 5.64716700e+03  9.65829112e-01
 5.64806700e+03  9.65358232e-01
 5.64896700e+03  9.68892386e-01
 5.64986800e+03  9.72689636e-01
 5.65076800e+03  9.71135802e-01
 5.65166800e+03  9.67469554e-01
 5.65256800e+03  9.67823988e-01
 5.65346800e+03  9.69329060e-01
 5.65436900e+03  9.71051378e-01
 5.65526900e+03  9.66521606e-01
 5.65616900e+03  9.58629802e-01
 5.65707000e+03  9.60872855e-01
 5.65797000e+03  9.59222224e-01
 5.65887000e+03  9.39364078e-01
 5.65977000e+03  9.22312658e-01
 5.66067100e+03  9.30705182e-01
 5.66157100e+03  9.49826440e-01
 5.66247100e+03  9.55954078e-01
 5.66337100e+03  9.49114296e-01
 5.66427200e+03  9.43030326e-01
 5.66517200e+03  9.47481861e-01
 5.66607200e+03  9.59849944e-01
 5.66697200e+03  9.68260663e-01
 5.66787200e+03  9.65195570e-01
 5.66877300e+03  9.60841196e-01
 5.66967300e+03  9.60308816e-01
 5.67057300e+03  9.59047918e-01
 5.67147300e+03  9.60496586e-01
 5.67237300e+03  9.67453906e-01
 5.67327400e+03  9.77208491e-01
 5.67417400e+03  9.81664757e-01
 5.67507400e+03  9.78047271e-01
 5.67597500e+03  9.74327894e-01
 5.67687500e+03  9.72224941e-01
 5.67777500e+03  9.71809009e-01
 5.67867600e+03  9.71021539e-01
 5.67957600e+03  9.67493935e-01
 5.68047600e+03  9.67408783e-01
 5.68137600e+03  9.69351986e-01
 5.68227600e+03  9.66519422e-01
 5.68317700e+03  9.59237872e-01
 5.68407700e+03  9.52533823e-01
 5.68497700e+03  9.51523649e-01
 5.68587700e+03  9.54543982e-01
 5.68677800e+03  9.53111325e-01
 5.68767800e+03  9.50170685e-01
 5.68857800e+03  9.47734768e-01
 5.68947800e+03  9.46583766e-01
 5.69037800e+03  9.53213216e-01
 5.69127900e+03  9.62705069e-01
 5.69217900e+03  9.67919329e-01
 5.69307900e+03  9.70221696e-01
 5.69397900e+03  9.72224941e-01
 5.69488000e+03  9.69160940e-01
 5.69578000e+03  9.61354652e-01
 5.69668000e+03  9.59179648e-01
 5.69758000e+03  9.66175541e-01
 5.69848100e+03  9.68124930e-01
 5.69938100e+03  9.56650574e-01
 5.70028100e+03  9.49287511e-01
 5.70118100e+03  9.50126654e-01
 5.70208200e+03  9.45306493e-01
 5.70298200e+03  9.40041288e-01
 5.70388200e+03  9.42017241e-01
 5.70478300e+03  9.49278777e-01
 5.70568300e+03  9.54718652e-01
 5.70658300e+03  9.51810763e-01
 5.70748300e+03  9.45711873e-01
 5.70838300e+03  9.39818220e-01
 5.70928400e+03  9.31924596e-01
 5.71018400e+03  9.21780279e-01
 5.71108400e+03  9.18454273e-01
 5.71198400e+03  9.24033157e-01
 5.71288400e+03  9.27195045e-01
 5.71378500e+03  9.33242262e-01
 5.71468500e+03  9.45642005e-01
 5.71558500e+03  9.52572032e-01
 5.71648500e+03  9.54058182e-01
 5.71738600e+03  9.59030087e-01
 5.71828600e+03  9.62822243e-01
 5.71918600e+03  9.63441957e-01
 5.72008600e+03  9.65879694e-01
 5.72098700e+03  9.67791601e-01
 5.72188700e+03  9.69929488e-01
 5.72278700e+03  9.72124870e-01
 5.72368800e+03  9.73839182e-01
 5.72458800e+03  9.71988409e-01
 5.72548800e+03  9.67775954e-01
 5.72638800e+03  9.65116241e-01
 5.72728900e+03  9.62649757e-01
 5.72818900e+03  9.62605361e-01
 5.72908900e+03  9.62050421e-01
 5.72998900e+03  9.59898342e-01
 5.73088900e+03  9.59904164e-01
 5.73179000e+03  9.59290273e-01
 5.73269000e+03  9.53963205e-01
 5.73359000e+03  9.53649163e-01
 5.73449000e+03  9.63613716e-01
 5.73539000e+03  9.69845064e-01
 5.73629100e+03  9.68446613e-01
 5.73719100e+03  9.64675200e-01
 5.73809100e+03  9.64842228e-01
 5.73899100e+03  9.66972108e-01
 5.73989100e+03  9.61150507e-01
 5.74079200e+03  9.58793191e-01
 5.74169200e+03  9.62230913e-01
 5.74259200e+03  9.59862316e-01
 5.74349300e+03  9.59434011e-01
 5.74439300e+03  9.64774907e-01
 5.74529300e+03  9.67132223e-01
 5.74619400e+03  9.63166488e-01
 5.74709400e+03  9.57421305e-01
 5.74799400e+03  9.54122591e-01
 5.74889400e+03  9.47200206e-01
 5.74979500e+03  9.46949118e-01
 5.75069500e+03  9.58106520e-01
 5.75159500e+03  9.63949592e-01
 5.75249500e+03  9.62695971e-01
 5.75339500e+03  9.55864923e-01
 5.75429600e+03  9.41670084e-01
 5.75519600e+03  9.29284898e-01
 5.75609600e+03  9.30898775e-01
 5.75699600e+03  9.39504542e-01
 5.75789600e+03  9.46269725e-01
 5.75879700e+03  9.53750690e-01
 5.75969700e+03  9.57996260e-01
 5.76059700e+03  9.58217508e-01
 5.76149700e+03  9.54641143e-01
 5.76239800e+03  9.47613227e-01
 5.76329800e+03  9.40579125e-01
 5.76419800e+03  9.34778993e-01
 5.76509900e+03  9.37522766e-01
 5.76599900e+03  9.46702760e-01
 5.76689900e+03  9.53498146e-01
 5.76779900e+03  9.55191353e-01
 5.76869900e+03  9.56371466e-01
 5.76960000e+03  9.56345993e-01
 5.77050000e+03  9.52836584e-01
 5.77140000e+03  9.49235474e-01
 5.77230100e+03  9.51225619e-01
 5.77320100e+03  9.53482135e-01
 5.77410100e+03  9.51281295e-01
 5.77500100e+03  9.49290422e-01
 5.77590100e+03  9.46041562e-01
 5.77680200e+03  9.45899279e-01
 5.77770200e+03  9.52863149e-01
 5.77860200e+03  9.56634563e-01
 5.77950200e+03  9.55449719e-01
 5.78040200e+03  9.53376605e-01
 5.78130300e+03  9.45948405e-01
 5.78220300e+03  9.30377676e-01
 5.78310300e+03  9.17414260e-01
 5.78400300e+03  9.17347667e-01
 5.78490400e+03  9.21808663e-01
 5.78580400e+03  9.18472104e-01
 5.78670400e+03  9.20732988e-01
 5.78760500e+03  9.36229845e-01
 5.78850500e+03  9.43178068e-01
 5.78940500e+03  9.39946311e-01
 5.79030500e+03  9.40833488e-01
 5.79120600e+03  9.38396480e-01
 5.79210600e+03  9.31759024e-01
 5.79300600e+03  9.29519611e-01
 5.79390600e+03  9.31263398e-01
 5.79480700e+03  9.38640653e-01
 5.79570700e+03  9.43840358e-01
 5.79660700e+03  9.46033920e-01
 5.79750700e+03  9.46124530e-01
 5.79840700e+03  9.39661744e-01
 5.79930800e+03  9.33783011e-01
 5.80020800e+03  9.37920140e-01
 5.80110800e+03  9.49901039e-01
 5.80200800e+03  9.56321248e-01
 5.80290800e+03  9.56013029e-01
 5.80380900e+03  9.52144455e-01
 5.80470900e+03  9.48905056e-01
 5.80560900e+03  9.46771173e-01
 5.80651000e+03  9.42553623e-01
 5.80741000e+03  9.37482010e-01
 5.80831000e+03  9.37297151e-01
 5.80921000e+03  9.44868363e-01
 5.81011000e+03  9.49071357e-01
 5.81101100e+03  9.49509123e-01
 5.81191100e+03  9.53094222e-01
 5.81281100e+03  9.55101107e-01
 5.81371200e+03  9.50827881e-01
 5.81461200e+03  9.45504088e-01
 5.81551200e+03  9.41993224e-01
 5.81641200e+03  9.40745426e-01
 5.81731300e+03  9.39743621e-01
 5.81821300e+03  9.39952497e-01
 5.81911300e+03  9.45307948e-01
 5.82001300e+03  9.55183347e-01
 5.82091300e+03  9.59321204e-01
 5.82181400e+03  9.58280098e-01
 5.82271400e+03  9.56299415e-01
 5.82361400e+03  9.52605511e-01
 5.82451400e+03  9.49594639e-01
 5.82541400e+03  9.46150731e-01
 5.82631500e+03  9.44806500e-01
 5.82721500e+03  9.44997909e-01
 5.82811500e+03  9.50246376e-01
 5.82901600e+03  9.58974047e-01
 5.82991600e+03  9.60072648e-01
 5.83081600e+03  9.55293243e-01
 5.83171600e+03  9.52846773e-01
 5.83261700e+03  9.51574594e-01
 5.83351700e+03  9.51123000e-01
 5.83441700e+03  9.52407188e-01
 5.83531800e+03  9.53794358e-01
 5.83621800e+03  9.52575307e-01
 5.83711800e+03  9.48683444e-01
 5.83801800e+03  9.46833763e-01
 5.83891800e+03  9.43036512e-01
 5.83981900e+03  9.40935015e-01
 5.84071900e+03  9.42938260e-01
 5.84161900e+03  9.48918521e-01
 5.84251900e+03  9.55220828e-01
 5.84341900e+03  9.54749220e-01
 5.84432000e+03  9.50806411e-01
 5.84522000e+03  9.46918914e-01
 5.84612000e+03  9.43172245e-01
 5.84702000e+03  9.42345838e-01
 5.84792100e+03  9.38396480e-01
 5.84882100e+03  9.35758237e-01
 5.84972100e+03  9.45083425e-01
 5.85062100e+03  9.50994181e-01
 5.85152100e+03  9.49011314e-01
 5.85242200e+03  9.46595411e-01
 5.85332200e+03  9.41154080e-01
 5.85422200e+03  9.33828134e-01
 5.85512300e+03  9.29949371e-01
 5.85602300e+03  9.31005032e-01
 5.85692300e+03  9.30800523e-01
 5.85782400e+03  9.23990217e-01
 5.85872400e+03  9.12183989e-01
 5.85962400e+03  9.07064705e-01
 5.86052400e+03  9.14479806e-01
 5.86142400e+03  9.25612464e-01
 5.86232500e+03  9.30422435e-01
 5.86322500e+03  9.24735839e-01
 5.86412500e+03  9.23148527e-01
 5.86502500e+03  9.31676420e-01
 5.86592500e+03  9.37096644e-01
 5.86682600e+03  9.36643594e-01
 5.86772600e+03  9.33275377e-01
 5.86862600e+03  9.30666973e-01
 5.86952600e+03  9.34460221e-01
 5.87042600e+03  9.40639896e-01
 5.87132700e+03  9.42072917e-01
 5.87222700e+03  9.42416070e-01
 5.87312700e+03  9.39155202e-01
 5.87402800e+03  9.34323032e-01
 5.87492800e+03  9.34442026e-01
 5.87582800e+03  9.39573682e-01
 5.87672900e+03  9.44189333e-01
 5.87762900e+03  9.37659591e-01
 5.87852900e+03  9.28015266e-01
 5.87942900e+03  9.26609537e-01
 5.88032900e+03  9.27541838e-01
 5.88123000e+03  9.26644471e-01
 5.88213000e+03  9.28404271e-01
 5.88303000e+03  9.30403149e-01
 5.88393000e+03  9.26459249e-01
 5.88483100e+03  9.23230039e-01
 5.88573100e+03  9.21003726e-01
 5.88663100e+03  9.19485917e-01
 5.88753100e+03  9.22063390e-01
 5.88843100e+03  9.17397521e-01
 5.88933200e+03  8.95202437e-01
 5.89023200e+03  8.50616494e-01
 5.89113200e+03  8.03799507e-01
 5.89203200e+03  8.02413064e-01
 5.89293200e+03  8.39104657e-01
 5.89383300e+03  8.71189331e-01
 5.89473300e+03  8.86479496e-01
 5.89563300e+03  8.76215821e-01
 5.89653400e+03  8.40811327e-01
 5.89743400e+03  8.16168682e-01
 5.89833400e+03  8.34321977e-01
 5.89923400e+03  8.72782830e-01
 5.90013500e+03  8.93741032e-01
 5.90103500e+03  8.98913808e-01
 5.90193500e+03  9.03003631e-01
 5.90283600e+03  9.12143232e-01
 5.90373600e+03  9.20492817e-01
 5.90463600e+03  9.22131074e-01
 5.90553600e+03  9.22377796e-01
 5.90643600e+03  9.22510618e-01
 5.90733700e+03  9.21695491e-01
 5.90823700e+03  9.22804645e-01
 5.90913700e+03  9.25339906e-01
 5.91003700e+03  9.23339208e-01
 5.91093700e+03  9.17114410e-01
 5.91183800e+03  9.21544475e-01
 5.91273800e+03  9.31450441e-01
 5.91363800e+03  9.28057842e-01
 5.91453800e+03  9.12885579e-01
 5.91543900e+03  9.00223468e-01
 5.91633900e+03  9.00681977e-01
 5.91723900e+03  9.04994867e-01
 5.91813900e+03  9.10567928e-01
 5.91904000e+03  9.17979026e-01
 5.91994000e+03  9.20101629e-01
 5.92084000e+03  9.18120945e-01
 5.92174000e+03  9.12979464e-01
 5.92264100e+03  9.04443929e-01
 5.92354100e+03  9.01432693e-01
 5.92444100e+03  9.09536648e-01
 5.92534200e+03  9.20445874e-01
 5.92624200e+03  9.24716553e-01
 5.92714200e+03  9.25434519e-01
 5.92804200e+03  9.22030275e-01
 5.92894200e+03  9.16559833e-01
 5.92984300e+03  9.12795333e-01
 5.93074300e+03  9.08964968e-01
 5.93164300e+03  9.07964983e-01
 5.93254300e+03  9.14925578e-01
 5.93344300e+03  9.24845372e-01
 5.93434400e+03  9.24885764e-01
 5.93524400e+03  9.17604941e-01
 5.93614400e+03  9.14221076e-01
 5.93704400e+03  9.18969186e-01
 5.93794500e+03  9.24760220e-01
 5.93884500e+03  9.25847904e-01
 5.93974500e+03  9.22537182e-01
 5.94064500e+03  9.21094700e-01
 5.94154600e+03  9.20356720e-01
 5.94244600e+03  9.11866672e-01
 5.94334600e+03  9.05039990e-01
 5.94424700e+03  9.07386389e-01
 5.94514700e+03  9.11400885e-01
 5.94604700e+03  9.12082098e-01
 5.94694700e+03  9.11091938e-01
 5.94784800e+03  9.14472164e-01
 5.94874800e+03  9.15564579e-01
 5.94964800e+03  9.07480638e-01
 5.95054800e+03  9.03566577e-01
 5.95144800e+03  9.09907822e-01
 5.95234900e+03  9.14109724e-01
 5.95324900e+03  9.11821185e-01
 5.95414900e+03  9.06279419e-01
 5.95504900e+03  9.05703008e-01
 5.95594900e+03  9.13854633e-01
 5.95685000e+03  9.16477593e-01
 5.95775000e+03  9.11374321e-01
 5.95865000e+03  9.10425645e-01
 5.95955000e+03  9.14437230e-01
 5.96045100e+03  9.16190115e-01
 5.96135100e+03  9.14479078e-01
 5.96225100e+03  9.15961225e-01
 5.96315100e+03  9.23714384e-01
 5.96405200e+03  9.27468331e-01
 5.96495200e+03  9.21759537e-01
 5.96585200e+03  9.17345847e-01
 5.96675300e+03  9.17895330e-01
 5.96765300e+03  9.19851996e-01
 5.96855300e+03  9.21528099e-01
 5.96945300e+03  9.20814136e-01
 5.97035400e+03  9.21616890e-01
 5.97125400e+03  9.22181292e-01
 5.97215400e+03  9.20932402e-01
 5.97305400e+03  9.21146373e-01
 5.97395400e+03  9.22179109e-01
 5.97485500e+03  9.21744981e-01
 5.97575500e+03  9.16648260e-01
 5.97665500e+03  9.09065767e-01
 5.97755500e+03  9.02783838e-01
 5.97845500e+03  8.98712210e-01
 5.97935600e+03  8.98185289e-01
 5.98025600e+03  9.04511250e-01
 5.98115600e+03  9.15027105e-01
 5.98205600e+03  9.19896756e-01
 5.98295700e+03  9.18071819e-01
 5.98385700e+03  9.12210553e-01
 5.98475700e+03  9.01978901e-01
 5.98565800e+03  8.94371663e-01
 5.98655800e+03  8.94353469e-01
 5.98745800e+03  8.96907652e-01
 5.98835900e+03  8.98311925e-01
 5.98925900e+03  9.00569169e-01
 5.99015900e+03  9.06871841e-01
 5.99105900e+03  9.11981663e-01
 5.99195900e+03  9.10793907e-01
 5.99286000e+03  9.08580330e-01
 5.99376000e+03  9.08892917e-01
 5.99466000e+03  9.13264758e-01
 5.99556000e+03  9.19480823e-01
 5.99646000e+03  9.20590704e-01
 5.99736100e+03  9.13026043e-01
 5.99826100e+03  9.00136133e-01
 5.99916100e+03  8.91395361e-01
 6.00006100e+03  8.94980097e-01
 6.00096100e+03  9.05659341e-01
 6.00186200e+03  9.10514799e-01
 6.00276200e+03  9.07815058e-01
 6.00366200e+03  9.04187383e-01
 6.00456200e+03  9.02230352e-01
 6.00546300e+03  9.01040050e-01
 6.00636300e+03  9.01275490e-01
 6.00726300e+03  8.99791888e-01
 6.00816400e+03  8.94316351e-01
 6.00906400e+03  8.85891077e-01
 6.00996400e+03  8.83142209e-01
 6.01086400e+03  8.89230910e-01
 6.01176500e+03  8.96835236e-01
 6.01266500e+03  9.01388298e-01
 6.01356500e+03  8.99000051e-01
 6.01446500e+03  8.92185015e-01
 6.01536600e+03  8.92924087e-01
 6.01626600e+03  8.99232581e-01
 6.01716600e+03  8.99207836e-01
 6.01806600e+03  8.95498284e-01
 6.01896600e+03  8.96851612e-01
 6.01986700e+03  9.00783867e-01
 6.02076700e+03  8.98876691e-01
 6.02166700e+03  8.92301825e-01
 6.02256700e+03  8.89309512e-01
 6.02346700e+03  8.88418331e-01
 6.02436800e+03  8.88010405e-01
 6.02526800e+03  8.88840450e-01
 6.02616800e+03  8.92231593e-01
 6.02706900e+03  8.97587409e-01
 6.02796900e+03  8.94299976e-01
 6.02886900e+03  8.89384110e-01
 6.02977000e+03  8.93600205e-01
 6.03067000e+03  8.98610683e-01
 6.03157000e+03  9.03664829e-01
 6.03247000e+03  9.08702963e-01
 6.03337000e+03  9.09492617e-01
 6.03427100e+03  9.09339053e-01
 6.03517100e+03  9.09636355e-01
 6.03607100e+03  9.11448919e-01
 6.03697100e+03  9.12404509e-01
 6.03787200e+03  9.12241484e-01
 6.03877200e+03  9.11750953e-01
 6.03967200e+03  9.07296871e-01
 6.04057200e+03  9.03597508e-01
 6.04147200e+03  9.01549868e-01
 6.04237300e+03  9.00279508e-01
 6.04327300e+03  9.03777637e-01
 6.04417300e+03  9.05595295e-01
 6.04507300e+03  9.02844972e-01
 6.04597400e+03  9.03561483e-01
 6.04687400e+03  9.07300874e-01
 6.04777400e+03  9.05488674e-01
 6.04867400e+03  9.02797302e-01
 6.04957500e+03  9.05915523e-01
 6.05047500e+03  9.07676778e-01
 6.05137500e+03  9.07213903e-01
 6.05227500e+03  9.09055578e-01
 6.05317600e+03  9.08121094e-01
 6.05407600e+03  9.03140091e-01
 6.05497600e+03  9.00464003e-01
 6.05587700e+03  8.99939994e-01
 6.05677700e+03  8.98280630e-01
 6.05767700e+03  8.95600539e-01
 6.05857700e+03  8.94743565e-01
 6.05947700e+03  9.00612109e-01
 6.06037800e+03  9.07111648e-01
 6.06127800e+03  9.06105113e-01
 6.06217800e+03  9.02505458e-01
 6.06307800e+03  8.98661265e-01
 6.06397800e+03  8.94106383e-01
 6.06487900e+03  8.91817844e-01
 6.06577900e+03  8.84970785e-01
 6.06667900e+03  8.74481858e-01
 6.06757900e+03  8.73682380e-01
 6.06848000e+03  8.84548302e-01
 6.06938000e+03  8.96154752e-01
 6.07028000e+03  9.00223104e-01
 6.07118100e+03  9.00243119e-01
 6.07208100e+03  8.99933807e-01
 6.07298100e+03  9.00593550e-01
 6.07388100e+03  9.03109160e-01
 6.07478200e+03  9.04073120e-01
 6.07568200e+03  9.07076714e-01
 6.07658200e+03  9.10196755e-01
 6.07748200e+03  9.04098956e-01
 6.07838300e+03  8.95917492e-01
 6.07928300e+03  8.89883011e-01
 6.08018300e+03  8.84481709e-01
 6.08108300e+03  8.86237141e-01
 6.08198300e+03  8.89294592e-01
 6.08288400e+03  8.86511882e-01
 6.08378400e+03  8.83718984e-01
 6.08468400e+03  8.83887104e-01
 6.08558400e+03  8.86537355e-01
 6.08648400e+03  8.89135934e-01
 6.08738500e+03  8.91466685e-01
 6.08828500e+03  8.94966269e-01
 6.08918500e+03  8.98449113e-01
 6.09008500e+03  8.97357063e-01
 6.09098600e+03  8.92437558e-01
 6.09188600e+03  8.89557325e-01
 6.09278600e+03  8.85129443e-01
 6.09368600e+03  8.81657879e-01
 6.09458700e+03  8.82032692e-01
 6.09548700e+03  8.84844513e-01
 6.09638700e+03  8.89643568e-01
 6.09728800e+03  8.90778558e-01
 6.09818800e+03  8.90292394e-01
 6.09908800e+03  8.92615139e-01
 6.09998800e+03  8.94498299e-01
 6.10088900e+03  8.95493917e-01
 6.10178900e+03  8.95409130e-01
 6.10268900e+03  8.84171670e-01
 6.10358900e+03  8.59502096e-01
 6.10448900e+03  8.47215526e-01
 6.10539000e+03  8.62753867e-01
 6.10629000e+03  8.84250635e-01
 6.10719000e+03  8.92881511e-01
 6.10809000e+03  8.90324417e-01
 6.10899000e+03  8.85535914e-01
 6.10989100e+03  8.85517356e-01
 6.11079100e+03  8.91334955e-01
 6.11169100e+03  8.97167837e-01
 6.11259200e+03  8.97059396e-01
 6.11349200e+03  8.93197372e-01
 6.11439200e+03  8.91149368e-01
 6.11529200e+03  8.90129732e-01
 6.11619300e+03  8.89383383e-01
 6.11709300e+03  8.90375726e-01
 6.11799300e+03  8.90522012e-01
 6.11889300e+03  8.92765792e-01
 6.11979400e+03  8.98616869e-01
 6.12069400e+03  8.99865759e-01
 6.12159400e+03  8.92370238e-01
 6.12249400e+03  8.80485408e-01
 6.12339500e+03  8.69391687e-01
 6.12429500e+03  8.67378980e-01
 6.12519500e+03  8.76254394e-01
 6.12609500e+03  8.83105820e-01
 6.12699500e+03  8.82267040e-01
 6.12789600e+03  8.80038544e-01
 6.12879600e+03  8.78506179e-01
 6.12969600e+03  8.77992359e-01
 6.13059600e+03  8.82540326e-01
 6.13149600e+03  8.93096209e-01
 6.13239700e+03  8.97399639e-01
 6.13329700e+03  8.92163545e-01
 6.13419700e+03  8.90191959e-01
 6.13509700e+03  8.91501983e-01
 6.13599800e+03  8.85678562e-01
 6.13689800e+03  8.68305094e-01
 6.13779800e+03  8.42056942e-01
 6.13869900e+03  8.26703095e-01
 6.13959900e+03  8.41132283e-01
 6.14049900e+03  8.71721710e-01
 6.14140000e+03  8.86247694e-01
 6.14230000e+03  8.73738056e-01
 6.14320000e+03  8.59654932e-01
 6.14410000e+03  8.66128999e-01
 6.14500000e+03  8.78852608e-01
 6.14590100e+03  8.87163256e-01
 6.14680100e+03  8.92899342e-01
 6.14770100e+03  8.91124987e-01
 6.14860100e+03  8.85587224e-01
 6.14950100e+03  8.80109140e-01
 6.15040200e+03  8.73800646e-01
 6.15130200e+03  8.71873091e-01
 6.15220200e+03  8.74119782e-01
 6.15310200e+03  8.77284218e-01
 6.15400200e+03  8.82419149e-01
 6.15490300e+03  8.85005355e-01
 6.15580300e+03  8.81884586e-01
 6.15670300e+03  8.75857020e-01
 6.15760400e+03  8.75388322e-01
 6.15850400e+03  8.79075312e-01
 6.15940400e+03  8.81206649e-01
 6.16030400e+03  8.84892547e-01
 6.16120500e+03  8.84982793e-01
 6.16210500e+03  8.69331280e-01
 6.16300500e+03  8.44422263e-01
 6.16390500e+03  8.31952653e-01
 6.16480600e+03  8.35571958e-01
 6.16570600e+03  8.46250474e-01
 6.16660600e+03  8.59785935e-01
 6.16750600e+03  8.68197745e-01
 6.16840700e+03  8.72324685e-01
 6.16930700e+03  8.71999362e-01
 6.17020700e+03  8.55400265e-01
 6.17110700e+03  8.36061762e-01
 6.17200700e+03  8.39456908e-01
 6.17290800e+03  8.57617117e-01
 6.17380800e+03  8.69185722e-01
 6.17470800e+03  8.70271222e-01
 6.17560800e+03  8.67312387e-01
 6.17650800e+03  8.63432532e-01
 6.17740900e+03  8.63833545e-01
 6.17830900e+03  8.67970674e-01
 6.17920900e+03  8.70896759e-01
 6.18011000e+03  8.72689672e-01
 6.18101000e+03  8.70595089e-01
 6.18191000e+03  8.68536168e-01
 6.18281000e+03  8.70558336e-01
 6.18371100e+03  8.75024426e-01
 6.18461100e+03  8.76445075e-01
 6.18551100e+03  8.73443664e-01
 6.18641200e+03  8.72739526e-01
 6.18731200e+03  8.73506618e-01
 6.18821200e+03  8.70925870e-01
 6.18911200e+03  8.66905188e-01
 6.19001200e+03  8.65858988e-01
 6.19091300e+03  8.66009641e-01
 6.19181300e+03  8.56374414e-01
 6.19271300e+03  8.40241103e-01
 6.19361300e+03  8.43777440e-01
 6.19451300e+03  8.66967778e-01
 6.19541400e+03  8.80199750e-01
 6.19631400e+03  8.76192895e-01
 6.19721400e+03  8.72761724e-01
 6.19811400e+03  8.73981866e-01
 6.19901500e+03  8.73168923e-01
 6.19991500e+03  8.68482675e-01
 6.20081500e+03  8.59913662e-01
 6.20171600e+03  8.56230311e-01
 6.20261600e+03  8.64472182e-01
 6.20351600e+03  8.74505147e-01
 6.20441600e+03  8.76627387e-01
 6.20531600e+03  8.75980380e-01
 6.20621700e+03  8.74818462e-01
 6.20711700e+03  8.77152124e-01
 6.20801700e+03  8.81909331e-01
 6.20891800e+03  8.81563994e-01
 6.20981800e+03  8.79643717e-01
 6.21071800e+03  8.76034965e-01
 6.21161800e+03  8.71034675e-01
 6.21251800e+03  8.70867647e-01
 6.21341900e+03  8.71464800e-01
 6.21431900e+03  8.59925307e-01
 6.21521900e+03  8.48061219e-01
 6.21611900e+03  8.47001919e-01
 6.21701900e+03  8.47679492e-01
 6.21792000e+03  8.51960724e-01
 6.21882000e+03  8.62960560e-01
 6.21972000e+03  8.66174850e-01
 6.22062000e+03  8.55585488e-01
 6.22152100e+03  8.45408420e-01
 6.22242100e+03  8.46448798e-01
 6.22332100e+03  8.55078945e-01
 6.22422100e+03  8.62649793e-01
 6.22512200e+03  8.63539882e-01
 6.22602200e+03  8.62531527e-01
 6.22692200e+03  8.62832833e-01
 6.22782300e+03  8.62172362e-01
 6.22872300e+03  8.61893254e-01
 6.22962300e+03  8.61573026e-01
 6.23052300e+03  8.55868599e-01
 6.23142400e+03  8.43576570e-01
 6.23232400e+03  8.34385295e-01
 6.23322400e+03  8.38482031e-01
 6.23412400e+03  8.49609231e-01
 6.23502400e+03  8.57215012e-01
 6.23592500e+03  8.63964912e-01
 6.23682500e+03  8.69209011e-01
 6.23772500e+03  8.65173045e-01
 6.23862500e+03  8.55839487e-01
 6.23952500e+03  8.50261332e-01
 6.24042600e+03  8.50812270e-01
 6.24132600e+03  8.50378142e-01
 6.24222600e+03  8.50995673e-01
 6.24312700e+03  8.54454137e-01
 6.24402700e+03  8.48602696e-01
 6.24492700e+03  8.39449266e-01
 6.24582700e+03  8.40000932e-01
 6.24672700e+03  8.36984237e-01
 6.24762800e+03  8.30594594e-01
 6.24852800e+03  8.35463517e-01
 6.24942800e+03  8.47971337e-01
 6.25032900e+03  8.55540365e-01
 6.25122900e+03  8.55429741e-01
 6.25212900e+03  8.51501852e-01
 6.25302900e+03  8.44013972e-01
 6.25393000e+03  8.34063975e-01
 6.25483000e+03  8.29374089e-01
 6.25573000e+03  8.27328995e-01
 6.25663000e+03  8.27094647e-01
 6.25753000e+03  8.28381018e-01
 6.25843100e+03  8.28020033e-01
 6.25933100e+03  8.25588483e-01
 6.26023100e+03  8.28595716e-01
 6.26113100e+03  8.36374348e-01
 6.26203100e+03  8.42163927e-01
 6.26293200e+03  8.46659857e-01
 6.26383200e+03  8.53090984e-01
 6.26473200e+03  8.59680769e-01
 6.26563200e+03  8.56169540e-01
 6.26653300e+03  8.50272976e-01
 6.26743300e+03  8.52158319e-01
 6.26833300e+03  8.57224838e-01
 6.26923400e+03  8.60492256e-01
 6.27013400e+03  8.60001361e-01
 6.27103400e+03  8.52477092e-01
 6.27193500e+03  8.47431316e-01
 6.27283500e+03  8.54414108e-01
 6.27373500e+03  8.60741525e-01
 6.27463500e+03  8.62490043e-01
 6.27553500e+03  8.63754944e-01
 6.27643600e+03  8.61048652e-01
 6.27733600e+03  8.56368591e-01
 6.27823600e+03  8.55535634e-01
 6.27913600e+03  8.54855150e-01
 6.28003600e+03  8.47197695e-01
 6.28093700e+03  8.37830658e-01
 6.28183700e+03  8.41571869e-01
 6.28273700e+03  8.49490601e-01
 6.28363700e+03  8.50961467e-01
 6.28453800e+03  8.56415170e-01
 6.28543800e+03  8.64013310e-01
 6.28633800e+03  8.60763358e-01
 6.28723800e+03  8.57917695e-01
 6.28813900e+03  8.66679209e-01
 6.28903900e+03  8.72059041e-01
 6.28993900e+03  8.69708276e-01
 6.29084000e+03  8.62939454e-01
 6.29174000e+03  8.54074230e-01
 6.29264000e+03  8.48348696e-01
 6.29354000e+03  8.45706087e-01
 6.29444000e+03  8.48557936e-01
 6.29534100e+03  8.54663013e-01
 6.29624100e+03  8.55836940e-01
 6.29714100e+03  8.50421810e-01
 6.29804100e+03  8.45626757e-01
 6.29894200e+03  8.41699960e-01
 6.29984200e+03  8.39604285e-01
 6.30074200e+03  8.40996186e-01
 6.30164200e+03  8.40318612e-01
 6.30254200e+03  8.31351497e-01
 6.30344300e+03  8.26129596e-01
 6.30434300e+03  8.30274366e-01
 6.30524300e+03  8.39116665e-01
 6.30614300e+03  8.48191130e-01
 6.30704300e+03  8.52654673e-01
 6.30794400e+03  8.55138624e-01
 6.30884400e+03  8.59713156e-01
 6.30974400e+03  8.60357979e-01
 6.31064500e+03  8.52857727e-01
 6.31154500e+03  8.43076577e-01
 6.31244500e+03  8.40992183e-01
 6.31334600e+03  8.46341448e-01
 6.31424600e+03  8.50477486e-01
 6.31514600e+03  8.47218801e-01
 6.31604600e+03  8.35979885e-01
 6.31694700e+03  8.26375953e-01
 6.31784700e+03  8.28551321e-01
 6.31874700e+03  8.33048342e-01
 6.31964700e+03  8.27048432e-01
 6.32054700e+03  8.28083351e-01
 6.32144800e+03  8.41167581e-01
 6.32234800e+03  8.49411635e-01
 6.32324800e+03  8.47335247e-01
 6.32414800e+03  8.41743264e-01
 6.32504800e+03  8.40527852e-01
 6.32594900e+03  8.45412423e-01
 6.32684900e+03  8.52688151e-01
 6.32774900e+03  8.53446146e-01
 6.32864900e+03  8.47081976e-01
 6.32955000e+03  8.49752606e-01
 6.33045000e+03  8.56945730e-01
 6.33135000e+03  8.55828206e-01
 6.33225100e+03  8.49199848e-01
 6.33315100e+03  8.45778866e-01
 6.33405100e+03  8.49027726e-01
 6.33495100e+03  8.50859576e-01
 6.33585100e+03  8.42059489e-01
 6.33675200e+03  8.27863922e-01
 6.33765200e+03  8.19159539e-01
 6.33855200e+03  8.21601643e-01
 6.33945300e+03  8.29041852e-01
 6.34035300e+03  8.30533460e-01
 6.34125300e+03  8.33169520e-01
 6.34215300e+03  8.38859755e-01
 6.34305300e+03  8.40835708e-01
 6.34395400e+03  8.39434346e-01
 6.34485400e+03  8.34108006e-01
 6.34575400e+03  8.30653546e-01
 6.34665400e+03  8.32400608e-01
 6.34755400e+03  8.30255080e-01
 6.34845500e+03  8.21470276e-01
 6.34935500e+03  8.22233366e-01
 6.35025500e+03  8.31741229e-01
 6.35115500e+03  8.39203272e-01
 6.35205600e+03  8.41042037e-01
 6.35295600e+03  8.42868429e-01
 6.35385600e+03  8.45909504e-01
 6.35475700e+03  8.44537982e-01
 6.35565700e+03  8.33988285e-01
 6.35655700e+03  8.26202739e-01
 6.35745700e+03  8.29065141e-01
 6.35835800e+03  8.33452994e-01
 6.35925800e+03  8.29620082e-01
 6.36015800e+03  8.24001898e-01
 6.36105800e+03  8.25693285e-01
 6.36195900e+03  8.28068795e-01
 6.36285900e+03  8.22405124e-01
 6.36375900e+03  8.15913591e-01
 6.36465900e+03  8.15365564e-01
 6.36555900e+03  8.24084866e-01
 6.36646000e+03  8.34103640e-01
 6.36736000e+03  8.35538480e-01
 6.36826000e+03  8.35829960e-01
 6.36916000e+03  8.39726190e-01
 6.37006000e+03  8.38047176e-01
 6.37096100e+03  8.33319445e-01
 6.37186100e+03  8.29299854e-01
 6.37276100e+03  8.28019305e-01
 6.37366200e+03  8.31672453e-01
 6.37456200e+03  8.39300796e-01
 6.37546200e+03  8.45058716e-01
 6.37636200e+03  8.47655111e-01
 6.37726300e+03  8.47838515e-01
 6.37816300e+03  8.44585288e-01
 6.37906300e+03  8.42484883e-01
 6.37996300e+03  8.38820454e-01
 6.38086400e+03  8.32793979e-01
 6.38176400e+03  8.29582237e-01
 6.38266400e+03  8.32745945e-01
 6.38356400e+03  8.37478043e-01
 6.38446500e+03  8.38773876e-01
 6.38536500e+03  8.38426719e-01
 6.38626500e+03  8.41196329e-01
 6.38716500e+03  8.41587152e-01
 6.38806500e+03  8.38619220e-01
 6.38896600e+03  8.37563195e-01
 6.38986600e+03  8.35692772e-01
 6.39076600e+03  8.36405279e-01
 6.39166600e+03  8.39223651e-01
 6.39256600e+03  8.38438364e-01
 6.39346700e+03  8.32429720e-01
 6.39436700e+03  8.20946631e-01
 6.39526700e+03  8.10566873e-01
 6.39616700e+03  8.14479478e-01
 6.39706800e+03  8.26934897e-01
 6.39796800e+03  8.35923845e-01
 6.39886800e+03  8.39461274e-01
 6.39976900e+03  8.33383126e-01
 6.40066900e+03  8.19149350e-01
 6.40156900e+03  8.08778690e-01
 6.40247000e+03  8.14421255e-01
 6.40337000e+03  8.30857691e-01
 6.40427000e+03  8.42158105e-01
 6.40517000e+03  8.42614794e-01
 6.40607000e+03  8.40555872e-01
 6.40697100e+03  8.38165806e-01
 6.40787100e+03  8.30224877e-01
 6.40877100e+03  8.21625660e-01
 6.40967100e+03  8.19274894e-01
 6.41057100e+03  8.24943296e-01
 6.41147200e+03  8.31870049e-01
 6.41237200e+03  8.28074254e-01
 6.41327200e+03  8.18199947e-01
 6.41417200e+03  8.16891378e-01
 6.41507300e+03  8.27272228e-01
 6.41597300e+03  8.35642554e-01
 6.41687300e+03  8.32130234e-01
 6.41777300e+03  8.25767883e-01
 6.41867400e+03  8.25946920e-01
 6.41957400e+03  8.27878114e-01
 6.42047400e+03  8.27943615e-01
 6.42137400e+03  8.23123090e-01
 6.42227500e+03  8.14579550e-01
 6.42317500e+03  8.18806197e-01
 6.42407500e+03  8.35884181e-01
 6.42497600e+03  8.45328727e-01
 6.42587600e+03  8.42980509e-01
 6.42677600e+03  8.37184016e-01
 6.42767600e+03  8.31275807e-01
 6.42857600e+03  8.33165517e-01
 6.42947700e+03  8.40818241e-01
 6.43037700e+03  8.40678869e-01
 6.43127700e+03  8.29093525e-01
 6.43217700e+03  8.12567207e-01
 6.43307700e+03  8.04641561e-01
 6.43397800e+03  8.09833623e-01
 6.43487800e+03  8.18870606e-01
 6.43577800e+03  8.28348995e-01
 6.43667800e+03  8.35724067e-01
 6.43757900e+03  8.39182166e-01
 6.43847900e+03  8.35087613e-01
 6.43937900e+03  8.21815249e-01
 6.44027900e+03  8.06728866e-01
 6.44118000e+03  8.06536001e-01
 6.44208000e+03  8.21852367e-01
 6.44298000e+03  8.35415483e-01
 6.44388100e+03  8.41421580e-01
 6.44478100e+03  8.41038762e-01
 6.44568100e+03  8.34979536e-01
 6.44658100e+03  8.33686251e-01
 6.44748200e+03  8.38240041e-01
 6.44838200e+03  8.39109387e-01
 6.44928200e+03  8.33168428e-01
 6.45018200e+03  8.16930315e-01
 6.45108200e+03  7.96711548e-01
 6.45198300e+03  7.91764024e-01
 6.45288300e+03  8.07801994e-01
 6.45378300e+03  8.27274775e-01
 6.45468300e+03  8.32886773e-01
 6.45558300e+03  8.23901463e-01
 6.45648400e+03  8.11050490e-01
 6.45738400e+03  8.01683454e-01
 6.45828400e+03  8.00690747e-01
 6.45918500e+03  8.08158612e-01
 6.46008500e+03  8.17462694e-01
 6.46098500e+03  8.24913093e-01
 6.46188500e+03  8.26894140e-01
 6.46278500e+03  8.16735631e-01
 6.46368600e+03  7.96922608e-01
 6.46458600e+03  7.91192708e-01
 6.46548600e+03  8.08300895e-01
 6.46638700e+03  8.23166758e-01
 6.46728700e+03  8.27366477e-01
 6.46818700e+03  8.29598976e-01
 6.46908700e+03  8.28470172e-01
 6.46998800e+03  8.21502663e-01
 6.47088800e+03  8.13785529e-01
 6.47178800e+03  8.10095992e-01
 6.47268800e+03  8.08030157e-01
 6.47358800e+03  8.08656057e-01
 6.47448900e+03  8.14395055e-01
 6.47538900e+03  8.16281853e-01
 6.47628900e+03  8.11705502e-01
 6.47718900e+03  8.10935135e-01
 6.47809000e+03  8.16855353e-01
 6.47899000e+03  8.22453158e-01
 6.47989000e+03  8.22773023e-01
 6.48079000e+03  8.20235943e-01
 6.48169000e+03  8.16368460e-01
 6.48259100e+03  8.08314359e-01
 6.48349100e+03  7.96703179e-01
 6.48439100e+03  7.91979086e-01
 6.48529200e+03  8.00935284e-01
 6.48619200e+03  8.12963489e-01
 6.48709200e+03  8.16198885e-01
 6.48799300e+03  8.14619214e-01
 6.48889300e+03  8.15967083e-01
 6.48979300e+03  8.16107547e-01
 6.49069300e+03  8.11336876e-01
 6.49159300e+03  8.06340226e-01
 6.49249400e+03  8.01390518e-01
 6.49339400e+03  7.95904064e-01
 6.49429400e+03  7.89129056e-01
 6.49519400e+03  7.73381110e-01
 6.49609400e+03  7.57113522e-01
 6.49699500e+03  7.53299532e-01
 6.49789500e+03  7.55881735e-01
 6.49879500e+03  7.61295046e-01
 6.49969500e+03  7.72401867e-01
 6.50059600e+03  7.81478515e-01
 6.50149600e+03  7.88532995e-01
 6.50239600e+03  7.94816016e-01
 6.50329600e+03  7.97293781e-01
 6.50419700e+03  8.00471681e-01
 6.50509700e+03  8.03828254e-01
 6.50599700e+03  8.06269994e-01
 6.50689800e+03  8.08519596e-01
 6.50779800e+03  8.08474109e-01
 6.50869800e+03  8.07740132e-01
 6.50959800e+03  8.06973768e-01
 6.51049800e+03  8.05184129e-01
 6.51139900e+03  8.04449424e-01
 6.51229900e+03  8.05911557e-01
 6.51319900e+03  8.05424664e-01
 6.51409900e+03  8.03410138e-01
 6.51500000e+03  8.04695418e-01
 6.51590000e+03  8.03180884e-01
 6.51680000e+03  7.93474333e-01
 6.51770000e+03  7.84650593e-01
 6.51860000e+03  7.83687725e-01
 6.51950100e+03  7.86414031e-01
 6.52040100e+03  7.87211690e-01
 6.52130100e+03  7.87189492e-01
 6.52220100e+03  7.92865536e-01
 6.52310100e+03  8.00565203e-01
 6.52400200e+03  8.00344318e-01
 6.52490200e+03  7.95891692e-01
 6.52580200e+03  7.96600196e-01
 6.52670300e+03  7.99297754e-01
 6.52760300e+03  7.96577271e-01
 6.52850300e+03  7.91381934e-01
 6.52940400e+03  7.88642891e-01
 6.53030400e+03  7.91201441e-01
 6.53120400e+03  7.98269021e-01
 6.53210400e+03  8.01357403e-01
 6.53300500e+03  7.95218485e-01
 6.53390500e+03  7.86830691e-01
 6.53480500e+03  7.83712106e-01
 6.53570500e+03  7.82273263e-01
 6.53660500e+03  7.77909791e-01
 6.53750600e+03  7.76696927e-01
 6.53840600e+03  7.81773998e-01
 6.53930600e+03  7.86854708e-01
 6.54020600e+03  7.86285940e-01
 6.54110600e+03  7.84522502e-01
 6.54200700e+03  7.86861259e-01
 6.54290700e+03  7.86986439e-01
 6.54380700e+03  7.82796909e-01
 6.54470700e+03  7.77592838e-01
 6.54560800e+03  7.72077273e-01
 6.54650800e+03  7.63111613e-01
 6.54740800e+03  7.52417085e-01
 6.54830900e+03  7.50806484e-01
 6.54920900e+03  7.60863466e-01
 6.55010900e+03  7.66878660e-01
 6.55100900e+03  7.60472642e-01
 6.55191000e+03  7.51604143e-01
 6.55281000e+03  7.45844767e-01
 6.55371000e+03  7.38014826e-01
 6.55461000e+03  7.28202745e-01
 6.55551100e+03  7.22591475e-01
 6.55641100e+03  7.17702902e-01
 6.55731100e+03  7.09909350e-01
 6.55821100e+03  7.01134372e-01
 6.55911100e+03  6.90563205e-01
 6.56001200e+03  6.76615451e-01
 6.56091200e+03  6.61721568e-01
 6.56181200e+03  6.43462015e-01
 6.56271200e+03  6.16916196e-01
 6.56361200e+03  6.33800224e-01
 6.56451300e+03  6.84602231e-01
 6.56541300e+03  6.40751721e-01
 6.56631300e+03  6.00938632e-01
 6.56721300e+03  6.22833866e-01
 6.56811400e+03  6.47249077e-01
 6.56901400e+03  6.60586942e-01
 6.56991400e+03  6.69251296e-01
 6.57081500e+03  6.82767834e-01
 6.57171500e+03  6.99917869e-01
 6.57261500e+03  7.11931882e-01
 6.57351600e+03  7.18010394e-01
 6.57441600e+03  7.20479061e-01
 6.57531600e+03  7.19535480e-01
 6.57621600e+03  7.18787675e-01
 6.57711600e+03  7.26830131e-01
 6.57801700e+03  7.40402345e-01
 6.57891700e+03  7.50942944e-01
 6.57981700e+03  7.59351844e-01
 6.58071700e+03  7.63513354e-01
 6.58161700e+03  7.62451870e-01
 6.58251800e+03  7.58922811e-01
 6.58341800e+03  7.62614168e-01
 6.58431800e+03  7.83645149e-01
 6.58521800e+03  8.04427954e-01
 6.58611800e+03  7.92632643e-01
 6.58701900e+03  7.70435376e-01
 6.58791900e+03  7.61344172e-01
 6.58881900e+03  7.63452583e-01
 6.58972000e+03  7.67664675e-01
 6.59062000e+03  7.69285829e-01
 6.59152000e+03  7.72922602e-01
 6.59242100e+03  7.70541269e-01
 6.59332100e+03  7.56751446e-01
 6.59422100e+03  7.44112988e-01
 6.59512100e+03  7.43681408e-01
 6.59602100e+03  7.60081818e-01
 6.59692200e+03  7.77882863e-01
 6.59782200e+03  7.82796909e-01
 6.59872200e+03  7.79919586e-01
 6.59962200e+03  7.77607394e-01
 6.60052300e+03  7.74047039e-01
 6.60142300e+03  7.73849444e-01
 6.60232300e+03  7.81483610e-01
 6.60322300e+03  7.85105462e-01
 6.60412300e+03  7.84501032e-01
 6.60502400e+03  7.83912249e-01
 6.60592400e+03  7.81424659e-01
 6.60682400e+03  7.79802412e-01
 6.60772400e+03  7.77113224e-01
 6.60862400e+03  7.74128188e-01
 6.60952500e+03  7.74505184e-01
 6.61042500e+03  7.76862863e-01
 6.61132500e+03  7.79586622e-01
 6.61222600e+03  7.87250991e-01
 6.61312600e+03  7.95354946e-01
 6.61402600e+03  7.93033292e-01
 6.61492600e+03  7.87085782e-01
 6.61582700e+03  7.84579269e-01
 6.61672700e+03  7.85737185e-01
 6.61762700e+03  7.85023222e-01
 6.61852800e+03  7.84979191e-01
 6.61942800e+03  7.85113468e-01
 6.62032800e+03  7.86037763e-01
 6.62122800e+03  7.89887778e-01
 6.62212800e+03  7.92098808e-01
 6.62302900e+03  7.93025286e-01
 6.62392900e+03  7.91279679e-01
 6.62482900e+03  7.88402720e-01
 6.62572900e+03  7.85688059e-01
 6.62662900e+03  7.81509082e-01
 6.62753000e+03  7.77781336e-01
 6.62843000e+03  7.78111389e-01
 6.62933000e+03  7.84365663e-01
 6.63023000e+03  7.89050091e-01
 6.63113100e+03  7.88256798e-01
 6.63203100e+03  7.88277176e-01
 6.63293100e+03  7.86981344e-01
 6.63383200e+03  7.79333351e-01
 6.63473200e+03  7.69336411e-01
 6.63563200e+03  7.68093707e-01
 6.63653200e+03  7.72539784e-01
 6.63743300e+03  7.81393727e-01
 6.63833300e+03  7.86988986e-01
 6.63923300e+03  7.84927517e-01
 6.64013300e+03  7.83983572e-01
 6.64103400e+03  7.80913385e-01
 6.64193400e+03  7.77993851e-01
 6.64283400e+03  7.84296523e-01
 6.64373400e+03  7.85432605e-01
 6.64463400e+03  7.77047722e-01
 6.64553500e+03  7.74070329e-01
 6.64643500e+03  7.73937507e-01
 6.64733500e+03  7.72671878e-01
 6.64823500e+03  7.74425855e-01
 6.64913500e+03  7.77644147e-01
 6.65003600e+03  7.79189976e-01
 6.65093600e+03  7.82348953e-01
 6.65183600e+03  7.86323785e-01
 6.65273600e+03  7.87844868e-01
 6.65363700e+03  7.85745555e-01
 6.65453700e+03  7.84537785e-01
 6.65543700e+03  7.85284863e-01
 6.65633700e+03  7.86791755e-01
 6.65723800e+03  7.85856907e-01
 6.65813800e+03  7.83265970e-01
 6.65903800e+03  7.84137500e-01
 6.65993900e+03  7.85566882e-01
 6.66083900e+03  7.83143701e-01
 6.66173900e+03  7.80987620e-01
 6.66263900e+03  7.79363554e-01
 6.66354000e+03  7.73220632e-01
 6.66444000e+03  7.64187652e-01
 6.66534000e+03  7.62330329e-01
 6.66624000e+03  7.67270576e-01
 6.66714000e+03  7.69789097e-01
 6.66804100e+03  7.70133342e-01
 6.66894100e+03  7.70645707e-01
 6.66984100e+03  7.70730859e-01
 6.67074100e+03  7.72516494e-01
 6.67164100e+03  7.74993168e-01
 6.67254200e+03  7.76368693e-01
 6.67344200e+03  7.76049193e-01
 6.67434200e+03  7.77022614e-01
 6.67524300e+03  7.78783504e-01
 6.67614300e+03  7.81371166e-01
 6.67704300e+03  7.82085129e-01
 6.67794400e+03  7.73007026e-01
 6.67884400e+03  7.58462483e-01
 6.67974400e+03  7.53130685e-01
 6.68064400e+03  7.59252136e-01
 6.68154400e+03  7.70532172e-01
 6.68244500e+03  7.77774422e-01
 6.68334500e+03  7.79241285e-01
 6.68424500e+03  7.75292290e-01
 6.68514500e+03  7.75357063e-01
 6.68604600e+03  7.83071650e-01
 6.68694600e+03  7.83236131e-01
 6.68784600e+03  7.77800986e-01
 6.68874600e+03  7.77048450e-01
 6.68964600e+03  7.78958902e-01
 6.69054700e+03  7.82441747e-01
 6.69144700e+03  7.83386420e-01
 6.69234700e+03  7.80749632e-01
 6.69324700e+03  7.78127764e-01
 6.69414800e+03  7.78175071e-01
 6.69504800e+03  7.82085493e-01
 6.69594800e+03  7.82838757e-01
 6.69684800e+03  7.78491296e-01
 6.69774900e+03  7.72676972e-01
 6.69864900e+03  7.71230851e-01
 6.69954900e+03  7.73835252e-01
 6.70044900e+03  7.77094665e-01
 6.70135000e+03  7.81196860e-01
 6.70225000e+03  7.83086934e-01
 6.70315000e+03  7.80989439e-01
 6.70405100e+03  7.77228215e-01
 6.70495100e+03  7.73640204e-01
 6.70585100e+03  7.72474283e-01
 6.70675100e+03  7.74048495e-01
 6.70765100e+03  7.74904013e-01
 6.70855200e+03  7.73573247e-01
 6.70945200e+03  7.71963373e-01
 6.71035200e+03  7.72839998e-01
 6.71125200e+03  7.73698791e-01
 6.71215200e+03  7.72189716e-01
 6.71305300e+03  7.72331999e-01
 6.71395300e+03  7.73373832e-01
 6.71485300e+03  7.72924058e-01
 6.71575300e+03  7.71218115e-01
 6.71665400e+03  7.70845850e-01
 6.71755400e+03  7.73965163e-01
 6.71845400e+03  7.71255596e-01
 6.71935500e+03  7.61037772e-01
 6.72025500e+03  7.60621839e-01
 6.72115500e+03  7.70007798e-01
 6.72205500e+03  7.73894567e-01
 6.72295600e+03  7.69054392e-01
 6.72385600e+03  7.68826593e-01
 6.72475600e+03  7.73790129e-01
 6.72565600e+03  7.74250457e-01
 6.72655700e+03  7.72524500e-01
 6.72745700e+03  7.71723202e-01
 6.72835700e+03  7.70164637e-01
 6.72925700e+03  7.68330604e-01
 6.73015700e+03  7.69571487e-01
 6.73105800e+03  7.74907289e-01
 6.73195800e+03  7.83775788e-01
 6.73285800e+03  7.88459852e-01
 6.73375800e+03  7.81248897e-01
 6.73465800e+03  7.74117635e-01
 6.73555900e+03  7.72776680e-01
 6.73645900e+03  7.70506335e-01
 6.73735900e+03  7.70424459e-01
 6.73826000e+03  7.72897493e-01
 6.73916000e+03  7.69866607e-01
 6.74006000e+03  7.64159268e-01
 6.74096000e+03  7.67149035e-01
 6.74186000e+03  7.74678398e-01
 6.74276100e+03  7.74519376e-01
 6.74366100e+03  7.68624995e-01
 6.74456100e+03  7.64688736e-01
 6.74546200e+03  7.65126503e-01
 6.74636200e+03  7.68687949e-01
 6.74726200e+03  7.70689739e-01
 6.74816200e+03  7.69151552e-01
 6.74906300e+03  7.69078773e-01
 6.74996300e+03  7.70051830e-01
 6.75086300e+03  7.68024567e-01
 6.75176300e+03  7.65049357e-01
 6.75266300e+03  7.65186910e-01
 6.75356400e+03  7.69554020e-01
 6.75446400e+03  7.72302888e-01
 6.75536400e+03  7.70104595e-01
 6.75626400e+03  7.68372815e-01
 6.75716400e+03  7.69749069e-01
 6.75806500e+03  7.71579827e-01
 6.75896500e+03  7.71958279e-01
 6.75986500e+03  7.72500847e-01
 6.76076600e+03  7.73207168e-01
 6.76166600e+03  7.72892763e-01
 6.76256600e+03  7.74879632e-01
 6.76346700e+03  7.75425840e-01
 6.76436700e+03  7.71862938e-01
 6.76526700e+03  7.69456860e-01
 6.76616700e+03  7.68092980e-01
 6.76706800e+03  7.63582494e-01
 6.76796800e+03  7.58296547e-01
 6.76886800e+03  7.57488698e-01
 6.76976800e+03  7.60716816e-01
 6.77066800e+03  7.65794615e-01
 6.77156900e+03  7.70463032e-01
 6.77246900e+03  7.68557674e-01
 6.77336900e+03  7.65610848e-01
 6.77426900e+03  7.68432494e-01
 6.77516900e+03  7.71463381e-01
 6.77607000e+03  7.73259933e-01
 6.77697000e+03  7.73678049e-01
 6.77787000e+03  7.71726841e-01
 6.77877000e+03  7.70387705e-01
 6.77967100e+03  7.72045614e-01
 6.78057100e+03  7.73437878e-01
 6.78147100e+03  7.68922298e-01
 6.78237100e+03  7.63377257e-01
 6.78327200e+03  7.64918355e-01
 6.78417200e+03  7.69562754e-01
 6.78507200e+03  7.66049706e-01
 6.78597200e+03  7.59876217e-01
 6.78687300e+03  7.58853307e-01
 6.78777300e+03  7.57226693e-01
 6.78867300e+03  7.54314073e-01
 6.78957400e+03  7.57350418e-01
 6.79047400e+03  7.66634486e-01
 6.79137400e+03  7.69663553e-01
 6.79227400e+03  7.66532232e-01
 6.79317400e+03  7.66424882e-01
 6.79407500e+03  7.64681822e-01
 6.79497500e+03  7.59829639e-01
 6.79587500e+03  7.57299473e-01
 6.79677500e+03  7.60685885e-01
 6.79767500e+03  7.65074466e-01
 6.79857600e+03  7.65611940e-01
 6.79947600e+03  7.63434752e-01
 6.80037600e+03  7.63706946e-01
 6.80127600e+03  7.64535536e-01
 6.80217700e+03  7.65121044e-01
 6.80307700e+03  7.65016242e-01
 6.80397700e+03  7.65611576e-01
 6.80487700e+03  7.63167653e-01
 6.80577800e+03  7.60965357e-01
 6.80667800e+03  7.63131991e-01
 6.80757800e+03  7.64021716e-01
 6.80847900e+03  7.62985341e-01
 6.80937900e+03  7.64887787e-01
 6.81027900e+03  7.64663992e-01
 6.81117900e+03  7.60779770e-01
 6.81208000e+03  7.60669146e-01
 6.81298000e+03  7.65166895e-01
 6.81388000e+03  7.67699972e-01
 6.81478000e+03  7.65938718e-01
 6.81568000e+03  7.60860555e-01
 6.81658100e+03  7.58854035e-01
 6.81748100e+03  7.61850351e-01
 6.81838100e+03  7.61486455e-01
 6.81928100e+03  7.57610967e-01
 6.82018100e+03  7.56264554e-01
 6.82108200e+03  7.56757632e-01
 6.82198200e+03  7.58330753e-01
 6.82288200e+03  7.59179357e-01
 6.82378300e+03  7.62422395e-01
 6.82468300e+03  7.65650512e-01
 6.82558300e+03  7.65034437e-01
 6.82648300e+03  7.61631650e-01
 6.82738400e+03  7.60968268e-01
 6.82828400e+03  7.61244465e-01
 6.82918400e+03  7.56560037e-01
 6.83008400e+03  7.53135051e-01
 6.83098500e+03  7.55848621e-01
 6.83188500e+03  7.60523951e-01
 6.83278500e+03  7.66892852e-01
 6.83368500e+03  7.67147215e-01
 6.83458600e+03  7.60253941e-01
 6.83548600e+03  7.55949056e-01
 6.83638600e+03  7.56450868e-01
 6.83728600e+03  7.56435221e-01
 6.83818600e+03  7.57648085e-01
 6.83908700e+03  7.52940731e-01
 6.83998700e+03  7.44425211e-01
 6.84088700e+03  7.42027139e-01
 6.84178700e+03  7.43896106e-01
 6.84268800e+03  7.40014432e-01
 6.84358800e+03  7.37079614e-01
 6.84448800e+03  7.40463115e-01
 6.84538800e+03  7.48418965e-01
 6.84628800e+03  7.57091688e-01
 6.84718900e+03  7.62122545e-01
 6.84808900e+03  7.61594896e-01
 6.84898900e+03  7.56764182e-01
 6.84989000e+03  7.54351191e-01
 6.85079000e+03  7.58025444e-01
 6.85169000e+03  7.65773145e-01
 6.85259100e+03  7.69252715e-01
 6.85349100e+03  7.65878311e-01
 6.85439100e+03  7.61439149e-01
 6.85529100e+03  7.57611695e-01
 6.85619100e+03  7.51235153e-01
 6.85709200e+03  7.51382166e-01
 6.85799200e+03  7.53639411e-01
 6.85889200e+03  7.53702729e-01
 6.85979200e+03  7.54787501e-01
 6.86069200e+03  7.57241613e-01
 6.86159300e+03  7.55468714e-01
 6.86249300e+03  7.48637666e-01
 6.86339300e+03  7.46822919e-01
 6.86429300e+03  7.51769715e-01
 6.86519400e+03  7.57550197e-01
 6.86609400e+03  7.63153097e-01
 6.86699400e+03  7.62948224e-01
 6.86789500e+03  7.61089809e-01
 6.86879500e+03  7.55144483e-01
 6.86969500e+03  7.50517914e-01
 6.87059500e+03  7.54950890e-01
 6.87149500e+03  7.57917731e-01
 6.87239600e+03  7.53668886e-01
 6.87329600e+03  7.48766849e-01
 6.87419600e+03  7.47901505e-01
 6.87509700e+03  7.51411642e-01
 6.87599700e+03  7.56807122e-01
 6.87689700e+03  7.58978851e-01
 6.87779700e+03  7.57449761e-01
 6.87869700e+03  7.55697968e-01
 6.87959800e+03  7.57838766e-01
 6.88049800e+03  7.56643733e-01
 6.88139800e+03  7.52278077e-01
 6.88229800e+03  7.49773020e-01
 6.88319800e+03  7.43862992e-01
 6.88409900e+03  7.38954040e-01
 6.88499900e+03  7.45891710e-01
 6.88589900e+03  7.54107380e-01
 6.88679900e+03  7.54597548e-01
 6.88770000e+03  7.48306521e-01
 6.88860000e+03  7.45358239e-01
 6.88950000e+03  7.47048898e-01
 6.89040000e+03  7.50500084e-01
 6.89130100e+03  7.58989040e-01
 6.89220100e+03  7.68235263e-01
 6.89310100e+03  7.65887409e-01
 6.89400200e+03  7.56147743e-01
 6.89490200e+03  7.54044063e-01
 6.89580200e+03  7.55242007e-01
 6.89670200e+03  7.52210757e-01
 6.89760300e+03  7.50781011e-01
 6.89850300e+03  7.55388657e-01
 6.89940300e+03  7.62203693e-01
 6.90030300e+03  7.63690207e-01
 6.90120300e+03  7.59089111e-01
 6.90210400e+03  7.54416328e-01
 6.90300400e+03  7.51637985e-01
 6.90390400e+03  7.52224585e-01
 6.90480400e+03  7.50045214e-01
 6.90570400e+03  7.48574712e-01
 6.90660500e+03  7.48639849e-01
 6.90750500e+03  7.48680969e-01
 6.90840500e+03  7.52938548e-01
 6.90930600e+03  7.58044003e-01
 6.91020600e+03  7.57060393e-01
 6.91110600e+03  7.53533881e-01
 6.91200600e+03  7.50279563e-01
 6.91290700e+03  7.49914212e-01
 6.91380700e+03  7.51326127e-01
 6.91470700e+03  7.46215213e-01
 6.91560800e+03  7.36743011e-01
 6.91650800e+03  7.33603683e-01
 6.91740800e+03  7.37179685e-01
 6.91830800e+03  7.37332158e-01
 6.91920800e+03  7.40508966e-01
 6.92010900e+03  7.50049945e-01
 6.92100900e+03  7.54089550e-01
 6.92190900e+03  7.51743151e-01
 6.92280900e+03  7.47887677e-01
 6.92370900e+03  7.45860415e-01
 6.92461000e+03  7.43496549e-01
 6.92551000e+03  7.37285943e-01
 6.92641000e+03  7.34404982e-01
 6.92731000e+03  7.38173484e-01
 6.92821100e+03  7.43279303e-01
 6.92911100e+03  7.50080876e-01
 6.93001100e+03  7.51018999e-01
 6.93091100e+03  7.46892059e-01
 6.93181200e+03  7.43951782e-01
 6.93271200e+03  7.43550769e-01
 6.93361200e+03  7.45241064e-01
 6.93451200e+03  7.43948871e-01
 6.93541300e+03  7.42491469e-01
 6.93631300e+03  7.46067471e-01
 6.93721300e+03  7.45637347e-01
 6.93811400e+03  7.39714218e-01
 6.93901400e+03  7.35966094e-01
 6.93991400e+03  7.34183369e-01
 6.94081400e+03  7.38296481e-01
 6.94171400e+03  7.44039845e-01
 6.94261500e+03  7.43573695e-01
 6.94351500e+03  7.41457642e-01
 6.94441500e+03  7.41550435e-01
 6.94531500e+03  7.38259000e-01
 6.94621500e+03  7.30054246e-01
 6.94711600e+03  7.23870204e-01
 6.94801600e+03  7.27035004e-01
 6.94891600e+03  7.34559273e-01
 6.94981600e+03  7.37051958e-01
 6.95071700e+03  7.40299362e-01
 6.95161700e+03  7.42957620e-01
 6.95251700e+03  7.37240456e-01
 6.95341700e+03  7.33116791e-01
 6.95431800e+03  7.37266293e-01
 6.95521800e+03  7.41592283e-01
 6.95611800e+03  7.40078842e-01
 6.95701900e+03  7.35452273e-01
 6.95791900e+03  7.33797640e-01
 6.95881900e+03  7.33450120e-01
 6.95971900e+03  7.32921379e-01
 6.96062000e+03  7.32679025e-01
 6.96152000e+03  7.35244489e-01
 6.96242000e+03  7.39405999e-01
 6.96332000e+03  7.39954389e-01
 6.96422000e+03  7.41123950e-01
 6.96512100e+03  7.43457976e-01
 6.96602100e+03  7.39797550e-01
 6.96692100e+03  7.33970854e-01
 6.96782100e+03  7.31830784e-01
 6.96872100e+03  7.34019616e-01
 6.96962200e+03  7.37868540e-01
 6.97052200e+03  7.39271357e-01
 6.97142200e+03  7.38618529e-01
 6.97232300e+03  7.35208099e-01
 6.97322300e+03  7.32338782e-01
 6.97412300e+03  7.32799474e-01
 6.97502300e+03  7.31517834e-01
 6.97592300e+03  7.27561925e-01
 6.97682400e+03  7.24729362e-01
 6.97772400e+03  7.22948821e-01
 6.97862400e+03  7.18558784e-01
 6.97952500e+03  7.14748070e-01
 6.98042500e+03  7.14861605e-01
 6.98132500e+03  7.20058398e-01
 6.98222500e+03  7.29405784e-01
 6.98312600e+03  7.35926429e-01
 6.98402600e+03  7.38411108e-01
 6.98492600e+03  7.41017328e-01
 6.98582600e+03  7.42115201e-01
 6.98672600e+03  7.41143236e-01
 6.98762700e+03  7.39518079e-01
 6.98852700e+03  7.38353977e-01
 6.98942700e+03  7.38070866e-01
 6.99032700e+03  7.35235755e-01
 6.99122700e+03  7.31603349e-01
 6.99212800e+03  7.34435913e-01
 6.99302800e+03  7.42241109e-01
 6.99392800e+03  7.46092580e-01
 6.99482800e+03  7.42547873e-01
 6.99572900e+03  7.38115989e-01
 6.99662900e+03  7.35657510e-01
 6.99752900e+03  7.35307807e-01
 6.99843000e+03  7.40774610e-01
 6.99933000e+03  7.40967111e-01
 7.00023000e+03  7.31786389e-01
 7.00113100e+03  7.24788677e-01
 7.00203100e+03  7.25292672e-01
 7.00293100e+03  7.26001177e-01
 7.00383100e+03  7.25571780e-01
 7.00473100e+03  7.25875997e-01
 7.00563200e+03  7.22152253e-01
 7.00653200e+03  7.16933627e-01
 7.00743200e+03  7.16095575e-01
 7.00833200e+03  7.20956492e-01
 7.00923200e+03  7.28627411e-01
 7.01013300e+03  7.34042542e-01
 7.01103300e+03  7.35516683e-01
 7.01193300e+03  7.32755079e-01
 7.01283300e+03  7.28120141e-01
 7.01373400e+03  7.24026679e-01
 7.01463400e+03  7.24120201e-01
 7.01553400e+03  7.27031729e-01
 7.01643400e+03  7.25895647e-01
 7.01733500e+03  7.15380884e-01
 7.01823500e+03  7.02822847e-01
 7.01913500e+03  7.05803152e-01
 7.02003500e+03  7.19247275e-01
 7.02093600e+03  7.27970580e-01
 7.02183600e+03  7.32403556e-01
 7.02273600e+03  7.32242714e-01
 7.02363700e+03  7.27761340e-01
 7.02453700e+03  7.25303589e-01
 7.02543700e+03  7.24050696e-01
 7.02633700e+03  7.27696566e-01
 7.02723700e+03  7.36170239e-01
 7.02813800e+03  7.36341634e-01
 7.02903800e+03  7.28251143e-01
 7.02993800e+03  7.26429118e-01
 7.03083800e+03  7.32775093e-01
 7.03173800e+03  7.37270659e-01
 7.03263900e+03  7.34490861e-01
 7.03353900e+03  7.28821368e-01
 7.03443900e+03  7.24667863e-01
 7.03533900e+03  7.22252688e-01
 7.03624000e+03  7.23912780e-01
 7.03714000e+03  7.29518228e-01
 7.03804000e+03  7.31534209e-01
 7.03894000e+03  7.26663467e-01
 7.03984100e+03  7.18710529e-01
 7.04074100e+03  7.18328074e-01
 7.04164100e+03  7.31076429e-01
 7.04254200e+03  7.46909890e-01
 7.04344200e+03  7.54540780e-01
 7.04434200e+03  7.52212940e-01
 7.04524200e+03  7.41724014e-01
 7.04614300e+03  7.35803796e-01
 7.04704300e+03  7.38913648e-01
 7.04794300e+03  7.41590464e-01
 7.04884300e+03  7.40720026e-01
 7.04974300e+03  7.39111607e-01
 7.05064400e+03  7.09149900e-01
 7.05154400e+03  6.77701679e-01
 7.05244400e+03  6.94904115e-01
 7.05334400e+03  7.33574936e-01
 7.05424400e+03  7.35853286e-01
 7.05514500e+03  7.30234374e-01
 7.05604500e+03  7.29859562e-01
 7.05694500e+03  7.31122279e-01
 7.05784600e+03  7.34284896e-01
 7.05874600e+03  7.39354325e-01
 7.05964600e+03  7.40527525e-01
 7.06054600e+03  7.33748150e-01
 7.06144700e+03  7.30164506e-01
 7.06234700e+03  7.29527325e-01
 7.06324700e+03  7.30810785e-01
 7.06414800e+03  7.31070242e-01
 7.06504800e+03  7.32898818e-01
 7.06594800e+03  7.37337980e-01
 7.06684800e+03  7.33693930e-01
 7.06774800e+03  7.29505855e-01
 7.06864900e+03  7.28878135e-01
 7.06954900e+03  7.25143111e-01
 7.07044900e+03  7.20920103e-01
 7.07134900e+03  7.22798896e-01
 7.07224900e+03  7.24851631e-01
 7.07315000e+03  7.27761704e-01
 7.07405000e+03  7.28025528e-01
 7.07495000e+03  7.27766434e-01
 7.07585000e+03  7.29257678e-01
 7.07675100e+03  7.29136501e-01
 7.07765100e+03  7.24613279e-01
 7.07855100e+03  7.19504549e-01
 7.07945100e+03  7.20241801e-01
 7.08035100e+03  7.24174785e-01
 7.08125200e+03  7.24277403e-01
 7.08215200e+03  7.22352760e-01
 7.08305200e+03  7.21147901e-01
 7.08395300e+03  7.15994412e-01
 7.08485300e+03  7.09161908e-01
 7.08575300e+03  7.01553943e-01
 7.08665400e+03  6.97751234e-01
 7.08755400e+03  7.00930954e-01
 7.08845400e+03  7.05398136e-01
 7.08935400e+03  7.06259113e-01
 7.09025400e+03  7.05373755e-01
 7.09115500e+03  7.01787564e-01
 7.09205500e+03  6.96566026e-01
 7.09295500e+03  6.94028946e-01
 7.09385500e+03  6.94913941e-01
 7.09475500e+03  6.96988145e-01
 7.09565600e+03  6.97788352e-01
 7.09655600e+03  6.96224329e-01
 7.09745600e+03  6.95133370e-01
 7.09835600e+03  6.92129775e-01
 7.09925700e+03  6.93056981e-01
 7.10015700e+03  6.99693709e-01
 7.10105700e+03  7.11368207e-01
 7.10195800e+03  7.18274582e-01
 7.10285800e+03  7.19014018e-01
 7.10375800e+03  7.14767720e-01
 7.10465800e+03  7.13609440e-01
 7.10555900e+03  7.15728404e-01
 7.10645900e+03  7.17693804e-01
 7.10735900e+03  7.15616688e-01
 7.10825900e+03  7.08988694e-01
 7.10916000e+03  7.04367220e-01
 7.11006000e+03  7.06144486e-01
 7.11096000e+03  7.07124821e-01
 7.11186000e+03  7.05418878e-01
 7.11276000e+03  7.03167456e-01
 7.11366100e+03  7.02367614e-01
 7.11456100e+03  7.05015318e-01
 7.11546100e+03  7.08786004e-01
 7.11636100e+03  7.10211747e-01
 7.11726100e+03  7.10408615e-01
 7.11816200e+03  7.10878768e-01
 7.11906200e+03  7.12303783e-01
 7.11996200e+03  7.13365266e-01
 7.12086300e+03  7.11866017e-01
 7.12176300e+03  7.09620781e-01
 7.12266300e+03  7.06374104e-01
 7.12356300e+03  7.01769006e-01
 7.12446300e+03  7.01275927e-01
 7.12536400e+03  7.06503651e-01
 7.12626400e+03  7.09423549e-01
 7.12716400e+03  7.09060382e-01
 7.12806500e+03  7.07706326e-01
 7.12896500e+03  7.07287118e-01
 7.12986500e+03  7.06917764e-01
 7.13076500e+03  7.06982538e-01
 7.13166600e+03  7.04633228e-01
 7.13256600e+03  7.00825060e-01
 7.13346600e+03  7.02222056e-01
 7.13436600e+03  7.05967633e-01
 7.13526600e+03  7.10392967e-01
 7.13616700e+03  7.16303359e-01
 7.13706700e+03  7.21406267e-01
 7.13796700e+03  7.22499046e-01
 7.13886700e+03  7.20856421e-01
 7.13976700e+03  7.18622466e-01
 7.14066800e+03  7.15550823e-01
 7.14156800e+03  7.11973002e-01
 7.14246800e+03  7.11511946e-01
 7.14336800e+03  7.15467127e-01
 7.14426900e+03  7.16976566e-01
 7.14516900e+03  7.13324510e-01
 7.14606900e+03  7.08505805e-01
 7.14697000e+03  7.06002203e-01
 7.14787000e+03  7.05125215e-01
 7.14877000e+03  7.01655470e-01
 7.14967100e+03  6.94669403e-01
 7.15057100e+03  6.92334285e-01
 7.15147100e+03  6.97800724e-01
 7.15237100e+03  7.04954184e-01
 7.15327100e+03  7.10661522e-01
 7.15417200e+03  7.12983540e-01
 7.15507200e+03  7.11871475e-01
 7.15597200e+03  7.09936642e-01
 7.15687200e+03  7.09570563e-01
 7.15777200e+03  7.11672788e-01
 7.15867300e+03  7.14651637e-01
 7.15957300e+03  7.14327770e-01
 7.16047300e+03  7.12276127e-01
 7.16137300e+03  7.10055272e-01
 7.16227400e+03  7.09054559e-01
 7.16317400e+03  7.11308529e-01
 7.16407400e+03  7.11358018e-01
 7.16497400e+03  7.04668890e-01
 7.16587500e+03  6.96122802e-01
 7.16677500e+03  6.91689826e-01
 7.16767500e+03  6.95910651e-01
 7.16857500e+03  7.04966920e-01
 7.16947600e+03  7.09971212e-01
 7.17037600e+03  7.10413709e-01
 7.17127600e+03  7.11133131e-01
 7.17217700e+03  7.10766688e-01
 7.17307700e+03  7.09167367e-01
 7.17397700e+03  7.09777256e-01
 7.17487700e+03  7.11559616e-01
 7.17577700e+03  7.12966801e-01
 7.17667800e+03  7.12575613e-01
 7.17757800e+03  7.08271456e-01
 7.17847800e+03  7.05625571e-01
 7.17937800e+03  7.10141151e-01
 7.18027800e+03  7.14349604e-01
 7.18117900e+03  7.07920661e-01
 7.18207900e+03  6.96056209e-01
 7.18297900e+03  6.90311025e-01
 7.18387900e+03  6.93779678e-01
 7.18478000e+03  7.00308329e-01
 7.18568000e+03  7.03423639e-01
 7.18658000e+03  7.05521497e-01
 7.18748000e+03  7.04666342e-01
 7.18838100e+03  6.99065989e-01
 7.18928100e+03  6.94406670e-01
 7.19018100e+03  6.94458343e-01
 7.19108200e+03  6.95068960e-01
 7.19198200e+03  6.97114417e-01
 7.19288200e+03  6.98761409e-01
 7.19378200e+03  6.97432826e-01
 7.19468300e+03  6.94176688e-01
 7.19558300e+03  6.94008932e-01
 7.19648300e+03  7.01452780e-01
 7.19738300e+03  7.09442472e-01
 7.19828300e+03  7.08955580e-01
 7.19918400e+03  7.02817753e-01
 7.20008400e+03  7.01839237e-01
 7.20098400e+03  7.03947649e-01
 7.20188400e+03  7.06108461e-01
 7.20278400e+03  7.05687797e-01
 7.20368500e+03  7.02580129e-01
 7.20458500e+03  7.01028842e-01
 7.20548500e+03  7.04011694e-01
 7.20638600e+03  7.08716500e-01
 7.20728600e+03  7.08007268e-01
 7.20818600e+03  7.00476448e-01
 7.20908600e+03  6.92940535e-01
 7.20998700e+03  6.93389218e-01
 7.21088700e+03  6.98881858e-01
 7.21178700e+03  7.01605980e-01
 7.21268800e+03  7.04075740e-01
 7.21358800e+03  7.06135025e-01
 7.21448800e+03  7.04309361e-01
 7.21538800e+03  7.02854870e-01
 7.21628800e+03  7.03579386e-01
 7.21718900e+03  7.05642310e-01
 7.21808900e+03  7.07653197e-01
 7.21898900e+03  7.08482879e-01
 7.21988900e+03  7.09647709e-01
 7.22078900e+03  7.09934095e-01
 7.22169000e+03  7.08621523e-01
 7.22259000e+03  7.06654304e-01
 7.22349000e+03  7.04061184e-01
 7.22439000e+03  7.00570697e-01
 7.22529100e+03  6.99160238e-01
 7.22619100e+03  7.02466593e-01
 7.22709100e+03  7.07684856e-01
 7.22799100e+03  7.12382021e-01
 7.22889200e+03  7.15654897e-01
 7.22979200e+03  7.14395455e-01
 7.23069200e+03  7.11431889e-01
 7.23159200e+03  7.09976671e-01
 7.23249300e+03  7.07726704e-01
 7.23339300e+03  7.07600432e-01
 7.23429300e+03  7.10587651e-01
 7.23519400e+03  7.14320856e-01
 7.23609400e+03  7.15579935e-01
 7.23699400e+03  7.14247713e-01
 7.23789400e+03  7.14131630e-01
 7.23879400e+03  7.15229503e-01
 7.23969500e+03  7.13170218e-01
 7.24059500e+03  7.08902451e-01
 7.24149500e+03  7.07969059e-01
 7.24239500e+03  7.09917720e-01
 7.24329500e+03  7.12832887e-01
 7.24419600e+03  7.13825594e-01
 7.24509600e+03  7.08823122e-01
 7.24599600e+03  7.01063776e-01
 7.24689600e+03  6.96476872e-01
 7.24779700e+03  6.99247937e-01
 7.24869700e+03  7.07738349e-01
 7.24959700e+03  7.13215341e-01
 7.25049800e+03  7.11973730e-01
 7.25139800e+03  7.07366084e-01
 7.25229800e+03  7.02710040e-01
 7.25319800e+03  7.01861435e-01
 7.25409900e+03  7.03422547e-01
 7.25499900e+03  7.03612137e-01
 7.25589900e+03  7.03789718e-01
 7.25679900e+03  7.06622281e-01
 7.25770000e+03  7.09080760e-01
 7.25860000e+03  7.10976656e-01
 7.25950000e+03  7.13580693e-01
 7.26040000e+03  7.11962085e-01
 7.26130000e+03  7.06544771e-01
 7.26220100e+03  6.97732676e-01
 7.26310100e+03  6.91942733e-01
 7.26400100e+03  6.93945978e-01
 7.26490100e+03  7.00929135e-01
 7.26580100e+03  7.06757650e-01
 7.26670200e+03  7.10559631e-01
 7.26760200e+03  7.12018853e-01
 7.26850200e+03  7.10533795e-01
 7.26940300e+03  7.07670300e-01
 7.27030300e+03  7.05942524e-01
 7.27120300e+03  7.06227454e-01
 7.27210300e+03  7.06276944e-01
 7.27300300e+03  7.06066613e-01
 7.27390400e+03  7.08906090e-01
 7.27480400e+03  7.13059230e-01
 7.27570400e+03  7.13502819e-01
 7.27660500e+03  7.10281979e-01
 7.27750500e+03  7.07376273e-01
 7.27840500e+03  7.08606240e-01
 7.27930500e+03  7.09611319e-01
 7.28020600e+03  7.07878449e-01
 7.28110600e+03  7.06546955e-01
 7.28200600e+03  7.06779848e-01
 7.28290600e+03  7.07520739e-01
 7.28380600e+03  7.00572881e-01
 7.28470700e+03  6.92621762e-01
 7.28560700e+03  6.89153473e-01
 7.28650700e+03  6.86769957e-01
 7.28740700e+03  6.88799039e-01
 7.28830700e+03  6.93296789e-01
 7.28920800e+03  6.93758208e-01
 7.29010800e+03  6.87459903e-01
 7.29100800e+03  6.80355570e-01
 7.29190800e+03  6.79862127e-01
 7.29280900e+03  6.82234726e-01
 7.29370900e+03  6.85674631e-01
 7.29460900e+03  6.89220430e-01
 7.29551000e+03  6.92320821e-01
 7.29641000e+03  6.96661731e-01
 7.29731000e+03  7.03958565e-01
 7.29821100e+03  7.06783487e-01
 7.29911100e+03  7.03941098e-01
 7.30001100e+03  7.00080894e-01
 7.30091100e+03  6.98096571e-01
 7.30181100e+03  6.96714496e-01
 7.30271200e+03  6.96007447e-01
 7.30361200e+03  6.97506697e-01
 7.30451200e+03  7.00222085e-01
 7.30541200e+03  7.03469490e-01
 7.30631200e+03  7.04881769e-01
 7.30721300e+03  7.02563390e-01
 7.30811300e+03  6.99405868e-01
 7.30901300e+03  6.96735966e-01
 7.30991300e+03  6.96887710e-01
 7.31081400e+03  6.98432447e-01
 7.31171400e+03  6.97931727e-01
 7.31261400e+03  6.94602446e-01
 7.31351500e+03  6.93145408e-01
 7.31441500e+03  6.97335666e-01
 7.31531500e+03  7.02181663e-01
 7.31621500e+03  6.99791233e-01
 7.31711500e+03  6.96154824e-01
 7.31801600e+03  6.95909195e-01
 7.31891600e+03  6.99191897e-01
 7.31981600e+03  7.01818495e-01
 7.32071700e+03  7.03248605e-01
 7.32161700e+03  7.03369055e-01
 7.32251700e+03  7.01687129e-01
 7.32341700e+03  7.00977169e-01
 7.32431700e+03  7.01812673e-01
 7.32521800e+03  6.99380031e-01
 7.32611800e+03  6.96040561e-01
 7.32701800e+03  6.91611588e-01
 7.32791800e+03  6.89103620e-01
 7.32881800e+03  6.91105045e-01
 7.32971900e+03  6.94881918e-01
 7.33061900e+03  6.95825863e-01
 7.33151900e+03  6.96341139e-01
 7.33241900e+03  6.98957912e-01
 7.33332000e+03  6.98407338e-01
 7.33422000e+03  6.95992527e-01
 7.33512000e+03  6.97115509e-01
 7.33602000e+03  7.00578339e-01
 7.33692100e+03  7.04284252e-01
 7.33782100e+03  7.08646632e-01
 7.33872100e+03  7.09396257e-01
 7.33962200e+03  7.06689966e-01
 7.34052200e+03  7.02258445e-01
 7.34142200e+03  6.95493990e-01
 7.34232200e+03  6.94915032e-01
 7.34322300e+03  6.98067096e-01
 7.34412300e+03  6.96695573e-01
 7.34502300e+03  6.93309161e-01
 7.34592300e+03  6.93575533e-01
 7.34682300e+03  6.95979791e-01
 7.34772400e+03  6.98068187e-01
 7.34862400e+03  6.99063442e-01
 7.34952400e+03  6.99436071e-01
 7.35042400e+03  7.00614365e-01
 7.35132400e+03  6.99908407e-01
 7.35222500e+03  6.97214125e-01
 7.35312500e+03  6.93980184e-01
 7.35402500e+03  6.93269132e-01
 7.35492600e+03  6.94088625e-01
 7.35582600e+03  6.92898687e-01
 7.35672600e+03  6.90514443e-01
 7.35762600e+03  6.88333980e-01
 7.35852700e+03  6.86588737e-01
 7.35942700e+03  6.88948600e-01
 7.36032700e+03  6.95344793e-01
 7.36122700e+03  7.00557597e-01
 7.36212800e+03  6.99212639e-01
 7.36302800e+03  6.91232045e-01
 7.36392800e+03  6.83585143e-01
 7.36482800e+03  6.81874106e-01
 7.36572900e+03  6.84322032e-01
 7.36662900e+03  6.89487529e-01
 7.36752900e+03  6.93702896e-01
 7.36842900e+03  6.95690858e-01
 7.36932900e+03  6.92498402e-01
 7.37023000e+03  6.89761543e-01
 7.37113000e+03  6.90726958e-01
 7.37203000e+03  6.94844800e-01
 7.37293000e+03  6.99384034e-01
 7.37383100e+03  6.98286525e-01
 7.37473100e+03  6.94790580e-01
 7.37563100e+03  6.94020941e-01
 7.37653100e+03  6.92891409e-01
 7.37743200e+03  6.91328113e-01
 7.37833200e+03  6.90518446e-01
 7.37923200e+03  6.91712023e-01
 7.38013200e+03  6.91559187e-01
 7.38103300e+03  6.92391052e-01
 7.38193300e+03  6.91547906e-01
 7.38283300e+03  6.87356193e-01
 7.38373400e+03  6.81307157e-01
 7.38463400e+03  6.78593223e-01
 7.38553400e+03  6.79183462e-01
 7.38643400e+03  6.77166389e-01
 7.38733400e+03  6.72648989e-01
 7.38823500e+03  6.68167615e-01
 7.38913500e+03  6.65034838e-01
 7.39003500e+03  6.61656431e-01
 7.39093500e+03  6.60395533e-01
 7.39183500e+03  6.66358690e-01
 7.39273600e+03  6.72676281e-01
 7.39363600e+03  6.73622773e-01
 7.39453600e+03  6.69541684e-01
 7.39543600e+03  6.66537726e-01
 7.39633700e+03  6.67976206e-01
 7.39723700e+03  6.72668275e-01
 7.39813700e+03  6.75538320e-01
 7.39903800e+03  6.80065909e-01
 7.39993800e+03  6.82091716e-01
 7.40083800e+03  6.79863583e-01
 7.40173800e+03  6.75460810e-01
 7.41000000e+03  6.92303354e-01
 7.43000000e+03  6.94507105e-01
 7.45000000e+03  6.92159251e-01
 7.47000000e+03  6.91541356e-01
 7.49000000e+03  6.89208422e-01
 7.51000000e+03  6.89114173e-01
 7.53000000e+03  6.89398739e-01
 7.55000000e+03  6.90393629e-01
 7.57000000e+03  6.87323079e-01
 7.59000000e+03  6.82856260e-01
 7.61000000e+03  6.78037555e-01
 7.63000000e+03  6.75040511e-01
 7.65000000e+03  6.71259999e-01
 7.67000000e+03  6.58597161e-01
 7.69000000e+03  6.63681510e-01
 7.71000000e+03  6.56322813e-01
 7.73000000e+03  6.56970547e-01
 7.75000000e+03  6.53457863e-01
 7.77000000e+03  6.54949835e-01
 7.79000000e+03  6.56362114e-01
 7.81000000e+03  6.54742415e-01
 7.83000000e+03  6.49524152e-01
 7.85000000e+03  6.43710920e-01
 7.87000000e+03  6.40485349e-01
 7.89000000e+03  6.31334103e-01
 7.91000000e+03  6.21985625e-01
 7.93000000e+03  6.17022090e-01
 7.95000000e+03  6.14241563e-01
 7.97000000e+03  6.21326974e-01
 7.99000000e+03  6.20480553e-01
 8.01000000e+03  6.18942367e-01
 8.03000000e+03  6.18670900e-01
 8.05000000e+03  6.13855834e-01
 8.07000000e+03  6.11361330e-01
 8.09000000e+03  6.04353065e-01
 8.11000000e+03  6.04823218e-01
 8.13000000e+03  6.05510253e-01
 8.15000000e+03  6.03488085e-01
 8.17000000e+03  6.02663861e-01
 8.19000000e+03  5.93857224e-01
 8.21000000e+03  5.94696367e-01
 8.23000000e+03  5.93911445e-01
 8.25000000e+03  5.94673078e-01
 8.27000000e+03  5.94847020e-01
 8.29000000e+03  5.89235022e-01
 8.31000000e+03  5.80502620e-01
 8.33000000e+03  5.75876415e-01
 8.35000000e+03  5.78290862e-01
 8.37000000e+03  5.77166789e-01
 8.39000000e+03  5.67383456e-01
 8.41000000e+03  5.72286221e-01
 8.43000000e+03  5.65145498e-01
 8.45000000e+03  5.64183358e-01
 8.47000000e+03  5.56223506e-01
 8.49000000e+03  5.59229284e-01
 8.51000000e+03  5.34334823e-01
 8.53000000e+03  5.55187495e-01
 8.55000000e+03  5.08973483e-01
 8.57000000e+03  5.62017452e-01
 8.59000000e+03  5.48251282e-01
 8.61000000e+03  5.44554830e-01
 8.63000000e+03  5.61941034e-01
 8.65000000e+03  5.54407667e-01
 8.67000000e+03  5.00987431e-01
 8.69000000e+03  5.45951825e-01
 8.71000000e+03  5.56188936e-01
 8.73000000e+03  5.51144979e-01
 8.75000000e+03  5.21144335e-01
 8.77000000e+03  5.45003877e-01
 8.79000000e+03  5.51930994e-01
 8.81000000e+03  5.47364104e-01
 8.83000000e+03  5.45591205e-01
 8.85000000e+03  5.34650684e-01
 8.87000000e+03  5.09354482e-01
 8.89000000e+03  5.39345301e-01
 8.91000000e+03  5.45591933e-01
 8.93000000e+03  5.42128010e-01
 8.95000000e+03  5.40559257e-01
 8.97000000e+03  5.38255434e-01
 8.99000000e+03  5.32755516e-01
 9.01000000e+03  4.98827346e-01
 9.03000000e+03  5.17462440e-01
 9.05000000e+03  5.35688878e-01
 9.07000000e+03  5.34033153e-01
 9.09000000e+03  5.24756363e-01
 9.11000000e+03  5.26234871e-01
 9.13000000e+03  5.25818574e-01
 9.15000000e+03  5.20277900e-01
 9.17000000e+03  5.14040729e-01
 9.19000000e+03  5.09104850e-01
 9.21000000e+03  4.94276104e-01
 9.23000000e+03  4.66891142e-01
 9.25000000e+03  4.88626261e-01
 9.27000000e+03  4.97333555e-01
 9.29000000e+03  4.99353539e-01
 9.31000000e+03  4.99798220e-01
 9.33000000e+03  4.97442360e-01
 9.35000000e+03  4.93992994e-01
 9.37000000e+03  4.88470514e-01
 9.39000000e+03  4.87448331e-01
 9.41000000e+03  4.77866597e-01
 9.43000000e+03  4.83826479e-01
 9.45000000e+03  4.79323998e-01
 9.47000000e+03  4.81014657e-01
 9.49000000e+03  4.81172224e-01
 9.51000000e+03  4.79333824e-01
 9.53000000e+03  4.72784431e-01
 9.55000000e+03  4.45427124e-01
 9.57000000e+03  4.66823457e-01
 9.59000000e+03  4.73441262e-01
 9.61000000e+03  4.70995884e-01
 9.63000000e+03  4.69029028e-01
 9.65000000e+03  4.66451920e-01
 9.67000000e+03  4.63288575e-01
 9.69000000e+03  4.64138635e-01
 9.71000000e+03  4.62215083e-01
 9.73000000e+03  4.60585923e-01
 9.75000000e+03  4.58337412e-01
 9.77000000e+03  4.59175827e-01
 9.79000000e+03  4.57135101e-01
 9.81000000e+03  4.60207471e-01
 9.83000000e+03  4.58363612e-01
 9.85000000e+03  4.57377092e-01
 9.87000000e+03  4.55052527e-01
 9.89000000e+03  4.53660990e-01
 9.91000000e+03  4.51951772e-01
 9.93000000e+03  4.51847698e-01
 9.95000000e+03  4.50778573e-01
 9.97000000e+03  4.49498752e-01
 9.99000000e+03  4.46664369e-01
 1.00250000e+04  4.36043713e-01
 1.00750000e+04  4.26180687e-01
 1.01250000e+04  4.35664897e-01
 1.01750000e+04  4.30624579e-01
 1.02250000e+04  4.28737053e-01
 1.02750000e+04  4.27459780e-01
 1.03250000e+04  4.21048667e-01
 1.03750000e+04  4.19148040e-01
 1.04250000e+04  4.15337690e-01
 1.04750000e+04  4.08594704e-01
 1.05250000e+04  4.05960464e-01
 1.05750000e+04  4.02359353e-01
 1.06250000e+04  4.00564620e-01
 1.06750000e+04  3.94173158e-01
 1.07250000e+04  3.93032346e-01
 1.07750000e+04  3.89112462e-01
 1.08250000e+04  3.84458602e-01
 1.08750000e+04  3.76312799e-01
 1.09250000e+04  3.57069199e-01
 1.09750000e+04  3.56024746e-01
 1.10250000e+04  3.55951567e-01
 1.10750000e+04  3.55157911e-01
 1.11250000e+04  3.54255923e-01
 1.11750000e+04  3.52215087e-01
 1.12250000e+04  3.50943854e-01
 1.12750000e+04  3.45781267e-01
 1.13250000e+04  3.44159239e-01
 1.13750000e+04  3.41601272e-01
 1.14250000e+04  3.38075924e-01
 1.14750000e+04  3.39591367e-01
 1.15250000e+04  3.35353694e-01
 1.15750000e+04  3.32731972e-01
 1.16250000e+04  3.27629682e-01
 1.16750000e+04  3.25891972e-01
 1.17250000e+04  3.26012894e-01
 1.17750000e+04  3.18950882e-01
 1.18250000e+04  3.17408183e-01
 1.18750000e+04  3.15464835e-01
 1.19250000e+04  3.15683718e-01
 1.19750000e+04  3.06599902e-01
 1.20250000e+04  3.06752847e-01
 1.20750000e+04  3.03228373e-01
 1.21250000e+04  3.03721305e-01
 1.21750000e+04  3.03055558e-01
 1.22250000e+04  3.00660762e-01
 1.22750000e+04  2.97205573e-01
 1.23250000e+04  2.95983612e-01
 1.23750000e+04  2.93637213e-01
 1.24250000e+04  2.89801026e-01
 1.24750000e+04  2.89067849e-01
 1.25250000e+04  2.87019808e-01
 1.25750000e+04  2.85920006e-01
 1.26250000e+04  2.84546118e-01
 1.26750000e+04  2.81703330e-01
 1.27250000e+04  2.81588484e-01
 1.27750000e+04  2.79648084e-01
 1.28250000e+04  2.66088024e-01
 1.28750000e+04  2.73957375e-01
 1.29250000e+04  2.73331875e-01
 1.29750000e+04  2.73527142e-01
 1.30250000e+04  2.72079056e-01
 1.30750000e+04  2.70833295e-01
 1.31250000e+04  2.66879533e-01
 1.31750000e+04  2.65397569e-01
 1.32250000e+04  2.64376041e-01
 1.32750000e+04  2.60628790e-01
 1.33250000e+04  2.58229954e-01
 1.33750000e+04  2.54077214e-01
 1.34250000e+04  2.53825034e-01
 1.34750000e+04  2.52760930e-01
 1.35250000e+04  2.50292517e-01
 1.35750000e+04  2.47775743e-01
 1.36250000e+04  2.46795590e-01
 1.36750000e+04  2.45844076e-01
 1.37250000e+04  2.44526483e-01
 1.37750000e+04  2.43072174e-01
 1.38250000e+04  2.42296349e-01
 1.38750000e+04  2.40257987e-01
 1.39250000e+04  2.38128543e-01
 1.39750000e+04  2.34425651e-01
 1.40250000e+04  2.29487624e-01
 1.40750000e+04  2.23178512e-01
 1.41250000e+04  2.17871531e-01
 1.41750000e+04  2.17514549e-01
 1.42250000e+04  2.16509579e-01
 1.42750000e+04  2.15526006e-01
 1.43250000e+04  2.16706774e-01
 1.43750000e+04  2.17065939e-01
 1.44250000e+04  2.12913308e-01
 1.44750000e+04  2.13565846e-01
 1.45250000e+04  2.10420259e-01
 1.45700000e+04  2.08136924e-01
 1.46200000e+04  2.04614669e-01
 1.46750000e+04  2.05436782e-01
 1.47250000e+04  2.05530048e-01
 1.47750000e+04  2.04093025e-01
 1.48250000e+04  2.04745708e-01
 1.48750000e+04  2.02427002e-01
 1.49250000e+04  2.04338582e-01
 1.49750000e+04  2.03267273e-01
 1.50250000e+04  1.98291292e-01
 1.50750000e+04  1.96909799e-01
 1.51250000e+04  1.97579949e-01
 1.51750000e+04  1.97069840e-01
 1.52250000e+04  1.96459514e-01
 1.52750000e+04  1.96202495e-01
 1.53250000e+04  1.97471653e-01
 1.53750000e+04  1.96963291e-01
 1.54250000e+04  1.94315441e-01
 1.54750000e+04  1.96341940e-01
 1.55250000e+04  1.95193631e-01
 1.55750000e+04  1.88526882e-01
 1.56250000e+04  1.91559223e-01
 1.56750000e+04  1.89621734e-01
 1.57250000e+04  1.87157106e-01
 1.57750000e+04  1.83595332e-01
 1.58250000e+04  1.85522378e-01
 1.58750000e+04  1.81229574e-01
 1.59250000e+04  1.86570433e-01
 1.59750000e+04  1.86112689e-01
 1.60500000e+04  1.83492277e-01
 1.61500000e+04  1.81480371e-01
 1.62500000e+04  1.81507845e-01
 1.63500000e+04  1.79451944e-01
 1.64500000e+04  1.72861831e-01
 1.65500000e+04  1.78299305e-01
 1.66500000e+04  1.72628902e-01
 1.67500000e+04  1.70219476e-01
 1.68500000e+04  1.63179152e-01
 1.69500000e+04  1.66077144e-01
 1.70500000e+04  1.63433479e-01
 1.71500000e+04  1.59765702e-01
 1.72500000e+04  1.56212335e-01
 1.73500000e+04  1.49810538e-01
 1.74500000e+04  1.50969800e-01
 1.75500000e+04  1.47844264e-01
 1.76500000e+04  1.45482873e-01
 1.77500000e+04  1.39996783e-01
 1.78500000e+04  1.37222734e-01
 1.79500000e+04  1.36524346e-01
 1.80500000e+04  1.33108676e-01
 1.81500000e+04  1.29602215e-01
 1.82500000e+04  1.28165919e-01
 1.83500000e+04  1.26027814e-01
 1.84500000e+04  1.24168380e-01
 1.85500000e+04  1.23361842e-01
 1.86500000e+04  1.21077524e-01
 1.87500000e+04  1.16262494e-01
 1.88500000e+04  1.17329690e-01
 1.89500000e+04  1.13789496e-01
 1.90500000e+04  1.13471815e-01
 1.91500000e+04  1.12327145e-01
 1.92500000e+04  1.10161639e-01
 1.93500000e+04  1.07423288e-01
 1.94500000e+04  1.02962947e-01
 1.95500000e+04  1.02890095e-01
 1.96500000e+04  1.00361166e-01
 1.97500000e+04  9.76325317e-02
 1.98500000e+04  9.67891309e-02
 1.99500000e+04  9.58210594e-02
 2.00500000e+04  9.51344249e-02
 2.01500000e+04  9.36435446e-02
 2.02500000e+04  9.16585670e-02
 2.03500000e+04  9.08915478e-02
 2.04500000e+04  8.87489670e-02
 2.05500000e+04  8.69755582e-02
 2.06500000e+04  8.59266656e-02
 2.07500000e+04  8.49609595e-02
 2.08500000e+04  8.46579072e-02
 2.09500000e+04  8.31321294e-02
 2.10500000e+04  8.25355226e-02
 2.11500000e+04  8.09831804e-02
 2.12500000e+04  8.03767484e-02
 2.13500000e+04  7.87867066e-02
 2.14500000e+04  7.76326481e-02
 2.15500000e+04  7.65393602e-02
 2.16500000e+04  7.43135565e-02
 2.17500000e+04  7.42939789e-02
 2.18500000e+04  7.29731471e-02
 2.19500000e+04  7.22971018e-02
 2.20500000e+04  7.14812479e-02
 2.21500000e+04  7.13673850e-02
 2.22500000e+04  6.99365475e-02
 2.23500000e+04  6.84764165e-02
 2.24500000e+04  6.75252298e-02
 2.25500000e+04  6.65259725e-02
 2.26500000e+04  6.53159833e-02
 2.27500000e+04  6.51790494e-02
 2.28500000e+04  6.42581388e-02
 2.29500000e+04  5.86179391e-02
 2.30500000e+04  5.93517710e-02
 2.31500000e+04  5.91080701e-02
 2.32500000e+04  5.45558454e-02
 2.33500000e+04  5.60435234e-02
 2.34500000e+04  5.46249856e-02
 2.35500000e+04  5.12586239e-02
 2.36500000e+04  5.24359353e-02
 2.37500000e+04  5.12269650e-02
 2.38500000e+04  4.85471287e-02
 2.39500000e+04  4.97265507e-02
 2.40500000e+04  4.85907597e-02
 2.41500000e+04  4.63443959e-02
 2.42500000e+04  4.73959450e-02
 2.43500000e+04  4.65265620e-02
 2.44500000e+04  4.48835006e-02
 2.45500000e+04  4.42712827e-02
 2.46500000e+04  4.46620702e-02
 2.47500000e+04  4.29035447e-02
 2.48500000e+04  4.17899878e-02
 2.49500000e+04  4.14741265e-02
 2.50500000e+04  4.18442447e-02
 2.51500000e+04  4.04401172e-02
 2.52500000e+04  4.04895706e-02
 2.53500000e+04  4.02953959e-02
 2.54500000e+04  3.96788112e-02
 2.55500000e+04  3.92574201e-02
 2.56500000e+04  3.88333726e-02
 2.57500000e+04  3.89670678e-02
 2.58500000e+04  3.83815598e-02
 2.59500000e+04  3.88648132e-02
 2.60500000e+04  3.86279535e-02
 2.61500000e+04  3.79583128e-02
 2.62500000e+04  3.66458142e-02
 2.63500000e+04  3.71586887e-02
 2.64500000e+04  3.67574574e-02
 2.65500000e+04  3.61754574e-02
 2.66500000e+04  3.57394013e-02
 2.67500000e+04  3.56162153e-02
 2.68500000e+04  3.53614156e-02
 2.69500000e+04  3.46462662e-02
 2.70500000e+04  3.45537749e-02
 2.71500000e+04  3.41420088e-02
 2.72500000e+04  3.37906858e-02
 2.73500000e+04  3.32736375e-02
 2.74500000e+04  3.30983744e-02
 2.75500000e+04  3.26105069e-02
 2.76500000e+04  3.23923842e-02
 2.77500000e+04  3.20027358e-02
 2.78500000e+04  3.17683543e-02
 2.79500000e+04  3.15915556e-02
 2.80500000e+04  3.09645598e-02
 2.81500000e+04  3.06761981e-02
 2.82500000e+04  3.04332723e-02
 2.83500000e+04  3.02858618e-02
 2.84500000e+04  3.00694022e-02
 2.85500000e+04  2.96350673e-02
 2.86500000e+04  2.92064966e-02
 2.87500000e+04  2.89078802e-02
 2.88500000e+04  2.87815939e-02
 2.89500000e+04  2.85045492e-02
 2.90500000e+04  2.81698199e-02
 2.91500000e+04  2.79666097e-02
 2.92500000e+04  2.75377369e-02
 2.93500000e+04  2.70305792e-02
 2.94500000e+04  2.64608206e-02
 2.95500000e+04  2.62244486e-02
 2.96500000e+04  2.58120785e-02
 2.97500000e+04  2.53316890e-02
 2.98500000e+04  2.52120511e-02
 2.99500000e+04  2.48487086e-02
 3.00500000e+04  2.57468175e-02
 3.01500000e+04  2.54195734e-02
 3.02500000e+04  2.50906955e-02
 3.03500000e+04  2.44767090e-02
 3.04500000e+04  2.42473093e-02
 3.05500000e+04  2.39869383e-02
 3.06500000e+04  2.36711789e-02
 3.07500000e+04  2.33999675e-02
 3.08500000e+04  2.31150882e-02
 3.09500000e+04  2.28568751e-02
 3.10500000e+04  2.26254011e-02
 3.11500000e+04  2.23487714e-02
 3.12500000e+04  2.22818728e-02
 3.13500000e+04  2.20739501e-02
 3.14500000e+04  2.18129242e-02
 3.15500000e+04  2.15675530e-02
 3.16500000e+04  2.13847574e-02
 3.17500000e+04  2.12403017e-02
 3.18500000e+04  2.10342932e-02
 3.19500000e+04  2.08932873e-02
 3.21000000e+04  2.06463550e-02
 3.23000000e+04  2.04362016e-02
 3.25000000e+04  2.03997138e-02
 3.27000000e+04  2.09742977e-02
 3.29000000e+04  2.31918665e-02
 3.31000000e+04  2.29453782e-02
 3.33000000e+04  1.98934477e-02
 3.35000000e+04  1.86188634e-02
 3.37000000e+04  1.78904936e-02
 3.39000000e+04  1.74336955e-02
 3.41000000e+04  1.70374933e-02
 3.43000000e+04  1.67059589e-02
 3.45000000e+04  1.64159378e-02
 3.47000000e+04  1.61383764e-02
 3.49000000e+04  1.58665973e-02
 3.51000000e+04  1.55828679e-02
 3.53000000e+04  1.52480731e-02
 3.55000000e+04  1.49794417e-02
 3.57000000e+04  1.47760859e-02
 3.59000000e+04  1.45510384e-02
 3.61000000e+04  1.42687755e-02
 3.63000000e+04  1.40162137e-02
 3.65000000e+04  1.37672255e-02
 3.67000000e+04  1.35931706e-02
 3.69000000e+04  1.33021196e-02
 3.71000000e+04  1.31427624e-02
 3.73000000e+04  1.29288646e-02
 3.75000000e+04  1.26302992e-02
 3.77000000e+04  1.25585899e-02
 3.79000000e+04  1.23787855e-02
 3.81000000e+04  1.22108586e-02
 3.83000000e+04  1.20618943e-02
 3.85000000e+04  1.19083522e-02
 3.87000000e+04  1.17283075e-02
 3.89000000e+04  1.15495584e-02
 3.91000000e+04  1.13162249e-02
 3.93000000e+04  1.11056931e-02
 3.95000000e+04  1.08627710e-02
 3.97000000e+04  1.06883740e-02
 3.99000000e+04  1.04744070e-02
 4.01000000e+04  1.02807782e-02
 4.03000000e+04  1.01178985e-02
 4.05000000e+04  9.92028139e-03
 4.07000000e+04  9.80428604e-03
 4.09000000e+04  9.59453298e-03
 4.11000000e+04  9.42802163e-03
 4.13000000e+04  9.28518898e-03
 4.15000000e+04  9.11550082e-03
 4.17000000e+04  8.93332741e-03
 4.19000000e+04  8.80465029e-03
 4.21000000e+04  8.65133380e-03
 4.23000000e+04  8.48374169e-03
 4.25000000e+04  8.30572397e-03
 4.27000000e+04  8.16622823e-03
 4.29000000e+04  7.98933859e-03
 4.31000000e+04  7.84078913e-03
 4.33000000e+04  7.70376061e-03
 4.35000000e+04  7.51279912e-03
 4.37000000e+04  7.35867842e-03
 4.39000000e+04  7.22262514e-03
 4.41000000e+04  7.09966118e-03
 4.43000000e+04  6.97255245e-03
 4.45000000e+04  6.83812578e-03
 4.47000000e+04  6.72125343e-03
 4.49000000e+04  6.65799018e-03
 4.51000000e+04  6.61779791e-03
 4.53000000e+04  6.50788689e-03
 4.55000000e+04  6.38956988e-03
 4.57000000e+04  6.25654057e-03
 4.59000000e+04  6.13835092e-03
 4.61000000e+04  6.10280196e-03
 4.63000000e+04  5.95304437e-03
 4.65000000e+04  5.81375241e-03
 4.67000000e+04  5.77139133e-03
 4.69000000e+04  5.67633088e-03
 4.71000000e+04  5.62328582e-03
 4.73000000e+04  5.60673949e-03
 4.75000000e+04  5.50311294e-03
 4.77000000e+04  5.35935235e-03
 4.79000000e+04  5.30163487e-03
 4.81000000e+04  5.23101002e-03
 4.83000000e+04  5.17787398e-03
 4.85000000e+04  5.13533095e-03
 4.87000000e+04  5.13718682e-03
 4.89000000e+04  5.10679426e-03
 4.91000000e+04  5.04024139e-03
 4.93000000e+04  4.99423771e-03
 4.95000000e+04  4.95737509e-03
 4.97000000e+04  4.90546902e-03
 4.99000000e+04  4.85468012e-03
 5.01000000e+04  4.85927248e-03
 5.03000000e+04  4.83613964e-03
 5.05000000e+04  4.74963074e-03
 5.07000000e+04  4.71645074e-03
 5.09000000e+04  4.68831433e-03
 5.11000000e+04  4.66259783e-03
 5.13000000e+04  4.63397380e-03
 5.15000000e+04  4.59731496e-03
 5.17000000e+04  4.57207152e-03
 5.19000000e+04  4.52334590e-03
 5.21000000e+04  4.49640671e-03
 5.23000000e+04  4.46685111e-03
 5.25000000e+04  4.43722637e-03
 5.27000000e+04  4.39862069e-03
 5.29000000e+04  4.34586311e-03
 5.31000000e+04  4.30606385e-03
 5.33000000e+04  4.29294541e-03
 5.35000000e+04  4.24579546e-03
 5.37000000e+04  4.20352899e-03
 5.39000000e+04  4.17813271e-03
 5.41000000e+04  4.13439246e-03
 5.43000000e+04  4.07016489e-03
 5.45000000e+04  4.01881922e-03
 5.47000000e+04  3.99074104e-03
 5.49000000e+04  3.97652000e-03
 5.51000000e+04  3.94535598e-03
 5.53000000e+04  3.92417362e-03
 5.55000000e+04  3.87492035e-03
 5.57000000e+04  3.86493142e-03
 5.59000000e+04  3.84188227e-03
 5.61000000e+04  3.81948450e-03
 5.63000000e+04  3.78260732e-03
 5.65000000e+04  3.76113384e-03
 5.67000000e+04  3.74625415e-03
 5.69000000e+04  3.73483147e-03
 5.71000000e+04  3.72172031e-03
 5.73000000e+04  3.70287780e-03
 5.75000000e+04  3.68661166e-03
 5.77000000e+04  3.67109879e-03
 5.79000000e+04  3.67348231e-03
 5.81000000e+04  3.66331143e-03
 5.83000000e+04  3.65334433e-03
 5.85000000e+04  3.65804222e-03
 5.87000000e+04  3.66697950e-03
 5.89000000e+04  3.67001802e-03
 5.91000000e+04  3.67358784e-03
 5.93000000e+04  3.70162599e-03
 5.95000000e+04  3.71715342e-03
 5.97000000e+04  3.77372099e-03
 5.99000000e+04  3.86189653e-03
 6.01000000e+04  3.96386735e-03
 6.03000000e+04  4.07974262e-03
 6.05000000e+04  4.20911842e-03
 6.07000000e+04  4.41101133e-03
 6.09000000e+04  4.66735394e-03
 6.11000000e+04  4.96880505e-03
 6.13000000e+04  5.32653625e-03
 6.15000000e+04  5.73893184e-03
 6.17000000e+04  6.15670581e-03
 6.19000000e+04  6.55134330e-03
 6.21000000e+04  6.81239836e-03
 6.23000000e+04  6.85242324e-03
 6.25000000e+04  6.66953295e-03
 6.27000000e+04  6.22052218e-03
 6.29000000e+04  5.74600597e-03
 6.31000000e+04  5.31266091e-03
 6.33000000e+04  4.93675313e-03
 6.35000000e+04  4.61331545e-03
 6.37000000e+04  4.33380725e-03
 6.39000000e+04  4.08746085e-03
 6.42000000e+04  3.77076616e-03
 6.46000000e+04  3.43061621e-03
 6.50000000e+04  3.23327054e-03
 6.54000000e+04  3.06889599e-03
 6.58000000e+04  2.97138835e-03
 6.62000000e+04  2.88644565e-03
 6.66000000e+04  2.81947504e-03
 6.70000000e+04  2.76880512e-03
 6.74000000e+04  2.71805333e-03
 6.78000000e+04  2.68490390e-03
 6.82000000e+04  2.65325699e-03
 6.86000000e+04  2.63332861e-03
 6.90000000e+04  2.63241560e-03
 6.94000000e+04  2.64850670e-03
 6.98000000e+04  2.66899620e-03
 7.02000000e+04  2.67246850e-03
 7.06000000e+04  2.66250613e-03
 7.10000000e+04  2.64639865e-03
 7.14000000e+04  2.63151532e-03
 7.18000000e+04  2.65680097e-03
 7.22000000e+04  2.69116072e-03
 7.26000000e+04  2.75827872e-03
 7.30000000e+04  2.90159354e-03
 7.34000000e+04  3.04136110e-03
 7.38000000e+04  3.23402635e-03
 7.42000000e+04  3.45479598e-03
 7.46000000e+04  3.68313282e-03
 7.50000000e+04  3.91816934e-03
 7.54000000e+04  4.14936677e-03
 7.58000000e+04  4.29909161e-03
 7.62000000e+04  4.42543980e-03
 7.66000000e+04  4.48631225e-03
 7.70000000e+04  4.42012328e-03
 7.74000000e+04  4.35629963e-03
 7.78000000e+04  4.20615267e-03
 7.82000000e+04  4.04037640e-03
 7.86000000e+04  3.85624523e-03
 7.90000000e+04  3.63627471e-03
 7.94000000e+04  3.41618447e-03
 7.98000000e+04  3.21971433e-03
 8.02000000e+04  3.02578382e-03
 8.06000000e+04  2.84869476e-03
 8.10000000e+04  2.70369765e-03
 8.14000000e+04  2.55553065e-03
 8.18000000e+04  2.47410574e-03
 8.22000000e+04  2.42074627e-03
 8.26000000e+04  2.37144861e-03
 8.30000000e+04  2.33922165e-03
 8.34000000e+04  2.31265727e-03
 8.38000000e+04  2.31823761e-03
 8.42000000e+04  2.33473955e-03
 8.46000000e+04  2.35859654e-03
 8.50000000e+04  2.39358256e-03
 8.54000000e+04  2.43050886e-03
 8.58000000e+04  2.40422650e-03
 8.62000000e+04  2.33848367e-03
 8.66000000e+04  2.24822519e-03
 8.70000000e+04  2.09962333e-03
 8.74000000e+04  1.94942725e-03
 8.78000000e+04  1.82900110e-03
 8.82000000e+04  1.71721419e-03
 8.86000000e+04  1.61076927e-03
 8.90000000e+04  1.51711164e-03
 8.94000000e+04  1.43536832e-03
 8.98000000e+04  1.39181912e-03
 9.02000000e+04  1.33603902e-03
 9.06000000e+04  1.27608103e-03
 9.10000000e+04  1.24897482e-03
 9.14000000e+04  1.23080260e-03
 9.18000000e+04  1.21591017e-03
 9.22000000e+04  1.20589722e-03
 9.26000000e+04  1.19030975e-03
 9.30000000e+04  1.15976363e-03
 9.34000000e+04  1.12778194e-03
 9.38000000e+04  1.10568328e-03
 9.42000000e+04  1.08225751e-03
 9.46000000e+04  1.06609144e-03
 9.50000000e+04  1.06168431e-03
 9.54000000e+04  1.05478594e-03
 9.58000000e+04  1.04769106e-03
 9.62000000e+04  1.03979016e-03
 9.66000000e+04  1.03550857e-03
 9.70000000e+04  1.01548667e-03
 9.74000000e+04  9.98966537e-04
 9.78000000e+04  9.79554162e-04
 9.82000000e+04  9.59341218e-04
 9.86000000e+04  9.44581249e-04
 9.90000000e+04  9.39803300e-04
 9.94000000e+04  9.36765136e-04
 9.98000000e+04  9.35480584e-04
 1.00000000e+05  9.32768470e-04
 1.00900000e+05  9.01140849e-04
 1.01900000e+05  8.55549462e-04
 1.02800000e+05  8.56362405e-04
 1.03800000e+05  8.92358957e-04
 1.04700000e+05  9.25954525e-04
 1.05700000e+05  9.15746890e-04
 1.06700000e+05  9.02502910e-04
 1.07600000e+05  8.90245815e-04
 1.08600000e+05  8.93369131e-04
 1.09600000e+05  1.00458618e-03
 1.10700000e+05  1.28184368e-03
 1.11700000e+05  1.69474145e-03
 1.12700000e+05  1.97834203e-03
 1.13800000e+05  1.73665531e-03
 1.14800000e+05  1.41249530e-03
 1.15900000e+05  1.19469797e-03
 1.16900000e+05  1.08297547e-03
 1.18000000e+05  1.04970523e-03
 1.19100000e+05  1.04795234e-03
 1.20200000e+05  1.02340576e-03
 1.21300000e+05  9.89224324e-04
 1.22500000e+05  1.00269319e-03
 1.23600000e+05  1.03897031e-03
 1.24700000e+05  1.08598125e-03
 1.25900000e+05  1.24272928e-03
 1.27100000e+05  1.44318371e-03
 1.28200000e+05  1.44434017e-03
 1.29400000e+05  1.04226975e-03
 1.30600000e+05  8.07169180e-04
 1.31800000e+05  7.58287813e-04
 1.33000000e+05  7.36274313e-04
 1.34300000e+05  7.22834194e-04
 1.35500000e+05  6.82864266e-04
 1.36800000e+05  6.42693104e-04
 1.38000000e+05  6.19316815e-04
 1.39300000e+05  6.09373732e-04
 1.40600000e+05  5.92811752e-04
 1.41900000e+05  5.76015423e-04
 1.43200000e+05  5.57774065e-04
 1.44500000e+05  4.89114973e-04
 1.45900000e+05  4.55408416e-04
 1.47200000e+05  4.68049785e-04
 1.48600000e+05  4.61646678e-04
 1.50000000e+05  4.72603939e-04
 1.51400000e+05  4.62701976e-04
 1.52800000e+05  4.50840435e-04
 1.54200000e+05  5.39080385e-04
 1.55600000e+05  6.07426891e-04
 1.57000000e+05  4.91592738e-04
 1.58500000e+05  4.38498552e-04
 1.60000000e+05  5.29771208e-04
 1.61400000e+05  5.30209702e-04
 1.62900000e+05  5.31511357e-04
 1.64400000e+05  5.32671092e-04
 1.66000000e+05  5.34803520e-04
 1.67500000e+05  5.36345346e-04
 1.69000000e+05  5.38000707e-04
 1.70600000e+05  5.39430089e-04
 1.72200000e+05  5.41624379e-04
 1.73800000e+05  5.43649458e-04
 1.75400000e+05  5.45695279e-04
 1.77000000e+05  5.47717811e-04
 1.78600000e+05  5.49562761e-04
 1.80300000e+05  5.51991400e-04
 1.82000000e+05  5.54357450e-04
 1.83700000e+05  5.63367140e-04
 1.85400000e+05  5.90262300e-04
 1.87100000e+05  6.13291796e-04
 1.88800000e+05  5.95287698e-04
 1.90500000e+05  5.73680669e-04
 1.92300000e+05  5.70510411e-04
 1.94100000e+05  5.73218158e-04
 1.95900000e+05  5.75669723e-04
 1.97700000e+05  5.79293395e-04
 1.99500000e+05  5.82984752e-04
 2.01400000e+05  5.86537100e-04
 2.03200000e+05  5.90263755e-04
 2.05100000e+05  5.94302268e-04
 2.07000000e+05  5.97686134e-04
 2.08900000e+05  6.01590733e-04
 2.10900000e+05  6.06235496e-04
 2.12800000e+05  6.09824963e-04
 2.14800000e+05  6.14514849e-04
 2.16800000e+05  6.18594482e-04
 2.18800000e+05  6.23819659e-04
 2.20800000e+05  6.27924038e-04
 2.22800000e+05  6.32223828e-04
 2.24900000e+05  6.37277974e-04
 2.27000000e+05  6.42230593e-04
 2.29100000e+05  6.47414285e-04
 2.31200000e+05  6.52270836e-04
 2.33300000e+05  6.57405767e-04
 2.35500000e+05  6.62746298e-04
 2.37700000e+05  6.68193087e-04
 2.39900000e+05  6.73664258e-04
 2.42100000e+05  6.79086302e-04
 2.44300000e+05  6.84844222e-04
 2.46600000e+05  6.90597047e-04
 2.48900000e+05  6.96442666e-04
 2.51200000e+05  7.02166016e-04
 2.53500000e+05  7.08036379e-04
 2.55900000e+05  7.14297931e-04
 2.58200000e+05  7.20288016e-04
 2.60600000e+05  7.26471330e-04
 2.63000000e+05  7.32783099e-04
 2.65500000e+05  7.39469317e-04
 2.67900000e+05  7.45738146e-04
 2.70400000e+05  7.52486590e-04
 2.72900000e+05  7.59200099e-04
 2.75400000e+05  7.65891411e-04
 2.78000000e+05  7.72920782e-04
 2.80500000e+05  7.79775484e-04
 2.83100000e+05  7.86824505e-04
 2.85800000e+05  7.94218500e-04
 2.88400000e+05  8.01321742e-04
 2.91100000e+05  8.08772140e-04
 2.93800000e+05  8.16199613e-04
 2.96500000e+05  8.23672936e-04
 2.99200000e+05  8.33578174e-04
 3.02000000e+05  8.43888064e-04
 3.04800000e+05  8.49009167e-04
 3.07600000e+05  8.53733259e-04
 3.10500000e+05  8.58044330e-04
 3.13300000e+05  8.61768802e-04
 3.16200000e+05  8.65151211e-04
 3.19200000e+05  8.68177003e-04
 3.22100000e+05  8.70755567e-04
 3.25100000e+05  8.73321031e-04
 3.28100000e+05  8.80370417e-04
 3.31100000e+05  9.04671000e-04
 3.34200000e+05  9.33225523e-04
 3.37300000e+05  9.17943364e-04
 3.40400000e+05  8.87935442e-04
 3.43600000e+05  8.78225616e-04
 3.46700000e+05  8.77676498e-04
 3.49900000e+05  8.76365018e-04
 3.53200000e+05  8.73779176e-04
 3.56500000e+05  8.71724621e-04
 3.59700000e+05  8.69909874e-04
 3.63100000e+05  8.67054021e-04
 3.66400000e+05  8.63782600e-04
 3.69800000e+05  8.60333598e-04
 3.73300000e+05  8.56853300e-04
 3.76700000e+05  8.53011291e-04
 3.80200000e+05  8.49281725e-04
 3.83700000e+05  8.44762141e-04
 3.87300000e+05  8.40679597e-04
 3.90800000e+05  8.35672757e-04
 3.94500000e+05  8.30978504e-04
 3.98100000e+05  8.25706749e-04
 4.01800000e+05  8.20517962e-04
 4.05500000e+05  8.15100284e-04
 4.09300000e+05  8.09758661e-04
 4.13000000e+05  8.03921776e-04
 4.16900000e+05  7.97994644e-04
 4.20700000e+05  7.92331337e-04
 4.24600000e+05  7.86563228e-04
 4.28500000e+05  7.80560406e-04
 4.32500000e+05  7.74474253e-04
 4.36500000e+05  7.68477981e-04
 4.40600000e+05  7.62400561e-04
 4.44600000e+05  7.56295485e-04
 4.48700000e+05  7.50124179e-04
 4.52900000e+05  7.44397554e-04
 4.57100000e+05  7.38314676e-04
 4.61300000e+05  7.32271462e-04
 4.65600000e+05  7.26178394e-04
 4.69900000e+05  7.20654459e-04
 4.74200000e+05  7.14799379e-04
 4.78600000e+05  7.09147717e-04
 4.83100000e+05  7.03385794e-04
 4.87500000e+05  6.98053996e-04
 4.92000000e+05  6.92708733e-04
 4.96600000e+05  6.87585083e-04
 5.01200000e+05  6.82485087e-04
 5.05800000e+05  6.78360694e-04
 5.10500000e+05  6.78630341e-04
 5.15200000e+05  6.85544357e-04
 5.20000000e+05  6.82428683e-04
 5.24800000e+05  6.66879788e-04
 5.29700000e+05  6.55664526e-04
 5.34600000e+05  6.50569260e-04
 5.39500000e+05  6.46507457e-04
 5.44500000e+05  6.42848851e-04
 5.49500000e+05  6.39024672e-04
 5.54600000e+05  6.35542192e-04
 5.59800000e+05  6.32314074e-04
 5.64900000e+05  6.30607040e-04
 5.70200000e+05  6.31028795e-04
 5.75400000e+05  6.28266099e-04
 5.80800000e+05  6.21855715e-04
 5.86100000e+05  6.17361604e-04
 5.91600000e+05  6.14402405e-04
 5.97000000e+05  6.12074929e-04
 6.02600000e+05  6.09677585e-04
 6.08100000e+05  6.07286063e-04
 6.13800000e+05  6.05060478e-04
 6.19400000e+05  6.02878196e-04
 6.25200000e+05  6.00929535e-04
 6.31000000e+05  5.98959768e-04
 6.36800000e+05  5.97119548e-04
 6.42700000e+05  5.95210188e-04
 6.48600000e+05  5.93303739e-04
 6.54600000e+05  5.91631639e-04
 6.60700000e+05  5.89719367e-04
 6.66800000e+05  5.88140424e-04
 6.73000000e+05  5.86322766e-04
 6.79200000e+05  5.84723081e-04
 6.85500000e+05  5.82939265e-04
 6.91800000e+05  5.81172552e-04
 6.98200000e+05  5.79563405e-04
 7.04700000e+05  5.77799967e-04
 7.11200000e+05  5.75958292e-04
 7.17800000e+05  5.74062760e-04
 7.24400000e+05  5.72360456e-04
 7.31100000e+05  5.70384139e-04
 7.37900000e+05  5.68357968e-04
 7.44700000e+05  5.66309964e-04
 7.51600000e+05  5.64215745e-04
 7.58600000e+05  5.61954862e-04
 7.65600000e+05  5.59722362e-04
 7.72700000e+05  5.57333752e-04
 7.79800000e+05  5.54938955e-04
 7.87000000e+05  5.52324001e-04
 7.94300000e+05  5.49684302e-04
 8.01700000e+05  5.46894315e-04
 8.09100000e+05  5.44008623e-04
 8.16600000e+05  5.41055974e-04
 8.24100000e+05  5.37984331e-04
 8.31800000e+05  5.34811162e-04
 8.39500000e+05  5.31516087e-04
 8.47200000e+05  5.28091830e-04
 8.55100000e+05  5.24488900e-04
 8.63000000e+05  5.21416529e-04
 8.71000000e+05  5.20994046e-04
 8.79000000e+05  5.23805504e-04
 8.87200000e+05  5.20166548e-04
 8.95400000e+05  5.09285706e-04
 9.03600000e+05  5.01491426e-04
 9.12000000e+05  4.96549724e-04
 9.20400000e+05  4.92079994e-04
 9.29000000e+05  4.87478899e-04
 9.37600000e+05  4.82753714e-04
 9.46200000e+05  4.78015430e-04
 9.55000000e+05  4.73070089e-04
 9.63800000e+05  4.68124384e-04
 9.72700000e+05  4.63099350e-04
 9.81700000e+05  4.57881815e-04
 9.90800000e+05  4.52602418e-04
 1.00000000e+06  4.47268072e-04
 1.00900000e+06  4.42046170e-04
 1.01900000e+06  4.36080830e-04
 1.02800000e+06  4.30773049e-04
 1.03800000e+06  4.24870299e-04
 1.04700000e+06  4.19492649e-04
 1.05700000e+06  4.13556057e-04
 1.06700000e+06  4.07665315e-04
 1.07600000e+06  4.02270199e-04
 1.08600000e+06  3.96364174e-04
 1.09600000e+06  3.90413025e-04
 1.10700000e+06  3.83917125e-04
 1.11700000e+06  3.77998727e-04
 1.12700000e+06  3.72138189e-04
 1.13800000e+06  3.65780205e-04
 1.14800000e+06  3.59960532e-04
 1.15900000e+06  3.53675254e-04
 1.16900000e+06  3.47987494e-04
 1.18000000e+06  3.41780636e-04
 1.19100000e+06  3.35603508e-04
 1.20200000e+06  3.29608656e-04
 1.21300000e+06  3.23757761e-04
 1.22500000e+06  3.17265754e-04
 1.23600000e+06  3.11162934e-04
 1.24700000e+06  3.05234565e-04
 1.25900000e+06  2.98988734e-04
 1.27100000e+06  2.92795995e-04
 1.28200000e+06  2.87230176e-04
 1.29400000e+06  2.81237289e-04
 1.30600000e+06  2.75279263e-04
 1.31800000e+06  2.69491030e-04
 1.33000000e+06  2.63800431e-04
 1.34300000e+06  2.57692625e-04
 1.35500000e+06  2.52204461e-04
 1.36800000e+06  2.46322271e-04
 1.38000000e+06  2.41025480e-04
 1.39300000e+06  2.35416284e-04
 1.40600000e+06  2.29913964e-04
 1.41900000e+06  2.24515609e-04
 1.43200000e+06  2.19218782e-04
 1.44500000e+06  2.14021079e-04
 1.45900000e+06  2.08577274e-04
 1.47200000e+06  2.03627893e-04
 1.48600000e+06  1.98447112e-04
 1.50000000e+06  1.93321861e-04
 1.51400000e+06  1.88402211e-04
 1.52800000e+06  1.83582014e-04
 1.54200000e+06  1.78879427e-04
 1.55600000e+06  1.74410971e-04
 1.57000000e+06  1.70096043e-04
 1.58500000e+06  1.65397678e-04
 1.60000000e+06  1.60671293e-04
 1.61400000e+06  1.56435948e-04
 1.62900000e+06  1.52117527e-04
 1.64400000e+06  1.47942844e-04
 1.66000000e+06  1.43595310e-04
 1.67500000e+06  1.39676082e-04
 1.69000000e+06  1.35832326e-04
 1.70600000e+06  1.31867319e-04
 1.72200000e+06  1.28025601e-04
 1.73800000e+06  1.24264048e-04
 1.75400000e+06  1.20655478e-04
 1.77000000e+06  1.17156367e-04
 1.78600000e+06  1.13762822e-04
 1.80300000e+06  1.10241659e-04
 1.82000000e+06  1.06866455e-04
 1.83700000e+06  1.03596744e-04
 1.85400000e+06  1.00428378e-04
 1.87100000e+06  9.73575722e-05
 1.88800000e+06  9.44130382e-05
 1.90500000e+06  9.15258178e-05
 1.92300000e+06  8.86019532e-05
 1.94100000e+06  8.57703360e-05
 1.95900000e+06  8.30574580e-05
 1.97700000e+06  8.03992371e-05
 1.99500000e+06  7.78526230e-05
 2.01400000e+06  7.52880325e-05
 2.03200000e+06  7.29550251e-05
 2.05100000e+06  7.05703809e-05
 2.07000000e+06  6.82068790e-05
 2.08900000e+06  6.59316582e-05
 2.10900000e+06  6.36639337e-05
 2.12800000e+06  6.15873999e-05
 2.14800000e+06  5.94943816e-05
 2.16800000e+06  5.74677743e-05
 2.18800000e+06  5.55049943e-05
 2.20800000e+06  5.36509463e-05
 2.22800000e+06  5.18309225e-05
 2.24900000e+06  5.00224706e-05
 2.27000000e+06  4.82716597e-05
 2.29100000e+06  4.65983950e-05
 2.31200000e+06  4.49777132e-05
 2.33300000e+06  4.34287552e-05
 2.35500000e+06  4.18712457e-05
 2.37700000e+06  4.03636991e-05
 2.39900000e+06  3.89242373e-05
 2.42100000e+06  3.75499128e-05
 2.44300000e+06  3.62185244e-05
 2.46600000e+06  3.49001489e-05
 2.48900000e+06  3.36241235e-05
 2.51200000e+06  3.24070529e-05
 2.53500000e+06  3.12284169e-05
 2.55900000e+06  3.00632451e-05
 2.58200000e+06  2.89755284e-05
 2.60600000e+06  2.79169452e-05
 2.63000000e+06  2.68753123e-05
 2.65500000e+06  2.58471326e-05
 2.67900000e+06  2.49032165e-05
 2.70400000e+06  2.39708469e-05
 2.72900000e+06  2.30683167e-05
 2.75400000e+06  2.22096795e-05
 2.78000000e+06  2.13477601e-05
 2.80500000e+06  2.05578155e-05
 2.83100000e+06  1.97783512e-05
 2.85800000e+06  1.89962668e-05
 2.88400000e+06  1.82802731e-05
 2.91100000e+06  1.75746505e-05
 2.93800000e+06  1.68917785e-05
 2.96500000e+06  1.62438734e-05
 2.99200000e+06  1.56165064e-05
 3.02000000e+06  1.49989465e-05
 3.04800000e+06  1.44137697e-05
 3.07600000e+06  1.38595239e-05
 3.10500000e+06  1.33022870e-05
 3.13300000e+06  1.27948964e-05
 3.16200000e+06  1.22839616e-05
 3.19200000e+06  1.17820404e-05
 3.22100000e+06  1.13258681e-05
 3.25100000e+06  1.08718684e-05
 3.28100000e+06  1.04389454e-05
 3.31100000e+06  1.00261786e-05
 3.34200000e+06  9.61865926e-06
 3.37300000e+06  9.23146707e-06
 3.40400000e+06  8.86071205e-06
 3.43600000e+06  8.49780262e-06
 3.46700000e+06  8.16102453e-06
 3.49900000e+06  7.83032713e-06
 3.53200000e+06  7.50596880e-06
 3.56500000e+06  7.19675944e-06
 3.59700000e+06  6.91035541e-06
 3.63100000e+06  6.62119670e-06
 3.66400000e+06  6.35359880e-06
 3.69800000e+06  6.09200518e-06
 3.73300000e+06  5.83489111e-06
 3.76700000e+06  5.59734007e-06
 3.80200000e+06  5.36449420e-06
 3.83700000e+06  5.14231411e-06
 3.87300000e+06  4.92547600e-06
 3.90800000e+06  4.72494042e-06
 3.94500000e+06  4.52315668e-06
 3.98100000e+06  4.33603065e-06
 4.01800000e+06  4.15350062e-06
 4.05500000e+06  3.97969317e-06
 4.09300000e+06  3.81028522e-06
 4.13000000e+06  3.65291857e-06
 4.16900000e+06  3.49582994e-06
 4.20700000e+06  3.35006938e-06
 4.24600000e+06  3.20743140e-06
 4.28500000e+06  3.07255532e-06
 4.32500000e+06  2.94064172e-06
 4.36500000e+06  2.81484228e-06
 4.40600000e+06  2.69307299e-06
 4.44600000e+06  2.57996296e-06
 4.48700000e+06  2.46991402e-06
 4.52900000e+06  2.36292836e-06
 4.57100000e+06  2.26109727e-06
 4.61300000e+06  2.16419478e-06
 4.65600000e+06  2.07058483e-06
 4.69900000e+06  1.98106833e-06
 4.74200000e+06  1.89649863e-06
 4.78600000e+06  1.81387432e-06
 4.83100000e+06  1.73420739e-06
 4.87500000e+06  1.65978200e-06
 4.92000000e+06  1.58803999e-06
 4.96600000e+06  1.51800173e-06
 5.01200000e+06  1.45163591e-06
 5.05800000e+06  1.38877768e-06
 5.10500000e+06  1.32786046e-06
 5.15200000e+06  1.27023105e-06
 5.20000000e+06  1.21399353e-06
 5.24800000e+06  1.16084949e-06
 5.29700000e+06  1.10941540e-06
 5.34600000e+06  1.06047290e-06
 5.39500000e+06  1.01430910e-06
 5.44500000e+06  9.69270473e-07
 5.49500000e+06  9.26843522e-07
 5.54600000e+06  8.85838312e-07
 5.59800000e+06  8.45865109e-07
 5.64900000e+06  8.08940260e-07
 5.70200000e+06  7.72654047e-07
 5.75400000e+06  7.38863794e-07
 5.80800000e+06  7.05325721e-07
 5.86100000e+06  6.74467375e-07
 5.91600000e+06  6.43831005e-07
 5.97000000e+06  6.15382012e-07
 6.02600000e+06  5.87773254e-07
 6.08100000e+06  5.61569132e-07
 6.13800000e+06  5.36163034e-07
 6.19400000e+06  5.12359896e-07
 6.25200000e+06  4.89302743e-07
 6.31000000e+06  4.67292882e-07
 6.36800000e+06  4.46284826e-07
 6.42700000e+06  4.26103177e-07
 6.48600000e+06  4.07127477e-07
 6.54600000e+06  3.88914867e-07
 6.60700000e+06  3.71181143e-07
 6.66800000e+06  3.54288237e-07
 6.73000000e+06  3.38353540e-07
 6.79200000e+06  3.22939214e-07
 6.85500000e+06  3.08426366e-07
 6.91800000e+06  2.94386183e-07
 6.98200000e+06  2.81194021e-07
 7.04700000e+06  2.68354148e-07
 7.11200000e+06  2.56163063e-07
 7.17800000e+06  2.44299266e-07
 7.24400000e+06  2.33263805e-07
 7.31100000e+06  2.22740600e-07
 7.37900000e+06  2.12480381e-07
 7.44700000e+06  2.02827068e-07
 7.51600000e+06  1.93537360e-07
 7.58600000e+06  1.84622427e-07
 7.65600000e+06  1.76196753e-07
 7.72700000e+06  1.68117361e-07
 7.79800000e+06  1.60453574e-07
 7.87000000e+06  1.53110925e-07
 7.94300000e+06  1.46079989e-07
 8.01700000e+06  1.39315680e-07
 8.09100000e+06  1.32932223e-07
 8.16600000e+06  1.26794542e-07
 8.24100000e+06  1.21010240e-07
 8.31800000e+06  1.15374225e-07
 8.39500000e+06  1.10054872e-07
 8.47200000e+06  1.05021577e-07
 8.55100000e+06  1.00135733e-07
 8.63000000e+06  9.55189533e-08
 8.71000000e+06  9.11077018e-08
 8.79000000e+06  8.69151879e-08
 8.87200000e+06  8.28651028e-08
 8.95400000e+06  7.90346287e-08
 9.03600000e+06  7.53996028e-08
 9.12000000e+06  7.18921588e-08
 9.20400000e+06  6.85814367e-08
 9.29000000e+06  6.53633989e-08
 9.37600000e+06  6.23302200e-08
 9.46200000e+06  5.94604666e-08
 9.55000000e+06  5.66725533e-08
 9.63800000e+06  5.40506128e-08
 9.72700000e+06  5.15399152e-08
 9.81700000e+06  4.91369670e-08
 9.90800000e+06  4.68500288e-08
 1.00000000e+07  4.46634894e-08
 1.00900000e+07  4.26268385e-08
 1.01900000e+07  4.05021614e-08
 1.02800000e+07  3.86963295e-08
 1.03800000e+07  3.68003971e-08
 1.04700000e+07  3.51873280e-08
 1.05700000e+07  3.34921495e-08
 1.06700000e+07  3.18927192e-08
 1.07600000e+07  3.05300321e-08
 1.08600000e+07  2.90958541e-08
 1.09600000e+07  2.77408052e-08
 1.10700000e+07  2.63355605e-08
 1.11700000e+07  2.51306003e-08
 1.12700000e+07  2.39904208e-08
 1.13800000e+07  2.28061481e-08
 1.14800000e+07  2.17892455e-08
 1.15900000e+07  2.07319942e-08
 1.16900000e+07  1.98232377e-08
 1.18000000e+07  1.88775022e-08
 1.19100000e+07  1.79847935e-08
 1.20200000e+07  1.71415929e-08
 1.21300000e+07  1.63448653e-08
 1.22500000e+07  1.55252269e-08
 1.23600000e+07  1.48163765e-08
 1.24700000e+07  1.41455422e-08
 1.25900000e+07  1.34543517e-08
 1.27100000e+07  1.28028548e-08
 1.28200000e+07  1.22382635e-08
 1.29400000e+07  1.16557104e-08
 1.30600000e+07  1.11057513e-08
 1.31800000e+07  1.05862904e-08
 1.33000000e+07  1.00953880e-08
 1.34300000e+07  9.59375060e-09
 1.35500000e+07  9.15678114e-09
 1.36800000e+07  8.70976088e-09
 1.38000000e+07  8.31997412e-09
 1.39300000e+07  7.92084252e-09
 1.40600000e+07  7.54422878e-09
 1.41900000e+07  7.18868459e-09
 1.43200000e+07  6.85289266e-09
 1.44500000e+07  6.53558662e-09
 1.45900000e+07  6.21319333e-09
 1.47200000e+07  5.93062112e-09
 1.48600000e+07  5.64323094e-09
 1.50000000e+07  5.37223062e-09
 1.51400000e+07  5.11658669e-09
 1.52800000e+07  4.87528025e-09
 1.54200000e+07  4.64740519e-09
 1.55600000e+07  4.43211000e-09
 1.57000000e+07  4.22854317e-09
 1.58500000e+07  4.02271655e-09
 1.60000000e+07  3.82869106e-09
 1.61400000e+07  3.65757279e-09
 1.62900000e+07  3.48426315e-09
 1.64400000e+07  3.32066297e-09
 1.66000000e+07  3.15613559e-09
 1.67500000e+07  3.01065195e-09
 1.69000000e+07  2.87312707e-09
 1.70600000e+07  2.73458511e-09
 1.72200000e+07  2.60396552e-09
 1.73800000e+07  2.48072063e-09
 1.75400000e+07  2.36438940e-09
 1.77000000e+07  2.25451585e-09
 1.78600000e+07  2.15067279e-09
 1.80300000e+07  2.04657900e-09
 1.82000000e+07  1.94845237e-09
 1.83700000e+07  1.85590681e-09
 1.85400000e+07  1.76856968e-09
 1.87100000e+07  1.68611676e-09
 1.88800000e+07  1.60824675e-09
 1.90500000e+07  1.53463831e-09
 1.92300000e+07  1.46104079e-09
 1.94100000e+07  1.39166010e-09
 1.95900000e+07  1.32619491e-09
 1.97700000e+07  1.26440071e-09
 1.99500000e+07  1.20605078e-09
 2.01400000e+07  1.14791482e-09
 2.03200000e+07  1.09593780e-09
 2.05100000e+07  1.04410123e-09
 2.07000000e+07  9.95222415e-10
 2.08900000e+07  9.49048431e-10
 2.10900000e+07  9.03215782e-10
 2.12800000e+07  8.62131242e-10
 2.14800000e+07  8.21308343e-10
 2.16800000e+07  7.82785264e-10
 2.18800000e+07  7.46433186e-10
 2.20800000e+07  7.12115285e-10
 2.22800000e+07  6.79676177e-10
 2.24900000e+07  6.47537646e-10
 2.27000000e+07  6.17224779e-10
 2.29100000e+07  5.88604027e-10
 2.31200000e+07  5.61602611e-10
 2.33300000e+07  5.36084433e-10
 2.35500000e+07  5.10851185e-10
 2.37700000e+07  4.87045499e-10
 2.39900000e+07  4.64585499e-10
 2.42100000e+07  4.43384578e-10
 2.44300000e+07  4.23357585e-10
 2.46600000e+07  4.03575856e-10
 2.48900000e+07  3.84925116e-10
 2.51200000e+07  3.67319119e-10
 2.53500000e+07  3.50695423e-10
 2.55900000e+07  3.34314735e-10
 2.58200000e+07  3.19515466e-10
 2.60600000e+07  3.04900618e-10
 2.63000000e+07  2.91100533e-10
 2.65500000e+07  2.77557285e-10
 2.67900000e+07  2.65259907e-10
 2.70400000e+07  2.53185451e-10
 2.72900000e+07  2.41773867e-10
 2.75400000e+07  2.30989348e-10
 2.78000000e+07  2.20403407e-10
 2.80500000e+07  2.10801476e-10
 2.83100000e+07  2.01362389e-10
 2.85800000e+07  1.92101246e-10
 2.88400000e+07  1.83691510e-10
 2.91100000e+07  1.75431589e-10
 2.93800000e+07  1.67629268e-10
 2.96500000e+07  1.60278176e-10
 2.99200000e+07  1.53321803e-10
 3.02000000e+07  1.46497741e-10
 3.04800000e+07  1.40063049e-10
 3.07600000e+07  1.33981844e-10
 3.10500000e+07  1.28031787e-10
 3.13300000e+07  1.22599153e-10
 3.16200000e+07  1.17284094e-10
 3.19200000e+07  1.12097127e-10
 3.22100000e+07  1.07353347e-10
 3.25100000e+07  1.02723758e-10
 3.28100000e+07  9.83367788e-11
 3.31100000e+07  9.41961565e-11
 3.34200000e+07  9.01462169e-11
 3.37300000e+07  8.63153061e-11
 3.40400000e+07  8.26931985e-11
 3.43600000e+07  7.91689425e-11
 3.46700000e+07  7.59289981e-11
 3.49900000e+07  7.27749695e-11
 3.53200000e+07  6.97003793e-11
 3.56500000e+07  6.67855028e-11
 3.59700000e+07  6.41153462e-11
 3.63100000e+07  6.14410775e-11
 3.66400000e+07  5.89798333e-11
 3.69800000e+07  5.65745926e-11
 3.73300000e+07  5.42312869e-11
 3.76700000e+07  5.20779712e-11
 3.80200000e+07  5.00057314e-11
 3.83700000e+07  4.80126388e-11
 3.87300000e+07  4.60807899e-11
 3.90800000e+07  4.43050886e-11
 3.94500000e+07  4.25364833e-11
 3.98100000e+07  4.08951686e-11
 4.01800000e+07  3.92978853e-11
 4.05500000e+07  3.77984899e-11
 4.09300000e+07  3.63275075e-11
 4.13000000e+07  3.49699004e-11
 4.16900000e+07  3.36129628e-11
 4.20700000e+07  3.23746443e-11
 4.24600000e+07  3.11498155e-11
 4.28500000e+07  3.00129256e-11
 4.32500000e+07  2.88866796e-11
 4.36500000e+07  2.78223906e-11
 4.40600000e+07  2.67944874e-11
 4.44600000e+07  2.58317871e-11
 4.48700000e+07  2.49099886e-11
 4.52900000e+07  2.40020291e-11
 4.57100000e+07  2.31499967e-11
 4.61300000e+07  2.23428071e-11
 4.65600000e+07  2.15471712e-11
 4.69900000e+07  2.08025936e-11
 4.74200000e+07  2.00929244e-11
 4.78600000e+07  1.94031785e-11
 4.83100000e+07  1.87260561e-11
 4.87500000e+07  1.81071170e-11
 4.92000000e+07  1.74988619e-11
 4.96600000e+07  1.69090854e-11
 5.01200000e+07  1.63549197e-11
 5.05800000e+07  1.58151461e-11
 5.10500000e+07  1.53049281e-11
 5.15200000e+07  1.48122754e-11
 5.20000000e+07  1.43290257e-11
 5.24800000e+07  1.38775186e-11
 5.29700000e+07  1.34342610e-11
 5.34600000e+07  1.30110104e-11
 5.39500000e+07  1.26167295e-11
 5.44500000e+07  1.22246757e-11
 5.49500000e+07  1.18485459e-11
 5.54600000e+07  1.14917718e-11
 5.59800000e+07  1.11411038e-11
 5.64900000e+07  1.08151661e-11
 5.70200000e+07  1.04891739e-11
 5.75400000e+07  1.01852556e-11
 5.80800000e+07  9.88810575e-12
 5.86100000e+07  9.60594474e-12
 5.91600000e+07  9.32522113e-12
 5.97000000e+07  9.06251399e-12
 6.02600000e+07  8.80474855e-12
 6.08100000e+07  8.55734685e-12
 6.13800000e+07  8.31969392e-12
 6.19400000e+07  8.09265582e-12
 6.25200000e+07  7.87215329e-12
 6.31000000e+07  7.65919067e-12
 6.36800000e+07  7.45053294e-12
 6.42700000e+07  7.25320328e-12
 6.48600000e+07  7.06421047e-12
 6.54600000e+07  6.87620745e-12
 6.60700000e+07  6.69804053e-12
 6.66800000e+07  6.52402202e-12
 6.73000000e+07  6.35702670e-12
 6.79200000e+07  6.19630857e-12
 6.85500000e+07  6.03615812e-12
 6.91800000e+07  5.88892960e-12
 6.98200000e+07  5.74295289e-12
 7.04700000e+07  5.59846087e-12
 7.11200000e+07  5.46358297e-12
 7.17800000e+07  5.33005148e-12
 7.24400000e+07  5.19707675e-12
 7.31100000e+07  5.07577216e-12
 7.37900000e+07  4.95461312e-12
 7.44700000e+07  4.83684923e-12
 7.51600000e+07  4.72196739e-12
 7.58600000e+07  4.60980750e-12
 7.65600000e+07  4.50608997e-12
 7.72700000e+07  4.39990524e-12
 7.79800000e+07  4.29939728e-12
 7.87000000e+07  4.20119278e-12
 7.94300000e+07  4.10781353e-12
 8.01700000e+07  4.01472176e-12
 8.09100000e+07  3.92525075e-12
 8.16600000e+07  3.83745366e-12
 8.24100000e+07  3.75097388e-12
 8.31800000e+07  3.66715053e-12
 8.39500000e+07  3.58949703e-12
 8.47200000e+07  3.51158516e-12
 8.55100000e+07  3.43462707e-12
 8.63000000e+07  3.36069003e-12
 8.71000000e+07  3.28703793e-12
 8.79000000e+07  3.21834427e-12
 8.87200000e+07  3.14940752e-12
 8.95400000e+07  3.08290415e-12
 9.03600000e+07  3.01862054e-12
 9.12000000e+07  2.95532199e-12
 9.20400000e+07  2.89419881e-12
 9.29000000e+07  2.83334164e-12
 9.37600000e+07  2.77494914e-12
 9.46200000e+07  2.71851766e-12
 9.55000000e+07  2.66294135e-12
 9.63800000e+07  2.60874237e-12
 9.72700000e+07  2.55567912e-12
 9.81700000e+07  2.50411948e-12
 9.90800000e+07  2.45380728e-12
 1.00000000e+08  2.40434877e-12
