# Wavelength Flux
 9.10000000e+01  9.62794140e-12
 9.40000000e+01  1.02732195e-11
 9.60000000e+01  1.07150344e-11
 9.80000000e+01  1.11661521e-11
 1.00000000e+02  1.16265689e-11
 1.02000000e+02  1.20962886e-11
 1.04000000e+02  1.25753072e-11
 1.06000000e+02  1.30636329e-11
 1.08000000e+02  1.35612575e-11
 1.10000000e+02  1.40681851e-11
 1.14000000e+02  1.51099451e-11
 1.18000000e+02  1.61889131e-11
 1.21000000e+02  1.70225583e-11
 1.25000000e+02  1.81666390e-11
 1.27000000e+02  1.87526338e-11
 1.28000000e+02  1.90491188e-11
 1.31000000e+02  1.99525323e-11
 1.32000000e+02  2.02583203e-11
 1.34000000e+02  2.08768715e-11
 1.37000000e+02  2.18221444e-11
 1.40000000e+02  2.27883429e-11
 1.43000000e+02  2.37754751e-11
 1.47000000e+02  2.51242132e-11
 1.51000000e+02  2.65101591e-11
 1.55000000e+02  2.79333129e-11
 1.59000000e+02  2.93936826e-11
 1.62000000e+02  3.05133802e-11
 1.66000000e+02  3.20388666e-11
 1.70000000e+02  3.36015690e-11
 1.73000000e+02  3.47980141e-11
 1.77000000e+02  3.64258373e-11
 1.80000000e+02  3.76711250e-11
 1.82000000e+02  3.85129516e-11
 1.86000000e+02  4.02245016e-11
 1.91000000e+02  4.24164089e-11
 1.94000000e+02  4.37597115e-11
 1.98000000e+02  4.55842038e-11
 2.02000000e+02  4.74475723e-11
 2.05000000e+02  4.88729292e-11
 2.10000000e+02  5.13125272e-11
 2.16000000e+02  5.43757541e-11
 2.20000000e+02  5.64640583e-11
 2.23000000e+02  5.82290903e-11
 2.27000000e+02  6.08338020e-11
 2.30000000e+02  6.31460370e-11
 2.34000000e+02  6.91115581e-11
 2.40000000e+02  8.59786836e-11
 2.46000000e+02  1.13809567e-10
 2.52000000e+02  1.89661881e-10
 2.57000000e+02  2.15194279e-10
 2.60000000e+02  2.64267459e-10
 2.64000000e+02  4.89758891e-10
 2.69000000e+02  5.94370294e-10
 2.74000000e+02  8.60284147e-10
 2.79000000e+02  8.65096445e-10
 2.84000000e+02  1.37053088e-09
 2.90000000e+02  1.89986600e-09
 2.96000000e+02  2.27661508e-09
 3.01000000e+02  2.82480782e-09
 3.08000000e+02  2.80740515e-09
 3.18000000e+02  5.87706246e-09
 3.28000000e+02  8.89661278e-09
 3.38000000e+02  9.28412139e-09
 3.48000000e+02  9.51977927e-09
 3.57000000e+02  1.57377470e-08
 3.66000000e+02  1.79569884e-08
 3.75000000e+02  1.86824313e-08
 3.85000000e+02  1.67522535e-08
 3.95000000e+02  2.41772357e-08
 4.05000000e+02  2.70338473e-08
 4.14000000e+02  3.00983526e-08
 4.22000000e+02  2.76238343e-08
 4.30000000e+02  2.96325125e-08
 4.41000000e+02  3.24497694e-08
 4.51000000e+02  3.60829058e-08
 4.60000000e+02  3.78306465e-08
 4.70000000e+02  3.93463878e-08
 4.80000000e+02  4.09567589e-08
 4.90000000e+02  4.20128915e-08
 5.00000000e+02  4.57026016e-08
 5.06000000e+02  4.56075215e-08
 5.12000000e+02  4.58732231e-08
 5.20000000e+02  5.13222563e-08
 5.30000000e+02  5.32526030e-08
 5.40000000e+02  5.00587567e-08
 5.50000000e+02  5.14410964e-08
 5.60000000e+02  5.87253159e-08
 5.70000000e+02  5.94085657e-08
 5.80000000e+02  5.80454833e-08
 5.90000000e+02  6.40410360e-08
 6.00000000e+02  6.54793383e-08
 6.10000000e+02  5.86973748e-08
 6.20000000e+02  6.75886285e-08
 6.30000000e+02  6.79012068e-08
 6.40000000e+02  6.85461030e-08
 6.50000000e+02  6.90774257e-08
 6.58000000e+02  6.86876979e-08
 6.65000000e+02  7.03323220e-08
 6.75000000e+02  7.44331881e-08
 6.85000000e+02  7.67184468e-08
 6.95000000e+02  7.32965288e-08
 7.05000000e+02  8.05973522e-08
 7.16000000e+02  8.07307055e-08
 7.26000000e+02  8.21719426e-08
 7.35000000e+02  8.40649005e-08
 7.45000000e+02  8.21190354e-08
 7.55000000e+02  8.85615249e-08
 7.65000000e+02  8.93767611e-08
 7.75000000e+02  9.29038099e-08
 7.85000000e+02  8.01369877e-08
 7.95000000e+02  9.79613866e-08
 8.05000000e+02  9.96584756e-08
 8.15000000e+02  1.00342127e-07
 8.25000000e+02  1.06088100e-07
 8.35000000e+02  1.17276151e-07
 8.45000000e+02  1.12430564e-07
 8.55000000e+02  1.10072337e-07
 8.65000000e+02  1.20727940e-07
 8.75000000e+02  1.20539428e-07
 8.85000000e+02  1.29479327e-07
 8.95000000e+02  1.33405230e-07
 9.05000000e+02  1.52473067e-07
 9.15000000e+02  2.35350813e-05
 9.25000000e+02  2.01939634e-05
 9.35000000e+02  3.14085199e-05
 9.45000000e+02  3.32719648e-05
 9.55000000e+02  3.21895394e-05
 9.65000000e+02  3.37685723e-05
 9.75000000e+02  1.95289174e-05
 9.85000000e+02  2.31511066e-05
 9.95000000e+02  3.48857813e-05
 1.00500000e+03  3.74225379e-05
 1.01500000e+03  3.61341204e-05
 1.02500000e+03  2.64312567e-05
 1.03500000e+03  2.93807131e-05
 1.04500000e+03  4.73844134e-05
 1.05500000e+03  4.73624625e-05
 1.06500000e+03  4.38233127e-05
 1.07500000e+03  4.88972118e-05
 1.08500000e+03  4.18413855e-05
 1.09500000e+03  4.87420282e-05
 1.10500000e+03  4.70325970e-05
 1.11500000e+03  4.29394097e-05
 1.12500000e+03  3.88498326e-05
 1.13500000e+03  5.08197993e-05
 1.14500000e+03  4.78493610e-05
 1.15500000e+03  4.75210232e-05
 1.16500000e+03  4.66269488e-05
 1.17500000e+03  3.44237524e-05
 1.18500000e+03  4.31498723e-05
 1.19500000e+03  5.16388147e-05
 1.20500000e+03  9.87526217e-05
 1.21500000e+03  1.42717690e-04
 1.22500000e+03  1.08241011e-04
 1.23500000e+03  5.62070808e-05
 1.24500000e+03  4.81500794e-05
 1.25500000e+03  4.88930307e-05
 1.26500000e+03  4.64727703e-05
 1.27500000e+03  5.28920224e-05
 1.28500000e+03  5.30286724e-05
 1.29500000e+03  4.88501341e-05
 1.30500000e+03  4.87109513e-05
 1.31500000e+03  5.41032582e-05
 1.32500000e+03  5.21160242e-05
 1.33500000e+03  4.93451938e-05
 1.34500000e+03  5.47001118e-05
 1.35500000e+03  5.24316981e-05
 1.36500000e+03  4.94076692e-05
 1.37500000e+03  5.25422162e-05
 1.38500000e+03  4.85731757e-05
 1.39500000e+03  4.68870622e-05
 1.40500000e+03  5.60208203e-05
 1.41500000e+03  4.97084680e-05
 1.42500000e+03  4.89874675e-05
 1.43500000e+03  4.93087698e-05
 1.44200000e+03  5.13678465e-05
 1.44700000e+03  5.11385287e-05
 1.45500000e+03  5.08039996e-05
 1.46500000e+03  4.93755068e-05
 1.47500000e+03  4.94630287e-05
 1.48500000e+03  5.04231164e-05
 1.49500000e+03  5.09442678e-05
 1.50500000e+03  4.89353242e-05
 1.51200000e+03  4.54998579e-05
 1.51700000e+03  4.59286630e-05
 1.52500000e+03  4.55524434e-05
 1.53500000e+03  3.84788072e-05
 1.54500000e+03  3.44355600e-05
 1.55500000e+03  4.74841570e-05
 1.56500000e+03  4.18888653e-05
 1.57500000e+03  4.37459621e-05
 1.58500000e+03  4.49147435e-05
 1.59500000e+03  4.71644628e-05
 1.60500000e+03  4.46120954e-05
 1.61500000e+03  4.60844496e-05
 1.62500000e+03  4.29854823e-05
 1.63500000e+03  4.45435493e-05
 1.64500000e+03  4.56420559e-05
 1.65500000e+03  4.15927702e-05
 1.66500000e+03  4.60166674e-05
 1.67200000e+03  4.14031327e-05
 1.67700000e+03  4.53648160e-05
 1.68500000e+03  4.78087158e-05
 1.69500000e+03  4.51414080e-05
 1.70500000e+03  4.30527821e-05
 1.71500000e+03  4.00676737e-05
 1.72500000e+03  4.17281337e-05
 1.73500000e+03  4.55935711e-05
 1.74500000e+03  4.33301426e-05
 1.75500000e+03  4.56759068e-05
 1.76500000e+03  4.29829897e-05
 1.77500000e+03  4.33604154e-05
 1.78500000e+03  4.36106388e-05
 1.79500000e+03  4.61759516e-05
 1.80500000e+03  4.50509915e-05
 1.81500000e+03  4.29771201e-05
 1.82500000e+03  4.23488679e-05
 1.83500000e+03  4.27402440e-05
 1.84500000e+03  3.99890085e-05
 1.85500000e+03  4.03896957e-05
 1.86500000e+03  4.11128671e-05
 1.87500000e+03  4.17744073e-05
 1.88500000e+03  3.95484762e-05
 1.89500000e+03  3.94615694e-05
 1.90500000e+03  4.10945345e-05
 1.91500000e+03  4.00184090e-05
 1.92500000e+03  3.87585557e-05
 1.93500000e+03  3.88784491e-05
 1.94500000e+03  4.11084046e-05
 1.95500000e+03  3.75097422e-05
 1.96700000e+03  4.15053689e-05
 1.97600000e+03  4.11332098e-05
 1.98400000e+03  3.97240668e-05
 1.99500000e+03  3.87010574e-05
 2.00500000e+03  3.80729499e-05
 2.01500000e+03  3.76380380e-05
 2.02500000e+03  3.79933561e-05
 2.03500000e+03  3.69442147e-05
 2.04500000e+03  3.76906476e-05
 2.05500000e+03  3.65519220e-05
 2.06500000e+03  3.64589525e-05
 2.07400000e+03  3.79823927e-05
 2.07800000e+03  3.79271819e-05
 2.08500000e+03  3.81619151e-05
 2.09500000e+03  3.72650829e-05
 2.10500000e+03  3.68331861e-05
 2.11500000e+03  3.66678393e-05
 2.12500000e+03  3.68985884e-05
 2.13500000e+03  3.48250225e-05
 2.14500000e+03  3.61865572e-05
 2.15500000e+03  3.65096083e-05
 2.16500000e+03  3.52129653e-05
 2.17500000e+03  3.51015628e-05
 2.18500000e+03  3.57374013e-05
 2.19500000e+03  3.69196025e-05
 2.20500000e+03  3.62246736e-05
 2.21500000e+03  3.44035826e-05
 2.22500000e+03  3.46344563e-05
 2.23500000e+03  3.77163172e-05
 2.24500000e+03  3.67521248e-05
 2.25500000e+03  3.50644152e-05
 2.26500000e+03  3.54176468e-05
 2.27500000e+03  3.70254811e-05
 2.28500000e+03  3.95251705e-05
 2.29500000e+03  3.74169617e-05
 2.30500000e+03  3.97185429e-05
 2.31500000e+03  3.85406354e-05
 2.32500000e+03  3.37072627e-05
 2.33500000e+03  3.60808514e-05
 2.34500000e+03  3.35201339e-05
 2.35500000e+03  3.91651205e-05
 2.36500000e+03  3.45774887e-05
 2.37500000e+03  3.72487805e-05
 2.38500000e+03  3.31081014e-05
 2.39500000e+03  3.57649243e-05
 2.40500000e+03  3.54208992e-05
 2.41500000e+03  3.70979711e-05
 2.42500000e+03  4.33174384e-05
 2.43500000e+03  4.30341681e-05
 2.44500000e+03  4.68161843e-05
 2.45500000e+03  4.79200379e-05
 2.46500000e+03  4.64444272e-05
 2.47500000e+03  4.44477456e-05
 2.48500000e+03  4.12955897e-05
 2.49500000e+03  4.14513361e-05
 2.50500000e+03  5.03084977e-05
 2.51300000e+03  3.92571854e-05
 2.51800000e+03  3.78289620e-05
 2.52500000e+03  3.78078996e-05
 2.53500000e+03  4.21331788e-05
 2.54500000e+03  4.32423392e-05
 2.55500000e+03  5.43044339e-05
 2.56500000e+03  4.89556268e-05
 2.57500000e+03  5.54019757e-05
 2.58500000e+03  5.34575981e-05
 2.59500000e+03  5.15762588e-05
 2.60500000e+03  4.87745525e-05
 2.61500000e+03  4.69626438e-05
 2.62500000e+03  5.47473101e-05
 2.63500000e+03  7.03920234e-05
 2.64500000e+03  8.67515459e-05
 2.65500000e+03  1.07111226e-04
 2.66500000e+03  8.04765020e-05
 2.67500000e+03  8.91312013e-05
 2.68500000e+03  9.81326112e-05
 2.69500000e+03  8.12867531e-05
 2.70500000e+03  9.40667217e-05
 2.71500000e+03  7.79470100e-05
 2.72500000e+03  7.12547796e-05
 2.73500000e+03  8.25611477e-05
 2.74500000e+03  5.88523573e-05
 2.75500000e+03  6.96274429e-05
 2.76500000e+03  8.25886064e-05
 2.77500000e+03  8.90278796e-05
 2.78500000e+03  6.71362242e-05
 2.79500000e+03  4.30028902e-05
 2.80500000e+03  4.83142684e-05
 2.81500000e+03  8.70442639e-05
 2.82500000e+03  1.12690437e-04
 2.83500000e+03  1.08943477e-04
 2.84500000e+03  9.23207459e-05
 2.85500000e+03  7.07509959e-05
 2.86500000e+03  1.14900958e-04
 2.87500000e+03  1.39508486e-04
 2.88500000e+03  1.33095385e-04
 2.89500000e+03  1.53788630e-04
 2.91000000e+03  2.01449077e-04
 2.93000000e+03  1.84426727e-04
 2.95000000e+03  1.77738839e-04
 2.97000000e+03  1.90427185e-04
 2.99000000e+03  1.97953828e-04
 3.01000000e+03  2.04933591e-04
 3.03000000e+03  2.20510763e-04
 3.05000000e+03  2.34223883e-04
 3.07000000e+03  2.58806405e-04
 3.09000000e+03  2.61912649e-04
 3.11000000e+03  3.01510346e-04
 3.13000000e+03  2.89754951e-04
 3.15000000e+03  2.99277150e-04
 3.17000000e+03  3.31904372e-04
 3.19000000e+03  2.98603589e-04
 3.21000000e+03  3.35226707e-04
 3.23000000e+03  2.96375258e-04
 3.25000000e+03  4.05768406e-04
 3.27000000e+03  4.77500596e-04
 3.29000000e+03  4.81623413e-04
 3.31000000e+03  4.67081588e-04
 3.33000000e+03  4.89970760e-04
 3.35000000e+03  4.85915886e-04
 3.37000000e+03  3.91151603e-04
 3.39000000e+03  4.45057585e-04
 3.41000000e+03  4.65273660e-04
 3.43000000e+03  4.98919143e-04
 3.45000000e+03  5.31810015e-04
 3.47000000e+03  5.59417812e-04
 3.49000000e+03  6.34239201e-04
 3.51000000e+03  6.88478666e-04
 3.53000000e+03  6.38570269e-04
 3.55000000e+03  7.44046841e-04
 3.57000000e+03  5.47751708e-04
 3.59000000e+03  5.70176937e-04
 3.60182700e+03  8.74460928e-04
 3.60272700e+03  7.93773119e-04
 3.60362800e+03  7.04169493e-04
 3.60452800e+03  6.60267824e-04
 3.60542800e+03  6.38914407e-04
 3.60632900e+03  6.28876121e-04
 3.60722900e+03  6.52481711e-04
 3.60812900e+03  6.64307823e-04
 3.60902900e+03  6.08710702e-04
 3.60992900e+03  5.41037406e-04
 3.61083000e+03  5.44072732e-04
 3.61173000e+03  6.16547069e-04
 3.61263000e+03  6.86357155e-04
 3.61353000e+03  6.91147743e-04
 3.61443000e+03  6.75627780e-04
 3.61533100e+03  7.19010427e-04
 3.61623100e+03  7.88045399e-04
 3.61713100e+03  8.01296305e-04
 3.61803200e+03  7.17993694e-04
 3.61893200e+03  5.79590066e-04
 3.61983200e+03  4.96632396e-04
 3.62073200e+03  5.30662220e-04
 3.62163300e+03  6.25060455e-04
 3.62253300e+03  7.17977211e-04
 3.62343300e+03  7.80744133e-04
 3.62433300e+03  7.83898460e-04
 3.62523300e+03  7.77895349e-04
 3.62613400e+03  8.39235870e-04
 3.62703400e+03  9.32595662e-04
 3.62793400e+03  9.74329987e-04
 3.62883400e+03  9.61165919e-04
 3.62973500e+03  9.17796538e-04
 3.63063500e+03  8.11263029e-04
 3.63153500e+03  6.45522975e-04
 3.63243500e+03  5.45230578e-04
 3.63333600e+03  5.76497250e-04
 3.63423600e+03  6.49727806e-04
 3.63513600e+03  6.81289969e-04
 3.63603600e+03  6.99200001e-04
 3.63693600e+03  7.38293793e-04
 3.63783700e+03  7.79133199e-04
 3.63873700e+03  8.22090499e-04
 3.63963700e+03  8.77219255e-04
 3.64053700e+03  9.18077155e-04
 3.64143800e+03  9.18905739e-04
 3.64233800e+03  8.86405237e-04
 3.64323800e+03  8.40369594e-04
 3.64413800e+03  7.97093484e-04
 3.64503900e+03  7.51235941e-04
 3.64593900e+03  7.17684533e-04
 3.64683900e+03  7.11849470e-04
 3.64773900e+03  6.91510776e-04
 3.64864000e+03  6.47101344e-04
 3.64954000e+03  6.41563784e-04
 3.65044000e+03  6.84483695e-04
 3.65134000e+03  7.42788086e-04
 3.65224000e+03  8.08415451e-04
 3.65314100e+03  8.80725761e-04
 3.65404100e+03  9.27070163e-04
 3.65494100e+03  9.33402938e-04
 3.65584100e+03  9.29908092e-04
 3.65674200e+03  9.47309957e-04
 3.65764200e+03  9.82475113e-04
 3.65854200e+03  1.01566670e-03
 3.65944200e+03  1.04172066e-03
 3.66034300e+03  1.04496423e-03
 3.66124300e+03  1.02928587e-03
 3.66214300e+03  1.01822120e-03
 3.66304300e+03  9.89890957e-04
 3.66394300e+03  9.38781697e-04
 3.66484400e+03  9.12071632e-04
 3.66574400e+03  9.40441678e-04
 3.66664400e+03  9.70942081e-04
 3.66754400e+03  9.64401456e-04
 3.66844500e+03  9.46973860e-04
 3.66934500e+03  9.05664883e-04
 3.67024500e+03  8.47602515e-04
 3.67114500e+03  8.51853177e-04
 3.67204600e+03  9.37397910e-04
 3.67294600e+03  1.01717190e-03
 3.67384600e+03  1.01858182e-03
 3.67474600e+03  9.88629790e-04
 3.67564600e+03  9.97018144e-04
 3.67654700e+03  1.00364521e-03
 3.67744700e+03  9.42924615e-04
 3.67834700e+03  8.63449328e-04
 3.67924700e+03  8.26508406e-04
 3.68014800e+03  7.99677331e-04
 3.68104800e+03  7.81347580e-04
 3.68194800e+03  8.17071156e-04
 3.68284800e+03  8.76619427e-04
 3.68374900e+03  9.17284352e-04
 3.68464900e+03  9.33244940e-04
 3.68554900e+03  9.03883891e-04
 3.68644900e+03  8.34277233e-04
 3.68734900e+03  7.61143968e-04
 3.68825000e+03  7.20986405e-04
 3.68915000e+03  7.50315694e-04
 3.69005000e+03  8.41608248e-04
 3.69095000e+03  9.50768219e-04
 3.69185100e+03  1.05073980e-03
 3.69275100e+03  1.09578524e-03
 3.69365100e+03  1.04867899e-03
 3.69455100e+03  9.67733480e-04
 3.69545100e+03  9.42753350e-04
 3.69635200e+03  9.57591873e-04
 3.69725200e+03  9.59227733e-04
 3.69815200e+03  9.75443208e-04
 3.69905200e+03  1.04403193e-03
 3.69995300e+03  1.13256334e-03
 3.70085300e+03  1.17218299e-03
 3.70175300e+03  1.14435849e-03
 3.70265300e+03  1.09153739e-03
 3.70355400e+03  1.01855650e-03
 3.70445400e+03  9.02542317e-04
 3.70535400e+03  7.77241247e-04
 3.70625400e+03  7.08443875e-04
 3.70715500e+03  7.20254710e-04
 3.70805500e+03  7.61158843e-04
 3.70895500e+03  7.68208840e-04
 3.70985500e+03  7.63102658e-04
 3.71075500e+03  8.10026385e-04
 3.71165600e+03  9.03253910e-04
 3.71255600e+03  9.89855579e-04
 3.71345600e+03  1.07592295e-03
 3.71435600e+03  1.17060301e-03
 3.71525700e+03  1.21597329e-03
 3.71615700e+03  1.17656190e-03
 3.71705700e+03  1.11888266e-03
 3.71795700e+03  1.08215160e-03
 3.71885800e+03  9.98724359e-04
 3.71975800e+03  8.32037926e-04
 3.72065800e+03  6.62009418e-04
 3.72155800e+03  5.70100552e-04
 3.72245800e+03  5.64778077e-04
 3.72335900e+03  6.41456040e-04
 3.72425900e+03  7.91699047e-04
 3.72515900e+03  9.77598490e-04
 3.72605900e+03  1.21198516e-03
 3.72696000e+03  1.35804022e-03
 3.72786000e+03  1.19768696e-03
 3.72876000e+03  1.13252515e-03
 3.72966000e+03  1.34839873e-03
 3.73056100e+03  1.32331408e-03
 3.73146100e+03  1.08096521e-03
 3.73236100e+03  9.19961871e-04
 3.73326100e+03  7.98201479e-04
 3.73416200e+03  6.51094305e-04
 3.73506200e+03  5.28078373e-04
 3.73596200e+03  4.92486664e-04
 3.73686200e+03  5.23597348e-04
 3.73776200e+03  5.80717358e-04
 3.73866300e+03  6.83169459e-04
 3.73956300e+03  8.26528106e-04
 3.74046300e+03  9.61327133e-04
 3.74136300e+03  1.05482563e-03
 3.74226400e+03  1.06671365e-03
 3.74316400e+03  9.87510136e-04
 3.74406400e+03  8.77576660e-04
 3.74496400e+03  8.02874273e-04
 3.74586500e+03  7.46307858e-04
 3.74676500e+03  6.96615350e-04
 3.74766500e+03  6.85212173e-04
 3.74856500e+03  6.47528702e-04
 3.74946500e+03  5.48035943e-04
 3.75036600e+03  4.99868335e-04
 3.75126600e+03  5.95037664e-04
 3.75216600e+03  7.72305525e-04
 3.75306600e+03  9.14870966e-04
 3.75396700e+03  1.00207568e-03
 3.75486700e+03  1.09948914e-03
 3.75576700e+03  1.20781972e-03
 3.75666800e+03  1.23601609e-03
 3.75756800e+03  1.11094338e-03
 3.75846800e+03  8.92850983e-04
 3.75936800e+03  7.58402124e-04
 3.76026800e+03  7.93833826e-04
 3.76116900e+03  9.06028318e-04
 3.76206900e+03  9.78693620e-04
 3.76296900e+03  9.96065735e-04
 3.76386900e+03  9.61524128e-04
 3.76476900e+03  9.32265193e-04
 3.76567000e+03  9.69518091e-04
 3.76657000e+03  9.85443300e-04
 3.76747000e+03  9.11409891e-04
 3.76837000e+03  8.60284147e-04
 3.76927100e+03  9.11875844e-04
 3.77017100e+03  9.65396882e-04
 3.77107100e+03  9.47824958e-04
 3.77197100e+03  9.56353621e-04
 3.77287200e+03  1.05178869e-03
 3.77377200e+03  1.15305963e-03
 3.77467200e+03  1.18272180e-03
 3.77557200e+03  1.16199836e-03
 3.77647200e+03  1.15129190e-03
 3.77737300e+03  1.17365522e-03
 3.77827300e+03  1.19805361e-03
 3.77917300e+03  1.21130934e-03
 3.78007300e+03  1.25826966e-03
 3.78097400e+03  1.33118743e-03
 3.78187400e+03  1.36277854e-03
 3.78277400e+03  1.34960683e-03
 3.78367500e+03  1.35064206e-03
 3.78457500e+03  1.39061509e-03
 3.78547500e+03  1.39745483e-03
 3.78637500e+03  1.27890344e-03
 3.78727500e+03  1.10942290e-03
 3.78817600e+03  1.02764840e-03
 3.78907600e+03  1.00625157e-03
 3.78997600e+03  9.79447426e-04
 3.79087600e+03  9.79441395e-04
 3.79177600e+03  1.04334164e-03
 3.79267700e+03  1.10148522e-03
 3.79357700e+03  1.07239514e-03
 3.79447700e+03  9.85180775e-04
 3.79537800e+03  9.08582012e-04
 3.79627800e+03  8.80382025e-04
 3.79717800e+03  8.74737525e-04
 3.79807800e+03  8.22706409e-04
 3.79897800e+03  7.46723155e-04
 3.79987900e+03  7.44622146e-04
 3.80077900e+03  8.57093235e-04
 3.80167900e+03  1.00320739e-03
 3.80257900e+03  1.10424033e-03
 3.80347900e+03  1.19156445e-03
 3.80438000e+03  1.27372690e-03
 3.80528000e+03  1.30600428e-03
 3.80618000e+03  1.27747583e-03
 3.80708100e+03  1.19889788e-03
 3.80798100e+03  1.12858445e-03
 3.80888100e+03  1.15384560e-03
 3.80978100e+03  1.25671460e-03
 3.81068200e+03  1.34752673e-03
 3.81158200e+03  1.38300949e-03
 3.81248200e+03  1.35493253e-03
 3.81338200e+03  1.25368129e-03
 3.81428200e+03  1.11898277e-03
 3.81518300e+03  1.01905099e-03
 3.81608300e+03  9.54216028e-04
 3.81698300e+03  9.48371718e-04
 3.81788300e+03  1.03887509e-03
 3.81878400e+03  1.12992160e-03
 3.81968400e+03  1.09487343e-03
 3.82058400e+03  9.48456949e-04
 3.82148400e+03  8.47429240e-04
 3.82238500e+03  9.05736042e-04
 3.82328500e+03  1.02841869e-03
 3.82418500e+03  1.04128847e-03
 3.82508500e+03  9.26346911e-04
 3.82598500e+03  8.09998645e-04
 3.82688600e+03  7.69937569e-04
 3.82778600e+03  7.83935447e-04
 3.82868600e+03  8.02668031e-04
 3.82958600e+03  8.16220058e-04
 3.83048600e+03  8.43174557e-04
 3.83138700e+03  8.65104888e-04
 3.83228700e+03  8.20311517e-04
 3.83318700e+03  7.17820017e-04
 3.83408800e+03  6.42225123e-04
 3.83498800e+03  6.25146088e-04
 3.83588800e+03  6.66437778e-04
 3.83678800e+03  7.37911463e-04
 3.83768900e+03  7.71743487e-04
 3.83858900e+03  7.42875728e-04
 3.83948900e+03  7.07628156e-04
 3.84038900e+03  7.14756951e-04
 3.84128900e+03  7.52845668e-04
 3.84219000e+03  8.48588694e-04
 3.84309000e+03  9.99386904e-04
 3.84399000e+03  1.11411941e-03
 3.84489000e+03  1.16153362e-03
 3.84579100e+03  1.17055396e-03
 3.84669100e+03  1.16497379e-03
 3.84759100e+03  1.18851143e-03
 3.84849100e+03  1.24199870e-03
 3.84939200e+03  1.23967859e-03
 3.85029200e+03  1.15206903e-03
 3.85119200e+03  1.09935768e-03
 3.85209200e+03  1.16919590e-03
 3.85299200e+03  1.26273299e-03
 3.85389300e+03  1.27023768e-03
 3.85479300e+03  1.22309766e-03
 3.85569300e+03  1.17292232e-03
 3.85659300e+03  1.12310237e-03
 3.85749400e+03  1.10787669e-03
 3.85839400e+03  1.11534962e-03
 3.85929400e+03  1.05350496e-03
 3.86019400e+03  9.48686508e-04
 3.86109500e+03  9.30287608e-04
 3.86199500e+03  1.04121812e-03
 3.86289500e+03  1.20616617e-03
 3.86379500e+03  1.32113427e-03
 3.86469600e+03  1.34194334e-03
 3.86559600e+03  1.30018409e-03
 3.86649600e+03  1.25327162e-03
 3.86739600e+03  1.24507262e-03
 3.86829600e+03  1.26353343e-03
 3.86919700e+03  1.27657609e-03
 3.87009700e+03  1.25504457e-03
 3.87099700e+03  1.18471506e-03
 3.87189700e+03  1.09129376e-03
 3.87279800e+03  1.01472595e-03
 3.87369800e+03  1.01142328e-03
 3.87459800e+03  1.11924610e-03
 3.87549800e+03  1.27312908e-03
 3.87639800e+03  1.35477694e-03
 3.87729900e+03  1.31522443e-03
 3.87819900e+03  1.17599664e-03
 3.87909900e+03  1.03638853e-03
 3.87999900e+03  1.04112726e-03
 3.88090000e+03  1.14466444e-03
 3.88180000e+03  1.16315058e-03
 3.88270000e+03  1.07749690e-03
 3.88360000e+03  1.04721037e-03
 3.88450100e+03  1.14225025e-03
 3.88540100e+03  1.19950816e-03
 3.88630100e+03  1.08350644e-03
 3.88720100e+03  9.19485466e-04
 3.88810200e+03  8.67229616e-04
 3.88900200e+03  8.94067526e-04
 3.88990200e+03  9.27781354e-04
 3.89080200e+03  9.99360772e-04
 3.89170300e+03  1.13755776e-03
 3.89260300e+03  1.28119501e-03
 3.89350300e+03  1.35743556e-03
 3.89440300e+03  1.36176342e-03
 3.89530300e+03  1.32445785e-03
 3.89620400e+03  1.28219687e-03
 3.89710400e+03  1.31426921e-03
 3.89800400e+03  1.40142809e-03
 3.89890400e+03  1.41559482e-03
 3.89980500e+03  1.35737446e-03
 3.90070500e+03  1.32994677e-03
 3.90160500e+03  1.40108476e-03
 3.90250500e+03  1.48130742e-03
 3.90340600e+03  1.44388245e-03
 3.90430600e+03  1.37411378e-03
 3.90520600e+03  1.35314751e-03
 3.90610600e+03  1.29943149e-03
 3.90700600e+03  1.25452877e-03
 3.90790700e+03  1.33761468e-03
 3.90880700e+03  1.49397940e-03
 3.90970700e+03  1.60396635e-03
 3.91060700e+03  1.63586260e-03
 3.91150800e+03  1.64482907e-03
 3.91240800e+03  1.68304523e-03
 3.91330800e+03  1.71025301e-03
 3.91420800e+03  1.68249485e-03
 3.91510900e+03  1.65092103e-03
 3.91600900e+03  1.64465620e-03
 3.91690900e+03  1.61129455e-03
 3.91780900e+03  1.56868299e-03
 3.91871000e+03  1.54776900e-03
 3.91961000e+03  1.50483944e-03
 3.92051000e+03  1.41816902e-03
 3.92141000e+03  1.32315126e-03
 3.92231000e+03  1.28777222e-03
 3.92321100e+03  1.31797030e-03
 3.92411100e+03  1.37143626e-03
 3.92501100e+03  1.42106886e-03
 3.92591100e+03  1.40656402e-03
 3.92681200e+03  1.32486993e-03
 3.92771200e+03  1.22370714e-03
 3.92861200e+03  1.09640235e-03
 3.92951200e+03  9.59023099e-04
 3.93041300e+03  8.45218477e-04
 3.93131300e+03  7.39756780e-04
 3.93221300e+03  6.33374032e-04
 3.93311300e+03  5.26638704e-04
 3.93401300e+03  4.37337002e-04
 3.93491400e+03  4.08472057e-04
 3.93581400e+03  4.60048075e-04
 3.93671400e+03  5.72771639e-04
 3.93761400e+03  7.12824795e-04
 3.93851500e+03  8.54574116e-04
 3.93941500e+03  1.00113935e-03
 3.94031500e+03  1.14633447e-03
 3.94121500e+03  1.24078336e-03
 3.94211600e+03  1.27157524e-03
 3.94301600e+03  1.27672082e-03
 3.94391600e+03  1.24694930e-03
 3.94481600e+03  1.19943177e-03
 3.94571700e+03  1.25520860e-03
 3.94661700e+03  1.43817765e-03
 3.94751700e+03  1.57685264e-03
 3.94841700e+03  1.56294723e-03
 3.94931700e+03  1.51267379e-03
 3.95021800e+03  1.56168928e-03
 3.95111800e+03  1.68142143e-03
 3.95201800e+03  1.73836857e-03
 3.95291900e+03  1.66912012e-03
 3.95381900e+03  1.59910018e-03
 3.95471900e+03  1.67346808e-03
 3.95561900e+03  1.77143875e-03
 3.95651900e+03  1.71037121e-03
 3.95742000e+03  1.57669465e-03
 3.95832000e+03  1.54629556e-03
 3.95922000e+03  1.61992010e-03
 3.96012000e+03  1.67425203e-03
 3.96102100e+03  1.58677474e-03
 3.96192100e+03  1.35118882e-03
 3.96282100e+03  1.13547122e-03
 3.96372100e+03  1.06428217e-03
 3.96462200e+03  1.06188648e-03
 3.96552200e+03  1.01186672e-03
 3.96642200e+03  8.83859584e-04
 3.96732200e+03  7.11239993e-04
 3.96822200e+03  5.48987548e-04
 3.96912300e+03  4.40920697e-04
 3.97002300e+03  4.29851607e-04
 3.97092300e+03  5.22530360e-04
 3.97182300e+03  6.51139333e-04
 3.97272400e+03  7.83578042e-04
 3.97362400e+03  9.14700104e-04
 3.97452400e+03  1.03518445e-03
 3.97542400e+03  1.16986971e-03
 3.97632500e+03  1.31087688e-03
 3.97722500e+03  1.41320274e-03
 3.97812500e+03  1.49992100e-03
 3.97902500e+03  1.61575346e-03
 3.97992500e+03  1.74637057e-03
 3.98082600e+03  1.85585297e-03
 3.98172600e+03  1.88922668e-03
 3.98262600e+03  1.83850619e-03
 3.98352600e+03  1.78860904e-03
 3.98442700e+03  1.78898132e-03
 3.98532700e+03  1.82853102e-03
 3.98622700e+03  1.88565505e-03
 3.98712700e+03  1.91379996e-03
 3.98802800e+03  1.94806055e-03
 3.98892800e+03  2.03955894e-03
 3.98982800e+03  2.07570505e-03
 3.99072800e+03  2.01205004e-03
 3.99162800e+03  1.99217489e-03
 3.99252900e+03  2.05929338e-03
 3.99342900e+03  2.13243348e-03
 3.99432900e+03  2.15773242e-03
 3.99523000e+03  2.12377014e-03
 3.99613000e+03  2.06611221e-03
 3.99703000e+03  2.00617277e-03
 3.99793000e+03  1.93315931e-03
 3.99883000e+03  1.90643035e-03
 3.99973100e+03  2.01626251e-03
 4.00063100e+03  2.18970787e-03
 4.00153100e+03  2.26341524e-03
 4.00243100e+03  2.25844132e-03
 4.00333100e+03  2.29824269e-03
 4.00423200e+03  2.33283776e-03
 4.00513200e+03  2.19780194e-03
 4.00603200e+03  1.92544878e-03
 4.00693300e+03  1.79632159e-03
 4.00783300e+03  1.92391342e-03
 4.00873300e+03  2.12981587e-03
 4.00963300e+03  2.24692236e-03
 4.01053300e+03  2.26930658e-03
 4.01143400e+03  2.27238493e-03
 4.01233400e+03  2.27851186e-03
 4.01323400e+03  2.28581514e-03
 4.01413400e+03  2.29883568e-03
 4.01503500e+03  2.30872682e-03
 4.01593500e+03  2.34798022e-03
 4.01683500e+03  2.38644403e-03
 4.01773500e+03  2.32948162e-03
 4.01863600e+03  2.25856354e-03
 4.01953600e+03  2.32374224e-03
 4.02043600e+03  2.43779692e-03
 4.02133600e+03  2.44214367e-03
 4.02223700e+03  2.38075853e-03
 4.02313700e+03  2.35510741e-03
 4.02403700e+03  2.35094479e-03
 4.02493700e+03  2.29903871e-03
 4.02583700e+03  2.24725564e-03
 4.02673800e+03  2.30591864e-03
 4.02763800e+03  2.42815866e-03
 4.02853800e+03  2.52052021e-03
 4.02943900e+03  2.54766286e-03
 4.03033900e+03  2.42865798e-03
 4.03123900e+03  2.15948889e-03
 4.03213900e+03  1.94966947e-03
 4.03303900e+03  1.90007064e-03
 4.03394000e+03  1.89809587e-03
 4.03484000e+03  1.92383905e-03
 4.03574000e+03  2.01776329e-03
 4.03664000e+03  2.18249867e-03
 4.03754000e+03  2.39551865e-03
 4.03844100e+03  2.57190044e-03
 4.03934100e+03  2.62797517e-03
 4.04024100e+03  2.56557008e-03
 4.04114200e+03  2.45065666e-03
 4.04204200e+03  2.39125352e-03
 4.04294200e+03  2.45081666e-03
 4.04384200e+03  2.48711394e-03
 4.04474200e+03  2.29885659e-03
 4.04564300e+03  1.92423384e-03
 4.04654300e+03  1.63546057e-03
 4.04744300e+03  1.70358012e-03
 4.04834300e+03  2.05629102e-03
 4.04924400e+03  2.34653452e-03
 4.05014400e+03  2.46035241e-03
 4.05104400e+03  2.52889490e-03
 4.05194400e+03  2.56848520e-03
 4.05284500e+03  2.51630975e-03
 4.05374500e+03  2.42293991e-03
 4.05464500e+03  2.34675202e-03
 4.05554500e+03  2.27219758e-03
 4.05644500e+03  2.24010232e-03
 4.05734600e+03  2.24368039e-03
 4.05824600e+03  2.17370829e-03
 4.05914600e+03  2.09731416e-03
 4.06004600e+03  2.17256934e-03
 4.06094700e+03  2.35804062e-03
 4.06184700e+03  2.46802917e-03
 4.06274700e+03  2.36071492e-03
 4.06364700e+03  2.06020479e-03
 4.06454800e+03  1.81354978e-03
 4.06544800e+03  1.88168179e-03
 4.06634800e+03  2.13375053e-03
 4.06724800e+03  2.23708589e-03
 4.06814800e+03  2.21174193e-03
 4.06904900e+03  2.30278040e-03
 4.06994900e+03  2.49677431e-03
 4.07084900e+03  2.53793333e-03
 4.07175000e+03  2.30723368e-03
 4.07265000e+03  2.04904001e-03
 4.07355000e+03  2.09691695e-03
 4.07445000e+03  2.35692539e-03
 4.07535000e+03  2.48611771e-03
 4.07625100e+03  2.38552298e-03
 4.07715100e+03  2.15128748e-03
 4.07805100e+03  1.93508865e-03
 4.07895100e+03  1.90848030e-03
 4.07985200e+03  2.08508521e-03
 4.08075200e+03  2.33443825e-03
 4.08165200e+03  2.56244309e-03
 4.08255200e+03  2.67441687e-03
 4.08345300e+03  2.60513264e-03
 4.08435300e+03  2.45468419e-03
 4.08525300e+03  2.35819580e-03
 4.08615300e+03  2.34539115e-03
 4.08705300e+03  2.41637637e-03
 4.08795400e+03  2.56360415e-03
 4.08885400e+03  2.72202726e-03
 4.08975400e+03  2.79667819e-03
 4.09065400e+03  2.75737614e-03
 4.09155500e+03  2.66915429e-03
 4.09245500e+03  2.58291847e-03
 4.09335500e+03  2.51905964e-03
 4.09425600e+03  2.54159382e-03
 4.09515600e+03  2.56636891e-03
 4.09605600e+03  2.43459757e-03
 4.09695600e+03  2.23906670e-03
 4.09785600e+03  2.14546930e-03
 4.09875700e+03  2.14796551e-03
 4.09965700e+03  2.15165735e-03
 4.10055700e+03  2.07217040e-03
 4.10145700e+03  1.87302850e-03
 4.10235800e+03  1.69487858e-03
 4.10325800e+03  1.70358132e-03
 4.10415800e+03  1.86543616e-03
 4.10505800e+03  2.04310565e-03
 4.10595800e+03  2.19142856e-03
 4.10685900e+03  2.34134633e-03
 4.10775900e+03  2.43958757e-03
 4.10865900e+03  2.45486591e-03
 4.10955900e+03  2.42546707e-03
 4.11045900e+03  2.37448445e-03
 4.11136000e+03  2.33060007e-03
 4.11226000e+03  2.32587983e-03
 4.11316000e+03  2.36903694e-03
 4.11406000e+03  2.46792867e-03
 4.11496100e+03  2.57175692e-03
 4.11586100e+03  2.62540660e-03
 4.11676100e+03  2.66235476e-03
 4.11766200e+03  2.68807704e-03
 4.11856200e+03  2.61817087e-03
 4.11946200e+03  2.45258881e-03
 4.12036200e+03  2.37815337e-03
 4.12126200e+03  2.46704460e-03
 4.12216300e+03  2.54358547e-03
 4.12306300e+03  2.52035015e-03
 4.12396300e+03  2.48899222e-03
 4.12486400e+03  2.54277377e-03
 4.12576400e+03  2.65178700e-03
 4.12666400e+03  2.68214308e-03
 4.12756400e+03  2.60853743e-03
 4.12846400e+03  2.51576500e-03
 4.12936500e+03  2.47235220e-03
 4.13026500e+03  2.48559386e-03
 4.13116500e+03  2.49028595e-03
 4.13206500e+03  2.41134416e-03
 4.13296500e+03  2.25528539e-03
 4.13386600e+03  2.17626037e-03
 4.13476600e+03  2.22895484e-03
 4.13566600e+03  2.35713284e-03
 4.13656600e+03  2.55641183e-03
 4.13746700e+03  2.69508161e-03
 4.13836700e+03  2.70644659e-03
 4.13926700e+03  2.72771438e-03
 4.14016700e+03  2.78570398e-03
 4.14106800e+03  2.81077738e-03
 4.14196800e+03  2.76477792e-03
 4.14286800e+03  2.56794527e-03
 4.14376800e+03  2.24143063e-03
 4.14466900e+03  2.03907490e-03
 4.14556900e+03  2.15568569e-03
 4.14646900e+03  2.43273095e-03
 4.14736900e+03  2.60997710e-03
 4.14827000e+03  2.65850854e-03
 4.14917000e+03  2.64213065e-03
 4.15007000e+03  2.56871154e-03
 4.15097000e+03  2.49507373e-03
 4.15187100e+03  2.49624645e-03
 4.15277100e+03  2.52224050e-03
 4.15367100e+03  2.51901019e-03
 4.15457100e+03  2.47488620e-03
 4.15547100e+03  2.41925249e-03
 4.15637200e+03  2.41681940e-03
 4.15727200e+03  2.42250974e-03
 4.15817200e+03  2.44568636e-03
 4.15907200e+03  2.55379341e-03
 4.15997200e+03  2.68292784e-03
 4.16087300e+03  2.74228233e-03
 4.16177300e+03  2.73347948e-03
 4.16267300e+03  2.76369565e-03
 4.16357300e+03  2.86789658e-03
 4.16447400e+03  2.90307822e-03
 4.16537400e+03  2.83448548e-03
 4.16627400e+03  2.77054222e-03
 4.16717500e+03  2.70416668e-03
 4.16807500e+03  2.59109214e-03
 4.16897500e+03  2.55620760e-03
 4.16987500e+03  2.67296715e-03
 4.17077500e+03  2.78143442e-03
 4.17167600e+03  2.73948420e-03
 4.17257600e+03  2.52854151e-03
 4.17347600e+03  2.28553975e-03
 4.17437700e+03  2.21879594e-03
 4.17527700e+03  2.33723838e-03
 4.17617700e+03  2.47635481e-03
 4.17707700e+03  2.53579373e-03
 4.17797700e+03  2.50478556e-03
 4.17887800e+03  2.45735809e-03
 4.17977800e+03  2.50913151e-03
 4.18067800e+03  2.62879170e-03
 4.18157800e+03  2.67098072e-03
 4.18247800e+03  2.59311234e-03
 4.18337900e+03  2.52659287e-03
 4.18427900e+03  2.57185220e-03
 4.18517900e+03  2.69640348e-03
 4.18607900e+03  2.82713236e-03
 4.18698000e+03  2.80477427e-03
 4.18788000e+03  2.58043272e-03
 4.18878000e+03  2.43114293e-03
 4.18968000e+03  2.55100373e-03
 4.19058100e+03  2.74476647e-03
 4.19148100e+03  2.77887268e-03
 4.19238100e+03  2.71137829e-03
 4.19328100e+03  2.77139453e-03
 4.19418200e+03  2.94236218e-03
 4.19508200e+03  2.96577117e-03
 4.19598200e+03  2.78218219e-03
 4.19688200e+03  2.57898421e-03
 4.19778300e+03  2.48138823e-03
 4.19868300e+03  2.41397183e-03
 4.19958300e+03  2.35332240e-03
 4.20048300e+03  2.41597032e-03
 4.20138400e+03  2.52058775e-03
 4.20228400e+03  2.48640757e-03
 4.20318400e+03  2.41923721e-03
 4.20408400e+03  2.50198743e-03
 4.20498400e+03  2.64278998e-03
 4.20588500e+03  2.72256437e-03
 4.20678500e+03  2.80063899e-03
 4.20768500e+03  2.89301943e-03
 4.20858500e+03  2.96807681e-03
 4.20948500e+03  2.99230394e-03
 4.21038600e+03  2.92165763e-03
 4.21128600e+03  2.83689043e-03
 4.21218600e+03  2.86900860e-03
 4.21308600e+03  2.97109686e-03
 4.21398700e+03  2.99241892e-03
 4.21488700e+03  2.87384904e-03
 4.21578700e+03  2.64095310e-03
 4.21668800e+03  2.46358071e-03
 4.21758800e+03  2.57852991e-03
 4.21848800e+03  2.87983607e-03
 4.21938800e+03  3.07318432e-03
 4.22028800e+03  3.12208041e-03
 4.22118900e+03  3.15602219e-03
 4.22208900e+03  3.18943932e-03
 4.22298900e+03  3.11021168e-03
 4.22389000e+03  2.91876664e-03
 4.22479000e+03  2.69933388e-03
 4.22569000e+03  2.43544223e-03
 4.22659000e+03  2.07616256e-03
 4.22749000e+03  1.74600111e-03
 4.22839100e+03  1.77630009e-03
 4.22929100e+03  2.23416555e-03
 4.23019100e+03  2.71930311e-03
 4.23109100e+03  2.98055462e-03
 4.23199100e+03  3.10752934e-03
 4.23289200e+03  3.09073534e-03
 4.23379200e+03  2.91076101e-03
 4.23469200e+03  2.78565292e-03
 4.23559200e+03  2.79945822e-03
 4.23649300e+03  2.74953093e-03
 4.23739300e+03  2.65753362e-03
 4.23829300e+03  2.70234830e-03
 4.23919300e+03  2.79179594e-03
 4.24009300e+03  2.80466974e-03
 4.24099400e+03  2.83518743e-03
 4.24189400e+03  2.97315968e-03
 4.24279400e+03  3.08999963e-03
 4.24369500e+03  3.08794123e-03
 4.24459500e+03  3.14056012e-03
 4.24549500e+03  3.30195262e-03
 4.24639500e+03  3.35179750e-03
 4.24729600e+03  3.20264479e-03
 4.24819600e+03  2.99301674e-03
 4.24909600e+03  2.86659722e-03
 4.24999600e+03  2.79218631e-03
 4.25089700e+03  2.65733019e-03
 4.25179700e+03  2.59453432e-03
 4.25269700e+03  2.77540236e-03
 4.25359700e+03  2.97587459e-03
 4.25449700e+03  2.91106012e-03
 4.25539800e+03  2.70009452e-03
 4.25629800e+03  2.67967260e-03
 4.25719800e+03  2.93018750e-03
 4.25809800e+03  3.18541218e-03
 4.25899800e+03  3.16119149e-03
 4.25989900e+03  2.90080434e-03
 4.26079900e+03  2.61608876e-03
 4.26169900e+03  2.46978524e-03
 4.26259900e+03  2.62102810e-03
 4.26350000e+03  2.98690709e-03
 4.26440000e+03  3.27889580e-03
 4.26530000e+03  3.37992753e-03
 4.26620000e+03  3.41443376e-03
 4.26710100e+03  3.43433906e-03
 4.26800100e+03  3.33823703e-03
 4.26890100e+03  3.15950216e-03
 4.26980100e+03  3.03150709e-03
 4.27070200e+03  2.89668112e-03
 4.27160200e+03  2.61204795e-03
 4.27250200e+03  2.29405072e-03
 4.27340300e+03  2.25959676e-03
 4.27430300e+03  2.45231181e-03
 4.27520300e+03  2.52587404e-03
 4.27610300e+03  2.54258884e-03
 4.27700300e+03  2.75754902e-03
 4.27790400e+03  3.08026126e-03
 4.27880400e+03  3.30598498e-03
 4.27970400e+03  3.34945447e-03
 4.28060400e+03  3.17818570e-03
 4.28150400e+03  2.97209792e-03
 4.28240500e+03  2.94590004e-03
 4.28330500e+03  3.00918518e-03
 4.28420500e+03  3.07164334e-03
 4.28510500e+03  3.11178724e-03
 4.28600600e+03  3.02832783e-03
 4.28690600e+03  2.91006631e-03
 4.28780600e+03  2.91371151e-03
 4.28870600e+03  2.94653404e-03
 4.28960600e+03  2.79353070e-03
 4.29050700e+03  2.49887211e-03
 4.29140700e+03  2.37759495e-03
 4.29230700e+03  2.56245475e-03
 4.29320800e+03  2.87856485e-03
 4.29410800e+03  3.07307859e-03
 4.29500800e+03  3.01867550e-03
 4.29590800e+03  2.91732898e-03
 4.29680900e+03  2.92756265e-03
 4.29770900e+03  2.90107652e-03
 4.29860900e+03  2.75217428e-03
 4.29950900e+03  2.49261009e-03
 4.30041000e+03  2.19082712e-03
 4.30131000e+03  2.08265012e-03
 4.30221000e+03  2.20694933e-03
 4.30311000e+03  2.30696875e-03
 4.30401000e+03  2.32273475e-03
 4.30491100e+03  2.39302969e-03
 4.30581100e+03  2.44999130e-03
 4.30671100e+03  2.40386600e-03
 4.30761100e+03  2.29544174e-03
 4.30851100e+03  2.11782010e-03
 4.30941200e+03  1.97339527e-03
 4.31031200e+03  2.02897711e-03
 4.31121200e+03  2.22821671e-03
 4.31211200e+03  2.43406046e-03
 4.31301300e+03  2.59776906e-03
 4.31391300e+03  2.74049169e-03
 4.31481300e+03  2.85336883e-03
 4.31571300e+03  2.99033359e-03
 4.31661400e+03  3.33232116e-03
 4.31751400e+03  3.75816131e-03
 4.31841400e+03  3.93778748e-03
 4.31931500e+03  3.87874375e-03
 4.32021500e+03  3.78114978e-03
 4.32111500e+03  3.68388869e-03
 4.32201500e+03  3.57083225e-03
 4.32291600e+03  3.50324338e-03
 4.32381600e+03  3.34177971e-03
 4.32471600e+03  2.96646508e-03
 4.32561600e+03  2.53784649e-03
 4.32651600e+03  2.26447740e-03
 4.32741700e+03  2.37641057e-03
 4.32831700e+03  2.88945504e-03
 4.32921700e+03  3.43742987e-03
 4.33011700e+03  3.68609141e-03
 4.33101700e+03  3.62097985e-03
 4.33191800e+03  3.49976702e-03
 4.33281800e+03  3.51870103e-03
 4.33371800e+03  3.59342834e-03
 4.33461800e+03  3.63111141e-03
 4.33551900e+03  3.68648299e-03
 4.33641900e+03  3.72922199e-03
 4.33731900e+03  3.54757642e-03
 4.33821900e+03  3.09845311e-03
 4.33911900e+03  2.69703105e-03
 4.34002000e+03  2.49801900e-03
 4.34092000e+03  2.38343444e-03
 4.34182000e+03  2.39020221e-03
 4.34272100e+03  2.62869842e-03
 4.34362100e+03  2.96514642e-03
 4.34452100e+03  3.11128229e-03
 4.34542200e+03  3.18075266e-03
 4.34632200e+03  3.36175739e-03
 4.34722200e+03  3.48922821e-03
 4.34812200e+03  3.48759758e-03
 4.34902200e+03  3.56662581e-03
 4.34992300e+03  3.77812169e-03
 4.35082300e+03  3.83025774e-03
 4.35172300e+03  3.47789861e-03
 4.35262300e+03  2.97777900e-03
 4.35352300e+03  2.83171268e-03
 4.35442400e+03  3.09532853e-03
 4.35532400e+03  3.37086497e-03
 4.35622400e+03  3.48028948e-03
 4.35712400e+03  3.59299334e-03
 4.35802400e+03  3.74156591e-03
 4.35892500e+03  3.73009238e-03
 4.35982500e+03  3.53542105e-03
 4.36072500e+03  3.44113377e-03
 4.36162600e+03  3.61089171e-03
 4.36252600e+03  3.85387860e-03
 4.36342600e+03  3.92241506e-03
 4.36432600e+03  3.88404532e-03
 4.36522600e+03  3.97204847e-03
 4.36612700e+03  4.13002934e-03
 4.36702700e+03  4.09133396e-03
 4.36792700e+03  3.82503778e-03
 4.36882800e+03  3.58937748e-03
 4.36972800e+03  3.57825854e-03
 4.37062800e+03  3.66550024e-03
 4.37152800e+03  3.69758746e-03
 4.37242900e+03  3.72502681e-03
 4.37332900e+03  3.74267391e-03
 4.37422900e+03  3.61430495e-03
 4.37512900e+03  3.34180142e-03
 4.37602900e+03  3.14004110e-03
 4.37693000e+03  3.21063755e-03
 4.37783000e+03  3.52296817e-03
 4.37873000e+03  3.82543177e-03
 4.37963000e+03  3.92591031e-03
 4.38053000e+03  3.84825943e-03
 4.38143100e+03  3.73661532e-03
 4.38233100e+03  3.61203991e-03
 4.38323100e+03  3.26122900e-03
 4.38413100e+03  2.64912959e-03
 4.38503200e+03  2.23974130e-03
 4.38593200e+03  2.42036772e-03
 4.38683200e+03  2.99001358e-03
 4.38773200e+03  3.44489155e-03
 4.38863300e+03  3.55666471e-03
 4.38953300e+03  3.51161645e-03
 4.39043300e+03  3.45691546e-03
 4.39133300e+03  3.40931793e-03
 4.39223400e+03  3.44667013e-03
 4.39313400e+03  3.59184916e-03
 4.39403400e+03  3.69778526e-03
 4.39493500e+03  3.63481812e-03
 4.39583500e+03  3.50688979e-03
 4.39673500e+03  3.56857525e-03
 4.39763500e+03  3.87445168e-03
 4.39853500e+03  4.12319484e-03
 4.39943600e+03  4.10291645e-03
 4.40033600e+03  3.87719875e-03
 4.40123600e+03  3.59651633e-03
 4.40213600e+03  3.51988581e-03
 4.40303600e+03  3.73903755e-03
 4.40393700e+03  3.83154504e-03
 4.40483700e+03  3.44562525e-03
 4.40573700e+03  2.97349980e-03
 4.40663700e+03  2.98623530e-03
 4.40753800e+03  3.33027844e-03
 4.40843800e+03  3.47825400e-03
 4.40933800e+03  3.43618076e-03
 4.41023800e+03  3.57125759e-03
 4.41113900e+03  3.89403697e-03
 4.41203900e+03  4.13756741e-03
 4.41293900e+03  4.25418021e-03
 4.41383900e+03  4.28936989e-03
 4.41473900e+03  4.09018818e-03
 4.41564000e+03  3.62745012e-03
 4.41654000e+03  3.32446227e-03
 4.41744000e+03  3.45194798e-03
 4.41834100e+03  3.73727143e-03
 4.41924100e+03  3.98190262e-03
 4.42014100e+03  4.21378424e-03
 4.42104100e+03  4.34507917e-03
 4.42194200e+03  4.25313091e-03
 4.42284200e+03  3.98048828e-03
 4.42374200e+03  3.76237860e-03
 4.42464200e+03  3.79325892e-03
 4.42554200e+03  3.93712855e-03
 4.42644300e+03  3.97215782e-03
 4.42734300e+03  3.93286301e-03
 4.42824300e+03  3.94874319e-03
 4.42914300e+03  4.05885397e-03
 4.43004300e+03  4.10999217e-03
 4.43094400e+03  3.94685084e-03
 4.43184400e+03  3.82322905e-03
 4.43274400e+03  3.95893505e-03
 4.43364400e+03  4.07831221e-03
 4.43454500e+03  3.93027314e-03
 4.43544500e+03  3.62721333e-03
 4.43634500e+03  3.43827695e-03
 4.43724500e+03  3.56942353e-03
 4.43814600e+03  3.93879255e-03
 4.43904600e+03  4.28342788e-03
 4.43994600e+03  4.47721033e-03
 4.44084600e+03  4.46126582e-03
 4.44174700e+03  4.22568433e-03
 4.44264700e+03  3.90855829e-03
 4.44354700e+03  3.68122966e-03
 4.44444800e+03  3.66725470e-03
 4.44534800e+03  3.90891932e-03
 4.44624800e+03  4.27141523e-03
 4.44714800e+03  4.46015220e-03
 4.44804800e+03  4.38169606e-03
 4.44894900e+03  4.31730293e-03
 4.44984900e+03  4.37872506e-03
 4.45074900e+03  4.34588725e-03
 4.45164900e+03  4.24566119e-03
 4.45254900e+03  4.26185496e-03
 4.45345000e+03  4.29648582e-03
 4.45435000e+03  4.15777745e-03
 4.45525000e+03  3.84215461e-03
 4.45615000e+03  3.55971250e-03
 4.45705100e+03  3.55373793e-03
 4.45795100e+03  3.72703414e-03
 4.45885100e+03  3.80189211e-03
 4.45975100e+03  3.74420564e-03
 4.46065200e+03  3.70705928e-03
 4.46155200e+03  3.68574004e-03
 4.46245200e+03  3.58410285e-03
 4.46335200e+03  3.61396604e-03
 4.46425300e+03  3.93078211e-03
 4.46515300e+03  4.20381792e-03
 4.46605300e+03  4.21435110e-03
 4.46695300e+03  4.15237015e-03
 4.46785400e+03  4.15625376e-03
 4.46875400e+03  4.17158718e-03
 4.46965400e+03  4.09029271e-03
 4.47055400e+03  3.98705343e-03
 4.47145500e+03  4.03962085e-03
 4.47235500e+03  4.21576625e-03
 4.47325500e+03  4.39316597e-03
 4.47415500e+03  4.54197333e-03
 4.47505500e+03  4.62856656e-03
 4.47595600e+03  4.59474780e-03
 4.47685600e+03  4.55497096e-03
 4.47775600e+03  4.67309137e-03
 4.47865600e+03  4.84786584e-03
 4.47955600e+03  4.82187059e-03
 4.48045700e+03  4.52538156e-03
 4.48135700e+03  4.13518337e-03
 4.48225700e+03  3.87722488e-03
 4.48315800e+03  3.86914529e-03
 4.48405800e+03  4.12950268e-03
 4.48495800e+03  4.48774351e-03
 4.48585800e+03  4.73796694e-03
 4.48675800e+03  4.86307866e-03
 4.48765900e+03  4.87248214e-03
 4.48855900e+03  4.71558996e-03
 4.48945900e+03  4.42267497e-03
 4.49036000e+03  4.16531551e-03
 4.49126000e+03  4.12040073e-03
 4.49216000e+03  4.30390327e-03
 4.49306000e+03  4.55032349e-03
 4.49396100e+03  4.62850223e-03
 4.49486100e+03  4.42305690e-03
 4.49576100e+03  4.14690254e-03
 4.49666100e+03  4.08352252e-03
 4.49756100e+03  4.22008003e-03
 4.49846200e+03  4.45278701e-03
 4.49936200e+03  4.68022740e-03
 4.50026200e+03  4.79956597e-03
 4.50116200e+03  4.76246665e-03
 4.50206200e+03  4.58448800e-03
 4.50296300e+03  4.52700978e-03
 4.50386300e+03  4.78743673e-03
 4.50476300e+03  5.11244576e-03
 4.50566300e+03  5.22377991e-03
 4.50656400e+03  5.16027928e-03
 4.50746400e+03  5.03910746e-03
 4.50836400e+03  4.92345551e-03
 4.50926500e+03  4.87452445e-03
 4.51016500e+03  4.92357210e-03
 4.51106500e+03  5.03373232e-03
 4.51196500e+03  5.08346744e-03
 4.51286500e+03  4.98223229e-03
 4.51376600e+03  4.80715227e-03
 4.51466600e+03  4.67069527e-03
 4.51556600e+03  4.60615741e-03
 4.51646700e+03  4.65344015e-03
 4.51736700e+03  4.74737846e-03
 4.51826700e+03  4.71632969e-03
 4.51916700e+03  4.62492819e-03
 4.52006700e+03  4.69014146e-03
 4.52096800e+03  4.86807991e-03
 4.52186800e+03  5.00854917e-03
 4.52276800e+03  4.98074478e-03
 4.52366800e+03  4.76685681e-03
 4.52456800e+03  4.64094908e-03
 4.52546900e+03  4.64099330e-03
 4.52636900e+03  4.53029034e-03
 4.52726900e+03  4.30823313e-03
 4.52816900e+03  4.10397780e-03
 4.52906900e+03  3.96141518e-03
 4.52997000e+03  3.91400097e-03
 4.53087000e+03  4.00469732e-03
 4.53177000e+03  4.13995546e-03
 4.53267100e+03  4.29973020e-03
 4.53357100e+03  4.43313579e-03
 4.53447100e+03  4.34441984e-03
 4.53537200e+03  4.12298176e-03
 4.53627200e+03  4.01349695e-03
 4.53717200e+03  4.22275353e-03
 4.53807200e+03  4.71948161e-03
 4.53897200e+03  5.06275486e-03
 4.53987300e+03  5.02717119e-03
 4.54077300e+03  4.81266008e-03
 4.54167300e+03  4.62120941e-03
 4.54257300e+03  4.59535487e-03
 4.54347400e+03  4.76019920e-03
 4.54437400e+03  4.89631447e-03
 4.54527400e+03  4.80332897e-03
 4.54617400e+03  4.62965204e-03
 4.54707400e+03  4.61589860e-03
 4.54797500e+03  4.70412406e-03
 4.54887500e+03  4.70987711e-03
 4.54977500e+03  4.54930636e-03
 4.55067500e+03  4.39757222e-03
 4.55157500e+03  4.51880435e-03
 4.55247600e+03  4.72718450e-03
 4.55337600e+03  4.72745788e-03
 4.55427600e+03  4.61037872e-03
 4.55517600e+03  4.49787467e-03
 4.55607700e+03  4.43969290e-03
 4.55697700e+03  4.54524586e-03
 4.55787700e+03  4.82103839e-03
 4.55877800e+03  5.07014819e-03
 4.55967800e+03  5.16342316e-03
 4.56057800e+03  5.16217284e-03
 4.56147900e+03  5.14244121e-03
 4.56237900e+03  5.17808519e-03
 4.56327900e+03  5.19142856e-03
 4.56417900e+03  5.01744207e-03
 4.56507900e+03  4.73396674e-03
 4.56598000e+03  4.56129489e-03
 4.56688000e+03  4.62023650e-03
 4.56778000e+03  4.90371986e-03
 4.56868000e+03  5.19748715e-03
 4.56958000e+03  5.28583725e-03
 4.57048100e+03  5.22860427e-03
 4.57138100e+03  5.07232719e-03
 4.57228100e+03  4.79585925e-03
 4.57318100e+03  4.71498289e-03
 4.57408100e+03  5.00211669e-03
 4.57498200e+03  5.25036615e-03
 4.57588200e+03  5.21923295e-03
 4.57678200e+03  5.15073107e-03
 4.57768200e+03  5.17279045e-03
 4.57858300e+03  5.17576548e-03
 4.57948300e+03  5.05698171e-03
 4.58038300e+03  4.82163339e-03
 4.58128300e+03  4.59908570e-03
 4.58218400e+03  4.55479005e-03
 4.58308400e+03  4.70235513e-03
 4.58398400e+03  4.83844628e-03
 4.58488500e+03  4.83231935e-03
 4.58578500e+03  4.77232040e-03
 4.58668500e+03  4.71352754e-03
 4.58758500e+03  4.73719102e-03
 4.58848600e+03  4.93739791e-03
 4.58938600e+03  5.18455385e-03
 4.59028600e+03  5.31586889e-03
 4.59118600e+03  5.27249790e-03
 4.59208600e+03  5.08397802e-03
 4.59298700e+03  4.88763867e-03
 4.59388700e+03  4.83049011e-03
 4.59478700e+03  4.87286407e-03
 4.59568700e+03  4.86211378e-03
 4.59658700e+03  4.81167913e-03
 4.59748800e+03  4.82040720e-03
 4.59838800e+03  4.86096398e-03
 4.59928800e+03  4.92345551e-03
 4.60018800e+03  5.00027137e-03
 4.60108800e+03  4.93878893e-03
 4.60198900e+03  4.84118009e-03
 4.60288900e+03  4.91096444e-03
 4.60378900e+03  5.00751193e-03
 4.60469000e+03  5.02134980e-03
 4.60559000e+03  4.97337557e-03
 4.60649000e+03  4.91470332e-03
 4.60739100e+03  4.97881905e-03
 4.60829100e+03  5.18635896e-03
 4.60919100e+03  5.45390988e-03
 4.61009100e+03  5.64782098e-03
 4.61099200e+03  5.62632444e-03
 4.61189200e+03  5.43993934e-03
 4.61279200e+03  5.28147925e-03
 4.61369200e+03  5.20935910e-03
 4.61459200e+03  5.18717106e-03
 4.61549300e+03  5.29421957e-03
 4.61639300e+03  5.42054944e-03
 4.61729300e+03  5.42417173e-03
 4.61819300e+03  5.43899457e-03
 4.61909300e+03  5.44876792e-03
 4.61999400e+03  5.32517588e-03
 4.62089400e+03  5.26270445e-03
 4.62179400e+03  5.41228370e-03
 4.62269400e+03  5.52160368e-03
 4.62359500e+03  5.46724521e-03
 4.62449500e+03  5.44883626e-03
 4.62539500e+03  5.47716731e-03
 4.62629500e+03  5.40820712e-03
 4.62719500e+03  5.33335317e-03
 4.62809600e+03  5.39185656e-03
 4.62899600e+03  5.47182836e-03
 4.62989600e+03  5.40636984e-03
 4.63079700e+03  5.32253454e-03
 4.63169700e+03  5.43078914e-03
 4.63259700e+03  5.58460981e-03
 4.63349800e+03  5.50646323e-03
 4.63439800e+03  5.29267980e-03
 4.63529800e+03  5.20876409e-03
 4.63619800e+03  5.25866405e-03
 4.63709800e+03  5.29356426e-03
 4.63799900e+03  5.21272811e-03
 4.63889900e+03  5.07809632e-03
 4.63979900e+03  5.01515050e-03
 4.64069900e+03  4.98301223e-03
 4.64159900e+03  5.03242974e-03
 4.64250000e+03  5.23677754e-03
 4.64340000e+03  5.38349836e-03
 4.64430000e+03  5.32431151e-03
 4.64520000e+03  5.19700070e-03
 4.64610000e+03  5.05932957e-03
 4.64700100e+03  4.82198718e-03
 4.64790100e+03  4.60788212e-03
 4.64880100e+03  4.60170292e-03
 4.64970200e+03  4.76876646e-03
 4.65060200e+03  4.99645209e-03
 4.65150200e+03  5.20309949e-03
 4.65240200e+03  5.32765238e-03
 4.65330200e+03  5.40790560e-03
 4.65420300e+03  5.43626479e-03
 4.65510300e+03  5.28739311e-03
 4.65600300e+03  5.07380666e-03
 4.65690400e+03  4.99851852e-03
 4.65780400e+03  5.06942454e-03
 4.65870400e+03  5.30117469e-03
 4.65960400e+03  5.63008744e-03
 4.66050500e+03  5.86763888e-03
 4.66140500e+03  5.89749362e-03
 4.66230500e+03  5.73825761e-03
 4.66320500e+03  5.49777135e-03
 4.66410500e+03  5.29206871e-03
 4.66500600e+03  5.22386032e-03
 4.66590600e+03  5.24694889e-03
 4.66680600e+03  5.09100550e-03
 4.66770600e+03  4.67069527e-03
 4.66860600e+03  4.33229060e-03
 4.66950700e+03  4.41319510e-03
 4.67040700e+03  4.79961823e-03
 4.67130700e+03  5.18268843e-03
 4.67220700e+03  5.41701962e-03
 4.67310800e+03  5.45494310e-03
 4.67400800e+03  5.35203952e-03
 4.67490800e+03  5.26792682e-03
 4.67580900e+03  5.30107820e-03
 4.67670900e+03  5.47126953e-03
 4.67760900e+03  5.64305692e-03
 4.67850900e+03  5.60779890e-03
 4.67940900e+03  5.39384259e-03
 4.68031000e+03  5.20870781e-03
 4.68121000e+03  5.12203417e-03
 4.68211000e+03  5.07961600e-03
 4.68301100e+03  5.11013811e-03
 4.68391100e+03  5.27448392e-03
 4.68481100e+03  5.45840056e-03
 4.68571100e+03  5.50639891e-03
 4.68661100e+03  5.48915183e-03
 4.68751200e+03  5.47131778e-03
 4.68841200e+03  5.40649849e-03
 4.68931200e+03  5.35159729e-03
 4.69021200e+03  5.37993637e-03
 4.69111200e+03  5.39430894e-03
 4.69201300e+03  5.32183501e-03
 4.69291300e+03  5.28098877e-03
 4.69381300e+03  5.34138572e-03
 4.69471300e+03  5.42859406e-03
 4.69561400e+03  5.53767684e-03
 4.69651400e+03  5.68009594e-03
 4.69741400e+03  5.75174571e-03
 4.69831400e+03  5.61883462e-03
 4.69921500e+03  5.31694231e-03
 4.70011500e+03  5.10828475e-03
 4.70101500e+03  5.14983052e-03
 4.70191600e+03  5.23417640e-03
 4.70281600e+03  5.17739370e-03
 4.70371600e+03  5.03517561e-03
 4.70461600e+03  5.02115683e-03
 4.70551600e+03  5.22974201e-03
 4.70641700e+03  5.42836892e-03
 4.70731700e+03  5.42025998e-03
 4.70821700e+03  5.26426432e-03
 4.70911700e+03  5.13916869e-03
 4.71001800e+03  5.11171407e-03
 4.71091800e+03  5.19702482e-03
 4.71181800e+03  5.43738645e-03
 4.71271800e+03  5.65104124e-03
 4.71361800e+03  5.64555353e-03
 4.71451900e+03  5.46503405e-03
 4.71541900e+03  5.25300347e-03
 4.71631900e+03  5.26226221e-03
 4.71721900e+03  5.54049105e-03
 4.71811900e+03  5.79108434e-03
 4.71902000e+03  5.87556289e-03
 4.71992000e+03  5.95005502e-03
 4.72082000e+03  6.06050470e-03
 4.72172100e+03  6.08676128e-03
 4.72262100e+03  5.98464567e-03
 4.72352100e+03  5.85392564e-03
 4.72442100e+03  5.85391760e-03
 4.72532200e+03  6.00543062e-03
 4.72622200e+03  6.13499281e-03
 4.72712200e+03  6.04580649e-03
 4.72802300e+03  5.68073919e-03
 4.72892300e+03  5.27761574e-03
 4.72982300e+03  5.11999186e-03
 4.73072300e+03  5.16573885e-03
 4.73162300e+03  5.24958219e-03
 4.73252400e+03  5.36241591e-03
 4.73342400e+03  5.53437617e-03
 4.73432400e+03  5.65437407e-03
 4.73522400e+03  5.71386645e-03
 4.73612400e+03  5.77881439e-03
 4.73702500e+03  5.68908533e-03
 4.73792500e+03  5.50642303e-03
 4.73882500e+03  5.59537617e-03
 4.73972500e+03  5.88280345e-03
 4.74062500e+03  5.96352302e-03
 4.74152600e+03  5.81887667e-03
 4.74242600e+03  5.71988484e-03
 4.74332600e+03  5.79569161e-03
 4.74422600e+03  5.93674783e-03
 4.74512700e+03  5.96410596e-03
 4.74602700e+03  5.88176621e-03
 4.74692700e+03  5.90175514e-03
 4.74782800e+03  6.04270282e-03
 4.74872800e+03  6.09431944e-03
 4.74962800e+03  6.04655024e-03
 4.75052900e+03  6.03965543e-03
 4.75142900e+03  6.07273847e-03
 4.75232900e+03  6.03192841e-03
 4.75322900e+03  5.90479851e-03
 4.75412900e+03  5.79851386e-03
 4.75503000e+03  5.72437552e-03
 4.75593000e+03  5.68979692e-03
 4.75683000e+03  5.69988787e-03
 4.75773000e+03  5.72306892e-03
 4.75863000e+03  5.77894706e-03
 4.75953100e+03  5.86034606e-03
 4.76043100e+03  5.96723778e-03
 4.76133100e+03  6.03103993e-03
 4.76223100e+03  5.90028371e-03
 4.76313100e+03  5.64431528e-03
 4.76403200e+03  5.51509884e-03
 4.76493200e+03  5.51080516e-03
 4.76583200e+03  5.43888602e-03
 4.76673300e+03  5.30331349e-03
 4.76763300e+03  5.29246672e-03
 4.76853300e+03  5.47362543e-03
 4.76943300e+03  5.70948433e-03
 4.77033300e+03  5.93108725e-03
 4.77123400e+03  6.03978006e-03
 4.77213400e+03  5.91870472e-03
 4.77303400e+03  5.74455742e-03
 4.77393500e+03  5.76697059e-03
 4.77483500e+03  5.98933334e-03
 4.77573500e+03  6.20310874e-03
 4.77663500e+03  6.20895425e-03
 4.77753600e+03  6.14074987e-03
 4.77843600e+03  6.20072470e-03
 4.77933600e+03  6.26164831e-03
 4.78023600e+03  6.19081466e-03
 4.78113600e+03  6.10446667e-03
 4.78203700e+03  6.09492650e-03
 4.78293700e+03  6.04462050e-03
 4.78383700e+03  5.86700367e-03
 4.78473700e+03  5.74867823e-03
 4.78563700e+03  5.85915605e-03
 4.78653800e+03  5.92601363e-03
 4.78743800e+03  5.78442271e-03
 4.78833800e+03  5.74743997e-03
 4.78923800e+03  5.85699313e-03
 4.79013900e+03  5.84964402e-03
 4.79103900e+03  5.80618459e-03
 4.79193900e+03  5.87788260e-03
 4.79284000e+03  5.98105957e-03
 4.79374000e+03  6.10620344e-03
 4.79464000e+03  6.32411170e-03
 4.79554000e+03  6.54421505e-03
 4.79644000e+03  6.60795690e-03
 4.79734100e+03  6.50777908e-03
 4.79824100e+03  6.35010696e-03
 4.79914100e+03  6.16429275e-03
 4.80004200e+03  5.97405218e-03
 4.80094200e+03  5.88744288e-03
 4.80184200e+03  5.99008916e-03
 4.80274200e+03  6.24377406e-03
 4.80364200e+03  6.45502471e-03
 4.80454300e+03  6.48063804e-03
 4.80544300e+03  6.31538766e-03
 4.80634300e+03  6.12172180e-03
 4.80724300e+03  6.06919659e-03
 4.80814300e+03  6.03315058e-03
 4.80904400e+03  5.94935549e-03
 4.80994400e+03  5.97578091e-03
 4.81084400e+03  6.12282738e-03
 4.81174400e+03  6.23238054e-03
 4.81264500e+03  6.25315342e-03
 4.81354500e+03  6.23717273e-03
 4.81444500e+03  6.22479825e-03
 4.81534500e+03  6.24728379e-03
 4.81624600e+03  6.30382527e-03
 4.81714600e+03  6.39041850e-03
 4.81804600e+03  6.47859975e-03
 4.81894700e+03  6.52958518e-03
 4.81984700e+03  6.58513768e-03
 4.82074700e+03  6.62730258e-03
 4.82164700e+03  6.58998214e-03
 4.82254700e+03  6.50322006e-03
 4.82344800e+03  6.29868733e-03
 4.82434800e+03  5.95838106e-03
 4.82524800e+03  5.82057726e-03
 4.82614800e+03  6.04652210e-03
 4.82704900e+03  6.32793501e-03
 4.82794900e+03  6.40563935e-03
 4.82884900e+03  6.30313378e-03
 4.82974900e+03  6.18570888e-03
 4.83064900e+03  6.18473195e-03
 4.83155000e+03  6.23440275e-03
 4.83245000e+03  6.11990864e-03
 4.83335000e+03  5.97276971e-03
 4.83425000e+03  6.05993382e-03
 4.83515000e+03  6.27492736e-03
 4.83605100e+03  6.37791537e-03
 4.83695100e+03  6.34540723e-03
 4.83785100e+03  6.32860640e-03
 4.83875200e+03  6.33644598e-03
 4.83965200e+03  6.21412436e-03
 4.84055200e+03  6.01568640e-03
 4.84145300e+03  5.94376727e-03
 4.84235300e+03  6.04875739e-03
 4.84325300e+03  6.11995689e-03
 4.84415300e+03  6.03582006e-03
 4.84505300e+03  6.03590047e-03
 4.84595400e+03  6.24863863e-03
 4.84685400e+03  6.45271706e-03
 4.84775400e+03  6.45988123e-03
 4.84865400e+03  6.26892908e-03
 4.84955500e+03  6.03148216e-03
 4.85045500e+03  6.00960369e-03
 4.85135500e+03  6.20275093e-03
 4.85225500e+03  6.29886020e-03
 4.85315500e+03  6.24979245e-03
 4.85405600e+03  6.21429321e-03
 4.85495600e+03  6.07724121e-03
 4.85585600e+03  5.72528008e-03
 4.85675600e+03  5.44530644e-03
 4.85765700e+03  5.53276403e-03
 4.85855700e+03  5.74993256e-03
 4.85945700e+03  5.69999642e-03
 4.86035700e+03  5.31395522e-03
 4.86125700e+03  4.77845940e-03
 4.86215800e+03  4.44075426e-03
 4.86305800e+03  4.48870839e-03
 4.86395800e+03  4.84341939e-03
 4.86485900e+03  5.21444477e-03
 4.86575900e+03  5.43230881e-03
 4.86665900e+03  5.65201415e-03
 4.86756000e+03  5.85126018e-03
 4.86846000e+03  5.92308283e-03
 4.86936000e+03  5.93911176e-03
 4.87026000e+03  5.99187015e-03
 4.87116000e+03  5.85327033e-03
 4.87206100e+03  5.40254654e-03
 4.87296100e+03  5.11082960e-03
 4.87386100e+03  5.35665482e-03
 4.87476100e+03  5.79859828e-03
 4.87566100e+03  5.99693975e-03
 4.87656200e+03  6.00886396e-03
 4.87746200e+03  6.07802918e-03
 4.87836200e+03  6.17140064e-03
 4.87926200e+03  6.24012363e-03
 4.88016200e+03  6.45730422e-03
 4.88106300e+03  6.63014895e-03
 4.88196300e+03  6.44728161e-03
 4.88286300e+03  6.18699940e-03
 4.88376400e+03  6.22354392e-03
 4.88466400e+03  6.36444737e-03
 4.88556400e+03  6.25292024e-03
 4.88646400e+03  5.96031884e-03
 4.88736400e+03  5.79307439e-03
 4.88826500e+03  5.86912639e-03
 4.88916500e+03  6.02599847e-03
 4.89006500e+03  6.07069616e-03
 4.89096600e+03  5.89207024e-03
 4.89186600e+03  5.50759294e-03
 4.89276600e+03  5.40893479e-03
 4.89366600e+03  5.91556085e-03
 4.89456700e+03  6.54363211e-03
 4.89546700e+03  6.92595453e-03
 4.89636700e+03  7.10281152e-03
 4.89726700e+03  7.11901734e-03
 4.89816700e+03  7.06847816e-03
 4.89906800e+03  7.02888223e-03
 4.89996800e+03  6.88884315e-03
 4.90086800e+03  6.64934990e-03
 4.90176800e+03  6.58507335e-03
 4.90266800e+03  6.70020266e-03
 4.90356900e+03  6.66262091e-03
 4.90446900e+03  6.47550412e-03
 4.90536900e+03  6.46834798e-03
 4.90627000e+03  6.73830706e-03
 4.90717000e+03  7.02210803e-03
 4.90807000e+03  7.04319450e-03
 4.90897000e+03  6.82750544e-03
 4.90987000e+03  6.54684433e-03
 4.91077100e+03  6.26309160e-03
 4.91167100e+03  6.10244848e-03
 4.91257100e+03  6.20970605e-03
 4.91347200e+03  6.46467343e-03
 4.91437200e+03  6.65396520e-03
 4.91527200e+03  6.78730245e-03
 4.91617200e+03  6.96186384e-03
 4.91707300e+03  7.06045364e-03
 4.91797300e+03  6.90298254e-03
 4.91887300e+03  6.44602728e-03
 4.91977300e+03  5.82506391e-03
 4.92067300e+03  5.32840820e-03
 4.92157400e+03  5.20179289e-03
 4.92247400e+03  5.53527672e-03
 4.92337400e+03  6.07294753e-03
 4.92427400e+03  6.34463533e-03
 4.92517400e+03  6.26320015e-03
 4.92607500e+03  6.21057041e-03
 4.92697500e+03  6.46007019e-03
 4.92787500e+03  6.77343241e-03
 4.92877500e+03  6.90703902e-03
 4.92967600e+03  7.02475741e-03
 4.93057600e+03  7.16783986e-03
 4.93147600e+03  7.18384869e-03
 4.93237700e+03  7.14408391e-03
 4.93327700e+03  7.00149997e-03
 4.93417700e+03  6.61181236e-03
 4.93507700e+03  6.31400869e-03
 4.93597700e+03  6.48388242e-03
 4.93687800e+03  6.77029256e-03
 4.93777800e+03  6.68626831e-03
 4.93867800e+03  6.27926125e-03
 4.93957900e+03  5.89395174e-03
 4.94047900e+03  5.88342258e-03
 4.94137900e+03  6.31484491e-03
 4.94227900e+03  6.80320273e-03
 4.94317900e+03  7.01120900e-03
 4.94408000e+03  7.10206374e-03
 4.94498000e+03  7.21894992e-03
 4.94588000e+03  7.17279689e-03
 4.94678000e+03  6.96119647e-03
 4.94768000e+03  6.90133824e-03
 4.94858100e+03  7.06978476e-03
 4.94948100e+03  7.21716491e-03
 4.95038100e+03  7.23980723e-03
 4.95128100e+03  7.24864787e-03
 4.95218200e+03  7.31025092e-03
 4.95308200e+03  7.29205102e-03
 4.95398200e+03  7.14496033e-03
 4.95488200e+03  7.03560015e-03
 4.95578300e+03  7.01595697e-03
 4.95668300e+03  6.90715159e-03
 4.95758300e+03  6.38858122e-03
 4.95848400e+03  5.67672693e-03
 4.95938400e+03  5.72308098e-03
 4.96028400e+03  6.56548645e-03
 4.96118400e+03  7.17036460e-03
 4.96208500e+03  7.24659350e-03
 4.96298500e+03  7.13757906e-03
 4.96388500e+03  7.11693483e-03
 4.96478500e+03  7.14070284e-03
 4.96568500e+03  6.96903606e-03
 4.96658600e+03  6.65995143e-03
 4.96748600e+03  6.51718658e-03
 4.96838600e+03  6.56285316e-03
 4.96928600e+03  6.61282950e-03
 4.97018600e+03  6.66509339e-03
 4.97108700e+03  6.73005741e-03
 4.97198700e+03  6.81741449e-03
 4.97288700e+03  6.98180855e-03
 4.97378700e+03  7.11716800e-03
 4.97468800e+03  7.18900271e-03
 4.97558800e+03  7.24491704e-03
 4.97648800e+03  7.21856397e-03
 4.97738800e+03  7.13527543e-03
 4.97828900e+03  7.02284374e-03
 4.97918900e+03  6.81038299e-03
 4.98008900e+03  6.63274606e-03
 4.98098900e+03  6.62493060e-03
 4.98189000e+03  6.58309537e-03
 4.98279000e+03  6.27219356e-03
 4.98369000e+03  5.85534883e-03
 4.98459100e+03  5.72348703e-03
 4.98549100e+03  5.91776397e-03
 4.98639100e+03  6.17585111e-03
 4.98729100e+03  6.45920582e-03
 4.98819100e+03  6.82010809e-03
 4.98909200e+03  7.03739723e-03
 4.98999200e+03  7.00251711e-03
 4.99089200e+03  6.87059501e-03
 4.99179200e+03  6.73119515e-03
 4.99269200e+03  6.72016345e-03
 4.99359300e+03  6.86784512e-03
 4.99449300e+03  6.88085883e-03
 4.99539300e+03  6.80682100e-03
 4.99629300e+03  6.91509570e-03
 4.99719400e+03  7.05099388e-03
 4.99809400e+03  7.05653787e-03
 4.99899400e+03  6.99578311e-03
 4.99989400e+03  6.81011765e-03
 5.00079500e+03  6.52862835e-03
 5.00169500e+03  6.37021650e-03
 5.00259500e+03  6.36551677e-03
 5.00349500e+03  6.42377894e-03
 5.00439600e+03  6.51094305e-03
 5.00529600e+03  6.50809668e-03
 5.00619600e+03  6.31165682e-03
 5.00709600e+03  6.23170513e-03
 5.00799700e+03  6.58667343e-03
 5.00889700e+03  6.88039248e-03
 5.00979700e+03  6.95770685e-03
 5.01069700e+03  6.95283425e-03
 5.01159800e+03  6.84772353e-03
 5.01249800e+03  6.62229730e-03
 5.01339800e+03  6.27306998e-03
 5.01429800e+03  5.98521656e-03
 5.01519800e+03  5.87083100e-03
 5.01609900e+03  6.00707090e-03
 5.01699900e+03  6.31410518e-03
 5.01789900e+03  6.43767712e-03
 5.01879900e+03  6.29540677e-03
 5.01969900e+03  6.22698529e-03
 5.02060000e+03  6.40444935e-03
 5.02150000e+03  6.58017663e-03
 5.02240000e+03  6.53480755e-03
 5.02330100e+03  6.37361767e-03
 5.02420100e+03  6.41839174e-03
 5.02510100e+03  6.68636881e-03
 5.02600200e+03  6.87041812e-03
 5.02690200e+03  6.88497964e-03
 5.02780200e+03  6.72327114e-03
 5.02870200e+03  6.48041290e-03
 5.02960200e+03  6.54097067e-03
 5.03050300e+03  6.85579629e-03
 5.03140300e+03  7.04144969e-03
 5.03230300e+03  7.11196574e-03
 5.03320300e+03  7.26503863e-03
 5.03410400e+03  7.46834919e-03
 5.03500400e+03  7.51422482e-03
 5.03590400e+03  7.20959067e-03
 5.03680400e+03  6.70998405e-03
 5.03770400e+03  6.53437336e-03
 5.03860500e+03  6.73303243e-03
 5.03950500e+03  6.76469630e-03
 5.04040500e+03  6.43876260e-03
 5.04130500e+03  5.94381551e-03
 5.04220600e+03  5.55046943e-03
 5.04310600e+03  5.72262669e-03
 5.04400600e+03  6.41713741e-03
 5.04490600e+03  6.99823549e-03
 5.04580600e+03  7.30503257e-03
 5.04670700e+03  7.53944416e-03
 5.04760700e+03  7.63583888e-03
 5.04850700e+03  7.39787334e-03
 5.04940800e+03  6.91603243e-03
 5.05030800e+03  6.56872682e-03
 5.05120800e+03  6.53117320e-03
 5.05210900e+03  6.61353305e-03
 5.05300900e+03  6.66362598e-03
 5.05390900e+03  6.79679437e-03
 5.05480900e+03  7.04613334e-03
 5.05570900e+03  7.27584922e-03
 5.05661000e+03  7.37405709e-03
 5.05751000e+03  7.35670146e-03
 5.05841000e+03  7.36318218e-03
 5.05931000e+03  7.43217454e-03
 5.06021000e+03  7.47427511e-03
 5.06111100e+03  7.50962962e-03
 5.06201100e+03  7.62553083e-03
 5.06291100e+03  7.72436185e-03
 5.06381100e+03  7.66428652e-03
 5.06471200e+03  7.34409380e-03
 5.06561200e+03  6.83587972e-03
 5.06651200e+03  6.59839260e-03
 5.06741200e+03  6.79311982e-03
 5.06831200e+03  6.95610677e-03
 5.06921300e+03  6.88366098e-03
 5.07011300e+03  6.87935926e-03
 5.07101300e+03  7.09910078e-03
 5.07191400e+03  7.23575879e-03
 5.07281400e+03  7.04234219e-03
 5.07371400e+03  6.85007138e-03
 5.07461400e+03  6.98161557e-03
 5.07551500e+03  7.15191947e-03
 5.07641500e+03  7.09589258e-03
 5.07731500e+03  7.03834602e-03
 5.07821500e+03  7.16123048e-03
 5.07911600e+03  7.15796600e-03
 5.08001600e+03  6.69206960e-03
 5.08091600e+03  6.14630995e-03
 5.08181600e+03  6.09610445e-03
 5.08271600e+03  6.42866763e-03
 5.08361700e+03  6.66469136e-03
 5.08451700e+03  6.70087003e-03
 5.08541700e+03  6.80424399e-03
 5.08631700e+03  7.03884855e-03
 5.08721700e+03  7.20954242e-03
 5.08811800e+03  7.22163146e-03
 5.08901800e+03  7.18921981e-03
 5.08991800e+03  7.23744732e-03
 5.09081900e+03  7.31870159e-03
 5.09171900e+03  7.33261182e-03
 5.09261900e+03  7.35655673e-03
 5.09351900e+03  7.50846776e-03
 5.09441900e+03  7.67712333e-03
 5.09532000e+03  7.66368347e-03
 5.09622000e+03  7.48352582e-03
 5.09712000e+03  7.27578087e-03
 5.09802100e+03  7.06375833e-03
 5.09892100e+03  6.78123582e-03
 5.09982100e+03  6.45063052e-03
 5.10072100e+03  6.39292315e-03
 5.10162200e+03  6.76983023e-03
 5.10252200e+03  7.21755086e-03
 5.10342200e+03  7.40362639e-03
 5.10432200e+03  7.33561901e-03
 5.10522200e+03  7.19659706e-03
 5.10612300e+03  7.12969928e-03
 5.10702300e+03  7.10627299e-03
 5.10792300e+03  6.97530772e-03
 5.10882300e+03  6.80649134e-03
 5.10972300e+03  6.80380980e-03
 5.11062400e+03  6.82173229e-03
 5.11152400e+03  6.79687880e-03
 5.11242400e+03  6.96357247e-03
 5.11332400e+03  7.22173197e-03
 5.11422500e+03  7.33682108e-03
 5.11512500e+03  7.40519833e-03
 5.11602500e+03  7.47568221e-03
 5.11692600e+03  7.50318508e-03
 5.11782600e+03  7.59981298e-03
 5.11872600e+03  7.75346077e-03
 5.11962600e+03  7.79245366e-03
 5.12052700e+03  7.69274219e-03
 5.12142700e+03  7.51040554e-03
 5.12232700e+03  7.31477778e-03
 5.12322700e+03  7.13997516e-03
 5.12412800e+03  6.88539775e-03
 5.12502800e+03  6.62545726e-03
 5.12592800e+03  6.59155005e-03
 5.12682800e+03  6.72873875e-03
 5.12772800e+03  6.83836427e-03
 5.12862900e+03  6.85201721e-03
 5.12952900e+03  6.81954525e-03
 5.13042900e+03  6.78507520e-03
 5.13132900e+03  6.86082568e-03
 5.13222900e+03  7.07526845e-03
 5.13313000e+03  7.25093542e-03
 5.13403000e+03  7.27285409e-03
 5.13493000e+03  7.24731715e-03
 5.13583100e+03  7.39176249e-03
 5.13673100e+03  7.54834912e-03
 5.13763100e+03  7.40651297e-03
 5.13853100e+03  7.11533877e-03
 5.13943100e+03  6.86831550e-03
 5.14033200e+03  6.68783622e-03
 5.14123200e+03  6.83758433e-03
 5.14213200e+03  7.14259238e-03
 5.14303300e+03  7.01939835e-03
 5.14393300e+03  6.73385659e-03
 5.14483300e+03  6.87213478e-03
 5.14573300e+03  7.14988922e-03
 5.14663400e+03  7.11244013e-03
 5.14753400e+03  6.91476202e-03
 5.14843400e+03  6.80924524e-03
 5.14933400e+03  6.87342530e-03
 5.15023400e+03  7.06066672e-03
 5.15113500e+03  7.14245971e-03
 5.15203500e+03  7.02516748e-03
 5.15293500e+03  6.90341673e-03
 5.15383500e+03  6.87230364e-03
 5.15473500e+03  6.86109102e-03
 5.15563600e+03  6.92295941e-03
 5.15653600e+03  7.13036263e-03
 5.15743600e+03  7.39210421e-03
 5.15833700e+03  7.62624644e-03
 5.15923700e+03  7.73636646e-03
 5.16013700e+03  7.68875004e-03
 5.16103700e+03  7.67502071e-03
 5.16193800e+03  7.71760372e-03
 5.16283800e+03  7.56627162e-03
 5.16373800e+03  7.30973230e-03
 5.16463800e+03  7.21891374e-03
 5.16553900e+03  7.07965861e-03
 5.16643900e+03  6.59950221e-03
 5.16733900e+03  5.85697303e-03
 5.16823900e+03  5.13634644e-03
 5.16914000e+03  4.89635065e-03
 5.17004000e+03  5.35233702e-03
 5.17094000e+03  6.09656276e-03
 5.17184000e+03  6.32705054e-03
 5.17274000e+03  5.65943160e-03
 5.17364100e+03  4.82282340e-03
 5.17454100e+03  4.89407114e-03
 5.17544100e+03  5.89612672e-03
 5.17634100e+03  6.86921605e-03
 5.17724100e+03  7.25539394e-03
 5.17814200e+03  7.32641654e-03
 5.17904200e+03  7.40036593e-03
 5.17994200e+03  7.44104734e-03
 5.18084200e+03  7.35710349e-03
 5.18174300e+03  7.15807857e-03
 5.18264300e+03  6.73859250e-03
 5.18354300e+03  5.90316627e-03
 5.18444400e+03  4.92894724e-03
 5.18534400e+03  4.73225008e-03
 5.18624400e+03  5.62660988e-03
 5.18714400e+03  6.76022171e-03
 5.18804500e+03  7.39489430e-03
 5.18894500e+03  7.49175135e-03
 5.18984500e+03  7.44559027e-03
 5.19074500e+03  7.62769777e-03
 5.19164600e+03  7.68154164e-03
 5.19254600e+03  7.14700667e-03
 5.19344600e+03  6.56411553e-03
 5.19434600e+03  6.64740407e-03
 5.19524600e+03  7.05971793e-03
 5.19614700e+03  7.17029224e-03
 5.19704700e+03  7.14309894e-03
 5.19794700e+03  7.30625474e-03
 5.19884700e+03  7.53119853e-03
 5.19974700e+03  7.69989431e-03
 5.20064800e+03  7.85135908e-03
 5.20154800e+03  7.91846592e-03
 5.20244800e+03  7.83676138e-03
 5.20334800e+03  7.70227030e-03
 5.20424900e+03  7.59333225e-03
 5.20514900e+03  7.30999362e-03
 5.20604900e+03  6.79494102e-03
 5.20694900e+03  6.47068378e-03
 5.20785000e+03  6.52829869e-03
 5.20875000e+03  6.55952033e-03
 5.20965000e+03  6.39512225e-03
 5.21055100e+03  6.50128629e-03
 5.21145100e+03  6.93296191e-03
 5.21235100e+03  7.41495559e-03
 5.21325100e+03  7.84766041e-03
 5.21415200e+03  8.12279361e-03
 5.21505200e+03  8.12294236e-03
 5.21595200e+03  7.81427584e-03
 5.21685200e+03  7.43980908e-03
 5.21775200e+03  7.32927095e-03
 5.21865300e+03  7.52375695e-03
 5.21955300e+03  7.86465421e-03
 5.22045300e+03  8.14497762e-03
 5.22135300e+03  8.26326287e-03
 5.22225300e+03  8.30703589e-03
 5.22315400e+03  8.27679519e-03
 5.22405400e+03  8.09110963e-03
 5.22495400e+03  7.75405980e-03
 5.22585400e+03  7.33842116e-03
 5.22675500e+03  6.87044224e-03
 5.22765500e+03  6.40268443e-03
 5.22855500e+03  6.37687813e-03
 5.22945600e+03  7.04801484e-03
 5.23035600e+03  7.77270595e-03
 5.23125600e+03  8.07468269e-03
 5.23215600e+03  8.17115781e-03
 5.23305600e+03  8.03068051e-03
 5.23395700e+03  7.60154974e-03
 5.23485700e+03  7.36426766e-03
 5.23575700e+03  7.50388059e-03
 5.23665800e+03  7.78879116e-03
 5.23755800e+03  8.13607266e-03
 5.23845800e+03  8.41221094e-03
 5.23935800e+03  8.48812223e-03
 5.24025800e+03  8.42617746e-03
 5.24115900e+03  8.37453269e-03
 5.24205900e+03  8.41172448e-03
 5.24295900e+03  8.42228581e-03
 5.24385900e+03  8.34225773e-03
 5.24475900e+03  8.38020935e-03
 5.24566000e+03  8.59480489e-03
 5.24656000e+03  8.61740701e-03
 5.24746000e+03  8.19699627e-03
 5.24836000e+03  7.73429199e-03
 5.24926100e+03  7.72521817e-03
 5.25016100e+03  7.90502204e-03
 5.25106100e+03  7.78485529e-03
 5.25196200e+03  7.61043059e-03
 5.25286200e+03  7.77022944e-03
 5.25376200e+03  8.06526715e-03
 5.25466200e+03  8.14844312e-03
 5.25556200e+03  7.94052128e-03
 5.25646300e+03  7.76479802e-03
 5.25736300e+03  8.03622450e-03
 5.25826300e+03  8.54435817e-03
 5.25916400e+03  8.85102258e-03
 5.26006400e+03  8.89726005e-03
 5.26096400e+03  8.74733504e-03
 5.26186400e+03  8.43360697e-03
 5.26276400e+03  7.96609440e-03
 5.26366500e+03  7.44506764e-03
 5.26456500e+03  7.03408048e-03
 5.26546500e+03  6.76060364e-03
 5.26636500e+03  6.53759764e-03
 5.26726500e+03  6.48731978e-03
 5.26816600e+03  6.89260213e-03
 5.26906600e+03  7.26581857e-03
 5.26996600e+03  6.80651144e-03
 5.27086600e+03  6.01258675e-03
 5.27176700e+03  6.11887945e-03
 5.27266700e+03  7.08027372e-03
 5.27356700e+03  7.80288633e-03
 5.27446700e+03  7.93561249e-03
 5.27536800e+03  7.84651864e-03
 5.27626800e+03  7.67445385e-03
 5.27716800e+03  7.68951389e-03
 5.27806900e+03  8.18097538e-03
 5.27896900e+03  8.74974722e-03
 5.27986900e+03  8.93454832e-03
 5.28076900e+03  8.75235238e-03
 5.28167000e+03  8.42085458e-03
 5.28257000e+03  8.13302125e-03
 5.28347000e+03  7.93635625e-03
 5.28437000e+03  7.76615286e-03
 5.28527000e+03  7.76442011e-03
 5.28617100e+03  8.21495093e-03
 5.28707100e+03  8.86858727e-03
 5.28797100e+03  9.20341790e-03
 5.28887100e+03  9.13502457e-03
 5.28977100e+03  8.98315374e-03
 5.29067200e+03  9.02533472e-03
 5.29157200e+03  9.20006899e-03
 5.29247200e+03  9.27438020e-03
 5.29337200e+03  9.15955643e-03
 5.29427300e+03  8.98488247e-03
 5.29517300e+03  8.92887970e-03
 5.29607300e+03  8.90406641e-03
 5.29697400e+03  8.64378822e-03
 5.29787400e+03  8.08155338e-03
 5.29877400e+03  7.53593444e-03
 5.29967400e+03  7.51295039e-03
 5.30057400e+03  8.02616974e-03
 5.30147500e+03  8.42619756e-03
 5.30237500e+03  8.41662522e-03
 5.30327500e+03  8.37302910e-03
 5.30417600e+03  8.60541446e-03
 5.30507600e+03  9.01577847e-03
 5.30597600e+03  9.31621543e-03
 5.30687600e+03  9.35216897e-03
 5.30777600e+03  9.16502002e-03
 5.30867700e+03  8.99464376e-03
 5.30957700e+03  9.06272752e-03
 5.31047700e+03  9.28064785e-03
 5.31137700e+03  9.40563091e-03
 5.31227700e+03  9.38265490e-03
 5.31317800e+03  9.28915078e-03
 5.31407800e+03  9.16510043e-03
 5.31497800e+03  9.09181841e-03
 5.31587800e+03  9.07588596e-03
 5.31677900e+03  8.96246126e-03
 5.31767900e+03  8.76793908e-03
 5.31857900e+03  8.73959999e-03
 5.31948000e+03  8.88591878e-03
 5.32038000e+03  8.97366985e-03
 5.32128000e+03  8.97793539e-03
 5.32218000e+03  8.97124963e-03
 5.32308100e+03  8.93522373e-03
 5.32398100e+03  8.75673048e-03
 5.32488100e+03  8.37901934e-03
 5.32578100e+03  8.15822049e-03
 5.32668200e+03  8.33108532e-03
 5.32758200e+03  8.32749519e-03
 5.32848200e+03  7.59391922e-03
 5.32938200e+03  6.67866994e-03
 5.33028200e+03  6.71662157e-03
 5.33118300e+03  7.67446993e-03
 5.33208300e+03  8.54074392e-03
 5.33298300e+03  8.80342626e-03
 5.33388300e+03  8.71289314e-03
 5.33478300e+03  8.77260665e-03
 5.33568400e+03  9.07102140e-03
 5.33658400e+03  9.26065088e-03
 5.33748400e+03  9.19859756e-03
 5.33838400e+03  9.08805541e-03
 5.33928500e+03  9.04041486e-03
 5.34018500e+03  8.81195331e-03
 5.34108500e+03  8.28739672e-03
 5.34198500e+03  7.95524362e-03
 5.34288600e+03  8.24853249e-03
 5.34378600e+03  8.78640029e-03
 5.34468600e+03  9.06585532e-03
 5.34558700e+03  9.06615684e-03
 5.34648700e+03  8.88233669e-03
 5.34738700e+03  8.75474848e-03
 5.34828700e+03  8.82096683e-03
 5.34918800e+03  8.76516105e-03
 5.35008800e+03  8.53372850e-03
 5.35098800e+03  8.52629497e-03
 5.35188800e+03  8.88219598e-03
 5.35278800e+03  9.26698687e-03
 5.35368900e+03  9.38318960e-03
 5.35458900e+03  9.36979798e-03
 5.35548900e+03  9.50830131e-03
 5.35638900e+03  9.73345818e-03
 5.35728900e+03  9.83433151e-03
 5.35819000e+03  9.84114189e-03
 5.35909000e+03  9.83751156e-03
 5.35999000e+03  9.82660851e-03
 5.36089000e+03  9.78737843e-03
 5.36179100e+03  9.65441105e-03
 5.36269100e+03  9.41427858e-03
 5.36359100e+03  9.22873774e-03
 5.36449200e+03  9.18595774e-03
 5.36539200e+03  9.10994192e-03
 5.36629200e+03  8.95225774e-03
 5.36719200e+03  8.92660019e-03
 5.36809200e+03  8.98770472e-03
 5.36899300e+03  8.99492116e-03
 5.36989300e+03  8.88557706e-03
 5.37079300e+03  8.48308479e-03
 5.37169400e+03  7.91423254e-03
 5.37259400e+03  7.68232560e-03
 5.37349400e+03  8.13853710e-03
 5.37439400e+03  8.93057225e-03
 5.37529400e+03  9.45986877e-03
 5.37619500e+03  9.66352909e-03
 5.37709500e+03  9.63665741e-03
 5.37799500e+03  9.47594193e-03
 5.37889500e+03  9.42730435e-03
 5.37979500e+03  9.53337994e-03
 5.38069600e+03  9.55798819e-03
 5.38159600e+03  9.43328655e-03
 5.38249600e+03  9.32044077e-03
 5.38339600e+03  9.22777689e-03
 5.38429700e+03  9.09497032e-03
 5.38519700e+03  9.13127765e-03
 5.38609700e+03  9.38924417e-03
 5.38699800e+03  9.55947973e-03
 5.38789800e+03  9.53274876e-03
 5.38879800e+03  9.44054721e-03
 5.38969800e+03  9.30183884e-03
 5.39059900e+03  9.08113245e-03
 5.39149900e+03  8.89224673e-03
 5.39239900e+03  8.82565047e-03
 5.39329900e+03  8.83437854e-03
 5.39420000e+03  8.84161508e-03
 5.39510000e+03  8.85473332e-03
 5.39600000e+03  8.90219697e-03
 5.39690000e+03  8.77762800e-03
 5.39780000e+03  8.33654488e-03
 5.39870100e+03  8.10425199e-03
 5.39960100e+03  8.50622965e-03
 5.40050100e+03  8.99175718e-03
 5.40140100e+03  9.07648901e-03
 5.40230100e+03  9.06582717e-03
 5.40320200e+03  9.21778645e-03
 5.40410200e+03  9.18604618e-03
 5.40500200e+03  8.68227856e-03
 5.40590200e+03  8.01396009e-03
 5.40680300e+03  7.67845003e-03
 5.40770300e+03  7.90897801e-03
 5.40860300e+03  8.47042889e-03
 5.40950300e+03  8.78913410e-03
 5.41040400e+03  8.61306107e-03
 5.41130400e+03  8.37221298e-03
 5.41220400e+03  8.58113185e-03
 5.41310500e+03  9.09791720e-03
 5.41400500e+03  9.45059394e-03
 5.41490500e+03  9.46774856e-03
 5.41580500e+03  9.32512442e-03
 5.41670600e+03  9.32487516e-03
 5.41760600e+03  9.57681526e-03
 5.41850600e+03  9.80625374e-03
 5.41940600e+03  9.79843827e-03
 5.42030600e+03  9.61161899e-03
 5.42120700e+03  9.38054022e-03
 5.42210700e+03  9.29580036e-03
 5.42300700e+03  9.45560323e-03
 5.42390700e+03  9.53212561e-03
 5.42480700e+03  9.22940913e-03
 5.42570800e+03  8.96311657e-03
 5.42660800e+03  9.20615170e-03
 5.42750800e+03  9.70790515e-03
 5.42840800e+03  9.98760140e-03
 5.42930900e+03  9.69713879e-03
 5.43020900e+03  8.89026874e-03
 5.43110900e+03  8.40010581e-03
 5.43201000e+03  8.76811195e-03
 5.43291000e+03  9.24900005e-03
 5.43381000e+03  9.17878954e-03
 5.43471000e+03  8.84011953e-03
 5.43561000e+03  8.59624014e-03
 5.43651100e+03  8.59542401e-03
 5.43741100e+03  8.81754957e-03
 5.43831100e+03  9.16880312e-03
 5.43921200e+03  9.59716601e-03
 5.44011200e+03  9.95000758e-03
 5.44101200e+03  1.01295783e-02
 5.44191200e+03  1.01607275e-02
 5.44281200e+03  1.01310537e-02
 5.44371300e+03  1.01324890e-02
 5.44461300e+03  1.00921171e-02
 5.44551300e+03  9.83212034e-03
 5.44641300e+03  9.29555914e-03
 5.44731300e+03  8.62528278e-03
 5.44821400e+03  8.28839778e-03
 5.44911400e+03  8.67306001e-03
 5.45001400e+03  9.36754662e-03
 5.45091400e+03  9.78890614e-03
 5.45181500e+03  9.87586924e-03
 5.45271500e+03  9.80575120e-03
 5.45361500e+03  9.70583872e-03
 5.45451600e+03  9.53967573e-03
 5.45541600e+03  9.15521049e-03
 5.45631600e+03  8.61013027e-03
 5.45721600e+03  8.45569851e-03
 5.45811700e+03  8.98274769e-03
 5.45901700e+03  9.65856000e-03
 5.45991700e+03  9.98738028e-03
 5.46081700e+03  9.94695617e-03
 5.46171800e+03  9.74594121e-03
 5.46261800e+03  9.52550820e-03
 5.46351800e+03  9.22006194e-03
 5.46441800e+03  8.97131396e-03
 5.46531800e+03  9.12641308e-03
 5.46621900e+03  9.50543082e-03
 5.46711900e+03  9.64599657e-03
 5.46801900e+03  9.61654385e-03
 5.46891900e+03  9.69900019e-03
 5.46981900e+03  9.78169373e-03
 5.47072000e+03  9.66891629e-03
 5.47162000e+03  9.49786462e-03
 5.47252000e+03  9.51003004e-03
 5.47342000e+03  9.55065919e-03
 5.47432100e+03  9.38906728e-03
 5.47522100e+03  9.26436966e-03
 5.47612100e+03  9.25124338e-03
 5.47702100e+03  8.92628259e-03
 5.47792200e+03  8.43352254e-03
 5.47882200e+03  8.53727843e-03
 5.47972200e+03  9.20785631e-03
 5.48062300e+03  9.64837256e-03
 5.48152300e+03  9.45354082e-03
 5.48242300e+03  9.01823889e-03
 5.48332300e+03  8.94019282e-03
 5.48422400e+03  9.23562452e-03
 5.48512400e+03  9.63045409e-03
 5.48602400e+03  9.98066236e-03
 5.48692400e+03  1.00741544e-02
 5.48782400e+03  9.77782218e-03
 5.48872500e+03  9.38612442e-03
 5.48962500e+03  9.33727778e-03
 5.49052500e+03  9.52993455e-03
 5.49142500e+03  9.65333361e-03
 5.49232500e+03  9.77442503e-03
 5.49322600e+03  9.87521393e-03
 5.49412600e+03  9.76557635e-03
 5.49502600e+03  9.60487694e-03
 5.49592600e+03  9.67605232e-03
 5.49682700e+03  9.81611151e-03
 5.49772700e+03  9.69196065e-03
 5.49862700e+03  9.47391972e-03
 5.49952800e+03  9.62251802e-03
 5.50042800e+03  1.00000000e-02
 5.50132800e+03  1.00544308e-02
 5.50222800e+03  9.72294509e-03
 5.50312900e+03  9.43807071e-03
 5.50402900e+03  9.43587160e-03
 5.50492900e+03  9.57376385e-03
 5.50582900e+03  9.64830824e-03
 5.50673000e+03  9.48580372e-03
 5.50763000e+03  9.23984181e-03
 5.50853000e+03  9.34368212e-03
 5.50943000e+03  9.71130231e-03
 5.51033000e+03  9.88129664e-03
 5.51123100e+03  9.80359632e-03
 5.51213100e+03  9.62161747e-03
 5.51303100e+03  9.33098199e-03
 5.51393100e+03  9.09312903e-03
 5.51483100e+03  9.10776292e-03
 5.51573200e+03  9.28149613e-03
 5.51663200e+03  9.48023561e-03
 5.51753200e+03  9.63744941e-03
 5.51843200e+03  9.81570546e-03
 5.51933300e+03  1.00944610e-02
 5.52023300e+03  1.02887861e-02
 5.52113300e+03  1.02705058e-02
 5.52203300e+03  1.01798441e-02
 5.52293400e+03  1.01445097e-02
 5.52383400e+03  1.01530608e-02
 5.52473400e+03  1.01722618e-02
 5.52563500e+03  1.01465319e-02
 5.52653500e+03  1.00324117e-02
 5.52743500e+03  9.83793772e-03
 5.52833500e+03  9.50858676e-03
 5.52923600e+03  9.14586731e-03
 5.53013600e+03  9.16558286e-03
 5.53103600e+03  9.63962439e-03
 5.53193600e+03  1.00609276e-02
 5.53283600e+03  1.01409718e-02
 5.53373700e+03  1.00542338e-02
 5.53463700e+03  9.99172220e-03
 5.53553700e+03  9.89335754e-03
 5.53643700e+03  9.77260785e-03
 5.53733700e+03  9.83189118e-03
 5.53823800e+03  9.97361478e-03
 5.53913800e+03  1.00023639e-02
 5.54003800e+03  1.00500889e-02
 5.54093900e+03  1.02344759e-02
 5.54183900e+03  1.04276191e-02
 5.54273900e+03  1.04609916e-02
 5.54363900e+03  1.02817989e-02
 5.54453900e+03  1.00664917e-02
 5.54544000e+03  1.00456344e-02
 5.54634000e+03  1.01232543e-02
 5.54724000e+03  1.01042142e-02
 5.54814100e+03  1.01290677e-02
 5.54904100e+03  1.03498183e-02
 5.54994100e+03  1.05731097e-02
 5.55084100e+03  1.06368194e-02
 5.55174200e+03  1.06304714e-02
 5.55264200e+03  1.06031132e-02
 5.55354200e+03  1.04975764e-02
 5.55444200e+03  1.02959905e-02
 5.55534200e+03  1.01196964e-02
 5.55624300e+03  1.01124639e-02
 5.55714300e+03  1.02413305e-02
 5.55804300e+03  1.03034080e-02
 5.55894300e+03  1.02570097e-02
 5.55984300e+03  1.02632050e-02
 5.56074400e+03  1.03226572e-02
 5.56164400e+03  1.03167714e-02
 5.56254400e+03  1.02292093e-02
 5.56344400e+03  1.00751997e-02
 5.56434500e+03  9.96229763e-03
 5.56524500e+03  1.00039479e-02
 5.56614500e+03  1.00275833e-02
 5.56704600e+03  9.90641949e-03
 5.56794600e+03  9.84775127e-03
 5.56884600e+03  9.93536967e-03
 5.56974700e+03  9.96630587e-03
 5.57064700e+03  9.88658334e-03
 5.57154700e+03  9.98797528e-03
 5.57244700e+03  1.01931955e-02
 5.57334700e+03  1.00296980e-02
 5.57424800e+03  9.74588492e-03
 5.57514800e+03  9.92316002e-03
 5.57604800e+03  1.02703450e-02
 5.57694800e+03  1.02951503e-02
 5.57784800e+03  1.02410813e-02
 5.57874900e+03  1.03327923e-02
 5.57964900e+03  1.03637768e-02
 5.58054900e+03  1.03660603e-02
 5.58144900e+03  1.04510977e-02
 5.58234900e+03  1.04198961e-02
 5.58325000e+03  1.02747191e-02
 5.58415000e+03  1.02586701e-02
 5.58505000e+03  1.02999143e-02
 5.58595000e+03  1.01872816e-02
 5.58685100e+03  9.86698036e-03
 5.58775100e+03  9.39220713e-03
 5.58865100e+03  9.01854041e-03
 5.58955200e+03  8.94760625e-03
 5.59045200e+03  9.10501303e-03
 5.59135200e+03  9.41071257e-03
 5.59225200e+03  9.73882528e-03
 5.59315300e+03  9.89156047e-03
 5.59405300e+03  9.86369979e-03
 5.59495300e+03  9.75060877e-03
 5.59585300e+03  9.75345917e-03
 5.59675400e+03  1.01249429e-02
 5.59765400e+03  1.05307760e-02
 5.59855400e+03  1.04245195e-02
 5.59945400e+03  9.97986634e-03
 5.60035400e+03  9.76939965e-03
 5.60125500e+03  9.79695478e-03
 5.60215500e+03  9.70218829e-03
 5.60305500e+03  9.50638765e-03
 5.60395500e+03  9.44789230e-03
 5.60485500e+03  9.72477031e-03
 5.60575600e+03  1.02595787e-02
 5.60665600e+03  1.06945590e-02
 5.60755600e+03  1.08840477e-02
 5.60845700e+03  1.09033733e-02
 5.60935700e+03  1.08554795e-02
 5.61025700e+03  1.08133829e-02
 5.61115700e+03  1.07988415e-02
 5.61205800e+03  1.08418346e-02
 5.61295800e+03  1.09442799e-02
 5.61385800e+03  1.10073945e-02
 5.61475800e+03  1.07903426e-02
 5.61565900e+03  1.00929574e-02
 5.61655900e+03  9.32398667e-03
 5.61745900e+03  9.26233136e-03
 5.61835900e+03  9.83830356e-03
 5.61926000e+03  1.02725200e-02
 5.62016000e+03  1.02970237e-02
 5.62106000e+03  1.02235608e-02
 5.62196000e+03  1.03298334e-02
 5.62286000e+03  1.05689930e-02
 5.62376100e+03  1.06489326e-02
 5.62466100e+03  1.03211938e-02
 5.62556100e+03  9.78198721e-03
 5.62646100e+03  9.59990785e-03
 5.62736100e+03  9.91634963e-03
 5.62826200e+03  1.02741482e-02
 5.62916200e+03  1.04362748e-02
 5.63006200e+03  1.05962064e-02
 5.63096200e+03  1.08063514e-02
 5.63186300e+03  1.09249422e-02
 5.63276300e+03  1.09308561e-02
 5.63366300e+03  1.08723125e-02
 5.63456400e+03  1.07584174e-02
 5.63546400e+03  1.06209272e-02
 5.63636400e+03  1.05059908e-02
 5.63726500e+03  1.03776026e-02
 5.63816500e+03  1.02279148e-02
 5.63906500e+03  1.01863489e-02
 5.63996500e+03  1.03339301e-02
 5.64086500e+03  1.04849486e-02
 5.64176600e+03  1.03990911e-02
 5.64266600e+03  1.02139402e-02
 5.64356600e+03  1.02298244e-02
 5.64446600e+03  1.03734577e-02
 5.64536600e+03  1.04524003e-02
 5.64626700e+03  1.05140515e-02
 5.64716700e+03  1.05952013e-02
 5.64806700e+03  1.06826307e-02
 5.64896700e+03  1.07356263e-02
 5.64986800e+03  1.06753540e-02
 5.65076800e+03  1.05596940e-02
 5.65166800e+03  1.05638430e-02
 5.65256800e+03  1.07386818e-02
 5.65346800e+03  1.09258749e-02
 5.65436900e+03  1.09251794e-02
 5.65526900e+03  1.06748113e-02
 5.65616900e+03  1.04229154e-02
 5.65707000e+03  1.04815193e-02
 5.65797000e+03  1.05570647e-02
 5.65887000e+03  1.01250434e-02
 5.65977000e+03  9.56971943e-03
 5.66067100e+03  9.68114202e-03
 5.66157100e+03  1.02322085e-02
 5.66247100e+03  1.04249577e-02
 5.66337100e+03  1.02177515e-02
 5.66427200e+03  1.01508497e-02
 5.66517200e+03  1.04257819e-02
 5.66607200e+03  1.07582003e-02
 5.66697200e+03  1.08760112e-02
 5.66787200e+03  1.07332101e-02
 5.66877300e+03  1.05252722e-02
 5.66967300e+03  1.04824721e-02
 5.67057300e+03  1.05745892e-02
 5.67147300e+03  1.06500060e-02
 5.67237300e+03  1.07164857e-02
 5.67327400e+03  1.09069715e-02
 5.67417400e+03  1.11773085e-02
 5.67507400e+03  1.12927916e-02
 5.67597500e+03  1.11746993e-02
 5.67687500e+03  1.10637028e-02
 5.67777500e+03  1.11620957e-02
 5.67867600e+03  1.12672948e-02
 5.67957600e+03  1.11707835e-02
 5.68047600e+03  1.10235561e-02
 5.68137600e+03  1.10079051e-02
 5.68227600e+03  1.09764985e-02
 5.68317700e+03  1.07197783e-02
 5.68407700e+03  1.04698845e-02
 5.68497700e+03  1.05424710e-02
 5.68587700e+03  1.07837453e-02
 5.68677800e+03  1.08651523e-02
 5.68767800e+03  1.06856218e-02
 5.68857800e+03  1.04605293e-02
 5.68947800e+03  1.04172990e-02
 5.69037800e+03  1.05998568e-02
 5.69127900e+03  1.08775831e-02
 5.69217900e+03  1.10686036e-02
 5.69307900e+03  1.12108136e-02
 5.69397900e+03  1.13195507e-02
 5.69488000e+03  1.12847751e-02
 5.69578000e+03  1.11739194e-02
 5.69668000e+03  1.11567688e-02
 5.69758000e+03  1.12268185e-02
 5.69848100e+03  1.11651229e-02
 5.69938100e+03  1.09091063e-02
 5.70028100e+03  1.07510683e-02
 5.70118100e+03  1.07329367e-02
 5.70208200e+03  1.05948354e-02
 5.70298200e+03  1.04210902e-02
 5.70388200e+03  1.04817002e-02
 5.70478300e+03  1.07487084e-02
 5.70568300e+03  1.09355598e-02
 5.70658300e+03  1.08272972e-02
 5.70748300e+03  1.05382538e-02
 5.70838300e+03  1.03222109e-02
 5.70928400e+03  1.01408311e-02
 5.71018400e+03  9.95248006e-03
 5.71108400e+03  9.97009299e-03
 5.71198400e+03  1.01081300e-02
 5.71288400e+03  1.01352067e-02
 5.71378500e+03  1.03248844e-02
 5.71468500e+03  1.07730432e-02
 5.71558500e+03  1.10763266e-02
 5.71648500e+03  1.11564471e-02
 5.71738600e+03  1.12254113e-02
 5.71828600e+03  1.12610714e-02
 5.71918600e+03  1.12401015e-02
 5.72008600e+03  1.13077189e-02
 5.72098700e+03  1.14270093e-02
 5.72188700e+03  1.14943573e-02
 5.72278700e+03  1.15891680e-02
 5.72368800e+03  1.17098333e-02
 5.72458800e+03  1.17474392e-02
 5.72548800e+03  1.17102795e-02
 5.72638800e+03  1.16483428e-02
 5.72728900e+03  1.14738457e-02
 5.72818900e+03  1.12014021e-02
 5.72908900e+03  1.11463200e-02
 5.72998900e+03  1.14085722e-02
 5.73088900e+03  1.16049437e-02
 5.73179000e+03  1.14454825e-02
 5.73269000e+03  1.11462275e-02
 5.73359000e+03  1.11400604e-02
 5.73449000e+03  1.14222412e-02
 5.73539000e+03  1.16521420e-02
 5.73629100e+03  1.17138134e-02
 5.73719100e+03  1.16595916e-02
 5.73809100e+03  1.15594058e-02
 5.73899100e+03  1.15070213e-02
 5.73989100e+03  1.15093329e-02
 5.74079200e+03  1.15247669e-02
 5.74169200e+03  1.15519521e-02
 5.74259200e+03  1.15496364e-02
 5.74349300e+03  1.14740186e-02
 5.74439300e+03  1.14102124e-02
 5.74529300e+03  1.15161152e-02
 5.74619400e+03  1.17528505e-02
 5.74709400e+03  1.18846158e-02
 5.74799400e+03  1.17253999e-02
 5.74889400e+03  1.13578923e-02
 5.74979500e+03  1.11852566e-02
 5.75069500e+03  1.14140518e-02
 5.75159500e+03  1.17318887e-02
 5.75249500e+03  1.17593634e-02
 5.75339500e+03  1.14372570e-02
 5.75429600e+03  1.09895524e-02
 5.75519600e+03  1.07351519e-02
 5.75609600e+03  1.09059463e-02
 5.75699600e+03  1.13778370e-02
 5.75789600e+03  1.17644089e-02
 5.75879700e+03  1.19178958e-02
 5.75969700e+03  1.18955068e-02
 5.76059700e+03  1.17137209e-02
 5.76149700e+03  1.14343865e-02
 5.76239800e+03  1.11482136e-02
 5.76329800e+03  1.09014556e-02
 5.76419800e+03  1.08506632e-02
 5.76509900e+03  1.11963446e-02
 5.76599900e+03  1.17004821e-02
 5.76689900e+03  1.19580948e-02
 5.76779900e+03  1.19969309e-02
 5.76869900e+03  1.20055585e-02
 5.76960000e+03  1.19930754e-02
 5.77050000e+03  1.19418649e-02
 5.77140000e+03  1.18905015e-02
 5.77230100e+03  1.18127650e-02
 5.77320100e+03  1.16904554e-02
 5.77410100e+03  1.16340667e-02
 5.77500100e+03  1.16288403e-02
 5.77590100e+03  1.15827918e-02
 5.77680200e+03  1.16147572e-02
 5.77770200e+03  1.17631706e-02
 5.77860200e+03  1.18816167e-02
 5.77950200e+03  1.18853113e-02
 5.78040200e+03  1.17322063e-02
 5.78130300e+03  1.13299633e-02
 5.78220300e+03  1.08071836e-02
 5.78310300e+03  1.05626127e-02
 5.78400300e+03  1.07008427e-02
 5.78490400e+03  1.08604285e-02
 5.78580400e+03  1.07480812e-02
 5.78670400e+03  1.06067798e-02
 5.78760500e+03  1.08360293e-02
 5.78850500e+03  1.12758339e-02
 5.78940500e+03  1.15658704e-02
 5.79030500e+03  1.16979895e-02
 5.79120600e+03  1.16264201e-02
 5.79210600e+03  1.13891300e-02
 5.79300600e+03  1.13564409e-02
 5.79390600e+03  1.15847015e-02
 5.79480700e+03  1.18058421e-02
 5.79570700e+03  1.19801341e-02
 5.79660700e+03  1.21036256e-02
 5.79750700e+03  1.20105396e-02
 5.79840700e+03  1.16841355e-02
 5.79930800e+03  1.14595656e-02
 5.80020800e+03  1.16561301e-02
 5.80110800e+03  1.20717366e-02
 5.80200800e+03  1.23244406e-02
 5.80290800e+03  1.23976703e-02
 5.80380900e+03  1.23611499e-02
 5.80470900e+03  1.21267423e-02
 5.80560900e+03  1.17993975e-02
 5.80651000e+03  1.16560738e-02
 5.80741000e+03  1.17110715e-02
 5.80831000e+03  1.18210187e-02
 5.80921000e+03  1.19091557e-02
 5.81011000e+03  1.19499416e-02
 5.81101100e+03  1.20030418e-02
 5.81191100e+03  1.21069062e-02
 5.81281100e+03  1.21797982e-02
 5.81371200e+03  1.21816436e-02
 5.81461200e+03  1.21455573e-02
 5.81551200e+03  1.20350393e-02
 5.81641200e+03  1.18091628e-02
 5.81731300e+03  1.15940808e-02
 5.81821300e+03  1.16338496e-02
 5.81911300e+03  1.19661314e-02
 5.82001300e+03  1.22963990e-02
 5.82091300e+03  1.24268738e-02
 5.82181400e+03  1.24373828e-02
 5.82271400e+03  1.23965808e-02
 5.82361400e+03  1.23114188e-02
 5.82451400e+03  1.22369026e-02
 5.82541400e+03  1.22451281e-02
 5.82631500e+03  1.23217671e-02
 5.82721500e+03  1.23617489e-02
 5.82811500e+03  1.23355929e-02
 5.82901600e+03  1.23124561e-02
 5.82991600e+03  1.23584121e-02
 5.83081600e+03  1.24363014e-02
 5.83171600e+03  1.24364340e-02
 5.83261700e+03  1.23735083e-02
 5.83351700e+03  1.23498489e-02
 5.83441700e+03  1.23284970e-02
 5.83531800e+03  1.22140110e-02
 5.83621800e+03  1.21118632e-02
 5.83711800e+03  1.21937768e-02
 5.83801800e+03  1.23216022e-02
 5.83891800e+03  1.22588534e-02
 5.83981900e+03  1.21398003e-02
 5.84071900e+03  1.22085514e-02
 5.84161900e+03  1.24113795e-02
 5.84251900e+03  1.25642916e-02
 5.84341900e+03  1.26163947e-02
 5.84432000e+03  1.26079078e-02
 5.84522000e+03  1.25485441e-02
 5.84612000e+03  1.24476185e-02
 5.84702000e+03  1.23143577e-02
 5.84792100e+03  1.21492761e-02
 5.84882100e+03  1.20367399e-02
 5.84972100e+03  1.20556313e-02
 5.85062100e+03  1.21586756e-02
 5.85152100e+03  1.22361387e-02
 5.85242200e+03  1.21913687e-02
 5.85332200e+03  1.19878732e-02
 5.85422200e+03  1.17339872e-02
 5.85512300e+03  1.16769553e-02
 5.85602300e+03  1.18449797e-02
 5.85692300e+03  1.19137147e-02
 5.85782400e+03  1.16359281e-02
 5.85872400e+03  1.12249651e-02
 5.85962400e+03  1.11543485e-02
 5.86052400e+03  1.14709551e-02
 5.86142400e+03  1.18367943e-02
 5.86232500e+03  1.20407240e-02
 5.86322500e+03  1.19925608e-02
 5.86412500e+03  1.18847042e-02
 5.86502500e+03  1.19752695e-02
 5.86592500e+03  1.21420798e-02
 5.86682600e+03  1.21168484e-02
 5.86772600e+03  1.19147238e-02
 5.86862600e+03  1.18514202e-02
 5.86952600e+03  1.20514019e-02
 5.87042600e+03  1.23035229e-02
 5.87132700e+03  1.24452425e-02
 5.87222700e+03  1.24636716e-02
 5.87312700e+03  1.23824052e-02
 5.87402800e+03  1.22563729e-02
 5.87492800e+03  1.22240255e-02
 5.87582800e+03  1.23450446e-02
 5.87672900e+03  1.24466737e-02
 5.87762900e+03  1.23799931e-02
 5.87852900e+03  1.22390735e-02
 5.87942900e+03  1.21340271e-02
 5.88032900e+03  1.19994878e-02
 5.88123000e+03  1.18177663e-02
 5.88213000e+03  1.17841606e-02
 5.88303000e+03  1.19501989e-02
 5.88393000e+03  1.20438197e-02
 5.88483100e+03  1.19219523e-02
 5.88573100e+03  1.18066903e-02
 5.88663100e+03  1.18724263e-02
 5.88753100e+03  1.19466410e-02
 5.88843100e+03  1.17492001e-02
 5.88933200e+03  1.09954341e-02
 5.89023200e+03  9.53384228e-03
 5.89113200e+03  8.09430577e-03
 5.89203200e+03  8.00607226e-03
 5.89293200e+03  9.20136352e-03
 5.89383300e+03  1.03335482e-02
 5.89473300e+03  1.08026407e-02
 5.89563300e+03  1.05747299e-02
 5.89653400e+03  9.57555690e-03
 5.89743400e+03  8.74040807e-03
 5.89833400e+03  9.24082678e-03
 5.89923400e+03  1.04762205e-02
 5.90013500e+03  1.12370783e-02
 5.90103500e+03  1.15309139e-02
 5.90193500e+03  1.17965511e-02
 5.90283600e+03  1.20070018e-02
 5.90373600e+03  1.20734935e-02
 5.90463600e+03  1.21121446e-02
 5.90553600e+03  1.21387309e-02
 5.90643600e+03  1.20601421e-02
 5.90733700e+03  1.19766043e-02
 5.90823700e+03  1.20477998e-02
 5.90913700e+03  1.22142361e-02
 5.91003700e+03  1.23034908e-02
 5.91093700e+03  1.22836989e-02
 5.91183800e+03  1.23134290e-02
 5.91273800e+03  1.24262788e-02
 5.91363800e+03  1.24181296e-02
 5.91453800e+03  1.21536060e-02
 5.91543900e+03  1.18082542e-02
 5.91633900e+03  1.16751743e-02
 5.91723900e+03  1.17504021e-02
 5.91813900e+03  1.19326664e-02
 5.91904000e+03  1.21407290e-02
 5.91994000e+03  1.22559347e-02
 5.92084000e+03  1.23489684e-02
 5.92174000e+03  1.24331133e-02
 5.92264100e+03  1.23805278e-02
 5.92354100e+03  1.22628456e-02
 5.92444100e+03  1.22628898e-02
 5.92534200e+03  1.23620143e-02
 5.92624200e+03  1.24564953e-02
 5.92714200e+03  1.25439409e-02
 5.92804200e+03  1.25644886e-02
 5.92894200e+03  1.24601820e-02
 5.92984300e+03  1.22772423e-02
 5.93074300e+03  1.20575329e-02
 5.93164300e+03  1.19718925e-02
 5.93254300e+03  1.22028587e-02
 5.93344300e+03  1.25183517e-02
 5.93434400e+03  1.25684607e-02
 5.93524400e+03  1.23221168e-02
 5.93614400e+03  1.20967147e-02
 5.93704400e+03  1.22008003e-02
 5.93794500e+03  1.24585175e-02
 5.93884500e+03  1.25864555e-02
 5.93974500e+03  1.26531804e-02
 5.94064500e+03  1.26957755e-02
 5.94154600e+03  1.25441218e-02
 5.94244600e+03  1.22704761e-02
 5.94334600e+03  1.21719466e-02
 5.94424700e+03  1.22844346e-02
 5.94514700e+03  1.24503081e-02
 5.94604700e+03  1.26146499e-02
 5.94694700e+03  1.27491369e-02
 5.94784800e+03  1.27723140e-02
 5.94874800e+03  1.25995979e-02
 5.94964800e+03  1.22730169e-02
 5.95054800e+03  1.20970283e-02
 5.95144800e+03  1.22901152e-02
 5.95234900e+03  1.25579798e-02
 5.95324900e+03  1.24864908e-02
 5.95414900e+03  1.22095645e-02
 5.95504900e+03  1.22105374e-02
 5.95594900e+03  1.24794713e-02
 5.95685000e+03  1.25697110e-02
 5.95775000e+03  1.23863090e-02
 5.95865000e+03  1.22318249e-02
 5.95955000e+03  1.22830275e-02
 5.96045100e+03  1.24657742e-02
 5.96135100e+03  1.26783395e-02
 5.96225100e+03  1.28400600e-02
 5.96315100e+03  1.29094625e-02
 5.96405200e+03  1.29006017e-02
 5.96495200e+03  1.28678122e-02
 5.96585200e+03  1.27974127e-02
 5.96675300e+03  1.26526015e-02
 5.96765300e+03  1.25966912e-02
 5.96855300e+03  1.27332889e-02
 5.96945300e+03  1.28814932e-02
 5.97035400e+03  1.29472895e-02
 5.97125400e+03  1.30047998e-02
 5.97215400e+03  1.30710745e-02
 5.97305400e+03  1.30949792e-02
 5.97395400e+03  1.30813504e-02
 5.97485500e+03  1.30468924e-02
 5.97575500e+03  1.29254110e-02
 5.97665500e+03  1.26861107e-02
 5.97755500e+03  1.24471763e-02
 5.97845500e+03  1.23419007e-02
 5.97935600e+03  1.23781397e-02
 5.98025600e+03  1.25262596e-02
 5.98115600e+03  1.27663880e-02
 5.98205600e+03  1.29539471e-02
 5.98295700e+03  1.29598127e-02
 5.98385700e+03  1.27607435e-02
 5.98475700e+03  1.23708750e-02
 5.98565800e+03  1.20569459e-02
 5.98655800e+03  1.21478529e-02
 5.98745800e+03  1.24706146e-02
 5.98835900e+03  1.26424342e-02
 5.98925900e+03  1.26996471e-02
 5.99015900e+03  1.28254784e-02
 5.99105900e+03  1.29469879e-02
 5.99195900e+03  1.28944185e-02
 5.99286000e+03  1.27396209e-02
 5.99376000e+03  1.27729492e-02
 5.99466000e+03  1.30204308e-02
 5.99556000e+03  1.32041745e-02
 5.99646000e+03  1.31793572e-02
 5.99736100e+03  1.29855024e-02
 5.99826100e+03  1.27082384e-02
 5.99916100e+03  1.25136439e-02
 6.00006100e+03  1.25389276e-02
 6.00096100e+03  1.27156720e-02
 6.00186200e+03  1.28946597e-02
 6.00276200e+03  1.29161683e-02
 6.00366200e+03  1.27217185e-02
 6.00456200e+03  1.25883893e-02
 6.00546300e+03  1.27265308e-02
 6.00636300e+03  1.28762266e-02
 6.00726300e+03  1.28088143e-02
 6.00816400e+03  1.25594029e-02
 6.00906400e+03  1.22319496e-02
 6.00996400e+03  1.21570152e-02
 6.01086400e+03  1.25522669e-02
 6.01176500e+03  1.30248410e-02
 6.01266500e+03  1.31201543e-02
 6.01356500e+03  1.28449045e-02
 6.01446500e+03  1.25300588e-02
 6.01536600e+03  1.25166189e-02
 6.01626600e+03  1.27166770e-02
 6.01716600e+03  1.27377876e-02
 6.01806600e+03  1.25928237e-02
 6.01896600e+03  1.26203989e-02
 6.01986700e+03  1.27485138e-02
 6.02076700e+03  1.26565977e-02
 6.02166700e+03  1.24518077e-02
 6.02256700e+03  1.24215790e-02
 6.02346700e+03  1.25579074e-02
 6.02436800e+03  1.26860785e-02
 6.02526800e+03  1.27228603e-02
 6.02616800e+03  1.28339773e-02
 6.02706900e+03  1.30208328e-02
 6.02796900e+03  1.30465547e-02
 6.02886900e+03  1.30295126e-02
 6.02977000e+03  1.31686069e-02
 6.03067000e+03  1.33108612e-02
 6.03157000e+03  1.33103868e-02
 6.03247000e+03  1.32721015e-02
 6.03337000e+03  1.33362172e-02
 6.03427100e+03  1.34443311e-02
 6.03517100e+03  1.34803691e-02
 6.03607100e+03  1.34558412e-02
 6.03697100e+03  1.34401460e-02
 6.03787200e+03  1.34556040e-02
 6.03877200e+03  1.34895474e-02
 6.03967200e+03  1.34864076e-02
 6.04057200e+03  1.33942583e-02
 6.04147200e+03  1.33025311e-02
 6.04237300e+03  1.32814125e-02
 6.04327300e+03  1.32698702e-02
 6.04417300e+03  1.33427382e-02
 6.04507300e+03  1.35225420e-02
 6.04597400e+03  1.36343827e-02
 6.04687400e+03  1.36482769e-02
 6.04777400e+03  1.36591478e-02
 6.04867400e+03  1.36716790e-02
 6.04957500e+03  1.36370442e-02
 6.05047500e+03  1.36107876e-02
 6.05137500e+03  1.36674577e-02
 6.05227500e+03  1.37262827e-02
 6.05317600e+03  1.36774080e-02
 6.05407600e+03  1.35319857e-02
 6.05497600e+03  1.33907888e-02
 6.05587700e+03  1.33274731e-02
 6.05677700e+03  1.32500341e-02
 6.05767700e+03  1.31432147e-02
 6.05857700e+03  1.31514362e-02
 6.05947700e+03  1.32935458e-02
 6.06037800e+03  1.34880680e-02
 6.06127800e+03  1.36350983e-02
 6.06217800e+03  1.36666376e-02
 6.06307800e+03  1.35801006e-02
 6.06397800e+03  1.34166996e-02
 6.06487900e+03  1.32440639e-02
 6.06577900e+03  1.29856713e-02
 6.06667900e+03  1.27350337e-02
 6.06757900e+03  1.29048230e-02
 6.06848000e+03  1.34305938e-02
 6.06938000e+03  1.38172862e-02
 6.07028000e+03  1.39237397e-02
 6.07118100e+03  1.39177857e-02
 6.07208100e+03  1.39133714e-02
 6.07298100e+03  1.39296616e-02
 6.07388100e+03  1.39514999e-02
 6.07478200e+03  1.39667931e-02
 6.07568200e+03  1.39709541e-02
 6.07658200e+03  1.39361062e-02
 6.07748200e+03  1.38477119e-02
 6.07838300e+03  1.36874668e-02
 6.07928300e+03  1.34103194e-02
 6.08018300e+03  1.31879808e-02
 6.08108300e+03  1.32603984e-02
 6.08198300e+03  1.33914521e-02
 6.08288400e+03  1.32744493e-02
 6.08378400e+03  1.31341047e-02
 6.08468400e+03  1.32340293e-02
 6.08558400e+03  1.33775218e-02
 6.08648400e+03  1.33399239e-02
 6.08738500e+03  1.32848499e-02
 6.08828500e+03  1.33839181e-02
 6.08918500e+03  1.35494378e-02
 6.09008500e+03  1.35558381e-02
 6.09098600e+03  1.33153117e-02
 6.09188600e+03  1.31024408e-02
 6.09278600e+03  1.31290914e-02
 6.09368600e+03  1.32164485e-02
 6.09458700e+03  1.32578013e-02
 6.09548700e+03  1.34175921e-02
 6.09638700e+03  1.36878969e-02
 6.09728800e+03  1.37713141e-02
 6.09818800e+03  1.36212122e-02
 6.09908800e+03  1.35373769e-02
 6.09998800e+03  1.36587618e-02
 6.10088900e+03  1.38608422e-02
 6.10178900e+03  1.38984360e-02
 6.10268900e+03  1.34563800e-02
 6.10358900e+03  1.25830182e-02
 6.10448900e+03  1.21254639e-02
 6.10539000e+03  1.26397687e-02
 6.10629000e+03  1.34188585e-02
 6.10719000e+03  1.37625056e-02
 6.10809000e+03  1.37198623e-02
 6.10899000e+03  1.35562040e-02
 6.10989100e+03  1.35639873e-02
 6.11079100e+03  1.37741002e-02
 6.11169100e+03  1.38342680e-02
 6.11259200e+03  1.36514610e-02
 6.11349200e+03  1.35860024e-02
 6.11439200e+03  1.37863219e-02
 6.11529200e+03  1.40196400e-02
 6.11619300e+03  1.40562770e-02
 6.11709300e+03  1.38363224e-02
 6.11799300e+03  1.36283322e-02
 6.11889300e+03  1.37109654e-02
 6.11979400e+03  1.38300306e-02
 6.12069400e+03  1.36749355e-02
 6.12159400e+03  1.33588234e-02
 6.12249400e+03  1.29508354e-02
 6.12339500e+03  1.25328489e-02
 6.12429500e+03  1.26386189e-02
 6.12519500e+03  1.33115768e-02
 6.12609500e+03  1.37806091e-02
 6.12699500e+03  1.37706950e-02
 6.12789600e+03  1.36137103e-02
 6.12879600e+03  1.34660367e-02
 6.12969600e+03  1.33670449e-02
 6.13059600e+03  1.34549367e-02
 6.13149600e+03  1.37115282e-02
 6.13239700e+03  1.39175565e-02
 6.13329700e+03  1.39861951e-02
 6.13419700e+03  1.40198370e-02
 6.13509700e+03  1.39684214e-02
 6.13599800e+03  1.36504237e-02
 6.13689800e+03  1.29932897e-02
 6.13779800e+03  1.21049403e-02
 6.13869900e+03  1.16013455e-02
 6.13959900e+03  1.21228427e-02
 6.14049900e+03  1.32264550e-02
 6.14140000e+03  1.38805255e-02
 6.14230000e+03  1.37237902e-02
 6.14320000e+03  1.33162564e-02
 6.14410000e+03  1.33707838e-02
 6.14500000e+03  1.38231398e-02
 6.14590100e+03  1.41286705e-02
 6.14680100e+03  1.41466493e-02
 6.14770100e+03  1.40757794e-02
 6.14860100e+03  1.39624190e-02
 6.14950100e+03  1.37565677e-02
 6.15040200e+03  1.35418073e-02
 6.15130200e+03  1.34396917e-02
 6.15220200e+03  1.35142361e-02
 6.15310200e+03  1.37165898e-02
 6.15400200e+03  1.39100305e-02
 6.15490300e+03  1.38964299e-02
 6.15580300e+03  1.36408795e-02
 6.15670300e+03  1.34755447e-02
 6.15760400e+03  1.35612334e-02
 6.15850400e+03  1.36509021e-02
 6.15940400e+03  1.36400272e-02
 6.16030400e+03  1.36185106e-02
 6.16120500e+03  1.33852126e-02
 6.16210500e+03  1.26500526e-02
 6.16300500e+03  1.17106977e-02
 6.16390500e+03  1.13040283e-02
 6.16480600e+03  1.16850079e-02
 6.16570600e+03  1.24142058e-02
 6.16660600e+03  1.29431968e-02
 6.16750600e+03  1.31574868e-02
 6.16840700e+03  1.33272278e-02
 6.16930700e+03  1.33174907e-02
 6.17020700e+03  1.27740869e-02
 6.17110700e+03  1.21650638e-02
 6.17200700e+03  1.23054165e-02
 6.17290800e+03  1.30235545e-02
 6.17380800e+03  1.34726943e-02
 6.17470800e+03  1.34616666e-02
 6.17560800e+03  1.34281333e-02
 6.17650800e+03  1.34713073e-02
 6.17740900e+03  1.34181670e-02
 6.17830900e+03  1.33501998e-02
 6.17920900e+03  1.34843492e-02
 6.18011000e+03  1.37016061e-02
 6.18101000e+03  1.36993628e-02
 6.18191000e+03  1.36258275e-02
 6.18281000e+03  1.37511563e-02
 6.18371100e+03  1.39121130e-02
 6.18461100e+03  1.39221316e-02
 6.18551100e+03  1.38894627e-02
 6.18641200e+03  1.38371827e-02
 6.18731200e+03  1.36249873e-02
 6.18821200e+03  1.33530743e-02
 6.18911200e+03  1.32313718e-02
 6.19001200e+03  1.32600567e-02
 6.19091300e+03  1.32692029e-02
 6.19181300e+03  1.29499227e-02
 6.19271300e+03  1.24276014e-02
 6.19361300e+03  1.24548068e-02
 6.19451300e+03  1.31064611e-02
 6.19541400e+03  1.36337274e-02
 6.19631400e+03  1.37894175e-02
 6.19721400e+03  1.38619477e-02
 6.19811400e+03  1.39900988e-02
 6.19901500e+03  1.40154227e-02
 6.19991500e+03  1.37443580e-02
 6.20081500e+03  1.33036126e-02
 6.20171600e+03  1.31371762e-02
 6.20261600e+03  1.34254518e-02
 6.20351600e+03  1.38461962e-02
 6.20441600e+03  1.40594007e-02
 6.20531600e+03  1.40394842e-02
 6.20621700e+03  1.39661660e-02
 6.20711700e+03  1.39881932e-02
 6.20801700e+03  1.40576680e-02
 6.20891800e+03  1.40832451e-02
 6.20981800e+03  1.40701229e-02
 6.21071800e+03  1.40116436e-02
 6.21161800e+03  1.38987697e-02
 6.21251800e+03  1.38079873e-02
 6.21341900e+03  1.36904940e-02
 6.21431900e+03  1.33397511e-02
 6.21521900e+03  1.28850512e-02
 6.21611900e+03  1.26529714e-02
 6.21701900e+03  1.26802531e-02
 6.21792000e+03  1.29479407e-02
 6.21882000e+03  1.33325748e-02
 6.21972000e+03  1.34454086e-02
 6.22062000e+03  1.31833413e-02
 6.22152100e+03  1.29374719e-02
 6.22242100e+03  1.29978528e-02
 6.22332100e+03  1.32740433e-02
 6.22422100e+03  1.34962452e-02
 6.22512200e+03  1.34858528e-02
 6.22602200e+03  1.34211461e-02
 6.22692200e+03  1.35127807e-02
 6.22782300e+03  1.36259763e-02
 6.22872300e+03  1.36596784e-02
 6.22962300e+03  1.36170392e-02
 6.23052300e+03  1.33112351e-02
 6.23142400e+03  1.27162790e-02
 6.23232400e+03  1.23148320e-02
 6.23322400e+03  1.24704056e-02
 6.23412400e+03  1.28727451e-02
 6.23502400e+03  1.33052247e-02
 6.23592500e+03  1.37888185e-02
 6.23682500e+03  1.40702234e-02
 6.23772500e+03  1.40129703e-02
 6.23862500e+03  1.37712940e-02
 6.23952500e+03  1.35252839e-02
 6.24042600e+03  1.32892883e-02
 6.24132600e+03  1.30782507e-02
 6.24222600e+03  1.31138103e-02
 6.24312700e+03  1.32662479e-02
 6.24402700e+03  1.30945731e-02
 6.24492700e+03  1.28219807e-02
 6.24582700e+03  1.28708193e-02
 6.24672700e+03  1.29966829e-02
 6.24762800e+03  1.30285759e-02
 6.24852800e+03  1.32497446e-02
 6.24942800e+03  1.36524339e-02
 6.25032900e+03  1.38904798e-02
 6.25122900e+03  1.39065731e-02
 6.25212900e+03  1.37674989e-02
 6.25302900e+03  1.33743498e-02
 6.25393000e+03  1.29165221e-02
 6.25483000e+03  1.27531452e-02
 6.25573000e+03  1.28588871e-02
 6.25663000e+03  1.29929279e-02
 6.25753000e+03  1.29366196e-02
 6.25843100e+03  1.26953373e-02
 6.25933100e+03  1.24466737e-02
 6.26023100e+03  1.24623610e-02
 6.26113100e+03  1.28976910e-02
 6.26203100e+03  1.33326995e-02
 6.26293200e+03  1.35546883e-02
 6.26383200e+03  1.38502607e-02
 6.26473200e+03  1.41168870e-02
 6.26563200e+03  1.39808280e-02
 6.26653300e+03  1.35900629e-02
 6.26743300e+03  1.34996303e-02
 6.26833300e+03  1.37662003e-02
 6.26923400e+03  1.39310607e-02
 6.27013400e+03  1.38427428e-02
 6.27103400e+03  1.37353083e-02
 6.27193500e+03  1.37372099e-02
 6.27283500e+03  1.38352972e-02
 6.27373500e+03  1.39935080e-02
 6.27463500e+03  1.40834180e-02
 6.27553500e+03  1.40447789e-02
 6.27643600e+03  1.40164318e-02
 6.27733600e+03  1.40638914e-02
 6.27823600e+03  1.40942286e-02
 6.27913600e+03  1.40923230e-02
 6.28003600e+03  1.40509581e-02
 6.28093700e+03  1.38514025e-02
 6.28183700e+03  1.36001057e-02
 6.28273700e+03  1.35942601e-02
 6.28363700e+03  1.38047429e-02
 6.28453800e+03  1.40589022e-02
 6.28543800e+03  1.42549762e-02
 6.28633800e+03  1.42562788e-02
 6.28723800e+03  1.42115691e-02
 6.28813900e+03  1.43251184e-02
 6.28903900e+03  1.45139518e-02
 6.28993900e+03  1.46464408e-02
 6.29084000e+03  1.46156815e-02
 6.29174000e+03  1.43880280e-02
 6.29264000e+03  1.41419415e-02
 6.29354000e+03  1.40289510e-02
 6.29444000e+03  1.40373132e-02
 6.29534100e+03  1.41698383e-02
 6.29624100e+03  1.42761552e-02
 6.29714100e+03  1.41027355e-02
 6.29804100e+03  1.37523262e-02
 6.29894200e+03  1.35919364e-02
 6.29984200e+03  1.37440565e-02
 6.30074200e+03  1.37858797e-02
 6.30164200e+03  1.37933976e-02
 6.30254200e+03  1.34978895e-02
 6.30344300e+03  1.32402487e-02
 6.30434300e+03  1.33697063e-02
 6.30524300e+03  1.37295915e-02
 6.30614300e+03  1.39217537e-02
 6.30704300e+03  1.39284435e-02
 6.30794400e+03  1.40757633e-02
 6.30884400e+03  1.43685215e-02
 6.30974400e+03  1.45198818e-02
 6.31064500e+03  1.44395482e-02
 6.31154500e+03  1.42054341e-02
 6.31244500e+03  1.39690284e-02
 6.31334600e+03  1.38991436e-02
 6.31424600e+03  1.40123190e-02
 6.31514600e+03  1.40057418e-02
 6.31604600e+03  1.36891995e-02
 6.31694700e+03  1.34713596e-02
 6.31784700e+03  1.35817650e-02
 6.31874700e+03  1.35404685e-02
 6.31964700e+03  1.32347811e-02
 6.32054700e+03  1.32387531e-02
 6.32144800e+03  1.36675100e-02
 6.32234800e+03  1.40173484e-02
 6.32324800e+03  1.40424511e-02
 6.32414800e+03  1.39947744e-02
 6.32504800e+03  1.41465447e-02
 6.32594900e+03  1.43666883e-02
 6.32684900e+03  1.44588456e-02
 6.32774900e+03  1.44242429e-02
 6.32864900e+03  1.43374044e-02
 6.32955000e+03  1.43760636e-02
 6.33045000e+03  1.44709065e-02
 6.33135000e+03  1.43773943e-02
 6.33225100e+03  1.42696182e-02
 6.33315100e+03  1.43937328e-02
 6.33405100e+03  1.46238628e-02
 6.33495100e+03  1.46782655e-02
 6.33585100e+03  1.43195302e-02
 6.33675200e+03  1.37031700e-02
 6.33765200e+03  1.33819964e-02
 6.33855200e+03  1.35844908e-02
 6.33945300e+03  1.39326487e-02
 6.34035300e+03  1.40843185e-02
 6.34125300e+03  1.42337209e-02
 6.34215300e+03  1.44815201e-02
 6.34305300e+03  1.45301858e-02
 6.34395400e+03  1.42719620e-02
 6.34485400e+03  1.38823829e-02
 6.34575400e+03  1.36904257e-02
 6.34665400e+03  1.38901300e-02
 6.34755400e+03  1.41953833e-02
 6.34845500e+03  1.43310041e-02
 6.34935500e+03  1.44209462e-02
 6.35025500e+03  1.45505647e-02
 6.35115500e+03  1.46163328e-02
 6.35205600e+03  1.46305968e-02
 6.35295600e+03  1.46647854e-02
 6.35385600e+03  1.46622205e-02
 6.35475700e+03  1.45094210e-02
 6.35565700e+03  1.42009153e-02
 6.35655700e+03  1.39853026e-02
 6.35745700e+03  1.40911289e-02
 6.35835800e+03  1.42294192e-02
 6.35925800e+03  1.40131030e-02
 6.36015800e+03  1.36419127e-02
 6.36105800e+03  1.35166523e-02
 6.36195900e+03  1.35574623e-02
 6.36285900e+03  1.34667644e-02
 6.36375900e+03  1.33231754e-02
 6.36465900e+03  1.33794194e-02
 6.36555900e+03  1.36330118e-02
 6.36646000e+03  1.39161615e-02
 6.36736000e+03  1.41363251e-02
 6.36826000e+03  1.43336414e-02
 6.36916000e+03  1.45811511e-02
 6.37006000e+03  1.47380554e-02
 6.37096100e+03  1.46840145e-02
 6.37186100e+03  1.45607562e-02
 6.37276100e+03  1.45940121e-02
 6.37366200e+03  1.48084991e-02
 6.37456200e+03  1.49861682e-02
 6.37546200e+03  1.49845198e-02
 6.37636200e+03  1.49126489e-02
 6.37726300e+03  1.49174170e-02
 6.37816300e+03  1.49456315e-02
 6.37906300e+03  1.48254044e-02
 6.37996300e+03  1.46155006e-02
 6.38086400e+03  1.45283606e-02
 6.38176400e+03  1.45310743e-02
 6.38266400e+03  1.45661715e-02
 6.38356400e+03  1.47126994e-02
 6.38446500e+03  1.48430897e-02
 6.38536500e+03  1.47887916e-02
 6.38626500e+03  1.46952593e-02
 6.38716500e+03  1.47661894e-02
 6.38806500e+03  1.49200423e-02
 6.38896600e+03  1.49852837e-02
 6.38986600e+03  1.49730740e-02
 6.39076600e+03  1.49986874e-02
 6.39166600e+03  1.50491622e-02
 6.39256600e+03  1.49777939e-02
 6.39346700e+03  1.46151187e-02
 6.39436700e+03  1.40336507e-02
 6.39526700e+03  1.37648133e-02
 6.39616700e+03  1.41335149e-02
 6.39706800e+03  1.47259141e-02
 6.39796800e+03  1.50973053e-02
 6.39886800e+03  1.51986571e-02
 6.39976900e+03  1.49691141e-02
 6.40066900e+03  1.42764567e-02
 6.40156900e+03  1.36203398e-02
 6.40247000e+03  1.38561183e-02
 6.40337000e+03  1.46805651e-02
 6.40427000e+03  1.52013868e-02
 6.40517000e+03  1.53183253e-02
 6.40607000e+03  1.52799113e-02
 6.40697100e+03  1.51550368e-02
 6.40787100e+03  1.49162230e-02
 6.40877100e+03  1.45498370e-02
 6.40967100e+03  1.43623182e-02
 6.41057100e+03  1.46430839e-02
 6.41147200e+03  1.49156682e-02
 6.41237200e+03  1.46858397e-02
 6.41327200e+03  1.43720554e-02
 6.41417200e+03  1.44656118e-02
 6.41507300e+03  1.47050688e-02
 6.41597300e+03  1.48060185e-02
 6.41687300e+03  1.48978462e-02
 6.41777300e+03  1.50261701e-02
 6.41867400e+03  1.50480285e-02
 6.41957400e+03  1.49440234e-02
 6.42047400e+03  1.47033803e-02
 6.42137400e+03  1.43238842e-02
 6.42227500e+03  1.40618370e-02
 6.42317500e+03  1.42528173e-02
 6.42407500e+03  1.48464668e-02
 6.42497600e+03  1.53078363e-02
 6.42587600e+03  1.53431627e-02
 6.42677600e+03  1.52478736e-02
 6.42767600e+03  1.53061398e-02
 6.42857600e+03  1.54533470e-02
 6.42947700e+03  1.55097880e-02
 6.43037700e+03  1.53181082e-02
 6.43127700e+03  1.48050617e-02
 6.43217700e+03  1.42586870e-02
 6.43307700e+03  1.42131852e-02
 6.43397800e+03  1.46364262e-02
 6.43487800e+03  1.50395738e-02
 6.43577800e+03  1.52528909e-02
 6.43667800e+03  1.53695841e-02
 6.43757900e+03  1.54270704e-02
 6.43847900e+03  1.53106063e-02
 6.43937900e+03  1.48485413e-02
 6.44027900e+03  1.43030108e-02
 6.44118000e+03  1.43441786e-02
 6.44208000e+03  1.49861561e-02
 6.44298000e+03  1.55424208e-02
 6.44388100e+03  1.57051786e-02
 6.44478100e+03  1.56604648e-02
 6.44568100e+03  1.56164385e-02
 6.44658100e+03  1.56581330e-02
 6.44748200e+03  1.57556575e-02
 6.44838200e+03  1.57687275e-02
 6.44928200e+03  1.54744777e-02
 6.45018200e+03  1.46899404e-02
 6.45108200e+03  1.37745585e-02
 6.45198300e+03  1.36013318e-02
 6.45288300e+03  1.42803202e-02
 6.45378300e+03  1.50379054e-02
 6.45468300e+03  1.54486433e-02
 6.45558300e+03  1.54584126e-02
 6.45648400e+03  1.51101622e-02
 6.45738400e+03  1.47835370e-02
 6.45828400e+03  1.48809328e-02
 6.45918500e+03  1.52995223e-02
 6.46008500e+03  1.56701216e-02
 6.46098500e+03  1.58480359e-02
 6.46188500e+03  1.57830799e-02
 6.46278500e+03  1.52746126e-02
 6.46368600e+03  1.44414337e-02
 6.46458600e+03  1.40920335e-02
 6.46548600e+03  1.45748272e-02
 6.46638700e+03  1.52027939e-02
 6.46728700e+03  1.55161843e-02
 6.46818700e+03  1.56322664e-02
 6.46908700e+03  1.56672631e-02
 6.46998800e+03  1.55686412e-02
 6.47088800e+03  1.53800087e-02
 6.47178800e+03  1.52165474e-02
 6.47268800e+03  1.50608814e-02
 6.47358800e+03  1.50741765e-02
 6.47448900e+03  1.53309933e-02
 6.47538900e+03  1.54616610e-02
 6.47628900e+03  1.53120978e-02
 6.47718900e+03  1.52028945e-02
 6.47809000e+03  1.53584117e-02
 6.47899000e+03  1.55544616e-02
 6.47989000e+03  1.55871627e-02
 6.48079000e+03  1.55737068e-02
 6.48169000e+03  1.54891920e-02
 6.48259100e+03  1.51368088e-02
 6.48349100e+03  1.46773247e-02
 6.48439100e+03  1.45508341e-02
 6.48529200e+03  1.48320781e-02
 6.48619200e+03  1.51915090e-02
 6.48709200e+03  1.53955191e-02
 6.48799300e+03  1.54746506e-02
 6.48889300e+03  1.55357109e-02
 6.48979300e+03  1.55568537e-02
 6.49069300e+03  1.54463718e-02
 6.49159300e+03  1.52341764e-02
 6.49249400e+03  1.50750007e-02
 6.49339400e+03  1.49740027e-02
 6.49429400e+03  1.46124773e-02
 6.49519400e+03  1.37657460e-02
 6.49609400e+03  1.29347783e-02
 6.49699500e+03  1.27576801e-02
 6.49789500e+03  1.31198729e-02
 6.49879500e+03  1.36371969e-02
 6.49969500e+03  1.40400510e-02
 6.50059600e+03  1.41982136e-02
 6.50149600e+03  1.44008648e-02
 6.50239600e+03  1.47666478e-02
 6.50329600e+03  1.50636554e-02
 6.50419700e+03  1.52358127e-02
 6.50509700e+03  1.53339683e-02
 6.50599700e+03  1.54179483e-02
 6.50689800e+03  1.55399805e-02
 6.50779800e+03  1.56307588e-02
 6.50869800e+03  1.55664099e-02
 6.50959800e+03  1.53815646e-02
 6.51049800e+03  1.53039125e-02
 6.51139900e+03  1.54336395e-02
 6.51229900e+03  1.56092985e-02
 6.51319900e+03  1.56716010e-02
 6.51409900e+03  1.56653776e-02
 6.51500000e+03  1.56586999e-02
 6.51590000e+03  1.55678653e-02
 6.51680000e+03  1.53724265e-02
 6.51770000e+03  1.52120165e-02
 6.51860000e+03  1.51251378e-02
 6.51950100e+03  1.50084326e-02
 6.52040100e+03  1.49856938e-02
 6.52130100e+03  1.52472906e-02
 6.52220100e+03  1.55890402e-02
 6.52310100e+03  1.57378556e-02
 6.52400200e+03  1.57203472e-02
 6.52490200e+03  1.57112573e-02
 6.52580200e+03  1.57816286e-02
 6.52670300e+03  1.57764746e-02
 6.52760300e+03  1.55474582e-02
 6.52850300e+03  1.52913008e-02
 6.52940400e+03  1.53011224e-02
 6.53030400e+03  1.55246350e-02
 6.53120400e+03  1.57129780e-02
 6.53210400e+03  1.57126805e-02
 6.53300500e+03  1.55277065e-02
 6.53390500e+03  1.53181725e-02
 6.53480500e+03  1.52558378e-02
 6.53570500e+03  1.54150135e-02
 6.53660500e+03  1.56914251e-02
 6.53750600e+03  1.58327306e-02
 6.53840600e+03  1.57455022e-02
 6.53930600e+03  1.56468561e-02
 6.54020600e+03  1.57427402e-02
 6.54110600e+03  1.59363458e-02
 6.54200700e+03  1.59956171e-02
 6.54290700e+03  1.58594897e-02
 6.54380700e+03  1.56492643e-02
 6.54470700e+03  1.55008871e-02
 6.54560800e+03  1.54242160e-02
 6.54650800e+03  1.52251709e-02
 6.54740800e+03  1.48672437e-02
 6.54830900e+03  1.47766503e-02
 6.54920900e+03  1.51426342e-02
 6.55010900e+03  1.55112474e-02
 6.55100900e+03  1.55572316e-02
 6.55191000e+03  1.54033144e-02
 6.55281000e+03  1.52209979e-02
 6.55371000e+03  1.51290456e-02
 6.55461000e+03  1.50425006e-02
 6.55551100e+03  1.48074498e-02
 6.55641100e+03  1.45035031e-02
 6.55731100e+03  1.43576265e-02
 6.55821100e+03  1.44731538e-02
 6.55911100e+03  1.46710089e-02
 6.56001200e+03  1.47210978e-02
 6.56091200e+03  1.45825784e-02
 6.56181200e+03  1.41714625e-02
 6.56271200e+03  1.31893436e-02
 6.56361200e+03  1.21584665e-02
 6.56451300e+03  1.19538413e-02
 6.56541300e+03  1.21396194e-02
 6.56631300e+03  1.30694744e-02
 6.56721300e+03  1.41980850e-02
 6.56811400e+03  1.48068709e-02
 6.56901400e+03  1.50390753e-02
 6.56991400e+03  1.49332851e-02
 6.57081500e+03  1.47141748e-02
 6.57171500e+03  1.47481745e-02
 6.57261500e+03  1.49266034e-02
 6.57351600e+03  1.48946340e-02
 6.57441600e+03  1.46732884e-02
 6.57531600e+03  1.45003874e-02
 6.57621600e+03  1.44935287e-02
 6.57711600e+03  1.47658839e-02
 6.57801700e+03  1.52451639e-02
 6.57891700e+03  1.56239203e-02
 6.57981700e+03  1.57600517e-02
 6.58071700e+03  1.56830710e-02
 6.58161700e+03  1.54438873e-02
 6.58251800e+03  1.52389686e-02
 6.58341800e+03  1.53404691e-02
 6.58431800e+03  1.57749227e-02
 6.58521800e+03  1.61341847e-02
 6.58611800e+03  1.59887102e-02
 6.58701900e+03  1.56591261e-02
 6.58791900e+03  1.55212740e-02
 6.58881900e+03  1.56531318e-02
 6.58972000e+03  1.58742121e-02
 6.59062000e+03  1.59839461e-02
 6.59152000e+03  1.59977679e-02
 6.59242100e+03  1.58371851e-02
 6.59332100e+03  1.53015446e-02
 6.59422100e+03  1.45589511e-02
 6.59512100e+03  1.42664180e-02
 6.59602100e+03  1.47232446e-02
 6.59692200e+03  1.53709711e-02
 6.59782200e+03  1.56590818e-02
 6.59872200e+03  1.55867687e-02
 6.59962200e+03  1.54011716e-02
 6.60052300e+03  1.53958286e-02
 6.60142300e+03  1.56684853e-02
 6.60232300e+03  1.59912430e-02
 6.60322300e+03  1.61319615e-02
 6.60412300e+03  1.60923696e-02
 6.60502400e+03  1.59427381e-02
 6.60592400e+03  1.57348042e-02
 6.60682400e+03  1.55747802e-02
 6.60772400e+03  1.55274251e-02
 6.60862400e+03  1.54762145e-02
 6.60952500e+03  1.52776720e-02
 6.61042500e+03  1.50352279e-02
 6.61132500e+03  1.51318919e-02
 6.61222600e+03  1.56210377e-02
 6.61312600e+03  1.60174071e-02
 6.61402600e+03  1.60293836e-02
 6.61492600e+03  1.58589711e-02
 6.61582700e+03  1.58652347e-02
 6.61672700e+03  1.60768311e-02
 6.61762700e+03  1.61905614e-02
 6.61852800e+03  1.61150401e-02
 6.61942800e+03  1.60349034e-02
 6.62032800e+03  1.60811690e-02
 6.62122800e+03  1.61969537e-02
 6.62212800e+03  1.62767968e-02
 6.62302900e+03  1.62702518e-02
 6.62392900e+03  1.61531646e-02
 6.62482900e+03  1.58974012e-02
 6.62572900e+03  1.55671537e-02
 6.62662900e+03  1.54371050e-02
 6.62753000e+03  1.56412920e-02
 6.62843000e+03  1.58717074e-02
 6.62933000e+03  1.59261986e-02
 6.63023000e+03  1.59072589e-02
 6.63113100e+03  1.58651865e-02
 6.63203100e+03  1.58121467e-02
 6.63293100e+03  1.57160816e-02
 6.63383200e+03  1.54799051e-02
 6.63473200e+03  1.51336368e-02
 6.63563200e+03  1.49668386e-02
 6.63653200e+03  1.52114014e-02
 6.63743300e+03  1.56480381e-02
 6.63833300e+03  1.59641984e-02
 6.63923300e+03  1.60706037e-02
 6.64013300e+03  1.59772041e-02
 6.64103400e+03  1.58182696e-02
 6.64193400e+03  1.58392757e-02
 6.64283400e+03  1.60175599e-02
 6.64373400e+03  1.59585097e-02
 6.64463400e+03  1.55820288e-02
 6.64553500e+03  1.53879086e-02
 6.64643500e+03  1.56317760e-02
 6.64733500e+03  1.59247633e-02
 6.64823500e+03  1.59572112e-02
 6.64913500e+03  1.58775730e-02
 6.65003600e+03  1.59181620e-02
 6.65093600e+03  1.60327325e-02
 6.65183600e+03  1.60532360e-02
 6.65273600e+03  1.59859080e-02
 6.65363700e+03  1.59414315e-02
 6.65453700e+03  1.59424406e-02
 6.65543700e+03  1.59660478e-02
 6.65633700e+03  1.60176644e-02
 6.65723800e+03  1.60352090e-02
 6.65813800e+03  1.59895223e-02
 6.65903800e+03  1.59918500e-02
 6.65993900e+03  1.60471694e-02
 6.66083900e+03  1.60395509e-02
 6.66173900e+03  1.59512490e-02
 6.66263900e+03  1.58422829e-02
 6.66354000e+03  1.56498030e-02
 6.66444000e+03  1.53210792e-02
 6.66534000e+03  1.51753514e-02
 6.66624000e+03  1.53998208e-02
 6.66714000e+03  1.56276712e-02
 6.66804100e+03  1.56469807e-02
 6.66894100e+03  1.56090774e-02
 6.66984100e+03  1.56847876e-02
 6.67074100e+03  1.58946995e-02
 6.67164100e+03  1.61207971e-02
 6.67254200e+03  1.62341776e-02
 6.67344200e+03  1.62270818e-02
 6.67434200e+03  1.61988352e-02
 6.67524300e+03  1.62046163e-02
 6.67614300e+03  1.62340851e-02
 6.67704300e+03  1.62210031e-02
 6.67794400e+03  1.59381951e-02
 6.67884400e+03  1.53189243e-02
 6.67974400e+03  1.48896086e-02
 6.68064400e+03  1.51394541e-02
 6.68154400e+03  1.56743871e-02
 6.68244500e+03  1.59234406e-02
 6.68334500e+03  1.59613239e-02
 6.68424500e+03  1.60265251e-02
 6.68514500e+03  1.61196795e-02
 6.68604600e+03  1.61797749e-02
 6.68694600e+03  1.61970743e-02
 6.68784600e+03  1.61753486e-02
 6.68874600e+03  1.61096086e-02
 6.68964600e+03  1.60643360e-02
 6.69054700e+03  1.61079724e-02
 6.69144700e+03  1.61786935e-02
 6.69234700e+03  1.62123514e-02
 6.69324700e+03  1.62119695e-02
 6.69414800e+03  1.62056455e-02
 6.69504800e+03  1.62151093e-02
 6.69594800e+03  1.61494578e-02
 6.69684800e+03  1.58856981e-02
 6.69774900e+03  1.55805131e-02
 6.69864900e+03  1.55188015e-02
 6.69954900e+03  1.56661736e-02
 6.70044900e+03  1.58618054e-02
 6.70135000e+03  1.60883332e-02
 6.70225000e+03  1.62584482e-02
 6.70315000e+03  1.62729655e-02
 6.70405100e+03  1.61396925e-02
 6.70495100e+03  1.59080911e-02
 6.70585100e+03  1.57467123e-02
 6.70675100e+03  1.58042950e-02
 6.70765100e+03  1.60020415e-02
 6.70855200e+03  1.61392503e-02
 6.70945200e+03  1.61577356e-02
 6.71035200e+03  1.61223530e-02
 6.71125200e+03  1.60282137e-02
 6.71215200e+03  1.59596314e-02
 6.71305300e+03  1.59936190e-02
 6.71395300e+03  1.59630486e-02
 6.71485300e+03  1.58167017e-02
 6.71575300e+03  1.56902954e-02
 6.71665400e+03  1.55979210e-02
 6.71755400e+03  1.54867075e-02
 6.71845400e+03  1.52627889e-02
 6.71935500e+03  1.51008954e-02
 6.72025500e+03  1.53949562e-02
 6.72115500e+03  1.58664408e-02
 6.72205500e+03  1.60589609e-02
 6.72295600e+03  1.59970724e-02
 6.72385600e+03  1.59701123e-02
 6.72475600e+03  1.61122540e-02
 6.72565600e+03  1.62282959e-02
 6.72655700e+03  1.61377829e-02
 6.72745700e+03  1.59469714e-02
 6.72835700e+03  1.58901646e-02
 6.72925700e+03  1.60102711e-02
 6.73015700e+03  1.61538762e-02
 6.73105800e+03  1.62795587e-02
 6.73195800e+03  1.64296365e-02
 6.73285800e+03  1.64739523e-02
 6.73375800e+03  1.63226604e-02
 6.73465800e+03  1.61570642e-02
 6.73555900e+03  1.61238485e-02
 6.73645900e+03  1.62096819e-02
 6.73735900e+03  1.63093492e-02
 6.73826000e+03  1.62876114e-02
 6.73916000e+03  1.60918872e-02
 6.74006000e+03  1.58628467e-02
 6.74096000e+03  1.58176384e-02
 6.74186000e+03  1.59822817e-02
 6.74276100e+03  1.61222324e-02
 6.74366100e+03  1.60336049e-02
 6.74456100e+03  1.58786063e-02
 6.74546200e+03  1.59176393e-02
 6.74636200e+03  1.60559135e-02
 6.74726200e+03  1.60756854e-02
 6.74816200e+03  1.60101384e-02
 6.74906300e+03  1.59639894e-02
 6.74996300e+03  1.59234165e-02
 6.75086300e+03  1.58379811e-02
 6.75176300e+03  1.57891104e-02
 6.75266300e+03  1.58756956e-02
 6.75356400e+03  1.59042156e-02
 6.75446400e+03  1.58183259e-02
 6.75536400e+03  1.58917205e-02
 6.75626400e+03  1.60872156e-02
 6.75716400e+03  1.62062365e-02
 6.75806500e+03  1.63113754e-02
 6.75896500e+03  1.64469238e-02
 6.75986500e+03  1.65499761e-02
 6.76076600e+03  1.66132235e-02
 6.76166600e+03  1.66453135e-02
 6.76256600e+03  1.66103892e-02
 6.76346700e+03  1.65364921e-02
 6.76436700e+03  1.65275228e-02
 6.76526700e+03  1.65650442e-02
 6.76616700e+03  1.65430652e-02
 6.76706800e+03  1.64067208e-02
 6.76796800e+03  1.61652938e-02
 6.76886800e+03  1.59569458e-02
 6.76976800e+03  1.59722229e-02
 6.77066800e+03  1.61603569e-02
 6.77156900e+03  1.62303744e-02
 6.77246900e+03  1.61133877e-02
 6.77336900e+03  1.60691483e-02
 6.77426900e+03  1.62388291e-02
 6.77516900e+03  1.65030432e-02
 6.77607000e+03  1.67132646e-02
 6.77697000e+03  1.68133781e-02
 6.77787000e+03  1.68008348e-02
 6.77877000e+03  1.67277176e-02
 6.77967100e+03  1.67345360e-02
 6.78057100e+03  1.68430158e-02
 6.78147100e+03  1.68880029e-02
 6.78237100e+03  1.67884724e-02
 6.78327200e+03  1.65706968e-02
 6.78417200e+03  1.62572340e-02
 6.78507200e+03  1.59439964e-02
 6.78597200e+03  1.58075997e-02
 6.78687300e+03  1.58786304e-02
 6.78777300e+03  1.60349034e-02
 6.78867300e+03  1.62505121e-02
 6.78957400e+03  1.64828010e-02
 6.79047400e+03  1.65678343e-02
 6.79137400e+03  1.65390369e-02
 6.79227400e+03  1.65730285e-02
 6.79317400e+03  1.66258030e-02
 6.79407500e+03  1.65314104e-02
 6.79497500e+03  1.63438273e-02
 6.79587500e+03  1.62839127e-02
 6.79677500e+03  1.63403819e-02
 6.79767500e+03  1.63924246e-02
 6.79857600e+03  1.64610753e-02
 6.79947600e+03  1.65138216e-02
 6.80037600e+03  1.65391776e-02
 6.80127600e+03  1.66004832e-02
 6.80217700e+03  1.66822319e-02
 6.80307700e+03  1.67490855e-02
 6.80397700e+03  1.67451456e-02
 6.80487700e+03  1.66332285e-02
 6.80577800e+03  1.65494053e-02
 6.80667800e+03  1.65938456e-02
 6.80757800e+03  1.66066583e-02
 6.80847900e+03  1.65517491e-02
 6.80937900e+03  1.66071890e-02
 6.81027900e+03  1.66790277e-02
 6.81117900e+03  1.65994419e-02
 6.81208000e+03  1.65320416e-02
 6.81298000e+03  1.66116958e-02
 6.81388000e+03  1.67111540e-02
 6.81478000e+03  1.66919048e-02
 6.81568000e+03  1.65191847e-02
 6.81658100e+03  1.63774249e-02
 6.81748100e+03  1.65089168e-02
 6.81838100e+03  1.67947038e-02
 6.81928100e+03  1.69337861e-02
 6.82018100e+03  1.68441294e-02
 6.82108200e+03  1.66425315e-02
 6.82198200e+03  1.65366448e-02
 6.82288200e+03  1.66560236e-02
 6.82378300e+03  1.68747158e-02
 6.82468300e+03  1.70177259e-02
 6.82558300e+03  1.70613260e-02
 6.82648300e+03  1.70673726e-02
 6.82738400e+03  1.70597139e-02
 6.82828400e+03  1.69485687e-02
 6.82918400e+03  1.66950326e-02
 6.83008400e+03  1.64989103e-02
 6.83098500e+03  1.65717179e-02
 6.83188500e+03  1.68195050e-02
 6.83278500e+03  1.69744032e-02
 6.83368500e+03  1.69413442e-02
 6.83458600e+03  1.68815543e-02
 6.83548600e+03  1.69462812e-02
 6.83638600e+03  1.70685023e-02
 6.83728600e+03  1.70929618e-02
 6.83818600e+03  1.69928885e-02
 6.83908700e+03  1.68555068e-02
 6.83998700e+03  1.66802178e-02
 6.84088700e+03  1.64438322e-02
 6.84178700e+03  1.61941153e-02
 6.84268800e+03  1.59708118e-02
 6.84358800e+03  1.58964242e-02
 6.84448800e+03  1.60642597e-02
 6.84538800e+03  1.63964007e-02
 6.84628800e+03  1.67522334e-02
 6.84718900e+03  1.69730322e-02
 6.84808900e+03  1.70296139e-02
 6.84898900e+03  1.70329106e-02
 6.84989000e+03  1.70183370e-02
 6.85079000e+03  1.69731046e-02
 6.85169000e+03  1.69337660e-02
 6.85259100e+03  1.69299507e-02
 6.85349100e+03  1.69831433e-02
 6.85439100e+03  1.70498039e-02
 6.85529100e+03  1.69158113e-02
 6.85619100e+03  1.65332276e-02
 6.85709200e+03  1.62734157e-02
 6.85799200e+03  1.63578903e-02
 6.85889200e+03  1.65313823e-02
 6.85979200e+03  1.66456633e-02
 6.86069200e+03  1.67426490e-02
 6.86159300e+03  1.66785413e-02
 6.86249300e+03  1.64125502e-02
 6.86339300e+03  1.62758480e-02
 6.86429300e+03  1.65331512e-02
 6.86519400e+03  1.69741700e-02
 6.86609400e+03  1.72228416e-02
 6.86699400e+03  1.71726642e-02
 6.86789500e+03  1.69083738e-02
 6.86879500e+03  1.65637818e-02
 6.86969500e+03  1.63913995e-02
 6.87059500e+03  1.65552347e-02
 6.87149500e+03  1.68337289e-02
 6.87239600e+03  1.68955128e-02
 6.87329600e+03  1.67257235e-02
 6.87419600e+03  1.66020390e-02
 6.87509700e+03  1.66937662e-02
 6.87599700e+03  1.68130605e-02
 6.87689700e+03  1.68182708e-02
 6.87779700e+03  1.68500513e-02
 6.87869700e+03  1.70210547e-02
 6.87959800e+03  1.72010395e-02
 6.88049800e+03  1.72390193e-02
 6.88139800e+03  1.71625130e-02
 6.88229800e+03  1.69825925e-02
 6.88319800e+03  1.66944014e-02
 6.88409900e+03  1.64812049e-02
 6.88499900e+03  1.65880162e-02
 6.88589900e+03  1.69037343e-02
 6.88679900e+03  1.70364082e-02
 6.88770000e+03  1.69944966e-02
 6.88860000e+03  1.70866419e-02
 6.88950000e+03  1.72759819e-02
 6.89040000e+03  1.73782302e-02
 6.89130100e+03  1.74405408e-02
 6.89220100e+03  1.75205246e-02
 6.89310100e+03  1.75192944e-02
 6.89400200e+03  1.74324801e-02
 6.89490200e+03  1.74022514e-02
 6.89580200e+03  1.73826123e-02
 6.89670200e+03  1.72497293e-02
 6.89760300e+03  1.71519476e-02
 6.89850300e+03  1.72528129e-02
 6.89940300e+03  1.74151003e-02
 6.90030300e+03  1.74219147e-02
 6.90120300e+03  1.73031672e-02
 6.90210400e+03  1.72802635e-02
 6.90300400e+03  1.74319976e-02
 6.90390400e+03  1.75751846e-02
 6.90480400e+03  1.75703964e-02
 6.90570400e+03  1.74933796e-02
 6.90660500e+03  1.74522197e-02
 6.90750500e+03  1.74810453e-02
 6.90840500e+03  1.75721453e-02
 6.90930600e+03  1.76476706e-02
 6.91020600e+03  1.76847378e-02
 6.91110600e+03  1.77154609e-02
 6.91200600e+03  1.76654564e-02
 6.91290700e+03  1.75305874e-02
 6.91380700e+03  1.73970251e-02
 6.91470700e+03  1.72284459e-02
 6.91560800e+03  1.70390415e-02
 6.91650800e+03  1.70273344e-02
 6.91740800e+03  1.71463473e-02
 6.91830800e+03  1.71748271e-02
 6.91920800e+03  1.71925969e-02
 6.92010900e+03  1.73409700e-02
 6.92100900e+03  1.75477059e-02
 6.92190900e+03  1.77077500e-02
 6.92280900e+03  1.77938407e-02
 6.92370900e+03  1.77879670e-02
 6.92461000e+03  1.76098155e-02
 6.92551000e+03  1.72557960e-02
 6.92641000e+03  1.69275868e-02
 6.92731000e+03  1.68545862e-02
 6.92821100e+03  1.70864489e-02
 6.92911100e+03  1.74093915e-02
 6.93001100e+03  1.75782481e-02
 6.93091100e+03  1.76134981e-02
 6.93181200e+03  1.76216151e-02
 6.93271200e+03  1.75937343e-02
 6.93361200e+03  1.74577879e-02
 6.93451200e+03  1.72562261e-02
 6.93541300e+03  1.72419420e-02
 6.93631300e+03  1.74645822e-02
 6.93721300e+03  1.76347052e-02
 6.93811400e+03  1.76312799e-02
 6.93901400e+03  1.75852515e-02
 6.93991400e+03  1.76042313e-02
 6.94081400e+03  1.77071992e-02
 6.94171400e+03  1.78434029e-02
 6.94261500e+03  1.79118083e-02
 6.94351500e+03  1.78322828e-02
 6.94441500e+03  1.76353524e-02
 6.94531500e+03  1.73696066e-02
 6.94621500e+03  1.70846558e-02
 6.94711600e+03  1.70116512e-02
 6.94801600e+03  1.72683715e-02
 6.94891600e+03  1.75768852e-02
 6.94981600e+03  1.77538507e-02
 6.95071700e+03  1.78391535e-02
 6.95161700e+03  1.77554991e-02
 6.95251700e+03  1.74915544e-02
 6.95341700e+03  1.73053502e-02
 6.95431800e+03  1.72942622e-02
 6.95521800e+03  1.73246034e-02
 6.95611800e+03  1.73884859e-02
 6.95701900e+03  1.75404211e-02
 6.95791900e+03  1.77389395e-02
 6.95881900e+03  1.78646019e-02
 6.95971900e+03  1.78886393e-02
 6.96062000e+03  1.78806269e-02
 6.96152000e+03  1.78668453e-02
 6.96242000e+03  1.78850894e-02
 6.96332000e+03  1.79509017e-02
 6.96422000e+03  1.80074874e-02
 6.96512100e+03  1.80459737e-02
 6.96602100e+03  1.80170276e-02
 6.96692100e+03  1.78627808e-02
 6.96782100e+03  1.77703340e-02
 6.96872100e+03  1.79308726e-02
 6.96962200e+03  1.81744826e-02
 6.97052200e+03  1.82528061e-02
 6.97142200e+03  1.81335801e-02
 6.97232300e+03  1.79271377e-02
 6.97322300e+03  1.78614661e-02
 6.97412300e+03  1.80290764e-02
 6.97502300e+03  1.81717769e-02
 6.97592300e+03  1.80526514e-02
 6.97682400e+03  1.77825838e-02
 6.97772400e+03  1.75020514e-02
 6.97862400e+03  1.71152423e-02
 6.97952500e+03  1.65770931e-02
 6.98042500e+03  1.62712327e-02
 6.98132500e+03  1.66092434e-02
 6.98222500e+03  1.72978403e-02
 6.98312600e+03  1.78112646e-02
 6.98402600e+03  1.80813644e-02
 6.98492600e+03  1.82369299e-02
 6.98582600e+03  1.83042177e-02
 6.98672600e+03  1.82940503e-02
 6.98762700e+03  1.82498914e-02
 6.98852700e+03  1.81959229e-02
 6.98942700e+03  1.80858913e-02
 6.99032700e+03  1.79132476e-02
 6.99122700e+03  1.78288092e-02
 6.99212800e+03  1.79599232e-02
 6.99302800e+03  1.82035212e-02
 6.99392800e+03  1.83598787e-02
 6.99482800e+03  1.83463182e-02
 6.99572900e+03  1.82214397e-02
 6.99662900e+03  1.81588879e-02
 6.99752900e+03  1.82230518e-02
 6.99843000e+03  1.83030920e-02
 6.99933000e+03  1.82775872e-02
 7.00023000e+03  1.80364416e-02
 7.00113100e+03  1.76843961e-02
 7.00203100e+03  1.75681853e-02
 7.00293100e+03  1.78149432e-02
 7.00383100e+03  1.81179009e-02
 7.00473100e+03  1.81142585e-02
 7.00563200e+03  1.78556327e-02
 7.00653200e+03  1.76662605e-02
 7.00743200e+03  1.76540629e-02
 7.00833200e+03  1.77381716e-02
 7.00923200e+03  1.78809485e-02
 7.01013300e+03  1.80704614e-02
 7.01103300e+03  1.81958022e-02
 7.01193300e+03  1.81472853e-02
 7.01283300e+03  1.80402247e-02
 7.01373400e+03  1.80573592e-02
 7.01463400e+03  1.81785270e-02
 7.01553400e+03  1.81756887e-02
 7.01643400e+03  1.78042050e-02
 7.01733500e+03  1.71486550e-02
 7.01823500e+03  1.68091608e-02
 7.01913500e+03  1.72145638e-02
 7.02003500e+03  1.79371442e-02
 7.02093600e+03  1.84092641e-02
 7.02183600e+03  1.85937677e-02
 7.02273600e+03  1.85933696e-02
 7.02363700e+03  1.83418115e-02
 7.02453700e+03  1.78694384e-02
 7.02543700e+03  1.74828464e-02
 7.02633700e+03  1.74702950e-02
 7.02723700e+03  1.77663137e-02
 7.02813800e+03  1.80486874e-02
 7.02903800e+03  1.81713709e-02
 7.02993800e+03  1.82295728e-02
 7.03083800e+03  1.82902109e-02
 7.03173800e+03  1.83547609e-02
 7.03263900e+03  1.83709104e-02
 7.03353900e+03  1.83087445e-02
 7.03443900e+03  1.82501366e-02
 7.03533900e+03  1.82295728e-02
 7.03624000e+03  1.82263163e-02
 7.03714000e+03  1.83257986e-02
 7.03804000e+03  1.83895968e-02
 7.03894000e+03  1.80857667e-02
 7.03984100e+03  1.76218603e-02
 7.04074100e+03  1.76565032e-02
 7.04164100e+03  1.82722925e-02
 7.04254200e+03  1.89073992e-02
 7.04344200e+03  1.92177623e-02
 7.04434200e+03  1.92362356e-02
 7.04524200e+03  1.90208481e-02
 7.04614300e+03  1.86852094e-02
 7.04704300e+03  1.85144069e-02
 7.04794300e+03  1.86525082e-02
 7.04884300e+03  1.89278384e-02
 7.04974300e+03  1.91415937e-02
 7.05064400e+03  1.92041134e-02
 7.05154400e+03  1.91204952e-02
 7.05244400e+03  1.89024985e-02
 7.05334400e+03  1.84574875e-02
 7.05424400e+03  1.78427798e-02
 7.05514500e+03  1.74168853e-02
 7.05604500e+03  1.73875130e-02
 7.05694500e+03  1.76433769e-02
 7.05784600e+03  1.79864009e-02
 7.05874600e+03  1.82232528e-02
 7.05964600e+03  1.82115900e-02
 7.06054600e+03  1.79268844e-02
 7.06144700e+03  1.75558269e-02
 7.06234700e+03  1.74180914e-02
 7.06324700e+03  1.75653510e-02
 7.06414800e+03  1.77513863e-02
 7.06504800e+03  1.79154386e-02
 7.06594800e+03  1.80959943e-02
 7.06684800e+03  1.81215272e-02
 7.06774800e+03  1.78862673e-02
 7.06864900e+03  1.75025378e-02
 7.06954900e+03  1.71400837e-02
 7.07044900e+03  1.70796908e-02
 7.07134900e+03  1.74592714e-02
 7.07224900e+03  1.79471668e-02
 7.07315000e+03  1.81710292e-02
 7.07405000e+03  1.81815101e-02
 7.07495000e+03  1.81903990e-02
 7.07585000e+03  1.82204869e-02
 7.07675100e+03  1.82112563e-02
 7.07765100e+03  1.81783180e-02
 7.07855100e+03  1.81863545e-02
 7.07945100e+03  1.82535016e-02
 7.08035100e+03  1.83186988e-02
 7.08125200e+03  1.83878037e-02
 7.08215200e+03  1.84798123e-02
 7.08305200e+03  1.84643663e-02
 7.08395300e+03  1.81966827e-02
 7.08485300e+03  1.76637357e-02
 7.08575300e+03  1.70741428e-02
 7.08665400e+03  1.68314976e-02
 7.08755400e+03  1.70016447e-02
 7.08845400e+03  1.71468660e-02
 7.08935400e+03  1.71165006e-02
 7.09025400e+03  1.70864409e-02
 7.09115500e+03  1.70375781e-02
 7.09205500e+03  1.69685054e-02
 7.09295500e+03  1.70053233e-02
 7.09385500e+03  1.70605220e-02
 7.09475500e+03  1.70502381e-02
 7.09565600e+03  1.70672560e-02
 7.09655600e+03  1.70859021e-02
 7.09745600e+03  1.70768846e-02
 7.09835600e+03  1.71018265e-02
 7.09925700e+03  1.72144874e-02
 7.10015700e+03  1.74862918e-02
 7.10105700e+03  1.77150830e-02
 7.10195800e+03  1.77499913e-02
 7.10285800e+03  1.76383154e-02
 7.10375800e+03  1.74711353e-02
 7.10465800e+03  1.74206282e-02
 7.10555900e+03  1.75938991e-02
 7.10645900e+03  1.78366568e-02
 7.10735900e+03  1.78829466e-02
 7.10825900e+03  1.77049599e-02
 7.10916000e+03  1.75530368e-02
 7.11006000e+03  1.75821036e-02
 7.11096000e+03  1.76035800e-02
 7.11186000e+03  1.74217740e-02
 7.11276000e+03  1.71870810e-02
 7.11366100e+03  1.71680288e-02
 7.11456100e+03  1.73763165e-02
 7.11546100e+03  1.76017387e-02
 7.11636100e+03  1.77202410e-02
 7.11726100e+03  1.78017606e-02
 7.11816200e+03  1.78596128e-02
 7.11906200e+03  1.78343412e-02
 7.11996200e+03  1.77856634e-02
 7.12086300e+03  1.77555875e-02
 7.12176300e+03  1.77280927e-02
 7.12266300e+03  1.76435820e-02
 7.12356300e+03  1.74838515e-02
 7.12446300e+03  1.74778331e-02
 7.12536400e+03  1.76480083e-02
 7.12626400e+03  1.76389546e-02
 7.12716400e+03  1.74183005e-02
 7.12806500e+03  1.72797489e-02
 7.12896500e+03  1.73476116e-02
 7.12986500e+03  1.74803618e-02
 7.13076500e+03  1.74066255e-02
 7.13166600e+03  1.70610245e-02
 7.13256600e+03  1.67818670e-02
 7.13346600e+03  1.68884411e-02
 7.13436600e+03  1.72357628e-02
 7.13526600e+03  1.75690898e-02
 7.13616700e+03  1.77908777e-02
 7.13706700e+03  1.78902193e-02
 7.13796700e+03  1.79523048e-02
 7.13886700e+03  1.79869799e-02
 7.13976700e+03  1.78852140e-02
 7.14066800e+03  1.76716798e-02
 7.14156800e+03  1.76244574e-02
 7.14246800e+03  1.78151844e-02
 7.14336800e+03  1.79533058e-02
 7.14426900e+03  1.79162990e-02
 7.14516900e+03  1.78704233e-02
 7.14606900e+03  1.78636853e-02
 7.14697000e+03  1.78671669e-02
 7.14787000e+03  1.78279248e-02
 7.14877000e+03  1.75414985e-02
 7.14967100e+03  1.71171519e-02
 7.15057100e+03  1.70511225e-02
 7.15147100e+03  1.73630616e-02
 7.15237100e+03  1.76619507e-02
 7.15327100e+03  1.78954939e-02
 7.15417200e+03  1.81637363e-02
 7.15507200e+03  1.83123668e-02
 7.15597200e+03  1.81803482e-02
 7.15687200e+03  1.79631757e-02
 7.15777200e+03  1.80213132e-02
 7.15867300e+03  1.82888883e-02
 7.15957300e+03  1.83586927e-02
 7.16047300e+03  1.81741972e-02
 7.16137300e+03  1.79780669e-02
 7.16227400e+03  1.79517741e-02
 7.16317400e+03  1.81099287e-02
 7.16407400e+03  1.81938524e-02
 7.16497400e+03  1.78935401e-02
 7.16587500e+03  1.73123455e-02
 7.16677500e+03  1.69911437e-02
 7.16767500e+03  1.72446919e-02
 7.16857500e+03  1.78013425e-02
 7.16947600e+03  1.82392657e-02
 7.17037600e+03  1.83751438e-02
 7.17127600e+03  1.83178666e-02
 7.17217700e+03  1.83056087e-02
 7.17307700e+03  1.84391027e-02
 7.17397700e+03  1.86051572e-02
 7.17487700e+03  1.86839389e-02
 7.17577700e+03  1.86187015e-02
 7.17667800e+03  1.83655473e-02
 7.17757800e+03  1.80619625e-02
 7.17847800e+03  1.80496965e-02
 7.17937800e+03  1.83480751e-02
 7.18027800e+03  1.84924923e-02
 7.18117900e+03  1.81814900e-02
 7.18207900e+03  1.76493270e-02
 7.18297900e+03  1.73860898e-02
 7.18387900e+03  1.76711170e-02
 7.18478000e+03  1.82240971e-02
 7.18568000e+03  1.85509595e-02
 7.18658000e+03  1.85338451e-02
 7.18748000e+03  1.82501929e-02
 7.18838100e+03  1.77510325e-02
 7.18928100e+03  1.73289212e-02
 7.19018100e+03  1.72629601e-02
 7.19108200e+03  1.74646787e-02
 7.19198200e+03  1.77891128e-02
 7.19288200e+03  1.80463034e-02
 7.19378200e+03  1.80280794e-02
 7.19468300e+03  1.78611927e-02
 7.19558300e+03  1.78786851e-02
 7.19648300e+03  1.81153561e-02
 7.19738300e+03  1.82220387e-02
 7.19828300e+03  1.80476743e-02
 7.19918400e+03  1.79547330e-02
 7.20008400e+03  1.81590607e-02
 7.20098400e+03  1.83948071e-02
 7.20188400e+03  1.84395409e-02
 7.20278400e+03  1.83051021e-02
 7.20368500e+03  1.81583089e-02
 7.20458500e+03  1.82535096e-02
 7.20548500e+03  1.85824224e-02
 7.20638600e+03  1.87890778e-02
 7.20728600e+03  1.85361326e-02
 7.20818600e+03  1.78586559e-02
 7.20908600e+03  1.72899363e-02
 7.20998700e+03  1.72786674e-02
 7.21088700e+03  1.76880666e-02
 7.21178700e+03  1.82429362e-02
 7.21268800e+03  1.86875572e-02
 7.21358800e+03  1.87588291e-02
 7.21448800e+03  1.85354974e-02
 7.21538800e+03  1.83115225e-02
 7.21628800e+03  1.82076661e-02
 7.21718900e+03  1.82049444e-02
 7.21808900e+03  1.83603772e-02
 7.21898900e+03  1.86654054e-02
 7.21988900e+03  1.88691421e-02
 7.22078900e+03  1.88201547e-02
 7.22169000e+03  1.86570914e-02
 7.22259000e+03  1.85370292e-02
 7.22349000e+03  1.84758081e-02
 7.22439000e+03  1.84273916e-02
 7.22529100e+03  1.84708993e-02
 7.22619100e+03  1.86868577e-02
 7.22709100e+03  1.89248634e-02
 7.22799100e+03  1.90525441e-02
 7.22889200e+03  1.90478283e-02
 7.22979200e+03  1.88856936e-02
 7.23069200e+03  1.87401789e-02
 7.23159200e+03  1.88303180e-02
 7.23249300e+03  1.90923089e-02
 7.23339300e+03  1.93105910e-02
 7.23429300e+03  1.94077054e-02
 7.23519400e+03  1.94504653e-02
 7.23609400e+03  1.94276662e-02
 7.23699400e+03  1.92668421e-02
 7.23789400e+03  1.90734818e-02
 7.23879400e+03  1.90098164e-02
 7.23969500e+03  1.90401254e-02
 7.24059500e+03  1.89990500e-02
 7.24149500e+03  1.89539020e-02
 7.24239500e+03  1.90808832e-02
 7.24329500e+03  1.93038731e-02
 7.24419600e+03  1.93528484e-02
 7.24509600e+03  1.91425787e-02
 7.24599600e+03  1.88256786e-02
 7.24689600e+03  1.86782985e-02
 7.24779700e+03  1.88786018e-02
 7.24869700e+03  1.92753772e-02
 7.24959700e+03  1.95634759e-02
 7.25049800e+03  1.95699807e-02
 7.25139800e+03  1.93038731e-02
 7.25229800e+03  1.89190058e-02
 7.25319800e+03  1.86884296e-02
 7.25409900e+03  1.87839198e-02
 7.25499900e+03  1.90473539e-02
 7.25589900e+03  1.92183412e-02
 7.25679900e+03  1.92903971e-02
 7.25770000e+03  1.94280843e-02
 7.25860000e+03  1.96378796e-02
 7.25950000e+03  1.97910490e-02
 7.26040000e+03  1.96564694e-02
 7.26130000e+03  1.93849022e-02
 7.26220100e+03  1.89106758e-02
 7.26310100e+03  1.85142301e-02
 7.26400100e+03  1.86438284e-02
 7.26490100e+03  1.91433868e-02
 7.26580100e+03  1.95154775e-02
 7.26670200e+03  1.96648437e-02
 7.26760200e+03  1.97551758e-02
 7.26850200e+03  1.98441692e-02
 7.26940300e+03  1.98599649e-02
 7.27030300e+03  1.97821842e-02
 7.27120300e+03  1.96715415e-02
 7.27210300e+03  1.95531759e-02
 7.27300300e+03  1.94592657e-02
 7.27390400e+03  1.94493396e-02
 7.27480400e+03  1.95271806e-02
 7.27570400e+03  1.96257785e-02
 7.27660500e+03  1.97062448e-02
 7.27750500e+03  1.97946351e-02
 7.27840500e+03  1.98363939e-02
 7.27930500e+03  1.97440798e-02
 7.28020600e+03  1.96075303e-02
 7.28110600e+03  1.95538392e-02
 7.28200600e+03  1.95034408e-02
 7.28290600e+03  1.93059275e-02
 7.28380600e+03  1.90028251e-02
 7.28470700e+03  1.87901352e-02
 7.28560700e+03  1.87716900e-02
 7.28650700e+03  1.89538015e-02
 7.28740700e+03  1.92760526e-02
 7.28830700e+03  1.94995612e-02
 7.28920800e+03  1.93885607e-02
 7.29010800e+03  1.90206471e-02
 7.29100800e+03  1.87513955e-02
 7.29190800e+03  1.86659401e-02
 7.29280900e+03  1.86044898e-02
 7.29370900e+03  1.85287393e-02
 7.29460900e+03  1.86440294e-02
 7.29551000e+03  1.90366760e-02
 7.29641000e+03  1.95369017e-02
 7.29731000e+03  1.99589367e-02
 7.29821100e+03  2.01753052e-02
 7.29911100e+03  2.00954700e-02
 7.30001100e+03  1.98445752e-02
 7.30091100e+03  1.96642527e-02
 7.30181100e+03  1.96782715e-02
 7.30271200e+03  1.98041833e-02
 7.30361200e+03  1.98939123e-02
 7.30451200e+03  1.99547515e-02
 7.30541200e+03  1.99877662e-02
 7.30631200e+03  2.01653871e-02
 7.30721300e+03  2.00837911e-02
 7.30811300e+03  1.98368201e-02
 7.30901300e+03  1.96000968e-02
 7.30991300e+03  1.95671665e-02
 7.31081400e+03  1.97415671e-02
 7.31171400e+03  1.98214143e-02
 7.31261400e+03  1.96832889e-02
 7.31351500e+03  1.96419763e-02
 7.31441500e+03  1.98679613e-02
 7.31531500e+03  2.01447629e-02
 7.31621500e+03  2.02292334e-02
 7.31711500e+03  2.01063208e-02
 7.31801600e+03  1.99292468e-02
 7.31891600e+03  1.98350873e-02
 7.31981600e+03  1.98773125e-02
 7.32071700e+03  2.00082255e-02
 7.32161700e+03  2.00879561e-02
 7.32251700e+03  2.01083511e-02
 7.32341700e+03  2.01490285e-02
 7.32431700e+03  2.01063852e-02
 7.32521800e+03  1.99173547e-02
 7.32611800e+03  1.96505516e-02
 7.32701800e+03  1.93909448e-02
 7.32791800e+03  1.93147520e-02
 7.32881800e+03  1.96521717e-02
 7.32971900e+03  2.00775435e-02
 7.33061900e+03  2.02101571e-02
 7.33151900e+03  2.01162992e-02
 7.33241900e+03  2.00420724e-02
 7.33332000e+03  2.00773305e-02
 7.33422000e+03  2.01399225e-02
 7.33512000e+03  2.01651619e-02
 7.33602000e+03  2.02250322e-02
 7.33692100e+03  2.03861940e-02
 7.33782100e+03  2.05742274e-02
 7.33872100e+03  2.06735047e-02
 7.33962200e+03  2.06808497e-02
 7.34052200e+03  2.06811794e-02
 7.34142200e+03  2.07284943e-02
 7.34232200e+03  2.08122572e-02
 7.34322300e+03  2.08269836e-02
 7.34412300e+03  2.06132042e-02
 7.34502300e+03  2.01801858e-02
 7.34592300e+03  1.98547787e-02
 7.34682300e+03  1.99390161e-02
 7.34772400e+03  2.02873991e-02
 7.34862400e+03  2.05859506e-02
 7.34952400e+03  2.07386094e-02
 7.35042400e+03  2.07068088e-02
 7.35132400e+03  2.04492162e-02
 7.35222500e+03  2.01194109e-02
 7.35312500e+03  1.99907895e-02
 7.35402500e+03  2.00982039e-02
 7.35492600e+03  2.01651579e-02
 7.35582600e+03  1.99538269e-02
 7.35672600e+03  1.96747337e-02
 7.35762600e+03  1.92154708e-02
 7.35852700e+03  1.93477386e-02
 7.35942700e+03  1.98812645e-02
 7.36032700e+03  2.04268271e-02
 7.36122700e+03  2.06529650e-02
 7.36212800e+03  2.04624108e-02
 7.36302800e+03  2.00313825e-02
 7.36392800e+03  1.96644940e-02
 7.36482800e+03  1.95914974e-02
 7.36572900e+03  1.97813600e-02
 7.36662900e+03  2.00523081e-02
 7.36752900e+03  2.02577856e-02
 7.36842900e+03  2.04114817e-02
 7.36932900e+03  2.05422258e-02
 7.37023000e+03  2.05884150e-02
 7.37113000e+03  2.06002829e-02
 7.37203000e+03  2.07245745e-02
 7.37293000e+03  2.08759187e-02
 7.37383100e+03  2.09318290e-02
 7.37473100e+03  2.08141227e-02
 7.37563100e+03  2.07001150e-02
 7.37653100e+03  2.05919891e-02
 7.37743200e+03  2.05255215e-02
 7.37833200e+03  2.05944616e-02
 7.37923200e+03  2.07936634e-02
 7.38013200e+03  2.09769609e-02
 7.38103300e+03  2.09850457e-02
 7.38193300e+03  2.07740282e-02
 7.38283300e+03  2.04347954e-02
 7.38373400e+03  2.01920216e-02
 7.38463400e+03  2.00697562e-02
 7.38553400e+03  1.99920961e-02
 7.38643400e+03  1.97538170e-02
 7.38733400e+03  1.94676038e-02
 7.38823500e+03  1.93336716e-02
 7.38913500e+03  1.92812670e-02
 7.39003500e+03  1.91540325e-02
 7.39093500e+03  1.90787082e-02
 7.39183500e+03  1.93297357e-02
 7.39273600e+03  1.97536763e-02
 7.39363600e+03  1.99494246e-02
 7.39453600e+03  1.98738993e-02
 7.39543600e+03  1.98655170e-02
 7.39633700e+03  2.00885712e-02
 7.39723700e+03  2.03196540e-02
 7.39813700e+03  2.03884815e-02
 7.39903800e+03  2.03508314e-02
 7.39993800e+03  2.02105149e-02
 7.40083800e+03  1.99867732e-02
 7.40173800e+03  1.98167226e-02
 7.41000000e+03  2.14507170e-02
 7.43000000e+03  2.20974183e-02
 7.45000000e+03  2.22502942e-02
 7.47000000e+03  2.26780178e-02
 7.49000000e+03  2.27556981e-02
 7.51000000e+03  2.30798508e-02
 7.53000000e+03  2.35129496e-02
 7.55000000e+03  2.38062184e-02
 7.57000000e+03  2.37695733e-02
 7.59000000e+03  2.33558363e-02
 7.61000000e+03  2.30827575e-02
 7.63000000e+03  2.28799695e-02
 7.65000000e+03  2.26103643e-02
 7.67000000e+03  2.17928082e-02
 7.69000000e+03  2.24636957e-02
 7.71000000e+03  2.22201218e-02
 7.73000000e+03  2.24527886e-02
 7.75000000e+03  2.23960984e-02
 7.77000000e+03  2.29144114e-02
 7.79000000e+03  2.30732334e-02
 7.81000000e+03  2.32505366e-02
 7.83000000e+03  2.33298893e-02
 7.85000000e+03  2.32711246e-02
 7.87000000e+03  2.36688126e-02
 7.89000000e+03  2.36156843e-02
 7.91000000e+03  2.32422990e-02
 7.93000000e+03  2.33993038e-02
 7.95000000e+03  2.34994977e-02
 7.97000000e+03  2.42730997e-02
 7.99000000e+03  2.44151932e-02
 8.01000000e+03  2.48155627e-02
 8.03000000e+03  2.50685923e-02
 8.05000000e+03  2.51490667e-02
 8.07000000e+03  2.56030911e-02
 8.09000000e+03  2.55189262e-02
 8.11000000e+03  2.58729417e-02
 8.13000000e+03  2.65437326e-02
 8.15000000e+03  2.68996417e-02
 8.17000000e+03  2.71458086e-02
 8.19000000e+03  2.63565957e-02
 8.21000000e+03  2.64450021e-02
 8.23000000e+03  2.66384790e-02
 8.25000000e+03  2.68494844e-02
 8.27000000e+03  2.71266278e-02
 8.29000000e+03  2.69911035e-02
 8.31000000e+03  2.64345533e-02
 8.33000000e+03  2.63731071e-02
 8.35000000e+03  2.65887680e-02
 8.37000000e+03  2.68328163e-02
 8.39000000e+03  2.61798714e-02
 8.41000000e+03  2.71033020e-02
 8.43000000e+03  2.63299612e-02
 8.45000000e+03  2.61999206e-02
 8.47000000e+03  2.61351617e-02
 8.49000000e+03  2.65260755e-02
 8.51000000e+03  2.56435876e-02
 8.53000000e+03  2.67569693e-02
 8.55000000e+03  2.54449567e-02
 8.57000000e+03  2.75821036e-02
 8.59000000e+03  2.72931405e-02
 8.61000000e+03  2.76164168e-02
 8.63000000e+03  2.82361540e-02
 8.65000000e+03  2.84148161e-02
 8.67000000e+03  2.64684606e-02
 8.69000000e+03  2.79661788e-02
 8.71000000e+03  2.89199908e-02
 8.73000000e+03  2.91767673e-02
 8.75000000e+03  2.89472565e-02
 8.77000000e+03  2.96223130e-02
 8.79000000e+03  2.99375487e-02
 8.81000000e+03  2.95458308e-02
 8.83000000e+03  2.99395548e-02
 8.85000000e+03  2.99785437e-02
 8.87000000e+03  2.90033638e-02
 8.89000000e+03  2.95712873e-02
 8.91000000e+03  3.00061028e-02
 8.93000000e+03  2.97100239e-02
 8.95000000e+03  2.98505172e-02
 8.97000000e+03  3.00888044e-02
 8.99000000e+03  3.02755272e-02
 9.01000000e+03  2.95014668e-02
 9.03000000e+03  3.06016941e-02
 9.05000000e+03  3.15019677e-02
 9.07000000e+03  3.14829758e-02
 9.09000000e+03  3.09681122e-02
 9.11000000e+03  3.13955022e-02
 9.13000000e+03  3.19636147e-02
 9.15000000e+03  3.19240509e-02
 9.17000000e+03  3.19143781e-02
 9.19000000e+03  3.21501204e-02
 9.21000000e+03  3.13599225e-02
 9.23000000e+03  3.09047563e-02
 9.25000000e+03  3.09909555e-02
 9.27000000e+03  3.13616392e-02
 9.29000000e+03  3.12192603e-02
 9.31000000e+03  3.14421899e-02
 9.33000000e+03  3.14847528e-02
 9.35000000e+03  3.14668183e-02
 9.37000000e+03  3.11414715e-02
 9.39000000e+03  3.15872182e-02
 9.41000000e+03  3.11064507e-02
 9.43000000e+03  3.19174214e-02
 9.45000000e+03  3.15688253e-02
 9.47000000e+03  3.21929326e-02
 9.49000000e+03  3.23852757e-02
 9.51000000e+03  3.21999440e-02
 9.53000000e+03  3.24375517e-02
 9.55000000e+03  3.18505237e-02
 9.57000000e+03  3.22870156e-02
 9.59000000e+03  3.27904214e-02
 9.61000000e+03  3.24990663e-02
 9.63000000e+03  3.26896606e-02
 9.65000000e+03  3.23147878e-02
 9.67000000e+03  3.23664205e-02
 9.69000000e+03  3.28250281e-02
 9.71000000e+03  3.26411839e-02
 9.73000000e+03  3.25133102e-02
 9.75000000e+03  3.24702850e-02
 9.77000000e+03  3.26667731e-02
 9.79000000e+03  3.23349536e-02
 9.81000000e+03  3.31383582e-02
 9.83000000e+03  3.30053828e-02
 9.85000000e+03  3.32695687e-02
 9.87000000e+03  3.31909719e-02
 9.89000000e+03  3.32779993e-02
 9.91000000e+03  3.30501166e-02
 9.93000000e+03  3.33130563e-02
 9.95000000e+03  3.34824757e-02
 9.97000000e+03  3.36404936e-02
 9.99000000e+03  3.36089463e-02
 1.00250000e+04  3.35652858e-02
 1.00750000e+04  3.34271403e-02
 1.01250000e+04  3.39139383e-02
 1.01750000e+04  3.37709362e-02
 1.02250000e+04  3.40379886e-02
 1.02750000e+04  3.42483468e-02
 1.03250000e+04  3.40439748e-02
 1.03750000e+04  3.40963312e-02
 1.04250000e+04  3.43052018e-02
 1.04750000e+04  3.39859860e-02
 1.05250000e+04  3.39561112e-02
 1.05750000e+04  3.36667341e-02
 1.06250000e+04  3.37813729e-02
 1.06750000e+04  3.35836425e-02
 1.07250000e+04  3.38029579e-02
 1.07750000e+04  3.38482988e-02
 1.08250000e+04  3.36125646e-02
 1.08750000e+04  3.35799800e-02
 1.09250000e+04  3.33862016e-02
 1.09750000e+04  3.30485367e-02
 1.10250000e+04  3.30290824e-02
 1.10750000e+04  3.28563744e-02
 1.11250000e+04  3.28662362e-02
 1.11750000e+04  3.28579544e-02
 1.12250000e+04  3.30654822e-02
 1.12750000e+04  3.28325059e-02
 1.13250000e+04  3.28999746e-02
 1.13750000e+04  3.27663720e-02
 1.14250000e+04  3.26448021e-02
 1.14750000e+04  3.32008216e-02
 1.15250000e+04  3.32414869e-02
 1.15750000e+04  3.30657395e-02
 1.16250000e+04  3.27920456e-02
 1.16750000e+04  3.29007907e-02
 1.17250000e+04  3.32313919e-02
 1.17750000e+04  3.27070565e-02
 1.18250000e+04  3.27404571e-02
 1.18750000e+04  3.25386662e-02
 1.19250000e+04  3.31035062e-02
 1.19750000e+04  3.22260076e-02
 1.20250000e+04  3.28392479e-02
 1.20750000e+04  3.27280666e-02
 1.21250000e+04  3.28827033e-02
 1.21750000e+04  3.31056008e-02
 1.22250000e+04  3.30164627e-02
 1.22750000e+04  3.28985232e-02
 1.23250000e+04  3.28896022e-02
 1.23750000e+04  3.29212178e-02
 1.24250000e+04  3.26720397e-02
 1.24750000e+04  3.28082514e-02
 1.25250000e+04  3.26085230e-02
 1.25750000e+04  3.27250071e-02
 1.26250000e+04  3.26967404e-02
 1.26750000e+04  3.24752179e-02
 1.27250000e+04  3.26957956e-02
 1.27750000e+04  3.27961383e-02
 1.28250000e+04  3.18699699e-02
 1.28750000e+04  3.24527766e-02
 1.29250000e+04  3.22575669e-02
 1.29750000e+04  3.25576501e-02
 1.30250000e+04  3.23893443e-02
 1.30750000e+04  3.25171858e-02
 1.31250000e+04  3.19969510e-02
 1.31750000e+04  3.21439894e-02
 1.32250000e+04  3.22574262e-02
 1.32750000e+04  3.18406981e-02
 1.33250000e+04  3.15305320e-02
 1.33750000e+04  3.09448909e-02
 1.34250000e+04  3.10134571e-02
 1.34750000e+04  3.10449723e-02
 1.35250000e+04  3.09699334e-02
 1.35750000e+04  3.06538213e-02
 1.36250000e+04  3.06418368e-02
 1.36750000e+04  3.07824950e-02
 1.37250000e+04  3.08872921e-02
 1.37750000e+04  3.08551820e-02
 1.38250000e+04  3.09041090e-02
 1.38750000e+04  3.07308743e-02
 1.39250000e+04  3.00568149e-02
 1.39750000e+04  2.99915011e-02
 1.40250000e+04  2.97148241e-02
 1.40750000e+04  2.98397871e-02
 1.41250000e+04  2.95546755e-02
 1.41750000e+04  2.97017581e-02
 1.42250000e+04  2.94950464e-02
 1.42750000e+04  2.92355160e-02
 1.43250000e+04  2.98163206e-02
 1.43750000e+04  3.00601879e-02
 1.44250000e+04  2.95922090e-02
 1.44750000e+04  3.00596974e-02
 1.45250000e+04  2.98805690e-02
 1.45700000e+04  3.00352017e-02
 1.46200000e+04  2.94348545e-02
 1.46750000e+04  2.95476801e-02
 1.47250000e+04  2.96997238e-02
 1.47750000e+04  2.97897826e-02
 1.48250000e+04  2.99666757e-02
 1.48750000e+04  2.97752411e-02
 1.49250000e+04  3.04983241e-02
 1.49750000e+04  3.04469126e-02
 1.50250000e+04  2.98924289e-02
 1.50750000e+04  3.01730739e-02
 1.51250000e+04  3.06522172e-02
 1.51750000e+04  3.08467233e-02
 1.52250000e+04  3.10275161e-02
 1.52750000e+04  3.10803831e-02
 1.53250000e+04  3.11886497e-02
 1.53750000e+04  3.12448173e-02
 1.54250000e+04  3.11322449e-02
 1.54750000e+04  3.16318837e-02
 1.55250000e+04  3.15911943e-02
 1.55750000e+04  3.06292170e-02
 1.56250000e+04  3.12277029e-02
 1.56750000e+04  3.13126478e-02
 1.57250000e+04  3.15422310e-02
 1.57750000e+04  3.00762691e-02
 1.58250000e+04  3.05170587e-02
 1.58750000e+04  3.05797432e-02
 1.59250000e+04  3.13556972e-02
 1.59750000e+04  3.09164031e-02
 1.60500000e+04  3.11336762e-02
 1.61500000e+04  3.16530144e-02
 1.62500000e+04  3.08704953e-02
 1.63500000e+04  3.16772890e-02
 1.64500000e+04  3.07128634e-02
 1.65500000e+04  3.14648001e-02
 1.66500000e+04  3.08435553e-02
 1.67500000e+04  3.06233836e-02
 1.68500000e+04  3.02424562e-02
 1.69500000e+04  3.04490755e-02
 1.70500000e+04  2.99367808e-02
 1.71500000e+04  2.95453484e-02
 1.72500000e+04  2.90192198e-02
 1.73500000e+04  2.83005431e-02
 1.74500000e+04  2.81093336e-02
 1.75500000e+04  2.74832605e-02
 1.76500000e+04  2.73273372e-02
 1.77500000e+04  2.64717733e-02
 1.78500000e+04  2.61387638e-02
 1.79500000e+04  2.59933295e-02
 1.80500000e+04  2.54685679e-02
 1.81500000e+04  2.51601828e-02
 1.82500000e+04  2.49212202e-02
 1.83500000e+04  2.46521336e-02
 1.84500000e+04  2.42542928e-02
 1.85500000e+04  2.41299369e-02
 1.86500000e+04  2.36894166e-02
 1.87500000e+04  2.32257997e-02
 1.88500000e+04  2.31997401e-02
 1.89500000e+04  2.25611759e-02
 1.90500000e+04  2.26619206e-02
 1.91500000e+04  2.23122912e-02
 1.92500000e+04  2.20402858e-02
 1.93500000e+04  2.15651548e-02
 1.94500000e+04  2.11371979e-02
 1.95500000e+04  2.08929165e-02
 1.96500000e+04  2.06007131e-02
 1.97500000e+04  2.01153625e-02
 1.98500000e+04  2.00142520e-02
 1.99500000e+04  1.98389951e-02
 2.00500000e+04  1.98025390e-02
 2.01500000e+04  1.96301445e-02
 2.02500000e+04  1.93100483e-02
 2.03500000e+04  1.91001284e-02
 2.04500000e+04  1.90410541e-02
 2.05500000e+04  1.88232021e-02
 2.06500000e+04  1.86740289e-02
 2.07500000e+04  1.85684317e-02
 2.08500000e+04  1.84333135e-02
 2.09500000e+04  1.81961802e-02
 2.10500000e+04  1.81903547e-02
 2.11500000e+04  1.79893840e-02
 2.12500000e+04  1.78522838e-02
 2.13500000e+04  1.77117984e-02
 2.14500000e+04  1.75470506e-02
 2.15500000e+04  1.73231360e-02
 2.16500000e+04  1.70812909e-02
 2.17500000e+04  1.68809352e-02
 2.18500000e+04  1.66996961e-02
 2.19500000e+04  1.65852020e-02
 2.20500000e+04  1.88466163e-02
 2.21500000e+04  1.88687963e-02
 2.22500000e+04  1.84739265e-02
 2.23500000e+04  1.81851444e-02
 2.24500000e+04  1.79493499e-02
 2.25500000e+04  1.77245307e-02
 2.26500000e+04  1.73071673e-02
 2.27500000e+04  1.72693564e-02
 2.28500000e+04  1.69242580e-02
 2.29500000e+04  1.42594267e-02
 2.30500000e+04  1.52069670e-02
 2.31500000e+04  1.51480857e-02
 2.32500000e+04  1.31529036e-02
 2.33500000e+04  1.40433034e-02
 2.34500000e+04  1.34229391e-02
 2.35500000e+04  1.22021873e-02
 2.36500000e+04  1.30415775e-02
 2.37500000e+04  1.24963526e-02
 2.38500000e+04  1.15738587e-02
 2.39500000e+04  1.22069192e-02
 2.40500000e+04  1.19674983e-02
 2.41500000e+04  1.11254627e-02
 2.42500000e+04  1.14808250e-02
 2.43500000e+04  1.11465090e-02
 2.44500000e+04  1.07833553e-02
 2.45500000e+04  1.07219854e-02
 2.46500000e+04  1.07584857e-02
 2.47500000e+04  1.04064603e-02
 2.48500000e+04  9.55863546e-03
 2.49500000e+04  9.31679838e-03
 2.50500000e+04  9.49474889e-03
 2.51500000e+04  9.12953686e-03
 2.52500000e+04  9.30288412e-03
 2.53500000e+04  9.38277551e-03
 2.54500000e+04  9.28045889e-03
 2.55500000e+04  9.28045487e-03
 2.56500000e+04  9.36359064e-03
 2.57500000e+04  9.43768878e-03
 2.58500000e+04  9.24365305e-03
 2.59500000e+04  9.43058893e-03
 2.60500000e+04  9.39655308e-03
 2.61500000e+04  9.29249969e-03
 2.62500000e+04  9.00896808e-03
 2.63500000e+04  9.02498093e-03
 2.64500000e+04  8.92208539e-03
 2.65500000e+04  8.81097638e-03
 2.66500000e+04  8.69476561e-03
 2.67500000e+04  8.72792102e-03
 2.68500000e+04  8.62715624e-03
 2.69500000e+04  8.53631355e-03
 2.70500000e+04  8.53515169e-03
 2.71500000e+04  8.39747252e-03
 2.72500000e+04  8.32644991e-03
 2.73500000e+04  8.20534241e-03
 2.74500000e+04  8.17917429e-03
 2.75500000e+04  8.14972961e-03
 2.76500000e+04  8.01025337e-03
 2.77500000e+04  7.91158317e-03
 2.78500000e+04  7.84523215e-03
 2.79500000e+04  7.80339289e-03
 2.80500000e+04  7.61730932e-03
 2.81500000e+04  7.61687111e-03
 2.82500000e+04  7.61304378e-03
 2.83500000e+04  7.55336244e-03
 2.84500000e+04  7.49704206e-03
 2.85500000e+04  7.33048509e-03
 2.86500000e+04  7.24897754e-03
 2.87500000e+04  7.27486022e-03
 2.88500000e+04  7.16222350e-03
 2.89500000e+04  7.12810724e-03
 2.90500000e+04  7.04781382e-03
 2.91500000e+04  6.99947776e-03
 2.92500000e+04  6.89982660e-03
 2.93500000e+04  6.84993067e-03
 2.94500000e+04  6.67243848e-03
 2.95500000e+04  6.68925539e-03
 2.96500000e+04  6.56187623e-03
 2.97500000e+04  6.50963244e-03
 2.98500000e+04  6.49488196e-03
 2.99500000e+04  6.42724042e-03
 3.00500000e+04  6.40386238e-03
 3.01500000e+04  6.35426797e-03
 3.02500000e+04  6.28915118e-03
 3.03500000e+04  6.21165991e-03
 3.04500000e+04  6.17530837e-03
 3.05500000e+04  6.11924931e-03
 3.06500000e+04  6.06447676e-03
 3.07500000e+04  6.02135503e-03
 3.08500000e+04  5.95837302e-03
 3.09500000e+04  5.91515078e-03
 3.10500000e+04  5.87876707e-03
 3.11500000e+04  5.81064712e-03
 3.12500000e+04  5.79019184e-03
 3.13500000e+04  5.75252163e-03
 3.14500000e+04  5.71216587e-03
 3.15500000e+04  5.66924917e-03
 3.16500000e+04  5.63734408e-03
 3.17500000e+04  5.62008091e-03
 3.18500000e+04  5.59681142e-03
 3.19500000e+04  5.58373339e-03
 3.21000000e+04  5.56972666e-03
 3.23000000e+04  5.61700940e-03
 3.25000000e+04  5.82516442e-03
 3.27000000e+04  6.53901680e-03
 3.29000000e+04  8.80373582e-03
 3.31000000e+04  8.71887937e-03
 3.33000000e+04  6.26341323e-03
 3.35000000e+04  5.37073793e-03
 3.37000000e+04  4.98182624e-03
 3.39000000e+04  4.75617488e-03
 3.41000000e+04  4.59664136e-03
 3.43000000e+04  4.48154421e-03
 3.45000000e+04  4.37935223e-03
 3.47000000e+04  4.28097148e-03
 3.49000000e+04  4.19254902e-03
 3.51000000e+04  4.10882629e-03
 3.53000000e+04  4.02001948e-03
 3.55000000e+04  3.94439926e-03
 3.57000000e+04  3.87017529e-03
 3.59000000e+04  3.79900755e-03
 3.61000000e+04  3.73451632e-03
 3.63000000e+04  3.66819103e-03
 3.65000000e+04  3.59963407e-03
 3.67000000e+04  3.53961181e-03
 3.69000000e+04  3.47133989e-03
 3.71000000e+04  3.41691629e-03
 3.73000000e+04  3.37529132e-03
 3.75000000e+04  3.31459123e-03
 3.77000000e+04  3.28960829e-03
 3.79000000e+04  3.25135112e-03
 3.81000000e+04  3.21769237e-03
 3.83000000e+04  3.18459486e-03
 3.85000000e+04  3.14917481e-03
 3.87000000e+04  3.09739456e-03
 3.89000000e+04  3.05359421e-03
 3.91000000e+04  3.00609759e-03
 3.93000000e+04  2.95379792e-03
 3.95000000e+04  2.89448966e-03
 3.97000000e+04  2.84573830e-03
 3.99000000e+04  2.78627727e-03
 4.01000000e+04  2.74234666e-03
 4.03000000e+04  2.69724372e-03
 4.05000000e+04  2.64399566e-03
 4.07000000e+04  2.59811681e-03
 4.09000000e+04  2.54862572e-03
 4.11000000e+04  2.50143143e-03
 4.13000000e+04  2.45596908e-03
 4.15000000e+04  2.40701671e-03
 4.17000000e+04  2.36364733e-03
 4.19000000e+04  2.32143419e-03
 4.21000000e+04  2.27807365e-03
 4.23000000e+04  2.24445229e-03
 4.25000000e+04  2.20128714e-03
 4.27000000e+04  2.16774779e-03
 4.29000000e+04  2.09235150e-03
 4.31000000e+04  2.01941644e-03
 4.33000000e+04  2.00655992e-03
 4.35000000e+04  1.93851917e-03
 4.37000000e+04  1.90257287e-03
 4.39000000e+04  1.87375416e-03
 4.41000000e+04  1.82587521e-03
 4.43000000e+04  1.80172125e-03
 4.45000000e+04  1.77864111e-03
 4.47000000e+04  1.73557004e-03
 4.49000000e+04  1.72031421e-03
 4.51000000e+04  1.69122815e-03
 4.53000000e+04  1.65818933e-03
 4.55000000e+04  1.64094506e-03
 4.57000000e+04  1.61815961e-03
 4.59000000e+04  1.57940151e-03
 4.61000000e+04  1.57347238e-03
 4.63000000e+04  1.54786146e-03
 4.65000000e+04  1.52825527e-03
 4.67000000e+04  1.52064162e-03
 4.69000000e+04  1.50045128e-03
 4.71000000e+04  1.48320419e-03
 4.73000000e+04  1.48095283e-03
 4.75000000e+04  1.45820919e-03
 4.77000000e+04  1.43946093e-03
 4.79000000e+04  1.42278633e-03
 4.81000000e+04  1.39573173e-03
 4.83000000e+04  1.39108024e-03
 4.85000000e+04  1.36760370e-03
 4.87000000e+04  1.34758663e-03
 4.89000000e+04  1.33013733e-03
 4.91000000e+04  1.31085718e-03
 4.93000000e+04  1.29538827e-03
 4.95000000e+04  1.27751161e-03
 4.97000000e+04  1.27235196e-03
 4.99000000e+04  1.25794642e-03
 5.01000000e+04  1.25055229e-03
 5.03000000e+04  1.24130560e-03
 5.05000000e+04  1.22880167e-03
 5.07000000e+04  1.23016133e-03
 5.09000000e+04  1.22968493e-03
 5.11000000e+04  1.22681403e-03
 5.13000000e+04  1.22932913e-03
 5.15000000e+04  1.22658367e-03
 5.17000000e+04  1.22939908e-03
 5.19000000e+04  1.22465674e-03
 5.21000000e+04  1.22426637e-03
 5.23000000e+04  1.22128974e-03
 5.25000000e+04  1.22172473e-03
 5.27000000e+04  1.21649272e-03
 5.29000000e+04  1.20233724e-03
 5.31000000e+04  1.19368837e-03
 5.33000000e+04  1.18809895e-03
 5.35000000e+04  1.17945330e-03
 5.37000000e+04  1.17081809e-03
 5.39000000e+04  1.16258894e-03
 5.41000000e+04  1.15365222e-03
 5.43000000e+04  1.14136297e-03
 5.45000000e+04  1.13525935e-03
 5.47000000e+04  1.13096085e-03
 5.49000000e+04  1.13193979e-03
 5.51000000e+04  1.13160289e-03
 5.53000000e+04  1.13757746e-03
 5.55000000e+04  1.13230443e-03
 5.57000000e+04  1.13677621e-03
 5.59000000e+04  1.13491119e-03
 5.61000000e+04  1.13694908e-03
 5.63000000e+04  1.13510497e-03
 5.65000000e+04  1.13891863e-03
 5.67000000e+04  1.14485460e-03
 5.69000000e+04  1.15080183e-03
 5.71000000e+04  1.16216520e-03
 5.73000000e+04  1.17095639e-03
 5.75000000e+04  1.18083266e-03
 5.77000000e+04  1.19317136e-03
 5.79000000e+04  1.21006948e-03
 5.81000000e+04  1.22468649e-03
 5.83000000e+04  1.24232113e-03
 5.85000000e+04  1.26176370e-03
 5.87000000e+04  1.28650502e-03
 5.89000000e+04  1.31523448e-03
 5.91000000e+04  1.34698922e-03
 5.93000000e+04  1.38282094e-03
 5.95000000e+04  1.42169683e-03
 5.97000000e+04  1.49775004e-03
 5.99000000e+04  1.59297565e-03
 6.01000000e+04  1.69804497e-03
 6.03000000e+04  1.81589723e-03
 6.05000000e+04  1.95002044e-03
 6.07000000e+04  2.15028482e-03
 6.09000000e+04  2.39856041e-03
 6.11000000e+04  2.68541078e-03
 6.13000000e+04  3.02100526e-03
 6.15000000e+04  3.40435808e-03
 6.17000000e+04  3.78157995e-03
 6.19000000e+04  4.13962982e-03
 6.21000000e+04  4.38862304e-03
 6.23000000e+04  4.44760083e-03
 6.25000000e+04  4.30468321e-03
 6.27000000e+04  3.92100514e-03
 6.29000000e+04  3.52118597e-03
 6.31000000e+04  3.15599565e-03
 6.33000000e+04  2.84239381e-03
 6.35000000e+04  2.57593159e-03
 6.37000000e+04  2.34437924e-03
 6.39000000e+04  2.14201627e-03
 6.42000000e+04  1.88287180e-03
 6.46000000e+04  1.61584513e-03
 6.50000000e+04  1.47107133e-03
 6.54000000e+04  1.35023440e-03
 6.58000000e+04  1.28587142e-03
 6.62000000e+04  1.24399478e-03
 6.66000000e+04  1.21251342e-03
 6.70000000e+04  1.19400919e-03
 6.74000000e+04  1.17865567e-03
 6.78000000e+04  1.17341280e-03
 6.82000000e+04  1.17216168e-03
 6.86000000e+04  1.17515318e-03
 6.90000000e+04  1.19638278e-03
 6.94000000e+04  1.21870267e-03
 6.98000000e+04  1.25127474e-03
 7.02000000e+04  1.28550196e-03
 7.06000000e+04  1.31046842e-03
 7.10000000e+04  1.32077486e-03
 7.14000000e+04  1.33124171e-03
 7.18000000e+04  1.37459541e-03
 7.22000000e+04  1.42307499e-03
 7.26000000e+04  1.50324378e-03
 7.30000000e+04  1.64939734e-03
 7.34000000e+04  1.79256743e-03
 7.38000000e+04  1.98860687e-03
 7.42000000e+04  2.20454197e-03
 7.46000000e+04  2.42238109e-03
 7.50000000e+04  2.65899942e-03
 7.54000000e+04  2.89108567e-03
 7.58000000e+04  3.03996338e-03
 7.62000000e+04  3.16619957e-03
 7.66000000e+04  3.24217720e-03
 7.70000000e+04  3.19329800e-03
 7.74000000e+04  3.14535432e-03
 7.78000000e+04  3.02729823e-03
 7.82000000e+04  2.88511995e-03
 7.86000000e+04  2.72943587e-03
 7.90000000e+04  2.53950366e-03
 7.94000000e+04  2.35295615e-03
 7.98000000e+04  2.18373853e-03
 8.02000000e+04  2.01961022e-03
 8.06000000e+04  1.86898448e-03
 8.10000000e+04  1.74776602e-03
 8.14000000e+04  1.62840173e-03
 8.18000000e+04  1.56711910e-03
 8.22000000e+04  1.52320215e-03
 8.26000000e+04  1.48739174e-03
 8.30000000e+04  1.47196344e-03
 8.34000000e+04  1.45659986e-03
 8.38000000e+04  1.47242055e-03
 8.42000000e+04  1.49570813e-03
 8.46000000e+04  1.52598782e-03
 8.50000000e+04  1.56803814e-03
 8.54000000e+04  1.61102519e-03
 8.58000000e+04  1.59840024e-03
 8.62000000e+04  1.54988769e-03
 8.66000000e+04  1.47729074e-03
 8.70000000e+04  1.34810003e-03
 8.74000000e+04  1.22097374e-03
 8.78000000e+04  1.11789809e-03
 8.82000000e+04  1.02286626e-03
 8.86000000e+04  9.32664007e-04
 8.90000000e+04  8.52145453e-04
 8.94000000e+04  7.73240245e-04
 8.98000000e+04  7.24054697e-04
 9.02000000e+04  6.85101213e-04
 9.06000000e+04  6.54465728e-04
 9.10000000e+04  6.43785401e-04
 9.14000000e+04  6.33653845e-04
 9.18000000e+04  6.27666011e-04
 9.22000000e+04  6.25523192e-04
 9.26000000e+04  6.18814518e-04
 9.30000000e+04  5.98913635e-04
 9.34000000e+04  5.79221807e-04
 9.38000000e+04  5.64565002e-04
 9.42000000e+04  5.50867842e-04
 9.46000000e+04  5.41176508e-04
 9.50000000e+04  5.42247918e-04
 9.54000000e+04  5.43213996e-04
 9.58000000e+04  5.44619895e-04
 9.62000000e+04  5.46045895e-04
 9.66000000e+04  5.45801059e-04
 9.70000000e+04  5.36130631e-04
 9.74000000e+04  5.26467841e-04
 9.78000000e+04  5.15223064e-04
 9.82000000e+04  5.03419868e-04
 9.86000000e+04  4.96431381e-04
 9.90000000e+04  4.98726972e-04
 9.94000000e+04  5.00846072e-04
 9.98000000e+04  5.04362226e-04
 1.00000000e+05  5.06131559e-04
 1.00900000e+05  4.84265554e-04
 1.01900000e+05  4.45727367e-04
 1.02800000e+05  4.49787467e-04
 1.03800000e+05  4.85062779e-04
 1.04700000e+05  5.13488305e-04
 1.05700000e+05  5.08770484e-04
 1.06700000e+05  5.06431876e-04
 1.07600000e+05  4.98689985e-04
 1.08600000e+05  5.01098547e-04
 1.09600000e+05  6.02961674e-04
 1.10700000e+05  8.59756281e-04
 1.11700000e+05  1.23947757e-03
 1.12700000e+05  1.50642504e-03
 1.13800000e+05  1.29628078e-03
 1.14800000e+05  1.01388812e-03
 1.15900000e+05  8.27972599e-04
 1.16900000e+05  7.38181225e-04
 1.18000000e+05  7.21170936e-04
 1.19100000e+05  7.31520393e-04
 1.20200000e+05  7.18365571e-04
 1.21300000e+05  6.98693041e-04
 1.22500000e+05  7.22170383e-04
 1.23600000e+05  7.63457650e-04
 1.24700000e+05  8.13542137e-04
 1.25900000e+05  9.60849923e-04
 1.27100000e+05  1.13461048e-03
 1.28200000e+05  1.13052103e-03
 1.29400000e+05  7.87989517e-04
 1.30600000e+05  5.92921781e-04
 1.31800000e+05  5.55470281e-04
 1.33000000e+05  5.39417225e-04
 1.34300000e+05  5.31175612e-04
 1.35500000e+05  4.99026887e-04
 1.36800000e+05  4.66256623e-04
 1.38000000e+05  4.49769778e-04
 1.39300000e+05  4.44302975e-04
 1.40600000e+05  4.34158553e-04
 1.41900000e+05  4.21741859e-04
 1.43200000e+05  4.09424868e-04
 1.44500000e+05  3.51046946e-04
 1.45900000e+05  3.24185397e-04
 1.47200000e+05  3.39450393e-04
 1.48600000e+05  3.36432877e-04
 1.50000000e+05  3.50382391e-04
 1.51400000e+05  3.43253516e-04
 1.52800000e+05  3.31862038e-04
 1.54200000e+05  4.05305267e-04
 1.55600000e+05  4.62650817e-04
 1.57000000e+05  3.68795723e-04
 1.58500000e+05  3.32540222e-04
 1.60000000e+05  4.19927498e-04
 1.61400000e+05  4.23624967e-04
 1.62900000e+05  4.27002421e-04
 1.64400000e+05  4.30894070e-04
 1.66000000e+05  4.34514350e-04
 1.67500000e+05  4.37979446e-04
 1.69000000e+05  4.41705459e-04
 1.70600000e+05  4.45083717e-04
 1.72200000e+05  4.48995468e-04
 1.73800000e+05  4.52408300e-04
 1.75400000e+05  4.55959430e-04
 1.77000000e+05  4.59479604e-04
 1.78600000e+05  4.62803990e-04
 1.80300000e+05  4.66793735e-04
 1.82000000e+05  4.70176817e-04
 1.83700000e+05  4.73896800e-04
 1.85400000e+05  4.78771011e-04
 1.87100000e+05  4.83192134e-04
 1.88800000e+05  4.85753466e-04
 1.90500000e+05  4.88088858e-04
 1.92300000e+05  4.91568829e-04
 1.94100000e+05  4.95182676e-04
 1.95900000e+05  4.99025680e-04
 1.97700000e+05  5.02867076e-04
 1.99500000e+05  5.06722141e-04
 2.01400000e+05  5.10697413e-04
 2.03200000e+05  5.14627256e-04
 2.05100000e+05  5.18819222e-04
 2.07000000e+05  5.22968171e-04
 2.08900000e+05  5.27340648e-04
 2.10900000e+05  5.31709910e-04
 2.12800000e+05  5.36018464e-04
 2.14800000e+05  5.40544919e-04
 2.16800000e+05  5.45033182e-04
 2.18800000e+05  5.49744570e-04
 2.20800000e+05  5.54399675e-04
 2.22800000e+05  5.59084530e-04
 2.24900000e+05  5.64119552e-04
 2.27000000e+05  5.68974868e-04
 2.29100000e+05  5.74194422e-04
 2.31200000e+05  5.79183614e-04
 2.33300000e+05  5.84338040e-04
 2.35500000e+05  5.89691872e-04
 2.37700000e+05  5.95054147e-04
 2.39900000e+05  6.00487582e-04
 2.42100000e+05  6.05814076e-04
 2.44300000e+05  6.11272437e-04
 2.46600000e+05  6.16943069e-04
 2.48900000e+05  6.22591187e-04
 2.51200000e+05  6.28291168e-04
 2.53500000e+05  6.33961800e-04
 2.55900000e+05  6.39974158e-04
 2.58200000e+05  6.45718361e-04
 2.60600000e+05  6.51667600e-04
 2.63000000e+05  6.57687596e-04
 2.65500000e+05  6.64095149e-04
 2.67900000e+05  6.70034337e-04
 2.70400000e+05  6.76451941e-04
 2.72900000e+05  6.82889244e-04
 2.75400000e+05  6.89277500e-04
 2.78000000e+05  6.95979339e-04
 2.80500000e+05  7.02508305e-04
 2.83100000e+05  7.09201701e-04
 2.85800000e+05  7.16217123e-04
 2.88400000e+05  7.22928209e-04
 2.91100000e+05  7.29953280e-04
 2.93800000e+05  7.36945385e-04
 2.96500000e+05  7.43962013e-04
 2.99200000e+05  7.53195032e-04
 3.02000000e+05  7.62807568e-04
 3.04800000e+05  7.67685799e-04
 3.07600000e+05  7.72189740e-04
 3.10500000e+05  7.76321804e-04
 3.13300000e+05  7.79904293e-04
 3.16200000e+05  7.83174404e-04
 3.19200000e+05  7.86118871e-04
 3.22100000e+05  7.88620704e-04
 3.25100000e+05  7.90703621e-04
 3.28100000e+05  7.92649446e-04
 3.31100000e+05  7.95123940e-04
 3.34200000e+05  7.97406666e-04
 3.37300000e+05  7.97163438e-04
 3.40400000e+05  7.95739448e-04
 3.43600000e+05  7.94999311e-04
 3.46700000e+05  7.94493557e-04
 3.49900000e+05  7.93549993e-04
 3.53200000e+05  7.92230128e-04
 3.56500000e+05  7.90574569e-04
 3.59700000e+05  7.88781114e-04
 3.63100000e+05  7.86528540e-04
 3.66400000e+05  7.84011833e-04
 3.69800000e+05  7.81088673e-04
 3.73300000e+05  7.78033647e-04
 3.76700000e+05  7.74628856e-04
 3.80200000e+05  7.71324170e-04
 3.83700000e+05  7.67295830e-04
 3.87300000e+05  7.63662686e-04
 3.90800000e+05  7.59176032e-04
 3.94500000e+05  7.54981251e-04
 3.98100000e+05  7.50258606e-04
 4.01800000e+05  7.45602295e-04
 4.05500000e+05  7.40732909e-04
 4.09300000e+05  7.35929455e-04
 4.13000000e+05  7.30671708e-04
 4.16900000e+05  7.25333152e-04
 4.20700000e+05  7.20230186e-04
 4.24600000e+05  7.15029929e-04
 4.28500000e+05  7.09614988e-04
 4.32500000e+05  7.04122857e-04
 4.36500000e+05  6.98711132e-04
 4.40600000e+05  6.93229454e-04
 4.44600000e+05  6.87713201e-04
 4.48700000e+05  6.82137850e-04
 4.52900000e+05  6.76964931e-04
 4.57100000e+05  6.71468378e-04
 4.61300000e+05  6.66005193e-04
 4.65600000e+05  6.60494569e-04
 4.69900000e+05  6.55500955e-04
 4.74200000e+05  6.50204613e-04
 4.78600000e+05  6.45092401e-04
 4.83100000e+05  6.39880083e-04
 4.87500000e+05  6.35056125e-04
 4.92000000e+05  6.30217695e-04
 4.96600000e+05  6.25583898e-04
 5.01200000e+05  6.20930402e-04
 5.05800000e+05  6.16546265e-04
 5.10500000e+05  6.12292387e-04
 5.15200000e+05  6.08736030e-04
 5.20000000e+05  6.04418229e-04
 5.24800000e+05  6.00167566e-04
 5.29700000e+05  5.95745237e-04
 5.34600000e+05  5.92028872e-04
 5.39500000e+05  5.88398944e-04
 5.44500000e+05  5.85087423e-04
 5.49500000e+05  5.81625142e-04
 5.54600000e+05  5.78464382e-04
 5.59800000e+05  5.75361113e-04
 5.64900000e+05  5.72544090e-04
 5.70200000e+05  5.69957831e-04
 5.75400000e+05  5.67097790e-04
 5.80800000e+05  5.64282375e-04
 5.86100000e+05  5.61776120e-04
 5.91600000e+05  5.59327758e-04
 5.97000000e+05  5.57222729e-04
 6.02600000e+05  5.55025233e-04
 6.08100000e+05  5.52852664e-04
 6.13800000e+05  5.50867038e-04
 6.19400000e+05  5.48901514e-04
 6.25200000e+05  5.47109264e-04
 6.31000000e+05  5.45289677e-04
 6.36800000e+05  5.43649797e-04
 6.42700000e+05  5.41963281e-04
 6.48600000e+05  5.40249829e-04
 6.54600000e+05  5.38738197e-04
 6.60700000e+05  5.37004644e-04
 6.66800000e+05  5.35576232e-04
 6.73000000e+05  5.33928311e-04
 6.79200000e+05  5.32479797e-04
 6.85500000e+05  5.30863637e-04
 6.91800000e+05  5.29261949e-04
 6.98200000e+05  5.27804591e-04
 7.04700000e+05  5.26205718e-04
 7.11200000e+05  5.24535284e-04
 7.17800000e+05  5.22816204e-04
 7.24400000e+05  5.21272409e-04
 7.31100000e+05  5.19478551e-04
 7.37900000e+05  5.17639264e-04
 7.44700000e+05  5.15779876e-04
 7.51600000e+05  5.13877470e-04
 7.58600000e+05  5.11823901e-04
 7.65600000e+05  5.09794856e-04
 7.72700000e+05  5.07623493e-04
 7.79800000e+05  5.05446903e-04
 7.87000000e+05  5.03069700e-04
 7.94300000e+05  5.00669581e-04
 8.01700000e+05  4.98131968e-04
 8.09100000e+05  4.95506712e-04
 8.16600000e+05  4.92820751e-04
 8.24100000e+05  4.90026240e-04
 8.31800000e+05  4.87139264e-04
 8.39500000e+05  4.84140522e-04
 8.47200000e+05  4.81023182e-04
 8.55100000e+05  4.77717692e-04
 8.63000000e+05  4.74476527e-04
 8.71000000e+05  4.71241392e-04
 8.79000000e+05  4.68085859e-04
 8.87200000e+05  4.64422562e-04
 8.95400000e+05  4.60317033e-04
 9.03600000e+05  4.56304372e-04
 9.12000000e+05  4.52285681e-04
 9.20400000e+05  4.48239652e-04
 9.29000000e+05  4.44050500e-04
 9.37600000e+05  4.39747975e-04
 9.46200000e+05  4.35433390e-04
 9.55000000e+05  4.30929449e-04
 9.63800000e+05  4.26425910e-04
 9.72700000e+05  4.21849603e-04
 9.81700000e+05  4.17098011e-04
 9.90800000e+05  4.12290135e-04
 1.00000000e+06  4.07432006e-04
 1.00900000e+06  4.02676394e-04
 1.01900000e+06  3.97243683e-04
 1.02800000e+06  3.92409353e-04
 1.03800000e+06  3.87033369e-04
 1.04700000e+06  3.82135599e-04
 1.05700000e+06  3.76728739e-04
 1.06700000e+06  3.71363690e-04
 1.07600000e+06  3.66449316e-04
 1.08600000e+06  3.61069995e-04
 1.09600000e+06  3.55649787e-04
 1.10700000e+06  3.49732831e-04
 1.11700000e+06  3.44342012e-04
 1.12700000e+06  3.39003657e-04
 1.13800000e+06  3.33212657e-04
 1.14800000e+06  3.27911652e-04
 1.15900000e+06  3.22186464e-04
 1.16900000e+06  3.17005585e-04
 1.18000000e+06  3.11349506e-04
 1.19100000e+06  3.05700061e-04
 1.20200000e+06  3.00136409e-04
 1.21300000e+06  2.94655012e-04
 1.22500000e+06  2.88768651e-04
 1.23600000e+06  2.83366414e-04
 1.24700000e+06  2.78045829e-04
 1.25900000e+06  2.72371378e-04
 1.27100000e+06  2.66730978e-04
 1.28200000e+06  2.61660657e-04
 1.29400000e+06  2.56201412e-04
 1.30600000e+06  2.50774330e-04
 1.31800000e+06  2.45501225e-04
 1.33000000e+06  2.40317531e-04
 1.34300000e+06  2.34753759e-04
 1.35500000e+06  2.29754315e-04
 1.36800000e+06  2.24395900e-04
 1.38000000e+06  2.19570696e-04
 1.39300000e+06  2.14460896e-04
 1.40600000e+06  2.09448467e-04
 1.41900000e+06  2.04530676e-04
 1.43200000e+06  1.99704789e-04
 1.44500000e+06  1.94968314e-04
 1.45900000e+06  1.90008551e-04
 1.47200000e+06  1.85501233e-04
 1.48600000e+06  1.80782969e-04
 1.50000000e+06  1.76114357e-04
 1.51400000e+06  1.71632527e-04
 1.52800000e+06  1.67239747e-04
 1.54200000e+06  1.62934408e-04
 1.55600000e+06  1.58761097e-04
 1.57000000e+06  1.54671005e-04
 1.58500000e+06  1.50415598e-04
 1.60000000e+06  1.46282691e-04
 1.61400000e+06  1.42499066e-04
 1.62900000e+06  1.38577264e-04
 1.64400000e+06  1.34774865e-04
 1.66000000e+06  1.30814308e-04
 1.67500000e+06  1.27243920e-04
 1.69000000e+06  1.23742280e-04
 1.70600000e+06  1.20130201e-04
 1.72200000e+06  1.16630491e-04
 1.73800000e+06  1.13203708e-04
 1.75400000e+06  1.09916390e-04
 1.77000000e+06  1.06728775e-04
 1.78600000e+06  1.03637205e-04
 1.80300000e+06  1.00429408e-04
 1.82000000e+06  9.73546431e-05
 1.83700000e+06  9.43759631e-05
 1.85400000e+06  9.14896294e-05
 1.87100000e+06  8.86921444e-05
 1.88800000e+06  8.60096399e-05
 1.90500000e+06  8.33793591e-05
 1.92300000e+06  8.07157098e-05
 1.94100000e+06  7.81362053e-05
 1.95900000e+06  7.56647665e-05
 1.97700000e+06  7.32430589e-05
 1.99500000e+06  7.09225823e-05
 2.01400000e+06  6.85791900e-05
 2.03200000e+06  6.64280485e-05
 2.05100000e+06  6.42289046e-05
 2.07000000e+06  6.20961358e-05
 2.08900000e+06  6.00535021e-05
 2.10900000e+06  5.79965964e-05
 2.12800000e+06  5.61055682e-05
 2.14800000e+06  5.41988207e-05
 2.16800000e+06  5.23526188e-05
 2.18800000e+06  5.05645103e-05
 2.20800000e+06  4.88755022e-05
 2.22800000e+06  4.72174906e-05
 2.24900000e+06  4.55699317e-05
 2.27000000e+06  4.39749986e-05
 2.29100000e+06  4.24506217e-05
 2.31200000e+06  4.09742070e-05
 2.33300000e+06  3.95630779e-05
 2.35500000e+06  3.81442097e-05
 2.37700000e+06  3.67708031e-05
 2.39900000e+06  3.54594579e-05
 2.42100000e+06  3.42074362e-05
 2.44300000e+06  3.29945481e-05
 2.46600000e+06  3.17935239e-05
 2.48900000e+06  3.06310463e-05
 2.51200000e+06  2.95223000e-05
 2.53500000e+06  2.84485745e-05
 2.55900000e+06  2.73870989e-05
 2.58200000e+06  2.63961836e-05
 2.60600000e+06  2.54318384e-05
 2.63000000e+06  2.44829031e-05
 2.65500000e+06  2.35462216e-05
 2.67900000e+06  2.26863278e-05
 2.70400000e+06  2.18369391e-05
 2.72900000e+06  2.10147356e-05
 2.75400000e+06  2.02325261e-05
 2.78000000e+06  1.94473094e-05
 2.80500000e+06  1.87276718e-05
 2.83100000e+06  1.80175743e-05
 2.85800000e+06  1.73051009e-05
 2.88400000e+06  1.66528516e-05
 2.91100000e+06  1.60100298e-05
 2.93800000e+06  1.53879247e-05
 2.96500000e+06  1.47976965e-05
 2.99200000e+06  1.42261708e-05
 3.02000000e+06  1.36635701e-05
 3.04800000e+06  1.31304784e-05
 3.07600000e+06  1.26255690e-05
 3.10500000e+06  1.21179218e-05
 3.13300000e+06  1.16556799e-05
 3.16200000e+06  1.11902377e-05
 3.19200000e+06  1.07329810e-05
 3.22100000e+06  1.03174147e-05
 3.25100000e+06  9.90382640e-06
 3.28100000e+06  9.50943504e-06
 3.31100000e+06  9.13341645e-06
 3.34200000e+06  8.76216995e-06
 3.37300000e+06  8.40944095e-06
 3.40400000e+06  8.07168354e-06
 3.43600000e+06  7.74107423e-06
 3.46700000e+06  7.43427715e-06
 3.49900000e+06  7.13301602e-06
 3.53200000e+06  6.83752403e-06
 3.56500000e+06  6.55584578e-06
 3.59700000e+06  6.29493237e-06
 3.63100000e+06  6.03151030e-06
 3.66400000e+06  5.78773141e-06
 3.69800000e+06  5.54942817e-06
 3.73300000e+06  5.31519347e-06
 3.76700000e+06  5.09879282e-06
 3.80200000e+06  4.88667379e-06
 3.83700000e+06  4.68427183e-06
 3.87300000e+06  4.48673844e-06
 3.90800000e+06  4.30405604e-06
 3.94500000e+06  4.12023187e-06
 3.98100000e+06  3.94976475e-06
 4.01800000e+06  3.78348236e-06
 4.05500000e+06  3.62514729e-06
 4.09300000e+06  3.47082288e-06
 4.13000000e+06  3.32746865e-06
 4.16900000e+06  3.18436248e-06
 4.20700000e+06  3.05157843e-06
 4.24600000e+06  2.92164035e-06
 4.28500000e+06  2.79877156e-06
 4.32500000e+06  2.67859999e-06
 4.36500000e+06  2.56400256e-06
 4.40600000e+06  2.45307647e-06
 4.44600000e+06  2.35003620e-06
 4.48700000e+06  2.24978361e-06
 4.52900000e+06  2.15232432e-06
 4.57100000e+06  2.05956033e-06
 4.61300000e+06  1.97128823e-06
 4.65600000e+06  1.88601165e-06
 4.69900000e+06  1.80446511e-06
 4.74200000e+06  1.72742612e-06
 4.78600000e+06  1.65216169e-06
 4.83100000e+06  1.57958806e-06
 4.87500000e+06  1.51178973e-06
 4.92000000e+06  1.44643655e-06
 4.96600000e+06  1.38263641e-06
 5.01200000e+06  1.32218076e-06
 5.05800000e+06  1.26491923e-06
 5.10500000e+06  1.20942865e-06
 5.15200000e+06  1.15693279e-06
 5.20000000e+06  1.10570332e-06
 5.24800000e+06  1.05729248e-06
 5.29700000e+06  1.01043991e-06
 5.34600000e+06  9.65856804e-07
 5.39500000e+06  9.23804072e-07
 5.44500000e+06  8.82777319e-07
 5.49500000e+06  8.44129780e-07
 5.54600000e+06  8.06777581e-07
 5.59800000e+06  7.70365329e-07
 5.64900000e+06  7.36730299e-07
 5.70200000e+06  7.03676604e-07
 5.75400000e+06  6.72896388e-07
 5.80800000e+06  6.42346536e-07
 5.86100000e+06  6.14237810e-07
 5.91600000e+06  5.86331706e-07
 5.97000000e+06  5.60417661e-07
 6.02600000e+06  5.35268679e-07
 6.08100000e+06  5.11399760e-07
 6.13800000e+06  4.88257711e-07
 6.19400000e+06  4.66576237e-07
 6.25200000e+06  4.45573791e-07
 6.31000000e+06  4.25525765e-07
 6.36800000e+06  4.06390346e-07
 6.42700000e+06  3.88007648e-07
 6.48600000e+06  3.70723457e-07
 6.54600000e+06  3.54134335e-07
 6.60700000e+06  3.37981617e-07
 6.66800000e+06  3.22594685e-07
 6.73000000e+06  3.08080962e-07
 6.79200000e+06  2.94040911e-07
 6.85500000e+06  2.80822368e-07
 6.91800000e+06  2.68034279e-07
 6.98200000e+06  2.56018489e-07
 7.04700000e+06  2.44323880e-07
 7.11200000e+06  2.33219974e-07
 7.17800000e+06  2.22414535e-07
 7.24400000e+06  2.12363506e-07
 7.31100000e+06  2.02778951e-07
 7.37900000e+06  1.93434208e-07
 7.44700000e+06  1.84642135e-07
 7.51600000e+06  1.76181375e-07
 7.58600000e+06  1.68062059e-07
 7.65600000e+06  1.60388433e-07
 7.72700000e+06  1.53030200e-07
 7.79800000e+06  1.46050599e-07
 7.87000000e+06  1.39363353e-07
 7.94300000e+06  1.32960142e-07
 8.01700000e+06  1.26799918e-07
 8.09100000e+06  1.20986445e-07
 8.16600000e+06  1.15396822e-07
 8.24100000e+06  1.10129184e-07
 8.31800000e+06  1.04996629e-07
 8.39500000e+06  1.00152490e-07
 8.47200000e+06  9.55689467e-08
 8.55100000e+06  9.11196815e-08
 8.63000000e+06  8.69155339e-08
 8.71000000e+06  8.28985313e-08
 8.79000000e+06  7.90808551e-08
 8.87200000e+06  7.53928335e-08
 8.95400000e+06  7.19049022e-08
 9.03600000e+06  6.85949496e-08
 9.12000000e+06  6.54013043e-08
 9.20400000e+06  6.23867230e-08
 9.29000000e+06  5.94566083e-08
 9.37600000e+06  5.66948235e-08
 9.46200000e+06  5.40819908e-08
 9.55000000e+06  5.15435738e-08
 9.63800000e+06  4.91564407e-08
 9.72700000e+06  4.68706191e-08
 9.81700000e+06  4.46828527e-08
 9.90800000e+06  4.26008201e-08
 1.00000000e+07  4.06102493e-08
 1.00900000e+07  3.87560832e-08
 1.01900000e+07  3.68219132e-08
 1.02800000e+07  3.51780008e-08
 1.03800000e+07  3.34520903e-08
 1.04700000e+07  3.19837483e-08
 1.05700000e+07  3.04406811e-08
 1.06700000e+07  2.89848302e-08
 1.07600000e+07  2.77444432e-08
 1.08600000e+07  2.64390963e-08
 1.09600000e+07  2.52057247e-08
 1.10700000e+07  2.39267550e-08
 1.11700000e+07  2.28301259e-08
 1.12700000e+07  2.17924384e-08
 1.13800000e+07  2.07147167e-08
 1.14800000e+07  1.97892760e-08
 1.15900000e+07  1.88271822e-08
 1.16900000e+07  1.80002267e-08
 1.18000000e+07  1.71396777e-08
 1.19100000e+07  1.63273681e-08
 1.20200000e+07  1.55601986e-08
 1.21300000e+07  1.48353024e-08
 1.22500000e+07  1.40895892e-08
 1.23600000e+07  1.34446970e-08
 1.24700000e+07  1.28344196e-08
 1.25900000e+07  1.22056769e-08
 1.27100000e+07  1.16130486e-08
 1.28200000e+07  1.10995036e-08
 1.29400000e+07  1.05696241e-08
 1.30600000e+07  1.00694225e-08
 1.31800000e+07  9.59700118e-09
 1.33000000e+07  9.15058714e-09
 1.34300000e+07  8.69442389e-09
 1.35500000e+07  8.29707358e-09
 1.36800000e+07  7.89062937e-09
 1.38000000e+07  7.53622792e-09
 1.39300000e+07  7.17334767e-09
 1.40600000e+07  6.83098300e-09
 1.41900000e+07  6.50780320e-09
 1.43200000e+07  6.20257806e-09
 1.44500000e+07  5.91416581e-09
 1.45900000e+07  5.62115433e-09
 1.47200000e+07  5.36436978e-09
 1.48600000e+07  5.10321515e-09
 1.50000000e+07  4.85699594e-09
 1.51400000e+07  4.62473521e-09
 1.52800000e+07  4.40552437e-09
 1.54200000e+07  4.19852720e-09
 1.55600000e+07  4.00296376e-09
 1.57000000e+07  3.81810678e-09
 1.58500000e+07  3.63117453e-09
 1.60000000e+07  3.45499737e-09
 1.61400000e+07  3.29964778e-09
 1.62900000e+07  3.14231176e-09
 1.64400000e+07  2.99380030e-09
 1.66000000e+07  2.84447713e-09
 1.67500000e+07  2.71245131e-09
 1.69000000e+07  2.58764474e-09
 1.70600000e+07  2.46195651e-09
 1.72200000e+07  2.34345457e-09
 1.73800000e+07  2.23166854e-09
 1.75400000e+07  2.12616262e-09
 1.77000000e+07  2.02653116e-09
 1.78600000e+07  1.93240068e-09
 1.80300000e+07  1.83802656e-09
 1.82000000e+07  1.74908347e-09
 1.83700000e+07  1.66521319e-09
 1.85400000e+07  1.58608325e-09
 1.87100000e+07  1.51138890e-09
 1.88800000e+07  1.44084512e-09
 1.90500000e+07  1.37418534e-09
 1.92300000e+07  1.30756697e-09
 1.94100000e+07  1.24476024e-09
 1.95900000e+07  1.18551510e-09
 1.97700000e+07  1.12960038e-09
 1.99500000e+07  1.07680179e-09
 2.01400000e+07  1.02422954e-09
 2.03200000e+07  9.77225407e-10
 2.05100000e+07  9.30374447e-10
 2.07000000e+07  8.86180101e-10
 2.08900000e+07  8.44468691e-10
 2.10900000e+07  8.03068855e-10
 2.12800000e+07  7.65966317e-10
 2.14800000e+07  7.29102987e-10
 2.16800000e+07  6.94340263e-10
 2.18800000e+07  6.61541455e-10
 2.20800000e+07  6.30579522e-10
 2.22800000e+07  6.01335463e-10
 2.24900000e+07  5.72359960e-10
 2.27000000e+07  5.45041624e-10
 2.29100000e+07  5.19269898e-10
 2.31200000e+07  4.94946685e-10
 2.33300000e+07  4.71977107e-10
 2.35500000e+07  4.49272065e-10
 2.37700000e+07  4.27865579e-10
 2.39900000e+07  4.07672822e-10
 2.42100000e+07  3.88614754e-10
 2.44300000e+07  3.70618246e-10
 2.46600000e+07  3.52864001e-10
 2.48900000e+07  3.36124239e-10
 2.51200000e+07  3.20331659e-10
 2.53500000e+07  3.05424992e-10
 2.55900000e+07  2.90752307e-10
 2.58200000e+07  2.77483349e-10
 2.60600000e+07  2.64407808e-10
 2.63000000e+07  2.52069349e-10
 2.65500000e+07  2.39950277e-10
 2.67900000e+07  2.28972126e-10
 2.70400000e+07  2.18177823e-10
 2.72900000e+07  2.07993440e-10
 2.75400000e+07  1.98379699e-10
 2.78000000e+07  1.88947474e-10
 2.80500000e+07  1.80387653e-10
 2.83100000e+07  1.71980122e-10
 2.85800000e+07  1.63747876e-10
 2.88400000e+07  1.56270240e-10
 2.91100000e+07  1.48940269e-10
 2.93800000e+07  1.42025274e-10
 2.96500000e+07  1.35499404e-10
 2.99200000e+07  1.29335963e-10
 3.02000000e+07  1.23302258e-10
 3.04800000e+07  1.17610238e-10
 3.07600000e+07  1.12237067e-10
 3.10500000e+07  1.06986034e-10
 3.13300000e+07  1.02199667e-10
 3.16200000e+07  9.75172240e-11
 3.19200000e+07  9.29486765e-11
 3.22100000e+07  8.87803095e-11
 3.25100000e+07  8.47091535e-11
 3.28100000e+07  8.08657071e-11
 3.31100000e+07  7.72362211e-11
 3.34200000e+07  7.36952621e-11
 3.37300000e+07  7.03534285e-11
 3.40400000e+07  6.71980162e-11
 3.43600000e+07  6.41239346e-11
 3.46700000e+07  6.13108910e-11
 3.49900000e+07  5.85674387e-11
 3.53200000e+07  5.58972363e-11
 3.56500000e+07  5.33773127e-11
 3.59700000e+07  5.10687363e-11
 3.63100000e+07  4.87521996e-11
 3.66400000e+07  4.66286775e-11
 3.69800000e+07  4.45611582e-11
 3.73300000e+07  4.25522548e-11
 3.76700000e+07  4.07093094e-11
 3.80200000e+07  3.89180289e-11
 3.83700000e+07  3.72241924e-11
 3.87300000e+07  3.55790698e-11
 3.90800000e+07  3.40677549e-11
 3.94500000e+07  3.25586391e-11
 3.98100000e+07  3.11709886e-11
 4.01800000e+07  2.98229822e-11
 4.05500000e+07  2.85497936e-11
 4.09300000e+07  2.73136199e-11
 4.13000000e+07  2.61756863e-11
 4.16900000e+07  2.50418131e-11
 4.20700000e+07  2.39983927e-11
 4.24600000e+07  2.29846461e-11
 4.28500000e+07  2.20273364e-11
 4.32500000e+07  2.10979518e-11
 4.36500000e+07  2.02195325e-11
 4.40600000e+07  1.93687165e-11
 4.44600000e+07  1.85830536e-11
 4.48700000e+07  1.78216491e-11
 4.52900000e+07  1.70833895e-11
 4.57100000e+07  1.63857630e-11
 4.61300000e+07  1.57257143e-11
 4.65600000e+07  1.50857510e-11
 4.69900000e+07  1.44807844e-11
 4.74200000e+07  1.39079360e-11
 4.78600000e+07  1.33530140e-11
 4.83100000e+07  1.28156689e-11
 4.87500000e+07  1.23188041e-11
 4.92000000e+07  1.18371039e-11
 4.96600000e+07  1.13709743e-11
 5.01200000e+07  1.09299998e-11
 5.05800000e+07  1.05115750e-11
 5.10500000e+07  1.01072937e-11
 5.15200000e+07  9.72388584e-12
 5.20000000e+07  9.35263533e-12
 5.24800000e+07  9.00128931e-12
 5.29700000e+07  8.66115591e-12
 5.34600000e+07  8.33873997e-12
 5.39500000e+07  8.03344246e-12
 5.44500000e+07  7.73751225e-12
 5.49500000e+07  7.45670238e-12
 5.54600000e+07  7.18542867e-12
 5.59800000e+07  6.92293528e-12
 5.64900000e+07  6.67875437e-12
 5.70200000e+07  6.43777361e-12
 5.75400000e+07  6.21342080e-12
 5.80800000e+07  5.99244505e-12
 5.86100000e+07  5.78632833e-12
 5.91600000e+07  5.58313034e-12
 5.97000000e+07  5.39366972e-12
 6.02600000e+07  5.20713185e-12
 6.08100000e+07  5.03276745e-12
 6.13800000e+07  4.86140621e-12
 6.19400000e+07  4.70116914e-12
 6.25200000e+07  4.54359753e-12
 6.31000000e+07  4.39370469e-12
 6.36800000e+07  4.25085542e-12
 6.42700000e+07  4.11289885e-12
 6.48600000e+07  3.98160391e-12
 6.54600000e+07  3.85430194e-12
 6.60700000e+07  3.73136159e-12
 6.66800000e+07  3.61414454e-12
 6.73000000e+07  3.50081351e-12
 6.79200000e+07  3.39282344e-12
 6.85500000e+07  3.28807977e-12
 6.91800000e+07  3.18858018e-12
 6.98200000e+07  3.09207892e-12
 7.04700000e+07  2.99852495e-12
 7.11200000e+07  2.90951030e-12
 7.17800000e+07  2.82318201e-12
 7.24400000e+07  2.74056245e-12
 7.31100000e+07  2.66093560e-12
 7.37900000e+07  2.58365137e-12
 7.44700000e+07  2.50979084e-12
 7.51600000e+07  2.43820539e-12
 7.58600000e+07  2.36883392e-12
 7.65600000e+07  2.30276552e-12
 7.72700000e+07  2.23845923e-12
 7.79800000e+07  2.17705800e-12
 7.87000000e+07  2.11749888e-12
 7.94300000e+07  2.05987110e-12
 8.01700000e+07  2.00388884e-12
 8.09100000e+07  1.95032920e-12
 8.16600000e+07  1.89834392e-12
 8.24100000e+07  1.84846607e-12
 8.31800000e+07  1.79951772e-12
 8.39500000e+07  1.75279622e-12
 8.47200000e+07  1.70786576e-12
 8.55100000e+07  1.66368990e-12
 8.63000000e+07  1.62136098e-12
 8.71000000e+07  1.58018306e-12
 8.79000000e+07  1.54080543e-12
 8.87200000e+07  1.50203327e-12
 8.95400000e+07  1.46483223e-12
 9.03600000e+07  1.42911268e-12
 9.12000000e+07  1.39399335e-12
 9.20400000e+07  1.36026746e-12
 9.29000000e+07  1.32708230e-12
 9.37600000e+07  1.29522545e-12
 9.46200000e+07  1.26460404e-12
 9.55000000e+07  1.23449562e-12
 9.63800000e+07  1.20552212e-12
 9.72700000e+07  1.17733460e-12
 9.81700000e+07  1.14993184e-12
 9.90800000e+07  1.12327806e-12
 1.00000000e+08  1.09733506e-12
