# Wavelength Flux
 9.10000000e+01  1.41323187e-13
 9.40000000e+01  1.50794909e-13
 9.60000000e+01  1.57280035e-13
 9.80000000e+01  1.63901703e-13
 1.00000000e+02  1.70659915e-13
 1.02000000e+02  1.77554670e-13
 1.04000000e+02  1.84585968e-13
 1.06000000e+02  1.91753809e-13
 1.08000000e+02  1.99058142e-13
 1.10000000e+02  2.06499069e-13
 1.14000000e+02  2.21790501e-13
 1.18000000e+02  2.37628054e-13
 1.21000000e+02  2.49864671e-13
 1.25000000e+02  2.66658025e-13
 1.27000000e+02  2.75259517e-13
 1.28000000e+02  2.79611441e-13
 1.31000000e+02  2.92872130e-13
 1.32000000e+02  2.97360597e-13
 1.34000000e+02  3.06439990e-13
 1.37000000e+02  3.20315123e-13
 1.40000000e+02  3.34497427e-13
 1.43000000e+02  3.48987004e-13
 1.47000000e+02  3.68784358e-13
 1.51000000e+02  3.89127885e-13
 1.55000000e+02  4.10017636e-13
 1.59000000e+02  4.31453559e-13
 1.62000000e+02  4.47888979e-13
 1.66000000e+02  4.70281581e-13
 1.70000000e+02  4.93228878e-13
 1.73000000e+02  5.10828580e-13
 1.77000000e+02  5.35061468e-13
 1.80000000e+02  5.54831296e-13
 1.82000000e+02  5.70565254e-13
 1.86000000e+02  6.12284231e-13
 1.91000000e+02  7.81013590e-13
 1.94000000e+02  1.12988326e-12
 1.98000000e+02  2.42625408e-12
 2.02000000e+02  5.32444736e-12
 2.05000000e+02  1.05952277e-11
 2.10000000e+02  3.73933335e-11
 2.16000000e+02  1.25568624e-10
 2.20000000e+02  1.76124170e-10
 2.23000000e+02  3.89126336e-10
 2.27000000e+02  8.95804812e-10
 2.30000000e+02  1.55279193e-09
 2.34000000e+02  4.65824410e-09
 2.40000000e+02  1.85016203e-08
 2.46000000e+02  4.90972043e-08
 2.52000000e+02  1.37320058e-07
 2.57000000e+02  1.51848728e-07
 2.60000000e+02  2.05298172e-07
 2.64000000e+02  5.07834961e-07
 2.69000000e+02  6.27258009e-07
 2.74000000e+02  9.70236291e-07
 2.79000000e+02  9.24784069e-07
 2.84000000e+02  1.58517908e-06
 2.90000000e+02  2.25363035e-06
 2.96000000e+02  2.81810229e-06
 3.01000000e+02  3.37574914e-06
 3.08000000e+02  3.32797145e-06
 3.18000000e+02  7.49283846e-06
 3.28000000e+02  1.16182732e-05
 3.38000000e+02  1.20491948e-05
 3.48000000e+02  1.16615497e-05
 3.57000000e+02  2.17153149e-05
 3.66000000e+02  2.39617483e-05
 3.75000000e+02  2.49083421e-05
 3.85000000e+02  2.18157236e-05
 3.95000000e+02  3.24538457e-05
 4.05000000e+02  3.65027461e-05
 4.14000000e+02  4.15352009e-05
 4.22000000e+02  3.69387286e-05
 4.30000000e+02  4.01232968e-05
 4.41000000e+02  4.46879882e-05
 4.51000000e+02  4.92401253e-05
 4.60000000e+02  5.23927318e-05
 4.70000000e+02  5.40426103e-05
 4.80000000e+02  5.66151876e-05
 4.90000000e+02  5.74028925e-05
 5.00000000e+02  6.29164138e-05
 5.06000000e+02  6.29160523e-05
 5.12000000e+02  6.35539937e-05
 5.20000000e+02  7.12851525e-05
 5.30000000e+02  7.41561208e-05
 5.40000000e+02  6.92592124e-05
 5.50000000e+02  7.36662905e-05
 5.60000000e+02  8.10583639e-05
 5.70000000e+02  8.17137604e-05
 5.80000000e+02  7.89148852e-05
 5.90000000e+02  8.77572900e-05
 6.00000000e+02  9.23588543e-05
 6.10000000e+02  8.15206170e-05
 6.20000000e+02  9.29290921e-05
 6.30000000e+02  9.42571854e-05
 6.40000000e+02  9.45586234e-05
 6.50000000e+02  9.10097940e-05
 6.58000000e+02  9.21144814e-05
 6.65000000e+02  9.48072826e-05
 6.75000000e+02  9.91710326e-05
 6.85000000e+02  9.40818071e-05
 6.95000000e+02  9.05151610e-05
 7.05000000e+02  1.05399133e-04
 7.16000000e+02  1.02953493e-04
 7.26000000e+02  1.03790775e-04
 7.35000000e+02  1.03742386e-04
 7.45000000e+02  1.04364834e-04
 7.55000000e+02  1.05147220e-04
 7.65000000e+02  1.04013148e-04
 7.75000000e+02  1.06330663e-04
 7.85000000e+02  8.74279134e-05
 7.95000000e+02  1.07890425e-04
 8.05000000e+02  1.08566065e-04
 8.15000000e+02  1.08044371e-04
 8.25000000e+02  1.08086563e-04
 8.35000000e+02  9.54341724e-05
 8.45000000e+02  1.09385014e-04
 8.55000000e+02  1.02401434e-04
 8.65000000e+02  1.10325064e-04
 8.75000000e+02  1.09872469e-04
 8.85000000e+02  1.11133065e-04
 8.95000000e+02  1.11569239e-04
 9.05000000e+02  1.10953349e-04
 9.15000000e+02  4.29297273e-04
 9.25000000e+02  4.40979764e-04
 9.35000000e+02  5.54880357e-04
 9.45000000e+02  5.93852462e-04
 9.55000000e+02  6.11238468e-04
 9.65000000e+02  6.35365901e-04
 9.75000000e+02  3.45299824e-04
 9.85000000e+02  5.63999411e-04
 9.95000000e+02  5.97924999e-04
 1.00500000e+03  6.23871286e-04
 1.01500000e+03  6.11366025e-04
 1.02500000e+03  4.60228932e-04
 1.03500000e+03  5.52552308e-04
 1.04500000e+03  6.70518518e-04
 1.05500000e+03  6.47807642e-04
 1.06500000e+03  6.05990544e-04
 1.07500000e+03  5.90063443e-04
 1.08500000e+03  5.25610351e-04
 1.09500000e+03  6.12829060e-04
 1.10500000e+03  5.88001353e-04
 1.11500000e+03  5.58923458e-04
 1.12500000e+03  4.33303966e-04
 1.13500000e+03  5.89724151e-04
 1.14500000e+03  5.63583172e-04
 1.15500000e+03  5.25553544e-04
 1.16500000e+03  5.30672878e-04
 1.17500000e+03  4.20772677e-04
 1.18500000e+03  5.25845325e-04
 1.19500000e+03  5.65353997e-04
 1.20500000e+03  7.73684469e-04
 1.21500000e+03  9.57178970e-04
 1.22500000e+03  8.29670236e-04
 1.23500000e+03  5.67978475e-04
 1.24500000e+03  5.13120996e-04
 1.25500000e+03  5.06974388e-04
 1.26500000e+03  4.88486019e-04
 1.27500000e+03  5.12026069e-04
 1.28500000e+03  4.99826119e-04
 1.29500000e+03  4.61318953e-04
 1.30500000e+03  4.63945755e-04
 1.31500000e+03  4.83934858e-04
 1.32500000e+03  4.67680291e-04
 1.33500000e+03  4.48060277e-04
 1.34500000e+03  4.55175236e-04
 1.35500000e+03  4.56293506e-04
 1.36500000e+03  4.33687567e-04
 1.37500000e+03  4.44189663e-04
 1.38500000e+03  4.16106766e-04
 1.39500000e+03  4.10362505e-04
 1.40500000e+03  4.53428476e-04
 1.41500000e+03  4.11596351e-04
 1.42500000e+03  4.00187618e-04
 1.43500000e+03  4.01937115e-04
 1.44200000e+03  4.10741769e-04
 1.44700000e+03  4.08562967e-04
 1.45500000e+03  4.03406192e-04
 1.46500000e+03  3.89698433e-04
 1.47500000e+03  3.87565128e-04
 1.48500000e+03  3.90444979e-04
 1.49500000e+03  3.91159248e-04
 1.50500000e+03  3.76873659e-04
 1.51200000e+03  3.54785541e-04
 1.51700000e+03  3.57197252e-04
 1.52500000e+03  3.53587174e-04
 1.53500000e+03  3.16762834e-04
 1.54500000e+03  2.36269544e-04
 1.55500000e+03  3.56738045e-04
 1.56500000e+03  3.00713391e-04
 1.57500000e+03  3.40775001e-04
 1.58500000e+03  3.27325506e-04
 1.59500000e+03  3.59050344e-04
 1.60500000e+03  3.42487470e-04
 1.61500000e+03  3.45244205e-04
 1.62500000e+03  3.25900428e-04
 1.63500000e+03  3.34453582e-04
 1.64500000e+03  3.45475254e-04
 1.65500000e+03  3.13872758e-04
 1.66500000e+03  3.46717414e-04
 1.67200000e+03  3.07039974e-04
 1.67700000e+03  4.02517320e-04
 1.68500000e+03  4.18083542e-04
 1.69500000e+03  3.83260044e-04
 1.70500000e+03  3.83282663e-04
 1.71500000e+03  4.06925999e-04
 1.72500000e+03  4.26082365e-04
 1.73500000e+03  4.74929831e-04
 1.74500000e+03  4.55739742e-04
 1.75500000e+03  5.11960948e-04
 1.76500000e+03  4.36701379e-04
 1.77500000e+03  4.85552976e-04
 1.78500000e+03  4.93142893e-04
 1.79500000e+03  5.83109247e-04
 1.80500000e+03  5.62879799e-04
 1.81500000e+03  5.73409730e-04
 1.82500000e+03  5.46813263e-04
 1.83500000e+03  5.37893033e-04
 1.84500000e+03  4.63094529e-04
 1.85500000e+03  5.30492128e-04
 1.86500000e+03  6.03598458e-04
 1.87500000e+03  5.83739804e-04
 1.88500000e+03  5.87485443e-04
 1.89500000e+03  6.36177206e-04
 1.90500000e+03  6.15864097e-04
 1.91500000e+03  6.45906160e-04
 1.92500000e+03  6.04940650e-04
 1.93500000e+03  4.66512703e-04
 1.94500000e+03  6.90785665e-04
 1.95500000e+03  6.94366565e-04
 1.96700000e+03  7.87127560e-04
 1.97600000e+03  7.50287779e-04
 1.98400000e+03  7.69520008e-04
 1.99500000e+03  7.64102697e-04
 2.00500000e+03  7.10803895e-04
 2.01500000e+03  7.22930099e-04
 2.02500000e+03  6.50755402e-04
 2.03500000e+03  7.68399363e-04
 2.04500000e+03  8.36418378e-04
 2.05500000e+03  8.08051085e-04
 2.06500000e+03  7.71808809e-04
 2.07400000e+03  8.94292199e-04
 2.07800000e+03  1.06545961e-03
 2.08500000e+03  1.10142456e-03
 2.09500000e+03  1.03761339e-03
 2.10500000e+03  9.62182624e-04
 2.11500000e+03  1.02409696e-03
 2.12500000e+03  9.80534863e-04
 2.13500000e+03  8.67509819e-04
 2.14500000e+03  1.03506431e-03
 2.15500000e+03  1.03952726e-03
 2.16500000e+03  9.42803730e-04
 2.17500000e+03  9.56190530e-04
 2.18500000e+03  1.06733940e-03
 2.19500000e+03  1.13906222e-03
 2.20500000e+03  1.08291223e-03
 2.21500000e+03  9.24648249e-04
 2.22500000e+03  9.68038897e-04
 2.23500000e+03  1.19163803e-03
 2.24500000e+03  1.11278749e-03
 2.25500000e+03  9.44730516e-04
 2.26500000e+03  9.32141594e-04
 2.27500000e+03  1.02563127e-03
 2.28500000e+03  1.17694312e-03
 2.29500000e+03  1.04297338e-03
 2.30500000e+03  1.17281429e-03
 2.31500000e+03  1.09404741e-03
 2.32500000e+03  8.49020727e-04
 2.33500000e+03  8.45707853e-04
 2.34500000e+03  6.48939648e-04
 2.35500000e+03  1.03371850e-03
 2.36500000e+03  6.97406766e-04
 2.37500000e+03  8.75148279e-04
 2.38500000e+03  5.69460619e-04
 2.39500000e+03  7.02337603e-04
 2.40500000e+03  6.94475530e-04
 2.41500000e+03  7.74866568e-04
 2.42500000e+03  1.12829783e-03
 2.43500000e+03  1.10809679e-03
 2.44500000e+03  1.25262538e-03
 2.45500000e+03  1.27711586e-03
 2.46500000e+03  1.23173233e-03
 2.47500000e+03  1.10432481e-03
 2.48500000e+03  9.45210792e-04
 2.49500000e+03  9.70536851e-04
 2.50500000e+03  1.33785017e-03
 2.51300000e+03  8.17793466e-04
 2.51800000e+03  6.62317669e-04
 2.52500000e+03  6.94171872e-04
 2.53500000e+03  8.66638608e-04
 2.54500000e+03  9.23629340e-04
 2.55500000e+03  1.23565820e-03
 2.56500000e+03  1.07221033e-03
 2.57500000e+03  1.26105759e-03
 2.58500000e+03  1.19578854e-03
 2.59500000e+03  1.12005361e-03
 2.60500000e+03  1.01089659e-03
 2.61500000e+03  9.16489231e-04
 2.62500000e+03  1.20273603e-03
 2.63500000e+03  1.54056502e-03
 2.64500000e+03  2.00069459e-03
 2.65500000e+03  2.31856991e-03
 2.66500000e+03  1.76998892e-03
 2.67500000e+03  1.98461824e-03
 2.68500000e+03  2.09990472e-03
 2.69500000e+03  1.75244128e-03
 2.70500000e+03  1.98059115e-03
 2.71500000e+03  1.62639403e-03
 2.72500000e+03  1.57485469e-03
 2.73500000e+03  1.78329929e-03
 2.74500000e+03  1.13315069e-03
 2.75500000e+03  1.37906821e-03
 2.76500000e+03  1.64840566e-03
 2.77500000e+03  1.81352675e-03
 2.78500000e+03  1.32442205e-03
 2.79500000e+03  5.62595765e-04
 2.80500000e+03  7.04230822e-04
 2.81500000e+03  1.75317822e-03
 2.82500000e+03  2.22010860e-03
 2.83500000e+03  2.16072579e-03
 2.84500000e+03  1.94675542e-03
 2.85500000e+03  1.44007984e-03
 2.86500000e+03  2.25949437e-03
 2.87500000e+03  2.44183724e-03
 2.88500000e+03  2.34239369e-03
 2.89500000e+03  2.44837210e-03
 2.91000000e+03  3.00413812e-03
 2.93000000e+03  2.77413118e-03
 2.95000000e+03  2.68847776e-03
 2.97000000e+03  2.84003078e-03
 2.99000000e+03  2.88859447e-03
 3.01000000e+03  2.99144953e-03
 3.03000000e+03  3.03105271e-03
 3.05000000e+03  3.13788838e-03
 3.07000000e+03  3.22918428e-03
 3.09000000e+03  3.27402040e-03
 3.11000000e+03  3.38478505e-03
 3.13000000e+03  3.29877839e-03
 3.15000000e+03  3.31749833e-03
 3.17000000e+03  3.47032744e-03
 3.19000000e+03  3.16275844e-03
 3.21000000e+03  3.43567782e-03
 3.23000000e+03  3.09903816e-03
 3.25000000e+03  3.68876334e-03
 3.27000000e+03  4.06768437e-03
 3.29000000e+03  4.02551920e-03
 3.31000000e+03  4.00954356e-03
 3.33000000e+03  4.01337286e-03
 3.35000000e+03  3.94788227e-03
 3.37000000e+03  3.47984672e-03
 3.39000000e+03  3.73168611e-03
 3.41000000e+03  3.78390403e-03
 3.43000000e+03  3.92939214e-03
 3.45000000e+03  4.02094367e-03
 3.47000000e+03  4.07389698e-03
 3.49000000e+03  4.28597619e-03
 3.51000000e+03  4.45701655e-03
 3.53000000e+03  4.22218412e-03
 3.55000000e+03  4.64967297e-03
 3.57000000e+03  3.91781438e-03
 3.59000000e+03  3.89862243e-03
 3.60182700e+03  4.94907779e-03
 3.60272700e+03  4.68958859e-03
 3.60362800e+03  4.56061269e-03
 3.60452800e+03  4.48226515e-03
 3.60542800e+03  4.34105769e-03
 3.60632900e+03  4.30283750e-03
 3.60722900e+03  4.48509826e-03
 3.60812900e+03  4.52291616e-03
 3.60902900e+03  4.17184341e-03
 3.60992900e+03  3.86608448e-03
 3.61083000e+03  3.97205876e-03
 3.61173000e+03  4.25265224e-03
 3.61263000e+03  4.36007715e-03
 3.61353000e+03  4.23648913e-03
 3.61443000e+03  4.10709441e-03
 3.61533100e+03  4.30110231e-03
 3.61623100e+03  4.65692928e-03
 3.61713100e+03  4.80415826e-03
 3.61803200e+03  4.53713234e-03
 3.61893200e+03  3.96110174e-03
 3.61983200e+03  3.63014018e-03
 3.62073200e+03  3.81681639e-03
 3.62163300e+03  4.14680862e-03
 3.62253300e+03  4.48896216e-03
 3.62343300e+03  4.71419785e-03
 3.62433300e+03  4.60892488e-03
 3.62523300e+03  4.48182206e-03
 3.62613400e+03  4.73031551e-03
 3.62703400e+03  5.20094919e-03
 3.62793400e+03  5.46143458e-03
 3.62883400e+03  5.44117518e-03
 3.62973500e+03  5.24619329e-03
 3.63063500e+03  4.69998786e-03
 3.63153500e+03  3.96814012e-03
 3.63243500e+03  3.70660070e-03
 3.63333600e+03  3.86131735e-03
 3.63423600e+03  4.08601130e-03
 3.63513600e+03  4.32178105e-03
 3.63603600e+03  4.46093468e-03
 3.63693600e+03  4.65232017e-03
 3.63783700e+03  4.69291696e-03
 3.63873700e+03  4.74083821e-03
 3.63963700e+03  4.86120839e-03
 3.64053700e+03  4.92734709e-03
 3.64143800e+03  4.88001715e-03
 3.64233800e+03  4.78776070e-03
 3.64323800e+03  4.69027595e-03
 3.64413800e+03  4.53143667e-03
 3.64503900e+03  4.41202395e-03
 3.64593900e+03  4.36580742e-03
 3.64683900e+03  4.37920661e-03
 3.64773900e+03  4.47084438e-03
 3.64864000e+03  4.41185353e-03
 3.64954000e+03  4.34996088e-03
 3.65044000e+03  4.35306202e-03
 3.65134000e+03  4.46938135e-03
 3.65224000e+03  4.68492423e-03
 3.65314100e+03  5.07107884e-03
 3.65404100e+03  5.31543056e-03
 3.65494100e+03  5.20446089e-03
 3.65584100e+03  5.19749430e-03
 3.65674200e+03  5.16748477e-03
 3.65764200e+03  5.18367990e-03
 3.65854200e+03  5.31079821e-03
 3.65944200e+03  5.41359802e-03
 3.66034300e+03  5.35149777e-03
 3.66124300e+03  5.23527604e-03
 3.66214300e+03  5.26765597e-03
 3.66304300e+03  5.27064608e-03
 3.66394300e+03  5.06810216e-03
 3.66484400e+03  4.89101134e-03
 3.66574400e+03  5.03201843e-03
 3.66664400e+03  5.17194669e-03
 3.66754400e+03  5.21002796e-03
 3.66844500e+03  5.12278137e-03
 3.66934500e+03  4.93395115e-03
 3.67024500e+03  4.76102944e-03
 3.67114500e+03  4.84783811e-03
 3.67204600e+03  5.13901006e-03
 3.67294600e+03  5.40288217e-03
 3.67384600e+03  5.44102542e-03
 3.67474600e+03  5.31836902e-03
 3.67564600e+03  5.28203844e-03
 3.67654700e+03  5.30075889e-03
 3.67744700e+03  5.08713660e-03
 3.67834700e+03  4.84465228e-03
 3.67924700e+03  4.76722759e-03
 3.68014800e+03  4.66952956e-03
 3.68104800e+03  4.59243332e-03
 3.68194800e+03  4.62242736e-03
 3.68284800e+03  4.81584912e-03
 3.68374900e+03  5.02933972e-03
 3.68464900e+03  5.13785585e-03
 3.68554900e+03  4.97731701e-03
 3.68644900e+03  4.59802002e-03
 3.68734900e+03  4.28291068e-03
 3.68825000e+03  4.20080356e-03
 3.68915000e+03  4.56671530e-03
 3.69005000e+03  5.07298394e-03
 3.69095000e+03  5.28647970e-03
 3.69185100e+03  5.32406004e-03
 3.69275100e+03  5.38074298e-03
 3.69365100e+03  5.38290164e-03
 3.69455100e+03  5.18798689e-03
 3.69545100e+03  5.13357829e-03
 3.69635200e+03  5.23393850e-03
 3.69725200e+03  5.12650790e-03
 3.69815200e+03  5.06444121e-03
 3.69905200e+03  5.29322939e-03
 3.69995300e+03  5.70347322e-03
 3.70085300e+03  5.98236404e-03
 3.70175300e+03  5.90111471e-03
 3.70265300e+03  5.60659683e-03
 3.70355400e+03  5.19755627e-03
 3.70445400e+03  4.66681832e-03
 3.70535400e+03  4.29297635e-03
 3.70625400e+03  4.23297795e-03
 3.70715500e+03  4.40244425e-03
 3.70805500e+03  4.60988595e-03
 3.70895500e+03  4.74224909e-03
 3.70985500e+03  4.69716714e-03
 3.71075500e+03  4.68070089e-03
 3.71165600e+03  4.73456518e-03
 3.71255600e+03  4.76179272e-03
 3.71345600e+03  5.04806689e-03
 3.71435600e+03  5.53588259e-03
 3.71525700e+03  5.93010687e-03
 3.71615700e+03  6.01030270e-03
 3.71705700e+03  6.01255432e-03
 3.71795700e+03  6.07706112e-03
 3.71885800e+03  5.83030234e-03
 3.71975800e+03  5.17900624e-03
 3.72065800e+03  4.47224441e-03
 3.72155800e+03  3.88336669e-03
 3.72245800e+03  3.51321561e-03
 3.72335900e+03  3.69290921e-03
 3.72425900e+03  4.46582679e-03
 3.72515900e+03  5.38593307e-03
 3.72605900e+03  6.17583280e-03
 3.72696000e+03  6.45338091e-03
 3.72786000e+03  5.97463314e-03
 3.72876000e+03  5.76196882e-03
 3.72966000e+03  6.27521387e-03
 3.73056100e+03  6.33732445e-03
 3.73146100e+03  5.82855682e-03
 3.73236100e+03  5.30944518e-03
 3.73326100e+03  4.66836192e-03
 3.73416200e+03  3.84236296e-03
 3.73506200e+03  3.24272756e-03
 3.73596200e+03  3.16973536e-03
 3.73686200e+03  3.47157461e-03
 3.73776200e+03  3.84868143e-03
 3.73866300e+03  4.37664979e-03
 3.73956300e+03  5.06120632e-03
 3.74046300e+03  5.64218376e-03
 3.74136300e+03  5.95990983e-03
 3.74226400e+03  5.99489254e-03
 3.74316400e+03  5.71553694e-03
 3.74406400e+03  5.30706445e-03
 3.74496400e+03  5.07657258e-03
 3.74586500e+03  4.87840590e-03
 3.74676500e+03  4.64349600e-03
 3.74766500e+03  4.49995998e-03
 3.74856500e+03  4.15799389e-03
 3.74946500e+03  3.47901425e-03
 3.75036600e+03  3.04053326e-03
 3.75126600e+03  3.34834085e-03
 3.75216600e+03  4.15891416e-03
 3.75306600e+03  4.89746409e-03
 3.75396700e+03  5.39080813e-03
 3.75486700e+03  5.88179520e-03
 3.75576700e+03  6.35944298e-03
 3.75666800e+03  6.54046070e-03
 3.75756800e+03  6.16907795e-03
 3.75846800e+03  5.36500748e-03
 3.75936800e+03  4.82899837e-03
 3.76026800e+03  4.92587838e-03
 3.76116900e+03  5.26234194e-03
 3.76206900e+03  5.51713631e-03
 3.76296900e+03  5.75308113e-03
 3.76386900e+03  5.81643113e-03
 3.76476900e+03  5.74126530e-03
 3.76567000e+03  5.80551388e-03
 3.76657000e+03  5.75120134e-03
 3.76747000e+03  5.34199552e-03
 3.76837000e+03  5.03396484e-03
 3.76927100e+03  4.99587840e-03
 3.77017100e+03  4.80585317e-03
 3.77107100e+03  4.39974902e-03
 3.77197100e+03  4.35141720e-03
 3.77287200e+03  4.91243838e-03
 3.77377200e+03  5.55982411e-03
 3.77467200e+03  5.82692491e-03
 3.77557200e+03  5.82733806e-03
 3.77647200e+03  5.87069204e-03
 3.77737300e+03  6.09974773e-03
 3.77827300e+03  6.37062877e-03
 3.77917300e+03  6.54656486e-03
 3.78007300e+03  6.80863052e-03
 3.78097400e+03  7.13577104e-03
 3.78187400e+03  7.30340299e-03
 3.78277400e+03  7.23506947e-03
 3.78367500e+03  7.15367553e-03
 3.78457500e+03  7.23433098e-03
 3.78547500e+03  7.24171071e-03
 3.78637500e+03  6.79923156e-03
 3.78727500e+03  6.17262063e-03
 3.78817600e+03  5.93059748e-03
 3.78907600e+03  5.88158347e-03
 3.78997600e+03  5.81197437e-03
 3.79087600e+03  5.80653641e-03
 3.79177600e+03  5.91005921e-03
 3.79267700e+03  5.98580344e-03
 3.79357700e+03  5.81011008e-03
 3.79447700e+03  5.39831697e-03
 3.79537800e+03  5.02065705e-03
 3.79627800e+03  4.79497724e-03
 3.79717800e+03  4.51106831e-03
 3.79807800e+03  3.99477738e-03
 3.79897800e+03  3.63841385e-03
 3.79987900e+03  3.85299463e-03
 3.80077900e+03  4.55250118e-03
 3.80167900e+03  5.28100042e-03
 3.80257900e+03  5.76344580e-03
 3.80347900e+03  6.20630711e-03
 3.80438000e+03  6.64551729e-03
 3.80528000e+03  6.82124164e-03
 3.80618000e+03  6.71185224e-03
 3.80708100e+03  6.43681396e-03
 3.80798100e+03  6.25429344e-03
 3.80888100e+03  6.45132037e-03
 3.80978100e+03  6.89235870e-03
 3.81068200e+03  7.24755149e-03
 3.81158200e+03  7.36912339e-03
 3.81248200e+03  7.22677567e-03
 3.81338200e+03  6.79764096e-03
 3.81428200e+03  6.26535012e-03
 3.81518300e+03  5.91111272e-03
 3.81608300e+03  5.76657535e-03
 3.81698300e+03  5.90479166e-03
 3.81788300e+03  6.37876249e-03
 3.81878400e+03  6.77593041e-03
 3.81968400e+03  6.67003721e-03
 3.82058400e+03  6.11125370e-03
 3.82148400e+03  5.67678948e-03
 3.82238500e+03  5.88217219e-03
 3.82328500e+03  6.38960227e-03
 3.82418500e+03  6.37926342e-03
 3.82508500e+03  5.80527116e-03
 3.82598500e+03  5.34722692e-03
 3.82688600e+03  5.24975663e-03
 3.82778600e+03  5.25697111e-03
 3.82868600e+03  5.22005180e-03
 3.82958600e+03  5.17978604e-03
 3.83048600e+03  5.20423883e-03
 3.83138700e+03  5.18516204e-03
 3.83228700e+03  4.86935449e-03
 3.83318700e+03  4.32159256e-03
 3.83408800e+03  3.86666546e-03
 3.83498800e+03  3.56427622e-03
 3.83588800e+03  3.41110058e-03
 3.83678800e+03  3.57973027e-03
 3.83768900e+03  3.91166065e-03
 3.83858900e+03  4.11938587e-03
 3.83948900e+03  4.23627843e-03
 3.84038900e+03  4.45747617e-03
 3.84128900e+03  4.74920225e-03
 3.84219000e+03  5.17774616e-03
 3.84309000e+03  5.70965485e-03
 3.84399000e+03  6.10724623e-03
 3.84489000e+03  6.34203942e-03
 3.84579100e+03  6.42855114e-03
 3.84669100e+03  6.44316600e-03
 3.84759100e+03  6.59873424e-03
 3.84849100e+03  6.89600467e-03
 3.84939200e+03  6.96027391e-03
 3.85029200e+03  6.66063825e-03
 3.85119200e+03  6.51652435e-03
 3.85209200e+03  6.79896302e-03
 3.85299200e+03  7.12912463e-03
 3.85389300e+03  7.19779899e-03
 3.85479300e+03  7.10200709e-03
 3.85569300e+03  6.94214735e-03
 3.85659300e+03  6.68585018e-03
 3.85749400e+03  6.63805493e-03
 3.85839400e+03  6.72434459e-03
 3.85929400e+03  6.50366017e-03
 3.86019400e+03  6.12615776e-03
 3.86109500e+03  6.13820599e-03
 3.86199500e+03  6.61768192e-03
 3.86289500e+03  7.17308283e-03
 3.86379500e+03  7.45796420e-03
 3.86469600e+03  7.45625483e-03
 3.86559600e+03  7.32385347e-03
 3.86649600e+03  7.17175045e-03
 3.86739600e+03  7.10902532e-03
 3.86829600e+03  7.17854662e-03
 3.86919700e+03  7.27740093e-03
 3.87009700e+03  7.26901417e-03
 3.87099700e+03  7.09495271e-03
 3.87189700e+03  6.73862894e-03
 3.87279800e+03  6.25024466e-03
 3.87369800e+03  5.97635284e-03
 3.87459800e+03  6.24489448e-03
 3.87549800e+03  6.81939800e-03
 3.87639800e+03  7.16729369e-03
 3.87729900e+03  7.03151491e-03
 3.87819900e+03  6.48878710e-03
 3.87909900e+03  5.93819927e-03
 3.87999900e+03  5.98154809e-03
 3.88090000e+03  6.43495483e-03
 3.88180000e+03  6.50957325e-03
 3.88270000e+03  6.15315653e-03
 3.88360000e+03  5.92378065e-03
 3.88450100e+03  6.04660747e-03
 3.88540100e+03  6.01227029e-03
 3.88630100e+03  5.47604428e-03
 3.88720100e+03  4.83629805e-03
 3.88810200e+03  4.46245659e-03
 3.88900200e+03  4.20449446e-03
 3.88990200e+03  4.02858316e-03
 3.89080200e+03  4.27635568e-03
 3.89170300e+03  4.94220881e-03
 3.89260300e+03  5.64123354e-03
 3.89350300e+03  6.04936518e-03
 3.89440300e+03  6.17459854e-03
 3.89530300e+03  6.17365865e-03
 3.89620400e+03  6.16204939e-03
 3.89710400e+03  6.35449562e-03
 3.89800400e+03  6.65724533e-03
 3.89890400e+03  6.69694818e-03
 3.89980500e+03  6.54156069e-03
 3.90070500e+03  6.51716988e-03
 3.90160500e+03  6.84244094e-03
 3.90250500e+03  7.20698105e-03
 3.90340600e+03  7.13752689e-03
 3.90430600e+03  6.92061238e-03
 3.90520600e+03  6.84852444e-03
 3.90610600e+03  6.64512481e-03
 3.90700600e+03  6.45360814e-03
 3.90790700e+03  6.70175094e-03
 3.90880700e+03  7.22463766e-03
 3.90970700e+03  7.60567759e-03
 3.91060700e+03  7.76392608e-03
 3.91150800e+03  7.87482861e-03
 3.91240800e+03  7.99626624e-03
 3.91330800e+03  7.97292894e-03
 3.91420800e+03  7.72939782e-03
 3.91510900e+03  7.56005650e-03
 3.91600900e+03  7.58985945e-03
 3.91690900e+03  7.52571932e-03
 3.91780900e+03  7.38531335e-03
 3.91871000e+03  7.30443068e-03
 3.91961000e+03  7.18569396e-03
 3.92051000e+03  7.01213860e-03
 3.92141000e+03  6.85484033e-03
 3.92231000e+03  6.83670344e-03
 3.92321100e+03  6.97282307e-03
 3.92411100e+03  7.13909682e-03
 3.92501100e+03  7.24525856e-03
 3.92591100e+03  7.12074820e-03
 3.92681200e+03  6.76954738e-03
 3.92771200e+03  6.38035824e-03
 3.92861200e+03  5.89214438e-03
 3.92951200e+03  5.32733935e-03
 3.93041300e+03  4.76117146e-03
 3.93131300e+03  4.12989979e-03
 3.93221300e+03  3.43767588e-03
 3.93311300e+03  2.71379142e-03
 3.93401300e+03  2.08710923e-03
 3.93491400e+03  1.86349357e-03
 3.93581400e+03  2.23183406e-03
 3.93671400e+03  3.02432884e-03
 3.93761400e+03  3.92314028e-03
 3.93851500e+03  4.67141968e-03
 3.93941500e+03  5.31360757e-03
 3.94031500e+03  5.94504709e-03
 3.94121500e+03  6.37717190e-03
 3.94211600e+03  6.51185069e-03
 3.94301600e+03  6.52820075e-03
 3.94391600e+03  6.45902029e-03
 3.94481600e+03  6.34942431e-03
 3.94571700e+03  6.53531710e-03
 3.94661700e+03  7.09905830e-03
 3.94751700e+03  7.49067980e-03
 3.94841700e+03  7.33898992e-03
 3.94931700e+03  7.06937412e-03
 3.95021800e+03  7.12056228e-03
 3.95111800e+03  7.42688050e-03
 3.95201800e+03  7.58145204e-03
 3.95291900e+03  7.38317535e-03
 3.95381900e+03  7.23707837e-03
 3.95471900e+03  7.50270736e-03
 3.95561900e+03  7.74907882e-03
 3.95651900e+03  7.47023965e-03
 3.95742000e+03  7.00253823e-03
 3.95832000e+03  6.94195111e-03
 3.95922000e+03  7.22584094e-03
 3.96012000e+03  7.43686818e-03
 3.96102100e+03  7.22951789e-03
 3.96192100e+03  6.56422147e-03
 3.96282100e+03  5.90278276e-03
 3.96372100e+03  5.56633108e-03
 3.96462200e+03  5.37295011e-03
 3.96552200e+03  5.03355789e-03
 3.96642200e+03  4.41511011e-03
 3.96732200e+03  3.56043091e-03
 3.96822200e+03  2.67029542e-03
 3.96912300e+03  2.01728530e-03
 3.97002300e+03  1.84951805e-03
 3.97092300e+03  2.21200433e-03
 3.97182300e+03  2.88568286e-03
 3.97272400e+03  3.62101906e-03
 3.97362400e+03  4.29057909e-03
 3.97452400e+03  4.86397901e-03
 3.97542400e+03  5.42429837e-03
 3.97632500e+03  5.94870338e-03
 3.97722500e+03  6.28766490e-03
 3.97812500e+03  6.53965508e-03
 3.97902500e+03  6.91664106e-03
 3.97992500e+03  7.36228591e-03
 3.98082600e+03  7.70602953e-03
 3.98172600e+03  7.78905538e-03
 3.98262600e+03  7.60723720e-03
 3.98352600e+03  7.44823989e-03
 3.98442700e+03  7.51737387e-03
 3.98532700e+03  7.72137772e-03
 3.98622700e+03  7.89839314e-03
 3.98712700e+03  7.94571327e-03
 3.98802800e+03  8.01741389e-03
 3.98892800e+03  8.27961898e-03
 3.98982800e+03  8.41628085e-03
 3.99072800e+03  8.25111742e-03
 3.99162800e+03  8.20113769e-03
 3.99252900e+03  8.42716195e-03
 3.99342900e+03  8.70461711e-03
 3.99432900e+03  8.79688182e-03
 3.99523000e+03  8.67220620e-03
 3.99613000e+03  8.45684613e-03
 3.99703000e+03  8.20323954e-03
 3.99793000e+03  7.91572957e-03
 3.99883000e+03  7.81828510e-03
 3.99973100e+03  8.16305125e-03
 4.00063100e+03  8.67787139e-03
 4.00153100e+03  8.94053610e-03
 4.00243100e+03  8.95401483e-03
 4.00333100e+03  9.03111726e-03
 4.00423200e+03  9.09646067e-03
 4.00513200e+03  8.71018935e-03
 4.00603200e+03  7.94984985e-03
 4.00693300e+03  7.61646573e-03
 4.00783300e+03  8.02731895e-03
 4.00873300e+03  8.64940082e-03
 4.00963300e+03  8.99059846e-03
 4.01053300e+03  9.02218309e-03
 4.01143400e+03  9.01189588e-03
 4.01233400e+03  9.02486334e-03
 4.01323400e+03  8.99068109e-03
 4.01413400e+03  8.94852005e-03
 4.01503500e+03  8.95416975e-03
 4.01593500e+03  9.05282782e-03
 4.01683500e+03  9.17523633e-03
 4.01773500e+03  9.06424600e-03
 4.01863600e+03  8.89267888e-03
 4.01953600e+03  9.08602370e-03
 4.02043600e+03  9.42534155e-03
 4.02133600e+03  9.44902486e-03
 4.02223700e+03  9.27389956e-03
 4.02313700e+03  9.15045303e-03
 4.02403700e+03  9.05289496e-03
 4.02493700e+03  8.87046739e-03
 4.02583700e+03  8.74963915e-03
 4.02673800e+03  8.97968121e-03
 4.02763800e+03  9.40200941e-03
 4.02853800e+03  9.61614555e-03
 4.02943900e+03  9.54108816e-03
 4.03033900e+03  9.15834403e-03
 4.03123900e+03  8.50693431e-03
 4.03213900e+03  8.03509116e-03
 4.03303900e+03  7.97184444e-03
 4.03394000e+03  8.05396138e-03
 4.03484000e+03  8.19901518e-03
 4.03574000e+03  8.46384887e-03
 4.03664000e+03  8.82742327e-03
 4.03754000e+03  9.26363301e-03
 4.03844100e+03  9.63743780e-03
 4.03934100e+03  9.77485366e-03
 4.04024100e+03  9.61960561e-03
 4.04114200e+03  9.31365405e-03
 4.04204200e+03  9.13620484e-03
 4.04294200e+03  9.28562244e-03
 4.04384200e+03  9.42102939e-03
 4.04474200e+03  9.00766118e-03
 4.04564300e+03  8.09116989e-03
 4.04654300e+03  7.37113745e-03
 4.04744300e+03  7.63957064e-03
 4.04834300e+03  8.63938215e-03
 4.04924400e+03  9.28364452e-03
 4.05014400e+03  9.36466147e-03
 4.05104400e+03  9.41439848e-03
 4.05194400e+03  9.46724954e-03
 4.05284500e+03  9.29754155e-03
 4.05374500e+03  9.03193322e-03
 4.05464500e+03  8.82212473e-03
 4.05554500e+03  8.63040150e-03
 4.05644500e+03  8.58233254e-03
 4.05734600e+03  8.63433666e-03
 4.05824600e+03  8.50791552e-03
 4.05914600e+03  8.38139626e-03
 4.06004600e+03  8.61581245e-03
 4.06094700e+03  9.07966133e-03
 4.06184700e+03  9.31485216e-03
 4.06274700e+03  9.00639077e-03
 4.06364700e+03  8.25324509e-03
 4.06454800e+03  7.67273037e-03
 4.06544800e+03  7.90089264e-03
 4.06634800e+03  8.53312229e-03
 4.06724800e+03  8.67393623e-03
 4.06814800e+03  8.47969799e-03
 4.06904900e+03  8.67424092e-03
 4.06994900e+03  9.19512907e-03
 4.07084900e+03  9.34005892e-03
 4.07175000e+03  8.80579017e-03
 4.07265000e+03  8.20319823e-03
 4.07355000e+03  8.31037216e-03
 4.07445000e+03  8.86998195e-03
 4.07535000e+03  9.09843342e-03
 4.07625100e+03  8.75985406e-03
 4.07715100e+03  8.08105826e-03
 4.07805100e+03  7.42267163e-03
 4.07895100e+03  7.30373350e-03
 4.07985200e+03  7.81446355e-03
 4.08075200e+03  8.49353305e-03
 4.08165200e+03  9.04637249e-03
 4.08255200e+03  9.30987381e-03
 4.08345300e+03  9.14000057e-03
 4.08435300e+03  8.74357630e-03
 4.08525300e+03  8.45377340e-03
 4.08615300e+03  8.37130529e-03
 4.08705300e+03  8.50924274e-03
 4.08795400e+03  8.83106407e-03
 4.08885400e+03  9.17593350e-03
 4.08975400e+03  9.32935857e-03
 4.09065400e+03  9.22680665e-03
 4.09155500e+03  9.02043240e-03
 4.09245500e+03  8.80417376e-03
 4.09335500e+03  8.62247952e-03
 4.09425600e+03  8.62736491e-03
 4.09515600e+03  8.63243105e-03
 4.09605600e+03  8.30285816e-03
 4.09695600e+03  7.84128156e-03
 4.09785600e+03  7.57882859e-03
 4.09875700e+03  7.45068775e-03
 4.09965700e+03  7.23276105e-03
 4.10055700e+03  6.78008764e-03
 4.10145700e+03  5.96443889e-03
 4.10235800e+03  5.17639829e-03
 4.10325800e+03  5.10173390e-03
 4.10415800e+03  5.73347242e-03
 4.10505800e+03  6.53686638e-03
 4.10595800e+03  7.19928630e-03
 4.10685900e+03  7.67665005e-03
 4.10775900e+03  7.95040759e-03
 4.10865900e+03  8.07466490e-03
 4.10955900e+03  8.09265719e-03
 4.11045900e+03  8.02464902e-03
 4.11136000e+03  8.00684265e-03
 4.11226000e+03  8.13105865e-03
 4.11316000e+03  8.34656331e-03
 4.11406000e+03  8.61276038e-03
 4.11496100e+03  8.85030611e-03
 4.11586100e+03  9.00919497e-03
 4.11676100e+03  9.13886443e-03
 4.11766200e+03  9.20671767e-03
 4.11856200e+03  9.00138144e-03
 4.11946200e+03  8.56933926e-03
 4.12036200e+03  8.41889913e-03
 4.12126200e+03  8.63575167e-03
 4.12216300e+03  8.76124841e-03
 4.12306300e+03  8.68699665e-03
 4.12396300e+03  8.63080431e-03
 4.12486400e+03  8.77971065e-03
 4.12576400e+03  9.03743316e-03
 4.12666400e+03  9.09809258e-03
 4.12756400e+03  8.91624341e-03
 4.12846400e+03  8.67082734e-03
 4.12936500e+03  8.55435773e-03
 4.13026500e+03  8.61118528e-03
 4.13116500e+03  8.66841563e-03
 4.13206500e+03  8.53295703e-03
 4.13296500e+03  8.19279224e-03
 4.13386600e+03  8.02549080e-03
 4.13476600e+03  8.17901915e-03
 4.13566600e+03  8.50024143e-03
 4.13656600e+03  8.95446928e-03
 4.13746700e+03  9.23561688e-03
 4.13836700e+03  9.25450259e-03
 4.13926700e+03  9.35892914e-03
 4.14016700e+03  9.55146316e-03
 4.14106800e+03  9.62086569e-03
 4.14196800e+03  9.50748947e-03
 4.14286800e+03  9.05187243e-03
 4.14376800e+03  8.30688629e-03
 4.14466900e+03  7.86054426e-03
 4.14556900e+03  8.16198225e-03
 4.14646900e+03  8.81895388e-03
 4.14736900e+03  9.18125270e-03
 4.14827000e+03  9.20794677e-03
 4.14917000e+03  9.09986392e-03
 4.15007000e+03  8.92645832e-03
 4.15097000e+03  8.79205323e-03
 4.15187100e+03  8.81391872e-03
 4.15277100e+03  8.88781415e-03
 4.15367100e+03  8.88050155e-03
 4.15457100e+03  8.71997562e-03
 4.15547100e+03  8.50634042e-03
 4.15637200e+03  8.45211567e-03
 4.15727200e+03  8.46340475e-03
 4.15817200e+03  8.52539655e-03
 4.15907200e+03  8.77633838e-03
 4.15997200e+03  9.08262561e-03
 4.16087300e+03  9.22979160e-03
 4.16177300e+03  9.14928075e-03
 4.16267300e+03  9.12893355e-03
 4.16357300e+03  9.31407236e-03
 4.16447400e+03  9.40305260e-03
 4.16537400e+03  9.35365643e-03
 4.16627400e+03  9.33263788e-03
 4.16717500e+03  9.21663822e-03
 4.16807500e+03  8.94923788e-03
 4.16897500e+03  8.88422499e-03
 4.16987500e+03  9.16615239e-03
 4.17077500e+03  9.34727856e-03
 4.17167600e+03  9.08990206e-03
 4.17257600e+03  8.47317553e-03
 4.17347600e+03  7.87683234e-03
 4.17437700e+03  7.73949395e-03
 4.17527700e+03  8.07744328e-03
 4.17617700e+03  8.47717783e-03
 4.17707700e+03  8.63228645e-03
 4.17797700e+03  8.49723583e-03
 4.17887800e+03  8.26335672e-03
 4.17977800e+03  8.32814755e-03
 4.18067800e+03  8.70887246e-03
 4.18157800e+03  8.96270628e-03
 4.18247800e+03  8.81783323e-03
 4.18337900e+03  8.62753533e-03
 4.18427900e+03  8.66953628e-03
 4.18517900e+03  8.85160234e-03
 4.18607900e+03  9.12323221e-03
 4.18698000e+03  9.14087333e-03
 4.18788000e+03  8.68143990e-03
 4.18878000e+03  8.36443166e-03
 4.18968000e+03  8.66345794e-03
 4.19058100e+03  9.11458723e-03
 4.19148100e+03  9.19183943e-03
 4.19238100e+03  9.03724208e-03
 4.19328100e+03  9.19441124e-03
 4.19418200e+03  9.61203480e-03
 4.19508200e+03  9.62632431e-03
 4.19598200e+03  9.19275867e-03
 4.19688200e+03  8.75744751e-03
 4.19778300e+03  8.55566429e-03
 4.19868300e+03  8.34658913e-03
 4.19958300e+03  8.13241168e-03
 4.20048300e+03  8.31338293e-03
 4.20138400e+03  8.64997921e-03
 4.20228400e+03  8.60459568e-03
 4.20318400e+03  8.42161554e-03
 4.20408400e+03  8.53267300e-03
 4.20498400e+03  8.74058620e-03
 4.20588500e+03  8.81516331e-03
 4.20678500e+03  8.93946710e-03
 4.20768500e+03  9.14821691e-03
 4.20858500e+03  9.33298388e-03
 4.20948500e+03  9.37147313e-03
 4.21038600e+03  9.21719596e-03
 4.21128600e+03  9.11212388e-03
 4.21218600e+03  9.25684200e-03
 4.21308600e+03  9.47037392e-03
 4.21398700e+03  9.52247100e-03
 4.21488700e+03  9.31341133e-03
 4.21578700e+03  8.78601621e-03
 4.21668800e+03  8.28623440e-03
 4.21758800e+03  8.45635036e-03
 4.21848800e+03  9.10675821e-03
 4.21938800e+03  9.53767975e-03
 4.22028800e+03  9.61642442e-03
 4.22118900e+03  9.66490651e-03
 4.22208900e+03  9.76644107e-03
 4.22298900e+03  9.64917617e-03
 4.22389000e+03  9.30539123e-03
 4.22479000e+03  8.90347219e-03
 4.22569000e+03  8.38308498e-03
 4.22659000e+03  7.61761220e-03
 4.22749000e+03  6.90803224e-03
 4.22839100e+03  7.06765958e-03
 4.22929100e+03  8.17443329e-03
 4.23019100e+03  9.18615874e-03
 4.23109100e+03  9.63466976e-03
 4.23199100e+03  9.77676443e-03
 4.23289200e+03  9.58764399e-03
 4.23379200e+03  9.05917986e-03
 4.23469200e+03  8.76511644e-03
 4.23559200e+03  8.87384482e-03
 4.23649300e+03  8.84134095e-03
 4.23739300e+03  8.67652352e-03
 4.23829300e+03  8.75700855e-03
 4.23919300e+03  8.88842870e-03
 4.24009300e+03  8.86104778e-03
 4.24099400e+03  8.92463017e-03
 4.24189400e+03  9.24890453e-03
 4.24279400e+03  9.49099482e-03
 4.24369500e+03  9.43803014e-03
 4.24459500e+03  9.50258859e-03
 4.24549500e+03  9.75094312e-03
 4.24639500e+03  9.70372627e-03
 4.24729600e+03  9.27328501e-03
 4.24819600e+03  8.86685241e-03
 4.24909600e+03  8.80041934e-03
 4.24999600e+03  8.84126865e-03
 4.25089700e+03  8.63608735e-03
 4.25179700e+03  8.53416547e-03
 4.25269700e+03  8.94602571e-03
 4.25359700e+03  9.37043511e-03
 4.25449700e+03  9.27208690e-03
 4.25539800e+03  8.92077763e-03
 4.25629800e+03  8.87192371e-03
 4.25719800e+03  9.25274158e-03
 4.25809800e+03  9.60526961e-03
 4.25899800e+03  9.47052885e-03
 4.25989900e+03  8.99433739e-03
 4.26079900e+03  8.49147768e-03
 4.26169900e+03  8.21770464e-03
 4.26259900e+03  8.51221219e-03
 4.26350000e+03  9.19164319e-03
 4.26440000e+03  9.71396701e-03
 4.26530000e+03  9.89210823e-03
 4.26620000e+03  9.97536647e-03
 4.26710100e+03  1.00173881e-02
 4.26800100e+03  9.79972991e-03
 4.26890100e+03  9.43845361e-03
 4.26980100e+03  9.20832376e-03
 4.27070200e+03  8.99281909e-03
 4.27160200e+03  8.46201556e-03
 4.27250200e+03  7.84542847e-03
 4.27340300e+03  7.81338422e-03
 4.27430300e+03  8.21563377e-03
 4.27520300e+03  8.35046233e-03
 4.27610300e+03  8.38342582e-03
 4.27700300e+03  8.79435649e-03
 4.27790400e+03  9.35602682e-03
 4.27880400e+03  9.69015459e-03
 4.27970400e+03  9.70297229e-03
 4.28060400e+03  9.40079581e-03
 4.28150400e+03  9.07244169e-03
 4.28240500e+03  8.98849144e-03
 4.28330500e+03  8.98920927e-03
 4.28420500e+03  9.03672049e-03
 4.28510500e+03  9.13892124e-03
 4.28600600e+03  9.04654808e-03
 4.28690600e+03  8.86042807e-03
 4.28780600e+03  8.81508068e-03
 4.28870600e+03  8.76690328e-03
 4.28960600e+03  8.38264601e-03
 4.29050700e+03  7.76093081e-03
 4.29140700e+03  7.54914441e-03
 4.29230700e+03  8.02210821e-03
 4.29320800e+03  8.72259907e-03
 4.29410800e+03  9.07256563e-03
 4.29500800e+03  8.89893797e-03
 4.29590800e+03  8.66159880e-03
 4.29680900e+03  8.64504218e-03
 4.29770900e+03  8.58458416e-03
 4.29860900e+03  8.33132357e-03
 4.29950900e+03  7.80446554e-03
 4.30041000e+03  7.14012451e-03
 4.30131000e+03  6.89248781e-03
 4.30221000e+03  7.11089995e-03
 4.30311000e+03  7.24991673e-03
 4.30401000e+03  7.30553067e-03
 4.30491100e+03  7.57967037e-03
 4.30581100e+03  7.80260640e-03
 4.30671100e+03  7.76672511e-03
 4.30761100e+03  7.57744457e-03
 4.30851100e+03  7.21460350e-03
 4.30941200e+03  6.90052340e-03
 4.31031200e+03  7.03058534e-03
 4.31121200e+03  7.49201734e-03
 4.31211200e+03  7.92404403e-03
 4.31301300e+03  8.13107414e-03
 4.31391300e+03  8.16129024e-03
 4.31481300e+03  8.11734753e-03
 4.31571300e+03  8.23868704e-03
 4.31661400e+03  8.87961330e-03
 4.31751400e+03  9.72130542e-03
 4.31841400e+03  1.00927915e-02
 4.31931500e+03  1.00163501e-02
 4.32021500e+03  9.84418904e-03
 4.32111500e+03  9.59849410e-03
 4.32201500e+03  9.32020750e-03
 4.32291600e+03  9.25222515e-03
 4.32381600e+03  9.12335099e-03
 4.32471600e+03  8.59253712e-03
 4.32561600e+03  7.82204985e-03
 4.32651600e+03  7.24757732e-03
 4.32741700e+03  7.42924057e-03
 4.32831700e+03  8.32504900e-03
 4.32921700e+03  9.18772868e-03
 4.33011700e+03  9.51061901e-03
 4.33101700e+03  9.29664814e-03
 4.33191800e+03  8.99539090e-03
 4.33281800e+03  8.98336849e-03
 4.33371800e+03  9.07507030e-03
 4.33461800e+03  9.05047808e-03
 4.33551900e+03  9.04823679e-03
 4.33641900e+03  9.00925178e-03
 4.33731900e+03  8.52824722e-03
 4.33821900e+03  7.58571255e-03
 4.33911900e+03  6.72352864e-03
 4.34002000e+03  6.10331623e-03
 4.34092000e+03  5.54396982e-03
 4.34182000e+03  5.38745652e-03
 4.34272100e+03  6.01036984e-03
 4.34362100e+03  6.96090912e-03
 4.34452100e+03  7.51156924e-03
 4.34542200e+03  7.81540861e-03
 4.34632200e+03  8.24558649e-03
 4.34722200e+03  8.59473710e-03
 4.34812200e+03  8.72348732e-03
 4.34902200e+03  8.93655962e-03
 4.34992300e+03  9.28743509e-03
 4.35082300e+03  9.35846435e-03
 4.35172300e+03  8.76733191e-03
 4.35262300e+03  7.93268384e-03
 4.35352300e+03  7.77009221e-03
 4.35442400e+03  8.35393271e-03
 4.35532400e+03  8.91223594e-03
 4.35622400e+03  9.15955763e-03
 4.35712400e+03  9.39121094e-03
 4.35802400e+03  9.61405402e-03
 4.35892500e+03  9.53909992e-03
 4.35982500e+03  9.19116808e-03
 4.36072500e+03  9.07317501e-03
 4.36162600e+03  9.41335530e-03
 4.36252600e+03  9.82341838e-03
 4.36342600e+03  9.94888930e-03
 4.36432600e+03  9.91744410e-03
 4.36522600e+03  1.00398629e-02
 4.36612700e+03  1.02542211e-02
 4.36702700e+03  1.01813844e-02
 4.36792700e+03  9.72803962e-03
 4.36882800e+03  9.29876548e-03
 4.36972800e+03  9.25321669e-03
 4.37062800e+03  9.38171903e-03
 4.37152800e+03  9.45528394e-03
 4.37242900e+03  9.58215438e-03
 4.37332900e+03  9.68708702e-03
 4.37422900e+03  9.44048833e-03
 4.37512900e+03  8.83688936e-03
 4.37602900e+03  8.41906439e-03
 4.37693000e+03  8.63219349e-03
 4.37783000e+03  9.29734015e-03
 4.37873000e+03  9.86589444e-03
 4.37963000e+03  1.00463389e-02
 4.38053000e+03  9.93579789e-03
 4.38143100e+03  9.80272518e-03
 4.38233100e+03  9.67364961e-03
 4.38323100e+03  9.10777557e-03
 4.38413100e+03  8.01755849e-03
 4.38503200e+03  7.24331680e-03
 4.38593200e+03  7.45787124e-03
 4.38683200e+03  8.34442531e-03
 4.38773200e+03  9.09465835e-03
 4.38863300e+03  9.31216158e-03
 4.38953300e+03  9.26847708e-03
 4.39043300e+03  9.19666285e-03
 4.39133300e+03  9.10588029e-03
 4.39223400e+03  9.14599628e-03
 4.39313400e+03  9.39927752e-03
 4.39403400e+03  9.55816121e-03
 4.39493500e+03  9.32708113e-03
 4.39583500e+03  8.94643369e-03
 4.39673500e+03  8.99930541e-03
 4.39763500e+03  9.58488627e-03
 4.39853500e+03  1.00539407e-02
 4.39943600e+03  9.98512692e-03
 4.40033600e+03  9.52047759e-03
 4.40123600e+03  9.00060164e-03
 4.40213600e+03  8.93214934e-03
 4.40303600e+03  9.43837615e-03
 4.40393700e+03  9.75348910e-03
 4.40483700e+03  9.25449743e-03
 4.40573700e+03  8.57780865e-03
 4.40663700e+03  8.67684887e-03
 4.40753800e+03  9.21654010e-03
 4.40843800e+03  9.31932441e-03
 4.40933800e+03  9.09918224e-03
 4.41023800e+03  9.22068184e-03
 4.41113900e+03  9.68404011e-03
 4.41203900e+03  1.00408545e-02
 4.41293900e+03  1.02407166e-02
 4.41383900e+03  1.03547642e-02
 4.41473900e+03  1.00634171e-02
 4.41564000e+03  9.28497690e-03
 4.41654000e+03  8.73537545e-03
 4.41744000e+03  8.83698231e-03
 4.41834100e+03  9.15701165e-03
 4.41924100e+03  9.48945070e-03
 4.42014100e+03  9.93415566e-03
 4.42104100e+03  1.02791542e-02
 4.42194200e+03  1.02206070e-02
 4.42284200e+03  9.82120808e-03
 4.42374200e+03  9.49020985e-03
 4.42464200e+03  9.54007080e-03
 4.42554200e+03  9.76025945e-03
 4.42644300e+03  9.81242883e-03
 4.42734300e+03  9.72892787e-03
 4.42824300e+03  9.69580430e-03
 4.42914300e+03  9.83358165e-03
 4.43004300e+03  9.92198349e-03
 4.43094400e+03  9.69656861e-03
 4.43184400e+03  9.50525851e-03
 4.43274400e+03  9.67308671e-03
 4.43364400e+03  9.82078461e-03
 4.43454500e+03  9.58707075e-03
 4.43544500e+03  9.12320122e-03
 4.43634500e+03  8.84341699e-03
 4.43724500e+03  9.09619730e-03
 4.43814600e+03  9.72197678e-03
 4.43904600e+03  1.02455142e-02
 4.43994600e+03  1.04944471e-02
 4.44084600e+03  1.04345778e-02
 4.44174700e+03  1.00545863e-02
 4.44264700e+03  9.49295724e-03
 4.44354700e+03  8.99381580e-03
 4.44444800e+03  8.81442482e-03
 4.44534800e+03  9.13885927e-03
 4.44624800e+03  9.78815163e-03
 4.44714800e+03  1.01915941e-02
 4.44804800e+03  1.01294371e-02
 4.44894900e+03  1.00462150e-02
 4.44984900e+03  1.01211226e-02
 4.45074900e+03  9.99336392e-03
 4.45164900e+03  9.77107858e-03
 4.45254900e+03  9.84383787e-03
 4.45345000e+03  1.00085055e-02
 4.45435000e+03  9.85322134e-03
 4.45525000e+03  9.31734133e-03
 4.45615000e+03  8.81352624e-03
 4.45705100e+03  8.83213824e-03
 4.45795100e+03  9.16479419e-03
 4.45885100e+03  9.30005138e-03
 4.45975100e+03  9.21310070e-03
 4.46065200e+03  9.17464760e-03
 4.46155200e+03  9.15608725e-03
 4.46245200e+03  8.97436718e-03
 4.46335200e+03  8.98728817e-03
 4.46425300e+03  9.41607170e-03
 4.46515300e+03  9.74415728e-03
 4.46605300e+03  9.75469238e-03
 4.46695300e+03  9.69728127e-03
 4.46785400e+03  9.64758041e-03
 4.46875400e+03  9.53392533e-03
 4.46965400e+03  9.30807148e-03
 4.47055400e+03  9.17765320e-03
 4.47145500e+03  9.36191408e-03
 4.47235500e+03  9.69765310e-03
 4.47325500e+03  1.00040178e-02
 4.47415500e+03  1.02582544e-02
 4.47505500e+03  1.04230099e-02
 4.47595600e+03  1.03829197e-02
 4.47685600e+03  1.02715059e-02
 4.47775600e+03  1.03839113e-02
 4.47865600e+03  1.06141496e-02
 4.47955600e+03  1.05668707e-02
 4.48045700e+03  1.01068589e-02
 4.48135700e+03  9.42896170e-03
 4.48225700e+03  8.91761711e-03
 4.48315800e+03  8.91828330e-03
 4.48405800e+03  9.42385424e-03
 4.48495800e+03  1.00173054e-02
 4.48585800e+03  1.03816390e-02
 4.48675800e+03  1.05607769e-02
 4.48765900e+03  1.05779894e-02
 4.48855900e+03  1.03266757e-02
 4.48945900e+03  9.83888535e-03
 4.49036000e+03  9.43537055e-03
 4.49126000e+03  9.38948091e-03
 4.49216000e+03  9.67224493e-03
 4.49306000e+03  1.00522417e-02
 4.49396100e+03  1.02104695e-02
 4.49486100e+03  9.94916817e-03
 4.49576100e+03  9.58165861e-03
 4.49666100e+03  9.53423519e-03
 4.49756100e+03  9.73418509e-03
 4.49846200e+03  1.00253410e-02
 4.49936200e+03  1.03213049e-02
 4.50026200e+03  1.04565879e-02
 4.50116200e+03  1.03095872e-02
 4.50206200e+03  9.95486951e-03
 4.50296300e+03  9.87753985e-03
 4.50386300e+03  1.03333428e-02
 4.50476300e+03  1.08543239e-02
 4.50566300e+03  1.10326924e-02
 4.50656400e+03  1.09583476e-02
 4.50746400e+03  1.07737149e-02
 4.50836400e+03  1.05348678e-02
 4.50926500e+03  1.03738100e-02
 4.51016500e+03  1.04349755e-02
 4.51106500e+03  1.06597758e-02
 4.51196500e+03  1.07941861e-02
 4.51286500e+03  1.06834230e-02
 4.51376600e+03  1.04525701e-02
 4.51466600e+03  1.02395753e-02
 4.51556600e+03  1.00600552e-02
 4.51646700e+03  1.00408545e-02
 4.51736700e+03  1.01663254e-02
 4.51826700e+03  1.01601128e-02
 4.51916700e+03  1.00559341e-02
 4.52006700e+03  1.01063167e-02
 4.52096800e+03  1.02599741e-02
 4.52186800e+03  1.03825427e-02
 4.52276800e+03  1.02981535e-02
 4.52366800e+03  9.97309419e-03
 4.52456800e+03  9.83574031e-03
 4.52546900e+03  9.90824655e-03
 4.52636900e+03  9.81085889e-03
 4.52726900e+03  9.57425305e-03
 4.52816900e+03  9.34513023e-03
 4.52906900e+03  9.12989927e-03
 4.52997000e+03  9.00205279e-03
 4.53087000e+03  9.10125311e-03
 4.53177000e+03  9.31863240e-03
 4.53267100e+03  9.56069687e-03
 4.53357100e+03  9.66735437e-03
 4.53447100e+03  9.38419787e-03
 4.53537200e+03  9.01790192e-03
 4.53627200e+03  8.99151253e-03
 4.53717200e+03  9.42028574e-03
 4.53807200e+03  1.01414853e-02
 4.53897200e+03  1.06111388e-02
 4.53987300e+03  1.05696336e-02
 4.54077300e+03  1.02668116e-02
 4.54167300e+03  9.97794344e-03
 4.54257300e+03  9.91930840e-03
 4.54347400e+03  1.01419966e-02
 4.54437400e+03  1.03067520e-02
 4.54527400e+03  1.01365276e-02
 4.54617400e+03  9.89949829e-03
 4.54707400e+03  9.91397372e-03
 4.54797500e+03  1.00291213e-02
 4.54887500e+03  9.94858977e-03
 4.54977500e+03  9.53988489e-03
 4.55067500e+03  9.16391110e-03
 4.55157500e+03  9.37154543e-03
 4.55247600e+03  9.84701389e-03
 4.55337600e+03  9.96114925e-03
 4.55427600e+03  9.74904267e-03
 4.55517600e+03  9.46795188e-03
 4.55607700e+03  9.31305500e-03
 4.55697700e+03  9.46148622e-03
 4.55787700e+03  9.90309262e-03
 4.55877800e+03  1.02860020e-02
 4.55967800e+03  1.04025542e-02
 4.56057800e+03  1.04381050e-02
 4.56147900e+03  1.04934659e-02
 4.56237900e+03  1.05628891e-02
 4.56327900e+03  1.05180117e-02
 4.56417900e+03  1.01872820e-02
 4.56507900e+03  9.77305649e-03
 4.56598000e+03  9.61322774e-03
 4.56688000e+03  9.76613638e-03
 4.56778000e+03  1.01503213e-02
 4.56868000e+03  1.05215027e-02
 4.56958000e+03  1.06420211e-02
 4.57048100e+03  1.05940864e-02
 4.57138100e+03  1.03639979e-02
 4.57228100e+03  9.88863268e-03
 4.57318100e+03  9.68168520e-03
 4.57408100e+03  1.00857577e-02
 4.57498200e+03  1.05148615e-02
 4.57588200e+03  1.05143915e-02
 4.57678200e+03  1.03892511e-02
 4.57768200e+03  1.03937234e-02
 4.57858300e+03  1.04143443e-02
 4.57948300e+03  1.02821495e-02
 4.58038300e+03  9.99022405e-03
 4.58128300e+03  9.70353003e-03
 4.58218400e+03  9.60813578e-03
 4.58308400e+03  9.68816119e-03
 4.58398400e+03  9.69694560e-03
 4.58488500e+03  9.62283843e-03
 4.58578500e+03  9.68164905e-03
 4.58668500e+03  9.80710448e-03
 4.58758500e+03  9.91540422e-03
 4.58848600e+03  1.00902661e-02
 4.58938600e+03  1.02740829e-02
 4.59028600e+03  1.03740630e-02
 4.59118600e+03  1.03362813e-02
 4.59208600e+03  1.01419707e-02
 4.59298700e+03  9.89743259e-03
 4.59388700e+03  9.84048627e-03
 4.59478700e+03  9.96837922e-03
 4.59568700e+03  1.00193453e-02
 4.59658700e+03  9.96821397e-03
 4.59748800e+03  9.97444207e-03
 4.59838800e+03  1.00216383e-02
 4.59928800e+03  1.00986426e-02
 4.60018800e+03  1.01826548e-02
 4.60108800e+03  1.00600242e-02
 4.60198900e+03  9.90315459e-03
 4.60288900e+03  9.97974576e-03
 4.60378900e+03  1.00977543e-02
 4.60469000e+03  1.01410876e-02
 4.60559000e+03  1.01148325e-02
 4.60649000e+03  1.00422953e-02
 4.60739100e+03  1.01008271e-02
 4.60829100e+03  1.03219608e-02
 4.60919100e+03  1.06041154e-02
 4.61009100e+03  1.08159948e-02
 4.61099200e+03  1.08074531e-02
 4.61189200e+03  1.05993281e-02
 4.61279200e+03  1.04054049e-02
 4.61369200e+03  1.03111881e-02
 4.61459200e+03  1.02662900e-02
 4.61549300e+03  1.03850422e-02
 4.61639300e+03  1.04945039e-02
 4.61729300e+03  1.04254784e-02
 4.61819300e+03  1.04159917e-02
 4.61909300e+03  1.04174428e-02
 4.61999400e+03  1.02418114e-02
 4.62089400e+03  1.01587649e-02
 4.62179400e+03  1.03787573e-02
 4.62269400e+03  1.06024060e-02
 4.62359500e+03  1.06202589e-02
 4.62449500e+03  1.05978821e-02
 4.62539500e+03  1.05805509e-02
 4.62629500e+03  1.04677376e-02
 4.62719500e+03  1.04080490e-02
 4.62809600e+03  1.04818308e-02
 4.62899600e+03  1.04840153e-02
 4.62989600e+03  1.02887752e-02
 4.63079700e+03  1.01566786e-02
 4.63169700e+03  1.03549397e-02
 4.63259700e+03  1.06011563e-02
 4.63349800e+03  1.05285209e-02
 4.63439800e+03  1.02602891e-02
 4.63529800e+03  1.01378651e-02
 4.63619800e+03  1.02012875e-02
 4.63709800e+03  1.02559305e-02
 4.63799900e+03  1.01630306e-02
 4.63889900e+03  1.00113356e-02
 4.63979900e+03  9.99350852e-03
 4.64069900e+03  1.00374512e-02
 4.64159900e+03  1.01271803e-02
 4.64250000e+03  1.03341742e-02
 4.64340000e+03  1.04573522e-02
 4.64430000e+03  1.03632542e-02
 4.64520000e+03  1.02187633e-02
 4.64610000e+03  1.00549013e-02
 4.64700100e+03  9.75578720e-03
 4.64790100e+03  9.47154104e-03
 4.64880100e+03  9.42804762e-03
 4.64970200e+03  9.61693568e-03
 4.65060200e+03  9.90747708e-03
 4.65150200e+03  1.01652977e-02
 4.65240200e+03  1.02953597e-02
 4.65330200e+03  1.03699936e-02
 4.65420300e+03  1.03912910e-02
 4.65510300e+03  1.01907162e-02
 4.65600300e+03  9.89855323e-03
 4.65690400e+03  9.78119021e-03
 4.65780400e+03  9.83296194e-03
 4.65870400e+03  1.01004707e-02
 4.65960400e+03  1.05329983e-02
 4.66050500e+03  1.08477550e-02
 4.66140500e+03  1.08871841e-02
 4.66230500e+03  1.06799009e-02
 4.66320500e+03  1.03841850e-02
 4.66410500e+03  1.01582433e-02
 4.66500600e+03  1.00930497e-02
 4.66590600e+03  1.01084443e-02
 4.66680600e+03  9.89141622e-03
 4.66770600e+03  9.32693137e-03
 4.66860600e+03  8.88511840e-03
 4.66950700e+03  8.99153836e-03
 4.67040700e+03  9.42701994e-03
 4.67130700e+03  9.84575898e-03
 4.67220700e+03  1.01588424e-02
 4.67310800e+03  1.02704627e-02
 4.67400800e+03  1.01834604e-02
 4.67490800e+03  1.01012660e-02
 4.67580900e+03  1.01544734e-02
 4.67670900e+03  1.03517689e-02
 4.67760900e+03  1.05337523e-02
 4.67850900e+03  1.04707277e-02
 4.67940900e+03  1.01844055e-02
 4.68031000e+03  9.94210346e-03
 4.68121000e+03  9.86115364e-03
 4.68211000e+03  9.84617212e-03
 4.68301100e+03  9.89685419e-03
 4.68391100e+03  1.00762916e-02
 4.68481100e+03  1.02869367e-02
 4.68571100e+03  1.03553942e-02
 4.68661100e+03  1.03256532e-02
 4.68751200e+03  1.02913935e-02
 4.68841200e+03  1.02279092e-02
 4.68931200e+03  1.01899261e-02
 4.69021200e+03  1.02169713e-02
 4.69111200e+03  1.01849322e-02
 4.69201300e+03  1.00572510e-02
 4.69291300e+03  1.00105609e-02
 4.69381300e+03  1.01219954e-02
 4.69471300e+03  1.02526615e-02
 4.69561400e+03  1.03699368e-02
 4.69651400e+03  1.05149079e-02
 4.69741400e+03  1.05861128e-02
 4.69831400e+03  1.04245850e-02
 4.69921500e+03  1.00589346e-02
 4.70011500e+03  9.80701152e-03
 4.70101500e+03  9.85621145e-03
 4.70191600e+03  9.94122037e-03
 4.70281600e+03  9.82606765e-03
 4.70371600e+03  9.59554014e-03
 4.70461600e+03  9.55435515e-03
 4.70551600e+03  9.81636916e-03
 4.70641700e+03  1.00808104e-02
 4.70731700e+03  1.00813578e-02
 4.70821700e+03  9.85476545e-03
 4.70911700e+03  9.65220759e-03
 4.71001800e+03  9.60128280e-03
 4.71091800e+03  9.74191083e-03
 4.71181800e+03  1.00724856e-02
 4.71271800e+03  1.03422098e-02
 4.71361800e+03  1.03424371e-02
 4.71451900e+03  1.01191344e-02
 4.71541900e+03  9.86065271e-03
 4.71631900e+03  9.86395267e-03
 4.71721900e+03  1.01756675e-02
 4.71811900e+03  1.04592475e-02
 4.71902000e+03  1.05484963e-02
 4.71992000e+03  1.05957028e-02
 4.72082000e+03  1.06718499e-02
 4.72172100e+03  1.06906994e-02
 4.72262100e+03  1.05960540e-02
 4.72352100e+03  1.04795431e-02
 4.72442100e+03  1.05132760e-02
 4.72532200e+03  1.06833094e-02
 4.72622200e+03  1.08051808e-02
 4.72712200e+03  1.06999538e-02
 4.72802300e+03  1.03035657e-02
 4.72892300e+03  9.86774324e-03
 4.72982300e+03  9.71133840e-03
 4.73072300e+03  9.76159700e-03
 4.73162300e+03  9.80453784e-03
 4.73252400e+03  9.85989356e-03
 4.73342400e+03  1.00337639e-02
 4.73432400e+03  1.01995368e-02
 4.73522400e+03  1.02959432e-02
 4.73612400e+03  1.03611833e-02
 4.73702500e+03  1.02196929e-02
 4.73792500e+03  9.99189211e-03
 4.73882500e+03  1.01041064e-02
 4.73972500e+03  1.04333023e-02
 4.74062500e+03  1.05184661e-02
 4.74152600e+03  1.03515778e-02
 4.74242600e+03  1.02479311e-02
 4.74332600e+03  1.03522182e-02
 4.74422600e+03  1.05162300e-02
 4.74512700e+03  1.05296003e-02
 4.74602700e+03  1.04120771e-02
 4.74692700e+03  1.04083537e-02
 4.74782800e+03  1.05453461e-02
 4.74872800e+03  1.05892010e-02
 4.74962800e+03  1.05249421e-02
 4.75052900e+03  1.05268942e-02
 4.75142900e+03  1.05798485e-02
 4.75232900e+03  1.05372021e-02
 4.75322900e+03  1.04028280e-02
 4.75412900e+03  1.02949104e-02
 4.75503000e+03  1.02003269e-02
 4.75593000e+03  1.01256413e-02
 4.75683000e+03  1.01000008e-02
 4.75773000e+03  1.01182823e-02
 4.75863000e+03  1.02092043e-02
 4.75953100e+03  1.03342104e-02
 4.76043100e+03  1.04761760e-02
 4.76133100e+03  1.05440137e-02
 4.76223100e+03  1.03535815e-02
 4.76313100e+03  9.99264609e-03
 4.76403200e+03  9.78022449e-03
 4.76493200e+03  9.75113420e-03
 4.76583200e+03  9.71347640e-03
 4.76673300e+03  9.66176664e-03
 4.76763300e+03  9.72017961e-03
 4.76853300e+03  9.92411633e-03
 4.76943300e+03  1.01726878e-02
 4.77033300e+03  1.04047645e-02
 4.77123400e+03  1.04890866e-02
 4.77213400e+03  1.03200293e-02
 4.77303400e+03  1.01228165e-02
 4.77393500e+03  1.01704981e-02
 4.77483500e+03  1.04330595e-02
 4.77573500e+03  1.06585364e-02
 4.77663500e+03  1.06535580e-02
 4.77753600e+03  1.05848011e-02
 4.77843600e+03  1.06400122e-02
 4.77933600e+03  1.06685292e-02
 4.78023600e+03  1.05503399e-02
 4.78113600e+03  1.04301934e-02
 4.78203700e+03  1.04518213e-02
 4.78293700e+03  1.04580236e-02
 4.78383700e+03  1.02851499e-02
 4.78473700e+03  1.01525162e-02
 4.78563700e+03  1.02718055e-02
 4.78653800e+03  1.03020732e-02
 4.78743800e+03  1.00633087e-02
 4.78833800e+03  9.99033250e-03
 4.78923800e+03  1.01307281e-02
 4.79013900e+03  1.01276709e-02
 4.79103900e+03  1.00889699e-02
 4.79193900e+03  1.01970424e-02
 4.79284000e+03  1.03148547e-02
 4.79374000e+03  1.04288558e-02
 4.79464000e+03  1.06439990e-02
 4.79554000e+03  1.08640017e-02
 4.79644000e+03  1.09277597e-02
 4.79734100e+03  1.08274388e-02
 4.79824100e+03  1.06450164e-02
 4.79914100e+03  1.03964501e-02
 4.80004200e+03  1.01666662e-02
 4.80094200e+03  1.01003055e-02
 4.80184200e+03  1.02246248e-02
 4.80274200e+03  1.04781745e-02
 4.80364200e+03  1.06734714e-02
 4.80454300e+03  1.06548543e-02
 4.80544300e+03  1.04320835e-02
 4.80634300e+03  1.02043860e-02
 4.80724300e+03  1.01936547e-02
 4.80814300e+03  1.02410884e-02
 4.80904400e+03  1.01985194e-02
 4.80994400e+03  1.02069475e-02
 4.81084400e+03  1.03062201e-02
 4.81174400e+03  1.03643594e-02
 4.81264500e+03  1.03615603e-02
 4.81354500e+03  1.03631354e-02
 4.81444500e+03  1.03777296e-02
 4.81534500e+03  1.04206292e-02
 4.81624600e+03  1.04867162e-02
 4.81714600e+03  1.05623262e-02
 4.81804600e+03  1.06289917e-02
 4.81894700e+03  1.06746179e-02
 4.81984700e+03  1.07323130e-02
 4.82074700e+03  1.07517926e-02
 4.82164700e+03  1.07004341e-02
 4.82254700e+03  1.06246743e-02
 4.82344800e+03  1.03904234e-02
 4.82434800e+03  9.95773051e-03
 4.82524800e+03  9.74464789e-03
 4.82614800e+03  9.99471180e-03
 4.82704900e+03  1.03546919e-02
 4.82794900e+03  1.04881157e-02
 4.82884900e+03  1.03923755e-02
 4.82974900e+03  1.02461287e-02
 4.83064900e+03  1.02145648e-02
 4.83155000e+03  1.02554606e-02
 4.83245000e+03  1.01676991e-02
 4.83335000e+03  1.00423418e-02
 4.83425000e+03  1.01053664e-02
 4.83515000e+03  1.02836729e-02
 4.83605100e+03  1.03656039e-02
 4.83695100e+03  1.03102534e-02
 4.83785100e+03  1.02791129e-02
 4.83875200e+03  1.02931080e-02
 4.83965200e+03  1.01587752e-02
 4.84055200e+03  9.92190603e-03
 4.84145300e+03  9.82043344e-03
 4.84235300e+03  9.93546221e-03
 4.84325300e+03  1.00166341e-02
 4.84415300e+03  9.92169429e-03
 4.84505300e+03  9.91711875e-03
 4.84595400e+03  1.01113415e-02
 4.84685400e+03  1.02783434e-02
 4.84775400e+03  1.02202196e-02
 4.84865400e+03  9.95283996e-03
 4.84955500e+03  9.64916584e-03
 4.85045500e+03  9.59921710e-03
 4.85135500e+03  9.80938708e-03
 4.85225500e+03  9.90995592e-03
 4.85315500e+03  9.81890481e-03
 4.85405600e+03  9.72857670e-03
 4.85495600e+03  9.51078943e-03
 4.85585600e+03  9.02815814e-03
 4.85675600e+03  8.63521459e-03
 4.85765700e+03  8.66106172e-03
 4.85855700e+03  8.81042768e-03
 4.85945700e+03  8.63049962e-03
 4.86035700e+03  7.99721646e-03
 4.86125700e+03  7.04529316e-03
 4.86215800e+03  6.30816186e-03
 4.86305800e+03  6.32384056e-03
 4.86395800e+03  7.03035295e-03
 4.86485900e+03  7.80669133e-03
 4.86575900e+03  8.27830726e-03
 4.86665900e+03  8.63680002e-03
 4.86756000e+03  8.95986077e-03
 4.86846000e+03  9.16234633e-03
 4.86936000e+03  9.28779659e-03
 4.87026000e+03  9.40133290e-03
 4.87116000e+03  9.28721819e-03
 4.87206100e+03  8.85102394e-03
 4.87296100e+03  8.57923915e-03
 4.87386100e+03  8.85684407e-03
 4.87476100e+03  9.32359526e-03
 4.87566100e+03  9.55053876e-03
 4.87656200e+03  9.57799198e-03
 4.87746200e+03  9.61916664e-03
 4.87836200e+03  9.67636601e-03
 4.87926200e+03  9.74863986e-03
 4.88016200e+03  1.00205744e-02
 4.88106300e+03  1.02828053e-02
 4.88196300e+03  1.01608461e-02
 4.88286300e+03  9.88955192e-03
 4.88376400e+03  9.85710486e-03
 4.88466400e+03  9.92355343e-03
 4.88556400e+03  9.80706316e-03
 4.88646400e+03  9.59781758e-03
 4.88736400e+03  9.50973076e-03
 4.88826500e+03  9.59837016e-03
 4.88916500e+03  9.72381009e-03
 4.89006500e+03  9.72640771e-03
 4.89096600e+03  9.53276854e-03
 4.89186600e+03  9.15570509e-03
 4.89276600e+03  9.08530070e-03
 4.89366600e+03  9.63062614e-03
 4.89456700e+03  1.02561629e-02
 4.89546700e+03  1.06048022e-02
 4.89636700e+03  1.07656639e-02
 4.89726700e+03  1.07928692e-02
 4.89816700e+03  1.07561874e-02
 4.89906800e+03  1.07071218e-02
 4.89996800e+03  1.05162042e-02
 4.90086800e+03  1.02232666e-02
 4.90176800e+03  1.01640221e-02
 4.90266800e+03  1.03122313e-02
 4.90356900e+03  1.02801664e-02
 4.90446900e+03  1.00907981e-02
 4.90536900e+03  1.00975219e-02
 4.90627000e+03  1.03771461e-02
 4.90717000e+03  1.06602406e-02
 4.90807000e+03  1.06889952e-02
 4.90897000e+03  1.04997715e-02
 4.90987000e+03  1.02171211e-02
 4.91077100e+03  9.87704408e-03
 4.91167100e+03  9.64980105e-03
 4.91257100e+03  9.74044934e-03
 4.91347200e+03  1.00308978e-02
 4.91437200e+03  1.02445123e-02
 4.91527200e+03  1.03959027e-02
 4.91617200e+03  1.05739045e-02
 4.91707300e+03  1.06542656e-02
 4.91797300e+03  1.04938481e-02
 4.91887300e+03  1.00214420e-02
 4.91977300e+03  9.38706920e-03
 4.92067300e+03  8.91338241e-03
 4.92157400e+03  8.79584897e-03
 4.92247400e+03  9.09525740e-03
 4.92337400e+03  9.56423439e-03
 4.92427400e+03  9.72699644e-03
 4.92517400e+03  9.56041800e-03
 4.92607500e+03  9.57329767e-03
 4.92697500e+03  9.96988202e-03
 4.92787500e+03  1.03362141e-02
 4.92877500e+03  1.04424533e-02
 4.92967600e+03  1.05358697e-02
 4.93057600e+03  1.06575449e-02
 4.93147600e+03  1.06684156e-02
 4.93237700e+03  1.06281137e-02
 4.93327700e+03  1.04604921e-02
 4.93417700e+03  9.99950423e-03
 4.93507700e+03  9.62542573e-03
 4.93597700e+03  9.79777265e-03
 4.93687800e+03  1.01541222e-02
 4.93777800e+03  1.01397140e-02
 4.93867800e+03  9.76059513e-03
 4.93957900e+03  9.36472344e-03
 4.94047900e+03  9.33559700e-03
 4.94137900e+03  9.76939503e-03
 4.94227900e+03  1.02791749e-02
 4.94317900e+03  1.05076367e-02
 4.94408000e+03  1.05841142e-02
 4.94498000e+03  1.06678217e-02
 4.94588000e+03  1.06034131e-02
 4.94678000e+03  1.03731128e-02
 4.94768000e+03  1.02823612e-02
 4.94858100e+03  1.04411778e-02
 4.94948100e+03  1.05969164e-02
 4.95038100e+03  1.06160655e-02
 4.95128100e+03  1.06115210e-02
 4.95218200e+03  1.06585106e-02
 4.95308200e+03  1.06243645e-02
 4.95398200e+03  1.04869073e-02
 4.95488200e+03  1.04194052e-02
 4.95578300e+03  1.04479636e-02
 4.95668300e+03  1.03818146e-02
 4.95758300e+03  9.84951340e-03
 4.95848400e+03  9.08535751e-03
 4.95938400e+03  9.10447561e-03
 4.96028400e+03  9.94026498e-03
 4.96118400e+03  1.05762181e-02
 4.96208500e+03  1.06826277e-02
 4.96298500e+03  1.05720247e-02
 4.96388500e+03  1.05449743e-02
 4.96478500e+03  1.05853381e-02
 4.96568500e+03  1.04381257e-02
 4.96658600e+03  1.01307333e-02
 4.96748600e+03  9.96850833e-03
 4.96838600e+03  9.99412307e-03
 4.96928600e+03  1.00360620e-02
 4.97018600e+03  1.00750212e-02
 4.97108700e+03  1.01064251e-02
 4.97198700e+03  1.01698887e-02
 4.97288700e+03  1.03184026e-02
 4.97378700e+03  1.04302140e-02
 4.97468800e+03  1.05009334e-02
 4.97558800e+03  1.05830865e-02
 4.97648800e+03  1.05759392e-02
 4.97738800e+03  1.04919683e-02
 4.97828900e+03  1.03844380e-02
 4.97918900e+03  1.01933293e-02
 4.98008900e+03  1.00160815e-02
 4.98098900e+03  9.95835022e-03
 4.98189000e+03  9.86617847e-03
 4.98279000e+03  9.52712916e-03
 4.98369000e+03  9.08754199e-03
 4.98459100e+03  8.92989256e-03
 4.98549100e+03  9.09794282e-03
 4.98639100e+03  9.36695440e-03
 4.98729100e+03  9.70946893e-03
 4.98819100e+03  1.01144607e-02
 4.98909200e+03  1.03421375e-02
 4.98999200e+03  1.03048103e-02
 4.99089200e+03  1.01518293e-02
 4.99179200e+03  9.97321297e-03
 4.99269200e+03  9.92807732e-03
 4.99359300e+03  1.00470826e-02
 4.99449300e+03  1.00378334e-02
 4.99539300e+03  9.98013308e-03
 4.99629300e+03  1.01310690e-02
 4.99719400e+03  1.02950033e-02
 4.99809400e+03  1.03097525e-02
 4.99899400e+03  1.02342509e-02
 4.99989400e+03  1.00332217e-02
 5.00079500e+03  9.75350976e-03
 5.00169500e+03  9.58452994e-03
 5.00259500e+03  9.55715935e-03
 5.00349500e+03  9.62180042e-03
 5.00439600e+03  9.74205543e-03
 5.00529600e+03  9.73993808e-03
 5.00619600e+03  9.46850446e-03
 5.00709600e+03  9.22836626e-03
 5.00799700e+03  9.42101390e-03
 5.00889700e+03  9.81292976e-03
 5.00979700e+03  1.01024280e-02
 5.01069700e+03  1.01664235e-02
 5.01159800e+03  1.00313832e-02
 5.01249800e+03  9.76503640e-03
 5.01339800e+03  9.40485492e-03
 5.01429800e+03  9.12661480e-03
 5.01519800e+03  9.02371687e-03
 5.01609900e+03  9.17576308e-03
 5.01699900e+03  9.47765036e-03
 5.01789900e+03  9.53065635e-03
 5.01879900e+03  9.24790266e-03
 5.01969900e+03  9.07171869e-03
 5.02060000e+03  9.28641773e-03
 5.02150000e+03  9.58947213e-03
 5.02240000e+03  9.64818463e-03
 5.02330100e+03  9.53767975e-03
 5.02420100e+03  9.59982648e-03
 5.02510100e+03  9.85104718e-03
 5.02600200e+03  1.00032535e-02
 5.02690200e+03  9.99420053e-03
 5.02780200e+03  9.81862594e-03
 5.02870200e+03  9.59535423e-03
 5.02960200e+03  9.66974543e-03
 5.03050300e+03  9.94744847e-03
 5.03140300e+03  1.00611087e-02
 5.03230300e+03  1.00781663e-02
 5.03320300e+03  1.02400452e-02
 5.03410400e+03  1.04685277e-02
 5.03500400e+03  1.05082873e-02
 5.03590400e+03  1.01861303e-02
 5.03680400e+03  9.70791449e-03
 5.03770400e+03  9.56814373e-03
 5.03860500e+03  9.76359557e-03
 5.03950500e+03  9.78103012e-03
 5.04040500e+03  9.47407669e-03
 5.04130500e+03  8.99354209e-03
 5.04220600e+03  8.55687789e-03
 5.04310600e+03  8.68985248e-03
 5.04400600e+03  9.39703623e-03
 5.04490600e+03  9.99151512e-03
 5.04580600e+03  1.02689393e-02
 5.04670700e+03  1.04578996e-02
 5.04760700e+03  1.05535366e-02
 5.04850700e+03  1.03414404e-02
 5.04940800e+03  9.89736545e-03
 5.05030800e+03  9.58436984e-03
 5.05120800e+03  9.53591874e-03
 5.05210900e+03  9.56083114e-03
 5.05300900e+03  9.57200660e-03
 5.05390900e+03  9.73429871e-03
 5.05480900e+03  1.00143050e-02
 5.05570900e+03  1.02288336e-02
 5.05661000e+03  1.03085698e-02
 5.05751000e+03  1.02774087e-02
 5.05841000e+03  1.02689651e-02
 5.05931000e+03  1.03317057e-02
 5.06021000e+03  1.03779930e-02
 5.06111100e+03  1.04011444e-02
 5.06201100e+03  1.04862101e-02
 5.06291100e+03  1.05808659e-02
 5.06381100e+03  1.05457851e-02
 5.06471200e+03  1.02541024e-02
 5.06561200e+03  9.77554050e-03
 5.06651200e+03  9.54919605e-03
 5.06741200e+03  9.73097292e-03
 5.06831200e+03  9.87829383e-03
 5.06921300e+03  9.79985902e-03
 5.07011300e+03  9.78193903e-03
 5.07101300e+03  9.97733922e-03
 5.07191400e+03  1.01043542e-02
 5.07281400e+03  9.91995910e-03
 5.07371400e+03  9.72335047e-03
 5.07461400e+03  9.81237202e-03
 5.07551500e+03  9.92442619e-03
 5.07641500e+03  9.87132724e-03
 5.07731500e+03  9.88497122e-03
 5.07821500e+03  1.00397648e-02
 5.07911600e+03  9.98916021e-03
 5.08001600e+03  9.47829590e-03
 5.08091600e+03  8.94050512e-03
 5.08181600e+03  8.92256963e-03
 5.08271600e+03  9.28463606e-03
 5.08361700e+03  9.53669337e-03
 5.08451700e+03  9.56187948e-03
 5.08541700e+03  9.64678512e-03
 5.08631700e+03  9.88320504e-03
 5.08721700e+03  1.00379986e-02
 5.08811800e+03  1.00035737e-02
 5.08901800e+03  9.94936957e-03
 5.08991800e+03  1.00152914e-02
 5.09081900e+03  1.01010130e-02
 5.09171900e+03  1.00988285e-02
 5.09261900e+03  1.01146570e-02
 5.09351900e+03  1.02359603e-02
 5.09441900e+03  1.03685992e-02
 5.09532000e+03  1.03820831e-02
 5.09622000e+03  1.02657581e-02
 5.09712000e+03  1.00686176e-02
 5.09802100e+03  9.80375287e-03
 5.09892100e+03  9.48763288e-03
 5.09982100e+03  9.18593152e-03
 5.10072100e+03  9.15572575e-03
 5.10162200e+03  9.51447672e-03
 5.10252200e+03  9.93776548e-03
 5.10342200e+03  1.01318953e-02
 5.10432200e+03  1.00980745e-02
 5.10522200e+03  9.99104517e-03
 5.10612300e+03  9.93769318e-03
 5.10702300e+03  9.89120449e-03
 5.10792300e+03  9.70854453e-03
 5.10882300e+03  9.50851716e-03
 5.10972300e+03  9.51018522e-03
 5.11062400e+03  9.53921870e-03
 5.11152400e+03  9.51490535e-03
 5.11242400e+03  9.68132887e-03
 5.11332400e+03  9.94962779e-03
 5.11422500e+03  1.00727283e-02
 5.11512500e+03  1.01007393e-02
 5.11602500e+03  1.00933079e-02
 5.11692600e+03  1.00911957e-02
 5.11782600e+03  1.02027954e-02
 5.11872600e+03  1.03519961e-02
 5.11962600e+03  1.03915699e-02
 5.12052700e+03  1.03106355e-02
 5.12142700e+03  1.01526969e-02
 5.12232700e+03  9.98023637e-03
 5.12322700e+03  9.79553136e-03
 5.12412800e+03  9.53627507e-03
 5.12502800e+03  9.30183822e-03
 5.12592800e+03  9.27414228e-03
 5.12682800e+03  9.39942728e-03
 5.12772800e+03  9.50198437e-03
 5.12862900e+03  9.51056221e-03
 5.12952900e+03  9.46270499e-03
 5.13042900e+03  9.41846792e-03
 5.13132900e+03  9.49354080e-03
 5.13222900e+03  9.66366709e-03
 5.13313000e+03  9.76668379e-03
 5.13403000e+03  9.75354075e-03
 5.13493000e+03  9.73838880e-03
 5.13583100e+03  9.89976683e-03
 5.13673100e+03  1.00540647e-02
 5.13763100e+03  9.89861520e-03
 5.13853100e+03  9.59824105e-03
 5.13943100e+03  9.36852434e-03
 5.14033200e+03  9.20800874e-03
 5.14123200e+03  9.33967677e-03
 5.14213200e+03  9.60818226e-03
 5.14303300e+03  9.48755025e-03
 5.14393300e+03  9.23157843e-03
 5.14483300e+03  9.38547345e-03
 5.14573300e+03  9.68113779e-03
 5.14663400e+03  9.67807022e-03
 5.14753400e+03  9.50526367e-03
 5.14843400e+03  9.39478461e-03
 5.14933400e+03  9.42573920e-03
 5.15023400e+03  9.59622183e-03
 5.15113500e+03  9.68887386e-03
 5.15203500e+03  9.56768928e-03
 5.15293500e+03  9.44063810e-03
 5.15383500e+03  9.41705807e-03
 5.15473500e+03  9.39924653e-03
 5.15563600e+03  9.42460306e-03
 5.15653600e+03  9.58306329e-03
 5.15743600e+03  9.80619040e-03
 5.15833700e+03  1.00099877e-02
 5.15923700e+03  1.01127410e-02
 5.16013700e+03  1.00816470e-02
 5.16103700e+03  1.00572252e-02
 5.16193800e+03  1.00497164e-02
 5.16283800e+03  9.89533073e-03
 5.16373800e+03  9.70868397e-03
 5.16463800e+03  9.69273156e-03
 5.16553900e+03  9.62783228e-03
 5.16643900e+03  9.23721781e-03
 5.16733900e+03  8.55401689e-03
 5.16823900e+03  7.81886350e-03
 5.16914000e+03  7.48727138e-03
 5.17004000e+03  7.82747749e-03
 5.17094000e+03  8.54963760e-03
 5.17184000e+03  8.88182877e-03
 5.17274000e+03  8.33383341e-03
 5.17364100e+03  7.58527875e-03
 5.17454100e+03  7.71568670e-03
 5.17544100e+03  8.69477402e-03
 5.17634100e+03  9.56334613e-03
 5.17724100e+03  9.85225562e-03
 5.17814200e+03  9.88269895e-03
 5.17904200e+03  9.94778931e-03
 5.17994200e+03  9.98951138e-03
 5.18084200e+03  9.92761770e-03
 5.18174300e+03  9.79951817e-03
 5.18264300e+03  9.50149893e-03
 5.18354300e+03  8.74398428e-03
 5.18444400e+03  7.73725783e-03
 5.18534400e+03  7.46110923e-03
 5.18624400e+03  8.26185392e-03
 5.18714400e+03  9.25279838e-03
 5.18804500e+03  9.73665361e-03
 5.18894500e+03  9.71101305e-03
 5.18984500e+03  9.57144886e-03
 5.19074500e+03  9.71730828e-03
 5.19164600e+03  9.80732137e-03
 5.19254600e+03  9.36240985e-03
 5.19344600e+03  8.87186174e-03
 5.19434600e+03  8.97626247e-03
 5.19524600e+03  9.32592950e-03
 5.19614700e+03  9.36447039e-03
 5.19704700e+03  9.29346695e-03
 5.19794700e+03  9.39839960e-03
 5.19884700e+03  9.54792564e-03
 5.19974700e+03  9.68935413e-03
 5.20064800e+03  9.85667623e-03
 5.20154800e+03  9.94817663e-03
 5.20244800e+03  9.89532040e-03
 5.20334800e+03  9.79514921e-03
 5.20424900e+03  9.72290118e-03
 5.20514900e+03  9.50354397e-03
 5.20604900e+03  9.07884537e-03
 5.20694900e+03  8.82165478e-03
 5.20785000e+03  8.91939878e-03
 5.20875000e+03  8.98784074e-03
 5.20965000e+03  8.85808349e-03
 5.21055100e+03  8.95805328e-03
 5.21145100e+03  9.30234432e-03
 5.21235100e+03  9.62732618e-03
 5.21325100e+03  9.91641125e-03
 5.21415200e+03  1.01217578e-02
 5.21505200e+03  1.01077523e-02
 5.21595200e+03  9.81057486e-03
 5.21685200e+03  9.44097894e-03
 5.21775200e+03  9.31736199e-03
 5.21865300e+03  9.48777748e-03
 5.21955300e+03  9.79742665e-03
 5.22045300e+03  1.00539820e-02
 5.22135300e+03  1.01652564e-02
 5.22225300e+03  1.02024546e-02
 5.22315400e+03  1.01779553e-02
 5.22405400e+03  1.00469225e-02
 5.22495400e+03  9.81950387e-03
 5.22585400e+03  9.48389396e-03
 5.22675500e+03  8.98219621e-03
 5.22765500e+03  8.41563532e-03
 5.22855500e+03  8.31054775e-03
 5.22945600e+03  8.91463216e-03
 5.23035600e+03  9.58249005e-03
 5.23125600e+03  9.87516429e-03
 5.23215600e+03  9.97668852e-03
 5.23305600e+03  9.85278754e-03
 5.23395700e+03  9.48195736e-03
 5.23485700e+03  9.24204639e-03
 5.23575700e+03  9.28485812e-03
 5.23665800e+03  9.49789944e-03
 5.23755800e+03  9.80113459e-03
 5.23845800e+03  1.00351635e-02
 5.23935800e+03  1.01160513e-02
 5.24025800e+03  1.00949759e-02
 5.24115900e+03  1.00772212e-02
 5.24205900e+03  1.01181635e-02
 5.24295900e+03  1.01130973e-02
 5.24385900e+03  1.00295809e-02
 5.24475900e+03  1.00497164e-02
 5.24566000e+03  1.02195534e-02
 5.24656000e+03  1.02632431e-02
 5.24746000e+03  9.97206651e-03
 5.24836000e+03  9.62684590e-03
 5.24926100e+03  9.60681373e-03
 5.25016100e+03  9.70378824e-03
 5.25106100e+03  9.56489025e-03
 5.25196200e+03  9.42721618e-03
 5.25286200e+03  9.58315108e-03
 5.25376200e+03  9.81438092e-03
 5.25466200e+03  9.85354152e-03
 5.25556200e+03  9.68171102e-03
 5.25646300e+03  9.54419188e-03
 5.25736300e+03  9.73570855e-03
 5.25826300e+03  1.01107321e-02
 5.25916400e+03  1.03490783e-02
 5.26006400e+03  1.03946168e-02
 5.26096400e+03  1.02812457e-02
 5.26186400e+03  1.00106694e-02
 5.26276400e+03  9.59650070e-03
 5.26366500e+03  9.16223788e-03
 5.26456500e+03  8.84200714e-03
 5.26546500e+03  8.61745469e-03
 5.26636500e+03  8.44030500e-03
 5.26726500e+03  8.44210216e-03
 5.26816600e+03  8.81213188e-03
 5.26906600e+03  9.14171510e-03
 5.26996600e+03  8.77292997e-03
 5.27086600e+03  8.09845666e-03
 5.27176700e+03  8.16133672e-03
 5.27266700e+03  8.93158644e-03
 5.27356700e+03  9.47374102e-03
 5.27446700e+03  9.51582459e-03
 5.27536800e+03  9.39653013e-03
 5.27626800e+03  9.22490104e-03
 5.27716800e+03  9.21076129e-03
 5.27806900e+03  9.61275779e-03
 5.27896900e+03  1.01110988e-02
 5.27986900e+03  1.02778993e-02
 5.28076900e+03  1.01223982e-02
 5.28167000e+03  9.86707189e-03
 5.28257000e+03  9.66620791e-03
 5.28347000e+03  9.52613762e-03
 5.28437000e+03  9.36592671e-03
 5.28527000e+03  9.31314279e-03
 5.28617100e+03  9.64260207e-03
 5.28707100e+03  1.01590696e-02
 5.28797100e+03  1.04346760e-02
 5.28887100e+03  1.03999256e-02
 5.28977100e+03  1.02968625e-02
 5.29067200e+03  1.03307400e-02
 5.29157200e+03  1.04467655e-02
 5.29247200e+03  1.04839792e-02
 5.29337200e+03  1.03924375e-02
 5.29427300e+03  1.02558324e-02
 5.29517300e+03  1.02134751e-02
 5.29607300e+03  1.02075052e-02
 5.29697400e+03  1.00315123e-02
 5.29787400e+03  9.63292940e-03
 5.29877400e+03  9.22359448e-03
 5.29967400e+03  9.18801271e-03
 5.30057400e+03  9.56325834e-03
 5.30147500e+03  9.86191279e-03
 5.30237500e+03  9.83622575e-03
 5.30327500e+03  9.75659799e-03
 5.30417600e+03  9.88787870e-03
 5.30507600e+03  1.01841628e-02
 5.30597600e+03  1.04019397e-02
 5.30687600e+03  1.04092161e-02
 5.30777600e+03  1.02518146e-02
 5.30867700e+03  1.01214841e-02
 5.30957700e+03  1.01776764e-02
 5.31047700e+03  1.03478595e-02
 5.31137700e+03  1.04496936e-02
 5.31227700e+03  1.04381515e-02
 5.31317800e+03  1.03799399e-02
 5.31407800e+03  1.02927155e-02
 5.31497800e+03  1.02245318e-02
 5.31587800e+03  1.01807647e-02
 5.31677900e+03  1.00135975e-02
 5.31767900e+03  9.75136143e-03
 5.31857900e+03  9.71541300e-03
 5.31948000e+03  9.93605094e-03
 5.32038000e+03  1.01042819e-02
 5.32128000e+03  1.01407158e-02
 5.32218000e+03  1.01291324e-02
 5.32308100e+03  1.00891197e-02
 5.32398100e+03  9.95281930e-03
 5.32488100e+03  9.66660039e-03
 5.32578100e+03  9.47208329e-03
 5.32668200e+03  9.58634776e-03
 5.32758200e+03  9.62064362e-03
 5.32848200e+03  9.08925136e-03
 5.32938200e+03  8.35645287e-03
 5.33028200e+03  8.35651485e-03
 5.33118300e+03  9.11855339e-03
 5.33208300e+03  9.91885395e-03
 5.33298300e+03  1.01821177e-02
 5.33388300e+03  9.96891631e-03
 5.33478300e+03  9.89138524e-03
 5.33568400e+03  1.00744067e-02
 5.33658400e+03  1.01816529e-02
 5.33748400e+03  1.00943201e-02
 5.33838400e+03  9.98005562e-03
 5.33928500e+03  9.96160371e-03
 5.34018500e+03  9.84634770e-03
 5.34108500e+03  9.50048157e-03
 5.34198500e+03  9.26776442e-03
 5.34288600e+03  9.48227754e-03
 5.34378600e+03  9.88670641e-03
 5.34468600e+03  1.01107166e-02
 5.34558700e+03  1.01166762e-02
 5.34648700e+03  9.96638582e-03
 5.34738700e+03  9.85541615e-03
 5.34828700e+03  9.89810394e-03
 5.34918800e+03  9.86805826e-03
 5.35008800e+03  9.70724314e-03
 5.35098800e+03  9.68661191e-03
 5.35188800e+03  9.92440036e-03
 5.35278800e+03  1.01943260e-02
 5.35368900e+03  1.02640023e-02
 5.35458900e+03  1.02278576e-02
 5.35548900e+03  1.03185369e-02
 5.35638900e+03  1.04953974e-02
 5.35728900e+03  1.05750613e-02
 5.35819000e+03  1.05708266e-02
 5.35909000e+03  1.05636689e-02
 5.35999000e+03  1.05637670e-02
 5.36089000e+03  1.05463376e-02
 5.36179100e+03  1.04512223e-02
 5.36269100e+03  1.02539371e-02
 5.36359100e+03  1.00594148e-02
 5.36449200e+03  9.97208200e-03
 5.36539200e+03  9.90907800e-03
 5.36629200e+03  9.81322413e-03
 5.36719200e+03  9.81659639e-03
 5.36809200e+03  9.87556710e-03
 5.36899300e+03  9.87762764e-03
 5.36989300e+03  9.79778298e-03
 5.37079300e+03  9.52223860e-03
 5.37169400e+03  9.13641657e-03
 5.37259400e+03  8.98346145e-03
 5.37349400e+03  9.30709027e-03
 5.37439400e+03  9.86578082e-03
 5.37529400e+03  1.02282759e-02
 5.37619500e+03  1.03665438e-02
 5.37709500e+03  1.03664509e-02
 5.37799500e+03  1.02693679e-02
 5.37889500e+03  1.02231529e-02
 5.37979500e+03  1.02503015e-02
 5.38069600e+03  1.02037353e-02
 5.38159600e+03  1.00617542e-02
 5.38249600e+03  9.96627220e-03
 5.38339600e+03  9.92665715e-03
 5.38429700e+03  9.86007948e-03
 5.38519700e+03  9.90605174e-03
 5.38609700e+03  1.01094669e-02
 5.38699800e+03  1.02416152e-02
 5.38789800e+03  1.02291073e-02
 5.38879800e+03  1.01683136e-02
 5.38969800e+03  1.00755945e-02
 5.39059900e+03  9.93402655e-03
 5.39149900e+03  9.81418468e-03
 5.39239900e+03  9.75995476e-03
 5.39329900e+03  9.73300248e-03
 5.39420000e+03  9.70156245e-03
 5.39510000e+03  9.71775757e-03
 5.39600000e+03  9.77964609e-03
 5.39690000e+03  9.69562871e-03
 5.39780000e+03  9.36459433e-03
 5.39870100e+03  9.17128050e-03
 5.39960100e+03  9.43124430e-03
 5.40050100e+03  9.76215990e-03
 5.40140100e+03  9.82240618e-03
 5.40230100e+03  9.82153859e-03
 5.40320200e+03  9.92064595e-03
 5.40410200e+03  9.86274424e-03
 5.40500200e+03  9.47661751e-03
 5.40590200e+03  9.01563480e-03
 5.40680300e+03  8.81657831e-03
 5.40770300e+03  9.01330572e-03
 5.40860300e+03  9.42629178e-03
 5.40950300e+03  9.64928978e-03
 5.41040400e+03  9.51103216e-03
 5.41130400e+03  9.30717807e-03
 5.41220400e+03  9.41886040e-03
 5.41310500e+03  9.78180992e-03
 5.41400500e+03  1.00356541e-02
 5.41490500e+03  1.00127764e-02
 5.41580500e+03  9.86143768e-03
 5.41670600e+03  9.84789182e-03
 5.41760600e+03  1.00408287e-02
 5.41850600e+03  1.02033480e-02
 5.41940600e+03  1.01821797e-02
 5.42030600e+03  1.00555520e-02
 5.42120700e+03  9.92918247e-03
 5.42210700e+03  9.89395704e-03
 5.42300700e+03  9.99393716e-03
 5.42390700e+03  1.00208430e-02
 5.42480700e+03  9.77860808e-03
 5.42570800e+03  9.56603671e-03
 5.42660800e+03  9.72872130e-03
 5.42750800e+03  1.00909272e-02
 5.42840800e+03  1.03037051e-02
 5.42930900e+03  1.01201362e-02
 5.43020900e+03  9.57023526e-03
 5.43110900e+03  9.22733341e-03
 5.43201000e+03  9.48123436e-03
 5.43291000e+03  9.82298975e-03
 5.43381000e+03  9.78863191e-03
 5.43471000e+03  9.55011529e-03
 5.43561000e+03  9.36189859e-03
 5.43651100e+03  9.35903242e-03
 5.43741100e+03  9.53710652e-03
 5.43831100e+03  9.79723041e-03
 5.43921200e+03  1.00758527e-02
 5.44011200e+03  1.02868128e-02
 5.44101200e+03  1.03835859e-02
 5.44191200e+03  1.03888018e-02
 5.44281200e+03  1.03538707e-02
 5.44371300e+03  1.03421220e-02
 5.44461300e+03  1.03064886e-02
 5.44551300e+03  1.01200639e-02
 5.44641300e+03  9.74309861e-03
 5.44731300e+03  9.28235346e-03
 5.44821400e+03  9.07222479e-03
 5.44911400e+03  9.38483308e-03
 5.45001400e+03  9.90576254e-03
 5.45091400e+03  1.01964692e-02
 5.45181500e+03  1.02443471e-02
 5.45271500e+03  1.02055790e-02
 5.45361500e+03  1.01514162e-02
 5.45451600e+03  1.00325607e-02
 5.45541600e+03  9.72843727e-03
 5.45631600e+03  9.28976934e-03
 5.45721600e+03  9.15818910e-03
 5.45811700e+03  9.55090026e-03
 5.45901700e+03  1.00308255e-02
 5.45991700e+03  1.02448842e-02
 5.46081700e+03  1.02213300e-02
 5.46171800e+03  1.00985186e-02
 5.46261800e+03  9.93562747e-03
 5.46351800e+03  9.68712833e-03
 5.46441800e+03  9.48450334e-03
 5.46531800e+03  9.58859937e-03
 5.46621900e+03  9.86225363e-03
 5.46711900e+03  9.96211497e-03
 5.46801900e+03  9.93439321e-03
 5.46891900e+03  9.98575696e-03
 5.46981900e+03  1.00473873e-02
 5.47072000e+03  9.98948040e-03
 5.47162000e+03  9.88599375e-03
 5.47252000e+03  9.87879476e-03
 5.47342000e+03  9.87878444e-03
 5.47432100e+03  9.75222386e-03
 5.47522100e+03  9.66680180e-03
 5.47612100e+03  9.64186874e-03
 5.47702100e+03  9.35767422e-03
 5.47792200e+03  8.97016347e-03
 5.47882200e+03  9.04477674e-03
 5.47972200e+03  9.52626156e-03
 5.48062300e+03  9.84806740e-03
 5.48152300e+03  9.74500422e-03
 5.48242300e+03  9.48577375e-03
 5.48332300e+03  9.44612771e-03
 5.48422400e+03  9.63095149e-03
 5.48512400e+03  9.86679818e-03
 5.48602400e+03  1.00691443e-02
 5.48692400e+03  1.01181480e-02
 5.48782400e+03  9.92071308e-03
 5.48872500e+03  9.66188026e-03
 5.48962500e+03  9.64547340e-03
 5.49052500e+03  9.88385574e-03
 5.49142500e+03  1.00211993e-02
 5.49232500e+03  9.99492869e-03
 5.49322600e+03  9.97001113e-03
 5.49412600e+03  9.88401067e-03
 5.49502600e+03  9.78426294e-03
 5.49592600e+03  9.83598303e-03
 5.49682700e+03  9.92132763e-03
 5.49772700e+03  9.81341520e-03
 5.49862700e+03  9.63830540e-03
 5.49952800e+03  9.72887107e-03
 5.50042800e+03  1.00000000e-02
 5.50132800e+03  1.00485957e-02
 5.50222800e+03  9.80522468e-03
 5.50312900e+03  9.58438534e-03
 5.50402900e+03  9.58832050e-03
 5.50492900e+03  9.72393920e-03
 5.50582900e+03  9.81225841e-03
 5.50673000e+03  9.69568035e-03
 5.50763000e+03  9.48619722e-03
 5.50853000e+03  9.52268273e-03
 5.50943000e+03  9.76534109e-03
 5.51033000e+03  9.87804078e-03
 5.51123100e+03  9.82403293e-03
 5.51213100e+03  9.72389788e-03
 5.51303100e+03  9.56453908e-03
 5.51393100e+03  9.43389357e-03
 5.51483100e+03  9.46245710e-03
 5.51573200e+03  9.60023446e-03
 5.51663200e+03  9.73338980e-03
 5.51753200e+03  9.81304338e-03
 5.51843200e+03  9.88547732e-03
 5.51933300e+03  1.00131121e-02
 5.52023300e+03  1.01134640e-02
 5.52113300e+03  1.01110988e-02
 5.52203300e+03  1.00584646e-02
 5.52293400e+03  1.00301748e-02
 5.52383400e+03  1.00301025e-02
 5.52473400e+03  1.00379470e-02
 5.52563500e+03  1.00055722e-02
 5.52653500e+03  9.88746556e-03
 5.52743500e+03  9.70793515e-03
 5.52833500e+03  9.46984716e-03
 5.52923600e+03  9.24822801e-03
 5.53013600e+03  9.28761584e-03
 5.53103600e+03  9.62236332e-03
 5.53193600e+03  9.91416480e-03
 5.53283600e+03  9.97985938e-03
 5.53373700e+03  9.93148573e-03
 5.53463700e+03  9.85837011e-03
 5.53553700e+03  9.72447628e-03
 5.53643700e+03  9.61427609e-03
 5.53733700e+03  9.69763244e-03
 5.53823800e+03  9.85046879e-03
 5.53913800e+03  9.89509834e-03
 5.54003800e+03  9.92248959e-03
 5.54093900e+03  1.00230274e-02
 5.54183900e+03  1.01214273e-02
 5.54273900e+03  1.01240146e-02
 5.54363900e+03  1.00001084e-02
 5.54453900e+03  9.84514960e-03
 5.54544000e+03  9.80942839e-03
 5.54634000e+03  9.85283918e-03
 5.54724000e+03  9.86279072e-03
 5.54814100e+03  9.90153818e-03
 5.54904100e+03  1.00313626e-02
 5.54994100e+03  1.01560279e-02
 5.55084100e+03  1.01996710e-02
 5.55174200e+03  1.02028935e-02
 5.55264200e+03  1.01788487e-02
 5.55354200e+03  1.00988027e-02
 5.55444200e+03  9.96687126e-03
 5.55534200e+03  9.84734957e-03
 5.55624300e+03  9.83222345e-03
 5.55714300e+03  9.91578638e-03
 5.55804300e+03  9.96146427e-03
 5.55894300e+03  9.94304852e-03
 5.55984300e+03  9.95131134e-03
 5.56074400e+03  9.98251897e-03
 5.56164400e+03  9.97063084e-03
 5.56254400e+03  9.91305448e-03
 5.56344400e+03  9.80998097e-03
 5.56434500e+03  9.71693129e-03
 5.56524500e+03  9.72558660e-03
 5.56614500e+03  9.74523661e-03
 5.56704600e+03  9.69287099e-03
 5.56794600e+03  9.67755896e-03
 5.56884600e+03  9.72161528e-03
 5.56974700e+03  9.70941729e-03
 5.57064700e+03  9.64000444e-03
 5.57154700e+03  9.70747553e-03
 5.57244700e+03  9.83350935e-03
 5.57334700e+03  9.71933267e-03
 5.57424800e+03  9.54198674e-03
 5.57514800e+03  9.66157556e-03
 5.57604800e+03  9.87585113e-03
 5.57694800e+03  9.86895168e-03
 5.57784800e+03  9.80641763e-03
 5.57874900e+03  9.86234659e-03
 5.57964900e+03  9.89944665e-03
 5.58054900e+03  9.91967506e-03
 5.58144900e+03  9.96845152e-03
 5.58234900e+03  9.91898822e-03
 5.58325000e+03  9.80977440e-03
 5.58415000e+03  9.80829742e-03
 5.58505000e+03  9.86993289e-03
 5.58595000e+03  9.83656659e-03
 5.58685100e+03  9.63050220e-03
 5.58775100e+03  9.29278010e-03
 5.58865100e+03  9.02946986e-03
 5.58955200e+03  8.97412446e-03
 5.59045200e+03  9.06518590e-03
 5.59135200e+03  9.26172223e-03
 5.59225200e+03  9.48929578e-03
 5.59315300e+03  9.58986462e-03
 5.59405300e+03  9.55734526e-03
 5.59495300e+03  9.45220604e-03
 5.59585300e+03  9.41941814e-03
 5.59675400e+03  9.66191641e-03
 5.59765400e+03  9.93783261e-03
 5.59855400e+03  9.86048229e-03
 5.59945400e+03  9.56366115e-03
 5.60035400e+03  9.43715738e-03
 5.60125500e+03  9.47617338e-03
 5.60215500e+03  9.41477547e-03
 5.60305500e+03  9.25358335e-03
 5.60395500e+03  9.19264506e-03
 5.60485500e+03  9.37723128e-03
 5.60575600e+03  9.72554012e-03
 5.60665600e+03  1.00057478e-02
 5.60755600e+03  1.01392750e-02
 5.60845700e+03  1.01557232e-02
 5.60935700e+03  1.01135673e-02
 5.61025700e+03  1.00825714e-02
 5.61115700e+03  1.00768184e-02
 5.61205800e+03  1.00994895e-02
 5.61295800e+03  1.01467787e-02
 5.61385800e+03  1.01718615e-02
 5.61475800e+03  1.00410507e-02
 5.61565900e+03  9.60366353e-03
 5.61655900e+03  9.10292116e-03
 5.61745900e+03  9.06189110e-03
 5.61835900e+03  9.44404135e-03
 5.61926000e+03  9.71867165e-03
 5.62016000e+03  9.71870780e-03
 5.62106000e+03  9.67403177e-03
 5.62196000e+03  9.74475117e-03
 5.62286000e+03  9.88690266e-03
 5.62376100e+03  9.92135345e-03
 5.62466100e+03  9.70894218e-03
 5.62556100e+03  9.38846872e-03
 5.62646100e+03  9.30024246e-03
 5.62736100e+03  9.50180878e-03
 5.62826200e+03  9.70976846e-03
 5.62916200e+03  9.79807735e-03
 5.63006200e+03  9.89125613e-03
 5.63096200e+03  1.00186791e-02
 5.63186300e+03  1.00776292e-02
 5.63276300e+03  1.00645120e-02
 5.63366300e+03  1.00110102e-02
 5.63456400e+03  9.91943751e-03
 5.63546400e+03  9.83190843e-03
 5.63636400e+03  9.77641843e-03
 5.63726500e+03  9.71001634e-03
 5.63816500e+03  9.61438970e-03
 5.63906500e+03  9.56160061e-03
 5.63996500e+03  9.63099797e-03
 5.64086500e+03  9.71353837e-03
 5.64176600e+03  9.64824660e-03
 5.64266600e+03  9.54371161e-03
 5.64356600e+03  9.58461256e-03
 5.64446600e+03  9.68754664e-03
 5.64536600e+03  9.73768646e-03
 5.64626700e+03  9.76328571e-03
 5.64716700e+03  9.79104362e-03
 5.64806700e+03  9.83699523e-03
 5.64896700e+03  9.87694079e-03
 5.64986800e+03  9.85735791e-03
 5.65076800e+03  9.78565213e-03
 5.65166800e+03  9.76086884e-03
 5.65256800e+03  9.83292062e-03
 5.65346800e+03  9.91694317e-03
 5.65436900e+03  9.90928457e-03
 5.65526900e+03  9.76190685e-03
 5.65616900e+03  9.60363771e-03
 5.65707000e+03  9.62669614e-03
 5.65797000e+03  9.63794906e-03
 5.65887000e+03  9.32602762e-03
 5.65977000e+03  8.98145255e-03
 5.66067100e+03  9.09605786e-03
 5.66157100e+03  9.47181991e-03
 5.66247100e+03  9.60247575e-03
 5.66337100e+03  9.46363456e-03
 5.66427200e+03  9.39421654e-03
 5.66517200e+03  9.55151997e-03
 5.66607200e+03  9.76343031e-03
 5.66697200e+03  9.83705720e-03
 5.66787200e+03  9.74530891e-03
 5.66877300e+03  9.62725904e-03
 5.66967300e+03  9.59737346e-03
 5.67057300e+03  9.62762570e-03
 5.67147300e+03  9.68251148e-03
 5.67237300e+03  9.76746876e-03
 5.67327400e+03  9.90041753e-03
 5.67417400e+03  1.00270039e-02
 5.67507400e+03  1.00550407e-02
 5.67597500e+03  9.97901760e-03
 5.67687500e+03  9.91046202e-03
 5.67777500e+03  9.95233902e-03
 5.67867600e+03  1.00018901e-02
 5.67957600e+03  9.94281096e-03
 5.68047600e+03  9.87305727e-03
 5.68137600e+03  9.87044415e-03
 5.68227600e+03  9.84046045e-03
 5.68317700e+03  9.68376640e-03
 5.68407700e+03  9.52106115e-03
 5.68497700e+03  9.51909357e-03
 5.68587700e+03  9.62451165e-03
 5.68677800e+03  9.67457401e-03
 5.68767800e+03  9.60541938e-03
 5.68857800e+03  9.49991866e-03
 5.68947800e+03  9.46900022e-03
 5.69037800e+03  9.56829350e-03
 5.69127900e+03  9.72947529e-03
 5.69217900e+03  9.83580228e-03
 5.69307900e+03  9.91036390e-03
 5.69397900e+03  9.96902475e-03
 5.69488000e+03  9.93730586e-03
 5.69578000e+03  9.85862316e-03
 5.69668000e+03  9.85020541e-03
 5.69758000e+03  9.90685220e-03
 5.69848100e+03  9.88347359e-03
 5.69938100e+03  9.73879161e-03
 5.70028100e+03  9.64484336e-03
 5.70118100e+03  9.62243562e-03
 5.70208200e+03  9.52457285e-03
 5.70298200e+03  9.42037353e-03
 5.70388200e+03  9.46517351e-03
 5.70478300e+03  9.62018917e-03
 5.70568300e+03  9.71809842e-03
 5.70658300e+03  9.63926079e-03
 5.70748300e+03  9.46913966e-03
 5.70838300e+03  9.34953535e-03
 5.70928400e+03  9.23090191e-03
 5.71018400e+03  9.08345190e-03
 5.71108400e+03  9.06436478e-03
 5.71198400e+03  9.14992628e-03
 5.71288400e+03  9.18558035e-03
 5.71378500e+03  9.31490897e-03
 5.71468500e+03  9.57877695e-03
 5.71558500e+03  9.73312125e-03
 5.71648500e+03  9.76522231e-03
 5.71738600e+03  9.81796492e-03
 5.71828600e+03  9.85100070e-03
 5.71918600e+03  9.83389667e-03
 5.72008600e+03  9.86446394e-03
 5.72098700e+03  9.92728202e-03
 5.72188700e+03  9.96204267e-03
 5.72278700e+03  1.00033051e-02
 5.72368800e+03  1.00575867e-02
 5.72458800e+03  1.00762710e-02
 5.72548800e+03  1.00576177e-02
 5.72638800e+03  1.00184932e-02
 5.72728900e+03  9.92900172e-03
 5.72818900e+03  9.80655706e-03
 5.72908900e+03  9.77653204e-03
 5.72998900e+03  9.87772576e-03
 5.73088900e+03  9.95844835e-03
 5.73179000e+03  9.88712472e-03
 5.73269000e+03  9.73545550e-03
 5.73359000e+03  9.71969934e-03
 5.73449000e+03  9.86393718e-03
 5.73539000e+03  9.98194574e-03
 5.73629100e+03  1.00079633e-02
 5.73719100e+03  9.97446789e-03
 5.73809100e+03  9.93681525e-03
 5.73899100e+03  9.92331587e-03
 5.73989100e+03  9.90540104e-03
 5.74079200e+03  9.89973068e-03
 5.74169200e+03  9.91240895e-03
 5.74259200e+03  9.89751005e-03
 5.74349300e+03  9.85603070e-03
 5.74439300e+03  9.84165339e-03
 5.74529300e+03  9.89704010e-03
 5.74619400e+03  9.98517857e-03
 5.74709400e+03  1.00149919e-02
 5.74799400e+03  9.92538674e-03
 5.74889400e+03  9.73987611e-03
 5.74979500e+03  9.66598068e-03
 5.75069500e+03  9.79767453e-03
 5.75159500e+03  9.95051087e-03
 5.75249500e+03  9.94974656e-03
 5.75339500e+03  9.76695234e-03
 5.75429600e+03  9.50725708e-03
 5.75519600e+03  9.35128603e-03
 5.75609600e+03  9.43981698e-03
 5.75699600e+03  9.68564103e-03
 5.75789600e+03  9.88467686e-03
 5.75879700e+03  9.97938943e-03
 5.75969700e+03  9.98276169e-03
 5.76059700e+03  9.90470903e-03
 5.76149700e+03  9.77439404e-03
 5.76239800e+03  9.63305334e-03
 5.76329800e+03  9.49853980e-03
 5.76419800e+03  9.44369534e-03
 5.76509900e+03  9.59461058e-03
 5.76599900e+03  9.84843923e-03
 5.76689900e+03  9.99199539e-03
 5.76779900e+03  1.00159111e-02
 5.76869900e+03  1.00174036e-02
 5.76960000e+03  1.00016732e-02
 5.77050000e+03  9.95694555e-03
 5.77140000e+03  9.91958211e-03
 5.77230100e+03  9.89323404e-03
 5.77320100e+03  9.84480359e-03
 5.77410100e+03  9.81120490e-03
 5.77500100e+03  9.79332106e-03
 5.77590100e+03  9.74987412e-03
 5.77680200e+03  9.76395706e-03
 5.77770200e+03  9.86312123e-03
 5.77860200e+03  9.93341717e-03
 5.77950200e+03  9.92431774e-03
 5.78040200e+03  9.83876657e-03
 5.78130300e+03  9.63194303e-03
 5.78220300e+03  9.36354599e-03
 5.78310300e+03  9.23266293e-03
 5.78400300e+03  9.29490778e-03
 5.78490400e+03  9.37159191e-03
 5.78580400e+03  9.31627233e-03
 5.78670400e+03  9.26805362e-03
 5.78760500e+03  9.40875394e-03
 5.78850500e+03  9.60793437e-03
 5.78940500e+03  9.71355386e-03
 5.79030500e+03  9.76933823e-03
 5.79120600e+03  9.72970768e-03
 5.79210600e+03  9.60118985e-03
 5.79300600e+03  9.56686299e-03
 5.79390600e+03  9.65218694e-03
 5.79480700e+03  9.75522430e-03
 5.79570700e+03  9.84439561e-03
 5.79660700e+03  9.91122117e-03
 5.79750700e+03  9.87901683e-03
 5.79840700e+03  9.71885756e-03
 5.79930800e+03  9.60063727e-03
 5.80020800e+03  9.69765310e-03
 5.80110800e+03  9.90618601e-03
 5.80200800e+03  1.00271124e-02
 5.80290800e+03  1.00578036e-02
 5.80380900e+03  1.00305828e-02
 5.80470900e+03  9.91487746e-03
 5.80560900e+03  9.75403135e-03
 5.80651000e+03  9.66928581e-03
 5.80741000e+03  9.67708901e-03
 5.80831000e+03  9.73208840e-03
 5.80921000e+03  9.79414218e-03
 5.81011000e+03  9.82181746e-03
 5.81101100e+03  9.84891951e-03
 5.81191100e+03  9.90747191e-03
 5.81281100e+03  9.94436540e-03
 5.81371200e+03  9.93546221e-03
 5.81461200e+03  9.91280143e-03
 5.81551200e+03  9.86224330e-03
 5.81641200e+03  9.75676841e-03
 5.81731300e+03  9.64661470e-03
 5.81821300e+03  9.65818781e-03
 5.81911300e+03  9.82034048e-03
 5.82001300e+03  9.99080761e-03
 5.82091300e+03  1.00534243e-02
 5.82181400e+03  1.00452338e-02
 5.82271400e+03  1.00196603e-02
 5.82361400e+03  9.98044810e-03
 5.82451400e+03  9.94141144e-03
 5.82541400e+03  9.93333970e-03
 5.82631500e+03  9.96413420e-03
 5.82721500e+03  9.97684345e-03
 5.82811500e+03  9.96815199e-03
 5.82901600e+03  9.97725659e-03
 5.82991600e+03  9.99633337e-03
 5.83081600e+03  1.00090684e-02
 5.83171600e+03  9.99818218e-03
 5.83261700e+03  9.96783181e-03
 5.83351700e+03  9.95587654e-03
 5.83441700e+03  9.95222025e-03
 5.83531800e+03  9.90999724e-03
 5.83621800e+03  9.85724430e-03
 5.83711800e+03  9.87360468e-03
 5.83801800e+03  9.92583603e-03
 5.83891800e+03  9.89224767e-03
 5.83981900e+03  9.83892150e-03
 5.84071900e+03  9.87435866e-03
 5.84161900e+03  9.97033648e-03
 5.84251900e+03  1.00424193e-02
 5.84341900e+03  1.00537961e-02
 5.84432000e+03  1.00368625e-02
 5.84522000e+03  1.00031347e-02
 5.84612000e+03  9.94746396e-03
 5.84702000e+03  9.88401067e-03
 5.84792100e+03  9.80188857e-03
 5.84882100e+03  9.74354274e-03
 5.84972100e+03  9.77534426e-03
 5.85062100e+03  9.84583644e-03
 5.85152100e+03  9.88270928e-03
 5.85242200e+03  9.85100070e-03
 5.85332200e+03  9.72222466e-03
 5.85422200e+03  9.55317770e-03
 5.85512300e+03  9.49502811e-03
 5.85602300e+03  9.58696230e-03
 5.85692300e+03  9.64271568e-03
 5.85782400e+03  9.49990317e-03
 5.85872400e+03  9.27419392e-03
 5.85962400e+03  9.23017375e-03
 5.86052400e+03  9.39134005e-03
 5.86142400e+03  9.57886474e-03
 5.86232500e+03  9.68478376e-03
 5.86322500e+03  9.65105596e-03
 5.86412500e+03  9.59571056e-03
 5.86502500e+03  9.65824978e-03
 5.86592500e+03  9.75417079e-03
 5.86682600e+03  9.75302949e-03
 5.86772600e+03  9.66129669e-03
 5.86862600e+03  9.62295205e-03
 5.86952600e+03  9.70846190e-03
 5.87042600e+03  9.82325312e-03
 5.87132700e+03  9.88297782e-03
 5.87222700e+03  9.88629327e-03
 5.87312700e+03  9.84321816e-03
 5.87402800e+03  9.78781596e-03
 5.87492800e+03  9.77642359e-03
 5.87582800e+03  9.83491403e-03
 5.87672900e+03  9.88157830e-03
 5.87762900e+03  9.83242485e-03
 5.87852900e+03  9.75059712e-03
 5.87942900e+03  9.70458871e-03
 5.88032900e+03  9.65047240e-03
 5.88123000e+03  9.57506901e-03
 5.88213000e+03  9.56493156e-03
 5.88303000e+03  9.62392293e-03
 5.88393000e+03  9.63724673e-03
 5.88483100e+03  9.57674739e-03
 5.88573100e+03  9.52769207e-03
 5.88663100e+03  9.56121846e-03
 5.88753100e+03  9.61245827e-03
 5.88843100e+03  9.54332429e-03
 5.88933200e+03  9.19596051e-03
 5.89023200e+03  8.43361728e-03
 5.89113200e+03  7.62680459e-03
 5.89203200e+03  7.56554611e-03
 5.89293200e+03  8.22013701e-03
 5.89383300e+03  8.82112287e-03
 5.89473300e+03  9.05999582e-03
 5.89563300e+03  8.92582828e-03
 5.89653400e+03  8.36810861e-03
 5.89743400e+03  7.89682837e-03
 5.89833400e+03  8.17017277e-03
 5.89923400e+03  8.83619218e-03
 5.90013500e+03  9.21962316e-03
 5.90103500e+03  9.33909321e-03
 5.90193500e+03  9.44407749e-03
 5.90283600e+03  9.54915474e-03
 5.90373600e+03  9.59550399e-03
 5.90463600e+03  9.61036674e-03
 5.90553600e+03  9.61170428e-03
 5.90643600e+03  9.56649633e-03
 5.90733700e+03  9.52400478e-03
 5.90823700e+03  9.56026307e-03
 5.90913700e+03  9.63614674e-03
 5.91003700e+03  9.65314749e-03
 5.91093700e+03  9.61839200e-03
 5.91183800e+03  9.64538560e-03
 5.91273800e+03  9.72069088e-03
 5.91363800e+03  9.70041598e-03
 5.91453800e+03  9.53279952e-03
 5.91543900e+03  9.34067864e-03
 5.91633900e+03  9.28573605e-03
 5.91723900e+03  9.33879884e-03
 5.91813900e+03  9.43652734e-03
 5.91904000e+03  9.54262195e-03
 5.91994000e+03  9.59377397e-03
 5.92084000e+03  9.62248210e-03
 5.92174000e+03  9.64133166e-03
 5.92264100e+03  9.59822556e-03
 5.92354100e+03  9.53931166e-03
 5.92444100e+03  9.55382323e-03
 5.92534200e+03  9.62103611e-03
 5.92624200e+03  9.67446040e-03
 5.92714200e+03  9.71688481e-03
 5.92804200e+03  9.71560924e-03
 5.92894200e+03  9.64591236e-03
 5.92984300e+03  9.54398531e-03
 5.93074300e+03  9.42744341e-03
 5.93164300e+03  9.37752048e-03
 5.93254300e+03  9.49362859e-03
 5.93344300e+03  9.66268588e-03
 5.93434400e+03  9.68523821e-03
 5.93524400e+03  9.55709221e-03
 5.93614400e+03  9.45443184e-03
 5.93704400e+03  9.51521521e-03
 5.93794500e+03  9.64089269e-03
 5.93884500e+03  9.69726578e-03
 5.93974500e+03  9.71365199e-03
 5.94064500e+03  9.72157396e-03
 5.94154600e+03  9.65093202e-03
 5.94244600e+03  9.51176032e-03
 5.94334600e+03  9.44888026e-03
 5.94424700e+03  9.48962112e-03
 5.94514700e+03  9.56166775e-03
 5.94604700e+03  9.63559933e-03
 5.94694700e+03  9.68273871e-03
 5.94784800e+03  9.68920437e-03
 5.94874800e+03  9.60741278e-03
 5.94964800e+03  9.43810761e-03
 5.95054800e+03  9.36023570e-03
 5.95144800e+03  9.47785693e-03
 5.95234900e+03  9.61051650e-03
 5.95324900e+03  9.56897518e-03
 5.95414900e+03  9.43642406e-03
 5.95504900e+03  9.43989444e-03
 5.95594900e+03  9.57486760e-03
 5.95685000e+03  9.61565494e-03
 5.95775000e+03  9.52164471e-03
 5.95865000e+03  9.44982532e-03
 5.95955000e+03  9.47788276e-03
 5.96045100e+03  9.55505233e-03
 5.96135100e+03  9.63667866e-03
 5.96225100e+03  9.70854453e-03
 5.96315100e+03  9.75912848e-03
 5.96405200e+03  9.76276412e-03
 5.96495200e+03  9.73378744e-03
 5.96585200e+03  9.69540148e-03
 5.96675300e+03  9.63450967e-03
 5.96765300e+03  9.60848178e-03
 5.96855300e+03  9.65842536e-03
 5.96945300e+03  9.70967550e-03
 5.97035400e+03  9.73545034e-03
 5.97125400e+03  9.75923176e-03
 5.97215400e+03  9.78330239e-03
 5.97305400e+03  9.79862992e-03
 5.97395400e+03  9.79675013e-03
 5.97485500e+03  9.77611890e-03
 5.97575500e+03  9.70815721e-03
 5.97665500e+03  9.57631359e-03
 5.97755500e+03  9.44627231e-03
 5.97845500e+03  9.39310106e-03
 5.97935600e+03  9.41975382e-03
 5.98025600e+03  9.50315149e-03
 5.98115600e+03  9.62504357e-03
 5.98205600e+03  9.71295481e-03
 5.98295700e+03  9.71046564e-03
 5.98385700e+03  9.60655551e-03
 5.98475700e+03  9.40323851e-03
 5.98565800e+03  9.23789949e-03
 5.98655800e+03  9.26725315e-03
 5.98745800e+03  9.40541266e-03
 5.98835900e+03  9.48432776e-03
 5.98925900e+03  9.51718796e-03
 5.99015900e+03  9.58845994e-03
 5.99105900e+03  9.64735319e-03
 5.99195900e+03  9.60291471e-03
 5.99286000e+03  9.51501897e-03
 5.99376000e+03  9.52912257e-03
 5.99466000e+03  9.65254327e-03
 5.99556000e+03  9.75365953e-03
 5.99646000e+03  9.75042670e-03
 5.99736100e+03  9.64921749e-03
 5.99826100e+03  9.49526566e-03
 5.99916100e+03  9.38928984e-03
 6.00006100e+03  9.41508016e-03
 6.00096100e+03  9.52234189e-03
 6.00186200e+03  9.60700997e-03
 6.00276200e+03  9.60130862e-03
 6.00366200e+03  9.50446838e-03
 6.00456200e+03  9.43749822e-03
 6.00546300e+03  9.48668266e-03
 6.00636300e+03  9.54724913e-03
 6.00726300e+03  9.51677481e-03
 6.00816400e+03  9.39706722e-03
 6.00906400e+03  9.22849020e-03
 6.00996400e+03  9.18246113e-03
 6.01086400e+03  9.36249764e-03
 6.01176500e+03  9.57586947e-03
 6.01266500e+03  9.62595765e-03
 6.01356500e+03  9.50982372e-03
 6.01446500e+03  9.36764641e-03
 6.01536600e+03  9.36205352e-03
 6.01626600e+03  9.45230416e-03
 6.01716600e+03  9.45813978e-03
 6.01806600e+03  9.39781603e-03
 6.01896600e+03  9.42367349e-03
 6.01986700e+03  9.48116723e-03
 6.02076700e+03  9.41274592e-03
 6.02166700e+03  9.28297317e-03
 6.02256700e+03  9.25793166e-03
 6.02346700e+03  9.31979436e-03
 6.02436800e+03  9.36689760e-03
 6.02526800e+03  9.37156609e-03
 6.02616800e+03  9.42112751e-03
 6.02706900e+03  9.51112511e-03
 6.02796900e+03  9.50753079e-03
 6.02886900e+03  9.48158553e-03
 6.02977000e+03  9.54907728e-03
 6.03067000e+03  9.62184690e-03
 6.03157000e+03  9.64449219e-03
 6.03247000e+03  9.64861843e-03
 6.03337000e+03  9.67407308e-03
 6.03427100e+03  9.70693844e-03
 6.03517100e+03  9.71049662e-03
 6.03607100e+03  9.69957937e-03
 6.03697100e+03  9.70030753e-03
 6.03787200e+03  9.71445245e-03
 6.03877200e+03  9.72708940e-03
 6.03967200e+03  9.70953090e-03
 6.04057200e+03  9.66502013e-03
 6.04147200e+03  9.62405204e-03
 6.04237300e+03  9.60185604e-03
 6.04327300e+03  9.59211107e-03
 6.04417300e+03  9.61721972e-03
 6.04507300e+03  9.68025470e-03
 6.04597400e+03  9.72148617e-03
 6.04687400e+03  9.72576734e-03
 6.04777400e+03  9.72088195e-03
 6.04867400e+03  9.72070637e-03
 6.04957500e+03  9.72074252e-03
 6.05047500e+03  9.71949793e-03
 6.05137500e+03  9.73534705e-03
 6.05227500e+03  9.75525012e-03
 6.05317600e+03  9.72827718e-03
 6.05407600e+03  9.65020902e-03
 6.05497600e+03  9.58335765e-03
 6.05587700e+03  9.55986542e-03
 6.05677700e+03  9.52622025e-03
 6.05767700e+03  9.47846632e-03
 6.05857700e+03  9.49043191e-03
 6.05947700e+03  9.56927987e-03
 6.06037800e+03  9.65613760e-03
 6.06127800e+03  9.70239906e-03
 6.06217800e+03  9.70168639e-03
 6.06307800e+03  9.65665402e-03
 6.06397800e+03  9.57907131e-03
 6.06487900e+03  9.50068297e-03
 6.06577900e+03  9.36583892e-03
 6.06667900e+03  9.21632320e-03
 6.06757900e+03  9.27204043e-03
 6.06848000e+03  9.51293260e-03
 6.06938000e+03  9.70350937e-03
 6.07028000e+03  9.75712475e-03
 6.07118100e+03  9.74533990e-03
 6.07208100e+03  9.73556395e-03
 6.07298100e+03  9.74514882e-03
 6.07388100e+03  9.76603826e-03
 6.07478200e+03  9.77922262e-03
 6.07568200e+03  9.78364840e-03
 6.07658200e+03  9.76395706e-03
 6.07748200e+03  9.70125259e-03
 6.07838300e+03  9.61726103e-03
 6.07928300e+03  9.48894977e-03
 6.08018300e+03  9.38183781e-03
 6.08108300e+03  9.42264064e-03
 6.08198300e+03  9.49896327e-03
 6.08288400e+03  9.45941019e-03
 6.08378400e+03  9.39395833e-03
 6.08468400e+03  9.40921356e-03
 6.08558400e+03  9.45176192e-03
 6.08648400e+03  9.44322023e-03
 6.08738500e+03  9.43407948e-03
 6.08828500e+03  9.48347049e-03
 6.08918500e+03  9.55191762e-03
 6.09008500e+03  9.55119979e-03
 6.09098600e+03  9.45495343e-03
 6.09188600e+03  9.37363179e-03
 6.09278600e+03  9.36910274e-03
 6.09368600e+03  9.38611382e-03
 6.09458700e+03  9.39575033e-03
 6.09548700e+03  9.45735998e-03
 6.09638700e+03  9.56520010e-03
 6.09728800e+03  9.59706876e-03
 6.09818800e+03  9.54611299e-03
 6.09908800e+03  9.52414422e-03
 6.09998800e+03  9.56917142e-03
 6.10088900e+03  9.64292741e-03
 6.10178900e+03  9.65357612e-03
 6.10268900e+03  9.44239911e-03
 6.10358900e+03  9.02048405e-03
 6.10448900e+03  8.80031605e-03
 6.10539000e+03  9.05078794e-03
 6.10629000e+03  9.42623497e-03
 6.10719000e+03  9.58621349e-03
 6.10809000e+03  9.55885322e-03
 6.10899000e+03  9.47455181e-03
 6.10989100e+03  9.47102462e-03
 6.11079100e+03  9.56764280e-03
 6.11169100e+03  9.61498875e-03
 6.11259200e+03  9.54858151e-03
 6.11349200e+03  9.50302238e-03
 6.11439200e+03  9.55268193e-03
 6.11529200e+03  9.62220839e-03
 6.11619300e+03  9.63144209e-03
 6.11709300e+03  9.55859501e-03
 6.11799300e+03  9.48542258e-03
 6.11889300e+03  9.52562120e-03
 6.11979400e+03  9.59393922e-03
 6.12069400e+03  9.55405046e-03
 6.12159400e+03  9.42807861e-03
 6.12249400e+03  9.23985674e-03
 6.12339500e+03  9.02897409e-03
 6.12429500e+03  9.03861061e-03
 6.12519500e+03  9.31228552e-03
 6.12609500e+03  9.50958616e-03
 6.12699500e+03  9.50322895e-03
 6.12789600e+03  9.44080335e-03
 6.12879600e+03  9.38174485e-03
 6.12969600e+03  9.33778665e-03
 6.13059600e+03  9.36829711e-03
 6.13149600e+03  9.47750060e-03
 6.13239700e+03  9.55722132e-03
 6.13329700e+03  9.57182069e-03
 6.13419700e+03  9.58847027e-03
 6.13509700e+03  9.58448862e-03
 6.13599800e+03  9.46209044e-03
 6.13689800e+03  9.15529711e-03
 6.13779800e+03  8.69912750e-03
 6.13869900e+03  8.42315449e-03
 6.13959900e+03  8.66686119e-03
 6.14049900e+03  9.19972010e-03
 6.14140000e+03  9.48403339e-03
 6.14230000e+03  9.34144295e-03
 6.14320000e+03  9.09950759e-03
 6.14410000e+03  9.15046336e-03
 6.14500000e+03  9.40699293e-03
 6.14590100e+03  9.57303429e-03
 6.14680100e+03  9.59955794e-03
 6.14770100e+03  9.56115132e-03
 6.14860100e+03  9.48254092e-03
 6.14950100e+03  9.37819184e-03
 6.15040200e+03  9.29765517e-03
 6.15130200e+03  9.27937884e-03
 6.15220200e+03  9.32849098e-03
 6.15310200e+03  9.41375811e-03
 6.15400200e+03  9.49374221e-03
 6.15490300e+03  9.49758442e-03
 6.15580300e+03  9.39591558e-03
 6.15670300e+03  9.30935222e-03
 6.15760400e+03  9.33378435e-03
 6.15850400e+03  9.37946741e-03
 6.15940400e+03  9.39109733e-03
 6.16030400e+03  9.41606654e-03
 6.16120500e+03  9.35607330e-03
 6.16210500e+03  9.04615559e-03
 6.16300500e+03  8.61055524e-03
 6.16390500e+03  8.40214627e-03
 6.16480600e+03  8.54871319e-03
 6.16570600e+03  8.86040741e-03
 6.16660600e+03  9.09913060e-03
 6.16750600e+03  9.19187042e-03
 6.16840700e+03  9.25056226e-03
 6.16930700e+03  9.23269391e-03
 6.17020700e+03  8.97286438e-03
 6.17110700e+03  8.68280843e-03
 6.17200700e+03  8.74794010e-03
 6.17290800e+03  9.07032951e-03
 6.17380800e+03  9.25963070e-03
 6.17470800e+03  9.24566654e-03
 6.17560800e+03  9.22390950e-03
 6.17650800e+03  9.23038032e-03
 6.17740900e+03  9.20525102e-03
 6.17830900e+03  9.18803854e-03
 6.17920900e+03  9.25175520e-03
 6.18011000e+03  9.34017770e-03
 6.18101000e+03  9.32099247e-03
 6.18191000e+03  9.27334698e-03
 6.18281000e+03  9.32720508e-03
 6.18371100e+03  9.40628026e-03
 6.18461100e+03  9.41808576e-03
 6.18551100e+03  9.39865781e-03
 6.18641200e+03  9.38025754e-03
 6.18731200e+03  9.30905269e-03
 6.18821200e+03  9.20594820e-03
 6.18911200e+03  9.14821691e-03
 6.19001200e+03  9.15362389e-03
 6.19091300e+03  9.15643841e-03
 6.19181300e+03  8.98978251e-03
 6.19271300e+03  8.71364424e-03
 6.19361300e+03  8.72071928e-03
 6.19451300e+03  9.04973443e-03
 6.19541400e+03  9.29778944e-03
 6.19631400e+03  9.33962513e-03
 6.19721400e+03  9.35054754e-03
 6.19811400e+03  9.40017094e-03
 6.19901500e+03  9.41081448e-03
 6.19991500e+03  9.30398655e-03
 6.20081500e+03  9.11219618e-03
 6.20171600e+03  9.02473940e-03
 6.20261600e+03  9.14264467e-03
 6.20351600e+03  9.32616189e-03
 6.20441600e+03  9.41487359e-03
 6.20531600e+03  9.40280471e-03
 6.20621700e+03  9.37105483e-03
 6.20711700e+03  9.39247102e-03
 6.20801700e+03  9.43082083e-03
 6.20891800e+03  9.42952460e-03
 6.20981800e+03  9.41510598e-03
 6.21071800e+03  9.38770957e-03
 6.21161800e+03  9.33703267e-03
 6.21251800e+03  9.30437904e-03
 6.21341900e+03  9.25710022e-03
 6.21431900e+03  9.08982460e-03
 6.21521900e+03  8.88866625e-03
 6.21611900e+03  8.81115584e-03
 6.21701900e+03  8.83245842e-03
 6.21792000e+03  8.94040183e-03
 6.21882000e+03  9.10548780e-03
 6.21972000e+03  9.13698980e-03
 6.22062000e+03  8.98952429e-03
 6.22152100e+03  8.87348332e-03
 6.22242100e+03  8.91764809e-03
 6.22332100e+03  9.05112878e-03
 6.22422100e+03  9.15494594e-03
 6.22512200e+03  9.15441919e-03
 6.22602200e+03  9.12577303e-03
 6.22692200e+03  9.15656236e-03
 6.22782300e+03  9.19280515e-03
 6.22872300e+03  9.20145529e-03
 6.22962300e+03  9.17633632e-03
 6.23052300e+03  9.03368906e-03
 6.23142400e+03  8.76296294e-03
 6.23232400e+03  8.57614059e-03
 6.23322400e+03  8.64519194e-03
 6.23412400e+03  8.83425558e-03
 6.23502400e+03  9.02103146e-03
 6.23592500e+03  9.22010344e-03
 6.23682500e+03  9.33766271e-03
 6.23772500e+03  9.30008753e-03
 6.23862500e+03  9.16293506e-03
 6.23952500e+03  9.03613176e-03
 6.24042600e+03  8.95625612e-03
 6.24132600e+03  8.90396796e-03
 6.24222600e+03  8.93251084e-03
 6.24312700e+03  9.00062229e-03
 6.24402700e+03  8.92951557e-03
 6.24492700e+03  8.79718135e-03
 6.24582700e+03  8.78332047e-03
 6.24672700e+03  8.78489040e-03
 6.24762800e+03  8.74694340e-03
 6.24852800e+03  8.81990410e-03
 6.24942800e+03  9.00665415e-03
 6.25032900e+03  9.14608407e-03
 6.25122900e+03  9.18557002e-03
 6.25212900e+03  9.13905551e-03
 6.25302900e+03  8.96216920e-03
 6.25393000e+03  8.74097352e-03
 6.25483000e+03  8.64700460e-03
 6.25573000e+03  8.67285690e-03
 6.25663000e+03  8.73016471e-03
 6.25753000e+03  8.72817131e-03
 6.25843100e+03  8.66406216e-03
 6.25933100e+03  8.59527935e-03
 6.26023100e+03  8.61142283e-03
 6.26113100e+03  8.77460836e-03
 6.26203100e+03  8.93392585e-03
 6.26293200e+03  9.01905355e-03
 6.26383200e+03  9.13113353e-03
 6.26473200e+03  9.22903761e-03
 6.26563200e+03  9.16222755e-03
 6.26653300e+03  9.00139693e-03
 6.26743300e+03  8.98053848e-03
 6.26833300e+03  9.10641221e-03
 6.26923400e+03  9.18835872e-03
 6.27013400e+03  9.16048720e-03
 6.27103400e+03  9.09077482e-03
 6.27193500e+03  9.06025403e-03
 6.27283500e+03  9.10468218e-03
 6.27373500e+03  9.17578374e-03
 6.27463500e+03  9.21636451e-03
 6.27553500e+03  9.20844770e-03
 6.27643600e+03  9.19355397e-03
 6.27733600e+03  9.19895579e-03
 6.27823600e+03  9.19719994e-03
 6.27913600e+03  9.17722973e-03
 6.28003600e+03  9.12645987e-03
 6.28093700e+03  9.01456580e-03
 6.28183700e+03  8.92581279e-03
 6.28273700e+03  8.95563124e-03
 6.28363700e+03  9.04658423e-03
 6.28453800e+03  9.15427975e-03
 6.28543800e+03  9.24765994e-03
 6.28633800e+03  9.24635855e-03
 6.28723800e+03  9.22394049e-03
 6.28813900e+03  9.27572254e-03
 6.28903900e+03  9.34371522e-03
 6.28993900e+03  9.37615712e-03
 6.29084000e+03  9.34100915e-03
 6.29174000e+03  9.23557041e-03
 6.29264000e+03  9.13598277e-03
 6.29354000e+03  9.09641936e-03
 6.29444000e+03  9.11110136e-03
 6.29534100e+03  9.17162651e-03
 6.29624100e+03  9.21219179e-03
 6.29714100e+03  9.14876949e-03
 6.29804100e+03  9.01211278e-03
 6.29894200e+03  8.92421703e-03
 6.29984200e+03  8.94936699e-03
 6.30074200e+03  9.01792257e-03
 6.30164200e+03  9.00595698e-03
 6.30254200e+03  8.86234401e-03
 6.30344300e+03  8.75263442e-03
 6.30434300e+03  8.82104540e-03
 6.30524300e+03  8.99356275e-03
 6.30614300e+03  9.10762064e-03
 6.30704300e+03  9.13272412e-03
 6.30794400e+03  9.18395877e-03
 6.30884400e+03  9.27734412e-03
 6.30974400e+03  9.31644792e-03
 6.31064500e+03  9.26168092e-03
 6.31154500e+03  9.14752490e-03
 6.31244500e+03  9.06227326e-03
 6.31334600e+03  9.06548026e-03
 6.31424600e+03  9.11632243e-03
 6.31514600e+03  9.08282186e-03
 6.31604600e+03  8.92040064e-03
 6.31694700e+03  8.81567973e-03
 6.31784700e+03  8.86698668e-03
 6.31874700e+03  8.85741214e-03
 6.31964700e+03  8.72149392e-03
 6.32054700e+03  8.72898210e-03
 6.32144800e+03  8.92144382e-03
 6.32234800e+03  9.06588824e-03
 6.32324800e+03  9.06693659e-03
 6.32414800e+03  9.02872621e-03
 6.32504800e+03  9.07682615e-03
 6.32594900e+03  9.18409304e-03
 6.32684900e+03  9.25026790e-03
 6.32774900e+03  9.23153712e-03
 6.32864900e+03  9.17005657e-03
 6.32955000e+03  9.18392262e-03
 6.33045000e+03  9.23890135e-03
 6.33135000e+03  9.20448155e-03
 6.33225100e+03  9.13802782e-03
 6.33315100e+03  9.15392342e-03
 6.33405100e+03  9.23207936e-03
 6.33495100e+03  9.25901616e-03
 6.33585100e+03  9.10833331e-03
 6.33675200e+03  8.84240479e-03
 6.33765200e+03  8.69551251e-03
 6.33855200e+03  8.77088492e-03
 6.33945300e+03  8.91746734e-03
 6.34035300e+03  8.98025961e-03
 6.34125300e+03  9.04378003e-03
 6.34215300e+03  9.14481366e-03
 6.34305300e+03  9.16936456e-03
 6.34395400e+03  9.08314204e-03
 6.34485400e+03  8.94438348e-03
 6.34575400e+03  8.87513588e-03
 6.34665400e+03  8.93934832e-03
 6.34755400e+03  9.00409784e-03
 6.34845500e+03  8.98857407e-03
 6.34935500e+03  9.01889862e-03
 6.35025500e+03  9.11867733e-03
 6.35115500e+03  9.18335455e-03
 6.35205600e+03  9.19154507e-03
 6.35295600e+03  9.20121257e-03
 6.35385600e+03  9.21120025e-03
 6.35475700e+03  9.15941819e-03
 6.35565700e+03  9.02273050e-03
 6.35655700e+03  8.92165039e-03
 6.35745700e+03  8.96394054e-03
 6.35835800e+03  9.03421582e-03
 6.35925800e+03  8.96201943e-03
 6.36015800e+03  8.82113319e-03
 6.36105800e+03  8.78212752e-03
 6.36195900e+03  8.80554745e-03
 6.36285900e+03  8.76205920e-03
 6.36375900e+03  8.68873184e-03
 6.36465900e+03  8.69445900e-03
 6.36555900e+03  8.79768744e-03
 6.36646000e+03  8.91743636e-03
 6.36736000e+03  8.99589183e-03
 6.36826000e+03  9.05522920e-03
 6.36916000e+03  9.12975984e-03
 6.37006000e+03  9.15945951e-03
 6.37096100e+03  9.11059526e-03
 6.37186100e+03  9.04047491e-03
 6.37276100e+03  9.03262523e-03
 6.37366200e+03  9.11799048e-03
 6.37456200e+03  9.22344472e-03
 6.37546200e+03  9.25629975e-03
 6.37636200e+03  9.23703706e-03
 6.37726300e+03  9.23407793e-03
 6.37816300e+03  9.23163524e-03
 6.37906300e+03  9.18690756e-03
 6.37996300e+03  9.11605905e-03
 6.38086400e+03  9.07506513e-03
 6.38176400e+03  9.06255729e-03
 6.38266400e+03  9.07585527e-03
 6.38356400e+03  9.12565941e-03
 6.38446500e+03  9.15969190e-03
 6.38536500e+03  9.13948931e-03
 6.38626500e+03  9.12034022e-03
 6.38716500e+03  9.14866620e-03
 6.38806500e+03  9.19690557e-03
 6.38896600e+03  9.21985039e-03
 6.38986600e+03  9.20723410e-03
 6.39076600e+03  9.21120542e-03
 6.39166600e+03  9.22409025e-03
 6.39256600e+03  9.18645311e-03
 6.39346700e+03  9.05174333e-03
 6.39436700e+03  8.81926890e-03
 6.39526700e+03  8.68078404e-03
 6.39616700e+03  8.81168776e-03
 6.39706800e+03  9.05587474e-03
 6.39796800e+03  9.21140166e-03
 6.39886800e+03  9.25129042e-03
 6.39976900e+03  9.14887277e-03
 6.40066900e+03  8.86327874e-03
 6.40156900e+03  8.59866710e-03
 6.40247000e+03  8.69387544e-03
 6.40337000e+03  9.02880884e-03
 6.40427000e+03  9.23559106e-03
 6.40517000e+03  9.27371365e-03
 6.40607000e+03  9.25544765e-03
 6.40697100e+03  9.20410972e-03
 6.40787100e+03  9.09011379e-03
 6.40877100e+03  8.92534801e-03
 6.40967100e+03  8.84767234e-03
 6.41057100e+03  8.96086780e-03
 6.41147200e+03  9.07450223e-03
 6.41237200e+03  8.98530509e-03
 6.41327200e+03  8.85807833e-03
 6.41417200e+03  8.90239803e-03
 6.41507300e+03  9.01859909e-03
 6.41597300e+03  9.06237138e-03
 6.41687300e+03  9.06391033e-03
 6.41777300e+03  9.07081495e-03
 6.41867400e+03  9.07331961e-03
 6.41957400e+03  9.05931413e-03
 6.42047400e+03  8.99080503e-03
 6.42137400e+03  8.84229634e-03
 6.42227500e+03  8.71218792e-03
 6.42317500e+03  8.78042331e-03
 6.42407500e+03  9.04294859e-03
 6.42497600e+03  9.24538250e-03
 6.42587600e+03  9.25680069e-03
 6.42677600e+03  9.20395479e-03
 6.42767600e+03  9.19913137e-03
 6.42857600e+03  9.24334262e-03
 6.42947700e+03  9.28338631e-03
 6.43037700e+03  9.22206070e-03
 6.43127700e+03  9.01238132e-03
 6.43217700e+03  8.76552958e-03
 6.43307700e+03  8.70640394e-03
 6.43397800e+03  8.84584935e-03
 6.43487800e+03  9.00705180e-03
 6.43577800e+03  9.12655799e-03
 6.43667800e+03  9.20461582e-03
 6.43757900e+03  9.23227044e-03
 6.43847900e+03  9.16851762e-03
 6.43937900e+03  8.95762981e-03
 6.44027900e+03  8.70981236e-03
 6.44118000e+03  8.71285411e-03
 6.44208000e+03  8.98022346e-03
 6.44298000e+03  9.21497533e-03
 6.44388100e+03  9.28857639e-03
 6.44478100e+03  9.27239160e-03
 6.44568100e+03  9.24016660e-03
 6.44658100e+03  9.24491256e-03
 6.44748200e+03  9.28438818e-03
 6.44838200e+03  9.29390075e-03
 6.44928200e+03  9.19412204e-03
 6.45018200e+03  8.89956285e-03
 6.45108200e+03  8.53502274e-03
 6.45198300e+03  8.45751232e-03
 6.45288300e+03  8.72408638e-03
 6.45378300e+03  9.01883148e-03
 6.45468300e+03  9.16056982e-03
 6.45558300e+03  9.13086499e-03
 6.45648400e+03  8.95078716e-03
 6.45738400e+03  8.76436246e-03
 6.45828400e+03  8.76094372e-03
 6.45918500e+03  8.94509615e-03
 6.46008500e+03  9.14270148e-03
 6.46098500e+03  9.24470082e-03
 6.46188500e+03  9.22792730e-03
 6.46278500e+03  9.01559349e-03
 6.46368600e+03  8.65445663e-03
 6.46458600e+03  8.50497189e-03
 6.46548600e+03  8.72871872e-03
 6.46638700e+03  9.00513069e-03
 6.46728700e+03  9.13109222e-03
 6.46818700e+03  9.17105844e-03
 6.46908700e+03  9.16915799e-03
 6.46998800e+03  9.10884974e-03
 6.47088800e+03  9.02088169e-03
 6.47178800e+03  8.95019327e-03
 6.47268800e+03  8.87789876e-03
 6.47358800e+03  8.87320445e-03
 6.47448900e+03  8.98909050e-03
 6.47538900e+03  9.06308405e-03
 6.47628900e+03  9.00732551e-03
 6.47718900e+03  8.95776408e-03
 6.47809000e+03  9.01169964e-03
 6.47899000e+03  9.08930817e-03
 6.47989000e+03  9.11065723e-03
 6.48079000e+03  9.10350473e-03
 6.48169000e+03  9.06271738e-03
 6.48259100e+03  8.91942460e-03
 6.48349100e+03  8.72789760e-03
 6.48439100e+03  8.66817291e-03
 6.48529200e+03  8.78997720e-03
 6.48619200e+03  8.94995572e-03
 6.48709200e+03  9.02383049e-03
 6.48799300e+03  9.03789277e-03
 6.48889300e+03  9.05953103e-03
 6.48979300e+03  9.06606899e-03
 6.49069300e+03  9.01506157e-03
 6.49159300e+03  8.92197058e-03
 6.49249400e+03  8.83133778e-03
 6.49339400e+03  8.76078879e-03
 6.49429400e+03  8.61844623e-03
 6.49519400e+03  8.29648546e-03
 6.49609400e+03  7.96564733e-03
 6.49699500e+03  7.87577367e-03
 6.49789500e+03  7.97652843e-03
 6.49879500e+03  8.15596072e-03
 6.49969500e+03  8.35175340e-03
 6.50059600e+03  8.46499534e-03
 6.50149600e+03  8.56965428e-03
 6.50239600e+03  8.71688223e-03
 6.50329600e+03  8.82355007e-03
 6.50419700e+03  8.88310434e-03
 6.50509700e+03  8.91871709e-03
 6.50599700e+03  8.94624778e-03
 6.50689800e+03  8.98093096e-03
 6.50779800e+03  9.00527013e-03
 6.50869800e+03  8.98771680e-03
 6.50959800e+03  8.93121461e-03
 6.51049800e+03  8.90064734e-03
 6.51139900e+03  8.93082729e-03
 6.51229900e+03  8.98070890e-03
 6.51319900e+03  8.99416697e-03
 6.51409900e+03  8.98591447e-03
 6.51500000e+03  8.98021313e-03
 6.51590000e+03  8.92613814e-03
 6.51680000e+03  8.80477281e-03
 6.51770000e+03  8.70386313e-03
 6.51860000e+03  8.67901270e-03
 6.51950100e+03  8.67605357e-03
 6.52040100e+03  8.69036374e-03
 6.52130100e+03  8.77846089e-03
 6.52220100e+03  8.90043561e-03
 6.52310100e+03  8.96474100e-03
 6.52400200e+03  8.95418008e-03
 6.52490200e+03  8.93541832e-03
 6.52580200e+03  8.95730963e-03
 6.52670300e+03  8.96044950e-03
 6.52760300e+03  8.87732553e-03
 6.52850300e+03  8.77538299e-03
 6.52940400e+03  8.76259628e-03
 6.53030400e+03  8.83620768e-03
 6.53120400e+03  8.91195707e-03
 6.53210400e+03  8.92312737e-03
 6.53300500e+03  8.85660135e-03
 6.53390500e+03  8.76726994e-03
 6.53480500e+03  8.72606945e-03
 6.53570500e+03  8.75951838e-03
 6.53660500e+03  8.82806363e-03
 6.53750600e+03  8.87025049e-03
 6.53840600e+03  8.86592284e-03
 6.53930600e+03  8.85123568e-03
 6.54020600e+03  8.86775099e-03
 6.54110600e+03  8.90824913e-03
 6.54200700e+03  8.92403112e-03
 6.54290700e+03  8.88211797e-03
 6.54380700e+03  8.81377928e-03
 6.54470700e+03  8.75968364e-03
 6.54560800e+03  8.71585971e-03
 6.54650800e+03  8.61058622e-03
 6.54740800e+03  8.44246366e-03
 6.54830900e+03  8.39852612e-03
 6.54920900e+03  8.55636147e-03
 6.55010900e+03  8.70058898e-03
 6.55100900e+03  8.69622518e-03
 6.55191000e+03  8.62351753e-03
 6.55281000e+03  8.54357475e-03
 6.55371000e+03  8.47634639e-03
 6.55461000e+03  8.40968093e-03
 6.55551100e+03  8.31366180e-03
 6.55641100e+03  8.19425373e-03
 6.55731100e+03  8.10618240e-03
 6.55821100e+03  8.09515153e-03
 6.55911100e+03  8.09987167e-03
 6.56001200e+03  8.02967385e-03
 6.56091200e+03  7.88513131e-03
 6.56181200e+03  7.62488348e-03
 6.56271200e+03  7.10363900e-03
 6.56361200e+03  6.63684133e-03
 6.56451300e+03  6.59346669e-03
 6.56541300e+03  6.59510376e-03
 6.56631300e+03  6.97712490e-03
 6.56721300e+03  7.56931086e-03
 6.56811400e+03  7.91714458e-03
 6.56901400e+03  8.07188653e-03
 6.56991400e+03  8.09017835e-03
 6.57081500e+03  8.07578038e-03
 6.57171500e+03  8.14928333e-03
 6.57261500e+03  8.25677745e-03
 6.57351600e+03  8.28228374e-03
 6.57441600e+03  8.23004723e-03
 6.57531600e+03  8.17469666e-03
 6.57621600e+03  8.16779205e-03
 6.57711600e+03  8.27259042e-03
 6.57801700e+03  8.46127191e-03
 6.57891700e+03  8.61274488e-03
 6.57981700e+03  8.68677458e-03
 6.58071700e+03  8.68766800e-03
 6.58161700e+03  8.62059456e-03
 6.58251800e+03  8.54156586e-03
 6.58341800e+03  8.56956649e-03
 6.58431800e+03  8.76053058e-03
 6.58521800e+03  8.93374510e-03
 6.58611800e+03  8.84848313e-03
 6.58701900e+03  8.66964472e-03
 6.58791900e+03  8.58533814e-03
 6.58881900e+03  8.61941195e-03
 6.58972000e+03  8.69957162e-03
 6.59062000e+03  8.74905042e-03
 6.59152000e+03  8.77358067e-03
 6.59242100e+03  8.71964511e-03
 6.59332100e+03  8.50983146e-03
 6.59422100e+03  8.22877165e-03
 6.59512100e+03  8.12160805e-03
 6.59602100e+03  8.31422987e-03
 6.59692200e+03  8.57943023e-03
 6.59782200e+03  8.68952713e-03
 6.59872200e+03  8.66556496e-03
 6.59962200e+03  8.61083927e-03
 6.60052300e+03  8.60051075e-03
 6.60142300e+03  8.67809862e-03
 6.60232300e+03  8.78974481e-03
 6.60322300e+03  8.83930107e-03
 6.60412300e+03  8.82481531e-03
 6.60502400e+03  8.76666056e-03
 6.60592400e+03  8.68324739e-03
 6.60682400e+03  8.62778838e-03
 6.60772400e+03  8.61761478e-03
 6.60862400e+03  8.60248866e-03
 6.60952500e+03  8.54133346e-03
 6.61042500e+03  8.46831080e-03
 6.61132500e+03  8.50058743e-03
 6.61222600e+03  8.66555463e-03
 6.61312600e+03  8.80083248e-03
 6.61402600e+03  8.79419124e-03
 6.61492600e+03  8.72527932e-03
 6.61582700e+03  8.71364424e-03
 6.61672700e+03  8.77983459e-03
 6.61762700e+03  8.81883510e-03
 6.61852800e+03  8.80137473e-03
 6.61942800e+03  8.77549144e-03
 6.62032800e+03  8.78284535e-03
 6.62122800e+03  8.82353458e-03
 6.62212800e+03  8.86132148e-03
 6.62302900e+03  8.86960496e-03
 6.62392900e+03  8.82862137e-03
 6.62482900e+03  8.74715514e-03
 6.62572900e+03  8.64802712e-03
 6.62662900e+03  8.59694224e-03
 6.62753000e+03  8.64015162e-03
 6.62843000e+03  8.70121386e-03
 6.62933000e+03  8.72810934e-03
 6.63023000e+03  8.73411537e-03
 6.63113100e+03  8.72326010e-03
 6.63203100e+03  8.70974006e-03
 6.63293100e+03  8.66954144e-03
 6.63383200e+03  8.56659704e-03
 6.63473200e+03  8.43074079e-03
 6.63563200e+03  8.37724936e-03
 6.63653200e+03  8.46328080e-03
 6.63743300e+03  8.61588475e-03
 6.63833300e+03  8.72719010e-03
 6.63923300e+03  8.75509777e-03
 6.64013300e+03  8.72012022e-03
 6.64103400e+03  8.65876362e-03
 6.64193400e+03  8.65302613e-03
 6.64283400e+03  8.72007891e-03
 6.64373400e+03  8.70303168e-03
 6.64463400e+03  8.55672813e-03
 6.64553500e+03  8.47618630e-03
 6.64643500e+03  8.54835686e-03
 6.64733500e+03  8.64168024e-03
 6.64823500e+03  8.66530674e-03
 6.64913500e+03  8.64925622e-03
 6.65003600e+03  8.66238894e-03
 6.65093600e+03  8.70772599e-03
 6.65183600e+03  8.72958632e-03
 6.65273600e+03  8.71736251e-03
 6.65363700e+03  8.69830122e-03
 6.65453700e+03  8.69350362e-03
 6.65543700e+03  8.69931341e-03
 6.65633700e+03  8.71253392e-03
 6.65723800e+03  8.71076258e-03
 6.65813800e+03  8.68751307e-03
 6.65903800e+03  8.69029145e-03
 6.65993900e+03  8.71006541e-03
 6.66083900e+03  8.70425561e-03
 6.66173900e+03  8.68101127e-03
 6.66263900e+03  8.64631775e-03
 6.66354000e+03  8.55729620e-03
 6.66444000e+03  8.41331657e-03
 6.66534000e+03  8.35022994e-03
 6.66624000e+03  8.43494966e-03
 6.66714000e+03  8.52282991e-03
 6.66804100e+03  8.53618469e-03
 6.66894100e+03  8.52635710e-03
 6.66984100e+03  8.54105459e-03
 6.67074100e+03  8.59679248e-03
 6.67164100e+03  8.66137674e-03
 6.67254200e+03  8.68957878e-03
 6.67344200e+03  8.68211642e-03
 6.67434200e+03  8.67936387e-03
 6.67524300e+03  8.69233133e-03
 6.67614300e+03  8.71182642e-03
 6.67704300e+03  8.71136680e-03
 6.67794400e+03  8.59633802e-03
 6.67884400e+03  8.35351957e-03
 6.67974400e+03  8.19293167e-03
 6.68064400e+03  8.28818133e-03
 6.68154400e+03  8.49819122e-03
 6.68244500e+03  8.60955853e-03
 6.68334500e+03  8.62755599e-03
 6.68424500e+03  8.62786584e-03
 6.68514500e+03  8.65107920e-03
 6.68604600e+03  8.69273414e-03
 6.68694600e+03  8.70004674e-03
 6.68784600e+03  8.67557330e-03
 6.68874600e+03  8.65067639e-03
 6.68964600e+03  8.63730095e-03
 6.69054700e+03  8.65385757e-03
 6.69144700e+03  8.67644606e-03
 6.69234700e+03  8.67939485e-03
 6.69324700e+03  8.66700062e-03
 6.69414800e+03  8.66106688e-03
 6.69504800e+03  8.67549067e-03
 6.69594800e+03  8.66182603e-03
 6.69684800e+03  8.57333123e-03
 6.69774900e+03  8.46503665e-03
 6.69864900e+03  8.44195757e-03
 6.69954900e+03  8.48804344e-03
 6.70044900e+03  8.54521183e-03
 6.70135000e+03  8.61154161e-03
 6.70225000e+03  8.66450112e-03
 6.70315000e+03  8.66531191e-03
 6.70405100e+03  8.61261061e-03
 6.70495100e+03  8.53291572e-03
 6.70585100e+03  8.48193928e-03
 6.70675100e+03  8.49573819e-03
 6.70765100e+03  8.54602778e-03
 6.70855200e+03  8.57847484e-03
 6.70945200e+03  8.57666735e-03
 6.71035200e+03  8.56741299e-03
 6.71125200e+03  8.54457146e-03
 6.71215200e+03  8.52071256e-03
 6.71305300e+03  8.53098945e-03
 6.71395300e+03  8.52879980e-03
 6.71485300e+03  8.49115749e-03
 6.71575300e+03  8.45720763e-03
 6.71665400e+03  8.43596186e-03
 6.71755400e+03  8.41149358e-03
 6.71845400e+03  8.32825084e-03
 6.71935500e+03  8.23650772e-03
 6.72025500e+03  8.31363598e-03
 6.72115500e+03  8.48026090e-03
 6.72205500e+03  8.55115073e-03
 6.72295600e+03  8.52069707e-03
 6.72385600e+03  8.50587048e-03
 6.72475600e+03  8.55480702e-03
 6.72565600e+03  8.59352350e-03
 6.72655700e+03  8.56992282e-03
 6.72745700e+03  8.51126713e-03
 6.72835700e+03  8.47938297e-03
 6.72925700e+03  8.50236911e-03
 6.73015700e+03  8.54829489e-03
 6.73105800e+03  8.59699388e-03
 6.73195800e+03  8.66167110e-03
 6.73285800e+03  8.68709477e-03
 6.73375800e+03  8.62330063e-03
 6.73465800e+03  8.55339718e-03
 6.73555900e+03  8.53671661e-03
 6.73645900e+03  8.55097514e-03
 6.73735900e+03  8.57394062e-03
 6.73826000e+03  8.57316081e-03
 6.73916000e+03  8.51208308e-03
 6.74006000e+03  8.43188209e-03
 6.74096000e+03  8.41871322e-03
 6.74186000e+03  8.47656845e-03
 6.74276100e+03  8.51300749e-03
 6.74366100e+03  8.47445627e-03
 6.74456100e+03  8.41638414e-03
 6.74546200e+03  8.42139864e-03
 6.74636200e+03  8.47227178e-03
 6.74726200e+03  8.49258283e-03
 6.74816200e+03  8.47766327e-03
 6.74906300e+03  8.45803391e-03
 6.74996300e+03  8.42597934e-03
 6.75086300e+03  8.37762119e-03
 6.75176300e+03  8.35077735e-03
 6.75266300e+03  8.38221738e-03
 6.75356400e+03  8.42063949e-03
 6.75446400e+03  8.41861510e-03
 6.75536400e+03  8.42736852e-03
 6.75626400e+03  8.46702489e-03
 6.75716400e+03  8.49647152e-03
 6.75806500e+03  8.51609571e-03
 6.75896500e+03  8.54561980e-03
 6.75986500e+03  8.58243066e-03
 6.76076600e+03  8.61321483e-03
 6.76166600e+03  8.62760247e-03
 6.76256600e+03  8.62169971e-03
 6.76346700e+03  8.59792345e-03
 6.76436700e+03  8.58231189e-03
 6.76526700e+03  8.58314850e-03
 6.76616700e+03  8.57315048e-03
 6.76706800e+03  8.52244259e-03
 6.76796800e+03  8.43060652e-03
 6.76886800e+03  8.34925906e-03
 6.76976800e+03  8.35207874e-03
 6.77066800e+03  8.43111778e-03
 6.77156900e+03  8.47574733e-03
 6.77246900e+03  8.43648345e-03
 6.77336900e+03  8.40723823e-03
 6.77426900e+03  8.45234806e-03
 6.77516900e+03  8.52796319e-03
 6.77607000e+03  8.59299158e-03
 6.77697000e+03  8.62693111e-03
 6.77787000e+03  8.62221098e-03
 6.77877000e+03  8.60144031e-03
 6.77967100e+03  8.60340790e-03
 6.78057100e+03  8.62758181e-03
 6.78147100e+03  8.62341941e-03
 6.78237100e+03  8.58541561e-03
 6.78327200e+03  8.54094098e-03
 6.78417200e+03  8.47507598e-03
 6.78507200e+03  8.38034792e-03
 6.78597200e+03  8.31977628e-03
 6.78687300e+03  8.33176254e-03
 6.78777300e+03  8.36930672e-03
 6.78867300e+03  8.41451468e-03
 6.78957400e+03  8.48171722e-03
 6.79047400e+03  8.53290539e-03
 6.79137400e+03  8.53344247e-03
 6.79227400e+03  8.52914064e-03
 6.79317400e+03  8.54252124e-03
 6.79407500e+03  8.51197980e-03
 6.79497500e+03  8.44039279e-03
 6.79587500e+03  8.40409836e-03
 6.79677500e+03  8.41762873e-03
 6.79767500e+03  8.44302657e-03
 6.79857600e+03  8.47288633e-03
 6.79947600e+03  8.49120397e-03
 6.80037600e+03  8.50039636e-03
 6.80127600e+03  8.50905166e-03
 6.80217700e+03  8.52295902e-03
 6.80307700e+03  8.53935039e-03
 6.80397700e+03  8.54104943e-03
 6.80487700e+03  8.50092311e-03
 6.80577800e+03  8.46497985e-03
 6.80667800e+03  8.48064822e-03
 6.80757800e+03  8.48853921e-03
 6.80847900e+03  8.46772723e-03
 6.80937900e+03  8.48185149e-03
 6.81027900e+03  8.49566589e-03
 6.81117900e+03  8.45771889e-03
 6.81208000e+03  8.43392197e-03
 6.81298000e+03  8.46974646e-03
 6.81388000e+03  8.50682070e-03
 6.81478000e+03  8.49803113e-03
 6.81568000e+03  8.43736137e-03
 6.81658100e+03  8.39643976e-03
 6.81748100e+03  8.44158574e-03
 6.81838100e+03  8.51402485e-03
 6.81928100e+03  8.53598329e-03
 6.82018100e+03  8.50257568e-03
 6.82108200e+03  8.44654859e-03
 6.82198200e+03  8.42413053e-03
 6.82288200e+03  8.46193293e-03
 6.82378300e+03  8.53069508e-03
 6.82468300e+03  8.57756593e-03
 6.82558300e+03  8.58826112e-03
 6.82648300e+03  8.57874338e-03
 6.82738400e+03  8.56886415e-03
 6.82828400e+03  8.53507954e-03
 6.82918400e+03  8.44617677e-03
 6.83008400e+03  8.37434188e-03
 6.83098500e+03  8.40577674e-03
 6.83188500e+03  8.49636307e-03
 6.83278500e+03  8.55729103e-03
 6.83368500e+03  8.54903854e-03
 6.83458600e+03  8.51437602e-03
 6.83548600e+03  8.50920659e-03
 6.83638600e+03  8.53408800e-03
 6.83728600e+03  8.53873068e-03
 6.83818600e+03  8.51275960e-03
 6.83908700e+03  8.45579779e-03
 6.83998700e+03  8.37886061e-03
 6.84088700e+03  8.30487222e-03
 6.84178700e+03  8.24181142e-03
 6.84268800e+03  8.16843241e-03
 6.84358800e+03  8.13582526e-03
 6.84448800e+03  8.18837163e-03
 6.84538800e+03  8.29671269e-03
 6.84628800e+03  8.41703484e-03
 6.84718900e+03  8.49941515e-03
 6.84808900e+03  8.51545535e-03
 6.84898900e+03  8.49828934e-03
 6.84989000e+03  8.49069787e-03
 6.85079000e+03  8.49955975e-03
 6.85169000e+03  8.51288871e-03
 6.85259100e+03  8.51969521e-03
 6.85349100e+03  8.52664630e-03
 6.85439100e+03  8.53434105e-03
 6.85529100e+03  8.48297214e-03
 6.85619100e+03  8.35205292e-03
 6.85709200e+03  8.27269371e-03
 6.85799200e+03  8.30072016e-03
 6.85889200e+03  8.34783372e-03
 6.85979200e+03  8.37833385e-03
 6.86069200e+03  8.41404989e-03
 6.86159300e+03  8.40052985e-03
 6.86249300e+03  8.31177684e-03
 6.86339300e+03  8.26155956e-03
 6.86429300e+03  8.33201559e-03
 6.86519400e+03  8.45877240e-03
 6.86609400e+03  8.54384330e-03
 6.86699400e+03  8.54206163e-03
 6.86789500e+03  8.47580930e-03
 6.86879500e+03  8.35956176e-03
 6.86969500e+03  8.27924715e-03
 6.87059500e+03  8.32857102e-03
 6.87149500e+03  8.41855313e-03
 6.87239600e+03  8.43040511e-03
 6.87329600e+03  8.36584667e-03
 6.87419600e+03  8.31911009e-03
 6.87509700e+03  8.35362286e-03
 6.87599700e+03  8.40078290e-03
 6.87689700e+03  8.40326175e-03
 6.87779700e+03  8.40527065e-03
 6.87869700e+03  8.43898295e-03
 6.87959800e+03  8.48247120e-03
 6.88049800e+03  8.48564206e-03
 6.88139800e+03  8.45768274e-03
 6.88229800e+03  8.41110626e-03
 6.88319800e+03  8.32357718e-03
 6.88409900e+03  8.26010840e-03
 6.88499900e+03  8.31034634e-03
 6.88589900e+03  8.41334755e-03
 6.88679900e+03  8.44175099e-03
 6.88770000e+03  8.40594716e-03
 6.88860000e+03  8.42328876e-03
 6.88950000e+03  8.47708488e-03
 6.89040000e+03  8.50471368e-03
 6.89130100e+03  8.53989780e-03
 6.89220100e+03  8.58955735e-03
 6.89310100e+03  8.58180062e-03
 6.89400200e+03  8.52630546e-03
 6.89490200e+03  8.51260984e-03
 6.89580200e+03  8.51615769e-03
 6.89670200e+03  8.47014411e-03
 6.89760300e+03  8.43104031e-03
 6.89850300e+03  8.46610566e-03
 6.89940300e+03  8.53000307e-03
 6.90030300e+03  8.53893208e-03
 6.90120300e+03  8.49613068e-03
 6.90210400e+03  8.47621212e-03
 6.90300400e+03  8.50647986e-03
 6.90390400e+03  8.54250059e-03
 6.90480400e+03  8.53138193e-03
 6.90570400e+03  8.50572588e-03
 6.90660500e+03  8.49391004e-03
 6.90750500e+03  8.49643537e-03
 6.90840500e+03  8.52778760e-03
 6.90930600e+03  8.56090602e-03
 6.91020600e+03  8.56304402e-03
 6.91110600e+03  8.55214743e-03
 6.91200600e+03  8.52759136e-03
 6.91290700e+03  8.49638373e-03
 6.91380700e+03  8.47075349e-03
 6.91470700e+03  8.40717109e-03
 6.91560800e+03  8.31179233e-03
 6.91650800e+03  8.28738087e-03
 6.91740800e+03  8.33818171e-03
 6.91830800e+03  8.35830684e-03
 6.91920800e+03  8.37479117e-03
 6.92010900e+03  8.44465847e-03
 6.92100900e+03  8.51375630e-03
 6.92190900e+03  8.54414799e-03
 6.92280900e+03  8.55152772e-03
 6.92370900e+03  8.54519117e-03
 6.92461000e+03  8.49267062e-03
 6.92551000e+03  8.38358591e-03
 6.92641000e+03  8.29352117e-03
 6.92731000e+03  8.28626539e-03
 6.92821100e+03  8.35318906e-03
 6.92911100e+03  8.44351201e-03
 6.93001100e+03  8.48169656e-03
 6.93091100e+03  8.48044681e-03
 6.93181200e+03  8.47752384e-03
 6.93271200e+03  8.46883755e-03
 6.93361200e+03  8.43859047e-03
 6.93451200e+03  8.38314178e-03
 6.93541300e+03  8.36861988e-03
 6.93631300e+03  8.42686759e-03
 6.93721300e+03  8.46752066e-03
 6.93811400e+03  8.45434147e-03
 6.93901400e+03  8.42986286e-03
 6.93991400e+03  8.42041743e-03
 6.94081400e+03  8.45079878e-03
 6.94171400e+03  8.49927571e-03
 6.94261500e+03  8.51309011e-03
 6.94351500e+03  8.48490873e-03
 6.94441500e+03  8.43409756e-03
 6.94531500e+03  8.35042618e-03
 6.94621500e+03  8.24027247e-03
 6.94711600e+03  8.19157347e-03
 6.94801600e+03  8.26558768e-03
 6.94891600e+03  8.36944616e-03
 6.94981600e+03  8.42469860e-03
 6.95071700e+03  8.46129773e-03
 6.95161700e+03  8.45003447e-03
 6.95251700e+03  8.36549550e-03
 6.95341700e+03  8.31033085e-03
 6.95431800e+03  8.32552927e-03
 6.95521800e+03  8.34399151e-03
 6.95611800e+03  8.34864451e-03
 6.95701900e+03  8.36780392e-03
 6.95791900e+03  8.41537711e-03
 6.95881900e+03  8.44854716e-03
 6.95971900e+03  8.44639367e-03
 6.96062000e+03  8.43365343e-03
 6.96152000e+03  8.42798824e-03
 6.96242000e+03  8.44231906e-03
 6.96332000e+03  8.46651363e-03
 6.96422000e+03  8.48824485e-03
 6.96512100e+03  8.50364984e-03
 6.96602100e+03  8.48350922e-03
 6.96692100e+03  8.42276717e-03
 6.96782100e+03  8.38730934e-03
 6.96872100e+03  8.43383418e-03
 6.96962200e+03  8.50791552e-03
 6.97052200e+03  8.53031293e-03
 6.97142200e+03  8.49235044e-03
 6.97232300e+03  8.42629436e-03
 6.97322300e+03  8.40191388e-03
 6.97412300e+03  8.44801524e-03
 6.97502300e+03  8.47765811e-03
 6.97592300e+03  8.42829809e-03
 6.97682400e+03  8.34355771e-03
 6.97772400e+03  8.26563416e-03
 6.97862400e+03  8.15960669e-03
 6.97952500e+03  8.01369046e-03
 6.98042500e+03  7.92586702e-03
 6.98132500e+03  8.01999086e-03
 6.98222500e+03  8.22624633e-03
 6.98312600e+03  8.37881929e-03
 6.98402600e+03  8.45518841e-03
 6.98492600e+03  8.50322637e-03
 6.98582600e+03  8.51589431e-03
 6.98672600e+03  8.49893487e-03
 6.98762700e+03  8.47812289e-03
 6.98852700e+03  8.46182448e-03
 6.98942700e+03  8.43950454e-03
 6.99032700e+03  8.39993596e-03
 6.99122700e+03  8.37832869e-03
 6.99212800e+03  8.42055686e-03
 6.99302800e+03  8.49389972e-03
 6.99392800e+03  8.53384528e-03
 6.99482800e+03  8.51853325e-03
 6.99572900e+03  8.47573700e-03
 6.99662900e+03  8.45783767e-03
 6.99752900e+03  8.47843791e-03
 6.99843000e+03  8.50999156e-03
 6.99933000e+03  8.48466085e-03
 7.00023000e+03  8.38168030e-03
 7.00113100e+03  8.27545142e-03
 7.00203100e+03  8.25674646e-03
 7.00293100e+03  8.31676552e-03
 7.00383100e+03  8.37617519e-03
 7.00473100e+03  8.36724618e-03
 7.00563200e+03  8.29260710e-03
 7.00653200e+03  8.22721205e-03
 7.00743200e+03  8.21697648e-03
 7.00833200e+03  8.25992248e-03
 7.00923200e+03  8.32734709e-03
 7.01013300e+03  8.38929758e-03
 7.01103300e+03  8.42299439e-03
 7.01193300e+03  8.40150073e-03
 7.01283300e+03  8.35855989e-03
 7.01373400e+03  8.34373846e-03
 7.01463400e+03  8.36721003e-03
 7.01553400e+03  8.37708927e-03
 7.01643400e+03  8.28150910e-03
 7.01733500e+03  8.07370435e-03
 7.01823500e+03  7.93716642e-03
 7.01913500e+03  8.04524927e-03
 7.02003500e+03  8.26610411e-03
 7.02093600e+03  8.41490716e-03
 7.02183600e+03  8.47711586e-03
 7.02273600e+03  8.47603137e-03
 7.02363700e+03  8.39791674e-03
 7.02453700e+03  8.26876370e-03
 7.02543700e+03  8.16291182e-03
 7.02633700e+03  8.16464185e-03
 7.02723700e+03  8.25815631e-03
 7.02813800e+03  8.32922172e-03
 7.02903800e+03  8.33985494e-03
 7.02993800e+03  8.34391921e-03
 7.03083800e+03  8.36971986e-03
 7.03173800e+03  8.39651722e-03
 7.03263900e+03  8.39766885e-03
 7.03353900e+03  8.37163581e-03
 7.03443900e+03  8.34210655e-03
 7.03533900e+03  8.31618196e-03
 7.03624000e+03  8.29964599e-03
 7.03714000e+03  8.33293482e-03
 7.03804000e+03  8.36723069e-03
 7.03894000e+03  8.29334559e-03
 7.03984100e+03  8.15808323e-03
 7.04074100e+03  8.15817102e-03
 7.04164100e+03  8.33830566e-03
 7.04254200e+03  8.53685605e-03
 7.04344200e+03  8.63003483e-03
 7.04434200e+03  8.62535601e-03
 7.04524200e+03  8.54999910e-03
 7.04614300e+03  8.45626257e-03
 7.04704300e+03  8.41125086e-03
 7.04794300e+03  8.43667969e-03
 7.04884300e+03  8.49466919e-03
 7.04974300e+03  8.54039873e-03
 7.05064400e+03  8.48202191e-03
 7.05154400e+03  8.36945132e-03
 7.05244400e+03  8.37335034e-03
 7.05334400e+03  8.36585183e-03
 7.05424400e+03  8.23606876e-03
 7.05514500e+03  8.14538948e-03
 7.05604500e+03  8.16443528e-03
 7.05694500e+03  8.23786592e-03
 7.05784600e+03  8.31901197e-03
 7.05874600e+03  8.38344647e-03
 7.05964600e+03  8.38440186e-03
 7.06054600e+03  8.29708968e-03
 7.06144700e+03  8.19799782e-03
 7.06234700e+03  8.16420805e-03
 7.06324700e+03  8.20212406e-03
 7.06414800e+03  8.24553485e-03
 7.06504800e+03  8.29166720e-03
 7.06594800e+03  8.35394821e-03
 7.06684800e+03  8.34982713e-03
 7.06774800e+03  8.26808202e-03
 7.06864900e+03  8.15539265e-03
 7.06954900e+03  8.04550748e-03
 7.07044900e+03  8.01358717e-03
 7.07134900e+03  8.10530964e-03
 7.07224900e+03  8.22008020e-03
 7.07315000e+03  8.27059185e-03
 7.07405000e+03  8.26918717e-03
 7.07495000e+03  8.27188808e-03
 7.07585000e+03  8.28172084e-03
 7.07675100e+03  8.27088621e-03
 7.07765100e+03  8.24346398e-03
 7.07855100e+03  8.22603976e-03
 7.07945100e+03  8.23629598e-03
 7.08035100e+03  8.25387513e-03
 7.08125200e+03  8.26372855e-03
 7.08215200e+03  8.27409322e-03
 7.08305200e+03  8.26174547e-03
 7.08395300e+03  8.18319704e-03
 7.08485300e+03  8.03787986e-03
 7.08575300e+03  7.87037185e-03
 7.08665400e+03  7.79085254e-03
 7.08755400e+03  7.84176184e-03
 7.08845400e+03  7.90813294e-03
 7.08935400e+03  7.92695151e-03
 7.09025400e+03  7.92569659e-03
 7.09115500e+03  7.89493825e-03
 7.09205500e+03  7.84762328e-03
 7.09295500e+03  7.83608632e-03
 7.09385500e+03  7.85366030e-03
 7.09475500e+03  7.86486675e-03
 7.09565600e+03  7.87501452e-03
 7.09655600e+03  7.87385257e-03
 7.09745600e+03  7.85607201e-03
 7.09835600e+03  7.84518575e-03
 7.09925700e+03  7.88143370e-03
 7.10015700e+03  7.97763874e-03
 7.10105700e+03  8.07182456e-03
 7.10195800e+03  8.09607077e-03
 7.10285800e+03  8.06930440e-03
 7.10375800e+03  8.01737774e-03
 7.10465800e+03  7.99734040e-03
 7.10555900e+03  8.03824136e-03
 7.10645900e+03  8.10002660e-03
 7.10735900e+03  8.10300638e-03
 7.10825900e+03  8.03533388e-03
 7.10916000e+03  7.98251381e-03
 7.11006000e+03  7.99095221e-03
 7.11096000e+03  7.99774322e-03
 7.11186000e+03  7.95068130e-03
 7.11276000e+03  7.87843843e-03
 7.11366100e+03  7.85418705e-03
 7.11456100e+03  7.90964607e-03
 7.11546100e+03  7.98007628e-03
 7.11636100e+03  8.01301911e-03
 7.11726100e+03  8.02646168e-03
 7.11816200e+03  8.03139871e-03
 7.11906200e+03  8.02444245e-03
 7.11996200e+03  8.01685615e-03
 7.12086300e+03  8.00659993e-03
 7.12176300e+03  7.98793628e-03
 7.12266300e+03  7.94958131e-03
 7.12356300e+03  7.89095660e-03
 7.12446300e+03  7.89411713e-03
 7.12536400e+03  7.97388433e-03
 7.12626400e+03  8.01245104e-03
 7.12716400e+03  7.98320065e-03
 7.12806500e+03  7.95585589e-03
 7.12896500e+03  7.96167085e-03
 7.12986500e+03  7.98009693e-03
 7.13076500e+03  7.95355779e-03
 7.13166600e+03  7.86089543e-03
 7.13256600e+03  7.78437656e-03
 7.13346600e+03  7.81317765e-03
 7.13436600e+03  7.90710525e-03
 7.13526600e+03  8.00084177e-03
 7.13616700e+03  8.07274380e-03
 7.13706700e+03  8.11281331e-03
 7.13796700e+03  8.13451354e-03
 7.13886700e+03  8.13843838e-03
 7.13976700e+03  8.10583123e-03
 7.14066800e+03  8.04172724e-03
 7.14156800e+03  8.01319469e-03
 7.14246800e+03  8.05118300e-03
 7.14336800e+03  8.09288442e-03
 7.14426900e+03  8.08732768e-03
 7.14516900e+03  8.06031342e-03
 7.14606900e+03  8.04312159e-03
 7.14697000e+03  8.03696063e-03
 7.14787000e+03  8.02160727e-03
 7.14877000e+03  7.92881064e-03
 7.14967100e+03  7.78833238e-03
 7.15057100e+03  7.76720539e-03
 7.15147100e+03  7.87671357e-03
 7.15237100e+03  7.98019505e-03
 7.15327100e+03  8.04515115e-03
 7.15417200e+03  8.10899176e-03
 7.15507200e+03  8.14126839e-03
 7.15597200e+03  8.10536644e-03
 7.15687200e+03  8.04914312e-03
 7.15777200e+03  8.06596829e-03
 7.15867300e+03  8.14377823e-03
 7.15957300e+03  8.16539583e-03
 7.16047300e+03  8.11533863e-03
 7.16137300e+03  8.05471536e-03
 7.16227400e+03  8.03575219e-03
 7.16317400e+03  8.07089499e-03
 7.16407400e+03  8.08399156e-03
 7.16497400e+03  7.98694474e-03
 7.16587500e+03  7.81119974e-03
 7.16677500e+03  7.71399799e-03
 7.16767500e+03  7.78838402e-03
 7.16857500e+03  7.95720892e-03
 7.16947600e+03  8.09058116e-03
 7.17037600e+03  8.13481823e-03
 7.17127600e+03  8.12140664e-03
 7.17217700e+03  8.10498945e-03
 7.17307700e+03  8.12608030e-03
 7.17397700e+03  8.16899015e-03
 7.17487700e+03  8.19427955e-03
 7.17577700e+03  8.18372379e-03
 7.17667800e+03  8.12196438e-03
 7.17757800e+03  8.03097525e-03
 7.17847800e+03  8.01083462e-03
 7.17937800e+03  8.09293090e-03
 7.18027800e+03  8.13957452e-03
 7.18117900e+03  8.03980613e-03
 7.18207900e+03  7.87118781e-03
 7.18297900e+03  7.78298737e-03
 7.18387900e+03  7.85414058e-03
 7.18478000e+03  8.00383705e-03
 7.18568000e+03  8.09438722e-03
 7.18658000e+03  8.10181859e-03
 7.18748000e+03  8.03161561e-03
 7.18838100e+03  7.88924207e-03
 7.18928100e+03  7.77660434e-03
 7.19018100e+03  7.76693168e-03
 7.19108200e+03  7.81547574e-03
 7.19198200e+03  7.89287771e-03
 7.19288200e+03  7.95735869e-03
 7.19378200e+03  7.94905455e-03
 7.19468300e+03  7.89589364e-03
 7.19558300e+03  7.89400352e-03
 7.19648300e+03  7.96778533e-03
 7.19738300e+03  8.02019227e-03
 7.19828300e+03  7.98557105e-03
 7.19918400e+03  7.95415168e-03
 7.20008400e+03  8.00387836e-03
 7.20098400e+03  8.06719222e-03
 7.20188400e+03  8.07909584e-03
 7.20278400e+03  8.03520478e-03
 7.20368500e+03  7.98178565e-03
 7.20458500e+03  7.99758313e-03
 7.20548500e+03  8.09007506e-03
 7.20638600e+03  8.15515510e-03
 7.20728600e+03  8.08976521e-03
 7.20818600e+03  7.90044852e-03
 7.20908600e+03  7.73700994e-03
 7.20998700e+03  7.73722168e-03
 7.21088700e+03  7.85524573e-03
 7.21178700e+03  7.99840424e-03
 7.21268800e+03  8.11507009e-03
 7.21358800e+03  8.14087075e-03
 7.21448800e+03  8.07862589e-03
 7.21538800e+03  8.00754499e-03
 7.21628800e+03  7.97337823e-03
 7.21718900e+03  7.98294244e-03
 7.21808900e+03  8.03208040e-03
 7.21898900e+03  8.10455049e-03
 7.21988900e+03  8.15220630e-03
 7.22078900e+03  8.13891349e-03
 7.22169000e+03  8.09415999e-03
 7.22259000e+03  8.05309378e-03
 7.22349000e+03  8.01816271e-03
 7.22439000e+03  7.99049259e-03
 7.22529100e+03  7.99657609e-03
 7.22619100e+03  8.05655900e-03
 7.22709100e+03  8.13197789e-03
 7.22799100e+03  8.17970600e-03
 7.22889200e+03  8.19156314e-03
 7.22979200e+03  8.15398797e-03
 7.23069200e+03  8.11244148e-03
 7.23159200e+03  8.12870374e-03
 7.23249300e+03  8.18523176e-03
 7.23339300e+03  8.23837202e-03
 7.23429300e+03  8.27215662e-03
 7.23519400e+03  8.29345404e-03
 7.23609400e+03  8.29009727e-03
 7.23699400e+03  8.24558649e-03
 7.23789400e+03  8.19981564e-03
 7.23879400e+03  8.18370830e-03
 7.23969500e+03  8.17575534e-03
 7.24059500e+03  8.13904260e-03
 7.24149500e+03  8.12987087e-03
 7.24239500e+03  8.16800378e-03
 7.24329500e+03  8.22457827e-03
 7.24419600e+03  8.23395141e-03
 7.24509600e+03  8.16637187e-03
 7.24599600e+03  8.06469788e-03
 7.24689600e+03  8.01792515e-03
 7.24779700e+03  8.07726253e-03
 7.24869700e+03  8.18765896e-03
 7.24959700e+03  8.25712345e-03
 7.25049800e+03  8.24437805e-03
 7.25139800e+03  8.16860800e-03
 7.25229800e+03  8.07480434e-03
 7.25319800e+03  8.03256067e-03
 7.25409900e+03  8.07126166e-03
 7.25499900e+03  8.13975527e-03
 7.25589900e+03  8.17641120e-03
 7.25679900e+03  8.18887256e-03
 7.25770000e+03  8.21442017e-03
 7.25860000e+03  8.26461163e-03
 7.25950000e+03  8.31095572e-03
 7.26040000e+03  8.27627254e-03
 7.26130000e+03  8.19295750e-03
 7.26220100e+03  8.05255153e-03
 7.26310100e+03  7.94162318e-03
 7.26400100e+03  7.97131252e-03
 7.26490100e+03  8.10060499e-03
 7.26580100e+03  8.20721086e-03
 7.26670200e+03  8.26299522e-03
 7.26760200e+03  8.28487104e-03
 7.26850200e+03  8.28308936e-03
 7.26940300e+03  8.26648110e-03
 7.27030300e+03  8.24986767e-03
 7.27120300e+03  8.24446585e-03
 7.27210300e+03  8.23017117e-03
 7.27300300e+03  8.20225833e-03
 7.27390400e+03  8.19558094e-03
 7.27480400e+03  8.21289671e-03
 7.27570400e+03  8.22273980e-03
 7.27660500e+03  8.21965157e-03
 7.27750500e+03  8.23339883e-03
 7.27840500e+03  8.26764822e-03
 7.27930500e+03  8.26681161e-03
 7.28020600e+03  8.23224720e-03
 7.28110600e+03  8.21469388e-03
 7.28200600e+03  8.20397803e-03
 7.28290600e+03  8.15189645e-03
 7.28380600e+03  8.04705159e-03
 7.28470700e+03  7.97012474e-03
 7.28560700e+03  7.96173282e-03
 7.28650700e+03  8.00056807e-03
 7.28740700e+03  8.07049218e-03
 7.28830700e+03  8.12118974e-03
 7.28920800e+03  8.08605727e-03
 7.29010800e+03  7.97198904e-03
 7.29100800e+03  7.88308627e-03
 7.29190800e+03  7.87554128e-03
 7.29280900e+03  7.87688915e-03
 7.29370900e+03  7.86840943e-03
 7.29460900e+03  7.90252971e-03
 7.29551000e+03  7.99902912e-03
 7.29641000e+03  8.12453618e-03
 7.29731000e+03  8.23613073e-03
 7.29821100e+03  8.29024187e-03
 7.29911100e+03  8.26412103e-03
 7.30001100e+03  8.20108604e-03
 7.30091100e+03  8.15738606e-03
 7.30181100e+03  8.14742936e-03
 7.30271200e+03  8.16382073e-03
 7.30361200e+03  8.19222417e-03
 7.30451200e+03  8.22203229e-03
 7.30541200e+03  8.25164934e-03
 7.30631200e+03  8.27231671e-03
 7.30721300e+03  8.24109358e-03
 7.30811300e+03  8.16465734e-03
 7.30901300e+03  8.08880982e-03
 7.30991300e+03  8.07102926e-03
 7.31081400e+03  8.11659871e-03
 7.31171400e+03  8.13995151e-03
 7.31261400e+03  8.09995946e-03
 7.31351500e+03  8.09358160e-03
 7.31441500e+03  8.16423387e-03
 7.31531500e+03  8.24085086e-03
 7.31621500e+03  8.25398875e-03
 7.31711500e+03  8.21604691e-03
 7.31801600e+03  8.17746471e-03
 7.31891600e+03  8.17030704e-03
 7.31981600e+03  8.18742141e-03
 7.32071700e+03  8.20597144e-03
 7.32161700e+03  8.20532590e-03
 7.32251700e+03  8.20242875e-03
 7.32341700e+03  8.22325622e-03
 7.32431700e+03  8.23151388e-03
 7.32521800e+03  8.18384257e-03
 7.32611800e+03  8.10400308e-03
 7.32701800e+03  8.02348190e-03
 7.32791800e+03  7.99551742e-03
 7.32881800e+03  8.07636911e-03
 7.32971900e+03  8.18550547e-03
 7.33061900e+03  8.22091681e-03
 7.33151900e+03  8.20173158e-03
 7.33241900e+03  8.18826318e-03
 7.33332000e+03  8.19196596e-03
 7.33422000e+03  8.20075553e-03
 7.33512000e+03  8.20772729e-03
 7.33602000e+03  8.22558530e-03
 7.33692100e+03  8.26398159e-03
 7.33782100e+03  8.31532985e-03
 7.33872100e+03  8.33805261e-03
 7.33962200e+03  8.33204141e-03
 7.34052200e+03  8.31737490e-03
 7.34142200e+03  8.29916571e-03
 7.34232200e+03  8.30803792e-03
 7.34322300e+03  8.32414009e-03
 7.34412300e+03  8.27918518e-03
 7.34502300e+03  8.18063557e-03
 7.34592300e+03  8.10896077e-03
 7.34682300e+03  8.12316766e-03
 7.34772400e+03  8.19673774e-03
 7.34862400e+03  8.25952484e-03
 7.34952400e+03  8.28495366e-03
 7.35042400e+03  8.27900443e-03
 7.35132400e+03  8.22235764e-03
 7.35222500e+03  8.13939377e-03
 7.35312500e+03  8.09759423e-03
 7.35402500e+03  8.12017755e-03
 7.35492600e+03  8.14123741e-03
 7.35582600e+03  8.09228537e-03
 7.35672600e+03  8.00460652e-03
 7.35762600e+03  7.93367538e-03
 7.35852700e+03  7.95636198e-03
 7.35942700e+03  8.05792237e-03
 7.36032700e+03  8.17885390e-03
 7.36122700e+03  8.24419731e-03
 7.36212800e+03  8.20717471e-03
 7.36302800e+03  8.10651807e-03
 7.36392800e+03  8.00934731e-03
 7.36482800e+03  7.97716363e-03
 7.36572900e+03  8.00841775e-03
 7.36662900e+03  8.07212925e-03
 7.36752900e+03  8.12300756e-03
 7.36842900e+03  8.15154011e-03
 7.36932900e+03  8.16349022e-03
 7.37023000e+03  8.16601554e-03
 7.37113000e+03  8.16498785e-03
 7.37203000e+03  8.19752787e-03
 7.37293000e+03  8.24278746e-03
 7.37383100e+03  8.24546771e-03
 7.37473100e+03  8.19570488e-03
 7.37563100e+03  8.16279304e-03
 7.37653100e+03  8.13526752e-03
 7.37743200e+03  8.11276167e-03
 7.37833200e+03  8.12123622e-03
 7.37923200e+03  8.16391885e-03
 7.38013200e+03  8.19826636e-03
 7.38103300e+03  8.19894288e-03
 7.38193300e+03  8.15385887e-03
 7.38283300e+03  8.07208277e-03
 7.38373400e+03  7.99425218e-03
 7.38463400e+03  7.95734319e-03
 7.38553400e+03  7.93716126e-03
 7.38643400e+03  7.87128076e-03
 7.38733400e+03  7.78008506e-03
 7.38823500e+03  7.72749221e-03
 7.38913500e+03  7.70807975e-03
 7.39003500e+03  7.67300408e-03
 7.39093500e+03  7.65553338e-03
 7.39183500e+03  7.72995556e-03
 7.39273600e+03  7.84005247e-03
 7.39363600e+03  7.87669807e-03
 7.39453600e+03  7.84000083e-03
 7.39543600e+03  7.82324280e-03
 7.39633700e+03  7.87636240e-03
 7.39723700e+03  7.94956581e-03
 7.39813700e+03  7.97617726e-03
 7.39903800e+03  7.98476026e-03
 7.39993800e+03  7.96188258e-03
 7.40083800e+03  7.90765266e-03
 7.40173800e+03  7.85973864e-03
 7.41000000e+03  8.18032571e-03
 7.43000000e+03  8.27710399e-03
 7.45000000e+03  8.28302739e-03
 7.47000000e+03  8.30183564e-03
 7.49000000e+03  8.26175063e-03
 7.51000000e+03  8.29308738e-03
 7.53000000e+03  8.32941280e-03
 7.55000000e+03  8.35649935e-03
 7.57000000e+03  8.29572115e-03
 7.59000000e+03  8.20980848e-03
 7.61000000e+03  8.13164221e-03
 7.63000000e+03  8.08016484e-03
 7.65000000e+03  8.03544750e-03
 7.67000000e+03  7.81862594e-03
 7.69000000e+03  7.93883964e-03
 7.71000000e+03  7.83098402e-03
 7.73000000e+03  7.85992971e-03
 7.75000000e+03  7.80074727e-03
 7.77000000e+03  7.86576017e-03
 7.79000000e+03  7.88327734e-03
 7.81000000e+03  7.87819055e-03
 7.83000000e+03  7.82140432e-03
 7.85000000e+03  7.76267633e-03
 7.87000000e+03  7.79835105e-03
 7.89000000e+03  7.70582296e-03
 7.91000000e+03  7.57825019e-03
 7.93000000e+03  7.53954921e-03
 7.95000000e+03  7.50442706e-03
 7.97000000e+03  7.64956865e-03
 7.99000000e+03  7.63851713e-03
 8.01000000e+03  7.63134914e-03
 8.03000000e+03  7.64464195e-03
 8.05000000e+03  7.61046486e-03
 8.07000000e+03  7.62223421e-03
 8.09000000e+03  7.53503048e-03
 8.11000000e+03  7.56956907e-03
 8.13000000e+03  7.63211345e-03
 8.15000000e+03  7.63267635e-03
 8.17000000e+03  7.63158153e-03
 8.19000000e+03  7.45336800e-03
 8.21000000e+03  7.44347844e-03
 8.23000000e+03  7.45560413e-03
 8.25000000e+03  7.48061981e-03
 8.27000000e+03  7.51623773e-03
 8.29000000e+03  7.45079104e-03
 8.31000000e+03  7.30048002e-03
 8.33000000e+03  7.25955840e-03
 8.35000000e+03  7.28268913e-03
 8.37000000e+03  7.29215523e-03
 8.39000000e+03  7.13208892e-03
 8.41000000e+03  7.26366916e-03
 8.43000000e+03  7.09668790e-03
 8.45000000e+03  7.08023456e-03
 8.47000000e+03  7.00996961e-03
 8.49000000e+03  7.05099451e-03
 8.51000000e+03  6.76638685e-03
 8.53000000e+03  7.02159436e-03
 8.55000000e+03  6.50157381e-03
 8.57000000e+03  7.11635858e-03
 8.59000000e+03  6.99197732e-03
 8.61000000e+03  6.97999623e-03
 8.63000000e+03  7.11000137e-03
 8.65000000e+03  7.07612381e-03
 8.67000000e+03  6.46879107e-03
 8.69000000e+03  6.90880171e-03
 8.71000000e+03  7.05140248e-03
 8.73000000e+03  7.05451653e-03
 8.75000000e+03  6.86214260e-03
 8.77000000e+03  7.05015273e-03
 8.79000000e+03  7.06474694e-03
 8.81000000e+03  6.96760200e-03
 8.83000000e+03  7.00361240e-03
 8.85000000e+03  6.96784989e-03
 8.87000000e+03  6.69644208e-03
 8.89000000e+03  6.89473942e-03
 8.91000000e+03  6.95233644e-03
 8.93000000e+03  6.86734818e-03
 8.95000000e+03  6.85432907e-03
 8.97000000e+03  6.86130599e-03
 8.99000000e+03  6.86089285e-03
 9.01000000e+03  6.57083173e-03
 9.03000000e+03  6.77909610e-03
 9.05000000e+03  6.93869762e-03
 9.07000000e+03  6.89135683e-03
 9.09000000e+03  6.74301340e-03
 9.11000000e+03  6.79612784e-03
 9.13000000e+03  6.86278813e-03
 9.15000000e+03  6.81685202e-03
 9.17000000e+03  6.77357034e-03
 9.19000000e+03  6.76932015e-03
 9.21000000e+03  6.60155909e-03
 9.23000000e+03  6.41582123e-03
 9.25000000e+03  6.51301265e-03
 9.27000000e+03  6.56112808e-03
 9.29000000e+03  6.54149356e-03
 9.31000000e+03  6.55359342e-03
 9.33000000e+03  6.51561027e-03
 9.35000000e+03  6.47472481e-03
 9.37000000e+03  6.39361491e-03
 9.39000000e+03  6.42219393e-03
 9.41000000e+03  6.29852018e-03
 9.43000000e+03  6.41598649e-03
 9.45000000e+03  6.33396251e-03
 9.47000000e+03  6.39514353e-03
 9.49000000e+03  6.41403956e-03
 9.51000000e+03  6.38363755e-03
 9.53000000e+03  6.36297017e-03
 9.55000000e+03  6.13709051e-03
 9.57000000e+03  6.27418618e-03
 9.59000000e+03  6.32980528e-03
 9.61000000e+03  6.25683942e-03
 9.63000000e+03  6.24582921e-03
 9.65000000e+03  6.18734394e-03
 9.67000000e+03  6.14754814e-03
 9.69000000e+03  6.18553129e-03
 9.71000000e+03  6.15518608e-03
 9.73000000e+03  6.12356530e-03
 9.75000000e+03  6.08207562e-03
 9.77000000e+03  6.09419098e-03
 9.79000000e+03  6.03079966e-03
 9.81000000e+03  6.11600999e-03
 9.83000000e+03  6.08604694e-03
 9.85000000e+03  6.09375202e-03
 9.87000000e+03  6.06219321e-03
 9.89000000e+03  6.05082151e-03
 9.91000000e+03  6.01201207e-03
 9.93000000e+03  6.02110634e-03
 9.95000000e+03  6.02069320e-03
 9.97000000e+03  6.02376077e-03
 9.99000000e+03  5.99537282e-03
 1.00250000e+04  5.91521831e-03
 1.00750000e+04  5.81622456e-03
 1.01250000e+04  5.87519527e-03
 1.01750000e+04  5.80496131e-03
 1.02250000e+04  5.79478255e-03
 1.02750000e+04  5.77779212e-03
 1.03250000e+04  5.69323249e-03
 1.03750000e+04  5.66522670e-03
 1.04250000e+04  5.63878051e-03
 1.04750000e+04  5.54501300e-03
 1.05250000e+04  5.49958815e-03
 1.05750000e+04  5.43144055e-03
 1.06250000e+04  5.40958022e-03
 1.06750000e+04  5.32599664e-03
 1.07250000e+04  5.31862207e-03
 1.07750000e+04  5.28951629e-03
 1.08250000e+04  5.22809772e-03
 1.08750000e+04  5.17450300e-03
 1.09250000e+04  5.04249620e-03
 1.09750000e+04  4.99662980e-03
 1.10250000e+04  4.98319756e-03
 1.10750000e+04  4.94306866e-03
 1.11250000e+04  4.90805754e-03
 1.11750000e+04  4.86973613e-03
 1.12250000e+04  4.86865422e-03
 1.12750000e+04  4.79984972e-03
 1.13250000e+04  4.77343762e-03
 1.13750000e+04  4.73058302e-03
 1.14250000e+04  4.68454310e-03
 1.14750000e+04  4.72465754e-03
 1.15250000e+04  4.68911244e-03
 1.15750000e+04  4.64616282e-03
 1.16250000e+04  4.57688011e-03
 1.16750000e+04  4.56135789e-03
 1.17250000e+04  4.57391996e-03
 1.17750000e+04  4.47231155e-03
 1.18250000e+04  4.45715599e-03
 1.18750000e+04  4.41728634e-03
 1.19250000e+04  4.45683632e-03
 1.19750000e+04  4.32481764e-03
 1.20250000e+04  4.36548052e-03
 1.20750000e+04  4.32525712e-03
 1.21250000e+04  4.32412253e-03
 1.21750000e+04  4.32846412e-03
 1.22250000e+04  4.29239691e-03
 1.22750000e+04  4.25049409e-03
 1.23250000e+04  4.23316696e-03
 1.23750000e+04  4.21204358e-03
 1.24250000e+04  4.16472241e-03
 1.24750000e+04  4.15751620e-03
 1.25250000e+04  4.11400832e-03
 1.25750000e+04  4.10524147e-03
 1.26250000e+04  4.08296232e-03
 1.26750000e+04  4.03573669e-03
 1.27250000e+04  4.04525959e-03
 1.27750000e+04  4.03186763e-03
 1.28250000e+04  3.88192482e-03
 1.28750000e+04  3.94878549e-03
 1.29250000e+04  3.91511347e-03
 1.29750000e+04  3.92170049e-03
 1.30250000e+04  3.88968774e-03
 1.30750000e+04  3.88140427e-03
 1.31250000e+04  3.81102518e-03
 1.31750000e+04  3.80625495e-03
 1.32250000e+04  3.79598014e-03
 1.32750000e+04  3.73008002e-03
 1.33250000e+04  3.65302406e-03
 1.33750000e+04  3.54025723e-03
 1.34250000e+04  3.52736672e-03
 1.34750000e+04  3.51561182e-03
 1.35250000e+04  3.48880517e-03
 1.35750000e+04  3.44404651e-03
 1.36250000e+04  3.42729829e-03
 1.36750000e+04  3.41648587e-03
 1.37250000e+04  3.40168200e-03
 1.37750000e+04  3.38091599e-03
 1.38250000e+04  3.36847476e-03
 1.38750000e+04  3.33828139e-03
 1.39250000e+04  3.31444780e-03
 1.39750000e+04  3.28816997e-03
 1.40250000e+04  3.23626138e-03
 1.40750000e+04  3.21355102e-03
 1.41250000e+04  3.16510456e-03
 1.41750000e+04  3.15971359e-03
 1.42250000e+04  3.12810572e-03
 1.42750000e+04  3.09391521e-03
 1.43250000e+04  3.12489510e-03
 1.43750000e+04  3.13286666e-03
 1.44250000e+04  3.07539255e-03
 1.44750000e+04  3.09834976e-03
 1.45250000e+04  3.06731771e-03
 1.45700000e+04  3.04976438e-03
 1.46200000e+04  2.98680634e-03
 1.46750000e+04  3.01266948e-03
 1.47250000e+04  3.03483553e-03
 1.47750000e+04  3.00982862e-03
 1.48250000e+04  3.01750427e-03
 1.48750000e+04  2.98250916e-03
 1.49250000e+04  3.03297536e-03
 1.49750000e+04  3.01530223e-03
 1.50250000e+04  2.93515236e-03
 1.50750000e+04  2.94544680e-03
 1.51250000e+04  2.96729524e-03
 1.51750000e+04  2.97249875e-03
 1.52250000e+04  2.98272709e-03
 1.52750000e+04  2.95476210e-03
 1.53250000e+04  2.97214655e-03
 1.53750000e+04  2.96488405e-03
 1.54250000e+04  2.92529688e-03
 1.54750000e+04  2.99288210e-03
 1.55250000e+04  2.97848413e-03
 1.55750000e+04  2.85706871e-03
 1.56250000e+04  2.93586244e-03
 1.56750000e+04  2.92655696e-03
 1.57250000e+04  2.89673748e-03
 1.57750000e+04  2.78325488e-03
 1.58250000e+04  2.85256289e-03
 1.58750000e+04  2.82283482e-03
 1.59250000e+04  2.87284553e-03
 1.59750000e+04  2.84286854e-03
 1.60500000e+04  2.84439820e-03
 1.61500000e+04  2.84341079e-03
 1.62500000e+04  2.78099293e-03
 1.63500000e+04  2.79967930e-03
 1.64500000e+04  2.69147251e-03
 1.65500000e+04  2.75316944e-03
 1.66500000e+04  2.67375496e-03
 1.67500000e+04  2.63784320e-03
 1.68500000e+04  2.56813289e-03
 1.69500000e+04  2.59274886e-03
 1.70500000e+04  2.53028659e-03
 1.71500000e+04  2.48761429e-03
 1.72500000e+04  2.41755488e-03
 1.73500000e+04  2.33224488e-03
 1.74500000e+04  2.31969934e-03
 1.75500000e+04  2.23898760e-03
 1.76500000e+04  2.22259055e-03
 1.77500000e+04  2.12465651e-03
 1.78500000e+04  2.07512865e-03
 1.79500000e+04  2.06450577e-03
 1.80500000e+04  2.00819104e-03
 1.81500000e+04  1.96677262e-03
 1.82500000e+04  1.94405451e-03
 1.83500000e+04  1.91552868e-03
 1.84500000e+04  1.87941912e-03
 1.85500000e+04  1.86123008e-03
 1.86500000e+04  1.82205501e-03
 1.87500000e+04  1.76520630e-03
 1.88500000e+04  1.77056009e-03
 1.89500000e+04  1.71698293e-03
 1.90500000e+04  1.71747199e-03
 1.91500000e+04  1.69012877e-03
 1.92500000e+04  1.66388399e-03
 1.93500000e+04  1.62327585e-03
 1.94500000e+04  1.58023947e-03
 1.95500000e+04  1.55427717e-03
 1.96500000e+04  1.52857619e-03
 1.97500000e+04  1.48546131e-03
 1.98500000e+04  1.48106549e-03
 1.99500000e+04  1.46421657e-03
 2.00500000e+04  1.45729801e-03
 2.01500000e+04  1.43952933e-03
 2.02500000e+04  1.41594518e-03
 2.03500000e+04  1.39722059e-03
 2.04500000e+04  1.38379971e-03
 2.05500000e+04  1.36300271e-03
 2.06500000e+04  1.35366262e-03
 2.07500000e+04  1.34425127e-03
 2.08500000e+04  1.33597967e-03
 2.09500000e+04  1.31640557e-03
 2.10500000e+04  1.31295533e-03
 2.11500000e+04  1.29505393e-03
 2.12500000e+04  1.28379325e-03
 2.13500000e+04  1.26665152e-03
 2.14500000e+04  1.25234496e-03
 2.15500000e+04  1.23270166e-03
 2.16500000e+04  1.21040960e-03
 2.17500000e+04  1.19519620e-03
 2.18500000e+04  1.17705260e-03
 2.19500000e+04  1.16732778e-03
 2.20500000e+04  1.14708180e-03
 2.21500000e+04  1.14901789e-03
 2.22500000e+04  1.12496843e-03
 2.23500000e+04  1.10527813e-03
 2.24500000e+04  1.08955967e-03
 2.25500000e+04  1.07569104e-03
 2.26500000e+04  1.04935021e-03
 2.27500000e+04  1.04944729e-03
 2.28500000e+04  1.03075835e-03
 2.29500000e+04  8.91346504e-04
 2.30500000e+04  9.40172022e-04
 2.31500000e+04  9.33536977e-04
 2.32500000e+04  8.32592176e-04
 2.33500000e+04  8.79197061e-04
 2.34500000e+04  8.46464417e-04
 2.35500000e+04  7.76904903e-04
 2.36500000e+04  8.16626342e-04
 2.37500000e+04  7.91923094e-04
 2.38500000e+04  7.37825897e-04
 2.39500000e+04  7.69484374e-04
 2.40500000e+04  7.55288850e-04
 2.41500000e+04  7.07194076e-04
 2.42500000e+04  7.24688014e-04
 2.43500000e+04  7.06792812e-04
 2.44500000e+04  6.82109188e-04
 2.45500000e+04  6.76044795e-04
 2.46500000e+04  6.85824358e-04
 2.47500000e+04  6.56065297e-04
 2.48500000e+04  6.37936671e-04
 2.49500000e+04  6.31473596e-04
 2.50500000e+04  6.43687077e-04
 2.51500000e+04  6.17225913e-04
 2.52500000e+04  6.22357124e-04
 2.53500000e+04  6.26603697e-04
 2.54500000e+04  6.13011359e-04
 2.55500000e+04  6.08063996e-04
 2.56500000e+04  6.11148609e-04
 2.57500000e+04  6.15099786e-04
 2.58500000e+04  5.97861995e-04
 2.59500000e+04  6.14820916e-04
 2.60500000e+04  6.12679297e-04
 2.61500000e+04  6.05573788e-04
 2.62500000e+04  5.79874870e-04
 2.63500000e+04  5.86783104e-04
 2.64500000e+04  5.76110123e-04
 2.65500000e+04  5.65574511e-04
 2.66500000e+04  5.61012402e-04
 2.67500000e+04  5.64486918e-04
 2.68500000e+04  5.58366234e-04
 2.69500000e+04  5.50060035e-04
 2.70500000e+04  5.51492084e-04
 2.71500000e+04  5.40441080e-04
 2.72500000e+04  5.35864510e-04
 2.73500000e+04  5.27879012e-04
 2.74500000e+04  5.24698343e-04
 2.75500000e+04  5.20968196e-04
 2.76500000e+04  5.15658818e-04
 2.77500000e+04  5.08629431e-04
 2.78500000e+04  5.03097008e-04
 2.79500000e+04  5.00989214e-04
 2.80500000e+04  4.87070391e-04
 2.81500000e+04  4.86663396e-04
 2.82500000e+04  4.87580672e-04
 2.83500000e+04  4.84953302e-04
 2.84500000e+04  4.81863576e-04
 2.85500000e+04  4.70508602e-04
 2.86500000e+04  4.64178043e-04
 2.87500000e+04  4.66733785e-04
 2.88500000e+04  4.59534132e-04
 2.89500000e+04  4.57507572e-04
 2.90500000e+04  4.51811856e-04
 2.91500000e+04  4.49817418e-04
 2.92500000e+04  4.42138056e-04
 2.93500000e+04  4.36697919e-04
 2.94500000e+04  4.23697663e-04
 2.95500000e+04  4.24654291e-04
 2.96500000e+04  4.14687937e-04
 2.97500000e+04  4.11063554e-04
 2.98500000e+04  4.11438583e-04
 2.99500000e+04  4.06141082e-04
 3.00500000e+04  4.12004534e-04
 3.01500000e+04  4.07716699e-04
 3.02500000e+04  4.02834250e-04
 3.03500000e+04  3.95479721e-04
 3.04500000e+04  3.92264865e-04
 3.05500000e+04  3.88033010e-04
 3.06500000e+04  3.83499046e-04
 3.07500000e+04  3.79771843e-04
 3.08500000e+04  3.75165682e-04
 3.09500000e+04  3.71481653e-04
 3.10500000e+04  3.68236069e-04
 3.11500000e+04  3.63581158e-04
 3.12500000e+04  3.62062348e-04
 3.13500000e+04  3.58868562e-04
 3.14500000e+04  3.55108617e-04
 3.15500000e+04  3.51334110e-04
 3.16500000e+04  3.48330317e-04
 3.17500000e+04  3.45997464e-04
 3.18500000e+04  3.42772899e-04
 3.19500000e+04  3.40359794e-04
 3.21000000e+04  3.36189601e-04
 3.23000000e+04  3.32191790e-04
 3.25000000e+04  3.30545062e-04
 3.27000000e+04  3.36609868e-04
 3.29000000e+04  3.64272188e-04
 3.31000000e+04  3.59587427e-04
 3.33000000e+04  3.19365829e-04
 3.35000000e+04  3.02217379e-04
 3.37000000e+04  2.91974685e-04
 3.39000000e+04  2.84818670e-04
 3.41000000e+04  2.78555143e-04
 3.43000000e+04  2.73370482e-04
 3.45000000e+04  2.68607224e-04
 3.47000000e+04  2.63733400e-04
 3.49000000e+04  2.59175526e-04
 3.51000000e+04  2.54630820e-04
 3.53000000e+04  2.49485665e-04
 3.55000000e+04  2.45264965e-04
 3.57000000e+04  2.41594673e-04
 3.59000000e+04  2.37675875e-04
 3.61000000e+04  2.33568686e-04
 3.63000000e+04  2.29593185e-04
 3.65000000e+04  2.25535263e-04
 3.67000000e+04  2.22271552e-04
 3.69000000e+04  2.17907389e-04
 3.71000000e+04  2.14956013e-04
 3.73000000e+04  2.11917930e-04
 3.75000000e+04  2.07542405e-04
 3.77000000e+04  2.05876724e-04
 3.79000000e+04  2.02906912e-04
 3.81000000e+04  2.00238744e-04
 3.83000000e+04  1.97705260e-04
 3.85000000e+04  1.94985914e-04
 3.87000000e+04  1.91752673e-04
 3.89000000e+04  1.88852992e-04
 3.91000000e+04  1.85499629e-04
 3.93000000e+04  1.82114197e-04
 3.95000000e+04  1.78325591e-04
 3.97000000e+04  1.75399417e-04
 3.99000000e+04  1.71805968e-04
 4.01000000e+04  1.68865541e-04
 4.03000000e+04  1.66058661e-04
 4.05000000e+04  1.62677773e-04
 4.07000000e+04  1.60232857e-04
 4.09000000e+04  1.56907743e-04
 4.11000000e+04  1.53976559e-04
 4.13000000e+04  1.51218482e-04
 4.15000000e+04  1.48224656e-04
 4.17000000e+04  1.45157497e-04
 4.19000000e+04  1.42490259e-04
 4.21000000e+04  1.39600493e-04
 4.23000000e+04  1.36952052e-04
 4.25000000e+04  1.33869401e-04
 4.27000000e+04  1.31371137e-04
 4.29000000e+04  1.27144499e-04
 4.31000000e+04  1.23279616e-04
 4.33000000e+04  1.21570555e-04
 4.35000000e+04  1.17553792e-04
 4.37000000e+04  1.14837649e-04
 4.39000000e+04  1.12466013e-04
 4.41000000e+04  1.09437121e-04
 4.43000000e+04  1.07439430e-04
 4.45000000e+04  1.05305660e-04
 4.47000000e+04  1.02714698e-04
 4.49000000e+04  1.01813586e-04
 4.51000000e+04  1.00379935e-04
 4.53000000e+04  9.82963615e-05
 4.55000000e+04  9.68935413e-05
 4.57000000e+04  9.51522037e-05
 4.59000000e+04  9.29278527e-05
 4.61000000e+04  9.25748237e-05
 4.63000000e+04  9.05697989e-05
 4.65000000e+04  8.89345869e-05
 4.67000000e+04  8.82829086e-05
 4.69000000e+04  8.68791072e-05
 4.71000000e+04  8.58234287e-05
 4.73000000e+04  8.56235201e-05
 4.75000000e+04  8.40977388e-05
 4.77000000e+04  8.25016203e-05
 4.79000000e+04  8.16318552e-05
 4.81000000e+04  8.03823620e-05
 4.83000000e+04  7.99646764e-05
 4.85000000e+04  7.90490011e-05
 4.87000000e+04  7.85284951e-05
 4.89000000e+04  7.78840468e-05
 4.91000000e+04  7.68870343e-05
 4.93000000e+04  7.61021698e-05
 4.95000000e+04  7.53390984e-05
 4.97000000e+04  7.46885046e-05
 4.99000000e+04  7.38026787e-05
 5.01000000e+04  7.35537096e-05
 5.03000000e+04  7.30478701e-05
 5.05000000e+04  7.18346816e-05
 5.07000000e+04  7.13000256e-05
 5.09000000e+04  7.07740971e-05
 5.11000000e+04  7.01999861e-05
 5.13000000e+04  6.97859672e-05
 5.15000000e+04  6.91161623e-05
 5.17000000e+04  6.87842552e-05
 5.19000000e+04  6.79899400e-05
 5.21000000e+04  6.75575363e-05
 5.23000000e+04  6.69603410e-05
 5.25000000e+04  6.65421907e-05
 5.27000000e+04  6.60929516e-05
 5.29000000e+04  6.51597694e-05
 5.31000000e+04  6.45361847e-05
 5.33000000e+04  6.42316998e-05
 5.35000000e+04  6.35583316e-05
 5.37000000e+04  6.29699672e-05
 5.39000000e+04  6.25064231e-05
 5.41000000e+04  6.18908430e-05
 5.43000000e+04  6.10056368e-05
 5.45000000e+04  6.04436618e-05
 5.47000000e+04  5.99146864e-05
 5.49000000e+04  5.96040560e-05
 5.51000000e+04  5.91268782e-05
 5.53000000e+04  5.89574904e-05
 5.55000000e+04  5.81632268e-05
 5.57000000e+04  5.80355663e-05
 5.59000000e+04  5.76293454e-05
 5.61000000e+04  5.73225366e-05
 5.63000000e+04  5.67239986e-05
 5.65000000e+04  5.64832923e-05
 5.67000000e+04  5.62220323e-05
 5.69000000e+04  5.59000405e-05
 5.71000000e+04  5.57712438e-05
 5.73000000e+04  5.54906695e-05
 5.75000000e+04  5.52533200e-05
 5.77000000e+04  5.50002195e-05
 5.79000000e+04  5.50354914e-05
 5.81000000e+04  5.47795506e-05
 5.83000000e+04  5.46790024e-05
 5.85000000e+04  5.46628899e-05
 5.87000000e+04  5.46632514e-05
 5.89000000e+04  5.46774014e-05
 5.91000000e+04  5.47276497e-05
 5.93000000e+04  5.49827126e-05
 5.95000000e+04  5.51173449e-05
 5.97000000e+04  5.58101824e-05
 5.99000000e+04  5.68137018e-05
 6.01000000e+04  5.79901208e-05
 6.03000000e+04  5.93412467e-05
 6.05000000e+04  6.08633097e-05
 6.07000000e+04  6.33006349e-05
 6.09000000e+04  6.64140137e-05
 6.11000000e+04  7.00844099e-05
 6.13000000e+04  7.45058963e-05
 6.15000000e+04  7.96218727e-05
 6.17000000e+04  8.48075667e-05
 6.19000000e+04  8.96806162e-05
 6.21000000e+04  9.29039421e-05
 6.23000000e+04  9.32766986e-05
 6.25000000e+04  9.07864913e-05
 6.27000000e+04  8.50598409e-05
 6.29000000e+04  7.90282924e-05
 6.31000000e+04  7.35088322e-05
 6.33000000e+04  6.87378285e-05
 6.35000000e+04  6.46175735e-05
 6.37000000e+04  6.10706549e-05
 6.39000000e+04  5.79205582e-05
 6.42000000e+04  5.38884055e-05
 6.46000000e+04  4.95517007e-05
 6.50000000e+04  4.69428394e-05
 6.54000000e+04  4.47364961e-05
 6.58000000e+04  4.33547203e-05
 6.62000000e+04  4.21609649e-05
 6.66000000e+04  4.11900836e-05
 6.70000000e+04  4.04220029e-05
 6.74000000e+04  3.96882955e-05
 6.78000000e+04  3.91634773e-05
 6.82000000e+04  3.86854732e-05
 6.86000000e+04  3.83443272e-05
 6.90000000e+04  3.82313538e-05
 6.94000000e+04  3.82683299e-05
 6.98000000e+04  3.83899483e-05
 7.02000000e+04  3.84041139e-05
 7.06000000e+04  3.82912024e-05
 7.10000000e+04  3.80568327e-05
 7.14000000e+04  3.78392520e-05
 7.18000000e+04  3.80817503e-05
 7.22000000e+04  3.84203658e-05
 7.26000000e+04  3.91486920e-05
 7.30000000e+04  4.07678587e-05
 7.34000000e+04  4.23458713e-05
 7.38000000e+04  4.45618511e-05
 7.42000000e+04  4.70904805e-05
 7.46000000e+04  4.96954531e-05
 7.50000000e+04  5.24162292e-05
 7.54000000e+04  5.51278800e-05
 7.58000000e+04  5.68671003e-05
 7.62000000e+04  5.83068966e-05
 7.66000000e+04  5.90095978e-05
 7.70000000e+04  5.81957100e-05
 7.74000000e+04  5.74080051e-05
 7.78000000e+04  5.56392969e-05
 7.82000000e+04  5.36482673e-05
 7.86000000e+04  5.14509666e-05
 7.90000000e+04  4.88241130e-05
 7.94000000e+04  4.62037250e-05
 7.98000000e+04  4.38548378e-05
 8.02000000e+04  4.15641311e-05
 8.06000000e+04  3.94891512e-05
 8.10000000e+04  3.77980722e-05
 8.14000000e+04  3.60815540e-05
 8.18000000e+04  3.51405222e-05
 8.22000000e+04  3.45008405e-05
 8.26000000e+04  3.39373523e-05
 8.30000000e+04  3.36044898e-05
 8.34000000e+04  3.32886332e-05
 8.38000000e+04  3.33573850e-05
 8.42000000e+04  3.35523721e-05
 8.46000000e+04  3.38336436e-05
 8.50000000e+04  3.42521503e-05
 8.54000000e+04  3.48693003e-05
 8.58000000e+04  3.47033983e-05
 8.62000000e+04  3.40694490e-05
 8.66000000e+04  3.31350222e-05
 8.70000000e+04  3.14862592e-05
 8.74000000e+04  2.98109570e-05
 8.78000000e+04  2.84853064e-05
 8.82000000e+04  2.72519101e-05
 8.86000000e+04  2.60543280e-05
 8.90000000e+04  2.50326149e-05
 8.94000000e+04  2.40541215e-05
 8.98000000e+04  2.35200335e-05
 9.02000000e+04  2.29394671e-05
 9.06000000e+04  2.24111321e-05
 9.10000000e+04  2.21847257e-05
 9.14000000e+04  2.20190561e-05
 9.18000000e+04  2.18695817e-05
 9.22000000e+04  2.17856676e-05
 9.26000000e+04  2.16330327e-05
 9.30000000e+04  2.12808816e-05
 9.34000000e+04  2.09103975e-05
 9.38000000e+04  2.06433999e-05
 9.42000000e+04  2.03518360e-05
 9.46000000e+04  2.01516434e-05
 9.50000000e+04  2.00738593e-05
 9.54000000e+04  1.99731923e-05
 9.58000000e+04  1.98780408e-05
 9.62000000e+04  1.97547440e-05
 9.66000000e+04  1.96811946e-05
 9.70000000e+04  1.94345649e-05
 9.74000000e+04  1.91970657e-05
 9.78000000e+04  1.89539115e-05
 9.82000000e+04  1.86791366e-05
 9.86000000e+04  1.84891279e-05
 9.90000000e+04  1.84100166e-05
 9.94000000e+04  1.83191876e-05
 9.98000000e+04  1.82823509e-05
 1.00000000e+05  1.82543554e-05
 1.00900000e+05  1.78020590e-05
 1.01900000e+05  1.71810823e-05
 1.02800000e+05  1.71128262e-05
 1.03800000e+05  1.74390682e-05
 1.04700000e+05  1.77167351e-05
 1.05700000e+05  1.75075928e-05
 1.06700000e+05  1.72916491e-05
 1.07600000e+05  1.70450349e-05
 1.08600000e+05  1.69440788e-05
 1.09600000e+05  1.81235756e-05
 1.10700000e+05  2.12636588e-05
 1.11700000e+05  2.59953573e-05
 1.12700000e+05  2.92169016e-05
 1.13800000e+05  2.62128347e-05
 1.14800000e+05  2.22602582e-05
 1.15900000e+05  1.95355521e-05
 1.16900000e+05  1.80354785e-05
 1.18000000e+05  1.74210036e-05
 1.19100000e+05  1.71594389e-05
 1.20200000e+05  1.66376160e-05
 1.21300000e+05  1.60739471e-05
 1.22500000e+05  1.60505891e-05
 1.23600000e+05  1.63237011e-05
 1.24700000e+05  1.67107006e-05
 1.25900000e+05  1.83776418e-05
 1.27100000e+05  2.05093615e-05
 1.28200000e+05  2.03201998e-05
 1.29400000e+05  1.55213710e-05
 1.30600000e+05  1.27107109e-05
 1.31800000e+05  1.20680598e-05
 1.33000000e+05  1.17505093e-05
 1.34300000e+05  1.15251616e-05
 1.35500000e+05  1.09765155e-05
 1.36800000e+05  1.04456810e-05
 1.38000000e+05  1.01282441e-05
 1.39300000e+05  9.96411354e-06
 1.40600000e+05  9.70418589e-06
 1.41900000e+05  9.45454029e-06
 1.43200000e+05  9.19884217e-06
 1.44500000e+05  8.34486427e-06
 1.45900000e+05  7.89878046e-06
 1.47200000e+05  8.04504786e-06
 1.48600000e+05  7.92895008e-06
 1.50000000e+05  8.06167678e-06
 1.51400000e+05  7.97474676e-06
 1.52800000e+05  7.80311767e-06
 1.54200000e+05  8.82717538e-06
 1.55600000e+05  9.57994924e-06
 1.57000000e+05  8.29727559e-06
 1.58500000e+05  7.76587817e-06
 1.60000000e+05  8.84231183e-06
 1.61400000e+05  8.90879138e-06
 1.62900000e+05  8.92353019e-06
 1.64400000e+05  8.99313411e-06
 1.66000000e+05  9.01148274e-06
 1.67500000e+05  9.01590851e-06
 1.69000000e+05  9.06800042e-06
 1.70600000e+05  9.05959817e-06
 1.72200000e+05  9.08973680e-06
 1.73800000e+05  9.07595855e-06
 1.75400000e+05  9.08020874e-06
 1.77000000e+05  9.06417371e-06
 1.78600000e+05  9.04703352e-06
 1.80300000e+05  9.06232490e-06
 1.82000000e+05  9.01583105e-06
 1.83700000e+05  9.02243614e-06
 1.85400000e+05  9.17282462e-06
 1.87100000e+05  9.28811677e-06
 1.88800000e+05  9.11104455e-06
 1.90500000e+05  8.91433780e-06
 1.92300000e+05  8.83352226e-06
 1.94100000e+05  8.79739824e-06
 1.95900000e+05  8.76083010e-06
 1.97700000e+05  8.73570597e-06
 1.99500000e+05  8.70504574e-06
 2.01400000e+05  8.67805214e-06
 2.03200000e+05  8.66031290e-06
 2.05100000e+05  8.64512997e-06
 2.07000000e+05  8.62730810e-06
 2.08900000e+05  8.61640634e-06
 2.10900000e+05  8.61121626e-06
 2.12800000e+05  8.60207035e-06
 2.14800000e+05  8.60320133e-06
 2.16800000e+05  8.59443241e-06
 2.18800000e+05  8.60658908e-06
 2.20800000e+05  8.61335943e-06
 2.22800000e+05  8.62598605e-06
 2.24900000e+05  8.64127743e-06
 2.27000000e+05  8.66380394e-06
 2.29100000e+05  8.69311113e-06
 2.31200000e+05  8.72040426e-06
 2.33300000e+05  8.75240203e-06
 2.35500000e+05  8.78545847e-06
 2.37700000e+05  8.81929988e-06
 2.39900000e+05  8.85803185e-06
 2.42100000e+05  8.88561417e-06
 2.44300000e+05  8.92184147e-06
 2.46600000e+05  8.95766080e-06
 2.48900000e+05  8.99539090e-06
 2.51200000e+05  9.03328625e-06
 2.53500000e+05  9.07436279e-06
 2.55900000e+05  9.11661679e-06
 2.58200000e+05  9.16172146e-06
 2.60600000e+05  9.20972844e-06
 2.63000000e+05  9.25605703e-06
 2.65500000e+05  9.31125783e-06
 2.67900000e+05  9.35995683e-06
 2.70400000e+05  9.41611301e-06
 2.72900000e+05  9.48070244e-06
 2.75400000e+05  9.54706838e-06
 2.78000000e+05  9.61486998e-06
 2.80500000e+05  9.68510911e-06
 2.83100000e+05  9.75449097e-06
 2.85800000e+05  9.82978592e-06
 2.88400000e+05  9.89977200e-06
 2.91100000e+05  9.97288246e-06
 2.93800000e+05  1.00472840e-05
 2.96500000e+05  1.01209728e-05
 2.99200000e+05  1.02248107e-05
 3.02000000e+05  1.03315663e-05
 3.04800000e+05  1.03779517e-05
 3.07600000e+05  1.04189250e-05
 3.10500000e+05  1.04569339e-05
 3.13300000e+05  1.04895101e-05
 3.16200000e+05  1.05183370e-05
 3.19200000e+05  1.05430738e-05
 3.22100000e+05  1.05631267e-05
 3.25100000e+05  1.05793786e-05
 3.28100000e+05  1.06279949e-05
 3.31100000e+05  1.07994691e-05
 3.34200000e+05  1.09979317e-05
 3.37300000e+05  1.08801659e-05
 3.40400000e+05  1.06538266e-05
 3.43600000e+05  1.05716942e-05
 3.46700000e+05  1.05561342e-05
 3.49900000e+05  1.05321101e-05
 3.53200000e+05  1.04989762e-05
 3.56500000e+05  1.04683211e-05
 3.59700000e+05  1.04392825e-05
 3.63100000e+05  1.04007106e-05
 3.66400000e+05  1.03584566e-05
 3.69800000e+05  1.03129491e-05
 3.73300000e+05  1.02666360e-05
 3.76700000e+05  1.02163464e-05
 3.80200000e+05  1.01673996e-05
 3.83700000e+05  1.01092861e-05
 3.87300000e+05  1.00562078e-05
 3.90800000e+05  9.99177333e-06
 3.94500000e+05  9.93160967e-06
 3.98100000e+05  9.86493388e-06
 4.01800000e+05  9.79915668e-06
 4.05500000e+05  9.73074053e-06
 4.09300000e+05  9.66254128e-06
 4.13000000e+05  9.58948246e-06
 4.16900000e+05  9.51528751e-06
 4.20700000e+05  9.44449064e-06
 4.24600000e+05  9.37214449e-06
 4.28500000e+05  9.29774296e-06
 4.32500000e+05  9.22248417e-06
 4.36500000e+05  9.14822207e-06
 4.40600000e+05  9.07358299e-06
 4.44600000e+05  8.99845330e-06
 4.48700000e+05  8.92296728e-06
 4.52900000e+05  8.85244412e-06
 4.57100000e+05  8.77828531e-06
 4.61300000e+05  8.70430725e-06
 4.65600000e+05  8.63024657e-06
 4.69900000e+05  8.56266187e-06
 4.74200000e+05  8.49127627e-06
 4.78600000e+05  8.42275167e-06
 4.83100000e+05  8.35261066e-06
 4.87500000e+05  8.28775269e-06
 4.92000000e+05  8.22266233e-06
 4.96600000e+05  8.16038649e-06
 5.01200000e+05  8.09815197e-06
 5.05800000e+05  8.04449528e-06
 5.10500000e+05  8.02186032e-06
 5.15200000e+05  8.04892622e-06
 5.20000000e+05  8.00257180e-06
 5.24800000e+05  7.87071786e-06
 5.29700000e+05  7.76785092e-06
 5.34600000e+05  7.71112666e-06
 5.39500000e+05  7.66206101e-06
 5.44500000e+05  7.61750891e-06
 5.49500000e+05  7.57113900e-06
 5.54600000e+05  7.52886952e-06
 5.59800000e+05  7.48876386e-06
 5.64900000e+05  7.46082520e-06
 5.70200000e+05  7.44883894e-06
 5.75400000e+05  7.41336046e-06
 5.80800000e+05  7.35281982e-06
 5.86100000e+05  7.30727102e-06
 5.91600000e+05  7.27264464e-06
 5.97000000e+05  7.24431867e-06
 6.02600000e+05  7.21502181e-06
 6.08100000e+05  7.18600898e-06
 6.13800000e+05  7.15914965e-06
 6.19400000e+05  7.13280159e-06
 6.25200000e+05  7.10900983e-06
 6.31000000e+05  7.08497535e-06
 6.36800000e+05  7.06282067e-06
 6.42700000e+05  7.03992233e-06
 6.48600000e+05  7.01690521e-06
 6.54600000e+05  6.99658900e-06
 6.60700000e+05  6.97339630e-06
 6.66800000e+05  6.95416459e-06
 6.73000000e+05  6.93209770e-06
 6.79200000e+05  6.91264392e-06
 6.85500000e+05  6.89103665e-06
 6.91800000e+05  6.86967210e-06
 6.98200000e+05  6.85022865e-06
 7.04700000e+05  6.82899837e-06
 7.11200000e+05  6.80689016e-06
 7.17800000e+05  6.78418806e-06
 7.24400000e+05  6.76377890e-06
 7.31100000e+05  6.74012658e-06
 7.37900000e+05  6.71589586e-06
 7.44700000e+05  6.69139143e-06
 7.51600000e+05  6.66633960e-06
 7.58600000e+05  6.63933567e-06
 7.65600000e+05  6.61266742e-06
 7.72700000e+05  6.58417618e-06
 7.79800000e+05  6.55562814e-06
 7.87000000e+05  6.52450313e-06
 7.94300000e+05  6.49308893e-06
 8.01700000e+05  6.45989821e-06
 8.09100000e+05  6.42556620e-06
 8.16600000e+05  6.39045954e-06
 8.24100000e+05  6.35394304e-06
 8.31800000e+05  6.31622327e-06
 8.39500000e+05  6.27706784e-06
 8.47200000e+05  6.23638894e-06
 8.55100000e+05  6.19347392e-06
 8.63000000e+05  6.15458703e-06
 8.71000000e+05  6.13405392e-06
 8.79000000e+05  6.13630037e-06
 8.87200000e+05  6.09126801e-06
 8.95400000e+05  5.99383387e-06
 9.03600000e+05  5.91823424e-06
 9.12000000e+05  5.86232593e-06
 9.20400000e+05  5.80953168e-06
 9.29000000e+05  5.75507970e-06
 9.37600000e+05  5.69916107e-06
 9.46200000e+05  5.64310300e-06
 9.55000000e+05  5.58459707e-06
 9.63800000e+05  5.52611180e-06
 9.72700000e+05  5.46668147e-06
 9.81700000e+05  5.40498919e-06
 9.90800000e+05  5.34257392e-06
 1.00000000e+06  5.27951311e-06
 1.00900000e+06  5.21781567e-06
 1.01900000e+06  5.14734053e-06
 1.02800000e+06  5.08463193e-06
 1.03800000e+06  5.01490768e-06
 1.04700000e+06  4.95139655e-06
 1.05700000e+06  4.88128446e-06
 1.06700000e+06  4.81171926e-06
 1.07600000e+06  4.74800414e-06
 1.08600000e+06  4.67825665e-06
 1.09600000e+06  4.60797827e-06
 1.10700000e+06  4.53126832e-06
 1.11700000e+06  4.46137829e-06
 1.12700000e+06  4.39217356e-06
 1.13800000e+06  4.31709861e-06
 1.14800000e+06  4.24838397e-06
 1.15900000e+06  4.17417146e-06
 1.16900000e+06  4.10701849e-06
 1.18000000e+06  4.03372263e-06
 1.19100000e+06  3.96067982e-06
 1.20200000e+06  3.88935568e-06
 1.21300000e+06  3.81947856e-06
 1.22500000e+06  3.74297880e-06
 1.23600000e+06  3.67176982e-06
 1.24700000e+06  3.60220462e-06
 1.25900000e+06  3.52854520e-06
 1.27100000e+06  3.45544404e-06
 1.28200000e+06  3.38973396e-06
 1.29400000e+06  3.31898977e-06
 1.30600000e+06  3.24866336e-06
 1.31800000e+06  3.18033449e-06
 1.33000000e+06  3.11316551e-06
 1.34300000e+06  3.04107448e-06
 1.35500000e+06  2.97629759e-06
 1.36800000e+06  2.90686873e-06
 1.38000000e+06  2.84435068e-06
 1.39300000e+06  2.77814329e-06
 1.40600000e+06  2.71320373e-06
 1.41900000e+06  2.64948654e-06
 1.43200000e+06  2.58696489e-06
 1.44500000e+06  2.52561087e-06
 1.45900000e+06  2.46135660e-06
 1.47200000e+06  2.40294931e-06
 1.48600000e+06  2.34181322e-06
 1.50000000e+06  2.28132422e-06
 1.51400000e+06  2.22326190e-06
 1.52800000e+06  2.16636413e-06
 1.54200000e+06  2.11074967e-06
 1.55600000e+06  2.05747101e-06
 1.57000000e+06  2.00570083e-06
 1.58500000e+06  1.95038228e-06
 1.60000000e+06  1.89551871e-06
 1.61400000e+06  1.84592940e-06
 1.62900000e+06  1.79503043e-06
 1.64400000e+06  1.74576595e-06
 1.66000000e+06  1.69445797e-06
 1.67500000e+06  1.64820529e-06
 1.69000000e+06  1.60284344e-06
 1.70600000e+06  1.55605161e-06
 1.72200000e+06  1.51071404e-06
 1.73800000e+06  1.46632462e-06
 1.75400000e+06  1.42373908e-06
 1.77000000e+06  1.38244822e-06
 1.78600000e+06  1.34240092e-06
 1.80300000e+06  1.30084771e-06
 1.82000000e+06  1.26101834e-06
 1.83700000e+06  1.22243407e-06
 1.85400000e+06  1.18504430e-06
 1.87100000e+06  1.14880770e-06
 1.88800000e+06  1.11405893e-06
 1.90500000e+06  1.07998719e-06
 1.92300000e+06  1.04548424e-06
 1.94100000e+06  1.01206888e-06
 1.95900000e+06  9.80056652e-07
 1.97700000e+06  9.48687890e-07
 1.99500000e+06  9.18633949e-07
 2.01400000e+06  8.88333673e-07
 2.03200000e+06  8.60667171e-07
 2.05100000e+06  8.32386122e-07
 2.07000000e+06  8.04604973e-07
 2.08900000e+06  7.77916065e-07
 2.10900000e+06  7.51203919e-07
 2.12800000e+06  7.26704658e-07
 2.14800000e+06  7.02006574e-07
 2.16800000e+06  6.78092941e-07
 2.18800000e+06  6.54931225e-07
 2.20800000e+06  6.33053344e-07
 2.22800000e+06  6.11577760e-07
 2.24900000e+06  5.90237479e-07
 2.27000000e+06  5.69578364e-07
 2.29100000e+06  5.49834356e-07
 2.31200000e+06  5.30709544e-07
 2.33300000e+06  5.12432135e-07
 2.35500000e+06  4.94053868e-07
 2.37700000e+06  4.76265051e-07
 2.39900000e+06  4.59279430e-07
 2.42100000e+06  4.43062046e-07
 2.44300000e+06  4.27352515e-07
 2.46600000e+06  4.11796053e-07
 2.48900000e+06  3.96738923e-07
 2.51200000e+06  3.82378349e-07
 2.53500000e+06  3.68471146e-07
 2.55900000e+06  3.54722744e-07
 2.58200000e+06  3.41888158e-07
 2.60600000e+06  3.29397460e-07
 2.63000000e+06  3.17107032e-07
 2.65500000e+06  3.04975147e-07
 2.67900000e+06  2.93837228e-07
 2.70400000e+06  2.82836110e-07
 2.72900000e+06  2.72186729e-07
 2.75400000e+06  2.62055531e-07
 2.78000000e+06  2.51885291e-07
 2.80500000e+06  2.42564263e-07
 2.83100000e+06  2.33366970e-07
 2.85800000e+06  2.24139105e-07
 2.88400000e+06  2.15690991e-07
 2.91100000e+06  2.07365322e-07
 2.93800000e+06  1.99307782e-07
 2.96500000e+06  1.91663022e-07
 2.99200000e+06  1.84260620e-07
 3.02000000e+06  1.76973794e-07
 3.04800000e+06  1.70069124e-07
 3.07600000e+06  1.63529515e-07
 3.10500000e+06  1.56954376e-07
 3.13300000e+06  1.50967499e-07
 3.16200000e+06  1.44939100e-07
 3.19200000e+06  1.39016621e-07
 3.22100000e+06  1.33634117e-07
 3.25100000e+06  1.28277331e-07
 3.28100000e+06  1.23169256e-07
 3.31100000e+06  1.18298840e-07
 3.34200000e+06  1.13490499e-07
 3.37300000e+06  1.08921934e-07
 3.40400000e+06  1.04547288e-07
 3.43600000e+06  1.00265237e-07
 3.46700000e+06  9.62915949e-08
 3.49900000e+06  9.23896333e-08
 3.53200000e+06  8.85623468e-08
 3.56500000e+06  8.49140538e-08
 3.59700000e+06  8.15346638e-08
 3.63100000e+06  7.81228423e-08
 3.66400000e+06  7.49654124e-08
 3.69800000e+06  7.18788361e-08
 3.73300000e+06  6.88450902e-08
 3.76700000e+06  6.60422385e-08
 3.80200000e+06  6.32948510e-08
 3.83700000e+06  6.06732649e-08
 3.87300000e+06  5.81148377e-08
 3.90800000e+06  5.57486760e-08
 3.94500000e+06  5.33677962e-08
 3.98100000e+06  5.11599088e-08
 4.01800000e+06  4.90062513e-08
 4.05500000e+06  4.69554195e-08
 4.09300000e+06  4.49566279e-08
 4.13000000e+06  4.30998329e-08
 4.16900000e+06  4.12463379e-08
 4.20700000e+06  3.95265198e-08
 4.24600000e+06  3.78435332e-08
 4.28500000e+06  3.62520883e-08
 4.32500000e+06  3.46956313e-08
 4.36500000e+06  3.32113294e-08
 4.40600000e+06  3.17745800e-08
 4.44600000e+06  3.04400106e-08
 4.48700000e+06  2.91415034e-08
 4.52900000e+06  2.78792027e-08
 4.57100000e+06  2.66776906e-08
 4.61300000e+06  2.55343643e-08
 4.65600000e+06  2.44298370e-08
 4.69900000e+06  2.33736421e-08
 4.74200000e+06  2.23757982e-08
 4.78600000e+06  2.14009611e-08
 4.83100000e+06  2.04609466e-08
 4.87500000e+06  1.95828051e-08
 4.92000000e+06  1.87363308e-08
 4.96600000e+06  1.79099714e-08
 5.01200000e+06  1.71269195e-08
 5.05800000e+06  1.63852591e-08
 5.10500000e+06  1.56665229e-08
 5.15200000e+06  1.49865703e-08
 5.20000000e+06  1.43230298e-08
 5.24800000e+06  1.36959850e-08
 5.29700000e+06  1.30891377e-08
 5.34600000e+06  1.25116803e-08
 5.39500000e+06  1.19669797e-08
 5.44500000e+06  1.14355978e-08
 5.49500000e+06  1.09350155e-08
 5.54600000e+06  1.04512068e-08
 5.59800000e+06  9.97957018e-09
 5.64900000e+06  9.54390785e-09
 5.70200000e+06  9.11576985e-09
 5.75400000e+06  8.71708880e-09
 5.80800000e+06  8.32139270e-09
 5.86100000e+06  7.95729672e-09
 5.91600000e+06  7.59583967e-09
 5.97000000e+06  7.26017812e-09
 6.02600000e+06  6.93443194e-09
 6.08100000e+06  6.62526305e-09
 6.13800000e+06  6.32550345e-09
 6.19400000e+06  6.04466054e-09
 6.25200000e+06  5.77261753e-09
 6.31000000e+06  5.51293260e-09
 6.36800000e+06  5.26507384e-09
 6.42700000e+06  5.02695848e-09
 6.48600000e+06  4.80307015e-09
 6.54600000e+06  4.58818882e-09
 6.60700000e+06  4.37895821e-09
 6.66800000e+06  4.17964661e-09
 6.73000000e+06  3.99164526e-09
 6.79200000e+06  3.80977801e-09
 6.85500000e+06  3.63855483e-09
 6.91800000e+06  3.47290131e-09
 6.98200000e+06  3.31725612e-09
 7.04700000e+06  3.16576611e-09
 7.11200000e+06  3.02193107e-09
 7.17800000e+06  2.88196201e-09
 7.24400000e+06  2.75176269e-09
 7.31100000e+06  2.62760350e-09
 7.37900000e+06  2.50655319e-09
 7.44700000e+06  2.39266107e-09
 7.51600000e+06  2.28306045e-09
 7.58600000e+06  2.17788250e-09
 7.65600000e+06  2.07847458e-09
 7.72700000e+06  1.98315418e-09
 7.79800000e+06  1.89273776e-09
 7.87000000e+06  1.80610829e-09
 7.94300000e+06  1.72315681e-09
 8.01700000e+06  1.64335295e-09
 8.09100000e+06  1.56804096e-09
 8.16600000e+06  1.49562871e-09
 8.24100000e+06  1.42738660e-09
 8.31800000e+06  1.36089414e-09
 8.39500000e+06  1.29813751e-09
 8.47200000e+06  1.23875624e-09
 8.55100000e+06  1.18111429e-09
 8.63000000e+06  1.12664682e-09
 8.71000000e+06  1.07460500e-09
 8.79000000e+06  1.02514324e-09
 8.87200000e+06  9.77362973e-10
 8.95400000e+06  9.32172579e-10
 9.03600000e+06  8.89289062e-10
 9.12000000e+06  8.47910410e-10
 9.20400000e+06  8.08852578e-10
 9.29000000e+06  7.70888537e-10
 9.37600000e+06  7.35104847e-10
 9.46200000e+06  7.01250010e-10
 9.55000000e+06  6.68360373e-10
 9.63800000e+06  6.37429540e-10
 9.72700000e+06  6.07810430e-10
 9.81700000e+06  5.79463278e-10
 9.90800000e+06  5.52484139e-10
 1.00000000e+07  5.26691231e-10
 1.00900000e+07  5.02664243e-10
 1.01900000e+07  4.77600477e-10
 1.02800000e+07  4.56297844e-10
 1.03800000e+07  4.33932198e-10
 1.04700000e+07  4.14904061e-10
 1.05700000e+07  3.94906850e-10
 1.06700000e+07  3.76039734e-10
 1.07600000e+07  3.59965296e-10
 1.08600000e+07  3.43047534e-10
 1.09600000e+07  3.27063110e-10
 1.10700000e+07  3.10486912e-10
 1.11700000e+07  2.96273881e-10
 1.12700000e+07  2.82824283e-10
 1.13800000e+07  2.68855677e-10
 1.14800000e+07  2.56860438e-10
 1.15900000e+07  2.44389675e-10
 1.16900000e+07  2.33670577e-10
 1.18000000e+07  2.22515512e-10
 1.19100000e+07  2.11985736e-10
 1.20200000e+07  2.02040555e-10
 1.21300000e+07  1.92643250e-10
 1.22500000e+07  1.82975906e-10
 1.23600000e+07  1.74615327e-10
 1.24700000e+07  1.66703367e-10
 1.25900000e+07  1.58551373e-10
 1.27100000e+07  1.50867674e-10
 1.28200000e+07  1.44208874e-10
 1.29400000e+07  1.37338391e-10
 1.30600000e+07  1.30852439e-10
 1.31800000e+07  1.24726281e-10
 1.33000000e+07  1.18937143e-10
 1.34300000e+07  1.13021377e-10
 1.35500000e+07  1.07868167e-10
 1.36800000e+07  1.02596746e-10
 1.38000000e+07  9.80002427e-11
 1.39300000e+07  9.32935857e-11
 1.40600000e+07  8.88526300e-11
 1.41900000e+07  8.46602303e-11
 1.43200000e+07  8.07006871e-11
 1.44500000e+07  7.69592307e-11
 1.45900000e+07  7.31579206e-11
 1.47200000e+07  6.98261968e-11
 1.48600000e+07  6.64376661e-11
 1.50000000e+07  6.32426919e-11
 1.51400000e+07  6.02286735e-11
 1.52800000e+07  5.73838364e-11
 1.54200000e+07  5.46973355e-11
 1.55600000e+07  5.21592039e-11
 1.57000000e+07  4.97595468e-11
 1.58500000e+07  4.73331233e-11
 1.60000000e+07  4.50459697e-11
 1.61400000e+07  4.30289896e-11
 1.62900000e+07  4.09861779e-11
 1.64400000e+07  3.90578217e-11
 1.66000000e+07  3.71186928e-11
 1.67500000e+07  3.54040545e-11
 1.69000000e+07  3.37831681e-11
 1.70600000e+07  3.21504866e-11
 1.72200000e+07  3.06111491e-11
 1.73800000e+07  2.91588346e-11
 1.75400000e+07  2.77880122e-11
 1.77000000e+07  2.64933678e-11
 1.78600000e+07  2.52699437e-11
 1.80300000e+07  2.40434314e-11
 1.82000000e+07  2.28873235e-11
 1.83700000e+07  2.17970497e-11
 1.85400000e+07  2.07682098e-11
 1.87100000e+07  1.97969360e-11
 1.88800000e+07  1.88796340e-11
 1.90500000e+07  1.80126215e-11
 1.92300000e+07  1.71459136e-11
 1.94100000e+07  1.63288189e-11
 1.95900000e+07  1.55578927e-11
 1.97700000e+07  1.48302275e-11
 1.99500000e+07  1.41431172e-11
 2.01400000e+07  1.34586614e-11
 2.03200000e+07  1.28467015e-11
 2.05100000e+07  1.22365232e-11
 2.07000000e+07  1.16610540e-11
 2.08900000e+07  1.11176135e-11
 2.10900000e+07  1.05781960e-11
 2.12800000e+07  1.00946971e-11
 2.14800000e+07  9.61427092e-12
 2.16800000e+07  9.16101395e-12
 2.18800000e+07  8.73332524e-12
 2.20800000e+07  8.32955740e-12
 2.22800000e+07  7.94801654e-12
 2.24900000e+07  7.56997188e-12
 2.27000000e+07  7.21345187e-12
 2.29100000e+07  6.87693821e-12
 2.31200000e+07  6.55939805e-12
 2.33300000e+07  6.25938540e-12
 2.35500000e+07  5.96275534e-12
 2.37700000e+07  5.68296594e-12
 2.39900000e+07  5.41899984e-12
 2.42100000e+07  5.16983451e-12
 2.44300000e+07  4.93449546e-12
 2.46600000e+07  4.70213981e-12
 2.48900000e+07  4.48305476e-12
 2.51200000e+07  4.27628080e-12
 2.53500000e+07  4.08106188e-12
 2.55900000e+07  3.88877212e-12
 2.58200000e+07  3.71496887e-12
 2.60600000e+07  3.54347147e-12
 2.63000000e+07  3.38156926e-12
 2.65500000e+07  3.22261689e-12
 2.67900000e+07  3.07841571e-12
 2.70400000e+07  2.93674192e-12
 2.72900000e+07  2.80292504e-12
 2.75400000e+07  2.67651319e-12
 2.78000000e+07  2.55244799e-12
 2.80500000e+07  2.43987895e-12
 2.83100000e+07  2.32925425e-12
 2.85800000e+07  2.22079493e-12
 2.88400000e+07  2.12228715e-12
 2.91100000e+07  2.02560286e-12
 2.93800000e+07  1.93431420e-12
 2.96500000e+07  1.84824247e-12
 2.99200000e+07  1.76684957e-12
 3.02000000e+07  1.68706533e-12
 3.04800000e+07  1.61181170e-12
 3.07600000e+07  1.54071737e-12
 3.10500000e+07  1.47118419e-12
 3.13300000e+07  1.40773555e-12
 3.16200000e+07  1.34565492e-12
 3.19200000e+07  1.28506831e-12
 3.22100000e+07  1.22970742e-12
 3.25100000e+07  1.17565515e-12
 3.28100000e+07  1.12450675e-12
 3.31100000e+07  1.07621522e-12
 3.34200000e+07  1.02902315e-12
 3.37300000e+07  9.84419421e-13
 3.40400000e+07  9.42265097e-13
 3.43600000e+07  9.01221606e-13
 3.46700000e+07  8.63555543e-13
 3.49900000e+07  8.26857262e-13
 3.53200000e+07  7.91099910e-13
 3.56500000e+07  7.57255918e-13
 3.59700000e+07  7.26248138e-13
 3.63100000e+07  6.95163410e-13
 3.66400000e+07  6.66598843e-13
 3.69800000e+07  6.38719573e-13
 3.73300000e+07  6.11581891e-13
 3.76700000e+07  5.86657612e-13
 3.80200000e+07  5.62570460e-13
 3.83700000e+07  5.39557991e-13
 3.87300000e+07  5.17229270e-13
 3.90800000e+07  4.96707525e-13
 3.94500000e+07  4.76240985e-13
 3.98100000e+07  4.57314119e-13
 4.01800000e+07  4.38904763e-13
 4.05500000e+07  4.21576081e-13
 4.09300000e+07  4.04644273e-13
 4.13000000e+07  3.89029196e-13
 4.16900000e+07  3.73436894e-13
 4.20700000e+07  3.59158174e-13
 4.24600000e+07  3.45130333e-13
 4.28500000e+07  3.32017703e-13
 4.32500000e+07  3.19128066e-13
 4.36500000e+07  3.06943712e-13
 4.40600000e+07  2.95159072e-13
 4.44600000e+07  2.84180625e-13
 4.48700000e+07  2.73615939e-13
 4.52900000e+07  2.63270011e-13
 4.57100000e+07  2.53533466e-13
 4.61300000e+07  2.44310610e-13
 4.65600000e+07  2.35275578e-13
 4.69900000e+07  2.26783672e-13
 4.74200000e+07  2.18709038e-13
 4.78600000e+07  2.10868345e-13
 4.83100000e+07  2.03209382e-13
 4.87500000e+07  1.96174986e-13
 4.92000000e+07  1.89296395e-13
 4.96600000e+07  1.82628713e-13
 5.01200000e+07  1.76345716e-13
 5.05800000e+07  1.70284267e-13
 5.10500000e+07  1.64504218e-13
 5.15200000e+07  1.58960486e-13
 5.20000000e+07  1.53546325e-13
 5.24800000e+07  1.48461850e-13
 5.29700000e+07  1.43493933e-13
 5.34600000e+07  1.38762126e-13
 5.39500000e+07  1.34324889e-13
 5.44500000e+07  1.29952566e-13
 5.49500000e+07  1.25774833e-13
 5.54600000e+07  1.21782135e-13
 5.59800000e+07  1.17878831e-13
 5.64900000e+07  1.14248871e-13
 5.70200000e+07  1.10634507e-13
 5.75400000e+07  1.07265136e-13
 5.80800000e+07  1.03960111e-13
 5.86100000e+07  1.00841517e-13
 5.91600000e+07  9.77471422e-14
 5.97000000e+07  9.48546906e-14
 6.02600000e+07  9.20108863e-14
 6.08100000e+07  8.93069818e-14
 6.13800000e+07  8.66864286e-14
 6.19400000e+07  8.42014889e-14
 6.25200000e+07  8.17756283e-14
 6.31000000e+07  7.94448418e-14
 6.36800000e+07  7.71820686e-14
 6.42700000e+07  7.50250596e-14
 6.48600000e+07  7.29629697e-14
 6.54600000e+07  7.09299545e-14
 6.60700000e+07  6.89887600e-14
 6.66800000e+07  6.71080906e-14
 6.73000000e+07  6.52975519e-14
 6.79200000e+07  6.35602424e-14
 6.85500000e+07  6.18445196e-14
 6.91800000e+07  6.02484527e-14
 6.98200000e+07  5.86769160e-14
 7.04700000e+07  5.71317171e-14
 7.11200000e+07  5.56792167e-14
 7.17800000e+07  5.42506268e-14
 7.24400000e+07  5.28467738e-14
 7.31100000e+07  5.15405304e-14
 7.37900000e+07  5.02483287e-14
 7.44700000e+07  4.89990575e-14
 7.51600000e+07  4.77824400e-14
 7.58600000e+07  4.65969732e-14
 7.65600000e+07  4.54887019e-14
 7.72700000e+07  4.43731696e-14
 7.79800000e+07  4.33133700e-14
 7.87000000e+07  4.22799185e-14
 7.94300000e+07  4.12910139e-14
 8.01700000e+07  4.03131247e-14
 8.09100000e+07  3.93742773e-14
 8.16600000e+07  3.84557926e-14
 8.24100000e+07  3.75585640e-14
 8.31800000e+07  3.66849516e-14
 8.39500000e+07  3.58666536e-14
 8.47200000e+07  3.50569902e-14
 8.55100000e+07  3.42581305e-14
 8.63000000e+07  3.34909122e-14
 8.71000000e+07  3.27321891e-14
 8.79000000e+07  3.20182040e-14
 8.87200000e+07  3.13059128e-14
 8.95400000e+07  3.06196392e-14
 9.03600000e+07  2.99572916e-14
 9.12000000e+07  2.93051950e-14
 9.20400000e+07  2.86762395e-14
 9.29000000e+07  2.80521229e-14
 9.37600000e+07  2.74529290e-14
 9.46200000e+07  2.68745420e-14
 9.55000000e+07  2.63050323e-14
 9.63800000e+07  2.57517023e-14
 9.72700000e+07  2.52107974e-14
 9.81700000e+07  2.46849258e-14
 9.90800000e+07  2.41719958e-14
 1.00000000e+08  2.36691722e-14
