# Wavelength Flux
 9.10000000e+01  8.84157075e-13
 9.40000000e+01  9.43414704e-13
 9.60000000e+01  9.83987545e-13
 9.80000000e+01  1.02541463e-12
 1.00000000e+02  1.06769605e-12
 1.02000000e+02  1.11083161e-12
 1.04000000e+02  1.15482067e-12
 1.06000000e+02  1.19966533e-12
 1.08000000e+02  1.24536350e-12
 1.10000000e+02  1.29191518e-12
 1.14000000e+02  1.38758219e-12
 1.18000000e+02  1.48666741e-12
 1.21000000e+02  1.56322257e-12
 1.25000000e+02  1.66828652e-12
 1.27000000e+02  1.72209927e-12
 1.28000000e+02  1.74932677e-12
 1.31000000e+02  1.83228950e-12
 1.32000000e+02  1.86037049e-12
 1.34000000e+02  1.91717366e-12
 1.37000000e+02  2.00398031e-12
 1.40000000e+02  2.09270840e-12
 1.43000000e+02  2.18335896e-12
 1.47000000e+02  2.30721680e-12
 1.51000000e+02  2.43449179e-12
 1.55000000e+02  2.56518396e-12
 1.59000000e+02  2.69929328e-12
 1.62000000e+02  2.80211678e-12
 1.66000000e+02  2.94220693e-12
 1.70000000e+02  3.08571320e-12
 1.73000000e+02  3.19558545e-12
 1.77000000e+02  3.34507358e-12
 1.80000000e+02  3.45943615e-12
 1.82000000e+02  3.53675277e-12
 1.86000000e+02  3.69398000e-12
 1.91000000e+02  3.89572973e-12
 1.94000000e+02  4.02009485e-12
 1.98000000e+02  4.19240802e-12
 2.02000000e+02  4.37482206e-12
 2.05000000e+02  4.52766041e-12
 2.10000000e+02  4.85034033e-12
 2.16000000e+02  5.48575617e-12
 2.20000000e+02  5.98323131e-12
 2.23000000e+02  6.98625959e-12
 2.27000000e+02  9.14451228e-12
 2.30000000e+02  1.27032334e-11
 2.34000000e+02  3.49377411e-11
 2.40000000e+02  1.10859743e-10
 2.46000000e+02  2.34414665e-10
 2.52000000e+02  6.14709518e-10
 2.57000000e+02  7.45262881e-10
 2.60000000e+02  9.91739603e-10
 2.64000000e+02  2.10591369e-09
 2.69000000e+02  2.63536605e-09
 2.74000000e+02  3.97291664e-09
 2.79000000e+02  4.04644059e-09
 2.84000000e+02  6.58579342e-09
 2.90000000e+02  9.27561969e-09
 2.96000000e+02  1.09870888e-08
 3.01000000e+02  1.40431761e-08
 3.08000000e+02  1.38039328e-08
 3.18000000e+02  2.92534494e-08
 3.28000000e+02  4.43231661e-08
 3.38000000e+02  4.62143841e-08
 3.48000000e+02  4.83344068e-08
 3.57000000e+02  7.64191170e-08
 3.66000000e+02  8.89637718e-08
 3.75000000e+02  9.27408421e-08
 3.85000000e+02  8.28982158e-08
 3.95000000e+02  1.18569230e-07
 4.05000000e+02  1.31524436e-07
 4.14000000e+02  1.43904885e-07
 4.22000000e+02  1.32813691e-07
 4.30000000e+02  1.40113161e-07
 4.41000000e+02  1.51034281e-07
 4.51000000e+02  1.67778701e-07
 4.60000000e+02  1.72857275e-07
 4.70000000e+02  1.79069569e-07
 4.80000000e+02  1.83995955e-07
 4.90000000e+02  1.89412271e-07
 5.00000000e+02  2.05442088e-07
 5.06000000e+02  2.02252525e-07
 5.12000000e+02  2.02311309e-07
 5.20000000e+02  2.32755557e-07
 5.30000000e+02  2.45933658e-07
 5.40000000e+02  2.39519702e-07
 5.50000000e+02  2.55512597e-07
 5.60000000e+02  3.27080490e-07
 5.70000000e+02  3.62428427e-07
 5.80000000e+02  3.93848141e-07
 5.90000000e+02  4.92605453e-07
 6.00000000e+02  5.57087149e-07
 6.10000000e+02  5.51854609e-07
 6.20000000e+02  7.24100413e-07
 6.30000000e+02  7.82671158e-07
 6.40000000e+02  9.38269189e-07
 6.50000000e+02  1.09776752e-06
 6.58000000e+02  1.10250469e-06
 6.65000000e+02  1.22229372e-06
 6.75000000e+02  1.41812434e-06
 6.85000000e+02  1.49910078e-06
 6.95000000e+02  1.72694627e-06
 7.05000000e+02  1.86858759e-06
 7.16000000e+02  2.30087512e-06
 7.26000000e+02  2.40803309e-06
 7.35000000e+02  2.65840969e-06
 7.45000000e+02  2.69780069e-06
 7.55000000e+02  3.10786672e-06
 7.65000000e+02  2.62789787e-06
 7.75000000e+02  3.51726437e-06
 7.85000000e+02  2.98896257e-06
 7.95000000e+02  3.62444431e-06
 8.05000000e+02  4.24076607e-06
 8.15000000e+02  4.41823270e-06
 8.25000000e+02  4.66032631e-06
 8.35000000e+02  4.08886490e-06
 8.45000000e+02  4.61467835e-06
 8.55000000e+02  5.07285558e-06
 8.65000000e+02  5.29435730e-06
 8.75000000e+02  5.71149299e-06
 8.85000000e+02  6.00876434e-06
 8.95000000e+02  6.11652583e-06
 9.05000000e+02  6.42151536e-06
 9.15000000e+02  2.00922059e-05
 9.25000000e+02  3.14772213e-05
 9.35000000e+02  5.13438337e-05
 9.45000000e+02  6.05744560e-05
 9.55000000e+02  6.39821651e-05
 9.65000000e+02  6.33609670e-05
 9.75000000e+02  2.73312290e-05
 9.85000000e+02  4.13636735e-05
 9.95000000e+02  5.54345887e-05
 1.00500000e+03  7.24971283e-05
 1.01500000e+03  7.73417409e-05
 1.02500000e+03  6.07308486e-05
 1.03500000e+03  6.80818212e-05
 1.04500000e+03  9.83885878e-05
 1.05500000e+03  9.41959036e-05
 1.06500000e+03  8.14964043e-05
 1.07500000e+03  9.02612274e-05
 1.08500000e+03  7.66252869e-05
 1.09500000e+03  9.86089306e-05
 1.10500000e+03  9.40548345e-05
 1.11500000e+03  8.98638134e-05
 1.12500000e+03  7.64495127e-05
 1.13500000e+03  1.00807610e-04
 1.14500000e+03  9.69262673e-05
 1.15500000e+03  9.60713067e-05
 1.16500000e+03  9.45076637e-05
 1.17500000e+03  6.05842567e-05
 1.18500000e+03  9.40493641e-05
 1.19500000e+03  9.56510488e-05
 1.20500000e+03  1.04949104e-04
 1.21500000e+03  1.27896091e-04
 1.22500000e+03  1.28112606e-04
 1.23500000e+03  1.06131358e-04
 1.24500000e+03  1.04766793e-04
 1.25500000e+03  1.01094298e-04
 1.26500000e+03  1.03912157e-04
 1.27500000e+03  1.10720629e-04
 1.28500000e+03  1.10053723e-04
 1.29500000e+03  9.59125608e-05
 1.30500000e+03  1.00590081e-04
 1.31500000e+03  1.11848493e-04
 1.32500000e+03  1.07091762e-04
 1.33500000e+03  1.04130742e-04
 1.34500000e+03  1.08846889e-04
 1.35500000e+03  1.08203622e-04
 1.36500000e+03  1.01780785e-04
 1.37500000e+03  1.01959676e-04
 1.38500000e+03  9.63025484e-05
 1.39500000e+03  7.27755639e-05
 1.40500000e+03  8.40769127e-05
 1.41500000e+03  9.49789751e-05
 1.42500000e+03  9.28993161e-05
 1.43500000e+03  9.70163248e-05
 1.44200000e+03  9.95883818e-05
 1.44700000e+03  9.85235694e-05
 1.45500000e+03  9.68270262e-05
 1.46500000e+03  9.11649404e-05
 1.47500000e+03  9.41227907e-05
 1.48500000e+03  9.49307352e-05
 1.49500000e+03  9.45670744e-05
 1.50500000e+03  8.88002771e-05
 1.51200000e+03  8.04326065e-05
 1.51700000e+03  8.29039372e-05
 1.52500000e+03  8.43090539e-05
 1.53500000e+03  7.14603897e-05
 1.54500000e+03  6.48054852e-05
 1.55500000e+03  7.50110297e-05
 1.56500000e+03  7.54634301e-05
 1.57500000e+03  8.17665454e-05
 1.58500000e+03  8.30658211e-05
 1.59500000e+03  8.54384650e-05
 1.60500000e+03  8.44590452e-05
 1.61500000e+03  8.45496257e-05
 1.62500000e+03  8.19751316e-05
 1.63500000e+03  8.68293462e-05
 1.64500000e+03  8.86187292e-05
 1.65500000e+03  8.50135421e-05
 1.66500000e+03  8.96782489e-05
 1.67200000e+03  8.27124630e-05
 1.67700000e+03  9.48240678e-05
 1.68500000e+03  9.51102749e-05
 1.69500000e+03  8.95354748e-05
 1.70500000e+03  8.78986247e-05
 1.71500000e+03  8.40758981e-05
 1.72500000e+03  8.56155258e-05
 1.73500000e+03  9.18965713e-05
 1.74500000e+03  8.92592880e-05
 1.75500000e+03  9.35969114e-05
 1.76500000e+03  8.94400306e-05
 1.77500000e+03  8.82120583e-05
 1.78500000e+03  9.02202256e-05
 1.79500000e+03  9.66719725e-05
 1.80500000e+03  9.54203091e-05
 1.81500000e+03  8.88783897e-05
 1.82500000e+03  9.03419236e-05
 1.83500000e+03  8.90778760e-05
 1.84500000e+03  8.09003721e-05
 1.85500000e+03  8.49624258e-05
 1.86500000e+03  8.89192346e-05
 1.87500000e+03  9.07522762e-05
 1.88500000e+03  8.47642366e-05
 1.89500000e+03  8.40998402e-05
 1.90500000e+03  8.81218649e-05
 1.91500000e+03  8.60675705e-05
 1.92500000e+03  8.15628544e-05
 1.93500000e+03  7.89751079e-05
 1.94500000e+03  9.07731432e-05
 1.95500000e+03  8.43744476e-05
 1.96700000e+03  9.45257798e-05
 1.97600000e+03  9.41429988e-05
 1.98400000e+03  9.22406412e-05
 1.99500000e+03  9.08927596e-05
 2.00500000e+03  8.99938058e-05
 2.01500000e+03  8.96231266e-05
 2.02500000e+03  8.75804216e-05
 2.03500000e+03  8.84244727e-05
 2.04500000e+03  9.26974346e-05
 2.05500000e+03  8.84612697e-05
 2.06500000e+03  8.75922200e-05
 2.07400000e+03  9.56700854e-05
 2.07800000e+03  1.09361713e-04
 2.08500000e+03  1.19440936e-04
 2.09500000e+03  1.11859580e-04
 2.10500000e+03  1.08996462e-04
 2.11500000e+03  1.14730437e-04
 2.12500000e+03  1.09824970e-04
 2.13500000e+03  1.03254371e-04
 2.14500000e+03  1.15521186e-04
 2.15500000e+03  1.17140025e-04
 2.16500000e+03  1.08800762e-04
 2.17500000e+03  1.09576554e-04
 2.18500000e+03  1.22702148e-04
 2.19500000e+03  1.25605116e-04
 2.20500000e+03  1.23787858e-04
 2.21500000e+03  1.07883034e-04
 2.22500000e+03  1.16380341e-04
 2.23500000e+03  1.40545353e-04
 2.24500000e+03  1.36917008e-04
 2.25500000e+03  1.17703904e-04
 2.26500000e+03  1.15905892e-04
 2.27500000e+03  1.25106505e-04
 2.28500000e+03  1.51252992e-04
 2.29500000e+03  1.33018387e-04
 2.30500000e+03  1.54232943e-04
 2.31500000e+03  1.40610726e-04
 2.32500000e+03  1.16105985e-04
 2.33500000e+03  1.16452826e-04
 2.34500000e+03  9.66661256e-05
 2.35500000e+03  1.40533848e-04
 2.36500000e+03  1.03885432e-04
 2.37500000e+03  1.22034718e-04
 2.38500000e+03  9.29007177e-05
 2.39500000e+03  1.06420567e-04
 2.40500000e+03  1.06886753e-04
 2.41500000e+03  1.17605897e-04
 2.42500000e+03  1.66665900e-04
 2.43500000e+03  1.67860286e-04
 2.44500000e+03  1.93277526e-04
 2.45500000e+03  2.03237405e-04
 2.46500000e+03  1.84448021e-04
 2.47500000e+03  1.69026013e-04
 2.48500000e+03  1.31049464e-04
 2.49500000e+03  1.38409599e-04
 2.50500000e+03  1.98548558e-04
 2.51300000e+03  1.18433673e-04
 2.51800000e+03  1.05345420e-04
 2.52500000e+03  1.10109368e-04
 2.53500000e+03  1.45713880e-04
 2.54500000e+03  1.52645379e-04
 2.55500000e+03  2.38756357e-04
 2.56500000e+03  1.91362994e-04
 2.57500000e+03  2.35442534e-04
 2.58500000e+03  2.16483076e-04
 2.59500000e+03  2.00716109e-04
 2.60500000e+03  1.81077088e-04
 2.61500000e+03  1.67420876e-04
 2.62500000e+03  2.17377166e-04
 2.63500000e+03  3.37941467e-04
 2.64500000e+03  4.43929214e-04
 2.65500000e+03  6.03775010e-04
 2.66500000e+03  3.97066573e-04
 2.67500000e+03  4.50084503e-04
 2.68500000e+03  5.16810943e-04
 2.69500000e+03  3.87334087e-04
 2.70500000e+03  4.74580668e-04
 2.71500000e+03  3.57635402e-04
 2.72500000e+03  2.98634138e-04
 2.73500000e+03  3.69136822e-04
 2.74500000e+03  2.26806113e-04
 2.75500000e+03  2.94168604e-04
 2.76500000e+03  3.73529244e-04
 2.77500000e+03  4.03117475e-04
 2.78500000e+03  2.61237890e-04
 2.79500000e+03  1.33421920e-04
 2.80500000e+03  1.57465704e-04
 2.81500000e+03  3.69934056e-04
 2.82500000e+03  5.19625214e-04
 2.83500000e+03  4.90700961e-04
 2.84500000e+03  3.78051469e-04
 2.85500000e+03  2.52271677e-04
 2.86500000e+03  5.00391400e-04
 2.87500000e+03  6.55616335e-04
 2.88500000e+03  6.10728997e-04
 2.89500000e+03  7.39254027e-04
 2.91000000e+03  1.00286270e-03
 2.93000000e+03  8.84113563e-04
 2.95000000e+03  8.23878062e-04
 2.97000000e+03  8.69327606e-04
 2.99000000e+03  8.90687761e-04
 3.01000000e+03  9.00328098e-04
 3.03000000e+03  9.69443729e-04
 3.05000000e+03  1.01833523e-03
 3.07000000e+03  1.12794881e-03
 3.09000000e+03  1.11270388e-03
 3.11000000e+03  1.29690338e-03
 3.13000000e+03  1.20986557e-03
 3.15000000e+03  1.23144172e-03
 3.17000000e+03  1.36094044e-03
 3.19000000e+03  1.18700917e-03
 3.21000000e+03  1.31906108e-03
 3.23000000e+03  1.13022064e-03
 3.25000000e+03  1.58016927e-03
 3.27000000e+03  1.85277889e-03
 3.29000000e+03  1.83624429e-03
 3.31000000e+03  1.73255055e-03
 3.33000000e+03  1.79574979e-03
 3.35000000e+03  1.74603721e-03
 3.37000000e+03  1.34155454e-03
 3.39000000e+03  1.52107858e-03
 3.41000000e+03  1.56815429e-03
 3.43000000e+03  1.66421981e-03
 3.45000000e+03  1.75117394e-03
 3.47000000e+03  1.82039165e-03
 3.49000000e+03  2.05302452e-03
 3.51000000e+03  2.20324483e-03
 3.53000000e+03  1.99570046e-03
 3.55000000e+03  2.30629530e-03
 3.57000000e+03  1.62418658e-03
 3.59000000e+03  1.67219947e-03
 3.60182700e+03  2.62546600e-03
 3.60272700e+03  2.36903223e-03
 3.60362800e+03  2.08115991e-03
 3.60452800e+03  1.93886905e-03
 3.60542800e+03  1.86754894e-03
 3.60632900e+03  1.82892045e-03
 3.60722900e+03  1.89734846e-03
 3.60812900e+03  1.93198033e-03
 3.60902900e+03  1.75632426e-03
 3.60992900e+03  1.54393708e-03
 3.61083000e+03  1.55609850e-03
 3.61173000e+03  1.78627754e-03
 3.61263000e+03  2.00539027e-03
 3.61353000e+03  2.02497386e-03
 3.61443000e+03  1.97914076e-03
 3.61533100e+03  2.11058497e-03
 3.61623100e+03  2.31764401e-03
 3.61713100e+03  2.35340657e-03
 3.61803200e+03  2.08918036e-03
 3.61893200e+03  1.65708843e-03
 3.61983200e+03  1.39899784e-03
 3.62073200e+03  1.50296458e-03
 3.62163300e+03  1.79567343e-03
 3.62253300e+03  2.08449130e-03
 3.62343300e+03  2.27877494e-03
 3.62433300e+03  2.28874926e-03
 3.62523300e+03  2.27071579e-03
 3.62613400e+03  2.45918282e-03
 3.62703400e+03  2.74407623e-03
 3.62793400e+03  2.86795603e-03
 3.62883400e+03  2.82280177e-03
 3.62973500e+03  2.68733268e-03
 3.63063500e+03  2.35922108e-03
 3.63153500e+03  1.85005101e-03
 3.63243500e+03  1.54105336e-03
 3.63333600e+03  1.63645469e-03
 3.63423600e+03  1.85757149e-03
 3.63513600e+03  1.95059221e-03
 3.63603600e+03  2.00372091e-03
 3.63693600e+03  2.12378399e-03
 3.63783700e+03  2.25101192e-03
 3.63873700e+03  2.38079723e-03
 3.63963700e+03  2.54552192e-03
 3.64053700e+03  2.66853880e-03
 3.64143800e+03  2.67224570e-03
 3.64233800e+03  2.57345021e-03
 3.64323800e+03  2.43221368e-03
 3.64413800e+03  2.29943587e-03
 3.64503900e+03  2.15776841e-03
 3.64593900e+03  2.05146917e-03
 3.64683900e+03  2.02609513e-03
 3.64773900e+03  1.95581053e-03
 3.64864000e+03  1.81428532e-03
 3.64954000e+03  1.79611483e-03
 3.65044000e+03  1.93174185e-03
 3.65134000e+03  2.11335363e-03
 3.65224000e+03  2.31291102e-03
 3.65314100e+03  2.52981050e-03
 3.65404100e+03  2.66682761e-03
 3.65494100e+03  2.68266246e-03
 3.65584100e+03  2.67066002e-03
 3.65674200e+03  2.72465791e-03
 3.65764200e+03  2.83020196e-03
 3.65854200e+03  2.92774648e-03
 3.65944200e+03  3.00583815e-03
 3.66034300e+03  3.01652791e-03
 3.66124300e+03  2.96842820e-03
 3.66214300e+03  2.93076304e-03
 3.66304300e+03  2.84304117e-03
 3.66394300e+03  2.68755025e-03
 3.66484400e+03  2.60500381e-03
 3.66574400e+03  2.68815272e-03
 3.66664400e+03  2.77775419e-03
 3.66754400e+03  2.75462164e-03
 3.66844500e+03  2.69946587e-03
 3.66934500e+03  2.57566661e-03
 3.67024500e+03  2.40037035e-03
 3.67114500e+03  2.40932799e-03
 3.67204600e+03  2.66268977e-03
 3.67294600e+03  2.89933600e-03
 3.67384600e+03  2.90050539e-03
 3.67474600e+03  2.81105454e-03
 3.67564600e+03  2.83445590e-03
 3.67654700e+03  2.85250401e-03
 3.67744700e+03  2.67103134e-03
 3.67834700e+03  2.43188525e-03
 3.67924700e+03  2.31777476e-03
 3.68014800e+03  2.23294393e-03
 3.68104800e+03  2.17428732e-03
 3.68194800e+03  2.27809088e-03
 3.68284800e+03  2.45459209e-03
 3.68374900e+03  2.57463633e-03
 3.68464900e+03  2.62037425e-03
 3.68554900e+03  2.53464285e-03
 3.68644900e+03  2.33012550e-03
 3.68734900e+03  2.11181084e-03
 3.68825000e+03  1.98803041e-03
 3.68915000e+03  2.06637207e-03
 3.69005000e+03  2.33061292e-03
 3.69095000e+03  2.65661063e-03
 3.69185100e+03  2.95881893e-03
 3.69275100e+03  3.09085097e-03
 3.69365100e+03  2.94164420e-03
 3.69455100e+03  2.69447976e-03
 3.69545100e+03  2.61893396e-03
 3.69635200e+03  2.66554107e-03
 3.69725200e+03  2.67635634e-03
 3.69815200e+03  2.72789831e-03
 3.69905200e+03  2.92399774e-03
 3.69995300e+03  3.17069778e-03
 3.70085300e+03  3.27520423e-03
 3.70175300e+03  3.19008786e-03
 3.70265300e+03  3.04054533e-03
 3.70355400e+03  2.83726536e-03
 3.70445400e+03  2.50532448e-03
 3.70535400e+03  2.13672570e-03
 3.70625400e+03  1.92722119e-03
 3.70715500e+03  1.95197602e-03
 3.70805500e+03  2.06090377e-03
 3.70895500e+03  2.07365825e-03
 3.70985500e+03  2.05877628e-03
 3.71075500e+03  2.20463387e-03
 3.71165600e+03  2.49091005e-03
 3.71255600e+03  2.75499715e-03
 3.71345600e+03  3.00257475e-03
 3.71435600e+03  3.26028251e-03
 3.71525700e+03  3.37219857e-03
 3.71615700e+03  3.24370293e-03
 3.71705700e+03  3.06353562e-03
 3.71795700e+03  2.94331042e-03
 3.71885800e+03  2.69617631e-03
 3.71975800e+03  2.21949179e-03
 3.72065800e+03  1.74261795e-03
 3.72155800e+03  1.49623380e-03
 3.72245800e+03  1.49490124e-03
 3.72335900e+03  1.71636948e-03
 3.72425900e+03  2.13031708e-03
 3.72515900e+03  2.59394065e-03
 3.72605900e+03  3.02811928e-03
 3.72696000e+03  3.18213539e-03
 3.72786000e+03  2.81729686e-03
 3.72876000e+03  2.62286469e-03
 3.72966000e+03  2.96294317e-03
 3.73056100e+03  3.06756258e-03
 3.73146100e+03  2.76167667e-03
 3.73236100e+03  2.44395359e-03
 3.73326100e+03  2.12474941e-03
 3.73416200e+03  1.72315361e-03
 3.73506200e+03  1.38406043e-03
 3.73596200e+03  1.27977258e-03
 3.73686200e+03  1.35500564e-03
 3.73776200e+03  1.50216651e-03
 3.73866300e+03  1.77613796e-03
 3.73956300e+03  2.16671977e-03
 3.74046300e+03  2.53844702e-03
 3.74136300e+03  2.79799254e-03
 3.74226400e+03  2.83046345e-03
 3.74316400e+03  2.60675371e-03
 3.74406400e+03  2.29587436e-03
 3.74496400e+03  2.08176029e-03
 3.74586500e+03  1.92349024e-03
 3.74676500e+03  1.79143519e-03
 3.74766500e+03  1.76856100e-03
 3.74856500e+03  1.67469932e-03
 3.74946500e+03  1.41374907e-03
 3.75036600e+03  1.29480622e-03
 3.75126600e+03  1.56413046e-03
 3.75216600e+03  2.04738259e-03
 3.75306600e+03  2.42670145e-03
 3.75396700e+03  2.65346019e-03
 3.75486700e+03  2.91060103e-03
 3.75576700e+03  3.19948375e-03
 3.75666800e+03  3.26737519e-03
 3.75756800e+03  2.91345442e-03
 3.75846800e+03  2.30700551e-03
 3.75936800e+03  1.93485150e-03
 3.76026800e+03  2.03182701e-03
 3.76116900e+03  2.34191142e-03
 3.76206900e+03  2.54173867e-03
 3.76296900e+03  2.58373727e-03
 3.76386900e+03  2.47820995e-03
 3.76476900e+03  2.39244613e-03
 3.76567000e+03  2.49737515e-03
 3.76657000e+03  2.54790358e-03
 3.76747000e+03  2.35289823e-03
 3.76837000e+03  2.22240271e-03
 3.76927100e+03  2.38038303e-03
 3.77017100e+03  2.55048293e-03
 3.77107100e+03  2.52111749e-03
 3.77197100e+03  2.54637229e-03
 3.77287200e+03  2.79089149e-03
 3.77377200e+03  3.04606802e-03
 3.77467200e+03  3.11036448e-03
 3.77557200e+03  3.04097209e-03
 3.77647200e+03  2.99984478e-03
 3.77737300e+03  3.04973517e-03
 3.77827300e+03  3.10553631e-03
 3.77917300e+03  3.13266652e-03
 3.78007300e+03  3.25270450e-03
 3.78097400e+03  3.44324358e-03
 3.78187400e+03  3.52289584e-03
 3.78277400e+03  3.48379247e-03
 3.78367500e+03  3.48411254e-03
 3.78457500e+03  3.58808659e-03
 3.78547500e+03  3.60268616e-03
 3.78637500e+03  3.28245276e-03
 3.78727500e+03  2.82465835e-03
 3.78817600e+03  2.59964743e-03
 3.78907600e+03  2.53795856e-03
 3.78997600e+03  2.46671167e-03
 3.79087600e+03  2.47112146e-03
 3.79177600e+03  2.64850755e-03
 3.79267700e+03  2.81013828e-03
 3.79357700e+03  2.73651391e-03
 3.79447700e+03  2.50717479e-03
 3.79537800e+03  2.30727223e-03
 3.79627800e+03  2.23983370e-03
 3.79717800e+03  2.23771144e-03
 3.79807800e+03  2.10456440e-03
 3.79897800e+03  1.89502433e-03
 3.79987900e+03  1.88428960e-03
 3.80077900e+03  2.17627360e-03
 3.80167900e+03  2.55462390e-03
 3.80257900e+03  2.81310986e-03
 3.80347900e+03  3.03311376e-03
 3.80438000e+03  3.24000022e-03
 3.80528000e+03  3.31776242e-03
 3.80618000e+03  3.23554650e-03
 3.80708100e+03  3.01984570e-03
 3.80798100e+03  2.82414897e-03
 3.80888100e+03  2.88166339e-03
 3.80978100e+03  3.14676926e-03
 3.81068200e+03  3.38065728e-03
 3.81158200e+03  3.46885611e-03
 3.81248200e+03  3.39143176e-03
 3.81338200e+03  3.12441282e-03
 3.81428200e+03  2.77106525e-03
 3.81518300e+03  2.50674281e-03
 3.81608300e+03  2.32996024e-03
 3.81698300e+03  2.30492823e-03
 3.81788300e+03  2.53321093e-03
 3.81878400e+03  2.76612934e-03
 3.81968400e+03  2.67253439e-03
 3.82058400e+03  2.29150851e-03
 3.82148400e+03  2.02953426e-03
 3.82238500e+03  2.17927447e-03
 3.82328500e+03  2.49558446e-03
 3.82418500e+03  2.53111586e-03
 3.82508500e+03  2.23762985e-03
 3.82598500e+03  1.93718086e-03
 3.82688600e+03  1.83282503e-03
 3.82778600e+03  1.87214386e-03
 3.82868600e+03  1.92654864e-03
 3.82958600e+03  1.96811943e-03
 3.83048600e+03  2.04366105e-03
 3.83138700e+03  2.10538234e-03
 3.83228700e+03  1.99712297e-03
 3.83318700e+03  1.74262527e-03
 3.83408800e+03  1.55717166e-03
 3.83498800e+03  1.51947930e-03
 3.83588800e+03  1.62432674e-03
 3.83678800e+03  1.80896764e-03
 3.83768900e+03  1.89905338e-03
 3.83858900e+03  1.81495160e-03
 3.83948900e+03  1.70876846e-03
 3.84038900e+03  1.71318243e-03
 3.84128900e+03  1.79894625e-03
 3.84219000e+03  2.03507369e-03
 3.84309000e+03  2.41741329e-03
 3.84399000e+03  2.70932408e-03
 3.84489000e+03  2.82624090e-03
 3.84579100e+03  2.84419278e-03
 3.84669100e+03  2.82423474e-03
 3.84759100e+03  2.87524536e-03
 3.84849100e+03  3.00055708e-03
 3.84939200e+03  2.98603073e-03
 3.85029200e+03  2.75678156e-03
 3.85119200e+03  2.61551888e-03
 3.85209200e+03  2.78763645e-03
 3.85299200e+03  3.02367916e-03
 3.85389300e+03  3.04004745e-03
 3.85479300e+03  2.91574090e-03
 3.85569300e+03  2.78661664e-03
 3.85659300e+03  2.66047024e-03
 3.85749400e+03  2.61588811e-03
 3.85839400e+03  2.62677032e-03
 3.85929400e+03  2.46859441e-03
 3.86019400e+03  2.20329085e-03
 3.86109500e+03  2.15118511e-03
 3.86199500e+03  2.42571616e-03
 3.86289500e+03  2.84535693e-03
 3.86379500e+03  3.14241909e-03
 3.86469600e+03  3.19499971e-03
 3.86559600e+03  3.08451139e-03
 3.86649600e+03  2.96322767e-03
 3.86739600e+03  2.94183457e-03
 3.86829600e+03  2.98098500e-03
 3.86919700e+03  2.99403236e-03
 3.87009700e+03  2.92891482e-03
 3.87099700e+03  2.76148944e-03
 3.87189700e+03  2.53686448e-03
 3.87279800e+03  2.35506338e-03
 3.87369800e+03  2.35843766e-03
 3.87459800e+03  2.63498951e-03
 3.87549800e+03  3.02031953e-03
 3.87639800e+03  3.22075448e-03
 3.87729900e+03  3.11782011e-03
 3.87819900e+03  2.76980486e-03
 3.87909900e+03  2.42455200e-03
 3.87999900e+03  2.43571348e-03
 3.88090000e+03  2.68831903e-03
 3.88180000e+03  2.73184787e-03
 3.88270000e+03  2.52295839e-03
 3.88360000e+03  2.45865566e-03
 3.88450100e+03  2.71103005e-03
 3.88540100e+03  2.86643939e-03
 3.88630100e+03  2.58250617e-03
 3.88720100e+03  2.17701519e-03
 3.88810200e+03  2.05150683e-03
 3.88900200e+03  2.10745440e-03
 3.88990200e+03  2.17555189e-03
 3.89080200e+03  2.37467729e-03
 3.89170300e+03  2.74207008e-03
 3.89260300e+03  3.09589984e-03
 3.89350300e+03  3.27262384e-03
 3.89440300e+03  3.27053086e-03
 3.89530300e+03  3.16400256e-03
 3.89620400e+03  3.04500951e-03
 3.89710400e+03  3.11449813e-03
 3.89800400e+03  3.32517098e-03
 3.89890400e+03  3.35476339e-03
 3.89980500e+03  3.20227334e-03
 3.90070500e+03  3.12596189e-03
 3.90160500e+03  3.29409643e-03
 3.90250500e+03  3.48439913e-03
 3.90340600e+03  3.38608165e-03
 3.90430600e+03  3.21172781e-03
 3.90520600e+03  3.15874659e-03
 3.90610600e+03  3.02389254e-03
 3.90700600e+03  2.91025796e-03
 3.90790700e+03  3.11184347e-03
 3.90880700e+03  3.49384523e-03
 3.90970700e+03  3.76119574e-03
 3.91060700e+03  3.83466530e-03
 3.91150800e+03  3.85051165e-03
 3.91240800e+03  3.94111620e-03
 3.91330800e+03  4.01037575e-03
 3.91420800e+03  3.94731772e-03
 3.91510900e+03  3.86968731e-03
 3.91600900e+03  3.84832768e-03
 3.91690900e+03  3.76187248e-03
 3.91780900e+03  3.65500005e-03
 3.91871000e+03  3.60172492e-03
 3.91961000e+03  3.49353354e-03
 3.92051000e+03  3.27479421e-03
 3.92141000e+03  3.03390660e-03
 3.92231000e+03  2.94024261e-03
 3.92321100e+03  3.00898650e-03
 3.92411100e+03  3.13694661e-03
 3.92501100e+03  3.25908488e-03
 3.92591100e+03  3.22881363e-03
 3.92681200e+03  3.03475278e-03
 3.92771200e+03  2.79003799e-03
 3.92861200e+03  2.48224319e-03
 3.92951200e+03  2.15459600e-03
 3.93041300e+03  1.88805193e-03
 3.93131300e+03  1.64377644e-03
 3.93221300e+03  1.40014422e-03
 3.93311300e+03  1.15976913e-03
 3.93401300e+03  9.60391642e-04
 3.93491400e+03  8.94878730e-04
 3.93581400e+03  1.00761138e-03
 3.93671400e+03  1.25947356e-03
 3.93761400e+03  1.57844030e-03
 3.93851500e+03  1.90673808e-03
 3.93941500e+03  2.24900576e-03
 3.94031500e+03  2.58713456e-03
 3.94121500e+03  2.80464697e-03
 3.94211600e+03  2.87333752e-03
 3.94301600e+03  2.88269994e-03
 3.94391600e+03  2.80824822e-03
 3.94481600e+03  2.69092871e-03
 3.94571700e+03  2.82154033e-03
 3.94661700e+03  3.25788097e-03
 3.94751700e+03  3.59058854e-03
 3.94841700e+03  3.56025872e-03
 3.94931700e+03  3.44191730e-03
 3.95021800e+03  3.55971377e-03
 3.95111800e+03  3.84604643e-03
 3.95201800e+03  3.98184290e-03
 3.95291900e+03  3.81485892e-03
 3.95381900e+03  3.64483851e-03
 3.95471900e+03  3.81952079e-03
 3.95561900e+03  4.05284189e-03
 3.95651900e+03  3.90991823e-03
 3.95742000e+03  3.59307166e-03
 3.95832000e+03  3.51765974e-03
 3.95922000e+03  3.68700237e-03
 3.96012000e+03  3.81149510e-03
 3.96102100e+03  3.60105655e-03
 3.96192100e+03  3.04198562e-03
 3.96282100e+03  2.53373286e-03
 3.96372100e+03  2.37185005e-03
 3.96462200e+03  2.37584145e-03
 3.96552200e+03  2.26837283e-03
 3.96642200e+03  1.97791070e-03
 3.96732200e+03  1.58322977e-03
 3.96822200e+03  1.21361536e-03
 3.96912300e+03  9.70743758e-04
 3.97002300e+03  9.34423911e-04
 3.97092300e+03  1.11908322e-03
 3.97182300e+03  1.41970375e-03
 3.97272400e+03  1.74794295e-03
 3.97362400e+03  2.05376820e-03
 3.97452400e+03  2.32654098e-03
 3.97542400e+03  2.63276056e-03
 3.97632500e+03  2.95450538e-03
 3.97722500e+03  3.18722715e-03
 3.97812500e+03  3.38395311e-03
 3.97902500e+03  3.64754861e-03
 3.97992500e+03  3.94501346e-03
 3.98082600e+03  4.19443823e-03
 3.98172600e+03  4.26865461e-03
 3.98262600e+03  4.14757591e-03
 3.98352600e+03  4.02695638e-03
 3.98442700e+03  4.02201733e-03
 3.98532700e+03  4.10879156e-03
 3.98622700e+03  4.23833839e-03
 3.98712700e+03  4.30106695e-03
 3.98802800e+03  4.37695582e-03
 3.98892800e+03  4.58545411e-03
 3.98982800e+03  4.66452690e-03
 3.99072800e+03  4.51080889e-03
 3.99162800e+03  4.45940394e-03
 3.99252900e+03  4.61046939e-03
 3.99342900e+03  4.77545976e-03
 3.99432900e+03  4.83017205e-03
 3.99523000e+03  4.74839544e-03
 3.99613000e+03  4.61360310e-03
 3.99703000e+03  4.47509758e-03
 3.99793000e+03  4.30557191e-03
 3.99883000e+03  4.24028388e-03
 3.99973100e+03  4.48815540e-03
 4.00063100e+03  4.88331957e-03
 4.00153100e+03  5.04921888e-03
 4.00243100e+03  5.03524271e-03
 4.00333100e+03  5.12548745e-03
 4.00423200e+03  5.20240555e-03
 4.00513200e+03  4.88835693e-03
 4.00603200e+03  4.25853909e-03
 4.00693300e+03  3.95719894e-03
 4.00783300e+03  4.24527627e-03
 4.00873300e+03  4.71346024e-03
 4.00963300e+03  4.97926272e-03
 4.01053300e+03  5.02863640e-03
 4.01143400e+03  5.03289139e-03
 4.01233400e+03  5.04407379e-03
 4.01323400e+03  5.05937624e-03
 4.01413400e+03  5.08715495e-03
 4.01503500e+03  5.10595825e-03
 4.01593500e+03  5.19153171e-03
 4.01683500e+03  5.27547137e-03
 4.01773500e+03  5.14139656e-03
 4.01863600e+03  4.97508200e-03
 4.01953600e+03  5.11859559e-03
 4.02043600e+03  5.37221258e-03
 4.02133600e+03  5.37672069e-03
 4.02223700e+03  5.23500930e-03
 4.02313700e+03  5.17654932e-03
 4.02403700e+03  5.16675073e-03
 4.02493700e+03  5.04845638e-03
 4.02583700e+03  4.92889955e-03
 4.02673800e+03  5.05541727e-03
 4.02763800e+03  5.32428860e-03
 4.02853800e+03  5.52987911e-03
 4.02943900e+03  5.59195185e-03
 4.03033900e+03  5.32135467e-03
 4.03123900e+03  4.70750347e-03
 4.03213900e+03  4.22709637e-03
 4.03303900e+03  4.10979778e-03
 4.03394000e+03  4.09824615e-03
 4.03484000e+03  4.14764494e-03
 4.03574000e+03  4.35489435e-03
 4.03664000e+03  4.72680360e-03
 4.03754000e+03  5.20850352e-03
 4.03844100e+03  5.60541968e-03
 4.03934100e+03  5.72931413e-03
 4.04024100e+03  5.58614047e-03
 4.04114200e+03  5.32509923e-03
 4.04204200e+03  5.18880697e-03
 4.04294200e+03  5.31812369e-03
 4.04384200e+03  5.39342892e-03
 4.04474200e+03  4.96574154e-03
 4.04564300e+03  4.12241629e-03
 4.04654300e+03  3.47094490e-03
 4.04744300e+03  3.61443861e-03
 4.04834300e+03  4.39646410e-03
 4.04924400e+03  5.04747003e-03
 4.05014400e+03  5.30741929e-03
 4.05104400e+03  5.46306398e-03
 4.05194400e+03  5.55164249e-03
 4.05284500e+03  5.43479889e-03
 4.05374500e+03  5.22609141e-03
 4.05464500e+03  5.05551873e-03
 4.05554500e+03  4.88581524e-03
 4.05644500e+03  4.80799238e-03
 4.05734600e+03  4.81061879e-03
 4.05824600e+03  4.65131847e-03
 4.05914600e+03  4.47696777e-03
 4.06004600e+03  4.63827111e-03
 4.06094700e+03  5.04462292e-03
 4.06184700e+03  5.28476894e-03
 4.06274700e+03  5.04375372e-03
 4.06364700e+03  4.37498104e-03
 4.06454800e+03  3.82429875e-03
 4.06544800e+03  3.96942522e-03
 4.06634800e+03  4.52496810e-03
 4.06724800e+03  4.75635104e-03
 4.06814800e+03  4.70235106e-03
 4.06904900e+03  4.89798817e-03
 4.06994900e+03  5.31860797e-03
 4.07084900e+03  5.40722832e-03
 4.07175000e+03  4.89689828e-03
 4.07265000e+03  4.32343803e-03
 4.07355000e+03  4.42510782e-03
 4.07445000e+03  4.99780034e-03
 4.07535000e+03  5.28424387e-03
 4.07625100e+03  5.06462489e-03
 4.07715100e+03  4.55248846e-03
 4.07805100e+03  4.08207659e-03
 4.07895100e+03  4.02434147e-03
 4.07985200e+03  4.40624595e-03
 4.08075200e+03  4.94681168e-03
 4.08165200e+03  5.44241769e-03
 4.08255200e+03  5.68459289e-03
 4.08345300e+03  5.53068764e-03
 4.08435300e+03  5.20020693e-03
 4.08525300e+03  4.98798919e-03
 4.08615300e+03  4.95856623e-03
 4.08705300e+03  5.11231876e-03
 4.08795400e+03  5.43300088e-03
 4.08885400e+03  5.77799329e-03
 4.08975400e+03  5.93922447e-03
 4.09065400e+03  5.85110200e-03
 4.09155500e+03  5.65622843e-03
 4.09245500e+03  5.46678970e-03
 4.09335500e+03  5.32695267e-03
 4.09425600e+03  5.37577409e-03
 4.09515600e+03  5.43031798e-03
 4.09605600e+03  5.14416523e-03
 4.09695600e+03  4.72015336e-03
 4.09785600e+03  4.51980941e-03
 4.09875700e+03  4.53061945e-03
 4.09965700e+03  4.54630891e-03
 4.10055700e+03  4.38164383e-03
 4.10145700e+03  3.94216425e-03
 4.10235800e+03  3.51910631e-03
 4.10325800e+03  3.53209405e-03
 4.10415800e+03  3.91729960e-03
 4.10505800e+03  4.30764188e-03
 4.10595800e+03  4.61394513e-03
 4.10685900e+03  4.92616749e-03
 4.10775900e+03  5.12977799e-03
 4.10865900e+03  5.15388119e-03
 4.10955900e+03  5.08185087e-03
 4.11045900e+03  4.96436087e-03
 4.11136000e+03  4.86185011e-03
 4.11226000e+03  4.84252070e-03
 4.11316000e+03  4.92686515e-03
 4.11406000e+03  5.13355601e-03
 4.11496100e+03  5.35165834e-03
 4.11586100e+03  5.46000871e-03
 4.11676100e+03  5.53054644e-03
 4.11766200e+03  5.57976114e-03
 4.11856200e+03  5.42896659e-03
 4.11946200e+03  5.07423730e-03
 4.12036200e+03  4.91117046e-03
 4.12126200e+03  5.09592223e-03
 4.12216300e+03  5.25594217e-03
 4.12306300e+03  5.20412093e-03
 4.12396300e+03  5.13364492e-03
 4.12486400e+03  5.24262496e-03
 4.12576400e+03  5.46982509e-03
 4.12666400e+03  5.53095332e-03
 4.12756400e+03  5.37207347e-03
 4.12846400e+03  5.17412059e-03
 4.12936500e+03  5.07936252e-03
 4.13026500e+03  5.10054434e-03
 4.13116500e+03  5.10312473e-03
 4.13206500e+03  4.93124669e-03
 4.13296500e+03  4.59740007e-03
 4.13386600e+03  4.42628453e-03
 4.13476600e+03  4.53302726e-03
 4.13566600e+03  4.79872200e-03
 4.13656600e+03  5.21569557e-03
 4.13746700e+03  5.50672879e-03
 4.13836700e+03  5.52795454e-03
 4.13926700e+03  5.56656630e-03
 4.14016700e+03  5.68151775e-03
 4.14106800e+03  5.72923568e-03
 4.14196800e+03  5.62989106e-03
 4.14286800e+03  5.21442995e-03
 4.14376800e+03  4.52639584e-03
 4.14466900e+03  4.09764263e-03
 4.14556900e+03  4.33696443e-03
 4.14646900e+03  4.91444328e-03
 4.14736900e+03  5.28459427e-03
 4.14827000e+03  5.38497021e-03
 4.14917000e+03  5.34875161e-03
 4.15007000e+03  5.19264461e-03
 4.15097000e+03  5.03490800e-03
 4.15187100e+03  5.03286942e-03
 4.15277100e+03  5.08334242e-03
 4.15367100e+03  5.07420069e-03
 4.15457100e+03  4.98172492e-03
 4.15547100e+03  4.86559362e-03
 4.15637200e+03  4.85909504e-03
 4.15727200e+03  4.86861750e-03
 4.15817200e+03  4.91317139e-03
 4.15907200e+03  5.13346083e-03
 4.15997200e+03  5.39815877e-03
 4.16087300e+03  5.51902828e-03
 4.16177300e+03  5.49940286e-03
 4.16267300e+03  5.55992652e-03
 4.16357300e+03  5.77160245e-03
 4.16447400e+03  5.83874393e-03
 4.16537400e+03  5.68937817e-03
 4.16627400e+03  5.55035491e-03
 4.16717500e+03  5.41033588e-03
 4.16807500e+03  5.17606085e-03
 4.16897500e+03  5.10167189e-03
 4.16987500e+03  5.33888712e-03
 4.17077500e+03  5.56120678e-03
 4.17167600e+03  5.47817502e-03
 4.17257600e+03  5.04808715e-03
 4.17347600e+03  4.54886943e-03
 4.17437700e+03  4.40829709e-03
 4.17527700e+03  4.64424461e-03
 4.17617700e+03  4.92072220e-03
 4.17707700e+03  5.03691730e-03
 4.17797700e+03  4.97324319e-03
 4.17887800e+03  4.87831777e-03
 4.17977800e+03  4.98316312e-03
 4.18067800e+03  5.21997461e-03
 4.18157800e+03  5.29616263e-03
 4.18247800e+03  5.13242114e-03
 4.18337900e+03  4.99621989e-03
 4.18427900e+03  5.08833794e-03
 4.18517900e+03  5.34088491e-03
 4.18607900e+03  5.60308823e-03
 4.18698000e+03  5.55034340e-03
 4.18788000e+03  5.08722817e-03
 4.18878000e+03  4.78013836e-03
 4.18968000e+03  5.02172154e-03
 4.19058100e+03  5.41232949e-03
 4.19148100e+03  5.47764681e-03
 4.19238100e+03  5.33679833e-03
 4.19328100e+03  5.45441072e-03
 4.19418200e+03  5.79695976e-03
 4.19508200e+03  5.84080030e-03
 4.19598200e+03  5.46631274e-03
 4.19688200e+03  5.05232017e-03
 4.19778300e+03  4.85169380e-03
 4.19868300e+03  4.71540050e-03
 4.19958300e+03  4.59378626e-03
 4.20048300e+03  4.71610653e-03
 4.20138400e+03  4.92026302e-03
 4.20228400e+03  4.84720243e-03
 4.20318400e+03  4.71034850e-03
 4.20408400e+03  4.87640261e-03
 4.20498400e+03  5.16053561e-03
 4.20588500e+03  5.32148437e-03
 4.20678500e+03  5.47651403e-03
 4.20768500e+03  5.65801180e-03
 4.20858500e+03  5.80464237e-03
 4.20948500e+03  5.84989600e-03
 4.21038600e+03  5.70262322e-03
 4.21128600e+03  5.52497040e-03
 4.21218600e+03  5.58321700e-03
 4.21308600e+03  5.78400654e-03
 4.21398700e+03  5.82253881e-03
 4.21488700e+03  5.58092634e-03
 4.21578700e+03  5.11374336e-03
 4.21668800e+03  4.75969290e-03
 4.21758800e+03  4.98721832e-03
 4.21848800e+03  5.58494598e-03
 4.21938800e+03  5.96780753e-03
 4.22028800e+03  6.06352579e-03
 4.22118900e+03  6.12854501e-03
 4.22208900e+03  6.18950170e-03
 4.22298900e+03  6.02479060e-03
 4.22389000e+03  5.63785085e-03
 4.22479000e+03  5.19778866e-03
 4.22569000e+03  4.67206307e-03
 4.22659000e+03  3.95880659e-03
 4.22749000e+03  3.30322351e-03
 4.22839100e+03  3.35803308e-03
 4.22929100e+03  4.25654862e-03
 4.23019100e+03  5.21156192e-03
 4.23109100e+03  5.72724416e-03
 4.23199100e+03  5.97891880e-03
 4.23289200e+03  5.94773443e-03
 4.23379200e+03  5.59454270e-03
 4.23469200e+03  5.34616076e-03
 4.23559200e+03  5.36798898e-03
 4.23649300e+03  5.26354842e-03
 4.23739300e+03  5.07720261e-03
 4.23829300e+03  5.16289740e-03
 4.23919300e+03  5.33940592e-03
 4.24009300e+03  5.36498602e-03
 4.24099400e+03  5.42207055e-03
 4.24189400e+03  5.68833221e-03
 4.24279400e+03  5.91395188e-03
 4.24369500e+03  5.90671172e-03
 4.24459500e+03  6.00658560e-03
 4.24549500e+03  6.32225650e-03
 4.24639500e+03  6.42184065e-03
 4.24729600e+03  6.13036498e-03
 4.24819600e+03  5.71469259e-03
 4.24909600e+03  5.45572968e-03
 4.24999600e+03  5.29921998e-03
 4.25089700e+03  5.02958509e-03
 4.25179700e+03  4.90321172e-03
 4.25269700e+03  5.25302184e-03
 4.25359700e+03  5.64076908e-03
 4.25449700e+03  5.50897761e-03
 4.25539800e+03  5.09176243e-03
 4.25629800e+03  5.04927746e-03
 4.25719800e+03  5.53892043e-03
 4.25809800e+03  6.03900002e-03
 4.25899800e+03  5.99270461e-03
 4.25989900e+03  5.48272496e-03
 4.26079900e+03  4.92445734e-03
 4.26169900e+03  4.63585703e-03
 4.26259900e+03  4.92494162e-03
 4.26350000e+03  5.63158343e-03
 4.26440000e+03  6.19546997e-03
 4.26530000e+03  6.38823487e-03
 4.26620000e+03  6.45164330e-03
 4.26710100e+03  6.48746757e-03
 4.26800100e+03  6.29916685e-03
 4.26890100e+03  5.95071752e-03
 4.26980100e+03  5.69924057e-03
 4.27070200e+03  5.43280214e-03
 4.27160200e+03  4.87844852e-03
 4.27250200e+03  4.26257129e-03
 4.27340300e+03  4.19277933e-03
 4.27430300e+03  4.55951943e-03
 4.27520300e+03  4.69722269e-03
 4.27610300e+03  4.72627853e-03
 4.27700300e+03  5.13777439e-03
 4.27790400e+03  5.75816077e-03
 4.27880400e+03  6.19277661e-03
 4.27970400e+03  6.27535443e-03
 4.28060400e+03  5.94133104e-03
 4.28150400e+03  5.53915681e-03
 4.28240500e+03  5.48630844e-03
 4.28330500e+03  5.60848017e-03
 4.28420500e+03  5.72768974e-03
 4.28510500e+03  5.80168961e-03
 4.28600600e+03  5.63768140e-03
 4.28690600e+03  5.40704214e-03
 4.28780600e+03  5.41225418e-03
 4.28870600e+03  5.47601196e-03
 4.28960600e+03  5.18472562e-03
 4.29050700e+03  4.62186726e-03
 4.29140700e+03  4.38710063e-03
 4.29230700e+03  4.73190059e-03
 4.29320800e+03  5.32662842e-03
 4.29410800e+03  5.69354006e-03
 4.29500800e+03  5.58835687e-03
 4.29590800e+03  5.39320508e-03
 4.29680900e+03  5.41089233e-03
 4.29770900e+03  5.35825106e-03
 4.29860900e+03  5.07249472e-03
 4.29950900e+03  4.58041570e-03
 4.30041000e+03  4.01029312e-03
 4.30131000e+03  3.80430828e-03
 4.30221000e+03  4.03685224e-03
 4.30311000e+03  4.22433921e-03
 4.30401000e+03  4.25027284e-03
 4.30491100e+03  4.37613474e-03
 4.30581100e+03  4.47820200e-03
 4.30671100e+03  4.38805768e-03
 4.30761100e+03  4.18115554e-03
 4.30851100e+03  3.84496386e-03
 4.30941200e+03  3.57165345e-03
 4.31031200e+03  3.67301992e-03
 4.31121200e+03  4.04198060e-03
 4.31211200e+03  4.42311003e-03
 4.31301300e+03  4.72980761e-03
 4.31391300e+03  5.00284711e-03
 4.31481300e+03  5.22130298e-03
 4.31571300e+03  5.48056295e-03
 4.31661400e+03  6.11842008e-03
 4.31751400e+03  6.91162796e-03
 4.31841400e+03  7.24344855e-03
 4.31931500e+03  7.12799713e-03
 4.32021500e+03  6.94190025e-03
 4.32111500e+03  6.75935965e-03
 4.32201500e+03  6.54673294e-03
 4.32291600e+03  6.41414340e-03
 4.32381600e+03  6.10253397e-03
 4.32471600e+03  5.39371342e-03
 4.32561600e+03  4.59307605e-03
 4.32651600e+03  4.08605021e-03
 4.32741700e+03  4.29398054e-03
 4.32831700e+03  5.24717490e-03
 4.32921700e+03  6.26659344e-03
 4.33011700e+03  6.72995969e-03
 4.33101700e+03  6.60995206e-03
 4.33191800e+03  6.38492962e-03
 4.33281800e+03  6.41865569e-03
 4.33371800e+03  6.55557657e-03
 4.33461800e+03  6.62493967e-03
 4.33551900e+03  6.72771296e-03
 4.33641900e+03  6.80759115e-03
 4.33731900e+03  6.47380205e-03
 4.33821900e+03  5.64639951e-03
 4.33911900e+03  4.90613100e-03
 4.34002000e+03  4.52326527e-03
 4.34092000e+03  4.24933147e-03
 4.34182000e+03  4.22372836e-03
 4.34272100e+03  4.72054037e-03
 4.34362100e+03  5.38404453e-03
 4.34452100e+03  5.65241694e-03
 4.34542200e+03  5.77025211e-03
 4.34632200e+03  6.09383155e-03
 4.34722200e+03  6.31881528e-03
 4.34812200e+03  6.30656704e-03
 4.34902200e+03  6.44452447e-03
 4.34992300e+03  6.82814434e-03
 4.35082300e+03  6.92029691e-03
 4.35172300e+03  6.27039970e-03
 4.35262300e+03  5.34799119e-03
 4.35352300e+03  5.07141320e-03
 4.35442400e+03  5.54466172e-03
 4.35532400e+03  6.04243288e-03
 4.35622400e+03  6.23697278e-03
 4.35712400e+03  6.43698935e-03
 4.35802400e+03  6.70511282e-03
 4.35892500e+03  6.68318104e-03
 4.35982500e+03  6.32510571e-03
 4.36072500e+03  6.14754076e-03
 4.36162600e+03  6.45144457e-03
 4.36252600e+03  6.88974326e-03
 4.36342600e+03  7.00892145e-03
 4.36432600e+03  6.93182030e-03
 4.36522600e+03  7.08685832e-03
 4.36612700e+03  7.37193687e-03
 4.36702700e+03  7.29937625e-03
 4.36792700e+03  6.81318287e-03
 4.36882800e+03  6.38361589e-03
 4.36972800e+03  6.36109001e-03
 4.37062800e+03  6.51506952e-03
 4.37152800e+03  6.56715853e-03
 4.37242900e+03  6.60988721e-03
 4.37332900e+03  6.63593066e-03
 4.37422900e+03  6.40128223e-03
 4.37512900e+03  5.90943227e-03
 4.37602900e+03  5.54349652e-03
 4.37693000e+03  5.66368825e-03
 4.37783000e+03  6.21882426e-03
 4.37873000e+03  6.75877496e-03
 4.37963000e+03  6.93638593e-03
 4.38053000e+03  6.79248743e-03
 4.38143100e+03  6.58503196e-03
 4.38233100e+03  6.35348585e-03
 4.38323100e+03  5.71877499e-03
 4.38413100e+03  4.61986005e-03
 4.38503200e+03  3.88748858e-03
 4.38593200e+03  4.21252923e-03
 4.38683200e+03  5.23202098e-03
 4.38773200e+03  6.04375602e-03
 4.38863300e+03  6.24059391e-03
 4.38953300e+03  6.15626724e-03
 4.39043300e+03  6.05383912e-03
 4.39133300e+03  5.96520099e-03
 4.39223400e+03  6.02920353e-03
 4.39313400e+03  6.28425977e-03
 4.39403400e+03  6.46970083e-03
 4.39493500e+03  6.35735801e-03
 4.39583500e+03  6.13045598e-03
 4.39673500e+03  6.23763069e-03
 4.39763500e+03  6.77553758e-03
 4.39853500e+03  7.21245977e-03
 4.39943600e+03  7.17364928e-03
 4.40033600e+03  6.77114976e-03
 4.40123600e+03  6.27094465e-03
 4.40213600e+03  6.13026457e-03
 4.40303600e+03  6.51124757e-03
 4.40393700e+03  6.66608685e-03
 4.40483700e+03  5.97360844e-03
 4.40573700e+03  5.13036478e-03
 4.40663700e+03  5.14792651e-03
 4.40753800e+03  5.75525403e-03
 4.40843800e+03  6.01876376e-03
 4.40933800e+03  5.94635376e-03
 4.41023800e+03  6.18517455e-03
 4.41113900e+03  6.75328992e-03
 4.41203900e+03  7.17960395e-03
 4.41293900e+03  7.38047507e-03
 4.41383900e+03  7.43662242e-03
 4.41473900e+03  7.08021645e-03
 4.41564000e+03  6.26141382e-03
 4.41654000e+03  5.72560618e-03
 4.41744000e+03  5.94922284e-03
 4.41834100e+03  6.45137972e-03
 4.41924100e+03  6.87949908e-03
 4.42014100e+03  7.28105514e-03
 4.42104100e+03  7.50436324e-03
 4.42194200e+03  7.33715333e-03
 4.42284200e+03  6.85460723e-03
 4.42374200e+03  6.46839860e-03
 4.42464200e+03  6.51850028e-03
 4.42554200e+03  6.76623896e-03
 4.42644300e+03  6.82302958e-03
 4.42734300e+03  6.75022002e-03
 4.42824300e+03  6.77532211e-03
 4.42914300e+03  6.96515413e-03
 4.43004300e+03  7.05177250e-03
 4.43094400e+03  6.76424221e-03
 4.43184400e+03  6.54575601e-03
 4.43274400e+03  6.77961056e-03
 4.43364400e+03  6.98441869e-03
 4.43454500e+03  6.72223002e-03
 4.43544500e+03  6.18979875e-03
 4.43634500e+03  5.85660586e-03
 4.43724500e+03  6.08051434e-03
 4.43814600e+03  6.71867165e-03
 4.43904600e+03  7.31403125e-03
 4.43994600e+03  7.64720846e-03
 4.44084600e+03  7.61604291e-03
 4.44174700e+03  7.20384312e-03
 4.44264700e+03  6.65175715e-03
 4.44354700e+03  6.25782407e-03
 4.44444800e+03  6.23409952e-03
 4.44534800e+03  6.64940268e-03
 4.44624800e+03  7.26946168e-03
 4.44714800e+03  7.58894721e-03
 4.44804800e+03  7.44847843e-03
 4.44894900e+03  7.33253854e-03
 4.44984900e+03  7.43454095e-03
 4.45074900e+03  7.37593873e-03
 4.45164900e+03  7.20118847e-03
 4.45254900e+03  7.22411914e-03
 4.45345000e+03  7.27682003e-03
 4.45435000e+03  7.03259684e-03
 4.45525000e+03  6.48697806e-03
 4.45615000e+03  5.99917913e-03
 4.45705100e+03  5.98528245e-03
 4.45795100e+03  6.27887410e-03
 4.45885100e+03  6.40409169e-03
 4.45975100e+03  6.30193761e-03
 4.46065200e+03  6.23403676e-03
 4.46155200e+03  6.19394182e-03
 4.46245200e+03  6.01805982e-03
 4.46335200e+03  6.06648796e-03
 4.46425300e+03  6.60528915e-03
 4.46515300e+03  7.06979237e-03
 4.46605300e+03  7.08412208e-03
 4.46695300e+03  6.97285451e-03
 4.46785400e+03  6.97542131e-03
 4.46875400e+03  7.00050980e-03
 4.46965400e+03  6.86163925e-03
 4.47055400e+03  6.68207964e-03
 4.47145500e+03  6.76320880e-03
 4.47235500e+03  7.05213963e-03
 4.47325500e+03  7.34963691e-03
 4.47415500e+03  7.60317756e-03
 4.47505500e+03  7.74667336e-03
 4.47595600e+03  7.68341346e-03
 4.47685600e+03  7.61168752e-03
 4.47775600e+03  7.80914566e-03
 4.47865600e+03  8.10259610e-03
 4.47955600e+03  8.05608417e-03
 4.48045700e+03  7.55266691e-03
 4.48135700e+03  6.89286650e-03
 4.48225700e+03  6.45672251e-03
 4.48315800e+03  6.43755208e-03
 4.48405800e+03  6.86768492e-03
 4.48495800e+03  7.46503499e-03
 4.48585800e+03  7.88283906e-03
 4.48675800e+03  8.08999328e-03
 4.48765900e+03  8.10156060e-03
 4.48855900e+03  7.83376033e-03
 4.48945900e+03  7.33841163e-03
 4.49036000e+03  6.90291508e-03
 4.49126000e+03  6.82348666e-03
 4.49216000e+03  7.12742708e-03
 4.49306000e+03  7.53635719e-03
 4.49396100e+03  7.66196283e-03
 4.49486100e+03  7.31174687e-03
 4.49576100e+03  6.84311732e-03
 4.49666100e+03  6.73223780e-03
 4.49756100e+03  6.95823821e-03
 4.49846200e+03  7.34528570e-03
 4.49936200e+03  7.72230136e-03
 4.50026200e+03  7.91835477e-03
 4.50116200e+03  7.85424344e-03
 4.50206200e+03  7.55479753e-03
 4.50296300e+03  7.45438080e-03
 4.50386300e+03  7.88307963e-03
 4.50476300e+03  8.41974600e-03
 4.50566300e+03  8.60072916e-03
 4.50656400e+03  8.49007140e-03
 4.50746400e+03  8.28370269e-03
 4.50836400e+03  8.08835740e-03
 4.50926500e+03  8.00508192e-03
 4.51016500e+03  8.08242887e-03
 4.51106500e+03  8.25913927e-03
 4.51196500e+03  8.33588897e-03
 4.51286500e+03  8.16279029e-03
 4.51376600e+03  7.86744874e-03
 4.51466600e+03  7.63745694e-03
 4.51556600e+03  7.52850618e-03
 4.51646700e+03  7.60489712e-03
 4.51736700e+03  7.75634749e-03
 4.51826700e+03  7.69967924e-03
 4.51916700e+03  7.54412556e-03
 4.52006700e+03  7.64872301e-03
 4.52096800e+03  7.93990267e-03
 4.52186800e+03  8.16825859e-03
 4.52276800e+03  8.11887967e-03
 4.52366800e+03  7.76288058e-03
 4.52456800e+03  7.55025282e-03
 4.52546900e+03  7.54449270e-03
 4.52636900e+03  7.35724107e-03
 4.52726900e+03  6.98656501e-03
 4.52816900e+03  6.64490504e-03
 4.52906900e+03  6.40661141e-03
 4.52997000e+03  6.32687025e-03
 4.53087000e+03  6.47362842e-03
 4.53177000e+03  6.69184163e-03
 4.53267100e+03  6.94961319e-03
 4.53357100e+03  7.16599910e-03
 4.53447100e+03  7.02019380e-03
 4.53537200e+03  6.65543057e-03
 4.53627200e+03  6.47041417e-03
 4.53717200e+03  6.80598559e-03
 4.53807200e+03  7.61302949e-03
 4.53897200e+03  8.17001162e-03
 4.53987300e+03  8.10790437e-03
 4.54077300e+03  7.75369178e-03
 4.54167300e+03  7.43777508e-03
 4.54257300e+03  7.39214699e-03
 4.54347400e+03  7.65682819e-03
 4.54437400e+03  7.87488032e-03
 4.54527400e+03  7.72055564e-03
 4.54617400e+03  7.43420415e-03
 4.54707400e+03  7.40716703e-03
 4.54797500e+03  7.54656893e-03
 4.54887500e+03  7.55393880e-03
 4.54977500e+03  7.29390690e-03
 4.55067500e+03  7.04736585e-03
 4.55157500e+03  7.23816225e-03
 4.55247600e+03  7.56720894e-03
 4.55337600e+03  7.56138188e-03
 4.55427600e+03  7.36900608e-03
 4.55517600e+03  7.18564021e-03
 4.55607700e+03  7.08936968e-03
 4.55697700e+03  7.25598966e-03
 4.55787700e+03  7.69583637e-03
 4.55877800e+03  8.09315105e-03
 4.55967800e+03  8.24015711e-03
 4.56057800e+03  8.23331755e-03
 4.56147900e+03  8.19498402e-03
 4.56237900e+03  8.24696320e-03
 4.56327900e+03  8.26521004e-03
 4.56417900e+03  7.98295037e-03
 4.56507900e+03  7.52382026e-03
 4.56598000e+03  7.24157941e-03
 4.56688000e+03  7.33110452e-03
 4.56778000e+03  7.78217548e-03
 4.56868000e+03  8.25024962e-03
 4.56958000e+03  8.38754495e-03
 4.57048100e+03  8.28997429e-03
 4.57138100e+03  8.03476638e-03
 4.57228100e+03  7.58942313e-03
 4.57318100e+03  7.45745071e-03
 4.57408100e+03  7.91247122e-03
 4.57498200e+03  8.30411991e-03
 4.57588200e+03  8.24985006e-03
 4.57678200e+03  8.13675520e-03
 4.57768200e+03  8.16763519e-03
 4.57858300e+03  8.16708920e-03
 4.57948300e+03  7.97261833e-03
 4.58038300e+03  7.59304321e-03
 4.58128300e+03  7.23445431e-03
 4.58218400e+03  7.16066991e-03
 4.58308400e+03  7.39402345e-03
 4.58398400e+03  7.61053905e-03
 4.58488500e+03  7.59854289e-03
 4.58578500e+03  7.49642228e-03
 4.58668500e+03  7.39487591e-03
 4.58758500e+03  7.42671401e-03
 4.58848600e+03  7.74199790e-03
 4.58938600e+03  8.13245210e-03
 4.59028600e+03  8.33726128e-03
 4.59118600e+03  8.26351558e-03
 4.59208600e+03  7.96014521e-03
 4.59298700e+03  7.64583406e-03
 4.59388700e+03  7.55124439e-03
 4.59478700e+03  7.61262366e-03
 4.59568700e+03  7.59057683e-03
 4.59658700e+03  7.50731390e-03
 4.59748800e+03  7.51742419e-03
 4.59838800e+03  7.57685482e-03
 4.59928800e+03  7.67101983e-03
 4.60018800e+03  7.78909244e-03
 4.60108800e+03  7.68987856e-03
 4.60198900e+03  7.53254465e-03
 4.60288900e+03  7.63796632e-03
 4.60378900e+03  7.78544098e-03
 4.60469000e+03  7.80258014e-03
 4.60559000e+03  7.72298437e-03
 4.60649000e+03  7.62670338e-03
 4.60739100e+03  7.72295927e-03
 4.60829100e+03  8.04442063e-03
 4.60919100e+03  8.46036602e-03
 4.61009100e+03  8.76077212e-03
 4.61099200e+03  8.72264046e-03
 4.61189200e+03  8.42589732e-03
 4.61279200e+03  8.17350933e-03
 4.61369200e+03  8.05682262e-03
 4.61459200e+03  8.01815438e-03
 4.61549300e+03  8.18123691e-03
 4.61639300e+03  8.37519316e-03
 4.61729300e+03  8.37785828e-03
 4.61819300e+03  8.39744500e-03
 4.61909300e+03  8.40887111e-03
 4.61999400e+03  8.21217862e-03
 4.62089400e+03  8.11027034e-03
 4.62179400e+03  8.33808445e-03
 4.62269400e+03  8.50233742e-03
 4.62359500e+03  8.41159167e-03
 4.62449500e+03  8.37781330e-03
 4.62539500e+03  8.41800866e-03
 4.62629500e+03  8.30724420e-03
 4.62719500e+03  8.18684223e-03
 4.62809600e+03  8.27340936e-03
 4.62899600e+03  8.39426213e-03
 4.62989600e+03  8.29056003e-03
 4.63079700e+03  8.15719752e-03
 4.63169700e+03  8.31930521e-03
 4.63259700e+03  8.55179896e-03
 4.63349800e+03  8.42667133e-03
 4.63439800e+03  8.09303495e-03
 4.63529800e+03  7.96033872e-03
 4.63619800e+03  8.03329889e-03
 4.63709800e+03  8.08224269e-03
 4.63799900e+03  7.95269586e-03
 4.63889900e+03  7.74037457e-03
 4.63979900e+03  7.63847466e-03
 4.64069900e+03  7.58417762e-03
 4.64159900e+03  7.65586381e-03
 4.64250000e+03  7.96655593e-03
 4.64340000e+03  8.18877308e-03
 4.64430000e+03  8.09415204e-03
 4.64520000e+03  7.89408003e-03
 4.64610000e+03  7.67817945e-03
 4.64700100e+03  7.31051786e-03
 4.64790100e+03  6.97939806e-03
 4.64880100e+03  6.96722723e-03
 4.64970200e+03  7.21962672e-03
 4.65060200e+03  7.56363907e-03
 4.65150200e+03  7.87533113e-03
 4.65240200e+03  8.06193111e-03
 4.65330200e+03  8.18089697e-03
 4.65420300e+03  8.22011644e-03
 4.65510300e+03  7.98879208e-03
 4.65600300e+03  7.65943055e-03
 4.65690400e+03  7.54172298e-03
 4.65780400e+03  7.64703274e-03
 4.65870400e+03  7.99629791e-03
 4.65960400e+03  8.49162465e-03
 4.66050500e+03  8.84736330e-03
 4.66140500e+03  8.88811092e-03
 4.66230500e+03  8.64208972e-03
 4.66320500e+03  8.27256945e-03
 4.66410500e+03  7.95581178e-03
 4.66500600e+03  7.84779821e-03
 4.66590600e+03  7.87866984e-03
 4.66680600e+03  7.63935327e-03
 4.66770600e+03  7.00036860e-03
 4.66860600e+03  6.48472505e-03
 4.66950700e+03  6.60300895e-03
 4.67040700e+03  7.18446246e-03
 4.67130700e+03  7.76111185e-03
 4.67220700e+03  8.11090210e-03
 4.67310800e+03  8.16284050e-03
 4.67400800e+03  8.00276929e-03
 4.67490800e+03  7.87158448e-03
 4.67580900e+03  7.91673352e-03
 4.67670900e+03  8.16812680e-03
 4.67760900e+03  8.42269562e-03
 4.67850900e+03  8.36596148e-03
 4.67940900e+03  8.04033823e-03
 4.68031000e+03  7.75837561e-03
 4.68121000e+03  7.62451418e-03
 4.68211000e+03  7.55703694e-03
 4.68301100e+03  7.59885459e-03
 4.68391100e+03  7.84123165e-03
 4.68481100e+03  8.11267188e-03
 4.68571100e+03  8.18021814e-03
 4.68661100e+03  8.15046988e-03
 4.68751200e+03  8.12047791e-03
 4.68841200e+03  8.01984152e-03
 4.68931200e+03  7.93339677e-03
 4.69021200e+03  7.97174077e-03
 4.69111200e+03  7.98988929e-03
 4.69201300e+03  7.87823891e-03
 4.69291300e+03  7.81288289e-03
 4.69381300e+03  7.89812059e-03
 4.69471300e+03  8.02379526e-03
 4.69561400e+03  8.18230798e-03
 4.69651400e+03  8.39010129e-03
 4.69741400e+03  8.49201061e-03
 4.69831400e+03  8.28976300e-03
 4.69921500e+03  7.83743794e-03
 4.70011500e+03  7.52446562e-03
 4.70101500e+03  7.58306157e-03
 4.70191600e+03  7.70457854e-03
 4.70281600e+03  7.61599271e-03
 4.70371600e+03  7.40053771e-03
 4.70461600e+03  7.37575359e-03
 4.70551600e+03  7.68184242e-03
 4.70641700e+03  7.97290074e-03
 4.70731700e+03  7.95728346e-03
 4.70821700e+03  7.72295299e-03
 4.70911700e+03  7.53511877e-03
 4.71001800e+03  7.49198321e-03
 4.71091800e+03  7.61411102e-03
 4.71181800e+03  7.96407176e-03
 4.71271800e+03  8.27443335e-03
 4.71361800e+03  8.26136717e-03
 4.71451900e+03  7.99062984e-03
 4.71541900e+03  7.67389832e-03
 4.71631900e+03  7.68371888e-03
 4.71721900e+03  8.09031858e-03
 4.71811900e+03  8.45587255e-03
 4.71902000e+03  8.57648895e-03
 4.71992000e+03  8.68233528e-03
 4.72082000e+03  8.84085427e-03
 4.72172100e+03  8.87508658e-03
 4.72262100e+03  8.72054016e-03
 4.72352100e+03  8.52352028e-03
 4.72442100e+03  8.51839715e-03
 4.72532200e+03  8.73633840e-03
 4.72622200e+03  8.92239449e-03
 4.72712200e+03  8.78784899e-03
 4.72802300e+03  8.24945364e-03
 4.72892300e+03  7.65553224e-03
 4.72982300e+03  7.42079908e-03
 4.73072300e+03  7.48368558e-03
 4.73162300e+03  7.60289619e-03
 4.73252400e+03  7.76458131e-03
 4.73342400e+03  8.01184199e-03
 4.73432400e+03  8.18240525e-03
 4.73522400e+03  8.26395907e-03
 4.73612400e+03  8.35349569e-03
 4.73702500e+03  8.21835504e-03
 4.73792500e+03  7.94862810e-03
 4.73882500e+03  8.07501612e-03
 4.73972500e+03  8.49029732e-03
 4.74062500e+03  8.60425720e-03
 4.74152600e+03  8.39008769e-03
 4.74242600e+03  8.24190910e-03
 4.74332600e+03  8.34757239e-03
 4.74422600e+03  8.54783894e-03
 4.74512700e+03  8.58334419e-03
 4.74602700e+03  8.45984408e-03
 4.74692700e+03  8.48451000e-03
 4.74782800e+03  8.68437386e-03
 4.74872800e+03  8.75479967e-03
 4.74962800e+03  8.68131755e-03
 4.75052900e+03  8.66676401e-03
 4.75142900e+03  8.71011504e-03
 4.75232900e+03  8.64704968e-03
 4.75322900e+03  8.45946440e-03
 4.75412900e+03  8.30180519e-03
 4.75503000e+03  8.19049892e-03
 4.75593000e+03  8.13636505e-03
 4.75683000e+03  8.14763322e-03
 4.75773000e+03  8.17777268e-03
 4.75863000e+03  8.25397848e-03
 4.75953100e+03  8.36630351e-03
 4.76043100e+03  8.51542452e-03
 4.76133100e+03  8.60311814e-03
 4.76223100e+03  8.41209059e-03
 4.76313100e+03  8.04190509e-03
 4.76403200e+03  7.85340563e-03
 4.76493200e+03  7.84327233e-03
 4.76583200e+03  7.73570434e-03
 4.76673300e+03  7.53682787e-03
 4.76763300e+03  7.51691585e-03
 4.76853300e+03  7.77218443e-03
 4.76943300e+03  8.10546100e-03
 4.77033300e+03  8.41781724e-03
 4.77123400e+03  8.56886387e-03
 4.77213400e+03  8.39229572e-03
 4.77303400e+03  8.14037737e-03
 4.77393500e+03  8.16842908e-03
 4.77483500e+03  8.48096419e-03
 4.77573500e+03  8.78133787e-03
 4.77663500e+03  8.78569954e-03
 4.77753600e+03  8.68413747e-03
 4.77843600e+03  8.76486184e-03
 4.77933600e+03  8.84758923e-03
 4.78023600e+03  8.74335055e-03
 4.78113600e+03  8.61675752e-03
 4.78203700e+03  8.59854833e-03
 4.78293700e+03  8.52214588e-03
 4.78383700e+03  8.26550396e-03
 4.78473700e+03  8.09352655e-03
 4.78563700e+03  8.24642244e-03
 4.78653800e+03  8.33828005e-03
 4.78743800e+03  8.13488188e-03
 4.78833800e+03  8.07880984e-03
 4.78923800e+03  8.22988052e-03
 4.79013900e+03  8.21601940e-03
 4.79103900e+03  8.15061213e-03
 4.79193900e+03  8.24722888e-03
 4.79284000e+03  8.38846331e-03
 4.79374000e+03  8.56078693e-03
 4.79464000e+03  8.86408408e-03
 4.79554000e+03  9.17030993e-03
 4.79644000e+03  9.25531857e-03
 4.79734100e+03  9.10908861e-03
 4.79824100e+03  8.88288633e-03
 4.79914100e+03  8.61827521e-03
 4.80004200e+03  8.34686741e-03
 4.80094200e+03  8.22039153e-03
 4.80184200e+03  8.36045030e-03
 4.80274200e+03  8.71311800e-03
 4.80364200e+03  9.00580698e-03
 4.80454300e+03  9.03760952e-03
 4.80544300e+03  8.80191198e-03
 4.80634300e+03  8.52646467e-03
 4.80724300e+03  8.44851106e-03
 4.80814300e+03  8.39359063e-03
 4.80904400e+03  8.27203287e-03
 4.80994400e+03  8.30513345e-03
 4.81084400e+03  8.50704007e-03
 4.81174400e+03  8.65636922e-03
 4.81264500e+03  8.68132069e-03
 4.81354500e+03  8.65453983e-03
 4.81444500e+03  8.63260805e-03
 4.81534500e+03  8.65946946e-03
 4.81624600e+03  8.73399335e-03
 4.81714600e+03  8.85073235e-03
 4.81804600e+03  8.96976725e-03
 4.81894700e+03  9.03668593e-03
 4.81984700e+03  9.10949863e-03
 4.82074700e+03  9.16372664e-03
 4.82164700e+03  9.10733767e-03
 4.82254700e+03  8.98173203e-03
 4.82344800e+03  8.69309302e-03
 4.82434800e+03  8.21713754e-03
 4.82524800e+03  8.02253488e-03
 4.82614800e+03  8.33219149e-03
 4.82704900e+03  8.71835723e-03
 4.82794900e+03  8.82185747e-03
 4.82884900e+03  8.67573211e-03
 4.82974900e+03  8.50928785e-03
 4.83064900e+03  8.50393879e-03
 4.83155000e+03  8.56841097e-03
 4.83245000e+03  8.40618403e-03
 4.83335000e+03  8.19881329e-03
 4.83425000e+03  8.31514646e-03
 4.83515000e+03  8.60765658e-03
 4.83605100e+03  8.74570292e-03
 4.83695100e+03  8.69729675e-03
 4.83785100e+03  8.67031506e-03
 4.83875200e+03  8.67710755e-03
 4.83965200e+03  8.50513746e-03
 4.84055200e+03  8.22866511e-03
 4.84145300e+03  8.12563765e-03
 4.84235300e+03  8.26542760e-03
 4.84325300e+03  8.35927254e-03
 4.84415300e+03  8.23993641e-03
 4.84505300e+03  8.23586866e-03
 4.84595400e+03  8.52375353e-03
 4.84685400e+03  8.79981064e-03
 4.84775400e+03  8.80606237e-03
 4.84865400e+03  8.54126088e-03
 4.84955500e+03  8.21290033e-03
 4.85045500e+03  8.17890337e-03
 4.85135500e+03  8.43873234e-03
 4.85225500e+03  8.56604813e-03
 4.85315500e+03  8.49507215e-03
 4.85405600e+03  8.44295071e-03
 4.85495600e+03  8.25299527e-03
 4.85585600e+03  7.77075878e-03
 4.85675600e+03  7.38682303e-03
 4.85765700e+03  7.50289784e-03
 4.85855700e+03  7.79528245e-03
 4.85945700e+03  7.72448114e-03
 4.86035700e+03  7.19212100e-03
 4.86125700e+03  6.41821534e-03
 4.86215800e+03  5.85121182e-03
 4.86305800e+03  5.89405451e-03
 4.86395800e+03  6.47590758e-03
 4.86485900e+03  7.03551508e-03
 4.86575900e+03  7.33556765e-03
 4.86665900e+03  7.62900764e-03
 4.86756000e+03  7.89406434e-03
 4.86846000e+03  7.98626084e-03
 4.86936000e+03  8.00299941e-03
 4.87026000e+03  8.06968903e-03
 4.87116000e+03  7.87764271e-03
 4.87206100e+03  7.26329154e-03
 4.87296100e+03  6.86430227e-03
 4.87386100e+03  7.19318893e-03
 4.87476100e+03  7.78780276e-03
 4.87566100e+03  8.05240029e-03
 4.87656200e+03  8.06462761e-03
 4.87746200e+03  8.15419560e-03
 4.87836200e+03  8.27599498e-03
 4.87926200e+03  8.36373672e-03
 4.88016200e+03  8.65146469e-03
 4.88106300e+03  8.88024737e-03
 4.88196300e+03  8.63047952e-03
 4.88286300e+03  8.27642278e-03
 4.88376400e+03  8.32184690e-03
 4.88466400e+03  8.50778375e-03
 4.88556400e+03  8.35452073e-03
 4.88646400e+03  7.95784305e-03
 4.88736400e+03  7.72935324e-03
 4.88826500e+03  7.82759437e-03
 4.88916500e+03  8.03406454e-03
 4.89006500e+03  8.08944206e-03
 4.89096600e+03  7.84508603e-03
 4.89186600e+03  7.32507559e-03
 4.89276600e+03  7.18815575e-03
 4.89366600e+03  7.86259024e-03
 4.89456700e+03  8.70016374e-03
 4.89546700e+03  9.20807970e-03
 4.89636700e+03  9.44022619e-03
 4.89726700e+03  9.45740615e-03
 4.89816700e+03  9.38538734e-03
 4.89906800e+03  9.32810302e-03
 4.89996800e+03  9.13778254e-03
 4.90086800e+03  8.81545512e-03
 4.90176800e+03  8.72548130e-03
 4.90266800e+03  8.87375402e-03
 4.90356900e+03  8.81932937e-03
 4.90446900e+03  8.56649790e-03
 4.90536900e+03  8.55312943e-03
 4.90627000e+03  8.90799156e-03
 4.90717000e+03  9.28102627e-03
 4.90807000e+03  9.30521524e-03
 4.90897000e+03  9.01531898e-03
 4.90987000e+03  8.63951246e-03
 4.91077100e+03  8.25989968e-03
 4.91167100e+03  8.04325752e-03
 4.91257100e+03  8.18085827e-03
 4.91347200e+03  8.51342254e-03
 4.91437200e+03  8.75936948e-03
 4.91527200e+03  8.93159374e-03
 4.91617200e+03  9.15799162e-03
 4.91707300e+03  9.28406375e-03
 4.91797300e+03  9.07234599e-03
 4.91887300e+03  8.46541175e-03
 4.91977300e+03  7.64138348e-03
 4.92067300e+03  6.98100676e-03
 4.92157400e+03  6.80978663e-03
 4.92247400e+03  7.24642223e-03
 4.92337400e+03  7.95297408e-03
 4.92427400e+03  8.30956101e-03
 4.92517400e+03  8.20054855e-03
 4.92607500e+03  8.12724843e-03
 4.92697500e+03  8.44972647e-03
 4.92787500e+03  8.85637010e-03
 4.92877500e+03  9.02740196e-03
 4.92967600e+03  9.17773000e-03
 4.93057600e+03  9.36138665e-03
 4.93147600e+03  9.37804362e-03
 4.93237700e+03  9.32165989e-03
 4.93327700e+03  9.13139903e-03
 4.93417700e+03  8.61796874e-03
 4.93507700e+03  8.22413294e-03
 4.93597700e+03  8.44150833e-03
 4.93687800e+03  8.81141247e-03
 4.93777800e+03  8.69779776e-03
 4.93867800e+03  8.16305387e-03
 4.93957900e+03  7.65681668e-03
 4.94047900e+03  7.63909387e-03
 4.94137900e+03  8.19730606e-03
 4.94227900e+03  8.82945326e-03
 4.94317900e+03  9.09609669e-03
 4.94408000e+03  9.21014024e-03
 4.94498000e+03  9.35835858e-03
 4.94588000e+03  9.29462590e-03
 4.94678000e+03  9.01535350e-03
 4.94768000e+03  8.93286250e-03
 4.94858100e+03  9.14692950e-03
 4.94948100e+03  9.33430559e-03
 4.95038100e+03  9.35949659e-03
 4.95128100e+03  9.36623992e-03
 4.95218200e+03  9.44132759e-03
 4.95308200e+03  9.41378422e-03
 4.95398200e+03  9.21981437e-03
 4.95488200e+03  9.07417329e-03
 4.95578300e+03  9.04384347e-03
 4.95668300e+03  8.89771183e-03
 4.95758300e+03  8.22084862e-03
 4.95848400e+03  7.27547806e-03
 4.95938400e+03  7.24828091e-03
 4.96028400e+03  8.26071972e-03
 4.96118400e+03  9.10690464e-03
 4.96208500e+03  9.28739515e-03
 4.96298500e+03  9.16622440e-03
 4.96388500e+03  9.13764343e-03
 4.96478500e+03  9.16413247e-03
 4.96568500e+03  8.93914769e-03
 4.96658600e+03  8.53751423e-03
 4.96748600e+03  8.35002413e-03
 4.96838600e+03  8.40527927e-03
 4.96928600e+03  8.46603619e-03
 4.97018600e+03  8.52937036e-03
 4.97108700e+03  8.60885526e-03
 4.97198700e+03  8.71677783e-03
 4.97288700e+03  8.92337874e-03
 4.97378700e+03  9.09260317e-03
 4.97468800e+03  9.18021208e-03
 4.97558800e+03  9.24755752e-03
 4.97648800e+03  9.20984738e-03
 4.97738800e+03  9.09929316e-03
 4.97828900e+03  8.95155178e-03
 4.97918900e+03  8.67616618e-03
 4.98008900e+03  8.44514410e-03
 4.98098900e+03  8.43118676e-03
 4.98189000e+03  8.37432920e-03
 4.98279000e+03  7.97438183e-03
 4.98369000e+03  7.43872167e-03
 4.98459100e+03  7.26648696e-03
 4.98549100e+03  7.51080219e-03
 4.98639100e+03  7.83660849e-03
 4.98729100e+03  8.19359079e-03
 4.98819100e+03  8.64873891e-03
 4.98909200e+03  8.92127321e-03
 4.98999200e+03  8.87322581e-03
 4.99089200e+03  8.70214688e-03
 4.99179200e+03  8.52175992e-03
 4.99269200e+03  8.50354760e-03
 4.99359300e+03  8.68671264e-03
 4.99449300e+03  8.69985204e-03
 4.99539300e+03  8.60233890e-03
 4.99629300e+03  8.73501735e-03
 4.99719400e+03  8.90252117e-03
 4.99809400e+03  8.90529611e-03
 4.99899400e+03  8.82471086e-03
 4.99989400e+03  8.58658145e-03
 5.00079500e+03  8.22691730e-03
 5.00169500e+03  8.02220017e-03
 5.00259500e+03  8.01157422e-03
 5.00349500e+03  8.08112978e-03
 5.00439600e+03  8.18789866e-03
 5.00529600e+03  8.17889395e-03
 5.00619600e+03  7.89060220e-03
 5.00709600e+03  7.59177759e-03
 5.00799700e+03  7.76343075e-03
 5.00889700e+03  8.23334579e-03
 5.00979700e+03  8.61118462e-03
 5.01069700e+03  8.70632446e-03
 5.01159800e+03  8.58294568e-03
 5.01249800e+03  8.29719562e-03
 5.01339800e+03  7.85550279e-03
 5.01429800e+03  7.49086507e-03
 5.01519800e+03  7.34396988e-03
 5.01609900e+03  7.51075094e-03
 5.01699900e+03  7.89153206e-03
 5.01789900e+03  8.04296465e-03
 5.01879900e+03  7.86206098e-03
 5.01969900e+03  7.77257980e-03
 5.02060000e+03  7.99018530e-03
 5.02150000e+03  8.20579196e-03
 5.02240000e+03  8.14586659e-03
 5.02330100e+03  7.94163793e-03
 5.02420100e+03  7.99427293e-03
 5.02510100e+03  8.32514274e-03
 5.02600200e+03  8.55093291e-03
 5.02690200e+03  8.56507329e-03
 5.02780200e+03  8.36008421e-03
 5.02870200e+03  8.05395459e-03
 5.02960200e+03  8.12514709e-03
 5.03050300e+03  8.51315373e-03
 5.03140300e+03  8.74079735e-03
 5.03230300e+03  8.82478617e-03
 5.03320300e+03  9.01037366e-03
 5.03410400e+03  9.25818974e-03
 5.03500400e+03  9.31103394e-03
 5.03590400e+03  8.92977376e-03
 5.03680400e+03  8.30689799e-03
 5.03770400e+03  8.08506993e-03
 5.03860500e+03  8.32745327e-03
 5.03950500e+03  8.36397206e-03
 5.04040500e+03  7.95781271e-03
 5.04130500e+03  7.34242708e-03
 5.04220600e+03  6.85238979e-03
 5.04310600e+03  7.06067784e-03
 5.04400600e+03  7.91446692e-03
 5.04490600e+03  8.62855599e-03
 5.04580600e+03  9.00344833e-03
 5.04670700e+03  9.28856558e-03
 5.04760700e+03  9.40352435e-03
 5.04850700e+03  9.10664419e-03
 5.04940800e+03  8.50920103e-03
 5.05030800e+03  8.07704425e-03
 5.05120800e+03  8.02618215e-03
 5.05210900e+03  8.12409485e-03
 5.05300900e+03  8.18307885e-03
 5.05390900e+03  8.34318353e-03
 5.05480900e+03  8.64531547e-03
 5.05570900e+03  8.92317164e-03
 5.05661000e+03  9.03924227e-03
 5.05751000e+03  9.01350528e-03
 5.05841000e+03  9.01799874e-03
 5.05931000e+03  9.09951386e-03
 5.06021000e+03  9.14743679e-03
 5.06111100e+03  9.18647740e-03
 5.06201100e+03  9.32377378e-03
 5.06291100e+03  9.44028162e-03
 5.06381100e+03  9.36270038e-03
 5.06471200e+03  8.96828093e-03
 5.06561200e+03  8.34458721e-03
 5.06651200e+03  8.05040773e-03
 5.06741200e+03  8.28332823e-03
 5.06831200e+03  8.47805222e-03
 5.06921300e+03  8.38598333e-03
 5.07011300e+03  8.37685206e-03
 5.07101300e+03  8.64059294e-03
 5.07191400e+03  8.80360226e-03
 5.07281400e+03  8.56497393e-03
 5.07371400e+03  8.32690519e-03
 5.07461400e+03  8.48232499e-03
 5.07551500e+03  8.68531732e-03
 5.07641500e+03  8.61341357e-03
 5.07731500e+03  8.53983941e-03
 5.07821500e+03  8.68558927e-03
 5.07911600e+03  8.67862838e-03
 5.08001600e+03  8.11080065e-03
 5.08091600e+03  7.44572649e-03
 5.08181600e+03  7.38096877e-03
 5.08271600e+03  7.78022998e-03
 5.08361700e+03  8.06293315e-03
 5.08451700e+03  8.10337848e-03
 5.08541700e+03  8.22435573e-03
 5.08631700e+03  8.50413020e-03
 5.08721700e+03  8.70684849e-03
 5.08811800e+03  8.71795872e-03
 5.08901800e+03  8.67517879e-03
 5.08991800e+03  8.72934718e-03
 5.09081900e+03  8.82334588e-03
 5.09171900e+03  8.83649260e-03
 5.09261900e+03  8.86137294e-03
 5.09351900e+03  9.04024640e-03
 5.09441900e+03  9.23942828e-03
 5.09532000e+03  9.21948070e-03
 5.09622000e+03  8.99885132e-03
 5.09712000e+03  8.74508685e-03
 5.09802100e+03  8.48609464e-03
 5.09892100e+03  8.14300274e-03
 5.09982100e+03  7.74308466e-03
 5.10072100e+03  7.67023745e-03
 5.10162200e+03  8.11813599e-03
 5.10252200e+03  8.65079737e-03
 5.10342200e+03  8.87009315e-03
 5.10432200e+03  8.78549034e-03
 5.10522200e+03  8.61608810e-03
 5.10612300e+03  8.53259297e-03
 5.10702300e+03  8.50079985e-03
 5.10792300e+03  8.34074225e-03
 5.10882300e+03  8.13532014e-03
 5.10972300e+03  8.12800362e-03
 5.11062400e+03  8.14604440e-03
 5.11152400e+03  8.11320323e-03
 5.11242400e+03  8.30839058e-03
 5.11332400e+03  8.61258935e-03
 5.11422500e+03  8.74626774e-03
 5.11512500e+03  8.82393266e-03
 5.11602500e+03  8.90396460e-03
 5.11692600e+03  8.93257172e-03
 5.11782600e+03  9.04315941e-03
 5.11872600e+03  9.22188433e-03
 5.11962600e+03  9.26457535e-03
 5.12052700e+03  9.14224986e-03
 5.12142700e+03  8.92168637e-03
 5.12232700e+03  8.68552233e-03
 5.12322700e+03  8.47438821e-03
 5.12412800e+03  8.16901482e-03
 5.12502800e+03  7.85722026e-03
 5.12592800e+03  7.81294565e-03
 5.12682800e+03  7.97123034e-03
 5.12772800e+03  8.09717696e-03
 5.12862900e+03  8.11000571e-03
 5.12952900e+03  8.06843073e-03
 5.13042900e+03  8.02482345e-03
 5.13132900e+03  8.11139475e-03
 5.13222900e+03  8.36173893e-03
 5.13313000e+03  8.56577932e-03
 5.13403000e+03  8.58736174e-03
 5.13493000e+03  8.55245583e-03
 5.13583100e+03  8.71870031e-03
 5.13673100e+03  8.90056626e-03
 5.13763100e+03  8.73054795e-03
 5.13853100e+03  8.38326591e-03
 5.13943100e+03  8.08787521e-03
 5.14033200e+03  7.87130103e-03
 5.14123200e+03  8.04333596e-03
 5.14213200e+03  8.39947417e-03
 5.14303300e+03  8.25326723e-03
 5.14393300e+03  7.91512901e-03
 5.14483300e+03  8.07336141e-03
 5.14573300e+03  8.39554867e-03
 5.14663400e+03  8.34829515e-03
 5.14753400e+03  8.11298671e-03
 5.14843400e+03  7.98538328e-03
 5.14933400e+03  8.05635090e-03
 5.15023400e+03  8.27185819e-03
 5.15113500e+03  8.36489565e-03
 5.15203500e+03  8.22511510e-03
 5.15293500e+03  8.07968531e-03
 5.15383500e+03  8.03955794e-03
 5.15473500e+03  8.02232359e-03
 5.15563600e+03  8.09042631e-03
 5.15653600e+03  8.32860802e-03
 5.15743600e+03  8.63013958e-03
 5.15833700e+03  8.89929228e-03
 5.15923700e+03  9.02421386e-03
 5.16013700e+03  8.96540558e-03
 5.16103700e+03  8.94531679e-03
 5.16193800e+03  8.99019074e-03
 5.16283800e+03  8.80915528e-03
 5.16373800e+03  8.50585499e-03
 5.16463800e+03  8.39588652e-03
 5.16553900e+03  8.23070892e-03
 5.16643900e+03  7.67045501e-03
 5.16733900e+03  6.80603161e-03
 5.16823900e+03  5.96663709e-03
 5.16914000e+03  5.68471945e-03
 5.17004000e+03  6.21097534e-03
 5.17094000e+03  7.07148474e-03
 5.17184000e+03  7.33610319e-03
 5.17274000e+03  6.56013070e-03
 5.17364100e+03  5.58842277e-03
 5.17454100e+03  5.66762003e-03
 5.17544100e+03  6.82473659e-03
 5.17634100e+03  7.94899942e-03
 5.17724100e+03  8.39367430e-03
 5.17814200e+03  8.47249502e-03
 5.17904200e+03  8.55432392e-03
 5.17994200e+03  8.59800443e-03
 5.18084200e+03  8.49738582e-03
 5.18174300e+03  8.26347583e-03
 5.18264300e+03  7.77545411e-03
 5.18354300e+03  6.80914231e-03
 5.18444400e+03  5.68388686e-03
 5.18534400e+03  5.45325597e-03
 5.18624400e+03  6.47852040e-03
 5.18714400e+03  7.78023521e-03
 5.18804500e+03  8.50809649e-03
 5.18894500e+03  8.61683073e-03
 5.18984500e+03  8.56038319e-03
 5.19074500e+03  8.76571953e-03
 5.19164600e+03  8.82412198e-03
 5.19254600e+03  8.20732953e-03
 5.19344600e+03  7.53490644e-03
 5.19434600e+03  7.62737593e-03
 5.19524600e+03  8.09810055e-03
 5.19614700e+03  8.22222615e-03
 5.19704700e+03  8.18676065e-03
 5.19794700e+03  8.36913808e-03
 5.19884700e+03  8.62318810e-03
 5.19974700e+03  8.81294481e-03
 5.20064800e+03  8.98263051e-03
 5.20154800e+03  9.05590866e-03
 5.20244800e+03  8.95938814e-03
 5.20334800e+03  8.80217347e-03
 5.20424900e+03  8.67338392e-03
 5.20514900e+03  8.34589989e-03
 5.20604900e+03  7.75482247e-03
 5.20694900e+03  7.38182960e-03
 5.20785000e+03  7.44470773e-03
 5.20875000e+03  7.47823715e-03
 5.20965000e+03  7.28888105e-03
 5.21055100e+03  7.40699445e-03
 5.21145100e+03  7.89572220e-03
 5.21235100e+03  8.44054604e-03
 5.21325100e+03  8.92792345e-03
 5.21415200e+03  9.23592744e-03
 5.21505200e+03  9.23178438e-03
 5.21595200e+03  8.87718897e-03
 5.21685200e+03  8.44795042e-03
 5.21775200e+03  8.31850714e-03
 5.21865300e+03  8.53553213e-03
 5.21955300e+03  8.91872838e-03
 5.22045300e+03  9.23335751e-03
 5.22135300e+03  9.36398064e-03
 5.22225300e+03  9.40965266e-03
 5.22315400e+03  9.37167684e-03
 5.22405400e+03  9.15838908e-03
 5.22495400e+03  8.77444496e-03
 5.22585400e+03  8.30135856e-03
 5.22675500e+03  7.76827357e-03
 5.22765500e+03  7.23494486e-03
 5.22855500e+03  7.20050859e-03
 5.22945600e+03  7.95369894e-03
 5.23035600e+03  8.76872459e-03
 5.23125600e+03  9.10668080e-03
 5.23215600e+03  9.21167363e-03
 5.23305600e+03  9.04923855e-03
 5.23395700e+03  8.56161638e-03
 5.23485700e+03  8.29045857e-03
 5.23575700e+03  8.44453640e-03
 5.23665800e+03  8.76192373e-03
 5.23755800e+03  9.14845661e-03
 5.23845800e+03  9.45494813e-03
 5.23935800e+03  9.53716614e-03
 5.24025800e+03  9.46503855e-03
 5.24115900e+03  9.40403479e-03
 5.24205900e+03  9.44184952e-03
 5.24295900e+03  9.44957501e-03
 5.24385900e+03  9.35563384e-03
 5.24475900e+03  9.39378225e-03
 5.24566000e+03  9.63017117e-03
 5.24656000e+03  9.65285604e-03
 5.24746000e+03  9.18079468e-03
 5.24836000e+03  8.66054889e-03
 5.24926100e+03  8.64575373e-03
 5.25016100e+03  8.84200483e-03
 5.25106100e+03  8.70451390e-03
 5.25196200e+03  8.50665306e-03
 5.25286200e+03  8.68102468e-03
 5.25376200e+03  9.00577874e-03
 5.25466200e+03  9.09428822e-03
 5.25556200e+03  8.85869737e-03
 5.25646300e+03  8.65906362e-03
 5.25736300e+03  8.95692176e-03
 5.25826300e+03  9.51808671e-03
 5.25916400e+03  9.85494571e-03
 5.26006400e+03  9.90225780e-03
 5.26096400e+03  9.73174787e-03
 5.26186400e+03  9.37951948e-03
 5.26276400e+03  8.85682509e-03
 5.26366500e+03  8.27482559e-03
 5.26456500e+03  7.81483152e-03
 5.26546500e+03  7.50755029e-03
 5.26636500e+03  7.25690070e-03
 5.26726500e+03  7.19776503e-03
 5.26816600e+03  7.64282796e-03
 5.26906600e+03  8.05350169e-03
 5.26996600e+03  7.54359107e-03
 5.27086600e+03  6.66220214e-03
 5.27176700e+03  6.77537650e-03
 5.27266700e+03  7.83464731e-03
 5.27356700e+03  8.63056006e-03
 5.27446700e+03  8.77408829e-03
 5.27536800e+03  8.67176163e-03
 5.27626800e+03  8.47765371e-03
 5.27716800e+03  8.48994693e-03
 5.27806900e+03  9.02802431e-03
 5.27896900e+03  9.65200776e-03
 5.27986900e+03  9.85255568e-03
 5.28076900e+03  9.64845880e-03
 5.28167000e+03  9.27994684e-03
 5.28257000e+03  8.95936200e-03
 5.28347000e+03  8.73911125e-03
 5.28437000e+03  8.54790066e-03
 5.28527000e+03  8.54145229e-03
 5.28617100e+03  9.03180337e-03
 5.28707100e+03  9.74599704e-03
 5.28797100e+03  1.01108073e-02
 5.28887100e+03  1.00332167e-02
 5.28977100e+03  9.86346090e-03
 5.29067200e+03  9.90555363e-03
 5.29157200e+03  1.00924318e-02
 5.29247200e+03  1.01693803e-02
 5.29337200e+03  1.00394987e-02
 5.29427300e+03  9.84403839e-03
 5.29517300e+03  9.77835290e-03
 5.29607300e+03  9.74759946e-03
 5.29697400e+03  9.46070093e-03
 5.29787400e+03  8.84443565e-03
 5.29877400e+03  8.24556370e-03
 5.29967400e+03  8.21590644e-03
 5.30057400e+03  8.77108951e-03
 5.30147500e+03  9.20364795e-03
 5.30237500e+03  9.18946781e-03
 5.30327500e+03  9.13707861e-03
 5.30417600e+03  9.38496581e-03
 5.30507600e+03  9.82741070e-03
 5.30597600e+03  1.01505927e-02
 5.30687600e+03  1.01858866e-02
 5.30777600e+03  9.97861840e-03
 5.30867700e+03  9.78970474e-03
 5.30957700e+03  9.85946950e-03
 5.31047700e+03  1.00918461e-02
 5.31137700e+03  1.02236292e-02
 5.31227700e+03  1.01948913e-02
 5.31317800e+03  1.00894603e-02
 5.31407800e+03  9.95096521e-03
 5.31497800e+03  9.86733620e-03
 5.31587800e+03  9.84552889e-03
 5.31677900e+03  9.71773405e-03
 5.31767900e+03  9.50222571e-03
 5.31857900e+03  9.46750388e-03
 5.31948000e+03  9.62319040e-03
 5.32038000e+03  9.71568919e-03
 5.32128000e+03  9.71704476e-03
 5.32218000e+03  9.70598473e-03
 5.32308100e+03  9.66301758e-03
 5.32398100e+03  9.46619329e-03
 5.32488100e+03  9.05404162e-03
 5.32578100e+03  8.81064264e-03
 5.32668200e+03  8.99267386e-03
 5.32758200e+03  8.98658530e-03
 5.32848200e+03  8.19533337e-03
 5.32938200e+03  7.20760755e-03
 5.33028200e+03  7.24409077e-03
 5.33118300e+03  8.27063441e-03
 5.33208300e+03  9.19935949e-03
 5.33298300e+03  9.47919776e-03
 5.33388300e+03  9.37857602e-03
 5.33478300e+03  9.43776608e-03
 5.33568400e+03  9.75240880e-03
 5.33658400e+03  9.95085120e-03
 5.33748400e+03  9.88010009e-03
 5.33838400e+03  9.75731228e-03
 5.33928500e+03  9.70166072e-03
 5.34018500e+03  9.45255601e-03
 5.34108500e+03  8.88757957e-03
 5.34198500e+03  8.52948855e-03
 5.34288600e+03  8.84030095e-03
 5.34378600e+03  9.41242656e-03
 5.34468600e+03  9.70808294e-03
 5.34558700e+03  9.70500780e-03
 5.34648700e+03  9.50499647e-03
 5.34738700e+03  9.36439798e-03
 5.34828700e+03  9.43081879e-03
 5.34918800e+03  9.36841657e-03
 5.35008800e+03  9.11876273e-03
 5.35098800e+03  9.10652705e-03
 5.35188800e+03  9.48058053e-03
 5.35278800e+03  9.88573575e-03
 5.35368900e+03  1.00053376e-02
 5.35458900e+03  9.98682608e-03
 5.35548900e+03  1.01296556e-02
 5.35638900e+03  1.03649975e-02
 5.35728900e+03  1.04684266e-02
 5.35819000e+03  1.04715854e-02
 5.35909000e+03  1.04634478e-02
 5.35999000e+03  1.04475732e-02
 5.36089000e+03  1.04018196e-02
 5.36179100e+03  1.02570268e-02
 5.36269100e+03  9.99838085e-03
 5.36359100e+03  9.79655372e-03
 5.36449200e+03  9.74592696e-03
 5.36539200e+03  9.66154277e-03
 5.36629200e+03  9.49144914e-03
 5.36719200e+03  9.46075846e-03
 5.36809200e+03  9.52154153e-03
 5.36899300e+03  9.52489593e-03
 5.36989300e+03  9.40562570e-03
 5.37079300e+03  8.97748751e-03
 5.37169400e+03  8.37407817e-03
 5.37259400e+03  8.12638028e-03
 5.37349400e+03  8.60402290e-03
 5.37439400e+03  9.43548797e-03
 5.37529400e+03  9.98964705e-03
 5.37619500e+03  1.02004475e-02
 5.37709500e+03  1.01688699e-02
 5.37799500e+03  9.99623558e-03
 5.37889500e+03  9.94049615e-03
 5.37979500e+03  1.00470213e-02
 5.38069600e+03  1.00685588e-02
 5.38159600e+03  9.93362940e-03
 5.38249600e+03  9.81087506e-03
 5.38339600e+03  9.70904627e-03
 5.38429700e+03  9.56530780e-03
 5.38519700e+03  9.59966249e-03
 5.38609700e+03  9.86740837e-03
 5.38699800e+03  1.00430289e-02
 5.38789800e+03  1.00114010e-02
 5.38879800e+03  9.91105226e-03
 5.38969800e+03  9.76244064e-03
 5.39059900e+03  9.52822314e-03
 5.39149900e+03  9.32700058e-03
 5.39239900e+03  9.25341701e-03
 5.39329900e+03  9.25809979e-03
 5.39420000e+03  9.26118852e-03
 5.39510000e+03  9.27117434e-03
 5.39600000e+03  9.31760678e-03
 5.39690000e+03  9.18481850e-03
 5.39780000e+03  8.72193757e-03
 5.39870100e+03  8.47563709e-03
 5.39960100e+03  8.88933993e-03
 5.40050100e+03  9.39080229e-03
 5.40140100e+03  9.47573771e-03
 5.40230100e+03  9.46105970e-03
 5.40320200e+03  9.61483943e-03
 5.40410200e+03  9.57751106e-03
 5.40500200e+03  9.05011297e-03
 5.40590200e+03  8.35270180e-03
 5.40680300e+03  8.00186140e-03
 5.40770300e+03  8.23848357e-03
 5.40860300e+03  8.81798740e-03
 5.40950300e+03  9.14564296e-03
 5.41040400e+03  8.95993414e-03
 5.41130400e+03  8.70576069e-03
 5.41220400e+03  8.91709250e-03
 5.41310500e+03  9.44828325e-03
 5.41400500e+03  9.80992637e-03
 5.41490500e+03  9.82313480e-03
 5.41580500e+03  9.67049308e-03
 5.41670600e+03  9.66594941e-03
 5.41760600e+03  9.92318754e-03
 5.41850600e+03  1.01575619e-02
 5.41940600e+03  1.01463084e-02
 5.42030600e+03  9.94997782e-03
 5.42120700e+03  9.70796684e-03
 5.42210700e+03  9.61648264e-03
 5.42300700e+03  9.77664379e-03
 5.42390700e+03  9.85097836e-03
 5.42480700e+03  9.53453658e-03
 5.42570800e+03  9.25577984e-03
 5.42660800e+03  9.50249243e-03
 5.42750800e+03  1.00160932e-02
 5.42840800e+03  1.03005379e-02
 5.42930900e+03  9.99871242e-03
 5.43020900e+03  9.16680595e-03
 5.43110900e+03  8.65961171e-03
 5.43201000e+03  9.03316940e-03
 5.43291000e+03  9.52338242e-03
 5.43381000e+03  9.44822990e-03
 5.43471000e+03  9.09742820e-03
 5.43561000e+03  8.84438753e-03
 5.43651100e+03  8.84073503e-03
 5.43741100e+03  9.06535372e-03
 5.43831100e+03  9.42156096e-03
 5.43921200e+03  9.85581281e-03
 5.44011200e+03  1.02120954e-02
 5.44101200e+03  1.03908255e-02
 5.44191200e+03  1.04179463e-02
 5.44281200e+03  1.03831220e-02
 5.44371300e+03  1.03802498e-02
 5.44461300e+03  1.03346572e-02
 5.44551300e+03  1.00650182e-02
 5.44641300e+03  9.51402732e-03
 5.44731300e+03  8.82803702e-03
 5.44821400e+03  8.48231034e-03
 5.44911400e+03  8.87138805e-03
 5.45001400e+03  9.57593479e-03
 5.45091400e+03  1.00016997e-02
 5.45181500e+03  1.00865807e-02
 5.45271500e+03  1.00116133e-02
 5.45361500e+03  9.90621991e-03
 5.45451600e+03  9.73350509e-03
 5.45541600e+03  9.33895699e-03
 5.45631600e+03  8.78107428e-03
 5.45721600e+03  8.62005753e-03
 5.45811700e+03  9.15151501e-03
 5.45901700e+03  9.83394484e-03
 5.45991700e+03  1.01638754e-02
 5.46081700e+03  1.01195516e-02
 5.46171800e+03  9.91249883e-03
 5.46261800e+03  9.68504244e-03
 5.46351800e+03  9.37076999e-03
 5.46441800e+03  9.11420128e-03
 5.46531800e+03  9.26726976e-03
 5.46621900e+03  9.64746828e-03
 5.46711900e+03  9.78616102e-03
 5.46801900e+03  9.75246215e-03
 5.46891900e+03  9.83191671e-03
 5.46981900e+03  9.91230951e-03
 5.47072000e+03  9.79582363e-03
 5.47162000e+03  9.62008494e-03
 5.47252000e+03  9.62814409e-03
 5.47342000e+03  9.66461686e-03
 5.47432100e+03  9.49787659e-03
 5.47522100e+03  9.36865819e-03
 5.47612100e+03  9.35159956e-03
 5.47702100e+03  9.02044943e-03
 5.47792200e+03  8.52027361e-03
 5.47882200e+03  8.62019560e-03
 5.47972200e+03  9.29079558e-03
 5.48062300e+03  9.73080546e-03
 5.48152300e+03  9.53304818e-03
 5.48242300e+03  9.09363345e-03
 5.48332300e+03  9.01214030e-03
 5.48422400e+03  9.30445587e-03
 5.48512400e+03  9.69587968e-03
 5.48602400e+03  1.00427099e-02
 5.48692400e+03  1.01325038e-02
 5.48782400e+03  9.83204328e-03
 5.48872500e+03  9.43609986e-03
 5.48962500e+03  9.38340628e-03
 5.49052500e+03  9.57309396e-03
 5.49142500e+03  9.69352312e-03
 5.49232500e+03  9.81049119e-03
 5.49322600e+03  9.90658704e-03
 5.49412600e+03  9.79314387e-03
 5.49502600e+03  9.62935950e-03
 5.49592600e+03  9.69682314e-03
 5.49682700e+03  9.83277441e-03
 5.49772700e+03  9.70514587e-03
 5.49862700e+03  9.48392866e-03
 5.49952800e+03  9.62793490e-03
 5.50042800e+03  1.00000000e-02
 5.50132800e+03  1.00507397e-02
 5.50222800e+03  9.71717969e-03
 5.50312900e+03  9.42931364e-03
 5.50402900e+03  9.42281298e-03
 5.50492900e+03  9.55659596e-03
 5.50582900e+03  9.62786900e-03
 5.50673000e+03  9.46348529e-03
 5.50763000e+03  9.21577172e-03
 5.50853000e+03  9.31464879e-03
 5.50943000e+03  9.67459640e-03
 5.51033000e+03  9.83859729e-03
 5.51123100e+03  9.75788861e-03
 5.51213100e+03  9.57507083e-03
 5.51303100e+03  9.28521954e-03
 5.51393100e+03  9.04718218e-03
 5.51483100e+03  9.05876833e-03
 5.51573200e+03  9.22769048e-03
 5.51663200e+03  9.42058298e-03
 5.51753200e+03  9.57182834e-03
 5.51843200e+03  9.74325139e-03
 5.51933300e+03  1.00133915e-02
 5.52023300e+03  1.02005416e-02
 5.52113300e+03  1.01784760e-02
 5.52203300e+03  1.00851279e-02
 5.52293400e+03  1.00464356e-02
 5.52383400e+03  1.00512365e-02
 5.52473400e+03  1.00663298e-02
 5.52563500e+03  1.00367698e-02
 5.52653500e+03  9.92008416e-03
 5.52743500e+03  9.72445332e-03
 5.52833500e+03  9.39642330e-03
 5.52923600e+03  9.03575084e-03
 5.53013600e+03  9.05139846e-03
 5.53103600e+03  9.51412564e-03
 5.53193600e+03  9.92521043e-03
 5.53283600e+03  1.00009591e-02
 5.53373700e+03  9.91236495e-03
 5.53463700e+03  9.84642424e-03
 5.53553700e+03  9.74476804e-03
 5.53643700e+03  9.62219255e-03
 5.53733700e+03  9.67757321e-03
 5.53823800e+03  9.81416357e-03
 5.53913800e+03  9.83941418e-03
 5.54003800e+03  9.88236565e-03
 5.54093900e+03  1.00583366e-02
 5.54183900e+03  1.02426239e-02
 5.54273900e+03  1.02711568e-02
 5.54363900e+03  1.00922948e-02
 5.54453900e+03  9.87779479e-03
 5.54544000e+03  9.85308912e-03
 5.54634000e+03  9.92526587e-03
 5.54724000e+03  9.90383616e-03
 5.54814100e+03  9.92479100e-03
 5.54904100e+03  1.01358488e-02
 5.54994100e+03  1.03492788e-02
 5.55084100e+03  1.04075201e-02
 5.55174200e+03  1.03976159e-02
 5.55264200e+03  1.03671669e-02
 5.55354200e+03  1.02605549e-02
 5.55444200e+03  1.00604703e-02
 5.55534200e+03  9.88511654e-03
 5.55624300e+03  9.87429499e-03
 5.55714300e+03  9.99606404e-03
 5.55804300e+03  1.00535011e-02
 5.55894300e+03  1.00052466e-02
 5.55984300e+03  1.00071293e-02
 5.56074400e+03  1.00604891e-02
 5.56164400e+03  1.00507878e-02
 5.56254400e+03  9.96212773e-03
 5.56344400e+03  9.80922871e-03
 5.56434500e+03  9.69608050e-03
 5.56524500e+03  9.73259406e-03
 5.56614500e+03  9.75196113e-03
 5.56704600e+03  9.63141482e-03
 5.56794600e+03  9.57116834e-03
 5.56884600e+03  9.65191676e-03
 5.56974700e+03  9.67762028e-03
 5.57064700e+03  9.59664070e-03
 5.57154700e+03  9.69066032e-03
 5.57244700e+03  9.88450465e-03
 5.57334700e+03  9.72258105e-03
 5.57424800e+03  9.44527401e-03
 5.57514800e+03  9.61311463e-03
 5.57604800e+03  9.94458064e-03
 5.57694800e+03  9.96498322e-03
 5.57784800e+03  9.90931805e-03
 5.57874900e+03  9.99428485e-03
 5.57964900e+03  1.00211107e-02
 5.58054900e+03  1.00198440e-02
 5.58144900e+03  1.00975090e-02
 5.58234900e+03  1.00634220e-02
 5.58325000e+03  9.92012182e-03
 5.58415000e+03  9.90112816e-03
 5.58505000e+03  9.93745135e-03
 5.58595000e+03  9.82594112e-03
 5.58685100e+03  9.51451265e-03
 5.58775100e+03  9.05455100e-03
 5.58865100e+03  8.69211713e-03
 5.58955200e+03  8.62081272e-03
 5.59045200e+03  8.76909067e-03
 5.59135200e+03  9.05957686e-03
 5.59225200e+03  9.37131180e-03
 5.59315300e+03  9.51478669e-03
 5.59405300e+03  9.48419538e-03
 5.59495300e+03  9.37109738e-03
 5.59585300e+03  9.36905043e-03
 5.59675400e+03  9.71984899e-03
 5.59765400e+03  1.01042042e-02
 5.59855400e+03  1.00003065e-02
 5.59945400e+03  9.57331675e-03
 5.60035400e+03  9.36915502e-03
 5.60125500e+03  9.39216100e-03
 5.60215500e+03  9.29844994e-03
 5.60305500e+03  9.10777906e-03
 5.60395500e+03  9.04821978e-03
 5.60485500e+03  9.30899535e-03
 5.60575600e+03  9.81521685e-03
 5.60665600e+03  1.02252002e-02
 5.60755600e+03  1.04010885e-02
 5.60845700e+03  1.04155416e-02
 5.60935700e+03  1.03663667e-02
 5.61025700e+03  1.03225837e-02
 5.61115700e+03  1.03049801e-02
 5.61205800e+03  1.03418744e-02
 5.61295800e+03  1.04348491e-02
 5.61385800e+03  1.04901095e-02
 5.61475800e+03  1.02800454e-02
 5.61565900e+03  9.61579439e-03
 5.61655900e+03  8.88416241e-03
 5.61745900e+03  8.82231456e-03
 5.61835900e+03  9.36448479e-03
 5.61926000e+03  9.77268482e-03
 5.62016000e+03  9.79291899e-03
 5.62106000e+03  9.71991802e-03
 5.62196000e+03  9.81632453e-03
 5.62286000e+03  1.00380752e-02
 5.62376100e+03  1.01097624e-02
 5.62466100e+03  9.79697524e-03
 5.62556100e+03  9.28494969e-03
 5.62646100e+03  9.11009378e-03
 5.62736100e+03  9.40509644e-03
 5.62826200e+03  9.73858430e-03
 5.62916200e+03  9.88775028e-03
 5.63006200e+03  1.00347741e-02
 5.63096200e+03  1.02287241e-02
 5.63186300e+03  1.03363350e-02
 5.63276300e+03  1.03379478e-02
 5.63366300e+03  1.02786490e-02
 5.63456400e+03  1.01670342e-02
 5.63546400e+03  1.00335399e-02
 5.63636400e+03  9.92204325e-03
 5.63726500e+03  9.79828060e-03
 5.63816500e+03  9.65437373e-03
 5.63906500e+03  9.61201637e-03
 5.63996500e+03  9.74746767e-03
 5.64086500e+03  9.88618656e-03
 5.64176600e+03  9.80248119e-03
 5.64266600e+03  9.62525304e-03
 5.64356600e+03  9.63630575e-03
 5.64446600e+03  9.76704602e-03
 5.64536600e+03  9.83732435e-03
 5.64626700e+03  9.89119673e-03
 5.64716700e+03  9.96330131e-03
 5.64806700e+03  1.00415614e-02
 5.64896700e+03  1.00877919e-02
 5.64986800e+03  1.00279513e-02
 5.65076800e+03  9.91582604e-03
 5.65166800e+03  9.91494639e-03
 5.65256800e+03  1.00735198e-02
 5.65346800e+03  1.02444836e-02
 5.65436900e+03  1.02402600e-02
 5.65526900e+03  1.00028994e-02
 5.65616900e+03  9.76406189e-03
 5.65707000e+03  9.81475349e-03
 5.65797000e+03  9.88193890e-03
 5.65887000e+03  9.47746355e-03
 5.65977000e+03  8.95805454e-03
 5.66067100e+03  9.05776211e-03
 5.66157100e+03  9.56611319e-03
 5.66247100e+03  9.74200146e-03
 5.66337100e+03  9.54617293e-03
 5.66427200e+03  9.48013808e-03
 5.66517200e+03  9.73197171e-03
 5.66607200e+03  1.00373890e-02
 5.66697200e+03  1.01429027e-02
 5.66787200e+03  1.00069379e-02
 5.66877300e+03  9.81146812e-03
 5.66967300e+03  9.76861183e-03
 5.67057300e+03  9.85004118e-03
 5.67147300e+03  9.91615238e-03
 5.67237300e+03  9.97434773e-03
 5.67327400e+03  1.01467331e-02
 5.67417400e+03  1.03923014e-02
 5.67507400e+03  1.04947954e-02
 5.67597500e+03  1.03816420e-02
 5.67687500e+03  1.02747110e-02
 5.67777500e+03  1.03610114e-02
 5.67867600e+03  1.04542894e-02
 5.67957600e+03  1.03623606e-02
 5.68047600e+03  1.02237830e-02
 5.68137600e+03  1.02056072e-02
 5.68227600e+03  1.01723456e-02
 5.68317700e+03  9.93219329e-03
 5.68407700e+03  9.69867135e-03
 5.68497700e+03  9.76119072e-03
 5.68587700e+03  9.97865083e-03
 5.68677800e+03  1.00502031e-02
 5.68767800e+03  9.88284157e-03
 5.68857800e+03  9.67311531e-03
 5.68947800e+03  9.62980508e-03
 5.69037800e+03  9.79344720e-03
 5.69127900e+03  1.00441376e-02
 5.69217900e+03  1.02152343e-02
 5.69307900e+03  1.03419183e-02
 5.69397900e+03  1.04382108e-02
 5.69488000e+03  1.04030351e-02
 5.69578000e+03  1.02980987e-02
 5.69668000e+03  1.02788540e-02
 5.69758000e+03  1.03392752e-02
 5.69848100e+03  1.02793644e-02
 5.69938100e+03  1.00423354e-02
 5.70028100e+03  9.89482831e-03
 5.70118100e+03  9.87450105e-03
 5.70208200e+03  9.74457244e-03
 5.70298200e+03  9.58276285e-03
 5.70388200e+03  9.63506733e-03
 5.70478300e+03  9.87486714e-03
 5.70568300e+03  1.00406336e-02
 5.70658300e+03  9.93744194e-03
 5.70748300e+03  9.67052551e-03
 5.70838300e+03  9.47092209e-03
 5.70928400e+03  9.30290784e-03
 5.71018400e+03  9.12796722e-03
 5.71108400e+03  9.14004706e-03
 5.71198400e+03  9.26207759e-03
 5.71288400e+03  9.28387548e-03
 5.71378500e+03  9.45325995e-03
 5.71468500e+03  9.85700730e-03
 5.71558500e+03  1.01287571e-02
 5.71648500e+03  1.01976862e-02
 5.71738600e+03  1.02564882e-02
 5.71828600e+03  1.02851790e-02
 5.71918600e+03  1.02622964e-02
 5.72008600e+03  1.03195232e-02
 5.72098700e+03  1.04238769e-02
 5.72188700e+03  1.04814175e-02
 5.72278700e+03  1.05632642e-02
 5.72368800e+03  1.06681535e-02
 5.72458800e+03  1.06984132e-02
 5.72548800e+03  1.06612396e-02
 5.72638800e+03  1.06016720e-02
 5.72728900e+03  1.04412305e-02
 5.72818900e+03  1.01931195e-02
 5.72908900e+03  1.01400452e-02
 5.72998900e+03  1.03712691e-02
 5.73088900e+03  1.05433281e-02
 5.73179000e+03  1.03963775e-02
 5.73269000e+03  1.01236852e-02
 5.73359000e+03  1.01139128e-02
 5.73449000e+03  1.03636440e-02
 5.73539000e+03  1.05670297e-02
 5.73629100e+03  1.06191082e-02
 5.73719100e+03  1.05668519e-02
 5.73809100e+03  1.04731544e-02
 5.73899100e+03  1.04220047e-02
 5.73989100e+03  1.04203207e-02
 5.74079200e+03  1.04311568e-02
 5.74169200e+03  1.04517529e-02
 5.74259200e+03  1.04450713e-02
 5.74349300e+03  1.03732355e-02
 5.74439300e+03  1.03128698e-02
 5.74529300e+03  1.04043289e-02
 5.74619400e+03  1.06117551e-02
 5.74709400e+03  1.07248133e-02
 5.74799400e+03  1.05780855e-02
 5.74889400e+03  1.02460170e-02
 5.74979500e+03  1.00887448e-02
 5.75069500e+03  1.02897007e-02
 5.75159500e+03  1.05696446e-02
 5.75249500e+03  1.05900304e-02
 5.75339500e+03  1.02980747e-02
 5.75429600e+03  9.89428232e-03
 5.75519600e+03  9.66359286e-03
 5.75609600e+03  9.81277871e-03
 5.75699600e+03  1.02308600e-02
 5.75789600e+03  1.05724059e-02
 5.75879700e+03  1.07052643e-02
 5.75969700e+03  1.06813117e-02
 5.76059700e+03  1.05162586e-02
 5.76149700e+03  1.02648810e-02
 5.76239800e+03  1.00072443e-02
 5.76329800e+03  9.78412243e-03
 5.76419800e+03  9.73438684e-03
 5.76509900e+03  1.00367489e-02
 5.76599900e+03  1.04809782e-02
 5.76689900e+03  1.07071261e-02
 5.76779900e+03  1.07387351e-02
 5.76869900e+03  1.07428458e-02
 5.76960000e+03  1.07277002e-02
 5.77050000e+03  1.06779332e-02
 5.77140000e+03  1.06281453e-02
 5.77230100e+03  1.05556077e-02
 5.77320100e+03  1.04437084e-02
 5.77410100e+03  1.03901519e-02
 5.77500100e+03  1.03821200e-02
 5.77590100e+03  1.03379520e-02
 5.77680200e+03  1.03626023e-02
 5.77770200e+03  1.04904546e-02
 5.77860200e+03  1.05918922e-02
 5.77950200e+03  1.05915157e-02
 5.78040200e+03  1.04521954e-02
 5.78130300e+03  1.00927990e-02
 5.78220300e+03  9.62769537e-03
 5.78310300e+03  9.40877614e-03
 5.78400300e+03  9.52739056e-03
 5.78490400e+03  9.66424763e-03
 5.78580400e+03  9.56174734e-03
 5.78670400e+03  9.43469095e-03
 5.78760500e+03  9.63398371e-03
 5.78850500e+03  1.00177918e-02
 5.78940500e+03  1.02692322e-02
 5.79030500e+03  1.03813104e-02
 5.79120600e+03  1.03142913e-02
 5.79210600e+03  1.01020631e-02
 5.79300600e+03  1.00693024e-02
 5.79390600e+03  1.02652941e-02
 5.79480700e+03  1.04554902e-02
 5.79570700e+03  1.06048831e-02
 5.79660700e+03  1.07096678e-02
 5.79750700e+03  1.06248087e-02
 5.79840700e+03  1.03358340e-02
 5.79930800e+03  1.01356887e-02
 5.80020800e+03  1.03038295e-02
 5.80110800e+03  1.06635512e-02
 5.80200800e+03  1.08805992e-02
 5.80290800e+03  1.09405330e-02
 5.80380900e+03  1.09045100e-02
 5.80470900e+03  1.06959657e-02
 5.80560900e+03  1.04065035e-02
 5.80651000e+03  1.02776627e-02
 5.80741000e+03  1.03219592e-02
 5.80831000e+03  1.04145930e-02
 5.80921000e+03  1.04883104e-02
 5.81011000e+03  1.05203378e-02
 5.81101100e+03  1.05629922e-02
 5.81191100e+03  1.06502884e-02
 5.81281100e+03  1.07107556e-02
 5.81371200e+03  1.07086323e-02
 5.81461200e+03  1.06733101e-02
 5.81551200e+03  1.05737971e-02
 5.81641200e+03  1.03740734e-02
 5.81731300e+03  1.01830322e-02
 5.81821300e+03  1.02134373e-02
 5.81911300e+03  1.04985713e-02
 5.82001300e+03  1.07817975e-02
 5.82091300e+03  1.08911739e-02
 5.82181400e+03  1.08965293e-02
 5.82271400e+03  1.08575880e-02
 5.82361400e+03  1.07804168e-02
 5.82451400e+03  1.07124082e-02
 5.82541400e+03  1.07158808e-02
 5.82631500e+03  1.07782726e-02
 5.82721500e+03  1.08085532e-02
 5.82811500e+03  1.07818393e-02
 5.82901600e+03  1.07582947e-02
 5.82991600e+03  1.07946837e-02
 5.83081600e+03  1.08583097e-02
 5.83171600e+03  1.08544187e-02
 5.83261700e+03  1.07964096e-02
 5.83351700e+03  1.07725093e-02
 5.83441700e+03  1.07504604e-02
 5.83531800e+03  1.06481128e-02
 5.83621800e+03  1.05563608e-02
 5.83711800e+03  1.06231038e-02
 5.83801800e+03  1.07293842e-02
 5.83891800e+03  1.06718666e-02
 5.83981900e+03  1.05661511e-02
 5.84071900e+03  1.06219219e-02
 5.84161900e+03  1.07924035e-02
 5.84251900e+03  1.09192058e-02
 5.84341900e+03  1.09595068e-02
 5.84432000e+03  1.09486287e-02
 5.84522000e+03  1.08940712e-02
 5.84612000e+03  1.08034489e-02
 5.84702000e+03  1.06855374e-02
 5.84792100e+03  1.05406191e-02
 5.84882100e+03  1.04405224e-02
 5.84972100e+03  1.04532560e-02
 5.85062100e+03  1.05384853e-02
 5.85152100e+03  1.06017138e-02
 5.85242200e+03  1.05595824e-02
 5.85332200e+03  1.03805531e-02
 5.85422200e+03  1.01578611e-02
 5.85512300e+03  1.01044165e-02
 5.85602300e+03  1.02449303e-02
 5.85692300e+03  1.03009552e-02
 5.85782400e+03  1.00601649e-02
 5.85872400e+03  9.70514587e-03
 5.85962400e+03  9.64123538e-03
 5.86052400e+03  9.90850743e-03
 5.86142400e+03  1.02178513e-02
 5.86232500e+03  1.03890547e-02
 5.86322500e+03  1.03450562e-02
 5.86412500e+03  1.02500157e-02
 5.86502500e+03  1.03245982e-02
 5.86592500e+03  1.04643265e-02
 5.86682600e+03  1.04400454e-02
 5.86772600e+03  1.02645661e-02
 5.86862600e+03  1.02068132e-02
 5.86952600e+03  1.03728977e-02
 5.87042600e+03  1.05834199e-02
 5.87132700e+03  1.07003169e-02
 5.87222700e+03  1.07121990e-02
 5.87312700e+03  1.06392535e-02
 5.87402800e+03  1.05287265e-02
 5.87492800e+03  1.04979333e-02
 5.87582800e+03  1.05962225e-02
 5.87672900e+03  1.06762911e-02
 5.87762900e+03  1.06158866e-02
 5.87852900e+03  1.04955799e-02
 5.87942900e+03  1.04045935e-02
 5.88032900e+03  1.02875052e-02
 5.88123000e+03  1.01303428e-02
 5.88213000e+03  1.00980780e-02
 5.88303000e+03  1.02342646e-02
 5.88393000e+03  1.03095803e-02
 5.88483100e+03  1.02030687e-02
 5.88573100e+03  1.01020014e-02
 5.88663100e+03  1.01539921e-02
 5.88753100e+03  1.02137051e-02
 5.88843100e+03  1.00443144e-02
 5.88933200e+03  9.40453057e-03
 5.89023200e+03  8.16500041e-03
 5.89113200e+03  6.94305814e-03
 5.89203200e+03  6.86495495e-03
 5.89293200e+03  7.87398915e-03
 5.89383300e+03  8.82965827e-03
 5.89473300e+03  9.22362586e-03
 5.89563300e+03  9.02787892e-03
 5.89653400e+03  8.18030809e-03
 5.89743400e+03  7.47107334e-03
 5.89833400e+03  7.88997148e-03
 5.89923400e+03  8.92970787e-03
 5.90013500e+03  9.56872810e-03
 5.90103500e+03  9.81283415e-03
 5.90193500e+03  1.00326194e-02
 5.90283600e+03  1.02059639e-02
 5.90373600e+03  1.02581628e-02
 5.90463600e+03  1.02869770e-02
 5.90553600e+03  1.03055648e-02
 5.90643600e+03  1.02355971e-02
 5.90733700e+03  1.01618012e-02
 5.90823700e+03  1.02185395e-02
 5.90913700e+03  1.03551498e-02
 5.91003700e+03  1.04265410e-02
 5.91093700e+03  1.04063895e-02
 5.91183800e+03  1.04277439e-02
 5.91273800e+03  1.05186643e-02
 5.91363800e+03  1.05081210e-02
 5.91453800e+03  1.02824333e-02
 5.91543900e+03  9.98883852e-03
 5.91633900e+03  9.87399062e-03
 5.91723900e+03  9.93479460e-03
 5.91813900e+03  1.00848591e-02
 5.91904000e+03  1.02555981e-02
 5.91994000e+03  1.03480247e-02
 5.92084000e+03  1.04215214e-02
 5.92174000e+03  1.04880803e-02
 5.92264100e+03  1.04411814e-02
 5.92354100e+03  1.03396507e-02
 5.92444100e+03  1.03358455e-02
 5.92534200e+03  1.04149570e-02
 5.92624200e+03  1.04906011e-02
 5.92714200e+03  1.05604192e-02
 5.92804200e+03  1.05739749e-02
 5.92894200e+03  1.04828296e-02
 5.92984300e+03  1.03260113e-02
 5.93074300e+03  1.01384846e-02
 5.93164300e+03  1.00630005e-02
 5.93254300e+03  1.02520449e-02
 5.93344300e+03  1.05120643e-02
 5.93434400e+03  1.05510683e-02
 5.93524400e+03  1.03434235e-02
 5.93614400e+03  1.01535015e-02
 5.93704400e+03  1.02366860e-02
 5.93794500e+03  1.04469478e-02
 5.93884500e+03  1.05496562e-02
 5.93974500e+03  1.06011386e-02
 5.94064500e+03  1.06324129e-02
 5.94154600e+03  1.05031840e-02
 5.94244600e+03  1.02732707e-02
 5.94334600e+03  1.01880769e-02
 5.94424700e+03  1.02772411e-02
 5.94514700e+03  1.04110032e-02
 5.94604700e+03  1.05436210e-02
 5.94694700e+03  1.06509369e-02
 5.94784800e+03  1.06657164e-02
 5.94874800e+03  1.05185911e-02
 5.94964800e+03  1.02449930e-02
 5.95054800e+03  1.00968061e-02
 5.95144800e+03  1.02538900e-02
 5.95234900e+03  1.04720666e-02
 5.95324900e+03  1.04096204e-02
 5.95414900e+03  1.01780879e-02
 5.95504900e+03  1.01759270e-02
 5.95594900e+03  1.03943065e-02
 5.95685000e+03  1.04652783e-02
 5.95775000e+03  1.03106398e-02
 5.95865000e+03  1.01794111e-02
 5.95955000e+03  1.02175794e-02
 5.96045100e+03  1.03643699e-02
 5.96135100e+03  1.05359750e-02
 5.96225100e+03  1.06658419e-02
 5.96315100e+03  1.07195103e-02
 5.96405200e+03  1.07086323e-02
 5.96495200e+03  1.06783830e-02
 5.96585200e+03  1.06174451e-02
 5.96675300e+03  1.04952765e-02
 5.96765300e+03  1.04455504e-02
 5.96855300e+03  1.05533798e-02
 5.96945300e+03  1.06709671e-02
 5.97035400e+03  1.07211943e-02
 5.97125400e+03  1.07646437e-02
 5.97215400e+03  1.08158018e-02
 5.97305400e+03  1.08325895e-02
 5.97395400e+03  1.08180401e-02
 5.97485500e+03  1.07861382e-02
 5.97575500e+03  1.06829643e-02
 5.97665500e+03  1.04832479e-02
 5.97755500e+03  1.02837449e-02
 5.97845500e+03  1.01939364e-02
 5.97935600e+03  1.02204945e-02
 5.98025600e+03  1.03386884e-02
 5.98115600e+03  1.05315819e-02
 5.98205600e+03  1.06810293e-02
 5.98295700e+03  1.06818974e-02
 5.98385700e+03  1.05157565e-02
 5.98475700e+03  1.01942815e-02
 5.98565800e+03  9.93460424e-03
 5.98655800e+03  1.00046514e-02
 5.98745800e+03  1.02637712e-02
 5.98835900e+03  1.04000813e-02
 5.98925900e+03  1.04430986e-02
 5.99015900e+03  1.05425227e-02
 5.99105900e+03  1.06383121e-02
 5.99195900e+03  1.05918399e-02
 5.99286000e+03  1.04623600e-02
 5.99376000e+03  1.04860302e-02
 5.99466000e+03  1.06834245e-02
 5.99556000e+03  1.08290855e-02
 5.99646000e+03  1.08060638e-02
 5.99736100e+03  1.06459686e-02
 5.99826100e+03  1.04175049e-02
 5.99916100e+03  1.02557121e-02
 6.00006100e+03  1.02727927e-02
 6.00096100e+03  1.04131746e-02
 6.00186200e+03  1.05551580e-02
 6.00276200e+03  1.05692366e-02
 6.00366200e+03  1.04085808e-02
 6.00456200e+03  1.02971929e-02
 6.00546300e+03  1.04049722e-02
 6.00636300e+03  1.05223461e-02
 6.00726300e+03  1.04646089e-02
 6.00816400e+03  1.02595968e-02
 6.00906400e+03  9.99129863e-03
 6.00996400e+03  9.92694882e-03
 6.01086400e+03  1.02424200e-02
 6.01176500e+03  1.06206562e-02
 6.01266500e+03  1.06945641e-02
 6.01356500e+03  1.04695981e-02
 6.01446500e+03  1.02124123e-02
 6.01536600e+03  1.01976244e-02
 6.01626600e+03  1.03549102e-02
 6.01716600e+03  1.03688289e-02
 6.01806600e+03  1.02492511e-02
 6.01896600e+03  1.02682103e-02
 6.01986700e+03  1.03677704e-02
 6.02076700e+03  1.02896369e-02
 6.02166700e+03  1.01203476e-02
 6.02256700e+03  1.00924162e-02
 6.02346700e+03  1.01988807e-02
 6.02436800e+03  1.02979648e-02
 6.02526800e+03  1.03232646e-02
 6.02616800e+03  1.04091926e-02
 6.02706900e+03  1.05566014e-02
 6.02796900e+03  1.05741108e-02
 6.02886900e+03  1.05565596e-02
 6.02977000e+03  1.06641579e-02
 6.03067000e+03  1.07747372e-02
 6.03157000e+03  1.07714424e-02
 6.03247000e+03  1.07383795e-02
 6.03337000e+03  1.07870691e-02
 6.03427100e+03  1.08697003e-02
 6.03517100e+03  1.08939144e-02
 6.03607100e+03  1.08703906e-02
 6.03697100e+03  1.08550568e-02
 6.03787200e+03  1.08646378e-02
 6.03877200e+03  1.08881825e-02
 6.03967200e+03  1.08818962e-02
 6.04057200e+03  1.08051434e-02
 6.04147200e+03  1.07287671e-02
 6.04237300e+03  1.07076177e-02
 6.04327300e+03  1.06935495e-02
 6.04417300e+03  1.07474480e-02
 6.04507300e+03  1.08873039e-02
 6.04597400e+03  1.09728951e-02
 6.04687400e+03  1.09800704e-02
 6.04777400e+03  1.09850910e-02
 6.04867400e+03  1.09921618e-02
 6.04957500e+03  1.09619334e-02
 6.05047500e+03  1.09377716e-02
 6.05137500e+03  1.09789931e-02
 6.05227500e+03  1.10218148e-02
 6.05317600e+03  1.09789826e-02
 6.05407600e+03  1.08589269e-02
 6.05497600e+03  1.07425529e-02
 6.05587700e+03  1.06890100e-02
 6.05677700e+03  1.06247041e-02
 6.05767700e+03  1.05375126e-02
 6.05857700e+03  1.05420730e-02
 6.05947700e+03  1.06523803e-02
 6.06037800e+03  1.08029155e-02
 6.06127800e+03  1.09149382e-02
 6.06217800e+03  1.09357843e-02
 6.06307800e+03  1.08641985e-02
 6.06397800e+03  1.07322815e-02
 6.06487900e+03  1.05924989e-02
 6.06577900e+03  1.03842203e-02
 6.06667900e+03  1.01817969e-02
 6.06757900e+03  1.03114337e-02
 6.06848000e+03  1.07227633e-02
 6.06938000e+03  1.10246912e-02
 6.07028000e+03  1.11051991e-02
 6.07118100e+03  1.10966640e-02
 6.07208100e+03  1.10892272e-02
 6.07298100e+03  1.10985049e-02
 6.07388100e+03  1.11127928e-02
 6.07478200e+03  1.11217672e-02
 6.07568200e+03  1.11214220e-02
 6.07658200e+03  1.10900535e-02
 6.07748200e+03  1.10165746e-02
 6.07838300e+03  1.08862997e-02
 6.07928300e+03  1.06637918e-02
 6.08018300e+03  1.04851725e-02
 6.08108300e+03  1.05398032e-02
 6.08198300e+03  1.06417429e-02
 6.08288400e+03  1.05483069e-02
 6.08378400e+03  1.04343345e-02
 6.08468400e+03  1.05072947e-02
 6.08558400e+03  1.06147675e-02
 6.08648400e+03  1.05819556e-02
 6.08738500e+03  1.05361633e-02
 6.08828500e+03  1.06109811e-02
 6.08918500e+03  1.07374590e-02
 6.09008500e+03  1.07391221e-02
 6.09098600e+03  1.05478990e-02
 6.09188600e+03  1.03783294e-02
 6.09278600e+03  1.03954068e-02
 6.09368600e+03  1.04601112e-02
 6.09458700e+03  1.04892936e-02
 6.09548700e+03  1.06103012e-02
 6.09638700e+03  1.08171615e-02
 6.09728800e+03  1.08787583e-02
 6.09818800e+03  1.07589222e-02
 6.09908800e+03  1.06908509e-02
 6.09998800e+03  1.07821740e-02
 6.10088900e+03  1.09359203e-02
 6.10178900e+03  1.09612535e-02
 6.10268900e+03  1.06123617e-02
 6.10358900e+03  9.92751887e-03
 6.10448900e+03  9.56721145e-03
 6.10539000e+03  9.96505225e-03
 6.10629000e+03  1.05698015e-02
 6.10719000e+03  1.08346186e-02
 6.10809000e+03  1.07979785e-02
 6.10899000e+03  1.06673167e-02
 6.10989100e+03  1.06701094e-02
 6.11079100e+03  1.08300582e-02
 6.11169100e+03  1.08738737e-02
 6.11259200e+03  1.07290390e-02
 6.11349200e+03  1.06742096e-02
 6.11439200e+03  1.08246611e-02
 6.11529200e+03  1.10010524e-02
 6.11619300e+03  1.10259150e-02
 6.11709300e+03  1.08524837e-02
 6.11799300e+03  1.06882569e-02
 6.11889300e+03  1.07494667e-02
 6.11979400e+03  1.08397439e-02
 6.12069400e+03  1.07185376e-02
 6.12159400e+03  1.04717737e-02
 6.12249400e+03  1.01522160e-02
 6.12339500e+03  9.82393078e-03
 6.12429500e+03  9.90034577e-03
 6.12519500e+03  1.04161148e-02
 6.12609500e+03  1.07754171e-02
 6.12699500e+03  1.07652189e-02
 6.12789600e+03  1.06417638e-02
 6.12879600e+03  1.05249401e-02
 6.12969600e+03  1.04444490e-02
 6.13059600e+03  1.05073470e-02
 6.13149600e+03  1.07002750e-02
 6.13239700e+03  1.08550672e-02
 6.13329700e+03  1.09050748e-02
 6.13419700e+03  1.09286299e-02
 6.13509700e+03  1.08872202e-02
 6.13599800e+03  1.06409166e-02
 6.13689800e+03  1.01321408e-02
 6.13779800e+03  9.44335780e-03
 6.13869900e+03  9.05061190e-03
 6.13959900e+03  9.44788892e-03
 6.14049900e+03  1.02937872e-02
 6.14140000e+03  1.07932089e-02
 6.14230000e+03  1.06672539e-02
 6.14320000e+03  1.03483144e-02
 6.14410000e+03  1.03873174e-02
 6.14500000e+03  1.07337250e-02
 6.14590100e+03  1.09662951e-02
 6.14680100e+03  1.09768802e-02
 6.14770100e+03  1.09185782e-02
 6.14860100e+03  1.08269204e-02
 6.14950100e+03  1.06649424e-02
 6.15040200e+03  1.04982052e-02
 6.15130200e+03  1.04193531e-02
 6.15220200e+03  1.04754451e-02
 6.15310200e+03  1.06274968e-02
 6.15400200e+03  1.07713169e-02
 6.15490300e+03  1.07569035e-02
 6.15580300e+03  1.05578566e-02
 6.15670300e+03  1.04277219e-02
 6.15760400e+03  1.04896806e-02
 6.15850400e+03  1.05552417e-02
 6.15940400e+03  1.05444996e-02
 6.16030400e+03  1.05264149e-02
 6.16120500e+03  1.03468710e-02
 6.16210500e+03  9.78377726e-03
 6.16300500e+03  9.06441758e-03
 6.16390500e+03  8.75128314e-03
 6.16480600e+03  9.03900902e-03
 6.16570600e+03  9.59212423e-03
 6.16660600e+03  9.99231216e-03
 6.16750600e+03  1.01522809e-02
 6.16840700e+03  1.02779158e-02
 6.16930700e+03  1.02668003e-02
 6.17020700e+03  9.84978178e-03
 6.17110700e+03  9.38311237e-03
 6.17200700e+03  9.48624861e-03
 6.17290800e+03  1.00285433e-02
 6.17380800e+03  1.03671909e-02
 6.17470800e+03  1.03567982e-02
 6.17560800e+03  1.03284338e-02
 6.17650800e+03  1.03570723e-02
 6.17740900e+03  1.03125393e-02
 6.17830900e+03  1.02575509e-02
 6.17920900e+03  1.03561413e-02
 6.18011000e+03  1.05173045e-02
 6.18101000e+03  1.05120120e-02
 6.18191000e+03  1.04532622e-02
 6.18281000e+03  1.05455874e-02
 6.18371100e+03  1.06645135e-02
 6.18461100e+03  1.06687706e-02
 6.18551100e+03  1.06410107e-02
 6.18641200e+03  1.05990257e-02
 6.18731200e+03  1.04367444e-02
 6.18821200e+03  1.02290295e-02
 6.18911200e+03  1.01337976e-02
 6.19001200e+03  1.01525434e-02
 6.19091300e+03  1.01570337e-02
 6.19181300e+03  9.91231370e-03
 6.19271300e+03  9.51322297e-03
 6.19361300e+03  9.52946575e-03
 6.19451300e+03  1.00184132e-02
 6.19541400e+03  1.04134110e-02
 6.19631400e+03  1.05265718e-02
 6.19721400e+03  1.05768408e-02
 6.19811400e+03  1.06704128e-02
 6.19901500e+03  1.06875038e-02
 6.19991500e+03  1.04818254e-02
 6.20081500e+03  1.01478753e-02
 6.20171600e+03  1.00189518e-02
 6.20261600e+03  1.02315461e-02
 6.20351600e+03  1.05441440e-02
 6.20441600e+03  1.07010072e-02
 6.20531600e+03  1.06830375e-02
 6.20621700e+03  1.06250075e-02
 6.20711700e+03  1.06380088e-02
 6.20801700e+03  1.06862905e-02
 6.20891800e+03  1.07017185e-02
 6.20981800e+03  1.06886544e-02
 6.21071800e+03  1.06425901e-02
 6.21161800e+03  1.05561621e-02
 6.21251800e+03  1.04854235e-02
 6.21341900e+03  1.03940324e-02
 6.21431900e+03  1.01282237e-02
 6.21521900e+03  9.78482323e-03
 6.21611900e+03  9.60831366e-03
 6.21701900e+03  9.62612015e-03
 6.21792000e+03  9.82347788e-03
 6.21882000e+03  1.01074163e-02
 6.21972000e+03  1.01877662e-02
 6.22062000e+03  9.98825173e-03
 6.22152100e+03  9.80175007e-03
 6.22242100e+03  9.84468166e-03
 6.22332100e+03  1.00484982e-02
 6.22422100e+03  1.02116958e-02
 6.22512200e+03  1.02008920e-02
 6.22602200e+03  1.01491817e-02
 6.22692200e+03  1.02138578e-02
 6.22782300e+03  1.02945780e-02
 6.22872300e+03  1.03163874e-02
 6.22962300e+03  1.02815359e-02
 6.23052300e+03  1.00507899e-02
 6.23142400e+03  9.60470613e-03
 6.23232400e+03  9.30268714e-03
 6.23322400e+03  9.41545880e-03
 6.23412400e+03  9.71192476e-03
 6.23502400e+03  1.00303466e-02
 6.23592500e+03  1.03863885e-02
 6.23682500e+03  1.05918922e-02
 6.23772500e+03  1.05448971e-02
 6.23862500e+03  1.03600020e-02
 6.23952500e+03  1.01728236e-02
 6.24042600e+03  9.99578163e-03
 6.24132600e+03  9.83893723e-03
 6.24222600e+03  9.86415751e-03
 6.24312700e+03  9.97549515e-03
 6.24402700e+03  9.84626943e-03
 6.24492700e+03  9.63992583e-03
 6.24582700e+03  9.66993768e-03
 6.24672700e+03  9.75749951e-03
 6.24762800e+03  9.77574844e-03
 6.24852800e+03  9.93415865e-03
 6.24942800e+03  1.02290912e-02
 6.25032900e+03  1.04051280e-02
 6.25122900e+03  1.04171817e-02
 6.25212900e+03  1.03131062e-02
 6.25302900e+03  1.00202258e-02
 6.25393000e+03  9.67831062e-03
 6.25483000e+03  9.55276460e-03
 6.25573000e+03  9.62640674e-03
 6.25663000e+03  9.72268564e-03
 6.25753000e+03  9.68056885e-03
 6.25843100e+03  9.50296520e-03
 6.25933100e+03  9.31940688e-03
 6.26023100e+03  9.32869713e-03
 6.26113100e+03  9.64472680e-03
 6.26203100e+03  9.96006405e-03
 6.26293200e+03  1.01192525e-02
 6.26383200e+03  1.03323603e-02
 6.26473200e+03  1.05245949e-02
 6.26563200e+03  1.04218112e-02
 6.26653300e+03  1.01323375e-02
 6.26743300e+03  1.00640203e-02
 6.26833300e+03  1.02578730e-02
 6.26923400e+03  1.03764540e-02
 6.27013400e+03  1.03082874e-02
 6.27103400e+03  1.02248017e-02
 6.27193500e+03  1.02212256e-02
 6.27283500e+03  1.02894287e-02
 6.27373500e+03  1.04026470e-02
 6.27463500e+03  1.04664393e-02
 6.27553500e+03  1.04362622e-02
 6.27643600e+03  1.04131453e-02
 6.27733600e+03  1.04446090e-02
 6.27823600e+03  1.04627261e-02
 6.27913600e+03  1.04567139e-02
 6.28003600e+03  1.04216208e-02
 6.28093700e+03  1.02715553e-02
 6.28183700e+03  1.00852471e-02
 6.28273700e+03  1.00790383e-02
 6.28363700e+03  1.02301644e-02
 6.28453800e+03  1.04123630e-02
 6.28543800e+03  1.05525954e-02
 6.28633800e+03  1.05512356e-02
 6.28723800e+03  1.05154113e-02
 6.28813900e+03  1.05938273e-02
 6.28903900e+03  1.07274806e-02
 6.28993900e+03  1.08205400e-02
 6.29084000e+03  1.07944850e-02
 6.29174000e+03  1.06252271e-02
 6.29264000e+03  1.04431656e-02
 6.29354000e+03  1.03587071e-02
 6.29444000e+03  1.03626389e-02
 6.29534100e+03  1.04564326e-02
 6.29624100e+03  1.05310171e-02
 6.29714100e+03  1.04026460e-02
 6.29804100e+03  1.01453095e-02
 6.29894200e+03  1.00243532e-02
 6.29984200e+03  1.01292498e-02
 6.30074200e+03  1.02582318e-02
 6.30164200e+03  1.02600319e-02
 6.30254200e+03  1.00394402e-02
 6.30344300e+03  9.84637508e-03
 6.30434300e+03  9.93869500e-03
 6.30524300e+03  1.02011609e-02
 6.30614300e+03  1.03405293e-02
 6.30704300e+03  1.03430270e-02
 6.30794400e+03  1.04470513e-02
 6.30884400e+03  1.06568257e-02
 6.30974400e+03  1.07633990e-02
 6.31064500e+03  1.07004215e-02
 6.31154500e+03  1.05250342e-02
 6.31244500e+03  1.03494127e-02
 6.31334600e+03  1.02964022e-02
 6.31424600e+03  1.03758986e-02
 6.31514600e+03  1.03666313e-02
 6.31604600e+03  1.01311534e-02
 6.31694700e+03  9.96834390e-03
 6.31784700e+03  1.00453404e-02
 6.31874700e+03  1.00116531e-02
 6.31964700e+03  9.78500941e-03
 6.32054700e+03  9.78457534e-03
 6.32144800e+03  1.00944432e-02
 6.32234800e+03  1.03472067e-02
 6.32324800e+03  1.03632476e-02
 6.32414800e+03  1.03254465e-02
 6.32504800e+03  1.04324800e-02
 6.32594900e+03  1.05903128e-02
 6.32684900e+03  1.06550162e-02
 6.32774900e+03  1.06263567e-02
 6.32864900e+03  1.05589234e-02
 6.32955000e+03  1.05823530e-02
 6.33045000e+03  1.06475166e-02
 6.33135000e+03  1.05768617e-02
 6.33225100e+03  1.04947326e-02
 6.33315100e+03  1.05799473e-02
 6.33405100e+03  1.07429190e-02
 6.33495100e+03  1.07797055e-02
 6.33585100e+03  1.05172522e-02
 6.33675200e+03  1.00676770e-02
 6.33765200e+03  9.83118872e-03
 6.33855200e+03  9.97337812e-03
 6.33945300e+03  1.02216210e-02
 6.34035300e+03  1.03285833e-02
 6.34125300e+03  1.04338596e-02
 6.34215300e+03  1.06096422e-02
 6.34305300e+03  1.06414709e-02
 6.34395400e+03  1.04519998e-02
 6.34485400e+03  1.01679546e-02
 6.34575400e+03  1.00268373e-02
 6.34665400e+03  1.01667601e-02
 6.34755400e+03  1.03792195e-02
 6.34845500e+03  1.04687509e-02
 6.34935500e+03  1.05304000e-02
 6.35025500e+03  1.06245263e-02
 6.35115500e+03  1.06717516e-02
 6.35205600e+03  1.06799729e-02
 6.35295600e+03  1.07019381e-02
 6.35385600e+03  1.06974405e-02
 6.35475700e+03  1.05846019e-02
 6.35565700e+03  1.03594361e-02
 6.35655700e+03  1.02007623e-02
 6.35745700e+03  1.02735688e-02
 6.35835800e+03  1.03704941e-02
 6.35925800e+03  1.02131350e-02
 6.36015800e+03  9.94405452e-03
 6.36105800e+03  9.85070746e-03
 6.36195900e+03  9.87594030e-03
 6.36285900e+03  9.80647991e-03
 6.36375900e+03  9.69972569e-03
 6.36465900e+03  9.73751950e-03
 6.36555900e+03  9.91684795e-03
 6.36646000e+03  1.01165434e-02
 6.36736000e+03  1.02709476e-02
 6.36826000e+03  1.04086655e-02
 6.36916000e+03  1.05812862e-02
 6.37006000e+03  1.06883929e-02
 6.37096100e+03  1.06442427e-02
 6.37186100e+03  1.05500014e-02
 6.37276100e+03  1.05684522e-02
 6.37366200e+03  1.07197509e-02
 6.37456200e+03  1.08472225e-02
 6.37546200e+03  1.08453502e-02
 6.37636200e+03  1.07913053e-02
 6.37726300e+03  1.07913576e-02
 6.37816300e+03  1.08081453e-02
 6.37906300e+03  1.07197195e-02
 6.37996300e+03  1.05676259e-02
 6.38086400e+03  1.05022740e-02
 6.38176400e+03  1.05005586e-02
 6.38266400e+03  1.05220637e-02
 6.38356400e+03  1.06225181e-02
 6.38446500e+03  1.07111949e-02
 6.38536500e+03  1.06686032e-02
 6.38626500e+03  1.05984504e-02
 6.38716500e+03  1.06457175e-02
 6.38806500e+03  1.07529289e-02
 6.38896600e+03  1.07975183e-02
 6.38986600e+03  1.07862637e-02
 6.39076600e+03  1.08008026e-02
 6.39166600e+03  1.08324744e-02
 6.39256600e+03  1.07781470e-02
 6.39346700e+03  1.05180367e-02
 6.39436700e+03  1.01023141e-02
 6.39526700e+03  9.90731922e-03
 6.39616700e+03  1.01647749e-02
 6.39706800e+03  1.05814953e-02
 6.39796800e+03  1.08415952e-02
 6.39886800e+03  1.09099281e-02
 6.39976900e+03  1.07439126e-02
 6.40066900e+03  1.02503776e-02
 6.40156900e+03  9.78258591e-03
 6.40247000e+03  9.94552305e-03
 6.40337000e+03  1.05253271e-02
 6.40427000e+03  1.08908706e-02
 6.40517000e+03  1.09704685e-02
 6.40607000e+03  1.09399681e-02
 6.40697100e+03  1.08479442e-02
 6.40787100e+03  1.06747326e-02
 6.40877100e+03  1.04112867e-02
 6.40967100e+03  1.02748877e-02
 6.41057100e+03  1.04701211e-02
 6.41147200e+03  1.06603297e-02
 6.41237200e+03  1.04959041e-02
 6.41327200e+03  1.02722990e-02
 6.41417200e+03  1.03362042e-02
 6.41507300e+03  1.05021590e-02
 6.41597300e+03  1.05689438e-02
 6.41687300e+03  1.06284173e-02
 6.41777300e+03  1.07135169e-02
 6.41867400e+03  1.07252422e-02
 6.41957400e+03  1.06508323e-02
 6.42047400e+03  1.04803297e-02
 6.42137400e+03  1.02102179e-02
 6.42227500e+03  1.00224976e-02
 6.42317500e+03  1.01541615e-02
 6.42407500e+03  1.05687241e-02
 6.42497600e+03  1.08904104e-02
 6.42587600e+03  1.09124907e-02
 6.42677600e+03  1.08417312e-02
 6.42767600e+03  1.08782144e-02
 6.42857600e+03  1.09778111e-02
 6.42947700e+03  1.10145140e-02
 6.43037700e+03  1.08776914e-02
 6.43127700e+03  1.05158193e-02
 6.43217700e+03  1.01294600e-02
 6.43307700e+03  1.00916139e-02
 6.43397800e+03  1.03813303e-02
 6.43487800e+03  1.06598067e-02
 6.43577800e+03  1.08085846e-02
 6.43667800e+03  1.08894376e-02
 6.43757900e+03  1.09266216e-02
 6.43847900e+03  1.08407689e-02
 6.43937900e+03  1.05131625e-02
 6.44027900e+03  1.01275072e-02
 6.44118000e+03  1.01526909e-02
 6.44208000e+03  1.05984713e-02
 6.44298000e+03  1.09840660e-02
 6.44388100e+03  1.10942165e-02
 6.44478100e+03  1.10596474e-02
 6.44568100e+03  1.10256954e-02
 6.44658100e+03  1.10512273e-02
 6.44748200e+03  1.11155960e-02
 6.44838200e+03  1.11216835e-02
 6.44928200e+03  1.09148964e-02
 6.45018200e+03  1.03671794e-02
 6.45108200e+03  9.72756611e-03
 6.45198300e+03  9.60363924e-03
 6.45288300e+03  1.00723044e-02
 6.45378300e+03  1.05952184e-02
 6.45468300e+03  1.08761643e-02
 6.45558300e+03  1.08779948e-02
 6.45648400e+03  1.06296829e-02
 6.45738400e+03  1.03934143e-02
 6.45828400e+03  1.04533229e-02
 6.45918500e+03  1.07434943e-02
 6.46008500e+03  1.10038870e-02
 6.46098500e+03  1.11278024e-02
 6.46188500e+03  1.10800437e-02
 6.46278500e+03  1.07239452e-02
 6.46368600e+03  1.01426852e-02
 6.46458600e+03  9.89694325e-03
 6.46548600e+03  1.02289490e-02
 6.46638700e+03  1.06614698e-02
 6.46728700e+03  1.08751288e-02
 6.46818700e+03  1.09519654e-02
 6.46908700e+03  1.09726545e-02
 6.46998800e+03  1.09006817e-02
 6.47088800e+03  1.07665473e-02
 6.47178800e+03  1.06503512e-02
 6.47268800e+03  1.05394267e-02
 6.47358800e+03  1.05445414e-02
 6.47448900e+03  1.07187781e-02
 6.47538900e+03  1.08072981e-02
 6.47628900e+03  1.07021055e-02
 6.47718900e+03  1.06235640e-02
 6.47809000e+03  1.07268844e-02
 6.47899000e+03  1.08587595e-02
 6.47989000e+03  1.08786956e-02
 6.48079000e+03  1.08664055e-02
 6.48169000e+03  1.08049342e-02
 6.48259100e+03  1.05596347e-02
 6.48349100e+03  1.02408960e-02
 6.48439100e+03  1.01506157e-02
 6.48529200e+03  1.03404153e-02
 6.48619200e+03  1.05842985e-02
 6.48709200e+03  1.07214663e-02
 6.48799300e+03  1.07727708e-02
 6.48889300e+03  1.08112309e-02
 6.48979300e+03  1.08221612e-02
 6.49069300e+03  1.07430759e-02
 6.49159300e+03  1.05940260e-02
 6.49249400e+03  1.04800159e-02
 6.49339400e+03  1.04056730e-02
 6.49429400e+03  1.01547159e-02
 6.49519400e+03  9.57231994e-03
 6.49609400e+03  8.99990565e-03
 6.49699500e+03  8.87412534e-03
 6.49789500e+03  9.11692497e-03
 6.49879500e+03  9.46806557e-03
 6.49969500e+03  9.74459545e-03
 6.50059600e+03  9.85382443e-03
 6.50149600e+03  9.99059155e-03
 6.50239600e+03  1.02371242e-02
 6.50329600e+03  1.04364139e-02
 6.50419700e+03  1.05504093e-02
 6.50509700e+03  1.06140457e-02
 6.50599700e+03  1.06679652e-02
 6.50689800e+03  1.07475735e-02
 6.50779800e+03  1.08062103e-02
 6.50869800e+03  1.07600937e-02
 6.50959800e+03  1.06320259e-02
 6.51049800e+03  1.05759308e-02
 6.51139900e+03  1.06598799e-02
 6.51229900e+03  1.07746954e-02
 6.51319900e+03  1.08130404e-02
 6.51409900e+03  1.08054781e-02
 6.51500000e+03  1.07972777e-02
 6.51590000e+03  1.07309322e-02
 6.51680000e+03  1.05921956e-02
 6.51770000e+03  1.04775056e-02
 6.51860000e+03  1.04155437e-02
 6.51950100e+03  1.03356038e-02
 6.52040100e+03  1.03190473e-02
 6.52130100e+03  1.04940318e-02
 6.52220100e+03  1.07228574e-02
 6.52310100e+03  1.08206864e-02
 6.52400200e+03  1.08054572e-02
 6.52490200e+03  1.07957715e-02
 6.52580200e+03  1.08397543e-02
 6.52670300e+03  1.08323280e-02
 6.52760300e+03  1.06732159e-02
 6.52850300e+03  1.04958414e-02
 6.52940400e+03  1.04988851e-02
 6.53030400e+03  1.06470773e-02
 6.53120400e+03  1.07719026e-02
 6.53210400e+03  1.07693087e-02
 6.53300500e+03  1.06415337e-02
 6.53390500e+03  1.04962807e-02
 6.53480500e+03  1.04496003e-02
 6.53570500e+03  1.05521351e-02
 6.53660500e+03  1.07344048e-02
 6.53750600e+03  1.08265020e-02
 6.53840600e+03  1.07650934e-02
 6.53930600e+03  1.06958506e-02
 6.54020600e+03  1.07567571e-02
 6.54110600e+03  1.08826912e-02
 6.54200700e+03  1.09183062e-02
 6.54290700e+03  1.08230503e-02
 6.54380700e+03  1.06786236e-02
 6.54470700e+03  1.05761086e-02
 6.54560800e+03  1.05209445e-02
 6.54650800e+03  1.03825143e-02
 6.54740800e+03  1.01371719e-02
 6.54830900e+03  1.00734601e-02
 6.54920900e+03  1.03200901e-02
 6.55010900e+03  1.05655653e-02
 6.55100900e+03  1.05877084e-02
 6.55191000e+03  1.04771814e-02
 6.55281000e+03  1.03504712e-02
 6.55371000e+03  1.02839594e-02
 6.55461000e+03  1.02205677e-02
 6.55551100e+03  1.00583522e-02
 6.55641100e+03  9.84976609e-03
 6.55731100e+03  9.74597089e-03
 6.55821100e+03  9.81639879e-03
 6.55911100e+03  9.94127853e-03
 6.56001200e+03  9.96618712e-03
 6.56091200e+03  9.86369938e-03
 6.56181200e+03  9.57860932e-03
 6.56271200e+03  8.92378667e-03
 6.56361200e+03  8.28437943e-03
 6.56451300e+03  8.20278900e-03
 6.56541300e+03  8.27873122e-03
 6.56631300e+03  8.83678756e-03
 6.56721300e+03  9.58014585e-03
 6.56811400e+03  9.99092731e-03
 6.56901400e+03  1.01488062e-02
 6.56991400e+03  1.00800100e-02
 6.57081500e+03  9.93452160e-03
 6.57171500e+03  9.95729224e-03
 6.57261500e+03  1.00769150e-02
 6.57351600e+03  1.00567739e-02
 6.57441600e+03  9.90989543e-03
 6.57531600e+03  9.79399006e-03
 6.57621600e+03  9.78729903e-03
 6.57711600e+03  9.96599989e-03
 6.57801700e+03  1.02827931e-02
 6.57891700e+03  1.05332973e-02
 6.57981700e+03  1.06226436e-02
 6.58071700e+03  1.05702303e-02
 6.58161700e+03  1.04098746e-02
 6.58251800e+03  1.02719454e-02
 6.58341800e+03  1.03394488e-02
 6.58431800e+03  1.06373917e-02
 6.58521800e+03  1.08847308e-02
 6.58611800e+03  1.07749778e-02
 6.58701900e+03  1.05397928e-02
 6.58791900e+03  1.04411144e-02
 6.58881900e+03  1.05241765e-02
 6.58972000e+03  1.06680698e-02
 6.59062000e+03  1.07396451e-02
 6.59152000e+03  1.07477932e-02
 6.59242100e+03  1.06397451e-02
 6.59332100e+03  1.02826299e-02
 6.59422100e+03  9.78807932e-03
 6.59512100e+03  9.59141192e-03
 6.59602100e+03  9.89094988e-03
 6.59692200e+03  1.03169219e-02
 6.59782200e+03  1.05049412e-02
 6.59872200e+03  1.04547726e-02
 6.59962200e+03  1.03301701e-02
 6.60052300e+03  1.03244183e-02
 6.60142300e+03  1.05012908e-02
 6.60232300e+03  1.07107033e-02
 6.60322300e+03  1.08003633e-02
 6.60412300e+03  1.07713378e-02
 6.60502400e+03  1.06696597e-02
 6.60592400e+03  1.05297410e-02
 6.60682400e+03  1.04219440e-02
 6.60772400e+03  1.03884909e-02
 6.60862400e+03  1.03527284e-02
 6.60952500e+03  1.02205133e-02
 6.61042500e+03  1.00585729e-02
 6.61132500e+03  1.01179910e-02
 6.61222600e+03  1.04352277e-02
 6.61312600e+03  1.06924617e-02
 6.61402600e+03  1.06976287e-02
 6.61492600e+03  1.05823949e-02
 6.61582700e+03  1.05827819e-02
 6.61672700e+03  1.07187258e-02
 6.61762700e+03  1.07910647e-02
 6.61852800e+03  1.07391535e-02
 6.61942800e+03  1.06839998e-02
 6.62032800e+03  1.07116028e-02
 6.62122800e+03  1.07844542e-02
 6.62212800e+03  1.08337296e-02
 6.62302900e+03  1.08267216e-02
 6.62392900e+03  1.07474271e-02
 6.62482900e+03  1.05778031e-02
 6.62572900e+03  1.03598723e-02
 6.62662900e+03  1.02723418e-02
 6.62753000e+03  1.04019347e-02
 6.62843000e+03  1.05480350e-02
 6.62933000e+03  1.05799578e-02
 6.63023000e+03  1.05649377e-02
 6.63113100e+03  1.05350755e-02
 6.63203100e+03  1.04974312e-02
 6.63293100e+03  1.04312918e-02
 6.63383200e+03  1.02735635e-02
 6.63473200e+03  1.00436753e-02
 6.63563200e+03  9.93114314e-03
 6.63653200e+03  1.00882250e-02
 6.63743300e+03  1.03713183e-02
 6.63833300e+03  1.05751568e-02
 6.63923300e+03  1.06414814e-02
 6.64013300e+03  1.05778240e-02
 6.64103400e+03  1.04717737e-02
 6.64193400e+03  1.04822752e-02
 6.64283400e+03  1.05949255e-02
 6.64373400e+03  1.05532857e-02
 6.64463400e+03  1.03049665e-02
 6.64553500e+03  1.01747691e-02
 6.64643500e+03  1.03294400e-02
 6.64733500e+03  1.05175242e-02
 6.64823500e+03  1.05372929e-02
 6.64913500e+03  1.04836663e-02
 6.65003600e+03  1.05072633e-02
 6.65093600e+03  1.05788177e-02
 6.65183600e+03  1.05896748e-02
 6.65273600e+03  1.05435478e-02
 6.65363700e+03  1.05118237e-02
 6.65453700e+03  1.05093657e-02
 6.65543700e+03  1.05216976e-02
 6.65633700e+03  1.05521979e-02
 6.65723800e+03  1.05603983e-02
 6.65813800e+03  1.05276177e-02
 6.65903800e+03  1.05261429e-02
 6.65993900e+03  1.05593314e-02
 6.66083900e+03  1.05519992e-02
 6.66173900e+03  1.04919713e-02
 6.66263900e+03  1.04179317e-02
 6.66354000e+03  1.02902048e-02
 6.66444000e+03  1.00745092e-02
 6.66534000e+03  9.97654426e-03
 6.66624000e+03  1.01188518e-02
 6.66714000e+03  1.02647147e-02
 6.66804100e+03  1.02752235e-02
 6.66894100e+03  1.02476853e-02
 6.66984100e+03  1.02930321e-02
 6.67074100e+03  1.04249375e-02
 6.67164100e+03  1.05673330e-02
 6.67254200e+03  1.06372348e-02
 6.67344200e+03  1.06298189e-02
 6.67434200e+03  1.06088682e-02
 6.67524300e+03  1.06096841e-02
 6.67614300e+03  1.06255409e-02
 6.67704300e+03  1.06140562e-02
 6.67794400e+03  1.04293180e-02
 6.67884400e+03  1.00286050e-02
 6.67974400e+03  9.74972381e-03
 6.68064400e+03  9.90644793e-03
 6.68154400e+03  1.02475860e-02
 6.68244500e+03  1.04066917e-02
 6.68334500e+03  1.04296914e-02
 6.68424500e+03  1.04686567e-02
 6.68514500e+03  1.05249610e-02
 6.68604600e+03  1.05605551e-02
 6.68694600e+03  1.05689229e-02
 6.68784600e+03  1.05521979e-02
 6.68874600e+03  1.05072214e-02
 6.68964600e+03  1.04751103e-02
 6.69054700e+03  1.04999102e-02
 6.69144700e+03  1.05419579e-02
 6.69234700e+03  1.05600531e-02
 6.69324700e+03  1.05568420e-02
 6.69414800e+03  1.05506080e-02
 6.69504800e+03  1.05543944e-02
 6.69594800e+03  1.05096899e-02
 6.69684800e+03  1.03378600e-02
 6.69774900e+03  1.01391655e-02
 6.69864900e+03  1.00961513e-02
 6.69954900e+03  1.01876522e-02
 6.70044900e+03  1.03100468e-02
 6.70135000e+03  1.04514214e-02
 6.70225000e+03  1.05568838e-02
 6.70315000e+03  1.05635675e-02
 6.70405100e+03  1.04759890e-02
 6.70495100e+03  1.03254026e-02
 6.70585100e+03  1.02191860e-02
 6.70675100e+03  1.02524894e-02
 6.70765100e+03  1.03752553e-02
 6.70855200e+03  1.04590757e-02
 6.70945200e+03  1.04671610e-02
 6.71035200e+03  1.04420547e-02
 6.71125200e+03  1.03804715e-02
 6.71215200e+03  1.03346259e-02
 6.71305300e+03  1.03537545e-02
 6.71395300e+03  1.03315832e-02
 6.71485300e+03  1.02356714e-02
 6.71575300e+03  1.01533561e-02
 6.71665400e+03  1.00951712e-02
 6.71755400e+03  1.00291981e-02
 6.71845400e+03  9.88705366e-03
 6.71935500e+03  9.77322872e-03
 6.72025500e+03  9.95053113e-03
 6.72115500e+03  1.02464804e-02
 6.72205500e+03  1.03667809e-02
 6.72295600e+03  1.03250511e-02
 6.72385600e+03  1.03046632e-02
 6.72475600e+03  1.03917564e-02
 6.72565600e+03  1.04631550e-02
 6.72655700e+03  1.04037651e-02
 6.72745700e+03  1.02798529e-02
 6.72835700e+03  1.02397350e-02
 6.72925700e+03  1.03123793e-02
 6.73015700e+03  1.04013751e-02
 6.73105800e+03  1.04804657e-02
 6.73195800e+03  1.05783679e-02
 6.73285800e+03  1.06065043e-02
 6.73375800e+03  1.05025460e-02
 6.73465800e+03  1.03905306e-02
 6.73555900e+03  1.03656408e-02
 6.73645900e+03  1.04163272e-02
 6.73735900e+03  1.04759576e-02
 6.73826000e+03  1.04596928e-02
 6.73916000e+03  1.03335245e-02
 6.74006000e+03  1.01861303e-02
 6.74096000e+03  1.01552388e-02
 6.74186000e+03  1.02561336e-02
 6.74276100e+03  1.03410031e-02
 6.74366100e+03  1.02826205e-02
 6.74456100e+03  1.01823492e-02
 6.74546200e+03  1.02032622e-02
 6.74636200e+03  1.02874267e-02
 6.74726200e+03  1.02981479e-02
 6.74816200e+03  1.02549527e-02
 6.74906300e+03  1.02228813e-02
 6.74996300e+03  1.01933768e-02
 6.75086300e+03  1.01357253e-02
 6.75176300e+03  1.01018790e-02
 6.75266300e+03  1.01538571e-02
 6.75356400e+03  1.01707306e-02
 6.75446400e+03  1.01161334e-02
 6.75536400e+03  1.01595650e-02
 6.75626400e+03  1.02779147e-02
 6.75716400e+03  1.03480968e-02
 6.75806500e+03  1.04093192e-02
 6.75896500e+03  1.04904965e-02
 6.75986500e+03  1.05532125e-02
 6.76076600e+03  1.05915471e-02
 6.76166600e+03  1.06096004e-02
 6.76256600e+03  1.05852817e-02
 6.76346700e+03  1.05364352e-02
 6.76436700e+03  1.05279106e-02
 6.76526700e+03  1.05484220e-02
 6.76616700e+03  1.05320212e-02
 6.76706800e+03  1.04443485e-02
 6.76796800e+03  1.02906222e-02
 6.76886800e+03  1.01566268e-02
 6.76976800e+03  1.01622217e-02
 6.77066800e+03  1.02773060e-02
 6.77156900e+03  1.03194186e-02
 6.77246900e+03  1.02439324e-02
 6.77336900e+03  1.02126675e-02
 6.77426900e+03  1.03144409e-02
 6.77516900e+03  1.04755706e-02
 6.77607000e+03  1.06040254e-02
 6.77697000e+03  1.06644612e-02
 6.77787000e+03  1.06542003e-02
 6.77877000e+03  1.06052910e-02
 6.77967100e+03  1.06059918e-02
 6.78057100e+03  1.06706115e-02
 6.78147100e+03  1.06961016e-02
 6.78237100e+03  1.06317435e-02
 6.78327200e+03  1.04943456e-02
 6.78417200e+03  1.02977860e-02
 6.78507200e+03  1.01007399e-02
 6.78597200e+03  1.00128716e-02
 6.78687300e+03  1.00537228e-02
 6.78777300e+03  1.01472257e-02
 6.78867300e+03  1.02774765e-02
 6.78957400e+03  1.04192757e-02
 6.79047400e+03  1.04704453e-02
 6.79137400e+03  1.04503702e-02
 6.79227400e+03  1.04683430e-02
 6.79317400e+03  1.04980379e-02
 6.79407500e+03  1.04370163e-02
 6.79497500e+03  1.03173037e-02
 6.79587500e+03  1.02757559e-02
 6.79677500e+03  1.03070511e-02
 6.79767500e+03  1.03369981e-02
 6.79857600e+03  1.03777374e-02
 6.79947600e+03  1.04084908e-02
 6.80037600e+03  1.04216616e-02
 6.80127600e+03  1.04560205e-02
 6.80217700e+03  1.05031840e-02
 6.80307700e+03  1.05415814e-02
 6.80397700e+03  1.05360482e-02
 6.80487700e+03  1.04634897e-02
 6.80577800e+03  1.04083098e-02
 6.80667800e+03  1.04333094e-02
 6.80757800e+03  1.04388133e-02
 6.80847900e+03  1.04018280e-02
 6.80937900e+03  1.04328785e-02
 6.81027900e+03  1.04741062e-02
 6.81117900e+03  1.04219053e-02
 6.81208000e+03  1.03774822e-02
 6.81298000e+03  1.04239083e-02
 6.81388000e+03  1.04824949e-02
 6.81478000e+03  1.04678514e-02
 6.81568000e+03  1.03594079e-02
 6.81658100e+03  1.02701296e-02
 6.81748100e+03  1.03480058e-02
 6.81838100e+03  1.05209654e-02
 6.81928100e+03  1.06042555e-02
 6.82018100e+03  1.05463823e-02
 6.82108200e+03  1.04192234e-02
 6.82198200e+03  1.03507117e-02
 6.82288200e+03  1.04209461e-02
 6.82378300e+03  1.05528778e-02
 6.82468300e+03  1.06385631e-02
 6.82558300e+03  1.06627877e-02
 6.82648300e+03  1.06633734e-02
 6.82738400e+03  1.06556751e-02
 6.82828400e+03  1.05843299e-02
 6.82918400e+03  1.04248204e-02
 6.83008400e+03  1.03003768e-02
 6.83098500e+03  1.03424382e-02
 6.83188500e+03  1.04927662e-02
 6.83278500e+03  1.05857106e-02
 6.83368500e+03  1.05630550e-02
 6.83458600e+03  1.05232247e-02
 6.83548600e+03  1.05590699e-02
 6.83638600e+03  1.06306138e-02
 6.83728600e+03  1.06429667e-02
 6.83818600e+03  1.05786922e-02
 6.83908700e+03  1.04908939e-02
 6.83998700e+03  1.03801190e-02
 6.84088700e+03  1.02330063e-02
 6.84178700e+03  1.00780017e-02
 6.84268800e+03  9.93807161e-03
 6.84358800e+03  9.88866759e-03
 6.84448800e+03  9.98851636e-03
 6.84538800e+03  1.01896301e-02
 6.84628800e+03  1.04054962e-02
 6.84718900e+03  1.05388723e-02
 6.84808900e+03  1.05705964e-02
 6.84898900e+03  1.05688496e-02
 6.84989000e+03  1.05573231e-02
 6.85079000e+03  1.05283813e-02
 6.85169000e+03  1.05027447e-02
 6.85259100e+03  1.04980065e-02
 6.85349100e+03  1.05280361e-02
 6.85439100e+03  1.05662661e-02
 6.85529100e+03  1.04817418e-02
 6.85619100e+03  1.02450757e-02
 6.85709200e+03  1.00830652e-02
 6.85799200e+03  1.01312957e-02
 6.85889200e+03  1.02339926e-02
 6.85979200e+03  1.03007544e-02
 6.86069200e+03  1.03578233e-02
 6.86159300e+03  1.03176007e-02
 6.86249300e+03  1.01538268e-02
 6.86339300e+03  1.00673988e-02
 6.86429300e+03  1.02198533e-02
 6.86519400e+03  1.04845659e-02
 6.86609400e+03  1.06332810e-02
 6.86699400e+03  1.06008352e-02
 6.86789500e+03  1.04382568e-02
 6.86879500e+03  1.02263058e-02
 6.86969500e+03  1.01180726e-02
 6.87059500e+03  1.02136204e-02
 6.87149500e+03  1.03800207e-02
 6.87239600e+03  1.04161609e-02
 6.87329600e+03  1.03111502e-02
 6.87419600e+03  1.02329111e-02
 6.87509700e+03  1.02850754e-02
 6.87599700e+03  1.03546425e-02
 6.87689700e+03  1.03551947e-02
 6.87779700e+03  1.03710777e-02
 6.87869700e+03  1.04708742e-02
 6.87959800e+03  1.05762969e-02
 6.88049800e+03  1.05960970e-02
 6.88139800e+03  1.05475538e-02
 6.88229800e+03  1.04370184e-02
 6.88319800e+03  1.02605904e-02
 6.88409900e+03  1.01291368e-02
 6.88499900e+03  1.01909899e-02
 6.88589900e+03  1.03789277e-02
 6.88679900e+03  1.04561470e-02
 6.88770000e+03  1.04277010e-02
 6.88860000e+03  1.04798486e-02
 6.88950000e+03  1.05909195e-02
 6.89040000e+03  1.06497445e-02
 6.89130100e+03  1.06843555e-02
 6.89220100e+03  1.07302628e-02
 6.89310100e+03  1.07275747e-02
 6.89400200e+03  1.06722850e-02
 6.89490200e+03  1.06503093e-02
 6.89580200e+03  1.06360528e-02
 6.89670200e+03  1.05543317e-02
 6.89760300e+03  1.04922537e-02
 6.89850300e+03  1.05488090e-02
 6.89940300e+03  1.06434792e-02
 6.90030300e+03  1.06457594e-02
 6.90120300e+03  1.05727929e-02
 6.90210400e+03  1.05564968e-02
 6.90300400e+03  1.06439289e-02
 6.90390400e+03  1.07262672e-02
 6.90480400e+03  1.07204412e-02
 6.90570400e+03  1.06714273e-02
 6.90660500e+03  1.06437930e-02
 6.90750500e+03  1.06579344e-02
 6.90840500e+03  1.07096782e-02
 6.90930600e+03  1.07523117e-02
 6.91020600e+03  1.07714006e-02
 6.91110600e+03  1.07859499e-02
 6.91200600e+03  1.07530544e-02
 6.91290700e+03  1.06709462e-02
 6.91380700e+03  1.05895388e-02
 6.91470700e+03  1.04854968e-02
 6.91560800e+03  1.03674848e-02
 6.91650800e+03  1.03558035e-02
 6.91740800e+03  1.04240223e-02
 6.91830800e+03  1.04395653e-02
 6.91920800e+03  1.04487259e-02
 6.92010900e+03  1.05358181e-02
 6.92100900e+03  1.06570767e-02
 6.92190900e+03  1.07495190e-02
 6.92280900e+03  1.07974242e-02
 6.92370900e+03  1.07906359e-02
 6.92461000e+03  1.06817719e-02
 6.92551000e+03  1.04685940e-02
 6.92641000e+03  1.02707729e-02
 6.92731000e+03  1.02248153e-02
 6.92821100e+03  1.03601118e-02
 6.92911100e+03  1.05495516e-02
 6.93001100e+03  1.06470982e-02
 6.93091100e+03  1.06649319e-02
 6.93181200e+03  1.06666473e-02
 6.93271200e+03  1.06471087e-02
 6.93361200e+03  1.05636826e-02
 6.93451200e+03  1.04413111e-02
 6.93541300e+03  1.04295053e-02
 6.93631300e+03  1.05582331e-02
 6.93721300e+03  1.06562922e-02
 6.93811400e+03  1.06515749e-02
 6.93901400e+03  1.06213884e-02
 6.93991400e+03  1.06298189e-02
 6.94081400e+03  1.06880895e-02
 6.94171400e+03  1.07653758e-02
 6.94261500e+03  1.08023820e-02
 6.94351500e+03  1.07523850e-02
 6.94441500e+03  1.06332392e-02
 6.94531500e+03  1.04733217e-02
 6.94621500e+03  1.03016027e-02
 6.94711600e+03  1.02546462e-02
 6.94801600e+03  1.04027673e-02
 6.94891600e+03  1.05824576e-02
 6.94981600e+03  1.06849726e-02
 6.95071700e+03  1.07330451e-02
 6.95161700e+03  1.06810607e-02
 6.95251700e+03  1.05225030e-02
 6.95341700e+03  1.04097407e-02
 6.95431800e+03  1.04012224e-02
 6.95521800e+03  1.04177811e-02
 6.95611800e+03  1.04527058e-02
 6.95701900e+03  1.05385690e-02
 6.95791900e+03  1.06528824e-02
 6.95881900e+03  1.07250748e-02
 6.95971900e+03  1.07365281e-02
 6.96062000e+03  1.07280558e-02
 6.96152000e+03  1.07161737e-02
 6.96242000e+03  1.07242381e-02
 6.96332000e+03  1.07607840e-02
 6.96422000e+03  1.07912425e-02
 6.96512100e+03  1.08108857e-02
 6.96602100e+03  1.07913680e-02
 6.96692100e+03  1.06980785e-02
 6.96782100e+03  1.06405086e-02
 6.96872100e+03  1.07313192e-02
 6.96962200e+03  1.08714470e-02
 6.97052200e+03  1.09153252e-02
 6.97142200e+03  1.08434361e-02
 6.97232300e+03  1.07194475e-02
 6.97322300e+03  1.06772429e-02
 6.97412300e+03  1.07721432e-02
 6.97502300e+03  1.08530067e-02
 6.97592300e+03  1.07808038e-02
 6.97682400e+03  1.06191187e-02
 6.97772400e+03  1.04504078e-02
 6.97862400e+03  1.02206566e-02
 6.97952500e+03  9.90386858e-03
 6.98042500e+03  9.72273585e-03
 6.98132500e+03  9.91804662e-03
 6.98222500e+03  1.03190536e-02
 6.98312600e+03  1.06175811e-02
 6.98402600e+03  1.07735239e-02
 6.98492600e+03  1.08620020e-02
 6.98582600e+03  1.08977530e-02
 6.98672600e+03  1.08880360e-02
 6.98762700e+03  1.08592302e-02
 6.98852700e+03  1.08253723e-02
 6.98942700e+03  1.07595812e-02
 6.99032700e+03  1.06576520e-02
 6.99122700e+03  1.06066194e-02
 6.99212800e+03  1.06801298e-02
 6.99302800e+03  1.08186782e-02
 6.99392800e+03  1.09065287e-02
 6.99482800e+03  1.08957971e-02
 6.99572900e+03  1.08203622e-02
 6.99662900e+03  1.07813163e-02
 6.99752900e+03  1.08166594e-02
 6.99843000e+03  1.08613639e-02
 6.99933000e+03  1.08430491e-02
 7.00023000e+03  1.06981517e-02
 7.00113100e+03  1.04894191e-02
 7.00203100e+03  1.04188709e-02
 7.00293100e+03  1.05597393e-02
 7.00383100e+03  1.07326685e-02
 7.00473100e+03  1.07267902e-02
 7.00563200e+03  1.05727615e-02
 7.00653200e+03  1.04593581e-02
 7.00743200e+03  1.04494528e-02
 7.00833200e+03  1.04961865e-02
 7.00923200e+03  1.05779809e-02
 7.01013300e+03  1.06869390e-02
 7.01103300e+03  1.07581796e-02
 7.01193300e+03  1.07280663e-02
 7.01283300e+03  1.06625785e-02
 7.01373400e+03  1.06677351e-02
 7.01463400e+03  1.07340074e-02
 7.01553400e+03  1.07306394e-02
 7.01643400e+03  1.05146478e-02
 7.01733500e+03  1.01325707e-02
 7.01823500e+03  9.93052079e-03
 7.01913500e+03  1.01592522e-02
 7.02003500e+03  1.05748430e-02
 7.02093600e+03  1.08477037e-02
 7.02183600e+03  1.09533879e-02
 7.02273600e+03  1.09507730e-02
 7.02363700e+03  1.08025494e-02
 7.02453700e+03  1.05266973e-02
 7.02543700e+03  1.02999825e-02
 7.02633700e+03  1.02892342e-02
 7.02723700e+03  1.04579450e-02
 7.02813800e+03  1.06194534e-02
 7.02903800e+03  1.06878908e-02
 7.02993800e+03  1.07181401e-02
 7.03083800e+03  1.07496864e-02
 7.03173800e+03  1.07838162e-02
 7.03263900e+03  1.07904371e-02
 7.03353900e+03  1.07524686e-02
 7.03443900e+03  1.07165502e-02
 7.03533900e+03  1.07012582e-02
 7.03624000e+03  1.06945536e-02
 7.03714000e+03  1.07476677e-02
 7.03804000e+03  1.07826656e-02
 7.03894000e+03  1.06077700e-02
 7.03984100e+03  1.03396141e-02
 7.04074100e+03  1.03561455e-02
 7.04164100e+03  1.07065822e-02
 7.04254200e+03  1.10690610e-02
 7.04344200e+03  1.12449085e-02
 7.04434200e+03  1.12533599e-02
 7.04524200e+03  1.11280743e-02
 7.04614300e+03  1.09330439e-02
 7.04704300e+03  1.08314494e-02
 7.04794300e+03  1.09068215e-02
 7.04884300e+03  1.10612581e-02
 7.04974300e+03  1.11810315e-02
 7.05064400e+03  1.12149312e-02
 7.05154400e+03  1.11651119e-02
 7.05244400e+03  1.10381319e-02
 7.05334400e+03  1.07817033e-02
 7.05424400e+03  1.04290001e-02
 7.05514500e+03  1.01859546e-02
 7.05604500e+03  1.01699001e-02
 7.05694500e+03  1.03143666e-02
 7.05784600e+03  1.05062278e-02
 7.05874600e+03  1.06375590e-02
 7.05964600e+03  1.06285533e-02
 7.06054600e+03  1.04647971e-02
 7.06144700e+03  1.02511736e-02
 7.06234700e+03  1.01694859e-02
 7.06324700e+03  1.02503369e-02
 7.06414800e+03  1.03541519e-02
 7.06504800e+03  1.04464216e-02
 7.06594800e+03  1.05490914e-02
 7.06684800e+03  1.05634734e-02
 7.06774800e+03  1.04258350e-02
 7.06864900e+03  1.02007602e-02
 7.06954900e+03  9.98887931e-03
 7.07044900e+03  9.95081145e-03
 7.07134900e+03  1.01640469e-02
 7.07224900e+03  1.04386585e-02
 7.07315000e+03  1.05626575e-02
 7.07405000e+03  1.05657118e-02
 7.07495000e+03  1.05687450e-02
 7.07585000e+03  1.05838592e-02
 7.07675100e+03  1.05758785e-02
 7.07765100e+03  1.05535053e-02
 7.07855100e+03  1.05539551e-02
 7.07945100e+03  1.05889112e-02
 7.08035100e+03  1.06236163e-02
 7.08125200e+03  1.06601937e-02
 7.08215200e+03  1.07092180e-02
 7.08305200e+03  1.06974509e-02
 7.08395300e+03  1.05427842e-02
 7.08485300e+03  1.02372592e-02
 7.08575300e+03  9.89943892e-03
 7.08665400e+03  9.75889587e-03
 7.08755400e+03  9.85345625e-03
 7.08845400e+03  9.93529039e-03
 7.08935400e+03  9.91797968e-03
 7.09025400e+03  9.89920986e-03
 7.09115500e+03  9.86824514e-03
 7.09205500e+03  9.82559491e-03
 7.09295500e+03  9.84323509e-03
 7.09385500e+03  9.87155561e-03
 7.09475500e+03  9.86288353e-03
 7.09565600e+03  9.86997412e-03
 7.09655600e+03  9.87831463e-03
 7.09745600e+03  9.87065713e-03
 7.09835600e+03  9.88209579e-03
 7.09925700e+03  9.94397712e-03
 7.10015700e+03  1.00966617e-02
 7.10105700e+03  1.02252588e-02
 7.10195800e+03  1.02433205e-02
 7.10285800e+03  1.01776026e-02
 7.10375800e+03  1.00812118e-02
 7.10465800e+03  1.00515493e-02
 7.10555900e+03  1.01469883e-02
 7.10645900e+03  1.02804878e-02
 7.10735900e+03  1.03035461e-02
 7.10825900e+03  1.02002132e-02
 7.10916000e+03  1.01110573e-02
 7.11006000e+03  1.01241246e-02
 7.11096000e+03  1.01335822e-02
 7.11186000e+03  1.00290485e-02
 7.11276000e+03  9.89431684e-03
 7.11366100e+03  9.88005093e-03
 7.11456100e+03  9.99377547e-03
 7.11546100e+03  1.01176866e-02
 7.11636100e+03  1.01814905e-02
 7.11726100e+03  1.02242683e-02
 7.11816200e+03  1.02540783e-02
 7.11906200e+03  1.02377278e-02
 7.11996200e+03  1.02082169e-02
 7.12086300e+03  1.01885978e-02
 7.12176300e+03  1.01703405e-02
 7.12266300e+03  1.01204020e-02
 7.12356300e+03  1.00286239e-02
 7.12446300e+03  1.00238710e-02
 7.12536400e+03  1.01195621e-02
 7.12626400e+03  1.01156878e-02
 7.12716400e+03  9.99235714e-03
 7.12806500e+03  9.91338058e-03
 7.12896500e+03  9.94867559e-03
 7.12986500e+03  1.00200041e-02
 7.13076500e+03  9.97602127e-03
 7.13166600e+03  9.77915306e-03
 7.13256600e+03  9.61976383e-03
 7.13346600e+03  9.67765794e-03
 7.13436600e+03  9.87012160e-03
 7.13526600e+03  1.00542343e-02
 7.13616700e+03  1.01780607e-02
 7.13706700e+03  1.02374182e-02
 7.13796700e+03  1.02725876e-02
 7.13886700e+03  1.02849070e-02
 7.13976700e+03  1.02229567e-02
 7.14066800e+03  1.01010119e-02
 7.14156800e+03  1.00707992e-02
 7.14246800e+03  1.01733497e-02
 7.14336800e+03  1.02473663e-02
 7.14426900e+03  1.02239984e-02
 7.14516900e+03  1.01957428e-02
 7.14606900e+03  1.01895350e-02
 7.14697000e+03  1.01887662e-02
 7.14787000e+03  1.01633691e-02
 7.14877000e+03  1.00000460e-02
 7.14967100e+03  9.76031420e-03
 7.15057100e+03  9.72059790e-03
 7.15147100e+03  9.89182431e-03
 7.15237100e+03  1.00569433e-02
 7.15327100e+03  1.01861000e-02
 7.15417200e+03  1.03339355e-02
 7.15507200e+03  1.04143838e-02
 7.15597200e+03  1.03380535e-02
 7.15687200e+03  1.02142093e-02
 7.15777200e+03  1.02440663e-02
 7.15867300e+03  1.03911696e-02
 7.15957300e+03  1.04283788e-02
 7.16047300e+03  1.03242415e-02
 7.16137300e+03  1.02131016e-02
 7.16227400e+03  1.01954844e-02
 7.16317400e+03  1.02798100e-02
 7.16407400e+03  1.03224916e-02
 7.16497400e+03  1.01511000e-02
 7.16587500e+03  9.82377807e-03
 7.16677500e+03  9.64178555e-03
 7.16767500e+03  9.77985699e-03
 7.16857500e+03  1.00882438e-02
 7.16947600e+03  1.03318718e-02
 7.17037600e+03  1.04068047e-02
 7.17127600e+03  1.03730222e-02
 7.17217700e+03  1.03629066e-02
 7.17307700e+03  1.04337100e-02
 7.17397700e+03  1.05231306e-02
 7.17487700e+03  1.05644461e-02
 7.17577700e+03  1.05263312e-02
 7.17667800e+03  1.03837987e-02
 7.17757800e+03  1.02129907e-02
 7.17847800e+03  1.02034316e-02
 7.17937800e+03  1.03653688e-02
 7.18027800e+03  1.04419397e-02
 7.18117900e+03  1.02668976e-02
 7.18207900e+03  9.96995887e-03
 7.18297900e+03  9.82157945e-03
 7.18387900e+03  9.97580581e-03
 7.18478000e+03  1.02781365e-02
 7.18568000e+03  1.04563970e-02
 7.18658000e+03  1.04460043e-02
 7.18748000e+03  1.02877280e-02
 7.18838100e+03  1.00094890e-02
 7.18928100e+03  9.77480708e-03
 7.19018100e+03  9.73667646e-03
 7.19108200e+03  9.84509482e-03
 7.19198200e+03  1.00207017e-02
 7.19288200e+03  1.01591654e-02
 7.19378200e+03  1.01461839e-02
 7.19468300e+03  1.00519635e-02
 7.19558300e+03  1.00590300e-02
 7.19648300e+03  1.01868427e-02
 7.19738300e+03  1.02441814e-02
 7.19828300e+03  1.01478303e-02
 7.19918400e+03  1.00956001e-02
 7.20008400e+03  1.02056951e-02
 7.20098400e+03  1.03332996e-02
 7.20188400e+03  1.03557146e-02
 7.20278400e+03  1.02785005e-02
 7.20368500e+03  1.01945221e-02
 7.20458500e+03  1.02442985e-02
 7.20548500e+03  1.04225548e-02
 7.20638600e+03  1.05332973e-02
 7.20728600e+03  1.03915933e-02
 7.20818600e+03  1.00175555e-02
 7.20908600e+03  9.70362190e-03
 7.20998700e+03  9.69578240e-03
 7.21088700e+03  9.91883005e-03
 7.21178700e+03  1.02212455e-02
 7.21268800e+03  1.04624960e-02
 7.21358800e+03  1.04988014e-02
 7.21448800e+03  1.03737763e-02
 7.21538800e+03  1.02475316e-02
 7.21628800e+03  1.01868625e-02
 7.21718900e+03  1.01834150e-02
 7.21808900e+03  1.02673787e-02
 7.21898900e+03  1.04313702e-02
 7.21988900e+03  1.05385899e-02
 7.22078900e+03  1.05087172e-02
 7.22169000e+03  1.04174945e-02
 7.22259000e+03  1.03487872e-02
 7.22349000e+03  1.03113354e-02
 7.22439000e+03  1.02816290e-02
 7.22529100e+03  1.03028087e-02
 7.22619100e+03  1.04179610e-02
 7.22709100e+03  1.05456711e-02
 7.22799100e+03  1.06144432e-02
 7.22889200e+03  1.06114518e-02
 7.22979200e+03  1.05214570e-02
 7.23069200e+03  1.04395727e-02
 7.23159200e+03  1.04862080e-02
 7.23249300e+03  1.06263463e-02
 7.23339300e+03  1.07431177e-02
 7.23429300e+03  1.07944118e-02
 7.23519400e+03  1.08151951e-02
 7.23609400e+03  1.07994952e-02
 7.23699400e+03  1.07095213e-02
 7.23789400e+03  1.06028121e-02
 7.23879400e+03  1.05654921e-02
 7.23969500e+03  1.05775521e-02
 7.24059500e+03  1.05517481e-02
 7.24149500e+03  1.05248669e-02
 7.24239500e+03  1.05918922e-02
 7.24329500e+03  1.07106824e-02
 7.24419600e+03  1.07349697e-02
 7.24509600e+03  1.06188676e-02
 7.24599600e+03  1.04445054e-02
 7.24689600e+03  1.03612268e-02
 7.24779700e+03  1.04660000e-02
 7.24869700e+03  1.06775567e-02
 7.24959700e+03  1.08305185e-02
 7.25049800e+03  1.08310415e-02
 7.25139800e+03  1.06847215e-02
 7.25229800e+03  1.04751940e-02
 7.25319800e+03  1.03495361e-02
 7.25409900e+03  1.04000708e-02
 7.25499900e+03  1.05406400e-02
 7.25589900e+03  1.06301013e-02
 7.25679900e+03  1.06655699e-02
 7.25770000e+03  1.07367792e-02
 7.25860000e+03  1.08479024e-02
 7.25950000e+03  1.09294876e-02
 7.26040000e+03  1.08535401e-02
 7.26130000e+03  1.07038522e-02
 7.26220100e+03  1.04444008e-02
 7.26310100e+03  1.02271426e-02
 7.26400100e+03  1.02940571e-02
 7.26490100e+03  1.05608271e-02
 7.26580100e+03  1.07597799e-02
 7.26670200e+03  1.08392314e-02
 7.26760200e+03  1.08858918e-02
 7.26850200e+03  1.09307637e-02
 7.26940300e+03  1.09361818e-02
 7.27030300e+03  1.08921676e-02
 7.27120300e+03  1.08313762e-02
 7.27210300e+03  1.07657733e-02
 7.27300300e+03  1.07119794e-02
 7.27390400e+03  1.07030677e-02
 7.27480400e+03  1.07416429e-02
 7.27570400e+03  1.07906672e-02
 7.27660500e+03  1.08295457e-02
 7.27750500e+03  1.08745222e-02
 7.27840500e+03  1.08964037e-02
 7.27930500e+03  1.08457372e-02
 7.28020600e+03  1.07704906e-02
 7.28110600e+03  1.07395510e-02
 7.28200600e+03  1.07101698e-02
 7.28290600e+03  1.06010653e-02
 7.28380600e+03  1.04342654e-02
 7.28470700e+03  1.03160956e-02
 7.28560700e+03  1.03032156e-02
 7.28650700e+03  1.03984903e-02
 7.28740700e+03  1.05693203e-02
 7.28830700e+03  1.06872423e-02
 7.28920800e+03  1.06244740e-02
 7.29010800e+03  1.04227316e-02
 7.29100800e+03  1.02765027e-02
 7.29190800e+03  1.02283224e-02
 7.29280900e+03  1.01950964e-02
 7.29370900e+03  1.01531312e-02
 7.29460900e+03  1.02124112e-02
 7.29551000e+03  1.04198542e-02
 7.29641000e+03  1.06844914e-02
 7.29731000e+03  1.09079826e-02
 7.29821100e+03  1.10219299e-02
 7.29911100e+03  1.09770999e-02
 7.30001100e+03  1.08411559e-02
 7.30091100e+03  1.07428981e-02
 7.30181100e+03  1.07468518e-02
 7.30271200e+03  1.08100071e-02
 7.30361200e+03  1.08555170e-02
 7.30451200e+03  1.08867077e-02
 7.30541200e+03  1.09043008e-02
 7.30631200e+03  1.09939085e-02
 7.30721300e+03  1.09463904e-02
 7.30811300e+03  1.08106347e-02
 7.30901300e+03  1.06804540e-02
 7.30991300e+03  1.06588967e-02
 7.31081400e+03  1.07484940e-02
 7.31171400e+03  1.07889937e-02
 7.31261400e+03  1.07145211e-02
 7.31351500e+03  1.06915412e-02
 7.31441500e+03  1.08099025e-02
 7.31531500e+03  1.09549150e-02
 7.31621500e+03  1.09979564e-02
 7.31711500e+03  1.09310670e-02
 7.31801600e+03  1.08356855e-02
 7.31891600e+03  1.07841823e-02
 7.31981600e+03  1.08041079e-02
 7.32071700e+03  1.08693133e-02
 7.32161700e+03  1.09075014e-02
 7.32251700e+03  1.09157959e-02
 7.32341700e+03  1.09360353e-02
 7.32431700e+03  1.09125848e-02
 7.32521800e+03  1.08107184e-02
 7.32611800e+03  1.06658942e-02
 7.32701800e+03  1.05241765e-02
 7.32791800e+03  1.04801310e-02
 7.32881800e+03  1.06566688e-02
 7.32971900e+03  1.08797102e-02
 7.33061900e+03  1.09473840e-02
 7.33151900e+03  1.08959017e-02
 7.33241900e+03  1.08549836e-02
 7.33332000e+03  1.08714157e-02
 7.33422000e+03  1.09020624e-02
 7.33512000e+03  1.09130660e-02
 7.33602000e+03  1.09422902e-02
 7.33692100e+03  1.10247017e-02
 7.33782100e+03  1.11212442e-02
 7.33872100e+03  1.11713459e-02
 7.33962200e+03  1.11732704e-02
 7.34052200e+03  1.11709275e-02
 7.34142200e+03  1.11922651e-02
 7.34232200e+03  1.12331623e-02
 7.34322300e+03  1.12389361e-02
 7.34412300e+03  1.11246959e-02
 7.34502300e+03  1.08949185e-02
 7.34592300e+03  1.07212257e-02
 7.34682300e+03  1.07620601e-02
 7.34772400e+03  1.09418090e-02
 7.34862400e+03  1.10964130e-02
 7.34952400e+03  1.11744837e-02
 7.35042400e+03  1.11550707e-02
 7.35132400e+03  1.10167419e-02
 7.35222500e+03  1.08403296e-02
 7.35312500e+03  1.07700722e-02
 7.35402500e+03  1.08242531e-02
 7.35492600e+03  1.08571696e-02
 7.35582600e+03  1.07440068e-02
 7.35672600e+03  1.05969024e-02
 7.35762600e+03  1.03541017e-02
 7.35852700e+03  1.04214555e-02
 7.35942700e+03  1.06977752e-02
 7.36032700e+03  1.09805829e-02
 7.36122700e+03  1.10969674e-02
 7.36212800e+03  1.09958645e-02
 7.36302800e+03  1.07682941e-02
 7.36392800e+03  1.05730544e-02
 7.36482800e+03  1.05309544e-02
 7.36572900e+03  1.06269216e-02
 7.36662900e+03  1.07659511e-02
 7.36752900e+03  1.08706521e-02
 7.36842900e+03  1.09481685e-02
 7.36932900e+03  1.10132902e-02
 7.37023000e+03  1.10338853e-02
 7.37113000e+03  1.10364374e-02
 7.37203000e+03  1.10990488e-02
 7.37293000e+03  1.11767744e-02
 7.37383100e+03  1.12035825e-02
 7.37473100e+03  1.11386176e-02
 7.37563100e+03  1.10759121e-02
 7.37653100e+03  1.10167837e-02
 7.37743200e+03  1.09794951e-02
 7.37833200e+03  1.10129032e-02
 7.37923200e+03  1.11139224e-02
 7.38013200e+03  1.12065739e-02
 7.38103300e+03  1.12085613e-02
 7.38193300e+03  1.10960051e-02
 7.38283300e+03  1.09158901e-02
 7.38373400e+03  1.07855316e-02
 7.38463400e+03  1.07185794e-02
 7.38553400e+03  1.06744397e-02
 7.38643400e+03  1.05459849e-02
 7.38733400e+03  1.03924478e-02
 7.38823500e+03  1.03188046e-02
 7.38913500e+03  1.02886913e-02
 7.39003500e+03  1.02209223e-02
 7.39093500e+03  1.01806380e-02
 7.39183500e+03  1.03103187e-02
 7.39273600e+03  1.05285382e-02
 7.39363600e+03  1.06263881e-02
 7.39453600e+03  1.05836500e-02
 7.39543600e+03  1.05773115e-02
 7.39633700e+03  1.06915935e-02
 7.39723700e+03  1.08102477e-02
 7.39813700e+03  1.08453607e-02
 7.39903800e+03  1.08252991e-02
 7.39993800e+03  1.07509206e-02
 7.40083800e+03  1.06323501e-02
 7.40173800e+03  1.05417383e-02
 7.41000000e+03  1.13568476e-02
 7.43000000e+03  1.16323650e-02
 7.45000000e+03  1.16552820e-02
 7.47000000e+03  1.18124904e-02
 7.49000000e+03  1.17934957e-02
 7.51000000e+03  1.19011045e-02
 7.53000000e+03  1.20596308e-02
 7.55000000e+03  1.21494164e-02
 7.57000000e+03  1.20723288e-02
 7.59000000e+03  1.18162768e-02
 7.61000000e+03  1.16286100e-02
 7.63000000e+03  1.14804492e-02
 7.65000000e+03  1.13027085e-02
 7.67000000e+03  1.08543455e-02
 7.69000000e+03  1.11310239e-02
 7.71000000e+03  1.09623832e-02
 7.73000000e+03  1.10259464e-02
 7.75000000e+03  1.09485555e-02
 7.77000000e+03  1.11438893e-02
 7.79000000e+03  1.11745151e-02
 7.81000000e+03  1.12072852e-02
 7.83000000e+03  1.11911250e-02
 7.85000000e+03  1.11138283e-02
 7.87000000e+03  1.12488623e-02
 7.89000000e+03  1.11697665e-02
 7.91000000e+03  1.09483986e-02
 7.93000000e+03  1.09696631e-02
 7.95000000e+03  1.09660963e-02
 7.97000000e+03  1.12749381e-02
 7.99000000e+03  1.12911297e-02
 8.01000000e+03  1.14190615e-02
 8.03000000e+03  1.14848213e-02
 8.05000000e+03  1.14725312e-02
 8.07000000e+03  1.16211732e-02
 8.09000000e+03  1.15315445e-02
 8.11000000e+03  1.16412766e-02
 8.13000000e+03  1.18842540e-02
 8.15000000e+03  1.19872710e-02
 8.17000000e+03  1.20450187e-02
 8.19000000e+03  1.16568719e-02
 8.21000000e+03  1.16485983e-02
 8.23000000e+03  1.16879266e-02
 8.25000000e+03  1.17350682e-02
 8.27000000e+03  1.18101789e-02
 8.29000000e+03  1.17053523e-02
 8.31000000e+03  1.14225237e-02
 8.33000000e+03  1.13550276e-02
 8.35000000e+03  1.14031942e-02
 8.37000000e+03  1.14625736e-02
 8.39000000e+03  1.11474142e-02
 8.41000000e+03  1.14857731e-02
 8.43000000e+03  1.11244553e-02
 8.45000000e+03  1.10331322e-02
 8.47000000e+03  1.09617660e-02
 8.49000000e+03  1.10854617e-02
 8.51000000e+03  1.06704546e-02
 8.53000000e+03  1.10997392e-02
 8.55000000e+03  1.05004018e-02
 8.57000000e+03  1.13533436e-02
 8.59000000e+03  1.11837614e-02
 8.61000000e+03  1.12670306e-02
 8.63000000e+03  1.14903858e-02
 8.65000000e+03  1.15142024e-02
 8.67000000e+03  1.06709985e-02
 8.69000000e+03  1.12542594e-02
 8.71000000e+03  1.15928066e-02
 8.73000000e+03  1.16481695e-02
 8.75000000e+03  1.14866203e-02
 8.77000000e+03  1.17371078e-02
 8.79000000e+03  1.18237346e-02
 8.81000000e+03  1.16341222e-02
 8.83000000e+03  1.17452245e-02
 8.85000000e+03  1.17112097e-02
 8.87000000e+03  1.12771451e-02
 8.89000000e+03  1.14914318e-02
 8.91000000e+03  1.16253884e-02
 8.93000000e+03  1.14739433e-02
 8.95000000e+03  1.14894026e-02
 8.97000000e+03  1.15397658e-02
 8.99000000e+03  1.15696803e-02
 9.01000000e+03  1.12091575e-02
 9.03000000e+03  1.15967917e-02
 9.05000000e+03  1.19122022e-02
 9.07000000e+03  1.18665772e-02
 9.09000000e+03  1.16320721e-02
 9.11000000e+03  1.17525985e-02
 9.13000000e+03  1.19256010e-02
 9.15000000e+03  1.18717652e-02
 9.17000000e+03  1.18281799e-02
 9.19000000e+03  1.18730413e-02
 9.21000000e+03  1.15417008e-02
 9.23000000e+03  1.13134087e-02
 9.25000000e+03  1.13400599e-02
 9.27000000e+03  1.14458905e-02
 9.29000000e+03  1.13694201e-02
 9.31000000e+03  1.14155680e-02
 9.33000000e+03  1.13922535e-02
 9.35000000e+03  1.13506659e-02
 9.37000000e+03  1.12022123e-02
 9.39000000e+03  1.13218810e-02
 9.41000000e+03  1.11115481e-02
 9.43000000e+03  1.13688762e-02
 9.45000000e+03  1.12131426e-02
 9.47000000e+03  1.13968766e-02
 9.49000000e+03  1.14338619e-02
 9.51000000e+03  1.13452478e-02
 9.53000000e+03  1.13901511e-02
 9.55000000e+03  1.11195288e-02
 9.57000000e+03  1.12615707e-02
 9.59000000e+03  1.14062694e-02
 9.61000000e+03  1.12749695e-02
 9.63000000e+03  1.13048422e-02
 9.65000000e+03  1.11514516e-02
 9.67000000e+03  1.11337016e-02
 9.69000000e+03  1.12566651e-02
 9.71000000e+03  1.11695468e-02
 9.73000000e+03  1.10978983e-02
 9.75000000e+03  1.10500977e-02
 9.77000000e+03  1.10868947e-02
 9.79000000e+03  1.09486078e-02
 9.81000000e+03  1.11847133e-02
 9.83000000e+03  1.11120606e-02
 9.85000000e+03  1.11687623e-02
 9.87000000e+03  1.11139538e-02
 9.89000000e+03  1.11131170e-02
 9.91000000e+03  1.10125894e-02
 9.93000000e+03  1.10688832e-02
 9.95000000e+03  1.10945198e-02
 9.97000000e+03  1.11181167e-02
 9.99000000e+03  1.10776379e-02
 1.00250000e+04  1.10000588e-02
 1.00750000e+04  1.08784968e-02
 1.01250000e+04  1.09814302e-02
 1.01750000e+04  1.08682464e-02
 1.02250000e+04  1.08878582e-02
 1.02750000e+04  1.08891971e-02
 1.03250000e+04  1.07578553e-02
 1.03750000e+04  1.07136529e-02
 1.04250000e+04  1.07130567e-02
 1.04750000e+04  1.05502942e-02
 1.05250000e+04  1.04811874e-02
 1.05750000e+04  1.03371289e-02
 1.06250000e+04  1.03171028e-02
 1.06750000e+04  1.01963411e-02
 1.07250000e+04  1.02075350e-02
 1.07750000e+04  1.01680697e-02
 1.08250000e+04  1.00469021e-02
 1.08750000e+04  9.97939555e-03
 1.09250000e+04  9.84604560e-03
 1.09750000e+04  9.70658616e-03
 1.10250000e+04  9.66009306e-03
 1.10750000e+04  9.56547097e-03
 1.11250000e+04  9.52073718e-03
 1.11750000e+04  9.47121496e-03
 1.12250000e+04  9.48535640e-03
 1.12750000e+04  9.37023759e-03
 1.13250000e+04  9.34347556e-03
 1.13750000e+04  9.26407747e-03
 1.14250000e+04  9.18677341e-03
 1.14750000e+04  9.29989337e-03
 1.15250000e+04  9.26556693e-03
 1.15750000e+04  9.17670705e-03
 1.16250000e+04  9.05938231e-03
 1.16750000e+04  9.04692069e-03
 1.17250000e+04  9.09867081e-03
 1.17750000e+04  8.91210952e-03
 1.18250000e+04  8.88564140e-03
 1.18750000e+04  8.79692273e-03
 1.19250000e+04  8.91117757e-03
 1.19750000e+04  8.63741008e-03
 1.20250000e+04  8.76303873e-03
 1.20750000e+04  8.69669846e-03
 1.21250000e+04  8.70395013e-03
 1.21750000e+04  8.72901770e-03
 1.22250000e+04  8.67004520e-03
 1.22750000e+04  8.60363380e-03
 1.23250000e+04  8.56948726e-03
 1.23750000e+04  8.54448454e-03
 1.24250000e+04  8.44781026e-03
 1.24750000e+04  8.45123998e-03
 1.25250000e+04  8.36835256e-03
 1.25750000e+04  8.36683277e-03
 1.26250000e+04  8.32993848e-03
 1.26750000e+04  8.24266952e-03
 1.27250000e+04  8.27120342e-03
 1.27750000e+04  8.26540041e-03
 1.28250000e+04  7.98942802e-03
 1.28750000e+04  8.11945181e-03
 1.29250000e+04  8.04501055e-03
 1.29750000e+04  8.09083110e-03
 1.30250000e+04  8.02343754e-03
 1.30750000e+04  8.02717791e-03
 1.31250000e+04  7.87302687e-03
 1.31750000e+04  7.88277421e-03
 1.32250000e+04  7.88310368e-03
 1.32750000e+04  7.75446475e-03
 1.33250000e+04  7.64717185e-03
 1.33750000e+04  7.47150428e-03
 1.34250000e+04  7.46384573e-03
 1.34750000e+04  7.44988943e-03
 1.35250000e+04  7.40698189e-03
 1.35750000e+04  7.30913091e-03
 1.36250000e+04  7.28439909e-03
 1.36750000e+04  7.29209320e-03
 1.37250000e+04  7.29158905e-03
 1.37750000e+04  7.26127073e-03
 1.38250000e+04  7.25072009e-03
 1.38750000e+04  7.18932514e-03
 1.39250000e+04  7.02829061e-03
 1.39750000e+04  6.99000205e-03
 1.40250000e+04  6.90049995e-03
 1.40750000e+04  6.90036607e-03
 1.41250000e+04  6.81080016e-03
 1.41750000e+04  6.82310593e-03
 1.42250000e+04  6.75776351e-03
 1.42750000e+04  6.68116652e-03
 1.43250000e+04  6.79353548e-03
 1.43750000e+04  6.83122784e-03
 1.44250000e+04  6.70446328e-03
 1.44750000e+04  6.78997293e-03
 1.45250000e+04  6.72996388e-03
 1.45700000e+04  6.74339615e-03
 1.46200000e+04  6.59145732e-03
 1.46750000e+04  6.60544081e-03
 1.47250000e+04  6.62911412e-03
 1.47750000e+04  6.62545533e-03
 1.48250000e+04  6.64912550e-03
 1.48750000e+04  6.58822947e-03
 1.49250000e+04  6.73081006e-03
 1.49750000e+04  6.70226047e-03
 1.50250000e+04  6.55814336e-03
 1.50750000e+04  6.60009907e-03
 1.51250000e+04  6.68522800e-03
 1.51750000e+04  6.71111456e-03
 1.52250000e+04  6.73559535e-03
 1.52750000e+04  6.72640028e-03
 1.53250000e+04  6.73920288e-03
 1.53750000e+04  6.73506086e-03
 1.54250000e+04  6.69018482e-03
 1.54750000e+04  6.79241735e-03
 1.55250000e+04  6.76858924e-03
 1.55750000e+04  6.53691343e-03
 1.56250000e+04  6.66316966e-03
 1.56750000e+04  6.66315502e-03
 1.57250000e+04  6.68639738e-03
 1.57750000e+04  6.36583555e-03
 1.58250000e+04  6.45902049e-03
 1.58750000e+04  6.44983274e-03
 1.59250000e+04  6.59871631e-03
 1.59750000e+04  6.49928278e-03
 1.60500000e+04  6.52441834e-03
 1.61500000e+04  6.59710657e-03
 1.62500000e+04  6.41728861e-03
 1.63500000e+04  6.54812617e-03
 1.64500000e+04  6.32147099e-03
 1.65500000e+04  6.46110509e-03
 1.66500000e+04  6.30430253e-03
 1.67500000e+04  6.23482855e-03
 1.68500000e+04  6.12533285e-03
 1.69500000e+04  6.15564594e-03
 1.70500000e+04  6.02859582e-03
 1.71500000e+04  5.92961310e-03
 1.72500000e+04  5.79855381e-03
 1.73500000e+04  5.62889321e-03
 1.74500000e+04  5.57924443e-03
 1.75500000e+04  5.43056064e-03
 1.76500000e+04  5.38605383e-03
 1.77500000e+04  5.19043240e-03
 1.78500000e+04  5.10510788e-03
 1.79500000e+04  5.06774814e-03
 1.80500000e+04  4.94806893e-03
 1.81500000e+04  4.87076800e-03
 1.82500000e+04  4.81029245e-03
 1.83500000e+04  4.74444379e-03
 1.84500000e+04  4.65514461e-03
 1.85500000e+04  4.61886639e-03
 1.86500000e+04  4.52285526e-03
 1.87500000e+04  4.41792205e-03
 1.88500000e+04  4.40514037e-03
 1.89500000e+04  4.26994115e-03
 1.90500000e+04  4.27865926e-03
 1.91500000e+04  4.20380379e-03
 1.92500000e+04  4.14156057e-03
 1.93500000e+04  4.04164903e-03
 1.94500000e+04  3.94697464e-03
 1.95500000e+04  3.89133982e-03
 1.96500000e+04  3.82713331e-03
 1.97500000e+04  3.72674273e-03
 1.98500000e+04  3.70253598e-03
 1.99500000e+04  3.66193061e-03
 2.00500000e+04  3.64059817e-03
 2.01500000e+04  3.60042688e-03
 2.02500000e+04  3.53418911e-03
 2.03500000e+04  3.48917500e-03
 2.04500000e+04  3.46830175e-03
 2.05500000e+04  3.42032128e-03
 2.06500000e+04  3.38822483e-03
 2.07500000e+04  3.36258930e-03
 2.08500000e+04  3.33365375e-03
 2.09500000e+04  3.28404158e-03
 2.10500000e+04  3.27718738e-03
 2.11500000e+04  3.23397651e-03
 2.12500000e+04  3.20433180e-03
 2.13500000e+04  3.17104818e-03
 2.14500000e+04  3.13578141e-03
 2.15500000e+04  3.08904669e-03
 2.16500000e+04  3.03865737e-03
 2.17500000e+04  2.99853732e-03
 2.18500000e+04  2.95956052e-03
 2.19500000e+04  2.93483288e-03
 2.20500000e+04  2.98610709e-03
 2.21500000e+04  2.99157120e-03
 2.22500000e+04  2.92853723e-03
 2.23500000e+04  2.88096469e-03
 2.24500000e+04  2.84343968e-03
 2.25500000e+04  2.80784866e-03
 2.26500000e+04  2.74053042e-03
 2.27500000e+04  2.73717287e-03
 2.28500000e+04  2.68327225e-03
 2.29500000e+04  2.26504562e-03
 2.30500000e+04  2.41360598e-03
 2.31500000e+04  2.40379380e-03
 2.32500000e+04  2.09306612e-03
 2.33500000e+04  2.23214482e-03
 2.34500000e+04  2.13463482e-03
 2.35500000e+04  1.94194209e-03
 2.36500000e+04  2.07176087e-03
 2.37500000e+04  1.98745408e-03
 2.38500000e+04  1.84124295e-03
 2.39500000e+04  1.94038674e-03
 2.40500000e+04  1.90208145e-03
 2.41500000e+04  1.76847105e-03
 2.42500000e+04  1.82528154e-03
 2.43500000e+04  1.77212983e-03
 2.44500000e+04  1.71350877e-03
 2.45500000e+04  1.70354387e-03
 2.46500000e+04  1.71230905e-03
 2.47500000e+04  1.65316711e-03
 2.48500000e+04  1.53070668e-03
 2.49500000e+04  1.49489706e-03
 2.50500000e+04  1.52393616e-03
 2.51500000e+04  1.46420010e-03
 2.52500000e+04  1.49029900e-03
 2.53500000e+04  1.50292901e-03
 2.54500000e+04  1.48495098e-03
 2.55500000e+04  1.48361110e-03
 2.56500000e+04  1.49572337e-03
 2.57500000e+04  1.50775509e-03
 2.58500000e+04  1.47617953e-03
 2.59500000e+04  1.50917760e-03
 2.60500000e+04  1.50370721e-03
 2.61500000e+04  1.48683895e-03
 2.62500000e+04  1.43737740e-03
 2.63500000e+04  1.44233318e-03
 2.64500000e+04  1.42477040e-03
 2.65500000e+04  1.40597128e-03
 2.66500000e+04  1.38829449e-03
 2.67500000e+04  1.39371049e-03
 2.68500000e+04  1.37793212e-03
 2.69500000e+04  1.36252717e-03
 2.70500000e+04  1.36303864e-03
 2.71500000e+04  1.34021884e-03
 2.72500000e+04  1.32896009e-03
 2.73500000e+04  1.30945181e-03
 2.74500000e+04  1.30499287e-03
 2.75500000e+04  1.29967100e-03
 2.76500000e+04  1.27796829e-03
 2.77500000e+04  1.26200061e-03
 2.78500000e+04  1.25103786e-03
 2.79500000e+04  1.24467840e-03
 2.80500000e+04  1.21325659e-03
 2.81500000e+04  1.21369276e-03
 2.82500000e+04  1.21365510e-03
 2.83500000e+04  1.20462843e-03
 2.84500000e+04  1.19608186e-03
 2.85500000e+04  1.16852698e-03
 2.86500000e+04  1.15494619e-03
 2.87500000e+04  1.15990615e-03
 2.88500000e+04  1.14185595e-03
 2.89500000e+04  1.13670771e-03
 2.90500000e+04  1.12365094e-03
 2.91500000e+04  1.11611582e-03
 2.92500000e+04  1.09967431e-03
 2.93500000e+04  1.09009641e-03
 2.94500000e+04  1.06024251e-03
 2.95500000e+04  1.06313878e-03
 2.96500000e+04  1.04196188e-03
 2.97500000e+04  1.03277989e-03
 2.98500000e+04  1.03131031e-03
 2.99500000e+04  1.01985606e-03
 3.00500000e+04  1.02194548e-03
 3.01500000e+04  1.01322904e-03
 3.02500000e+04  1.00221232e-03
 3.03500000e+04  9.88190020e-04
 3.04500000e+04  9.81560072e-04
 3.05500000e+04  9.71938040e-04
 3.06500000e+04  9.62314752e-04
 3.07500000e+04  9.54659969e-04
 3.08500000e+04  9.43958815e-04
 3.09500000e+04  9.36291166e-04
 3.10500000e+04  9.29702639e-04
 3.11500000e+04  9.18171826e-04
 3.12500000e+04  9.14637305e-04
 3.13500000e+04  9.07740322e-04
 3.14500000e+04  9.00036379e-04
 3.15500000e+04  8.91909343e-04
 3.16500000e+04  8.85479906e-04
 3.17500000e+04  8.81235384e-04
 3.18500000e+04  8.75434781e-04
 3.19500000e+04  8.71164842e-04
 3.21000000e+04  8.64487198e-04
 3.23000000e+04  8.62489302e-04
 3.25000000e+04  8.75198393e-04
 3.27000000e+04  9.34577040e-04
 3.29000000e+04  1.13537515e-03
 3.31000000e+04  1.12231629e-03
 3.33000000e+04  8.90837125e-04
 3.35000000e+04  8.03398818e-04
 3.37000000e+04  7.61472918e-04
 3.39000000e+04  7.35149664e-04
 3.41000000e+04  7.14850535e-04
 3.43000000e+04  6.99458337e-04
 3.45000000e+04  6.85344412e-04
 3.47000000e+04  6.71307261e-04
 3.49000000e+04  6.58472236e-04
 3.51000000e+04  6.46088230e-04
 3.53000000e+04  6.32528352e-04
 3.55000000e+04  6.21192194e-04
 3.57000000e+04  6.10275049e-04
 3.59000000e+04  5.99526408e-04
 3.61000000e+04  5.89371248e-04
 3.63000000e+04  5.78998109e-04
 3.65000000e+04  5.68262124e-04
 3.67000000e+04  5.59029295e-04
 3.69000000e+04  5.47983915e-04
 3.71000000e+04  5.39469977e-04
 3.73000000e+04  5.32366521e-04
 3.75000000e+04  5.21938050e-04
 3.77000000e+04  5.17347209e-04
 3.79000000e+04  5.10264882e-04
 3.81000000e+04  5.03999453e-04
 3.83000000e+04  4.97929305e-04
 3.85000000e+04  4.91446838e-04
 3.87000000e+04  4.83029338e-04
 3.89000000e+04  4.75813232e-04
 3.91000000e+04  4.67962853e-04
 3.93000000e+04  4.59632900e-04
 3.95000000e+04  4.50138161e-04
 3.97000000e+04  4.42572494e-04
 3.99000000e+04  4.33213522e-04
 4.01000000e+04  4.26252526e-04
 4.03000000e+04  4.19338076e-04
 4.05000000e+04  4.11095357e-04
 4.07000000e+04  4.04082795e-04
 4.09000000e+04  3.96059937e-04
 4.11000000e+04  3.88711203e-04
 4.13000000e+04  3.81743409e-04
 4.15000000e+04  3.74169897e-04
 4.17000000e+04  3.67090812e-04
 4.19000000e+04  3.60371853e-04
 4.21000000e+04  3.53388160e-04
 4.23000000e+04  3.47736502e-04
 4.25000000e+04  3.40612232e-04
 4.27000000e+04  3.34992581e-04
 4.29000000e+04  3.23138984e-04
 4.31000000e+04  3.11789228e-04
 4.33000000e+04  3.09156327e-04
 4.35000000e+04  2.98329554e-04
 4.37000000e+04  2.92060045e-04
 4.39000000e+04  2.86839952e-04
 4.41000000e+04  2.79026078e-04
 4.43000000e+04  2.74592655e-04
 4.45000000e+04  2.70264455e-04
 4.47000000e+04  2.63568298e-04
 4.49000000e+04  2.61240819e-04
 4.51000000e+04  2.57010103e-04
 4.53000000e+04  2.51855697e-04
 4.55000000e+04  2.48928671e-04
 4.57000000e+04  2.45086218e-04
 4.59000000e+04  2.39090856e-04
 4.61000000e+04  2.38251156e-04
 4.63000000e+04  2.33921807e-04
 4.65000000e+04  2.30571375e-04
 4.67000000e+04  2.29208483e-04
 4.69000000e+04  2.25725842e-04
 4.71000000e+04  2.22919938e-04
 4.73000000e+04  2.22500088e-04
 4.75000000e+04  2.18669977e-04
 4.77000000e+04  2.15465039e-04
 4.79000000e+04  2.13067375e-04
 4.81000000e+04  2.09148566e-04
 4.83000000e+04  2.08491596e-04
 4.85000000e+04  2.05231536e-04
 4.87000000e+04  2.02733041e-04
 4.89000000e+04  2.00409432e-04
 4.91000000e+04  1.97620369e-04
 4.93000000e+04  1.95461918e-04
 4.95000000e+04  1.92911753e-04
 4.97000000e+04  1.91797801e-04
 4.99000000e+04  1.89366353e-04
 5.01000000e+04  1.88270706e-04
 5.03000000e+04  1.86755836e-04
 5.05000000e+04  1.84248137e-04
 5.07000000e+04  1.83660410e-04
 5.09000000e+04  1.82833052e-04
 5.11000000e+04  1.81714184e-04
 5.13000000e+04  1.81362322e-04
 5.15000000e+04  1.80152979e-04
 5.17000000e+04  1.79899960e-04
 5.19000000e+04  1.78460190e-04
 5.21000000e+04  1.77766507e-04
 5.23000000e+04  1.76684980e-04
 5.25000000e+04  1.76163462e-04
 5.27000000e+04  1.75193331e-04
 5.29000000e+04  1.72859367e-04
 5.31000000e+04  1.71368763e-04
 5.33000000e+04  1.70486597e-04
 5.35000000e+04  1.68965661e-04
 5.37000000e+04  1.67541372e-04
 5.39000000e+04  1.66263936e-04
 5.41000000e+04  1.64779399e-04
 5.43000000e+04  1.62692910e-04
 5.45000000e+04  1.61562536e-04
 5.47000000e+04  1.60455802e-04
 5.49000000e+04  1.60054256e-04
 5.51000000e+04  1.59351787e-04
 5.53000000e+04  1.59622064e-04
 5.55000000e+04  1.58101651e-04
 5.57000000e+04  1.58250910e-04
 5.59000000e+04  1.57428363e-04
 5.61000000e+04  1.57167082e-04
 5.63000000e+04  1.56242659e-04
 5.65000000e+04  1.56209920e-04
 5.67000000e+04  1.56246215e-04
 5.69000000e+04  1.56168500e-04
 5.71000000e+04  1.56844611e-04
 5.73000000e+04  1.57091040e-04
 5.75000000e+04  1.57470725e-04
 5.77000000e+04  1.58009083e-04
 5.79000000e+04  1.59204933e-04
 5.81000000e+04  1.59943802e-04
 5.83000000e+04  1.61041856e-04
 5.85000000e+04  1.62389894e-04
 5.87000000e+04  1.64123370e-04
 5.89000000e+04  1.66248246e-04
 5.91000000e+04  1.68655219e-04
 5.93000000e+04  1.71534444e-04
 5.95000000e+04  1.74517847e-04
 5.97000000e+04  1.80988285e-04
 5.99000000e+04  1.89212073e-04
 6.01000000e+04  1.98365409e-04
 6.03000000e+04  2.08685204e-04
 6.05000000e+04  2.20415064e-04
 6.07000000e+04  2.38192687e-04
 6.09000000e+04  2.60348193e-04
 6.11000000e+04  2.86028389e-04
 6.13000000e+04  3.16250579e-04
 6.15000000e+04  3.50845840e-04
 6.17000000e+04  3.85033384e-04
 6.19000000e+04  4.17417268e-04
 6.21000000e+04  4.39754981e-04
 6.23000000e+04  4.44557106e-04
 6.25000000e+04  4.30925371e-04
 6.27000000e+04  3.95486435e-04
 6.29000000e+04  3.58515162e-04
 6.31000000e+04  3.24704583e-04
 6.33000000e+04  2.95668412e-04
 6.35000000e+04  2.70883248e-04
 6.37000000e+04  2.49391615e-04
 6.39000000e+04  2.30517717e-04
 6.42000000e+04  2.06354483e-04
 6.46000000e+04  1.81230112e-04
 6.50000000e+04  1.67271617e-04
 6.54000000e+04  1.55567698e-04
 6.58000000e+04  1.49047577e-04
 6.62000000e+04  1.44457782e-04
 6.66000000e+04  1.40903491e-04
 6.70000000e+04  1.38555825e-04
 6.74000000e+04  1.36485025e-04
 6.78000000e+04  1.35413330e-04
 6.82000000e+04  1.34697577e-04
 6.86000000e+04  1.34451357e-04
 6.90000000e+04  1.35854937e-04
 6.94000000e+04  1.37546051e-04
 6.98000000e+04  1.40127177e-04
 7.02000000e+04  1.42609145e-04
 7.06000000e+04  1.44230598e-04
 7.10000000e+04  1.44654737e-04
 7.14000000e+04  1.45130650e-04
 7.18000000e+04  1.48607226e-04
 7.22000000e+04  1.52578856e-04
 7.26000000e+04  1.59387036e-04
 7.30000000e+04  1.72181686e-04
 7.34000000e+04  1.84704491e-04
 7.38000000e+04  2.01963107e-04
 7.42000000e+04  2.21080506e-04
 7.46000000e+04  2.40426448e-04
 7.50000000e+04  2.61317488e-04
 7.54000000e+04  2.81819220e-04
 7.58000000e+04  2.94939375e-04
 7.62000000e+04  3.06031824e-04
 7.66000000e+04  3.12517428e-04
 7.70000000e+04  3.07843538e-04
 7.74000000e+04  3.03271525e-04
 7.78000000e+04  2.92305324e-04
 7.82000000e+04  2.79253052e-04
 7.86000000e+04  2.64966438e-04
 7.90000000e+04  2.47606468e-04
 7.94000000e+04  2.30523679e-04
 7.98000000e+04  2.15043829e-04
 8.02000000e+04  2.00014058e-04
 8.06000000e+04  1.86242790e-04
 8.10000000e+04  1.75131096e-04
 8.14000000e+04  1.64134248e-04
 8.18000000e+04  1.58396926e-04
 8.22000000e+04  1.54294969e-04
 8.26000000e+04  1.50886277e-04
 8.30000000e+04  1.49293273e-04
 8.34000000e+04  1.47725269e-04
 8.38000000e+04  1.48959088e-04
 8.42000000e+04  1.50891925e-04
 8.46000000e+04  1.53451504e-04
 8.50000000e+04  1.57059243e-04
 8.54000000e+04  1.60899500e-04
 8.58000000e+04  1.59691307e-04
 8.62000000e+04  1.55244077e-04
 8.66000000e+04  1.48642370e-04
 8.70000000e+04  1.36950479e-04
 8.74000000e+04  1.25412764e-04
 8.78000000e+04  1.16066970e-04
 8.82000000e+04  1.07447390e-04
 8.86000000e+04  9.92497404e-05
 8.90000000e+04  9.19780728e-05
 8.94000000e+04  8.49720069e-05
 8.98000000e+04  8.07234682e-05
 9.02000000e+04  7.70627300e-05
 9.06000000e+04  7.39855142e-05
 9.10000000e+04  7.28539066e-05
 9.14000000e+04  7.18749889e-05
 9.18000000e+04  7.12532365e-05
 9.22000000e+04  7.09860554e-05
 9.26000000e+04  7.02929996e-05
 9.30000000e+04  6.83944807e-05
 9.34000000e+04  6.64971229e-05
 9.38000000e+04  6.50860546e-05
 9.42000000e+04  6.37325353e-05
 9.46000000e+04  6.27691396e-05
 9.50000000e+04  6.27607405e-05
 9.54000000e+04  6.27249895e-05
 9.58000000e+04  6.27270500e-05
 9.62000000e+04  6.27153248e-05
 9.66000000e+04  6.26086887e-05
 9.70000000e+04  6.16090400e-05
 9.74000000e+04  6.06175497e-05
 9.78000000e+04  5.95005333e-05
 9.82000000e+04  5.83140649e-05
 9.86000000e+04  5.75730726e-05
 9.90000000e+04  5.76587371e-05
 9.94000000e+04  5.77288794e-05
 9.98000000e+04  5.79465759e-05
 1.00000000e+05  5.80432962e-05
 1.00900000e+05  5.58351720e-05
 1.01900000e+05  5.21543826e-05
 1.02800000e+05  5.23301046e-05
 1.03800000e+05  5.53384855e-05
 1.04700000e+05  5.77920766e-05
 1.05700000e+05  5.71326695e-05
 1.06700000e+05  5.66011210e-05
 1.07600000e+05  5.56715936e-05
 1.08600000e+05  5.56880153e-05
 1.09600000e+05  6.46658072e-05
 1.10700000e+05  8.75609248e-05
 1.11700000e+05  1.21550018e-04
 1.12700000e+05  1.45335764e-04
 1.13800000e+05  1.26085005e-04
 1.14800000e+05  1.00318810e-04
 1.15900000e+05  8.32301629e-05
 1.16900000e+05  7.47899861e-05
 1.18000000e+05  7.28586867e-05
 1.19100000e+05  7.33992932e-05
 1.20200000e+05  7.18696126e-05
 1.21300000e+05  6.97928301e-05
 1.22500000e+05  7.15951621e-05
 1.23600000e+05  7.50646667e-05
 1.24700000e+05  7.93243553e-05
 1.25900000e+05  9.23931637e-05
 1.27100000e+05  1.08072144e-04
 1.28200000e+05  1.07665473e-04
 1.29400000e+05  7.63169681e-05
 1.30600000e+05  5.83438749e-05
 1.31800000e+05  5.47882038e-05
 1.33000000e+05  5.32223956e-05
 1.34300000e+05  5.23537747e-05
 1.35500000e+05  4.93239307e-05
 1.36800000e+05  4.62567771e-05
 1.38000000e+05  4.46619538e-05
 1.39300000e+05  4.40685470e-05
 1.40600000e+05  4.30265054e-05
 1.41900000e+05  4.18141912e-05
 1.43200000e+05  4.06041990e-05
 1.44500000e+05  3.52429534e-05
 1.45900000e+05  3.27200881e-05
 1.47200000e+05  3.40329926e-05
 1.48600000e+05  3.36786200e-05
 1.50000000e+05  3.48755690e-05
 1.51400000e+05  3.42199273e-05
 1.52800000e+05  3.31834397e-05
 1.54200000e+05  3.99368740e-05
 1.55600000e+05  4.51662549e-05
 1.57000000e+05  3.65547806e-05
 1.58500000e+05  3.31285998e-05
 1.60000000e+05  4.09250381e-05
 1.61400000e+05  4.12558869e-05
 1.62900000e+05  4.15232040e-05
 1.64400000e+05  4.18737798e-05
 1.66000000e+05  4.21643799e-05
 1.67500000e+05  4.24320944e-05
 1.69000000e+05  4.27589164e-05
 1.70600000e+05  4.30095817e-05
 1.72200000e+05  4.33343744e-05
 1.73800000e+05  4.35836486e-05
 1.75400000e+05  4.38607977e-05
 1.77000000e+05  4.41182094e-05
 1.78600000e+05  4.43597539e-05
 1.80300000e+05  4.46784696e-05
 1.82000000e+05  4.49079437e-05
 1.83700000e+05  4.52560510e-05
 1.85400000e+05  4.59627252e-05
 1.87100000e+05  4.65725118e-05
 1.88800000e+05  4.64557194e-05
 1.90500000e+05  4.62714624e-05
 1.92300000e+05  4.64234933e-05
 1.94100000e+05  4.66735937e-05
 1.95900000e+05  4.69443729e-05
 1.97700000e+05  4.72256536e-05
 1.99500000e+05  4.75053339e-05
 2.01400000e+05  4.77961224e-05
 2.03200000e+05  4.80908959e-05
 2.05100000e+05  4.84085762e-05
 2.07000000e+05  4.87206291e-05
 2.08900000e+05  4.90561116e-05
 2.10900000e+05  4.93968239e-05
 2.12800000e+05  4.97289175e-05
 2.14800000e+05  5.00877668e-05
 2.16800000e+05  5.04378615e-05
 2.18800000e+05  5.08208517e-05
 2.20800000e+05  5.11916668e-05
 2.22800000e+05  5.15701176e-05
 2.24900000e+05  5.19811814e-05
 2.27000000e+05  5.23830094e-05
 2.29100000e+05  5.28192288e-05
 2.31200000e+05  5.32360350e-05
 2.33300000e+05  5.36700264e-05
 2.35500000e+05  5.41211297e-05
 2.37700000e+05  5.45735301e-05
 2.39900000e+05  5.50346434e-05
 2.42100000e+05  5.54802554e-05
 2.44300000e+05  5.59428121e-05
 2.46600000e+05  5.64216858e-05
 2.48900000e+05  5.69004341e-05
 2.51200000e+05  5.73832720e-05
 2.53500000e+05  5.78666015e-05
 2.55900000e+05  5.83787369e-05
 2.58200000e+05  5.88713232e-05
 2.60600000e+05  5.93824754e-05
 2.63000000e+05  5.98984390e-05
 2.65500000e+05  6.04520155e-05
 2.67900000e+05  6.09636069e-05
 2.70400000e+05  6.15193276e-05
 2.72900000e+05  6.20828722e-05
 2.75400000e+05  6.26439691e-05
 2.78000000e+05  6.32316440e-05
 2.80500000e+05  6.38071125e-05
 2.83100000e+05  6.43955719e-05
 2.85800000e+05  6.50138412e-05
 2.88400000e+05  6.56043716e-05
 2.91100000e+05  6.62221808e-05
 2.93800000e+05  6.68382431e-05
 2.96500000e+05  6.74560000e-05
 2.99200000e+05  6.82744041e-05
 3.02000000e+05  6.91255364e-05
 3.04800000e+05  6.95509509e-05
 3.07600000e+05  6.99423611e-05
 3.10500000e+05  7.03016288e-05
 3.13300000e+05  7.06127090e-05
 3.16200000e+05  7.08957783e-05
 3.19200000e+05  7.11496233e-05
 3.22100000e+05  7.13645898e-05
 3.25100000e+05  7.15472779e-05
 3.28100000e+05  7.17856531e-05
 3.31100000e+05  7.23119717e-05
 3.34200000e+05  7.28842501e-05
 3.37300000e+05  7.26385845e-05
 3.40400000e+05  7.20929155e-05
 3.43600000e+05  7.18903123e-05
 3.46700000e+05  7.18382546e-05
 3.49900000e+05  7.17421515e-05
 3.53200000e+05  7.16009568e-05
 3.56500000e+05  7.14428907e-05
 3.59700000e+05  7.12785906e-05
 3.63100000e+05  7.10652872e-05
 3.66400000e+05  7.08268074e-05
 3.69800000e+05  7.05557353e-05
 3.73300000e+05  7.02744756e-05
 3.76700000e+05  6.99623076e-05
 3.80200000e+05  6.96591977e-05
 3.83700000e+05  6.92910497e-05
 3.87300000e+05  6.89584646e-05
 3.90800000e+05  6.85489383e-05
 3.94500000e+05  6.81659167e-05
 3.98100000e+05  6.77356071e-05
 4.01800000e+05  6.73113640e-05
 4.05500000e+05  6.68679799e-05
 4.09300000e+05  6.64301498e-05
 4.13000000e+05  6.59522384e-05
 4.16900000e+05  6.54667437e-05
 4.20700000e+05  6.50028795e-05
 4.24600000e+05  6.45300410e-05
 4.28500000e+05  6.40385321e-05
 4.32500000e+05  6.35400047e-05
 4.36500000e+05  6.30488304e-05
 4.40600000e+05  6.25517255e-05
 4.44600000e+05  6.20515455e-05
 4.48700000e+05  6.15462821e-05
 4.52900000e+05  6.10771673e-05
 4.57100000e+05  6.05792151e-05
 4.61300000e+05  6.00842336e-05
 4.65600000e+05  5.95853087e-05
 4.69900000e+05  5.91328247e-05
 4.74200000e+05  5.86531246e-05
 4.78600000e+05  5.81904215e-05
 4.83100000e+05  5.77184825e-05
 4.87500000e+05  5.72817089e-05
 4.92000000e+05  5.68436382e-05
 4.96600000e+05  5.64240706e-05
 5.01200000e+05  5.60034048e-05
 5.05800000e+05  5.56170989e-05
 5.10500000e+05  5.53035607e-05
 5.15200000e+05  5.51374512e-05
 5.20000000e+05  5.47706002e-05
 5.24800000e+05  5.42298682e-05
 5.29700000e+05  5.37387148e-05
 5.34600000e+05  5.33881181e-05
 5.39500000e+05  5.30588277e-05
 5.44500000e+05  5.27589812e-05
 5.49500000e+05  5.24457045e-05
 5.54600000e+05  5.21597693e-05
 5.59800000e+05  5.18819404e-05
 5.64900000e+05  5.16472888e-05
 5.70200000e+05  5.14604378e-05
 5.75400000e+05  5.12074086e-05
 5.80800000e+05  5.09051250e-05
 5.86100000e+05  5.06534660e-05
 5.91600000e+05  5.04281863e-05
 5.97000000e+05  5.02375384e-05
 6.02600000e+05  5.00390563e-05
 6.08100000e+05  4.98426033e-05
 6.13800000e+05  4.96623628e-05
 6.19400000e+05  4.94843711e-05
 6.25200000e+05  4.93226128e-05
 6.31000000e+05  4.91585951e-05
 6.36800000e+05  4.90098067e-05
 6.42700000e+05  4.88565521e-05
 6.48600000e+05  4.87012683e-05
 6.54600000e+05  4.85644248e-05
 6.60700000e+05  4.84076348e-05
 6.66800000e+05  4.82782804e-05
 6.73000000e+05  4.81292096e-05
 6.79200000e+05  4.79980771e-05
 6.85500000e+05  4.78518618e-05
 6.91800000e+05  4.77070062e-05
 6.98200000e+05  4.75751520e-05
 7.04700000e+05  4.74306207e-05
 7.11200000e+05  4.72796985e-05
 7.17800000e+05  4.71243938e-05
 7.24400000e+05  4.69849249e-05
 7.31100000e+05  4.68229051e-05
 7.37900000e+05  4.66567851e-05
 7.44700000e+05  4.64888346e-05
 7.51600000e+05  4.63170560e-05
 7.58600000e+05  4.61316484e-05
 7.65600000e+05  4.59484582e-05
 7.72700000e+05  4.57524969e-05
 7.79800000e+05  4.55560439e-05
 7.87000000e+05  4.53415376e-05
 7.94300000e+05  4.51249394e-05
 8.01700000e+05  4.48960197e-05
 8.09100000e+05  4.46591611e-05
 8.16600000e+05  4.44168426e-05
 8.24100000e+05  4.41647444e-05
 8.31800000e+05  4.39042889e-05
 8.39500000e+05  4.36338235e-05
 8.47200000e+05  4.33526683e-05
 8.55100000e+05  4.30549242e-05
 8.63000000e+05  4.27696480e-05
 8.71000000e+05  4.25229050e-05
 8.79000000e+05  4.23285858e-05
 8.87200000e+05  4.20038140e-05
 8.95400000e+05  4.15420313e-05
 9.03600000e+05  4.11315323e-05
 9.12000000e+05  4.07616480e-05
 9.20400000e+05  4.03964601e-05
 9.29000000e+05  4.00188148e-05
 9.37600000e+05  3.96309086e-05
 9.46200000e+05  3.92419668e-05
 9.55000000e+05  3.88359445e-05
 9.63800000e+05  3.84299849e-05
 9.72700000e+05  3.80174567e-05
 9.81700000e+05  3.75891240e-05
 9.90800000e+05  3.71557497e-05
 1.00000000e+06  3.67178255e-05
 1.00900000e+06  3.62891999e-05
 1.01900000e+06  3.57995318e-05
 1.02800000e+06  3.53638041e-05
 1.03800000e+06  3.48792508e-05
 1.04700000e+06  3.44378435e-05
 1.05700000e+06  3.39505079e-05
 1.06700000e+06  3.34669901e-05
 1.07600000e+06  3.30240871e-05
 1.08600000e+06  3.25392514e-05
 1.09600000e+06  3.20507548e-05
 1.10700000e+06  3.15174805e-05
 1.11700000e+06  3.10316197e-05
 1.12700000e+06  3.05505076e-05
 1.13800000e+06  3.00285820e-05
 1.14800000e+06  2.95508484e-05
 1.15900000e+06  2.90348534e-05
 1.16900000e+06  2.85679560e-05
 1.18000000e+06  2.80582368e-05
 1.19100000e+06  2.75494589e-05
 1.20200000e+06  2.70496764e-05
 1.21300000e+06  2.65580837e-05
 1.22500000e+06  2.60271628e-05
 1.23600000e+06  2.55378190e-05
 1.24700000e+06  2.50570730e-05
 1.25900000e+06  2.45454293e-05
 1.27100000e+06  2.40371012e-05
 1.28200000e+06  2.35801613e-05
 1.29400000e+06  2.30881608e-05
 1.30600000e+06  2.25990680e-05
 1.31800000e+06  2.21238760e-05
 1.33000000e+06  2.16567066e-05
 1.34300000e+06  2.11553133e-05
 1.35500000e+06  2.07047434e-05
 1.36800000e+06  2.02218636e-05
 1.38000000e+06  1.97870145e-05
 1.39300000e+06  1.93265288e-05
 1.40600000e+06  1.88748188e-05
 1.41900000e+06  1.84316229e-05
 1.43200000e+06  1.79967320e-05
 1.44500000e+06  1.75699159e-05
 1.45900000e+06  1.71229650e-05
 1.47200000e+06  1.67167439e-05
 1.48600000e+06  1.62915386e-05
 1.50000000e+06  1.58707996e-05
 1.51400000e+06  1.54669110e-05
 1.52800000e+06  1.50710659e-05
 1.54200000e+06  1.46834107e-05
 1.55600000e+06  1.43089556e-05
 1.57000000e+06  1.39428786e-05
 1.58500000e+06  1.35589994e-05
 1.60000000e+06  1.31838225e-05
 1.61400000e+06  1.28416772e-05
 1.62900000e+06  1.24880577e-05
 1.64400000e+06  1.21453790e-05
 1.66000000e+06  1.17884751e-05
 1.67500000e+06  1.14667156e-05
 1.69000000e+06  1.11511588e-05
 1.70600000e+06  1.08256547e-05
 1.72200000e+06  1.05102652e-05
 1.73800000e+06  1.02014590e-05
 1.75400000e+06  9.90520532e-06
 1.77000000e+06  9.61794803e-06
 1.78600000e+06  9.33935341e-06
 1.80300000e+06  9.05027824e-06
 1.82000000e+06  8.77319085e-06
 1.83700000e+06  8.50476405e-06
 1.85400000e+06  8.24465580e-06
 1.87100000e+06  7.99255859e-06
 1.88800000e+06  7.75082166e-06
 1.90500000e+06  7.51379051e-06
 1.92300000e+06  7.27375745e-06
 1.94100000e+06  7.04129299e-06
 1.95900000e+06  6.81858109e-06
 1.97700000e+06  6.60034801e-06
 1.99500000e+06  6.39123888e-06
 2.01400000e+06  6.18017693e-06
 2.03200000e+06  5.98673320e-06
 2.05100000e+06  5.78897696e-06
 2.07000000e+06  5.59646100e-06
 2.08900000e+06  5.41191006e-06
 2.10900000e+06  5.22640624e-06
 2.12800000e+06  5.05598523e-06
 2.14800000e+06  4.88415739e-06
 2.16800000e+06  4.71778216e-06
 2.18800000e+06  4.55664512e-06
 2.20800000e+06  4.40443748e-06
 2.22800000e+06  4.25502570e-06
 2.24900000e+06  4.10655529e-06
 2.27000000e+06  3.96282727e-06
 2.29100000e+06  3.82545872e-06
 2.31200000e+06  3.69240477e-06
 2.33300000e+06  3.56524483e-06
 2.35500000e+06  3.43738096e-06
 2.37700000e+06  3.31361935e-06
 2.39900000e+06  3.19544424e-06
 2.42100000e+06  3.08261714e-06
 2.44300000e+06  2.97331808e-06
 2.46600000e+06  2.86508905e-06
 2.48900000e+06  2.76033052e-06
 2.51200000e+06  2.66041585e-06
 2.53500000e+06  2.56365476e-06
 2.55900000e+06  2.46800030e-06
 2.58200000e+06  2.37870426e-06
 2.60600000e+06  2.29180033e-06
 2.63000000e+06  2.20628649e-06
 2.65500000e+06  2.12187929e-06
 2.67900000e+06  2.04438799e-06
 2.70400000e+06  1.96784644e-06
 2.72900000e+06  1.89375348e-06
 2.75400000e+06  1.82326596e-06
 2.78000000e+06  1.75250545e-06
 2.80500000e+06  1.68765463e-06
 2.83100000e+06  1.62366360e-06
 2.85800000e+06  1.55945814e-06
 2.88400000e+06  1.50068019e-06
 2.91100000e+06  1.44275366e-06
 2.93800000e+06  1.38669207e-06
 2.96500000e+06  1.33350376e-06
 2.99200000e+06  1.28199944e-06
 3.02000000e+06  1.23130156e-06
 3.04800000e+06  1.18326148e-06
 3.07600000e+06  1.13776100e-06
 3.10500000e+06  1.09201576e-06
 3.13300000e+06  1.05036129e-06
 3.16200000e+06  1.00841656e-06
 3.19200000e+06  9.67210910e-07
 3.22100000e+06  9.29762154e-07
 3.25100000e+06  8.92491735e-07
 3.28100000e+06  8.56951550e-07
 3.31100000e+06  8.23065139e-07
 3.34200000e+06  7.89610293e-07
 3.37300000e+06  7.57823863e-07
 3.40400000e+06  7.27387146e-07
 3.43600000e+06  6.97594429e-07
 3.46700000e+06  6.69947193e-07
 3.49900000e+06  6.42798673e-07
 3.53200000e+06  6.16170625e-07
 3.56500000e+06  5.90787065e-07
 3.59700000e+06  5.67274316e-07
 3.63100000e+06  5.43536476e-07
 3.66400000e+06  5.21568302e-07
 3.69800000e+06  5.00093195e-07
 3.73300000e+06  4.78985641e-07
 3.76700000e+06  4.59484059e-07
 3.80200000e+06  4.40369066e-07
 3.83700000e+06  4.22129441e-07
 3.87300000e+06  4.04328597e-07
 3.90800000e+06  3.87866378e-07
 3.94500000e+06  3.71301131e-07
 3.98100000e+06  3.55939057e-07
 4.01800000e+06  3.40954471e-07
 4.05500000e+06  3.26685953e-07
 4.09300000e+06  3.12779129e-07
 4.13000000e+06  2.99860531e-07
 4.16900000e+06  2.86964631e-07
 4.20700000e+06  2.74998698e-07
 4.24600000e+06  2.63289235e-07
 4.28500000e+06  2.52216764e-07
 4.32500000e+06  2.41387480e-07
 4.36500000e+06  2.31060467e-07
 4.40600000e+06  2.21064294e-07
 4.44600000e+06  2.11778748e-07
 4.48700000e+06  2.02744442e-07
 4.52900000e+06  1.93961796e-07
 4.57100000e+06  1.85602347e-07
 4.61300000e+06  1.77647581e-07
 4.65600000e+06  1.69962778e-07
 4.69900000e+06  1.62614253e-07
 4.74200000e+06  1.55671667e-07
 4.78600000e+06  1.48889218e-07
 4.83100000e+06  1.42349118e-07
 4.87500000e+06  1.36239537e-07
 4.92000000e+06  1.30350132e-07
 4.96600000e+06  1.24600677e-07
 5.01200000e+06  1.19152564e-07
 5.05800000e+06  1.13992510e-07
 5.10500000e+06  1.08991860e-07
 5.15200000e+06  1.04261101e-07
 5.20000000e+06  9.96445291e-08
 5.24800000e+06  9.52818863e-08
 5.29700000e+06  9.10598105e-08
 5.34600000e+06  8.70421057e-08
 5.39500000e+06  8.32524524e-08
 5.44500000e+06  7.95553147e-08
 5.49500000e+06  7.60725368e-08
 5.54600000e+06  7.27065303e-08
 5.59800000e+06  6.94251633e-08
 5.64900000e+06  6.63940536e-08
 5.70200000e+06  6.34153571e-08
 5.75400000e+06  6.06415755e-08
 5.80800000e+06  5.78885354e-08
 5.86100000e+06  5.53554406e-08
 5.91600000e+06  5.28405978e-08
 5.97000000e+06  5.05053052e-08
 6.02600000e+06  4.82389940e-08
 6.08100000e+06  4.60879898e-08
 6.13800000e+06  4.40024944e-08
 6.19400000e+06  4.20486231e-08
 6.25200000e+06  4.01559302e-08
 6.31000000e+06  3.83492679e-08
 6.36800000e+06  3.66248288e-08
 6.42700000e+06  3.49682100e-08
 6.48600000e+06  3.34106022e-08
 6.54600000e+06  3.19156267e-08
 6.60700000e+06  3.04599794e-08
 6.66800000e+06  2.90733449e-08
 6.73000000e+06  2.77654087e-08
 6.79200000e+06  2.65001373e-08
 6.85500000e+06  2.53088993e-08
 6.91800000e+06  2.41564666e-08
 6.98200000e+06  2.30736219e-08
 7.04700000e+06  2.20197189e-08
 7.11200000e+06  2.10190660e-08
 7.17800000e+06  2.00452840e-08
 7.24400000e+06  1.91395000e-08
 7.31100000e+06  1.82757429e-08
 7.37900000e+06  1.74336268e-08
 7.44700000e+06  1.66412776e-08
 7.51600000e+06  1.58788117e-08
 7.58600000e+06  1.51471075e-08
 7.65600000e+06  1.44555475e-08
 7.72700000e+06  1.37924272e-08
 7.79800000e+06  1.31634262e-08
 7.87000000e+06  1.25607731e-08
 7.94300000e+06  1.19837148e-08
 8.01700000e+06  1.14285484e-08
 8.09100000e+06  1.09046459e-08
 8.16600000e+06  1.04008971e-08
 8.24100000e+06  9.92617063e-09
 8.31800000e+06  9.46362545e-09
 8.39500000e+06  9.02706306e-09
 8.47200000e+06  8.61398466e-09
 8.55100000e+06  8.21300912e-09
 8.63000000e+06  7.83412014e-09
 8.71000000e+06  7.47210466e-09
 8.79000000e+06  7.12804525e-09
 8.87200000e+06  6.79567343e-09
 8.95400000e+06  6.48132881e-09
 9.03600000e+06  6.18303032e-09
 9.12000000e+06  5.89519984e-09
 9.20400000e+06  5.62351905e-09
 9.29000000e+06  5.35944555e-09
 9.37600000e+06  5.11054585e-09
 9.46200000e+06  4.87506169e-09
 9.55000000e+06  4.64629052e-09
 9.63800000e+06  4.43114722e-09
 9.72700000e+06  4.22513414e-09
 9.81700000e+06  4.02796469e-09
 9.90800000e+06  3.84031769e-09
 1.00000000e+07  3.66091603e-09
 1.00900000e+07  3.49380444e-09
 1.01900000e+07  3.31948303e-09
 1.02800000e+07  3.17132117e-09
 1.03800000e+07  3.01576958e-09
 1.04700000e+07  2.88343003e-09
 1.05700000e+07  2.74435655e-09
 1.06700000e+07  2.61314036e-09
 1.07600000e+07  2.50134668e-09
 1.08600000e+07  2.38369560e-09
 1.09600000e+07  2.27253158e-09
 1.10700000e+07  2.15725588e-09
 1.11700000e+07  2.05841542e-09
 1.12700000e+07  1.96488636e-09
 1.13800000e+07  1.86774768e-09
 1.14800000e+07  1.78433623e-09
 1.15900000e+07  1.69761744e-09
 1.16900000e+07  1.62307995e-09
 1.18000000e+07  1.54551544e-09
 1.19100000e+07  1.47229796e-09
 1.20200000e+07  1.40314718e-09
 1.21300000e+07  1.33780790e-09
 1.22500000e+07  1.27059111e-09
 1.23600000e+07  1.21246166e-09
 1.24700000e+07  1.15745232e-09
 1.25900000e+07  1.10077780e-09
 1.27100000e+07  1.04735728e-09
 1.28200000e+07  1.00106657e-09
 1.29400000e+07  9.53302412e-10
 1.30600000e+07  9.08212889e-10
 1.31800000e+07  8.65626567e-10
 1.33000000e+07  8.25384460e-10
 1.34300000e+07  7.84263324e-10
 1.35500000e+07  7.48444076e-10
 1.36800000e+07  7.11803537e-10
 1.38000000e+07  6.79854460e-10
 1.39300000e+07  6.47141725e-10
 1.40600000e+07  6.16277209e-10
 1.41900000e+07  5.87141148e-10
 1.43200000e+07  5.59624240e-10
 1.44500000e+07  5.33623037e-10
 1.45900000e+07  5.07207111e-10
 1.47200000e+07  4.84055638e-10
 1.48600000e+07  4.60510778e-10
 1.50000000e+07  4.38311446e-10
 1.51400000e+07  4.17370618e-10
 1.52800000e+07  3.97605977e-10
 1.54200000e+07  3.78942317e-10
 1.55600000e+07  3.61309350e-10
 1.57000000e+07  3.44641076e-10
 1.58500000e+07  3.27785784e-10
 1.60000000e+07  3.11899787e-10
 1.61400000e+07  2.97891608e-10
 1.62900000e+07  2.83703838e-10
 1.64400000e+07  2.70311733e-10
 1.66000000e+07  2.56845887e-10
 1.67500000e+07  2.44939992e-10
 1.69000000e+07  2.33684791e-10
 1.70600000e+07  2.22349470e-10
 1.72200000e+07  2.11662436e-10
 1.73800000e+07  2.01580598e-10
 1.75400000e+07  1.92064940e-10
 1.77000000e+07  1.83078749e-10
 1.78600000e+07  1.74588345e-10
 1.80300000e+07  1.66076080e-10
 1.82000000e+07  1.58053432e-10
 1.83700000e+07  1.50487869e-10
 1.85400000e+07  1.43349897e-10
 1.87100000e+07  1.36611691e-10
 1.88800000e+07  1.30247942e-10
 1.90500000e+07  1.24234171e-10
 1.92300000e+07  1.18223643e-10
 1.94100000e+07  1.12557029e-10
 1.95900000e+07  1.07211629e-10
 1.97700000e+07  1.02166432e-10
 1.99500000e+07  9.74024424e-11
 2.01400000e+07  9.26583260e-11
 2.03200000e+07  8.84166907e-11
 2.05100000e+07  8.41884020e-11
 2.07000000e+07  8.02002143e-11
 2.08900000e+07  7.64354445e-11
 2.10900000e+07  7.26987483e-11
 2.12800000e+07  6.93497911e-11
 2.14800000e+07  6.60223598e-11
 2.16800000e+07  6.28840911e-11
 2.18800000e+07  5.99231028e-11
 2.20800000e+07  5.71278685e-11
 2.22800000e+07  5.44873845e-11
 2.24900000e+07  5.18711879e-11
 2.27000000e+07  4.94043862e-11
 2.29100000e+07  4.70769070e-11
 2.31200000e+07  4.48804034e-11
 2.33300000e+07  4.28058383e-11
 2.35500000e+07  4.07550166e-11
 2.37700000e+07  3.88212592e-11
 2.39900000e+07  3.69970456e-11
 2.42100000e+07  3.52753260e-11
 2.44300000e+07  3.36494272e-11
 2.46600000e+07  3.20450229e-11
 2.48900000e+07  3.05322974e-11
 2.51200000e+07  2.91050271e-11
 2.53500000e+07  2.77577104e-11
 2.55900000e+07  2.64313024e-11
 2.58200000e+07  2.52319687e-11
 2.60600000e+07  2.40496737e-11
 2.63000000e+07  2.29338811e-11
 2.65500000e+07  2.18381082e-11
 2.67900000e+07  2.08450490e-11
 2.70400000e+07  1.98688717e-11
 2.72900000e+07  1.89475552e-11
 2.75400000e+07  1.80776791e-11
 2.78000000e+07  1.72241411e-11
 2.80500000e+07  1.64496256e-11
 2.83100000e+07  1.56887705e-11
 2.85800000e+07  1.49435002e-11
 2.88400000e+07  1.42665731e-11
 2.91100000e+07  1.36027730e-11
 2.93800000e+07  1.29764079e-11
 2.96500000e+07  1.23854591e-11
 2.99200000e+07  1.18271235e-11
 3.02000000e+07  1.12803458e-11
 3.04800000e+07  1.07645600e-11
 3.07600000e+07  1.02775591e-11
 3.10500000e+07  9.80152937e-12
 3.13300000e+07  9.36748776e-12
 3.16200000e+07  8.94285773e-12
 3.19200000e+07  8.52853672e-12
 3.22100000e+07  8.15035168e-12
 3.25100000e+07  7.78101969e-12
 3.28100000e+07  7.43211013e-12
 3.31100000e+07  7.10265238e-12
 3.34200000e+07  6.78107910e-12
 3.37300000e+07  6.47746083e-12
 3.40400000e+07  6.19070142e-12
 3.43600000e+07  5.91139869e-12
 3.46700000e+07  5.65558830e-12
 3.49900000e+07  5.40619596e-12
 3.53200000e+07  5.16338168e-12
 3.56500000e+07  4.93404046e-12
 3.59700000e+07  4.72393348e-12
 3.63100000e+07  4.51317381e-12
 3.66400000e+07  4.31983154e-12
 3.69800000e+07  4.13145760e-12
 3.73300000e+07  3.94832603e-12
 3.76700000e+07  3.78027517e-12
 3.80200000e+07  3.61722611e-12
 3.83700000e+07  3.46256149e-12
 3.87300000e+07  3.31239976e-12
 3.90800000e+07  3.17443501e-12
 3.94500000e+07  3.03673175e-12
 3.98100000e+07  2.90989501e-12
 4.01800000e+07  2.78663651e-12
 4.05500000e+07  2.67034727e-12
 4.09300000e+07  2.55722208e-12
 4.13000000e+07  2.45303255e-12
 4.16900000e+07  2.34915263e-12
 4.20700000e+07  2.25370632e-12
 4.24600000e+07  2.16065945e-12
 4.28500000e+07  2.07307461e-12
 4.32500000e+07  1.98771871e-12
 4.36500000e+07  1.90704350e-12
 4.40600000e+07  1.82894555e-12
 4.44600000e+07  1.75663073e-12
 4.48700000e+07  1.68670804e-12
 4.52900000e+07  1.61870364e-12
 4.57100000e+07  1.55452642e-12
 4.61300000e+07  1.49379043e-12
 4.65600000e+07  1.43471228e-12
 4.69900000e+07  1.37897181e-12
 4.74200000e+07  1.32612343e-12
 4.78600000e+07  1.27489316e-12
 4.83100000e+07  1.22515234e-12
 4.87500000e+07  1.17925962e-12
 4.92000000e+07  1.13464821e-12
 4.96600000e+07  1.09145931e-12
 5.01200000e+07  1.05065520e-12
 5.05800000e+07  1.01173572e-12
 5.10500000e+07  9.74292086e-13
 5.15200000e+07  9.38655568e-13
 5.20000000e+07  9.04056855e-13
 5.24800000e+07  8.71396941e-13
 5.29700000e+07  8.39688018e-13
 5.34600000e+07  8.09586219e-13
 5.39500000e+07  7.81174488e-13
 5.44500000e+07  7.53490748e-13
 5.49500000e+07  7.27162369e-13
 5.54600000e+07  7.01821274e-13
 5.59800000e+07  6.77220409e-13
 5.64900000e+07  6.54339318e-13
 5.70200000e+07  6.31694614e-13
 5.75400000e+07  6.10604946e-13
 5.80800000e+07  5.89863897e-13
 5.86100000e+07  5.70444528e-13
 5.91600000e+07  5.51261861e-13
 5.97000000e+07  5.33361965e-13
 6.02600000e+07  5.15749395e-13
 6.08100000e+07  4.99192934e-13
 6.13800000e+07  4.82999737e-13
 6.19400000e+07  4.67787968e-13
 6.25200000e+07  4.52867814e-13
 6.31000000e+07  4.38627850e-13
 6.36800000e+07  4.24973731e-13
 6.42700000e+07  4.11847196e-13
 6.48600000e+07  3.99336524e-13
 6.54600000e+07  3.87137550e-13
 6.60700000e+07  3.75404657e-13
 6.66800000e+07  3.64157301e-13
 6.73000000e+07  3.53300508e-13
 6.79200000e+07  3.42931657e-13
 6.85500000e+07  3.32812164e-13
 6.91800000e+07  3.23270253e-13
 6.98200000e+07  3.13968808e-13
 7.04700000e+07  3.04907935e-13
 7.11200000e+07  2.96323917e-13
 7.17800000e+07  2.87959238e-13
 7.24400000e+07  2.79878748e-13
 7.31100000e+07  2.72189238e-13
 7.37900000e+07  2.64676183e-13
 7.44700000e+07  2.57467190e-13
 7.51600000e+07  2.50469167e-13
 7.58600000e+07  2.43675108e-13
 7.65600000e+07  2.37248600e-13
 7.72700000e+07  2.30917902e-13
 7.79800000e+07  2.24885305e-13
 7.87000000e+07  2.19023095e-13
 7.94300000e+07  2.13374470e-13
 8.01700000e+07  2.07852512e-13
 8.09100000e+07  2.02563281e-13
 8.16600000e+07  1.97415255e-13
 8.24100000e+07  1.92443475e-13
 8.31800000e+07  1.87579114e-13
 8.39500000e+07  1.82969551e-13
 8.47200000e+07  1.78489896e-13
 8.55100000e+07  1.74080216e-13
 8.63000000e+07  1.69851697e-13
 8.71000000e+07  1.65713131e-13
 8.79000000e+07  1.61780202e-13
 8.87200000e+07  1.57888901e-13
 8.95400000e+07  1.54149894e-13
 9.03600000e+07  1.50553242e-13
 9.12000000e+07  1.47015582e-13
 9.20400000e+07  1.43613166e-13
 9.29000000e+07  1.40254889e-13
 9.37600000e+07  1.37031228e-13
 9.46200000e+07  1.33927957e-13
 9.55000000e+07  1.30875415e-13
 9.63800000e+07  1.27927261e-13
 9.72700000e+07  1.25054207e-13
 9.81700000e+07  1.22261378e-13
 9.90800000e+07  1.19542186e-13
 1.00000000e+08  1.16888575e-13
