# Wavelength Flux
 9.10000000e+01  2.12617912e-12
 9.40000000e+01  2.26867902e-12
 9.60000000e+01  2.36624677e-12
 9.80000000e+01  2.46586851e-12
 1.00000000e+02  2.56754454e-12
 1.02000000e+02  2.67127457e-12
 1.04000000e+02  2.77705888e-12
 1.06000000e+02  2.88489748e-12
 1.08000000e+02  2.99479067e-12
 1.10000000e+02  3.10673666e-12
 1.14000000e+02  3.33679390e-12
 1.18000000e+02  3.57506651e-12
 1.21000000e+02  3.75916296e-12
 1.25000000e+02  4.01181619e-12
 1.27000000e+02  4.14122394e-12
 1.28000000e+02  4.20669960e-12
 1.31000000e+02  4.40620173e-12
 1.32000000e+02  4.47373048e-12
 1.34000000e+02  4.61032854e-12
 1.37000000e+02  4.81907707e-12
 1.40000000e+02  5.03244729e-12
 1.43000000e+02  5.25043923e-12
 1.47000000e+02  5.54828744e-12
 1.51000000e+02  5.85435102e-12
 1.55000000e+02  6.16863295e-12
 1.59000000e+02  6.49113324e-12
 1.62000000e+02  6.73839895e-12
 1.66000000e+02  7.07527986e-12
 1.70000000e+02  7.42037615e-12
 1.73000000e+02  7.68459408e-12
 1.77000000e+02  8.04408589e-12
 1.80000000e+02  8.31913845e-12
 1.82000000e+02  8.50515986e-12
 1.86000000e+02  8.88369274e-12
 1.91000000e+02  9.37239861e-12
 1.94000000e+02  9.68023519e-12
 1.98000000e+02  1.01272593e-11
 2.02000000e+02  1.06355456e-11
 2.05000000e+02  1.11343620e-11
 2.10000000e+02  1.25638576e-11
 2.16000000e+02  1.61446245e-11
 2.20000000e+02  1.79310880e-11
 2.23000000e+02  2.55364516e-11
 2.27000000e+02  4.30598134e-11
 2.30000000e+02  6.12001118e-11
 2.34000000e+02  1.23642214e-10
 2.40000000e+02  2.80085008e-10
 2.46000000e+02  5.15442039e-10
 2.52000000e+02  1.11628223e-09
 2.57000000e+02  1.63079903e-09
 2.60000000e+02  2.18562569e-09
 2.64000000e+02  3.56476526e-09
 2.69000000e+02  4.53883365e-09
 2.74000000e+02  6.35544104e-09
 2.79000000e+02  7.42648777e-09
 2.84000000e+02  1.08939052e-08
 2.90000000e+02  1.49770524e-08
 2.96000000e+02  1.72717485e-08
 3.01000000e+02  2.40526517e-08
 3.08000000e+02  2.48323105e-08
 3.18000000e+02  4.14631348e-08
 3.28000000e+02  5.78137217e-08
 3.38000000e+02  6.26619534e-08
 3.48000000e+02  7.84093943e-08
 3.57000000e+02  8.75025328e-08
 3.66000000e+02  1.08503163e-07
 3.75000000e+02  1.06635261e-07
 3.85000000e+02  1.08811903e-07
 3.95000000e+02  1.37759692e-07
 4.05000000e+02  1.48436844e-07
 4.14000000e+02  1.53593041e-07
 4.22000000e+02  1.57482812e-07
 4.30000000e+02  1.68737604e-07
 4.41000000e+02  1.74353051e-07
 4.51000000e+02  2.00327870e-07
 4.60000000e+02  1.93547372e-07
 4.70000000e+02  2.08331764e-07
 4.80000000e+02  2.26973656e-07
 4.90000000e+02  2.04482339e-07
 5.00000000e+02  2.57870517e-07
 5.06000000e+02  2.25768318e-07
 5.12000000e+02  4.23465928e-07
 5.20000000e+02  4.23252572e-07
 5.30000000e+02  5.36004606e-07
 5.40000000e+02  5.56518601e-07
 5.50000000e+02  5.44309074e-07
 5.60000000e+02  8.51305937e-07
 5.70000000e+02  1.05388891e-06
 5.80000000e+02  1.00405584e-06
 5.90000000e+02  1.50421675e-06
 6.00000000e+02  1.61596518e-06
 6.10000000e+02  1.72457704e-06
 6.20000000e+02  2.57217280e-06
 6.30000000e+02  2.70377699e-06
 6.40000000e+02  2.89057613e-06
 6.50000000e+02  3.77912777e-06
 6.58000000e+02  3.86779538e-06
 6.65000000e+02  4.13205205e-06
 6.75000000e+02  5.50564915e-06
 6.85000000e+02  1.05690121e-05
 6.95000000e+02  7.86161344e-06
 7.05000000e+02  8.50859560e-06
 7.16000000e+02  9.26046156e-06
 7.26000000e+02  1.03936167e-05
 7.35000000e+02  1.23704760e-05
 7.45000000e+02  1.03792451e-05
 7.55000000e+02  1.66130140e-05
 7.65000000e+02  2.40507804e-05
 7.75000000e+02  2.09890360e-05
 7.85000000e+02  1.97105609e-05
 7.95000000e+02  2.60476104e-05
 8.05000000e+02  2.67509798e-05
 8.15000000e+02  2.82937504e-05
 8.25000000e+02  3.49469472e-05
 8.35000000e+02  5.86084703e-05
 8.45000000e+02  4.23251976e-05
 8.55000000e+02  4.22541288e-05
 8.65000000e+02  5.14121083e-05
 8.75000000e+02  4.96543107e-05
 8.85000000e+02  5.93964547e-05
 8.95000000e+02  6.33541067e-05
 9.05000000e+02  8.66997983e-05
 9.15000000e+02  2.90079186e-02
 9.25000000e+02  2.48573291e-02
 9.35000000e+02  3.96087314e-02
 9.45000000e+02  4.20396412e-02
 9.55000000e+02  4.03267495e-02
 9.65000000e+02  4.21555861e-02
 9.75000000e+02  2.39179518e-02
 9.85000000e+02  2.62747474e-02
 9.95000000e+02  4.14939462e-02
 1.00500000e+03  4.47300638e-02
 1.01500000e+03  4.49250038e-02
 1.02500000e+03  3.35552209e-02
 1.03500000e+03  3.61563680e-02
 1.04500000e+03  5.76900591e-02
 1.05500000e+03  5.52199944e-02
 1.06500000e+03  5.00917190e-02
 1.07500000e+03  5.55355278e-02
 1.08500000e+03  4.58516096e-02
 1.09500000e+03  5.46893773e-02
 1.10500000e+03  5.13873162e-02
 1.11500000e+03  4.55703441e-02
 1.12500000e+03  4.04936196e-02
 1.13500000e+03  5.59588117e-02
 1.14500000e+03  5.27026995e-02
 1.15500000e+03  5.26083881e-02
 1.16500000e+03  5.15192926e-02
 1.17500000e+03  3.71666174e-02
 1.18500000e+03  4.96970116e-02
 1.19500000e+03  6.18811206e-02
 1.20500000e+03  1.20289824e-01
 1.21500000e+03  1.74318395e-01
 1.22500000e+03  1.31514668e-01
 1.23500000e+03  6.70007545e-02
 1.24500000e+03  5.51764294e-02
 1.25500000e+03  5.46922081e-02
 1.26500000e+03  5.14869913e-02
 1.27500000e+03  5.71758012e-02
 1.28500000e+03  5.57588060e-02
 1.29500000e+03  4.99947257e-02
 1.30500000e+03  5.02603173e-02
 1.31500000e+03  5.53197588e-02
 1.32500000e+03  5.22843025e-02
 1.33500000e+03  4.86625362e-02
 1.34500000e+03  5.43648448e-02
 1.35500000e+03  5.16524013e-02
 1.36500000e+03  4.81506026e-02
 1.37500000e+03  5.14612754e-02
 1.38500000e+03  4.58534273e-02
 1.39500000e+03  4.36273505e-02
 1.40500000e+03  5.52937748e-02
 1.41500000e+03  4.73321644e-02
 1.42500000e+03  4.61326069e-02
 1.43500000e+03  4.67877210e-02
 1.44200000e+03  4.86410517e-02
 1.44700000e+03  4.79827492e-02
 1.45500000e+03  4.74783546e-02
 1.46500000e+03  4.61739370e-02
 1.47500000e+03  4.61795689e-02
 1.48500000e+03  4.71320395e-02
 1.49500000e+03  4.74923597e-02
 1.50500000e+03  4.48310798e-02
 1.51200000e+03  4.09753974e-02
 1.51700000e+03  4.11405690e-02
 1.52500000e+03  4.11100258e-02
 1.53500000e+03  3.28793672e-02
 1.54500000e+03  2.72923034e-02
 1.55500000e+03  4.33910505e-02
 1.56500000e+03  3.71720109e-02
 1.57500000e+03  3.84748193e-02
 1.58500000e+03  3.92881024e-02
 1.59500000e+03  4.13572021e-02
 1.60500000e+03  3.88605574e-02
 1.61500000e+03  4.05547954e-02
 1.62500000e+03  3.75768496e-02
 1.63500000e+03  3.88055797e-02
 1.64500000e+03  3.95975272e-02
 1.65500000e+03  3.61395320e-02
 1.66500000e+03  3.97104029e-02
 1.67200000e+03  3.58112449e-02
 1.67700000e+03  3.86801887e-02
 1.68500000e+03  4.09455396e-02
 1.69500000e+03  3.85762823e-02
 1.70500000e+03  3.61530902e-02
 1.71500000e+03  3.22562564e-02
 1.72500000e+03  3.42470464e-02
 1.73500000e+03  3.79602337e-02
 1.74500000e+03  3.55747065e-02
 1.75500000e+03  3.74406717e-02
 1.76500000e+03  3.55673464e-02
 1.77500000e+03  3.49646474e-02
 1.78500000e+03  3.52617953e-02
 1.79500000e+03  3.71390540e-02
 1.80500000e+03  3.60638743e-02
 1.81500000e+03  3.38023078e-02
 1.82500000e+03  3.33262513e-02
 1.83500000e+03  3.39762699e-02
 1.84500000e+03  3.16816274e-02
 1.85500000e+03  3.14247368e-02
 1.86500000e+03  3.17182494e-02
 1.87500000e+03  3.23494355e-02
 1.88500000e+03  2.99168570e-02
 1.89500000e+03  2.95621120e-02
 1.90500000e+03  3.14692554e-02
 1.91500000e+03  3.00622127e-02
 1.92500000e+03  2.89693150e-02
 1.93500000e+03  3.01307785e-02
 1.94500000e+03  3.08948945e-02
 1.95500000e+03  2.70188003e-02
 1.96700000e+03  3.07925376e-02
 1.97600000e+03  3.06895251e-02
 1.98400000e+03  2.91596005e-02
 1.99500000e+03  2.82946115e-02
 2.00500000e+03  2.80170321e-02
 2.01500000e+03  2.77416160e-02
 2.02500000e+03  2.86215607e-02
 2.03500000e+03  2.67550204e-02
 2.04500000e+03  2.71119585e-02
 2.05500000e+03  2.64423535e-02
 2.06500000e+03  2.66581613e-02
 2.07400000e+03  2.74619834e-02
 2.07800000e+03  2.60911874e-02
 2.08500000e+03  2.59240789e-02
 2.09500000e+03  2.57336324e-02
 2.10500000e+03  2.58729153e-02
 2.11500000e+03  2.52951098e-02
 2.12500000e+03  2.59084348e-02
 2.13500000e+03  2.48210437e-02
 2.14500000e+03  2.48416731e-02
 2.15500000e+03  2.51629725e-02
 2.16500000e+03  2.46184366e-02
 2.17500000e+03  2.43581759e-02
 2.18500000e+03  2.39229340e-02
 2.19500000e+03  2.44307823e-02
 2.20500000e+03  2.39808171e-02
 2.21500000e+03  2.33300893e-02
 2.22500000e+03  2.28637679e-02
 2.23500000e+03  2.35616364e-02
 2.24500000e+03  2.29935809e-02
 2.25500000e+03  2.25318662e-02
 2.26500000e+03  2.27755532e-02
 2.27500000e+03  2.30424351e-02
 2.28500000e+03  2.32428222e-02
 2.29500000e+03  2.23259932e-02
 2.30500000e+03  2.26208795e-02
 2.31500000e+03  2.21551808e-02
 2.32500000e+03  1.98721418e-02
 2.33500000e+03  2.14843541e-02
 2.34500000e+03  2.09811633e-02
 2.35500000e+03  2.15766840e-02
 2.36500000e+03  2.07766760e-02
 2.37500000e+03  2.09819351e-02
 2.38500000e+03  2.02304208e-02
 2.39500000e+03  2.08167278e-02
 2.40500000e+03  2.03169578e-02
 2.41500000e+03  2.04629453e-02
 2.42500000e+03  2.08448662e-02
 2.43500000e+03  2.02959858e-02
 2.44500000e+03  2.07886370e-02
 2.45500000e+03  2.05832497e-02
 2.46500000e+03  2.04903448e-02
 2.47500000e+03  2.00811257e-02
 2.48500000e+03  2.03399233e-02
 2.49500000e+03  1.95149772e-02
 2.50500000e+03  2.04266570e-02
 2.51300000e+03  1.94527436e-02
 2.51800000e+03  1.97700590e-02
 2.52500000e+03  1.92407918e-02
 2.53500000e+03  1.91797918e-02
 2.54500000e+03  1.89674913e-02
 2.55500000e+03  1.93876762e-02
 2.56500000e+03  1.91883737e-02
 2.57500000e+03  1.96143871e-02
 2.58500000e+03  1.94657416e-02
 2.59500000e+03  1.93037048e-02
 2.60500000e+03  1.88988898e-02
 2.61500000e+03  1.87261644e-02
 2.62500000e+03  1.89242124e-02
 2.63500000e+03  1.89516983e-02
 2.64500000e+03  1.95644273e-02
 2.65500000e+03  1.95562418e-02
 2.66500000e+03  1.88436976e-02
 2.67500000e+03  1.90752298e-02
 2.68500000e+03  1.88746311e-02
 2.69500000e+03  1.84353366e-02
 2.70500000e+03  1.85039948e-02
 2.71500000e+03  1.80908542e-02
 2.72500000e+03  1.80362966e-02
 2.73500000e+03  1.83712377e-02
 2.74500000e+03  1.72840135e-02
 2.75500000e+03  1.72920501e-02
 2.76500000e+03  1.74767723e-02
 2.77500000e+03  1.78261714e-02
 2.78500000e+03  1.77349084e-02
 2.79500000e+03  1.64195787e-02
 2.80500000e+03  1.68644872e-02
 2.81500000e+03  1.76959323e-02
 2.82500000e+03  1.75890610e-02
 2.83500000e+03  1.71231179e-02
 2.84500000e+03  1.69206151e-02
 2.85500000e+03  1.67515459e-02
 2.86500000e+03  1.71295037e-02
 2.87500000e+03  1.69343670e-02
 2.88500000e+03  1.69295576e-02
 2.89500000e+03  1.67508576e-02
 2.91000000e+03  1.71228259e-02
 2.93000000e+03  1.67479731e-02
 2.95000000e+03  1.65152549e-02
 2.97000000e+03  1.64771459e-02
 2.99000000e+03  1.63640706e-02
 3.01000000e+03  1.62980735e-02
 3.03000000e+03  1.61698189e-02
 3.05000000e+03  1.60165815e-02
 3.07000000e+03  1.58527628e-02
 3.09000000e+03  1.57662913e-02
 3.11000000e+03  1.55793700e-02
 3.13000000e+03  1.54022374e-02
 3.15000000e+03  1.53358112e-02
 3.17000000e+03  1.51864177e-02
 3.19000000e+03  1.48163475e-02
 3.21000000e+03  1.49089724e-02
 3.23000000e+03  1.46337440e-02
 3.25000000e+03  1.46946188e-02
 3.27000000e+03  1.46946754e-02
 3.29000000e+03  1.45836353e-02
 3.31000000e+03  1.45033350e-02
 3.33000000e+03  1.43631641e-02
 3.35000000e+03  1.41855190e-02
 3.37000000e+03  1.39936363e-02
 3.39000000e+03  1.39288341e-02
 3.41000000e+03  1.39119444e-02
 3.43000000e+03  1.37965627e-02
 3.45000000e+03  1.36537160e-02
 3.47000000e+03  1.35581352e-02
 3.49000000e+03  1.35108156e-02
 3.51000000e+03  1.35257415e-02
 3.53000000e+03  1.33943760e-02
 3.55000000e+03  1.34175233e-02
 3.57000000e+03  1.31236174e-02
 3.59000000e+03  1.30293119e-02
 3.60182700e+03  1.33868639e-02
 3.60272700e+03  1.32149191e-02
 3.60362800e+03  1.31080746e-02
 3.60452800e+03  1.30421579e-02
 3.60542800e+03  1.29821860e-02
 3.60632900e+03  1.30253845e-02
 3.60722900e+03  1.31034916e-02
 3.60812900e+03  1.30899811e-02
 3.60902900e+03  1.29722870e-02
 3.60992900e+03  1.28680022e-02
 3.61083000e+03  1.28396492e-02
 3.61173000e+03  1.28865486e-02
 3.61263000e+03  1.29211086e-02
 3.61353000e+03  1.28233734e-02
 3.61443000e+03  1.28015551e-02
 3.61533100e+03  1.29648464e-02
 3.61623100e+03  1.31481860e-02
 3.61713100e+03  1.31848438e-02
 3.61803200e+03  1.30541100e-02
 3.61893200e+03  1.28234538e-02
 3.61983200e+03  1.27148214e-02
 3.62073200e+03  1.27786879e-02
 3.62163300e+03  1.29253459e-02
 3.62253300e+03  1.30600488e-02
 3.62343300e+03  1.31207180e-02
 3.62433300e+03  1.30932440e-02
 3.62523300e+03  1.30942214e-02
 3.62613400e+03  1.32085989e-02
 3.62703400e+03  1.33794411e-02
 3.62793400e+03  1.34221926e-02
 3.62883400e+03  1.33842118e-02
 3.62973500e+03  1.32890005e-02
 3.63063500e+03  1.30714198e-02
 3.63153500e+03  1.27611100e-02
 3.63243500e+03  1.25921600e-02
 3.63333600e+03  1.26263862e-02
 3.63423600e+03  1.27124465e-02
 3.63513600e+03  1.27432787e-02
 3.63603600e+03  1.28180663e-02
 3.63693600e+03  1.29176162e-02
 3.63783700e+03  1.29868912e-02
 3.63873700e+03  1.30663183e-02
 3.63963700e+03  1.31243295e-02
 3.64053700e+03  1.30883601e-02
 3.64143800e+03  1.29347234e-02
 3.64233800e+03  1.27655320e-02
 3.64323800e+03  1.26057956e-02
 3.64413800e+03  1.24497125e-02
 3.64503900e+03  1.22980604e-02
 3.64593900e+03  1.22506365e-02
 3.64683900e+03  1.22617900e-02
 3.64773900e+03  1.22210975e-02
 3.64864000e+03  1.21713643e-02
 3.64954000e+03  1.21891598e-02
 3.65044000e+03  1.21754168e-02
 3.65134000e+03  1.21547964e-02
 3.65224000e+03  1.21807418e-02
 3.65314100e+03  1.22345395e-02
 3.65404100e+03  1.22698444e-02
 3.65494100e+03  1.22636464e-02
 3.65584100e+03  1.22355824e-02
 3.65674200e+03  1.22130728e-02
 3.65764200e+03  1.22262824e-02
 3.65854200e+03  1.22370813e-02
 3.65944200e+03  1.22139727e-02
 3.66034300e+03  1.21512922e-02
 3.66124300e+03  1.20792728e-02
 3.66214300e+03  1.20516320e-02
 3.66304300e+03  1.19669335e-02
 3.66394300e+03  1.18517037e-02
 3.66484400e+03  1.18065088e-02
 3.66574400e+03  1.18378952e-02
 3.66664400e+03  1.18563046e-02
 3.66754400e+03  1.18266405e-02
 3.66844500e+03  1.18127992e-02
 3.66934500e+03  1.17309703e-02
 3.67024500e+03  1.16327910e-02
 3.67114500e+03  1.16626429e-02
 3.67204600e+03  1.17721037e-02
 3.67294600e+03  1.18402195e-02
 3.67384600e+03  1.18426421e-02
 3.67474600e+03  1.17904803e-02
 3.67564600e+03  1.18016487e-02
 3.67654700e+03  1.17721186e-02
 3.67744700e+03  1.16277432e-02
 3.67834700e+03  1.15065240e-02
 3.67924700e+03  1.14381699e-02
 3.68014800e+03  1.14047094e-02
 3.68104800e+03  1.14322668e-02
 3.68194800e+03  1.14933860e-02
 3.68284800e+03  1.15264561e-02
 3.68374900e+03  1.15528156e-02
 3.68464900e+03  1.15895270e-02
 3.68554900e+03  1.15028112e-02
 3.68644900e+03  1.13309350e-02
 3.68734900e+03  1.11975879e-02
 3.68825000e+03  1.12107140e-02
 3.68915000e+03  1.14402319e-02
 3.69005000e+03  1.16694041e-02
 3.69095000e+03  1.16958650e-02
 3.69185100e+03  1.16208658e-02
 3.69275100e+03  1.16203682e-02
 3.69365100e+03  1.17170426e-02
 3.69455100e+03  1.18137080e-02
 3.69545100e+03  1.18251327e-02
 3.69635200e+03  1.16661859e-02
 3.69725200e+03  1.14007641e-02
 3.69815200e+03  1.12861453e-02
 3.69905200e+03  1.15404612e-02
 3.69995300e+03  1.19947233e-02
 3.70085300e+03  1.22748088e-02
 3.70175300e+03  1.22277902e-02
 3.70265300e+03  1.18973844e-02
 3.70355400e+03  1.13801587e-02
 3.70445400e+03  1.08653078e-02
 3.70535400e+03  1.06262247e-02
 3.70625400e+03  1.08169811e-02
 3.70715500e+03  1.13234079e-02
 3.70805500e+03  1.18001737e-02
 3.70895500e+03  1.19582801e-02
 3.70985500e+03  1.17807482e-02
 3.71075500e+03  1.14330773e-02
 3.71165600e+03  1.10200441e-02
 3.71255600e+03  1.07260905e-02
 3.71345600e+03  1.08578791e-02
 3.71435600e+03  1.14354791e-02
 3.71525700e+03  1.20650442e-02
 3.71615700e+03  1.24755684e-02
 3.71705700e+03  1.27250660e-02
 3.71795700e+03  1.28090345e-02
 3.71885800e+03  1.25672933e-02
 3.71975800e+03  1.19961596e-02
 3.72065800e+03  1.12845123e-02
 3.72155800e+03  1.08248061e-02
 3.72245800e+03  1.10777305e-02
 3.72335900e+03  1.13143731e-02
 3.72425900e+03  1.30442647e-02
 3.72515900e+03  2.94738646e-02
 3.72605900e+03  9.87071144e-02
 3.72696000e+03  1.78178130e-01
 3.72786000e+03  1.48801307e-01
 3.72876000e+03  1.50064692e-01
 3.72966000e+03  2.33561359e-01
 3.73056100e+03  1.78558147e-01
 3.73146100e+03  6.05994987e-02
 3.73236100e+03  1.87709243e-02
 3.73326100e+03  1.26808395e-02
 3.73416200e+03  1.07817983e-02
 3.73506200e+03  9.72413096e-03
 3.73596200e+03  9.82262007e-03
 3.73686200e+03  1.04134504e-02
 3.73776200e+03  1.11762553e-02
 3.73866300e+03  1.20145719e-02
 3.73956300e+03  1.28389251e-02
 3.74046300e+03  1.34726500e-02
 3.74136300e+03  1.38578428e-02
 3.74226400e+03  1.39911690e-02
 3.74316400e+03  1.38852393e-02
 3.74406400e+03  1.36594760e-02
 3.74496400e+03  1.34343384e-02
 3.74586500e+03  1.30740391e-02
 3.74676500e+03  1.25708006e-02
 3.74766500e+03  1.20120778e-02
 3.74856500e+03  1.13087264e-02
 3.74946500e+03  1.04224793e-02
 3.75036600e+03  9.74573766e-03
 3.75126600e+03  9.71258713e-03
 3.75216600e+03  1.03219848e-02
 3.75306600e+03  1.12318380e-02
 3.75396700e+03  1.20870591e-02
 3.75486700e+03  1.28541937e-02
 3.75576700e+03  1.35159766e-02
 3.75666800e+03  1.39714664e-02
 3.75756800e+03  1.40856145e-02
 3.75846800e+03  1.39544516e-02
 3.75936800e+03  1.38835110e-02
 3.76026800e+03  1.40140451e-02
 3.76116900e+03  1.41943244e-02
 3.76206900e+03  1.42758881e-02
 3.76296900e+03  1.42999353e-02
 3.76386900e+03  1.42196290e-02
 3.76476900e+03  1.40320253e-02
 3.76567000e+03  1.38251720e-02
 3.76657000e+03  1.34597950e-02
 3.76747000e+03  1.28279951e-02
 3.76837000e+03  1.21570164e-02
 3.76927100e+03  1.15267213e-02
 3.77017100e+03  1.08084141e-02
 3.77107100e+03  1.01745133e-02
 3.77197100e+03  1.01228074e-02
 3.77287200e+03  1.07853651e-02
 3.77377200e+03  1.17188036e-02
 3.77467200e+03  1.25175929e-02
 3.77557200e+03  1.31392585e-02
 3.77647200e+03  1.36839463e-02
 3.77737300e+03  1.42177190e-02
 3.77827300e+03  1.46731253e-02
 3.77917300e+03  1.50239101e-02
 3.78007300e+03  1.53936287e-02
 3.78097400e+03  1.57542230e-02
 3.78187400e+03  1.59759904e-02
 3.78277400e+03  1.60543538e-02
 3.78367500e+03  1.60875341e-02
 3.78457500e+03  1.61732785e-02
 3.78547500e+03  1.62075167e-02
 3.78637500e+03  1.59936637e-02
 3.78727500e+03  1.56415023e-02
 3.78817600e+03  1.53981580e-02
 3.78907600e+03  1.52441309e-02
 3.78997600e+03  1.50570308e-02
 3.79087600e+03  1.48465630e-02
 3.79177600e+03  1.46470727e-02
 3.79267700e+03  1.43593708e-02
 3.79357700e+03  1.38842172e-02
 3.79447700e+03  1.32470923e-02
 3.79537800e+03  1.25194702e-02
 3.79627800e+03  1.18435599e-02
 3.79717800e+03  1.19814035e-02
 3.79807800e+03  1.48289939e-02
 3.79897800e+03  1.75908190e-02
 3.79987900e+03  1.49968831e-02
 3.80077900e+03  1.22665130e-02
 3.80167900e+03  1.23150752e-02
 3.80257900e+03  1.30869626e-02
 3.80347900e+03  1.38333248e-02
 3.80438000e+03  1.44745529e-02
 3.80528000e+03  1.49203970e-02
 3.80618000e+03  1.51776570e-02
 3.80708100e+03  1.53117342e-02
 3.80798100e+03  1.55070735e-02
 3.80888100e+03  1.58900761e-02
 3.80978100e+03  1.63528546e-02
 3.81068200e+03  1.67243699e-02
 3.81158200e+03  1.69277429e-02
 3.81248200e+03  1.69291285e-02
 3.81338200e+03  1.67256602e-02
 3.81428200e+03  1.64556137e-02
 3.81518300e+03  1.62989138e-02
 3.81608300e+03  1.62758976e-02
 3.81698300e+03  1.63401784e-02
 3.81788300e+03  1.64336495e-02
 3.81878400e+03  1.63331430e-02
 3.81968400e+03  1.58735143e-02
 3.82058400e+03  1.53670695e-02
 3.82148400e+03  1.53024789e-02
 3.82238500e+03  1.57034736e-02
 3.82328500e+03  1.60691963e-02
 3.82418500e+03  1.60247403e-02
 3.82508500e+03  1.56322261e-02
 3.82598500e+03  1.52504154e-02
 3.82688600e+03  1.50134926e-02
 3.82778600e+03  1.47932748e-02
 3.82868600e+03  1.44961566e-02
 3.82958600e+03  1.41417335e-02
 3.83048600e+03  1.37571397e-02
 3.83138700e+03  1.33066441e-02
 3.83228700e+03  1.26853420e-02
 3.83318700e+03  1.18951734e-02
 3.83408800e+03  1.13286375e-02
 3.83498800e+03  1.28618220e-02
 3.83588800e+03  1.81866168e-02
 3.83678800e+03  1.97808012e-02
 3.83768900e+03  1.46977863e-02
 3.83858900e+03  1.18147927e-02
 3.83948900e+03  1.19206986e-02
 3.84038900e+03  1.25942518e-02
 3.84128900e+03  1.32565383e-02
 3.84219000e+03  1.39386675e-02
 3.84309000e+03  1.46022443e-02
 3.84399000e+03  1.51094489e-02
 3.84489000e+03  1.54539045e-02
 3.84579100e+03  1.57202322e-02
 3.84669100e+03  1.59714342e-02
 3.84759100e+03  1.62535788e-02
 3.84849100e+03  1.65317661e-02
 3.84939200e+03  1.66616387e-02
 3.85029200e+03  1.66443945e-02
 3.85119200e+03  1.67546986e-02
 3.85209200e+03  1.70666175e-02
 3.85299200e+03  1.72926252e-02
 3.85389300e+03  1.73101167e-02
 3.85479300e+03  1.72444593e-02
 3.85569300e+03  1.71170927e-02
 3.85659300e+03  1.69678930e-02
 3.85749400e+03  1.70769188e-02
 3.85839400e+03  1.73704522e-02
 3.85929400e+03  1.74400728e-02
 3.86019400e+03  1.73333027e-02
 3.86109500e+03  1.73664175e-02
 3.86199500e+03  1.75148842e-02
 3.86289500e+03  1.75812002e-02
 3.86379500e+03  1.76088798e-02
 3.86469600e+03  1.76947612e-02
 3.86559600e+03  1.77323487e-02
 3.86649600e+03  1.76725586e-02
 3.86739600e+03  1.77785568e-02
 3.86829600e+03  1.94337144e-02
 3.86919700e+03  2.41025667e-02
 3.87009700e+03  2.58827964e-02
 3.87099700e+03  2.13856892e-02
 3.87189700e+03  1.78949428e-02
 3.87279800e+03  1.68789393e-02
 3.87369800e+03  1.66166881e-02
 3.87459800e+03  1.66941247e-02
 3.87549800e+03  1.68512657e-02
 3.87639800e+03  1.68463252e-02
 3.87729900e+03  1.65976053e-02
 3.87819900e+03  1.61502474e-02
 3.87909900e+03  1.56735205e-02
 3.87999900e+03  1.54604154e-02
 3.88090000e+03  1.54383290e-02
 3.88180000e+03  1.52295536e-02
 3.88270000e+03  1.47366611e-02
 3.88360000e+03  1.42276597e-02
 3.88450100e+03  1.38474313e-02
 3.88540100e+03  1.33686274e-02
 3.88630100e+03  1.25837747e-02
 3.88720100e+03  1.18944880e-02
 3.88810200e+03  1.37384115e-02
 3.88900200e+03  2.36524168e-02
 3.88990200e+03  3.39365488e-02
 3.89080200e+03  2.66316379e-02
 3.89170300e+03  1.50633063e-02
 3.89260300e+03  1.20575976e-02
 3.89350300e+03  1.25035341e-02
 3.89440300e+03  1.31469971e-02
 3.89530300e+03  1.36516778e-02
 3.89620400e+03  1.40822801e-02
 3.89710400e+03  1.45500706e-02
 3.89800400e+03  1.50216723e-02
 3.89890400e+03  1.53427720e-02
 3.89980500e+03  1.55195083e-02
 3.90070500e+03  1.57140490e-02
 3.90160500e+03  1.60747417e-02
 3.90250500e+03  1.64720832e-02
 3.90340600e+03  1.66543203e-02
 3.90430600e+03  1.67274511e-02
 3.90520600e+03  1.68234789e-02
 3.90610600e+03  1.68236159e-02
 3.90700600e+03  1.68337712e-02
 3.90790700e+03  1.70761023e-02
 3.90880700e+03  1.74486279e-02
 3.90970700e+03  1.77501263e-02
 3.91060700e+03  1.79423815e-02
 3.91150800e+03  1.80376435e-02
 3.91240800e+03  1.80332661e-02
 3.91330800e+03  1.79185161e-02
 3.91420800e+03  1.77337224e-02
 3.91510900e+03  1.76837716e-02
 3.91600900e+03  1.77779966e-02
 3.91690900e+03  1.77834855e-02
 3.91780900e+03  1.76945020e-02
 3.91871000e+03  1.75944157e-02
 3.91961000e+03  1.74365149e-02
 3.92051000e+03  1.72532915e-02
 3.92141000e+03  1.71676067e-02
 3.92231000e+03  1.72567660e-02
 3.92321100e+03  1.73872971e-02
 3.92411100e+03  1.74409369e-02
 3.92501100e+03  1.74159183e-02
 3.92591100e+03  1.72557171e-02
 3.92681200e+03  1.69874615e-02
 3.92771200e+03  1.67573536e-02
 3.92861200e+03  1.66156481e-02
 3.92951200e+03  1.65102786e-02
 3.93041300e+03  1.63596813e-02
 3.93131300e+03  1.61203658e-02
 3.93221300e+03  1.57126247e-02
 3.93311300e+03  1.49778718e-02
 3.93401300e+03  1.41215005e-02
 3.93491400e+03  1.38725631e-02
 3.93581400e+03  1.45198909e-02
 3.93671400e+03  1.54479300e-02
 3.93761400e+03  1.60877635e-02
 3.93851500e+03  1.64407981e-02
 3.93941500e+03  1.66897206e-02
 3.94031500e+03  1.69443941e-02
 3.94121500e+03  1.71338423e-02
 3.94211600e+03  1.71833968e-02
 3.94301600e+03  1.71406453e-02
 3.94391600e+03  1.70276921e-02
 3.94481600e+03  1.69039490e-02
 3.94571700e+03  1.69639447e-02
 3.94661700e+03  1.72120508e-02
 3.94751700e+03  1.73588994e-02
 3.94841700e+03  1.72653360e-02
 3.94931700e+03  1.71287915e-02
 3.95021800e+03  1.71118214e-02
 3.95111800e+03  1.71711646e-02
 3.95201800e+03  1.71196316e-02
 3.95291900e+03  1.69304307e-02
 3.95381900e+03  1.67851613e-02
 3.95471900e+03  1.67813412e-02
 3.95561900e+03  1.67199747e-02
 3.95651900e+03  1.64242690e-02
 3.95742000e+03  1.60480038e-02
 3.95832000e+03  1.58405485e-02
 3.95922000e+03  1.57863723e-02
 3.96012000e+03  1.56839498e-02
 3.96102100e+03  1.53589823e-02
 3.96192100e+03  1.48070088e-02
 3.96282100e+03  1.42465815e-02
 3.96372100e+03  1.37875249e-02
 3.96462200e+03  1.33060987e-02
 3.96552200e+03  1.27006583e-02
 3.96642200e+03  1.21404873e-02
 3.96732200e+03  1.21933256e-02
 3.96822200e+03  1.27894570e-02
 3.96912300e+03  1.30652724e-02
 3.97002300e+03  1.90044203e-02
 3.97092300e+03  3.02990193e-02
 3.97182300e+03  2.67838591e-02
 3.97272400e+03  1.50318692e-02
 3.97362400e+03  1.11199635e-02
 3.97452400e+03  1.13887972e-02
 3.97542400e+03  1.21451180e-02
 3.97632500e+03  1.28597093e-02
 3.97722500e+03  1.34396663e-02
 3.97812500e+03  1.39233303e-02
 3.97902500e+03  1.43938265e-02
 3.97992500e+03  1.48450343e-02
 3.98082600e+03  1.52434813e-02
 3.98172600e+03  1.54956846e-02
 3.98262600e+03  1.55814111e-02
 3.98352600e+03  1.56543781e-02
 3.98442700e+03  1.58323808e-02
 3.98532700e+03  1.60952161e-02
 3.98622700e+03  1.63629621e-02
 3.98712700e+03  1.65575207e-02
 3.98802800e+03  1.67369508e-02
 3.98892800e+03  1.69514652e-02
 3.98982800e+03  1.70825119e-02
 3.99072800e+03  1.70891897e-02
 3.99162800e+03  1.71162405e-02
 3.99252900e+03  1.72461072e-02
 3.99342900e+03  1.74059717e-02
 3.99432900e+03  1.74730207e-02
 3.99523000e+03  1.74084360e-02
 3.99613000e+03  1.72715489e-02
 3.99703000e+03  1.71567810e-02
 3.99793000e+03  1.70996459e-02
 3.99883000e+03  1.71321796e-02
 3.99973100e+03  1.73355227e-02
 4.00063100e+03  1.76120056e-02
 4.00153100e+03  1.77425576e-02
 4.00243100e+03  1.77032746e-02
 4.00333100e+03  1.76710597e-02
 4.00423200e+03  1.76853331e-02
 4.00513200e+03  1.75522154e-02
 4.00603200e+03  1.72659587e-02
 4.00693300e+03  1.71625917e-02
 4.00783300e+03  1.73432881e-02
 4.00873300e+03  1.75277868e-02
 4.00963300e+03  1.75125629e-02
 4.01053300e+03  1.74275545e-02
 4.01143400e+03  1.74778033e-02
 4.01233400e+03  1.75907118e-02
 4.01323400e+03  1.76545724e-02
 4.01413400e+03  1.77223008e-02
 4.01503500e+03  1.78054229e-02
 4.01593500e+03  1.78886792e-02
 4.01683500e+03  1.79516041e-02
 4.01773500e+03  1.79122853e-02
 4.01863600e+03  1.78678264e-02
 4.01953600e+03  1.79837087e-02
 4.02043600e+03  1.81404116e-02
 4.02133600e+03  1.81336653e-02
 4.02223700e+03  1.79841467e-02
 4.02313700e+03  1.78410288e-02
 4.02403700e+03  1.76706485e-02
 4.02493700e+03  1.73335471e-02
 4.02583700e+03  1.69184250e-02
 4.02673800e+03  1.67226178e-02
 4.02763800e+03  1.68755036e-02
 4.02853800e+03  1.72691740e-02
 4.02943900e+03  1.76223605e-02
 4.03033900e+03  1.76800737e-02
 4.03123900e+03  1.74500433e-02
 4.03213900e+03  1.72581069e-02
 4.03303900e+03  1.72395843e-02
 4.03394000e+03  1.72763494e-02
 4.03484000e+03  1.73751901e-02
 4.03574000e+03  1.75372418e-02
 4.03664000e+03  1.77318779e-02
 4.03754000e+03  1.79454478e-02
 4.03844100e+03  1.81038701e-02
 4.03934100e+03  1.81319996e-02
 4.04024100e+03  1.80572746e-02
 4.04114200e+03  1.79325541e-02
 4.04204200e+03  1.78317973e-02
 4.04294200e+03  1.78635563e-02
 4.04384200e+03  1.79027112e-02
 4.04474200e+03  1.76969305e-02
 4.04564300e+03  1.72635540e-02
 4.04654300e+03  1.69502703e-02
 4.04744300e+03  1.71126498e-02
 4.04834300e+03  1.75453291e-02
 4.04924400e+03  1.77805295e-02
 4.05014400e+03  1.77979436e-02
 4.05104400e+03  1.78261416e-02
 4.05194400e+03  1.78422833e-02
 4.05284500e+03  1.77490417e-02
 4.05374500e+03  1.75836824e-02
 4.05464500e+03  1.74432254e-02
 4.05554500e+03  1.73765161e-02
 4.05644500e+03  1.73883520e-02
 4.05734600e+03  1.73934713e-02
 4.05824600e+03  1.73090798e-02
 4.05914600e+03  1.72481662e-02
 4.06004600e+03  1.73560447e-02
 4.06094700e+03  1.75433564e-02
 4.06184700e+03  1.76071783e-02
 4.06274700e+03  1.74296017e-02
 4.06364700e+03  1.70566798e-02
 4.06454800e+03  1.67830397e-02
 4.06544800e+03  1.68919761e-02
 4.06634800e+03  1.71651901e-02
 4.06724800e+03  1.72361367e-02
 4.06814800e+03  1.74932179e-02
 4.06904900e+03  1.86608795e-02
 4.06994900e+03  1.93494182e-02
 4.07084900e+03  1.82926657e-02
 4.07175000e+03  1.71582024e-02
 4.07265000e+03  1.66920657e-02
 4.07355000e+03  1.67292420e-02
 4.07445000e+03  1.69674311e-02
 4.07535000e+03  1.70533156e-02
 4.07625100e+03  1.70075395e-02
 4.07715100e+03  1.69294443e-02
 4.07805100e+03  1.64776346e-02
 4.07895100e+03  1.60542852e-02
 4.07985200e+03  1.61789372e-02
 4.08075200e+03  1.64889073e-02
 4.08165200e+03  1.67003883e-02
 4.08255200e+03  1.67381367e-02
 4.08345300e+03  1.65672856e-02
 4.08435300e+03  1.63027131e-02
 4.08525300e+03  1.60917952e-02
 4.08615300e+03  1.59569582e-02
 4.08705300e+03  1.59014203e-02
 4.08795400e+03  1.59292131e-02
 4.08885400e+03  1.59607426e-02
 4.08975400e+03  1.58781717e-02
 4.09065400e+03  1.56850136e-02
 4.09155500e+03  1.54801001e-02
 4.09245500e+03  1.52611428e-02
 4.09335500e+03  1.49977562e-02
 4.09425600e+03  1.47590336e-02
 4.09515600e+03  1.44829083e-02
 4.09605600e+03  1.40340576e-02
 4.09695600e+03  1.34641098e-02
 4.09785600e+03  1.29127383e-02
 4.09875700e+03  1.23921602e-02
 4.09965700e+03  1.18786860e-02
 4.10055700e+03  1.23962575e-02
 4.10145700e+03  2.08227381e-02
 4.10235800e+03  4.11981988e-02
 4.10325800e+03  4.41269476e-02
 4.10415800e+03  2.39271624e-02
 4.10505800e+03  1.28767182e-02
 4.10595800e+03  1.17514923e-02
 4.10685900e+03  1.23443698e-02
 4.10775900e+03  1.28862774e-02
 4.10865900e+03  1.32879188e-02
 4.10955900e+03  1.35805762e-02
 4.11045900e+03  1.37763893e-02
 4.11136000e+03  1.39436140e-02
 4.11226000e+03  1.41991696e-02
 4.11316000e+03  1.45074293e-02
 4.11406000e+03  1.48305255e-02
 4.11496100e+03  1.51224290e-02
 4.11586100e+03  1.53563779e-02
 4.11676100e+03  1.55504567e-02
 4.11766200e+03  1.56810088e-02
 4.11856200e+03  1.56706598e-02
 4.11946200e+03  1.55553854e-02
 4.12036200e+03  1.55013731e-02
 4.12126200e+03  1.55626681e-02
 4.12216300e+03  1.56377596e-02
 4.12306300e+03  1.57277234e-02
 4.12396300e+03  1.58892567e-02
 4.12486400e+03  1.61323059e-02
 4.12576400e+03  1.63615944e-02
 4.12666400e+03  1.64298949e-02
 4.12756400e+03  1.62932223e-02
 4.12846400e+03  1.60294871e-02
 4.12936500e+03  1.59033572e-02
 4.13026500e+03  1.59877219e-02
 4.13116500e+03  1.60456676e-02
 4.13206500e+03  1.59639370e-02
 4.13296500e+03  1.59100737e-02
 4.13386600e+03  1.60166888e-02
 4.13476600e+03  1.62144120e-02
 4.13566600e+03  1.64193940e-02
 4.13656600e+03  1.66319180e-02
 4.13746700e+03  1.67257943e-02
 4.13836700e+03  1.67156927e-02
 4.13926700e+03  1.67630123e-02
 4.14016700e+03  1.68619543e-02
 4.14106800e+03  1.69006593e-02
 4.14196800e+03  1.68194978e-02
 4.14286800e+03  1.65143163e-02
 4.14376800e+03  1.59852666e-02
 4.14466900e+03  1.55914889e-02
 4.14556900e+03  1.57021148e-02
 4.14646900e+03  1.61551940e-02
 4.14736900e+03  1.65311076e-02
 4.14827000e+03  1.67070989e-02
 4.14917000e+03  1.67401213e-02
 4.15007000e+03  1.66664362e-02
 4.15097000e+03  1.65777299e-02
 4.15187100e+03  1.65902720e-02
 4.15277100e+03  1.66269655e-02
 4.15367100e+03  1.65858678e-02
 4.15457100e+03  1.64832129e-02
 4.15547100e+03  1.64084253e-02
 4.15637200e+03  1.64266767e-02
 4.15727200e+03  1.64603278e-02
 4.15817200e+03  1.64965714e-02
 4.15907200e+03  1.66105526e-02
 4.15997200e+03  1.67461644e-02
 4.16087300e+03  1.67818239e-02
 4.16177300e+03  1.66995868e-02
 4.16267300e+03  1.66580957e-02
 4.16357300e+03  1.67297753e-02
 4.16447400e+03  1.67793924e-02
 4.16537400e+03  1.67878998e-02
 4.16627400e+03  1.68074385e-02
 4.16717500e+03  1.67545436e-02
 4.16807500e+03  1.66246889e-02
 4.16897500e+03  1.65695532e-02
 4.16987500e+03  1.66380564e-02
 4.17077500e+03  1.66591118e-02
 4.17167600e+03  1.64969052e-02
 4.17257600e+03  1.61770241e-02
 4.17347600e+03  1.58621641e-02
 4.17437700e+03  1.57820158e-02
 4.17527700e+03  1.59743157e-02
 4.17617700e+03  1.62281370e-02
 4.17707700e+03  1.63183065e-02
 4.17797700e+03  1.61776529e-02
 4.17887800e+03  1.59627600e-02
 4.17977800e+03  1.59449972e-02
 4.18067800e+03  1.61717260e-02
 4.18157800e+03  1.63906715e-02
 4.18247800e+03  1.64057077e-02
 4.18337900e+03  1.63510935e-02
 4.18427900e+03  1.63792826e-02
 4.18517900e+03  1.64687935e-02
 4.18607900e+03  1.65803849e-02
 4.18698000e+03  1.65614988e-02
 4.18788000e+03  1.63365132e-02
 4.18878000e+03  1.61936724e-02
 4.18968000e+03  1.63339655e-02
 4.19058100e+03  1.65123496e-02
 4.19148100e+03  1.65141881e-02
 4.19238100e+03  1.64421598e-02
 4.19328100e+03  1.65319389e-02
 4.19418200e+03  1.67213246e-02
 4.19508200e+03  1.67336759e-02
 4.19598200e+03  1.65303864e-02
 4.19688200e+03  1.63038901e-02
 4.19778300e+03  1.61814551e-02
 4.19868300e+03  1.60545325e-02
 4.19958300e+03  1.59363170e-02
 4.20048300e+03  1.60165756e-02
 4.20138400e+03  1.61725693e-02
 4.20228400e+03  1.61492730e-02
 4.20318400e+03  1.60659572e-02
 4.20408400e+03  1.61152464e-02
 4.20498400e+03  1.61821584e-02
 4.20588500e+03  1.61770748e-02
 4.20678500e+03  1.62284976e-02
 4.20768500e+03  1.63521185e-02
 4.20858500e+03  1.64508222e-02
 4.20948500e+03  1.64670056e-02
 4.21038600e+03  1.64084014e-02
 4.21128600e+03  1.63755966e-02
 4.21218600e+03  1.64473567e-02
 4.21308600e+03  1.65488524e-02
 4.21398700e+03  1.65516743e-02
 4.21488700e+03  1.63803226e-02
 4.21578700e+03  1.60453666e-02
 4.21668800e+03  1.58012774e-02
 4.21758800e+03  1.59596520e-02
 4.21848800e+03  1.63409651e-02
 4.21938800e+03  1.65719788e-02
 4.22028800e+03  1.66136218e-02
 4.22118900e+03  1.66033713e-02
 4.22208900e+03  1.66142208e-02
 4.22298900e+03  1.65419601e-02
 4.22389000e+03  1.63654801e-02
 4.22479000e+03  1.61544877e-02
 4.22569000e+03  1.58923736e-02
 4.22659000e+03  1.55510080e-02
 4.22749000e+03  1.52381028e-02
 4.22839100e+03  1.52997195e-02
 4.22929100e+03  1.57964024e-02
 4.23019100e+03  1.62889612e-02
 4.23109100e+03  1.65148735e-02
 4.23199100e+03  1.65543472e-02
 4.23289200e+03  1.63436767e-02
 4.23379200e+03  1.59476493e-02
 4.23469200e+03  1.57711722e-02
 4.23559200e+03  1.59209858e-02
 4.23649300e+03  1.60153211e-02
 4.23739300e+03  1.59761602e-02
 4.23829300e+03  1.60063875e-02
 4.23919300e+03  1.60340343e-02
 4.24009300e+03  1.60043076e-02
 4.24099400e+03  1.60494817e-02
 4.24189400e+03  1.61712254e-02
 4.24279400e+03  1.62190575e-02
 4.24369500e+03  1.62046471e-02
 4.24459500e+03  1.63043192e-02
 4.24549500e+03  1.64535160e-02
 4.24639500e+03  1.64094652e-02
 4.24729600e+03  1.61656472e-02
 4.24819600e+03  1.59676707e-02
 4.24909600e+03  1.59670896e-02
 4.24999600e+03  1.60055502e-02
 4.25089700e+03  1.58877042e-02
 4.25179700e+03  1.57701025e-02
 4.25269700e+03  1.58745244e-02
 4.25359700e+03  1.60125379e-02
 4.25449700e+03  1.59645359e-02
 4.25539800e+03  1.58328009e-02
 4.25629800e+03  1.58610586e-02
 4.25719800e+03  1.60638832e-02
 4.25809800e+03  1.61934608e-02
 4.25899800e+03  1.60898822e-02
 4.25989900e+03  1.58708443e-02
 4.26079900e+03  1.56659934e-02
 4.26169900e+03  1.55406919e-02
 4.26259900e+03  1.56488237e-02
 4.26350000e+03  1.59545923e-02
 4.26440000e+03  1.62254701e-02
 4.26530000e+03  1.63350292e-02
 4.26620000e+03  1.63498628e-02
 4.26710100e+03  1.62733141e-02
 4.26800100e+03  1.60535283e-02
 4.26890100e+03  1.58415467e-02
 4.26980100e+03  1.57767892e-02
 4.27070200e+03  1.57286621e-02
 4.27160200e+03  1.55122346e-02
 4.27250200e+03  1.52210343e-02
 4.27340300e+03  1.51774395e-02
 4.27430300e+03  1.53433292e-02
 4.27520300e+03  1.54002171e-02
 4.27610300e+03  1.54039657e-02
 4.27700300e+03  1.55750135e-02
 4.27790400e+03  1.58171062e-02
 4.27880400e+03  1.59542645e-02
 4.27970400e+03  1.59778051e-02
 4.28060400e+03  1.58833387e-02
 4.28150400e+03  1.57383227e-02
 4.28240500e+03  1.56573013e-02
 4.28330500e+03  1.56049845e-02
 4.28420500e+03  1.55869089e-02
 4.28510500e+03  1.56121331e-02
 4.28600600e+03  1.55844535e-02
 4.28690600e+03  1.55444405e-02
 4.28780600e+03  1.55476110e-02
 4.28870600e+03  1.55112542e-02
 4.28960600e+03  1.52980598e-02
 4.29050700e+03  1.49527936e-02
 4.29140700e+03  1.48211451e-02
 4.29230700e+03  1.50647784e-02
 4.29320800e+03  1.54062929e-02
 4.29410800e+03  1.55338502e-02
 4.29500800e+03  1.54028393e-02
 4.29590800e+03  1.52710954e-02
 4.29680900e+03  1.52546616e-02
 4.29770900e+03  1.52427960e-02
 4.29860900e+03  1.51703416e-02
 4.29950900e+03  1.49287107e-02
 4.30041000e+03  1.45552108e-02
 4.30131000e+03  1.43879950e-02
 4.30221000e+03  1.44782002e-02
 4.30311000e+03  1.45227307e-02
 4.30401000e+03  1.45167234e-02
 4.30491100e+03  1.46501718e-02
 4.30581100e+03  1.47867519e-02
 4.30671100e+03  1.47798447e-02
 4.30761100e+03  1.46668766e-02
 4.30851100e+03  1.44678245e-02
 4.30941200e+03  1.43234133e-02
 4.31031200e+03  1.44079419e-02
 4.31121200e+03  1.46463099e-02
 4.31211200e+03  1.48352277e-02
 4.31301300e+03  1.48553475e-02
 4.31391300e+03  1.47297301e-02
 4.31481300e+03  1.45629017e-02
 4.31571300e+03  1.45177365e-02
 4.31661400e+03  1.47762183e-02
 4.31751400e+03  1.51365117e-02
 4.31841400e+03  1.52530436e-02
 4.31931500e+03  1.51526265e-02
 4.32021500e+03  1.49997259e-02
 4.32111500e+03  1.48139101e-02
 4.32201500e+03  1.46506128e-02
 4.32291600e+03  1.46330110e-02
 4.32381600e+03  1.45955516e-02
 4.32471600e+03  1.43093485e-02
 4.32561600e+03  1.38144804e-02
 4.32651600e+03  1.33740983e-02
 4.32741700e+03  1.33139655e-02
 4.32831700e+03  1.36363198e-02
 4.32921700e+03  1.39520529e-02
 4.33011700e+03  1.39632749e-02
 4.33101700e+03  1.36863867e-02
 4.33191800e+03  1.33712287e-02
 4.33281800e+03  1.31862056e-02
 4.33371800e+03  1.30351196e-02
 4.33461800e+03  1.28084594e-02
 4.33551900e+03  1.25630173e-02
 4.33641900e+03  1.22767993e-02
 4.33731900e+03  1.17441917e-02
 4.33821900e+03  1.09512847e-02
 4.33911900e+03  1.12357356e-02
 4.34002000e+03  2.18777951e-02
 4.34092000e+03  5.75168718e-02
 4.34182000e+03  7.81266091e-02
 4.34272100e+03  4.54767478e-02
 4.34362100e+03  1.68553481e-02
 4.34452100e+03  1.10151125e-02
 4.34542200e+03  1.10485997e-02
 4.34632200e+03  1.15582210e-02
 4.34722200e+03  1.19879323e-02
 4.34812200e+03  1.22669600e-02
 4.34902200e+03  1.25569474e-02
 4.34992300e+03  1.28875349e-02
 4.35082300e+03  1.30417884e-02
 4.35172300e+03  1.28746412e-02
 4.35262300e+03  1.26409486e-02
 4.35352300e+03  1.27746205e-02
 4.35442400e+03  1.32531056e-02
 4.35532400e+03  1.36718512e-02
 4.35622400e+03  1.39109760e-02
 4.35712400e+03  1.41249213e-02
 4.35802400e+03  1.43019586e-02
 4.35892500e+03  1.43119946e-02
 4.35982500e+03  1.42141730e-02
 4.36072500e+03  1.42326002e-02
 4.36162600e+03  1.44346352e-02
 4.36252600e+03  1.46988054e-02
 4.36342600e+03  1.49557794e-02
 4.36432600e+03  1.51655262e-02
 4.36522600e+03  1.52075357e-02
 4.36612700e+03  1.51921271e-02
 4.36702700e+03  1.51199111e-02
 4.36792700e+03  1.48893085e-02
 4.36882800e+03  1.46595284e-02
 4.36972800e+03  1.46389497e-02
 4.37062800e+03  1.47745257e-02
 4.37152800e+03  1.49075867e-02
 4.37242900e+03  1.50067642e-02
 4.37332900e+03  1.50552519e-02
 4.37422900e+03  1.49254478e-02
 4.37512900e+03  1.46254690e-02
 4.37602900e+03  1.44395519e-02
 4.37693000e+03  1.45904978e-02
 4.37783000e+03  1.49587682e-02
 4.37873000e+03  1.52556331e-02
 4.37963000e+03  1.53322592e-02
 4.38053000e+03  1.52564883e-02
 4.38143100e+03  1.51899309e-02
 4.38233100e+03  1.51302540e-02
 4.38323100e+03  1.48487323e-02
 4.38413100e+03  1.42757004e-02
 4.38503200e+03  1.38057227e-02
 4.38593200e+03  1.38152909e-02
 4.38683200e+03  1.41830845e-02
 4.38773200e+03  1.44511106e-02
 4.38863300e+03  1.44199179e-02
 4.38953300e+03  1.43683401e-02
 4.39043300e+03  1.44553360e-02
 4.39133300e+03  1.45552555e-02
 4.39223400e+03  1.46766385e-02
 4.39313400e+03  1.48781282e-02
 4.39403400e+03  1.49960190e-02
 4.39493500e+03  1.48660033e-02
 4.39583500e+03  1.46436042e-02
 4.39673500e+03  1.46803752e-02
 4.39763500e+03  1.50126583e-02
 4.39853500e+03  1.52611994e-02
 4.39943600e+03  1.52144281e-02
 4.40033600e+03  1.49747639e-02
 4.40123600e+03  1.47328350e-02
 4.40213600e+03  1.47272151e-02
 4.40303600e+03  1.49849906e-02
 4.40393700e+03  1.51303196e-02
 4.40483700e+03  1.48889450e-02
 4.40573700e+03  1.45672254e-02
 4.40663700e+03  1.45877892e-02
 4.40753800e+03  1.48175782e-02
 4.40843800e+03  1.48570251e-02
 4.40933800e+03  1.47491019e-02
 4.41023800e+03  1.47861202e-02
 4.41113900e+03  1.49794184e-02
 4.41203900e+03  1.51326736e-02
 4.41293900e+03  1.52254057e-02
 4.41383900e+03  1.52614467e-02
 4.41473900e+03  1.50839237e-02
 4.41564000e+03  1.46667396e-02
 4.41654000e+03  1.43315721e-02
 4.41744000e+03  1.42993661e-02
 4.41834100e+03  1.44226563e-02
 4.41924100e+03  1.46327815e-02
 4.42014100e+03  1.49151883e-02
 4.42104100e+03  1.51093625e-02
 4.42194200e+03  1.50811883e-02
 4.42284200e+03  1.48793082e-02
 4.42374200e+03  1.47133887e-02
 4.42464200e+03  1.47506365e-02
 4.42554200e+03  1.48810872e-02
 4.42644300e+03  1.49216068e-02
 4.42734300e+03  1.48703509e-02
 4.42824300e+03  1.48101734e-02
 4.42914300e+03  1.48188417e-02
 4.43004300e+03  1.48304719e-02
 4.43094400e+03  1.47040648e-02
 4.43184400e+03  1.46004296e-02
 4.43274400e+03  1.46826131e-02
 4.43364400e+03  1.47424122e-02
 4.43454500e+03  1.46165713e-02
 4.43544500e+03  1.44091577e-02
 4.43634500e+03  1.43046464e-02
 4.43724500e+03  1.44278859e-02
 4.43814600e+03  1.46896246e-02
 4.43904600e+03  1.49251588e-02
 4.43994600e+03  1.50816769e-02
 4.44084600e+03  1.50967698e-02
 4.44174700e+03  1.49221193e-02
 4.44264700e+03  1.46327577e-02
 4.44354700e+03  1.43434884e-02
 4.44444800e+03  1.42027811e-02
 4.44534800e+03  1.43572879e-02
 4.44624800e+03  1.47135377e-02
 4.44714800e+03  1.49345303e-02
 4.44804800e+03  1.49003398e-02
 4.44894900e+03  1.48521769e-02
 4.44984900e+03  1.48832207e-02
 4.45074900e+03  1.48074558e-02
 4.45164900e+03  1.46865316e-02
 4.45254900e+03  1.47166576e-02
 4.45345000e+03  1.48072412e-02
 4.45435000e+03  1.47499124e-02
 4.45525000e+03  1.45152066e-02
 4.45615000e+03  1.42857066e-02
 4.45705100e+03  1.42795771e-02
 4.45795100e+03  1.44243578e-02
 4.45885100e+03  1.44833523e-02
 4.45975100e+03  1.44367300e-02
 4.46065200e+03  1.44002093e-02
 4.46155200e+03  1.43579495e-02
 4.46245200e+03  1.42464087e-02
 4.46335200e+03  1.42435749e-02
 4.46425300e+03  1.44384315e-02
 4.46515300e+03  1.45726248e-02
 4.46605300e+03  1.45329336e-02
 4.46695300e+03  1.44729766e-02
 4.46785400e+03  1.44239913e-02
 4.46875400e+03  1.43074564e-02
 4.46965400e+03  1.41203980e-02
 4.47055400e+03  1.42257138e-02
 4.47145500e+03  1.59196360e-02
 4.47235500e+03  1.90565493e-02
 4.47325500e+03  1.87401517e-02
 4.47415500e+03  1.58387934e-02
 4.47505500e+03  1.47581158e-02
 4.47595600e+03  1.47273879e-02
 4.47685600e+03  1.47414884e-02
 4.47775600e+03  1.48233740e-02
 4.47865600e+03  1.49290743e-02
 4.47955600e+03  1.48380705e-02
 4.48045700e+03  1.44152097e-02
 4.48135700e+03  1.37519697e-02
 4.48225700e+03  1.32770902e-02
 4.48315800e+03  1.34225472e-02
 4.48405800e+03  1.40095694e-02
 4.48495800e+03  1.45304037e-02
 4.48585800e+03  1.47922885e-02
 4.48675800e+03  1.48853781e-02
 4.48765900e+03  1.48636344e-02
 4.48855900e+03  1.46935461e-02
 4.48945900e+03  1.44098341e-02
 4.49036000e+03  1.41868301e-02
 4.49126000e+03  1.41589211e-02
 4.49216000e+03  1.43030611e-02
 4.49306000e+03  1.45038803e-02
 4.49396100e+03  1.46043033e-02
 4.49486100e+03  1.45039638e-02
 4.49576100e+03  1.43491977e-02
 4.49666100e+03  1.43277430e-02
 4.49756100e+03  1.44112406e-02
 4.49846200e+03  1.45441586e-02
 4.49936200e+03  1.46833759e-02
 4.50026200e+03  1.47214730e-02
 4.50116200e+03  1.45992436e-02
 4.50206200e+03  1.43891601e-02
 4.50296300e+03  1.43598238e-02
 4.50386300e+03  1.46321349e-02
 4.50476300e+03  1.49361454e-02
 4.50566300e+03  1.50298340e-02
 4.50656400e+03  1.49622665e-02
 4.50746400e+03  1.48094671e-02
 4.50836400e+03  1.46092707e-02
 4.50926500e+03  1.44877207e-02
 4.51016500e+03  1.45504252e-02
 4.51106500e+03  1.47219617e-02
 4.51196500e+03  1.48170865e-02
 4.51286500e+03  1.47567809e-02
 4.51376600e+03  1.46229481e-02
 4.51466600e+03  1.44717608e-02
 4.51556600e+03  1.43159488e-02
 4.51646700e+03  1.42633877e-02
 4.51736700e+03  1.43642607e-02
 4.51826700e+03  1.44424632e-02
 4.51916700e+03  1.44080462e-02
 4.52006700e+03  1.43743802e-02
 4.52096800e+03  1.43919612e-02
 4.52186800e+03  1.44417421e-02
 4.52276800e+03  1.43927717e-02
 4.52366800e+03  1.42022179e-02
 4.52456800e+03  1.41341558e-02
 4.52546900e+03  1.42044081e-02
 4.52636900e+03  1.41877837e-02
 4.52726900e+03  1.41009993e-02
 4.52816900e+03  1.40104931e-02
 4.52906900e+03  1.38953081e-02
 4.52997000e+03  1.38015956e-02
 4.53087000e+03  1.38316650e-02
 4.53177000e+03  1.39415549e-02
 4.53267100e+03  1.40669221e-02
 4.53357100e+03  1.41013837e-02
 4.53447100e+03  1.39188517e-02
 4.53537200e+03  1.37255804e-02
 4.53627200e+03  1.37629563e-02
 4.53717200e+03  1.40381459e-02
 4.53807200e+03  1.44032159e-02
 4.53897200e+03  1.45845799e-02
 4.53987300e+03  1.45006144e-02
 4.54077300e+03  1.42965085e-02
 4.54167300e+03  1.41092594e-02
 4.54257300e+03  1.40682093e-02
 4.54347400e+03  1.42058474e-02
 4.54437400e+03  1.43301417e-02
 4.54527400e+03  1.42581701e-02
 4.54617400e+03  1.41310121e-02
 4.54707400e+03  1.41365933e-02
 4.54797500e+03  1.41916157e-02
 4.54887500e+03  1.40833737e-02
 4.54977500e+03  1.37441297e-02
 4.55067500e+03  1.34864943e-02
 4.55157500e+03  1.36555813e-02
 4.55247600e+03  1.39598093e-02
 4.55337600e+03  1.39806145e-02
 4.55427600e+03  1.37965299e-02
 4.55517600e+03  1.36172519e-02
 4.55607700e+03  1.35433582e-02
 4.55697700e+03  1.36594402e-02
 4.55787700e+03  1.39343914e-02
 4.55877800e+03  1.41178770e-02
 4.55967800e+03  1.41407084e-02
 4.56057800e+03  1.41816780e-02
 4.56147900e+03  1.42777535e-02
 4.56237900e+03  1.43499784e-02
 4.56327900e+03  1.43091936e-02
 4.56417900e+03  1.40959008e-02
 4.56507900e+03  1.38549970e-02
 4.56598000e+03  1.37780163e-02
 4.56688000e+03  1.38718688e-02
 4.56778000e+03  1.40556494e-02
 4.56868000e+03  1.42068992e-02
 4.56958000e+03  1.42430326e-02
 4.57048100e+03  1.42375795e-02
 4.57138100e+03  1.41569217e-02
 4.57228100e+03  1.39119117e-02
 4.57318100e+03  1.37812405e-02
 4.57408100e+03  1.39878793e-02
 4.57498200e+03  1.41978227e-02
 4.57588200e+03  1.41476693e-02
 4.57678200e+03  1.40409231e-02
 4.57768200e+03  1.40549223e-02
 4.57858300e+03  1.41254577e-02
 4.57948300e+03  1.40937881e-02
 4.58038300e+03  1.39330148e-02
 4.58128300e+03  1.37844676e-02
 4.58218400e+03  1.37494696e-02
 4.58308400e+03  1.37383668e-02
 4.58398400e+03  1.36332267e-02
 4.58488500e+03  1.35484775e-02
 4.58578500e+03  1.36534567e-02
 4.58668500e+03  1.38085923e-02
 4.58758500e+03  1.38666869e-02
 4.58848600e+03  1.38839579e-02
 4.58938600e+03  1.39229459e-02
 4.59028600e+03  1.39778045e-02
 4.59118600e+03  1.39729653e-02
 4.59208600e+03  1.38604382e-02
 4.59298700e+03  1.37342516e-02
 4.59388700e+03  1.37367189e-02
 4.59478700e+03  1.38217005e-02
 4.59568700e+03  1.38368022e-02
 4.59658700e+03  1.37873729e-02
 4.59748800e+03  1.37792589e-02
 4.59838800e+03  1.38208959e-02
 4.59928800e+03  1.38823161e-02
 4.60018800e+03  1.39405865e-02
 4.60108800e+03  1.38799113e-02
 4.60198900e+03  1.37747713e-02
 4.60288900e+03  1.37868038e-02
 4.60378900e+03  1.38477412e-02
 4.60469000e+03  1.38839877e-02
 4.60559000e+03  1.38737521e-02
 4.60649000e+03  1.38256517e-02
 4.60739100e+03  1.38399609e-02
 4.60829100e+03  1.39456671e-02
 4.60919100e+03  1.40983711e-02
 4.61009100e+03  1.42137528e-02
 4.61099200e+03  1.42079869e-02
 4.61189200e+03  1.41049059e-02
 4.61279200e+03  1.40081093e-02
 4.61369200e+03  1.39478811e-02
 4.61459200e+03  1.39073257e-02
 4.61549300e+03  1.39394125e-02
 4.61639300e+03  1.39685730e-02
 4.61729300e+03  1.39195847e-02
 4.61819300e+03  1.39100254e-02
 4.61909300e+03  1.38906029e-02
 4.61999400e+03  1.37574227e-02
 4.62089400e+03  1.36858802e-02
 4.62179400e+03  1.38014615e-02
 4.62269400e+03  1.39393588e-02
 4.62359500e+03  1.39930820e-02
 4.62449500e+03  1.40301928e-02
 4.62539500e+03  1.40393468e-02
 4.62629500e+03  1.39639900e-02
 4.62719500e+03  1.39006777e-02
 4.62809600e+03  1.39136072e-02
 4.62899600e+03  1.38652655e-02
 4.62989600e+03  1.36900907e-02
 4.63079700e+03  1.35900222e-02
 4.63169700e+03  1.37245434e-02
 4.63259700e+03  1.39076595e-02
 4.63349800e+03  1.38877006e-02
 4.63439800e+03  1.37134316e-02
 4.63529800e+03  1.35997961e-02
 4.63619800e+03  1.36279137e-02
 4.63709800e+03  1.37039856e-02
 4.63799900e+03  1.37060357e-02
 4.63889900e+03  1.36399790e-02
 4.63979900e+03  1.35962441e-02
 4.64069900e+03  1.35683917e-02
 4.64159900e+03  1.35825786e-02
 4.64250000e+03  1.36692438e-02
 4.64340000e+03  1.37176004e-02
 4.64430000e+03  1.36766546e-02
 4.64520000e+03  1.36421006e-02
 4.64610000e+03  1.36058928e-02
 4.64700100e+03  1.34629179e-02
 4.64790100e+03  1.32969298e-02
 4.64880100e+03  1.32433139e-02
 4.64970200e+03  1.32896263e-02
 4.65060200e+03  1.33941406e-02
 4.65150200e+03  1.35159170e-02
 4.65240200e+03  1.36124543e-02
 4.65330200e+03  1.37018282e-02
 4.65420300e+03  1.37598662e-02
 4.65510300e+03  1.36770003e-02
 4.65600300e+03  1.35146029e-02
 4.65690400e+03  1.34203571e-02
 4.65780400e+03  1.34237124e-02
 4.65870400e+03  1.35701260e-02
 4.65960400e+03  1.38233454e-02
 4.66050500e+03  1.40051891e-02
 4.66140500e+03  1.40109699e-02
 4.66230500e+03  1.38567581e-02
 4.66320500e+03  1.36323923e-02
 4.66410500e+03  1.34687703e-02
 4.66500600e+03  1.34550810e-02
 4.66590600e+03  1.35067243e-02
 4.66680600e+03  1.33997307e-02
 4.66770600e+03  1.31135426e-02
 4.66860600e+03  1.29123420e-02
 4.66950700e+03  1.29664436e-02
 4.67040700e+03  1.31547714e-02
 4.67130700e+03  1.33438084e-02
 4.67220700e+03  1.35104639e-02
 4.67310800e+03  1.35840149e-02
 4.67400800e+03  1.35394457e-02
 4.67490800e+03  1.34874806e-02
 4.67580900e+03  1.35113132e-02
 4.67670900e+03  1.36078952e-02
 4.67760900e+03  1.36900162e-02
 4.67850900e+03  1.36496247e-02
 4.67940900e+03  1.35158842e-02
 4.68031000e+03  1.34165429e-02
 4.68121000e+03  1.33759965e-02
 4.68211000e+03  1.33535882e-02
 4.68301100e+03  1.33665832e-02
 4.68391100e+03  1.34614310e-02
 4.68481100e+03  1.35686748e-02
 4.68571100e+03  1.35949389e-02
 4.68661100e+03  1.35819976e-02
 4.68751200e+03  1.35648606e-02
 4.68841200e+03  1.35276158e-02
 4.68931200e+03  1.35042510e-02
 4.69021200e+03  1.35135302e-02
 4.69111200e+03  1.35008093e-02
 4.69201300e+03  1.34455336e-02
 4.69291300e+03  1.34155655e-02
 4.69381300e+03  1.34460670e-02
 4.69471300e+03  1.34857910e-02
 4.69561400e+03  1.35382359e-02
 4.69651400e+03  1.36152196e-02
 4.69741400e+03  1.36457628e-02
 4.69831400e+03  1.35410995e-02
 4.69921500e+03  1.33250832e-02
 4.70011500e+03  1.31770605e-02
 4.70101500e+03  1.31971385e-02
 4.70191600e+03  1.32552332e-02
 4.70281600e+03  1.32245529e-02
 4.70371600e+03  1.31313500e-02
 4.70461600e+03  1.31080299e-02
 4.70551600e+03  1.32165819e-02
 4.70641700e+03  1.33196122e-02
 4.70731700e+03  1.32963070e-02
 4.70821700e+03  1.31787530e-02
 4.70911700e+03  1.30817866e-02
 4.71001800e+03  1.30534842e-02
 4.71091800e+03  1.31105181e-02
 4.71181800e+03  1.32547147e-02
 4.71271800e+03  1.33330512e-02
 4.71361800e+03  1.32205421e-02
 4.71451900e+03  1.30333734e-02
 4.71541900e+03  1.29426438e-02
 4.71631900e+03  1.30402419e-02
 4.71721900e+03  1.32520537e-02
 4.71811900e+03  1.34098592e-02
 4.71902000e+03  1.34593600e-02
 4.71992000e+03  1.34924926e-02
 4.72082000e+03  1.35451699e-02
 4.72172100e+03  1.35677957e-02
 4.72262100e+03  1.35194898e-02
 4.72352100e+03  1.34473573e-02
 4.72442100e+03  1.34462130e-02
 4.72532200e+03  1.35285515e-02
 4.72622200e+03  1.35854423e-02
 4.72712200e+03  1.35157800e-02
 4.72802300e+03  1.32888188e-02
 4.72892300e+03  1.30475008e-02
 4.72982300e+03  1.29599685e-02
 4.73072300e+03  1.29833154e-02
 4.73162300e+03  1.29903865e-02
 4.73252400e+03  1.30135248e-02
 4.73342400e+03  1.31266806e-02
 4.73432400e+03  1.32399735e-02
 4.73522400e+03  1.32985926e-02
 4.73612400e+03  1.33298003e-02
 4.73702500e+03  1.32508200e-02
 4.73792500e+03  1.31175087e-02
 4.73882500e+03  1.31537374e-02
 4.73972500e+03  1.33050588e-02
 4.74062500e+03  1.33384566e-02
 4.74152600e+03  1.32522772e-02
 4.74242600e+03  1.31996714e-02
 4.74332600e+03  1.32425928e-02
 4.74422600e+03  1.33171777e-02
 4.74512700e+03  1.33328486e-02
 4.74602700e+03  1.32803084e-02
 4.74692700e+03  1.32815599e-02
 4.74782800e+03  1.33493598e-02
 4.74872800e+03  1.33592737e-02
 4.74962800e+03  1.33098176e-02
 4.75052900e+03  1.33106072e-02
 4.75142900e+03  1.33492376e-02
 4.75232900e+03  1.33303515e-02
 4.75322900e+03  1.32456203e-02
 4.75412900e+03  1.31774359e-02
 4.75503000e+03  1.31171511e-02
 4.75593000e+03  1.30633087e-02
 4.75683000e+03  1.30360433e-02
 4.75773000e+03  1.30445597e-02
 4.75863000e+03  1.31000291e-02
 4.75953100e+03  1.31624594e-02
 4.76043100e+03  1.32165998e-02
 4.76133100e+03  1.32298302e-02
 4.76223100e+03  1.31205630e-02
 4.76313100e+03  1.29240735e-02
 4.76403200e+03  1.27972284e-02
 4.76493200e+03  1.27639408e-02
 4.76583200e+03  1.27334662e-02
 4.76673300e+03  1.27078635e-02
 4.76763300e+03  1.27477067e-02
 4.76853300e+03  1.28626832e-02
 4.76943300e+03  1.29892154e-02
 4.77033300e+03  1.31069691e-02
 4.77123400e+03  1.31580224e-02
 4.77213400e+03  1.30685860e-02
 4.77303400e+03  1.29539075e-02
 4.77393500e+03  1.29641164e-02
 4.77483500e+03  1.30863249e-02
 4.77573500e+03  1.32013848e-02
 4.77663500e+03  1.32081311e-02
 4.77753600e+03  1.31793907e-02
 4.77843600e+03  1.32138971e-02
 4.77933600e+03  1.32208490e-02
 4.78023600e+03  1.31326939e-02
 4.78113600e+03  1.30578556e-02
 4.78203700e+03  1.30802818e-02
 4.78293700e+03  1.30959199e-02
 4.78383700e+03  1.30075652e-02
 4.78473700e+03  1.29283823e-02
 4.78563700e+03  1.29710743e-02
 4.78653800e+03  1.29760088e-02
 4.78743800e+03  1.28639556e-02
 4.78833800e+03  1.28287818e-02
 4.78923800e+03  1.28859884e-02
 4.79013900e+03  1.28710327e-02
 4.79103900e+03  1.28405878e-02
 4.79193900e+03  1.28817660e-02
 4.79284000e+03  1.29307304e-02
 4.79374000e+03  1.29889502e-02
 4.79464000e+03  1.31058546e-02
 4.79554000e+03  1.32226309e-02
 4.79644000e+03  1.32479088e-02
 4.79734100e+03  1.31811071e-02
 4.79824100e+03  1.30721707e-02
 4.79914100e+03  1.29398100e-02
 4.80004200e+03  1.28131347e-02
 4.80094200e+03  1.27628859e-02
 4.80184200e+03  1.28272591e-02
 4.80274200e+03  1.29671230e-02
 4.80364200e+03  1.30578318e-02
 4.80454300e+03  1.30207539e-02
 4.80544300e+03  1.28744356e-02
 4.80634300e+03  1.27407101e-02
 4.80724300e+03  1.27324500e-02
 4.80814300e+03  1.27624926e-02
 4.80904400e+03  1.27480762e-02
 4.80994400e+03  1.27483176e-02
 4.81084400e+03  1.27873235e-02
 4.81174400e+03  1.28033370e-02
 4.81264500e+03  1.27784794e-02
 4.81354500e+03  1.27654367e-02
 4.81444500e+03  1.27773083e-02
 4.81534500e+03  1.28004317e-02
 4.81624600e+03  1.28143028e-02
 4.81714600e+03  1.28380132e-02
 4.81804600e+03  1.28835747e-02
 4.81894700e+03  1.29181705e-02
 4.81984700e+03  1.29369404e-02
 4.82074700e+03  1.29339784e-02
 4.82164700e+03  1.29002022e-02
 4.82254700e+03  1.28586366e-02
 4.82344800e+03  1.27177684e-02
 4.82434800e+03  1.24423523e-02
 4.82524800e+03  1.22907717e-02
 4.82614800e+03  1.24259872e-02
 4.82704900e+03  1.26416131e-02
 4.82794900e+03  1.27255815e-02
 4.82884900e+03  1.26745789e-02
 4.82974900e+03  1.25814952e-02
 4.83064900e+03  1.25485562e-02
 4.83155000e+03  1.25615393e-02
 4.83245000e+03  1.24903454e-02
 4.83335000e+03  1.23860307e-02
 4.83425000e+03  1.23952771e-02
 4.83515000e+03  1.24728806e-02
 4.83605100e+03  1.24803272e-02
 4.83695100e+03  1.24054115e-02
 4.83785100e+03  1.23585597e-02
 4.83875200e+03  1.23499897e-02
 4.83965200e+03  1.22576182e-02
 4.84055200e+03  1.20996489e-02
 4.84145300e+03  1.20091576e-02
 4.84235300e+03  1.20284430e-02
 4.84325300e+03  1.20284579e-02
 4.84415300e+03  1.19278442e-02
 4.84505300e+03  1.18568171e-02
 4.84595400e+03  1.18917734e-02
 4.84685400e+03  1.19123521e-02
 4.84775400e+03  1.17964906e-02
 4.84865400e+03  1.15450472e-02
 4.84955500e+03  1.12901680e-02
 4.85045500e+03  1.12052609e-02
 4.85135500e+03  1.12480989e-02
 4.85225500e+03  1.12218019e-02
 4.85315500e+03  1.10895753e-02
 4.85405600e+03  1.09226784e-02
 4.85495600e+03  1.06621107e-02
 4.85585600e+03  1.02524655e-02
 4.85675600e+03  9.87785109e-03
 4.85765700e+03  9.71546564e-03
 4.85855700e+03  9.59956542e-03
 4.85945700e+03  9.50012575e-03
 4.86035700e+03  1.39532448e-02
 4.86125700e+03  5.16165242e-02
 4.86215800e+03  1.40326124e-01
 4.86305800e+03  1.56278755e-01
 4.86395800e+03  6.93253740e-02
 4.86485900e+03  1.79103693e-02
 4.86575900e+03  9.57906126e-03
 4.86665900e+03  9.45984152e-03
 4.86756000e+03  9.80768520e-03
 4.86846000e+03  1.00789027e-02
 4.86936000e+03  1.02802941e-02
 4.87026000e+03  1.04628053e-02
 4.87116000e+03  1.05312101e-02
 4.87206100e+03  1.04522418e-02
 4.87296100e+03  1.04372026e-02
 4.87386100e+03  1.06494614e-02
 4.87476100e+03  1.09316744e-02
 4.87566100e+03  1.10888542e-02
 4.87656200e+03  1.11422496e-02
 4.87746200e+03  1.12190843e-02
 4.87836200e+03  1.13573511e-02
 4.87926200e+03  1.15192002e-02
 4.88016200e+03  1.17266614e-02
 4.88106300e+03  1.18687662e-02
 4.88196300e+03  1.18163243e-02
 4.88286300e+03  1.17106091e-02
 4.88376400e+03  1.17158894e-02
 4.88466400e+03  1.17572344e-02
 4.88556400e+03  1.17245726e-02
 4.88646400e+03  1.16610398e-02
 4.88736400e+03  1.16662634e-02
 4.88826500e+03  1.17659832e-02
 4.88916500e+03  1.18829114e-02
 4.89006500e+03  1.19333092e-02
 4.89096600e+03  1.18683699e-02
 4.89186600e+03  1.17027603e-02
 4.89276600e+03  1.16833974e-02
 4.89366600e+03  1.19459585e-02
 4.89456700e+03  1.22382017e-02
 4.89546700e+03  1.24169017e-02
 4.89636700e+03  1.25215233e-02
 4.89726700e+03  1.25516552e-02
 4.89816700e+03  1.25388748e-02
 4.89906800e+03  1.25194344e-02
 4.89996800e+03  1.24171848e-02
 4.90086800e+03  1.22454665e-02
 4.90176800e+03  1.21964931e-02
 4.90266800e+03  1.22891149e-02
 4.90356900e+03  1.23105458e-02
 4.90446900e+03  1.22458360e-02
 4.90536900e+03  1.22667454e-02
 4.90627000e+03  1.24176317e-02
 4.90717000e+03  1.25609433e-02
 4.90807000e+03  1.25629607e-02
 4.90897000e+03  1.24479127e-02
 4.90987000e+03  1.22950210e-02
 4.91077100e+03  1.21252545e-02
 4.91167100e+03  1.20039787e-02
 4.91257100e+03  1.20312232e-02
 4.91347200e+03  1.21711944e-02
 4.91437200e+03  1.22882180e-02
 4.91527200e+03  1.23731311e-02
 4.91617200e+03  1.24781758e-02
 4.91707300e+03  1.25270598e-02
 4.91797300e+03  1.24325040e-02
 4.91887300e+03  1.21903666e-02
 4.91977300e+03  1.18760280e-02
 4.92067300e+03  1.15879060e-02
 4.92157400e+03  1.13952992e-02
 4.92247400e+03  1.13664306e-02
 4.92337400e+03  1.14660550e-02
 4.92427400e+03  1.15165541e-02
 4.92517400e+03  1.15235805e-02
 4.92607500e+03  1.16913177e-02
 4.92697500e+03  1.20248583e-02
 4.92787500e+03  1.22888378e-02
 4.92877500e+03  1.23765906e-02
 4.92967600e+03  1.24367682e-02
 4.93057600e+03  1.25054263e-02
 4.93147600e+03  1.25031378e-02
 4.93237700e+03  1.24709825e-02
 4.93327700e+03  1.23769869e-02
 4.93417700e+03  1.21346886e-02
 4.93507700e+03  1.19418196e-02
 4.93597700e+03  1.20331392e-02
 4.93687800e+03  1.22201291e-02
 4.93777800e+03  1.22045178e-02
 4.93867800e+03  1.19992199e-02
 4.93957900e+03  1.17985020e-02
 4.94047900e+03  1.17869820e-02
 4.94137900e+03  1.20066218e-02
 4.94227900e+03  1.22551241e-02
 4.94317900e+03  1.23453382e-02
 4.94408000e+03  1.23608065e-02
 4.94498000e+03  1.23994935e-02
 4.94588000e+03  1.23812511e-02
 4.94678000e+03  1.22900417e-02
 4.94768000e+03  1.22562624e-02
 4.94858100e+03  1.24926279e-02
 4.94948100e+03  1.25421049e-02
 4.95038100e+03  1.25471199e-02
 4.95128100e+03  1.25536309e-02
 4.95218200e+03  1.25722726e-02
 4.95308200e+03  1.25363628e-02
 4.95398200e+03  1.24491285e-02
 4.95488200e+03  1.24162402e-02
 4.95578300e+03  1.24403052e-02
 4.95668300e+03  1.24435920e-02
 4.95758300e+03  1.33166384e-02
 4.95848400e+03  2.62002340e-02
 4.95938400e+03  7.75335051e-02
 4.96028400e+03  1.22508570e-01
 4.96118400e+03  8.05885985e-02
 4.96208500e+03  2.79556060e-02
 4.96298500e+03  1.37317754e-02
 4.96388500e+03  1.24741232e-02
 4.96478500e+03  1.24591049e-02
 4.96568500e+03  1.23733754e-02
 4.96658600e+03  1.22043181e-02
 4.96748600e+03  1.21150635e-02
 4.96838600e+03  1.21201053e-02
 4.96928600e+03  1.21321498e-02
 4.97018600e+03  1.21518434e-02
 4.97108700e+03  1.21876013e-02
 4.97198700e+03  1.22300459e-02
 4.97288700e+03  1.23021427e-02
 4.97378700e+03  1.23546591e-02
 4.97468800e+03  1.23881017e-02
 4.97558800e+03  1.24351680e-02
 4.97648800e+03  1.24327752e-02
 4.97738800e+03  1.23759559e-02
 4.97828900e+03  1.23029950e-02
 4.97918900e+03  1.21986326e-02
 4.98008900e+03  1.21166934e-02
 4.98098900e+03  1.20935790e-02
 4.98189000e+03  1.20337769e-02
 4.98279000e+03  1.18443168e-02
 4.98369000e+03  1.16174301e-02
 4.98459100e+03  1.15403152e-02
 4.98549100e+03  1.16374843e-02
 4.98639100e+03  1.17818090e-02
 4.98729100e+03  1.19481636e-02
 4.98819100e+03  1.21448826e-02
 4.98909200e+03  1.22522307e-02
 4.98999200e+03  1.22120329e-02
 4.99089200e+03  1.21124710e-02
 4.99179200e+03  1.20127125e-02
 4.99269200e+03  1.19919253e-02
 4.99359300e+03  1.20507798e-02
 4.99449300e+03  1.20393909e-02
 4.99539300e+03  1.20112286e-02
 4.99629300e+03  1.20911385e-02
 4.99719400e+03  1.21703988e-02
 4.99809400e+03  1.21698088e-02
 4.99899400e+03  1.21326951e-02
 4.99989400e+03  1.20278739e-02
 5.00079500e+03  1.18647464e-02
 5.00169500e+03  1.17269982e-02
 5.00259500e+03  1.16543650e-02
 5.00349500e+03  1.16646781e-02
 5.00439600e+03  1.17694338e-02
 5.00529600e+03  1.33247852e-02
 5.00619600e+03  3.69642576e-02
 5.00709600e+03  1.60555785e-01
 5.00799700e+03  3.33577480e-01
 5.00889700e+03  2.67645350e-01
 5.00979700e+03  8.67359734e-02
 5.01069700e+03  2.00237551e-02
 5.01159800e+03  1.22249445e-02
 5.01249800e+03  1.17884600e-02
 5.01339800e+03  1.16120485e-02
 5.01429800e+03  1.14565703e-02
 5.01519800e+03  1.13466297e-02
 5.01609900e+03  1.13362927e-02
 5.01699900e+03  1.14285808e-02
 5.01789900e+03  1.14495468e-02
 5.01879900e+03  1.11250799e-02
 5.01969900e+03  1.10291057e-02
 5.02060000e+03  1.11820392e-02
 5.02150000e+03  1.14155709e-02
 5.02240000e+03  1.14975518e-02
 5.02330100e+03  1.14564064e-02
 5.02420100e+03  1.14890861e-02
 5.02510100e+03  1.16238903e-02
 5.02600200e+03  1.17157642e-02
 5.02690200e+03  1.17179812e-02
 5.02780200e+03  1.16254905e-02
 5.02870200e+03  1.14932966e-02
 5.02960200e+03  1.15230501e-02
 5.03050300e+03  1.16660489e-02
 5.03140300e+03  1.17125877e-02
 5.03230300e+03  1.16979240e-02
 5.03320300e+03  1.17653634e-02
 5.03410400e+03  1.18891720e-02
 5.03500400e+03  1.19278799e-02
 5.03590400e+03  1.17702205e-02
 5.03680400e+03  1.15179695e-02
 5.03770400e+03  1.14384529e-02
 5.03860500e+03  1.15397610e-02
 5.03950500e+03  1.15470228e-02
 5.04040500e+03  1.13631349e-02
 5.04130500e+03  1.10719884e-02
 5.04220600e+03  1.08382153e-02
 5.04310600e+03  1.09453936e-02
 5.04400600e+03  1.13459652e-02
 5.04490600e+03  1.16562125e-02
 5.04580600e+03  1.17862817e-02
 5.04670700e+03  1.18585395e-02
 5.04760700e+03  1.18512836e-02
 5.04850700e+03  1.16885704e-02
 5.04940800e+03  1.14617015e-02
 5.05030800e+03  1.13582838e-02
 5.05120800e+03  1.13961871e-02
 5.05210900e+03  1.14327406e-02
 5.05300900e+03  1.14252017e-02
 5.05390900e+03  1.14912763e-02
 5.05480900e+03  1.16240542e-02
 5.05570900e+03  1.16863236e-02
 5.05661000e+03  1.16311641e-02
 5.05751000e+03  1.15716183e-02
 5.05841000e+03  1.16252193e-02
 5.05931000e+03  1.17354996e-02
 5.06021000e+03  1.17940442e-02
 5.06111100e+03  1.18117145e-02
 5.06201100e+03  1.18568201e-02
 5.06291100e+03  1.19093693e-02
 5.06381100e+03  1.18890648e-02
 5.06471200e+03  1.17276478e-02
 5.06561200e+03  1.14695325e-02
 5.06651200e+03  1.13484742e-02
 5.06741200e+03  1.14412301e-02
 5.06831200e+03  1.15161399e-02
 5.06921300e+03  1.14759063e-02
 5.07011300e+03  1.14657094e-02
 5.07101300e+03  1.15648630e-02
 5.07191400e+03  1.16204695e-02
 5.07281400e+03  1.15074567e-02
 5.07371400e+03  1.13952962e-02
 5.07461400e+03  1.14386437e-02
 5.07551500e+03  1.14892500e-02
 5.07641500e+03  1.14478483e-02
 5.07731500e+03  1.14411288e-02
 5.07821500e+03  1.15252463e-02
 5.07911600e+03  1.15204577e-02
 5.08001600e+03  1.12767499e-02
 5.08091600e+03  1.10078804e-02
 5.08181600e+03  1.09983986e-02
 5.08271600e+03  1.11797745e-02
 5.08361700e+03  1.13059521e-02
 5.08451700e+03  1.13130650e-02
 5.08541700e+03  1.13485785e-02
 5.08631700e+03  1.14475533e-02
 5.08721700e+03  1.14906952e-02
 5.08811800e+03  1.14469663e-02
 5.08901800e+03  1.14246087e-02
 5.08991800e+03  1.14837254e-02
 5.09081900e+03  1.15422312e-02
 5.09171900e+03  1.15426365e-02
 5.09261900e+03  1.15393110e-02
 5.09351900e+03  1.15797770e-02
 5.09441900e+03  1.16322636e-02
 5.09532000e+03  1.16448712e-02
 5.09622000e+03  1.16065269e-02
 5.09712000e+03  1.15072124e-02
 5.09802100e+03  1.13438585e-02
 5.09892100e+03  1.11649529e-02
 5.09982100e+03  1.10081963e-02
 5.10072100e+03  1.09733532e-02
 5.10162200e+03  1.11268558e-02
 5.10252200e+03  1.13386915e-02
 5.10342200e+03  1.14497435e-02
 5.10432200e+03  1.14383099e-02
 5.10522200e+03  1.13959279e-02
 5.10612300e+03  1.13769583e-02
 5.10702300e+03  1.13574256e-02
 5.10792300e+03  1.12780431e-02
 5.10882300e+03  1.11851740e-02
 5.10972300e+03  1.11825279e-02
 5.11062400e+03  1.11839284e-02
 5.11152400e+03  1.11621131e-02
 5.11242400e+03  1.12420677e-02
 5.11332400e+03  1.13672918e-02
 5.11422500e+03  1.14181216e-02
 5.11512500e+03  1.14263280e-02
 5.11602500e+03  1.14306160e-02
 5.11692600e+03  1.14468024e-02
 5.11782600e+03  1.15086546e-02
 5.11872600e+03  1.15803134e-02
 5.11962600e+03  1.15865770e-02
 5.12052700e+03  1.15307261e-02
 5.12142700e+03  1.14471540e-02
 5.12232700e+03  1.13522884e-02
 5.12322700e+03  1.12347314e-02
 5.12412800e+03  1.10800428e-02
 5.12502800e+03  1.09698460e-02
 5.12592800e+03  1.09885980e-02
 5.12682800e+03  1.10551881e-02
 5.12772800e+03  1.10719079e-02
 5.12862900e+03  1.10372317e-02
 5.12952900e+03  1.10056605e-02
 5.13042900e+03  1.10083364e-02
 5.13132900e+03  1.10679835e-02
 5.13222900e+03  1.11549198e-02
 5.13313000e+03  1.11909995e-02
 5.13403000e+03  1.11766308e-02
 5.13493000e+03  1.11909310e-02
 5.13583100e+03  1.12964912e-02
 5.13673100e+03  1.13723664e-02
 5.13763100e+03  1.12795896e-02
 5.13853100e+03  1.11310127e-02
 5.13943100e+03  1.10388617e-02
 5.14033200e+03  1.09724027e-02
 5.14123200e+03  1.10297076e-02
 5.14213200e+03  1.11472259e-02
 5.14303300e+03  1.10642259e-02
 5.14393300e+03  1.09061612e-02
 5.14483300e+03  1.09470533e-02
 5.14573300e+03  1.10638087e-02
 5.14663400e+03  1.10450567e-02
 5.14753400e+03  1.09639132e-02
 5.14843400e+03  1.09230628e-02
 5.14933400e+03  1.09377503e-02
 5.15023400e+03  1.10128836e-02
 5.15113500e+03  1.10559092e-02
 5.15203500e+03  1.09959641e-02
 5.15293500e+03  1.09231045e-02
 5.15383500e+03  1.08939856e-02
 5.15473500e+03  1.08696018e-02
 5.15563600e+03  1.08830974e-02
 5.15653600e+03  1.09797390e-02
 5.15743600e+03  1.11036639e-02
 5.15833700e+03  1.12091556e-02
 5.15923700e+03  1.12684987e-02
 5.16013700e+03  1.12640946e-02
 5.16103700e+03  1.12532838e-02
 5.16193800e+03  1.12396719e-02
 5.16283800e+03  1.11577328e-02
 5.16373800e+03  1.10792681e-02
 5.16463800e+03  1.10808593e-02
 5.16553900e+03  1.10340969e-02
 5.16643900e+03  1.08218799e-02
 5.16733900e+03  1.04820430e-02
 5.16823900e+03  1.01144103e-02
 5.16914000e+03  9.89134671e-03
 5.17004000e+03  9.97469534e-03
 5.17094000e+03  1.03266363e-02
 5.17184000e+03  1.05767716e-02
 5.17274000e+03  1.04038524e-02
 5.17364100e+03  1.00839774e-02
 5.17454100e+03  1.01540926e-02
 5.17544100e+03  1.06166088e-02
 5.17634100e+03  1.10033839e-02
 5.17724100e+03  1.10926385e-02
 5.17814200e+03  1.10690830e-02
 5.17904200e+03  1.11005738e-02
 5.17994200e+03  1.11354049e-02
 5.18084200e+03  1.11154193e-02
 5.18174300e+03  1.10791936e-02
 5.18264300e+03  1.09749325e-02
 5.18354300e+03  1.06376136e-02
 5.18444400e+03  1.01573585e-02
 5.18534400e+03  1.00135910e-02
 5.18624400e+03  1.03703056e-02
 5.18714400e+03  1.07987475e-02
 5.18804500e+03  1.09886457e-02
 5.18894500e+03  1.09569165e-02
 5.18984500e+03  1.08915750e-02
 5.19074500e+03  1.09724921e-02
 5.19164600e+03  1.10177347e-02
 5.19254600e+03  1.07955085e-02
 5.19344600e+03  1.05361923e-02
 5.19434600e+03  1.05515176e-02
 5.19524600e+03  1.07059827e-02
 5.19614700e+03  1.07236917e-02
 5.19704700e+03  1.06724626e-02
 5.19794700e+03  1.06832377e-02
 5.19884700e+03  1.07322766e-02
 5.19974700e+03  1.08466214e-02
 5.20064800e+03  1.10689549e-02
 5.20154800e+03  1.12525477e-02
 5.20244800e+03  1.11605308e-02
 5.20334800e+03  1.09836813e-02
 5.20424900e+03  1.09074455e-02
 5.20514900e+03  1.07910685e-02
 5.20604900e+03  1.05718578e-02
 5.20694900e+03  1.04338384e-02
 5.20785000e+03  1.04849900e-02
 5.20875000e+03  1.05376703e-02
 5.20965000e+03  1.04891231e-02
 5.21055100e+03  1.05300867e-02
 5.21145100e+03  1.06645423e-02
 5.21235100e+03  1.07831869e-02
 5.21325100e+03  1.08956126e-02
 5.21415200e+03  1.09848285e-02
 5.21505200e+03  1.09784875e-02
 5.21595200e+03  1.08302383e-02
 5.21685200e+03  1.06372262e-02
 5.21775200e+03  1.05730557e-02
 5.21865300e+03  1.06681985e-02
 5.21955300e+03  1.08276190e-02
 5.22045300e+03  1.09443655e-02
 5.22135300e+03  1.09863095e-02
 5.22225300e+03  1.10084764e-02
 5.22315400e+03  1.10028356e-02
 5.22405400e+03  1.09333729e-02
 5.22495400e+03  1.07964382e-02
 5.22585400e+03  1.05923978e-02
 5.22675500e+03  1.03144309e-02
 5.22765500e+03  1.00336720e-02
 5.22855500e+03  1.00042850e-02
 5.22945600e+03  1.03351407e-02
 5.23035600e+03  1.07010123e-02
 5.23125600e+03  1.08646374e-02
 5.23215600e+03  1.09175352e-02
 5.23305600e+03  1.08525005e-02
 5.23395700e+03  1.06387131e-02
 5.23485700e+03  1.04507280e-02
 5.23575700e+03  1.04138944e-02
 5.23665800e+03  1.05200924e-02
 5.23755800e+03  1.06978537e-02
 5.23845800e+03  1.08216475e-02
 5.23935800e+03  1.08643722e-02
 5.24025800e+03  1.08688926e-02
 5.24115900e+03  1.08682340e-02
 5.24205900e+03  1.09013875e-02
 5.24295900e+03  1.09112299e-02
 5.24385900e+03  1.08609841e-02
 5.24475900e+03  1.08565620e-02
 5.24566000e+03  1.09466749e-02
 5.24656000e+03  1.09685796e-02
 5.24746000e+03  1.07881542e-02
 5.24836000e+03  1.05736338e-02
 5.24926100e+03  1.05514967e-02
 5.25016100e+03  1.06079107e-02
 5.25106100e+03  1.05425125e-02
 5.25196200e+03  1.04715808e-02
 5.25286200e+03  1.05509454e-02
 5.25376200e+03  1.06809760e-02
 5.25466200e+03  1.07050023e-02
 5.25556200e+03  1.05961047e-02
 5.25646300e+03  1.05095080e-02
 5.25736300e+03  1.06169545e-02
 5.25826300e+03  1.08198625e-02
 5.25916400e+03  1.09473543e-02
 5.26006400e+03  1.09610376e-02
 5.26096400e+03  1.08757581e-02
 5.26186400e+03  1.07373453e-02
 5.26276400e+03  1.05602186e-02
 5.26366500e+03  1.03530614e-02
 5.26456500e+03  1.01540181e-02
 5.26546500e+03  9.99107245e-03
 5.26636500e+03  9.89598332e-03
 5.26726500e+03  9.93907752e-03
 5.26816600e+03  1.01717034e-02
 5.26906600e+03  1.03585561e-02
 5.26996600e+03  1.01884619e-02
 5.27086600e+03  9.86598246e-03
 5.27176700e+03  9.88351276e-03
 5.27266700e+03  1.02358441e-02
 5.27356700e+03  1.04841825e-02
 5.27446700e+03  1.04875884e-02
 5.27536800e+03  1.03747783e-02
 5.27626800e+03  1.02109149e-02
 5.27716800e+03  1.01715276e-02
 5.27806900e+03  1.04165733e-02
 5.27896900e+03  1.07232805e-02
 5.27986900e+03  1.08198476e-02
 5.28076900e+03  1.07280721e-02
 5.28167000e+03  1.06037956e-02
 5.28257000e+03  1.05319699e-02
 5.28347000e+03  1.04798290e-02
 5.28437000e+03  1.03829251e-02
 5.28527000e+03  1.03252238e-02
 5.28617100e+03  1.04906338e-02
 5.28707100e+03  1.07836398e-02
 5.28797100e+03  1.09415824e-02
 5.28887100e+03  1.09184619e-02
 5.28977100e+03  1.08525244e-02
 5.29067200e+03  1.08559810e-02
 5.29157200e+03  1.09050021e-02
 5.29247200e+03  1.09118020e-02
 5.29337200e+03  1.08452566e-02
 5.29427300e+03  1.07653795e-02
 5.29517300e+03  1.07436208e-02
 5.29607300e+03  1.07419134e-02
 5.29697400e+03  1.06492736e-02
 5.29787400e+03  1.04325749e-02
 5.29877400e+03  1.02153459e-02
 5.29967400e+03  1.02026846e-02
 5.30057400e+03  1.03961853e-02
 5.30147500e+03  1.05463416e-02
 5.30237500e+03  1.05289782e-02
 5.30327500e+03  1.04827015e-02
 5.30417600e+03  1.05488834e-02
 5.30507600e+03  1.07027346e-02
 5.30597600e+03  1.08136973e-02
 5.30687600e+03  1.08028090e-02
 5.30777600e+03  1.07045970e-02
 5.30867700e+03  1.06361058e-02
 5.30957700e+03  1.06732582e-02
 5.31047700e+03  1.07677693e-02
 5.31137700e+03  1.08180717e-02
 5.31227700e+03  1.08004162e-02
 5.31317800e+03  1.07552212e-02
 5.31407800e+03  1.06936819e-02
 5.31497800e+03  1.06445983e-02
 5.31587800e+03  1.06076276e-02
 5.31677900e+03  1.04751626e-02
 5.31767900e+03  1.02879433e-02
 5.31857900e+03  1.02742093e-02
 5.31948000e+03  1.04364964e-02
 5.32038000e+03  1.05590535e-02
 5.32128000e+03  1.05900288e-02
 5.32218000e+03  1.05931844e-02
 5.32308100e+03  1.05906188e-02
 5.32398100e+03  1.05439518e-02
 5.32488100e+03  1.04151221e-02
 5.32578100e+03  1.03120143e-02
 5.32668200e+03  1.03468156e-02
 5.32758200e+03  1.03565299e-02
 5.32848200e+03  1.01103965e-02
 5.32938200e+03  9.74738252e-03
 5.33028200e+03  9.71193455e-03
 5.33118300e+03  1.00468577e-02
 5.33208300e+03  1.03818762e-02
 5.33298300e+03  1.05002140e-02
 5.33388300e+03  1.04645663e-02
 5.33478300e+03  1.04618279e-02
 5.33568400e+03  1.05390738e-02
 5.33658400e+03  1.05822127e-02
 5.33748400e+03  1.05301105e-02
 5.33838400e+03  1.04581031e-02
 5.33928500e+03  1.04391842e-02
 5.34018500e+03  1.03822040e-02
 5.34108500e+03  1.02151879e-02
 5.34198500e+03  1.01137905e-02
 5.34288600e+03  1.02435439e-02
 5.34378600e+03  1.04557103e-02
 5.34468600e+03  1.05550993e-02
 5.34558700e+03  1.05392556e-02
 5.34648700e+03  1.04418094e-02
 5.34738700e+03  1.03679456e-02
 5.34828700e+03  1.03913968e-02
 5.34918800e+03  1.03881488e-02
 5.35008800e+03  1.03129231e-02
 5.35098800e+03  1.03027262e-02
 5.35188800e+03  1.04264455e-02
 5.35278800e+03  1.05709818e-02
 5.35368900e+03  1.06102946e-02
 5.35458900e+03  1.05977346e-02
 5.35548900e+03  1.06550336e-02
 5.35638900e+03  1.07474528e-02
 5.35728900e+03  1.07753887e-02
 5.35819000e+03  1.07584842e-02
 5.35909000e+03  1.07487312e-02
 5.35999000e+03  1.07486567e-02
 5.36089000e+03  1.07373423e-02
 5.36179100e+03  1.06679541e-02
 5.36269100e+03  1.05204648e-02
 5.36359100e+03  1.03818435e-02
 5.36449200e+03  1.03412613e-02
 5.36539200e+03  1.03487466e-02
 5.36629200e+03  1.03291781e-02
 5.36719200e+03  1.03346729e-02
 5.36809200e+03  1.03596855e-02
 5.36899300e+03  1.03594143e-02
 5.36989300e+03  1.03116478e-02
 5.37079300e+03  1.01609462e-02
 5.37169400e+03  9.96934358e-03
 5.37259400e+03  9.91433903e-03
 5.37349400e+03  1.00942250e-02
 5.37439400e+03  1.03743701e-02
 5.37529400e+03  1.05471342e-02
 5.37619500e+03  1.06037062e-02
 5.37709500e+03  1.05857408e-02
 5.37799500e+03  1.05213260e-02
 5.37889500e+03  1.04999189e-02
 5.37979500e+03  1.05202175e-02
 5.38069600e+03  1.04922757e-02
 5.38159600e+03  1.04067339e-02
 5.38249600e+03  1.03485439e-02
 5.38339600e+03  1.03310285e-02
 5.38429700e+03  1.03080183e-02
 5.38519700e+03  1.03362462e-02
 5.38609700e+03  1.04256528e-02
 5.38699800e+03  1.04643488e-02
 5.38789800e+03  1.04299140e-02
 5.38879800e+03  1.03914445e-02
 5.38969800e+03  1.03543725e-02
 5.39059900e+03  1.02774185e-02
 5.39149900e+03  1.02037514e-02
 5.39239900e+03  1.01776779e-02
 5.39329900e+03  1.01816023e-02
 5.39420000e+03  1.01825559e-02
 5.39510000e+03  1.01811494e-02
 5.39600000e+03  1.01857949e-02
 5.39690000e+03  1.01199349e-02
 5.39780000e+03  9.94251027e-03
 5.39870100e+03  9.86100616e-03
 5.39960100e+03  1.00140230e-02
 5.40050100e+03  1.01839445e-02
 5.40140100e+03  1.01918768e-02
 5.40230100e+03  1.01555289e-02
 5.40320200e+03  1.01816441e-02
 5.40410200e+03  1.01580439e-02
 5.40500200e+03  9.99098306e-03
 5.40590200e+03  9.78214812e-03
 5.40680300e+03  9.68637065e-03
 5.40770300e+03  9.77331592e-03
 5.40860300e+03  9.95435507e-03
 5.40950300e+03  1.00409666e-02
 5.41040400e+03  9.96095240e-03
 5.41130400e+03  9.86772864e-03
 5.41220400e+03  9.94288871e-03
 5.41310500e+03  1.01363418e-02
 5.41400500e+03  1.02523135e-02
 5.41490500e+03  1.02202149e-02
 5.41580500e+03  1.01450786e-02
 5.41670600e+03  1.01658987e-02
 5.41760600e+03  1.02855475e-02
 5.41850600e+03  1.03626355e-02
 5.41940600e+03  1.03279534e-02
 5.42030600e+03  1.02414342e-02
 5.42120700e+03  1.01613813e-02
 5.42210700e+03  1.01369676e-02
 5.42300700e+03  1.01987333e-02
 5.42390700e+03  1.02313058e-02
 5.42480700e+03  1.01103667e-02
 5.42570800e+03  9.98067585e-03
 5.42660800e+03  1.00489347e-02
 5.42750800e+03  1.02433651e-02
 5.42840800e+03  1.03621111e-02
 5.42930900e+03  1.02594294e-02
 5.43020900e+03  9.97657561e-03
 5.43110900e+03  9.81557279e-03
 5.43201000e+03  9.95102661e-03
 5.43291000e+03  1.00969456e-02
 5.43381000e+03  1.00332757e-02
 5.43471000e+03  9.90544426e-03
 5.43561000e+03  9.84099664e-03
 5.43651100e+03  9.85325862e-03
 5.43741100e+03  9.92763500e-03
 5.43831100e+03  1.00498942e-02
 5.43921200e+03  1.02086293e-02
 5.44011200e+03  1.03345805e-02
 5.44101200e+03  1.03885212e-02
 5.44191200e+03  1.03877822e-02
 5.44281200e+03  1.03657912e-02
 5.44371300e+03  1.03566997e-02
 5.44461300e+03  1.03391426e-02
 5.44551300e+03  1.02398758e-02
 5.44641300e+03  1.00474239e-02
 5.44731300e+03  9.81907111e-03
 5.44821400e+03  9.71414260e-03
 5.44911400e+03  9.85930468e-03
 5.45001400e+03  1.00959384e-02
 5.45091400e+03  1.02226107e-02
 5.45181500e+03  1.02363536e-02
 5.45271500e+03  1.02040076e-02
 5.45361500e+03  1.01577220e-02
 5.45451600e+03  1.00791262e-02
 5.45541600e+03  9.92208955e-03
 5.45631600e+03  9.72104089e-03
 5.45721600e+03  9.67678754e-03
 5.45811700e+03  9.87934697e-03
 5.45901700e+03  1.01220595e-02
 5.45991700e+03  1.02307068e-02
 5.46081700e+03  1.02101073e-02
 5.46171800e+03  1.01382995e-02
 5.46261800e+03  1.00550671e-02
 5.46351800e+03  9.93216731e-03
 5.46441800e+03  9.83124964e-03
 5.46531800e+03  9.88129279e-03
 5.46621900e+03  1.00028398e-02
 5.46711900e+03  1.00221490e-02
 5.46801900e+03  9.98819692e-03
 5.46891900e+03  1.00224381e-02
 5.46981900e+03  1.00752644e-02
 5.47072000e+03  1.00568163e-02
 5.47162000e+03  1.00047618e-02
 5.47252000e+03  9.99154922e-03
 5.47342000e+03  9.96257938e-03
 5.47432100e+03  9.86844081e-03
 5.47522100e+03  9.82573697e-03
 5.47612100e+03  9.83836844e-03
 5.47702100e+03  9.71865107e-03
 5.47792200e+03  9.52350246e-03
 5.47882200e+03  9.54852701e-03
 5.47972200e+03  9.78553022e-03
 5.48062300e+03  9.94983170e-03
 5.48152300e+03  9.88761895e-03
 5.48242300e+03  9.73789179e-03
 5.48332300e+03  9.71055191e-03
 5.48422400e+03  9.81396369e-03
 5.48512400e+03  9.94967377e-03
 5.48602400e+03  1.00631871e-02
 5.48692400e+03  1.00781459e-02
 5.48782400e+03  9.95612211e-03
 5.48872500e+03  9.81324555e-03
 5.48962500e+03  9.80650519e-03
 5.49052500e+03  9.88474938e-03
 5.49142500e+03  9.92297753e-03
 5.49232500e+03  9.94465575e-03
 5.49322600e+03  9.95791894e-03
 5.49412600e+03  9.90458905e-03
 5.49502600e+03  9.84804392e-03
 5.49592600e+03  9.88681440e-03
 5.49682700e+03  9.94618142e-03
 5.49772700e+03  9.88955584e-03
 5.49862700e+03  9.79482727e-03
 5.49952800e+03  9.84881570e-03
 5.50042800e+03  1.00000000e-02
 5.50132800e+03  1.00194463e-02
 5.50222800e+03  9.86803258e-03
 5.50312900e+03  9.72610361e-03
 5.50402900e+03  9.71353173e-03
 5.50492900e+03  9.78244312e-03
 5.50582900e+03  9.83001302e-03
 5.50673000e+03  9.76676627e-03
 5.50763000e+03  9.65838415e-03
 5.50853000e+03  9.67751461e-03
 5.50943000e+03  9.78660295e-03
 5.51033000e+03  9.81863903e-03
 5.51123100e+03  9.78002946e-03
 5.51213100e+03  9.73690845e-03
 5.51303100e+03  9.67954685e-03
 5.51393100e+03  9.63451279e-03
 5.51483100e+03  9.65749318e-03
 5.51573200e+03  9.72219110e-03
 5.51663200e+03  9.78966919e-03
 5.51753200e+03  9.90754205e-03
 5.51843200e+03  1.02130246e-02
 5.51933300e+03  1.04641790e-02
 5.52023300e+03  1.02918051e-02
 5.52113300e+03  1.00520962e-02
 5.52203300e+03  9.95028463e-03
 5.52293400e+03  9.91969973e-03
 5.52383400e+03  9.92394896e-03
 5.52473400e+03  9.93204514e-03
 5.52563500e+03  9.90534294e-03
 5.52653500e+03  9.83002494e-03
 5.52743500e+03  9.73571056e-03
 5.52833500e+03  9.63030826e-03
 5.52923600e+03  9.53977527e-03
 5.53013600e+03  9.56137303e-03
 5.53103600e+03  9.70865376e-03
 5.53193600e+03  9.83768904e-03
 5.53283600e+03  9.86461472e-03
 5.53373700e+03  9.82789436e-03
 5.53463700e+03  9.76578293e-03
 5.53553700e+03  9.67316705e-03
 5.53643700e+03  9.61542106e-03
 5.53733700e+03  9.69955636e-03
 5.53823800e+03  9.92863920e-03
 5.53913800e+03  1.01587143e-02
 5.54003800e+03  1.01193419e-02
 5.54093900e+03  9.98068777e-03
 5.54183900e+03  9.96251085e-03
 5.54273900e+03  9.94833285e-03
 5.54363900e+03  9.86191500e-03
 5.54453900e+03  9.75681068e-03
 5.54544000e+03  9.71860637e-03
 5.54634000e+03  9.72961980e-03
 5.54724000e+03  9.73771002e-03
 5.54814100e+03  9.77375694e-03
 5.54904100e+03  9.85726648e-03
 5.54994100e+03  9.92363608e-03
 5.55084100e+03  9.94253113e-03
 5.55174200e+03  9.94668799e-03
 5.55264200e+03  9.93655659e-03
 5.55354200e+03  9.88945155e-03
 5.55444200e+03  9.81487551e-03
 5.55534200e+03  9.75253166e-03
 5.55624300e+03  9.75348520e-03
 5.55714300e+03  9.79992276e-03
 5.55804300e+03  9.81257807e-03
 5.55894300e+03  9.78160281e-03
 5.55984300e+03  9.76973120e-03
 5.56074400e+03  9.78373636e-03
 5.56164400e+03  9.78652846e-03
 5.56254400e+03  9.76502010e-03
 5.56344400e+03  9.71354961e-03
 5.56434500e+03  9.66542249e-03
 5.56524500e+03  9.66953465e-03
 5.56614500e+03  9.67077425e-03
 5.56704600e+03  9.63259080e-03
 5.56794600e+03  9.61822805e-03
 5.56884600e+03  9.63911661e-03
 5.56974700e+03  9.63526966e-03
 5.57064700e+03  9.60273297e-03
 5.57154700e+03  9.64924801e-03
 5.57244700e+03  9.73286185e-03
 5.57334700e+03  9.68285148e-03
 5.57424800e+03  9.58491363e-03
 5.57514800e+03  9.63301096e-03
 5.57604800e+03  9.73141961e-03
 5.57694800e+03  9.72785872e-03
 5.57784800e+03  9.70984867e-03
 5.57874900e+03  9.73858013e-03
 5.57964900e+03  9.72832060e-03
 5.58054900e+03  9.72169943e-03
 5.58144900e+03  9.75981137e-03
 5.58234900e+03  9.74895289e-03
 5.58325000e+03  9.69814393e-03
 5.58415000e+03  9.69348944e-03
 5.58505000e+03  9.70882063e-03
 5.58595000e+03  9.67906412e-03
 5.58685100e+03  9.57525007e-03
 5.58775100e+03  9.40763204e-03
 5.58865100e+03  9.26994038e-03
 5.58955200e+03  9.23532080e-03
 5.59045200e+03  9.28676446e-03
 5.59135200e+03  9.38993487e-03
 5.59225200e+03  9.48918980e-03
 5.59315300e+03  9.52477782e-03
 5.59405300e+03  9.50924401e-03
 5.59495300e+03  9.47338482e-03
 5.59585300e+03  9.47851905e-03
 5.59675400e+03  9.60388021e-03
 5.59765400e+03  9.73145239e-03
 5.59855400e+03  9.68358749e-03
 5.59945400e+03  9.53081793e-03
 5.60035400e+03  9.46261276e-03
 5.60125500e+03  9.46751159e-03
 5.60215500e+03  9.42998071e-03
 5.60305500e+03  9.36018432e-03
 5.60395500e+03  9.33659306e-03
 5.60485500e+03  9.42660160e-03
 5.60575600e+03  9.59231253e-03
 5.60665600e+03  9.71431841e-03
 5.60755600e+03  9.75967727e-03
 5.60845700e+03  9.76595874e-03
 5.60935700e+03  9.75837807e-03
 5.61025700e+03  9.74194435e-03
 5.61115700e+03  9.72498319e-03
 5.61205800e+03  9.73248341e-03
 5.61295800e+03  9.76788967e-03
 5.61385800e+03  9.79207093e-03
 5.61475800e+03  9.72100811e-03
 5.61565900e+03  9.49598677e-03
 5.61655900e+03  9.25912064e-03
 5.61745900e+03  9.25086653e-03
 5.61835900e+03  9.42481370e-03
 5.61926000e+03  9.53329118e-03
 5.62016000e+03  9.51756069e-03
 5.62106000e+03  9.48700559e-03
 5.62196000e+03  9.51325187e-03
 5.62286000e+03  9.58216326e-03
 5.62376100e+03  9.60412157e-03
 5.62466100e+03  9.48846868e-03
 5.62556100e+03  9.31157447e-03
 5.62646100e+03  9.25940373e-03
 5.62736100e+03  9.35934699e-03
 5.62826200e+03  9.46059840e-03
 5.62916200e+03  9.50669626e-03
 5.63006200e+03  9.56253516e-03
 5.63096200e+03  9.62823728e-03
 5.63186300e+03  9.65544008e-03
 5.63276300e+03  9.64871760e-03
 5.63366300e+03  9.62358280e-03
 5.63456400e+03  9.57945758e-03
 5.63546400e+03  9.53373815e-03
 5.63636400e+03  9.49638905e-03
 5.63726500e+03  9.44520463e-03
 5.63816500e+03  9.38025045e-03
 5.63906500e+03  9.34540142e-03
 5.63996500e+03  9.37179967e-03
 5.64086500e+03  9.39447910e-03
 5.64176600e+03  9.34375656e-03
 5.64266600e+03  9.29148152e-03
 5.64356600e+03  9.32778768e-03
 5.64446600e+03  9.39320970e-03
 5.64536600e+03  9.42141968e-03
 5.64626700e+03  9.43109517e-03
 5.64716700e+03  9.43718891e-03
 5.64806700e+03  9.45237706e-03
 5.64896700e+03  9.47393012e-03
 5.64986800e+03  9.46604253e-03
 5.65076800e+03  9.43681643e-03
 5.65166800e+03  9.43376509e-03
 5.65256800e+03  9.48030695e-03
 5.65346800e+03  9.53480195e-03
 5.65436900e+03  9.53307961e-03
 5.65526900e+03  9.44959987e-03
 5.65616900e+03  9.36325056e-03
 5.65707000e+03  9.37314357e-03
 5.65797000e+03  9.37210063e-03
 5.65887000e+03  9.19439591e-03
 5.65977000e+03  9.00271283e-03
 5.66067100e+03  9.06081640e-03
 5.66157100e+03  9.25758603e-03
 5.66247100e+03  9.31735830e-03
 5.66337100e+03  9.23345245e-03
 5.66427200e+03  9.19665163e-03
 5.66517200e+03  9.28791765e-03
 5.66607200e+03  9.39885348e-03
 5.66697200e+03  9.42026649e-03
 5.66787200e+03  9.34252887e-03
 5.66877300e+03  9.25069370e-03
 5.66967300e+03  9.23109541e-03
 5.67057300e+03  9.27626058e-03
 5.67147300e+03  9.33021624e-03
 5.67237300e+03  9.38041732e-03
 5.67327400e+03  9.45259161e-03
 5.67417400e+03  9.53606241e-03
 5.67507400e+03  9.56407871e-03
 5.67597500e+03  9.51551355e-03
 5.67687500e+03  9.46116754e-03
 5.67777500e+03  9.46892998e-03
 5.67867600e+03  9.48494057e-03
 5.67957600e+03  9.44722495e-03
 5.68047600e+03  9.38844496e-03
 5.68137600e+03  9.36822388e-03
 5.68227600e+03  9.36185004e-03
 5.68317700e+03  9.30722691e-03
 5.68407700e+03  9.25101552e-03
 5.68497700e+03  9.26165945e-03
 5.68587700e+03  9.31851447e-03
 5.68677800e+03  9.34364332e-03
 5.68767800e+03  9.29008100e-03
 5.68857800e+03  9.21936682e-03
 5.68947800e+03  9.21143751e-03
 5.69037800e+03  9.27693700e-03
 5.69127900e+03  9.36152822e-03
 5.69217900e+03  9.41273350e-03
 5.69307900e+03  9.45312500e-03
 5.69397900e+03  9.48770287e-03
 5.69488000e+03  9.47706490e-03
 5.69578000e+03  9.43566324e-03
 5.69668000e+03  9.40704502e-03
 5.69758000e+03  9.39838565e-03
 5.69848100e+03  9.36472855e-03
 5.69938100e+03  9.29470271e-03
 5.70028100e+03  9.26275603e-03
 5.70118100e+03  9.26286330e-03
 5.70208200e+03  9.20912219e-03
 5.70298200e+03  9.14500832e-03
 5.70388200e+03  9.16439803e-03
 5.70478300e+03  9.25483864e-03
 5.70568300e+03  9.30617503e-03
 5.70658300e+03  9.25061623e-03
 5.70748300e+03  9.14611681e-03
 5.70838300e+03  9.07624294e-03
 5.70928400e+03  9.01787119e-03
 5.71018400e+03  8.95863827e-03
 5.71108400e+03  8.96499721e-03
 5.71198400e+03  9.00413719e-03
 5.71288400e+03  9.00017998e-03
 5.71378500e+03  9.05553317e-03
 5.71468500e+03  9.19877029e-03
 5.71558500e+03  9.29447922e-03
 5.71648500e+03  9.31673254e-03
 5.71738600e+03  9.33364006e-03
 5.71828600e+03  9.33540113e-03
 5.71918600e+03  9.31503106e-03
 5.72008600e+03  9.32824658e-03
 5.72098700e+03  9.36392102e-03
 5.72188700e+03  9.38455629e-03
 5.72278700e+03  9.40603784e-03
 5.72368800e+03  9.42567487e-03
 5.72458800e+03  9.42424158e-03
 5.72548800e+03  9.41326987e-03
 5.72638800e+03  9.39765559e-03
 5.72728900e+03  9.34434656e-03
 5.72818900e+03  9.26000863e-03
 5.72908900e+03  9.23960876e-03
 5.72998900e+03  9.30861848e-03
 5.73088900e+03  9.35760379e-03
 5.73179000e+03  9.31234922e-03
 5.73269000e+03  9.22697133e-03
 5.73359000e+03  9.21915526e-03
 5.73449000e+03  9.29269431e-03
 5.73539000e+03  9.35186167e-03
 5.73629100e+03  9.36950223e-03
 5.73719100e+03  9.35632247e-03
 5.73809100e+03  9.32565413e-03
 5.73899100e+03  9.29640121e-03
 5.73989100e+03  9.27286061e-03
 5.74079200e+03  9.24899520e-03
 5.74169200e+03  9.22765371e-03
 5.74259200e+03  9.21276950e-03
 5.74349300e+03  9.20437831e-03
 5.74439300e+03  9.21357107e-03
 5.74529300e+03  9.25891503e-03
 5.74619400e+03  9.32612792e-03
 5.74709400e+03  9.35614666e-03
 5.74799400e+03  9.29655616e-03
 5.74889400e+03  9.16880519e-03
 5.74979500e+03  9.10921767e-03
 5.75069500e+03  9.18527169e-03
 5.75159500e+03  9.29008696e-03
 5.75249500e+03  9.29717894e-03
 5.75339500e+03  9.19574279e-03
 5.75429600e+03  9.11142869e-03
 5.75519600e+03  9.29258405e-03
 5.75609600e+03  9.62137773e-03
 5.75699600e+03  9.57193352e-03
 5.75789600e+03  9.38345376e-03
 5.75879700e+03  9.33650963e-03
 5.75969700e+03  9.31679214e-03
 5.76059700e+03  9.25450490e-03
 5.76149700e+03  9.16358156e-03
 5.76239800e+03  9.06856692e-03
 5.76329800e+03  8.98826367e-03
 5.76419800e+03  8.97196702e-03
 5.76509900e+03  9.07366242e-03
 5.76599900e+03  9.22327337e-03
 5.76689900e+03  9.29750672e-03
 5.76779900e+03  9.30714943e-03
 5.76869900e+03  9.30332632e-03
 5.76960000e+03  9.28055749e-03
 5.77050000e+03  9.24538664e-03
 5.77140000e+03  9.22600587e-03
 5.77230100e+03  9.20966750e-03
 5.77320100e+03  9.17802178e-03
 5.77410100e+03  9.15889132e-03
 5.77500100e+03  9.15199302e-03
 5.77590100e+03  9.13358070e-03
 5.77680200e+03  9.13663502e-03
 5.77770200e+03  9.17304845e-03
 5.77860200e+03  9.20092768e-03
 5.77950200e+03  9.19031653e-03
 5.78040200e+03  9.11837168e-03
 5.78130300e+03  8.96630237e-03
 5.78220300e+03  8.79791257e-03
 5.78310300e+03  8.73536907e-03
 5.78400300e+03  8.79294819e-03
 5.78490400e+03  8.84508019e-03
 5.78580400e+03  8.81612525e-03
 5.78670400e+03  8.78803148e-03
 5.78760500e+03  8.86573037e-03
 5.78850500e+03  8.99051642e-03
 5.78940500e+03  9.06702933e-03
 5.79030500e+03  9.09824894e-03
 5.79120600e+03  9.06801565e-03
 5.79210600e+03  8.99331149e-03
 5.79300600e+03  8.98038502e-03
 5.79390600e+03  9.04101846e-03
 5.79480700e+03  9.10102315e-03
 5.79570700e+03  9.15004720e-03
 5.79660700e+03  9.17905578e-03
 5.79750700e+03  9.13373565e-03
 5.79840700e+03  9.01927767e-03
 5.79930800e+03  8.95382585e-03
 5.80020800e+03  9.02922432e-03
 5.80110800e+03  9.16779503e-03
 5.80200800e+03  9.24378051e-03
 5.80290800e+03  9.26092642e-03
 5.80380900e+03  9.24507078e-03
 5.80470900e+03  9.17058712e-03
 5.80560900e+03  9.07143351e-03
 5.80651000e+03  9.02171814e-03
 5.80741000e+03  9.02781486e-03
 5.80831000e+03  9.06083428e-03
 5.80921000e+03  9.09090963e-03
 5.81011000e+03  9.10414601e-03
 5.81101100e+03  9.12109226e-03
 5.81191100e+03  9.15267242e-03
 5.81281100e+03  9.16780099e-03
 5.81371200e+03  9.15573866e-03
 5.81461200e+03  9.13538349e-03
 5.81551200e+03  9.10155654e-03
 5.81641200e+03  9.04121214e-03
 5.81731300e+03  8.98752169e-03
 5.81821300e+03  8.99988498e-03
 5.81911300e+03  9.08939588e-03
 5.82001300e+03  9.17792940e-03
 5.82091300e+03  9.20869608e-03
 5.82181400e+03  9.20701546e-03
 5.82271400e+03  9.19459257e-03
 5.82361400e+03  9.16992858e-03
 5.82451400e+03  9.14269896e-03
 5.82541400e+03  9.13722502e-03
 5.82631500e+03  9.15694847e-03
 5.82721500e+03  9.16228533e-03
 5.82811500e+03  9.15202580e-03
 5.82901600e+03  9.15230889e-03
 5.82991600e+03  9.16792018e-03
 5.83081600e+03  9.18299808e-03
 5.83171600e+03  9.17297992e-03
 5.83261700e+03  9.15418319e-03
 5.83351700e+03  9.14977902e-03
 5.83441700e+03  9.13599436e-03
 5.83531800e+03  9.09204793e-03
 5.83621800e+03  9.05267552e-03
 5.83711800e+03  9.07345681e-03
 5.83801800e+03  9.11586565e-03
 5.83891800e+03  9.10367817e-03
 5.83981900e+03  9.06960986e-03
 5.84071900e+03  9.07800104e-03
 5.84161900e+03  9.12308576e-03
 5.84251900e+03  9.15963627e-03
 5.84341900e+03  9.17091490e-03
 5.84432000e+03  9.16812281e-03
 5.84522000e+03  9.14738026e-03
 5.84612000e+03  9.10767114e-03
 5.84702000e+03  9.06148388e-03
 5.84792100e+03  9.01129472e-03
 5.84882100e+03  8.98024795e-03
 5.84972100e+03  8.98556395e-03
 5.85062100e+03  9.01005809e-03
 5.85152100e+03  9.02634879e-03
 5.85242200e+03  9.00560922e-03
 5.85332200e+03  8.92836029e-03
 5.85422200e+03  8.82093767e-03
 5.85512300e+03  8.77521228e-03
 5.85602300e+03  8.83757700e-03
 5.85692300e+03  8.89998641e-03
 5.85782400e+03  8.84862618e-03
 5.85872400e+03  8.73483568e-03
 5.85962400e+03  8.70385446e-03
 5.86052400e+03  8.78351705e-03
 5.86142400e+03  8.87950311e-03
 5.86232500e+03  8.93019884e-03
 5.86322500e+03  8.91075847e-03
 5.86412500e+03  8.87631172e-03
 5.86502500e+03  8.89817766e-03
 5.86592500e+03  8.94282137e-03
 5.86682600e+03  8.93943927e-03
 5.86772600e+03  8.88336794e-03
 5.86862600e+03  8.86017896e-03
 5.86952600e+03  8.90936987e-03
 5.87042600e+03  8.97648443e-03
 5.87132700e+03  9.01025476e-03
 5.87222700e+03  9.00320152e-03
 5.87312700e+03  8.96227663e-03
 5.87402800e+03  8.93606015e-03
 5.87492800e+03  9.57909404e-03
 5.87582800e+03  1.46245810e-02
 5.87672900e+03  2.58642560e-02
 5.87762900e+03  2.72239850e-02
 5.87852900e+03  1.61005112e-02
 5.87942900e+03  9.88702597e-03
 5.88032900e+03  8.89410126e-03
 5.88123000e+03  8.79550786e-03
 5.88213000e+03  8.78165466e-03
 5.88303000e+03  8.83043734e-03
 5.88393000e+03  8.85644524e-03
 5.88483100e+03  8.82669468e-03
 5.88573100e+03  8.80259984e-03
 5.88663100e+03  8.82409628e-03
 5.88753100e+03  8.85120671e-03
 5.88843100e+03  8.81397680e-03
 5.88933200e+03  8.60955200e-03
 5.89023200e+03  8.13919886e-03
 5.89113200e+03  7.63820121e-03
 5.89203200e+03  7.60731535e-03
 5.89293200e+03  8.02579573e-03
 5.89383300e+03  8.40259435e-03
 5.89473300e+03  8.53829251e-03
 5.89563300e+03  8.44881141e-03
 5.89653400e+03  8.10479382e-03
 5.89743400e+03  7.81240763e-03
 5.89833400e+03  7.97126497e-03
 5.89923400e+03  8.37036459e-03
 5.90013500e+03  8.59543658e-03
 5.90103500e+03  8.65353717e-03
 5.90193500e+03  8.69728395e-03
 5.90283600e+03  8.73615276e-03
 5.90373600e+03  8.74927590e-03
 5.90463600e+03  8.76250930e-03
 5.90553600e+03  8.77303999e-03
 5.90643600e+03  8.75198456e-03
 5.90733700e+03  8.72376564e-03
 5.90823700e+03  8.73771419e-03
 5.90913700e+03  8.78191986e-03
 5.91003700e+03  8.80196811e-03
 5.91093700e+03  8.78677400e-03
 5.91183800e+03  8.79265617e-03
 5.91273800e+03  8.82711782e-03
 5.91363800e+03  8.81581237e-03
 5.91453800e+03  8.72265714e-03
 5.91543900e+03  8.61297880e-03
 5.91633900e+03  8.57680673e-03
 5.91723900e+03  8.60052612e-03
 5.91813900e+03  8.65403480e-03
 5.91904000e+03  8.71588103e-03
 5.91994000e+03  8.73781550e-03
 5.92084000e+03  8.74476743e-03
 5.92174000e+03  8.75838820e-03
 5.92264100e+03  8.74499390e-03
 5.92354100e+03  8.71189700e-03
 5.92444100e+03  8.70776995e-03
 5.92534200e+03  8.72871214e-03
 5.92624200e+03  8.75047975e-03
 5.92714200e+03  8.77810271e-03
 5.92804200e+03  8.78960185e-03
 5.92894200e+03  8.75477964e-03
 5.92984300e+03  8.68784685e-03
 5.93074300e+03  8.61546099e-03
 5.93164300e+03  8.59405096e-03
 5.93254300e+03  8.66295639e-03
 5.93344300e+03  8.74550643e-03
 5.93434400e+03  8.75305432e-03
 5.93524400e+03  8.67982517e-03
 5.93614400e+03  8.61636686e-03
 5.93704400e+03  8.64831652e-03
 5.93794500e+03  8.72341700e-03
 5.93884500e+03  8.76669297e-03
 5.93974500e+03  8.78991175e-03
 5.94064500e+03  8.79299289e-03
 5.94154600e+03  8.72578596e-03
 5.94244600e+03  8.62000820e-03
 5.94334600e+03  8.57652960e-03
 5.94424700e+03  8.60709365e-03
 5.94514700e+03  8.65920777e-03
 5.94604700e+03  8.70713227e-03
 5.94694700e+03  8.74193660e-03
 5.94784800e+03  8.74750887e-03
 5.94874800e+03  8.69654793e-03
 5.94964800e+03  8.60011192e-03
 5.95054800e+03  8.55111469e-03
 5.95144800e+03  8.61108661e-03
 5.95234900e+03  8.68576991e-03
 5.95324900e+03  8.65758377e-03
 5.95414900e+03  8.57913993e-03
 5.95504900e+03  8.58326698e-03
 5.95594900e+03  8.65374874e-03
 5.95685000e+03  8.65883529e-03
 5.95775000e+03  8.58362158e-03
 5.95865000e+03  8.52793167e-03
 5.95955000e+03  8.54306321e-03
 5.96045100e+03  8.60962948e-03
 5.96135100e+03  8.68451839e-03
 5.96225100e+03  8.72809532e-03
 5.96315100e+03  8.74199918e-03
 5.96405200e+03  8.74153432e-03
 5.96495200e+03  8.73224025e-03
 5.96585200e+03  8.71043093e-03
 5.96675300e+03  8.66957756e-03
 5.96765300e+03  8.64835228e-03
 5.96855300e+03  8.67287026e-03
 5.96945300e+03  8.69985256e-03
 5.97035400e+03  8.71718619e-03
 5.97125400e+03  8.73682024e-03
 5.97215400e+03  8.75630531e-03
 5.97305400e+03  8.76468457e-03
 5.97395400e+03  8.76154383e-03
 5.97485500e+03  8.75057511e-03
 5.97575500e+03  8.70726934e-03
 5.97665500e+03  8.62350353e-03
 5.97755500e+03  8.53912984e-03
 5.97845500e+03  8.49330017e-03
 5.97935600e+03  8.48642273e-03
 5.98025600e+03  8.51898326e-03
 5.98115600e+03  8.59812736e-03
 5.98205600e+03  8.66959246e-03
 5.98295700e+03  8.67544483e-03
 5.98385700e+03  8.61596458e-03
 5.98475700e+03  8.50315444e-03
 5.98565800e+03  8.41384914e-03
 5.98655800e+03  8.43845652e-03
 5.98745800e+03  8.52463300e-03
 5.98835900e+03  8.56338858e-03
 5.98925900e+03  8.56733685e-03
 5.99015900e+03  8.58952461e-03
 5.99105900e+03  8.61060090e-03
 5.99195900e+03  8.57690208e-03
 5.99286000e+03  8.52022287e-03
 5.99376000e+03  8.53979136e-03
 5.99466000e+03  8.62541956e-03
 5.99556000e+03  8.67680065e-03
 5.99646000e+03  8.66577232e-03
 5.99736100e+03  8.61515109e-03
 5.99826100e+03  8.53936525e-03
 5.99916100e+03  8.48225396e-03
 6.00006100e+03  8.48542449e-03
 6.00096100e+03  8.53002946e-03
 6.00186200e+03  8.57717622e-03
 6.00276200e+03  8.58400896e-03
 6.00366200e+03  8.53068801e-03
 6.00456200e+03  8.49020413e-03
 6.00546300e+03  8.51867336e-03
 6.00636300e+03  8.54848053e-03
 6.00726300e+03  8.52060428e-03
 6.00816400e+03  8.44786680e-03
 6.00906400e+03  8.35440764e-03
 6.00996400e+03  8.32918045e-03
 6.01086400e+03  8.43151652e-03
 6.01176500e+03  8.55289663e-03
 6.01266500e+03  8.57248598e-03
 6.01356500e+03  8.49808278e-03
 6.01446500e+03  8.41605123e-03
 6.01536600e+03  8.41748751e-03
 6.01626600e+03  8.47109154e-03
 6.01716600e+03  8.47325192e-03
 6.01806600e+03  8.43005938e-03
 6.01896600e+03  8.43019049e-03
 6.01986700e+03  8.45604642e-03
 6.02076700e+03  8.42974054e-03
 6.02166700e+03  8.37748636e-03
 6.02256700e+03  8.37346658e-03
 6.02346700e+03  8.41037765e-03
 6.02436800e+03  8.43573296e-03
 6.02526800e+03  8.42711532e-03
 6.02616800e+03  8.44460688e-03
 6.02706900e+03  8.49136030e-03
 6.02796900e+03  8.49044550e-03
 6.02886900e+03  8.47745645e-03
 6.02977000e+03  8.51174825e-03
 6.03067000e+03  8.54897518e-03
 6.03157000e+03  8.54697572e-03
 6.03247000e+03  8.52799425e-03
 6.03337000e+03  8.54020854e-03
 6.03427100e+03  8.57321306e-03
 6.03517100e+03  8.58055534e-03
 6.03607100e+03  8.56960151e-03
 6.03697100e+03  8.56717296e-03
 6.03787200e+03  8.56742028e-03
 6.03877200e+03  8.57028091e-03
 6.03967200e+03  8.56636543e-03
 6.04057200e+03  8.54193982e-03
 6.04147200e+03  8.51375367e-03
 6.04237300e+03  8.50028785e-03
 6.04327300e+03  8.49003130e-03
 6.04417300e+03  8.50578264e-03
 6.04507300e+03  8.54773855e-03
 6.04597400e+03  8.56693457e-03
 6.04687400e+03  8.55737232e-03
 6.04777400e+03  8.55283703e-03
 6.04867400e+03  8.56436597e-03
 6.04957500e+03  8.56515264e-03
 6.05047500e+03  8.55262546e-03
 6.05137500e+03  8.55939860e-03
 6.05227500e+03  8.57195259e-03
 6.05317600e+03  8.55348067e-03
 6.05407600e+03  8.50177478e-03
 6.05497600e+03  8.45923781e-03
 6.05587700e+03  8.45240805e-03
 6.05677700e+03  8.44278323e-03
 6.05767700e+03  8.41654588e-03
 6.05857700e+03  8.41415309e-03
 6.05947700e+03  8.44517006e-03
 6.06037800e+03  8.49092227e-03
 6.06127800e+03  8.52163232e-03
 6.06217800e+03  8.52092015e-03
 6.06307800e+03  8.49522215e-03
 6.06397800e+03  8.45660663e-03
 6.06487900e+03  8.41835762e-03
 6.06577900e+03  8.34931214e-03
 6.06667900e+03  8.26931581e-03
 6.06757900e+03  8.30236801e-03
 6.06848000e+03  8.43643620e-03
 6.06938000e+03  8.53574477e-03
 6.07028000e+03  8.55684787e-03
 6.07118100e+03  8.54640955e-03
 6.07208100e+03  8.54107269e-03
 6.07298100e+03  8.54639167e-03
 6.07388100e+03  8.55747661e-03
 6.07478200e+03  8.56482486e-03
 6.07568200e+03  8.56272110e-03
 6.07658200e+03  8.54486302e-03
 6.07748200e+03  8.51226376e-03
 6.07838300e+03  8.46281360e-03
 6.07928300e+03  8.38509385e-03
 6.08018300e+03  8.32756837e-03
 6.08108300e+03  8.35310545e-03
 6.08198300e+03  8.39034430e-03
 6.08288400e+03  8.35053089e-03
 6.08378400e+03  8.29616699e-03
 6.08468400e+03  8.30683178e-03
 6.08558400e+03  8.33380812e-03
 6.08648400e+03  8.32095614e-03
 6.08738500e+03  8.31043439e-03
 6.08828500e+03  8.34230061e-03
 6.08918500e+03  8.38809155e-03
 6.09008500e+03  8.38448299e-03
 6.09098600e+03  8.31420684e-03
 6.09188600e+03  8.25811465e-03
 6.09278600e+03  8.26706008e-03
 6.09368600e+03  8.29016563e-03
 6.09458700e+03  8.29440294e-03
 6.09548700e+03  8.32704392e-03
 6.09638700e+03  8.39279670e-03
 6.09728800e+03  8.41056836e-03
 6.09818800e+03  8.37073409e-03
 6.09908800e+03  8.34891582e-03
 6.09998800e+03  8.37947391e-03
 6.10088900e+03  8.42967796e-03
 6.10178900e+03  8.44149296e-03
 6.10268900e+03  8.34073919e-03
 6.10358900e+03  8.12786659e-03
 6.10448900e+03  8.01000565e-03
 6.10539000e+03  8.12827185e-03
 6.10629000e+03  8.30243952e-03
 6.10719000e+03  8.36893427e-03
 6.10809000e+03  8.34629656e-03
 6.10899000e+03  8.29740660e-03
 6.10989100e+03  8.30213558e-03
 6.11079100e+03  8.36520055e-03
 6.11169100e+03  8.38625002e-03
 6.11259200e+03  8.33798285e-03
 6.11349200e+03  8.30518096e-03
 6.11439200e+03  8.33129613e-03
 6.11529200e+03  8.37901203e-03
 6.11619300e+03  8.39396479e-03
 6.11709300e+03  8.34536387e-03
 6.11799300e+03  8.29519259e-03
 6.11889300e+03  8.32353369e-03
 6.11979400e+03  8.36065036e-03
 6.12069400e+03  8.32148953e-03
 6.12159400e+03  8.24770911e-03
 6.12249400e+03  8.16844880e-03
 6.12339500e+03  8.09398004e-03
 6.12429500e+03  8.12471990e-03
 6.12519500e+03  8.26158913e-03
 6.12609500e+03  8.33280094e-03
 6.12699500e+03  8.29981132e-03
 6.12789600e+03  8.25214905e-03
 6.12879600e+03  8.20864661e-03
 6.12969600e+03  8.16582954e-03
 6.13059600e+03  8.17394061e-03
 6.13149600e+03  8.24290862e-03
 6.13239700e+03  8.30457605e-03
 6.13329700e+03  8.32483289e-03
 6.13419700e+03  8.33521162e-03
 6.13509700e+03  8.32535138e-03
 6.13599800e+03  8.24778361e-03
 6.13689800e+03  8.08221868e-03
 6.13779800e+03  7.84739373e-03
 6.13869900e+03  7.70310176e-03
 6.13959900e+03  7.83424675e-03
 6.14049900e+03  8.12077163e-03
 6.14140000e+03  8.26993561e-03
 6.14230000e+03  8.18169411e-03
 6.14320000e+03  8.03295923e-03
 6.14410000e+03  8.05466724e-03
 6.14500000e+03  8.20963889e-03
 6.14590100e+03  8.31451972e-03
 6.14680100e+03  8.32070584e-03
 6.14770100e+03  8.28510291e-03
 6.14860100e+03  8.22545877e-03
 6.14950100e+03  8.14526280e-03
 6.15040200e+03  8.08665266e-03
 6.15130200e+03  8.07788602e-03
 6.15220200e+03  8.12063158e-03
 6.15310200e+03  8.18507323e-03
 6.15400200e+03  8.23630533e-03
 6.15490300e+03  8.23799489e-03
 6.15580300e+03  8.17606523e-03
 6.15670300e+03  8.12251483e-03
 6.15760400e+03  8.12601314e-03
 6.15850400e+03  8.13264325e-03
 6.15940400e+03  8.12415969e-03
 6.16030400e+03  8.13521781e-03
 6.16120500e+03  8.11331313e-03
 6.16210500e+03  7.97201887e-03
 6.16300500e+03  7.77975770e-03
 6.16390500e+03  7.69922203e-03
 6.16480600e+03  7.76849993e-03
 6.16570600e+03  7.89767228e-03
 6.16660600e+03  7.99196580e-03
 6.16750600e+03  8.03267316e-03
 6.16840700e+03  8.07363679e-03
 6.16930700e+03  8.07865779e-03
 6.17020700e+03  7.95484019e-03
 6.17110700e+03  7.80330129e-03
 6.17200700e+03  7.82143649e-03
 6.17290800e+03  7.97551718e-03
 6.17380800e+03  8.06518005e-03
 6.17470800e+03  8.04668429e-03
 6.17560800e+03  8.03109684e-03
 6.17650800e+03  8.03570364e-03
 6.17740900e+03  8.01592656e-03
 6.17830900e+03  7.99683781e-03
 6.17920900e+03  8.02708600e-03
 6.18011000e+03  8.07487640e-03
 6.18101000e+03  8.06999545e-03
 6.18191000e+03  8.05265884e-03
 6.18281000e+03  8.08720988e-03
 6.18371100e+03  8.12966640e-03
 6.18461100e+03  8.13019681e-03
 6.18551100e+03  8.11805403e-03
 6.18641200e+03  8.10393265e-03
 6.18731200e+03  8.05197348e-03
 6.18821200e+03  7.98298163e-03
 6.18911200e+03  7.94881498e-03
 6.19001200e+03  7.95355886e-03
 6.19091300e+03  7.95859774e-03
 6.19181300e+03  7.88127432e-03
 6.19271300e+03  7.74515600e-03
 6.19361300e+03  7.73928277e-03
 6.19451300e+03  7.89044919e-03
 6.19541400e+03  8.01682050e-03
 6.19631400e+03  8.04893108e-03
 6.19721400e+03  8.05875257e-03
 6.19811400e+03  8.09291327e-03
 6.19901500e+03  8.10867951e-03
 6.19991500e+03  8.04934527e-03
 6.20081500e+03  7.93710726e-03
 6.20171600e+03  7.88080052e-03
 6.20261600e+03  7.93888621e-03
 6.20351600e+03  8.03335256e-03
 6.20441600e+03  8.08171807e-03
 6.20531600e+03  8.08119362e-03
 6.20621700e+03  8.06520985e-03
 6.20711700e+03  8.06874094e-03
 6.20801700e+03  8.08375925e-03
 6.20891800e+03  8.08297556e-03
 6.20981800e+03  8.07271901e-03
 6.21071800e+03  8.06187543e-03
 6.21161800e+03  8.04380876e-03
 6.21251800e+03  8.02542921e-03
 6.21341900e+03  7.98958790e-03
 6.21431900e+03  7.88955524e-03
 6.21521900e+03  7.77105662e-03
 6.21611900e+03  7.72167201e-03
 6.21701900e+03  7.73761109e-03
 6.21792000e+03  7.80474054e-03
 6.21882000e+03  7.89061308e-03
 6.21972000e+03  7.90565225e-03
 6.22062000e+03  7.82826326e-03
 6.22152100e+03  7.76479899e-03
 6.22242100e+03  7.77967725e-03
 6.22332100e+03  7.83850492e-03
 6.22422100e+03  7.88625062e-03
 6.22512200e+03  7.88774351e-03
 6.22602200e+03  7.87321985e-03
 6.22692200e+03  7.88953736e-03
 6.22782300e+03  7.91000279e-03
 6.22872300e+03  7.91633789e-03
 6.22962300e+03  7.90800929e-03
 6.23052300e+03  7.83643096e-03
 6.23142400e+03  7.69464204e-03
 6.23232400e+03  7.59832224e-03
 6.23322400e+03  7.63372552e-03
 6.23412400e+03  7.72035195e-03
 6.23502400e+03  7.81584634e-03
 6.23592500e+03  7.93419001e-03
 6.23682500e+03  8.00326231e-03
 6.23772500e+03  7.97710244e-03
 6.23862500e+03  7.89005883e-03
 6.23952500e+03  7.79434096e-03
 6.24042600e+03  7.71789062e-03
 6.24132600e+03  7.67607774e-03
 6.24222600e+03  7.71037551e-03
 6.24312700e+03  7.77690303e-03
 6.24402700e+03  7.75009953e-03
 6.24492700e+03  7.67414682e-03
 6.24582700e+03  7.66222455e-03
 6.24672700e+03  7.66958173e-03
 6.24762800e+03  7.65568681e-03
 6.24852800e+03  7.68577707e-03
 6.24942800e+03  7.76833306e-03
 6.25032900e+03  7.84370471e-03
 6.25122900e+03  7.87954602e-03
 6.25212900e+03  7.86584777e-03
 6.25302900e+03  7.77361629e-03
 6.25393000e+03  7.65547823e-03
 6.25483000e+03  7.60334026e-03
 6.25573000e+03  7.61336737e-03
 6.25663000e+03  7.63748903e-03
 6.25753000e+03  7.62728612e-03
 6.25843100e+03  7.58052078e-03
 6.25933100e+03  7.53431862e-03
 6.26023100e+03  7.54359481e-03
 6.26113100e+03  7.64231933e-03
 6.26203100e+03  7.73526895e-03
 6.26293200e+03  7.76522809e-03
 6.26383200e+03  7.81311682e-03
 6.26473200e+03  7.87599705e-03
 6.26563200e+03  7.85200947e-03
 6.26653300e+03  7.75665514e-03
 6.26743300e+03  7.73367474e-03
 6.26833300e+03  7.80180244e-03
 6.26923400e+03  7.84229525e-03
 6.27013400e+03  7.81249106e-03
 6.27103400e+03  7.76699214e-03
 6.27193500e+03  7.75271581e-03
 6.27283500e+03  7.77536545e-03
 6.27373500e+03  7.81935955e-03
 6.27463500e+03  7.84816252e-03
 6.27553500e+03  7.84440199e-03
 6.27643600e+03  7.84044776e-03
 6.27733600e+03  7.84570119e-03
 6.27823600e+03  7.83320381e-03
 6.27913600e+03  7.80968407e-03
 6.28003600e+03  7.78609877e-03
 6.28093700e+03  7.72902324e-03
 6.28183700e+03  7.66352971e-03
 6.28273700e+03  7.66254339e-03
 6.28363700e+03  7.71018182e-03
 6.28453800e+03  7.76625017e-03
 6.28543800e+03  7.81461567e-03
 6.28633800e+03  7.81814080e-03
 6.28723800e+03  7.80479716e-03
 6.28813900e+03  7.83075142e-03
 6.28903900e+03  7.87949238e-03
 6.28993900e+03  7.91789336e-03
 6.29084000e+03  7.91463641e-03
 6.29174000e+03  7.85836246e-03
 6.29264000e+03  7.80125713e-03
 6.29354000e+03  7.77731425e-03
 6.29444000e+03  7.78023746e-03
 6.29534100e+03  7.80894209e-03
 6.29624100e+03  7.83019419e-03
 6.29714100e+03  7.78505583e-03
 6.29804100e+03  7.69917435e-03
 6.29894200e+03  7.65924472e-03
 6.29984200e+03  7.80899573e-03
 6.30074200e+03  8.66185088e-03
 6.30164200e+03  1.01828330e-02
 6.30254200e+03  1.00064334e-02
 6.30344300e+03  8.41788680e-03
 6.30434300e+03  7.72388602e-03
 6.30524300e+03  7.70535748e-03
 6.30614300e+03  7.74591287e-03
 6.30704300e+03  7.73776008e-03
 6.30794400e+03  7.76428050e-03
 6.30884400e+03  7.83437190e-03
 6.30974400e+03  7.87213222e-03
 6.31064500e+03  7.85066557e-03
 6.31154500e+03  7.85109467e-03
 6.31244500e+03  8.27484934e-03
 6.31334600e+03  9.24642064e-03
 6.31424600e+03  9.30276313e-03
 6.31514600e+03  8.31966290e-03
 6.31604600e+03  7.73167230e-03
 6.31694700e+03  7.59901058e-03
 6.31784700e+03  7.62553398e-03
 6.31874700e+03  7.61737225e-03
 6.31964700e+03  7.54003988e-03
 6.32054700e+03  7.53843972e-03
 6.32144800e+03  7.62573363e-03
 6.32234800e+03  7.69712721e-03
 6.32324800e+03  7.70834923e-03
 6.32414800e+03  7.70554521e-03
 6.32504800e+03  7.74138056e-03
 6.32594900e+03  7.78885510e-03
 6.32684900e+03  7.81135575e-03
 6.32774900e+03  7.80746708e-03
 6.32864900e+03  7.78104201e-03
 6.32955000e+03  7.78264515e-03
 6.33045000e+03  7.80371250e-03
 6.33135000e+03  7.77965937e-03
 6.33225100e+03  7.74158319e-03
 6.33315100e+03  7.75475401e-03
 6.33405100e+03  7.79996388e-03
 6.33495100e+03  7.80966321e-03
 6.33585100e+03  7.72213091e-03
 6.33675200e+03  7.57335430e-03
 6.33765200e+03  7.49792902e-03
 6.33855200e+03  7.54738813e-03
 6.33945300e+03  7.62714309e-03
 6.34035300e+03  7.65734360e-03
 6.34125300e+03  7.68772885e-03
 6.34215300e+03  7.74554338e-03
 6.34305300e+03  7.75253106e-03
 6.34395400e+03  7.68602439e-03
 6.34485400e+03  7.59390912e-03
 6.34575400e+03  7.53834734e-03
 6.34665400e+03  7.53889861e-03
 6.34755400e+03  7.51597781e-03
 6.34845500e+03  7.46096134e-03
 6.34935500e+03  7.49941000e-03
 6.35025500e+03  7.62394276e-03
 6.35115500e+03  7.70501182e-03
 6.35205600e+03  7.72317087e-03
 6.35295600e+03  7.73065618e-03
 6.35385600e+03  7.72959536e-03
 6.35475700e+03  7.69259490e-03
 6.35565700e+03  7.61672563e-03
 6.35655700e+03  7.56297856e-03
 6.35745700e+03  7.58590830e-03
 6.35835800e+03  7.61305151e-03
 6.35925800e+03  7.55298721e-03
 6.36015800e+03  7.46283565e-03
 6.36105800e+03  7.44040354e-03
 6.36195900e+03  7.45956678e-03
 6.36285900e+03  7.44519807e-03
 6.36375900e+03  7.51588842e-03
 6.36465900e+03  7.94104957e-03
 6.36555900e+03  8.31705257e-03
 6.36646000e+03  8.01108137e-03
 6.36736000e+03  7.65547227e-03
 6.36826000e+03  7.60022933e-03
 6.36916000e+03  7.64457207e-03
 6.37006000e+03  7.65666122e-03
 6.37096100e+03  7.60295587e-03
 6.37186100e+03  7.51798919e-03
 6.37276100e+03  7.48714802e-03
 6.37366200e+03  7.56984705e-03
 6.37456200e+03  7.68507383e-03
 6.37546200e+03  7.72611791e-03
 6.37636200e+03  7.71502105e-03
 6.37726300e+03  7.71095061e-03
 6.37816300e+03  7.71012520e-03
 6.37906300e+03  7.67664093e-03
 6.37996300e+03  7.61983358e-03
 6.38086400e+03  7.59186496e-03
 6.38176400e+03  7.59329528e-03
 6.38266400e+03  7.60703822e-03
 6.38356400e+03  7.63679474e-03
 6.38446500e+03  7.65403003e-03
 6.38536500e+03  7.62757814e-03
 6.38626500e+03  7.60325385e-03
 6.38716500e+03  7.62439569e-03
 6.38806500e+03  7.67212352e-03
 6.38896600e+03  7.70103674e-03
 6.38986600e+03  7.69863500e-03
 6.39076600e+03  7.69244889e-03
 6.39166600e+03  7.69156388e-03
 6.39256600e+03  7.67375348e-03
 6.39346700e+03  7.59842951e-03
 6.39436700e+03  7.46687331e-03
 6.39526700e+03  7.40117417e-03
 6.39616700e+03  7.48349476e-03
 6.39706800e+03  7.61417788e-03
 6.39796800e+03  7.69255318e-03
 6.39886800e+03  7.71539353e-03
 6.39976900e+03  7.66454285e-03
 6.40066900e+03  7.51070650e-03
 6.40156900e+03  7.35559182e-03
 6.40247000e+03  7.39190394e-03
 6.40337000e+03  7.55899156e-03
 6.40427000e+03  7.66608640e-03
 6.40517000e+03  7.69529164e-03
 6.40607000e+03  7.69598296e-03
 6.40697100e+03  7.67265393e-03
 6.40787100e+03  7.61111760e-03
 6.40877100e+03  7.51698797e-03
 6.40967100e+03  7.47231446e-03
 6.41057100e+03  7.54251611e-03
 6.41147200e+03  7.61439541e-03
 6.41237200e+03  7.56609545e-03
 6.41327200e+03  7.49182635e-03
 6.41417200e+03  7.50364134e-03
 6.41507300e+03  7.54548104e-03
 6.41597300e+03  7.56062450e-03
 6.41687300e+03  7.56987685e-03
 6.41777300e+03  7.57196869e-03
 6.41867400e+03  7.55553496e-03
 6.41957400e+03  7.54437552e-03
 6.42047400e+03  7.51660357e-03
 6.42137400e+03  7.43815973e-03
 6.42227500e+03  7.37171564e-03
 6.42317500e+03  7.41319478e-03
 6.42407500e+03  7.55645573e-03
 6.42497600e+03  7.66691777e-03
 6.42587600e+03  7.67092861e-03
 6.42677600e+03  7.63468800e-03
 6.42767600e+03  7.64006956e-03
 6.42857600e+03  7.67727563e-03
 6.42947700e+03  7.69331304e-03
 6.43037700e+03  7.64752806e-03
 6.43127700e+03  7.52024194e-03
 6.43217700e+03  7.37378364e-03
 6.43307700e+03  7.33940840e-03
 6.43397800e+03  7.41697319e-03
 6.43487800e+03  7.50521469e-03
 6.43577800e+03  7.57280602e-03
 6.43667800e+03  7.61895156e-03
 6.43757900e+03  7.64139260e-03
 6.43847900e+03  7.61800695e-03
 6.43937900e+03  7.51558745e-03
 6.44027900e+03  7.39313461e-03
 6.44118000e+03  7.40019977e-03
 6.44208000e+03  7.53912806e-03
 6.44298000e+03  7.65165511e-03
 6.44388100e+03  7.67096139e-03
 6.44478100e+03  7.64853226e-03
 6.44568100e+03  7.63213429e-03
 6.44658100e+03  7.63490255e-03
 6.44748200e+03  7.65222128e-03
 6.44838200e+03  7.65669995e-03
 6.44928200e+03  7.60177586e-03
 6.45018200e+03  7.43646123e-03
 6.45108200e+03  7.23018298e-03
 6.45198300e+03  7.18125429e-03
 6.45288300e+03  7.32153542e-03
 6.45378300e+03  7.47898331e-03
 6.45468300e+03  7.55929550e-03
 6.45558300e+03  7.54333259e-03
 6.45648400e+03  7.42745621e-03
 6.45738400e+03  7.28796473e-03
 6.45828400e+03  7.27169192e-03
 6.45918500e+03  7.40488107e-03
 6.46008500e+03  7.54977496e-03
 6.46098500e+03  7.62301603e-03
 6.46188500e+03  7.62256310e-03
 6.46278500e+03  7.51805475e-03
 6.46368600e+03  7.33137182e-03
 6.46458600e+03  7.24003726e-03
 6.46548600e+03  7.33738212e-03
 6.46638700e+03  7.46968030e-03
 6.46728700e+03  7.53149077e-03
 6.46818700e+03  7.54890784e-03
 6.46908700e+03  7.55372621e-03
 6.46998800e+03  7.53097228e-03
 6.47088800e+03  7.48364971e-03
 6.47178800e+03  7.44296917e-03
 6.47268800e+03  7.40539360e-03
 6.47358800e+03  7.40410632e-03
 6.47448900e+03  7.45373825e-03
 6.47538900e+03  7.47401892e-03
 6.47628900e+03  7.43116013e-03
 6.47718900e+03  7.39293496e-03
 6.47809000e+03  7.42379699e-03
 6.47899000e+03  7.47628359e-03
 6.47989000e+03  7.48939779e-03
 6.48079000e+03  7.48302395e-03
 6.48169000e+03  7.45066307e-03
 6.48259100e+03  7.34663447e-03
 6.48349100e+03  7.21576362e-03
 6.48439100e+03  7.17127784e-03
 6.48529200e+03  7.23278735e-03
 6.48619200e+03  7.32484004e-03
 6.48709200e+03  7.38458549e-03
 6.48799300e+03  7.40829893e-03
 6.48889300e+03  7.42123732e-03
 6.48979300e+03  7.42524816e-03
 6.49069300e+03  7.39485992e-03
 6.49159300e+03  7.32923826e-03
 6.49249400e+03  7.26909947e-03
 6.49339400e+03  7.23649723e-03
 6.49429400e+03  7.16990415e-03
 6.49519400e+03  7.00065318e-03
 6.49609400e+03  6.82324345e-03
 6.49699500e+03  6.76062843e-03
 6.49789500e+03  6.78995883e-03
 6.49879500e+03  6.87402262e-03
 6.49969500e+03  6.98847762e-03
 6.50059600e+03  7.06457634e-03
 6.50149600e+03  7.13209019e-03
 6.50239600e+03  7.21355557e-03
 6.50329600e+03  7.26881639e-03
 6.50419700e+03  7.29926720e-03
 6.50509700e+03  7.31523011e-03
 6.50599700e+03  7.32611541e-03
 6.50689800e+03  7.34407778e-03
 6.50779800e+03  7.35564843e-03
 6.50869800e+03  7.33732252e-03
 6.50959800e+03  7.29686248e-03
 6.51049800e+03  7.28061351e-03
 6.51139900e+03  7.30719949e-03
 6.51229900e+03  7.34174458e-03
 6.51319900e+03  7.34745988e-03
 6.51409900e+03  7.33829692e-03
 6.51500000e+03  7.32951539e-03
 6.51590000e+03  7.28862029e-03
 6.51680000e+03  7.20547131e-03
 6.51770000e+03  7.13430122e-03
 6.51860000e+03  7.11263493e-03
 6.51950100e+03  7.11190785e-03
 6.52040100e+03  7.12643449e-03
 6.52130100e+03  7.18862041e-03
 6.52220100e+03  7.26710597e-03
 6.52310100e+03  7.30509574e-03
 6.52400200e+03  7.29539641e-03
 6.52490200e+03  7.27842334e-03
 6.52580200e+03  7.28441874e-03
 6.52670300e+03  7.27814026e-03
 6.52760300e+03  7.21135944e-03
 6.52850300e+03  7.13421778e-03
 6.52940400e+03  7.12871405e-03
 6.53030400e+03  7.17976140e-03
 6.53120400e+03  7.22533779e-03
 6.53210400e+03  7.22608573e-03
 6.53300500e+03  7.17687395e-03
 6.53390500e+03  7.11158603e-03
 6.53480500e+03  7.07969000e-03
 6.53570500e+03  7.10539992e-03
 6.53660500e+03  7.15875365e-03
 6.53750600e+03  7.17791689e-03
 6.53840600e+03  7.14496005e-03
 6.53930600e+03  7.11493237e-03
 6.54020600e+03  7.13503426e-03
 6.54110600e+03  7.17125698e-03
 6.54200700e+03  7.16968960e-03
 6.54290700e+03  7.12332355e-03
 6.54380700e+03  7.06136409e-03
 6.54470700e+03  7.01021543e-03
 6.54560800e+03  6.97245213e-03
 6.54650800e+03  6.93857154e-03
 6.54740800e+03  7.61398121e-03
 6.54830900e+03  1.42501633e-02
 6.54920900e+03  3.22782475e-02
 6.55010900e+03  3.87094804e-02
 6.55100900e+03  2.14945153e-02
 6.55191000e+03  9.27716943e-03
 6.55281000e+03  6.89019710e-03
 6.55371000e+03  6.68477704e-03
 6.55461000e+03  6.62213222e-03
 6.55551100e+03  6.53618220e-03
 6.55641100e+03  6.43262739e-03
 6.55731100e+03  6.35185929e-03
 6.55821100e+03  6.31211143e-03
 6.55911100e+03  6.27466697e-03
 6.56001200e+03  6.19998665e-03
 6.56091200e+03  6.20016842e-03
 6.56181200e+03  1.04516577e-02
 6.56271200e+03  6.70075485e-02
 6.56361200e+03  3.08832434e-01
 6.56451300e+03  5.56777846e-01
 6.56541300e+03  3.73615872e-01
 6.56631300e+03  9.60098084e-02
 6.56721300e+03  1.41052187e-02
 6.56811400e+03  6.44982991e-03
 6.56901400e+03  6.29852344e-03
 6.56991400e+03  6.31774032e-03
 6.57081500e+03  6.30644381e-03
 6.57171500e+03  6.34916851e-03
 6.57261500e+03  6.43176324e-03
 6.57351600e+03  6.47263748e-03
 6.57441600e+03  6.46364437e-03
 6.57531600e+03  6.44989845e-03
 6.57621600e+03  6.46518196e-03
 6.57711600e+03  6.54665926e-03
 6.57801700e+03  6.67273557e-03
 6.57891700e+03  6.76299143e-03
 6.57981700e+03  6.80240853e-03
 6.58071700e+03  6.81545420e-03
 6.58161700e+03  6.82344608e-03
 6.58251800e+03  7.68474307e-03
 6.58341800e+03  1.85840596e-02
 6.58431800e+03  6.28197946e-02
 6.58521800e+03  1.04607313e-01
 6.58611800e+03  6.96753840e-02
 6.58701900e+03  2.17277103e-02
 6.58791900e+03  8.19371472e-03
 6.58881900e+03  6.98655265e-03
 6.58972000e+03  7.00654727e-03
 6.59062000e+03  7.04392021e-03
 6.59152000e+03  7.06031817e-03
 6.59242100e+03  7.03698020e-03
 6.59332100e+03  6.92934005e-03
 6.59422100e+03  6.76801839e-03
 6.59512100e+03  6.70072207e-03
 6.59602100e+03  6.80046867e-03
 6.59692200e+03  6.94563670e-03
 6.59782200e+03  7.01126433e-03
 6.59872200e+03  6.99550702e-03
 6.59962200e+03  6.94976078e-03
 6.60052300e+03  6.94314855e-03
 6.60142300e+03  7.00365982e-03
 6.60232300e+03  7.07989263e-03
 6.60322300e+03  7.11589783e-03
 6.60412300e+03  7.10967000e-03
 6.60502400e+03  7.07411475e-03
 6.60592400e+03  7.02045708e-03
 6.60682400e+03  6.98342682e-03
 6.60772400e+03  6.97607560e-03
 6.60862400e+03  6.96895382e-03
 6.60952500e+03  6.93209341e-03
 6.61042500e+03  6.88223501e-03
 6.61132500e+03  6.90264084e-03
 6.61222600e+03  7.01220595e-03
 6.61312600e+03  7.09920486e-03
 6.61402600e+03  7.08836427e-03
 6.61492600e+03  7.02630051e-03
 6.61582700e+03  7.01604694e-03
 6.61672700e+03  7.07747301e-03
 6.61762700e+03  7.12093969e-03
 6.61852800e+03  7.11259023e-03
 6.61942800e+03  7.09360280e-03
 6.62032800e+03  7.09988426e-03
 6.62122800e+03  7.12338315e-03
 6.62212800e+03  7.13921793e-03
 6.62302900e+03  7.13595800e-03
 6.62392900e+03  7.10665442e-03
 6.62482900e+03  7.04656629e-03
 6.62572900e+03  6.97363214e-03
 6.62662900e+03  6.94505564e-03
 6.62753000e+03  6.98685362e-03
 6.62843000e+03  7.03097288e-03
 6.62933000e+03  7.04213231e-03
 6.63023000e+03  7.04252565e-03
 6.63113100e+03  7.03564524e-03
 6.63203100e+03  7.02401797e-03
 6.63293100e+03  7.00454185e-03
 6.63383200e+03  6.95330975e-03
 6.63473200e+03  6.87582541e-03
 6.63563200e+03  6.83732610e-03
 6.63653200e+03  6.88757485e-03
 6.63743300e+03  6.97784561e-03
 6.63833300e+03  7.04188797e-03
 6.63923300e+03  7.06141177e-03
 6.64013300e+03  7.04164958e-03
 6.64103400e+03  7.00849309e-03
 6.64193400e+03  7.00971482e-03
 6.64283400e+03  7.04450425e-03
 6.64373400e+03  7.02875589e-03
 6.64463400e+03  6.93887251e-03
 6.64553500e+03  6.88688055e-03
 6.64643500e+03  6.93147063e-03
 6.64733500e+03  6.99369529e-03
 6.64823500e+03  7.00596322e-03
 6.64913500e+03  6.99273877e-03
 6.65003600e+03  7.00336780e-03
 6.65093600e+03  7.02641971e-03
 6.65183600e+03  7.02609193e-03
 6.65273600e+03  7.00810571e-03
 6.65363700e+03  6.99657082e-03
 6.65453700e+03  6.99531929e-03
 6.65543700e+03  6.99845705e-03
 6.65633700e+03  7.00567120e-03
 6.65723800e+03  7.00459548e-03
 6.65813800e+03  6.99238417e-03
 6.65903800e+03  6.99474419e-03
 6.65993900e+03  7.00815637e-03
 6.66083900e+03  7.00196430e-03
 6.66173900e+03  6.97511907e-03
 6.66263900e+03  6.94894431e-03
 6.66354000e+03  6.90935438e-03
 6.66444000e+03  6.83682251e-03
 6.66534000e+03  6.80259030e-03
 6.66624000e+03  6.85019297e-03
 6.66714000e+03  6.89980405e-03
 6.66804100e+03  6.90006627e-03
 6.66894100e+03  6.88917800e-03
 6.66984100e+03  6.90784957e-03
 6.67074100e+03  6.95071432e-03
 6.67164100e+03  6.99236033e-03
 6.67254200e+03  7.00797162e-03
 6.67344200e+03  6.99624900e-03
 6.67434200e+03  6.98513426e-03
 6.67524300e+03  6.98569149e-03
 6.67614300e+03  6.99017314e-03
 6.67704300e+03  7.00725944e-03
 6.67794400e+03  7.34654209e-03
 6.67884400e+03  9.40590970e-03
 6.67974400e+03  1.24304658e-02
 6.68064400e+03  1.12910471e-02
 6.68154400e+03  8.13585848e-03
 6.68244500e+03  7.01359455e-03
 6.68334500e+03  6.90992055e-03
 6.68424500e+03  6.93355650e-03
 6.68514500e+03  6.96362292e-03
 6.68604600e+03  6.98112938e-03
 6.68694600e+03  6.98123069e-03
 6.68784600e+03  6.97332820e-03
 6.68874600e+03  6.95502911e-03
 6.68964600e+03  6.94391735e-03
 6.69054700e+03  6.95661735e-03
 6.69144700e+03  6.97101884e-03
 6.69234700e+03  6.97619777e-03
 6.69324700e+03  6.97290805e-03
 6.69414800e+03  6.96588758e-03
 6.69504800e+03  6.96358120e-03
 6.69594800e+03  6.95264227e-03
 6.69684800e+03  6.90372549e-03
 6.69774900e+03  6.84541334e-03
 6.69864900e+03  6.82732283e-03
 6.69954900e+03  6.85075318e-03
 6.70044900e+03  6.88783112e-03
 6.70135000e+03  6.93017142e-03
 6.70225000e+03  6.95929919e-03
 6.70315000e+03  6.95874793e-03
 6.70405100e+03  6.92870535e-03
 6.70495100e+03  6.87718123e-03
 6.70585100e+03  6.83995728e-03
 6.70675100e+03  6.85066379e-03
 6.70765100e+03  6.88991401e-03
 6.70855200e+03  6.91526933e-03
 6.70945200e+03  6.91474488e-03
 6.71035200e+03  6.90397878e-03
 6.71125200e+03  6.87956509e-03
 6.71215200e+03  6.86145968e-03
 6.71305300e+03  6.87326276e-03
 6.71395300e+03  6.87422227e-03
 6.71485300e+03  6.87075077e-03
 6.71575300e+03  7.51376380e-03
 6.71665400e+03  1.38632750e-02
 6.71755400e+03  3.31850375e-02
 6.71845400e+03  4.30012003e-02
 6.71935500e+03  2.50111058e-02
 6.72025500e+03  1.01428438e-02
 6.72115500e+03  7.06133727e-03
 6.72205500e+03  6.86989854e-03
 6.72295600e+03  6.84875968e-03
 6.72385600e+03  6.84097042e-03
 6.72475600e+03  6.86610821e-03
 6.72565600e+03  6.88478276e-03
 6.72655700e+03  6.86242515e-03
 6.72745700e+03  6.82138404e-03
 6.72835700e+03  6.80661008e-03
 6.72925700e+03  6.84732936e-03
 6.73015700e+03  7.43705422e-03
 6.73105800e+03  1.26618521e-02
 6.73195800e+03  2.79420329e-02
 6.73285800e+03  3.50510920e-02
 6.73375800e+03  2.07283969e-02
 6.73465800e+03  9.35438856e-03
 6.73555900e+03  6.99947317e-03
 6.73645900e+03  6.84318145e-03
 6.73735900e+03  6.86004427e-03
 6.73826000e+03  6.86174277e-03
 6.73916000e+03  6.82203961e-03
 6.74006000e+03  6.76861138e-03
 6.74096000e+03  6.74772282e-03
 6.74186000e+03  6.76969901e-03
 6.74276100e+03  6.79601383e-03
 6.74366100e+03  6.78515536e-03
 6.74456100e+03  6.75691855e-03
 6.74546200e+03  6.75704967e-03
 6.74636200e+03  6.78102532e-03
 6.74726200e+03  6.78661547e-03
 6.74816200e+03  6.77128726e-03
 6.74906300e+03  6.75857831e-03
 6.74996300e+03  6.74474896e-03
 6.75086300e+03  6.71985551e-03
 6.75176300e+03  6.70676813e-03
 6.75266300e+03  6.72504339e-03
 6.75356400e+03  6.73391134e-03
 6.75446400e+03  6.71877980e-03
 6.75536400e+03  6.73403053e-03
 6.75626400e+03  6.77125746e-03
 6.75716400e+03  6.78901721e-03
 6.75806500e+03  6.79831127e-03
 6.75896500e+03  6.81461091e-03
 6.75986500e+03  6.83551734e-03
 6.76076600e+03  6.85854840e-03
 6.76166600e+03  6.87213043e-03
 6.76256600e+03  6.86375117e-03
 6.76346700e+03  6.84123563e-03
 6.76436700e+03  6.83150650e-03
 6.76526700e+03  6.84315165e-03
 6.76616700e+03  6.84510940e-03
 6.76706800e+03  6.81352625e-03
 6.76796800e+03  6.75265741e-03
 6.76886800e+03  6.70144021e-03
 6.76976800e+03  6.70196466e-03
 6.77066800e+03  6.74268394e-03
 6.77156900e+03  6.75791083e-03
 6.77246900e+03  6.73510327e-03
 6.77336900e+03  6.72805301e-03
 6.77426900e+03  6.75837569e-03
 6.77516900e+03  6.79472357e-03
 6.77607000e+03  6.82479892e-03
 6.77697000e+03  6.84994267e-03
 6.77787000e+03  6.85731177e-03
 6.77877000e+03  6.84413201e-03
 6.77967100e+03  6.84072906e-03
 6.78057100e+03  6.85738925e-03
 6.78147100e+03  6.86050316e-03
 6.78237100e+03  6.83506739e-03
 6.78327200e+03  6.79078126e-03
 6.78417200e+03  6.72827053e-03
 6.78507200e+03  6.66328357e-03
 6.78597200e+03  6.63111340e-03
 6.78687300e+03  6.63811301e-03
 6.78777300e+03  6.66109638e-03
 6.78867300e+03  6.69903847e-03
 6.78957400e+03  6.74925743e-03
 6.79047400e+03  6.76921032e-03
 6.79137400e+03  6.75685300e-03
 6.79227400e+03  6.75617658e-03
 6.79317400e+03  6.76620070e-03
 6.79407500e+03  6.74738610e-03
 6.79497500e+03  6.70474185e-03
 6.79587500e+03  6.68579912e-03
 6.79677500e+03  6.69401151e-03
 6.79767500e+03  6.71162524e-03
 6.79857600e+03  6.73771061e-03
 6.79947600e+03  6.75367353e-03
 6.80037600e+03  6.75424565e-03
 6.80127600e+03  6.75722845e-03
 6.80217700e+03  6.76464821e-03
 6.80307700e+03  6.77088200e-03
 6.80397700e+03  6.76831042e-03
 6.80487700e+03  6.74659049e-03
 6.80577800e+03  6.72824074e-03
 6.80667800e+03  6.73822016e-03
 6.80757800e+03  6.73933760e-03
 6.80847900e+03  6.72344620e-03
 6.80937900e+03  6.73290416e-03
 6.81027900e+03  6.74626271e-03
 6.81117900e+03  6.72565425e-03
 6.81208000e+03  6.70690520e-03
 6.81298000e+03  6.71712600e-03
 6.81388000e+03  6.73181056e-03
 6.81478000e+03  6.72459641e-03
 6.81568000e+03  6.68808464e-03
 6.81658100e+03  6.65537512e-03
 6.81748100e+03  6.67863264e-03
 6.81838100e+03  6.73705803e-03
 6.81928100e+03  6.76637055e-03
 6.82018100e+03  6.74777646e-03
 6.82108200e+03  6.70511135e-03
 6.82198200e+03  6.67919285e-03
 6.82288200e+03  6.69770351e-03
 6.82378300e+03  6.74090498e-03
 6.82468300e+03  6.77436542e-03
 6.82558300e+03  6.78495869e-03
 6.82648300e+03  6.78017905e-03
 6.82738400e+03  6.77018175e-03
 6.82828400e+03  6.73979351e-03
 6.82918400e+03  6.67708611e-03
 6.83008400e+03  6.62968011e-03
 6.83098500e+03  6.64562812e-03
 6.83188500e+03  6.70111243e-03
 6.83278500e+03  6.73732026e-03
 6.83368500e+03  6.72494207e-03
 6.83458600e+03  6.69862428e-03
 6.83548600e+03  6.70515307e-03
 6.83638600e+03  6.73563964e-03
 6.83728600e+03  6.74778242e-03
 6.83818600e+03  6.72369353e-03
 6.83908700e+03  6.68581402e-03
 6.83998700e+03  6.64557151e-03
 6.84088700e+03  6.59997127e-03
 6.84178700e+03  6.55266360e-03
 6.84268800e+03  6.50292440e-03
 6.84358800e+03  6.47961324e-03
 6.84448800e+03  6.50978693e-03
 6.84538800e+03  6.57897544e-03
 6.84628800e+03  6.65513376e-03
 6.84718900e+03  6.69597521e-03
 6.84808900e+03  6.69750386e-03
 6.84898900e+03  6.69166639e-03
 6.84989000e+03  6.69042082e-03
 6.85079000e+03  6.68753933e-03
 6.85169000e+03  6.68789691e-03
 6.85259100e+03  6.69270635e-03
 6.85349100e+03  6.70143127e-03
 6.85439100e+03  6.70807627e-03
 6.85529100e+03  6.68003316e-03
 6.85619100e+03  6.60351130e-03
 6.85709200e+03  6.54729396e-03
 6.85799200e+03  6.55879310e-03
 6.85889200e+03  6.58876416e-03
 6.85979200e+03  6.61250143e-03
 6.86069200e+03  6.63255266e-03
 6.86159300e+03  6.61409266e-03
 6.86249300e+03  6.55549444e-03
 6.86339300e+03  6.52605080e-03
 6.86429300e+03  6.57734250e-03
 6.86519400e+03  6.66457086e-03
 6.86609400e+03  6.71198282e-03
 6.86699400e+03  6.70644631e-03
 6.86789500e+03  6.66521152e-03
 6.86879500e+03  6.58792385e-03
 6.86969500e+03  6.52269552e-03
 6.87059500e+03  6.54186771e-03
 6.87149500e+03  6.61335664e-03
 6.87239600e+03  6.64208213e-03
 6.87329600e+03  6.61022485e-03
 6.87419600e+03  6.58106728e-03
 6.87509700e+03  6.59507841e-03
 6.87599700e+03  6.61866668e-03
 6.87689700e+03  6.61843724e-03
 6.87779700e+03  6.61852365e-03
 6.87869700e+03  6.64651909e-03
 6.87959800e+03  6.68149923e-03
 6.88049800e+03  6.68707746e-03
 6.88139800e+03  6.66443677e-03
 6.88229800e+03  6.62886662e-03
 6.88319800e+03  6.57979191e-03
 6.88409900e+03  6.53839919e-03
 6.88499900e+03  6.55098298e-03
 6.88589900e+03  6.60803766e-03
 6.88679900e+03  6.63601521e-03
 6.88770000e+03  6.61611596e-03
 6.88860000e+03  6.61997185e-03
 6.88950000e+03  6.66178472e-03
 6.89040000e+03  6.68317985e-03
 6.89130100e+03  6.68549815e-03
 6.89220100e+03  6.70138955e-03
 6.89310100e+03  6.70892850e-03
 6.89400200e+03  6.68816212e-03
 6.89490200e+03  6.66771159e-03
 6.89580200e+03  6.67326598e-03
 6.89670200e+03  6.66845059e-03
 6.89760300e+03  6.64078889e-03
 6.89850300e+03  6.63419752e-03
 6.89940300e+03  6.66277998e-03
 6.90030300e+03  6.67469630e-03
 6.90120300e+03  6.64489211e-03
 6.90210400e+03  6.62248384e-03
 6.90300400e+03  6.65500563e-03
 6.90390400e+03  6.70271855e-03
 6.90480400e+03  6.70526034e-03
 6.90570400e+03  6.67341497e-03
 6.90660500e+03  6.65413254e-03
 6.90750500e+03  6.66468409e-03
 6.90840500e+03  6.69187200e-03
 6.90930600e+03  6.70133293e-03
 6.91020600e+03  6.68785817e-03
 6.91110600e+03  6.67659742e-03
 6.91200600e+03  6.66905251e-03
 6.91290700e+03  6.64468054e-03
 6.91380700e+03  6.61417907e-03
 6.91470700e+03  6.57447889e-03
 6.91560800e+03  6.52397387e-03
 6.91650800e+03  6.51856847e-03
 6.91740800e+03  6.55196037e-03
 6.91830800e+03  6.56074190e-03
 6.91920800e+03  6.56416274e-03
 6.92010900e+03  6.59418148e-03
 6.92100900e+03  6.63173023e-03
 6.92190900e+03  6.65710938e-03
 6.92280900e+03  6.66527112e-03
 6.92370900e+03  6.65600387e-03
 6.92461000e+03  6.61909280e-03
 6.92551000e+03  6.55177562e-03
 6.92641000e+03  6.48894903e-03
 6.92731000e+03  6.47357016e-03
 6.92821100e+03  6.51206054e-03
 6.92911100e+03  6.56356976e-03
 6.93001100e+03  6.58580222e-03
 6.93091100e+03  6.58617767e-03
 6.93181200e+03  6.58619555e-03
 6.93271200e+03  6.58533438e-03
 6.93361200e+03  6.56058695e-03
 6.93451200e+03  6.51870554e-03
 6.93541300e+03  6.51109805e-03
 6.93631300e+03  6.55049429e-03
 6.93721300e+03  6.58287007e-03
 6.93811400e+03  6.57941944e-03
 6.93901400e+03  6.56281288e-03
 6.93991400e+03  6.56017872e-03
 6.94081400e+03  6.57786695e-03
 6.94171400e+03  6.59821318e-03
 6.94261500e+03  6.60129134e-03
 6.94351500e+03  6.57796230e-03
 6.94441500e+03  6.53618816e-03
 6.94531500e+03  6.48122533e-03
 6.94621500e+03  6.41997506e-03
 6.94711600e+03  6.40042743e-03
 6.94801600e+03  6.44743711e-03
 6.94891600e+03  6.50483446e-03
 6.94981600e+03  6.53542235e-03
 6.95071700e+03  6.54962120e-03
 6.95161700e+03  6.53537765e-03
 6.95251700e+03  6.48563249e-03
 6.95341700e+03  6.44685605e-03
 6.95431800e+03  6.44316107e-03
 6.95521800e+03  6.44908794e-03
 6.95611800e+03  6.45643916e-03
 6.95701900e+03  6.48171998e-03
 6.95791900e+03  6.52208168e-03
 6.95881900e+03  6.54444525e-03
 6.95971900e+03  6.54184685e-03
 6.96062000e+03  6.53650998e-03
 6.96152000e+03  6.53198959e-03
 6.96242000e+03  6.53702549e-03
 6.96332000e+03  6.54839352e-03
 6.96422000e+03  6.55551827e-03
 6.96512100e+03  6.56542321e-03
 6.96602100e+03  6.56031877e-03
 6.96692100e+03  6.52499595e-03
 6.96782100e+03  6.50100241e-03
 6.96872100e+03  6.52940907e-03
 6.96962200e+03  6.57451465e-03
 6.97052200e+03  6.58869264e-03
 6.97142200e+03  6.56327475e-03
 6.97232300e+03  6.51629188e-03
 6.97322300e+03  6.49697965e-03
 6.97412300e+03  6.53140853e-03
 6.97502300e+03  6.55686813e-03
 6.97592300e+03  6.52485292e-03
 6.97682400e+03  6.46983644e-03
 6.97772400e+03  6.41971880e-03
 6.97862400e+03  6.35049453e-03
 6.97952500e+03  6.24728836e-03
 6.98042500e+03  6.18247423e-03
 6.98132500e+03  6.24025300e-03
 6.98222500e+03  6.36749442e-03
 6.98312600e+03  6.46099233e-03
 6.98402600e+03  6.51199498e-03
 6.98492600e+03  6.54328312e-03
 6.98582600e+03  6.55019929e-03
 6.98672600e+03  6.53833959e-03
 6.98762700e+03  6.52363417e-03
 6.98852700e+03  6.51441758e-03
 6.98942700e+03  6.50018892e-03
 6.99032700e+03  6.46725294e-03
 6.99122700e+03  6.43885820e-03
 6.99212800e+03  6.45560779e-03
 6.99302800e+03  6.50740307e-03
 6.99392800e+03  6.54196604e-03
 6.99482800e+03  6.53586336e-03
 6.99572900e+03  6.50439047e-03
 6.99662900e+03  6.48860337e-03
 6.99752900e+03  6.50370213e-03
 6.99843000e+03  6.52190289e-03
 6.99933000e+03  6.51422091e-03
 7.00023000e+03  6.45709174e-03
 7.00113100e+03  6.38176181e-03
 7.00203100e+03  6.36182382e-03
 7.00293100e+03  6.41127100e-03
 7.00383100e+03  6.46549186e-03
 7.00473100e+03  6.46296199e-03
 7.00563200e+03  6.40694132e-03
 7.00653200e+03  6.36358191e-03
 7.00743200e+03  6.36020875e-03
 7.00833200e+03  6.37882073e-03
 7.00923200e+03  6.40974235e-03
 7.01013300e+03  6.44665342e-03
 7.01103300e+03  6.46855810e-03
 7.01193300e+03  6.45906140e-03
 7.01283300e+03  6.43729976e-03
 7.01373400e+03  6.43412326e-03
 7.01463400e+03  6.45079835e-03
 7.01553400e+03  6.45120063e-03
 7.01643400e+03  6.38338880e-03
 7.01733500e+03  6.26044428e-03
 7.01823500e+03  6.18854413e-03
 7.01913500e+03  6.25651985e-03
 7.02003500e+03  6.39141942e-03
 7.02093600e+03  6.47778959e-03
 7.02183600e+03  6.50437855e-03
 7.02273600e+03  6.50057332e-03
 7.02363700e+03  6.45821215e-03
 7.02453700e+03  6.37288194e-03
 7.02543700e+03  6.29836551e-03
 7.02633700e+03  6.29003690e-03
 7.02723700e+03  6.34089354e-03
 7.02813800e+03  6.38912198e-03
 7.02903800e+03  6.40309139e-03
 7.02993800e+03  6.40460216e-03
 7.03083800e+03  6.41407800e-03
 7.03173800e+03  6.42621779e-03
 7.03263900e+03  6.43198971e-03
 7.03353900e+03  6.42082431e-03
 7.03443900e+03  6.40539181e-03
 7.03533900e+03  6.40082076e-03
 7.03624000e+03  6.40388998e-03
 7.03714000e+03  6.42447162e-03
 7.03804000e+03  6.43349452e-03
 7.03894000e+03  6.37420796e-03
 7.03984100e+03  6.28478049e-03
 7.04074100e+03  6.28734016e-03
 7.04164100e+03  6.39929807e-03
 7.04254200e+03  6.51618759e-03
 7.04344200e+03  6.56623074e-03
 7.04434200e+03  6.56651382e-03
 7.04524200e+03  6.53014210e-03
 7.04614300e+03  6.46820946e-03
 7.04704300e+03  6.43099743e-03
 7.04794300e+03  6.45149861e-03
 7.04884300e+03  6.50238207e-03
 7.04974300e+03  6.54495480e-03
 7.05064400e+03  6.55456473e-03
 7.05154400e+03  6.52373250e-03
 7.05244400e+03  6.49409220e-03
 7.05334400e+03  6.41625923e-03
 7.05424400e+03  6.30843135e-03
 7.05514500e+03  6.23597397e-03
 7.05604500e+03  6.23373613e-03
 7.05694500e+03  6.28204204e-03
 7.05784600e+03  6.34704390e-03
 7.05874600e+03  6.39182766e-03
 7.05964600e+03  6.38838894e-03
 7.06054600e+03  6.33162629e-03
 7.06144700e+03  6.26383830e-03
 7.06234700e+03  6.24397778e-03
 7.06324700e+03  6.26941951e-03
 7.06414800e+03  6.30497475e-03
 7.06504800e+03  6.54114361e-03
 7.06594800e+03  7.76784735e-03
 7.06684800e+03  9.59596878e-03
 7.06774800e+03  9.00512649e-03
 7.06864900e+03  7.03689080e-03
 7.06954900e+03  6.24539617e-03
 7.07044900e+03  6.16021793e-03
 7.07134900e+03  6.22816386e-03
 7.07224900e+03  6.31415559e-03
 7.07315000e+03  6.35163580e-03
 7.07405000e+03  6.34912381e-03
 7.07495000e+03  6.34778587e-03
 7.07585000e+03  6.34882881e-03
 7.07675100e+03  6.33759190e-03
 7.07765100e+03  6.31954609e-03
 7.07855100e+03  6.31456383e-03
 7.07945100e+03  6.32732045e-03
 7.08035100e+03  6.33613476e-03
 7.08125200e+03  6.34261588e-03
 7.08215200e+03  6.35866223e-03
 7.08305200e+03  6.35703226e-03
 7.08395300e+03  6.30627396e-03
 7.08485300e+03  6.20999588e-03
 7.08575300e+03  6.10295765e-03
 7.08665400e+03  6.05474114e-03
 7.08755400e+03  6.07678885e-03
 7.08845400e+03  6.09047517e-03
 7.08935400e+03  6.07557010e-03
 7.09025400e+03  6.06549234e-03
 7.09115500e+03  6.05515831e-03
 7.09205500e+03  6.04396312e-03
 7.09295500e+03  6.05059322e-03
 7.09385500e+03  6.05469346e-03
 7.09475500e+03  6.04176103e-03
 7.09565600e+03  6.03757736e-03
 7.09655600e+03  6.03873055e-03
 7.09745600e+03  6.03511900e-03
 7.09835600e+03  6.03484486e-03
 7.09925700e+03  6.04914205e-03
 7.10015700e+03  6.09946530e-03
 7.10105700e+03  6.16048612e-03
 7.10195800e+03  6.17514685e-03
 7.10285800e+03  6.15469632e-03
 7.10375800e+03  6.11914107e-03
 7.10465800e+03  6.10618778e-03
 7.10555900e+03  6.13938599e-03
 7.10645900e+03  6.18546597e-03
 7.10735900e+03  6.18946788e-03
 7.10825900e+03  6.14787551e-03
 7.10916000e+03  6.11603312e-03
 7.11006000e+03  6.12335156e-03
 7.11096000e+03  6.12698695e-03
 7.11186000e+03  6.08922961e-03
 7.11276000e+03  6.04186234e-03
 7.11366100e+03  6.03711548e-03
 7.11456100e+03  6.07582338e-03
 7.11546100e+03  6.11668272e-03
 7.11636100e+03  6.13581318e-03
 7.11726100e+03  6.14314653e-03
 7.11816200e+03  6.14928794e-03
 7.11906200e+03  6.14462154e-03
 7.11996200e+03  6.13637637e-03
 7.12086300e+03  6.12563709e-03
 7.12176300e+03  6.11525538e-03
 7.12266300e+03  6.10773431e-03
 7.12356300e+03  6.08737318e-03
 7.12446300e+03  6.08657459e-03
 7.12536400e+03  6.11671252e-03
 7.12626400e+03  6.11328274e-03
 7.12716400e+03  6.07155628e-03
 7.12806500e+03  6.04713067e-03
 7.12896500e+03  6.06521819e-03
 7.12986500e+03  6.09520117e-03
 7.13076500e+03  6.08310607e-03
 7.13166600e+03  6.01675733e-03
 7.13256600e+03  5.96273016e-03
 7.13346600e+03  5.98315387e-03
 7.13436600e+03  6.05596882e-03
 7.13526600e+03  6.44058948e-03
 7.13616700e+03  9.49325130e-03
 7.13706700e+03  1.82328994e-02
 7.13796700e+03  2.21602465e-02
 7.13886700e+03  1.39645890e-02
 7.13976700e+03  7.54783808e-03
 7.14066800e+03  6.20052600e-03
 7.14156800e+03  6.09686094e-03
 7.14246800e+03  6.12642078e-03
 7.14336800e+03  6.15156453e-03
 7.14426900e+03  6.14358158e-03
 7.14516900e+03  6.13610818e-03
 7.14606900e+03  6.13708557e-03
 7.14697000e+03  6.13933235e-03
 7.14787000e+03  6.13911483e-03
 7.14877000e+03  6.10229911e-03
 7.14967100e+03  6.03051518e-03
 7.15057100e+03  6.00545486e-03
 7.15147100e+03  6.04292912e-03
 7.15237100e+03  6.08268592e-03
 7.15327100e+03  6.11710287e-03
 7.15417200e+03  6.16745890e-03
 7.15507200e+03  6.19946220e-03
 7.15597200e+03  6.17030761e-03
 7.15687200e+03  6.12235332e-03
 7.15777200e+03  6.12711508e-03
 7.15867300e+03  6.17584114e-03
 7.15957300e+03  6.19225997e-03
 7.16047300e+03  6.16088541e-03
 7.16137300e+03  6.12598573e-03
 7.16227400e+03  6.11889971e-03
 7.16317400e+03  6.14718717e-03
 7.16407400e+03  6.16647854e-03
 7.16497400e+03  6.11608675e-03
 7.16587500e+03  6.01150092e-03
 7.16677500e+03  5.94797110e-03
 7.16767500e+03  5.98418787e-03
 7.16857500e+03  6.07601409e-03
 7.16947600e+03  6.14485099e-03
 7.17037600e+03  6.16591535e-03
 7.17127600e+03  6.15769402e-03
 7.17217700e+03  6.15312297e-03
 7.17307700e+03  6.17296264e-03
 7.17397700e+03  6.19941750e-03
 7.17487700e+03  6.20889632e-03
 7.17577700e+03  6.19802593e-03
 7.17667800e+03  6.16249452e-03
 7.17757800e+03  6.11528816e-03
 7.17847800e+03  6.10510313e-03
 7.17937800e+03  6.14288132e-03
 7.18027800e+03  6.16448206e-03
 7.18117900e+03  6.11093464e-03
 7.18207900e+03  6.01539853e-03
 7.18297900e+03  5.96611822e-03
 7.18387900e+03  6.02004706e-03
 7.18478000e+03  6.12792559e-03
 7.18568000e+03  6.18253979e-03
 7.18658000e+03  6.17564746e-03
 7.18748000e+03  6.13928170e-03
 7.18838100e+03  6.06302504e-03
 7.18928100e+03  5.98518909e-03
 7.19018100e+03  5.97022442e-03
 7.19108200e+03  6.00050538e-03
 7.19198200e+03  6.04673137e-03
 7.19288200e+03  6.07641041e-03
 7.19378200e+03  6.06787918e-03
 7.19468300e+03  6.04933276e-03
 7.19558300e+03  6.05923471e-03
 7.19648300e+03  6.09993313e-03
 7.19738300e+03  6.11822627e-03
 7.19828300e+03  6.08076393e-03
 7.19918400e+03  6.05454745e-03
 7.20008400e+03  6.08627660e-03
 7.20098400e+03  6.13377796e-03
 7.20188400e+03  6.14558700e-03
 7.20278400e+03  6.12279433e-03
 7.20368500e+03  6.10738567e-03
 7.20458500e+03  6.13366473e-03
 7.20548500e+03  6.18311489e-03
 7.20638600e+03  6.20446532e-03
 7.20728600e+03  6.16029541e-03
 7.20818600e+03  6.05019989e-03
 7.20908600e+03  5.96020029e-03
 7.20998700e+03  5.96174682e-03
 7.21088700e+03  6.02755323e-03
 7.21178700e+03  6.11142333e-03
 7.21268800e+03  6.18374661e-03
 7.21358800e+03  6.19320457e-03
 7.21448800e+03  6.14299158e-03
 7.21538800e+03  6.09040366e-03
 7.21628800e+03  6.06400541e-03
 7.21718900e+03  6.06476824e-03
 7.21808900e+03  6.09365465e-03
 7.21898900e+03  6.14299456e-03
 7.21988900e+03  6.17767374e-03
 7.22078900e+03  6.16988746e-03
 7.22169000e+03  6.13486560e-03
 7.22259000e+03  6.10342847e-03
 7.22349000e+03  6.08216147e-03
 7.22439000e+03  6.05786697e-03
 7.22529100e+03  6.05035186e-03
 7.22619100e+03  6.08970936e-03
 7.22709100e+03  6.14781293e-03
 7.22799100e+03  6.18508754e-03
 7.22889200e+03  6.18627350e-03
 7.22979200e+03  6.14941607e-03
 7.23069200e+03  6.11911127e-03
 7.23159200e+03  6.13937109e-03
 7.23249300e+03  6.18597850e-03
 7.23339300e+03  6.21955515e-03
 7.23429300e+03  6.22828007e-03
 7.23519400e+03  6.23226707e-03
 7.23609400e+03  6.22918594e-03
 7.23699400e+03  6.20071969e-03
 7.23789400e+03  6.16458635e-03
 7.23879400e+03  6.15305444e-03
 7.23969500e+03  6.15676134e-03
 7.24059500e+03  6.14721100e-03
 7.24149500e+03  6.12918308e-03
 7.24239500e+03  6.13854866e-03
 7.24329500e+03  6.18139255e-03
 7.24419600e+03  6.20397663e-03
 7.24509600e+03  6.16456549e-03
 7.24599600e+03  6.09689371e-03
 7.24689600e+03  6.06330515e-03
 7.24779700e+03  6.10017450e-03
 7.24869700e+03  6.17455684e-03
 7.24959700e+03  6.22527343e-03
 7.25049800e+03  6.21957303e-03
 7.25139800e+03  6.16917230e-03
 7.25229800e+03  6.10437009e-03
 7.25319800e+03  6.06815928e-03
 7.25409900e+03  6.08085333e-03
 7.25499900e+03  6.11715055e-03
 7.25589900e+03  6.14454406e-03
 7.25679900e+03  6.16353448e-03
 7.25770000e+03  6.19189941e-03
 7.25860000e+03  6.21748715e-03
 7.25950000e+03  6.22430201e-03
 7.26040000e+03  6.19963801e-03
 7.26130000e+03  6.15938060e-03
 7.26220100e+03  6.07412489e-03
 7.26310100e+03  5.99406300e-03
 7.26400100e+03  6.01432878e-03
 7.26490100e+03  6.09800817e-03
 7.26580100e+03  6.14992562e-03
 7.26670200e+03  6.16594217e-03
 7.26760200e+03  6.18571330e-03
 7.26850200e+03  6.21105967e-03
 7.26940300e+03  6.21680179e-03
 7.27030300e+03  6.19831795e-03
 7.27120300e+03  6.17225344e-03
 7.27210300e+03  6.14312567e-03
 7.27300300e+03  6.11793126e-03
 7.27390400e+03  6.11367906e-03
 7.27480400e+03  6.12297312e-03
 7.27570400e+03  6.13616480e-03
 7.27660500e+03  6.15284883e-03
 7.27750500e+03  6.17270339e-03
 7.27840500e+03  6.17750985e-03
 7.27930500e+03  6.15753013e-03
 7.28020600e+03  6.13595025e-03
 7.28110600e+03  6.13022601e-03
 7.28200600e+03  6.11134883e-03
 7.28290600e+03  6.05361774e-03
 7.28380600e+03  5.98152391e-03
 7.28470700e+03  5.95069466e-03
 7.28560700e+03  5.97205999e-03
 7.28650700e+03  6.01878659e-03
 7.28740700e+03  6.07913397e-03
 7.28830700e+03  6.11611655e-03
 7.28920800e+03  6.08824329e-03
 7.29010800e+03  6.01791350e-03
 7.29100800e+03  5.97244736e-03
 7.29190800e+03  5.95897856e-03
 7.29280900e+03  5.94051558e-03
 7.29370900e+03  5.92731496e-03
 7.29460900e+03  5.95232462e-03
 7.29551000e+03  6.02061620e-03
 7.29641000e+03  6.09885444e-03
 7.29731000e+03  6.16548328e-03
 7.29821100e+03  6.19629167e-03
 7.29911100e+03  6.17096913e-03
 7.30001100e+03  6.11931986e-03
 7.30091100e+03  6.08182773e-03
 7.30181100e+03  6.07375241e-03
 7.30271200e+03  6.08380931e-03
 7.30361200e+03  6.09537698e-03
 7.30451200e+03  6.10489156e-03
 7.30541200e+03  6.11974598e-03
 7.30631200e+03  6.13431731e-03
 7.30721300e+03  6.12533314e-03
 7.30811300e+03  6.08214955e-03
 7.30901300e+03  6.02880178e-03
 7.30991300e+03  6.00498703e-03
 7.31081400e+03  6.02859617e-03
 7.31171400e+03  6.04478257e-03
 7.31261400e+03  6.02419497e-03
 7.31351500e+03  6.02138798e-03
 7.31441500e+03  6.06019421e-03
 7.31531500e+03  6.10465019e-03
 7.31621500e+03  6.11423628e-03
 7.31711500e+03  6.08900016e-03
 7.31801600e+03  6.05882349e-03
 7.31891600e+03  6.04856992e-03
 7.31981600e+03  6.13961544e-03
 7.32071700e+03  6.65605452e-03
 7.32161700e+03  7.46937636e-03
 7.32251700e+03  7.29101905e-03
 7.32341700e+03  6.48020921e-03
 7.32431700e+03  6.12657573e-03
 7.32521800e+03  6.03987182e-03
 7.32611800e+03  5.99897077e-03
 7.32701800e+03  5.97278110e-03
 7.32791800e+03  5.97628538e-03
 7.32881800e+03  6.03155215e-03
 7.32971900e+03  6.11094060e-03
 7.33061900e+03  6.34150441e-03
 7.33151900e+03  6.95773181e-03
 7.33241900e+03  7.21539710e-03
 7.33332000e+03  6.61549317e-03
 7.33422000e+03  6.16170784e-03
 7.33512000e+03  6.06798347e-03
 7.33602000e+03  6.06879994e-03
 7.33692100e+03  6.09609214e-03
 7.33782100e+03  6.12998167e-03
 7.33872100e+03  6.14410603e-03
 7.33962200e+03  6.13775305e-03
 7.34052200e+03  6.13002637e-03
 7.34142200e+03  6.13470767e-03
 7.34232200e+03  6.14896314e-03
 7.34322300e+03  6.15777746e-03
 7.34412300e+03  6.12653997e-03
 7.34502300e+03  6.04930594e-03
 7.34592300e+03  5.98686375e-03
 7.34682300e+03  5.99921809e-03
 7.34772400e+03  6.05524175e-03
 7.34862400e+03  6.09672088e-03
 7.34952400e+03  6.11664100e-03
 7.35042400e+03  6.11116409e-03
 7.35132400e+03  6.06989950e-03
 7.35222500e+03  6.01802674e-03
 7.35312500e+03  5.99920915e-03
 7.35402500e+03  6.01684077e-03
 7.35492600e+03  6.02361987e-03
 7.35582600e+03  5.98777557e-03
 7.35672600e+03  5.92966009e-03
 7.35762600e+03  5.86746224e-03
 7.35852700e+03  5.88576133e-03
 7.35942700e+03  5.96999497e-03
 7.36032700e+03  6.06108220e-03
 7.36122700e+03  6.10105951e-03
 7.36212800e+03  6.07229825e-03
 7.36302800e+03  6.00170625e-03
 7.36392800e+03  5.93929087e-03
 7.36482800e+03  5.92352761e-03
 7.36572900e+03  5.95138300e-03
 7.36662900e+03  5.99085969e-03
 7.36752900e+03  6.01488302e-03
 7.36842900e+03  6.03532759e-03
 7.36932900e+03  6.05097762e-03
 7.37023000e+03  6.04862654e-03
 7.37113000e+03  6.03873651e-03
 7.37203000e+03  6.05677338e-03
 7.37293000e+03  6.08831182e-03
 7.37383100e+03  6.09680134e-03
 7.37473100e+03  6.08176217e-03
 7.37563100e+03  6.06039386e-03
 7.37653100e+03  6.03812564e-03
 7.37743200e+03  6.02419795e-03
 7.37833200e+03  6.02975830e-03
 7.37923200e+03  6.05409750e-03
 7.38013200e+03  6.07716133e-03
 7.38103300e+03  6.07919952e-03
 7.38193300e+03  6.04424918e-03
 7.38283300e+03  5.98043031e-03
 7.38373400e+03  5.92430534e-03
 7.38463400e+03  5.89873846e-03
 7.38553400e+03  5.88179221e-03
 7.38643400e+03  5.83466035e-03
 7.38733400e+03  5.78400932e-03
 7.38823500e+03  5.76435142e-03
 7.38913500e+03  5.75979527e-03
 7.39003500e+03  5.74082572e-03
 7.39093500e+03  5.72127510e-03
 7.39183500e+03  5.74841235e-03
 7.39273600e+03  5.80436151e-03
 7.39363600e+03  5.82486865e-03
 7.39453600e+03  5.80545808e-03
 7.39543600e+03  5.80364933e-03
 7.39633700e+03  5.84289956e-03
 7.39723700e+03  5.87700065e-03
 7.39813700e+03  5.88153892e-03
 7.39903800e+03  5.87923254e-03
 7.39993800e+03  5.86114204e-03
 7.40083800e+03  5.82959763e-03
 7.40173800e+03  5.80712678e-03
 7.41000000e+03  6.06595421e-03
 7.43000000e+03  6.08507574e-03
 7.45000000e+03  6.07638657e-03
 7.47000000e+03  6.06455667e-03
 7.49000000e+03  6.03275302e-03
 7.51000000e+03  6.04559606e-03
 7.53000000e+03  6.05704156e-03
 7.55000000e+03  6.05970254e-03
 7.57000000e+03  6.01666198e-03
 7.59000000e+03  5.96662479e-03
 7.61000000e+03  5.92658193e-03
 7.63000000e+03  5.89846432e-03
 7.65000000e+03  5.86119269e-03
 7.67000000e+03  5.74122204e-03
 7.69000000e+03  5.79622957e-03
 7.71000000e+03  5.73926429e-03
 7.73000000e+03  5.81007681e-03
 7.75000000e+03  5.86197937e-03
 7.77000000e+03  5.80538359e-03
 7.79000000e+03  5.73945202e-03
 7.81000000e+03  5.68915857e-03
 7.83000000e+03  5.64902333e-03
 7.85000000e+03  5.59083335e-03
 7.87000000e+03  5.58426284e-03
 7.89000000e+03  5.48364614e-03
 7.91000000e+03  5.40433219e-03
 7.93000000e+03  5.39200168e-03
 7.95000000e+03  5.34559093e-03
 7.97000000e+03  5.42834658e-03
 7.99000000e+03  5.40067594e-03
 8.01000000e+03  5.41342363e-03
 8.03000000e+03  5.40068190e-03
 8.05000000e+03  5.36718869e-03
 8.07000000e+03  5.34186616e-03
 8.09000000e+03  5.26964419e-03
 8.11000000e+03  5.26086563e-03
 8.13000000e+03  5.28676923e-03
 8.15000000e+03  5.27207870e-03
 8.17000000e+03  5.26849993e-03
 8.19000000e+03  5.19181121e-03
 8.21000000e+03  5.17775240e-03
 8.23000000e+03  5.15042743e-03
 8.25000000e+03  5.07874182e-03
 8.27000000e+03  5.04571049e-03
 8.29000000e+03  4.99688608e-03
 8.31000000e+03  4.89141823e-03
 8.33000000e+03  4.86947481e-03
 8.35000000e+03  4.86659630e-03
 8.37000000e+03  4.85615202e-03
 8.39000000e+03  4.77688873e-03
 8.41000000e+03  4.83062984e-03
 8.43000000e+03  4.75942101e-03
 8.45000000e+03  4.74578832e-03
 8.47000000e+03  4.68000277e-03
 8.49000000e+03  4.77812834e-03
 8.51000000e+03  4.52586844e-03
 8.53000000e+03  4.77888521e-03
 8.55000000e+03  4.37943994e-03
 8.57000000e+03  4.87771998e-03
 8.59000000e+03  4.68069706e-03
 8.61000000e+03  4.62645237e-03
 8.63000000e+03  4.85188492e-03
 8.65000000e+03  4.76142047e-03
 8.67000000e+03  4.26102177e-03
 8.69000000e+03  4.69617724e-03
 8.71000000e+03  4.81438384e-03
 8.73000000e+03  4.74379780e-03
 8.75000000e+03  4.38454139e-03
 8.77000000e+03  4.67642400e-03
 8.79000000e+03  4.77736848e-03
 8.81000000e+03  4.72801367e-03
 8.83000000e+03  4.70975034e-03
 8.85000000e+03  4.56805677e-03
 8.87000000e+03  4.28392171e-03
 8.89000000e+03  4.63208125e-03
 8.91000000e+03  4.70881467e-03
 8.93000000e+03  4.65244536e-03
 8.95000000e+03  4.64731113e-03
 8.97000000e+03  4.63568088e-03
 8.99000000e+03  4.62603221e-03
 9.01000000e+03  4.38823637e-03
 9.03000000e+03  4.94194411e-03
 9.05000000e+03  6.62220969e-03
 9.07000000e+03  8.00211508e-03
 9.09000000e+03  6.66727952e-03
 9.11000000e+03  5.02134745e-03
 9.13000000e+03  4.58712466e-03
 9.15000000e+03  4.50227122e-03
 9.17000000e+03  4.45136690e-03
 9.19000000e+03  4.44371472e-03
 9.21000000e+03  4.37827185e-03
 9.23000000e+03  4.19308180e-03
 9.25000000e+03  4.33994834e-03
 9.27000000e+03  4.31145825e-03
 9.29000000e+03  4.30634786e-03
 9.31000000e+03  4.31584753e-03
 9.33000000e+03  4.29006014e-03
 9.35000000e+03  4.27382905e-03
 9.37000000e+03  4.22365181e-03
 9.39000000e+03  4.22787720e-03
 9.41000000e+03  4.13287448e-03
 9.43000000e+03  4.19924706e-03
 9.45000000e+03  4.14374487e-03
 9.47000000e+03  4.22667931e-03
 9.49000000e+03  5.00523257e-03
 9.51000000e+03  8.58090398e-03
 9.53000000e+03  1.27702580e-02
 9.55000000e+03  1.01340116e-02
 9.57000000e+03  5.75324264e-03
 9.59000000e+03  4.26414760e-03
 9.61000000e+03  4.04727012e-03
 9.63000000e+03  4.02192375e-03
 9.65000000e+03  3.99770077e-03
 9.67000000e+03  3.97130848e-03
 9.69000000e+03  3.99329957e-03
 9.71000000e+03  3.97457138e-03
 9.73000000e+03  3.95300640e-03
 9.75000000e+03  3.92361045e-03
 9.77000000e+03  3.92344954e-03
 9.79000000e+03  3.88405330e-03
 9.81000000e+03  3.92399485e-03
 9.83000000e+03  3.89706321e-03
 9.85000000e+03  3.89625567e-03
 9.87000000e+03  3.87003025e-03
 9.89000000e+03  3.85232414e-03
 9.91000000e+03  3.83812529e-03
 9.93000000e+03  3.84298836e-03
 9.95000000e+03  3.84771734e-03
 9.97000000e+03  3.86621012e-03
 9.99000000e+03  3.88214323e-03
 1.00250000e+04  3.85428487e-03
 1.00750000e+04  3.77147558e-03
 1.01250000e+04  3.74486279e-03
 1.01750000e+04  3.63861720e-03
 1.02250000e+04  3.61653671e-03
 1.02750000e+04  3.62066078e-03
 1.03250000e+04  3.57456292e-03
 1.03750000e+04  3.52171874e-03
 1.04250000e+04  3.47695584e-03
 1.04750000e+04  3.41595588e-03
 1.05250000e+04  3.39154815e-03
 1.05750000e+04  3.35061730e-03
 1.06250000e+04  3.32342344e-03
 1.06750000e+04  3.26355581e-03
 1.07250000e+04  3.33658829e-03
 1.07750000e+04  3.69197689e-03
 1.08250000e+04  4.10543627e-03
 1.08750000e+04  3.89869019e-03
 1.09250000e+04  3.46343042e-03
 1.09750000e+04  3.26520961e-03
 1.10250000e+04  3.06133310e-03
 1.10750000e+04  2.96008676e-03
 1.11250000e+04  2.92741658e-03
 1.11750000e+04  2.89926410e-03
 1.12250000e+04  2.88382832e-03
 1.12750000e+04  2.83520327e-03
 1.13250000e+04  2.81584277e-03
 1.13750000e+04  2.79574118e-03
 1.14250000e+04  2.76298428e-03
 1.14750000e+04  2.77290322e-03
 1.15250000e+04  2.74714861e-03
 1.15750000e+04  2.71341999e-03
 1.16250000e+04  2.67164913e-03
 1.16750000e+04  2.65300438e-03
 1.17250000e+04  2.65753103e-03
 1.17750000e+04  2.60353038e-03
 1.18250000e+04  2.58659783e-03
 1.18750000e+04  2.55198897e-03
 1.19250000e+04  2.56738870e-03
 1.19750000e+04  2.49387915e-03
 1.20250000e+04  2.50519204e-03
 1.20750000e+04  2.47334370e-03
 1.21250000e+04  2.46433360e-03
 1.21750000e+04  2.45794814e-03
 1.22250000e+04  2.43334166e-03
 1.22750000e+04  2.40811239e-03
 1.23250000e+04  2.38874145e-03
 1.23750000e+04  2.37178745e-03
 1.24250000e+04  2.34518568e-03
 1.24750000e+04  2.33461267e-03
 1.25250000e+04  2.31387727e-03
 1.25750000e+04  2.30274734e-03
 1.26250000e+04  2.28319195e-03
 1.26750000e+04  2.26271133e-03
 1.27250000e+04  2.35461145e-03
 1.27750000e+04  2.67928969e-03
 1.28250000e+04  2.80057594e-03
 1.28750000e+04  2.56833479e-03
 1.29250000e+04  2.24432880e-03
 1.29750000e+04  2.17455178e-03
 1.30250000e+04  2.14480748e-03
 1.30750000e+04  2.14072900e-03
 1.31250000e+04  2.10776351e-03
 1.31750000e+04  2.09477506e-03
 1.32250000e+04  2.08740238e-03
 1.32750000e+04  2.05542530e-03
 1.33250000e+04  2.04850854e-03
 1.33750000e+04  2.02006672e-03
 1.34250000e+04  2.01913255e-03
 1.34750000e+04  2.00528233e-03
 1.35250000e+04  1.98988350e-03
 1.35750000e+04  1.96212943e-03
 1.36250000e+04  1.95272839e-03
 1.36750000e+04  1.94625949e-03
 1.37250000e+04  1.93694933e-03
 1.37750000e+04  1.92514595e-03
 1.38250000e+04  1.91837073e-03
 1.38750000e+04  1.89989076e-03
 1.39250000e+04  1.87992028e-03
 1.39750000e+04  1.86512516e-03
 1.40250000e+04  1.83206194e-03
 1.40750000e+04  1.81420833e-03
 1.41250000e+04  1.78085428e-03
 1.41750000e+04  1.77904851e-03
 1.42250000e+04  1.75833427e-03
 1.42750000e+04  1.74075599e-03
 1.43250000e+04  1.75493757e-03
 1.43750000e+04  1.75637325e-03
 1.44250000e+04  1.71331570e-03
 1.44750000e+04  1.73050808e-03
 1.45250000e+04  1.70589862e-03
 1.45700000e+04  1.70381632e-03
 1.46200000e+04  1.67776939e-03
 1.46750000e+04  1.65841335e-03
 1.47250000e+04  1.64087382e-03
 1.47750000e+04  1.63686983e-03
 1.48250000e+04  1.63548600e-03
 1.48750000e+04  1.61986457e-03
 1.49250000e+04  1.63819942e-03
 1.49750000e+04  1.62255148e-03
 1.50250000e+04  1.60078983e-03
 1.50750000e+04  1.58708622e-03
 1.51250000e+04  1.59702751e-03
 1.51750000e+04  1.59580429e-03
 1.52250000e+04  1.59201932e-03
 1.52750000e+04  1.58782373e-03
 1.53250000e+04  1.58357539e-03
 1.53750000e+04  1.58866195e-03
 1.54250000e+04  1.56989592e-03
 1.54750000e+04  1.58122998e-03
 1.55250000e+04  1.56674982e-03
 1.55750000e+04  1.50701033e-03
 1.56250000e+04  1.53985722e-03
 1.56750000e+04  1.51997912e-03
 1.57250000e+04  1.52015642e-03
 1.57750000e+04  1.46866478e-03
 1.58250000e+04  1.47555264e-03
 1.58750000e+04  1.44068334e-03
 1.59250000e+04  1.48962366e-03
 1.59750000e+04  1.47245064e-03
 1.60500000e+04  1.47245154e-03
 1.61500000e+04  1.46230643e-03
 1.62500000e+04  1.45269382e-03
 1.63500000e+04  1.45168187e-03
 1.64500000e+04  1.39616658e-03
 1.65500000e+04  1.42753488e-03
 1.66500000e+04  1.39363105e-03
 1.67500000e+04  1.37204461e-03
 1.68500000e+04  1.32763780e-03
 1.69500000e+04  1.34433434e-03
 1.70500000e+04  1.31609992e-03
 1.71500000e+04  1.29935153e-03
 1.72500000e+04  1.27721860e-03
 1.73500000e+04  1.24146132e-03
 1.74500000e+04  1.23911500e-03
 1.75500000e+04  1.20814541e-03
 1.76500000e+04  1.18706673e-03
 1.77500000e+04  1.15482296e-03
 1.78500000e+04  1.13929093e-03
 1.79500000e+04  1.12728999e-03
 1.80500000e+04  1.11188967e-03
 1.81500000e+04  1.09927817e-03
 1.82500000e+04  1.08312246e-03
 1.83500000e+04  1.05279323e-03
 1.84500000e+04  1.03568457e-03
 1.85500000e+04  1.11838181e-03
 1.86500000e+04  1.47284994e-03
 1.87500000e+04  1.79579928e-03
 1.88500000e+04  1.49937305e-03
 1.89500000e+04  1.06116981e-03
 1.90500000e+04  9.50367770e-04
 1.91500000e+04  9.24983253e-04
 1.92500000e+04  9.15092625e-04
 1.93500000e+04  9.11680429e-04
 1.94500000e+04  8.98143987e-04
 1.95500000e+04  8.82973112e-04
 1.96500000e+04  8.46536135e-04
 1.97500000e+04  8.22458569e-04
 1.98500000e+04  8.12955019e-04
 1.99500000e+04  8.02627548e-04
 2.00500000e+04  8.11669523e-04
 2.01500000e+04  8.00496081e-04
 2.02500000e+04  7.82292938e-04
 2.03500000e+04  7.72284606e-04
 2.04500000e+04  7.64351424e-04
 2.05500000e+04  7.50312583e-04
 2.06500000e+04  7.39600120e-04
 2.07500000e+04  7.30887415e-04
 2.08500000e+04  7.23067764e-04
 2.09500000e+04  7.10584689e-04
 2.10500000e+04  7.06122702e-04
 2.11500000e+04  6.93966812e-04
 2.12500000e+04  6.86026180e-04
 2.13500000e+04  6.78237518e-04
 2.14500000e+04  6.75292857e-04
 2.15500000e+04  6.93451899e-04
 2.16500000e+04  7.04996031e-04
 2.17500000e+04  6.81253397e-04
 2.18500000e+04  6.40563616e-04
 2.19500000e+04  6.24672517e-04
 2.20500000e+04  6.21336904e-04
 2.21500000e+04  6.19295129e-04
 2.22500000e+04  6.06854666e-04
 2.23500000e+04  5.97419056e-04
 2.24500000e+04  5.89927185e-04
 2.25500000e+04  5.81990128e-04
 2.26500000e+04  5.71607829e-04
 2.27500000e+04  5.69223673e-04
 2.28500000e+04  5.57199491e-04
 2.29500000e+04  4.89776823e-04
 2.30500000e+04  5.10159409e-04
 2.31500000e+04  5.06586303e-04
 2.32500000e+04  4.53793374e-04
 2.33500000e+04  4.76415595e-04
 2.34500000e+04  4.61054011e-04
 2.35500000e+04  4.23235885e-04
 2.36500000e+04  4.45888500e-04
 2.37500000e+04  4.31547804e-04
 2.38500000e+04  4.03105393e-04
 2.39500000e+04  4.21635422e-04
 2.40500000e+04  4.13868514e-04
 2.41500000e+04  3.89111250e-04
 2.42500000e+04  4.02912896e-04
 2.43500000e+04  3.95199922e-04
 2.44500000e+04  3.81320205e-04
 2.45500000e+04  3.80249256e-04
 2.46500000e+04  3.83946025e-04
 2.47500000e+04  3.72723117e-04
 2.48500000e+04  3.53456773e-04
 2.49500000e+04  3.52288981e-04
 2.50500000e+04  3.59369636e-04
 2.51500000e+04  3.44724700e-04
 2.52500000e+04  3.50234989e-04
 2.53500000e+04  3.51627758e-04
 2.54500000e+04  3.48151497e-04
 2.55500000e+04  3.45667516e-04
 2.56500000e+04  3.44315868e-04
 2.57500000e+04  3.46792995e-04
 2.58500000e+04  3.38303777e-04
 2.59500000e+04  3.42504434e-04
 2.60500000e+04  3.53772039e-04
 2.61500000e+04  3.96568555e-04
 2.62500000e+04  4.38122187e-04
 2.63500000e+04  4.03020468e-04
 2.64500000e+04  3.44954742e-04
 2.65500000e+04  3.24046516e-04
 2.66500000e+04  3.18001647e-04
 2.67500000e+04  3.18196230e-04
 2.68500000e+04  3.16484619e-04
 2.69500000e+04  3.10527357e-04
 2.70500000e+04  3.10862885e-04
 2.71500000e+04  3.07578226e-04
 2.72500000e+04  3.05672927e-04
 2.73500000e+04  3.00045234e-04
 2.74500000e+04  2.99702852e-04
 2.75500000e+04  2.96333447e-04
 2.76500000e+04  2.93706167e-04
 2.77500000e+04  2.90108537e-04
 2.78500000e+04  2.89127877e-04
 2.79500000e+04  2.87849474e-04
 2.80500000e+04  2.83535822e-04
 2.81500000e+04  2.80773437e-04
 2.82500000e+04  2.79603976e-04
 2.83500000e+04  2.78310792e-04
 2.84500000e+04  2.75993235e-04
 2.85500000e+04  2.72430409e-04
 2.86500000e+04  2.69492036e-04
 2.87500000e+04  2.66932308e-04
 2.88500000e+04  2.66157822e-04
 2.89500000e+04  2.64285957e-04
 2.90500000e+04  2.61926503e-04
 2.91500000e+04  2.60251664e-04
 2.92500000e+04  2.56983156e-04
 2.93500000e+04  2.54979552e-04
 2.94500000e+04  2.50909114e-04
 2.95500000e+04  2.49695671e-04
 2.96500000e+04  2.47277991e-04
 2.97500000e+04  2.44403922e-04
 2.98500000e+04  2.43392600e-04
 2.99500000e+04  2.41263993e-04
 3.00500000e+04  2.43853042e-04
 3.01500000e+04  2.43053735e-04
 3.02500000e+04  2.45156417e-04
 3.03500000e+04  2.48603506e-04
 3.04500000e+04  2.47259218e-04
 3.05500000e+04  2.39042505e-04
 3.06500000e+04  2.34657100e-04
 3.07500000e+04  2.33480189e-04
 3.08500000e+04  2.32147940e-04
 3.09500000e+04  2.31537166e-04
 3.10500000e+04  2.31635738e-04
 3.11500000e+04  2.31022550e-04
 3.12500000e+04  2.32348095e-04
 3.13500000e+04  2.33082740e-04
 3.14500000e+04  2.33917955e-04
 3.15500000e+04  2.35262123e-04
 3.16500000e+04  2.37656530e-04
 3.17500000e+04  2.41275048e-04
 3.18500000e+04  2.45358926e-04
 3.19500000e+04  2.51074614e-04
 3.21000000e+04  2.62329733e-04
 3.23000000e+04  2.90263607e-04
 3.25000000e+04  3.54149880e-04
 3.27000000e+04  5.32217251e-04
 3.29000000e+04  1.05467200e-03
 3.31000000e+04  1.04971120e-03
 3.33000000e+04  5.19587867e-04
 3.35000000e+04  3.35310247e-04
 3.37000000e+04  2.65653040e-04
 3.39000000e+04  2.32280631e-04
 3.41000000e+04  2.13232679e-04
 3.43000000e+04  2.01458951e-04
 3.45000000e+04  1.93077007e-04
 3.47000000e+04  1.86175320e-04
 3.49000000e+04  1.80574653e-04
 3.51000000e+04  1.75570994e-04
 3.53000000e+04  1.70545224e-04
 3.55000000e+04  1.66411763e-04
 3.57000000e+04  1.62959787e-04
 3.59000000e+04  1.59855228e-04
 3.61000000e+04  1.56895489e-04
 3.63000000e+04  1.54336507e-04
 3.65000000e+04  1.51826572e-04
 3.67000000e+04  1.50298668e-04
 3.69000000e+04  1.48335918e-04
 3.71000000e+04  1.51244195e-04
 3.73000000e+04  1.58448782e-04
 3.75000000e+04  1.57697062e-04
 3.77000000e+04  1.52921299e-04
 3.79000000e+04  1.50827974e-04
 3.81000000e+04  1.51893946e-04
 3.83000000e+04  1.53618369e-04
 3.85000000e+04  1.55248154e-04
 3.87000000e+04  1.54461868e-04
 3.89000000e+04  1.53771085e-04
 3.91000000e+04  1.52130633e-04
 3.93000000e+04  1.50036354e-04
 3.95000000e+04  1.47502402e-04
 3.97000000e+04  1.45529848e-04
 3.99000000e+04  1.43931739e-04
 4.01000000e+04  1.53149107e-04
 4.03000000e+04  1.99730743e-04
 4.05000000e+04  2.47881763e-04
 4.07000000e+04  2.09720451e-04
 4.09000000e+04  1.51102505e-04
 4.11000000e+04  1.32080208e-04
 4.13000000e+04  1.28334213e-04
 4.15000000e+04  1.25918083e-04
 4.17000000e+04  1.24258739e-04
 4.19000000e+04  1.23200723e-04
 4.21000000e+04  1.21878695e-04
 4.23000000e+04  1.20708787e-04
 4.25000000e+04  1.19290748e-04
 4.27000000e+04  1.18678544e-04
 4.29000000e+04  1.16957845e-04
 4.31000000e+04  1.15455806e-04
 4.33000000e+04  1.15285121e-04
 4.35000000e+04  1.13731918e-04
 4.37000000e+04  1.13705547e-04
 4.39000000e+04  1.13860706e-04
 4.41000000e+04  1.13530572e-04
 4.43000000e+04  1.14144713e-04
 4.45000000e+04  1.14294360e-04
 4.47000000e+04  1.12853347e-04
 4.49000000e+04  1.12071650e-04
 4.51000000e+04  1.10825459e-04
 4.53000000e+04  1.09380751e-04
 4.55000000e+04  1.08494343e-04
 4.57000000e+04  1.07284207e-04
 4.59000000e+04  1.05912028e-04
 4.61000000e+04  1.07487491e-04
 4.63000000e+04  1.14617164e-04
 4.65000000e+04  1.23614501e-04
 4.67000000e+04  1.18070302e-04
 4.69000000e+04  1.06737648e-04
 4.71000000e+04  1.02919780e-04
 4.73000000e+04  1.02962540e-04
 4.75000000e+04  1.02543994e-04
 4.77000000e+04  1.00840370e-04
 4.79000000e+04  9.95337471e-05
 4.81000000e+04  9.81107922e-05
 4.83000000e+04  9.71183323e-05
 4.85000000e+04  9.57990753e-05
 4.87000000e+04  9.46399539e-05
 4.89000000e+04  9.34891761e-05
 4.91000000e+04  9.20284966e-05
 4.93000000e+04  9.07613567e-05
 4.95000000e+04  8.99290325e-05
 4.97000000e+04  9.02176880e-05
 4.99000000e+04  9.02898891e-05
 5.01000000e+04  9.08040278e-05
 5.03000000e+04  9.10199457e-05
 5.05000000e+04  9.13798488e-05
 5.07000000e+04  9.35870037e-05
 5.09000000e+04  9.62571933e-05
 5.11000000e+04  1.00375041e-04
 5.13000000e+04  1.03861761e-04
 5.15000000e+04  1.03950381e-04
 5.17000000e+04  1.03920702e-04
 5.19000000e+04  1.05013940e-04
 5.21000000e+04  1.06666043e-04
 5.23000000e+04  1.08268592e-04
 5.25000000e+04  1.09745452e-04
 5.27000000e+04  1.09801979e-04
 5.29000000e+04  1.09477268e-04
 5.31000000e+04  1.09384118e-04
 5.33000000e+04  1.09572562e-04
 5.35000000e+04  1.09424286e-04
 5.37000000e+04  1.09090576e-04
 5.39000000e+04  1.08909909e-04
 5.41000000e+04  1.08631564e-04
 5.43000000e+04  1.08183548e-04
 5.45000000e+04  1.07948678e-04
 5.47000000e+04  1.08976002e-04
 5.49000000e+04  1.10733352e-04
 5.51000000e+04  1.12287062e-04
 5.53000000e+04  1.14145935e-04
 5.55000000e+04  1.15550504e-04
 5.57000000e+04  1.17248586e-04
 5.59000000e+04  1.18695797e-04
 5.61000000e+04  1.20298972e-04
 5.63000000e+04  1.21704942e-04
 5.65000000e+04  1.23415658e-04
 5.67000000e+04  1.26060459e-04
 5.69000000e+04  1.29122585e-04
 5.71000000e+04  1.32402119e-04
 5.73000000e+04  1.35663297e-04
 5.75000000e+04  1.39061576e-04
 5.77000000e+04  1.43161187e-04
 5.79000000e+04  1.47783786e-04
 5.81000000e+04  1.52476054e-04
 5.83000000e+04  1.57468837e-04
 5.85000000e+04  1.62850457e-04
 5.87000000e+04  1.70469954e-04
 5.89000000e+04  1.80934020e-04
 5.91000000e+04  1.90957816e-04
 5.93000000e+04  1.97212674e-04
 5.95000000e+04  2.04379595e-04
 5.97000000e+04  2.21312618e-04
 5.99000000e+04  2.43183983e-04
 6.01000000e+04  2.67260208e-04
 6.03000000e+04  2.94156895e-04
 6.05000000e+04  3.24797134e-04
 6.07000000e+04  3.69700087e-04
 6.09000000e+04  4.25125391e-04
 6.11000000e+04  4.89149272e-04
 6.13000000e+04  5.63743480e-04
 6.15000000e+04  6.48950030e-04
 6.17000000e+04  7.32944387e-04
 6.19000000e+04  8.12790235e-04
 6.21000000e+04  8.68509945e-04
 6.23000000e+04  8.82449260e-04
 6.25000000e+04  8.51802674e-04
 6.27000000e+04  7.68445700e-04
 6.29000000e+04  6.81501914e-04
 6.31000000e+04  6.02290769e-04
 6.33000000e+04  5.34306702e-04
 6.35000000e+04  4.76928422e-04
 6.37000000e+04  4.27100120e-04
 6.39000000e+04  3.83910267e-04
 6.42000000e+04  3.28715601e-04
 6.46000000e+04  2.72414050e-04
 6.50000000e+04  2.42623180e-04
 6.54000000e+04  2.18032816e-04
 6.58000000e+04  2.05616490e-04
 6.62000000e+04  1.98171610e-04
 6.66000000e+04  1.92878253e-04
 6.70000000e+04  1.90363133e-04
 6.74000000e+04  1.88496065e-04
 6.78000000e+04  1.88709957e-04
 6.82000000e+04  1.89769314e-04
 6.86000000e+04  1.92073283e-04
 6.90000000e+04  2.03467292e-04
 6.94000000e+04  2.33788928e-04
 6.98000000e+04  2.68043812e-04
 7.02000000e+04  2.58759637e-04
 7.06000000e+04  2.36313583e-04
 7.10000000e+04  2.30759551e-04
 7.14000000e+04  2.33158875e-04
 7.18000000e+04  2.43501244e-04
 7.22000000e+04  2.54955505e-04
 7.26000000e+04  2.73282102e-04
 7.30000000e+04  3.05861252e-04
 7.34000000e+04  3.38004901e-04
 7.38000000e+04  3.83857524e-04
 7.42000000e+04  4.41056717e-04
 7.46000000e+04  4.98588160e-04
 7.50000000e+04  5.44938115e-04
 7.54000000e+04  5.85379975e-04
 7.58000000e+04  6.13760704e-04
 7.62000000e+04  6.40993306e-04
 7.66000000e+04  6.58122521e-04
 7.70000000e+04  6.48220569e-04
 7.74000000e+04  6.38486679e-04
 7.78000000e+04  6.13589662e-04
 7.82000000e+04  5.83435343e-04
 7.86000000e+04  5.50341130e-04
 7.90000000e+04  5.09802128e-04
 7.94000000e+04  4.70011657e-04
 7.98000000e+04  4.33941495e-04
 8.02000000e+04  3.98944368e-04
 8.06000000e+04  3.66809658e-04
 8.10000000e+04  3.41002305e-04
 8.14000000e+04  3.15645501e-04
 8.18000000e+04  3.02843586e-04
 8.22000000e+04  2.93773630e-04
 8.26000000e+04  2.86466925e-04
 8.30000000e+04  2.83545268e-04
 8.34000000e+04  2.80672212e-04
 8.38000000e+04  2.84532513e-04
 8.42000000e+04  2.89985232e-04
 8.46000000e+04  2.96954829e-04
 8.50000000e+04  3.06468242e-04
 8.54000000e+04  3.15869584e-04
 8.58000000e+04  3.13277436e-04
 8.62000000e+04  3.02919273e-04
 8.66000000e+04  2.87324012e-04
 8.70000000e+04  2.59508913e-04
 8.74000000e+04  2.32144841e-04
 8.78000000e+04  2.09981960e-04
 8.82000000e+04  1.89561889e-04
 8.86000000e+04  1.70643082e-04
 8.90000000e+04  1.60107321e-04
 8.94000000e+04  1.78633775e-04
 8.98000000e+04  2.18145483e-04
 9.02000000e+04  1.91224898e-04
 9.06000000e+04  1.32436983e-04
 9.10000000e+04  1.10854005e-04
 9.14000000e+04  1.06494316e-04
 9.18000000e+04  1.05248750e-04
 9.22000000e+04  1.04925111e-04
 9.26000000e+04  1.03640837e-04
 9.30000000e+04  9.95330021e-05
 9.34000000e+04  9.54712650e-05
 9.38000000e+04  9.24936172e-05
 9.42000000e+04  8.97556664e-05
 9.46000000e+04  8.78524833e-05
 9.50000000e+04  8.83184084e-05
 9.54000000e+04  8.87657394e-05
 9.58000000e+04  8.92920060e-05
 9.62000000e+04  8.98480409e-05
 9.66000000e+04  8.99930689e-05
 9.70000000e+04  8.81165254e-05
 9.74000000e+04  8.62781236e-05
 9.78000000e+04  8.40329163e-05
 9.82000000e+04  8.17110978e-05
 9.86000000e+04  8.04084682e-05
 9.90000000e+04  8.11369157e-05
 9.94000000e+04  8.18522222e-05
 9.98000000e+04  8.28242703e-05
 1.00000000e+05  8.33306316e-05
 1.00900000e+05  7.91836715e-05
 1.01900000e+05  7.16772291e-05
 1.02800000e+05  7.56312755e-05
 1.03800000e+05  9.75600911e-05
 1.04700000e+05  1.22704970e-04
 1.05700000e+05  1.18517276e-04
 1.06700000e+05  9.76956135e-05
 1.07600000e+05  8.79408052e-05
 1.08600000e+05  8.75377246e-05
 1.09600000e+05  1.10106368e-04
 1.10700000e+05  1.66323381e-04
 1.11700000e+05  2.49131858e-04
 1.12700000e+05  3.07514160e-04
 1.13800000e+05  2.62645028e-04
 1.14800000e+05  2.02073629e-04
 1.15900000e+05  1.62443681e-04
 1.16900000e+05  1.43661887e-04
 1.18000000e+05  1.40736743e-04
 1.19100000e+05  1.43738915e-04
 1.20200000e+05  1.41598151e-04
 1.21300000e+05  1.38148201e-04
 1.22500000e+05  1.45147269e-04
 1.23600000e+05  1.55881038e-04
 1.24700000e+05  1.67043098e-04
 1.25900000e+05  2.10057737e-04
 1.27100000e+05  2.98970710e-04
 1.28200000e+05  3.32333404e-04
 1.29400000e+05  2.10393712e-04
 1.30600000e+05  1.26465268e-04
 1.31800000e+05  1.11312541e-04
 1.33000000e+05  1.07727694e-04
 1.34300000e+05  1.06203455e-04
 1.35500000e+05  9.95110706e-05
 1.36800000e+05  9.26560474e-05
 1.38000000e+05  8.92949858e-05
 1.39300000e+05  8.83228781e-05
 1.40600000e+05  8.63995514e-05
 1.41900000e+05  8.40974593e-05
 1.43200000e+05  8.19173612e-05
 1.44500000e+05  6.93889932e-05
 1.45900000e+05  6.34419519e-05
 1.47200000e+05  6.67483337e-05
 1.48600000e+05  6.62509118e-05
 1.50000000e+05  6.93978731e-05
 1.51400000e+05  6.86543775e-05
 1.52800000e+05  7.46314555e-05
 1.54200000e+05  1.20204899e-04
 1.55600000e+05  1.54568963e-04
 1.57000000e+05  1.08516126e-04
 1.58500000e+05  7.21602585e-05
 1.60000000e+05  8.51885811e-05
 1.61400000e+05  8.56039684e-05
 1.62900000e+05  8.63937407e-05
 1.64400000e+05  8.72150693e-05
 1.66000000e+05  8.80719174e-05
 1.67500000e+05  8.89062977e-05
 1.69000000e+05  8.97168989e-05
 1.70600000e+05  9.05526797e-05
 1.72200000e+05  9.14473418e-05
 1.73800000e+05  9.23061864e-05
 1.75400000e+05  9.31593097e-05
 1.77000000e+05  9.40403838e-05
 1.78600000e+05  9.48748832e-05
 1.80300000e+05  9.58568243e-05
 1.82000000e+05  9.82478641e-05
 1.83700000e+05  1.16403479e-04
 1.85400000e+05  1.82731777e-04
 1.87100000e+05  2.38152045e-04
 1.88800000e+05  1.84434477e-04
 1.90500000e+05  1.19975869e-04
 1.92300000e+05  1.03480195e-04
 1.94100000e+05  1.03155424e-04
 1.95900000e+05  1.04105690e-04
 1.97700000e+05  1.05078632e-04
 1.99500000e+05  1.06060662e-04
 2.01400000e+05  1.07064505e-04
 2.03200000e+05  1.08043585e-04
 2.05100000e+05  1.09081577e-04
 2.07000000e+05  1.10102107e-04
 2.08900000e+05  1.11170582e-04
 2.10900000e+05  1.12238640e-04
 2.12800000e+05  1.13313432e-04
 2.14800000e+05  1.14661206e-04
 2.16800000e+05  1.16448861e-04
 2.18800000e+05  1.17824735e-04
 2.20800000e+05  1.18256661e-04
 2.22800000e+05  1.18875421e-04
 2.24900000e+05  1.19961656e-04
 2.27000000e+05  1.21084036e-04
 2.29100000e+05  1.22284279e-04
 2.31200000e+05  1.23430736e-04
 2.33300000e+05  1.24608630e-04
 2.35500000e+05  1.25830685e-04
 2.37700000e+05  1.27055988e-04
 2.39900000e+05  1.28291155e-04
 2.42100000e+05  1.29516101e-04
 2.44300000e+05  1.30761726e-04
 2.46600000e+05  1.32055238e-04
 2.48900000e+05  1.33342015e-04
 2.51200000e+05  1.34638089e-04
 2.53500000e+05  1.35923376e-04
 2.55900000e+05  1.37286585e-04
 2.58200000e+05  1.38582629e-04
 2.60600000e+05  1.39921702e-04
 2.63000000e+05  1.41280650e-04
 2.65500000e+05  1.42715227e-04
 2.67900000e+05  1.44050873e-04
 2.70400000e+05  1.45486820e-04
 2.72900000e+05  1.46913231e-04
 2.75400000e+05  1.48324475e-04
 2.78000000e+05  1.49807146e-04
 2.80500000e+05  1.51246371e-04
 2.83100000e+05  1.52724512e-04
 2.85800000e+05  1.54270325e-04
 2.88400000e+05  1.55751476e-04
 2.91100000e+05  1.57302831e-04
 2.93800000e+05  1.58845247e-04
 2.96500000e+05  1.60392461e-04
 2.99200000e+05  1.62419247e-04
 3.02000000e+05  1.64531196e-04
 3.04800000e+05  1.65615912e-04
 3.07600000e+05  1.66619367e-04
 3.10500000e+05  1.67540132e-04
 3.13300000e+05  1.68338933e-04
 3.16200000e+05  1.69069705e-04
 3.19200000e+05  1.69731643e-04
 3.22100000e+05  1.70354813e-04
 3.25100000e+05  1.72110615e-04
 3.28100000e+05  1.86799742e-04
 3.31100000e+05  2.48222714e-04
 3.34200000e+05  3.22093242e-04
 3.37300000e+05  2.80484305e-04
 3.40400000e+05  2.01026132e-04
 3.43600000e+05  1.76388896e-04
 3.46700000e+05  1.76686967e-04
 3.49900000e+05  1.76113143e-04
 3.53200000e+05  1.73034777e-04
 3.56500000e+05  1.72345127e-04
 3.59700000e+05  1.72722760e-04
 3.63100000e+05  1.71535777e-04
 3.66400000e+05  1.69916780e-04
 3.69800000e+05  1.68943748e-04
 3.73300000e+05  1.68257107e-04
 3.76700000e+05  1.67528243e-04
 3.80200000e+05  1.66822144e-04
 3.83700000e+05  1.65958949e-04
 3.87300000e+05  1.65181364e-04
 3.90800000e+05  1.64219745e-04
 3.94500000e+05  1.63320137e-04
 3.98100000e+05  1.62305805e-04
 4.01800000e+05  1.61305925e-04
 4.05500000e+05  1.60259620e-04
 4.09300000e+05  1.59228363e-04
 4.13000000e+05  1.58097699e-04
 4.16900000e+05  1.56949156e-04
 4.20700000e+05  1.55851419e-04
 4.24600000e+05  1.54732585e-04
 4.28500000e+05  1.53566580e-04
 4.32500000e+05  1.52383382e-04
 4.36500000e+05  1.51217496e-04
 4.40600000e+05  1.50035966e-04
 4.44600000e+05  1.48846540e-04
 4.48700000e+05  1.47643914e-04
 4.52900000e+05  1.46528774e-04
 4.57100000e+05  1.45342477e-04
 4.61300000e+05  1.44164046e-04
 4.65600000e+05  1.42974471e-04
 4.69900000e+05  1.41896997e-04
 4.74200000e+05  1.40753818e-04
 4.78600000e+05  1.39649972e-04
 4.83100000e+05  1.38524821e-04
 4.87500000e+05  1.37483253e-04
 4.92000000e+05  1.36438796e-04
 4.96600000e+05  1.35440764e-04
 5.01200000e+05  1.34549141e-04
 5.05800000e+05  1.35599886e-04
 5.10500000e+05  1.48505649e-04
 5.15200000e+05  1.77886316e-04
 5.20000000e+05  1.81546373e-04
 5.24800000e+05  1.50454393e-04
 5.29700000e+05  1.31896592e-04
 5.34600000e+05  1.28336359e-04
 5.39500000e+05  1.27409962e-04
 5.44500000e+05  1.26692361e-04
 5.49500000e+05  1.25945051e-04
 5.54600000e+05  1.25288596e-04
 5.59800000e+05  1.25173515e-04
 5.64900000e+05  1.28491190e-04
 5.70200000e+05  1.37081812e-04
 5.75400000e+05  1.37570532e-04
 5.80800000e+05  1.27753654e-04
 5.86100000e+05  1.22401892e-04
 5.91600000e+05  1.21161988e-04
 5.97000000e+05  1.20709621e-04
 6.02600000e+05  1.20321827e-04
 6.08100000e+05  1.19876582e-04
 6.13800000e+05  1.19362950e-04
 6.19400000e+05  1.18908437e-04
 6.25200000e+05  1.18615223e-04
 6.31000000e+05  1.18333778e-04
 6.36800000e+05  1.17904863e-04
 6.42700000e+05  1.17415427e-04
 6.48600000e+05  1.17007876e-04
 6.54600000e+05  1.16677831e-04
 6.60700000e+05  1.16303327e-04
 6.66800000e+05  1.15994677e-04
 6.73000000e+05  1.15638648e-04
 6.79200000e+05  1.15325677e-04
 6.85500000e+05  1.14976322e-04
 6.91800000e+05  1.14630097e-04
 6.98200000e+05  1.14314980e-04
 7.04700000e+05  1.13969172e-04
 7.11200000e+05  1.13607809e-04
 7.17800000e+05  1.13235837e-04
 7.24400000e+05  1.12901829e-04
 7.31100000e+05  1.12513707e-04
 7.37900000e+05  1.12115573e-04
 7.44700000e+05  1.11713267e-04
 7.51600000e+05  1.11301545e-04
 7.58600000e+05  1.10857164e-04
 7.65600000e+05  1.10417998e-04
 7.72700000e+05  1.09948020e-04
 7.79800000e+05  1.09476880e-04
 7.87000000e+05  1.08962354e-04
 7.94300000e+05  1.08442643e-04
 8.01700000e+05  1.07893313e-04
 8.09100000e+05  1.07324941e-04
 8.16600000e+05  1.06743518e-04
 8.24100000e+05  1.06138525e-04
 8.31800000e+05  1.05513507e-04
 8.39500000e+05  1.04864233e-04
 8.47200000e+05  1.04191210e-04
 8.55100000e+05  1.03555972e-04
 8.63000000e+05  1.04212725e-04
 8.71000000e+05  1.12221297e-04
 8.79000000e+05  1.28995943e-04
 8.87200000e+05  1.29272470e-04
 8.95400000e+05  1.10666336e-04
 9.03600000e+05  1.00378169e-04
 9.12000000e+05  9.80398724e-05
 9.20400000e+05  9.70916331e-05
 9.29000000e+05  9.61831745e-05
 9.37600000e+05  9.52513540e-05
 9.46200000e+05  9.43169709e-05
 9.55000000e+05  9.33415557e-05
 9.63800000e+05  9.23662000e-05
 9.72700000e+05  9.13750811e-05
 9.81700000e+05  9.03458800e-05
 9.90800000e+05  8.93046404e-05
 1.00000000e+06  8.82524947e-05
 1.00900000e+06  8.72224891e-05
 1.01900000e+06  8.60458166e-05
 1.02800000e+06  8.49987366e-05
 1.03800000e+06  8.38342813e-05
 1.04700000e+06  8.27735239e-05
 1.05700000e+06  8.16023939e-05
 1.06700000e+06  8.04403523e-05
 1.07600000e+06  7.93759595e-05
 1.08600000e+06  7.82107891e-05
 1.09600000e+06  7.70367388e-05
 1.10700000e+06  7.57551765e-05
 1.11700000e+06  7.45875925e-05
 1.12700000e+06  7.34313020e-05
 1.13800000e+06  7.21769753e-05
 1.14800000e+06  7.10287899e-05
 1.15900000e+06  6.97887663e-05
 1.16900000e+06  6.86668331e-05
 1.18000000e+06  6.74481153e-05
 1.19100000e+06  6.62953708e-05
 1.20200000e+06  6.54061022e-05
 1.21300000e+06  6.46869219e-05
 1.22500000e+06  6.33276160e-05
 1.23600000e+06  6.16742314e-05
 1.24700000e+06  6.02759793e-05
 1.25900000e+06  5.90014792e-05
 1.27100000e+06  5.77772785e-05
 1.28200000e+06  5.66790647e-05
 1.29400000e+06  5.54965815e-05
 1.30600000e+06  5.43210414e-05
 1.31800000e+06  5.31789348e-05
 1.33000000e+06  5.20561375e-05
 1.34300000e+06  5.08510673e-05
 1.35500000e+06  4.97681400e-05
 1.36800000e+06  4.86075287e-05
 1.38000000e+06  4.75623856e-05
 1.39300000e+06  4.64555899e-05
 1.40600000e+06  4.53699212e-05
 1.41900000e+06  4.43050516e-05
 1.43200000e+06  4.32619348e-05
 1.44500000e+06  4.22411070e-05
 1.45900000e+06  4.11686687e-05
 1.47200000e+06  4.01876812e-05
 1.48600000e+06  3.91618175e-05
 1.50000000e+06  3.81497504e-05
 1.51400000e+06  3.71791029e-05
 1.52800000e+06  3.62329793e-05
 1.54200000e+06  3.53664467e-05
 1.55600000e+06  3.47782892e-05
 1.57000000e+06  3.43824794e-05
 1.58500000e+06  3.33849538e-05
 1.60000000e+06  3.19575888e-05
 1.61400000e+06  3.09080951e-05
 1.62900000e+06  3.00210018e-05
 1.64400000e+06  2.91955104e-05
 1.66000000e+06  2.83376163e-05
 1.67500000e+06  2.75642658e-05
 1.69000000e+06  2.68057906e-05
 1.70600000e+06  2.60233994e-05
 1.72200000e+06  2.52653413e-05
 1.73800000e+06  2.45230942e-05
 1.75400000e+06  2.38110029e-05
 1.77000000e+06  2.31205720e-05
 1.78600000e+06  2.24509313e-05
 1.80300000e+06  2.17561051e-05
 1.82000000e+06  2.10900818e-05
 1.83700000e+06  2.04448846e-05
 1.85400000e+06  1.98196969e-05
 1.87100000e+06  1.92137350e-05
 1.88800000e+06  1.86326814e-05
 1.90500000e+06  1.80629571e-05
 1.92300000e+06  1.74859978e-05
 1.94100000e+06  1.69272274e-05
 1.95900000e+06  1.63919022e-05
 1.97700000e+06  1.58674026e-05
 1.99500000e+06  1.53665540e-05
 2.01400000e+06  1.48805598e-05
 2.03200000e+06  1.44940439e-05
 2.05100000e+06  1.40997806e-05
 2.07000000e+06  1.35751887e-05
 2.08900000e+06  1.30401317e-05
 2.10900000e+06  1.25670609e-05
 2.12800000e+06  1.21552345e-05
 2.14800000e+06  1.17421446e-05
 2.16800000e+06  1.13422285e-05
 2.18800000e+06  1.09548992e-05
 2.20800000e+06  1.05890246e-05
 2.22800000e+06  1.02298814e-05
 2.24900000e+06  9.87298802e-06
 2.27000000e+06  9.52750436e-06
 2.29100000e+06  9.19730421e-06
 2.31200000e+06  8.87747683e-06
 2.33300000e+06  8.57181552e-06
 2.35500000e+06  8.26445274e-06
 2.37700000e+06  7.96695317e-06
 2.39900000e+06  7.68288962e-06
 2.42100000e+06  7.41167507e-06
 2.44300000e+06  7.14894109e-06
 2.46600000e+06  6.88877572e-06
 2.48900000e+06  6.63695088e-06
 2.51200000e+06  6.39677714e-06
 2.53500000e+06  6.16417514e-06
 2.55900000e+06  5.93423411e-06
 2.58200000e+06  5.71957958e-06
 2.60600000e+06  5.51067313e-06
 2.63000000e+06  5.30511302e-06
 2.65500000e+06  5.10219899e-06
 2.67900000e+06  4.91591833e-06
 2.70400000e+06  4.73191724e-06
 2.72900000e+06  4.55380428e-06
 2.75400000e+06  4.38434770e-06
 2.78000000e+06  4.21425047e-06
 2.80500000e+06  4.05835209e-06
 2.83100000e+06  3.90452170e-06
 2.85800000e+06  3.75017283e-06
 2.88400000e+06  3.60886962e-06
 2.91100000e+06  3.46961355e-06
 2.93800000e+06  3.33483914e-06
 2.96500000e+06  3.20697195e-06
 2.99200000e+06  3.08315733e-06
 3.02000000e+06  2.96127511e-06
 3.04800000e+06  2.84578492e-06
 3.07600000e+06  2.73639741e-06
 3.10500000e+06  2.62641840e-06
 3.13300000e+06  2.52627489e-06
 3.16200000e+06  2.42543738e-06
 3.19200000e+06  2.32637316e-06
 3.22100000e+06  2.23633870e-06
 3.25100000e+06  2.14673483e-06
 3.28100000e+06  2.06128960e-06
 3.31100000e+06  1.97981825e-06
 3.34200000e+06  1.89938508e-06
 3.37300000e+06  1.82296365e-06
 3.40400000e+06  1.74978366e-06
 3.43600000e+06  1.67815408e-06
 3.46700000e+06  1.61168168e-06
 3.49900000e+06  1.54640657e-06
 3.53200000e+06  1.48238478e-06
 3.56500000e+06  1.42135234e-06
 3.59700000e+06  1.36481854e-06
 3.63100000e+06  1.30774420e-06
 3.66400000e+06  1.25492505e-06
 3.69800000e+06  1.20328949e-06
 3.73300000e+06  1.15253535e-06
 3.76700000e+06  1.10564337e-06
 3.80200000e+06  1.05967960e-06
 3.83700000e+06  1.01581928e-06
 3.87300000e+06  9.73015915e-07
 3.90800000e+06  9.33429264e-07
 3.94500000e+06  8.93596480e-07
 3.98100000e+06  8.56655316e-07
 4.01800000e+06  8.20622402e-07
 4.05500000e+06  7.86310037e-07
 4.09300000e+06  7.52865696e-07
 4.13000000e+06  7.21798657e-07
 4.16900000e+06  6.90786149e-07
 4.20700000e+06  6.62009700e-07
 4.24600000e+06  6.33849478e-07
 4.28500000e+06  6.07221184e-07
 4.32500000e+06  5.81176637e-07
 4.36500000e+06  5.56339216e-07
 4.40600000e+06  5.32297110e-07
 4.44600000e+06  5.09963634e-07
 4.48700000e+06  4.88235659e-07
 4.52900000e+06  4.67111991e-07
 4.57100000e+06  4.47004146e-07
 4.61300000e+06  4.27870106e-07
 4.65600000e+06  4.09386860e-07
 4.69900000e+06  3.91709358e-07
 4.74200000e+06  3.75009535e-07
 4.78600000e+06  3.58694408e-07
 4.83100000e+06  3.42961241e-07
 4.87500000e+06  3.28262966e-07
 4.92000000e+06  3.14095695e-07
 4.96600000e+06  3.00263357e-07
 5.01200000e+06  2.87156009e-07
 5.05800000e+06  2.74741858e-07
 5.10500000e+06  2.62709899e-07
 5.15200000e+06  2.51327213e-07
 5.20000000e+06  2.40219446e-07
 5.24800000e+06  2.29723288e-07
 5.29700000e+06  2.19562777e-07
 5.34600000e+06  2.09895366e-07
 5.39500000e+06  2.00775439e-07
 5.44500000e+06  1.91878999e-07
 5.49500000e+06  1.83497263e-07
 5.54600000e+06  1.75396197e-07
 5.59800000e+06  1.67498296e-07
 5.64900000e+06  1.60202884e-07
 5.70200000e+06  1.53033072e-07
 5.75400000e+06  1.46356690e-07
 5.80800000e+06  1.39729682e-07
 5.86100000e+06  1.33631981e-07
 5.91600000e+06  1.27577875e-07
 5.97000000e+06  1.21955664e-07
 6.02600000e+06  1.16499369e-07
 6.08100000e+06  1.11320497e-07
 6.13800000e+06  1.06298869e-07
 6.19400000e+06  1.01593907e-07
 6.25200000e+06  9.70359402e-08
 6.31000000e+06  9.26849815e-08
 6.36800000e+06  8.85321213e-08
 6.42700000e+06  8.45419893e-08
 6.48600000e+06  8.07903623e-08
 6.54600000e+06  7.71891270e-08
 6.60700000e+06  7.36824713e-08
 6.66800000e+06  7.03421194e-08
 6.73000000e+06  6.71908374e-08
 6.79200000e+06  6.41422699e-08
 6.85500000e+06  6.12717467e-08
 6.91800000e+06  5.84945517e-08
 6.98200000e+06  5.58847333e-08
 7.04700000e+06  5.33447024e-08
 7.11200000e+06  5.09328038e-08
 7.17800000e+06  4.85854482e-08
 7.24400000e+06  4.64017445e-08
 7.31100000e+06  4.43191760e-08
 7.37900000e+06  4.22886054e-08
 7.44700000e+06  4.03777939e-08
 7.51600000e+06  3.85389749e-08
 7.58600000e+06  3.67741449e-08
 7.65600000e+06  3.51059208e-08
 7.72700000e+06  3.35059644e-08
 7.79800000e+06  3.19884001e-08
 7.87000000e+06  3.05341273e-08
 7.94300000e+06  2.91414266e-08
 8.01700000e+06  2.78015521e-08
 8.09100000e+06  2.65368229e-08
 8.16600000e+06  2.53207928e-08
 8.24100000e+06  2.41744490e-08
 8.31800000e+06  2.30573819e-08
 8.39500000e+06  2.20029327e-08
 8.47200000e+06  2.10051301e-08
 8.55100000e+06  2.00363777e-08
 8.63000000e+06  1.91207257e-08
 8.71000000e+06  1.82457633e-08
 8.79000000e+06  1.74141900e-08
 8.87200000e+06  1.66105526e-08
 8.95400000e+06  1.58504892e-08
 9.03600000e+06  1.51290204e-08
 9.12000000e+06  1.44328354e-08
 9.20400000e+06  1.37754745e-08
 9.29000000e+06  1.31363621e-08
 9.37600000e+06  1.25339581e-08
 9.46200000e+06  1.19637808e-08
 9.55000000e+06  1.14099420e-08
 9.63800000e+06  1.08887561e-08
 9.72700000e+06  1.03896357e-08
 9.81700000e+06  9.91193729e-09
 9.90800000e+06  9.45707923e-09
 1.00000000e+07  9.02203996e-09
 1.00900000e+07  8.61678403e-09
 1.01900000e+07  8.19394715e-09
 1.02800000e+07  7.83439574e-09
 1.03800000e+07  7.45683726e-09
 1.04700000e+07  7.13551103e-09
 1.05700000e+07  6.79771531e-09
 1.06700000e+07  6.47893384e-09
 1.07600000e+07  6.20727232e-09
 1.08600000e+07  5.92113779e-09
 1.09600000e+07  5.65086486e-09
 1.10700000e+07  5.37041286e-09
 1.11700000e+07  5.12974745e-09
 1.12700000e+07  4.90204428e-09
 1.13800000e+07  4.66535694e-09
 1.14800000e+07  4.46213896e-09
 1.15900000e+07  4.25070860e-09
 1.16900000e+07  4.06894834e-09
 1.18000000e+07  3.87964018e-09
 1.19100000e+07  3.70093721e-09
 1.20200000e+07  3.53197231e-09
 1.21300000e+07  3.37232531e-09
 1.22500000e+07  3.20799105e-09
 1.23600000e+07  3.06583859e-09
 1.24700000e+07  2.93116758e-09
 1.25900000e+07  2.79232541e-09
 1.27100000e+07  2.66142029e-09
 1.28200000e+07  2.54789142e-09
 1.29400000e+07  2.43073074e-09
 1.30600000e+07  2.32005922e-09
 1.31800000e+07  2.21543048e-09
 1.33000000e+07  2.11643837e-09
 1.34300000e+07  2.01523375e-09
 1.35500000e+07  1.92706913e-09
 1.36800000e+07  1.83675546e-09
 1.38000000e+07  1.75800947e-09
 1.39300000e+07  1.67731377e-09
 1.40600000e+07  1.60106904e-09
 1.41900000e+07  1.52898474e-09
 1.43200000e+07  1.46091217e-09
 1.44500000e+07  1.39656915e-09
 1.45900000e+07  1.33110750e-09
 1.47200000e+07  1.27366665e-09
 1.48600000e+07  1.21518971e-09
 1.50000000e+07  1.15995571e-09
 1.51400000e+07  1.10783503e-09
 1.52800000e+07  1.05857438e-09
 1.54200000e+07  1.01201405e-09
 1.55600000e+07  9.68014282e-10
 1.57000000e+07  9.26254744e-10
 1.58500000e+07  8.84115279e-10
 1.60000000e+07  8.44273555e-10
 1.61400000e+07  8.09068436e-10
 1.62900000e+07  7.73410384e-10
 1.64400000e+07  7.39717227e-10
 1.66000000e+07  7.05752608e-10
 1.67500000e+07  6.75677552e-10
 1.69000000e+07  6.47273879e-10
 1.70600000e+07  6.18527228e-10
 1.72200000e+07  5.91443617e-10
 1.73800000e+07  5.65814159e-10
 1.75400000e+07  5.41598031e-10
 1.77000000e+07  5.18674849e-10
 1.78600000e+07  4.96926313e-10
 1.80300000e+07  4.75169731e-10
 1.82000000e+07  4.54599118e-10
 1.83700000e+07  4.35167693e-10
 1.85400000e+07  4.16770563e-10
 1.87100000e+07  3.99374356e-10
 1.88800000e+07  3.82952552e-10
 1.90500000e+07  3.67356754e-10
 1.92300000e+07  3.51687355e-10
 1.94100000e+07  3.36926503e-10
 1.95900000e+07  3.22951133e-10
 1.97700000e+07  3.09739790e-10
 1.99500000e+07  2.97267651e-10
 2.01400000e+07  2.84750398e-10
 2.03200000e+07  2.73560894e-10
 2.05100000e+07  2.62334918e-10
 2.07000000e+07  2.51794420e-10
 2.08900000e+07  2.41733852e-10
 2.10900000e+07  2.31739704e-10
 2.12800000e+07  2.22758339e-10
 2.14800000e+07  2.13828346e-10
 2.16800000e+07  2.05333645e-10
 2.18800000e+07  1.97306985e-10
 2.20800000e+07  1.89724438e-10
 2.22800000e+07  1.82495119e-10
 2.24900000e+07  1.75337852e-10
 2.27000000e+07  1.68560960e-10
 2.29100000e+07  1.62099065e-10
 2.31200000e+07  1.56030566e-10
 2.33300000e+07  1.50248458e-10
 2.35500000e+07  1.44512149e-10
 2.37700000e+07  1.39057971e-10
 2.39900000e+07  1.33903622e-10
 2.42100000e+07  1.29029436e-10
 2.44300000e+07  1.24412290e-10
 2.46600000e+07  1.19787634e-10
 2.48900000e+07  1.15430716e-10
 2.51200000e+07  1.11292755e-10
 2.53500000e+07  1.07370980e-10
 2.55900000e+07  1.03463627e-10
 2.58200000e+07  9.99712745e-11
 2.60600000e+07  9.64437898e-11
 2.63000000e+07  9.30886581e-11
 2.65500000e+07  8.98273014e-11
 2.67900000e+07  8.67925602e-11
 2.70400000e+07  8.38571366e-11
 2.72900000e+07  8.10333967e-11
 2.75400000e+07  7.83350179e-11
 2.78000000e+07  7.56749299e-11
 2.80500000e+07  7.32745633e-11
 2.83100000e+07  7.08957706e-11
 2.85800000e+07  6.85154879e-11
 2.88400000e+07  6.63605097e-11
 2.91100000e+07  6.42029391e-11
 2.93800000e+07  6.21397990e-11
 2.96500000e+07  6.02287193e-11
 2.99200000e+07  5.83856690e-11
 3.02000000e+07  5.65441085e-11
 3.04800000e+07  5.48148278e-11
 3.07600000e+07  5.31639463e-11
 3.10500000e+07  5.15310033e-11
 3.13300000e+07  5.00183259e-11
 3.16200000e+07  4.85376221e-11
 3.19200000e+07  4.70906498e-11
 3.22100000e+07  4.57391809e-11
 3.25100000e+07  4.44317537e-11
 3.28100000e+07  4.31510258e-11
 3.31100000e+07  4.19478924e-11
 3.34200000e+07  4.07460404e-11
 3.37300000e+07  3.95880514e-11
 3.40400000e+07  3.84818815e-11
 3.43600000e+07  3.74166841e-11
 3.46700000e+07  3.64010115e-11
 3.49900000e+07  3.54279205e-11
 3.53200000e+07  3.44670169e-11
 3.56500000e+07  3.35233666e-11
 3.59700000e+07  3.26601714e-11
 3.63100000e+07  3.18085976e-11
 3.66400000e+07  3.10018999e-11
 3.69800000e+07  3.01918052e-11
 3.73300000e+07  2.93868359e-11
 3.76700000e+07  2.86391476e-11
 3.80200000e+07  2.79707584e-11
 3.83700000e+07  2.72454605e-11
 3.87300000e+07  2.65521660e-11
 3.90800000e+07  2.59137121e-11
 3.94500000e+07  2.52879314e-11
 3.98100000e+07  2.46715490e-11
 4.01800000e+07  2.40655335e-11
 4.05500000e+07  2.35182323e-11
 4.09300000e+07  2.29458590e-11
 4.13000000e+07  2.24089902e-11
 4.16900000e+07  2.18625890e-11
 4.20700000e+07  2.13895838e-11
 4.24600000e+07  2.08692770e-11
 4.28500000e+07  2.04336834e-11
 4.32500000e+07  1.99479187e-11
 4.36500000e+07  1.94901672e-11
 4.40600000e+07  1.90546571e-11
 4.44600000e+07  1.86154818e-11
 4.48700000e+07  1.82213764e-11
 4.52900000e+07  1.77993858e-11
 4.57100000e+07  1.74184571e-11
 4.61300000e+07  1.70548442e-11
 4.65600000e+07  1.66663349e-11
 4.69900000e+07  1.63200139e-11
 4.74200000e+07  1.59799118e-11
 4.78600000e+07  1.56443331e-11
 4.83100000e+07  1.52935424e-11
 4.87500000e+07  1.49896749e-11
 4.92000000e+07  1.46726515e-11
 4.96600000e+07  1.43621450e-11
 5.01200000e+07  1.40797711e-11
 5.05800000e+07  1.37726169e-11
 5.10500000e+07  1.35078417e-11
 5.15200000e+07  1.32327891e-11
 5.20000000e+07  1.29486600e-11
 5.24800000e+07  1.26968799e-11
 5.29700000e+07  1.24355345e-11
 5.34600000e+07  1.21797376e-11
 5.39500000e+07  1.19559141e-11
 5.44500000e+07  1.17109607e-11
 5.49500000e+07  1.14680992e-11
 5.54600000e+07  1.12516002e-11
 5.59800000e+07  1.10268709e-11
 5.64900000e+07  1.08191116e-11
 5.70200000e+07  1.06020762e-11
 5.75400000e+07  1.03989000e-11
 5.80800000e+07  1.02050595e-11
 5.86100000e+07  1.00106827e-11
 5.91600000e+07  9.81150534e-12
 5.97000000e+07  9.62379436e-12
 6.02600000e+07  9.44110141e-12
 6.08100000e+07  9.25268720e-12
 6.13800000e+07  9.08306972e-12
 6.19400000e+07  8.91107135e-12
 6.25200000e+07  8.74979439e-12
 6.31000000e+07  8.58769500e-12
 6.36800000e+07  8.41680215e-12
 6.42700000e+07  8.26388955e-12
 6.48600000e+07  8.11519638e-12
 6.54600000e+07  7.95814481e-12
 6.60700000e+07  7.81579866e-12
 6.66800000e+07  7.66857455e-12
 6.73000000e+07  7.52985187e-12
 6.79200000e+07  7.39330744e-12
 6.85500000e+07  7.24882774e-12
 6.91800000e+07  7.12587428e-12
 6.98200000e+07  6.99746179e-12
 7.04700000e+07  6.86452592e-12
 7.11200000e+07  6.74582169e-12
 7.17800000e+07  6.62296359e-12
 7.24400000e+07  6.49096041e-12
 7.31100000e+07  6.38297758e-12
 7.37900000e+07  6.26876693e-12
 7.44700000e+07  6.15419869e-12
 7.51600000e+07  6.04112931e-12
 7.58600000e+07  5.92932635e-12
 7.65600000e+07  5.83146300e-12
 7.72700000e+07  5.72172208e-12
 7.79800000e+07  5.61932046e-12
 7.87000000e+07  5.51812865e-12
 7.94300000e+07  5.42503004e-12
 8.01700000e+07  5.32784013e-12
 8.09100000e+07  5.23381777e-12
 8.16600000e+07  5.13989971e-12
 8.24100000e+07  5.04353819e-12
 8.31800000e+07  4.95208445e-12
 8.39500000e+07  4.87122993e-12
 8.47200000e+07  4.78454986e-12
 8.55100000e+07  4.69840615e-12
 8.63000000e+07  4.61537338e-12
 8.71000000e+07  4.52978095e-12
 8.79000000e+07  4.45282404e-12
 8.87200000e+07  4.37352201e-12
 8.95400000e+07  4.29639823e-12
 9.03600000e+07  4.22116664e-12
 9.12000000e+07  4.14701970e-12
 9.20400000e+07  4.07488116e-12
 9.29000000e+07  4.00192914e-12
 9.37600000e+07  3.93201057e-12
 9.46200000e+07  3.86398121e-12
 9.55000000e+07  3.79690539e-12
 9.63800000e+07  3.73036297e-12
 9.72700000e+07  3.66469065e-12
 9.81700000e+07  3.60096415e-12
 9.90800000e+07  3.53852792e-12
 1.00000000e+08  3.47641053e-12
