# Wavelength Flux
 9.10000000e+01  9.52072793e-13
 9.40000000e+01  1.01588212e-12
 9.60000000e+01  1.05957161e-12
 9.80000000e+01  1.10418077e-12
 1.00000000e+02  1.14970982e-12
 1.02000000e+02  1.19615878e-12
 1.04000000e+02  1.24352740e-12
 1.06000000e+02  1.29181592e-12
 1.08000000e+02  1.34102434e-12
 1.10000000e+02  1.39115266e-12
 1.14000000e+02  1.49416854e-12
 1.18000000e+02  1.60086378e-12
 1.21000000e+02  1.68329998e-12
 1.25000000e+02  1.79643406e-12
 1.27000000e+02  1.85438119e-12
 1.28000000e+02  1.88369956e-12
 1.31000000e+02  1.97303467e-12
 1.32000000e+02  2.00327295e-12
 1.34000000e+02  2.06443937e-12
 1.37000000e+02  2.15791392e-12
 1.40000000e+02  2.25345806e-12
 1.43000000e+02  2.35107204e-12
 1.47000000e+02  2.48444299e-12
 1.51000000e+02  2.62149521e-12
 1.55000000e+02  2.76222466e-12
 1.59000000e+02  2.90663608e-12
 1.62000000e+02  3.01735895e-12
 1.66000000e+02  3.16820850e-12
 1.70000000e+02  3.32274003e-12
 1.73000000e+02  3.44105238e-12
 1.77000000e+02  3.60202677e-12
 1.80000000e+02  3.72519620e-12
 1.82000000e+02  3.80850245e-12
 1.86000000e+02  3.97803490e-12
 1.91000000e+02  4.19725862e-12
 1.94000000e+02  4.33590613e-12
 1.98000000e+02  4.54095982e-12
 2.02000000e+02  4.77875724e-12
 2.05000000e+02  5.02589611e-12
 2.10000000e+02  5.74667607e-12
 2.16000000e+02  7.63414949e-12
 2.20000000e+02  8.55666200e-12
 2.23000000e+02  1.28327876e-11
 2.27000000e+02  2.26660066e-11
 2.30000000e+02  3.35998950e-11
 2.34000000e+02  7.70057941e-11
 2.40000000e+02  1.85317024e-10
 2.46000000e+02  3.38767674e-10
 2.52000000e+02  7.60444202e-10
 2.57000000e+02  1.10091138e-09
 2.60000000e+02  1.49969697e-09
 2.64000000e+02  2.46754055e-09
 2.69000000e+02  3.10201835e-09
 2.74000000e+02  4.38769122e-09
 2.79000000e+02  5.10893648e-09
 2.84000000e+02  7.68382652e-09
 2.90000000e+02  1.10905660e-08
 2.96000000e+02  1.48179771e-08
 3.01000000e+02  2.58756925e-08
 3.08000000e+02  1.70198454e-08
 3.18000000e+02  2.94285289e-08
 3.28000000e+02  4.31037205e-08
 3.38000000e+02  5.65023719e-08
 3.48000000e+02  1.08071581e-07
 3.57000000e+02  6.10101251e-08
 3.66000000e+02  8.39907758e-08
 3.75000000e+02  8.58053432e-08
 3.85000000e+02  9.80270672e-08
 3.95000000e+02  1.23842628e-07
 4.05000000e+02  1.44128312e-07
 4.14000000e+02  1.84520734e-07
 4.22000000e+02  2.12283589e-07
 4.30000000e+02  2.79542181e-07
 4.41000000e+02  3.29115952e-07
 4.51000000e+02  5.21705988e-07
 4.60000000e+02  5.20093847e-07
 4.70000000e+02  6.78139753e-07
 4.80000000e+02  9.28037140e-07
 4.90000000e+02  7.47854968e-07
 5.00000000e+02  1.39439380e-06
 5.06000000e+02  4.66462302e-06
 5.12000000e+02  1.05132621e-05
 5.20000000e+02  9.65122807e-06
 5.30000000e+02  1.44237110e-05
 5.40000000e+02  1.03087165e-05
 5.50000000e+02  1.32159484e-05
 5.60000000e+02  2.31544017e-05
 5.70000000e+02  2.76369412e-05
 5.80000000e+02  2.48328925e-05
 5.90000000e+02  3.66318180e-05
 6.00000000e+02  3.74553848e-05
 6.10000000e+02  3.28253738e-05
 6.20000000e+02  5.20063935e-05
 6.30000000e+02  5.76384914e-05
 6.40000000e+02  5.54317019e-05
 6.50000000e+02  6.74015747e-05
 6.58000000e+02  7.01641032e-05
 6.65000000e+02  7.73409942e-05
 6.75000000e+02  9.19606809e-05
 6.85000000e+02  1.35093862e-04
 6.95000000e+02  1.09328676e-04
 7.05000000e+02  1.28899592e-04
 7.16000000e+02  1.26918635e-04
 7.26000000e+02  1.40323316e-04
 7.35000000e+02  1.54523504e-04
 7.45000000e+02  1.45671016e-04
 7.55000000e+02  1.83594732e-04
 7.65000000e+02  2.24213983e-04
 7.75000000e+02  2.11612405e-04
 7.85000000e+02  1.84562325e-04
 7.95000000e+02  2.46826460e-04
 8.05000000e+02  2.48800152e-04
 8.15000000e+02  2.53816284e-04
 8.25000000e+02  2.90800822e-04
 8.35000000e+02  3.90059227e-04
 8.45000000e+02  3.25652139e-04
 8.55000000e+02  3.20801233e-04
 8.65000000e+02  3.62665164e-04
 8.75000000e+02  3.60586543e-04
 8.85000000e+02  4.00847591e-04
 8.95000000e+02  4.17748609e-04
 9.05000000e+02  5.18474346e-04
 9.15000000e+02  1.29445028e-01
 9.25000000e+02  1.08928478e-01
 9.35000000e+02  1.63977524e-01
 9.45000000e+02  1.70713385e-01
 9.55000000e+02  1.62407948e-01
 9.65000000e+02  1.67685260e-01
 9.75000000e+02  9.95180193e-02
 9.85000000e+02  1.14239192e-01
 9.95000000e+02  1.60894514e-01
 1.00500000e+03  1.69543033e-01
 1.01500000e+03  1.64648542e-01
 1.02500000e+03  1.20026640e-01
 1.03500000e+03  1.32307831e-01
 1.04500000e+03  2.00359937e-01
 1.05500000e+03  1.91462842e-01
 1.06500000e+03  1.72637106e-01
 1.07500000e+03  1.87737539e-01
 1.08500000e+03  1.58155725e-01
 1.09500000e+03  1.81415670e-01
 1.10500000e+03  1.69393808e-01
 1.11500000e+03  1.51719954e-01
 1.12500000e+03  1.33561841e-01
 1.13500000e+03  1.75517216e-01
 1.14500000e+03  1.64521038e-01
 1.15500000e+03  1.62645555e-01
 1.16500000e+03  1.58195346e-01
 1.17500000e+03  1.15790038e-01
 1.18500000e+03  1.49559907e-01
 1.19500000e+03  1.92064992e-01
 1.20500000e+03  3.78180039e-01
 1.21500000e+03  5.45273500e-01
 1.22500000e+03  4.05932093e-01
 1.23500000e+03  1.97299954e-01
 1.24500000e+03  1.57349939e-01
 1.25500000e+03  1.53189921e-01
 1.26500000e+03  1.45749048e-01
 1.27500000e+03  1.55797811e-01
 1.28500000e+03  1.50268124e-01
 1.29500000e+03  1.36600648e-01
 1.30500000e+03  1.36928584e-01
 1.31500000e+03  1.46555403e-01
 1.32500000e+03  1.37942446e-01
 1.33500000e+03  1.29052236e-01
 1.34500000e+03  1.40213925e-01
 1.35500000e+03  1.33701974e-01
 1.36500000e+03  1.25363658e-01
 1.37500000e+03  1.31586297e-01
 1.38500000e+03  1.18459342e-01
 1.39500000e+03  1.13102503e-01
 1.40500000e+03  1.38109785e-01
 1.41500000e+03  1.19394413e-01
 1.42500000e+03  1.15460227e-01
 1.43500000e+03  1.17155243e-01
 1.44200000e+03  1.19733340e-01
 1.44700000e+03  1.17590291e-01
 1.45500000e+03  1.16198380e-01
 1.46500000e+03  1.13552957e-01
 1.47500000e+03  1.13169329e-01
 1.48500000e+03  1.14102857e-01
 1.49500000e+03  1.13858958e-01
 1.50500000e+03  1.07569422e-01
 1.51200000e+03  9.97209910e-02
 1.51700000e+03  9.91103428e-02
 1.52500000e+03  9.94085332e-02
 1.53500000e+03  8.17735647e-02
 1.54500000e+03  6.57629637e-02
 1.55500000e+03  1.02875647e-01
 1.56500000e+03  8.90608201e-02
 1.57500000e+03  9.08144247e-02
 1.58500000e+03  9.17559287e-02
 1.59500000e+03  9.55364258e-02
 1.60500000e+03  8.97930377e-02
 1.61500000e+03  9.30629481e-02
 1.62500000e+03  8.67447107e-02
 1.63500000e+03  8.86932394e-02
 1.64500000e+03  8.96328443e-02
 1.65500000e+03  8.29863387e-02
 1.66500000e+03  8.96310164e-02
 1.67200000e+03  8.25247976e-02
 1.67700000e+03  8.67235826e-02
 1.68500000e+03  9.04552716e-02
 1.69500000e+03  8.57881559e-02
 1.70500000e+03  8.06821702e-02
 1.71500000e+03  7.25471340e-02
 1.72500000e+03  7.63914663e-02
 1.73500000e+03  8.33607325e-02
 1.74500000e+03  7.81744840e-02
 1.75500000e+03  8.09998032e-02
 1.76500000e+03  7.77899297e-02
 1.77500000e+03  7.58868144e-02
 1.78500000e+03  7.61427012e-02
 1.79500000e+03  7.89467737e-02
 1.80500000e+03  7.67898844e-02
 1.81500000e+03  7.23051347e-02
 1.82500000e+03  7.12023453e-02
 1.83500000e+03  7.26502104e-02
 1.84500000e+03  6.84087894e-02
 1.85500000e+03  6.74964611e-02
 1.86500000e+03  6.77441578e-02
 1.87500000e+03  6.81933782e-02
 1.88500000e+03  6.34629496e-02
 1.89500000e+03  6.31168056e-02
 1.90500000e+03  6.78717807e-02
 1.91500000e+03  6.44556357e-02
 1.92500000e+03  6.10877766e-02
 1.93500000e+03  6.31231678e-02
 1.94500000e+03  6.41746801e-02
 1.95500000e+03  5.64075093e-02
 1.96700000e+03  6.33973339e-02
 1.97600000e+03  6.30628697e-02
 1.98400000e+03  6.02576341e-02
 1.99500000e+03  5.85379292e-02
 2.00500000e+03  5.79066990e-02
 2.01500000e+03  5.75997487e-02
 2.02500000e+03  5.91210635e-02
 2.03500000e+03  5.55156444e-02
 2.04500000e+03  5.58733732e-02
 2.05500000e+03  5.47871064e-02
 2.06500000e+03  5.52468671e-02
 2.07400000e+03  5.64423113e-02
 2.07800000e+03  5.38100408e-02
 2.08500000e+03  5.33890940e-02
 2.09500000e+03  5.32948961e-02
 2.10500000e+03  5.36437464e-02
 2.11500000e+03  5.24308537e-02
 2.12500000e+03  5.35060342e-02
 2.13500000e+03  5.19664164e-02
 2.14500000e+03  5.14991303e-02
 2.15500000e+03  5.18520163e-02
 2.16500000e+03  5.08809330e-02
 2.17500000e+03  5.02858103e-02
 2.18500000e+03  4.93127804e-02
 2.19500000e+03  4.98147497e-02
 2.20500000e+03  4.89034659e-02
 2.21500000e+03  4.77479751e-02
 2.22500000e+03  4.67562148e-02
 2.23500000e+03  4.74085731e-02
 2.24500000e+03  4.64689682e-02
 2.25500000e+03  4.54665727e-02
 2.26500000e+03  4.55634056e-02
 2.27500000e+03  4.56088666e-02
 2.28500000e+03  4.55696728e-02
 2.29500000e+03  4.38168279e-02
 2.30500000e+03  4.42918530e-02
 2.31500000e+03  4.35930129e-02
 2.32500000e+03  4.01308372e-02
 2.33500000e+03  4.22819342e-02
 2.34500000e+03  4.10727686e-02
 2.35500000e+03  4.14497500e-02
 2.36500000e+03  4.02389939e-02
 2.37500000e+03  4.02513621e-02
 2.38500000e+03  3.90679300e-02
 2.39500000e+03  3.96232417e-02
 2.40500000e+03  3.87452406e-02
 2.41500000e+03  3.87201243e-02
 2.42500000e+03  3.89608416e-02
 2.43500000e+03  3.79850105e-02
 2.44500000e+03  3.84111324e-02
 2.45500000e+03  3.80714931e-02
 2.46500000e+03  3.77667980e-02
 2.47500000e+03  3.71204221e-02
 2.48500000e+03  3.72017295e-02
 2.49500000e+03  3.57262317e-02
 2.50500000e+03  3.67807352e-02
 2.51300000e+03  3.54784400e-02
 2.51800000e+03  3.58994105e-02
 2.52500000e+03  3.50926513e-02
 2.53500000e+03  3.48126452e-02
 2.54500000e+03  3.43886361e-02
 2.55500000e+03  3.47438722e-02
 2.56500000e+03  3.43561843e-02
 2.57500000e+03  3.47103522e-02
 2.58500000e+03  3.43946896e-02
 2.59500000e+03  3.40698398e-02
 2.60500000e+03  3.34297548e-02
 2.61500000e+03  3.30771062e-02
 2.62500000e+03  3.30729281e-02
 2.63500000e+03  3.29721782e-02
 2.64500000e+03  3.36452609e-02
 2.65500000e+03  3.37464382e-02
 2.66500000e+03  3.29815077e-02
 2.67500000e+03  3.29156072e-02
 2.68500000e+03  3.23306450e-02
 2.69500000e+03  3.16018696e-02
 2.70500000e+03  3.14950899e-02
 2.71500000e+03  3.09334397e-02
 2.72500000e+03  3.07234174e-02
 2.73500000e+03  3.09598379e-02
 2.74500000e+03  2.96358687e-02
 2.75500000e+03  2.95152726e-02
 2.76500000e+03  2.96304324e-02
 2.77500000e+03  2.99648966e-02
 2.78500000e+03  2.99948319e-02
 2.79500000e+03  2.87688826e-02
 2.80500000e+03  2.91545527e-02
 2.81500000e+03  2.95006492e-02
 2.82500000e+03  2.90274045e-02
 2.83500000e+03  2.83468676e-02
 2.84500000e+03  2.80739596e-02
 2.85500000e+03  2.78138946e-02
 2.86500000e+03  2.80887967e-02
 2.87500000e+03  2.77638045e-02
 2.88500000e+03  2.76589951e-02
 2.89500000e+03  2.73844491e-02
 2.91000000e+03  2.75458770e-02
 2.93000000e+03  2.69655439e-02
 2.95000000e+03  2.65057121e-02
 2.97000000e+03  2.62934345e-02
 2.99000000e+03  2.59815939e-02
 3.01000000e+03  2.56916648e-02
 3.03000000e+03  2.53880381e-02
 3.05000000e+03  2.50430573e-02
 3.07000000e+03  2.46670967e-02
 3.09000000e+03  2.43783545e-02
 3.11000000e+03  2.40253499e-02
 3.13000000e+03  2.36670015e-02
 3.15000000e+03  2.34243090e-02
 3.17000000e+03  2.31060517e-02
 3.19000000e+03  2.25819857e-02
 3.21000000e+03  2.25363610e-02
 3.23000000e+03  2.21266928e-02
 3.25000000e+03  2.20158394e-02
 3.27000000e+03  2.18594776e-02
 3.29000000e+03  2.16112728e-02
 3.31000000e+03  2.14056612e-02
 3.33000000e+03  2.11491667e-02
 3.35000000e+03  2.08463613e-02
 3.37000000e+03  2.05537307e-02
 3.39000000e+03  2.03775227e-02
 3.41000000e+03  2.02427590e-02
 3.43000000e+03  1.99935595e-02
 3.45000000e+03  1.96872692e-02
 3.47000000e+03  1.94995097e-02
 3.49000000e+03  1.93358931e-02
 3.51000000e+03  1.92499874e-02
 3.53000000e+03  1.90412754e-02
 3.55000000e+03  1.89610672e-02
 3.57000000e+03  1.86353462e-02
 3.59000000e+03  1.84371793e-02
 3.60182700e+03  1.85069256e-02
 3.60272700e+03  1.83446171e-02
 3.60362800e+03  1.83755970e-02
 3.60452800e+03  1.83418016e-02
 3.60542800e+03  1.81954601e-02
 3.60632900e+03  1.83188052e-02
 3.60722900e+03  1.84264491e-02
 3.60812900e+03  1.83157998e-02
 3.60902900e+03  1.81501701e-02
 3.60992900e+03  1.80995055e-02
 3.61083000e+03  1.80311860e-02
 3.61173000e+03  1.80153257e-02
 3.61263000e+03  1.80977583e-02
 3.61353000e+03  1.78964934e-02
 3.61443000e+03  1.78777488e-02
 3.61533100e+03  1.81405035e-02
 3.61623100e+03  1.83981565e-02
 3.61713100e+03  1.84074766e-02
 3.61803200e+03  1.82759912e-02
 3.61893200e+03  1.80473928e-02
 3.61983200e+03  1.79021576e-02
 3.62073200e+03  1.79269273e-02
 3.62163300e+03  1.80948597e-02
 3.62253300e+03  1.82791842e-02
 3.62343300e+03  1.83200088e-02
 3.62433300e+03  1.82321042e-02
 3.62523300e+03  1.81950589e-02
 3.62613400e+03  1.82914812e-02
 3.62703400e+03  1.84736240e-02
 3.62793400e+03  1.85415780e-02
 3.62883400e+03  1.84836539e-02
 3.62973500e+03  1.82761954e-02
 3.63063500e+03  1.80440028e-02
 3.63153500e+03  1.77825681e-02
 3.63243500e+03  1.77101226e-02
 3.63333600e+03  1.76051471e-02
 3.63423600e+03  1.77137405e-02
 3.63513600e+03  1.77911808e-02
 3.63603600e+03  1.78644500e-02
 3.63693600e+03  1.79208168e-02
 3.63783700e+03  1.79168784e-02
 3.63873700e+03  1.79912397e-02
 3.63963700e+03  1.80515615e-02
 3.64053700e+03  1.79965431e-02
 3.64143800e+03  1.77724362e-02
 3.64233800e+03  1.75139166e-02
 3.64323800e+03  1.72814083e-02
 3.64413800e+03  1.70534770e-02
 3.64503900e+03  1.68434333e-02
 3.64593900e+03  1.67888280e-02
 3.64683900e+03  1.68772500e-02
 3.64773900e+03  1.68073067e-02
 3.64864000e+03  1.67662708e-02
 3.64954000e+03  1.68512079e-02
 3.65044000e+03  1.68106112e-02
 3.65134000e+03  1.67333751e-02
 3.65224000e+03  1.67292611e-02
 3.65314100e+03  1.67211968e-02
 3.65404100e+03  1.67170116e-02
 3.65494100e+03  1.67551560e-02
 3.65584100e+03  1.67362927e-02
 3.65674200e+03  1.66183934e-02
 3.65764200e+03  1.65951003e-02
 3.65854200e+03  1.66018328e-02
 3.65944200e+03  1.65726358e-02
 3.66034300e+03  1.64259596e-02
 3.66124300e+03  1.61937338e-02
 3.66214300e+03  1.62436435e-02
 3.66304300e+03  1.61707232e-02
 3.66394300e+03  1.59828378e-02
 3.66484400e+03  1.59475991e-02
 3.66574400e+03  1.58861260e-02
 3.66664400e+03  1.58452230e-02
 3.66754400e+03  1.57987437e-02
 3.66844500e+03  1.58699001e-02
 3.66934500e+03  1.57830567e-02
 3.67024500e+03  1.56701047e-02
 3.67114500e+03  1.57109697e-02
 3.67204600e+03  1.57632367e-02
 3.67294600e+03  1.57635120e-02
 3.67384600e+03  1.58312310e-02
 3.67474600e+03  1.57147086e-02
 3.67564600e+03  1.57259991e-02
 3.67654700e+03  1.57021267e-02
 3.67744700e+03  1.55933932e-02
 3.67834700e+03  1.56339116e-02
 3.67924700e+03  1.55981174e-02
 3.68014800e+03  1.54756198e-02
 3.68104800e+03  1.54528015e-02
 3.68194800e+03  1.54702665e-02
 3.68284800e+03  1.54920569e-02
 3.68374900e+03  1.55735685e-02
 3.68464900e+03  1.56400506e-02
 3.68554900e+03  1.55400959e-02
 3.68644900e+03  1.53571697e-02
 3.68734900e+03  1.52337273e-02
 3.68825000e+03  1.52199395e-02
 3.68915000e+03  1.54875251e-02
 3.69005000e+03  1.57889797e-02
 3.69095000e+03  1.57709306e-02
 3.69185100e+03  1.56035513e-02
 3.69275100e+03  1.55704681e-02
 3.69365100e+03  1.57258305e-02
 3.69455100e+03  1.59175925e-02
 3.69545100e+03  1.59749136e-02
 3.69635200e+03  1.57878971e-02
 3.69725200e+03  1.55029011e-02
 3.69815200e+03  1.53927551e-02
 3.69905200e+03  1.56304101e-02
 3.69995300e+03  1.61171790e-02
 3.70085300e+03  1.64324404e-02
 3.70175300e+03  1.63849783e-02
 3.70265300e+03  1.60202630e-02
 3.70355400e+03  1.54737895e-02
 3.70445400e+03  1.49493983e-02
 3.70535400e+03  1.47084222e-02
 3.70625400e+03  1.49316602e-02
 3.70715500e+03  1.54984547e-02
 3.70805500e+03  1.60385304e-02
 3.70895500e+03  1.62240110e-02
 3.70985500e+03  1.60378800e-02
 3.71075500e+03  1.56875484e-02
 3.71165600e+03  1.52483698e-02
 3.71255600e+03  1.49204648e-02
 3.71345600e+03  1.50432306e-02
 3.71435600e+03  1.56280788e-02
 3.71525700e+03  1.62914831e-02
 3.71615700e+03  1.67428044e-02
 3.71705700e+03  1.69550274e-02
 3.71795700e+03  1.70118524e-02
 3.71885800e+03  1.67495868e-02
 3.71975800e+03  1.61837110e-02
 3.72065800e+03  1.55551253e-02
 3.72155800e+03  1.54261350e-02
 3.72245800e+03  1.63316216e-02
 3.72335900e+03  1.59639342e-02
 3.72425900e+03  1.73454857e-02
 3.72515900e+03  4.49897197e-02
 3.72605900e+03  1.66268067e-01
 3.72696000e+03  3.06049579e-01
 3.72786000e+03  2.54022342e-01
 3.72876000e+03  2.56849940e-01
 3.72966000e+03  4.05070115e-01
 3.73056100e+03  3.07832169e-01
 3.73146100e+03  9.94680953e-02
 3.73236100e+03  2.64323811e-02
 3.73326100e+03  1.70417616e-02
 3.73416200e+03  1.50255875e-02
 3.73506200e+03  1.39002932e-02
 3.73596200e+03  1.40189117e-02
 3.73686200e+03  1.46568223e-02
 3.73776200e+03  1.54326918e-02
 3.73866300e+03  1.63071962e-02
 3.73956300e+03  1.71666023e-02
 3.74046300e+03  1.77848044e-02
 3.74136300e+03  1.81535459e-02
 3.74226400e+03  1.82960843e-02
 3.74316400e+03  1.81627496e-02
 3.74406400e+03  1.79076106e-02
 3.74496400e+03  1.77566139e-02
 3.74586500e+03  1.74276762e-02
 3.74676500e+03  1.69148604e-02
 3.74766500e+03  1.64103130e-02
 3.74856500e+03  1.57333796e-02
 3.74946500e+03  1.48033940e-02
 3.75036600e+03  1.41031866e-02
 3.75126600e+03  1.41031771e-02
 3.75216600e+03  1.47358483e-02
 3.75306600e+03  1.56280314e-02
 3.75396700e+03  1.64169529e-02
 3.75486700e+03  1.71802857e-02
 3.75576700e+03  1.78547905e-02
 3.75666800e+03  1.82842027e-02
 3.75756800e+03  1.83991464e-02
 3.75846800e+03  1.82951893e-02
 3.75936800e+03  1.82293125e-02
 3.76026800e+03  1.83694342e-02
 3.76116900e+03  1.85526002e-02
 3.76206900e+03  1.86294493e-02
 3.76296900e+03  1.86969451e-02
 3.76386900e+03  1.86548172e-02
 3.76476900e+03  1.84488781e-02
 3.76567000e+03  1.82351642e-02
 3.76657000e+03  1.78598588e-02
 3.76747000e+03  1.71897434e-02
 3.76837000e+03  1.65516478e-02
 3.76927100e+03  1.59675426e-02
 3.77017100e+03  1.52187050e-02
 3.77107100e+03  1.44955915e-02
 3.77197100e+03  1.43502447e-02
 3.77287200e+03  1.50626589e-02
 3.77377200e+03  1.60767176e-02
 3.77467200e+03  1.69095095e-02
 3.77557200e+03  1.75329770e-02
 3.77647200e+03  1.80329593e-02
 3.77737300e+03  1.85237711e-02
 3.77827300e+03  1.89759304e-02
 3.77917300e+03  1.93072634e-02
 3.78007300e+03  1.96477123e-02
 3.78097400e+03  1.99860958e-02
 3.78187400e+03  2.01925264e-02
 3.78277400e+03  2.02831848e-02
 3.78367500e+03  2.03309650e-02
 3.78457500e+03  2.04346871e-02
 3.78547500e+03  2.04693846e-02
 3.78637500e+03  2.02265782e-02
 3.78727500e+03  1.98865732e-02
 3.78817600e+03  1.96667251e-02
 3.78907600e+03  1.95347721e-02
 3.78997600e+03  1.93817338e-02
 3.79087600e+03  1.91814636e-02
 3.79177600e+03  1.89951617e-02
 3.79267700e+03  1.87681965e-02
 3.79357700e+03  1.83525816e-02
 3.79447700e+03  1.77236090e-02
 3.79537800e+03  1.69548280e-02
 3.79627800e+03  1.63788345e-02
 3.79717800e+03  1.72979499e-02
 3.79807800e+03  2.29399496e-02
 3.79897800e+03  2.80864228e-02
 3.79987900e+03  2.31716270e-02
 3.80077900e+03  1.76133989e-02
 3.80167900e+03  1.69259514e-02
 3.80257900e+03  1.75999078e-02
 3.80347900e+03  1.83022328e-02
 3.80438000e+03  1.89290190e-02
 3.80528000e+03  1.93476607e-02
 3.80618000e+03  1.95724204e-02
 3.80708100e+03  1.96722707e-02
 3.80798100e+03  1.98571482e-02
 3.80888100e+03  2.02150741e-02
 3.80978100e+03  2.06396459e-02
 3.81068200e+03  2.10143768e-02
 3.81158200e+03  2.12275945e-02
 3.81248200e+03  2.11907082e-02
 3.81338200e+03  2.09469285e-02
 3.81428200e+03  2.06675919e-02
 3.81518300e+03  2.05329539e-02
 3.81608300e+03  2.05362917e-02
 3.81698300e+03  2.05855557e-02
 3.81788300e+03  2.06121272e-02
 3.81878400e+03  2.04166927e-02
 3.81968400e+03  1.98377627e-02
 3.82058400e+03  1.92738359e-02
 3.82148400e+03  1.92829780e-02
 3.82238500e+03  1.97613717e-02
 3.82328500e+03  2.01394309e-02
 3.82418500e+03  2.01135455e-02
 3.82508500e+03  1.97475530e-02
 3.82598500e+03  1.93868615e-02
 3.82688600e+03  1.91692022e-02
 3.82778600e+03  1.89385694e-02
 3.82868600e+03  1.86113362e-02
 3.82958600e+03  1.82412629e-02
 3.83048600e+03  1.78672987e-02
 3.83138700e+03  1.74523058e-02
 3.83228700e+03  1.68553267e-02
 3.83318700e+03  1.60915120e-02
 3.83408800e+03  1.57881868e-02
 3.83498800e+03  1.91209709e-02
 3.83588800e+03  2.88993305e-02
 3.83678800e+03  3.16408497e-02
 3.83768900e+03  2.22644050e-02
 3.83858900e+03  1.66270915e-02
 3.83948900e+03  1.62951271e-02
 3.84038900e+03  1.69586595e-02
 3.84128900e+03  1.75533240e-02
 3.84219000e+03  1.81721029e-02
 3.84309000e+03  1.88026281e-02
 3.84399000e+03  1.93277196e-02
 3.84489000e+03  1.97065717e-02
 3.84579100e+03  1.99638449e-02
 3.84669100e+03  2.02031688e-02
 3.84759100e+03  2.04649477e-02
 3.84849100e+03  2.07184939e-02
 3.84939200e+03  2.08721494e-02
 3.85029200e+03  2.08788439e-02
 3.85119200e+03  2.09921900e-02
 3.85209200e+03  2.12706648e-02
 3.85299200e+03  2.14387254e-02
 3.85389300e+03  2.14862398e-02
 3.85479300e+03  2.14540587e-02
 3.85569300e+03  2.13393951e-02
 3.85659300e+03  2.12059465e-02
 3.85749400e+03  2.12719112e-02
 3.85839400e+03  2.14916761e-02
 3.85929400e+03  2.15414576e-02
 3.86019400e+03  2.14262243e-02
 3.86109500e+03  2.13980789e-02
 3.86199500e+03  2.15575007e-02
 3.86289500e+03  2.16872697e-02
 3.86379500e+03  2.17446858e-02
 3.86469600e+03  2.18230661e-02
 3.86559600e+03  2.18383068e-02
 3.86649600e+03  2.17786473e-02
 3.86739600e+03  2.22053818e-02
 3.86829600e+03  2.68052319e-02
 3.86919700e+03  3.95897692e-02
 3.87009700e+03  4.44178141e-02
 3.87099700e+03  3.21448368e-02
 3.87189700e+03  2.30246398e-02
 3.87279800e+03  2.09493380e-02
 3.87369800e+03  2.06367164e-02
 3.87459800e+03  2.06703718e-02
 3.87549800e+03  2.07517480e-02
 3.87639800e+03  2.07362960e-02
 3.87729900e+03  2.05099244e-02
 3.87819900e+03  2.00983831e-02
 3.87909900e+03  1.96395839e-02
 3.87999900e+03  1.94016013e-02
 3.88090000e+03  1.93408665e-02
 3.88180000e+03  1.91542084e-02
 3.88270000e+03  1.86680377e-02
 3.88360000e+03  1.81204935e-02
 3.88450100e+03  1.77287367e-02
 3.88540100e+03  1.72900423e-02
 3.88630100e+03  1.65368415e-02
 3.88720100e+03  1.60398480e-02
 3.88810200e+03  1.99050852e-02
 3.88900200e+03  3.78163184e-02
 3.88990200e+03  5.61303045e-02
 3.89080200e+03  4.31642322e-02
 3.89170300e+03  2.22718592e-02
 3.89260300e+03  1.62536164e-02
 3.89350300e+03  1.63756250e-02
 3.89440300e+03  1.69892050e-02
 3.89530300e+03  1.74944147e-02
 3.89620400e+03  1.79015689e-02
 3.89710400e+03  1.83331913e-02
 3.89800400e+03  1.88177383e-02
 3.89890400e+03  1.91525728e-02
 3.89980500e+03  1.93149929e-02
 3.90070500e+03  1.95160536e-02
 3.90160500e+03  1.98810965e-02
 3.90250500e+03  2.02368906e-02
 3.90340600e+03  2.04028028e-02
 3.90430600e+03  2.05269123e-02
 3.90520600e+03  2.06604012e-02
 3.90610600e+03  2.06584095e-02
 3.90700600e+03  2.06606742e-02
 3.90790700e+03  2.08769471e-02
 3.90880700e+03  2.12208003e-02
 3.90970700e+03  2.15003529e-02
 3.91060700e+03  2.16806416e-02
 3.91150800e+03  2.17825145e-02
 3.91240800e+03  2.17724347e-02
 3.91330800e+03  2.16487098e-02
 3.91420800e+03  2.14633099e-02
 3.91510900e+03  2.14321330e-02
 3.91600900e+03  2.15486815e-02
 3.91690900e+03  2.15360332e-02
 3.91780900e+03  2.14497429e-02
 3.91871000e+03  2.13611380e-02
 3.91961000e+03  2.11831900e-02
 3.92051000e+03  2.09621739e-02
 3.92141000e+03  2.08317378e-02
 3.92231000e+03  2.09366374e-02
 3.92321100e+03  2.10977661e-02
 3.92411100e+03  2.11203803e-02
 3.92501100e+03  2.10547646e-02
 3.92591100e+03  2.08932347e-02
 3.92681200e+03  2.06205665e-02
 3.92771200e+03  2.03900357e-02
 3.92861200e+03  2.03068980e-02
 3.92951200e+03  2.02252963e-02
 3.93041300e+03  2.00795388e-02
 3.93131300e+03  1.99220873e-02
 3.93221300e+03  1.95891045e-02
 3.93311300e+03  1.89041995e-02
 3.93401300e+03  1.81632363e-02
 3.93491400e+03  1.79839731e-02
 3.93581400e+03  1.85224179e-02
 3.93671400e+03  1.93469414e-02
 3.93761400e+03  1.99543800e-02
 3.93851500e+03  2.02845854e-02
 3.93941500e+03  2.04880272e-02
 3.94031500e+03  2.06321110e-02
 3.94121500e+03  2.07677555e-02
 3.94211600e+03  2.08373997e-02
 3.94301600e+03  2.08084661e-02
 3.94391600e+03  2.06986738e-02
 3.94481600e+03  2.06000747e-02
 3.94571700e+03  2.06812373e-02
 3.94661700e+03  2.08841758e-02
 3.94751700e+03  2.09608564e-02
 3.94841700e+03  2.08759358e-02
 3.94931700e+03  2.07924777e-02
 3.95021800e+03  2.07684320e-02
 3.95111800e+03  2.07901061e-02
 3.95201800e+03  2.07052686e-02
 3.95291900e+03  2.05163957e-02
 3.95381900e+03  2.03381177e-02
 3.95471900e+03  2.02836714e-02
 3.95561900e+03  2.02000803e-02
 3.95651900e+03  1.98995919e-02
 3.95742000e+03  1.95242509e-02
 3.95832000e+03  1.92785031e-02
 3.95922000e+03  1.91715904e-02
 3.96012000e+03  1.90646777e-02
 3.96102100e+03  1.87712589e-02
 3.96192100e+03  1.82219841e-02
 3.96282100e+03  1.76741147e-02
 3.96372100e+03  1.72437197e-02
 3.96462200e+03  1.67655372e-02
 3.96552200e+03  1.61662388e-02
 3.96642200e+03  1.58416668e-02
 3.96732200e+03  1.73294497e-02
 3.96822200e+03  2.04850787e-02
 3.96912300e+03  2.15240780e-02
 3.97002300e+03  3.09766454e-02
 3.97092300e+03  5.01015452e-02
 3.97182300e+03  4.35731193e-02
 3.97272400e+03  2.24885760e-02
 3.97362400e+03  1.49823367e-02
 3.97452400e+03  1.48376713e-02
 3.97542400e+03  1.55872685e-02
 3.97632500e+03  1.62924255e-02
 3.97722500e+03  1.68501207e-02
 3.97812500e+03  1.73233202e-02
 3.97902500e+03  1.77806618e-02
 3.97992500e+03  1.81978910e-02
 3.98082600e+03  1.85691157e-02
 3.98172600e+03  1.88074401e-02
 3.98262600e+03  1.88900579e-02
 3.98352600e+03  1.89729369e-02
 3.98442700e+03  1.91566180e-02
 3.98532700e+03  1.94115719e-02
 3.98622700e+03  1.96588294e-02
 3.98712700e+03  1.98360439e-02
 3.98802800e+03  2.00211447e-02
 3.98892800e+03  2.02403565e-02
 3.98982800e+03  2.03733398e-02
 3.99072800e+03  2.03951729e-02
 3.99162800e+03  2.04373934e-02
 3.99252900e+03  2.05633997e-02
 3.99342900e+03  2.06999795e-02
 3.99432900e+03  2.07350093e-02
 3.99523000e+03  2.06537352e-02
 3.99613000e+03  2.05163459e-02
 3.99703000e+03  2.04031897e-02
 3.99793000e+03  2.03466188e-02
 3.99883000e+03  2.03746502e-02
 3.99973100e+03  2.05486077e-02
 4.00063100e+03  2.07934415e-02
 4.00153100e+03  2.09298527e-02
 4.00243100e+03  2.09221469e-02
 4.00333100e+03  2.09033121e-02
 4.00423200e+03  2.09051258e-02
 4.00513200e+03  2.07571416e-02
 4.00603200e+03  2.04888533e-02
 4.00693300e+03  2.04086996e-02
 4.00783300e+03  2.05501365e-02
 4.00873300e+03  2.06551928e-02
 4.00963300e+03  2.05772564e-02
 4.01053300e+03  2.04563208e-02
 4.01143400e+03  2.05344709e-02
 4.01233400e+03  2.07213592e-02
 4.01323400e+03  2.08370507e-02
 4.01413400e+03  2.08837366e-02
 4.01503500e+03  2.09240983e-02
 4.01593500e+03  2.09941556e-02
 4.01683500e+03  2.10443929e-02
 4.01773500e+03  2.09965200e-02
 4.01863600e+03  2.09466483e-02
 4.01953600e+03  2.10317398e-02
 4.02043600e+03  2.11570458e-02
 4.02133600e+03  2.11320791e-02
 4.02223700e+03  2.09691580e-02
 4.02313700e+03  2.08499839e-02
 4.02403700e+03  2.07189449e-02
 4.02493700e+03  2.03902043e-02
 4.02583700e+03  1.99278584e-02
 4.02673800e+03  1.96528756e-02
 4.02763800e+03  1.97422900e-02
 4.02853800e+03  2.01393051e-02
 4.02943900e+03  2.05310002e-02
 4.03033900e+03  2.06374049e-02
 4.03123900e+03  2.04488406e-02
 4.03213900e+03  2.02971554e-02
 4.03303900e+03  2.03004290e-02
 4.03394000e+03  2.03506924e-02
 4.03484000e+03  2.04291464e-02
 4.03574000e+03  2.05448450e-02
 4.03664000e+03  2.06985670e-02
 4.03754000e+03  2.08908560e-02
 4.03844100e+03  2.10545391e-02
 4.03934100e+03  2.10554412e-02
 4.04024100e+03  2.09500549e-02
 4.04114200e+03  2.08495424e-02
 4.04204200e+03  2.07668629e-02
 4.04294200e+03  2.07797913e-02
 4.04384200e+03  2.08169482e-02
 4.04474200e+03  2.06368968e-02
 4.04564300e+03  2.02563569e-02
 4.04654300e+03  2.00121546e-02
 4.04744300e+03  2.01657579e-02
 4.04834300e+03  2.05199899e-02
 4.04924400e+03  2.07208749e-02
 4.05014400e+03  2.07339529e-02
 4.05104400e+03  2.07322413e-02
 4.05194400e+03  2.07356907e-02
 4.05284500e+03  2.06790034e-02
 4.05374500e+03  2.05527811e-02
 4.05464500e+03  2.04166927e-02
 4.05554500e+03  2.03453867e-02
 4.05644500e+03  2.03585526e-02
 4.05734600e+03  2.03628067e-02
 4.05824600e+03  2.02939458e-02
 4.05914600e+03  2.02316988e-02
 4.06004600e+03  2.02926520e-02
 4.06094700e+03  2.04403371e-02
 4.06184700e+03  2.05009817e-02
 4.06274700e+03  2.03586143e-02
 4.06364700e+03  2.00487868e-02
 4.06454800e+03  1.97956276e-02
 4.06544800e+03  1.98503113e-02
 4.06634800e+03  2.00714342e-02
 4.06724800e+03  2.01704915e-02
 4.06814800e+03  2.06425753e-02
 4.06904900e+03  2.23999854e-02
 4.06994900e+03  2.33368721e-02
 4.07084900e+03  2.16889457e-02
 4.07175000e+03  2.01291256e-02
 4.07265000e+03  1.96086111e-02
 4.07355000e+03  1.96379601e-02
 4.07445000e+03  1.98422898e-02
 4.07535000e+03  1.99295605e-02
 4.07625100e+03  2.00346856e-02
 4.07715100e+03  2.02421726e-02
 4.07805100e+03  1.98361864e-02
 4.07895100e+03  1.92108150e-02
 4.07985200e+03  1.91729198e-02
 4.08075200e+03  1.93867191e-02
 4.08165200e+03  1.95447166e-02
 4.08255200e+03  1.95625306e-02
 4.08345300e+03  1.93966754e-02
 4.08435300e+03  1.91553479e-02
 4.08525300e+03  1.89547098e-02
 4.08615300e+03  1.88310537e-02
 4.08705300e+03  1.87954992e-02
 4.08795400e+03  1.88187875e-02
 4.08885400e+03  1.88260542e-02
 4.08975400e+03  1.87224769e-02
 4.09065400e+03  1.85303469e-02
 4.09155500e+03  1.83442823e-02
 4.09245500e+03  1.81518912e-02
 4.09335500e+03  1.79026514e-02
 4.09425600e+03  1.76681490e-02
 4.09515600e+03  1.74158635e-02
 4.09605600e+03  1.70239571e-02
 4.09695600e+03  1.65000099e-02
 4.09785600e+03  1.59758561e-02
 4.09875700e+03  1.54748815e-02
 4.09965700e+03  1.50220171e-02
 4.10055700e+03  1.64738063e-02
 4.10145700e+03  3.16391879e-02
 4.10235800e+03  6.71749111e-02
 4.10325800e+03  7.22299046e-02
 4.10415800e+03  3.70504384e-02
 4.10505800e+03  1.73912077e-02
 4.10595800e+03  1.48068694e-02
 4.10685900e+03  1.52414094e-02
 4.10775900e+03  1.56924767e-02
 4.10865900e+03  1.60425661e-02
 4.10955900e+03  1.63167276e-02
 4.11045900e+03  1.65129739e-02
 4.11136000e+03  1.66658057e-02
 4.11226000e+03  1.69028743e-02
 4.11316000e+03  1.72060239e-02
 4.11406000e+03  1.74939803e-02
 4.11496100e+03  1.77142557e-02
 4.11586100e+03  1.79001137e-02
 4.11676100e+03  1.80890934e-02
 4.11766200e+03  1.82122344e-02
 4.11856200e+03  1.82215165e-02
 4.11946200e+03  1.81561619e-02
 4.12036200e+03  1.81025442e-02
 4.12126200e+03  1.81090369e-02
 4.12216300e+03  1.81707830e-02
 4.12306300e+03  1.83094305e-02
 4.12396300e+03  1.84965990e-02
 4.12486400e+03  1.87344273e-02
 4.12576400e+03  1.89684359e-02
 4.12666400e+03  1.90690695e-02
 4.12756400e+03  1.89907129e-02
 4.12846400e+03  1.87855619e-02
 4.12936500e+03  1.87009832e-02
 4.13026500e+03  1.87816971e-02
 4.13116500e+03  1.88233099e-02
 4.13206500e+03  1.87494875e-02
 4.13296500e+03  1.86956324e-02
 4.13386600e+03  1.87527446e-02
 4.13476600e+03  1.88867676e-02
 4.13566600e+03  1.90526656e-02
 4.13656600e+03  1.92578095e-02
 4.13746700e+03  1.93422861e-02
 4.13836700e+03  1.93028668e-02
 4.13926700e+03  1.93170226e-02
 4.14016700e+03  1.93855155e-02
 4.14106800e+03  1.94036643e-02
 4.14196800e+03  1.93406243e-02
 4.14286800e+03  1.90679158e-02
 4.14376800e+03  1.85549409e-02
 4.14466900e+03  1.81683806e-02
 4.14556900e+03  1.82806062e-02
 4.14646900e+03  1.87299500e-02
 4.14736900e+03  1.90933976e-02
 4.14827000e+03  1.92505357e-02
 4.14917000e+03  1.92835145e-02
 4.15007000e+03  1.92355016e-02
 4.15097000e+03  1.91636543e-02
 4.15187100e+03  1.91719180e-02
 4.15277100e+03  1.91888038e-02
 4.15367100e+03  1.91212012e-02
 4.15457100e+03  1.90248145e-02
 4.15547100e+03  1.89664085e-02
 4.15637200e+03  1.89759067e-02
 4.15727200e+03  1.90021506e-02
 4.15817200e+03  1.90432458e-02
 4.15907200e+03  1.91490546e-02
 4.15997200e+03  1.92607009e-02
 4.16087300e+03  1.92899051e-02
 4.16177300e+03  1.92274017e-02
 4.16267300e+03  1.91840227e-02
 4.16357300e+03  1.92095568e-02
 4.16447400e+03  1.92370826e-02
 4.16537400e+03  1.92413035e-02
 4.16627400e+03  1.92334339e-02
 4.16717500e+03  1.91787906e-02
 4.16807500e+03  1.90884100e-02
 4.16897500e+03  1.90327910e-02
 4.16987500e+03  1.90657317e-02
 4.17077500e+03  1.90890557e-02
 4.17167600e+03  1.89818866e-02
 4.17257600e+03  1.87289838e-02
 4.17347600e+03  1.84613887e-02
 4.17437700e+03  1.83958419e-02
 4.17527700e+03  1.85293498e-02
 4.17617700e+03  1.87124707e-02
 4.17707700e+03  1.88165727e-02
 4.17797700e+03  1.87245873e-02
 4.17887800e+03  1.85325736e-02
 4.17977800e+03  1.85125518e-02
 4.18067800e+03  1.87077798e-02
 4.18157800e+03  1.88776755e-02
 4.18247800e+03  1.88694972e-02
 4.18337900e+03  1.88117061e-02
 4.18427900e+03  1.88282880e-02
 4.18517900e+03  1.88895641e-02
 4.18607900e+03  1.89648940e-02
 4.18698000e+03  1.89416246e-02
 4.18788000e+03  1.87630047e-02
 4.18878000e+03  1.86561419e-02
 4.18968000e+03  1.87609347e-02
 4.19058100e+03  1.88826726e-02
 4.19148100e+03  1.88868626e-02
 4.19238100e+03  1.88326323e-02
 4.19328100e+03  1.88885671e-02
 4.19418200e+03  1.90178969e-02
 4.19508200e+03  1.90360290e-02
 4.19598200e+03  1.88916841e-02
 4.19688200e+03  1.87113739e-02
 4.19778300e+03  1.86141659e-02
 4.19868300e+03  1.84923378e-02
 4.19958300e+03  1.83788659e-02
 4.20048300e+03  1.84406476e-02
 4.20138400e+03  1.85615855e-02
 4.20228400e+03  1.85196784e-02
 4.20318400e+03  1.84445717e-02
 4.20408400e+03  1.84914262e-02
 4.20498400e+03  1.85338603e-02
 4.20588500e+03  1.85169033e-02
 4.20678500e+03  1.85660367e-02
 4.20768500e+03  1.86719689e-02
 4.20858500e+03  1.87417865e-02
 4.20948500e+03  1.87541167e-02
 4.21038600e+03  1.87122286e-02
 4.21128600e+03  1.86830671e-02
 4.21218600e+03  1.87481368e-02
 4.21308600e+03  1.88247817e-02
 4.21398700e+03  1.88073333e-02
 4.21488700e+03  1.86695262e-02
 4.21578700e+03  1.83998800e-02
 4.21668800e+03  1.81831275e-02
 4.21758800e+03  1.82980024e-02
 4.21848800e+03  1.85853083e-02
 4.21938800e+03  1.87779534e-02
 4.22028800e+03  1.88468712e-02
 4.22118900e+03  1.88214464e-02
 4.22208900e+03  1.88052893e-02
 4.22298900e+03  1.87492810e-02
 4.22389000e+03  1.86240890e-02
 4.22479000e+03  1.84461955e-02
 4.22569000e+03  1.81924096e-02
 4.22659000e+03  1.78764811e-02
 4.22749000e+03  1.75960715e-02
 4.22839100e+03  1.76548977e-02
 4.22929100e+03  1.80671559e-02
 4.23019100e+03  1.84597744e-02
 4.23109100e+03  1.86401534e-02
 4.23199100e+03  1.86907634e-02
 4.23289200e+03  1.85416801e-02
 4.23379200e+03  1.82230833e-02
 4.23469200e+03  1.80615201e-02
 4.23559200e+03  1.81846231e-02
 4.23649300e+03  1.82662154e-02
 4.23739300e+03  1.82014092e-02
 4.23829300e+03  1.82133145e-02
 4.23919300e+03  1.82501675e-02
 4.24009300e+03  1.82365055e-02
 4.24099400e+03  1.82850146e-02
 4.24189400e+03  1.83784338e-02
 4.24279400e+03  1.83881480e-02
 4.24369500e+03  1.83601972e-02
 4.24459500e+03  1.84544093e-02
 4.24549500e+03  1.85922307e-02
 4.24639500e+03  1.85505705e-02
 4.24729600e+03  1.83199874e-02
 4.24819600e+03  1.81336594e-02
 4.24909600e+03  1.81252295e-02
 4.24999600e+03  1.81446127e-02
 4.25089700e+03  1.80437417e-02
 4.25179700e+03  1.79633269e-02
 4.25269700e+03  1.80608697e-02
 4.25359700e+03  1.81701302e-02
 4.25449700e+03  1.81211036e-02
 4.25539800e+03  1.79900622e-02
 4.25629800e+03  1.79896824e-02
 4.25719800e+03  1.81580469e-02
 4.25809800e+03  1.82891310e-02
 4.25899800e+03  1.82177633e-02
 4.25989900e+03  1.80371208e-02
 4.26079900e+03  1.78739268e-02
 4.26169900e+03  1.77657796e-02
 4.26259900e+03  1.78350369e-02
 4.26350000e+03  1.80749946e-02
 4.26440000e+03  1.82992796e-02
 4.26530000e+03  1.83779282e-02
 4.26620000e+03  1.83621747e-02
 4.26710100e+03  1.82733111e-02
 4.26800100e+03  1.80670823e-02
 4.26890100e+03  1.78811602e-02
 4.26980100e+03  1.78427308e-02
 4.27070200e+03  1.78249714e-02
 4.27160200e+03  1.76552348e-02
 4.27250200e+03  1.74167442e-02
 4.27340300e+03  1.73882997e-02
 4.27430300e+03  1.75264866e-02
 4.27520300e+03  1.75614001e-02
 4.27610300e+03  1.75576208e-02
 4.27700300e+03  1.76973247e-02
 4.27790400e+03  1.78951878e-02
 4.27880400e+03  1.79973858e-02
 4.27970400e+03  1.79870758e-02
 4.28060400e+03  1.78954323e-02
 4.28150400e+03  1.77920496e-02
 4.28240500e+03  1.77239841e-02
 4.28330500e+03  1.76574711e-02
 4.28420500e+03  1.76531101e-02
 4.28510500e+03  1.76964321e-02
 4.28600600e+03  1.76485854e-02
 4.28690600e+03  1.75817472e-02
 4.28780600e+03  1.75670359e-02
 4.28870600e+03  1.75314577e-02
 4.28960600e+03  1.73662505e-02
 4.29050700e+03  1.70788544e-02
 4.29140700e+03  1.69417143e-02
 4.29230700e+03  1.71248542e-02
 4.29320800e+03  1.74123310e-02
 4.29410800e+03  1.75299739e-02
 4.29500800e+03  1.74223230e-02
 4.29590800e+03  1.73014681e-02
 4.29680900e+03  1.72802404e-02
 4.29770900e+03  1.72764183e-02
 4.29860900e+03  1.72163672e-02
 4.29950900e+03  1.69972052e-02
 4.30041000e+03  1.66606804e-02
 4.30131000e+03  1.65208839e-02
 4.30221000e+03  1.66175151e-02
 4.30311000e+03  1.66590946e-02
 4.30401000e+03  1.66563290e-02
 4.30491100e+03  1.67778343e-02
 4.30581100e+03  1.68773616e-02
 4.30671100e+03  1.68513504e-02
 4.30761100e+03  1.67516758e-02
 4.30851100e+03  1.65822811e-02
 4.30941200e+03  1.64623663e-02
 4.31031200e+03  1.65340403e-02
 4.31121200e+03  1.67084583e-02
 4.31211200e+03  1.68290710e-02
 4.31301300e+03  1.68385287e-02
 4.31391300e+03  1.67469778e-02
 4.31481300e+03  1.66053273e-02
 4.31571300e+03  1.65741195e-02
 4.31661400e+03  1.68044603e-02
 4.31751400e+03  1.70892451e-02
 4.31841400e+03  1.71599386e-02
 4.31931500e+03  1.70512669e-02
 4.32021500e+03  1.69009966e-02
 4.32111500e+03  1.67286747e-02
 4.32201500e+03  1.65842609e-02
 4.32291600e+03  1.65777872e-02
 4.32381600e+03  1.65430707e-02
 4.32471600e+03  1.62936885e-02
 4.32561600e+03  1.58782018e-02
 4.32651600e+03  1.55044821e-02
 4.32741700e+03  1.54381020e-02
 4.32831700e+03  1.56972174e-02
 4.32921700e+03  1.59470341e-02
 4.33011700e+03  1.59366386e-02
 4.33101700e+03  1.56904375e-02
 4.33191800e+03  1.54214679e-02
 4.33281800e+03  1.52523057e-02
 4.33371800e+03  1.51042907e-02
 4.33461800e+03  1.48918137e-02
 4.33551900e+03  1.46632889e-02
 4.33641900e+03  1.44025687e-02
 4.33731900e+03  1.39129154e-02
 4.33821900e+03  1.32041642e-02
 4.33911900e+03  1.43365946e-02
 4.34002000e+03  3.27589747e-02
 4.34092000e+03  9.29967864e-02
 4.34182000e+03  1.27677820e-01
 4.34272100e+03  7.25112637e-02
 4.34362100e+03  2.38566103e-02
 4.34452100e+03  1.35487841e-02
 4.34542200e+03  1.32134581e-02
 4.34632200e+03  1.36476942e-02
 4.34722200e+03  1.40152630e-02
 4.34812200e+03  1.42486259e-02
 4.34902200e+03  1.44912590e-02
 4.34992300e+03  1.47613040e-02
 4.35082300e+03  1.48736649e-02
 4.35172300e+03  1.47374792e-02
 4.35262300e+03  1.45668903e-02
 4.35352300e+03  1.47000422e-02
 4.35442400e+03  1.51354154e-02
 4.35532400e+03  1.55109535e-02
 4.35622400e+03  1.57168618e-02
 4.35712400e+03  1.59184115e-02
 4.35802400e+03  1.60811949e-02
 4.35892500e+03  1.60834359e-02
 4.35982500e+03  1.60031611e-02
 4.36072500e+03  1.60438243e-02
 4.36162600e+03  1.62446477e-02
 4.36252600e+03  1.66699174e-02
 4.36342600e+03  1.77962990e-02
 4.36432600e+03  1.89530551e-02
 4.36522600e+03  1.83338726e-02
 4.36612700e+03  1.72512783e-02
 4.36702700e+03  1.68640961e-02
 4.36792700e+03  1.66486493e-02
 4.36882800e+03  1.64650156e-02
 4.36972800e+03  1.64584066e-02
 4.37062800e+03  1.65922397e-02
 4.37152800e+03  1.67156347e-02
 4.37242900e+03  1.67843768e-02
 4.37332900e+03  1.67918713e-02
 4.37422900e+03  1.66730082e-02
 4.37512900e+03  1.64390329e-02
 4.37602900e+03  1.62849025e-02
 4.37693000e+03  1.63993715e-02
 4.37783000e+03  1.67064404e-02
 4.37873000e+03  1.69507638e-02
 4.37963000e+03  1.69998830e-02
 4.38053000e+03  1.69314566e-02
 4.38143100e+03  1.68783349e-02
 4.38233100e+03  1.68202138e-02
 4.38323100e+03  1.65813149e-02
 4.38413100e+03  1.61181951e-02
 4.38503200e+03  1.57387993e-02
 4.38593200e+03  1.57434855e-02
 4.38683200e+03  1.60231996e-02
 4.38773200e+03  1.61882856e-02
 4.38863300e+03  1.60966326e-02
 4.38953300e+03  1.60189692e-02
 4.39043300e+03  1.61135778e-02
 4.39133300e+03  1.62583239e-02
 4.39223400e+03  1.64022273e-02
 4.39313400e+03  1.65700980e-02
 4.39403400e+03  1.66524048e-02
 4.39493500e+03  1.65411288e-02
 4.39583500e+03  1.63642419e-02
 4.39673500e+03  1.63904336e-02
 4.39763500e+03  1.66553628e-02
 4.39853500e+03  1.68609720e-02
 4.39943600e+03  1.68304360e-02
 4.40033600e+03  1.66334086e-02
 4.40123600e+03  1.64196971e-02
 4.40213600e+03  1.64005157e-02
 4.40303600e+03  1.66091351e-02
 4.40393700e+03  1.67406441e-02
 4.40483700e+03  1.65458221e-02
 4.40573700e+03  1.62647644e-02
 4.40663700e+03  1.62752572e-02
 4.40753800e+03  1.64737707e-02
 4.40843800e+03  1.64962970e-02
 4.40933800e+03  1.63838886e-02
 4.41023800e+03  1.64115260e-02
 4.41113900e+03  1.65786205e-02
 4.41203900e+03  1.67019347e-02
 4.41293900e+03  1.67822260e-02
 4.41383900e+03  1.68186518e-02
 4.41473900e+03  1.66630258e-02
 4.41564000e+03  1.62993432e-02
 4.41654000e+03  1.60071612e-02
 4.41744000e+03  1.59809434e-02
 4.41834100e+03  1.60788328e-02
 4.41924100e+03  1.62345157e-02
 4.42014100e+03  1.64510402e-02
 4.42104100e+03  1.66119007e-02
 4.42194200e+03  1.66076965e-02
 4.42284200e+03  1.64481417e-02
 4.42374200e+03  1.63116734e-02
 4.42464200e+03  1.63530773e-02
 4.42554200e+03  1.64542071e-02
 4.42644300e+03  1.64680543e-02
 4.42734300e+03  1.64021063e-02
 4.42824300e+03  1.63312038e-02
 4.42914300e+03  1.63426296e-02
 4.43004300e+03  1.63731395e-02
 4.43094400e+03  1.62719622e-02
 4.43184400e+03  1.61742889e-02
 4.43274400e+03  1.62418013e-02
 4.43364400e+03  1.62939971e-02
 4.43454500e+03  1.61867568e-02
 4.43544500e+03  1.59989759e-02
 4.43634500e+03  1.58969915e-02
 4.43724500e+03  1.59887798e-02
 4.43814600e+03  1.61868826e-02
 4.43904600e+03  1.63686124e-02
 4.43994600e+03  1.65104908e-02
 4.44084600e+03  1.65522507e-02
 4.44174700e+03  1.64128721e-02
 4.44264700e+03  1.61640430e-02
 4.44354700e+03  1.59362920e-02
 4.44444800e+03  1.58312002e-02
 4.44534800e+03  1.59593026e-02
 4.44624800e+03  1.62429171e-02
 4.44714800e+03  1.64013917e-02
 4.44804800e+03  1.63477336e-02
 4.44894900e+03  1.62920956e-02
 4.44984900e+03  1.63249912e-02
 4.45074900e+03  1.62743148e-02
 4.45164900e+03  1.61810807e-02
 4.45254900e+03  1.62193771e-02
 4.45345000e+03  1.62929075e-02
 4.45435000e+03  1.62223089e-02
 4.45525000e+03  1.60099221e-02
 4.45615000e+03  1.58235561e-02
 4.45705100e+03  1.58394947e-02
 4.45795100e+03  1.59578403e-02
 4.45885100e+03  1.59892404e-02
 4.45975100e+03  1.59434922e-02
 4.46065200e+03  1.59033821e-02
 4.46155200e+03  1.58628163e-02
 4.46245200e+03  1.57615488e-02
 4.46335200e+03  1.57405893e-02
 4.46425300e+03  1.58810410e-02
 4.46515300e+03  1.59937413e-02
 4.46605300e+03  1.59742442e-02
 4.46695300e+03  1.59230265e-02
 4.46785400e+03  1.58705506e-02
 4.46875400e+03  1.57502987e-02
 4.46965400e+03  1.55849278e-02
 4.47055400e+03  1.58656104e-02
 4.47145500e+03  1.86199916e-02
 4.47235500e+03  2.36715025e-02
 4.47325500e+03  2.30943695e-02
 4.47415500e+03  1.82101904e-02
 4.47505500e+03  1.62348196e-02
 4.47595600e+03  1.61011336e-02
 4.47685600e+03  1.61311307e-02
 4.47775600e+03  1.61999416e-02
 4.47865600e+03  1.62644131e-02
 4.47955600e+03  1.61724206e-02
 4.48045700e+03  1.58361356e-02
 4.48135700e+03  1.53120459e-02
 4.48225700e+03  1.49204363e-02
 4.48315800e+03  1.50229643e-02
 4.48405800e+03  1.54832733e-02
 4.48495800e+03  1.59115865e-02
 4.48585800e+03  1.61402466e-02
 4.48675800e+03  1.62018147e-02
 4.48765900e+03  1.61825692e-02
 4.48855900e+03  1.60650948e-02
 4.48945900e+03  1.58498783e-02
 4.49036000e+03  1.56778746e-02
 4.49126000e+03  1.56455083e-02
 4.49216000e+03  1.57481574e-02
 4.49306000e+03  1.58983423e-02
 4.49396100e+03  1.59693135e-02
 4.49486100e+03  1.58907884e-02
 4.49576100e+03  1.57625910e-02
 4.49666100e+03  1.57304288e-02
 4.49756100e+03  1.57789593e-02
 4.49846200e+03  1.58634762e-02
 4.49936200e+03  1.59773968e-02
 4.50026200e+03  1.60370277e-02
 4.50116200e+03  1.59503790e-02
 4.50206200e+03  1.57685472e-02
 4.50296300e+03  1.57224999e-02
 4.50386300e+03  1.59273755e-02
 4.50476300e+03  1.61810807e-02
 4.50566300e+03  1.62629484e-02
 4.50656400e+03  1.62024580e-02
 4.50746400e+03  1.60770500e-02
 4.50836400e+03  1.59261957e-02
 4.50926500e+03  1.58399291e-02
 4.51016500e+03  1.58747026e-02
 4.51106500e+03  1.59922434e-02
 4.51196500e+03  1.60743817e-02
 4.51286500e+03  1.60181336e-02
 4.51376600e+03  1.58910875e-02
 4.51466600e+03  1.57783776e-02
 4.51556600e+03  1.56741143e-02
 4.51646700e+03  1.56368790e-02
 4.51736700e+03  1.57007309e-02
 4.51826700e+03  1.57410546e-02
 4.51916700e+03  1.56983379e-02
 4.52006700e+03  1.56696608e-02
 4.52096800e+03  1.56962679e-02
 4.52186800e+03  1.57410071e-02
 4.52276800e+03  1.56946749e-02
 4.52366800e+03  1.55263152e-02
 4.52456800e+03  1.54492762e-02
 4.52546900e+03  1.55006363e-02
 4.52636900e+03  1.54917649e-02
 4.52726900e+03  1.54265861e-02
 4.52816900e+03  1.53500835e-02
 4.52906900e+03  1.52450154e-02
 4.52997000e+03  1.51639264e-02
 4.53087000e+03  1.51857049e-02
 4.53177000e+03  1.52669862e-02
 4.53267100e+03  1.53705160e-02
 4.53357100e+03  1.54063601e-02
 4.53447100e+03  1.52530084e-02
 4.53537200e+03  1.50731992e-02
 4.53627200e+03  1.50833264e-02
 4.53717200e+03  1.53131545e-02
 4.53807200e+03  1.56236515e-02
 4.53897200e+03  1.57709496e-02
 4.53987300e+03  1.57113329e-02
 4.54077300e+03  1.55616157e-02
 4.54167300e+03  1.54148707e-02
 4.54257300e+03  1.53818088e-02
 4.54347400e+03  1.54775189e-02
 4.54437400e+03  1.55454753e-02
 4.54527400e+03  1.54590639e-02
 4.54617400e+03  1.53556670e-02
 4.54707400e+03  1.53758882e-02
 4.54797500e+03  1.54235451e-02
 4.54887500e+03  1.53366660e-02
 4.54977500e+03  1.50750200e-02
 4.55067500e+03  1.48764685e-02
 4.55157500e+03  1.50094851e-02
 4.55247600e+03  1.52258577e-02
 4.55337600e+03  1.51931994e-02
 4.55427600e+03  1.50251341e-02
 4.55517600e+03  1.49128112e-02
 4.55607700e+03  1.48885780e-02
 4.55697700e+03  1.49873315e-02
 4.55787700e+03  1.52126918e-02
 4.55877800e+03  1.53729089e-02
 4.55967800e+03  1.53877698e-02
 4.56057800e+03  1.54090166e-02
 4.56147900e+03  1.54800021e-02
 4.56237900e+03  1.55231199e-02
 4.56327900e+03  1.54727259e-02
 4.56417900e+03  1.52803230e-02
 4.56507900e+03  1.50657450e-02
 4.56598000e+03  1.50161155e-02
 4.56688000e+03  1.51090219e-02
 4.56778000e+03  1.52303017e-02
 4.56868000e+03  1.53220331e-02
 4.56958000e+03  1.53494592e-02
 4.57048100e+03  1.53525049e-02
 4.57138100e+03  1.52954473e-02
 4.57228100e+03  1.51079560e-02
 4.57318100e+03  1.50067455e-02
 4.57408100e+03  1.51656214e-02
 4.57498200e+03  1.53251857e-02
 4.57588200e+03  1.52795419e-02
 4.57678200e+03  1.51994025e-02
 4.57768200e+03  1.52239348e-02
 4.57858300e+03  1.52801331e-02
 4.57948300e+03  1.52350923e-02
 4.58038300e+03  1.51038800e-02
 4.58128300e+03  1.50003905e-02
 4.58218400e+03  1.49769953e-02
 4.58308400e+03  1.49820969e-02
 4.58398400e+03  1.49203461e-02
 4.58488500e+03  1.48408642e-02
 4.58578500e+03  1.48905413e-02
 4.58668500e+03  1.50006968e-02
 4.58758500e+03  1.50620203e-02
 4.58848600e+03  1.50835852e-02
 4.58938600e+03  1.50926157e-02
 4.59028600e+03  1.51089460e-02
 4.59118600e+03  1.50973422e-02
 4.59208600e+03  1.50090222e-02
 4.59298700e+03  1.49030614e-02
 4.59388700e+03  1.48937603e-02
 4.59478700e+03  1.49627802e-02
 4.59568700e+03  1.49798085e-02
 4.59658700e+03  1.49305421e-02
 4.59748800e+03  1.49169941e-02
 4.59838800e+03  1.49563729e-02
 4.59928800e+03  1.50019336e-02
 4.60018800e+03  1.50460152e-02
 4.60108800e+03  1.49969815e-02
 4.60198900e+03  1.49053712e-02
 4.60288900e+03  1.48941947e-02
 4.60378900e+03  1.49284531e-02
 4.60469000e+03  1.49813112e-02
 4.60559000e+03  1.50004807e-02
 4.60649000e+03  1.49616455e-02
 4.60739100e+03  1.49584525e-02
 4.60829100e+03  1.50291318e-02
 4.60919100e+03  1.51293191e-02
 4.61009100e+03  1.52031818e-02
 4.61099200e+03  1.52225318e-02
 4.61189200e+03  1.51657163e-02
 4.61279200e+03  1.50843092e-02
 4.61369200e+03  1.50320494e-02
 4.61459200e+03  1.49903654e-02
 4.61549300e+03  1.50006801e-02
 4.61639300e+03  1.50246189e-02
 4.61729300e+03  1.49955358e-02
 4.61819300e+03  1.50007703e-02
 4.61909300e+03  1.49928604e-02
 4.61999400e+03  1.48742323e-02
 4.62089400e+03  1.48003672e-02
 4.62179400e+03  1.48896012e-02
 4.62269400e+03  1.49907737e-02
 4.62359500e+03  1.50178769e-02
 4.62449500e+03  1.50467250e-02
 4.62539500e+03  1.50687932e-02
 4.62629500e+03  1.50190354e-02
 4.62719500e+03  1.49678272e-02
 4.62809600e+03  1.49662224e-02
 4.62899600e+03  1.49083577e-02
 4.62989600e+03  1.47554903e-02
 4.63079700e+03  1.46650005e-02
 4.63169700e+03  1.47631367e-02
 4.63259700e+03  1.48975705e-02
 4.63349800e+03  1.48920250e-02
 4.63439800e+03  1.47767204e-02
 4.63529800e+03  1.46883956e-02
 4.63619800e+03  1.47082228e-02
 4.63709800e+03  1.47656721e-02
 4.63799900e+03  1.47508706e-02
 4.63889900e+03  1.46867268e-02
 4.63979900e+03  1.46474856e-02
 4.64069900e+03  1.46072236e-02
 4.64159900e+03  1.45949147e-02
 4.64250000e+03  1.46579712e-02
 4.64340000e+03  1.46924313e-02
 4.64430000e+03  1.46523545e-02
 4.64520000e+03  1.46399079e-02
 4.64610000e+03  1.46433407e-02
 4.64700100e+03  1.45326392e-02
 4.64790100e+03  1.43903928e-02
 4.64880100e+03  1.43470755e-02
 4.64970200e+03  1.43624847e-02
 4.65060200e+03  1.44101036e-02
 4.65150200e+03  1.44860055e-02
 4.65240200e+03  1.45740193e-02
 4.65330200e+03  1.46691026e-02
 4.65420300e+03  1.47344785e-02
 4.65510300e+03  1.46838282e-02
 4.65600300e+03  1.45468377e-02
 4.65690400e+03  1.44632869e-02
 4.65780400e+03  1.44699292e-02
 4.65870400e+03  1.45835578e-02
 4.65960400e+03  1.47767062e-02
 4.66050500e+03  1.49241895e-02
 4.66140500e+03  1.49350455e-02
 4.66230500e+03  1.47977582e-02
 4.66320500e+03  1.46148700e-02
 4.66410500e+03  1.44895142e-02
 4.66500600e+03  1.44719399e-02
 4.66590600e+03  1.45171658e-02
 4.66680600e+03  1.44482765e-02
 4.66770600e+03  1.42273887e-02
 4.66860600e+03  1.40615263e-02
 4.66950700e+03  1.40962096e-02
 4.67040700e+03  1.42294991e-02
 4.67130700e+03  1.43655922e-02
 4.67220700e+03  1.45107396e-02
 4.67310800e+03  1.45789927e-02
 4.67400800e+03  1.45289762e-02
 4.67490800e+03  1.44683268e-02
 4.67580900e+03  1.44820387e-02
 4.67670900e+03  1.45562812e-02
 4.67760900e+03  1.46153780e-02
 4.67850900e+03  1.45911544e-02
 4.67940900e+03  1.44958574e-02
 4.68031000e+03  1.44163091e-02
 4.68121000e+03  1.43741360e-02
 4.68211000e+03  1.43418790e-02
 4.68301100e+03  1.43509023e-02
 4.68391100e+03  1.44274286e-02
 4.68481100e+03  1.45079383e-02
 4.68571100e+03  1.45371900e-02
 4.68661100e+03  1.45356612e-02
 4.68751200e+03  1.45057614e-02
 4.68841200e+03  1.44655374e-02
 4.68931200e+03  1.44671280e-02
 4.69021200e+03  1.44902169e-02
 4.69111200e+03  1.44679137e-02
 4.69201300e+03  1.44177215e-02
 4.69291300e+03  1.43944190e-02
 4.69381300e+03  1.44135505e-02
 4.69471300e+03  1.44360887e-02
 4.69561400e+03  1.44723482e-02
 4.69651400e+03  1.45391817e-02
 4.69741400e+03  1.45726448e-02
 4.69831400e+03  1.44830428e-02
 4.69921500e+03  1.42900962e-02
 4.70011500e+03  1.41597670e-02
 4.70101500e+03  1.41710290e-02
 4.70191600e+03  1.42110844e-02
 4.70281600e+03  1.41865142e-02
 4.70371600e+03  1.41142776e-02
 4.70461600e+03  1.40920552e-02
 4.70551600e+03  1.41732272e-02
 4.70641700e+03  1.42458911e-02
 4.70731700e+03  1.42091093e-02
 4.70821700e+03  1.40999580e-02
 4.70911700e+03  1.40258484e-02
 4.71001800e+03  1.40025197e-02
 4.71091800e+03  1.40407947e-02
 4.71181800e+03  1.41614976e-02
 4.71271800e+03  1.42237233e-02
 4.71361800e+03  1.41128580e-02
 4.71451900e+03  1.39455214e-02
 4.71541900e+03  1.38716255e-02
 4.71631900e+03  1.39574054e-02
 4.71721900e+03  1.41424396e-02
 4.71811900e+03  1.42817637e-02
 4.71902000e+03  1.43099922e-02
 4.71992000e+03  1.43099946e-02
 4.72082000e+03  1.43508145e-02
 4.72172100e+03  1.43826347e-02
 4.72262100e+03  1.43408724e-02
 4.72352100e+03  1.42865662e-02
 4.72442100e+03  1.43001119e-02
 4.72532200e+03  1.43600586e-02
 4.72622200e+03  1.43881446e-02
 4.72712200e+03  1.43265718e-02
 4.72802300e+03  1.41459744e-02
 4.72892300e+03  1.39453291e-02
 4.72982300e+03  1.38706094e-02
 4.73072300e+03  1.39008392e-02
 4.73162300e+03  1.39172549e-02
 4.73252400e+03  1.39409682e-02
 4.73342400e+03  1.40220762e-02
 4.73432400e+03  1.40949110e-02
 4.73522400e+03  1.41489751e-02
 4.73612400e+03  1.41926817e-02
 4.73702500e+03  1.41218623e-02
 4.73792500e+03  1.39955451e-02
 4.73882500e+03  1.40244264e-02
 4.73972500e+03  1.41482415e-02
 4.74062500e+03  1.41721970e-02
 4.74152600e+03  1.41009147e-02
 4.74242600e+03  1.40447070e-02
 4.74332600e+03  1.40710363e-02
 4.74422600e+03  1.41457703e-02
 4.74512700e+03  1.41602299e-02
 4.74602700e+03  1.41044899e-02
 4.74692700e+03  1.41054109e-02
 4.74782800e+03  1.41635891e-02
 4.74872800e+03  1.41712854e-02
 4.74962800e+03  1.41295563e-02
 4.75052900e+03  1.41269426e-02
 4.75142900e+03  1.41567070e-02
 4.75232900e+03  1.41427649e-02
 4.75322900e+03  1.40754067e-02
 4.75412900e+03  1.40188738e-02
 4.75503000e+03  1.39672097e-02
 4.75593000e+03  1.39289395e-02
 4.75683000e+03  1.39025318e-02
 4.75773000e+03  1.38739852e-02
 4.75863000e+03  1.38976154e-02
 4.75953100e+03  1.39638957e-02
 4.76043100e+03  1.40156452e-02
 4.76133100e+03  1.40208014e-02
 4.76223100e+03  1.39321039e-02
 4.76313100e+03  1.37608361e-02
 4.76403200e+03  1.36392810e-02
 4.76493200e+03  1.36014594e-02
 4.76583200e+03  1.35777912e-02
 4.76673300e+03  1.35828572e-02
 4.76763300e+03  1.36308844e-02
 4.76853300e+03  1.37031566e-02
 4.76943300e+03  1.37905958e-02
 4.77033300e+03  1.38991608e-02
 4.77123400e+03  1.39516604e-02
 4.77213400e+03  1.38767603e-02
 4.77303400e+03  1.37741160e-02
 4.77393500e+03  1.37661182e-02
 4.77483500e+03  1.38452273e-02
 4.77573500e+03  1.39286736e-02
 4.77663500e+03  1.39476746e-02
 4.77753600e+03  1.39374595e-02
 4.77843600e+03  1.39543003e-02
 4.77933600e+03  1.39356672e-02
 4.78023600e+03  1.38566697e-02
 4.78113600e+03  1.38067030e-02
 4.78203700e+03  1.38285242e-02
 4.78293700e+03  1.38469151e-02
 4.78383700e+03  1.37835025e-02
 4.78473700e+03  1.37129419e-02
 4.78563700e+03  1.37321400e-02
 4.78653800e+03  1.37268390e-02
 4.78743800e+03  1.36430532e-02
 4.78833800e+03  1.36226326e-02
 4.78923800e+03  1.36696152e-02
 4.79013900e+03  1.36570452e-02
 4.79103900e+03  1.36310458e-02
 4.79193900e+03  1.36667593e-02
 4.79284000e+03  1.37040302e-02
 4.79374000e+03  1.37461866e-02
 4.79464000e+03  1.38357861e-02
 4.79554000e+03  1.39228788e-02
 4.79644000e+03  1.39465612e-02
 4.79734100e+03  1.39015371e-02
 4.79824100e+03  1.38058318e-02
 4.79914100e+03  1.36833294e-02
 4.80004200e+03  1.35769105e-02
 4.80094200e+03  1.35386118e-02
 4.80184200e+03  1.35906580e-02
 4.80274200e+03  1.37049204e-02
 4.80364200e+03  1.37697598e-02
 4.80454300e+03  1.37229576e-02
 4.80544300e+03  1.36053123e-02
 4.80634300e+03  1.35046122e-02
 4.80724300e+03  1.35036935e-02
 4.80814300e+03  1.35377643e-02
 4.80904400e+03  1.35233758e-02
 4.80994400e+03  1.34951592e-02
 4.81084400e+03  1.35041564e-02
 4.81174400e+03  1.35237913e-02
 4.81264500e+03  1.35008139e-02
 4.81354500e+03  1.34890819e-02
 4.81444500e+03  1.35037077e-02
 4.81534500e+03  1.35159881e-02
 4.81624600e+03  1.35204155e-02
 4.81714600e+03  1.35380325e-02
 4.81804600e+03  1.35767776e-02
 4.81894700e+03  1.36086121e-02
 4.81984700e+03  1.36109860e-02
 4.82074700e+03  1.35774660e-02
 4.82164700e+03  1.35459021e-02
 4.82254700e+03  1.35410355e-02
 4.82344800e+03  1.34425907e-02
 4.82434800e+03  1.32201265e-02
 4.82524800e+03  1.31025715e-02
 4.82614800e+03  1.32148588e-02
 4.82704900e+03  1.33700194e-02
 4.82794900e+03  1.34233784e-02
 4.82884900e+03  1.33906014e-02
 4.82974900e+03  1.33144241e-02
 4.83064900e+03  1.32818181e-02
 4.83155000e+03  1.32973175e-02
 4.83245000e+03  1.32424392e-02
 4.83335000e+03  1.31499244e-02
 4.83425000e+03  1.31491458e-02
 4.83515000e+03  1.32033998e-02
 4.83605100e+03  1.32023908e-02
 4.83695100e+03  1.31509761e-02
 4.83785100e+03  1.31058380e-02
 4.83875200e+03  1.30746373e-02
 4.83965200e+03  1.29980778e-02
 4.84055200e+03  1.28627823e-02
 4.84145300e+03  1.27710913e-02
 4.84235300e+03  1.27807319e-02
 4.84325300e+03  1.27814654e-02
 4.84415300e+03  1.27096419e-02
 4.84505300e+03  1.26569215e-02
 4.84595400e+03  1.26814656e-02
 4.84685400e+03  1.26911561e-02
 4.84775400e+03  1.25832772e-02
 4.84865400e+03  1.23732691e-02
 4.84955500e+03  1.21652503e-02
 4.85045500e+03  1.20881852e-02
 4.85135500e+03  1.21118106e-02
 4.85225500e+03  1.20866540e-02
 4.85315500e+03  1.19662692e-02
 4.85405600e+03  1.18098860e-02
 4.85495600e+03  1.15943276e-02
 4.85585600e+03  1.12456127e-02
 4.85675600e+03  1.09136743e-02
 4.85765700e+03  1.07775669e-02
 4.85855700e+03  1.06759505e-02
 4.85945700e+03  1.07333595e-02
 4.86035700e+03  1.82805777e-02
 4.86125700e+03  7.91793247e-02
 4.86215800e+03  2.21736802e-01
 4.86305800e+03  2.47251395e-01
 4.86395800e+03  1.07487545e-01
 4.86485900e+03  2.46431911e-02
 4.86575900e+03  1.09562818e-02
 4.86665900e+03  1.04766251e-02
 4.86756000e+03  1.07726363e-02
 4.86846000e+03  1.10032620e-02
 4.86936000e+03  1.11660881e-02
 4.87026000e+03  1.13105826e-02
 4.87116000e+03  1.13570809e-02
 4.87206100e+03  1.13011296e-02
 4.87296100e+03  1.13102170e-02
 4.87386100e+03  1.14903728e-02
 4.87476100e+03  1.17195576e-02
 4.87566100e+03  1.18547059e-02
 4.87656200e+03  1.19119487e-02
 4.87746200e+03  1.19912383e-02
 4.87836200e+03  1.21157276e-02
 4.87926200e+03  1.22470017e-02
 4.88016200e+03  1.24087903e-02
 4.88106300e+03  1.25101622e-02
 4.88196300e+03  1.24699169e-02
 4.88286300e+03  1.24074894e-02
 4.88376400e+03  1.24195609e-02
 4.88466400e+03  1.24594810e-02
 4.88556400e+03  1.24551937e-02
 4.88646400e+03  1.24251942e-02
 4.88736400e+03  1.24445110e-02
 4.88826500e+03  1.25291917e-02
 4.88916500e+03  1.26230929e-02
 4.89006500e+03  1.26658570e-02
 4.89096600e+03  1.26207949e-02
 4.89186600e+03  1.24937678e-02
 4.89276600e+03  1.24797188e-02
 4.89366600e+03  1.26866290e-02
 4.89456700e+03  1.28976745e-02
 4.89546700e+03  1.30248535e-02
 4.89636700e+03  1.31211475e-02
 4.89726700e+03  1.31540456e-02
 4.89816700e+03  1.31323098e-02
 4.89906800e+03  1.31086939e-02
 4.89996800e+03  1.30261425e-02
 4.90086800e+03  1.28883306e-02
 4.90176800e+03  1.28575953e-02
 4.90266800e+03  1.29320895e-02
 4.90356900e+03  1.29420458e-02
 4.90446900e+03  1.28847674e-02
 4.90536900e+03  1.28999938e-02
 4.90627000e+03  1.30108449e-02
 4.90717000e+03  1.31104340e-02
 4.90807000e+03  1.31187071e-02
 4.90897000e+03  1.30343991e-02
 4.90987000e+03  1.28953243e-02
 4.91077100e+03  1.27588727e-02
 4.91167100e+03  1.26750346e-02
 4.91257100e+03  1.26991942e-02
 4.91347200e+03  1.28211031e-02
 4.91437200e+03  1.29050930e-02
 4.91527200e+03  1.29468648e-02
 4.91617200e+03  1.30161910e-02
 4.91707300e+03  1.30388929e-02
 4.91797300e+03  1.29733746e-02
 4.91887300e+03  1.27976225e-02
 4.91977300e+03  1.25497477e-02
 4.92067300e+03  1.23134791e-02
 4.92157400e+03  1.21452618e-02
 4.92247400e+03  1.20862741e-02
 4.92337400e+03  1.21275569e-02
 4.92427400e+03  1.21626699e-02
 4.92517400e+03  1.21983810e-02
 4.92607500e+03  1.23587477e-02
 4.92697500e+03  1.26219486e-02
 4.92787500e+03  1.28339769e-02
 4.92877500e+03  1.29096771e-02
 4.92967600e+03  1.29497065e-02
 4.93057600e+03  1.29991366e-02
 4.93147600e+03  1.30043047e-02
 4.93237700e+03  1.29857310e-02
 4.93327700e+03  1.29011760e-02
 4.93417700e+03  1.26933021e-02
 4.93507700e+03  1.25359978e-02
 4.93597700e+03  1.26132814e-02
 4.93687800e+03  1.27749727e-02
 4.93777800e+03  1.27638888e-02
 4.93867800e+03  1.25861663e-02
 4.93957900e+03  1.24203277e-02
 4.94047900e+03  1.23990690e-02
 4.94137900e+03  1.25723927e-02
 4.94227900e+03  1.27852281e-02
 4.94317900e+03  1.28589152e-02
 4.94408000e+03  1.28673094e-02
 4.94498000e+03  1.29000175e-02
 4.94588000e+03  1.28764728e-02
 4.94678000e+03  1.28063775e-02
 4.94768000e+03  1.27950491e-02
 4.94858100e+03  1.33016191e-02
 4.94948100e+03  1.33405897e-02
 4.95038100e+03  1.33442123e-02
 4.95128100e+03  1.33466836e-02
 4.95218200e+03  1.33721844e-02
 4.95308200e+03  1.33389089e-02
 4.95398200e+03  1.32425674e-02
 4.95488200e+03  1.32177526e-02
 4.95578300e+03  1.32461591e-02
 4.95668300e+03  1.32972653e-02
 4.95758300e+03  1.56949812e-02
 4.95848400e+03  4.58860476e-02
 4.95938400e+03  1.64001691e-01
 4.96028400e+03  2.66917339e-01
 4.96118400e+03  1.70003008e-01
 4.96208500e+03  4.88123067e-02
 4.96298500e+03  1.61669344e-02
 4.96388500e+03  1.32877577e-02
 4.96478500e+03  1.32257219e-02
 4.96568500e+03  1.31601537e-02
 4.96658600e+03  1.30106502e-02
 4.96748600e+03  1.29340432e-02
 4.96838600e+03  1.29412434e-02
 4.96928600e+03  1.29431568e-02
 4.97018600e+03  1.29612201e-02
 4.97108700e+03  1.30083546e-02
 4.97198700e+03  1.30486190e-02
 4.97288700e+03  1.30962354e-02
 4.97378700e+03  1.31234123e-02
 4.97468800e+03  1.31436643e-02
 4.97558800e+03  1.31868795e-02
 4.97648800e+03  1.31841709e-02
 4.97738800e+03  1.31333899e-02
 4.97828900e+03  1.30760807e-02
 4.97918900e+03  1.29874948e-02
 4.98008900e+03  1.29180856e-02
 4.98098900e+03  1.29021351e-02
 4.98189000e+03  1.28481541e-02
 4.98279000e+03  1.26847274e-02
 4.98369000e+03  1.25003579e-02
 4.98459100e+03  1.24476469e-02
 4.98549100e+03  1.25265756e-02
 4.98639100e+03  1.26282823e-02
 4.98729100e+03  1.27476558e-02
 4.98819100e+03  1.29039108e-02
 4.98909200e+03  1.30004328e-02
 4.98999200e+03  1.29797154e-02
 4.99089200e+03  1.29090314e-02
 4.99179200e+03  1.28263234e-02
 4.99269200e+03  1.27902134e-02
 4.99359300e+03  1.28165926e-02
 4.99449300e+03  1.27975441e-02
 4.99539300e+03  1.27786571e-02
 4.99629300e+03  1.28506586e-02
 4.99719400e+03  1.29159847e-02
 4.99809400e+03  1.29184369e-02
 4.99899400e+03  1.28931735e-02
 4.99989400e+03  1.28004118e-02
 5.00079500e+03  1.26612587e-02
 5.00169500e+03  1.25584458e-02
 5.00259500e+03  1.25108198e-02
 5.00349500e+03  1.25170467e-02
 5.00439600e+03  1.26528834e-02
 5.00529600e+03  1.62105223e-02
 5.00619600e+03  7.05811330e-02
 5.00709600e+03  3.54094296e-01
 5.00799700e+03  7.50617283e-01
 5.00889700e+03  5.99105405e-01
 5.00979700e+03  1.84119087e-01
 5.01069700e+03  3.11599135e-02
 5.01159800e+03  1.33896993e-02
 5.01249800e+03  1.25654821e-02
 5.01339800e+03  1.24131275e-02
 5.01429800e+03  1.22776017e-02
 5.01519800e+03  1.21770013e-02
 5.01609900e+03  1.21594152e-02
 5.01699900e+03  1.22212729e-02
 5.01789900e+03  1.22473981e-02
 5.01879900e+03  1.17007537e-02
 5.01969900e+03  1.16414171e-02
 5.02060000e+03  1.17628155e-02
 5.02150000e+03  1.19532386e-02
 5.02240000e+03  1.20271726e-02
 5.02330100e+03  1.19911243e-02
 5.02420100e+03  1.20109823e-02
 5.02510100e+03  1.21140587e-02
 5.02600200e+03  1.21780079e-02
 5.02690200e+03  1.21820317e-02
 5.02780200e+03  1.21130925e-02
 5.02870200e+03  1.19989013e-02
 5.02960200e+03  1.20118939e-02
 5.03050300e+03  1.21264554e-02
 5.03140300e+03  1.21691673e-02
 5.03230300e+03  1.21549403e-02
 5.03320300e+03  1.22070245e-02
 5.03410400e+03  1.23034966e-02
 5.03500400e+03  1.23267304e-02
 5.03590400e+03  1.21991763e-02
 5.03680400e+03  1.20037489e-02
 5.03770400e+03  1.19362436e-02
 5.03860500e+03  1.20068042e-02
 5.03950500e+03  1.20039839e-02
 5.04040500e+03  1.18524602e-02
 5.04130500e+03  1.16337397e-02
 5.04220600e+03  1.14578689e-02
 5.04310600e+03  1.15311120e-02
 5.04400600e+03  1.18434107e-02
 5.04490600e+03  1.20916511e-02
 5.04580600e+03  1.21913660e-02
 5.04670700e+03  1.22386691e-02
 5.04760700e+03  1.22199696e-02
 5.04850700e+03  1.20855905e-02
 5.04940800e+03  1.19100140e-02
 5.05030800e+03  1.18321132e-02
 5.05120800e+03  1.18711740e-02
 5.05210900e+03  1.19051830e-02
 5.05300900e+03  1.18906664e-02
 5.05390900e+03  1.19454711e-02
 5.05480900e+03  1.20586249e-02
 5.05570900e+03  1.21001617e-02
 5.05661000e+03  1.20586391e-02
 5.05751000e+03  1.20275192e-02
 5.05841000e+03  1.20682346e-02
 5.05931000e+03  1.21352461e-02
 5.06021000e+03  1.21588906e-02
 5.06111100e+03  1.21629903e-02
 5.06201100e+03  1.22047408e-02
 5.06291100e+03  1.22586458e-02
 5.06381100e+03  1.22423131e-02
 5.06471200e+03  1.21007481e-02
 5.06561200e+03  1.18918842e-02
 5.06651200e+03  1.18054752e-02
 5.06741200e+03  1.18860657e-02
 5.06831200e+03  1.19465774e-02
 5.06921300e+03  1.19092994e-02
 5.07011300e+03  1.18903672e-02
 5.07101300e+03  1.19582144e-02
 5.07191400e+03  1.20118298e-02
 5.07281400e+03  1.19362270e-02
 5.07371400e+03  1.18489491e-02
 5.07461400e+03  1.18801925e-02
 5.07551500e+03  1.19120579e-02
 5.07641500e+03  1.18731135e-02
 5.07731500e+03  1.18632664e-02
 5.07821500e+03  1.19230208e-02
 5.07911600e+03  1.19204308e-02
 5.08001600e+03  1.17322701e-02
 5.08091600e+03  1.15123294e-02
 5.08181600e+03  1.15012502e-02
 5.08271600e+03  1.16408331e-02
 5.08361700e+03  1.17360921e-02
 5.08451700e+03  1.17477149e-02
 5.08541700e+03  1.17843472e-02
 5.08631700e+03  1.18659584e-02
 5.08721700e+03  1.18962522e-02
 5.08811800e+03  1.18572650e-02
 5.08901800e+03  1.18343993e-02
 5.08991800e+03  1.18777142e-02
 5.09081900e+03  1.19260286e-02
 5.09171900e+03  1.19256297e-02
 5.09261900e+03  1.19137980e-02
 5.09351900e+03  1.19397642e-02
 5.09441900e+03  1.19872358e-02
 5.09532000e+03  1.20043353e-02
 5.09622000e+03  1.19667060e-02
 5.09712000e+03  1.18785664e-02
 5.09802100e+03  1.17519310e-02
 5.09892100e+03  1.16083956e-02
 5.09982100e+03  1.14767939e-02
 5.10072100e+03  1.14520266e-02
 5.10162200e+03  1.15779047e-02
 5.10252200e+03  1.17377562e-02
 5.10342200e+03  1.18122029e-02
 5.10432200e+03  1.17875354e-02
 5.10522200e+03  1.17487025e-02
 5.10612300e+03  1.17485505e-02
 5.10702300e+03  1.17428293e-02
 5.10792300e+03  1.16657119e-02
 5.10882300e+03  1.15786098e-02
 5.10972300e+03  1.15785386e-02
 5.11062400e+03  1.15772471e-02
 5.11152400e+03  1.15550366e-02
 5.11242400e+03  1.16262167e-02
 5.11332400e+03  1.17340102e-02
 5.11422500e+03  1.17703219e-02
 5.11512500e+03  1.17673355e-02
 5.11602500e+03  1.17668868e-02
 5.11692600e+03  1.17868279e-02
 5.11782600e+03  1.18473752e-02
 5.11872600e+03  1.19029895e-02
 5.11962600e+03  1.18988541e-02
 5.12052700e+03  1.18509266e-02
 5.12142700e+03  1.17887223e-02
 5.12232700e+03  1.17140263e-02
 5.12322700e+03  1.16141548e-02
 5.12412800e+03  1.14921058e-02
 5.12502800e+03  1.14075034e-02
 5.12592800e+03  1.14247240e-02
 5.12682800e+03  1.14826267e-02
 5.12772800e+03  1.14916263e-02
 5.12862900e+03  1.14525679e-02
 5.12952900e+03  1.14201684e-02
 5.13042900e+03  1.14200236e-02
 5.13132900e+03  1.14637325e-02
 5.13222900e+03  1.15276650e-02
 5.13313000e+03  1.15488952e-02
 5.13403000e+03  1.15305067e-02
 5.13493000e+03  1.15405270e-02
 5.13583100e+03  1.16306892e-02
 5.13673100e+03  1.16963547e-02
 5.13763100e+03  1.16215614e-02
 5.13853100e+03  1.15077619e-02
 5.13943100e+03  1.14395041e-02
 5.14033200e+03  1.13817367e-02
 5.14123200e+03  1.14242943e-02
 5.14213200e+03  1.15205219e-02
 5.14303300e+03  1.14473381e-02
 5.14393300e+03  1.13058822e-02
 5.14483300e+03  1.13345998e-02
 5.14573300e+03  1.14311526e-02
 5.14663400e+03  1.14166953e-02
 5.14753400e+03  1.13624532e-02
 5.14843400e+03  1.13310104e-02
 5.14933400e+03  1.13286649e-02
 5.15023400e+03  1.13927636e-02
 5.15113500e+03  1.14395231e-02
 5.15203500e+03  1.13825913e-02
 5.15293500e+03  1.13069339e-02
 5.15383500e+03  1.12811268e-02
 5.15473500e+03  1.12679134e-02
 5.15563600e+03  1.12787196e-02
 5.15653600e+03  1.13559533e-02
 5.15743600e+03  1.14556801e-02
 5.15833700e+03  1.15403371e-02
 5.15923700e+03  1.15890361e-02
 5.16013700e+03  1.15833434e-02
 5.16103700e+03  1.15672695e-02
 5.16193800e+03  1.15540822e-02
 5.16283800e+03  1.14943896e-02
 5.16373800e+03  1.14420300e-02
 5.16463800e+03  1.14542106e-02
 5.16553900e+03  1.14184876e-02
 5.16643900e+03  1.12413514e-02
 5.16733900e+03  1.09579554e-02
 5.16823900e+03  1.06563299e-02
 5.16914000e+03  1.04824460e-02
 5.17004000e+03  1.05552927e-02
 5.17094000e+03  1.08338388e-02
 5.17184000e+03  1.10200339e-02
 5.17274000e+03  1.08721589e-02
 5.17364100e+03  1.06258936e-02
 5.17454100e+03  1.06893728e-02
 5.17544100e+03  1.10539646e-02
 5.17634100e+03  1.13546097e-02
 5.17724100e+03  1.14143119e-02
 5.17814200e+03  1.13973145e-02
 5.17904200e+03  1.14369853e-02
 5.17994200e+03  1.14624102e-02
 5.18084200e+03  1.14305781e-02
 5.18174300e+03  1.14016873e-02
 5.18264300e+03  1.13317392e-02
 5.18354300e+03  1.10604668e-02
 5.18444400e+03  1.06668702e-02
 5.18534400e+03  1.05527930e-02
 5.18624400e+03  1.08403790e-02
 5.18714400e+03  1.11724597e-02
 5.18804500e+03  1.13118788e-02
 5.18894500e+03  1.12776585e-02
 5.18984500e+03  1.12211350e-02
 5.19074500e+03  1.12947176e-02
 5.19164600e+03  1.13487294e-02
 5.19254600e+03  1.12002348e-02
 5.19344600e+03  1.10080479e-02
 5.19434600e+03  1.09849637e-02
 5.19524600e+03  1.10708338e-02
 5.19614700e+03  1.10775093e-02
 5.19704700e+03  1.10469829e-02
 5.19794700e+03  1.10640728e-02
 5.19884700e+03  1.11044061e-02
 5.19974700e+03  1.11951071e-02
 5.20064800e+03  1.14147344e-02
 5.20154800e+03  1.16314679e-02
 5.20244800e+03  1.15288496e-02
 5.20334800e+03  1.13140058e-02
 5.20424900e+03  1.12161948e-02
 5.20514900e+03  1.11107967e-02
 5.20604900e+03  1.09403930e-02
 5.20694900e+03  1.08347860e-02
 5.20785000e+03  1.08694645e-02
 5.20875000e+03  1.09050190e-02
 5.20965000e+03  1.08679784e-02
 5.21055100e+03  1.09014248e-02
 5.21145100e+03  1.09955467e-02
 5.21235100e+03  1.10752232e-02
 5.21325100e+03  1.11629284e-02
 5.21415200e+03  1.12370119e-02
 5.21505200e+03  1.12413847e-02
 5.21595200e+03  1.11373682e-02
 5.21685200e+03  1.09854622e-02
 5.21775200e+03  1.09299334e-02
 5.21865300e+03  1.10040882e-02
 5.21955300e+03  1.11251495e-02
 5.22045300e+03  1.12039097e-02
 5.22135300e+03  1.12313049e-02
 5.22225300e+03  1.12643264e-02
 5.22315400e+03  1.12666458e-02
 5.22405400e+03  1.12044414e-02
 5.22495400e+03  1.10960712e-02
 5.22585400e+03  1.09299785e-02
 5.22675500e+03  1.06979735e-02
 5.22765500e+03  1.04828947e-02
 5.22855500e+03  1.04741491e-02
 5.22945600e+03  1.07259955e-02
 5.23035600e+03  1.09875917e-02
 5.23125600e+03  1.11007478e-02
 5.23215600e+03  1.11553769e-02
 5.23305600e+03  1.11233691e-02
 5.23395700e+03  1.09565500e-02
 5.23485700e+03  1.07981442e-02
 5.23575700e+03  1.07582193e-02
 5.23665800e+03  1.08449631e-02
 5.23755800e+03  1.09983836e-02
 5.23845800e+03  1.10961637e-02
 5.23935800e+03  1.11225596e-02
 5.24025800e+03  1.11174319e-02
 5.24115900e+03  1.11037888e-02
 5.24205900e+03  1.11246225e-02
 5.24295900e+03  1.11379546e-02
 5.24385900e+03  1.11013793e-02
 5.24475900e+03  1.10856353e-02
 5.24566000e+03  1.11479655e-02
 5.24656000e+03  1.11714247e-02
 5.24746000e+03  1.10257314e-02
 5.24836000e+03  1.08434342e-02
 5.24926100e+03  1.08279633e-02
 5.25016100e+03  1.08819538e-02
 5.25106100e+03  1.08242006e-02
 5.25196200e+03  1.07573980e-02
 5.25286200e+03  1.08219240e-02
 5.25376200e+03  1.09252378e-02
 5.25466200e+03  1.09405283e-02
 5.25556200e+03  1.08570298e-02
 5.25646300e+03  1.07942676e-02
 5.25736300e+03  1.08809781e-02
 5.25826300e+03  1.10322692e-02
 5.25916400e+03  1.11330998e-02
 5.26006400e+03  1.11493400e-02
 5.26096400e+03  1.10786987e-02
 5.26186400e+03  1.09670785e-02
 5.26276400e+03  1.08244475e-02
 5.26366500e+03  1.06558551e-02
 5.26456500e+03  1.05004832e-02
 5.26546500e+03  1.03764544e-02
 5.26636500e+03  1.03015662e-02
 5.26726500e+03  1.03338327e-02
 5.26816600e+03  1.05182070e-02
 5.26906600e+03  1.06685747e-02
 5.26996600e+03  1.05226107e-02
 5.27086600e+03  1.02481193e-02
 5.27176700e+03  1.02540826e-02
 5.27266700e+03  1.05392829e-02
 5.27356700e+03  1.07438000e-02
 5.27446700e+03  1.07471378e-02
 5.27536800e+03  1.06632855e-02
 5.27626800e+03  1.05481519e-02
 5.27716800e+03  1.05181928e-02
 5.27806900e+03  1.06990466e-02
 5.27896900e+03  1.09275239e-02
 5.27986900e+03  1.10004560e-02
 5.28076900e+03  1.09367989e-02
 5.28167000e+03  1.08420004e-02
 5.28257000e+03  1.07776738e-02
 5.28347000e+03  1.07351280e-02
 5.28437000e+03  1.06593496e-02
 5.28527000e+03  1.06030920e-02
 5.28617100e+03  1.07283861e-02
 5.28707100e+03  1.09569560e-02
 5.28797100e+03  1.10742713e-02
 5.28887100e+03  1.10505533e-02
 5.28977100e+03  1.09967622e-02
 5.29067200e+03  1.09973652e-02
 5.29157200e+03  1.10344342e-02
 5.29247200e+03  1.10421471e-02
 5.29337200e+03  1.09870100e-02
 5.29427300e+03  1.09241933e-02
 5.29517300e+03  1.09132969e-02
 5.29607300e+03  1.09109870e-02
 5.29697400e+03  1.08332002e-02
 5.29787400e+03  1.06656880e-02
 5.29877400e+03  1.04975704e-02
 5.29967400e+03  1.04878823e-02
 5.30057400e+03  1.06278783e-02
 5.30147500e+03  1.07337227e-02
 5.30237500e+03  1.07161698e-02
 5.30327500e+03  1.06816100e-02
 5.30417600e+03  1.07422356e-02
 5.30507600e+03  1.08636934e-02
 5.30597600e+03  1.09502116e-02
 5.30687600e+03  1.09490721e-02
 5.30777600e+03  1.08658608e-02
 5.30867700e+03  1.07915328e-02
 5.30957700e+03  1.08046156e-02
 5.31047700e+03  1.08800974e-02
 5.31137700e+03  1.09328510e-02
 5.31227700e+03  1.09173373e-02
 5.31317800e+03  1.08694858e-02
 5.31407800e+03  1.08241151e-02
 5.31497800e+03  1.07942818e-02
 5.31587800e+03  1.07678623e-02
 5.31677900e+03  1.06568973e-02
 5.31767900e+03  1.05104585e-02
 5.31857900e+03  1.05119731e-02
 5.31948000e+03  1.06418774e-02
 5.32038000e+03  1.07294591e-02
 5.32128000e+03  1.07408706e-02
 5.32218000e+03  1.07364907e-02
 5.32308100e+03  1.07324194e-02
 5.32398100e+03  1.06960696e-02
 5.32488100e+03  1.06014207e-02
 5.32578100e+03  1.05303118e-02
 5.32668200e+03  1.05597747e-02
 5.32758200e+03  1.05623243e-02
 5.32848200e+03  1.03670299e-02
 5.32938200e+03  1.00757524e-02
 5.33028200e+03  1.00451547e-02
 5.33118300e+03  1.03077052e-02
 5.33208300e+03  1.05726961e-02
 5.33298300e+03  1.06605033e-02
 5.33388300e+03  1.06124761e-02
 5.33478300e+03  1.05984652e-02
 5.33568400e+03  1.06666850e-02
 5.33658400e+03  1.07141044e-02
 5.33748400e+03  1.06762116e-02
 5.33838400e+03  1.06157735e-02
 5.33928500e+03  1.06068594e-02
 5.34018500e+03  1.05749964e-02
 5.34108500e+03  1.04389911e-02
 5.34198500e+03  1.03366981e-02
 5.34288600e+03  1.04283060e-02
 5.34378600e+03  1.05959274e-02
 5.34468600e+03  1.06695385e-02
 5.34558700e+03  1.06467321e-02
 5.34648700e+03  1.05678746e-02
 5.34738700e+03  1.05254404e-02
 5.34828700e+03  1.05498849e-02
 5.34918800e+03  1.05398645e-02
 5.35008800e+03  1.04846585e-02
 5.35098800e+03  1.04833742e-02
 5.35188800e+03  1.05828945e-02
 5.35278800e+03  1.06978904e-02
 5.35368900e+03  1.07176155e-02
 5.35458900e+03  1.06961314e-02
 5.35548900e+03  1.07466155e-02
 5.35638900e+03  1.08173708e-02
 5.35728900e+03  1.08279395e-02
 5.35819000e+03  1.08055058e-02
 5.35909000e+03  1.07946688e-02
 5.35999000e+03  1.08009336e-02
 5.36089000e+03  1.07989395e-02
 5.36179100e+03  1.07368681e-02
 5.36269100e+03  1.06075431e-02
 5.36359100e+03  1.05075813e-02
 5.36449200e+03  1.04922694e-02
 5.36539200e+03  1.05058982e-02
 5.36629200e+03  1.04820638e-02
 5.36719200e+03  1.04688220e-02
 5.36809200e+03  1.04770358e-02
 5.36899300e+03  1.04769551e-02
 5.36989300e+03  1.04482661e-02
 5.37079300e+03  1.03431694e-02
 5.37169400e+03  1.02001942e-02
 5.37259400e+03  1.01457385e-02
 5.37349400e+03  1.02662420e-02
 5.37439400e+03  1.04784863e-02
 5.37529400e+03  1.06206639e-02
 5.37619500e+03  1.06789583e-02
 5.37709500e+03  1.06712905e-02
 5.37799500e+03  1.06082078e-02
 5.37889500e+03  1.05891285e-02
 5.37979500e+03  1.06032890e-02
 5.38069600e+03  1.05716800e-02
 5.38159600e+03  1.04959941e-02
 5.38249600e+03  1.04457663e-02
 5.38339600e+03  1.04376593e-02
 5.38429700e+03  1.04264781e-02
 5.38519700e+03  1.04455716e-02
 5.38609700e+03  1.05067006e-02
 5.38699800e+03  1.05323961e-02
 5.38789800e+03  1.05061688e-02
 5.38879800e+03  1.04775890e-02
 5.38969800e+03  1.04530685e-02
 5.39059900e+03  1.03974068e-02
 5.39149900e+03  1.03444537e-02
 5.39239900e+03  1.03273210e-02
 5.39329900e+03  1.03196390e-02
 5.39420000e+03  1.03092720e-02
 5.39510000e+03  1.03041941e-02
 5.39600000e+03  1.03048185e-02
 5.39690000e+03  1.02558441e-02
 5.39780000e+03  1.01199575e-02
 5.39870100e+03  1.00519631e-02
 5.39960100e+03  1.01719420e-02
 5.40050100e+03  1.03129801e-02
 5.40140100e+03  1.03196413e-02
 5.40230100e+03  1.02927802e-02
 5.40320200e+03  1.03138632e-02
 5.40410200e+03  1.02847302e-02
 5.40500200e+03  1.01457290e-02
 5.40590200e+03  9.97824285e-03
 5.40680300e+03  9.89610221e-03
 5.40770300e+03  9.96180808e-03
 5.40860300e+03  1.01066160e-02
 5.40950300e+03  1.01729604e-02
 5.41040400e+03  1.01111336e-02
 5.41130400e+03  1.00390157e-02
 5.41220400e+03  1.00873538e-02
 5.41310500e+03  1.02293248e-02
 5.41400500e+03  1.03201517e-02
 5.41490500e+03  1.02934520e-02
 5.41580500e+03  1.02373796e-02
 5.41670600e+03  1.02637161e-02
 5.41760600e+03  1.03557442e-02
 5.41850600e+03  1.04037144e-02
 5.41940600e+03  1.03674952e-02
 5.42030600e+03  1.02990973e-02
 5.42120700e+03  1.02423245e-02
 5.42210700e+03  1.02298210e-02
 5.42300700e+03  1.02765994e-02
 5.42390700e+03  1.02974759e-02
 5.42480700e+03  1.02072448e-02
 5.42570800e+03  1.01139585e-02
 5.42660800e+03  1.01660428e-02
 5.42750800e+03  1.03111972e-02
 5.42840800e+03  1.04013926e-02
 5.42930900e+03  1.03139154e-02
 5.43020900e+03  1.00882345e-02
 5.43110900e+03  9.96631856e-03
 5.43201000e+03  1.00691457e-02
 5.43291000e+03  1.01776584e-02
 5.43381000e+03  1.01248336e-02
 5.43471000e+03  1.00152241e-02
 5.43561000e+03  9.95863175e-03
 5.43651100e+03  9.97222255e-03
 5.43741100e+03  1.00333253e-02
 5.43831100e+03  1.01239552e-02
 5.43921200e+03  1.02434284e-02
 5.44011200e+03  1.03457618e-02
 5.44101200e+03  1.03883692e-02
 5.44191200e+03  1.03903847e-02
 5.44281200e+03  1.03783916e-02
 5.44371300e+03  1.03714288e-02
 5.44461300e+03  1.03611473e-02
 5.44551300e+03  1.02879374e-02
 5.44641300e+03  1.01382392e-02
 5.44731300e+03  9.95160489e-03
 5.44821400e+03  9.85289653e-03
 5.44911400e+03  9.95711243e-03
 5.45001400e+03  1.01414511e-02
 5.45091400e+03  1.02386117e-02
 5.45181500e+03  1.02493775e-02
 5.45271500e+03  1.02237033e-02
 5.45361500e+03  1.01841725e-02
 5.45451600e+03  1.01255386e-02
 5.45541600e+03  1.00044535e-02
 5.45631600e+03  9.84379485e-03
 5.45721600e+03  9.80378211e-03
 5.45811700e+03  9.96008222e-03
 5.45901700e+03  1.01503581e-02
 5.45991700e+03  1.02285296e-02
 5.46081700e+03  1.02111974e-02
 5.46171800e+03  1.01592509e-02
 5.46261800e+03  1.00946988e-02
 5.46351800e+03  1.00041734e-02
 5.46441800e+03  9.92608742e-03
 5.46531800e+03  9.95768217e-03
 5.46621900e+03  1.00568724e-02
 5.46711900e+03  1.00831187e-02
 5.46801900e+03  1.00548783e-02
 5.46891900e+03  1.00688157e-02
 5.46981900e+03  1.01042966e-02
 5.47072000e+03  1.00867841e-02
 5.47162000e+03  1.00456200e-02
 5.47252000e+03  1.00355260e-02
 5.47342000e+03  1.00105498e-02
 5.47432100e+03  9.93156410e-03
 5.47522100e+03  9.89347426e-03
 5.47612100e+03  9.90529172e-03
 5.47702100e+03  9.81173481e-03
 5.47792200e+03  9.66078555e-03
 5.47882200e+03  9.68576651e-03
 5.47972200e+03  9.86826540e-03
 5.48062300e+03  9.99328413e-03
 5.48152300e+03  9.95150281e-03
 5.48242300e+03  9.83625522e-03
 5.48332300e+03  9.80767300e-03
 5.48422400e+03  9.88352745e-03
 5.48512400e+03  9.98021322e-03
 5.48602400e+03  1.00625794e-02
 5.48692400e+03  1.00789524e-02
 5.48782400e+03  9.98353911e-03
 5.48872500e+03  9.87392725e-03
 5.48962500e+03  9.87086487e-03
 5.49052500e+03  9.93167330e-03
 5.49142500e+03  9.95611300e-03
 5.49232500e+03  9.96618325e-03
 5.49322600e+03  9.97939659e-03
 5.49412600e+03  9.94266464e-03
 5.49502600e+03  9.89446894e-03
 5.49592600e+03  9.91885878e-03
 5.49682700e+03  9.96227812e-03
 5.49772700e+03  9.91214528e-03
 5.49862700e+03  9.83025390e-03
 5.49952800e+03  9.87104054e-03
 5.50042800e+03  1.00000000e-02
 5.50132800e+03  1.00159956e-02
 5.50222800e+03  9.88645927e-03
 5.50312900e+03  9.78226236e-03
 5.50402900e+03  9.78721677e-03
 5.50492900e+03  9.84490822e-03
 5.50582900e+03  9.88013510e-03
 5.50673000e+03  9.82353091e-03
 5.50763000e+03  9.72447357e-03
 5.50853000e+03  9.73063157e-03
 5.50943000e+03  9.81373604e-03
 5.51033000e+03  9.84021495e-03
 5.51123100e+03  9.81258468e-03
 5.51213100e+03  9.77694948e-03
 5.51303100e+03  9.73585898e-03
 5.51393100e+03  9.69812998e-03
 5.51483100e+03  9.70123984e-03
 5.51573200e+03  9.74788535e-03
 5.51663200e+03  9.81777173e-03
 5.51753200e+03  1.00156158e-02
 5.51843200e+03  1.06042433e-02
 5.51933300e+03  1.10349256e-02
 5.52023300e+03  1.05829277e-02
 5.52113300e+03  1.00872375e-02
 5.52203300e+03  9.93509889e-03
 5.52293400e+03  9.90621518e-03
 5.52383400e+03  9.91341297e-03
 5.52473400e+03  9.91795668e-03
 5.52563500e+03  9.89033354e-03
 5.52653500e+03  9.82378254e-03
 5.52743500e+03  9.75033051e-03
 5.52833500e+03  9.66967120e-03
 5.52923600e+03  9.59933140e-03
 5.53013600e+03  9.62316100e-03
 5.53103600e+03  9.74177484e-03
 5.53193600e+03  9.83511098e-03
 5.53283600e+03  9.85121340e-03
 5.53373700e+03  9.82273089e-03
 5.53463700e+03  9.77024311e-03
 5.53553700e+03  9.70128494e-03
 5.53643700e+03  9.66003064e-03
 5.53733700e+03  9.75089076e-03
 5.53823800e+03  1.01110695e-02
 5.53913800e+03  1.05610994e-02
 5.54003800e+03  1.04406671e-02
 5.54093900e+03  1.00537032e-02
 5.54183900e+03  9.93294573e-03
 5.54273900e+03  9.90452257e-03
 5.54363900e+03  9.83766771e-03
 5.54453900e+03  9.76374089e-03
 5.54544000e+03  9.73441325e-03
 5.54634000e+03  9.73475985e-03
 5.54724000e+03  9.73232656e-03
 5.54814100e+03  9.76269873e-03
 5.54904100e+03  9.82730072e-03
 5.54994100e+03  9.87187142e-03
 5.55084100e+03  9.88820411e-03
 5.55174200e+03  9.89816753e-03
 5.55264200e+03  9.88849373e-03
 5.55354200e+03  9.84358594e-03
 5.55444200e+03  9.78177808e-03
 5.55534200e+03  9.73627205e-03
 5.55624300e+03  9.74139975e-03
 5.55714300e+03  9.77221348e-03
 5.55804300e+03  9.77244137e-03
 5.55894300e+03  9.75083141e-03
 5.55984300e+03  9.74786874e-03
 5.56074400e+03  9.76069038e-03
 5.56164400e+03  9.75977167e-03
 5.56254400e+03  9.73877893e-03
 5.56344400e+03  9.69717091e-03
 5.56434500e+03  9.66021106e-03
 5.56524500e+03  9.66157845e-03
 5.56614500e+03  9.65976713e-03
 5.56704600e+03  9.62831245e-03
 5.56794600e+03  9.61694128e-03
 5.56884600e+03  9.63559094e-03
 5.56974700e+03  9.63306744e-03
 5.57064700e+03  9.60338134e-03
 5.57154700e+03  9.63948420e-03
 5.57244700e+03  9.70768983e-03
 5.57334700e+03  9.66824447e-03
 5.57424800e+03  9.58768724e-03
 5.57514800e+03  9.61613889e-03
 5.57604800e+03  9.68158837e-03
 5.57694800e+03  9.68413561e-03
 5.57784800e+03  9.68663537e-03
 5.57874900e+03  9.71635708e-03
 5.57964900e+03  9.69922911e-03
 5.58054900e+03  9.68523712e-03
 5.58144900e+03  9.70884356e-03
 5.58234900e+03  9.69510321e-03
 5.58325000e+03  9.65366136e-03
 5.58415000e+03  9.64984882e-03
 5.58505000e+03  9.66492095e-03
 5.58595000e+03  9.64542379e-03
 5.58685100e+03  9.56471938e-03
 5.58775100e+03  9.43489106e-03
 5.58865100e+03  9.33036892e-03
 5.58955200e+03  9.29998963e-03
 5.59045200e+03  9.32900390e-03
 5.59135200e+03  9.40359305e-03
 5.59225200e+03  9.48207546e-03
 5.59315300e+03  9.50846653e-03
 5.59405300e+03  9.49556418e-03
 5.59495300e+03  9.46931791e-03
 5.59585300e+03  9.47221649e-03
 5.59675400e+03  9.57143050e-03
 5.59765400e+03  9.66766760e-03
 5.59855400e+03  9.62291648e-03
 5.59945400e+03  9.50218272e-03
 5.60035400e+03  9.45100535e-03
 5.60125500e+03  9.45549447e-03
 5.60215500e+03  9.42498224e-03
 5.60305500e+03  9.37061667e-03
 5.60395500e+03  9.35256762e-03
 5.60485500e+03  9.41549835e-03
 5.60575600e+03  9.53567899e-03
 5.60665600e+03  9.63226031e-03
 5.60755600e+03  9.67341728e-03
 5.60845700e+03  9.67515263e-03
 5.60935700e+03  9.66497555e-03
 5.61025700e+03  9.64973961e-03
 5.61115700e+03  9.63045136e-03
 5.61205800e+03  9.63607048e-03
 5.61295800e+03  9.66871451e-03
 5.61385800e+03  9.69175358e-03
 5.61475800e+03  9.63913998e-03
 5.61565900e+03  9.46462464e-03
 5.61655900e+03  9.27914170e-03
 5.61745900e+03  9.27043884e-03
 5.61835900e+03  9.39652584e-03
 5.61926000e+03  9.46825914e-03
 5.62016000e+03  9.45450691e-03
 5.62106000e+03  9.43976000e-03
 5.62196000e+03  9.46633150e-03
 5.62286000e+03  9.51878367e-03
 5.62376100e+03  9.53240296e-03
 5.62466100e+03  9.43654569e-03
 5.62556100e+03  9.29578775e-03
 5.62646100e+03  9.25983446e-03
 5.62736100e+03  9.34050089e-03
 5.62826200e+03  9.41808832e-03
 5.62916200e+03  9.45160121e-03
 5.63006200e+03  9.49390005e-03
 5.63096200e+03  9.53837341e-03
 5.63186300e+03  9.54852675e-03
 5.63276300e+03  9.54260852e-03
 5.63366300e+03  9.52763609e-03
 5.63456400e+03  9.49479265e-03
 5.63546400e+03  9.46265189e-03
 5.63636400e+03  9.43738844e-03
 5.63726500e+03  9.39554065e-03
 5.63816500e+03  9.34223624e-03
 5.63906500e+03  9.31388904e-03
 5.63996500e+03  9.32706914e-03
 5.64086500e+03  9.33315355e-03
 5.64176600e+03  9.28419819e-03
 5.64266600e+03  9.24442759e-03
 5.64356600e+03  9.28239399e-03
 5.64446600e+03  9.33827413e-03
 5.64536600e+03  9.36436372e-03
 5.64626700e+03  9.37637110e-03
 5.64716700e+03  9.37378588e-03
 5.64806700e+03  9.37298586e-03
 5.64896700e+03  9.38402705e-03
 5.64986800e+03  9.38185015e-03
 5.65076800e+03  9.36684211e-03
 5.65166800e+03  9.36751393e-03
 5.65256800e+03  9.40022918e-03
 5.65346800e+03  9.43779913e-03
 5.65436900e+03  9.44002114e-03
 5.65526900e+03  9.38047089e-03
 5.65616900e+03  9.31788200e-03
 5.65707000e+03  9.32861695e-03
 5.65797000e+03  9.31832830e-03
 5.65887000e+03  9.16771377e-03
 5.65977000e+03  9.01480364e-03
 5.66067100e+03  9.06164145e-03
 5.66157100e+03  9.21489105e-03
 5.66247100e+03  9.25822967e-03
 5.66337100e+03  9.19268998e-03
 5.66427200e+03  9.16197359e-03
 5.66517200e+03  9.22661119e-03
 5.66607200e+03  9.30761709e-03
 5.66697200e+03  9.32096812e-03
 5.66787200e+03  9.25393997e-03
 5.66877300e+03  9.17792883e-03
 5.66967300e+03  9.16592382e-03
 5.67057300e+03  9.20742501e-03
 5.67147300e+03  9.25446935e-03
 5.67237300e+03  9.29730945e-03
 5.67327400e+03  9.35498903e-03
 5.67417400e+03  9.41526333e-03
 5.67507400e+03  9.42866896e-03
 5.67597500e+03  9.39043668e-03
 5.67687500e+03  9.34983521e-03
 5.67777500e+03  9.34734020e-03
 5.67867600e+03  9.35172012e-03
 5.67957600e+03  9.32261563e-03
 5.68047600e+03  9.27643778e-03
 5.68137600e+03  9.25787596e-03
 5.68227600e+03  9.25519815e-03
 5.68317700e+03  9.22201287e-03
 5.68407700e+03  9.18684534e-03
 5.68497700e+03  9.19233626e-03
 5.68587700e+03  9.23014835e-03
 5.68677800e+03  9.24687275e-03
 5.68767800e+03  9.20602677e-03
 5.68857800e+03  9.15397579e-03
 5.68947800e+03  9.14855846e-03
 5.69037800e+03  9.20016788e-03
 5.69127900e+03  9.26814799e-03
 5.69217900e+03  9.30901297e-03
 5.69307900e+03  9.33733880e-03
 5.69397900e+03  9.35765734e-03
 5.69488000e+03  9.34567370e-03
 5.69578000e+03  9.31087651e-03
 5.69668000e+03  9.28008178e-03
 5.69758000e+03  9.26778003e-03
 5.69848100e+03  9.24231479e-03
 5.69938100e+03  9.18874212e-03
 5.70028100e+03  9.16860400e-03
 5.70118100e+03  9.17231684e-03
 5.70208200e+03  9.13056876e-03
 5.70298200e+03  9.08262469e-03
 5.70388200e+03  9.09829031e-03
 5.70478300e+03  9.16244363e-03
 5.70568300e+03  9.19570963e-03
 5.70658300e+03  9.15428203e-03
 5.70748300e+03  9.08214753e-03
 5.70838300e+03  9.02570952e-03
 5.70928400e+03  8.97145315e-03
 5.71018400e+03  8.91782825e-03
 5.71108400e+03  8.91517894e-03
 5.71198400e+03  8.94502884e-03
 5.71288400e+03  8.94566031e-03
 5.71378500e+03  8.99019065e-03
 5.71468500e+03  9.10133845e-03
 5.71558500e+03  9.17704572e-03
 5.71648500e+03  9.19717910e-03
 5.71738600e+03  9.21216340e-03
 5.71828600e+03  9.20852415e-03
 5.71918600e+03  9.18890592e-03
 5.72008600e+03  9.20248010e-03
 5.72098700e+03  9.22962134e-03
 5.72188700e+03  9.24496410e-03
 5.72278700e+03  9.25882078e-03
 5.72368800e+03  9.26730761e-03
 5.72458800e+03  9.25789970e-03
 5.72548800e+03  9.24485253e-03
 5.72638800e+03  9.23515024e-03
 5.72728900e+03  9.19757317e-03
 5.72818900e+03  9.13924550e-03
 5.72908900e+03  9.12284633e-03
 5.72998900e+03  9.17051027e-03
 5.73088900e+03  9.20702857e-03
 5.73179000e+03  9.17239993e-03
 5.73269000e+03  9.10589879e-03
 5.73359000e+03  9.10099660e-03
 5.73449000e+03  9.15873079e-03
 5.73539000e+03  9.19617729e-03
 5.73629100e+03  9.20317804e-03
 5.73719100e+03  9.19413808e-03
 5.73809100e+03  9.17410916e-03
 5.73899100e+03  9.15279119e-03
 5.73989100e+03  9.12412351e-03
 5.74079200e+03  9.09369912e-03
 5.74169200e+03  9.07055084e-03
 5.74259200e+03  9.05682710e-03
 5.74349300e+03  9.06113105e-03
 5.74439300e+03  9.08052851e-03
 5.74529300e+03  9.11576487e-03
 5.74619400e+03  9.15823463e-03
 5.74709400e+03  9.17373408e-03
 5.74799400e+03  9.12786721e-03
 5.74889400e+03  9.02954343e-03
 5.74979500e+03  8.98899656e-03
 5.75069500e+03  9.05474278e-03
 5.75159500e+03  9.13330116e-03
 5.75249500e+03  9.13337475e-03
 5.75339500e+03  9.05865029e-03
 5.75429600e+03  9.03299513e-03
 5.75519600e+03  9.32673442e-03
 5.75609600e+03  9.73827090e-03
 5.75699600e+03  9.57729651e-03
 5.75789600e+03  9.24457478e-03
 5.75879700e+03  9.15626901e-03
 5.75969700e+03  9.14007638e-03
 5.76059700e+03  9.09137266e-03
 5.76149700e+03  9.01970345e-03
 5.76239800e+03  8.94300387e-03
 5.76329800e+03  8.87936333e-03
 5.76419800e+03  8.86613812e-03
 5.76509900e+03  8.94389885e-03
 5.76599900e+03  9.05497306e-03
 5.76689900e+03  9.10483289e-03
 5.76779900e+03  9.11263840e-03
 5.76869900e+03  9.11326037e-03
 5.76960000e+03  9.09487184e-03
 5.77050000e+03  9.06525696e-03
 5.77140000e+03  9.04787973e-03
 5.77230100e+03  9.03620707e-03
 5.77320100e+03  9.01354071e-03
 5.77410100e+03  8.99561985e-03
 5.77500100e+03  8.98722560e-03
 5.77590100e+03  8.97293212e-03
 5.77680200e+03  8.97582595e-03
 5.77770200e+03  9.00430134e-03
 5.77860200e+03  9.02271598e-03
 5.77950200e+03  9.01168904e-03
 5.78040200e+03  8.95650921e-03
 5.78130300e+03  8.83995832e-03
 5.78220300e+03  8.70742134e-03
 5.78310300e+03  8.65641489e-03
 5.78400300e+03  8.70428299e-03
 5.78490400e+03  8.74887742e-03
 5.78580400e+03  8.72966039e-03
 5.78670400e+03  8.71127899e-03
 5.78760500e+03  8.77037344e-03
 5.78850500e+03  8.85576638e-03
 5.78940500e+03  8.90404517e-03
 5.79030500e+03  8.92681361e-03
 5.79120600e+03  8.90504222e-03
 5.79210600e+03  8.85049861e-03
 5.79300600e+03  8.84166756e-03
 5.79390600e+03  8.88488511e-03
 5.79480700e+03  8.93225943e-03
 5.79570700e+03  8.96718006e-03
 5.79660700e+03  8.98369555e-03
 5.79750700e+03  8.94481519e-03
 5.79840700e+03  8.85205829e-03
 5.79930800e+03  8.79988149e-03
 5.80020800e+03  8.85787444e-03
 5.80110800e+03  8.96853083e-03
 5.80200800e+03  9.02955767e-03
 5.80290800e+03  9.04103329e-03
 5.80380900e+03  9.02982593e-03
 5.80470900e+03  8.97621290e-03
 5.80560900e+03  8.90437514e-03
 5.80651000e+03  8.86384014e-03
 5.80741000e+03  8.86214278e-03
 5.80831000e+03  8.88569225e-03
 5.80921000e+03  8.91322756e-03
 5.81011000e+03  8.92523969e-03
 5.81101100e+03  8.93506542e-03
 5.81191100e+03  8.95761072e-03
 5.81281100e+03  8.96878484e-03
 5.81371200e+03  8.95502550e-03
 5.81461200e+03  8.93615743e-03
 5.81551200e+03  8.90911115e-03
 5.81641200e+03  8.86415350e-03
 5.81731300e+03  8.82660967e-03
 5.81821300e+03  8.83529828e-03
 5.81911300e+03  8.90102314e-03
 5.82001300e+03  8.96864003e-03
 5.82091300e+03  8.98995563e-03
 5.82181400e+03  8.98896095e-03
 5.82271400e+03  8.97998746e-03
 5.82361400e+03  8.95729498e-03
 5.82451400e+03  8.93220483e-03
 5.82541400e+03  8.92368239e-03
 5.82631500e+03  8.93762453e-03
 5.82721500e+03  8.94541342e-03
 5.82811500e+03  8.94374217e-03
 5.82901600e+03  8.94564132e-03
 5.82991600e+03  8.95695788e-03
 5.83081600e+03  8.96430285e-03
 5.83171600e+03  8.95113224e-03
 5.83261700e+03  8.93712363e-03
 5.83351700e+03  8.93363156e-03
 5.83441700e+03  8.91764784e-03
 5.83531800e+03  8.88136693e-03
 5.83621800e+03  8.85403103e-03
 5.83711800e+03  8.87202311e-03
 5.83801800e+03  8.90144333e-03
 5.83891800e+03  8.88692195e-03
 5.83981900e+03  8.85918248e-03
 5.84071900e+03  8.86244427e-03
 5.84161900e+03  8.89631800e-03
 5.84251900e+03  8.92752579e-03
 5.84341900e+03  8.93724707e-03
 5.84432000e+03  8.93107008e-03
 5.84522000e+03  8.90985182e-03
 5.84612000e+03  8.87944167e-03
 5.84702000e+03  8.84775196e-03
 5.84792100e+03  8.80633861e-03
 5.84882100e+03  8.77962705e-03
 5.84972100e+03  8.78813050e-03
 5.85062100e+03  8.80376288e-03
 5.85152100e+03  8.81166810e-03
 5.85242200e+03  8.80021859e-03
 5.85332200e+03  8.74183157e-03
 5.85422200e+03  8.65233647e-03
 5.85512300e+03  8.61042696e-03
 5.85602300e+03  8.65923513e-03
 5.85692300e+03  8.71226417e-03
 5.85782400e+03  8.67717498e-03
 5.85872400e+03  8.58658786e-03
 5.85962400e+03  8.55268327e-03
 5.86052400e+03  8.61376234e-03
 5.86142400e+03  8.69036933e-03
 5.86232500e+03  8.72389647e-03
 5.86322500e+03  8.70216306e-03
 5.86412500e+03  8.67582421e-03
 5.86502500e+03  8.69517419e-03
 5.86592500e+03  8.72503121e-03
 5.86682600e+03  8.71812542e-03
 5.86772600e+03  8.67765689e-03
 5.86862600e+03  8.65883394e-03
 5.86952600e+03  8.69027913e-03
 5.87042600e+03  8.73978761e-03
 5.87132700e+03  8.76770276e-03
 5.87222700e+03  8.76525048e-03
 5.87312700e+03  8.73286046e-03
 5.87402800e+03  8.72794641e-03
 5.87492800e+03  9.67884647e-03
 5.87582800e+03  1.69717257e-02
 5.87672900e+03  3.32095483e-02
 5.87762900e+03  3.51938997e-02
 5.87852900e+03  1.91369903e-02
 5.87942900e+03  1.01411544e-02
 5.88032900e+03  8.70835192e-03
 5.88123000e+03  8.59975610e-03
 5.88213000e+03  8.58730717e-03
 5.88303000e+03  8.62500769e-03
 5.88393000e+03  8.64553038e-03
 5.88483100e+03  8.62713473e-03
 5.88573100e+03  8.61066198e-03
 5.88663100e+03  8.62534004e-03
 5.88753100e+03  8.64600992e-03
 5.88843100e+03  8.61414454e-03
 5.88933200e+03  8.45241523e-03
 5.89023200e+03  8.08569871e-03
 5.89113200e+03  7.69183619e-03
 5.89203200e+03  7.66822975e-03
 5.89293200e+03  7.98940939e-03
 5.89383300e+03  8.27304519e-03
 5.89473300e+03  8.37729432e-03
 5.89563300e+03  8.30947090e-03
 5.89653400e+03  8.04286573e-03
 5.89743400e+03  7.81598368e-03
 5.89833400e+03  7.93867120e-03
 5.89923400e+03  8.24738766e-03
 5.90013500e+03  8.42033383e-03
 5.90103500e+03  8.46324751e-03
 5.90193500e+03  8.49463336e-03
 5.90283600e+03  8.52712783e-03
 5.90373600e+03  8.54345103e-03
 5.90463600e+03  8.55632015e-03
 5.90553600e+03  8.56709308e-03
 5.90643600e+03  8.55071528e-03
 5.90733700e+03  8.52490107e-03
 5.90823700e+03  8.53262349e-03
 5.90913700e+03  8.56730436e-03
 5.91003700e+03  8.58201803e-03
 5.91093700e+03  8.56012557e-03
 5.91183800e+03  8.56121284e-03
 5.91273800e+03  8.59364084e-03
 5.91363800e+03  8.58417357e-03
 5.91453800e+03  8.51128891e-03
 5.91543900e+03  8.42798741e-03
 5.91633900e+03  8.40264086e-03
 5.91723900e+03  8.41635748e-03
 5.91813900e+03  8.45199742e-03
 5.91904000e+03  8.49835807e-03
 5.91994000e+03  8.51336610e-03
 5.92084000e+03  8.51521540e-03
 5.92174000e+03  8.51980423e-03
 5.92264100e+03  8.50360210e-03
 5.92354100e+03  8.47943303e-03
 5.92444100e+03  8.48316723e-03
 5.92534200e+03  8.50437125e-03
 5.92624200e+03  8.52031462e-03
 5.92714200e+03  8.53753992e-03
 5.92804200e+03  8.54173467e-03
 5.92894200e+03  8.51164500e-03
 5.92984300e+03  8.46084746e-03
 5.93074300e+03  8.41109209e-03
 5.93164300e+03  8.40009363e-03
 5.93254300e+03  8.45308468e-03
 5.93344300e+03  8.51060284e-03
 5.93434400e+03  8.51039156e-03
 5.93524400e+03  8.45074161e-03
 5.93614400e+03  8.40133757e-03
 5.93704400e+03  8.42929545e-03
 5.93794500e+03  8.48646226e-03
 5.93884500e+03  8.51636202e-03
 5.93974500e+03  8.53095224e-03
 5.94064500e+03  8.52967031e-03
 5.94154600e+03  8.47843835e-03
 5.94244600e+03  8.39256824e-03
 5.94334600e+03  8.35399412e-03
 5.94424700e+03  8.38189027e-03
 5.94514700e+03  8.42487992e-03
 5.94604700e+03  8.45539453e-03
 5.94694700e+03  8.47606441e-03
 5.94784800e+03  8.48378446e-03
 5.94874800e+03  8.45119503e-03
 5.94964800e+03  8.37787831e-03
 5.95054800e+03  8.33674508e-03
 5.95144800e+03  8.37694773e-03
 5.95234900e+03  8.43004561e-03
 5.95324900e+03  8.41217935e-03
 5.95414900e+03  8.35476565e-03
 5.95504900e+03  8.35645352e-03
 5.95594900e+03  8.41285592e-03
 5.95685000e+03  8.41904953e-03
 5.95775000e+03  8.36153374e-03
 5.95865000e+03  8.32193408e-03
 5.95955000e+03  8.33441387e-03
 5.96045100e+03  8.37944511e-03
 5.96135100e+03  8.43001238e-03
 5.96225100e+03  8.46270626e-03
 5.96315100e+03  8.47695701e-03
 5.96405200e+03  8.47761696e-03
 5.96495200e+03  8.46605114e-03
 5.96585200e+03  8.44610530e-03
 5.96675300e+03  8.41631238e-03
 5.96765300e+03  8.40313227e-03
 5.96855300e+03  8.42031958e-03
 5.96945300e+03  8.43657157e-03
 5.97035400e+03  8.44975405e-03
 5.97125400e+03  8.46434427e-03
 5.97215400e+03  8.47801341e-03
 5.97305400e+03  8.48250965e-03
 5.97395400e+03  8.47718016e-03
 5.97485500e+03  8.46655204e-03
 5.97575500e+03  8.42973462e-03
 5.97665500e+03  8.36621515e-03
 5.97755500e+03  8.30442865e-03
 5.97845500e+03  8.27039587e-03
 5.97935600e+03  8.26620587e-03
 5.98025600e+03  8.29175182e-03
 5.98115600e+03  8.35264809e-03
 5.98205600e+03  8.40289250e-03
 5.98295700e+03  8.40020283e-03
 5.98385700e+03  8.35458048e-03
 5.98475700e+03  8.27355796e-03
 5.98565800e+03  8.20830551e-03
 5.98655800e+03  8.22467856e-03
 5.98745800e+03  8.28420982e-03
 5.98835900e+03  8.31055341e-03
 5.98925900e+03  8.31460810e-03
 5.99015900e+03  8.33038292e-03
 5.99105900e+03  8.34510372e-03
 5.99195900e+03  8.32093227e-03
 5.99286000e+03  8.27919369e-03
 5.99376000e+03  8.29071678e-03
 5.99466000e+03  8.35190980e-03
 5.99556000e+03  8.39027264e-03
 5.99646000e+03  8.38086947e-03
 5.99736100e+03  8.33993328e-03
 5.99826100e+03  8.28338131e-03
 5.99916100e+03  8.24130088e-03
 6.00006100e+03  8.24032282e-03
 6.00096100e+03  8.27279117e-03
 6.00186200e+03  8.30974153e-03
 6.00276200e+03  8.31417367e-03
 6.00366200e+03  8.27530755e-03
 6.00456200e+03  8.24183502e-03
 6.00546300e+03  8.25555638e-03
 6.00636300e+03  8.27832008e-03
 6.00726300e+03  8.25838612e-03
 6.00816400e+03  8.20193148e-03
 6.00906400e+03  8.12959520e-03
 6.00996400e+03  8.10677928e-03
 6.01086400e+03  8.18129721e-03
 6.01176500e+03  8.27107719e-03
 6.01266500e+03  8.28689237e-03
 6.01356500e+03  8.23403188e-03
 6.01446500e+03  8.17316647e-03
 6.01536600e+03  8.17465730e-03
 6.01626600e+03  8.21743330e-03
 6.01716600e+03  8.21848258e-03
 6.01806600e+03  8.18376611e-03
 6.01896600e+03  8.18271445e-03
 6.01986700e+03  8.20190300e-03
 6.02076700e+03  8.18130671e-03
 6.02166700e+03  8.14102334e-03
 6.02256700e+03  8.13797995e-03
 6.02346700e+03  8.16123980e-03
 6.02436800e+03  8.17902298e-03
 6.02526800e+03  8.17611015e-03
 6.02616800e+03  8.18904575e-03
 6.02706900e+03  8.22120786e-03
 6.02796900e+03  8.21315547e-03
 6.02886900e+03  8.20035044e-03
 6.02977000e+03  8.22884482e-03
 6.03067000e+03  8.25647035e-03
 6.03157000e+03  8.25379254e-03
 6.03247000e+03  8.23682363e-03
 6.03337000e+03  8.24327362e-03
 6.03427100e+03  8.27280542e-03
 6.03517100e+03  8.28252195e-03
 6.03607100e+03  8.27447430e-03
 6.03697100e+03  8.27150925e-03
 6.03787200e+03  8.26987835e-03
 6.03877200e+03  8.26776555e-03
 6.03967200e+03  8.25938080e-03
 6.04057200e+03  8.24108010e-03
 6.04147200e+03  8.22278891e-03
 6.04237300e+03  8.21220352e-03
 6.04327300e+03  8.20658915e-03
 6.04417300e+03  8.21856330e-03
 6.04507300e+03  8.24515378e-03
 6.04597400e+03  8.26042770e-03
 6.04687400e+03  8.25575104e-03
 6.04777400e+03  8.24694611e-03
 6.04867400e+03  8.25103640e-03
 6.04957500e+03  8.25387801e-03
 6.05047500e+03  8.24760131e-03
 6.05137500e+03  8.25552315e-03
 6.05227500e+03  8.26456310e-03
 6.05317600e+03  8.24839896e-03
 6.05407600e+03  8.21208482e-03
 6.05497600e+03  8.18424564e-03
 6.05587700e+03  8.17727338e-03
 6.05677700e+03  8.16371820e-03
 6.05767700e+03  8.13845237e-03
 6.05857700e+03  8.13288073e-03
 6.05947700e+03  8.15412986e-03
 6.06037800e+03  8.18772109e-03
 6.06127800e+03  8.21099993e-03
 6.06217800e+03  8.20916725e-03
 6.06307800e+03  8.18632759e-03
 6.06397800e+03  8.15610735e-03
 6.06487900e+03  8.12725213e-03
 6.06577900e+03  8.07022775e-03
 6.06667900e+03  8.00224764e-03
 6.06757900e+03  8.02584222e-03
 6.06848000e+03  8.13351695e-03
 6.06938000e+03  8.21255723e-03
 6.07028000e+03  8.22675339e-03
 6.07118100e+03  8.22045533e-03
 6.07208100e+03  8.22029865e-03
 6.07298100e+03  8.22681511e-03
 6.07388100e+03  8.23376600e-03
 6.07478200e+03  8.23293987e-03
 6.07568200e+03  8.22936472e-03
 6.07658200e+03  8.21759710e-03
 6.07748200e+03  8.18823861e-03
 6.07838300e+03  8.14908524e-03
 6.07928300e+03  8.09514698e-03
 6.08018300e+03  8.05233775e-03
 6.08108300e+03  8.06820990e-03
 6.08198300e+03  8.09049881e-03
 6.08288400e+03  8.05508914e-03
 6.08378400e+03  8.01239623e-03
 6.08468400e+03  8.02142432e-03
 6.08558400e+03  8.04683021e-03
 6.08648400e+03  8.04210607e-03
 6.08738500e+03  8.03547329e-03
 6.08828500e+03  8.05603634e-03
 6.08918500e+03  8.08842399e-03
 6.09008500e+03  8.08645362e-03
 6.09098600e+03  8.03376405e-03
 6.09188600e+03  7.99071743e-03
 6.09278600e+03  7.99122545e-03
 6.09368600e+03  8.00376222e-03
 6.09458700e+03  8.00718069e-03
 6.09548700e+03  8.03129278e-03
 6.09638700e+03  8.08197874e-03
 6.09728800e+03  8.09220567e-03
 6.09818800e+03  8.05724468e-03
 6.09908800e+03  8.04124671e-03
 6.09998800e+03  8.06555821e-03
 6.10088900e+03  8.10599351e-03
 6.10178900e+03  8.11811484e-03
 6.10268900e+03  8.04201112e-03
 6.10358900e+03  7.87929425e-03
 6.10448900e+03  7.78829406e-03
 6.10539000e+03  7.87645027e-03
 6.10629000e+03  8.00559015e-03
 6.10719000e+03  8.05210510e-03
 6.10809000e+03  8.03159902e-03
 6.10899000e+03  7.99155543e-03
 6.10989100e+03  7.99263794e-03
 6.11079100e+03  8.04219153e-03
 6.11169100e+03  8.06364007e-03
 6.11259200e+03  8.02954794e-03
 6.11349200e+03  8.00064761e-03
 6.11439200e+03  8.01847114e-03
 6.11529200e+03  8.05393303e-03
 6.11619300e+03  8.06475107e-03
 6.11709300e+03  8.03045241e-03
 6.11799300e+03  7.99276139e-03
 6.11889300e+03  8.01177189e-03
 6.11979400e+03  8.03947812e-03
 6.12069400e+03  8.01063714e-03
 6.12159400e+03  7.95276527e-03
 6.12249400e+03  7.89005056e-03
 6.12339500e+03  7.83647077e-03
 6.12429500e+03  7.86196924e-03
 6.12519500e+03  7.96290911e-03
 6.12609500e+03  8.01327696e-03
 6.12699500e+03  7.98284070e-03
 6.12789600e+03  7.94095730e-03
 6.12879600e+03  7.90722126e-03
 6.12969600e+03  7.87901412e-03
 6.13059600e+03  7.89227969e-03
 6.13149600e+03  7.95114624e-03
 6.13239700e+03  7.99839949e-03
 6.13329700e+03  8.00741334e-03
 6.13419700e+03  8.00865965e-03
 6.13509700e+03  7.99726712e-03
 6.13599800e+03  7.93632575e-03
 6.13689800e+03  7.80669209e-03
 6.13779800e+03  7.62265250e-03
 6.13869900e+03  7.50979072e-03
 6.13959900e+03  7.61046707e-03
 6.14049900e+03  7.83349623e-03
 6.14140000e+03  7.94948449e-03
 6.14230000e+03  7.87526330e-03
 6.14320000e+03  7.75401914e-03
 6.14410000e+03  7.77149845e-03
 6.14500000e+03  7.89372542e-03
 6.14590100e+03  7.97891895e-03
 6.14680100e+03  7.98702358e-03
 6.14770100e+03  7.96100521e-03
 6.14860100e+03  7.92373675e-03
 6.14950100e+03  7.86680496e-03
 6.15040200e+03  7.81315395e-03
 6.15130200e+03  7.79837855e-03
 6.15220200e+03  7.82658332e-03
 6.15310200e+03  7.87166441e-03
 6.15400200e+03  7.91226825e-03
 6.15490300e+03  7.91750279e-03
 6.15580300e+03  7.87189468e-03
 6.15670300e+03  7.82930622e-03
 6.15760400e+03  7.83084216e-03
 6.15850400e+03  7.84049460e-03
 6.15940400e+03  7.83954027e-03
 6.16030400e+03  7.84510004e-03
 6.16120500e+03  7.82264020e-03
 6.16210500e+03  7.71351975e-03
 6.16300500e+03  7.56277702e-03
 6.16390500e+03  7.49489663e-03
 6.16480600e+03  7.54190061e-03
 6.16570600e+03  7.63601778e-03
 6.16660600e+03  7.71087993e-03
 6.16750600e+03  7.74393227e-03
 6.16840700e+03  7.77275189e-03
 6.16930700e+03  7.77661428e-03
 6.17020700e+03  7.67821928e-03
 6.17110700e+03  7.55675672e-03
 6.17200700e+03  7.57313927e-03
 6.17290800e+03  7.69451637e-03
 6.17380800e+03  7.75973796e-03
 6.17470800e+03  7.74040223e-03
 6.17560800e+03  7.72851829e-03
 6.17650800e+03  7.73376232e-03
 6.17740900e+03  7.72014303e-03
 6.17830900e+03  7.70708637e-03
 6.17920900e+03  7.72694912e-03
 6.18011000e+03  7.76083946e-03
 6.18101000e+03  7.75717410e-03
 6.18191000e+03  7.74281652e-03
 6.18281000e+03  7.76440749e-03
 6.18371100e+03  7.79463723e-03
 6.18461100e+03  7.79506691e-03
 6.18551100e+03  7.78267732e-03
 6.18641200e+03  7.77084561e-03
 6.18731200e+03  7.73151895e-03
 6.18821200e+03  7.67769227e-03
 6.18911200e+03  7.65103056e-03
 6.19001200e+03  7.65451788e-03
 6.19091300e+03  7.65702713e-03
 6.19181300e+03  7.59517416e-03
 6.19271300e+03  7.48838254e-03
 6.19361300e+03  7.48659259e-03
 6.19451300e+03  7.60538685e-03
 6.19541400e+03  7.70383645e-03
 6.19631400e+03  7.72967202e-03
 6.19721400e+03  7.73635466e-03
 6.19811400e+03  7.76068753e-03
 6.19901500e+03  7.76910789e-03
 6.19991500e+03  7.72065106e-03
 6.20081500e+03  7.63574715e-03
 6.20171600e+03  7.59208329e-03
 6.20261600e+03  7.63527711e-03
 6.20351600e+03  7.70601335e-03
 6.20441600e+03  7.73945502e-03
 6.20531600e+03  7.74015534e-03
 6.20621700e+03  7.72779661e-03
 6.20711700e+03  7.72823104e-03
 6.20801700e+03  7.74121174e-03
 6.20891800e+03  7.74251266e-03
 6.20981800e+03  7.73485196e-03
 6.21071800e+03  7.72246000e-03
 6.21161800e+03  7.70558604e-03
 6.21251800e+03  7.69241068e-03
 6.21341900e+03  7.66590329e-03
 6.21431900e+03  7.58001894e-03
 6.21521900e+03  7.48745433e-03
 6.21611900e+03  7.46095880e-03
 6.21701900e+03  7.47793009e-03
 6.21792000e+03  7.52426462e-03
 6.21882000e+03  7.58455554e-03
 6.21972000e+03  7.59600742e-03
 6.22062000e+03  7.53571175e-03
 6.22152100e+03  7.48036100e-03
 6.22242100e+03  7.48782466e-03
 6.22332100e+03  7.53395741e-03
 6.22422100e+03  7.57366391e-03
 6.22512200e+03  7.57591203e-03
 6.22602200e+03  7.56497766e-03
 6.22692200e+03  7.57672866e-03
 6.22782300e+03  7.58840369e-03
 6.22872300e+03  7.59163937e-03
 6.22962300e+03  7.58414484e-03
 6.23052300e+03  7.52942556e-03
 6.23142400e+03  7.42247488e-03
 6.23232400e+03  7.34790947e-03
 6.23322400e+03  7.37646558e-03
 6.23412400e+03  7.44565402e-03
 6.23502400e+03  7.51749652e-03
 6.23592500e+03  7.60236245e-03
 6.23682500e+03  7.64839074e-03
 6.23772500e+03  7.62438310e-03
 6.23862500e+03  7.56127432e-03
 6.23952500e+03  7.49201941e-03
 6.24042600e+03  7.43876722e-03
 6.24132600e+03  7.40727930e-03
 6.24222600e+03  7.42746253e-03
 6.24312700e+03  7.47526890e-03
 6.24402700e+03  7.45212063e-03
 6.24492700e+03  7.39340838e-03
 6.24582700e+03  7.38716967e-03
 6.24672700e+03  7.38854655e-03
 6.24762800e+03  7.37166310e-03
 6.24852800e+03  7.40138719e-03
 6.24942800e+03  7.47070382e-03
 6.25032900e+03  7.52532340e-03
 6.25122900e+03  7.54772388e-03
 6.25212900e+03  7.53436335e-03
 6.25302900e+03  7.46190125e-03
 6.25393000e+03  7.36617931e-03
 6.25483000e+03  7.32693810e-03
 6.25573000e+03  7.33656917e-03
 6.25663000e+03  7.35214933e-03
 6.25753000e+03  7.34157581e-03
 6.25843100e+03  7.30245567e-03
 6.25933100e+03  7.26484537e-03
 6.26023100e+03  7.27803497e-03
 6.26113100e+03  7.35946818e-03
 6.26203100e+03  7.43088100e-03
 6.26293200e+03  7.44736325e-03
 6.26383200e+03  7.47959897e-03
 6.26473200e+03  7.53164519e-03
 6.26563200e+03  7.51333501e-03
 6.26653300e+03  7.44113879e-03
 6.26743300e+03  7.42084874e-03
 6.26833300e+03  7.46851030e-03
 6.26923400e+03  7.50122317e-03
 6.27013400e+03  7.47953487e-03
 6.27103400e+03  7.43964795e-03
 6.27193500e+03  7.42619722e-03
 6.27283500e+03  7.45177641e-03
 6.27373500e+03  7.49108645e-03
 6.27463500e+03  7.50590220e-03
 6.27553500e+03  7.49836732e-03
 6.27643600e+03  7.49614532e-03
 6.27733600e+03  7.49841955e-03
 6.27823600e+03  7.48724305e-03
 6.27913600e+03  7.46810673e-03
 6.28003600e+03  7.44334655e-03
 6.28093700e+03  7.39394489e-03
 6.28183700e+03  7.34864065e-03
 6.28273700e+03  7.35043297e-03
 6.28363700e+03  7.38412391e-03
 6.28453800e+03  7.42939017e-03
 6.28543800e+03  7.46774352e-03
 6.28633800e+03  7.46565208e-03
 6.28723800e+03  7.45205416e-03
 6.28813900e+03  7.47461132e-03
 6.28903900e+03  7.51459082e-03
 6.28993900e+03  7.54537368e-03
 6.29084000e+03  7.54333684e-03
 6.29174000e+03  7.50073177e-03
 6.29264000e+03  7.45927330e-03
 6.29354000e+03  7.43723366e-03
 6.29444000e+03  7.43548169e-03
 6.29534100e+03  7.45741214e-03
 6.29624100e+03  7.47515733e-03
 6.29714100e+03  7.43782477e-03
 6.29804100e+03  7.36967374e-03
 6.29894200e+03  7.33970752e-03
 6.29984200e+03  7.51878557e-03
 6.30074200e+03  8.60150095e-03
 6.30164200e+03  1.05470813e-02
 6.30254200e+03  1.03554522e-02
 6.30344300e+03  8.35534489e-03
 6.30434300e+03  7.44829384e-03
 6.30524300e+03  7.37678369e-03
 6.30614300e+03  7.40868467e-03
 6.30704300e+03  7.40826924e-03
 6.30794400e+03  7.42875395e-03
 6.30884400e+03  7.48125123e-03
 6.30974400e+03  7.50710342e-03
 6.31064500e+03  7.49112206e-03
 6.31154500e+03  7.56294083e-03
 6.31244500e+03  8.38400307e-03
 6.31334600e+03  1.01394713e-02
 6.31424600e+03  1.02088259e-02
 6.31514600e+03  8.44962111e-03
 6.31604600e+03  7.48164767e-03
 6.31694700e+03  7.29612913e-03
 6.31784700e+03  7.30811514e-03
 6.31874700e+03  7.30824096e-03
 6.31964700e+03  7.25249614e-03
 6.32054700e+03  7.25075841e-03
 6.32144800e+03  7.31634796e-03
 6.32234800e+03  7.36298636e-03
 6.32324800e+03  7.36598464e-03
 6.32414800e+03  7.36278220e-03
 6.32504800e+03  7.38931096e-03
 6.32594900e+03  7.42311585e-03
 6.32684900e+03  7.44322548e-03
 6.32774900e+03  7.44582019e-03
 6.32864900e+03  7.42421735e-03
 6.32955000e+03  7.42719427e-03
 6.33045000e+03  7.44544986e-03
 6.33135000e+03  7.42856641e-03
 6.33225100e+03  7.39912482e-03
 6.33315100e+03  7.40762115e-03
 6.33405100e+03  7.44036251e-03
 6.33495100e+03  7.44370264e-03
 6.33585100e+03  7.37155390e-03
 6.33675200e+03  7.25194538e-03
 6.33765200e+03  7.19261829e-03
 6.33855200e+03  7.23340967e-03
 6.33945300e+03  7.29869298e-03
 6.34035300e+03  7.32059494e-03
 6.34125300e+03  7.33960781e-03
 6.34215300e+03  7.38210843e-03
 6.34305300e+03  7.38726937e-03
 6.34395400e+03  7.33932769e-03
 6.34485400e+03  7.26939146e-03
 6.34575400e+03  7.22318274e-03
 6.34665400e+03  7.21986635e-03
 6.34755400e+03  7.20916464e-03
 6.34845500e+03  7.17812776e-03
 6.34935500e+03  7.21011421e-03
 6.35025500e+03  7.29456470e-03
 6.35115500e+03  7.34686732e-03
 6.35205600e+03  7.35662658e-03
 6.35295600e+03  7.36052933e-03
 6.35385600e+03  7.35879873e-03
 6.35475700e+03  7.32991502e-03
 6.35565700e+03  7.26738073e-03
 6.35655700e+03  7.22583206e-03
 6.35745700e+03  7.24875956e-03
 6.35835800e+03  7.27174166e-03
 6.35925800e+03  7.22386644e-03
 6.36015800e+03  7.15309221e-03
 6.36105800e+03  7.13745270e-03
 6.36195900e+03  7.15476584e-03
 6.36285900e+03  7.14716448e-03
 6.36375900e+03  7.25867550e-03
 6.36465900e+03  7.79644379e-03
 6.36555900e+03  8.24829450e-03
 6.36646000e+03  7.83046471e-03
 6.36736000e+03  7.35037837e-03
 6.36826000e+03  7.25711345e-03
 6.36916000e+03  7.29150469e-03
 6.37006000e+03  7.29787635e-03
 6.37096100e+03  7.25925949e-03
 6.37186100e+03  7.20197398e-03
 6.37276100e+03  7.18103821e-03
 6.37366200e+03  7.23964126e-03
 6.37456200e+03  7.31739724e-03
 6.37546200e+03  7.34314973e-03
 6.37636200e+03  7.33838286e-03
 6.37726300e+03  7.33556499e-03
 6.37816300e+03  7.33185453e-03
 6.37906300e+03  7.30763798e-03
 6.37996300e+03  7.26002627e-03
 6.38086400e+03  7.23163397e-03
 6.38176400e+03  7.23292301e-03
 6.38266400e+03  7.24775538e-03
 6.38356400e+03  7.27132622e-03
 6.38446500e+03  7.28510930e-03
 6.38536500e+03  7.26753741e-03
 6.38626500e+03  7.25459470e-03
 6.38716500e+03  7.27212861e-03
 6.38806500e+03  7.30156307e-03
 6.38896600e+03  7.31827797e-03
 6.38986600e+03  7.31165706e-03
 6.39076600e+03  7.30016957e-03
 6.39166600e+03  7.29608402e-03
 6.39256600e+03  7.28497399e-03
 6.39346700e+03  7.22926715e-03
 6.39436700e+03  7.12820621e-03
 6.39526700e+03  7.07389762e-03
 6.39616700e+03  7.13599748e-03
 6.39706800e+03  7.23748572e-03
 6.39796800e+03  7.29677009e-03
 6.39886800e+03  7.31398827e-03
 6.39976900e+03  7.27722545e-03
 6.40066900e+03  7.16338798e-03
 6.40156900e+03  7.04518246e-03
 6.40247000e+03  7.06878653e-03
 6.40337000e+03  7.19254707e-03
 6.40427000e+03  7.27572513e-03
 6.40517000e+03  7.29876182e-03
 6.40607000e+03  7.30028115e-03
 6.40697100e+03  7.28365883e-03
 6.40787100e+03  7.23677117e-03
 6.40877100e+03  7.16698450e-03
 6.40967100e+03  7.13082467e-03
 6.41057100e+03  7.18040200e-03
 6.41147200e+03  7.23609934e-03
 6.41237200e+03  7.20004871e-03
 6.41327200e+03  7.13562002e-03
 6.41417200e+03  7.13536838e-03
 6.41507300e+03  7.17096559e-03
 6.41597300e+03  7.19587296e-03
 6.41687300e+03  7.20689040e-03
 6.41777300e+03  7.20380903e-03
 6.41867400e+03  7.18834282e-03
 6.41957400e+03  7.17960910e-03
 6.42047400e+03  7.16118022e-03
 6.42137400e+03  7.10171068e-03
 6.42227500e+03  7.04477652e-03
 6.42317500e+03  7.07106551e-03
 6.42407500e+03  7.18081506e-03
 6.42497600e+03  7.26242870e-03
 6.42587600e+03  7.26422814e-03
 6.42677600e+03  7.24132438e-03
 6.42767600e+03  7.24436540e-03
 6.42857600e+03  7.27097013e-03
 6.42947700e+03  7.28422620e-03
 6.43037700e+03  7.24898746e-03
 6.43127700e+03  7.14935088e-03
 6.43217700e+03  7.03431457e-03
 6.43307700e+03  7.00665106e-03
 6.43397800e+03  7.06755920e-03
 6.43487800e+03  7.13570548e-03
 6.43577800e+03  7.18577185e-03
 6.43667800e+03  7.22013223e-03
 6.43757900e+03  7.24011605e-03
 6.43847900e+03  7.22614542e-03
 6.43937900e+03  7.14839181e-03
 6.44027900e+03  7.05069712e-03
 6.44118000e+03  7.05218083e-03
 6.44208000e+03  7.15777836e-03
 6.44298000e+03  7.24468351e-03
 6.44388100e+03  7.26146013e-03
 6.44478100e+03  7.24456006e-03
 6.44568100e+03  7.22837692e-03
 6.44658100e+03  7.22857871e-03
 6.44748200e+03  7.24308822e-03
 6.44838200e+03  7.24654705e-03
 6.44928200e+03  7.20104339e-03
 6.45018200e+03  7.07167087e-03
 6.45108200e+03  6.91525443e-03
 6.45198300e+03  6.87903525e-03
 6.45288300e+03  6.98667200e-03
 6.45378300e+03  7.10930017e-03
 6.45468300e+03  7.17038873e-03
 6.45558300e+03  7.15426731e-03
 6.45648400e+03  7.06857762e-03
 6.45738400e+03  6.97372691e-03
 6.45828400e+03  6.96849950e-03
 6.45918500e+03  7.06019287e-03
 6.46008500e+03  7.15536169e-03
 6.46098500e+03  7.20594320e-03
 6.46188500e+03  7.20697824e-03
 6.46278500e+03  7.12607204e-03
 6.46368600e+03  6.97784569e-03
 6.46458600e+03  6.90763171e-03
 6.46548600e+03  6.98828153e-03
 6.46638700e+03  7.08960597e-03
 6.46728700e+03  7.13464908e-03
 6.46818700e+03  7.14868143e-03
 6.46908700e+03  7.14983754e-03
 6.46998800e+03  7.12965431e-03
 6.47088800e+03  7.09252829e-03
 6.47178800e+03  7.05939998e-03
 6.47268800e+03  7.02826103e-03
 6.47358800e+03  7.02665624e-03
 6.47448900e+03  7.06566243e-03
 6.47538900e+03  7.08098383e-03
 6.47628900e+03  7.04399786e-03
 6.47718900e+03  7.00994846e-03
 6.47809000e+03  7.03386589e-03
 6.47899000e+03  7.07521753e-03
 6.47989000e+03  7.08493881e-03
 6.48079000e+03  7.07949299e-03
 6.48169000e+03  7.05052620e-03
 6.48259100e+03  6.96877250e-03
 6.48349100e+03  6.87111817e-03
 6.48439100e+03  6.83793763e-03
 6.48529200e+03  6.88340092e-03
 6.48619200e+03  6.95201012e-03
 6.48709200e+03  6.99682296e-03
 6.48799300e+03  7.01499546e-03
 6.48889300e+03  7.02698385e-03
 6.48979300e+03  7.02934117e-03
 6.49069300e+03  7.00017259e-03
 6.49159300e+03  6.94677321e-03
 6.49249400e+03  6.90200073e-03
 6.49339400e+03  6.88095577e-03
 6.49429400e+03  6.83533816e-03
 6.49519400e+03  6.70551696e-03
 6.49609400e+03  6.56720181e-03
 6.49699500e+03  6.51790460e-03
 6.49789500e+03  6.53277970e-03
 6.49879500e+03  6.58788119e-03
 6.49969500e+03  6.67491452e-03
 6.50059600e+03  6.73552117e-03
 6.50149600e+03  6.79084106e-03
 6.50239600e+03  6.85560685e-03
 6.50329600e+03  6.89638637e-03
 6.50419700e+03  6.91994059e-03
 6.50509700e+03  6.93337233e-03
 6.50599700e+03  6.93967751e-03
 6.50689800e+03  6.95264159e-03
 6.50779800e+03  6.96073197e-03
 6.50869800e+03  6.94448711e-03
 6.50959800e+03  6.91343599e-03
 6.51049800e+03  6.90367436e-03
 6.51139900e+03  6.92371040e-03
 6.51229900e+03  6.94843734e-03
 6.51319900e+03  6.95223327e-03
 6.51409900e+03  6.94292506e-03
 6.51500000e+03  6.93553736e-03
 6.51590000e+03  6.90383579e-03
 6.51680000e+03  6.83839342e-03
 6.51770000e+03  6.78422489e-03
 6.51860000e+03  6.76720850e-03
 6.51950100e+03  6.76455444e-03
 6.52040100e+03  6.77272079e-03
 6.52130100e+03  6.81598107e-03
 6.52220100e+03  6.87719782e-03
 6.52310100e+03  6.91039735e-03
 6.52400200e+03  6.90366249e-03
 6.52490200e+03  6.88837195e-03
 6.52580200e+03  6.89050612e-03
 6.52670300e+03  6.88712801e-03
 6.52760300e+03  6.83710912e-03
 6.52850300e+03  6.77670900e-03
 6.52940400e+03  6.77208932e-03
 6.53030400e+03  6.81204745e-03
 6.53120400e+03  6.84916398e-03
 6.53210400e+03  6.84964827e-03
 6.53300500e+03  6.80868596e-03
 6.53390500e+03  6.75590855e-03
 6.53480500e+03  6.73249915e-03
 6.53570500e+03  6.75405451e-03
 6.53660500e+03  6.79051583e-03
 6.53750600e+03  6.80125078e-03
 6.53840600e+03  6.77770368e-03
 6.53930600e+03  6.75619343e-03
 6.54020600e+03  6.76980084e-03
 6.54110600e+03  6.79716286e-03
 6.54200700e+03  6.80058845e-03
 6.54290700e+03  6.76801564e-03
 6.54380700e+03  6.71878490e-03
 6.54470700e+03  6.67805762e-03
 6.54560800e+03  6.64636316e-03
 6.54650800e+03  6.63207917e-03
 6.54740800e+03  7.50337159e-03
 6.54830900e+03  1.56297738e-02
 6.54920900e+03  3.76302016e-02
 6.55010900e+03  4.54605429e-02
 6.55100900e+03  2.44310797e-02
 6.55191000e+03  9.52634704e-03
 6.55281000e+03  6.63720925e-03
 6.55371000e+03  6.41116283e-03
 6.55461000e+03  6.35884360e-03
 6.55551100e+03  6.28868422e-03
 6.55641100e+03  6.20655782e-03
 6.55731100e+03  6.14098726e-03
 6.55821100e+03  6.10492713e-03
 6.55911100e+03  6.06584498e-03
 6.56001200e+03  5.99808328e-03
 6.56091200e+03  6.07469265e-03
 6.56181200e+03  1.23524378e-02
 6.56271200e+03  9.43937780e-02
 6.56361200e+03  4.44449482e-01
 6.56451300e+03  8.03172484e-01
 6.56541300e+03  5.38136966e-01
 6.56631300e+03  1.36338328e-01
 6.56721300e+03  1.75959908e-02
 6.56811400e+03  6.36405914e-03
 6.56901400e+03  6.06561709e-03
 6.56991400e+03  6.07237806e-03
 6.57081500e+03  6.06263067e-03
 6.57171500e+03  6.09725219e-03
 6.57261500e+03  6.16241443e-03
 6.57351600e+03  6.19679618e-03
 6.57441600e+03  6.19313319e-03
 6.57531600e+03  6.18053470e-03
 6.57621600e+03  6.18825238e-03
 6.57711600e+03  6.25087925e-03
 6.57801700e+03  6.34675550e-03
 6.57891700e+03  6.41378366e-03
 6.57981700e+03  6.44501757e-03
 6.58071700e+03  6.45973124e-03
 6.58161700e+03  6.48360831e-03
 6.58251800e+03  7.55153642e-03
 6.58341800e+03  2.08406045e-02
 6.58431800e+03  7.47721553e-02
 6.58521800e+03  1.25719036e-01
 6.58611800e+03  8.31019732e-02
 6.58701900e+03  2.46251967e-02
 6.58791900e+03  8.12505623e-03
 6.58881900e+03  6.64162953e-03
 6.58972000e+03  6.64124970e-03
 6.59062000e+03  6.66621878e-03
 6.59152000e+03  6.68067132e-03
 6.59242100e+03  6.66536654e-03
 6.59332100e+03  6.58034631e-03
 6.59422100e+03  6.45367769e-03
 6.59512100e+03  6.40033767e-03
 6.59602100e+03  6.48200828e-03
 6.59692200e+03  6.60091173e-03
 6.59782200e+03  6.65126534e-03
 6.59872200e+03  6.63299314e-03
 6.59962200e+03  6.59046878e-03
 6.60052300e+03  6.58023236e-03
 6.60142300e+03  6.62669508e-03
 6.60232300e+03  6.68937655e-03
 6.60322300e+03  6.71533557e-03
 6.60412300e+03  6.70713599e-03
 6.60502400e+03  6.68076390e-03
 6.60592400e+03  6.63775289e-03
 6.60682400e+03  6.60921577e-03
 6.60772400e+03  6.60203936e-03
 6.60862400e+03  6.59343858e-03
 6.60952500e+03  6.56897039e-03
 6.61042500e+03  6.53784094e-03
 6.61132500e+03  6.55438254e-03
 6.61222600e+03  6.63645672e-03
 6.61312600e+03  6.70238099e-03
 6.61402600e+03  6.69149411e-03
 6.61492600e+03  6.64094583e-03
 6.61582700e+03  6.63063345e-03
 6.61672700e+03  6.67671397e-03
 6.61762700e+03  6.71204529e-03
 6.61852800e+03  6.70759416e-03
 6.61942800e+03  6.69048756e-03
 6.62032800e+03  6.69130419e-03
 6.62122800e+03  6.70688198e-03
 6.62212800e+03  6.71593618e-03
 6.62302900e+03  6.71607861e-03
 6.62392900e+03  6.69780878e-03
 6.62482900e+03  6.64985523e-03
 6.62572900e+03  6.59052101e-03
 6.62662900e+03  6.56765286e-03
 6.62753000e+03  6.59951111e-03
 6.62843000e+03  6.63395221e-03
 6.62933000e+03  6.64438330e-03
 6.63023000e+03  6.64300641e-03
 6.63113100e+03  6.63545729e-03
 6.63203100e+03  6.62844942e-03
 6.63293100e+03  6.61464734e-03
 6.63383200e+03  6.57410997e-03
 6.63473200e+03  6.51494430e-03
 6.63563200e+03  6.48947906e-03
 6.63653200e+03  6.52906211e-03
 6.63743300e+03  6.59539233e-03
 6.63833300e+03  6.63846982e-03
 6.63923300e+03  6.64900061e-03
 6.64013300e+03  6.63735881e-03
 6.64103400e+03  6.61211672e-03
 6.64193400e+03  6.60779853e-03
 6.64283400e+03  6.63501811e-03
 6.64373400e+03  6.62317453e-03
 6.64463400e+03  6.55237181e-03
 6.64553500e+03  6.51385466e-03
 6.64643500e+03  6.54484643e-03
 6.64733500e+03  6.58849366e-03
 6.64823500e+03  6.59843097e-03
 6.64913500e+03  6.59125455e-03
 6.65003600e+03  6.59759297e-03
 6.65093600e+03  6.61031965e-03
 6.65183600e+03  6.61143303e-03
 6.65273600e+03  6.60122747e-03
 6.65363700e+03  6.59190739e-03
 6.65453700e+03  6.59030023e-03
 6.65543700e+03  6.59175308e-03
 6.65633700e+03  6.59652944e-03
 6.65723800e+03  6.59502199e-03
 6.65813800e+03  6.58556185e-03
 6.65903800e+03  6.58890673e-03
 6.65993900e+03  6.59964643e-03
 6.66083900e+03  6.59252461e-03
 6.66173900e+03  6.56941907e-03
 6.66263900e+03  6.54889637e-03
 6.66354000e+03  6.51717580e-03
 6.66444000e+03  6.45652642e-03
 6.66534000e+03  6.43346836e-03
 6.66624000e+03  6.47495530e-03
 6.66714000e+03  6.50909966e-03
 6.66804100e+03  6.50397433e-03
 6.66894100e+03  6.49514090e-03
 6.66984100e+03  6.51250389e-03
 6.67074100e+03  6.54455918e-03
 6.67164100e+03  6.57323161e-03
 6.67254200e+03  6.58542891e-03
 6.67344200e+03  6.57435211e-03
 6.67434200e+03  6.56244681e-03
 6.67524300e+03  6.56467119e-03
 6.67614300e+03  6.56969444e-03
 6.67704300e+03  6.59579827e-03
 6.67794400e+03  7.11388424e-03
 6.67884400e+03  1.00800041e-02
 6.67974400e+03  1.43626462e-02
 6.68064400e+03  1.27516179e-02
 6.68154400e+03  8.27863344e-03
 6.68244500e+03  6.66406087e-03
 6.68334500e+03  6.50240041e-03
 6.68424500e+03  6.51532176e-03
 6.68514500e+03  6.53698869e-03
 6.68604600e+03  6.55622472e-03
 6.68694600e+03  6.55893575e-03
 6.68784600e+03  6.55077890e-03
 6.68874600e+03  6.53562130e-03
 6.68964600e+03  6.52636294e-03
 6.69054700e+03  6.53324499e-03
 6.69144700e+03  6.54416986e-03
 6.69234700e+03  6.55173322e-03
 6.69324700e+03  6.54716814e-03
 6.69414800e+03  6.53545988e-03
 6.69504800e+03  6.53228355e-03
 6.69594800e+03  6.52563177e-03
 6.69684800e+03  6.49374265e-03
 6.69774900e+03  6.45235304e-03
 6.69864900e+03  6.43832306e-03
 6.69954900e+03  6.45563382e-03
 6.70044900e+03  6.48282491e-03
 6.70135000e+03  6.51356029e-03
 6.70225000e+03  6.53249008e-03
 6.70315000e+03  6.52858020e-03
 6.70405100e+03  6.50518979e-03
 6.70495100e+03  6.46852905e-03
 6.70585100e+03  6.44126674e-03
 6.70675100e+03  6.44877551e-03
 6.70765100e+03  6.47846399e-03
 6.70855200e+03  6.49504595e-03
 6.70945200e+03  6.49340318e-03
 6.71035200e+03  6.48464810e-03
 6.71125200e+03  6.46511058e-03
 6.71215200e+03  6.45370381e-03
 6.71305300e+03  6.46581327e-03
 6.71395300e+03  6.46969940e-03
 6.71485300e+03  6.48004265e-03
 6.71575300e+03  7.29122932e-03
 6.71665400e+03  1.52145934e-02
 6.71755400e+03  3.93195200e-02
 6.71845400e+03  5.15825268e-02
 6.71935500e+03  2.91687963e-02
 6.72025500e+03  1.06015584e-02
 6.72115500e+03  6.71147317e-03
 6.72205500e+03  6.45419996e-03
 6.72295600e+03  6.43281315e-03
 6.72385600e+03  6.42873472e-03
 6.72475600e+03  6.44984616e-03
 6.72565600e+03  6.46014193e-03
 6.72655700e+03  6.43957412e-03
 6.72745700e+03  6.40939424e-03
 6.72835700e+03  6.40263564e-03
 6.72925700e+03  6.44665796e-03
 6.73015700e+03  7.16807888e-03
 6.73105800e+03  1.36635213e-02
 6.73195800e+03  3.26810146e-02
 6.73285800e+03  4.15284461e-02
 6.73375800e+03  2.37000704e-02
 6.73465800e+03  9.55093155e-03
 6.73555900e+03  6.62230804e-03
 6.73645900e+03  6.41955233e-03
 6.73735900e+03  6.43011873e-03
 6.73826000e+03  6.43523694e-03
 6.73916000e+03  6.40664760e-03
 6.74006000e+03  6.36513691e-03
 6.74096000e+03  6.34939770e-03
 6.74186000e+03  6.36905866e-03
 6.74276100e+03  6.38782464e-03
 6.74366100e+03  6.37592409e-03
 6.74456100e+03  6.35332656e-03
 6.74546200e+03  6.35382509e-03
 6.74636200e+03  6.37279523e-03
 6.74726200e+03  6.37493890e-03
 6.74816200e+03  6.35847801e-03
 6.74906300e+03  6.34968969e-03
 6.74996300e+03  6.34324920e-03
 6.75086300e+03  6.32383513e-03
 6.75176300e+03  6.31238799e-03
 6.75266300e+03  6.32499836e-03
 6.75356400e+03  6.32968214e-03
 6.75446400e+03  6.31668957e-03
 6.75536400e+03  6.32987917e-03
 6.75626400e+03  6.35870828e-03
 6.75716400e+03  6.37094594e-03
 6.75806500e+03  6.37960132e-03
 6.75896500e+03  6.39342001e-03
 6.75986500e+03  6.40766839e-03
 6.76076600e+03  6.42331739e-03
 6.76166600e+03  6.43015671e-03
 6.76256600e+03  6.42047579e-03
 6.76346700e+03  6.40227480e-03
 6.76436700e+03  6.39602185e-03
 6.76526700e+03  6.40738352e-03
 6.76616700e+03  6.40782982e-03
 6.76706800e+03  6.37998589e-03
 6.76796800e+03  6.33137475e-03
 6.76886800e+03  6.29292407e-03
 6.76976800e+03  6.29701437e-03
 6.77066800e+03  6.33118721e-03
 6.77156900e+03  6.34431984e-03
 6.77246900e+03  6.32322265e-03
 6.77336900e+03  6.31288415e-03
 6.77426900e+03  6.33769893e-03
 6.77516900e+03  6.36659213e-03
 6.77607000e+03  6.38670889e-03
 6.77697000e+03  6.40328135e-03
 6.77787000e+03  6.40846841e-03
 6.77877000e+03  6.39885871e-03
 6.77967100e+03  6.39735125e-03
 6.78057100e+03  6.40975271e-03
 6.78147100e+03  6.40799837e-03
 6.78237100e+03  6.38371060e-03
 6.78327200e+03  6.35014786e-03
 6.78417200e+03  6.30822885e-03
 6.78507200e+03  6.26169491e-03
 6.78597200e+03  6.23627240e-03
 6.78687300e+03  6.23928018e-03
 6.78777300e+03  6.25462532e-03
 6.78867300e+03  6.28211553e-03
 6.78957400e+03  6.31978993e-03
 6.79047400e+03  6.33469352e-03
 6.79137400e+03  6.32358824e-03
 6.79227400e+03  6.31898992e-03
 6.79317400e+03  6.32669810e-03
 6.79407500e+03  6.31477618e-03
 6.79497500e+03  6.28404554e-03
 6.79587500e+03  6.27016512e-03
 6.79677500e+03  6.27926918e-03
 6.79767500e+03  6.29648261e-03
 6.79857600e+03  6.31663022e-03
 6.79947600e+03  6.32574377e-03
 6.80037600e+03  6.32542566e-03
 6.80127600e+03  6.32866847e-03
 6.80217700e+03  6.33323117e-03
 6.80307700e+03  6.33545556e-03
 6.80397700e+03  6.33228397e-03
 6.80487700e+03  6.31552872e-03
 6.80577800e+03  6.30240321e-03
 6.80667800e+03  6.30944668e-03
 6.80757800e+03  6.30732676e-03
 6.80847900e+03  6.29340123e-03
 6.80937900e+03  6.30280440e-03
 6.81027900e+03  6.31296724e-03
 6.81117900e+03  6.29445052e-03
 6.81208000e+03  6.28149593e-03
 6.81298000e+03  6.28974774e-03
 6.81388000e+03  6.29831766e-03
 6.81478000e+03  6.29096557e-03
 6.81568000e+03  6.26252579e-03
 6.81658100e+03  6.23823090e-03
 6.81748100e+03  6.25788474e-03
 6.81838100e+03  6.30077706e-03
 6.81928100e+03  6.31766763e-03
 6.82018100e+03  6.30185008e-03
 6.82108200e+03  6.27441210e-03
 6.82198200e+03  6.25604256e-03
 6.82288200e+03  6.26554307e-03
 6.82378300e+03  6.29764109e-03
 6.82468300e+03  6.32084396e-03
 6.82558300e+03  6.32592657e-03
 6.82648300e+03  6.32236091e-03
 6.82738400e+03  6.31479754e-03
 6.82828400e+03  6.28934892e-03
 6.82918400e+03  6.24020365e-03
 6.83008400e+03  6.20703260e-03
 6.83098500e+03  6.22080857e-03
 6.83188500e+03  6.26277031e-03
 6.83278500e+03  6.29011333e-03
 6.83368500e+03  6.28079325e-03
 6.83458600e+03  6.25859930e-03
 6.83548600e+03  6.26087115e-03
 6.83638600e+03  6.28295590e-03
 6.83728600e+03  6.29500602e-03
 6.83818600e+03  6.28156240e-03
 6.83908700e+03  6.25246029e-03
 6.83998700e+03  6.21671827e-03
 6.84088700e+03  6.18336206e-03
 6.84178700e+03  6.15229908e-03
 6.84268800e+03  6.11331663e-03
 6.84358800e+03  6.09236900e-03
 6.84448800e+03  6.11266142e-03
 6.84538800e+03  6.16607979e-03
 6.84628800e+03  6.22388044e-03
 6.84718900e+03  6.25134691e-03
 6.84808900e+03  6.25298968e-03
 6.84898900e+03  6.25010060e-03
 6.84989000e+03  6.24838899e-03
 6.85079000e+03  6.24528387e-03
 6.85169000e+03  6.24836525e-03
 6.85259100e+03  6.25304903e-03
 6.85349100e+03  6.25433808e-03
 6.85439100e+03  6.25794646e-03
 6.85529100e+03  6.24022264e-03
 6.85619100e+03  6.18205165e-03
 6.85709200e+03  6.13898366e-03
 6.85799200e+03  6.14825389e-03
 6.85889200e+03  6.17159207e-03
 6.85979200e+03  6.18812181e-03
 6.86069200e+03  6.19957369e-03
 6.86159300e+03  6.18444220e-03
 6.86249300e+03  6.14150953e-03
 6.86339300e+03  6.11852743e-03
 6.86429300e+03  6.15682143e-03
 6.86519400e+03  6.22191720e-03
 6.86609400e+03  6.25714170e-03
 6.86699400e+03  6.25220391e-03
 6.86789500e+03  6.22318013e-03
 6.86879500e+03  6.16917303e-03
 6.86969500e+03  6.11846096e-03
 6.87059500e+03  6.12728726e-03
 6.87149500e+03  6.18004567e-03
 6.87239600e+03  6.20231084e-03
 6.87329600e+03  6.17687409e-03
 6.87419600e+03  6.15151093e-03
 6.87509700e+03  6.16201798e-03
 6.87599700e+03  6.18309143e-03
 6.87689700e+03  6.18526596e-03
 6.87779700e+03  6.18240774e-03
 6.87869700e+03  6.19970900e-03
 6.87959800e+03  6.22550422e-03
 6.88049800e+03  6.23049661e-03
 6.88139800e+03  6.21241432e-03
 6.88229800e+03  6.18584045e-03
 6.88319800e+03  6.15248662e-03
 6.88409900e+03  6.12184382e-03
 6.88499900e+03  6.12711396e-03
 6.88589900e+03  6.16697476e-03
 6.88679900e+03  6.18844704e-03
 6.88770000e+03  6.16984486e-03
 6.88860000e+03  6.16660206e-03
 6.88950000e+03  6.19513680e-03
 6.89040000e+03  6.21316686e-03
 6.89130100e+03  6.21849398e-03
 6.89220100e+03  6.23339282e-03
 6.89310100e+03  6.23886237e-03
 6.89400200e+03  6.21617227e-03
 6.89490200e+03  6.19632377e-03
 6.89580200e+03  6.20155830e-03
 6.89670200e+03  6.20091734e-03
 6.89760300e+03  6.18288965e-03
 6.89850300e+03  6.17999344e-03
 6.89940300e+03  6.20152507e-03
 6.90030300e+03  6.20771867e-03
 6.90120300e+03  6.17959700e-03
 6.90210400e+03  6.15868734e-03
 6.90300400e+03  6.18788916e-03
 6.90390400e+03  6.22984615e-03
 6.90480400e+03  6.22888708e-03
 6.90570400e+03  6.20106215e-03
 6.90660500e+03  6.18727431e-03
 6.90750500e+03  6.20007459e-03
 6.90840500e+03  6.22389469e-03
 6.90930600e+03  6.22905563e-03
 6.91020600e+03  6.21278228e-03
 6.91110600e+03  6.20157729e-03
 6.91200600e+03  6.19416823e-03
 6.91290700e+03  6.17555893e-03
 6.91380700e+03  6.15364747e-03
 6.91470700e+03  6.12160880e-03
 6.91560800e+03  6.08269282e-03
 6.91650800e+03  6.07631643e-03
 6.91740800e+03  6.09709788e-03
 6.91830800e+03  6.10114308e-03
 6.91920800e+03  6.10770702e-03
 6.92010900e+03  6.13394616e-03
 6.92100900e+03  6.16267319e-03
 6.92190900e+03  6.18085043e-03
 6.92280900e+03  6.18602325e-03
 6.92370900e+03  6.17867828e-03
 6.92461000e+03  6.14885924e-03
 6.92551000e+03  6.09470495e-03
 6.92641000e+03  6.04978054e-03
 6.92731000e+03  6.04338278e-03
 6.92821100e+03  6.07414665e-03
 6.92911100e+03  6.11434217e-03
 6.93001100e+03  6.12685283e-03
 6.93091100e+03  6.11699861e-03
 6.93181200e+03  6.11049165e-03
 6.93271200e+03  6.11229346e-03
 6.93361200e+03  6.09971634e-03
 6.93451200e+03  6.07008009e-03
 6.93541300e+03  6.06601116e-03
 6.93631300e+03  6.09907300e-03
 6.93721300e+03  6.12122422e-03
 6.93811400e+03  6.11246439e-03
 6.93901400e+03  6.09491623e-03
 6.93991400e+03  6.08802706e-03
 6.94081400e+03  6.09961663e-03
 6.94171400e+03  6.11696300e-03
 6.94261500e+03  6.11933219e-03
 6.94351500e+03  6.10044751e-03
 6.94441500e+03  6.07170386e-03
 6.94531500e+03  6.03291608e-03
 6.94621500e+03  5.98408654e-03
 6.94711600e+03  5.96618467e-03
 6.94801600e+03  6.00220919e-03
 6.94891600e+03  6.04765349e-03
 6.94981600e+03  6.06948660e-03
 6.95071700e+03  6.07901559e-03
 6.95161700e+03  6.07034360e-03
 6.95251700e+03  6.03265495e-03
 6.95341700e+03  6.00393504e-03
 6.95431800e+03  6.00060440e-03
 6.95521800e+03  6.00583894e-03
 6.95611800e+03  6.01419283e-03
 6.95701900e+03  6.02995815e-03
 6.95791900e+03  6.05207851e-03
 6.95881900e+03  6.06248111e-03
 6.95971900e+03  6.06171908e-03
 6.96062000e+03  6.06283008e-03
 6.96152000e+03  6.06507583e-03
 6.96242000e+03  6.07092521e-03
 6.96332000e+03  6.07495379e-03
 6.96422000e+03  6.07712357e-03
 6.96512100e+03  6.08728165e-03
 6.96602100e+03  6.08517596e-03
 6.96692100e+03  6.05928817e-03
 6.96782100e+03  6.03994531e-03
 6.96872100e+03  6.05773561e-03
 6.96962200e+03  6.08795110e-03
 6.97052200e+03  6.09719759e-03
 6.97142200e+03  6.07921975e-03
 6.97232300e+03  6.04366290e-03
 6.97322300e+03  6.02707857e-03
 6.97412300e+03  6.04896865e-03
 6.97502300e+03  6.06460341e-03
 6.97592300e+03  6.04213646e-03
 6.97682400e+03  6.00450241e-03
 6.97772400e+03  5.97028684e-03
 6.97862400e+03  5.92031068e-03
 6.97952500e+03  5.84251909e-03
 6.98042500e+03  5.79179277e-03
 6.98132500e+03  5.83386608e-03
 6.98222500e+03  5.92981831e-03
 6.98312600e+03  5.99965958e-03
 6.98402600e+03  6.03558439e-03
 6.98492600e+03  6.05727269e-03
 6.98582600e+03  6.06044902e-03
 6.98672600e+03  6.04924641e-03
 6.98762700e+03  6.04023731e-03
 6.98852700e+03  6.03621111e-03
 6.98942700e+03  6.02258708e-03
 6.99032700e+03  5.99285350e-03
 6.99122700e+03  5.96955329e-03
 6.99212800e+03  5.98482958e-03
 6.99302800e+03  6.02710468e-03
 6.99392800e+03  6.05365718e-03
 6.99482800e+03  6.04724517e-03
 6.99572900e+03  6.02114135e-03
 6.99662900e+03  6.00829597e-03
 6.99752900e+03  6.02116271e-03
 6.99843000e+03  6.03855181e-03
 6.99933000e+03  6.03141813e-03
 7.00023000e+03  5.98536609e-03
 7.00113100e+03  5.92848653e-03
 7.00203100e+03  5.91736700e-03
 7.00293100e+03  5.95519571e-03
 7.00383100e+03  5.99262322e-03
 7.00473100e+03  5.98823144e-03
 7.00563200e+03  5.94346608e-03
 7.00653200e+03  5.90911756e-03
 7.00743200e+03  5.90664629e-03
 7.00833200e+03  5.92358672e-03
 7.00923200e+03  5.94826381e-03
 7.01013300e+03  5.97340144e-03
 7.01103300e+03  5.98621359e-03
 7.01193300e+03  5.97545490e-03
 7.01283300e+03  5.95778805e-03
 7.01373400e+03  5.95546396e-03
 7.01463400e+03  5.96967199e-03
 7.01553400e+03  5.97469049e-03
 7.01643400e+03  5.92517013e-03
 7.01733500e+03  5.83085356e-03
 7.01823500e+03  5.77382206e-03
 7.01913500e+03  5.82308128e-03
 7.02003500e+03  5.92418970e-03
 7.02093600e+03  5.98788247e-03
 7.02183600e+03  6.00723482e-03
 7.02273600e+03  6.00436710e-03
 7.02363700e+03  5.97215750e-03
 7.02453700e+03  5.91104757e-03
 7.02543700e+03  5.85777402e-03
 7.02633700e+03  5.85235907e-03
 7.02723700e+03  5.89169523e-03
 7.02813800e+03  5.92372678e-03
 7.02903800e+03  5.92573276e-03
 7.02993800e+03  5.92629776e-03
 7.03083800e+03  5.94031586e-03
 7.03173800e+03  5.95212146e-03
 7.03263900e+03  5.95372149e-03
 7.03353900e+03  5.94114911e-03
 7.03443900e+03  5.92475944e-03
 7.03533900e+03  5.91826672e-03
 7.03624000e+03  5.92433688e-03
 7.03714000e+03  5.94584239e-03
 7.03804000e+03  5.95201463e-03
 7.03894000e+03  5.90358391e-03
 7.03984100e+03  5.83311592e-03
 7.04074100e+03  5.83529757e-03
 7.04164100e+03  5.92332084e-03
 7.04254200e+03  6.01416197e-03
 7.04344200e+03  6.05347439e-03
 7.04434200e+03  6.05395155e-03
 7.04524200e+03  6.02114609e-03
 7.04614300e+03  5.97111534e-03
 7.04704300e+03  5.94811188e-03
 7.04794300e+03  5.96496209e-03
 7.04884300e+03  5.99945542e-03
 7.04974300e+03  6.03033561e-03
 7.05064400e+03  6.03103830e-03
 7.05154400e+03  5.95301881e-03
 7.05244400e+03  5.97888999e-03
 7.05334400e+03  5.93106462e-03
 7.05424400e+03  5.85368135e-03
 7.05514500e+03  5.79432814e-03
 7.05604500e+03  5.78585080e-03
 7.05694500e+03  5.81958922e-03
 7.05784600e+03  5.87207463e-03
 7.05874600e+03  5.90946178e-03
 7.05964600e+03  5.90759349e-03
 7.06054600e+03  5.86298956e-03
 7.06144700e+03  5.81123295e-03
 7.06234700e+03  5.79878877e-03
 7.06324700e+03  5.81878445e-03
 7.06414800e+03  5.84927057e-03
 7.06504800e+03  6.17626636e-03
 7.06594800e+03  7.96891755e-03
 7.06684800e+03  1.06787541e-02
 7.06774800e+03  9.85083595e-03
 7.06864900e+03  6.99680634e-03
 7.06954900e+03  5.86423825e-03
 7.07044900e+03  5.73429836e-03
 7.07134900e+03  5.77851771e-03
 7.07224900e+03  5.83936887e-03
 7.07315000e+03  5.86827632e-03
 7.07405000e+03  5.86708223e-03
 7.07495000e+03  5.86404834e-03
 7.07585000e+03  5.86348334e-03
 7.07675100e+03  5.85726125e-03
 7.07765100e+03  5.84528473e-03
 7.07855100e+03  5.83935463e-03
 7.07945100e+03  5.84454643e-03
 7.08035100e+03  5.84890261e-03
 7.08125200e+03  5.85158754e-03
 7.08215200e+03  5.86380620e-03
 7.08305200e+03  5.86538961e-03
 7.08395300e+03  5.82800246e-03
 7.08485300e+03  5.75682703e-03
 7.08575300e+03  5.67959806e-03
 7.08665400e+03  5.64495755e-03
 7.08755400e+03  5.65691033e-03
 7.08845400e+03  5.66248197e-03
 7.08935400e+03  5.64919741e-03
 7.09025400e+03  5.63962094e-03
 7.09115500e+03  5.62909252e-03
 7.09205500e+03  5.61979143e-03
 7.09295500e+03  5.62757083e-03
 7.09385500e+03  5.63061659e-03
 7.09475500e+03  5.61911961e-03
 7.09565600e+03  5.61651302e-03
 7.09655600e+03  5.61600025e-03
 7.09745600e+03  5.61310879e-03
 7.09835600e+03  5.61174378e-03
 7.09925700e+03  5.62004069e-03
 7.10015700e+03  5.65750857e-03
 7.10105700e+03  5.70764377e-03
 7.10195800e+03  5.72092121e-03
 7.10285800e+03  5.70517725e-03
 7.10375800e+03  5.67424483e-03
 7.10465800e+03  5.66071338e-03
 7.10555900e+03  5.68296668e-03
 7.10645900e+03  5.72031348e-03
 7.10735900e+03  5.72461743e-03
 7.10825900e+03  5.69019770e-03
 7.10916000e+03  5.66556571e-03
 7.11006000e+03  5.67293442e-03
 7.11096000e+03  5.67423771e-03
 7.11186000e+03  5.64487921e-03
 7.11276000e+03  5.61119540e-03
 7.11366100e+03  5.61197642e-03
 7.11456100e+03  5.64192366e-03
 7.11546100e+03  5.67142697e-03
 7.11636100e+03  5.68692879e-03
 7.11726100e+03  5.69360193e-03
 7.11816200e+03  5.69817888e-03
 7.11906200e+03  5.69638418e-03
 7.11996200e+03  5.69125885e-03
 7.12086300e+03  5.68375008e-03
 7.12176300e+03  5.67674934e-03
 7.12266300e+03  5.66790404e-03
 7.12356300e+03  5.64904547e-03
 7.12446300e+03  5.64617064e-03
 7.12536400e+03  5.66711115e-03
 7.12626400e+03  5.66251283e-03
 7.12716400e+03  5.63172997e-03
 7.12806500e+03  5.61280730e-03
 7.12896500e+03  5.62590195e-03
 7.12986500e+03  5.64730538e-03
 7.13076500e+03  5.64019306e-03
 7.13166600e+03  5.59383716e-03
 7.13256600e+03  5.55125583e-03
 7.13346600e+03  5.56473267e-03
 7.13436600e+03  5.62723373e-03
 7.13526600e+03  6.10906728e-03
 7.13616700e+03  1.01418286e-02
 7.13706700e+03  2.17332244e-02
 7.13796700e+03  2.69338281e-02
 7.13886700e+03  1.60486672e-02
 7.13976700e+03  7.54173443e-03
 7.14066800e+03  5.77792185e-03
 7.14156800e+03  5.65011612e-03
 7.14246800e+03  5.66988866e-03
 7.14336800e+03  5.69010037e-03
 7.14426900e+03  5.68527652e-03
 7.14516900e+03  5.67866273e-03
 7.14606900e+03  5.67608701e-03
 7.14697000e+03  5.67539144e-03
 7.14787000e+03  5.67316232e-03
 7.14877000e+03  5.64591425e-03
 7.14967100e+03  5.59124482e-03
 7.15057100e+03  5.57198031e-03
 7.15147100e+03  5.60352520e-03
 7.15237100e+03  5.63466890e-03
 7.15327100e+03  5.66357398e-03
 7.15417200e+03  5.69916881e-03
 7.15507200e+03  5.71827190e-03
 7.15597200e+03  5.69627023e-03
 7.15687200e+03  5.66458290e-03
 7.15777200e+03  5.67222224e-03
 7.15867300e+03  5.70750371e-03
 7.15957300e+03  5.71336022e-03
 7.16047300e+03  5.68343672e-03
 7.16137300e+03  5.65709313e-03
 7.16227400e+03  5.65516786e-03
 7.16317400e+03  5.67804551e-03
 7.16407400e+03  5.69415980e-03
 7.16497400e+03  5.65621477e-03
 7.16587500e+03  5.58073065e-03
 7.16677500e+03  5.53258005e-03
 7.16767500e+03  5.55897350e-03
 7.16857500e+03  5.62575002e-03
 7.16947600e+03  5.66984118e-03
 7.17037600e+03  5.68107703e-03
 7.17127600e+03  5.67753986e-03
 7.17217700e+03  5.67540331e-03
 7.17307700e+03  5.68678635e-03
 7.17397700e+03  5.70469059e-03
 7.17487700e+03  5.71227533e-03
 7.17577700e+03  5.70345852e-03
 7.17667800e+03  5.67766805e-03
 7.17757800e+03  5.64396050e-03
 7.17847800e+03  5.63535260e-03
 7.17937800e+03  5.66320127e-03
 7.18027800e+03  5.67928945e-03
 7.18117900e+03  5.63708795e-03
 7.18207900e+03  5.56401574e-03
 7.18297900e+03  5.52896929e-03
 7.18387900e+03  5.56978916e-03
 7.18478000e+03  5.64784901e-03
 7.18568000e+03  5.68592936e-03
 7.18658000e+03  5.68361952e-03
 7.18748000e+03  5.65946944e-03
 7.18838100e+03  5.60436795e-03
 7.18928100e+03  5.54533285e-03
 7.19018100e+03  5.53117943e-03
 7.19108200e+03  5.55247840e-03
 7.19198200e+03  5.58613373e-03
 7.19288200e+03  5.60745170e-03
 7.19378200e+03  5.60199164e-03
 7.19468300e+03  5.58712604e-03
 7.19558300e+03  5.59306800e-03
 7.19648300e+03  5.62498561e-03
 7.19738300e+03  5.63892063e-03
 7.19828300e+03  5.60673714e-03
 7.19918400e+03  5.57904278e-03
 7.20008400e+03  5.60152160e-03
 7.20098400e+03  5.63803040e-03
 7.20188400e+03  5.65077608e-03
 7.20278400e+03  5.63870222e-03
 7.20368500e+03  5.62773225e-03
 7.20458500e+03  5.64319609e-03
 7.20548500e+03  5.67712917e-03
 7.20638600e+03  5.69425239e-03
 7.20728600e+03  5.66340543e-03
 7.20818600e+03  5.58535033e-03
 7.20908600e+03  5.52053469e-03
 7.20998700e+03  5.52226054e-03
 7.21088700e+03  5.56997433e-03
 7.21178700e+03  5.62633163e-03
 7.21268800e+03  5.67712917e-03
 7.21358800e+03  5.68450025e-03
 7.21448800e+03  5.64688282e-03
 7.21538800e+03  5.61131884e-03
 7.21628800e+03  5.59506686e-03
 7.21718900e+03  5.59414340e-03
 7.21808900e+03  5.61230403e-03
 7.21898900e+03  5.64790836e-03
 7.21988900e+03  5.67677308e-03
 7.22078900e+03  5.67147207e-03
 7.22169000e+03  5.64420027e-03
 7.22259000e+03  5.62211077e-03
 7.22349000e+03  5.60874549e-03
 7.22439000e+03  5.58743465e-03
 7.22529100e+03  5.57693472e-03
 7.22619100e+03  5.60687008e-03
 7.22709100e+03  5.65425864e-03
 7.22799100e+03  5.68448126e-03
 7.22889200e+03  5.68511272e-03
 7.22979200e+03  5.65601061e-03
 7.23069200e+03  5.63444813e-03
 7.23159200e+03  5.64928287e-03
 7.23249300e+03  5.67877905e-03
 7.23339300e+03  5.70031543e-03
 7.23429300e+03  5.70722833e-03
 7.23519400e+03  5.71308959e-03
 7.23609400e+03  5.71092456e-03
 7.23699400e+03  5.68899886e-03
 7.23789400e+03  5.66242499e-03
 7.23879400e+03  5.65650676e-03
 7.23969500e+03  5.65854598e-03
 7.24059500e+03  5.64674750e-03
 7.24149500e+03  5.62805748e-03
 7.24239500e+03  5.63142373e-03
 7.24329500e+03  5.66424580e-03
 7.24419600e+03  5.68272217e-03
 7.24509600e+03  5.65252092e-03
 7.24599600e+03  5.59984797e-03
 7.24689600e+03  5.57151739e-03
 7.24779700e+03  5.59985272e-03
 7.24869700e+03  5.65764863e-03
 7.24959700e+03  5.69392716e-03
 7.25049800e+03  5.68747717e-03
 7.25139800e+03  5.64782527e-03
 7.25229800e+03  5.59784912e-03
 7.25319800e+03  5.57090254e-03
 7.25409900e+03  5.58167310e-03
 7.25499900e+03  5.60860543e-03
 7.25589900e+03  5.63016792e-03
 7.25679900e+03  5.64863004e-03
 7.25770000e+03  5.67247862e-03
 7.25860000e+03  5.68879470e-03
 7.25950000e+03  5.69006238e-03
 7.26040000e+03  5.67393859e-03
 7.26130000e+03  5.64508100e-03
 7.26220100e+03  5.58011342e-03
 7.26310100e+03  5.52026406e-03
 7.26400100e+03  5.53631426e-03
 7.26490100e+03  5.59659330e-03
 7.26580100e+03  5.63317570e-03
 7.26670200e+03  5.64455636e-03
 7.26760200e+03  5.65908486e-03
 7.26850200e+03  5.67980697e-03
 7.26940300e+03  5.68615013e-03
 7.27030300e+03  5.66993376e-03
 7.27120300e+03  5.64779204e-03
 7.27210300e+03  5.62556485e-03
 7.27300300e+03  5.60579706e-03
 7.27390400e+03  5.60241420e-03
 7.27480400e+03  5.61203815e-03
 7.27570400e+03  5.62619157e-03
 7.27660500e+03  5.63680545e-03
 7.27750500e+03  5.64448751e-03
 7.27840500e+03  5.64422401e-03
 7.27930500e+03  5.63004210e-03
 7.28020600e+03  5.61343877e-03
 7.28110600e+03  5.60671103e-03
 7.28200600e+03  5.58895872e-03
 7.28290600e+03  5.54337435e-03
 7.28380600e+03  5.48533155e-03
 7.28470700e+03  5.46213343e-03
 7.28560700e+03  5.48283892e-03
 7.28650700e+03  5.51778092e-03
 7.28740700e+03  5.56301394e-03
 7.28830700e+03  5.58978010e-03
 7.28920800e+03  5.56733926e-03
 7.29010800e+03  5.51542597e-03
 7.29100800e+03  5.48068813e-03
 7.29190800e+03  5.46870449e-03
 7.29280900e+03  5.45527749e-03
 7.29370900e+03  5.44928804e-03
 7.29460900e+03  5.47151523e-03
 7.29551000e+03  5.52296085e-03
 7.29641000e+03  5.58097041e-03
 7.29731000e+03  5.63149495e-03
 7.29821100e+03  5.65203664e-03
 7.29911100e+03  5.63000886e-03
 7.30001100e+03  5.59112850e-03
 7.30091100e+03  5.56349348e-03
 7.30181100e+03  5.55598946e-03
 7.30271200e+03  5.56225666e-03
 7.30361200e+03  5.57225094e-03
 7.30451200e+03  5.57868431e-03
 7.30541200e+03  5.58877355e-03
 7.30631200e+03  5.59943491e-03
 7.30721300e+03  5.59167688e-03
 7.30811300e+03  5.56024830e-03
 7.30901300e+03  5.52385820e-03
 7.30991300e+03  5.50814035e-03
 7.31081400e+03  5.52424278e-03
 7.31171400e+03  5.53327087e-03
 7.31261400e+03  5.51975366e-03
 7.31351500e+03  5.51845274e-03
 7.31441500e+03  5.54465865e-03
 7.31531500e+03  5.57710564e-03
 7.31621500e+03  5.58185827e-03
 7.31711500e+03  5.56010587e-03
 7.31801600e+03  5.53502996e-03
 7.31891600e+03  5.53331835e-03
 7.31981600e+03  5.69616341e-03
 7.32071700e+03  6.62923520e-03
 7.32161700e+03  8.11771364e-03
 7.32251700e+03  7.78388091e-03
 7.32341700e+03  6.27510054e-03
 7.32431700e+03  5.63581314e-03
 7.32521800e+03  5.52047534e-03
 7.32611800e+03  5.49102426e-03
 7.32701800e+03  5.47467019e-03
 7.32791800e+03  5.47701565e-03
 7.32881800e+03  5.51528116e-03
 7.32971900e+03  5.60017083e-03
 7.33061900e+03  6.02187015e-03
 7.33151900e+03  7.18758079e-03
 7.33241900e+03  7.68218376e-03
 7.33332000e+03  6.56656559e-03
 7.33422000e+03  5.71841196e-03
 7.33512000e+03  5.54616610e-03
 7.33602000e+03  5.53991077e-03
 7.33692100e+03  5.55929398e-03
 7.33782100e+03  5.58286007e-03
 7.33872100e+03  5.59242942e-03
 7.33962200e+03  5.58862399e-03
 7.34052200e+03  5.58311171e-03
 7.34142200e+03  5.58154965e-03
 7.34232200e+03  5.59093621e-03
 7.34322300e+03  5.59919989e-03
 7.34412300e+03  5.57671869e-03
 7.34502300e+03  5.51609305e-03
 7.34592300e+03  5.46685756e-03
 7.34682300e+03  5.47805068e-03
 7.34772400e+03  5.52063677e-03
 7.34862400e+03  5.54878693e-03
 7.34952400e+03  5.56226378e-03
 7.35042400e+03  5.56023406e-03
 7.35132400e+03  5.53280795e-03
 7.35222500e+03  5.49844282e-03
 7.35312500e+03  5.48389769e-03
 7.35402500e+03  5.49392046e-03
 7.35492600e+03  5.49765704e-03
 7.35582600e+03  5.47015971e-03
 7.35672600e+03  5.42509286e-03
 7.35762600e+03  5.37877495e-03
 7.35852700e+03  5.38992534e-03
 7.35942700e+03  5.45221036e-03
 7.36032700e+03  5.52029492e-03
 7.36122700e+03  5.55149322e-03
 7.36212800e+03  5.52964112e-03
 7.36302800e+03  5.47367551e-03
 7.36392800e+03  5.42546794e-03
 7.36482800e+03  5.41087297e-03
 7.36572900e+03  5.42872974e-03
 7.36662900e+03  5.46181769e-03
 7.36752900e+03  5.48313329e-03
 7.36842900e+03  5.49786120e-03
 7.36932900e+03  5.50601330e-03
 7.37023000e+03  5.50139125e-03
 7.37113000e+03  5.49362135e-03
 7.37203000e+03  5.50725487e-03
 7.37293000e+03  5.53071651e-03
 7.37383100e+03  5.53480918e-03
 7.37473100e+03  5.52373001e-03
 7.37563100e+03  5.51071370e-03
 7.37653100e+03  5.49516203e-03
 7.37743200e+03  5.48460513e-03
 7.37833200e+03  5.48612920e-03
 7.37923200e+03  5.50207257e-03
 7.38013200e+03  5.51388054e-03
 7.38103300e+03  5.51343186e-03
 7.38193300e+03  5.48797375e-03
 7.38283300e+03  5.44093178e-03
 7.38373400e+03  5.39531180e-03
 7.38463400e+03  5.37715592e-03
 7.38553400e+03  5.36912489e-03
 7.38643400e+03  5.33591349e-03
 7.38733400e+03  5.29835066e-03
 7.38823500e+03  5.28551003e-03
 7.38913500e+03  5.28368921e-03
 7.39003500e+03  5.26353448e-03
 7.39093500e+03  5.24274115e-03
 7.39183500e+03  5.26225730e-03
 7.39273600e+03  5.30320062e-03
 7.39363600e+03  5.31812557e-03
 7.39453600e+03  5.30165756e-03
 7.39543600e+03  5.29787112e-03
 7.39633700e+03  5.32623494e-03
 7.39723700e+03  5.35253343e-03
 7.39813700e+03  5.35782494e-03
 7.39903800e+03  5.35938462e-03
 7.39993800e+03  5.34951378e-03
 7.40083800e+03  5.32515955e-03
 7.40173800e+03  5.30760902e-03
 7.41000000e+03  5.50165950e-03
 7.43000000e+03  5.50456995e-03
 7.45000000e+03  5.48888534e-03
 7.47000000e+03  5.46967543e-03
 7.49000000e+03  5.43771272e-03
 7.51000000e+03  5.43786703e-03
 7.53000000e+03  5.43675365e-03
 7.55000000e+03  5.43036775e-03
 7.57000000e+03  5.39147315e-03
 7.59000000e+03  5.35070550e-03
 7.61000000e+03  5.31857661e-03
 7.63000000e+03  5.29189117e-03
 7.65000000e+03  5.25772070e-03
 7.67000000e+03  5.16587302e-03
 7.69000000e+03  5.19848856e-03
 7.71000000e+03  5.15764020e-03
 7.73000000e+03  5.24613113e-03
 7.75000000e+03  5.32772815e-03
 7.77000000e+03  5.24736083e-03
 7.79000000e+03  5.13770149e-03
 7.81000000e+03  5.07760761e-03
 7.83000000e+03  5.03813139e-03
 7.85000000e+03  4.98755938e-03
 7.87000000e+03  4.97221898e-03
 7.89000000e+03  4.88627291e-03
 7.91000000e+03  4.82320212e-03
 7.93000000e+03  4.80735370e-03
 7.95000000e+03  4.76688042e-03
 7.97000000e+03  4.81862041e-03
 7.99000000e+03  4.79390534e-03
 8.01000000e+03  4.79449645e-03
 8.03000000e+03  4.77774357e-03
 8.05000000e+03  4.74421406e-03
 8.07000000e+03  4.71580751e-03
 8.09000000e+03  4.65587268e-03
 8.11000000e+03  4.64097859e-03
 8.13000000e+03  4.65060966e-03
 8.15000000e+03  4.63180095e-03
 8.17000000e+03  4.62264942e-03
 8.19000000e+03  4.56555619e-03
 8.21000000e+03  4.55529603e-03
 8.23000000e+03  4.51104582e-03
 8.25000000e+03  4.41047391e-03
 8.27000000e+03  4.35154801e-03
 8.29000000e+03  4.30882186e-03
 8.31000000e+03  4.22549187e-03
 8.33000000e+03  4.19995779e-03
 8.35000000e+03  4.19782837e-03
 8.37000000e+03  4.17659586e-03
 8.39000000e+03  4.12281429e-03
 8.41000000e+03  4.15835689e-03
 8.43000000e+03  4.11893290e-03
 8.45000000e+03  4.10891962e-03
 8.47000000e+03  4.04008728e-03
 8.49000000e+03  4.13688224e-03
 8.51000000e+03  3.91397654e-03
 8.53000000e+03  4.13261865e-03
 8.55000000e+03  3.78150840e-03
 8.57000000e+03  4.21347025e-03
 8.59000000e+03  4.04901091e-03
 8.61000000e+03  3.98398399e-03
 8.63000000e+03  4.16210772e-03
 8.65000000e+03  4.08334044e-03
 8.67000000e+03  3.66271889e-03
 8.69000000e+03  4.03052030e-03
 8.71000000e+03  4.11203186e-03
 8.73000000e+03  4.05225846e-03
 8.75000000e+03  3.74731893e-03
 8.77000000e+03  3.98683509e-03
 8.79000000e+03  4.05792268e-03
 8.81000000e+03  4.01726898e-03
 8.83000000e+03  3.99725668e-03
 8.85000000e+03  3.88535634e-03
 8.87000000e+03  3.65299998e-03
 8.89000000e+03  3.93591173e-03
 8.91000000e+03  3.98358042e-03
 8.93000000e+03  3.93875096e-03
 8.95000000e+03  3.92933830e-03
 8.97000000e+03  3.92252272e-03
 8.99000000e+03  3.94522944e-03
 9.01000000e+03  3.81691806e-03
 9.03000000e+03  4.40677769e-03
 9.05000000e+03  6.31947420e-03
 9.07000000e+03  7.98952096e-03
 9.09000000e+03  6.41248986e-03
 9.11000000e+03  4.40634563e-03
 9.13000000e+03  3.85776168e-03
 9.15000000e+03  3.76872474e-03
 9.17000000e+03  3.72514160e-03
 9.19000000e+03  3.72929599e-03
 9.21000000e+03  3.74424231e-03
 9.23000000e+03  3.64627224e-03
 9.25000000e+03  3.72997969e-03
 9.27000000e+03  3.63295682e-03
 9.29000000e+03  3.60251581e-03
 9.31000000e+03  3.60240898e-03
 9.33000000e+03  3.58064234e-03
 9.35000000e+03  3.56466336e-03
 9.37000000e+03  3.52543877e-03
 9.39000000e+03  3.52435151e-03
 9.41000000e+03  3.45268230e-03
 9.43000000e+03  3.49406717e-03
 9.45000000e+03  3.45293869e-03
 9.47000000e+03  3.53404667e-03
 9.49000000e+03  4.46954937e-03
 9.51000000e+03  8.78380756e-03
 9.53000000e+03  1.38598009e-02
 9.55000000e+03  1.08214017e-02
 9.57000000e+03  5.46219277e-03
 9.59000000e+03  3.60819189e-03
 9.61000000e+03  3.35593718e-03
 9.63000000e+03  3.32957697e-03
 9.65000000e+03  3.30899018e-03
 9.67000000e+03  3.28659681e-03
 9.69000000e+03  3.29880361e-03
 9.71000000e+03  3.28291958e-03
 9.73000000e+03  3.26470435e-03
 9.75000000e+03  3.23981836e-03
 9.77000000e+03  3.23695776e-03
 9.79000000e+03  3.20698204e-03
 9.81000000e+03  3.23007096e-03
 9.83000000e+03  3.20904262e-03
 9.85000000e+03  3.20411669e-03
 9.87000000e+03  3.18219575e-03
 9.89000000e+03  3.16598175e-03
 9.91000000e+03  3.15510673e-03
 9.93000000e+03  3.15868188e-03
 9.95000000e+03  3.16804470e-03
 9.97000000e+03  3.19581266e-03
 9.99000000e+03  3.23183243e-03
 1.00250000e+04  3.25698431e-03
 1.00750000e+04  3.19235620e-03
 1.01250000e+04  3.09886338e-03
 1.01750000e+04  2.97771180e-03
 1.02250000e+04  2.95122577e-03
 1.02750000e+04  2.95807696e-03
 1.03250000e+04  2.92724899e-03
 1.03750000e+04  2.87346979e-03
 1.04250000e+04  2.82438624e-03
 1.04750000e+04  2.77358633e-03
 1.05250000e+04  2.75161315e-03
 1.05750000e+04  2.71717680e-03
 1.06250000e+04  2.69032993e-03
 1.06750000e+04  2.64604648e-03
 1.07250000e+04  2.74897333e-03
 1.07750000e+04  3.24688320e-03
 1.08250000e+04  3.83002220e-03
 1.08750000e+04  3.57235492e-03
 1.09250000e+04  3.05608264e-03
 1.09750000e+04  2.78741214e-03
 1.10250000e+04  2.51049221e-03
 1.10750000e+04  2.38884923e-03
 1.11250000e+04  2.35567937e-03
 1.11750000e+04  2.33173132e-03
 1.12250000e+04  2.31579911e-03
 1.12750000e+04  2.27772778e-03
 1.13250000e+04  2.25919990e-03
 1.13750000e+04  2.24065469e-03
 1.14250000e+04  2.21325731e-03
 1.14750000e+04  2.21483147e-03
 1.15250000e+04  2.19228997e-03
 1.15750000e+04  2.16453958e-03
 1.16250000e+04  2.13085529e-03
 1.16750000e+04  2.11496913e-03
 1.17250000e+04  2.11405421e-03
 1.17750000e+04  2.07421905e-03
 1.18250000e+04  2.05768552e-03
 1.18750000e+04  2.02952277e-03
 1.19250000e+04  2.03535720e-03
 1.19750000e+04  1.98139877e-03
 1.20250000e+04  1.98498531e-03
 1.20750000e+04  1.95925942e-03
 1.21250000e+04  1.94919938e-03
 1.21750000e+04  1.93998565e-03
 1.22250000e+04  1.92020860e-03
 1.22750000e+04  1.89977730e-03
 1.23250000e+04  1.88285705e-03
 1.23750000e+04  1.86715179e-03
 1.24250000e+04  1.84685153e-03
 1.24750000e+04  1.83628774e-03
 1.25250000e+04  1.82135448e-03
 1.25750000e+04  1.81197600e-03
 1.26250000e+04  1.79387021e-03
 1.26750000e+04  1.78093248e-03
 1.27250000e+04  1.89637117e-03
 1.27750000e+04  2.31284830e-03
 1.28250000e+04  2.52683203e-03
 1.28750000e+04  2.19543496e-03
 1.29250000e+04  1.79399531e-03
 1.29750000e+04  1.70015827e-03
 1.30250000e+04  1.67404803e-03
 1.30750000e+04  1.66799093e-03
 1.31250000e+04  1.64420620e-03
 1.31750000e+04  1.63172949e-03
 1.32250000e+04  1.62449254e-03
 1.32750000e+04  1.60122438e-03
 1.33250000e+04  1.59648292e-03
 1.33750000e+04  1.57772833e-03
 1.34250000e+04  1.57507759e-03
 1.34750000e+04  1.56268800e-03
 1.35250000e+04  1.55011681e-03
 1.35750000e+04  1.52940538e-03
 1.36250000e+04  1.52085113e-03
 1.36750000e+04  1.51443200e-03
 1.37250000e+04  1.50534314e-03
 1.37750000e+04  1.49527432e-03
 1.38250000e+04  1.48857815e-03
 1.38750000e+04  1.47421345e-03
 1.39250000e+04  1.45999261e-03
 1.39750000e+04  1.44790665e-03
 1.40250000e+04  1.42388548e-03
 1.40750000e+04  1.40884302e-03
 1.41250000e+04  1.38372817e-03
 1.41750000e+04  1.38052193e-03
 1.42250000e+04  1.36510700e-03
 1.42750000e+04  1.35179015e-03
 1.43250000e+04  1.35826032e-03
 1.43750000e+04  1.35641387e-03
 1.44250000e+04  1.32575730e-03
 1.44750000e+04  1.33605782e-03
 1.45250000e+04  1.31710857e-03
 1.45700000e+04  1.31355146e-03
 1.46200000e+04  1.29474014e-03
 1.46750000e+04  1.27038163e-03
 1.47250000e+04  1.25310956e-03
 1.47750000e+04  1.24922010e-03
 1.48250000e+04  1.24647702e-03
 1.48750000e+04  1.23442904e-03
 1.49250000e+04  1.24362876e-03
 1.49750000e+04  1.23168311e-03
 1.50250000e+04  1.21657655e-03
 1.50750000e+04  1.20532550e-03
 1.51250000e+04  1.21039386e-03
 1.51750000e+04  1.20757742e-03
 1.52250000e+04  1.20461926e-03
 1.52750000e+04  1.19860204e-03
 1.53250000e+04  1.19475032e-03
 1.53750000e+04  1.19955185e-03
 1.54250000e+04  1.18325049e-03
 1.54750000e+04  1.19006274e-03
 1.55250000e+04  1.17927913e-03
 1.55750000e+04  1.13564542e-03
 1.56250000e+04  1.15881198e-03
 1.56750000e+04  1.14316107e-03
 1.57250000e+04  1.13910591e-03
 1.57750000e+04  1.10899915e-03
 1.58250000e+04  1.11073450e-03
 1.58750000e+04  1.08108187e-03
 1.59250000e+04  1.11713891e-03
 1.59750000e+04  1.10362147e-03
 1.60500000e+04  1.10245705e-03
 1.61500000e+04  1.09019637e-03
 1.62500000e+04  1.08519709e-03
 1.63500000e+04  1.07950249e-03
 1.64500000e+04  1.03907669e-03
 1.65500000e+04  1.05704005e-03
 1.66500000e+04  1.03255785e-03
 1.67500000e+04  1.01565304e-03
 1.68500000e+04  9.81644470e-04
 1.69500000e+04  9.91775727e-04
 1.70500000e+04  9.71237361e-04
 1.71500000e+04  9.59129325e-04
 1.72500000e+04  9.47743441e-04
 1.73500000e+04  9.26441141e-04
 1.74500000e+04  9.21495752e-04
 1.75500000e+04  8.94707043e-04
 1.76500000e+04  8.76363620e-04
 1.77500000e+04  8.55192599e-04
 1.78500000e+04  8.43643863e-04
 1.79500000e+04  8.33924246e-04
 1.80500000e+04  8.27892781e-04
 1.81500000e+04  8.24596567e-04
 1.82500000e+04  8.11128027e-04
 1.83500000e+04  7.80642620e-04
 1.84500000e+04  7.68874295e-04
 1.85500000e+04  8.71765301e-04
 1.86500000e+04  1.30796487e-03
 1.87500000e+04  1.70883549e-03
 1.88500000e+04  1.35125056e-03
 1.89500000e+04  8.41437524e-04
 1.90500000e+04  7.05146390e-04
 1.91500000e+04  6.81912654e-04
 1.92500000e+04  6.76619008e-04
 1.93500000e+04  6.84085994e-04
 1.94500000e+04  6.81770455e-04
 1.95500000e+04  6.63644485e-04
 1.96500000e+04  6.27311118e-04
 1.97500000e+04  6.07634254e-04
 1.98500000e+04  5.99555266e-04
 1.99500000e+04  5.91572423e-04
 2.00500000e+04  5.92648530e-04
 2.01500000e+04  5.84063418e-04
 2.02500000e+04  5.70823488e-04
 2.03500000e+04  5.63129316e-04
 2.04500000e+04  5.56474692e-04
 2.05500000e+04  5.46009184e-04
 2.06500000e+04  5.37405556e-04
 2.07500000e+04  5.30551521e-04
 2.08500000e+04  5.24365749e-04
 2.09500000e+04  5.15047091e-04
 2.10500000e+04  5.11051752e-04
 2.11500000e+04  5.01893809e-04
 2.12500000e+04  4.95826972e-04
 2.13500000e+04  4.90032663e-04
 2.14500000e+04  4.90577482e-04
 2.15500000e+04  5.17366429e-04
 2.16500000e+04  5.38929862e-04
 2.17500000e+04  5.12218543e-04
 2.18500000e+04  4.67271815e-04
 2.19500000e+04  4.50627657e-04
 2.20500000e+04  4.43258715e-04
 2.21500000e+04  4.40751836e-04
 2.22500000e+04  4.32182867e-04
 2.23500000e+04  4.25650263e-04
 2.24500000e+04  4.20304866e-04
 2.25500000e+04  4.14427944e-04
 2.26500000e+04  4.07702813e-04
 2.27500000e+04  4.05126378e-04
 2.28500000e+04  3.95708252e-04
 2.29500000e+04  3.52022560e-04
 2.30500000e+04  3.63413429e-04
 2.31500000e+04  3.60544999e-04
 2.32500000e+04  3.26685989e-04
 2.33500000e+04  3.40401419e-04
 2.34500000e+04  3.30316691e-04
 2.35500000e+04  3.05485056e-04
 2.36500000e+04  3.19483459e-04
 2.37500000e+04  3.10001474e-04
 2.38500000e+04  2.91341605e-04
 2.39500000e+04  3.02787787e-04
 2.40500000e+04  2.97198112e-04
 2.41500000e+04  2.81184472e-04
 2.42500000e+04  2.90145615e-04
 2.43500000e+04  2.85085565e-04
 2.44500000e+04  2.75587674e-04
 2.45500000e+04  2.74577564e-04
 2.46500000e+04  2.76871975e-04
 2.47500000e+04  2.69294838e-04
 2.48500000e+04  2.56975284e-04
 2.49500000e+04  2.56366844e-04
 2.50500000e+04  2.60940474e-04
 2.51500000e+04  2.51025007e-04
 2.52500000e+04  2.54044657e-04
 2.53500000e+04  2.54593274e-04
 2.54500000e+04  2.52114645e-04
 2.55500000e+04  2.49815011e-04
 2.56500000e+04  2.48133313e-04
 2.57500000e+04  2.49696314e-04
 2.58500000e+04  2.43718974e-04
 2.59500000e+04  2.45992495e-04
 2.60500000e+04  2.59238360e-04
 2.61500000e+04  3.11973268e-04
 2.62500000e+04  3.64828059e-04
 2.63500000e+04  3.22086246e-04
 2.64500000e+04  2.55383321e-04
 2.65500000e+04  2.33043278e-04
 2.66500000e+04  2.27883973e-04
 2.67500000e+04  2.27584358e-04
 2.68500000e+04  2.26509463e-04
 2.69500000e+04  2.21975098e-04
 2.70500000e+04  2.22043728e-04
 2.71500000e+04  2.19925321e-04
 2.72500000e+04  2.18364195e-04
 2.73500000e+04  2.14164888e-04
 2.74500000e+04  2.13801153e-04
 2.75500000e+04  2.11054981e-04
 2.76500000e+04  2.09481273e-04
 2.77500000e+04  2.06776313e-04
 2.78500000e+04  2.06101734e-04
 2.79500000e+04  2.04999325e-04
 2.80500000e+04  2.02461228e-04
 2.81500000e+04  1.99940390e-04
 2.82500000e+04  1.98721682e-04
 2.83500000e+04  1.97722396e-04
 2.84500000e+04  1.95895674e-04
 2.85500000e+04  1.93735366e-04
 2.86500000e+04  1.91574584e-04
 2.87500000e+04  1.89046861e-04
 2.88500000e+04  1.88791473e-04
 2.89500000e+04  1.87091875e-04
 2.90500000e+04  1.85333594e-04
 2.91500000e+04  1.84069543e-04
 2.92500000e+04  1.81772520e-04
 2.93500000e+04  1.80335836e-04
 2.94500000e+04  1.77929019e-04
 2.95500000e+04  1.76574473e-04
 2.96500000e+04  1.75022748e-04
 2.97500000e+04  1.72872197e-04
 2.98500000e+04  1.71823937e-04
 2.99500000e+04  1.70164412e-04
 3.00500000e+04  1.71060882e-04
 3.01500000e+04  1.70559554e-04
 3.02500000e+04  1.73755279e-04
 3.03500000e+04  1.79250234e-04
 3.04500000e+04  1.77701311e-04
 3.05500000e+04  1.68266685e-04
 3.06500000e+04  1.63404622e-04
 3.07500000e+04  1.62001648e-04
 3.08500000e+04  1.60760648e-04
 3.09500000e+04  1.59871703e-04
 3.10500000e+04  1.59409117e-04
 3.11500000e+04  1.58412657e-04
 3.12500000e+04  1.58691404e-04
 3.13500000e+04  1.58432954e-04
 3.14500000e+04  1.58197079e-04
 3.15500000e+04  1.58198290e-04
 3.16500000e+04  1.58694823e-04
 3.17500000e+04  1.59820782e-04
 3.18500000e+04  1.61128110e-04
 3.19500000e+04  1.63155240e-04
 3.21000000e+04  1.67369954e-04
 3.23000000e+04  1.78990264e-04
 3.25000000e+04  2.07052758e-04
 3.27000000e+04  2.88049190e-04
 3.29000000e+04  5.24030311e-04
 3.31000000e+04  5.19626418e-04
 3.33000000e+04  2.77886122e-04
 3.35000000e+04  1.93115412e-04
 3.37000000e+04  1.60891001e-04
 3.39000000e+04  1.45333086e-04
 3.41000000e+04  1.36128780e-04
 3.43000000e+04  1.30160248e-04
 3.45000000e+04  1.25818481e-04
 3.47000000e+04  1.22127362e-04
 3.49000000e+04  1.19067213e-04
 3.51000000e+04  1.16186913e-04
 3.53000000e+04  1.13195893e-04
 3.55000000e+04  1.10700290e-04
 3.57000000e+04  1.08512516e-04
 3.59000000e+04  1.06685889e-04
 3.61000000e+04  1.04762073e-04
 3.63000000e+04  1.03092340e-04
 3.65000000e+04  1.01375128e-04
 3.67000000e+04  1.00361076e-04
 3.69000000e+04  9.91155417e-05
 3.71000000e+04  1.02639084e-04
 3.73000000e+04  1.10552347e-04
 3.75000000e+04  1.09540550e-04
 3.77000000e+04  1.01830045e-04
 3.79000000e+04  9.76228567e-05
 3.81000000e+04  9.71279380e-05
 3.83000000e+04  9.74275053e-05
 3.85000000e+04  9.76809707e-05
 3.87000000e+04  9.69561360e-05
 3.89000000e+04  9.62044521e-05
 3.91000000e+04  9.49593689e-05
 3.93000000e+04  9.37049797e-05
 3.95000000e+04  9.21394860e-05
 3.97000000e+04  9.09377271e-05
 3.99000000e+04  9.03826765e-05
 4.01000000e+04  1.02133577e-04
 4.03000000e+04  1.57078954e-04
 4.05000000e+04  2.13989762e-04
 4.07000000e+04  1.70954411e-04
 4.09000000e+04  1.04445532e-04
 4.11000000e+04  8.36723357e-05
 4.13000000e+04  8.05734913e-05
 4.15000000e+04  7.91095309e-05
 4.17000000e+04  7.79737438e-05
 4.19000000e+04  7.72205168e-05
 4.21000000e+04  7.62640807e-05
 4.23000000e+04  7.54050473e-05
 4.25000000e+04  7.43554341e-05
 4.27000000e+04  7.37636588e-05
 4.29000000e+04  7.26338065e-05
 4.31000000e+04  7.16275889e-05
 4.33000000e+04  7.11552701e-05
 4.35000000e+04  7.00919830e-05
 4.37000000e+04  6.97279395e-05
 4.39000000e+04  6.93604301e-05
 4.41000000e+04  6.89410739e-05
 4.43000000e+04  6.89583561e-05
 4.45000000e+04  6.86079865e-05
 4.47000000e+04  6.77683957e-05
 4.49000000e+04  6.70523684e-05
 4.51000000e+04  6.62716512e-05
 4.53000000e+04  6.53602013e-05
 4.55000000e+04  6.46262269e-05
 4.57000000e+04  6.37552526e-05
 4.59000000e+04  6.29681733e-05
 4.61000000e+04  6.49767152e-05
 4.63000000e+04  7.38794357e-05
 4.65000000e+04  8.48572871e-05
 4.67000000e+04  7.82977152e-05
 4.69000000e+04  6.50949374e-05
 4.71000000e+04  6.06523013e-05
 4.73000000e+04  6.04252816e-05
 4.75000000e+04  6.00133558e-05
 4.77000000e+04  5.88277634e-05
 4.79000000e+04  5.81091485e-05
 4.81000000e+04  5.73584854e-05
 4.83000000e+04  5.67917075e-05
 4.85000000e+04  5.61228978e-05
 4.87000000e+04  5.56464484e-05
 4.89000000e+04  5.51189592e-05
 4.91000000e+04  5.43460049e-05
 4.93000000e+04  5.37582652e-05
 4.95000000e+04  5.33638353e-05
 4.97000000e+04  5.33838001e-05
 4.99000000e+04  5.32817445e-05
 5.01000000e+04  5.35330496e-05
 5.03000000e+04  5.34692856e-05
 5.05000000e+04  5.33254012e-05
 5.07000000e+04  5.42644601e-05
 5.09000000e+04  5.57367767e-05
 5.11000000e+04  5.89355402e-05
 5.13000000e+04  6.13702516e-05
 5.15000000e+04  5.98423135e-05
 5.17000000e+04  5.82815201e-05
 5.19000000e+04  5.82762500e-05
 5.21000000e+04  5.88639185e-05
 5.23000000e+04  5.93515017e-05
 5.25000000e+04  5.98798930e-05
 5.27000000e+04  5.98269304e-05
 5.29000000e+04  5.95017483e-05
 5.31000000e+04  5.93715378e-05
 5.33000000e+04  5.94653321e-05
 5.35000000e+04  5.92519387e-05
 5.37000000e+04  5.89511845e-05
 5.39000000e+04  5.88232767e-05
 5.41000000e+04  5.85673661e-05
 5.43000000e+04  5.81594997e-05
 5.45000000e+04  5.78500093e-05
 5.47000000e+04  5.81951800e-05
 5.49000000e+04  5.89193974e-05
 5.51000000e+04  5.94400496e-05
 5.53000000e+04  6.01567654e-05
 5.55000000e+04  6.05471121e-05
 5.57000000e+04  6.12445990e-05
 5.59000000e+04  6.17990323e-05
 5.61000000e+04  6.24149507e-05
 5.63000000e+04  6.28464140e-05
 5.65000000e+04  6.34816087e-05
 5.67000000e+04  6.45585222e-05
 5.69000000e+04  6.58113683e-05
 5.71000000e+04  6.71647981e-05
 5.73000000e+04  6.84556984e-05
 5.75000000e+04  6.98148019e-05
 5.77000000e+04  7.14817103e-05
 5.79000000e+04  7.34535274e-05
 5.81000000e+04  7.53817827e-05
 5.83000000e+04  7.74286637e-05
 5.85000000e+04  7.96975792e-05
 5.87000000e+04  8.35080829e-05
 5.89000000e+04  9.01966310e-05
 5.91000000e+04  9.59396630e-05
 5.93000000e+04  9.66821598e-05
 5.95000000e+04  9.78010682e-05
 5.97000000e+04  1.04611209e-04
 5.99000000e+04  1.14022499e-04
 6.01000000e+04  1.24470819e-04
 6.03000000e+04  1.36166858e-04
 6.05000000e+04  1.49525414e-04
 6.07000000e+04  1.69094691e-04
 6.09000000e+04  1.93259581e-04
 6.11000000e+04  2.21274169e-04
 6.13000000e+04  2.54048930e-04
 6.15000000e+04  2.91589207e-04
 6.17000000e+04  3.28827994e-04
 6.19000000e+04  3.64206562e-04
 6.21000000e+04  3.88769467e-04
 6.23000000e+04  3.94612679e-04
 6.25000000e+04  3.80586501e-04
 6.27000000e+04  3.43622853e-04
 6.29000000e+04  3.05037094e-04
 6.31000000e+04  2.69923220e-04
 6.33000000e+04  2.39838534e-04
 6.35000000e+04  2.14481405e-04
 6.37000000e+04  1.92553572e-04
 6.39000000e+04  1.73592189e-04
 6.42000000e+04  1.49419631e-04
 6.46000000e+04  1.24822875e-04
 6.50000000e+04  1.11662044e-04
 6.54000000e+04  1.00831187e-04
 6.58000000e+04  9.52523129e-05
 6.62000000e+04  9.18242507e-05
 6.66000000e+04  8.93647792e-05
 6.70000000e+04  8.81249898e-05
 6.74000000e+04  8.71492773e-05
 6.78000000e+04  8.70833055e-05
 6.82000000e+04  8.73906831e-05
 6.86000000e+04  8.84981254e-05
 6.90000000e+04  9.64615259e-05
 6.94000000e+04  1.23402001e-04
 6.98000000e+04  1.53013418e-04
 7.02000000e+04  1.38597036e-04
 7.06000000e+04  1.12130280e-04
 7.10000000e+04  1.04531469e-04
 7.14000000e+04  1.04931525e-04
 7.18000000e+04  1.09206988e-04
 7.22000000e+04  1.13987934e-04
 7.26000000e+04  1.21692860e-04
 7.30000000e+04  1.35465217e-04
 7.34000000e+04  1.49207567e-04
 7.38000000e+04  1.70427587e-04
 7.42000000e+04  2.01596925e-04
 7.46000000e+04  2.32895215e-04
 7.50000000e+04  2.48342219e-04
 7.54000000e+04  2.57729484e-04
 7.58000000e+04  2.66396497e-04
 7.62000000e+04  2.77302845e-04
 7.66000000e+04  2.84466679e-04
 7.70000000e+04  2.80195252e-04
 7.74000000e+04  2.75993618e-04
 7.78000000e+04  2.65347453e-04
 7.82000000e+04  2.52476433e-04
 7.86000000e+04  2.38349363e-04
 7.90000000e+04  2.21051493e-04
 7.94000000e+04  2.04083056e-04
 7.98000000e+04  1.88700931e-04
 8.02000000e+04  1.73772798e-04
 8.06000000e+04  1.60065013e-04
 8.10000000e+04  1.49042579e-04
 8.14000000e+04  1.38219532e-04
 8.18000000e+04  1.32729752e-04
 8.22000000e+04  1.28833905e-04
 8.26000000e+04  1.25679273e-04
 8.30000000e+04  1.24395874e-04
 8.34000000e+04  1.23133390e-04
 8.38000000e+04  1.24729792e-04
 8.42000000e+04  1.27007444e-04
 8.46000000e+04  1.29932397e-04
 8.50000000e+04  1.33937730e-04
 8.54000000e+04  1.37895869e-04
 8.58000000e+04  1.36761435e-04
 8.62000000e+04  1.32323120e-04
 8.66000000e+04  1.25657053e-04
 8.70000000e+04  1.13806091e-04
 8.74000000e+04  1.02136616e-04
 8.78000000e+04  9.26851358e-05
 8.82000000e+04  8.39787400e-05
 8.86000000e+04  7.61672003e-05
 8.90000000e+04  7.57246981e-05
 8.94000000e+04  1.04843428e-04
 8.98000000e+04  1.51623881e-04
 9.02000000e+04  1.28963379e-04
 9.06000000e+04  7.25624933e-05
 9.10000000e+04  5.17036214e-05
 9.14000000e+04  4.84393609e-05
 9.18000000e+04  4.78147540e-05
 9.22000000e+04  4.76459432e-05
 9.26000000e+04  4.70651829e-05
 9.30000000e+04  4.52890970e-05
 9.34000000e+04  4.35272548e-05
 9.38000000e+04  4.22364258e-05
 9.42000000e+04  4.10391061e-05
 9.46000000e+04  4.01965953e-05
 9.50000000e+04  4.03660708e-05
 9.54000000e+04  4.05257657e-05
 9.58000000e+04  4.07170576e-05
 9.62000000e+04  4.09242312e-05
 9.66000000e+04  4.09599353e-05
 9.70000000e+04  4.01307660e-05
 9.74000000e+04  3.93225824e-05
 9.78000000e+04  3.83375166e-05
 9.82000000e+04  3.73224680e-05
 9.86000000e+04  3.67437255e-05
 9.90000000e+04  3.70245150e-05
 9.94000000e+04  3.73030254e-05
 9.98000000e+04  3.76920902e-05
 1.00000000e+05  3.78896731e-05
 1.00900000e+05  3.60984178e-05
 1.01900000e+05  3.30329985e-05
 1.02800000e+05  3.63868276e-05
 1.03800000e+05  5.49119281e-05
 1.04700000e+05  7.80224807e-05
 1.05700000e+05  7.36806184e-05
 1.06700000e+05  5.06937479e-05
 1.07600000e+05  4.07055915e-05
 1.08600000e+05  3.94912270e-05
 1.09600000e+05  4.90140915e-05
 1.10700000e+05  7.28611111e-05
 1.11700000e+05  1.08016672e-04
 1.12700000e+05  1.32778346e-04
 1.13800000e+05  1.13642004e-04
 1.14800000e+05  8.78270842e-05
 1.15900000e+05  7.09094012e-05
 1.16900000e+05  6.28640049e-05
 1.18000000e+05  6.15495551e-05
 1.19100000e+05  6.27635398e-05
 1.20200000e+05  6.18064628e-05
 1.21300000e+05  6.04632171e-05
 1.22500000e+05  6.43358230e-05
 1.23600000e+05  6.97851277e-05
 1.24700000e+05  7.42375444e-05
 1.25900000e+05  9.84071110e-05
 1.27100000e+05  1.65577559e-04
 1.28200000e+05  1.99337647e-04
 1.29400000e+05  1.19509953e-04
 1.30600000e+05  5.94152420e-05
 1.31800000e+05  4.86915682e-05
 1.33000000e+05  4.69346400e-05
 1.34300000e+05  4.62567381e-05
 1.35500000e+05  4.33859343e-05
 1.36800000e+05  4.04528620e-05
 1.38000000e+05  3.90084866e-05
 1.39300000e+05  3.85741033e-05
 1.40600000e+05  3.77446729e-05
 1.41900000e+05  3.68555143e-05
 1.43200000e+05  3.60841267e-05
 1.44500000e+05  3.06898262e-05
 1.45900000e+05  2.79381228e-05
 1.47200000e+05  2.92562284e-05
 1.48600000e+05  2.90164132e-05
 1.50000000e+05  3.03496170e-05
 1.51400000e+05  3.05060359e-05
 1.52800000e+05  3.83453981e-05
 1.54200000e+05  7.66120526e-05
 1.55600000e+05  1.05135802e-04
 1.57000000e+05  6.91232024e-05
 1.58500000e+05  3.54678048e-05
 1.60000000e+05  3.71696338e-05
 1.61400000e+05  3.71043505e-05
 1.62900000e+05  3.74198707e-05
 1.64400000e+05  3.77575159e-05
 1.66000000e+05  3.81081704e-05
 1.67500000e+05  3.84494478e-05
 1.69000000e+05  3.87829387e-05
 1.70600000e+05  3.91247384e-05
 1.72200000e+05  3.94934585e-05
 1.73800000e+05  3.98455136e-05
 1.75400000e+05  4.01978773e-05
 1.77000000e+05  4.05595468e-05
 1.78600000e+05  4.09022486e-05
 1.80300000e+05  4.13325961e-05
 1.82000000e+05  4.32187378e-05
 1.83700000e+05  6.10952545e-05
 1.85400000e+05  1.27822322e-04
 1.87100000e+05  1.83511240e-04
 1.88800000e+05  1.28470265e-04
 1.90500000e+05  6.25449950e-05
 1.92300000e+05  4.52228642e-05
 1.94100000e+05  4.43312603e-05
 1.95900000e+05  4.47065800e-05
 1.97700000e+05  4.51094136e-05
 1.99500000e+05  4.55168052e-05
 2.01400000e+05  4.59334314e-05
 2.03200000e+05  4.63403957e-05
 2.05100000e+05  4.67721202e-05
 2.07000000e+05  4.71947999e-05
 2.08900000e+05  4.76404119e-05
 2.10900000e+05  4.80862613e-05
 2.12800000e+05  4.85523842e-05
 2.14800000e+05  4.92724947e-05
 2.16800000e+05  5.04471669e-05
 2.18800000e+05  5.11803341e-05
 2.20800000e+05  5.09526022e-05
 2.22800000e+05  5.09183225e-05
 2.24900000e+05  5.13160996e-05
 2.27000000e+05  5.17831721e-05
 2.29100000e+05  5.22860672e-05
 2.31200000e+05  5.27666948e-05
 2.33300000e+05  5.32607114e-05
 2.35500000e+05  5.37727937e-05
 2.37700000e+05  5.42874161e-05
 2.39900000e+05  5.48062878e-05
 2.42100000e+05  5.53211239e-05
 2.44300000e+05  5.58448859e-05
 2.46600000e+05  5.63887315e-05
 2.48900000e+05  5.69302269e-05
 2.51200000e+05  5.74753306e-05
 2.53500000e+05  5.80163275e-05
 2.55900000e+05  5.85904170e-05
 2.58200000e+05  5.91365653e-05
 2.60600000e+05  5.97006606e-05
 2.63000000e+05  6.02733020e-05
 2.65500000e+05  6.08772083e-05
 2.67900000e+05  6.14406388e-05
 2.70400000e+05  6.20464679e-05
 2.72900000e+05  6.26484513e-05
 2.75400000e+05  6.32442149e-05
 2.78000000e+05  6.38702225e-05
 2.80500000e+05  6.44783068e-05
 2.83100000e+05  6.51026527e-05
 2.85800000e+05  6.57556282e-05
 2.88400000e+05  6.63816120e-05
 2.91100000e+05  6.70374363e-05
 2.93800000e+05  6.76894623e-05
 2.96500000e+05  6.83431500e-05
 2.99200000e+05  6.92011863e-05
 3.02000000e+05  7.00955202e-05
 3.04800000e+05  7.05531206e-05
 3.07600000e+05  7.09763463e-05
 3.10500000e+05  7.13645327e-05
 3.13300000e+05  7.17009910e-05
 3.16200000e+05  7.20084636e-05
 3.19200000e+05  7.22882085e-05
 3.22100000e+05  7.25866838e-05
 3.25100000e+05  7.40905738e-05
 3.28100000e+05  8.87448726e-05
 3.31100000e+05  1.50769809e-04
 3.34200000e+05  2.25452870e-04
 3.37300000e+05  1.83225917e-04
 3.40400000e+05  1.02721317e-04
 3.43600000e+05  7.77594246e-05
 3.46700000e+05  7.80633125e-05
 3.49900000e+05  7.75957178e-05
 3.53200000e+05  7.46958332e-05
 3.56500000e+05  7.42692364e-05
 3.59700000e+05  7.49208826e-05
 3.63100000e+05  7.39596274e-05
 3.66400000e+05  7.25752176e-05
 3.69800000e+05  7.19350851e-05
 3.73300000e+05  7.16185679e-05
 3.76700000e+05  7.13061101e-05
 3.80200000e+05  7.10040027e-05
 3.83700000e+05  7.06352588e-05
 3.87300000e+05  7.03029074e-05
 3.90800000e+05  6.98924060e-05
 3.94500000e+05  6.95082078e-05
 3.98100000e+05  6.90753676e-05
 4.01800000e+05  6.86486759e-05
 4.05500000e+05  6.82022092e-05
 4.09300000e+05  6.77622235e-05
 4.13000000e+05  6.72801003e-05
 4.16900000e+05  6.67903805e-05
 4.20700000e+05  6.63222398e-05
 4.24600000e+05  6.58452681e-05
 4.28500000e+05  6.53482366e-05
 4.32500000e+05  6.48438934e-05
 4.36500000e+05  6.43469093e-05
 4.40600000e+05  6.38433020e-05
 4.44600000e+05  6.33362762e-05
 4.48700000e+05  6.28238379e-05
 4.52900000e+05  6.23485991e-05
 4.57100000e+05  6.18431164e-05
 4.61300000e+05  6.13410046e-05
 4.65600000e+05  6.08342162e-05
 4.69900000e+05  6.03750253e-05
 4.74200000e+05  5.98879881e-05
 4.78600000e+05  5.94177109e-05
 4.83100000e+05  5.89383415e-05
 4.87500000e+05  5.84944624e-05
 4.92000000e+05  5.80494677e-05
 4.96600000e+05  5.76257434e-05
 5.01200000e+05  5.73152322e-05
 5.05800000e+05  5.89876244e-05
 5.10500000e+05  7.29612913e-05
 5.15200000e+05  1.03961415e-04
 5.20000000e+05  1.08336370e-04
 5.24800000e+05  7.65913756e-05
 5.29700000e+05  5.78936661e-05
 5.34600000e+05  5.46860003e-05
 5.39500000e+05  5.42039246e-05
 5.44500000e+05  5.38965471e-05
 5.49500000e+05  5.35783444e-05
 5.54600000e+05  5.33138164e-05
 5.59800000e+05  5.35866531e-05
 5.64900000e+05  5.72767981e-05
 5.70200000e+05  6.62421669e-05
 5.75400000e+05  6.70918944e-05
 5.80800000e+05  5.75693386e-05
 5.86100000e+05  5.24996504e-05
 5.91600000e+05  5.15590248e-05
 5.97000000e+05  5.13690385e-05
 6.02600000e+05  5.12581043e-05
 6.08100000e+05  5.10833350e-05
 6.13800000e+05  5.08112341e-05
 6.19400000e+05  5.05979832e-05
 6.25200000e+05  5.05283556e-05
 6.31000000e+05  5.04744435e-05
 6.36800000e+05  5.02473050e-05
 6.42700000e+05  4.99644503e-05
 6.48600000e+05  4.97685766e-05
 6.54600000e+05  4.96256892e-05
 6.60700000e+05  4.94658757e-05
 6.66800000e+05  4.93342171e-05
 6.73000000e+05  4.91823562e-05
 6.79200000e+05  4.90488222e-05
 6.85500000e+05  4.88998575e-05
 6.91800000e+05  4.87522223e-05
 6.98200000e+05  4.86177862e-05
 7.04700000e+05  4.84703171e-05
 7.11200000e+05  4.83162485e-05
 7.17800000e+05  4.81576694e-05
 7.24400000e+05  4.80153043e-05
 7.31100000e+05  4.78498408e-05
 7.37900000e+05  4.76802229e-05
 7.44700000e+05  4.75087533e-05
 7.51600000e+05  4.73333905e-05
 7.58600000e+05  4.71440689e-05
 7.65600000e+05  4.69570025e-05
 7.72700000e+05  4.67568795e-05
 7.79800000e+05  4.65562105e-05
 7.87000000e+05  4.63371197e-05
 7.94300000e+05  4.61158686e-05
 8.01700000e+05  4.58820119e-05
 8.09100000e+05  4.56400601e-05
 8.16600000e+05  4.53925533e-05
 8.24100000e+05  4.51350284e-05
 8.31800000e+05  4.48690286e-05
 8.39500000e+05  4.45927497e-05
 8.47200000e+05  4.43074972e-05
 8.55100000e+05  4.40874094e-05
 8.63000000e+05  4.52135821e-05
 8.71000000e+05  5.40501884e-05
 8.79000000e+05  7.20703521e-05
 8.87200000e+05  7.28548676e-05
 8.95400000e+05  5.38940070e-05
 9.03600000e+05  4.36449310e-05
 9.12000000e+05  4.17349550e-05
 9.20400000e+05  4.12866367e-05
 9.29000000e+05  4.08994948e-05
 9.37600000e+05  4.05031420e-05
 9.46200000e+05  4.01056972e-05
 9.55000000e+05  3.96908277e-05
 9.63800000e+05  3.92760295e-05
 9.72700000e+05  3.88544892e-05
 9.81700000e+05  3.84167587e-05
 9.90800000e+05  3.79739242e-05
 1.00000000e+06  3.75264605e-05
 1.00900000e+06  3.70884451e-05
 1.01900000e+06  3.65880189e-05
 1.02800000e+06  3.61427155e-05
 1.03800000e+06  3.56475357e-05
 1.04700000e+06  3.51964399e-05
 1.05700000e+06  3.46984113e-05
 1.06700000e+06  3.42042760e-05
 1.07600000e+06  3.37516609e-05
 1.08600000e+06  3.32561724e-05
 1.09600000e+06  3.27569806e-05
 1.10700000e+06  3.22119956e-05
 1.11700000e+06  3.17155101e-05
 1.12700000e+06  3.12238436e-05
 1.13800000e+06  3.06904909e-05
 1.14800000e+06  3.02022667e-05
 1.15900000e+06  2.96749912e-05
 1.16900000e+06  2.91980669e-05
 1.18000000e+06  2.86834208e-05
 1.19100000e+06  2.82334408e-05
 1.20200000e+06  2.80339112e-05
 1.21300000e+06  2.79927946e-05
 1.22500000e+06  2.73671431e-05
 1.23600000e+06  2.63908134e-05
 1.24700000e+06  2.56572664e-05
 1.25900000e+06  2.50897052e-05
 1.27100000e+06  2.45677473e-05
 1.28200000e+06  2.41007699e-05
 1.29400000e+06  2.35980101e-05
 1.30600000e+06  2.30982011e-05
 1.31800000e+06  2.26126024e-05
 1.33000000e+06  2.21351820e-05
 1.34300000e+06  2.16228054e-05
 1.35500000e+06  2.11623871e-05
 1.36800000e+06  2.06689023e-05
 1.38000000e+06  2.02245319e-05
 1.39300000e+06  1.97539626e-05
 1.40600000e+06  1.92923669e-05
 1.41900000e+06  1.88398183e-05
 1.43200000e+06  1.83976057e-05
 1.44500000e+06  1.79665697e-05
 1.45900000e+06  1.75117184e-05
 1.47200000e+06  1.70918256e-05
 1.48600000e+06  1.66533354e-05
 1.50000000e+06  1.62225510e-05
 1.51400000e+06  1.58099439e-05
 1.52800000e+06  1.54107970e-05
 1.54200000e+06  1.50809905e-05
 1.55600000e+06  1.50155790e-05
 1.57000000e+06  1.51339174e-05
 1.58500000e+06  1.46654444e-05
 1.60000000e+06  1.37473593e-05
 1.61400000e+06  1.31666678e-05
 1.62900000e+06  1.27675162e-05
 1.64400000e+06  1.24154373e-05
 1.66000000e+06  1.20506603e-05
 1.67500000e+06  1.17218485e-05
 1.69000000e+06  1.13993584e-05
 1.70600000e+06  1.10667079e-05
 1.72200000e+06  1.07443959e-05
 1.73800000e+06  1.04288093e-05
 1.75400000e+06  1.01260585e-05
 1.77000000e+06  9.83249252e-06
 1.78600000e+06  9.54777421e-06
 1.80300000e+06  9.25234943e-06
 1.82000000e+06  8.96917180e-06
 1.83700000e+06  8.69483946e-06
 1.85400000e+06  8.42902007e-06
 1.87100000e+06  8.17137415e-06
 1.88800000e+06  7.92432549e-06
 1.90500000e+06  7.68208643e-06
 1.92300000e+06  7.43677311e-06
 1.94100000e+06  7.19919172e-06
 1.95900000e+06  6.97157375e-06
 1.97700000e+06  6.74860632e-06
 1.99500000e+06  6.53666109e-06
 2.01400000e+06  6.34228538e-06
 2.03200000e+06  6.22300209e-06
 2.05100000e+06  6.10194784e-06
 2.07000000e+06  5.84336659e-06
 2.08900000e+06  5.56333205e-06
 2.10900000e+06  5.34657722e-06
 2.12800000e+06  5.17021021e-06
 2.14800000e+06  4.99452451e-06
 2.16800000e+06  4.82447929e-06
 2.18800000e+06  4.65978256e-06
 2.20800000e+06  4.50420887e-06
 2.22800000e+06  4.35150053e-06
 2.24900000e+06  4.19974414e-06
 2.27000000e+06  4.05284007e-06
 2.29100000e+06  3.91243348e-06
 2.31200000e+06  3.77644004e-06
 2.33300000e+06  3.64646453e-06
 2.35500000e+06  3.51576734e-06
 2.37700000e+06  3.38926253e-06
 2.39900000e+06  3.26847417e-06
 2.42100000e+06  3.15313874e-06
 2.44300000e+06  3.04142119e-06
 2.46600000e+06  2.93078616e-06
 2.48900000e+06  2.82370492e-06
 2.51200000e+06  2.72157333e-06
 2.53500000e+06  2.62266081e-06
 2.55900000e+06  2.52487828e-06
 2.58200000e+06  2.43359560e-06
 2.60600000e+06  2.34475783e-06
 2.63000000e+06  2.25734277e-06
 2.65500000e+06  2.17105295e-06
 2.67900000e+06  2.09183486e-06
 2.70400000e+06  2.01358463e-06
 2.72900000e+06  1.93784056e-06
 2.75400000e+06  1.86577277e-06
 2.78000000e+06  1.79343554e-06
 2.80500000e+06  1.72713096e-06
 2.83100000e+06  1.66171186e-06
 2.85800000e+06  1.59606914e-06
 2.88400000e+06  1.53597407e-06
 2.91100000e+06  1.47674763e-06
 2.93800000e+06  1.41942603e-06
 2.96500000e+06  1.36504599e-06
 2.99200000e+06  1.31238348e-06
 3.02000000e+06  1.26054782e-06
 3.04800000e+06  1.21142581e-06
 3.07600000e+06  1.16490089e-06
 3.10500000e+06  1.11812243e-06
 3.13300000e+06  1.07552685e-06
 3.16200000e+06  1.03263714e-06
 3.19200000e+06  9.90499735e-07
 3.22100000e+06  9.52201460e-07
 3.25100000e+06  9.14088352e-07
 3.28100000e+06  8.77743590e-07
 3.31100000e+06  8.43085275e-07
 3.34200000e+06  8.08871123e-07
 3.37300000e+06  7.76362884e-07
 3.40400000e+06  7.45231054e-07
 3.43600000e+06  7.14759417e-07
 3.46700000e+06  6.86480824e-07
 3.49900000e+06  6.58711203e-07
 3.53200000e+06  6.31474769e-07
 3.56500000e+06  6.05509579e-07
 3.59700000e+06  5.81457546e-07
 3.63100000e+06  5.57174766e-07
 3.66400000e+06  5.34704014e-07
 3.69800000e+06  5.12734162e-07
 3.73300000e+06  4.91138918e-07
 3.76700000e+06  4.71186440e-07
 3.80200000e+06  4.51628510e-07
 3.83700000e+06  4.32964131e-07
 3.87300000e+06  4.14749850e-07
 3.90800000e+06  3.97904857e-07
 3.94500000e+06  3.80953986e-07
 3.98100000e+06  3.65233765e-07
 4.01800000e+06  3.49899072e-07
 4.05500000e+06  3.35296027e-07
 4.09300000e+06  3.21061416e-07
 4.13000000e+06  3.07839054e-07
 4.16900000e+06  2.94639718e-07
 4.20700000e+06  2.82391145e-07
 4.24600000e+06  2.70405129e-07
 4.28500000e+06  2.59070522e-07
 4.32500000e+06  2.47983755e-07
 4.36500000e+06  2.37410945e-07
 4.40600000e+06  2.27175258e-07
 4.44600000e+06  2.17667230e-07
 4.48700000e+06  2.08416680e-07
 4.52900000e+06  1.99423537e-07
 4.57100000e+06  1.90861452e-07
 4.61300000e+06  1.82714024e-07
 4.65600000e+06  1.74844038e-07
 4.69900000e+06  1.67315804e-07
 4.74200000e+06  1.60204054e-07
 4.78600000e+06  1.53256130e-07
 4.83100000e+06  1.46554786e-07
 4.87500000e+06  1.40293879e-07
 4.92000000e+06  1.34260111e-07
 4.96600000e+06  1.28367545e-07
 5.01200000e+06  1.22783543e-07
 5.05800000e+06  1.17495262e-07
 5.10500000e+06  1.12368576e-07
 5.15200000e+06  1.07518596e-07
 5.20000000e+06  1.02785627e-07
 5.24800000e+06  9.83134591e-08
 5.29700000e+06  9.39829917e-08
 5.34600000e+06  8.98629027e-08
 5.39500000e+06  8.59756496e-08
 5.44500000e+06  8.21839000e-08
 5.49500000e+06  7.86107189e-08
 5.54600000e+06  7.51570894e-08
 5.59800000e+06  7.17895390e-08
 5.64900000e+06  6.86788011e-08
 5.70200000e+06  6.56212633e-08
 5.75400000e+06  6.27741988e-08
 5.80800000e+06  5.99477164e-08
 5.86100000e+06  5.73467819e-08
 5.91600000e+06  5.47641979e-08
 5.97000000e+06  5.23655704e-08
 6.02600000e+06  5.00374964e-08
 6.08100000e+06  4.78276682e-08
 6.13800000e+06  4.56845715e-08
 6.19400000e+06  4.36763619e-08
 6.25200000e+06  4.17305869e-08
 6.31000000e+06  3.98730275e-08
 6.36800000e+06  3.81000515e-08
 6.42700000e+06  3.63960859e-08
 6.48600000e+06  3.47938436e-08
 6.54600000e+06  3.32554602e-08
 6.60700000e+06  3.17574813e-08
 6.66800000e+06  3.03303881e-08
 6.73000000e+06  2.89836766e-08
 6.79200000e+06  2.76808116e-08
 6.85500000e+06  2.64537465e-08
 6.91800000e+06  2.52663974e-08
 6.98200000e+06  2.41503615e-08
 7.04700000e+06  2.30640781e-08
 7.11200000e+06  2.20323715e-08
 7.17800000e+06  2.10282477e-08
 7.24400000e+06  2.00938275e-08
 7.31100000e+06  1.92023970e-08
 7.37900000e+06  1.83331248e-08
 7.44700000e+06  1.75150158e-08
 7.51600000e+06  1.67274973e-08
 7.58600000e+06  1.59716067e-08
 7.65600000e+06  1.52568186e-08
 7.72700000e+06  1.45710661e-08
 7.79800000e+06  1.39206069e-08
 7.87000000e+06  1.32969496e-08
 7.94300000e+06  1.26996856e-08
 8.01700000e+06  1.21249860e-08
 8.09100000e+06  1.15822182e-08
 8.16600000e+06  1.10603529e-08
 8.24100000e+06  1.05681523e-08
 8.31800000e+06  1.00883817e-08
 8.39500000e+06  9.63530132e-09
 8.47200000e+06  9.20649681e-09
 8.55100000e+06  8.79010799e-09
 8.63000000e+06  8.39627633e-09
 8.71000000e+06  8.01985752e-09
 8.79000000e+06  7.66202665e-09
 8.87200000e+06  7.31602748e-09
 8.95400000e+06  6.98871121e-09
 9.03600000e+06  6.67783684e-09
 9.12000000e+06  6.37786359e-09
 9.20400000e+06  6.09435124e-09
 9.29000000e+06  5.81861828e-09
 9.37600000e+06  5.55866014e-09
 9.46200000e+06  5.31244711e-09
 9.55000000e+06  5.07329654e-09
 9.63800000e+06  4.84796704e-09
 9.72700000e+06  4.63215941e-09
 9.81700000e+06  4.42551519e-09
 9.90800000e+06  4.22862785e-09
 1.00000000e+07  4.04019410e-09
 1.00900000e+07  3.86453452e-09
 1.01900000e+07  3.68120949e-09
 1.02800000e+07  3.52523224e-09
 1.03800000e+07  3.36128567e-09
 1.04700000e+07  3.22171707e-09
 1.05700000e+07  3.07485812e-09
 1.06700000e+07  2.93621061e-09
 1.07600000e+07  2.81794099e-09
 1.08600000e+07  2.69326412e-09
 1.09600000e+07  2.57551676e-09
 1.10700000e+07  2.45316397e-09
 1.11700000e+07  2.34804313e-09
 1.12700000e+07  2.24854211e-09
 1.13800000e+07  2.14498402e-09
 1.14800000e+07  2.05603397e-09
 1.15900000e+07  1.96339149e-09
 1.16900000e+07  1.88371927e-09
 1.18000000e+07  1.80059937e-09
 1.19100000e+07  1.72207969e-09
 1.20200000e+07  1.64773482e-09
 1.21300000e+07  1.57746411e-09
 1.22500000e+07  1.50504949e-09
 1.23600000e+07  1.44234950e-09
 1.24700000e+07  1.38285385e-09
 1.25900000e+07  1.32141679e-09
 1.27100000e+07  1.26347821e-09
 1.28200000e+07  1.21312793e-09
 1.29400000e+07  1.16112158e-09
 1.30600000e+07  1.11194592e-09
 1.31800000e+07  1.06537352e-09
 1.33000000e+07  1.02124176e-09
 1.34300000e+07  9.76052420e-10
 1.35500000e+07  9.36652163e-10
 1.36800000e+07  8.96218055e-10
 1.38000000e+07  8.60920675e-10
 1.39300000e+07  8.24691287e-10
 1.40600000e+07  7.90362474e-10
 1.41900000e+07  7.57860882e-10
 1.43200000e+07  7.27158972e-10
 1.44500000e+07  6.98090807e-10
 1.45900000e+07  6.68433431e-10
 1.47200000e+07  6.42355479e-10
 1.48600000e+07  6.15756210e-10
 1.50000000e+07  5.90542371e-10
 1.51400000e+07  5.66782808e-10
 1.52800000e+07  5.44219234e-10
 1.54200000e+07  5.22835271e-10
 1.55600000e+07  5.02624745e-10
 1.57000000e+07  4.83373291e-10
 1.58500000e+07  4.63933346e-10
 1.60000000e+07  4.45443451e-10
 1.61400000e+07  4.29100308e-10
 1.62900000e+07  4.12502917e-10
 1.64400000e+07  3.96813320e-10
 1.66000000e+07  3.80899860e-10
 1.67500000e+07  3.66787033e-10
 1.69000000e+07  3.53440988e-10
 1.70600000e+07  3.39828113e-10
 1.72200000e+07  3.27066531e-10
 1.73800000e+07  3.14865437e-10
 1.75400000e+07  3.03342577e-10
 1.77000000e+07  2.92382577e-10
 1.78600000e+07  2.81929651e-10
 1.80300000e+07  2.71476250e-10
 1.82000000e+07  2.61534196e-10
 1.83700000e+07  2.52132687e-10
 1.85400000e+07  2.43161336e-10
 1.87100000e+07  2.34672654e-10
 1.88800000e+07  2.26647175e-10
 1.90500000e+07  2.18959721e-10
 1.92300000e+07  2.11198461e-10
 1.94100000e+07  2.03873722e-10
 1.95900000e+07  1.96912313e-10
 1.97700000e+07  1.90290212e-10
 1.99500000e+07  1.84047893e-10
 2.01400000e+07  1.77714225e-10
 2.03200000e+07  1.72035930e-10
 2.05100000e+07  1.66298857e-10
 2.07000000e+07  1.60933328e-10
 2.08900000e+07  1.55719494e-10
 2.10900000e+07  1.50567359e-10
 2.12800000e+07  1.45881466e-10
 2.14800000e+07  1.41226647e-10
 2.16800000e+07  1.36743631e-10
 2.18800000e+07  1.32504014e-10
 2.20800000e+07  1.28474324e-10
 2.22800000e+07  1.24603523e-10
 2.24900000e+07  1.20757718e-10
 2.27000000e+07  1.17103491e-10
 2.29100000e+07  1.13563284e-10
 2.31200000e+07  1.10245468e-10
 2.33300000e+07  1.07073197e-10
 2.35500000e+07  1.03879799e-10
 2.37700000e+07  1.00845573e-10
 2.39900000e+07  9.79464482e-11
 2.42100000e+07  9.52050715e-11
 2.44300000e+07  9.25742491e-11
 2.46600000e+07  8.99166249e-11
 2.48900000e+07  8.73950274e-11
 2.51200000e+07  8.49916046e-11
 2.53500000e+07  8.26800769e-11
 2.55900000e+07  8.03831252e-11
 2.58200000e+07  7.83312826e-11
 2.60600000e+07  7.62159610e-11
 2.63000000e+07  7.41781009e-11
 2.65500000e+07  7.22027230e-11
 2.67900000e+07  7.03231334e-11
 2.70400000e+07  6.85234506e-11
 2.72900000e+07  6.67758995e-11
 2.75400000e+07  6.50857027e-11
 2.78000000e+07  6.33994467e-11
 2.80500000e+07  6.18802448e-11
 2.83100000e+07  6.03609953e-11
 2.85800000e+07  5.88166059e-11
 2.88400000e+07  5.74111156e-11
 2.91100000e+07  5.59846159e-11
 2.93800000e+07  5.46041469e-11
 2.96500000e+07  5.33336863e-11
 2.99200000e+07  5.20920215e-11
 3.02000000e+07  5.08321960e-11
 3.04800000e+07  4.96450843e-11
 3.07600000e+07  4.85068520e-11
 3.10500000e+07  4.73636819e-11
 3.13300000e+07  4.62859851e-11
 3.16200000e+07  4.52332620e-11
 3.19200000e+07  4.42022843e-11
 3.22100000e+07  4.32218951e-11
 3.25100000e+07  4.22879165e-11
 3.28100000e+07  4.13402877e-11
 3.31100000e+07  4.04478293e-11
 3.34200000e+07  3.95456139e-11
 3.37300000e+07  3.86727879e-11
 3.40400000e+07  3.78238913e-11
 3.43600000e+07  3.70112684e-11
 3.46700000e+07  3.62227410e-11
 3.49900000e+07  3.54621073e-11
 3.53200000e+07  3.47027319e-11
 3.56500000e+07  3.39514041e-11
 3.59700000e+07  3.32641251e-11
 3.63100000e+07  3.25763239e-11
 3.66400000e+07  3.19150871e-11
 3.69800000e+07  3.12514763e-11
 3.73300000e+07  3.05798416e-11
 3.76700000e+07  2.99516025e-11
 3.80200000e+07  2.93990921e-11
 3.83700000e+07  2.87758145e-11
 3.87300000e+07  2.81818551e-11
 3.90800000e+07  2.76296295e-11
 3.94500000e+07  2.70874457e-11
 3.98100000e+07  2.65455467e-11
 4.01800000e+07  2.60105560e-11
 4.05500000e+07  2.55243259e-11
 4.09300000e+07  2.50096560e-11
 4.13000000e+07  2.45230936e-11
 4.16900000e+07  2.40253024e-11
 4.20700000e+07  2.35926378e-11
 4.24600000e+07  2.31100992e-11
 4.28500000e+07  2.27074983e-11
 4.32500000e+07  2.22506077e-11
 4.36500000e+07  2.18188381e-11
 4.40600000e+07  2.14042582e-11
 4.44600000e+07  2.09827702e-11
 4.48700000e+07  2.06044000e-11
 4.52900000e+07  2.01953894e-11
 4.57100000e+07  1.98231772e-11
 4.61300000e+07  1.94665879e-11
 4.65600000e+07  1.90826864e-11
 4.69900000e+07  1.87384701e-11
 4.74200000e+07  1.83980330e-11
 4.78600000e+07  1.80607510e-11
 4.83100000e+07  1.77060418e-11
 4.87500000e+07  1.73962903e-11
 4.92000000e+07  1.70718988e-11
 4.96600000e+07  1.67528153e-11
 5.01200000e+07  1.64595152e-11
 5.05800000e+07  1.61419724e-11
 5.10500000e+07  1.58645896e-11
 5.15200000e+07  1.55754225e-11
 5.20000000e+07  1.52759383e-11
 5.24800000e+07  1.50087586e-11
 5.29700000e+07  1.47303336e-11
 5.34600000e+07  1.44565972e-11
 5.39500000e+07  1.42140993e-11
 5.44500000e+07  1.39512474e-11
 5.49500000e+07  1.36888322e-11
 5.54600000e+07  1.34516473e-11
 5.59800000e+07  1.32063007e-11
 5.64900000e+07  1.29771872e-11
 5.70200000e+07  1.27386277e-11
 5.75400000e+07  1.25141053e-11
 5.80800000e+07  1.22970870e-11
 5.86100000e+07  1.20815334e-11
 5.91600000e+07  1.18583357e-11
 5.97000000e+07  1.16485413e-11
 6.02600000e+07  1.14420276e-11
 6.08100000e+07  1.12302984e-11
 6.13800000e+07  1.10371761e-11
 6.19400000e+07  1.08410840e-11
 6.25200000e+07  1.06566005e-11
 6.31000000e+07  1.04703912e-11
 6.36800000e+07  1.02755668e-11
 6.42700000e+07  1.00993778e-11
 6.48600000e+07  9.92681622e-12
 6.54600000e+07  9.74688355e-12
 6.60700000e+07  9.58019271e-12
 6.66800000e+07  9.40954214e-12
 6.73000000e+07  9.24664011e-12
 6.79200000e+07  9.08703547e-12
 6.85500000e+07  8.91965144e-12
 6.91800000e+07  8.77295153e-12
 6.98200000e+07  8.62223493e-12
 7.04700000e+07  8.46602027e-12
 7.11200000e+07  8.32523148e-12
 7.17800000e+07  8.17965682e-12
 7.24400000e+07  8.02501846e-12
 7.31100000e+07  7.89478420e-12
 7.37900000e+07  7.75842992e-12
 7.44700000e+07  7.62247920e-12
 7.51600000e+07  7.48694156e-12
 7.58600000e+07  7.35400812e-12
 7.65600000e+07  7.23491950e-12
 7.72700000e+07  7.10406088e-12
 7.79800000e+07  6.98085347e-12
 7.87000000e+07  6.85979923e-12
 7.94300000e+07  6.74583593e-12
 8.01700000e+07  6.62808621e-12
 8.09100000e+07  6.51442441e-12
 8.16600000e+07  6.40112107e-12
 8.24100000e+07  6.28554587e-12
 8.31800000e+07  6.17498918e-12
 8.39500000e+07  6.07443152e-12
 8.47200000e+07  5.96947732e-12
 8.55100000e+07  5.86462521e-12
 8.63000000e+07  5.76293992e-12
 8.71000000e+07  5.65934837e-12
 8.79000000e+07  5.56460686e-12
 8.87200000e+07  5.46805640e-12
 8.95400000e+07  5.37298729e-12
 9.03600000e+07  5.28090458e-12
 9.12000000e+07  5.18949133e-12
 9.20400000e+07  5.10130189e-12
 9.29000000e+07  5.01183764e-12
 9.37600000e+07  4.92525773e-12
 9.46200000e+07  4.84159302e-12
 9.55000000e+07  4.75850992e-12
 9.63800000e+07  4.67664465e-12
 9.72700000e+07  4.59563399e-12
 9.81700000e+07  4.51654861e-12
 9.90800000e+07  4.43965674e-12
 1.00000000e+08  4.36271264e-12
