# Wavelength Flux
 9.10000000e+01  1.11165480e-09
 9.40000000e+01  1.18615994e-09
 9.60000000e+01  1.23717262e-09
 9.80000000e+01  1.28925854e-09
 1.00000000e+02  1.34241901e-09
 1.02000000e+02  1.39665338e-09
 1.04000000e+02  1.45196230e-09
 1.06000000e+02  1.50834446e-09
 1.08000000e+02  1.56580117e-09
 1.10000000e+02  1.62433178e-09
 1.14000000e+02  1.74461469e-09
 1.18000000e+02  1.86919384e-09
 1.21000000e+02  1.96544734e-09
 1.25000000e+02  2.09754442e-09
 1.27000000e+02  2.16520446e-09
 1.28000000e+02  2.19943719e-09
 1.31000000e+02  2.30374623e-09
 1.32000000e+02  2.33905286e-09
 1.34000000e+02  2.41047154e-09
 1.37000000e+02  2.51961377e-09
 1.40000000e+02  2.63117292e-09
 1.43000000e+02  2.74514834e-09
 1.47000000e+02  2.90087508e-09
 1.51000000e+02  3.06089872e-09
 1.55000000e+02  3.22521795e-09
 1.59000000e+02  3.39383407e-09
 1.62000000e+02  3.52311580e-09
 1.66000000e+02  3.69925052e-09
 1.70000000e+02  3.87968213e-09
 1.73000000e+02  4.01782548e-09
 1.77000000e+02  4.20577634e-09
 1.80000000e+02  4.34955896e-09
 1.82000000e+02  4.44675707e-09
 1.86000000e+02  4.64437696e-09
 1.91000000e+02  4.89745550e-09
 1.94000000e+02  5.05254833e-09
 1.98000000e+02  5.26318359e-09
 2.02000000e+02  5.47827538e-09
 2.05000000e+02  5.64273577e-09
 2.10000000e+02  5.92394009e-09
 2.16000000e+02  6.27586057e-09
 2.20000000e+02  6.51523309e-09
 2.23000000e+02  6.71480947e-09
 2.27000000e+02  7.00599482e-09
 2.30000000e+02  7.25384835e-09
 2.34000000e+02  7.80579640e-09
 2.40000000e+02  9.27836588e-09
 2.46000000e+02  1.17258716e-08
 2.52000000e+02  1.80946532e-08
 2.57000000e+02  2.02532428e-08
 2.60000000e+02  2.44016462e-08
 2.64000000e+02  4.34281084e-08
 2.69000000e+02  5.22250748e-08
 2.74000000e+02  7.44841607e-08
 2.79000000e+02  7.47412228e-08
 2.84000000e+02  1.17125931e-07
 2.90000000e+02  1.61363241e-07
 2.96000000e+02  1.94274448e-07
 3.01000000e+02  2.38350079e-07
 3.08000000e+02  2.38318615e-07
 3.18000000e+02  4.95214832e-07
 3.28000000e+02  7.48774387e-07
 3.38000000e+02  7.82644316e-07
 3.48000000e+02  7.97639277e-07
 3.57000000e+02  1.34207468e-06
 3.66000000e+02  1.52100165e-06
 3.75000000e+02  1.58350000e-06
 3.85000000e+02  1.42878977e-06
 3.95000000e+02  2.07342267e-06
 4.05000000e+02  2.33503763e-06
 4.14000000e+02  2.62605872e-06
 4.22000000e+02  2.42270458e-06
 4.30000000e+02  2.62828171e-06
 4.41000000e+02  2.90895964e-06
 4.51000000e+02  3.25332393e-06
 4.60000000e+02  3.45255730e-06
 4.70000000e+02  3.62190760e-06
 4.80000000e+02  3.81457754e-06
 4.90000000e+02  3.93708608e-06
 5.00000000e+02  4.31927023e-06
 5.06000000e+02  4.37019188e-06
 5.12000000e+02  4.47655702e-06
 5.20000000e+02  5.00069592e-06
 5.30000000e+02  5.25175465e-06
 5.40000000e+02  4.95669391e-06
 5.50000000e+02  5.21491699e-06
 5.60000000e+02  5.92049083e-06
 5.70000000e+02  6.05902006e-06
 5.80000000e+02  5.90639694e-06
 5.90000000e+02  6.59792108e-06
 6.00000000e+02  6.81889423e-06
 6.10000000e+02  6.21970730e-06
 6.20000000e+02  7.15581909e-06
 6.30000000e+02  7.27990417e-06
 6.40000000e+02  7.34375742e-06
 6.50000000e+02  7.42999230e-06
 6.58000000e+02  7.49715695e-06
 6.65000000e+02  7.74957519e-06
 6.75000000e+02  8.30628585e-06
 6.85000000e+02  8.86941482e-06
 6.95000000e+02  8.37948622e-06
 7.05000000e+02  9.46557201e-06
 7.16000000e+02  9.56024370e-06
 7.26000000e+02  9.96799422e-06
 7.35000000e+02  1.04339581e-05
 7.45000000e+02  1.03553882e-05
 7.55000000e+02  1.16359824e-05
 7.65000000e+02  1.24561009e-05
 7.75000000e+02  1.30685380e-05
 7.85000000e+02  1.18565531e-05
 7.95000000e+02  1.49897492e-05
 8.05000000e+02  1.56668509e-05
 8.15000000e+02  1.64453857e-05
 8.25000000e+02  1.84814206e-05
 8.35000000e+02  2.35746410e-05
 8.45000000e+02  2.20440099e-05
 8.55000000e+02  2.26860320e-05
 8.65000000e+02  2.66910096e-05
 8.75000000e+02  2.76464733e-05
 8.85000000e+02  3.24713980e-05
 8.95000000e+02  3.58463327e-05
 9.05000000e+02  4.72495673e-05
 9.15000000e+02  1.26168158e-02
 9.25000000e+02  1.17196051e-02
 9.35000000e+02  2.01140453e-02
 9.45000000e+02  2.30707874e-02
 9.55000000e+02  2.39128852e-02
 9.65000000e+02  2.72145997e-02
 9.75000000e+02  1.69459345e-02
 9.85000000e+02  2.04935302e-02
 9.95000000e+02  3.37317279e-02
 1.00500000e+03  3.90548333e-02
 1.01500000e+03  4.24213114e-02
 1.02500000e+03  3.42010889e-02
 1.03500000e+03  3.96240904e-02
 1.04500000e+03  6.66347620e-02
 1.05500000e+03  6.82899333e-02
 1.06500000e+03  6.59617764e-02
 1.07500000e+03  7.76590790e-02
 1.08500000e+03  6.85992390e-02
 1.09500000e+03  8.63447706e-02
 1.10500000e+03  8.59419938e-02
 1.11500000e+03  8.08012132e-02
 1.12500000e+03  7.53124720e-02
 1.13500000e+03  1.09413737e-01
 1.14500000e+03  1.08400925e-01
 1.15500000e+03  1.13514132e-01
 1.16500000e+03  1.16348016e-01
 1.17500000e+03  8.72218294e-02
 1.18500000e+03  1.23184668e-01
 1.19500000e+03  1.65117654e-01
 1.20500000e+03  3.39296796e-01
 1.21500000e+03  5.15133551e-01
 1.22500000e+03  4.02478271e-01
 1.23500000e+03  2.07473733e-01
 1.24500000e+03  1.74909233e-01
 1.25500000e+03  1.78479541e-01
 1.26500000e+03  1.75770857e-01
 1.27500000e+03  1.98804269e-01
 1.28500000e+03  1.99109880e-01
 1.29500000e+03  1.85174501e-01
 1.30500000e+03  1.93282084e-01
 1.31500000e+03  2.17723038e-01
 1.32500000e+03  2.11382964e-01
 1.33500000e+03  2.03537457e-01
 1.34500000e+03  2.32076167e-01
 1.35500000e+03  2.27443970e-01
 1.36500000e+03  2.17897909e-01
 1.37500000e+03  2.39251083e-01
 1.38500000e+03  2.19088033e-01
 1.39500000e+03  2.13640124e-01
 1.40500000e+03  2.78199787e-01
 1.41500000e+03  2.43144087e-01
 1.42500000e+03  2.41521700e-01
 1.43500000e+03  2.52416199e-01
 1.44200000e+03  2.65544375e-01
 1.44700000e+03  2.63985446e-01
 1.45500000e+03  2.66259228e-01
 1.46500000e+03  2.65641211e-01
 1.47500000e+03  2.72010507e-01
 1.48500000e+03  2.82893199e-01
 1.49500000e+03  2.90802361e-01
 1.50500000e+03  2.79124274e-01
 1.51200000e+03  2.58889521e-01
 1.51700000e+03  2.61111588e-01
 1.52500000e+03  2.67223096e-01
 1.53500000e+03  2.15956585e-01
 1.54500000e+03  1.75158710e-01
 1.55500000e+03  2.99941424e-01
 1.56500000e+03  2.59827398e-01
 1.57500000e+03  2.73497799e-01
 1.58500000e+03  2.83482588e-01
 1.59500000e+03  3.04191161e-01
 1.60500000e+03  2.90482633e-01
 1.61500000e+03  3.09153773e-01
 1.62500000e+03  2.91164570e-01
 1.63500000e+03  3.05545800e-01
 1.64500000e+03  3.16662137e-01
 1.65500000e+03  2.94152018e-01
 1.66500000e+03  3.27777617e-01
 1.67200000e+03  3.00502976e-01
 1.67700000e+03  3.25720064e-01
 1.68500000e+03  3.48601429e-01
 1.69500000e+03  3.33170380e-01
 1.70500000e+03  3.16342673e-01
 1.71500000e+03  2.84640984e-01
 1.72500000e+03  3.07816746e-01
 1.73500000e+03  3.47315261e-01
 1.74500000e+03  3.28496427e-01
 1.75500000e+03  3.49467472e-01
 1.76500000e+03  3.38259709e-01
 1.77500000e+03  3.34103112e-01
 1.78500000e+03  3.41200982e-01
 1.79500000e+03  3.63170063e-01
 1.80500000e+03  3.56481237e-01
 1.81500000e+03  3.36919912e-01
 1.82500000e+03  3.35479981e-01
 1.83500000e+03  3.47150680e-01
 1.84500000e+03  3.26445735e-01
 1.85500000e+03  3.26171523e-01
 1.86500000e+03  3.32480000e-01
 1.87500000e+03  3.40270295e-01
 1.88500000e+03  3.16036138e-01
 1.89500000e+03  3.14491654e-01
 1.90500000e+03  3.38376069e-01
 1.91500000e+03  3.24384885e-01
 1.92500000e+03  3.13053307e-01
 1.93500000e+03  3.27956379e-01
 1.94500000e+03  3.37991565e-01
 1.95500000e+03  2.93781168e-01
 1.96700000e+03  3.38076394e-01
 1.97600000e+03  3.37171433e-01
 1.98400000e+03  3.20118656e-01
 1.99500000e+03  3.10510720e-01
 2.00500000e+03  3.06194095e-01
 2.01500000e+03  3.03552497e-01
 2.02500000e+03  3.12020375e-01
 2.03500000e+03  2.89689613e-01
 2.04500000e+03  2.91927049e-01
 2.05500000e+03  2.83937411e-01
 2.06500000e+03  2.84741315e-01
 2.07400000e+03  2.91768801e-01
 2.07800000e+03  2.75958788e-01
 2.08500000e+03  2.72596928e-01
 2.09500000e+03  2.69944379e-01
 2.10500000e+03  2.70073471e-01
 2.11500000e+03  2.62672364e-01
 2.12500000e+03  2.68758344e-01
 2.13500000e+03  2.58375330e-01
 2.14500000e+03  2.58022884e-01
 2.15500000e+03  2.62405144e-01
 2.16500000e+03  2.58964588e-01
 2.17500000e+03  2.58867555e-01
 2.18500000e+03  2.57636664e-01
 2.19500000e+03  2.66681135e-01
 2.20500000e+03  2.67074281e-01
 2.21500000e+03  2.65640881e-01
 2.22500000e+03  2.66692942e-01
 2.23500000e+03  2.80607345e-01
 2.24500000e+03  2.82022011e-01
 2.25500000e+03  2.83565967e-01
 2.26500000e+03  2.94272996e-01
 2.27500000e+03  3.05249885e-01
 2.28500000e+03  3.16183568e-01
 2.29500000e+03  3.11626305e-01
 2.30500000e+03  3.25519467e-01
 2.31500000e+03  3.27479525e-01
 2.32500000e+03  3.03140353e-01
 2.33500000e+03  3.33644398e-01
 2.34500000e+03  3.34088666e-01
 2.35500000e+03  3.50472435e-01
 2.36500000e+03  3.45947561e-01
 2.37500000e+03  3.56306102e-01
 2.38500000e+03  3.51629775e-01
 2.39500000e+03  3.67574025e-01
 2.40500000e+03  3.66466422e-01
 2.41500000e+03  3.75635102e-01
 2.42500000e+03  3.89265661e-01
 2.43500000e+03  3.86334876e-01
 2.44500000e+03  4.01301472e-01
 2.45500000e+03  4.04653636e-01
 2.46500000e+03  4.09088534e-01
 2.47500000e+03  4.07548009e-01
 2.48500000e+03  4.17185101e-01
 2.49500000e+03  4.05825092e-01
 2.50500000e+03  4.30464071e-01
 2.51300000e+03  4.14791329e-01
 2.51800000e+03  4.23933822e-01
 2.52500000e+03  4.17883331e-01
 2.53500000e+03  4.22329509e-01
 2.54500000e+03  4.23128928e-01
 2.55500000e+03  4.37187264e-01
 2.56500000e+03  4.37888001e-01
 2.57500000e+03  4.51958870e-01
 2.58500000e+03  4.53730864e-01
 2.59500000e+03  4.55270004e-01
 2.60500000e+03  4.51442173e-01
 2.61500000e+03  4.52091722e-01
 2.62500000e+03  4.61563376e-01
 2.63500000e+03  4.67828119e-01
 2.64500000e+03  4.86993198e-01
 2.65500000e+03  4.93028518e-01
 2.66500000e+03  4.80146388e-01
 2.67500000e+03  4.90461063e-01
 2.68500000e+03  4.90584811e-01
 2.69500000e+03  4.83706536e-01
 2.70500000e+03  4.90236323e-01
 2.71500000e+03  4.84279566e-01
 2.72500000e+03  4.87081194e-01
 2.73500000e+03  4.99735418e-01
 2.74500000e+03  4.76168026e-01
 2.75500000e+03  4.81250231e-01
 2.76500000e+03  4.90362314e-01
 2.77500000e+03  5.04069326e-01
 2.78500000e+03  5.05913550e-01
 2.79500000e+03  4.78557114e-01
 2.80500000e+03  4.93447390e-01
 2.81500000e+03  5.17986828e-01
 2.82500000e+03  5.19583687e-01
 2.83500000e+03  5.10638823e-01
 2.84500000e+03  5.09512222e-01
 2.85500000e+03  5.07830797e-01
 2.86500000e+03  5.24136068e-01
 2.87500000e+03  5.23468577e-01
 2.88500000e+03  5.26818828e-01
 2.89500000e+03  5.26147314e-01
 2.91000000e+03  5.43675625e-01
 2.93000000e+03  5.40584350e-01
 2.95000000e+03  5.41121561e-01
 2.97000000e+03  5.48596943e-01
 2.99000000e+03  5.53158823e-01
 3.01000000e+03  5.58807659e-01
 3.03000000e+03  5.63235236e-01
 3.05000000e+03  5.66680805e-01
 3.07000000e+03  5.69718386e-01
 3.09000000e+03  5.74542077e-01
 3.11000000e+03  5.76742706e-01
 3.13000000e+03  5.78087714e-01
 3.15000000e+03  5.83663726e-01
 3.17000000e+03  5.86411262e-01
 3.19000000e+03  5.80018747e-01
 3.21000000e+03  5.91782390e-01
 3.23000000e+03  5.88042687e-01
 3.25000000e+03  5.99650852e-01
 3.27000000e+03  6.08213982e-01
 3.29000000e+03  6.11358689e-01
 3.31000000e+03  6.15855594e-01
 3.33000000e+03  6.18227927e-01
 3.35000000e+03  6.18495214e-01
 3.37000000e+03  6.16976654e-01
 3.39000000e+03  6.22488087e-01
 3.41000000e+03  6.29108113e-01
 3.43000000e+03  6.31611846e-01
 3.45000000e+03  6.32482374e-01
 3.47000000e+03  6.36048592e-01
 3.49000000e+03  6.41923487e-01
 3.51000000e+03  6.50479559e-01
 3.53000000e+03  6.51228318e-01
 3.55000000e+03  6.60952416e-01
 3.57000000e+03  6.52639422e-01
 3.59000000e+03  6.55375283e-01
 3.60182700e+03  6.82118318e-01
 3.60272700e+03  6.72579249e-01
 3.60362800e+03  6.65608822e-01
 3.60452800e+03  6.62176050e-01
 3.60542800e+03  6.59679969e-01
 3.60632900e+03  6.61134477e-01
 3.60722900e+03  6.65472277e-01
 3.60812900e+03  6.66106192e-01
 3.60902900e+03  6.60329055e-01
 3.60992900e+03  6.54216426e-01
 3.61083000e+03  6.53451308e-01
 3.61173000e+03  6.57372148e-01
 3.61263000e+03  6.58904495e-01
 3.61353000e+03  6.54830485e-01
 3.61443000e+03  6.53990433e-01
 3.61533100e+03  6.62606796e-01
 3.61623100e+03  6.72787036e-01
 3.61713100e+03  6.75393938e-01
 3.61803200e+03  6.67926801e-01
 3.61893200e+03  6.54240437e-01
 3.61983200e+03  6.48463564e-01
 3.62073200e+03  6.53256450e-01
 3.62163300e+03  6.62492678e-01
 3.62253300e+03  6.70184752e-01
 3.62343300e+03  6.73795627e-01
 3.62433300e+03  6.73052212e-01
 3.62523300e+03  6.74182177e-01
 3.62613400e+03  6.81322132e-01
 3.62703400e+03  6.91349335e-01
 3.62793400e+03  6.93611245e-01
 3.62883400e+03  6.91950268e-01
 3.62973500e+03  6.88071579e-01
 3.63063500e+03  6.75859644e-01
 3.63153500e+03  6.57758500e-01
 3.63243500e+03  6.46863209e-01
 3.63333600e+03  6.50308514e-01
 3.63423600e+03  6.54598951e-01
 3.63513600e+03  6.55700750e-01
 3.63603600e+03  6.60649641e-01
 3.63693600e+03  6.67519143e-01
 3.63783700e+03  6.73292981e-01
 3.63873700e+03  6.78702697e-01
 3.63963700e+03  6.82339298e-01
 3.64053700e+03  6.80541776e-01
 3.64143800e+03  6.72221064e-01
 3.64233800e+03  6.62878568e-01
 3.64323800e+03  6.53573473e-01
 3.64413800e+03  6.44271083e-01
 3.64503900e+03  6.35231956e-01
 3.64593900e+03  6.32466807e-01
 3.64683900e+03  6.32390684e-01
 3.64773900e+03  6.30305097e-01
 3.64864000e+03  6.27519433e-01
 3.64954000e+03  6.28404012e-01
 3.65044000e+03  6.28337982e-01
 3.65134000e+03  6.27872209e-01
 3.65224000e+03  6.29672963e-01
 3.65314100e+03  6.33226252e-01
 3.65404100e+03  6.35561447e-01
 3.65494100e+03  6.34790129e-01
 3.65584100e+03  6.32968926e-01
 3.65674200e+03  6.32689897e-01
 3.65764200e+03  6.33985367e-01
 3.65854200e+03  6.34707080e-01
 3.65944200e+03  6.33508380e-01
 3.66034300e+03  6.30753917e-01
 3.66124300e+03  6.28355396e-01
 3.66214300e+03  6.25651923e-01
 3.66304300e+03  6.20373871e-01
 3.66394300e+03  6.14482551e-01
 3.66484400e+03  6.12020045e-01
 3.66574400e+03  6.15078009e-01
 3.66664400e+03  6.16927972e-01
 3.66754400e+03  6.15057956e-01
 3.66844500e+03  6.13118809e-01
 3.66934500e+03  6.08600136e-01
 3.67024500e+03  6.03165156e-01
 3.67114500e+03  6.05094342e-01
 3.67204600e+03  6.12657720e-01
 3.67294600e+03  6.18075286e-01
 3.67384600e+03  6.17659976e-01
 3.67474600e+03  6.15826570e-01
 3.67564600e+03  6.17051193e-01
 3.67654700e+03  6.16053486e-01
 3.67744700e+03  6.08110485e-01
 3.67834700e+03  5.99932387e-01
 3.67924700e+03  5.95689180e-01
 3.68014800e+03  5.94381705e-01
 3.68104800e+03  5.96417292e-01
 3.68194800e+03  6.01160902e-01
 3.68284800e+03  6.04248550e-01
 3.68374900e+03  6.05796662e-01
 3.68464900e+03  6.08132780e-01
 3.68554900e+03  6.03898742e-01
 3.68644900e+03  5.95371695e-01
 3.68734900e+03  5.88029956e-01
 3.68825000e+03  5.88037937e-01
 3.68915000e+03  5.99719587e-01
 3.69005000e+03  6.12374536e-01
 3.69095000e+03  6.16468598e-01
 3.69185100e+03  6.15802031e-01
 3.69275100e+03  6.16653364e-01
 3.69365100e+03  6.19598859e-01
 3.69455100e+03  6.22448838e-01
 3.69545100e+03  6.23195882e-01
 3.69635200e+03  6.17146248e-01
 3.69725200e+03  6.05401932e-01
 3.69815200e+03  5.99903099e-01
 3.69905200e+03  6.13097569e-01
 3.69995300e+03  6.36466804e-01
 3.70085300e+03  6.50876597e-01
 3.70175300e+03  6.48763767e-01
 3.70265300e+03  6.32561267e-01
 3.70355400e+03  6.06275297e-01
 3.70445400e+03  5.78450055e-01
 3.70535400e+03  5.63163533e-01
 3.70625400e+03  5.70216811e-01
 3.70715500e+03  5.95768073e-01
 3.70805500e+03  6.20973749e-01
 3.70895500e+03  6.29832398e-01
 3.70985500e+03  6.22232938e-01
 3.71075500e+03  6.07166934e-01
 3.71165600e+03  5.88912885e-01
 3.71255600e+03  5.75550932e-01
 3.71345600e+03  5.82711270e-01
 3.71435600e+03  6.12514248e-01
 3.71525700e+03  6.44146147e-01
 3.71615700e+03  6.63450477e-01
 3.71705700e+03  6.75228368e-01
 3.71795700e+03  6.79219196e-01
 3.71885800e+03  6.66852905e-01
 3.71975800e+03  6.37272556e-01
 3.72065800e+03  6.00536354e-01
 3.72155800e+03  5.79947374e-01
 3.72245800e+03  5.99301836e-01
 3.72335900e+03  6.09124023e-01
 3.72425900e+03  7.01103448e-01
 3.72515900e+03  1.69458224e+00
 3.72605900e+03  5.95381919e+00
 3.72696000e+03  1.08558777e+01
 3.72786000e+03  9.03837528e+00
 3.72876000e+03  9.11605461e+00
 3.72966000e+03  1.42869280e+01
 3.73056100e+03  1.08957662e+01
 3.73146100e+03  3.60824248e+00
 3.73236100e+03  1.03490359e+00
 3.73326100e+03  6.76411764e-01
 3.73416200e+03  5.77235326e-01
 3.73506200e+03  5.22747260e-01
 3.73596200e+03  5.27224573e-01
 3.73686200e+03  5.57167198e-01
 3.73776200e+03  5.96129754e-01
 3.73866300e+03  6.39108667e-01
 3.73956300e+03  6.81748920e-01
 3.74046300e+03  7.14665008e-01
 3.74136300e+03  7.34897518e-01
 3.74226400e+03  7.41745252e-01
 3.74316400e+03  7.35328923e-01
 3.74406400e+03  7.22323440e-01
 3.74496400e+03  7.10141190e-01
 3.74586500e+03  6.91873090e-01
 3.74676500e+03  6.66961086e-01
 3.74766500e+03  6.39084128e-01
 3.74856500e+03  6.03919455e-01
 3.74946500e+03  5.58745851e-01
 3.75036600e+03  5.24404080e-01
 3.75126600e+03  5.23831182e-01
 3.75216600e+03  5.56482754e-01
 3.75306600e+03  6.04832201e-01
 3.75396700e+03  6.49779746e-01
 3.75486700e+03  6.89754323e-01
 3.75576700e+03  7.24047742e-01
 3.75666800e+03  7.46701135e-01
 3.75756800e+03  7.49209750e-01
 3.75846800e+03  7.38444408e-01
 3.75936800e+03  7.32816351e-01
 3.76026800e+03  7.39738624e-01
 3.76116900e+03  7.50356206e-01
 3.76206900e+03  7.56086508e-01
 3.76296900e+03  7.58103031e-01
 3.76386900e+03  7.54299540e-01
 3.76476900e+03  7.46141100e-01
 3.76567000e+03  7.37911418e-01
 3.76657000e+03  7.20671699e-01
 3.76747000e+03  6.88440978e-01
 3.76837000e+03  6.54833520e-01
 3.76927100e+03  6.24915566e-01
 3.77017100e+03  5.89723848e-01
 3.77107100e+03  5.57159744e-01
 3.77197100e+03  5.55038404e-01
 3.77287200e+03  5.89646604e-01
 3.77377200e+03  6.38331016e-01
 3.77467200e+03  6.78786472e-01
 3.77557200e+03  7.09116767e-01
 3.77647200e+03  7.35834868e-01
 3.77737300e+03  7.62803633e-01
 3.77827300e+03  7.85341589e-01
 3.77917300e+03  8.02407822e-01
 3.78007300e+03  8.21460894e-01
 3.78097400e+03  8.40614891e-01
 3.78187400e+03  8.52282622e-01
 3.78277400e+03  8.55690987e-01
 3.78367500e+03  8.56731901e-01
 3.78457500e+03  8.61264294e-01
 3.78547500e+03  8.62784767e-01
 3.78637500e+03  8.49573476e-01
 3.78727500e+03  8.28554674e-01
 3.78817600e+03  8.15526763e-01
 3.78907600e+03  8.08834705e-01
 3.78997600e+03  7.99946041e-01
 3.79087600e+03  7.90414888e-01
 3.79177600e+03  7.82892341e-01
 3.79267700e+03  7.70469321e-01
 3.79357700e+03  7.46994016e-01
 3.79447700e+03  7.14555507e-01
 3.79537800e+03  6.77802287e-01
 3.79627800e+03  6.44714164e-01
 3.79717800e+03  6.64032940e-01
 3.79807800e+03  8.55083458e-01
 3.79897800e+03  1.03445305e+00
 3.79987900e+03  8.63055220e-01
 3.80077900e+03  6.78223798e-01
 3.80167900e+03  6.70629350e-01
 3.80257900e+03  7.10411642e-01
 3.80347900e+03  7.49442603e-01
 3.80438000e+03  7.82521623e-01
 3.80528000e+03  8.04337272e-01
 3.80618000e+03  8.15037969e-01
 3.80708100e+03  8.18756366e-01
 3.80798100e+03  8.26714935e-01
 3.80888100e+03  8.47444814e-01
 3.80978100e+03  8.74162256e-01
 3.81068200e+03  8.94999657e-01
 3.81158200e+03  9.05822388e-01
 3.81248200e+03  9.05485971e-01
 3.81338200e+03  8.93270078e-01
 3.81428200e+03  8.77089083e-01
 3.81518300e+03  8.67422703e-01
 3.81608300e+03  8.65367921e-01
 3.81698300e+03  8.68784202e-01
 3.81788300e+03  8.75213724e-01
 3.81878400e+03  8.70881861e-01
 3.81968400e+03  8.44698729e-01
 3.82058400e+03  8.14927149e-01
 3.82148400e+03  8.11104529e-01
 3.82238500e+03  8.36729605e-01
 3.82328500e+03  8.61303873e-01
 3.82418500e+03  8.61038697e-01
 3.82508500e+03  8.39851027e-01
 3.82598500e+03  8.19871159e-01
 3.82688600e+03  8.09161227e-01
 3.82778600e+03  8.00038391e-01
 3.82868600e+03  7.86522346e-01
 3.82958600e+03  7.69991741e-01
 3.83048600e+03  7.52379985e-01
 3.83138700e+03  7.30783997e-01
 3.83228700e+03  6.98741273e-01
 3.83318700e+03  6.57103477e-01
 3.83408800e+03  6.30373832e-01
 3.83498800e+03  7.40538109e-01
 3.83588800e+03  1.09563080e+00
 3.83678800e+03  1.20040159e+00
 3.83768900e+03  8.60247128e-01
 3.83858900e+03  6.60767717e-01
 3.83948900e+03  6.56316921e-01
 3.84038900e+03  6.89935065e-01
 3.84128900e+03  7.24518066e-01
 3.84219000e+03  7.61471158e-01
 3.84309000e+03  7.98192715e-01
 3.84399000e+03  8.25071109e-01
 3.84489000e+03  8.42095785e-01
 3.84579100e+03  8.55140847e-01
 3.84669100e+03  8.67257793e-01
 3.84759100e+03  8.81833222e-01
 3.84849100e+03  8.97340723e-01
 3.84939200e+03  9.03755732e-01
 3.85029200e+03  9.00400138e-01
 3.85119200e+03  9.04681868e-01
 3.85209200e+03  9.22391911e-01
 3.85299200e+03  9.36169834e-01
 3.85389300e+03  9.37229877e-01
 3.85479300e+03  9.33196172e-01
 3.85569300e+03  9.25425600e-01
 3.85659300e+03  9.15801437e-01
 3.85749400e+03  9.21183449e-01
 3.85839400e+03  9.37511544e-01
 3.85929400e+03  9.39913297e-01
 3.86019400e+03  9.32044439e-01
 3.86109500e+03  9.34636828e-01
 3.86199500e+03  9.45480667e-01
 3.86289500e+03  9.52373257e-01
 3.86379500e+03  9.55775685e-01
 3.86469600e+03  9.60131955e-01
 3.86559600e+03  9.61480261e-01
 3.86649600e+03  9.57961736e-01
 3.86739600e+03  9.65074645e-01
 3.86829600e+03  1.07117989e+00
 3.86919700e+03  1.37140562e+00
 3.87009700e+03  1.48653475e+00
 3.87099700e+03  1.19828216e+00
 3.87189700e+03  9.76084714e-01
 3.87279800e+03  9.13462350e-01
 3.87369800e+03  8.99407378e-01
 3.87459800e+03  9.07645636e-01
 3.87549800e+03  9.21256669e-01
 3.87639800e+03  9.23975050e-01
 3.87729900e+03  9.11391077e-01
 3.87819900e+03  8.86869581e-01
 3.87909900e+03  8.60834208e-01
 3.87999900e+03  8.52145417e-01
 3.88090000e+03  8.56025425e-01
 3.88180000e+03  8.47818171e-01
 3.88270000e+03  8.21980691e-01
 3.88360000e+03  7.96124741e-01
 3.88450100e+03  7.78927239e-01
 3.88540100e+03  7.55721067e-01
 3.88630100e+03  7.13699953e-01
 3.88720100e+03  6.79150593e-01
 3.88810200e+03  8.15173195e-01
 3.88900200e+03  1.49180198e+00
 3.88990200e+03  2.18894824e+00
 3.89080200e+03  1.69715682e+00
 3.89170300e+03  9.11497939e-01
 3.89260300e+03  6.97821733e-01
 3.89350300e+03  7.16562795e-01
 3.89440300e+03  7.49795511e-01
 3.89530300e+03  7.74738518e-01
 3.89620400e+03  7.95891887e-01
 3.89710400e+03  8.20255730e-01
 3.89800400e+03  8.45093194e-01
 3.89890400e+03  8.60953603e-01
 3.89980500e+03  8.68406888e-01
 3.90070500e+03  8.77675504e-01
 3.90160500e+03  8.97985192e-01
 3.90250500e+03  9.20543597e-01
 3.90340600e+03  9.28652564e-01
 3.90430600e+03  9.29552315e-01
 3.90520600e+03  9.33248943e-01
 3.90610600e+03  9.31984411e-01
 3.90700600e+03  9.31005504e-01
 3.90790700e+03  9.44611920e-01
 3.90880700e+03  9.66744856e-01
 3.90970700e+03  9.84483923e-01
 3.91060700e+03  9.95385811e-01
 3.91150800e+03  1.00068339e+00
 3.91240800e+03  1.00108049e+00
 3.91330800e+03  9.95542146e-01
 3.91420800e+03  9.85386312e-01
 3.91510900e+03  9.82386924e-01
 3.91600900e+03  9.87307847e-01
 3.91690900e+03  9.86788049e-01
 3.91780900e+03  9.80714734e-01
 3.91871000e+03  9.74330069e-01
 3.91961000e+03  9.64538357e-01
 3.92051000e+03  9.53111395e-01
 3.92141000e+03  9.47736640e-01
 3.92231000e+03  9.53123268e-01
 3.92321100e+03  9.61540288e-01
 3.92411100e+03  9.66117537e-01
 3.92501100e+03  9.65678876e-01
 3.92591100e+03  9.55589007e-01
 3.92681200e+03  9.38216700e-01
 3.92771200e+03  9.23382692e-01
 3.92861200e+03  9.13553381e-01
 3.92951200e+03  9.06371869e-01
 3.93041300e+03  8.97190985e-01
 3.93131300e+03  8.81916336e-01
 3.93221300e+03  8.57177818e-01
 3.93311300e+03  8.16017536e-01
 3.93401300e+03  7.68851222e-01
 3.93491400e+03  7.54193998e-01
 3.93581400e+03  7.89441917e-01
 3.93671400e+03  8.42591176e-01
 3.93761400e+03  8.81711848e-01
 3.93851500e+03  9.05791385e-01
 3.93941500e+03  9.23913043e-01
 3.94031500e+03  9.42117158e-01
 3.94121500e+03  9.54639783e-01
 3.94211600e+03  9.57713051e-01
 3.94301600e+03  9.55730830e-01
 3.94391600e+03  9.49461601e-01
 3.94481600e+03  9.42053832e-01
 3.94571700e+03  9.46534774e-01
 3.94661700e+03  9.64203919e-01
 3.94751700e+03  9.75577450e-01
 3.94841700e+03  9.70330005e-01
 3.94931700e+03  9.61755331e-01
 3.95021800e+03  9.61907049e-01
 3.95111800e+03  9.68130762e-01
 3.95201800e+03  9.67665715e-01
 3.95291900e+03  9.57057368e-01
 3.95381900e+03  9.49588912e-01
 3.95471900e+03  9.52411516e-01
 3.95561900e+03  9.51328385e-01
 3.95651900e+03  9.34632211e-01
 3.95742000e+03  9.12773685e-01
 3.95832000e+03  9.02991208e-01
 3.95922000e+03  9.03993863e-01
 3.96012000e+03  9.01504377e-01
 3.96102100e+03  8.83969139e-01
 3.96192100e+03  8.51884858e-01
 3.96282100e+03  8.19455585e-01
 3.96372100e+03  7.94342391e-01
 3.96462200e+03  7.68931038e-01
 3.96552200e+03  7.35891597e-01
 3.96642200e+03  7.06335720e-01
 3.96732200e+03  7.19155185e-01
 3.96822200e+03  7.70690961e-01
 3.96912300e+03  8.04503501e-01
 3.97002300e+03  1.23348259e+00
 3.97092300e+03  2.02826826e+00
 3.97182300e+03  1.77950838e+00
 3.97272400e+03  9.49079669e-01
 3.97362400e+03  6.63955762e-01
 3.97452400e+03  6.71391236e-01
 3.97542400e+03  7.14010644e-01
 3.97632500e+03  7.54748096e-01
 3.97722500e+03  7.87201776e-01
 3.97812500e+03  8.13754307e-01
 3.97902500e+03  8.40214489e-01
 3.97992500e+03  8.66448413e-01
 3.98082600e+03  8.89486377e-01
 3.98172600e+03  9.02674581e-01
 3.98262600e+03  9.05051927e-01
 3.98352600e+03  9.06908816e-01
 3.98442700e+03  9.15895107e-01
 3.98532700e+03  9.30659192e-01
 3.98622700e+03  9.46185824e-01
 3.98712700e+03  9.57063304e-01
 3.98802800e+03  9.67215180e-01
 3.98892800e+03  9.80158657e-01
 3.98982800e+03  9.87598748e-01
 3.99072800e+03  9.86979345e-01
 3.99162800e+03  9.88247175e-01
 3.99252900e+03  9.96553376e-01
 3.99342900e+03  1.00675538e+00
 3.99432900e+03  1.01073038e+00
 3.99523000e+03  1.00572832e+00
 3.99613000e+03  9.96070518e-01
 3.99703000e+03  9.88585571e-01
 3.99793000e+03  9.84995145e-01
 3.99883000e+03  9.87135680e-01
 3.99973100e+03  1.00097099e+00
 4.00063100e+03  1.01991258e+00
 4.00153100e+03  1.02908951e+00
 4.00243100e+03  1.02740281e+00
 4.00333100e+03  1.02645095e+00
 4.00423200e+03  1.02758091e+00
 4.00513200e+03  1.01774698e+00
 4.00603200e+03  9.97134519e-01
 4.00693300e+03  9.89127796e-01
 4.00783300e+03  1.00151256e+00
 4.00873300e+03  1.01482477e+00
 4.00963300e+03  1.01436764e+00
 4.01053300e+03  1.00905885e+00
 4.01143400e+03  1.01287026e+00
 4.01233400e+03  1.02144691e+00
 4.01323400e+03  1.02695623e+00
 4.01413400e+03  1.03216146e+00
 4.01503500e+03  1.03765033e+00
 4.01593500e+03  1.04318010e+00
 4.01683500e+03  1.04773624e+00
 4.01773500e+03  1.04516101e+00
 4.01863600e+03  1.04206531e+00
 4.01953600e+03  1.05025146e+00
 4.02043600e+03  1.06128989e+00
 4.02133600e+03  1.06171206e+00
 4.02223700e+03  1.05283065e+00
 4.02313700e+03  1.04391626e+00
 4.02403700e+03  1.03326174e+00
 4.02493700e+03  1.01213278e+00
 4.02583700e+03  9.85902811e-01
 4.02673800e+03  9.73781247e-01
 4.02763800e+03  9.84093416e-01
 4.02853800e+03  1.00987285e+00
 4.02943900e+03  1.03312256e+00
 4.03033900e+03  1.03651509e+00
 4.03123900e+03  1.02022064e+00
 4.03213900e+03  1.00661818e+00
 4.03303900e+03  1.00546974e+00
 4.03394000e+03  1.00815184e+00
 4.03484000e+03  1.01502662e+00
 4.03574000e+03  1.02645754e+00
 4.03664000e+03  1.04073283e+00
 4.03754000e+03  1.05686304e+00
 4.03844100e+03  1.06909410e+00
 4.03934100e+03  1.07205853e+00
 4.04024100e+03  1.06723325e+00
 4.04114200e+03  1.05810910e+00
 4.04204200e+03  1.05096123e+00
 4.04294200e+03  1.05401867e+00
 4.04384200e+03  1.05770540e+00
 4.04474200e+03  1.04414582e+00
 4.04564300e+03  1.01462028e+00
 4.04654300e+03  9.92880494e-01
 4.04744300e+03  1.00441762e+00
 4.04834300e+03  1.03547418e+00
 4.04924400e+03  1.05298765e+00
 4.05014400e+03  1.05534850e+00
 4.05104400e+03  1.05828918e+00
 4.05194400e+03  1.06007813e+00
 4.05284500e+03  1.05404307e+00
 4.05374500e+03  1.04323551e+00
 4.05464500e+03  1.03424922e+00
 4.05554500e+03  1.02975509e+00
 4.05644500e+03  1.03063571e+00
 4.05734600e+03  1.03153150e+00
 4.05824600e+03  1.02589685e+00
 4.05914600e+03  1.02171340e+00
 4.06004600e+03  1.03003478e+00
 4.06094700e+03  1.04422102e+00
 4.06184700e+03  1.04963733e+00
 4.06274700e+03  1.03816617e+00
 4.06364700e+03  1.01285904e+00
 4.06454800e+03  9.94321810e-01
 4.06544800e+03  1.00280347e+00
 4.06634800e+03  1.02279654e+00
 4.06724800e+03  1.02888898e+00
 4.06814800e+03  1.04931674e+00
 4.06904900e+03  1.13526533e+00
 4.06994900e+03  1.18519818e+00
 4.07084900e+03  1.10828602e+00
 4.07175000e+03  1.02735400e+00
 4.07265000e+03  9.95136467e-01
 4.07355000e+03  9.98446545e-01
 4.07445000e+03  1.01626939e+00
 4.07535000e+03  1.02417518e+00
 4.07625100e+03  1.02394497e+00
 4.07715100e+03  1.02193768e+00
 4.07805100e+03  9.91678628e-01
 4.07895100e+03  9.61413637e-01
 4.07985200e+03  9.70118920e-01
 4.08075200e+03  9.93115986e-01
 4.08165200e+03  1.01006282e+00
 4.08255200e+03  1.01500947e+00
 4.08345300e+03  1.00491301e+00
 4.08435300e+03  9.87617218e-01
 4.08525300e+03  9.74399991e-01
 4.08615300e+03  9.67353705e-01
 4.08705300e+03  9.66141285e-01
 4.08795400e+03  9.70875528e-01
 4.08885400e+03  9.75944870e-01
 4.08975400e+03  9.73001551e-01
 4.09065400e+03  9.62503364e-01
 4.09155500e+03  9.51530235e-01
 4.09245500e+03  9.39687040e-01
 4.09335500e+03  9.25241561e-01
 4.09425600e+03  9.13135168e-01
 4.09515600e+03  8.98532035e-01
 4.09605600e+03  8.71737415e-01
 4.09695600e+03  8.37079875e-01
 4.09785600e+03  8.04704692e-01
 4.09875700e+03  7.75464123e-01
 4.09965700e+03  7.47782287e-01
 4.10055700e+03  7.97783738e-01
 4.10145700e+03  1.43494290e+00
 4.10235800e+03  2.95587067e+00
 4.10325800e+03  3.17470857e+00
 4.10415800e+03  1.66813987e+00
 4.10505800e+03  8.37003356e-01
 4.10595800e+03  7.43655572e-01
 4.10685900e+03  7.79330280e-01
 4.10775900e+03  8.12440302e-01
 4.10865900e+03  8.36048196e-01
 4.10955900e+03  8.52423785e-01
 4.11045900e+03  8.62685161e-01
 4.11136000e+03  8.71406935e-01
 4.11226000e+03  8.85660459e-01
 4.11316000e+03  9.03357309e-01
 4.11406000e+03  9.22806166e-01
 4.11496100e+03  9.40944975e-01
 4.11586100e+03  9.54996649e-01
 4.11676100e+03  9.66033103e-01
 4.11766200e+03  9.73410529e-01
 4.11856200e+03  9.70986348e-01
 4.11946200e+03  9.60636580e-01
 4.12036200e+03  9.55053378e-01
 4.12126200e+03  9.58445912e-01
 4.12216300e+03  9.62703895e-01
 4.12306300e+03  9.67913080e-01
 4.12396300e+03  9.78434355e-01
 4.12486400e+03  9.94825116e-01
 4.12576400e+03  1.01011296e+00
 4.12666400e+03  1.01431751e+00
 4.12756400e+03  1.00527449e+00
 4.12846400e+03  9.88022238e-01
 4.12936500e+03  9.79388856e-01
 4.13026500e+03  9.84530758e-01
 4.13116500e+03  9.88538737e-01
 4.13206500e+03  9.82720043e-01
 4.13296500e+03  9.76929054e-01
 4.13386600e+03  9.82068318e-01
 4.13476600e+03  9.95267735e-01
 4.13566600e+03  1.01035439e+00
 4.13656600e+03  1.02646942e+00
 4.13746700e+03  1.03415753e+00
 4.13836700e+03  1.03401373e+00
 4.13926700e+03  1.03766880e+00
 4.14016700e+03  1.04513726e+00
 4.14106800e+03  1.04840974e+00
 4.14196800e+03  1.04283049e+00
 4.14286800e+03  1.02099835e+00
 4.14376800e+03  9.83214114e-01
 4.14466900e+03  9.55130556e-01
 4.14556900e+03  9.63407732e-01
 4.14646900e+03  9.96439258e-01
 4.14736900e+03  1.02369826e+00
 4.14827000e+03  1.03626245e+00
 4.14917000e+03  1.03856525e+00
 4.15007000e+03  1.03341808e+00
 4.15097000e+03  1.02750769e+00
 4.15187100e+03  1.02887777e+00
 4.15277100e+03  1.03175248e+00
 4.15367100e+03  1.02912183e+00
 4.15457100e+03  1.02178399e+00
 4.15547100e+03  1.01628060e+00
 4.15637200e+03  1.01801480e+00
 4.15727200e+03  1.02103265e+00
 4.15817200e+03  1.02413363e+00
 4.15907200e+03  1.03283957e+00
 4.15997200e+03  1.04312535e+00
 4.16087300e+03  1.04644137e+00
 4.16177300e+03  1.04149340e+00
 4.16267300e+03  1.03950656e+00
 4.16357300e+03  1.04583186e+00
 4.16447400e+03  1.05019275e+00
 4.16537400e+03  1.05064262e+00
 4.16627400e+03  1.05174950e+00
 4.16717500e+03  1.04770392e+00
 4.16807500e+03  1.03783767e+00
 4.16897500e+03  1.03400582e+00
 4.16987500e+03  1.03999206e+00
 4.17077500e+03  1.04284567e+00
 4.17167600e+03  1.03249194e+00
 4.17257600e+03  1.01063407e+00
 4.17347600e+03  9.88982675e-01
 4.17437700e+03  9.83815707e-01
 4.17527700e+03  9.97410909e-01
 4.17617700e+03  1.01488612e+00
 4.17707700e+03  1.02128464e+00
 4.17797700e+03  1.01283398e+00
 4.17887800e+03  9.99984169e-01
 4.17977800e+03  1.00007124e+00
 4.18067800e+03  1.01576344e+00
 4.18157800e+03  1.03022409e+00
 4.18247800e+03  1.03027027e+00
 4.18337900e+03  1.02595490e+00
 4.18427900e+03  1.02839821e+00
 4.18517900e+03  1.03564502e+00
 4.18607900e+03  1.04446442e+00
 4.18698000e+03  1.04365834e+00
 4.18788000e+03  1.02748856e+00
 4.18878000e+03  1.01694090e+00
 4.18968000e+03  1.02768645e+00
 4.19058100e+03  1.04207652e+00
 4.19148100e+03  1.04306862e+00
 4.19238100e+03  1.03805469e+00
 4.19328100e+03  1.04520388e+00
 4.19418200e+03  1.06012958e+00
 4.19508200e+03  1.06166325e+00
 4.19598200e+03  1.04672765e+00
 4.19688200e+03  1.02987316e+00
 4.19778300e+03  1.02111379e+00
 4.19868300e+03  1.01272250e+00
 4.19958300e+03  1.00468147e+00
 4.20048300e+03  1.01116970e+00
 4.20138400e+03  1.02342517e+00
 4.20228400e+03  1.02227872e+00
 4.20318400e+03  1.01643628e+00
 4.20408400e+03  1.02052011e+00
 4.20498400e+03  1.02644963e+00
 4.20588500e+03  1.02746086e+00
 4.20678500e+03  1.03223204e+00
 4.20768500e+03  1.04160752e+00
 4.20858500e+03  1.04911753e+00
 4.20948500e+03  1.05066967e+00
 4.21038600e+03  1.04638530e+00
 4.21128600e+03  1.04366890e+00
 4.21218600e+03  1.04896120e+00
 4.21308600e+03  1.05702729e+00
 4.21398700e+03  1.05804182e+00
 4.21488700e+03  1.04629559e+00
 4.21578700e+03  1.02271804e+00
 4.21668800e+03  1.00525668e+00
 4.21758800e+03  1.01659591e+00
 4.21848800e+03  1.04470190e+00
 4.21938800e+03  1.06179188e+00
 4.22028800e+03  1.06481171e+00
 4.22118900e+03  1.06488229e+00
 4.22208900e+03  1.06662968e+00
 4.22298900e+03  1.06169359e+00
 4.22389000e+03  1.04871119e+00
 4.22479000e+03  1.03335343e+00
 4.22569000e+03  1.01427991e+00
 4.22659000e+03  9.88777527e-01
 4.22749000e+03  9.65046280e-01
 4.22839100e+03  9.69502815e-01
 4.22929100e+03  1.00737083e+00
 4.23019100e+03  1.04534439e+00
 4.23109100e+03  1.06333873e+00
 4.23199100e+03  1.06765147e+00
 4.23289200e+03  1.05446392e+00
 4.23379200e+03  1.02790875e+00
 4.23469200e+03  1.01554840e+00
 4.23559200e+03  1.02491266e+00
 4.23649300e+03  1.03018254e+00
 4.23739300e+03  1.02721745e+00
 4.23829300e+03  1.03005127e+00
 4.23919300e+03  1.03273007e+00
 4.24009300e+03  1.03082173e+00
 4.24099400e+03  1.03430661e+00
 4.24189400e+03  1.04446706e+00
 4.24279400e+03  1.04996187e+00
 4.24369500e+03  1.04995066e+00
 4.24459500e+03  1.05710710e+00
 4.24549500e+03  1.06804659e+00
 4.24639500e+03  1.06541990e+00
 4.24729600e+03  1.04827649e+00
 4.24819600e+03  1.03389961e+00
 4.24909600e+03  1.03381386e+00
 4.24999600e+03  1.03702301e+00
 4.25089700e+03  1.02874386e+00
 4.25179700e+03  1.02053397e+00
 4.25269700e+03  1.02939756e+00
 4.25359700e+03  1.04051054e+00
 4.25449700e+03  1.03649134e+00
 4.25539800e+03  1.02589223e+00
 4.25629800e+03  1.02838897e+00
 4.25719800e+03  1.04502512e+00
 4.25809800e+03  1.05618097e+00
 4.25899800e+03  1.04957400e+00
 4.25989900e+03  1.03349393e+00
 4.26079900e+03  1.01748445e+00
 4.26169900e+03  1.00801596e+00
 4.26259900e+03  1.01747917e+00
 4.26350000e+03  1.04156134e+00
 4.26440000e+03  1.06203001e+00
 4.26530000e+03  1.07039623e+00
 4.26620000e+03  1.07200246e+00
 4.26710100e+03  1.06676887e+00
 4.26800100e+03  1.05081875e+00
 4.26890100e+03  1.03555267e+00
 4.26980100e+03  1.03139694e+00
 4.27070200e+03  1.02849715e+00
 4.27160200e+03  1.01266445e+00
 4.27250200e+03  9.90789432e-01
 4.27340300e+03  9.87700993e-01
 4.27430300e+03  1.00080146e+00
 4.27520300e+03  1.00547832e+00
 4.27610300e+03  1.00587872e+00
 4.27700300e+03  1.01921600e+00
 4.27790400e+03  1.03836077e+00
 4.27880400e+03  1.05003707e+00
 4.27970400e+03  1.05307538e+00
 4.28060400e+03  1.04635891e+00
 4.28150400e+03  1.03539898e+00
 4.28240500e+03  1.02967527e+00
 4.28330500e+03  1.02637509e+00
 4.28420500e+03  1.02546874e+00
 4.28510500e+03  1.02780849e+00
 4.28600600e+03  1.02613960e+00
 4.28690600e+03  1.02327346e+00
 4.28780600e+03  1.02388164e+00
 4.28870600e+03  1.02180114e+00
 4.28960600e+03  1.00618348e+00
 4.29050700e+03  9.80533333e-01
 4.29140700e+03  9.71288464e-01
 4.29230700e+03  9.90610010e-01
 4.29320800e+03  1.01748379e+00
 4.29410800e+03  1.02810665e+00
 4.29500800e+03  1.01888552e+00
 4.29590800e+03  1.00954830e+00
 4.29680900e+03  1.00929632e+00
 4.29770900e+03  1.00904500e+00
 4.29860900e+03  1.00339583e+00
 4.29950900e+03  9.85128393e-01
 4.30041000e+03  9.57921497e-01
 4.30131000e+03  9.46493876e-01
 4.30221000e+03  9.53967609e-01
 4.30311000e+03  9.58041552e-01
 4.30401000e+03  9.58205803e-01
 4.30491100e+03  9.68099099e-01
 4.30581100e+03  9.77965350e-01
 4.30671100e+03  9.77460065e-01
 4.30761100e+03  9.69834615e-01
 4.30851100e+03  9.55939276e-01
 4.30941200e+03  9.45264305e-01
 4.31031200e+03  9.51433928e-01
 4.31121200e+03  9.70061531e-01
 4.31211200e+03  9.86386328e-01
 4.31301300e+03  9.90332301e-01
 4.31391300e+03  9.83208837e-01
 4.31481300e+03  9.72665794e-01
 4.31571300e+03  9.70261403e-01
 4.31661400e+03  9.90157496e-01
 4.31751400e+03  1.01813221e+00
 4.31841400e+03  1.02798263e+00
 4.31931500e+03  1.02149440e+00
 4.32021500e+03  1.01141377e+00
 4.32111500e+03  9.99163575e-01
 4.32201500e+03  9.88506414e-01
 4.32291600e+03  9.88655493e-01
 4.32381600e+03  9.87259693e-01
 4.32471600e+03  9.67128767e-01
 4.32561600e+03  9.31368966e-01
 4.32651600e+03  8.99882320e-01
 4.32741700e+03  8.97415922e-01
 4.32831700e+03  9.24324659e-01
 4.32921700e+03  9.51262421e-01
 4.33011700e+03  9.55549428e-01
 4.33101700e+03  9.37971973e-01
 4.33191800e+03  9.17102250e-01
 4.33281800e+03  9.06314480e-01
 4.33371800e+03  8.98598659e-01
 4.33461800e+03  8.85493570e-01
 4.33551900e+03  8.71251920e-01
 4.33641900e+03  8.54240437e-01
 4.33731900e+03  8.19163364e-01
 4.33821900e+03  7.65087310e-01
 4.33911900e+03  7.99968469e-01
 4.34002000e+03  1.68570017e+00
 4.34092000e+03  4.62513523e+00
 4.34182000e+03  6.32400777e+00
 4.34272100e+03  3.63349486e+00
 4.34362100e+03  1.26802403e+00
 4.34452100e+03  7.77629065e-01
 4.34542200e+03  7.72325551e-01
 4.34632200e+03  8.06641398e-01
 4.34722200e+03  8.35441986e-01
 4.34812200e+03  8.53396096e-01
 4.34902200e+03  8.72516451e-01
 4.34992300e+03  8.95068919e-01
 4.35082300e+03  9.04813137e-01
 4.35172300e+03  8.90189554e-01
 4.35262300e+03  8.69954406e-01
 4.35352300e+03  8.77305445e-01
 4.35442400e+03  9.11015742e-01
 4.35532400e+03  9.40834156e-01
 4.35622400e+03  9.57558695e-01
 4.35712400e+03  9.72746930e-01
 4.35802400e+03  9.85690407e-01
 4.35892500e+03  9.85678533e-01
 4.35982500e+03  9.76712692e-01
 4.36072500e+03  9.76511502e-01
 4.36162600e+03  9.91118593e-01
 4.36252600e+03  1.01080162e+00
 4.36342600e+03  1.02870296e+00
 4.36432600e+03  1.04265965e+00
 4.36522600e+03  1.04602052e+00
 4.36612700e+03  1.04558581e+00
 4.36702700e+03  1.03982847e+00
 4.36792700e+03  1.02142976e+00
 4.36882800e+03  1.00336219e+00
 4.36972800e+03  1.00174871e+00
 4.37062800e+03  1.01171984e+00
 4.37152800e+03  1.02115931e+00
 4.37242900e+03  1.02847736e+00
 4.37332900e+03  1.03252558e+00
 4.37422900e+03  1.02288823e+00
 4.37512900e+03  9.99780340e-01
 4.37602900e+03  9.85360586e-01
 4.37693000e+03  9.97028977e-01
 4.37783000e+03  1.02569038e+00
 4.37873000e+03  1.04910236e+00
 4.37963000e+03  1.05541117e+00
 4.38053000e+03  1.04960435e+00
 4.38143100e+03  1.04458910e+00
 4.38233100e+03  1.04046964e+00
 4.38323100e+03  1.01932814e+00
 4.38413100e+03  9.75525998e-01
 4.38503200e+03  9.39991794e-01
 4.38593200e+03  9.41893539e-01
 4.38683200e+03  9.70929619e-01
 4.38773200e+03  9.91336934e-01
 4.38863300e+03  9.88296648e-01
 4.38953300e+03  9.84098693e-01
 4.39043300e+03  9.91540763e-01
 4.39133300e+03  1.00034895e+00
 4.39223400e+03  1.01027919e+00
 4.39313400e+03  1.02588761e+00
 4.39403400e+03  1.03546230e+00
 4.39493500e+03  1.02641665e+00
 4.39583500e+03  1.00995200e+00
 4.39673500e+03  1.01284321e+00
 4.39763500e+03  1.03835549e+00
 4.39853500e+03  1.05774498e+00
 4.39943600e+03  1.05458200e+00
 4.40033600e+03  1.03634226e+00
 4.40123600e+03  1.01738154e+00
 4.40213600e+03  1.01659129e+00
 4.40303600e+03  1.03697882e+00
 4.40393700e+03  1.04903376e+00
 4.40483700e+03  1.03054072e+00
 4.40573700e+03  1.00537212e+00
 4.40663700e+03  1.00714655e+00
 4.40753800e+03  1.02570621e+00
 4.40843800e+03  1.02939822e+00
 4.40933800e+03  1.02144823e+00
 4.41023800e+03  1.02502216e+00
 4.41113900e+03  1.04105144e+00
 4.41203900e+03  1.05369544e+00
 4.41293900e+03  1.06111970e+00
 4.41383900e+03  1.06433479e+00
 4.41473900e+03  1.05099883e+00
 4.41564000e+03  1.01818696e+00
 4.41654000e+03  9.91943804e-01
 4.41744000e+03  9.90863312e-01
 4.41834100e+03  1.00205280e+00
 4.41924100e+03  1.01895610e+00
 4.42014100e+03  1.04131992e+00
 4.42104100e+03  1.05688810e+00
 4.42194200e+03  1.05490456e+00
 4.42284200e+03  1.03924337e+00
 4.42374200e+03  1.02632430e+00
 4.42464200e+03  1.02919044e+00
 4.42554200e+03  1.03952569e+00
 4.42644300e+03  1.04284764e+00
 4.42734300e+03  1.03934231e+00
 4.42824300e+03  1.03582708e+00
 4.42914300e+03  1.03766023e+00
 4.43004300e+03  1.03911012e+00
 4.43094400e+03  1.02908621e+00
 4.43184400e+03  1.02094624e+00
 4.43274400e+03  1.02798725e+00
 4.43364400e+03  1.03335211e+00
 4.43454500e+03  1.02388956e+00
 4.43544500e+03  1.00761556e+00
 4.43634500e+03  9.99113442e-01
 4.43724500e+03  1.00919606e+00
 4.43814600e+03  1.03098532e+00
 4.43904600e+03  1.05056940e+00
 4.43994600e+03  1.06358874e+00
 4.44084600e+03  1.06512438e+00
 4.44174700e+03  1.05157140e+00
 4.44264700e+03  1.02899320e+00
 4.44354700e+03  1.00656145e+00
 4.44444800e+03  9.96490710e-01
 4.44534800e+03  1.00977588e+00
 4.44624800e+03  1.03833306e+00
 4.44714800e+03  1.05593492e+00
 4.44804800e+03  1.05317630e+00
 4.44894900e+03  1.04952123e+00
 4.44984900e+03  1.05270730e+00
 4.45074900e+03  1.04775999e+00
 4.45164900e+03  1.03894521e+00
 4.45254900e+03  1.04129485e+00
 4.45345000e+03  1.04823427e+00
 4.45435000e+03  1.04355148e+00
 4.45525000e+03  1.02458614e+00
 4.45615000e+03  1.00587740e+00
 4.45705100e+03  1.00530747e+00
 4.45795100e+03  1.01758141e+00
 4.45885100e+03  1.02301290e+00
 4.45975100e+03  1.01966720e+00
 4.46065200e+03  1.01744223e+00
 4.46155200e+03  1.01498309e+00
 4.46245200e+03  1.00661488e+00
 4.46335200e+03  1.00685235e+00
 4.46425300e+03  1.02339879e+00
 4.46515300e+03  1.03509554e+00
 4.46605300e+03  1.03248073e+00
 4.46695300e+03  1.02793646e+00
 4.46785400e+03  1.02465672e+00
 4.46875400e+03  1.01671530e+00
 4.46965400e+03  1.00276324e+00
 4.47055400e+03  1.01317567e+00
 4.47145500e+03  1.16144253e+00
 4.47235500e+03  1.43516850e+00
 4.47325500e+03  1.40734154e+00
 4.47415500e+03  1.15287643e+00
 4.47505500e+03  1.05655235e+00
 4.47595600e+03  1.05281680e+00
 4.47685600e+03  1.05369148e+00
 4.47775600e+03  1.06045017e+00
 4.47865600e+03  1.07002749e+00
 4.47955600e+03  1.06426025e+00
 4.48045700e+03  1.03297743e+00
 4.48135700e+03  9.84179169e-01
 4.48225700e+03  9.48852093e-01
 4.48315800e+03  9.58220315e-01
 4.48405800e+03  1.00138920e+00
 4.48495800e+03  1.04138258e+00
 4.48585800e+03  1.06228793e+00
 4.48675800e+03  1.07058885e+00
 4.48765900e+03  1.06983620e+00
 4.48855900e+03  1.05704642e+00
 4.48945900e+03  1.03486731e+00
 4.49036000e+03  1.01689275e+00
 4.49126000e+03  1.01466448e+00
 4.49216000e+03  1.02683882e+00
 4.49306000e+03  1.04362602e+00
 4.49396100e+03  1.05184317e+00
 4.49486100e+03  1.04334699e+00
 4.49576100e+03  1.03049718e+00
 4.49666100e+03  1.02897078e+00
 4.49756100e+03  1.03631918e+00
 4.49846200e+03  1.04786487e+00
 4.49936200e+03  1.05986440e+00
 4.50026200e+03  1.06379916e+00
 4.50116200e+03  1.05513082e+00
 4.50206200e+03  1.03903360e+00
 4.50296300e+03  1.03674069e+00
 4.50386300e+03  1.05858800e+00
 4.50476300e+03  1.08315435e+00
 4.50566300e+03  1.09109181e+00
 4.50656400e+03  1.08636680e+00
 4.50746400e+03  1.07505594e+00
 4.50836400e+03  1.06015267e+00
 4.50926500e+03  1.05108194e+00
 4.51016500e+03  1.05603717e+00
 4.51106500e+03  1.06946944e+00
 4.51196500e+03  1.07681586e+00
 4.51286500e+03  1.07207700e+00
 4.51376600e+03  1.06171470e+00
 4.51466600e+03  1.05029103e+00
 4.51556600e+03  1.03914046e+00
 4.51646700e+03  1.03598672e+00
 4.51736700e+03  1.04410294e+00
 4.51826700e+03  1.04982928e+00
 4.51916700e+03  1.04719864e+00
 4.52006700e+03  1.04581405e+00
 4.52096800e+03  1.04859971e+00
 4.52186800e+03  1.05362552e+00
 4.52276800e+03  1.05048629e+00
 4.52366800e+03  1.03554278e+00
 4.52456800e+03  1.02981775e+00
 4.52546900e+03  1.03467799e+00
 4.52636900e+03  1.03261859e+00
 4.52726900e+03  1.02503865e+00
 4.52816900e+03  1.01740397e+00
 4.52906900e+03  1.00813601e+00
 4.52997000e+03  1.00083972e+00
 4.53087000e+03  1.00382790e+00
 4.53177000e+03  1.01330298e+00
 4.53267100e+03  1.02427611e+00
 4.53357100e+03  1.02855190e+00
 4.53447100e+03  1.01532940e+00
 4.53537200e+03  1.00007784e+00
 4.53627200e+03  1.00220848e+00
 4.53717200e+03  1.02373059e+00
 4.53807200e+03  1.05411827e+00
 4.53897200e+03  1.07025375e+00
 4.53987300e+03  1.06429060e+00
 4.54077300e+03  1.04813731e+00
 4.54167300e+03  1.03329274e+00
 4.54257300e+03  1.03011261e+00
 4.54347400e+03  1.04136345e+00
 4.54437400e+03  1.05187153e+00
 4.54527400e+03  1.04659902e+00
 4.54617400e+03  1.03648475e+00
 4.54707400e+03  1.03702961e+00
 4.54797500e+03  1.04211544e+00
 4.54887500e+03  1.03516085e+00
 4.54977500e+03  1.01032338e+00
 4.55067500e+03  9.90709615e-01
 4.55157500e+03  1.00303897e+00
 4.55247600e+03  1.02564750e+00
 4.55337600e+03  1.02639092e+00
 4.55427600e+03  1.01154108e+00
 4.55517600e+03  9.98030312e-01
 4.55607700e+03  9.93929323e-01
 4.55697700e+03  1.00478108e+00
 4.55787700e+03  1.02766007e+00
 4.55877800e+03  1.04334369e+00
 4.55967800e+03  1.04606801e+00
 4.56057800e+03  1.04903838e+00
 4.56147900e+03  1.05597450e+00
 4.56237900e+03  1.06197657e+00
 4.56327900e+03  1.05967641e+00
 4.56417900e+03  1.04356467e+00
 4.56507900e+03  1.02463166e+00
 4.56598000e+03  1.01789540e+00
 4.56688000e+03  1.02492388e+00
 4.56778000e+03  1.04003559e+00
 4.56868000e+03  1.05268487e+00
 4.56958000e+03  1.05579112e+00
 4.57048100e+03  1.05612952e+00
 4.57138100e+03  1.05095067e+00
 4.57228100e+03  1.03203613e+00
 4.57318100e+03  1.02184533e+00
 4.57408100e+03  1.03884032e+00
 4.57498200e+03  1.05589139e+00
 4.57588200e+03  1.05182008e+00
 4.57678200e+03  1.04366494e+00
 4.57768200e+03  1.04551391e+00
 4.57858300e+03  1.05163406e+00
 4.57948300e+03  1.04929366e+00
 4.58038300e+03  1.03614371e+00
 4.58128300e+03  1.02367848e+00
 4.58218400e+03  1.02094162e+00
 4.58308400e+03  1.02141195e+00
 4.58398400e+03  1.01487886e+00
 4.58488500e+03  1.00905819e+00
 4.58578500e+03  1.01686174e+00
 4.58668500e+03  1.02806575e+00
 4.58758500e+03  1.03279471e+00
 4.58848600e+03  1.03609028e+00
 4.58938600e+03  1.04124142e+00
 4.59028600e+03  1.04617421e+00
 4.59118600e+03  1.04514715e+00
 4.59208600e+03  1.03534489e+00
 4.59298700e+03  1.02475699e+00
 4.59388700e+03  1.02524182e+00
 4.59478700e+03  1.03272083e+00
 4.59568700e+03  1.03433893e+00
 4.59658700e+03  1.03071223e+00
 4.59748800e+03  1.03031644e+00
 4.59838800e+03  1.03391017e+00
 4.59928800e+03  1.03952371e+00
 4.60018800e+03  1.04488396e+00
 4.60108800e+03  1.03998678e+00
 4.60198900e+03  1.03140815e+00
 4.60288900e+03  1.03305857e+00
 4.60378900e+03  1.03874402e+00
 4.60469000e+03  1.04194460e+00
 4.60559000e+03  1.04134234e+00
 4.60649000e+03  1.03784559e+00
 4.60739100e+03  1.03946237e+00
 4.60829100e+03  1.04860367e+00
 4.60919100e+03  1.06202737e+00
 4.61009100e+03  1.07259812e+00
 4.61099200e+03  1.07241342e+00
 4.61189200e+03  1.06381104e+00
 4.61279200e+03  1.05613281e+00
 4.61369200e+03  1.05154501e+00
 4.61459200e+03  1.04864919e+00
 4.61549300e+03  1.05214924e+00
 4.61639300e+03  1.05554507e+00
 4.61729300e+03  1.05220663e+00
 4.61819300e+03  1.05188341e+00
 4.61909300e+03  1.05086492e+00
 4.61999400e+03  1.04029945e+00
 4.62089400e+03  1.03466216e+00
 4.62179400e+03  1.04466957e+00
 4.62269400e+03  1.05631026e+00
 4.62359500e+03  1.06051943e+00
 4.62449500e+03  1.06348254e+00
 4.62539500e+03  1.06453466e+00
 4.62629500e+03  1.05858140e+00
 4.62719500e+03  1.05367961e+00
 4.62809600e+03  1.05575682e+00
 4.62899600e+03  1.05333264e+00
 4.62989600e+03  1.03987794e+00
 4.63079700e+03  1.03135208e+00
 4.63169700e+03  1.04179090e+00
 4.63259700e+03  1.05699760e+00
 4.63349800e+03  1.05585906e+00
 4.63439800e+03  1.04227508e+00
 4.63529800e+03  1.03401241e+00
 4.63619800e+03  1.03689240e+00
 4.63709800e+03  1.04301849e+00
 4.63799900e+03  1.04282324e+00
 4.63889900e+03  1.03691813e+00
 4.63979900e+03  1.03304406e+00
 4.64069900e+03  1.03099785e+00
 4.64159900e+03  1.03278020e+00
 4.64250000e+03  1.04046634e+00
 4.64340000e+03  1.04483646e+00
 4.64430000e+03  1.04178430e+00
 4.64520000e+03  1.03933176e+00
 4.64610000e+03  1.03662855e+00
 4.64700100e+03  1.02476227e+00
 4.64790100e+03  1.01057734e+00
 4.64880100e+03  1.00577582e+00
 4.64970200e+03  1.01001137e+00
 4.65060200e+03  1.01953923e+00
 4.65150200e+03  1.03054402e+00
 4.65240200e+03  1.03932780e+00
 4.65330200e+03  1.04763334e+00
 4.65420300e+03  1.05334583e+00
 4.65510300e+03  1.04670127e+00
 4.65600300e+03  1.03340026e+00
 4.65690400e+03  1.02618181e+00
 4.65780400e+03  1.02722405e+00
 4.65870400e+03  1.04026911e+00
 4.65960400e+03  1.06226550e+00
 4.66050500e+03  1.07793923e+00
 4.66140500e+03  1.07838053e+00
 4.66230500e+03  1.06544167e+00
 4.66320500e+03  1.04676195e+00
 4.66410500e+03  1.03351900e+00
 4.66500600e+03  1.03316675e+00
 4.66590600e+03  1.03799730e+00
 4.66680600e+03  1.02888436e+00
 4.66770600e+03  1.00423028e+00
 4.66860600e+03  9.86615223e-01
 4.66950700e+03  9.91326380e-01
 4.67040700e+03  1.00854433e+00
 4.67130700e+03  1.02595819e+00
 4.67220700e+03  1.04056792e+00
 4.67310800e+03  1.04701262e+00
 4.67400800e+03  1.04360029e+00
 4.67490800e+03  1.03961145e+00
 4.67580900e+03  1.04189644e+00
 4.67670900e+03  1.05044539e+00
 4.67760900e+03  1.05790065e+00
 4.67850900e+03  1.05453055e+00
 4.67940900e+03  1.04314382e+00
 4.68031000e+03  1.03523407e+00
 4.68121000e+03  1.03266938e+00
 4.68211000e+03  1.03149456e+00
 4.68301100e+03  1.03295897e+00
 4.68391100e+03  1.04144723e+00
 4.68481100e+03  1.05127984e+00
 4.68571100e+03  1.05388278e+00
 4.68661100e+03  1.05294609e+00
 4.68751200e+03  1.05203315e+00
 4.68841200e+03  1.04949353e+00
 4.68931200e+03  1.04781804e+00
 4.69021200e+03  1.04892030e+00
 4.69111200e+03  1.04819733e+00
 4.69201300e+03  1.04353961e+00
 4.69291300e+03  1.04103627e+00
 4.69381300e+03  1.04417814e+00
 4.69471300e+03  1.04824153e+00
 4.69561400e+03  1.05302722e+00
 4.69651400e+03  1.05984791e+00
 4.69741400e+03  1.06287039e+00
 4.69831400e+03  1.05439136e+00
 4.69921500e+03  1.03605400e+00
 4.70011500e+03  1.02321475e+00
 4.70101500e+03  1.02515739e+00
 4.70191600e+03  1.03079007e+00
 4.70281600e+03  1.02855190e+00
 4.70371600e+03  1.02036774e+00
 4.70461600e+03  1.01827272e+00
 4.70551600e+03  1.02809807e+00
 4.70641700e+03  1.03773015e+00
 4.70731700e+03  1.03645440e+00
 4.70821700e+03  1.02677483e+00
 4.70911700e+03  1.01858407e+00
 4.71001800e+03  1.01643100e+00
 4.71091800e+03  1.02176618e+00
 4.71181800e+03  1.03471493e+00
 4.71271800e+03  1.04210159e+00
 4.71361800e+03  1.03282704e+00
 4.71451900e+03  1.01658931e+00
 4.71541900e+03  1.00861623e+00
 4.71631900e+03  1.01759856e+00
 4.71721900e+03  1.03682446e+00
 4.71811900e+03  1.05126400e+00
 4.71902000e+03  1.05632873e+00
 4.71992000e+03  1.06000095e+00
 4.72082000e+03  1.06498322e+00
 4.72172100e+03  1.06699446e+00
 4.72262100e+03  1.06304981e+00
 4.72352100e+03  1.05705433e+00
 4.72442100e+03  1.05713811e+00
 4.72532200e+03  1.06477477e+00
 4.72622200e+03  1.07031906e+00
 4.72712200e+03  1.06449970e+00
 4.72802300e+03  1.04470321e+00
 4.72892300e+03  1.02384405e+00
 4.72982300e+03  1.01657942e+00
 4.73072300e+03  1.01906363e+00
 4.73162300e+03  1.02038093e+00
 4.73252400e+03  1.02289944e+00
 4.73342400e+03  1.03291873e+00
 4.73432400e+03  1.04290701e+00
 4.73522400e+03  1.04807266e+00
 4.73612400e+03  1.05090978e+00
 4.73702500e+03  1.04451258e+00
 4.73792500e+03  1.03349393e+00
 4.73882500e+03  1.03728951e+00
 4.73972500e+03  1.05131282e+00
 4.74062500e+03  1.05477923e+00
 4.74152600e+03  1.04734244e+00
 4.74242600e+03  1.04290305e+00
 4.74332600e+03  1.04697436e+00
 4.74422600e+03  1.05368291e+00
 4.74512700e+03  1.05536697e+00
 4.74602700e+03  1.05120530e+00
 4.74692700e+03  1.05156744e+00
 4.74782800e+03  1.05786173e+00
 4.74872800e+03  1.05917904e+00
 4.74962800e+03  1.05533795e+00
 4.75052900e+03  1.05594746e+00
 4.75142900e+03  1.05969686e+00
 4.75232900e+03  1.05810844e+00
 4.75322900e+03  1.05068286e+00
 4.75412900e+03  1.04483514e+00
 4.75503000e+03  1.03992741e+00
 4.75593000e+03  1.03588909e+00
 4.75683000e+03  1.03423933e+00
 4.75773000e+03  1.03571033e+00
 4.75863000e+03  1.04100856e+00
 4.75953100e+03  1.04671116e+00
 4.76043100e+03  1.05200214e+00
 4.76133100e+03  1.05364531e+00
 4.76223100e+03  1.04422629e+00
 4.76313100e+03  1.02723526e+00
 4.76403200e+03  1.01665858e+00
 4.76493200e+03  1.01461962e+00
 4.76583200e+03  1.01253384e+00
 4.76673300e+03  1.00976599e+00
 4.76763300e+03  1.01284651e+00
 4.76853300e+03  1.02368111e+00
 4.76943300e+03  1.03568262e+00
 4.77033300e+03  1.04639849e+00
 4.77123400e+03  1.05125675e+00
 4.77213400e+03  1.04367088e+00
 4.77303400e+03  1.03379803e+00
 4.77393500e+03  1.03530333e+00
 4.77483500e+03  1.04707067e+00
 4.77573500e+03  1.05792572e+00
 4.77663500e+03  1.05847982e+00
 4.77753600e+03  1.05583202e+00
 4.77843600e+03  1.05942113e+00
 4.77933600e+03  1.06094160e+00
 4.78023600e+03  1.05365586e+00
 4.78113600e+03  1.04709309e+00
 4.78203700e+03  1.04919867e+00
 4.78293700e+03  1.05065977e+00
 4.78383700e+03  1.04275925e+00
 4.78473700e+03  1.03594120e+00
 4.78563700e+03  1.04049404e+00
 4.78653800e+03  1.04166293e+00
 4.78743800e+03  1.03185341e+00
 4.78833800e+03  1.02873330e+00
 4.78923800e+03  1.03404737e+00
 4.79013900e+03  1.03301833e+00
 4.79103900e+03  1.03079336e+00
 4.79193900e+03  1.03509158e+00
 4.79284000e+03  1.04010750e+00
 4.79374000e+03  1.04581075e+00
 4.79464000e+03  1.05670143e+00
 4.79554000e+03  1.06766730e+00
 4.79644000e+03  1.07029861e+00
 4.79734100e+03  1.06461646e+00
 4.79824100e+03  1.05537225e+00
 4.79914100e+03  1.04409239e+00
 4.80004200e+03  1.03313179e+00
 4.80094200e+03  1.02889162e+00
 4.80184200e+03  1.03484884e+00
 4.80274200e+03  1.04751856e+00
 4.80364200e+03  1.05617239e+00
 4.80454300e+03  1.05378515e+00
 4.80544300e+03  1.04142678e+00
 4.80634300e+03  1.02991868e+00
 4.80724300e+03  1.02940218e+00
 4.80814300e+03  1.03200710e+00
 4.80904400e+03  1.03089957e+00
 4.80994400e+03  1.03173995e+00
 4.81084400e+03  1.03613316e+00
 4.81174400e+03  1.03811736e+00
 4.81264500e+03  1.03663646e+00
 4.81354500e+03  1.03588777e+00
 4.81444500e+03  1.03694188e+00
 4.81534500e+03  1.03933374e+00
 4.81624600e+03  1.04117941e+00
 4.81714600e+03  1.04386547e+00
 4.81804600e+03  1.04840512e+00
 4.81894700e+03  1.05177984e+00
 4.81984700e+03  1.05394676e+00
 4.82074700e+03  1.05454506e+00
 4.82164700e+03  1.05198895e+00
 4.82254700e+03  1.04829562e+00
 4.82344800e+03  1.03612854e+00
 4.82434800e+03  1.01233331e+00
 4.82524800e+03  9.99593001e-01
 4.82614800e+03  1.01218291e+00
 4.82704900e+03  1.03192003e+00
 4.82794900e+03  1.03973084e+00
 4.82884900e+03  1.03511071e+00
 4.82974900e+03  1.02685069e+00
 4.83064900e+03  1.02433416e+00
 4.83155000e+03  1.02623195e+00
 4.83245000e+03  1.02069822e+00
 4.83335000e+03  1.01227790e+00
 4.83425000e+03  1.01425154e+00
 4.83515000e+03  1.02241394e+00
 4.83605100e+03  1.02427149e+00
 4.83695100e+03  1.01847523e+00
 4.83785100e+03  1.01524694e+00
 4.83875200e+03  1.01545275e+00
 4.83965200e+03  1.00787809e+00
 4.84055200e+03  9.94671420e-01
 4.84145300e+03  9.87845454e-01
 4.84235300e+03  9.90911466e-01
 4.84325300e+03  9.92282200e-01
 4.84415300e+03  9.84361890e-01
 4.84505300e+03  9.79196900e-01
 4.84595400e+03  9.83943677e-01
 4.84685400e+03  9.87586215e-01
 4.84775400e+03  9.79309039e-01
 4.84865400e+03  9.58844995e-01
 4.84955500e+03  9.37793210e-01
 4.85045500e+03  9.31981773e-01
 4.85135500e+03  9.37775400e-01
 4.85225500e+03  9.37349932e-01
 4.85315500e+03  9.27692127e-01
 4.85405600e+03  9.15261851e-01
 4.85495600e+03  8.94352549e-01
 4.85585600e+03  8.60324966e-01
 4.85675600e+03  8.29775669e-01
 4.85765700e+03  8.18495148e-01
 4.85855700e+03  8.11822219e-01
 4.85945700e+03  8.09171121e-01
 4.86035700e+03  1.26325285e+00
 4.86125700e+03  5.03044837e+00
 4.86215800e+03  1.38872515e+01
 4.86305800e+03  1.54818678e+01
 4.86395800e+03  6.80050344e+00
 4.86485900e+03  1.66017008e+00
 4.86575900e+03  8.21095453e-01
 4.86665900e+03  8.02519301e-01
 4.86756000e+03  8.30951809e-01
 4.86846000e+03  8.52995694e-01
 4.86936000e+03  8.69113363e-01
 4.87026000e+03  8.83758054e-01
 4.87116000e+03  8.88058914e-01
 4.87206100e+03  8.78112846e-01
 4.87296100e+03  8.73796155e-01
 4.87386100e+03  8.91294453e-01
 4.87476100e+03  9.16123342e-01
 4.87566100e+03  9.29663794e-01
 4.87656200e+03  9.33624279e-01
 4.87746200e+03  9.39409331e-01
 4.87836200e+03  9.50262405e-01
 4.87926200e+03  9.63259972e-01
 4.88016200e+03  9.81175823e-01
 4.88106300e+03  9.93881829e-01
 4.88196300e+03  9.88520926e-01
 4.88286300e+03  9.77849254e-01
 4.88376400e+03  9.77904004e-01
 4.88466400e+03  9.81516858e-01
 4.88556400e+03  9.77762181e-01
 4.88646400e+03  9.70656528e-01
 4.88736400e+03  9.69874193e-01
 4.88826500e+03  9.78395436e-01
 4.88916500e+03  9.88947714e-01
 4.89006500e+03  9.93352138e-01
 4.89096600e+03  9.86867866e-01
 4.89186600e+03  9.71079357e-01
 4.89276600e+03  9.69059537e-01
 4.89366600e+03  9.93628527e-01
 4.89456700e+03  1.02151485e+00
 4.89546700e+03  1.03871895e+00
 4.89636700e+03  1.04839391e+00
 4.89726700e+03  1.05115187e+00
 4.89816700e+03  1.05023430e+00
 4.89906800e+03  1.04869206e+00
 4.89996800e+03  1.03946500e+00
 4.90086800e+03  1.02371080e+00
 4.90176800e+03  1.01919028e+00
 4.90266800e+03  1.02804992e+00
 4.90356900e+03  1.03014692e+00
 4.90446900e+03  1.02385394e+00
 4.90536900e+03  1.02555713e+00
 4.90627000e+03  1.03993731e+00
 4.90717000e+03  1.05392566e+00
 4.90807000e+03  1.05440719e+00
 4.90897000e+03  1.04381402e+00
 4.90987000e+03  1.02997145e+00
 4.91077100e+03  1.01429442e+00
 4.91167100e+03  1.00315902e+00
 4.91257100e+03  1.00641171e+00
 4.91347200e+03  1.01998844e+00
 4.91437200e+03  1.03136329e+00
 4.91527200e+03  1.03954614e+00
 4.91617200e+03  1.04943284e+00
 4.91707300e+03  1.05437619e+00
 4.91797300e+03  1.04545652e+00
 4.91887300e+03  1.02257028e+00
 4.91977300e+03  9.93273640e-01
 4.92067300e+03  9.66555539e-01
 4.92157400e+03  9.48639688e-01
 4.92247400e+03  9.46404824e-01
 4.92337400e+03  9.57156973e-01
 4.92427400e+03  9.64135976e-01
 4.92517400e+03  9.66108303e-01
 4.92607500e+03  9.80885581e-01
 4.92697500e+03  1.01074094e+00
 4.92787500e+03  1.03510280e+00
 4.92877500e+03  1.04359502e+00
 4.92967600e+03  1.04961358e+00
 4.93057600e+03  1.05630960e+00
 4.93147600e+03  1.05628519e+00
 4.93237700e+03  1.05346193e+00
 4.93327700e+03  1.04497301e+00
 4.93417700e+03  1.02256302e+00
 4.93507700e+03  1.00463596e+00
 4.93597700e+03  1.01345800e+00
 4.93687800e+03  1.03140815e+00
 4.93777800e+03  1.03042990e+00
 4.93867800e+03  1.01163079e+00
 4.93957900e+03  9.92879835e-01
 4.94047900e+03  9.92016364e-01
 4.94137900e+03  1.01308134e+00
 4.94227900e+03  1.03672881e+00
 4.94317900e+03  1.04546906e+00
 4.94408000e+03  1.04721843e+00
 4.94498000e+03  1.05116902e+00
 4.94588000e+03  1.05001267e+00
 4.94678000e+03  1.04170053e+00
 4.94768000e+03  1.03862858e+00
 4.94858100e+03  1.06855254e+00
 4.94948100e+03  1.07404141e+00
 4.95038100e+03  1.07487586e+00
 4.95128100e+03  1.07574064e+00
 4.95218200e+03  1.07785150e+00
 4.95308200e+03  1.07511926e+00
 4.95398200e+03  1.06754395e+00
 4.95488200e+03  1.06436250e+00
 4.95578300e+03  1.06651425e+00
 4.95668300e+03  1.06778603e+00
 4.95758300e+03  1.17619540e+00
 4.95848400e+03  2.69644110e+00
 4.95938400e+03  8.72197185e+00
 4.96028400e+03  1.39954590e+01
 4.96118400e+03  9.07031510e+00
 4.96208500e+03  2.89028850e+00
 4.96298500e+03  1.22145271e+00
 4.96388500e+03  1.07386133e+00
 4.96478500e+03  1.07159150e+00
 4.96568500e+03  1.06377805e+00
 4.96658600e+03  1.04835829e+00
 4.96748600e+03  1.04032452e+00
 4.96838600e+03  1.04120184e+00
 4.96928600e+03  1.04293142e+00
 4.97018600e+03  1.04499148e+00
 4.97108700e+03  1.04812081e+00
 4.97198700e+03  1.05220267e+00
 4.97288700e+03  1.05960055e+00
 4.97378700e+03  1.06520090e+00
 4.97468800e+03  1.06885597e+00
 4.97558800e+03  1.07372676e+00
 4.97648800e+03  1.07426569e+00
 4.97738800e+03  1.06975572e+00
 4.97828900e+03  1.06323253e+00
 4.97918900e+03  1.05326733e+00
 4.98008900e+03  1.04525138e+00
 4.98098900e+03  1.04318406e+00
 4.98189000e+03  1.03803358e+00
 4.98279000e+03  1.02030771e+00
 4.98369000e+03  9.98585730e-01
 4.98459100e+03  9.91201048e-01
 4.98549100e+03  1.00101849e+00
 4.98639100e+03  1.01546858e+00
 4.98729100e+03  1.03177623e+00
 4.98819100e+03  1.05093155e+00
 4.98909200e+03  1.06150955e+00
 4.98999200e+03  1.05801873e+00
 4.99089200e+03  1.04903508e+00
 4.99179200e+03  1.04016488e+00
 4.99269200e+03  1.03882845e+00
 4.99359300e+03  1.04494003e+00
 4.99449300e+03  1.04411943e+00
 4.99539300e+03  1.04138852e+00
 4.99629300e+03  1.04901793e+00
 4.99719400e+03  1.05700618e+00
 4.99809400e+03  1.05738217e+00
 4.99899400e+03  1.05420271e+00
 4.99989400e+03  1.04467551e+00
 5.00079500e+03  1.02940086e+00
 5.00169500e+03  1.01645936e+00
 5.00259500e+03  1.00994475e+00
 5.00349500e+03  1.01147380e+00
 5.00439600e+03  1.02285260e+00
 5.00529600e+03  1.20853694e+00
 5.00619600e+03  4.02818316e+00
 5.00709600e+03  1.87600595e+01
 5.00799700e+03  3.93878729e+01
 5.00889700e+03  3.15327222e+01
 5.00979700e+03  9.96083711e+00
 5.01069700e+03  2.00433516e+00
 5.01159800e+03  1.07595371e+00
 5.01249800e+03  1.02671810e+00
 5.01339800e+03  1.00969540e+00
 5.01429800e+03  9.95196494e-01
 5.01519800e+03  9.85012955e-01
 5.01609900e+03  9.84181148e-01
 5.01699900e+03  9.93655572e-01
 5.01789900e+03  9.97186631e-01
 5.01879900e+03  9.61352950e-01
 5.01969900e+03  9.53989377e-01
 5.02060000e+03  9.68523248e-01
 5.02150000e+03  9.89543370e-01
 5.02240000e+03  9.96546779e-01
 5.02330100e+03  9.92616638e-01
 5.02420100e+03  9.95873286e-01
 5.02510100e+03  1.00883391e+00
 5.02600200e+03  1.01789804e+00
 5.02690200e+03  1.01819686e+00
 5.02780200e+03  1.00934052e+00
 5.02870200e+03  9.96968290e-01
 5.02960200e+03  1.00039644e+00
 5.03050300e+03  1.01495406e+00
 5.03140300e+03  1.02021800e+00
 5.03230300e+03  1.01940400e+00
 5.03320300e+03  1.02608880e+00
 5.03410400e+03  1.03805667e+00
 5.03500400e+03  1.04202903e+00
 5.03590400e+03  1.02719172e+00
 5.03680400e+03  1.00314913e+00
 5.03770400e+03  9.95674734e-01
 5.03860500e+03  1.00558518e+00
 5.03950500e+03  1.00653308e+00
 5.04040500e+03  9.89433210e-01
 5.04130500e+03  9.62128028e-01
 5.04220600e+03  9.39976622e-01
 5.04310600e+03  9.50118603e-01
 5.04400600e+03  9.88519607e-01
 5.04490600e+03  1.01865597e+00
 5.04580600e+03  1.03162121e+00
 5.04670700e+03  1.03900128e+00
 5.04760700e+03  1.03866948e+00
 5.04850700e+03  1.02325499e+00
 5.04940800e+03  1.00143868e+00
 5.05030800e+03  9.91400260e-01
 5.05120800e+03  9.95110741e-01
 5.05210900e+03  9.98986791e-01
 5.05300900e+03  9.98839691e-01
 5.05390900e+03  1.00571315e+00
 5.05480900e+03  1.01935057e+00
 5.05570900e+03  1.02724713e+00
 5.05661000e+03  1.02404590e+00
 5.05751000e+03  1.01900954e+00
 5.05841000e+03  1.02326950e+00
 5.05931000e+03  1.03292928e+00
 5.06021000e+03  1.03860747e+00
 5.06111100e+03  1.04079088e+00
 5.06201100e+03  1.04560824e+00
 5.06291100e+03  1.05088471e+00
 5.06381100e+03  1.04890777e+00
 5.06471200e+03  1.03338773e+00
 5.06561200e+03  1.00839987e+00
 5.06651200e+03  9.96581740e-01
 5.06741200e+03  1.00590577e+00
 5.06831200e+03  1.01374758e+00
 5.06921300e+03  1.01024818e+00
 5.07011300e+03  1.00960767e+00
 5.07101300e+03  1.01997987e+00
 5.07191400e+03  1.02592587e+00
 5.07281400e+03  1.01490591e+00
 5.07371400e+03  1.00387671e+00
 5.07461400e+03  1.00831214e+00
 5.07551500e+03  1.01384916e+00
 5.07641500e+03  1.01048565e+00
 5.07731500e+03  1.01022707e+00
 5.07821500e+03  1.01854449e+00
 5.07911600e+03  1.01797258e+00
 5.08001600e+03  9.94034206e-01
 5.08091600e+03  9.67765321e-01
 5.08181600e+03  9.66977709e-01
 5.08271600e+03  9.85361246e-01
 5.08361700e+03  9.98385199e-01
 5.08451700e+03  9.99222943e-01
 5.08541700e+03  1.00289978e+00
 5.08631700e+03  1.01327396e+00
 5.08721700e+03  1.01830900e+00
 5.08811800e+03  1.01452859e+00
 5.08901800e+03  1.01252197e+00
 5.08991800e+03  1.01850887e+00
 5.09081900e+03  1.02449181e+00
 5.09171900e+03  1.02475765e+00
 5.09261900e+03  1.02481570e+00
 5.09351900e+03  1.02952158e+00
 5.09441900e+03  1.03539700e+00
 5.09532000e+03  1.03685481e+00
 5.09622000e+03  1.03310607e+00
 5.09712000e+03  1.02360987e+00
 5.09802100e+03  1.00792625e+00
 5.09892100e+03  9.90653546e-01
 5.09982100e+03  9.75421774e-01
 5.10072100e+03  9.72522652e-01
 5.10162200e+03  9.88670665e-01
 5.10252200e+03  1.01028117e+00
 5.10342200e+03  1.02117910e+00
 5.10432200e+03  1.01986905e+00
 5.10522200e+03  1.01570407e+00
 5.10612300e+03  1.01379112e+00
 5.10702300e+03  1.01214201e+00
 5.10792300e+03  1.00493543e+00
 5.10882300e+03  9.95968274e-01
 5.10972300e+03  9.95610089e-01
 5.11062400e+03  9.96021045e-01
 5.11152400e+03  9.94228800e-01
 5.11242400e+03  1.00235888e+00
 5.11332400e+03  1.01512755e+00
 5.11422500e+03  1.02072988e+00
 5.11512500e+03  1.02196473e+00
 5.11602500e+03  1.02267714e+00
 5.11692600e+03  1.02455118e+00
 5.11782600e+03  1.03087450e+00
 5.11872600e+03  1.03833240e+00
 5.11962600e+03  1.03930735e+00
 5.12052700e+03  1.03398866e+00
 5.12142700e+03  1.02588300e+00
 5.12232700e+03  1.01665792e+00
 5.12322700e+03  1.00553835e+00
 5.12412800e+03  9.90821095e-01
 5.12502800e+03  9.80028708e-01
 5.12592800e+03  9.81635593e-01
 5.12682800e+03  9.88295329e-01
 5.12772800e+03  9.90721489e-01
 5.12862900e+03  9.88223428e-01
 5.12952900e+03  9.85619165e-01
 5.13042900e+03  9.86063764e-01
 5.13132900e+03  9.92146973e-01
 5.13222900e+03  1.00106796e+00
 5.13313000e+03  1.00504032e+00
 5.13403000e+03  1.00387737e+00
 5.13493000e+03  1.00539454e+00
 5.13583100e+03  1.01602664e+00
 5.13673100e+03  1.02404062e+00
 5.13763100e+03  1.01535315e+00
 5.13853100e+03  1.00067283e+00
 5.13943100e+03  9.91447094e-01
 5.14033200e+03  9.85044618e-01
 5.14123200e+03  9.91122551e-01
 5.14213200e+03  1.00333844e+00
 5.14303300e+03  9.95557977e-01
 5.14393300e+03  9.80276073e-01
 5.14483300e+03  9.85040660e-01
 5.14573300e+03  9.97544156e-01
 5.14663400e+03  9.96132525e-01
 5.14753400e+03  9.87728698e-01
 5.14843400e+03  9.83656733e-01
 5.14933400e+03  9.86092788e-01
 5.15023400e+03  9.94540151e-01
 5.15113500e+03  9.99102888e-01
 5.15203500e+03  9.93152266e-01
 5.15293500e+03  9.86226035e-01
 5.15383500e+03  9.83884310e-01
 5.15473500e+03  9.81772799e-01
 5.15563600e+03  9.82866483e-01
 5.15653600e+03  9.92044069e-01
 5.15743600e+03  1.00463728e+00
 5.15833700e+03  1.01585051e+00
 5.15923700e+03  1.02218901e+00
 5.16013700e+03  1.02189613e+00
 5.16103700e+03  1.02113490e+00
 5.16193800e+03  1.02023383e+00
 5.16283800e+03  1.01226668e+00
 5.16373800e+03  1.00433780e+00
 5.16463800e+03  1.00457131e+00
 5.16553900e+03  1.00039578e+00
 5.16643900e+03  9.79906674e-01
 5.16733900e+03  9.46731347e-01
 5.16823900e+03  9.10865344e-01
 5.16914000e+03  8.89811580e-01
 5.17004000e+03  8.99477960e-01
 5.17094000e+03  9.34785247e-01
 5.17184000e+03  9.58921513e-01
 5.17274000e+03  9.40979277e-01
 5.17364100e+03  9.08422033e-01
 5.17454100e+03  9.14926753e-01
 5.17544100e+03  9.61194636e-01
 5.17634100e+03  1.00047758e+00
 5.17724100e+03  1.01049885e+00
 5.17814200e+03  1.00904830e+00
 5.17904200e+03  1.01242566e+00
 5.17994200e+03  1.01593957e+00
 5.18084200e+03  1.01419284e+00
 5.18174300e+03  1.01066442e+00
 5.18264300e+03  1.00006992e+00
 5.18354300e+03  9.66628100e-01
 5.18444400e+03  9.18910985e-01
 5.18534400e+03  9.04387009e-01
 5.18624400e+03  9.40360533e-01
 5.18714400e+03  9.84168615e-01
 5.18804500e+03  1.00400336e+00
 5.18894500e+03  1.00132522e+00
 5.18984500e+03  9.94976174e-01
 5.19074500e+03  1.00316562e+00
 5.19164600e+03  1.00807533e+00
 5.19254600e+03  9.86226695e-01
 5.19344600e+03  9.60170214e-01
 5.19434600e+03  9.61753352e-01
 5.19524600e+03  9.77905323e-01
 5.19614700e+03  9.80159317e-01
 5.19704700e+03  9.75272036e-01
 5.19794700e+03  9.77161908e-01
 5.19884700e+03  9.83011604e-01
 5.19974700e+03  9.95143723e-01
 5.20064800e+03  1.01882747e+00
 5.20154800e+03  1.03868135e+00
 5.20244800e+03  1.02826628e+00
 5.20334800e+03  1.00874816e+00
 5.20424900e+03  1.00093471e+00
 5.20514900e+03  9.89462894e-01
 5.20604900e+03  9.67000797e-01
 5.20694900e+03  9.52628538e-01
 5.20785000e+03  9.57889175e-01
 5.20875000e+03  9.63664332e-01
 5.20965000e+03  9.58996712e-01
 5.21055100e+03  9.63453907e-01
 5.21145100e+03  9.77950179e-01
 5.21235100e+03  9.90911466e-01
 5.21325100e+03  1.00300730e+00
 5.21415200e+03  1.01276339e+00
 5.21505200e+03  1.01272580e+00
 5.21595200e+03  9.98109469e-01
 5.21685200e+03  9.78834757e-01
 5.21775200e+03  9.72382149e-01
 5.21865300e+03  9.81770160e-01
 5.21955300e+03  9.97814609e-01
 5.22045300e+03  1.00998894e+00
 5.22135300e+03  1.01458137e+00
 5.22225300e+03  1.01686174e+00
 5.22315400e+03  1.01671728e+00
 5.22405400e+03  1.01044278e+00
 5.22495400e+03  9.97070534e-01
 5.22585400e+03  9.76978527e-01
 5.22675500e+03  9.49783506e-01
 5.22765500e+03  9.21752059e-01
 5.22855500e+03  9.18509264e-01
 5.22945600e+03  9.51892378e-01
 5.23035600e+03  9.88995208e-01
 5.23125600e+03  1.00551988e+00
 5.23215600e+03  1.01098434e+00
 5.23305600e+03  1.00492224e+00
 5.23395700e+03  9.83964786e-01
 5.23485700e+03  9.65742861e-01
 5.23575700e+03  9.62908384e-01
 5.23665800e+03  9.73848531e-01
 5.23755800e+03  9.91708972e-01
 5.23845800e+03  1.00467817e+00
 5.23935800e+03  1.00941110e+00
 5.24025800e+03  1.00995596e+00
 5.24115900e+03  1.01002325e+00
 5.24205900e+03  1.01348570e+00
 5.24295900e+03  1.01440194e+00
 5.24385900e+03  1.00926334e+00
 5.24475900e+03  1.00928775e+00
 5.24566000e+03  1.01904845e+00
 5.24656000e+03  1.02170351e+00
 5.24746000e+03  1.00394333e+00
 5.24836000e+03  9.82681784e-01
 5.24926100e+03  9.80541908e-01
 5.25016100e+03  9.86363241e-01
 5.25106100e+03  9.80097310e-01
 5.25196200e+03  9.73262110e-01
 5.25286200e+03  9.81446276e-01
 5.25376200e+03  9.94924062e-01
 5.25466200e+03  9.97852868e-01
 5.25556200e+03  9.87166683e-01
 5.25646300e+03  9.78396096e-01
 5.25736300e+03  9.89445743e-01
 5.25826300e+03  1.01074225e+00
 5.25916400e+03  1.02420289e+00
 5.26006400e+03  1.02587046e+00
 5.26096400e+03  1.01781822e+00
 5.26186400e+03  1.00406141e+00
 5.26276400e+03  9.85649509e-01
 5.26366500e+03  9.64179512e-01
 5.26456500e+03  9.44282099e-01
 5.26546500e+03  9.28370898e-01
 5.26636500e+03  9.18658343e-01
 5.26726500e+03  9.22357610e-01
 5.26816600e+03  9.45751780e-01
 5.26906600e+03  9.65187444e-01
 5.26996600e+03  9.48313826e-01
 5.27086600e+03  9.15329134e-01
 5.27176700e+03  9.17058713e-01
 5.27266700e+03  9.53922753e-01
 5.27356700e+03  9.80357868e-01
 5.27446700e+03  9.81385589e-01
 5.27536800e+03  9.70614970e-01
 5.27626800e+03  9.54946516e-01
 5.27716800e+03  9.51571133e-01
 5.27806900e+03  9.76555038e-01
 5.27896900e+03  1.00790448e+00
 5.27986900e+03  1.01814409e+00
 5.28076900e+03  1.00904104e+00
 5.28167000e+03  9.96218278e-01
 5.28257000e+03  9.88528183e-01
 5.28347000e+03  9.82894188e-01
 5.28437000e+03  9.73242320e-01
 5.28527000e+03  9.68096461e-01
 5.28617100e+03  9.85493174e-01
 5.28707100e+03  1.01582479e+00
 5.28797100e+03  1.03253284e+00
 5.28887100e+03  1.03058690e+00
 5.28977100e+03  1.02400434e+00
 5.29067200e+03  1.02462308e+00
 5.29157200e+03  1.03019111e+00
 5.29247200e+03  1.03150578e+00
 5.29337200e+03  1.02511781e+00
 5.29427300e+03  1.01695805e+00
 5.29517300e+03  1.01468691e+00
 5.29607300e+03  1.01473572e+00
 5.29697400e+03  1.00548755e+00
 5.29787400e+03  9.83185750e-01
 5.29877400e+03  9.60692649e-01
 5.29967400e+03  9.59377325e-01
 5.30057400e+03  9.79886885e-01
 5.30147500e+03  9.96029621e-01
 5.30237500e+03  9.94532235e-01
 5.30327500e+03  9.89858019e-01
 5.30417600e+03  9.96783590e-01
 5.30507600e+03  1.01310971e+00
 5.30597600e+03  1.02525304e+00
 5.30687600e+03  1.02470224e+00
 5.30777600e+03  1.01496330e+00
 5.30867700e+03  1.00816042e+00
 5.30957700e+03  1.01239861e+00
 5.31047700e+03  1.02244495e+00
 5.31137700e+03  1.02770690e+00
 5.31227700e+03  1.02615873e+00
 5.31317800e+03  1.02197660e+00
 5.31407800e+03  1.01600157e+00
 5.31497800e+03  1.01135704e+00
 5.31587800e+03  1.00844011e+00
 5.31677900e+03  9.96506541e-01
 5.31767900e+03  9.78611139e-01
 5.31857900e+03  9.76905967e-01
 5.31948000e+03  9.92445791e-01
 5.32038000e+03  1.00432593e+00
 5.32128000e+03  1.00741239e+00
 5.32218000e+03  1.00785962e+00
 5.32308100e+03  1.00788073e+00
 5.32398100e+03  1.00330216e+00
 5.32488100e+03  9.90001161e-01
 5.32578100e+03  9.79364449e-01
 5.32668200e+03  9.83327572e-01
 5.32758200e+03  9.84723373e-01
 5.32848200e+03  9.59151728e-01
 5.32938200e+03  9.21306802e-01
 5.33028200e+03  9.17805427e-01
 5.33118300e+03  9.53515755e-01
 5.33208300e+03  9.88768292e-01
 5.33298300e+03  1.00115701e+00
 5.33388300e+03  9.98160261e-01
 5.33478300e+03  9.98613435e-01
 5.33568400e+03  1.00712940e+00
 5.33658400e+03  1.01189795e+00
 5.33748400e+03  1.00672900e+00
 5.33838400e+03  9.99563318e-01
 5.33928500e+03  9.97856167e-01
 5.34018500e+03  9.91996575e-01
 5.34108500e+03  9.74556985e-01
 5.34198500e+03  9.63814731e-01
 5.34288600e+03  9.77206104e-01
 5.34378600e+03  9.99730866e-01
 5.34468600e+03  1.01076006e+00
 5.34558700e+03  1.00977324e+00
 5.34648700e+03  1.00019262e+00
 5.34738700e+03  9.92654237e-01
 5.34828700e+03  9.95278949e-01
 5.34918800e+03  9.94995303e-01
 5.35008800e+03  9.86669974e-01
 5.35098800e+03  9.85255703e-01
 5.35188800e+03  9.98516467e-01
 5.35278800e+03  1.01437952e+00
 5.35368900e+03  1.01931099e+00
 5.35458900e+03  1.01843499e+00
 5.35548900e+03  1.02452677e+00
 5.35638900e+03  1.03456915e+00
 5.35728900e+03  1.03806195e+00
 5.35819000e+03  1.03675982e+00
 5.35909000e+03  1.03617406e+00
 5.35999000e+03  1.03645902e+00
 5.36089000e+03  1.03542338e+00
 5.36179100e+03  1.02857895e+00
 5.36269100e+03  1.01393162e+00
 5.36359100e+03  1.00006201e+00
 5.36449200e+03  9.95906927e-01
 5.36539200e+03  9.96230811e-01
 5.36629200e+03  9.93840932e-01
 5.36719200e+03  9.94792794e-01
 5.36809200e+03  9.98013821e-01
 5.36899300e+03  9.98315277e-01
 5.36989300e+03  9.93604120e-01
 5.37079300e+03  9.77966670e-01
 5.37169400e+03  9.57581782e-01
 5.37259400e+03  9.51588284e-01
 5.37349400e+03  9.70744919e-01
 5.37439400e+03  1.00081334e+00
 5.37529400e+03  1.01956100e+00
 5.37619500e+03  1.02584408e+00
 5.37709500e+03  1.02422532e+00
 5.37799500e+03  1.01796071e+00
 5.37889500e+03  1.01591516e+00
 5.37979500e+03  1.01831625e+00
 5.38069600e+03  1.01572254e+00
 5.38159600e+03  1.00691040e+00
 5.38249600e+03  1.00110358e+00
 5.38339600e+03  9.99554083e-01
 5.38429700e+03  9.97221592e-01
 5.38519700e+03  1.00022164e+00
 5.38609700e+03  1.01007272e+00
 5.38699800e+03  1.01495274e+00
 5.38789800e+03  1.01211563e+00
 5.38879800e+03  1.00848298e+00
 5.38969800e+03  1.00447369e+00
 5.39059900e+03  9.96178040e-01
 5.39149900e+03  9.88415384e-01
 5.39239900e+03  9.85791991e-01
 5.39329900e+03  9.86504404e-01
 5.39420000e+03  9.86991878e-01
 5.39510000e+03  9.87322359e-01
 5.39600000e+03  9.88539396e-01
 5.39690000e+03  9.82160667e-01
 5.39780000e+03  9.63509317e-01
 5.39870100e+03  9.54544135e-01
 5.39960100e+03  9.70601118e-01
 5.40050100e+03  9.88983994e-01
 5.40140100e+03  9.90523597e-01
 5.40230100e+03  9.87409431e-01
 5.40320200e+03  9.90847480e-01
 5.40410200e+03  9.88667367e-01
 5.40500200e+03  9.70650591e-01
 5.40590200e+03  9.48042053e-01
 5.40680300e+03  9.37779358e-01
 5.40770300e+03  9.47240590e-01
 5.40860300e+03  9.67057526e-01
 5.40950300e+03  9.76998976e-01
 5.41040400e+03  9.68741590e-01
 5.41130400e+03  9.58674808e-01
 5.41220400e+03  9.66822694e-01
 5.41310500e+03  9.87926590e-01
 5.41400500e+03  1.00090173e+00
 5.41490500e+03  9.98199180e-01
 5.41580500e+03  9.90571750e-01
 5.41670600e+03  9.92546056e-01
 5.41760600e+03  1.00525206e+00
 5.41850600e+03  1.01400418e+00
 5.41940600e+03  1.01086429e+00
 5.42030600e+03  1.00196045e+00
 5.42120700e+03  9.93598843e-01
 5.42210700e+03  9.91029541e-01
 5.42300700e+03  9.97744028e-01
 5.42390700e+03  1.00157126e+00
 5.42480700e+03  9.89001145e-01
 5.42570800e+03  9.75287867e-01
 5.42660800e+03  9.82884294e-01
 5.42750800e+03  1.00416102e+00
 5.42840800e+03  1.01725159e+00
 5.42930900e+03  1.00681871e+00
 5.43020900e+03  9.76823512e-01
 5.43110900e+03  9.59119406e-01
 5.43201000e+03  9.73413827e-01
 5.43291000e+03  9.89715536e-01
 5.43381000e+03  9.83639583e-01
 5.43471000e+03  9.70192140e-01
 5.43561000e+03  9.63163005e-01
 5.43651100e+03  9.64539016e-01
 5.43741100e+03  9.73035193e-01
 5.43831100e+03  9.86714170e-01
 5.43921200e+03  1.00396840e+00
 5.44011200e+03  1.01760054e+00
 5.44101200e+03  1.02370816e+00
 5.44191200e+03  1.02392584e+00
 5.44281200e+03  1.02186644e+00
 5.44371300e+03  1.02132949e+00
 5.44461300e+03  1.01977934e+00
 5.44551300e+03  1.00929896e+00
 5.44641300e+03  9.88589529e-01
 5.44731300e+03  9.63880695e-01
 5.44821400e+03  9.52543444e-01
 5.44911400e+03  9.68398576e-01
 5.45001400e+03  9.94631841e-01
 5.45091400e+03  1.00913735e+00
 5.45181500e+03  1.01109582e+00
 5.45271500e+03  1.00778574e+00
 5.45361500e+03  1.00304556e+00
 5.45451600e+03  9.94731447e-01
 5.45541600e+03  9.77975905e-01
 5.45631600e+03  9.56486778e-01
 5.45721600e+03  9.51889080e-01
 5.45811700e+03  9.74167137e-01
 5.45901700e+03  1.00095912e+00
 5.45991700e+03  1.01321063e+00
 5.46081700e+03  1.01125611e+00
 5.46171800e+03  1.00359438e+00
 5.46261800e+03  9.94726829e-01
 5.46351800e+03  9.81322264e-01
 5.46441800e+03  9.70311535e-01
 5.46531800e+03  9.76169807e-01
 5.46621900e+03  9.90161454e-01
 5.46711900e+03  9.93135116e-01
 5.46801900e+03  9.90057890e-01
 5.46891900e+03  9.93968242e-01
 5.46981900e+03  9.99598279e-01
 5.47072000e+03  9.97620015e-01
 5.47162000e+03  9.92046708e-01
 5.47252000e+03  9.90803284e-01
 5.47342000e+03  9.88150208e-01
 5.47432100e+03  9.78376307e-01
 5.47522100e+03  9.73797079e-01
 5.47612100e+03  9.75180346e-01
 5.47702100e+03  9.62466424e-01
 5.47792200e+03  9.41421236e-01
 5.47882200e+03  9.44239223e-01
 5.47972200e+03  9.70574072e-01
 5.48062300e+03  9.88994549e-01
 5.48152300e+03  9.82411991e-01
 5.48242300e+03  9.66288385e-01
 5.48332300e+03  9.63663673e-01
 5.48422400e+03  9.75111743e-01
 5.48512400e+03  9.90040739e-01
 5.48602400e+03  1.00258052e+00
 5.48692400e+03  1.00448160e+00
 5.48782400e+03  9.91732719e-01
 5.48872500e+03  9.76462688e-01
 5.48962500e+03  9.75631540e-01
 5.49052500e+03  9.83844731e-01
 5.49142500e+03  9.88146250e-01
 5.49232500e+03  9.91391025e-01
 5.49322600e+03  9.93748582e-01
 5.49412600e+03  9.88437812e-01
 5.49502600e+03  9.82346027e-01
 5.49592600e+03  9.86439759e-01
 5.49682700e+03  9.92951076e-01
 5.49772700e+03  9.87150852e-01
 5.49862700e+03  9.77258215e-01
 5.49952800e+03  9.83393537e-01
 5.50042800e+03  1.00000000e+00
 5.50132800e+03  1.00252379e+00
 5.50222800e+03  9.86716149e-01
 5.50312900e+03  9.71676333e-01
 5.50402900e+03  9.70568136e-01
 5.50492900e+03  9.78223930e-01
 5.50582900e+03  9.83493142e-01
 5.50673000e+03  9.77059663e-01
 5.50763000e+03  9.65769907e-01
 5.50853000e+03  9.67904505e-01
 5.50943000e+03  9.79818282e-01
 5.51033000e+03  9.83707526e-01
 5.51123100e+03  9.79981873e-01
 5.51213100e+03  9.75654628e-01
 5.51303100e+03  9.69164419e-01
 5.51393100e+03  9.63876737e-01
 5.51483100e+03  9.66551581e-01
 5.51573200e+03  9.73966606e-01
 5.51663200e+03  9.81661319e-01
 5.51753200e+03  9.95684628e-01
 5.51843200e+03  1.03194971e+00
 5.51933300e+03  1.06127538e+00
 5.52023300e+03  1.04050196e+00
 5.52113300e+03  1.01247513e+00
 5.52203300e+03  1.00115305e+00
 5.52293400e+03  9.98021077e-01
 5.52383400e+03  9.98643778e-01
 5.52473400e+03  9.99844325e-01
 5.52563500e+03  9.97429379e-01
 5.52653500e+03  9.89627144e-01
 5.52743500e+03  9.79311678e-01
 5.52833500e+03  9.67680887e-01
 5.52923600e+03  9.57920178e-01
 5.53013600e+03  9.60600959e-01
 5.53103600e+03  9.77361119e-01
 5.53193600e+03  9.92232727e-01
 5.53283600e+03  9.95557977e-01
 5.53373700e+03  9.91667414e-01
 5.53463700e+03  9.85233275e-01
 5.53553700e+03  9.75467949e-01
 5.53643700e+03  9.69253471e-01
 5.53733700e+03  9.78804414e-01
 5.53823800e+03  1.00533584e+00
 5.53913800e+03  1.03264498e+00
 5.54003800e+03  1.02779661e+00
 5.54093900e+03  1.01070597e+00
 5.54183900e+03  1.00821781e+00
 5.54273900e+03  1.00702452e+00
 5.54363900e+03  9.97837697e-01
 5.54453900e+03  9.86494509e-01
 5.54544000e+03  9.82696956e-01
 5.54634000e+03  9.84414661e-01
 5.54724000e+03  9.85509005e-01
 5.54814100e+03  9.89435849e-01
 5.54904100e+03  9.98990090e-01
 5.54994100e+03  1.00696779e+00
 5.55084100e+03  1.00929302e+00
 5.55174200e+03  1.00966638e+00
 5.55264200e+03  1.00869341e+00
 5.55354200e+03  1.00385758e+00
 5.55444200e+03  9.95842942e-01
 5.55534200e+03  9.89131754e-01
 5.55624300e+03  9.89390333e-01
 5.55714300e+03  9.94854140e-01
 5.55804300e+03  9.96747970e-01
 5.55894300e+03  9.93664807e-01
 5.55984300e+03  9.92722180e-01
 5.56074400e+03  9.94583687e-01
 5.56164400e+03  9.95036861e-01
 5.56254400e+03  9.92859386e-01
 5.56344400e+03  9.87428561e-01
 5.56434500e+03  9.82344707e-01
 5.56524500e+03  9.83050523e-01
 5.56614500e+03  9.83396835e-01
 5.56704600e+03  9.79219988e-01
 5.56794600e+03  9.77880257e-01
 5.56884600e+03  9.80772123e-01
 5.56974700e+03  9.80957482e-01
 5.57064700e+03  9.77657958e-01
 5.57154700e+03  9.82769516e-01
 5.57244700e+03  9.91957656e-01
 5.57334700e+03  9.86364560e-01
 5.57424800e+03  9.75588004e-01
 5.57514800e+03  9.81546542e-01
 5.57604800e+03  9.93265065e-01
 5.57694800e+03  9.93114007e-01
 5.57784800e+03  9.91420709e-01
 5.57874900e+03  9.95407579e-01
 5.57964900e+03  9.94687911e-01
 5.58054900e+03  9.93781564e-01
 5.58144900e+03  9.97985456e-01
 5.58234900e+03  9.96903645e-01
 5.58325000e+03  9.91290759e-01
 5.58415000e+03  9.91127168e-01
 5.58505000e+03  9.93199760e-01
 5.58595000e+03  9.89985989e-01
 5.58685100e+03  9.78582774e-01
 5.58775100e+03  9.60091057e-01
 5.58865100e+03  9.44776171e-01
 5.58955200e+03  9.40898141e-01
 5.59045200e+03  9.46685831e-01
 5.59135200e+03  9.58436017e-01
 5.59225200e+03  9.70002164e-01
 5.59315300e+03  9.74627567e-01
 5.59405300e+03  9.73130841e-01
 5.59495300e+03  9.68992253e-01
 5.59585300e+03  9.69486984e-01
 5.59675400e+03  9.83656074e-01
 5.59765400e+03  9.98544172e-01
 5.59855400e+03  9.93807290e-01
 5.59945400e+03  9.76752270e-01
 5.60035400e+03  9.69118245e-01
 5.60125500e+03  9.70048338e-01
 5.60215500e+03  9.66217143e-01
 5.60305500e+03  9.58449870e-01
 5.60395500e+03  9.55860119e-01
 5.60485500e+03  9.66500789e-01
 5.60575600e+03  9.85902151e-01
 5.60665600e+03  1.00012005e+00
 5.60755600e+03  1.00538003e+00
 5.60845700e+03  1.00629891e+00
 5.60935700e+03  1.00582133e+00
 5.61025700e+03  1.00435561e+00
 5.61115700e+03  1.00278434e+00
 5.61205800e+03  1.00383054e+00
 5.61295800e+03  1.00788337e+00
 5.61385800e+03  1.01074951e+00
 5.61475800e+03  1.00287406e+00
 5.61565900e+03  9.77677087e-01
 5.61655900e+03  9.51053974e-01
 5.61745900e+03  9.50283514e-01
 5.61835900e+03  9.70372222e-01
 5.61926000e+03  9.83240500e-01
 5.62016000e+03  9.81966073e-01
 5.62106000e+03  9.78780667e-01
 5.62196000e+03  9.82008950e-01
 5.62286000e+03  9.90110661e-01
 5.62376100e+03  9.92784187e-01
 5.62466100e+03  9.79937017e-01
 5.62556100e+03  9.60030370e-01
 5.62646100e+03  9.54122625e-01
 5.62736100e+03  9.65627424e-01
 5.62826200e+03  9.77573524e-01
 5.62916200e+03  9.83191686e-01
 5.63006200e+03  9.89559861e-01
 5.63096200e+03  9.97193887e-01
 5.63186300e+03  1.00083642e+00
 5.63276300e+03  1.00035159e+00
 5.63366300e+03  9.97628590e-01
 5.63456400e+03  9.92908199e-01
 5.63546400e+03  9.87854689e-01
 5.63636400e+03  9.83805812e-01
 5.63726500e+03  9.78295831e-01
 5.63816500e+03  9.71178304e-01
 5.63906500e+03  9.67479037e-01
 5.63996500e+03  9.70782519e-01
 5.64086500e+03  9.73732434e-01
 5.64176600e+03  9.68264669e-01
 5.64266600e+03  9.62445975e-01
 5.64356600e+03  9.66803564e-01
 5.64446600e+03  9.74758835e-01
 5.64536600e+03  9.78335409e-01
 5.64626700e+03  9.79562341e-01
 5.64716700e+03  9.80609192e-01
 5.64806700e+03  9.82638248e-01
 5.64896700e+03  9.85071663e-01
 5.64986800e+03  9.84232600e-01
 5.65076800e+03  9.81111179e-01
 5.65166800e+03  9.80991124e-01
 5.65256800e+03  9.86586199e-01
 5.65346800e+03  9.93131158e-01
 5.65436900e+03  9.93106751e-01
 5.65526900e+03  9.83686417e-01
 5.65616900e+03  9.73904600e-01
 5.65707000e+03  9.75087996e-01
 5.65797000e+03  9.75459374e-01
 5.65887000e+03  9.55871993e-01
 5.65977000e+03  9.34277324e-01
 5.66067100e+03  9.40941677e-01
 5.66157100e+03  9.63620796e-01
 5.66247100e+03  9.70748218e-01
 5.66337100e+03  9.61229597e-01
 5.66427200e+03  9.57110799e-01
 5.66517200e+03  9.67876141e-01
 5.66607200e+03  9.80940991e-01
 5.66697200e+03  9.83564384e-01
 5.66787200e+03  9.74872953e-01
 5.66877300e+03  9.64601682e-01
 5.66967300e+03  9.62621440e-01
 5.67057300e+03  9.68112952e-01
 5.67147300e+03  9.74599862e-01
 5.67237300e+03  9.80571592e-01
 5.67327400e+03  9.89005763e-01
 5.67417400e+03  9.98819902e-01
 5.67507400e+03  1.00240307e+00
 5.67597500e+03  9.96962353e-01
 5.67687500e+03  9.90782176e-01
 5.67777500e+03  9.91985361e-01
 5.67867600e+03  9.94297403e-01
 5.67957600e+03  9.90264358e-01
 5.68047600e+03  9.83554489e-01
 5.68137600e+03  9.81146799e-01
 5.68227600e+03  9.80574231e-01
 5.68317700e+03  9.74672422e-01
 5.68407700e+03  9.68536441e-01
 5.68497700e+03  9.70261403e-01
 5.68587700e+03  9.77345947e-01
 5.68677800e+03  9.80547845e-01
 5.68767800e+03  9.74520045e-01
 5.68857800e+03  9.66335879e-01
 5.68947800e+03  9.65482963e-01
 5.69037800e+03  9.73388761e-01
 5.69127900e+03  9.83622432e-01
 5.69217900e+03  9.89937176e-01
 5.69307900e+03  9.94935936e-01
 5.69397900e+03  9.99195898e-01
 5.69488000e+03  9.98198520e-01
 5.69578000e+03  9.93669425e-01
 5.69668000e+03  9.90640353e-01
 5.69758000e+03  9.89557223e-01
 5.69848100e+03  9.85545945e-01
 5.69938100e+03  9.77882895e-01
 5.70028100e+03  9.74788519e-01
 5.70118100e+03  9.75250927e-01
 5.70208200e+03  9.69465875e-01
 5.70298200e+03  9.62367478e-01
 5.70388200e+03  9.64866198e-01
 5.70478300e+03  9.75432329e-01
 5.70568300e+03  9.81550499e-01
 5.70658300e+03  9.75375600e-01
 5.70748300e+03  9.63368154e-01
 5.70838300e+03  9.55568558e-01
 5.70928400e+03  9.49280859e-01
 5.71018400e+03  9.42654765e-01
 5.71108400e+03  9.43382349e-01
 5.71198400e+03  9.47806562e-01
 5.71288400e+03  9.47554579e-01
 5.71378500e+03  9.54325794e-01
 5.71468500e+03  9.71345852e-01
 5.71558500e+03  9.82812393e-01
 5.71648500e+03  9.85643572e-01
 5.71738600e+03  9.87797960e-01
 5.71828600e+03  9.88276859e-01
 5.71918600e+03  9.86183159e-01
 5.72008600e+03  9.87821707e-01
 5.72098700e+03  9.92103437e-01
 5.72188700e+03  9.94748598e-01
 5.72278700e+03  9.97464340e-01
 5.72368800e+03  9.99866753e-01
 5.72458800e+03  9.99878626e-01
 5.72548800e+03  9.98890484e-01
 5.72638800e+03  9.97468957e-01
 5.72728900e+03  9.91754487e-01
 5.72818900e+03  9.82361858e-01
 5.72908900e+03  9.80229898e-01
 5.72998900e+03  9.88398893e-01
 5.73088900e+03  9.94340280e-01
 5.73179000e+03  9.89297984e-01
 5.73269000e+03  9.79499016e-01
 5.73359000e+03  9.78753621e-01
 5.73449000e+03  9.87516953e-01
 5.73539000e+03  9.94742001e-01
 5.73629100e+03  9.97010507e-01
 5.73719100e+03  9.95695183e-01
 5.73809100e+03  9.92420724e-01
 5.73899100e+03  9.89270938e-01
 5.73989100e+03  9.86846757e-01
 5.74079200e+03  9.84044602e-01
 5.74169200e+03  9.81555117e-01
 5.74259200e+03  9.80129633e-01
 5.74349300e+03  9.79498356e-01
 5.74439300e+03  9.80891518e-01
 5.74529300e+03  9.86588178e-01
 5.74619400e+03  9.94922083e-01
 5.74709400e+03  9.98887845e-01
 5.74799400e+03  9.92243941e-01
 5.74889400e+03  9.77675768e-01
 5.74979500e+03  9.70895977e-01
 5.75069500e+03  9.79666565e-01
 5.75159500e+03  9.91932590e-01
 5.75249500e+03  9.93041447e-01
 5.75339500e+03  9.81519496e-01
 5.75429600e+03  9.72701415e-01
 5.75519600e+03  9.97732814e-01
 5.75609600e+03  1.04010288e+00
 5.75699600e+03  1.03204734e+00
 5.75789600e+03  1.00636554e+00
 5.75879700e+03  9.99858837e-01
 5.75969700e+03  9.97524367e-01
 5.76059700e+03  9.90453015e-01
 5.76149700e+03  9.80157338e-01
 5.76239800e+03  9.69477089e-01
 5.76329800e+03  9.60342380e-01
 5.76419800e+03  9.58525729e-01
 5.76509900e+03  9.70467870e-01
 5.76599900e+03  9.88201001e-01
 5.76689900e+03  9.97325156e-01
 5.76779900e+03  9.98692591e-01
 5.76869900e+03  9.98437970e-01
 5.76960000e+03  9.96164187e-01
 5.77050000e+03  9.92416107e-01
 5.77140000e+03  9.90351430e-01
 5.77230100e+03  9.88510372e-01
 5.77320100e+03  9.84841449e-01
 5.77410100e+03  9.82839438e-01
 5.77500100e+03  9.82367135e-01
 5.77590100e+03  9.80542568e-01
 5.77680200e+03  9.81229254e-01
 5.77770200e+03  9.85698322e-01
 5.77860200e+03  9.89127796e-01
 5.77950200e+03  9.88204299e-01
 5.78040200e+03  9.80109843e-01
 5.78130300e+03  9.62482915e-01
 5.78220300e+03  9.42923239e-01
 5.78310300e+03  9.35836715e-01
 5.78400300e+03  9.42859913e-01
 5.78490400e+03  9.49510414e-01
 5.78580400e+03  9.46500472e-01
 5.78670400e+03  9.43127728e-01
 5.78760500e+03  9.52138424e-01
 5.78850500e+03  9.67158451e-01
 5.78940500e+03  9.76651345e-01
 5.79030500e+03  9.80561698e-01
 5.79120600e+03  9.77285920e-01
 5.79210600e+03  9.68777870e-01
 5.79300600e+03  9.67405157e-01
 5.79390600e+03  9.74679678e-01
 5.79480700e+03  9.81779395e-01
 5.79570700e+03  9.87776192e-01
 5.79660700e+03  9.91615303e-01
 5.79750700e+03  9.86541344e-01
 5.79840700e+03  9.73268706e-01
 5.79930800e+03  9.65651831e-01
 5.80020800e+03  9.74660549e-01
 5.80110800e+03  9.91139042e-01
 5.80200800e+03  1.00028892e+00
 5.80290800e+03  1.00268870e+00
 5.80380900e+03  1.00125200e+00
 5.80470900e+03  9.92681283e-01
 5.80560900e+03  9.80962759e-01
 5.80651000e+03  9.75366365e-01
 5.80741000e+03  9.76613746e-01
 5.80831000e+03  9.80780698e-01
 5.80921000e+03  9.84347378e-01
 5.81011000e+03  9.86108619e-01
 5.81101100e+03  9.88331609e-01
 5.81191100e+03  9.92217555e-01
 5.81281100e+03  9.94349515e-01
 5.81371200e+03  9.93482746e-01
 5.81461200e+03  9.91603429e-01
 5.81551200e+03  9.87881075e-01
 5.81641200e+03  9.80683071e-01
 5.81731300e+03  9.74035209e-01
 5.81821300e+03  9.75531935e-01
 5.81911300e+03  9.86516937e-01
 5.82001300e+03  9.97311303e-01
 5.82091300e+03  1.00120780e+00
 5.82181400e+03  1.00123617e+00
 5.82271400e+03  1.00002639e+00
 5.82361400e+03  9.97461042e-01
 5.82451400e+03  9.94553344e-01
 5.82541400e+03  9.94256505e-01
 5.82631500e+03  9.96837021e-01
 5.82721500e+03  9.97655636e-01
 5.82811500e+03  9.96523032e-01
 5.82901600e+03  9.96621978e-01
 5.82991600e+03  9.98645757e-01
 5.83081600e+03  1.00071439e+00
 5.83171600e+03  9.99856198e-01
 5.83261700e+03  9.97826483e-01
 5.83351700e+03  9.97406951e-01
 5.83441700e+03  9.95964316e-01
 5.83531800e+03  9.90962258e-01
 5.83621800e+03  9.86531449e-01
 5.83711800e+03  9.89325689e-01
 5.83801800e+03  9.94724851e-01
 5.83891800e+03  9.93566521e-01
 5.83981900e+03  9.89672660e-01
 5.84071900e+03  9.90952363e-01
 5.84161900e+03  9.96602849e-01
 5.84251900e+03  1.00113458e+00
 5.84341900e+03  1.00265044e+00
 5.84432000e+03  1.00257128e+00
 5.84522000e+03  1.00051980e+00
 5.84612000e+03  9.96133844e-01
 5.84702000e+03  9.90843523e-01
 5.84792100e+03  9.85249107e-01
 5.84882100e+03  9.81842061e-01
 5.84972100e+03  9.82349325e-01
 5.85062100e+03  9.85295941e-01
 5.85152100e+03  9.87588194e-01
 5.85242200e+03  9.85401484e-01
 5.85332200e+03  9.76372317e-01
 5.85422200e+03  9.63816050e-01
 5.85512300e+03  9.58745389e-01
 5.85602300e+03  9.66461870e-01
 5.85692300e+03  9.74013441e-01
 5.85782400e+03  9.67910442e-01
 5.85872400e+03  9.54453105e-01
 5.85962400e+03  9.51048038e-01
 5.86052400e+03  9.60874710e-01
 5.86142400e+03  9.72685583e-01
 5.86232500e+03  9.79161280e-01
 5.86322500e+03  9.77253598e-01
 5.86412500e+03  9.73387441e-01
 5.86502500e+03  9.76160572e-01
 5.86592500e+03  9.81896151e-01
 5.86682600e+03  9.81850636e-01
 5.86772600e+03  9.75348554e-01
 5.86862600e+03  9.72752207e-01
 5.86952600e+03  9.78797817e-01
 5.87042600e+03  9.86986601e-01
 5.87132700e+03  9.91365299e-01
 5.87222700e+03  9.90817137e-01
 5.87312700e+03  9.86247144e-01
 5.87402800e+03  9.83882331e-01
 5.87492800e+03  1.07002617e+00
 5.87582800e+03  1.74119181e+00
 5.87672900e+03  3.23680058e+00
 5.87762900e+03  3.41916297e+00
 5.87852900e+03  1.93998784e+00
 5.87942900e+03  1.11282105e+00
 5.88032900e+03  9.80724629e-01
 5.88123000e+03  9.68500161e-01
 5.88213000e+03  9.67055547e-01
 5.88303000e+03  9.73025958e-01
 5.88393000e+03  9.76405959e-01
 5.88483100e+03  9.73039151e-01
 5.88573100e+03  9.70374201e-01
 5.88663100e+03  9.73340607e-01
 5.88753100e+03  9.76924437e-01
 5.88843100e+03  9.72841918e-01
 5.88933200e+03  9.48796023e-01
 5.89023200e+03  8.93069547e-01
 5.89113200e+03  8.33527048e-01
 5.89203200e+03  8.29354159e-01
 5.89293200e+03  8.79121437e-01
 5.89383300e+03  9.24686802e-01
 5.89473300e+03  9.41355272e-01
 5.89563300e+03  9.30973841e-01
 5.89653400e+03  8.90190874e-01
 5.89743400e+03  8.55084117e-01
 5.89833400e+03  8.73590347e-01
 5.89923400e+03  9.21419600e-01
 5.90013500e+03  9.48929930e-01
 5.90103500e+03  9.56280311e-01
 5.90193500e+03  9.61973672e-01
 5.90283600e+03  9.67119532e-01
 5.90373600e+03  9.68994892e-01
 5.90463600e+03  9.70758112e-01
 5.90553600e+03  9.72020665e-01
 5.90643600e+03  9.69481707e-01
 5.90733700e+03  9.66203291e-01
 5.90823700e+03  9.68110313e-01
 5.90913700e+03  9.73741009e-01
 5.91003700e+03  9.76483137e-01
 5.91093700e+03  9.75078761e-01
 5.91183800e+03  9.75820857e-01
 5.91273800e+03  9.79880288e-01
 5.91363800e+03  9.78915233e-01
 5.91453800e+03  9.68171000e-01
 5.91543900e+03  9.55148366e-01
 5.91633900e+03  9.50796055e-01
 5.91723900e+03  9.53915497e-01
 5.91813900e+03  9.60686713e-01
 5.91904000e+03  9.68188810e-01
 5.91994000e+03  9.70985688e-01
 5.92084000e+03  9.72209323e-01
 5.92174000e+03  9.74432973e-01
 5.92264100e+03  9.73421083e-01
 5.92354100e+03  9.69645298e-01
 5.92444100e+03  9.68949377e-01
 5.92534200e+03  9.71292422e-01
 5.92624200e+03  9.74092598e-01
 5.92714200e+03  9.77894769e-01
 5.92804200e+03  9.79679098e-01
 5.92894200e+03  9.75672438e-01
 5.92984300e+03  9.67712550e-01
 5.93074300e+03  9.58938664e-01
 5.93164300e+03  9.56259202e-01
 5.93254300e+03  9.64758017e-01
 5.93344300e+03  9.75109764e-01
 5.93434400e+03  9.76445537e-01
 5.93524400e+03  9.67879439e-01
 5.93614400e+03  9.60434730e-01
 5.93704400e+03  9.64418962e-01
 5.93794500e+03  9.73741669e-01
 5.93884500e+03  9.79191623e-01
 5.93974500e+03  9.82237845e-01
 5.94064500e+03  9.82903423e-01
 5.94154600e+03  9.74986411e-01
 5.94244600e+03  9.62492150e-01
 5.94334600e+03  9.57555397e-01
 5.94424700e+03  9.61387252e-01
 5.94514700e+03  9.67842499e-01
 5.94604700e+03  9.74027293e-01
 5.94694700e+03  9.78727895e-01
 5.94784800e+03  9.79611155e-01
 5.94874800e+03  9.73467258e-01
 5.94964800e+03  9.61903750e-01
 5.95054800e+03  9.56138488e-01
 5.95144800e+03  9.63624754e-01
 5.95234900e+03  9.73049046e-01
 5.95324900e+03  9.69969841e-01
 5.95414900e+03  9.60644496e-01
 5.95504900e+03  9.61354929e-01
 5.95594900e+03  9.70262722e-01
 5.95685000e+03  9.71397964e-01
 5.95775000e+03  9.62771838e-01
 5.95865000e+03  9.56263819e-01
 5.95955000e+03  9.58116092e-01
 5.96045100e+03  9.66072022e-01
 5.96135100e+03  9.75295123e-01
 5.96225100e+03  9.81007615e-01
 5.96315100e+03  9.82884953e-01
 5.96405200e+03  9.82750387e-01
 5.96495200e+03  9.81812377e-01
 5.96585200e+03  9.79472630e-01
 5.96675300e+03  9.74591286e-01
 5.96765300e+03  9.72014069e-01
 5.96855300e+03  9.75129554e-01
 5.96945300e+03  9.78697552e-01
 5.97035400e+03  9.80902732e-01
 5.97125400e+03  9.83474013e-01
 5.97215400e+03  9.86183159e-01
 5.97305400e+03  9.87479353e-01
 5.97395400e+03  9.87329615e-01
 5.97485500e+03  9.86163369e-01
 5.97575500e+03  9.81140203e-01
 5.97665500e+03  9.71223819e-01
 5.97755500e+03  9.61221682e-01
 5.97845500e+03  9.56036903e-01
 5.97935600e+03  9.55858140e-01
 5.98025600e+03  9.60400429e-01
 5.98115600e+03  9.70066808e-01
 5.98205600e+03  9.78530003e-01
 5.98295700e+03  9.79267482e-01
 5.98385700e+03  9.72143358e-01
 5.98475700e+03  9.58346966e-01
 5.98565800e+03  9.47356686e-01
 5.98655800e+03  9.50526921e-01
 5.98745800e+03  9.61604933e-01
 5.98835900e+03  9.66912405e-01
 5.98925900e+03  9.67688802e-01
 5.99015900e+03  9.70628163e-01
 5.99105900e+03  9.73458683e-01
 5.99195900e+03  9.69667726e-01
 5.99286000e+03  9.63039652e-01
 5.99376000e+03  9.65645894e-01
 5.99466000e+03  9.76298437e-01
 5.99556000e+03  9.82824266e-01
 5.99646000e+03  9.81702877e-01
 5.99736100e+03  9.75789195e-01
 5.99826100e+03  9.66822694e-01
 5.99916100e+03  9.60042243e-01
 6.00006100e+03  9.60604258e-01
 6.00096100e+03  9.66212526e-01
 6.00186200e+03  9.72167765e-01
 6.00276200e+03  9.73237703e-01
 6.00366200e+03  9.66867549e-01
 6.00456200e+03  9.62019847e-01
 6.00546300e+03  9.65819380e-01
 6.00636300e+03  9.69829338e-01
 6.00726300e+03  9.66754091e-01
 6.00816400e+03  9.57999995e-01
 6.00906400e+03  9.46605355e-01
 6.00996400e+03  9.43653462e-01
 6.01086400e+03  9.56517122e-01
 6.01176500e+03  9.71830029e-01
 6.01266500e+03  9.74611076e-01
 6.01356500e+03  9.65581909e-01
 6.01446500e+03  9.55571196e-01
 6.01536600e+03  9.55771068e-01
 6.01626600e+03  9.62466424e-01
 6.01716600e+03  9.62932790e-01
 6.01806600e+03  9.57818593e-01
 6.01896600e+03  9.58057383e-01
 6.01986700e+03  9.61569312e-01
 6.02076700e+03  9.58555412e-01
 6.02166700e+03  9.52068502e-01
 6.02256700e+03  9.51484720e-01
 6.02346700e+03  9.56318570e-01
 6.02436800e+03  9.59887228e-01
 6.02526800e+03  9.59076529e-01
 6.02616800e+03  9.61467068e-01
 6.02706900e+03  9.67526531e-01
 6.02796900e+03  9.67779173e-01
 6.02886900e+03  9.66440762e-01
 6.02977000e+03  9.70823417e-01
 6.03067000e+03  9.75592622e-01
 6.03157000e+03  9.75492356e-01
 6.03247000e+03  9.73378207e-01
 6.03337000e+03  9.75169792e-01
 6.03427100e+03  9.79438988e-01
 6.03517100e+03  9.80513544e-01
 6.03607100e+03  9.79338723e-01
 6.03697100e+03  9.79196241e-01
 6.03787200e+03  9.79502314e-01
 6.03877200e+03  9.80116440e-01
 6.03967200e+03  9.79914590e-01
 6.04057200e+03  9.77075495e-01
 6.04147200e+03  9.73831380e-01
 6.04237300e+03  9.72365658e-01
 6.04327300e+03  9.71056270e-01
 6.04417300e+03  9.73054982e-01
 6.04507300e+03  9.78677103e-01
 6.04597400e+03  9.81508282e-01
 6.04687400e+03  9.80625683e-01
 6.04777400e+03  9.80411959e-01
 6.04867400e+03  9.82068318e-01
 6.04957500e+03  9.82225312e-01
 6.05047500e+03  9.80909328e-01
 6.05137500e+03  9.81936389e-01
 6.05227500e+03  9.83612537e-01
 6.05317600e+03  9.81584141e-01
 6.05407600e+03  9.75477184e-01
 6.05497600e+03  9.70334623e-01
 6.05587700e+03  9.69524584e-01
 6.05677700e+03  9.68415727e-01
 6.05767700e+03  9.65302221e-01
 6.05857700e+03  9.65279793e-01
 6.05947700e+03  9.69458619e-01
 6.06037800e+03  9.75422434e-01
 6.06127800e+03  9.79669203e-01
 6.06217800e+03  9.80008259e-01
 6.06307800e+03  9.77053726e-01
 6.06397800e+03  9.72394682e-01
 6.06487900e+03  9.67692760e-01
 6.06577900e+03  9.59263207e-01
 6.06667900e+03  9.49558568e-01
 6.06757900e+03  9.54005868e-01
 6.06848000e+03  9.71062866e-01
 6.06938000e+03  9.83697631e-01
 6.07028000e+03  9.86646886e-01
 6.07118100e+03  9.85573650e-01
 6.07208100e+03  9.84968759e-01
 6.07298100e+03  9.85739880e-01
 6.07388100e+03  9.87164704e-01
 6.07478200e+03  9.88129100e-01
 6.07568200e+03  9.87877117e-01
 6.07658200e+03  9.85701621e-01
 6.07748200e+03  9.82024122e-01
 6.07838300e+03  9.76202130e-01
 6.07928300e+03  9.66618205e-01
 6.08018300e+03  9.59583133e-01
 6.08108300e+03  9.62994797e-01
 6.08198300e+03  9.68122846e-01
 6.08288400e+03  9.63721721e-01
 6.08378400e+03  9.57313308e-01
 6.08468400e+03  9.58742091e-01
 6.08558400e+03  9.62112857e-01
 6.08648400e+03  9.60629984e-01
 6.08738500e+03  9.59434714e-01
 6.08828500e+03  9.63536362e-01
 6.08918500e+03  9.69450704e-01
 6.09008500e+03  9.69223128e-01
 6.09098600e+03  9.60660987e-01
 6.09188600e+03  9.53757183e-01
 6.09278600e+03  9.55053378e-01
 6.09368600e+03  9.58174800e-01
 6.09458700e+03  9.58983520e-01
 6.09548700e+03  9.63387283e-01
 6.09638700e+03  9.71818815e-01
 6.09728800e+03  9.74299065e-01
 6.09818800e+03  9.69521945e-01
 6.09908800e+03  9.66911745e-01
 6.09998800e+03  9.70958643e-01
 6.10088900e+03  9.77547138e-01
 6.10178900e+03  9.79255608e-01
 6.10268900e+03  9.66709236e-01
 6.10358900e+03  9.39953535e-01
 6.10448900e+03  9.25064777e-01
 6.10539000e+03  9.40172536e-01
 6.10629000e+03  9.62741495e-01
 6.10719000e+03  9.71678971e-01
 6.10809000e+03  9.69142651e-01
 6.10899000e+03  9.63205222e-01
 6.10989100e+03  9.63861565e-01
 6.11079100e+03  9.71719209e-01
 6.11169100e+03  9.74407906e-01
 6.11259200e+03  9.68517312e-01
 6.11349200e+03  9.64827280e-01
 6.11439200e+03  9.68562827e-01
 6.11529200e+03  9.74805670e-01
 6.11619300e+03  9.76859132e-01
 6.11709300e+03  9.70859697e-01
 6.11799300e+03  9.64655113e-01
 6.11889300e+03  9.68401215e-01
 6.11979400e+03  9.73326755e-01
 6.12069400e+03  9.68723120e-01
 6.12159400e+03  9.59672844e-01
 6.12249400e+03  9.49734692e-01
 6.12339500e+03  9.40108551e-01
 6.12429500e+03  9.43828266e-01
 6.12519500e+03  9.61500710e-01
 6.12609500e+03  9.71227117e-01
 6.12699500e+03  9.67639329e-01
 6.12789600e+03  9.61901772e-01
 6.12879600e+03  9.56548125e-01
 6.12969600e+03  9.51336301e-01
 6.13059600e+03  9.52596875e-01
 6.13149600e+03  9.61424191e-01
 6.13239700e+03  9.69345821e-01
 6.13329700e+03  9.72089268e-01
 6.13419700e+03  9.73599186e-01
 6.13509700e+03  9.72552996e-01
 6.13599800e+03  9.62963794e-01
 6.13689800e+03  9.42282727e-01
 6.13779800e+03  9.12815242e-01
 6.13869900e+03  8.94648068e-01
 6.13959900e+03  9.11243318e-01
 6.14049900e+03  9.47635055e-01
 6.14140000e+03  9.66810161e-01
 6.14230000e+03  9.56007879e-01
 6.14320000e+03  9.37233175e-01
 6.14410000e+03  9.39753664e-01
 6.14500000e+03  9.59521127e-01
 6.14590100e+03  9.73202082e-01
 6.14680100e+03  9.74266743e-01
 6.14770100e+03  9.70160477e-01
 6.14860100e+03  9.63210499e-01
 6.14950100e+03  9.53621297e-01
 6.15040200e+03  9.46520262e-01
 6.15130200e+03  9.45488583e-01
 6.15220200e+03  9.50877191e-01
 6.15310200e+03  9.59089722e-01
 6.15400200e+03  9.65806187e-01
 6.15490300e+03  9.66227038e-01
 6.15580300e+03  9.58481533e-01
 6.15670300e+03  9.52015071e-01
 6.15760400e+03  9.52999256e-01
 6.15850400e+03  9.54269725e-01
 6.15940400e+03  9.53297414e-01
 6.16030400e+03  9.54524346e-01
 6.16120500e+03  9.51493955e-01
 6.16210500e+03  9.33427046e-01
 6.16300500e+03  9.08821776e-01
 6.16390500e+03  8.98297862e-01
 6.16480600e+03  9.07431912e-01
 6.16570600e+03  9.24779152e-01
 6.16660600e+03  9.37281989e-01
 6.16750600e+03  9.42557798e-01
 6.16840700e+03  9.47886378e-01
 6.16930700e+03  9.48766999e-01
 6.17020700e+03  9.33328100e-01
 6.17110700e+03  9.14160251e-01
 6.17200700e+03  9.16508573e-01
 6.17290800e+03  9.36441606e-01
 6.17380800e+03  9.48319103e-01
 6.17470800e+03  9.46425933e-01
 6.17560800e+03  9.44831580e-01
 6.17650800e+03  9.45728033e-01
 6.17740900e+03  9.43270210e-01
 6.17830900e+03  9.40797216e-01
 6.17920900e+03  9.44873797e-01
 6.18011000e+03  9.51282870e-01
 6.18101000e+03  9.50945134e-01
 6.18191000e+03  9.48834282e-01
 6.18281000e+03  9.53469580e-01
 6.18371100e+03  9.59134577e-01
 6.18461100e+03  9.59404371e-01
 6.18551100e+03  9.58136540e-01
 6.18641200e+03  9.56543507e-01
 6.18731200e+03  9.50083642e-01
 6.18821200e+03  9.41495116e-01
 6.18911200e+03  9.37343995e-01
 6.19001200e+03  9.38196911e-01
 6.19091300e+03  9.38940326e-01
 6.19181300e+03  9.29166425e-01
 6.19271300e+03  9.11937260e-01
 6.19361300e+03  9.11177354e-01
 6.19451300e+03  9.30616316e-01
 6.19541400e+03  9.47063146e-01
 6.19631400e+03  9.51551344e-01
 6.19721400e+03  9.53136461e-01
 6.19811400e+03  9.57709093e-01
 6.19901500e+03  9.59971662e-01
 6.19991500e+03  9.52677351e-01
 6.20081500e+03  9.38617762e-01
 6.20171600e+03  9.31656570e-01
 6.20261600e+03  9.39076212e-01
 6.20351600e+03  9.51181945e-01
 6.20441600e+03  9.57629276e-01
 6.20531600e+03  9.57819253e-01
 6.20621700e+03  9.56040201e-01
 6.20711700e+03  9.56681372e-01
 6.20801700e+03  9.58751986e-01
 6.20891800e+03  9.58964390e-01
 6.20981800e+03  9.58032977e-01
 6.21071800e+03  9.56930057e-01
 6.21161800e+03  9.54697172e-01
 6.21251800e+03  9.52346211e-01
 6.21341900e+03  9.47991261e-01
 6.21431900e+03  9.35785923e-01
 6.21521900e+03  9.20852309e-01
 6.21611900e+03  9.14330438e-01
 6.21701900e+03  9.16415563e-01
 6.21792000e+03  9.25263329e-01
 6.21882000e+03  9.36549127e-01
 6.21972000e+03  9.38687684e-01
 6.22062000e+03  9.29029219e-01
 6.22152100e+03  9.21223027e-01
 6.22242100e+03  9.23341135e-01
 6.22332100e+03  9.31001546e-01
 6.22422100e+03  9.37327504e-01
 6.22512200e+03  9.37668538e-01
 6.22602200e+03  9.35909935e-01
 6.22692200e+03  9.38241766e-01
 6.22782300e+03  9.41204874e-01
 6.22872300e+03  9.42241170e-01
 6.22962300e+03  9.41249070e-01
 6.23052300e+03  9.32035204e-01
 6.23142400e+03  9.13814599e-01
 6.23232400e+03  9.01593429e-01
 6.23322400e+03  9.06315799e-01
 6.23412400e+03  9.17720333e-01
 6.23502400e+03  9.30366972e-01
 6.23592500e+03  9.45844789e-01
 6.23682500e+03  9.54871977e-01
 6.23772500e+03  9.51788815e-01
 6.23862500e+03  9.40885608e-01
 6.23952500e+03  9.28930273e-01
 6.24042600e+03  9.19323921e-01
 6.24132600e+03  9.14026343e-01
 6.24222600e+03  9.18469686e-01
 6.24312700e+03  9.27035784e-01
 6.24402700e+03  9.23781115e-01
 6.24492700e+03  9.14086371e-01
 6.24582700e+03  9.12475527e-01
 6.24672700e+03  9.13630559e-01
 6.24762800e+03  9.12263783e-01
 6.24852800e+03  9.16583112e-01
 6.24942800e+03  9.27634079e-01
 6.25032900e+03  9.37555080e-01
 6.25122900e+03  9.42231935e-01
 6.25212900e+03  9.40579534e-01
 6.25302900e+03  9.28904547e-01
 6.25393000e+03  9.13860114e-01
 6.25483000e+03  9.07144308e-01
 6.25573000e+03  9.08606073e-01
 6.25663000e+03  9.12114704e-01
 6.25753000e+03  9.11131838e-01
 6.25843100e+03  9.05282142e-01
 6.25933100e+03  8.99438382e-01
 6.26023100e+03  9.00618479e-01
 6.26113100e+03  9.13479501e-01
 6.26203100e+03  9.25813469e-01
 6.26293200e+03  9.30139395e-01
 6.26383200e+03  9.36713378e-01
 6.26473200e+03  9.44921951e-01
 6.26563200e+03  9.41907392e-01
 6.26653300e+03  9.29711948e-01
 6.26743300e+03  9.26851085e-01
 6.26833300e+03  9.35882890e-01
 6.26923400e+03  9.41366486e-01
 6.27013400e+03  9.37776719e-01
 6.27103400e+03  9.32394048e-01
 6.27193500e+03  9.30970543e-01
 6.27283500e+03  9.33983783e-01
 6.27373500e+03  9.39710787e-01
 6.27463500e+03  9.43527470e-01
 6.27553500e+03  9.43082212e-01
 6.27643600e+03  9.42718091e-01
 6.27733600e+03  9.43784730e-01
 6.27823600e+03  9.42502388e-01
 6.27913600e+03  9.39520810e-01
 6.28003600e+03  9.36518124e-01
 6.28093700e+03  9.29240305e-01
 6.28183700e+03  9.20740830e-01
 6.28273700e+03  9.20692016e-01
 6.28363700e+03  9.27117580e-01
 6.28453800e+03  9.34296453e-01
 6.28543800e+03  9.40344042e-01
 6.28633800e+03  9.41074925e-01
 6.28723800e+03  9.39843375e-01
 6.28813900e+03  9.43479316e-01
 6.28903900e+03  9.50124540e-01
 6.28993900e+03  9.55462356e-01
 6.29084000e+03  9.55293487e-01
 6.29174000e+03  9.48237967e-01
 6.29264000e+03  9.41091416e-01
 6.29354000e+03  9.38334116e-01
 6.29444000e+03  9.38838082e-01
 6.29534100e+03  9.42631678e-01
 6.29624100e+03  9.45534758e-01
 6.29714100e+03  9.39854589e-01
 6.29804100e+03  9.28800984e-01
 6.29894200e+03  9.23911065e-01
 6.29984200e+03  9.45821042e-01
 6.30074200e+03  1.06388887e+00
 6.30164200e+03  1.28531454e+00
 6.30254200e+03  1.26077656e+00
 6.30344300e+03  1.03050972e+00
 6.30434300e+03  9.29358380e-01
 6.30524300e+03  9.25701330e-01
 6.30614300e+03  9.31056956e-01
 6.30704300e+03  9.30173037e-01
 6.30794400e+03  9.33735758e-01
 6.30884400e+03  9.42908067e-01
 6.30974400e+03  9.48014349e-01
 6.31064500e+03  9.45619852e-01
 6.31154500e+03  9.47033462e-01
 6.31244500e+03  1.00895463e+00
 6.31334600e+03  1.14884273e+00
 6.31424600e+03  1.15660406e+00
 6.31514600e+03  1.01552465e+00
 6.31604600e+03  9.32521359e-01
 6.31694700e+03  9.14608806e-01
 6.31784700e+03  9.18239471e-01
 6.31874700e+03  9.17312015e-01
 6.31964700e+03  9.07413442e-01
 6.32054700e+03  9.07182568e-01
 6.32144800e+03  9.18655704e-01
 6.32234800e+03  9.28373536e-01
 6.32324800e+03  9.30222510e-01
 6.32414800e+03  9.30091242e-01
 6.32504800e+03  9.35053062e-01
 6.32594900e+03  9.41554484e-01
 6.32684900e+03  9.44563766e-01
 6.32774900e+03  9.44093442e-01
 6.32864900e+03  9.41042602e-01
 6.32955000e+03  9.41525460e-01
 6.33045000e+03  9.44375768e-01
 6.33135000e+03  9.41276115e-01
 6.33225100e+03  9.36518124e-01
 6.33315100e+03  9.38721985e-01
 6.33405100e+03  9.45096097e-01
 6.33495100e+03  9.46590183e-01
 6.33585100e+03  9.35316258e-01
 6.33675200e+03  9.16109490e-01
 6.33765200e+03  9.06407489e-01
 6.33855200e+03  9.12963662e-01
 6.33945300e+03  9.23416334e-01
 6.34035300e+03  9.27645293e-01
 6.34125300e+03  9.32054333e-01
 6.34215300e+03  9.39823586e-01
 6.34305300e+03  9.40981915e-01
 6.34395400e+03  9.32496952e-01
 6.34485400e+03  9.20622094e-01
 6.34575400e+03  9.13651008e-01
 6.34665400e+03  9.14507881e-01
 6.34755400e+03  9.13142424e-01
 6.34845500e+03  9.07563840e-01
 6.34935500e+03  9.12475527e-01
 6.35025500e+03  9.27464551e-01
 6.35115500e+03  9.37285287e-01
 6.35205600e+03  9.39703531e-01
 6.35295600e+03  9.40838773e-01
 6.35385600e+03  9.40801174e-01
 6.35475700e+03  9.36072207e-01
 6.35565700e+03  9.26438809e-01
 6.35655700e+03  9.19676829e-01
 6.35745700e+03  9.22813422e-01
 6.35835800e+03  9.26638021e-01
 6.35925800e+03  9.19126688e-01
 6.36015800e+03  9.07400909e-01
 6.36105800e+03  9.04251123e-01
 6.36195900e+03  9.06622532e-01
 6.36285900e+03  9.05168683e-01
 6.36375900e+03  9.16703826e-01
 6.36465900e+03  9.79679098e-01
 6.36555900e+03  1.03454672e+00
 6.36646000e+03  9.88629767e-01
 6.36736000e+03  9.35720618e-01
 6.36826000e+03  9.27029847e-01
 6.36916000e+03  9.32875586e-01
 6.37006000e+03  9.35128920e-01
 6.37096100e+03  9.28804282e-01
 6.37186100e+03  9.18529053e-01
 6.37276100e+03  9.15239423e-01
 6.37366200e+03  9.25785105e-01
 6.37456200e+03  9.40096677e-01
 6.37546200e+03  9.45086862e-01
 6.37636200e+03  9.43487892e-01
 6.37726300e+03  9.42984586e-01
 6.37816300e+03  9.43089468e-01
 6.37906300e+03  9.38767500e-01
 6.37996300e+03  9.31308279e-01
 6.38086400e+03  9.27841206e-01
 6.38176400e+03  9.28371557e-01
 6.38266400e+03  9.30267366e-01
 6.38356400e+03  9.34293155e-01
 6.38446500e+03  9.36946231e-01
 6.38536500e+03  9.33927714e-01
 6.38626500e+03  9.30797057e-01
 6.38716500e+03  9.33632854e-01
 6.38806500e+03  9.40247075e-01
 6.38896600e+03  9.44323657e-01
 6.38986600e+03  9.44275503e-01
 6.39076600e+03  9.43654781e-01
 6.39166600e+03  9.43529449e-01
 6.39256600e+03  9.41134292e-01
 6.39346700e+03  9.31277936e-01
 6.39436700e+03  9.14089669e-01
 6.39526700e+03  9.05551935e-01
 6.39616700e+03  9.16489443e-01
 6.39706800e+03  9.33946184e-01
 6.39796800e+03  9.44604004e-01
 6.39886800e+03  9.47809200e-01
 6.39976900e+03  9.41326248e-01
 6.40066900e+03  9.21181470e-01
 6.40156900e+03  9.00751067e-01
 6.40247000e+03  9.05588215e-01
 6.40337000e+03  9.27878146e-01
 6.40427000e+03  9.42352649e-01
 6.40517000e+03  9.46541370e-01
 6.40607000e+03  9.46842166e-01
 6.40697100e+03  9.43888953e-01
 6.40787100e+03  9.36024713e-01
 6.40877100e+03  9.23787052e-01
 6.40967100e+03  9.17978253e-01
 6.41057100e+03  9.27493575e-01
 6.41147200e+03  9.37146762e-01
 6.41237200e+03  9.30777928e-01
 6.41327200e+03  9.21079885e-01
 6.41417200e+03  9.23008016e-01
 6.41507300e+03  9.28796366e-01
 6.41597300e+03  9.30829380e-01
 6.41687300e+03  9.32354470e-01
 6.41777300e+03  9.33295118e-01
 6.41867400e+03  9.31679657e-01
 6.41957400e+03  9.30372249e-01
 6.42047400e+03  9.26455960e-01
 6.42137400e+03  9.15910278e-01
 6.42227500e+03  9.07348137e-01
 6.42317500e+03  9.13088334e-01
 6.42407500e+03  9.32210668e-01
 6.42497600e+03  9.47212225e-01
 6.42587600e+03  9.48068439e-01
 6.42677600e+03  9.43434461e-01
 6.42767600e+03  9.44327615e-01
 6.42857600e+03  9.49390360e-01
 6.42947700e+03  9.51586964e-01
 6.43037700e+03  9.45699668e-01
 6.43127700e+03  9.29124208e-01
 6.43217700e+03  9.10058603e-01
 6.43307700e+03  9.05827005e-01
 6.43397800e+03  9.16282975e-01
 6.43487800e+03  9.28229735e-01
 6.43577800e+03  9.37472625e-01
 6.43667800e+03  9.43760323e-01
 6.43757900e+03  9.46815121e-01
 6.43847900e+03  9.43741194e-01
 6.43937900e+03  9.30122904e-01
 6.44027900e+03  9.13853517e-01
 6.44118000e+03  9.14926753e-01
 6.44208000e+03  9.33735758e-01
 6.44298000e+03  9.49147612e-01
 6.44388100e+03  9.52142382e-01
 6.44478100e+03  9.49470836e-01
 6.44568100e+03  9.47533470e-01
 6.44658100e+03  9.48044692e-01
 6.44748200e+03  9.50460298e-01
 6.44838200e+03  9.51252526e-01
 6.44928200e+03  9.44092782e-01
 6.45018200e+03  9.22229640e-01
 6.45108200e+03  8.94884879e-01
 6.45198300e+03  8.88554304e-01
 6.45288300e+03  9.07433231e-01
 6.45378300e+03  9.28581323e-01
 6.45468300e+03  9.39717383e-01
 6.45558300e+03  9.38393484e-01
 6.45648400e+03  9.23539027e-01
 6.45738400e+03  9.05255096e-01
 6.45828400e+03  9.03091474e-01
 6.45918500e+03  9.20689378e-01
 6.46008500e+03  9.40094698e-01
 6.46098500e+03  9.50027573e-01
 6.46188500e+03  9.50080344e-01
 6.46278500e+03  9.36155322e-01
 6.46368600e+03  9.11171417e-01
 6.46458600e+03  8.98889560e-01
 6.46548600e+03  9.11966284e-01
 6.46638700e+03  9.30052323e-01
 6.46728700e+03  9.38748371e-01
 6.46818700e+03  9.41293925e-01
 6.46908700e+03  9.42172567e-01
 6.46998800e+03  9.39465401e-01
 6.47088800e+03  9.33407917e-01
 6.47178800e+03  9.28166409e-01
 6.47268800e+03  9.23223719e-01
 6.47358800e+03  9.23095089e-01
 6.47448900e+03  9.29901925e-01
 6.47538900e+03  9.32936933e-01
 6.47628900e+03  9.27614289e-01
 6.47718900e+03  9.22894558e-01
 6.47809000e+03  9.27209929e-01
 6.47899000e+03  9.34416508e-01
 6.47989000e+03  9.36539892e-01
 6.48079000e+03  9.35966664e-01
 6.48169000e+03  9.31879528e-01
 6.48259100e+03  9.18352269e-01
 6.48349100e+03  9.01226668e-01
 6.48439100e+03  8.95483174e-01
 6.48529200e+03  9.03655467e-01
 6.48619200e+03  9.15857507e-01
 6.48709200e+03  9.24062782e-01
 6.48799300e+03  9.27613630e-01
 6.48889300e+03  9.29472498e-01
 6.48979300e+03  9.30045726e-01
 6.49069300e+03  9.26213212e-01
 6.49159300e+03  9.17736824e-01
 6.49249400e+03  9.09964274e-01
 6.49339400e+03  9.05769616e-01
 6.49429400e+03  8.96774751e-01
 6.49519400e+03  8.73967002e-01
 6.49609400e+03  8.50043800e-01
 6.49699500e+03  8.41630738e-01
 6.49789500e+03  8.45828694e-01
 6.49879500e+03  8.57575582e-01
 6.49969500e+03  8.73354855e-01
 6.50059600e+03  8.83901856e-01
 6.50149600e+03  8.93118361e-01
 6.50239600e+03  9.04228695e-01
 6.50329600e+03  9.11967604e-01
 6.50419700e+03  9.16241418e-01
 6.50509700e+03  9.18488155e-01
 6.50599700e+03  9.20156388e-01
 6.50689800e+03  9.22794952e-01
 6.50779800e+03  9.24536404e-01
 6.50869800e+03  9.22283730e-01
 6.50959800e+03  9.17063990e-01
 6.51049800e+03  9.15095622e-01
 6.51139900e+03  9.18976950e-01
 6.51229900e+03  9.23841143e-01
 6.51319900e+03  9.24812134e-01
 6.51409900e+03  9.23843122e-01
 6.51500000e+03  9.22696665e-01
 6.51590000e+03  9.17309377e-01
 6.51680000e+03  9.06647599e-01
 6.51770000e+03  8.97623709e-01
 6.51860000e+03  8.95047811e-01
 6.51950100e+03  8.95053088e-01
 6.52040100e+03  8.97194283e-01
 6.52130100e+03  9.05901545e-01
 6.52220100e+03  9.16534299e-01
 6.52310100e+03  9.21563402e-01
 6.52400200e+03  9.20457844e-01
 6.52490200e+03  9.18617445e-01
 6.52580200e+03  9.19804799e-01
 6.52670300e+03  9.19146477e-01
 6.52760300e+03  9.10357420e-01
 6.52850300e+03  9.00185095e-01
 6.52940400e+03  8.99807781e-01
 6.53030400e+03  9.07091537e-01
 6.53120400e+03  9.13491375e-01
 6.53210400e+03  9.13791511e-01
 6.53300500e+03  9.07554605e-01
 6.53390500e+03  8.99367800e-01
 6.53480500e+03  8.95625656e-01
 6.53570500e+03  8.99517539e-01
 6.53660500e+03  9.07278875e-01
 6.53750600e+03  9.10394360e-01
 6.53840600e+03  9.06365272e-01
 6.53930600e+03  9.02745162e-01
 6.54020600e+03  9.05841517e-01
 6.54110600e+03  9.11202420e-01
 6.54200700e+03  9.11474192e-01
 6.54290700e+03  9.05729378e-01
 6.54380700e+03  8.97915930e-01
 6.54470700e+03  8.91613719e-01
 6.54560800e+03  8.87325393e-01
 6.54650800e+03  8.84202652e-01
 6.54740800e+03  9.90578347e-01
 6.54830900e+03  2.01178185e+00
 6.54920900e+03  4.78256582e+00
 6.55010900e+03  5.77161710e+00
 6.55100900e+03  3.12649673e+00
 6.55191000e+03  1.24996240e+00
 6.55281000e+03  8.84934194e-01
 6.55371000e+03  8.55288606e-01
 6.55461000e+03  8.47825427e-01
 6.55551100e+03  8.37178161e-01
 6.55641100e+03  8.24174657e-01
 6.55731100e+03  8.14458804e-01
 6.55821100e+03  8.10477211e-01
 6.55911100e+03  8.07022671e-01
 6.56001200e+03  7.98639952e-01
 6.56091200e+03  8.02518641e-01
 6.56181200e+03  1.45804683e+00
 6.56271200e+03  1.01178581e+01
 6.56361200e+03  4.71243080e+01
 6.56451300e+03  8.50739721e+01
 6.56541300e+03  5.70560154e+01
 6.56631300e+03  1.45660617e+01
 6.56721300e+03  2.02024043e+00
 6.56811400e+03  8.42437479e-01
 6.56901400e+03  8.15851306e-01
 6.56991400e+03  8.16989187e-01
 6.57081500e+03  8.14128984e-01
 6.57171500e+03  8.18869824e-01
 6.57261500e+03  8.29090302e-01
 6.57351600e+03  8.33535623e-01
 6.57441600e+03  8.31250627e-01
 6.57531600e+03  8.28660216e-01
 6.57621600e+03  8.30218288e-01
 6.57711600e+03  8.40533096e-01
 6.57801700e+03  8.56713431e-01
 6.57891700e+03  8.68137095e-01
 6.57981700e+03  8.72857486e-01
 6.58071700e+03  8.74241413e-01
 6.58161700e+03  8.75515180e-01
 6.58251800e+03  1.00894869e+00
 6.58341800e+03  2.69476628e+00
 6.58431800e+03  9.53990037e+00
 6.58521800e+03  1.60086967e+01
 6.58611800e+03  1.06025227e+01
 6.58701900e+03  3.17962290e+00
 6.58791900e+03  1.08383510e+00
 6.58881900e+03  8.95762862e-01
 6.58972000e+03  8.97518826e-01
 6.59062000e+03  9.02698328e-01
 6.59152000e+03  9.04880420e-01
 6.59242100e+03  9.01580236e-01
 6.59332100e+03  8.86903882e-01
 6.59422100e+03  8.64848124e-01
 6.59512100e+03  8.55590062e-01
 6.59602100e+03  8.68995947e-01
 6.59692200e+03  8.88743621e-01
 6.59782200e+03  8.97979256e-01
 6.59872200e+03  8.96075532e-01
 6.59962200e+03  8.89966596e-01
 6.60052300e+03  8.89236373e-01
 6.60142300e+03  8.97683077e-01
 6.60232300e+03  9.08095511e-01
 6.60322300e+03  9.13048096e-01
 6.60412300e+03  9.12193861e-01
 6.60502400e+03  9.07187845e-01
 6.60592400e+03  8.99875724e-01
 6.60682400e+03  8.94933033e-01
 6.60772400e+03  8.94124973e-01
 6.60862400e+03  8.93334723e-01
 6.60952500e+03  8.88269339e-01
 6.61042500e+03  8.81383346e-01
 6.61132500e+03  8.84176926e-01
 6.61222600e+03  8.99206188e-01
 6.61312600e+03  9.11205059e-01
 6.61402600e+03  9.09914801e-01
 6.61492600e+03  9.01716782e-01
 6.61582700e+03  9.00617160e-01
 6.61672700e+03  9.09179961e-01
 6.61762700e+03  9.15329794e-01
 6.61852800e+03  9.14426746e-01
 6.61942800e+03  9.12163517e-01
 6.62032800e+03  9.13254563e-01
 6.62122800e+03  9.16520446e-01
 6.62212800e+03  9.18951224e-01
 6.62302900e+03  9.18659003e-01
 6.62392900e+03  9.14686644e-01
 6.62482900e+03  9.06581635e-01
 6.62572900e+03  8.96675145e-01
 6.62662900e+03  8.92962685e-01
 6.62753000e+03  8.99034022e-01
 6.62843000e+03  9.05361299e-01
 6.62933000e+03  9.06856705e-01
 6.63023000e+03  9.06872536e-01
 6.63113100e+03  9.06060518e-01
 6.63203100e+03  9.04500467e-01
 6.63293100e+03  9.01938421e-01
 6.63383200e+03  8.95175781e-01
 6.63473200e+03  8.84746197e-01
 6.63563200e+03  8.79537011e-01
 6.63653200e+03  8.86533824e-01
 6.63743300e+03  8.99207507e-01
 6.63833300e+03  9.08402244e-01
 6.63923300e+03  9.11346881e-01
 6.64013300e+03  9.08632459e-01
 6.64103400e+03  9.04183839e-01
 6.64193400e+03  9.04567091e-01
 6.64283400e+03  9.09383130e-01
 6.64373400e+03  9.07297345e-01
 6.64463400e+03  8.95173143e-01
 6.64553500e+03  8.88006802e-01
 6.64643500e+03  8.94304395e-01
 6.64733500e+03  9.03282110e-01
 6.64823500e+03  9.05202985e-01
 6.64913500e+03  9.03409421e-01
 6.65003600e+03  9.05044011e-01
 6.65093600e+03  9.08520979e-01
 6.65183600e+03  9.08613329e-01
 6.65273600e+03  9.06153527e-01
 6.65363700e+03  9.04749811e-01
 6.65453700e+03  9.04795986e-01
 6.65543700e+03  9.05436498e-01
 6.65633700e+03  9.06673325e-01
 6.65723800e+03  9.06723457e-01
 6.65813800e+03  9.05142957e-01
 6.65903800e+03  9.05536103e-01
 6.65993900e+03  9.07590226e-01
 6.66083900e+03  9.07059215e-01
 6.66173900e+03  9.03650190e-01
 6.66263900e+03  9.00251719e-01
 6.66354000e+03  8.94954801e-01
 6.66444000e+03  8.85171665e-01
 6.66534000e+03  8.80444018e-01
 6.66624000e+03  8.87046365e-01
 6.66714000e+03  8.94234473e-01
 6.66804100e+03  8.94632897e-01
 6.66894100e+03  8.93293166e-01
 6.66984100e+03  8.95873681e-01
 6.67074100e+03  9.01999108e-01
 6.67164100e+03  9.07991947e-01
 6.67254200e+03  9.10237365e-01
 6.67344200e+03  9.08888399e-01
 6.67434200e+03  9.07620569e-01
 6.67524300e+03  9.07717536e-01
 6.67614300e+03  9.08270975e-01
 6.67704300e+03  9.10962311e-01
 6.67794400e+03  9.65629403e-01
 6.67884400e+03  1.29181728e+00
 6.67974400e+03  1.76858209e+00
 6.68064400e+03  1.58938928e+00
 6.68154400e+03  1.09229566e+00
 6.68244500e+03  9.14966992e-01
 6.68334500e+03  8.98483881e-01
 6.68424500e+03  9.02122461e-01
 6.68514500e+03  9.06460261e-01
 6.68604600e+03  9.08791432e-01
 6.68694600e+03  9.08974812e-01
 6.68784600e+03  9.08103426e-01
 6.68874600e+03  9.05666053e-01
 6.68964600e+03  9.04189116e-01
 6.69054700e+03  9.06137036e-01
 6.69144700e+03  9.08410819e-01
 6.69234700e+03  9.09259118e-01
 6.69324700e+03  9.09038797e-01
 6.69414800e+03  9.08375199e-01
 6.69504800e+03  9.08205011e-01
 6.69594800e+03  9.06702349e-01
 6.69684800e+03  8.99869127e-01
 6.69774900e+03  8.91828762e-01
 6.69864900e+03  8.89553001e-01
 6.69954900e+03  8.93080102e-01
 6.70044900e+03  8.98476625e-01
 6.70135000e+03  9.04485955e-01
 6.70225000e+03  9.08713594e-01
 6.70315000e+03  9.08908189e-01
 6.70405100e+03  9.04873164e-01
 6.70495100e+03  8.97771469e-01
 6.70585100e+03  8.92725215e-01
 6.70675100e+03  8.94376296e-01
 6.70765100e+03  8.99991161e-01
 6.70855200e+03  9.03637657e-01
 6.70945200e+03  9.03617208e-01
 6.71035200e+03  9.02175892e-01
 6.71125200e+03  8.99047874e-01
 6.71215200e+03  8.96818947e-01
 6.71305300e+03  8.98547207e-01
 6.71395300e+03  8.98714096e-01
 6.71485300e+03  8.98897476e-01
 6.71575300e+03  1.00163327e+00
 6.71665400e+03  2.00913009e+00
 6.71755400e+03  5.07429339e+00
 6.71845400e+03  6.63311952e+00
 6.71935500e+03  3.78081777e+00
 6.72025500e+03  1.42121577e+00
 6.72115500e+03  9.30785844e-01
 6.72205500e+03  9.00066360e-01
 6.72295600e+03  8.97304443e-01
 6.72385600e+03  8.96229888e-01
 6.72475600e+03  8.99739838e-01
 6.72565600e+03  9.02616532e-01
 6.72655700e+03  8.99741816e-01
 6.72745700e+03  8.94183681e-01
 6.72835700e+03  8.92266764e-01
 6.72925700e+03  8.98567655e-01
 6.73015700e+03  9.91993277e-01
 6.73105800e+03  1.82240616e+00
 6.73195800e+03  4.25209832e+00
 6.73285800e+03  5.38334446e+00
 6.73375800e+03  3.10633216e+00
 6.73465800e+03  1.29795393e+00
 6.73555900e+03  9.23871486e-01
 6.73645900e+03  8.99198932e-01
 6.73735900e+03  9.01503058e-01
 6.73826000e+03  9.01693694e-01
 6.73916000e+03  8.96301129e-01
 6.74006000e+03  8.89044418e-01
 6.74096000e+03  8.86211919e-01
 6.74186000e+03  8.89307614e-01
 6.74276100e+03  8.93150683e-01
 6.74366100e+03  8.91827443e-01
 6.74456100e+03  8.87978438e-01
 6.74546200e+03  8.88180947e-01
 6.74636200e+03  8.91769395e-01
 6.74726200e+03  8.92812947e-01
 6.74816200e+03  8.90950121e-01
 6.74906300e+03  8.89169749e-01
 6.74996300e+03  8.87080666e-01
 6.75086300e+03  8.83687473e-01
 6.75176300e+03  8.82155786e-01
 6.75266300e+03  8.85023246e-01
 6.75356400e+03  8.86394639e-01
 6.75446400e+03  8.84262020e-01
 6.75536400e+03  8.86529206e-01
 6.75626400e+03  8.92016101e-01
 6.75716400e+03  8.94729864e-01
 6.75806500e+03  8.96055742e-01
 6.75896500e+03  8.98492456e-01
 6.75986500e+03  9.01792641e-01
 6.76076600e+03  9.05335573e-01
 6.76166600e+03  9.07529539e-01
 6.76256600e+03  9.06544035e-01
 6.76346700e+03  9.03476704e-01
 6.76436700e+03  9.02295947e-01
 6.76526700e+03  9.04074339e-01
 6.76616700e+03  9.04600732e-01
 6.76706800e+03  9.00422566e-01
 6.76796800e+03  8.91983118e-01
 6.76886800e+03  8.84797649e-01
 6.76976800e+03  8.84913086e-01
 6.77066800e+03  8.90707373e-01
 6.77156900e+03  8.92996327e-01
 6.77246900e+03  8.90040476e-01
 6.77336900e+03  8.89188219e-01
 6.77426900e+03  8.93446202e-01
 6.77516900e+03  8.98729267e-01
 6.77607000e+03  9.03297282e-01
 6.77697000e+03  9.07069109e-01
 6.77787000e+03  9.08270975e-01
 6.77877000e+03  9.06542056e-01
 6.77967100e+03  9.06132419e-01
 6.78057100e+03  9.08604754e-01
 6.78147100e+03  9.09334317e-01
 6.78237100e+03  9.06086904e-01
 6.78327200e+03  8.99944326e-01
 6.78417200e+03  8.91020043e-01
 6.78507200e+03  8.81836520e-01
 6.78597200e+03  8.77471015e-01
 6.78687300e+03  8.78725653e-01
 6.78777300e+03  8.82279139e-01
 6.78867300e+03  8.88019995e-01
 6.78957400e+03  8.95357842e-01
 6.79047400e+03  8.98175829e-01
 6.79137400e+03  8.96538600e-01
 6.79227400e+03  8.96710766e-01
 6.79317400e+03  8.98346016e-01
 6.79407500e+03  8.95916558e-01
 6.79497500e+03  8.90027283e-01
 6.79587500e+03  8.87434893e-01
 6.79677500e+03  8.88602458e-01
 6.79767500e+03  8.91080070e-01
 6.79857600e+03  8.94921160e-01
 6.79947600e+03  8.97471332e-01
 6.80037600e+03  8.97784002e-01
 6.80127600e+03  8.98342058e-01
 6.80217700e+03  8.99585482e-01
 6.80307700e+03  9.00675868e-01
 6.80397700e+03  9.00423226e-01
 6.80487700e+03  8.97491121e-01
 6.80577800e+03  8.95000976e-01
 6.80667800e+03  8.96473955e-01
 6.80757800e+03  8.96827522e-01
 6.80847900e+03  8.94832108e-01
 6.80937900e+03  8.96292553e-01
 6.81027900e+03  8.98337441e-01
 6.81117900e+03  8.95728560e-01
 6.81208000e+03  8.93246331e-01
 6.81298000e+03  8.94822873e-01
 6.81388000e+03  8.97066312e-01
 6.81478000e+03  8.96248357e-01
 6.81568000e+03  8.91363056e-01
 6.81658100e+03  8.86903223e-01
 6.81748100e+03  8.90233750e-01
 6.81838100e+03  8.98778741e-01
 6.81928100e+03  9.03334222e-01
 6.82018100e+03  9.00866504e-01
 6.82108200e+03  8.94814298e-01
 6.82198200e+03  8.91180995e-01
 6.82288200e+03  8.94014153e-01
 6.82378300e+03  9.00340111e-01
 6.82468300e+03  9.05218156e-01
 6.82558300e+03  9.06814488e-01
 6.82648300e+03  9.06338887e-01
 6.82738400e+03  9.05262352e-01
 6.82828400e+03  9.01205560e-01
 6.82918400e+03  8.92450804e-01
 6.83008400e+03  8.85671013e-01
 6.83098500e+03  8.87888067e-01
 6.83188500e+03  8.95929091e-01
 6.83278500e+03  9.01193686e-01
 6.83368500e+03  8.99561734e-01
 6.83458600e+03  8.96062998e-01
 6.83548600e+03  8.97305102e-01
 6.83638600e+03  9.01866520e-01
 6.83728600e+03  9.03761669e-01
 6.83818600e+03  9.00516895e-01
 6.83908700e+03  8.95418529e-01
 6.83998700e+03  8.89949445e-01
 6.84088700e+03  8.83486282e-01
 6.84178700e+03  8.76701214e-01
 6.84268800e+03  8.69713637e-01
 6.84358800e+03  8.66466224e-01
 6.84448800e+03  8.70917482e-01
 6.84538800e+03  8.80931492e-01
 6.84628800e+03  8.91878236e-01
 6.84718900e+03  8.97946274e-01
 6.84808900e+03  8.98329525e-01
 6.84898900e+03  8.97625688e-01
 6.84989000e+03  8.97675821e-01
 6.85079000e+03  8.97355235e-01
 6.85169000e+03  8.97206816e-01
 6.85259100e+03  8.97864478e-01
 6.85349100e+03  8.99490493e-01
 6.85439100e+03  9.00809116e-01
 6.85529100e+03  8.96898764e-01
 6.85619100e+03  8.86025241e-01
 6.85709200e+03  8.78021816e-01
 6.85799200e+03  8.79765907e-01
 6.85889200e+03  8.84288406e-01
 6.85979200e+03  8.87852446e-01
 6.86069200e+03  8.90857111e-01
 6.86159300e+03  8.88468551e-01
 6.86249300e+03  8.80338475e-01
 6.86339300e+03  8.76290258e-01
 6.86429300e+03  8.83744202e-01
 6.86519400e+03  8.96408650e-01
 6.86609400e+03  9.03375779e-01
 6.86699400e+03  9.02772867e-01
 6.86789500e+03  8.96785965e-01
 6.86879500e+03  8.85683546e-01
 6.86969500e+03  8.76807416e-01
 6.87059500e+03  8.79976992e-01
 6.87149500e+03  8.90256838e-01
 6.87239600e+03  8.94338037e-01
 6.87329600e+03  8.89800366e-01
 6.87419600e+03  8.85672333e-01
 6.87509700e+03  8.87816826e-01
 6.87599700e+03  8.91269387e-01
 6.87689700e+03  8.91359758e-01
 6.87779700e+03  8.91758181e-01
 6.87869700e+03  8.96216035e-01
 6.87959800e+03  9.01399494e-01
 6.88049800e+03  9.02339483e-01
 6.88139800e+03  8.99483897e-01
 6.88229800e+03  8.94566932e-01
 6.88319800e+03  8.87481728e-01
 6.88409900e+03  8.81567386e-01
 6.88499900e+03  8.83493538e-01
 6.88589900e+03  8.91841296e-01
 6.88679900e+03  8.95859829e-01
 6.88770000e+03  8.93376940e-01
 6.88860000e+03  8.94405980e-01
 6.88950000e+03  9.00409373e-01
 6.89040000e+03  9.03348734e-01
 6.89130100e+03  9.03755073e-01
 6.89220100e+03  9.06279519e-01
 6.89310100e+03  9.07554605e-01
 6.89400200e+03  9.04978047e-01
 6.89490200e+03  9.02541993e-01
 6.89580200e+03  9.03381716e-01
 6.89670200e+03  9.02420619e-01
 6.89760300e+03  8.98507628e-01
 6.89850300e+03  8.98004982e-01
 6.89940300e+03  9.02316396e-01
 6.90030300e+03  9.04060486e-01
 6.90120300e+03  9.00030739e-01
 6.90210400e+03  8.97256289e-01
 6.90300400e+03  9.02138292e-01
 6.90390400e+03  9.08955683e-01
 6.90480400e+03  9.09511760e-01
 6.90570400e+03  9.05367895e-01
 6.90660500e+03  9.02999124e-01
 6.90750500e+03  9.04613925e-01
 6.90840500e+03  9.08278891e-01
 6.90930600e+03  9.09692502e-01
 6.91020600e+03  9.08241951e-01
 6.91110600e+03  9.06957630e-01
 6.91200600e+03  9.05821728e-01
 6.91290700e+03  9.02152805e-01
 6.91380700e+03  8.97682417e-01
 6.91470700e+03  8.92128239e-01
 6.91560800e+03  8.85023246e-01
 6.91650800e+03  8.84243550e-01
 6.91740800e+03  8.89043758e-01
 6.91830800e+03  8.90561592e-01
 6.91920800e+03  8.91266748e-01
 6.92010900e+03  8.95710090e-01
 6.92100900e+03  9.01307145e-01
 6.92190900e+03  9.05154831e-01
 6.92280900e+03  9.06712243e-01
 6.92370900e+03  9.05823047e-01
 6.92461000e+03  9.00654100e-01
 6.92551000e+03  8.90969910e-01
 6.92641000e+03  8.81891930e-01
 6.92731000e+03  8.79780419e-01
 6.92821100e+03  8.85626158e-01
 6.92911100e+03  8.93348575e-01
 6.93001100e+03  8.96872378e-01
 6.93091100e+03  8.97256949e-01
 6.93181200e+03  8.97495739e-01
 6.93271200e+03  8.97393494e-01
 6.93361200e+03  8.93830773e-01
 6.93451200e+03  8.87861681e-01
 6.93541300e+03  8.86808234e-01
 6.93631300e+03  8.92549750e-01
 6.93721300e+03  8.97513549e-01
 6.93811400e+03  8.97313018e-01
 6.93901400e+03  8.94963377e-01
 6.93991400e+03  8.94629598e-01
 6.94081400e+03  8.97142171e-01
 6.94171400e+03  9.00059104e-01
 6.94261500e+03  9.00680486e-01
 6.94351500e+03  8.97507612e-01
 6.94441500e+03  8.91518072e-01
 6.94531500e+03  8.83750139e-01
 6.94621500e+03  8.75246046e-01
 6.94711600e+03  8.72691256e-01
 6.94801600e+03  8.79535032e-01
 6.94891600e+03  8.87798356e-01
 6.94981600e+03  8.92405948e-01
 6.95071700e+03  8.94643451e-01
 6.95161700e+03  8.92669145e-01
 6.95251700e+03  8.85754788e-01
 6.95341700e+03  8.80513280e-01
 6.95431800e+03  8.80145200e-01
 6.95521800e+03  8.80996797e-01
 6.95611800e+03  8.82093120e-01
 6.95701900e+03  8.86040412e-01
 6.95791900e+03  8.92274020e-01
 6.95881900e+03  8.95906004e-01
 6.95971900e+03  8.95892151e-01
 6.96062000e+03  8.95213381e-01
 6.96152000e+03  8.94412576e-01
 6.96242000e+03  8.95041874e-01
 6.96332000e+03  8.96881613e-01
 6.96422000e+03  8.98158018e-01
 6.96512100e+03  8.99742476e-01
 6.96602100e+03  8.99220700e-01
 6.96692100e+03  8.94345293e-01
 6.96782100e+03  8.91126245e-01
 6.96872100e+03  8.95431062e-01
 6.96962200e+03  9.02129057e-01
 6.97052200e+03  9.04322364e-01
 6.97142200e+03  9.00641567e-01
 6.97232300e+03  8.93925102e-01
 6.97322300e+03  8.91340628e-01
 6.97412300e+03  8.96572901e-01
 6.97502300e+03  9.00541961e-01
 6.97592300e+03  8.96139517e-01
 6.97682400e+03  8.88154562e-01
 6.97772400e+03  8.80701937e-01
 6.97862400e+03  8.70589640e-01
 6.97952500e+03  8.55583466e-01
 6.98042500e+03  8.46207987e-01
 6.98132500e+03  8.54813005e-01
 6.98222500e+03  8.73550109e-01
 6.98312600e+03  8.87435553e-01
 6.98402600e+03  8.95239766e-01
 6.98492600e+03  8.99954221e-01
 6.98582600e+03  9.01049885e-01
 6.98672600e+03  8.99619783e-01
 6.98762700e+03  8.97696929e-01
 6.98852700e+03  8.96345984e-01
 6.98942700e+03  8.94190937e-01
 6.99032700e+03  8.89571471e-01
 6.99122700e+03  8.85875502e-01
 6.99212800e+03  8.88544410e-01
 6.99302800e+03  8.96004950e-01
 6.99392800e+03  9.01014264e-01
 6.99482800e+03  9.00331536e-01
 6.99572900e+03  8.96097300e-01
 6.99662900e+03  8.94138825e-01
 6.99752900e+03  8.96646781e-01
 6.99843000e+03  8.99387589e-01
 6.99933000e+03  8.98192320e-01
 7.00023000e+03  8.89896014e-01
 7.00113100e+03  8.79019193e-01
 7.00203100e+03  8.76194610e-01
 7.00293100e+03  8.83768608e-01
 7.00383100e+03  8.92103173e-01
 7.00473100e+03  8.91741030e-01
 7.00563200e+03  8.83321372e-01
 7.00653200e+03  8.76922194e-01
 7.00743200e+03  8.76582479e-01
 7.00833200e+03  8.79476324e-01
 7.00923200e+03  8.84171649e-01
 7.01013300e+03  8.89715932e-01
 7.01103300e+03  8.93214668e-01
 7.01193300e+03  8.92150667e-01
 7.01283300e+03  8.89194816e-01
 7.01373400e+03  8.88876209e-01
 7.01463400e+03  8.91421764e-01
 7.01553400e+03  8.91437595e-01
 7.01643400e+03  8.81449970e-01
 7.01733500e+03  8.63459580e-01
 7.01823500e+03  8.53204140e-01
 7.01913500e+03  8.63474092e-01
 7.02003500e+03  8.83509370e-01
 7.02093600e+03  8.96489786e-01
 7.02183600e+03  9.00638269e-01
 7.02273600e+03  9.00228632e-01
 7.02363700e+03  8.94056370e-01
 7.02453700e+03  8.81380708e-01
 7.02543700e+03  8.70296759e-01
 7.02633700e+03  8.69116002e-01
 7.02723700e+03  8.76701874e-01
 7.02813800e+03  8.84068745e-01
 7.02903800e+03  8.86490947e-01
 7.02993800e+03  8.86789764e-01
 7.03083800e+03  8.88061552e-01
 7.03173800e+03  8.89934933e-01
 7.03263900e+03  8.91024000e-01
 7.03353900e+03  8.89648649e-01
 7.03443900e+03  8.87632126e-01
 7.03533900e+03  8.87049663e-01
 7.03624000e+03  8.87336607e-01
 7.03714000e+03  8.90054988e-01
 7.03804000e+03  8.91398017e-01
 7.03894000e+03  8.82975720e-01
 7.03984100e+03  8.70173406e-01
 7.04074100e+03  8.70785553e-01
 7.04164100e+03  8.87341224e-01
 7.04254200e+03  9.04735299e-01
 7.04344200e+03  9.12517085e-01
 7.04434200e+03  9.12994665e-01
 7.04524200e+03  9.08074402e-01
 7.04614300e+03  8.99148799e-01
 7.04704300e+03  8.93608474e-01
 7.04794300e+03  8.96656016e-01
 7.04884300e+03  9.04282126e-01
 7.04974300e+03  9.10660855e-01
 7.05064400e+03  9.12749278e-01
 7.05154400e+03  9.10472197e-01
 7.05244400e+03  9.04274870e-01
 7.05334400e+03  8.92080745e-01
 7.05424400e+03  8.76209122e-01
 7.05514500e+03  8.65897613e-01
 7.05604500e+03  8.65974132e-01
 7.05694500e+03  8.73433353e-01
 7.05784600e+03  8.83130736e-01
 7.05874600e+03  8.89719890e-01
 7.05964600e+03  8.89252864e-01
 7.06054600e+03  8.81185454e-01
 7.06144700e+03  8.71360760e-01
 7.06234700e+03  8.68334327e-01
 7.06324700e+03  8.71968290e-01
 7.06414800e+03  8.77612179e-01
 7.06504800e+03  9.16928104e-01
 7.06594800e+03  1.12177897e+00
 7.06684800e+03  1.42818224e+00
 7.06774800e+03  1.33046961e+00
 7.06864900e+03  1.00212668e+00
 7.06954900e+03  8.70815897e-01
 7.07044900e+03  8.57080851e-01
 7.07134900e+03  8.67460303e-01
 7.07224900e+03  8.80369478e-01
 7.07315000e+03  8.85927614e-01
 7.07405000e+03  8.85673652e-01
 7.07495000e+03  8.85752149e-01
 7.07585000e+03  8.86137379e-01
 7.07675100e+03  8.84697383e-01
 7.07765100e+03  8.82260669e-01
 7.07855100e+03  8.81744170e-01
 7.07945100e+03  8.83746181e-01
 7.08035100e+03  8.85073378e-01
 7.08125200e+03  8.86222473e-01
 7.08215200e+03  8.88762751e-01
 7.08305200e+03  8.88535175e-01
 7.08395300e+03  8.81080571e-01
 7.08485300e+03  8.66845517e-01
 7.08575300e+03  8.51040518e-01
 7.08665400e+03  8.44152546e-01
 7.08755400e+03  8.47711309e-01
 7.08845400e+03  8.49866357e-01
 7.08935400e+03  8.47738355e-01
 7.09025400e+03  8.46508784e-01
 7.09115500e+03  8.45331984e-01
 7.09205500e+03  8.43980380e-01
 7.09295500e+03  8.45050977e-01
 7.09385500e+03  8.45727769e-01
 7.09475500e+03  8.43975103e-01
 7.09565600e+03  8.43511375e-01
 7.09655600e+03  8.43898584e-01
 7.09745600e+03  8.43479712e-01
 7.09835600e+03  8.43537101e-01
 7.09925700e+03  8.45899275e-01
 7.10015700e+03  8.53564964e-01
 7.10105700e+03  8.62158768e-01
 7.10195800e+03  8.64127137e-01
 7.10285800e+03  8.61052550e-01
 7.10375800e+03  8.56095347e-01
 7.10465800e+03  8.54495058e-01
 7.10555900e+03  8.59582869e-01
 7.10645900e+03  8.66505143e-01
 7.10735900e+03  8.67372571e-01
 7.10825900e+03  8.61761004e-01
 7.10916000e+03  8.57396159e-01
 7.11006000e+03  8.58510953e-01
 7.11096000e+03  8.59120461e-01
 7.11186000e+03  8.53561006e-01
 7.11276000e+03  8.46481738e-01
 7.11366100e+03  8.45768667e-01
 7.11456100e+03  8.51699499e-01
 7.11546100e+03  8.57952237e-01
 7.11636100e+03  8.60850699e-01
 7.11726100e+03  8.62077632e-01
 7.11816200e+03  8.63263666e-01
 7.11906200e+03  8.62852050e-01
 7.11996200e+03  8.61817733e-01
 7.12086300e+03  8.60363884e-01
 7.12176300e+03  8.58964786e-01
 7.12266300e+03  8.57910679e-01
 7.12356300e+03  8.55109843e-01
 7.12446300e+03  8.55427131e-01
 7.12536400e+03  8.60202932e-01
 7.12626400e+03  8.59864536e-01
 7.12716400e+03  8.53674465e-01
 7.12806500e+03  8.50132192e-01
 7.12896500e+03  8.52942263e-01
 7.12986500e+03  8.57507639e-01
 7.13076500e+03  8.55678454e-01
 7.13166600e+03  8.45794393e-01
 7.13256600e+03  8.37952580e-01
 7.13346600e+03  8.41134688e-01
 7.13436600e+03  8.52468641e-01
 7.13526600e+03  9.16991430e-01
 7.13616700e+03  1.43576679e+00
 7.13706700e+03  2.92320921e+00
 7.13796700e+03  3.59204301e+00
 7.13886700e+03  2.19692990e+00
 7.13976700e+03  1.10505443e+00
 7.14066800e+03  8.76823908e-01
 7.14156800e+03  8.59777463e-01
 7.14246800e+03  8.64396270e-01
 7.14336800e+03  8.68178652e-01
 7.14426900e+03  8.67032196e-01
 7.14516900e+03  8.66024924e-01
 7.14606900e+03  8.66430603e-01
 7.14697000e+03  8.67069136e-01
 7.14787000e+03  8.67097500e-01
 7.14877000e+03  8.61354006e-01
 7.14967100e+03  8.50581408e-01
 7.15057100e+03  8.47079373e-01
 7.15147100e+03  8.52863106e-01
 7.15237100e+03  8.59060434e-01
 7.15327100e+03  8.64441126e-01
 7.15417200e+03  8.72186631e-01
 7.15507200e+03  8.77176156e-01
 7.15597200e+03  8.73007224e-01
 7.15687200e+03  8.65962258e-01
 7.15777200e+03  8.66873222e-01
 7.15867300e+03  8.74381916e-01
 7.15957300e+03  8.76973646e-01
 7.16047300e+03  8.72358797e-01
 7.16137300e+03  8.67230748e-01
 7.16227400e+03  8.66303292e-01
 7.16317400e+03  8.70503887e-01
 7.16407400e+03  8.73257888e-01
 7.16497400e+03  8.65788772e-01
 7.16587500e+03  8.50184304e-01
 7.16677500e+03  8.40730328e-01
 7.16767500e+03  8.46223159e-01
 7.16857500e+03  8.60201613e-01
 7.16947600e+03  8.70910885e-01
 7.17037600e+03  8.74286928e-01
 7.17127600e+03  8.73043505e-01
 7.17217700e+03  8.72449828e-01
 7.17307700e+03  8.75730882e-01
 7.17397700e+03  8.79860895e-01
 7.17487700e+03  8.81245481e-01
 7.17577700e+03  8.79507327e-01
 7.17667800e+03  8.74025051e-01
 7.17757800e+03  8.66971509e-01
 7.17847800e+03  8.65686528e-01
 7.17937800e+03  8.71427384e-01
 7.18027800e+03  8.74525718e-01
 7.18117900e+03  8.66612664e-01
 7.18207900e+03  8.52627614e-01
 7.18297900e+03  8.45374861e-01
 7.18387900e+03  8.53473934e-01
 7.18478000e+03  8.69857438e-01
 7.18568000e+03  8.78484884e-01
 7.18658000e+03  8.77825902e-01
 7.18748000e+03  8.72386502e-01
 7.18838100e+03  8.60739880e-01
 7.18928100e+03  8.49064893e-01
 7.19018100e+03  8.46825411e-01
 7.19108200e+03  8.51496989e-01
 7.19198200e+03  8.58717420e-01
 7.19288200e+03  8.63379763e-01
 7.19378200e+03  8.62226051e-01
 7.19468300e+03  8.59645535e-01
 7.19558300e+03  8.61470102e-01
 7.19648300e+03  8.67695135e-01
 7.19738300e+03  8.70364043e-01
 7.19828300e+03  8.64871871e-01
 7.19918400e+03  8.61354006e-01
 7.20008400e+03  8.66460947e-01
 7.20098400e+03  8.73949192e-01
 7.20188400e+03  8.75893154e-01
 7.20278400e+03  8.72447189e-01
 7.20368500e+03  8.70104804e-01
 7.20458500e+03  8.74248669e-01
 7.20548500e+03  8.82016602e-01
 7.20638600e+03  8.85521275e-01
 7.20728600e+03  8.79004681e-01
 7.20818600e+03  8.62326976e-01
 7.20908600e+03  8.48639424e-01
 7.20998700e+03  8.48814889e-01
 7.21088700e+03  8.58897502e-01
 7.21178700e+03  8.72160245e-01
 7.21268800e+03  8.83484303e-01
 7.21358800e+03  8.84992243e-01
 7.21448800e+03  8.77465738e-01
 7.21538800e+03  8.69567196e-01
 7.21628800e+03  8.65578347e-01
 7.21718900e+03  8.65756450e-01
 7.21808900e+03  8.70377895e-01
 7.21898900e+03  8.78064692e-01
 7.21988900e+03  8.83291028e-01
 7.22078900e+03  8.82226368e-01
 7.22169000e+03  8.77331831e-01
 7.22259000e+03  8.72914215e-01
 7.22349000e+03  8.69830393e-01
 7.22439000e+03  8.66210943e-01
 7.22529100e+03  8.65081637e-01
 7.22619100e+03  8.71069859e-01
 7.22709100e+03  8.79980950e-01
 7.22799100e+03  8.85721806e-01
 7.22889200e+03  8.85983023e-01
 7.22979200e+03  8.80589139e-01
 7.23069200e+03  8.76219676e-01
 7.23159200e+03  8.79568014e-01
 7.23249300e+03  8.86958633e-01
 7.23339300e+03  8.92176393e-01
 7.23429300e+03  8.93608474e-01
 7.23519400e+03  8.94348591e-01
 7.23609400e+03  8.93849903e-01
 7.23699400e+03  8.89463290e-01
 7.23789400e+03  8.83988269e-01
 7.23879400e+03  8.82262648e-01
 7.23969500e+03  8.82974401e-01
 7.24059500e+03  8.81780450e-01
 7.24149500e+03  8.79184103e-01
 7.24239500e+03  8.80682808e-01
 7.24329500e+03  8.87285155e-01
 7.24419600e+03  8.90720565e-01
 7.24509600e+03  8.84864272e-01
 7.24599600e+03  8.74825855e-01
 7.24689600e+03  8.69908231e-01
 7.24779700e+03  8.75558716e-01
 7.24869700e+03  8.86861665e-01
 7.24959700e+03  8.94641472e-01
 7.25049800e+03  8.93985129e-01
 7.25139800e+03  8.86616279e-01
 7.25229800e+03  8.77040270e-01
 7.25319800e+03  8.71581740e-01
 7.25409900e+03  8.73757236e-01
 7.25499900e+03  8.79862874e-01
 7.25589900e+03  8.84459253e-01
 7.25679900e+03  8.87436872e-01
 7.25770000e+03  8.91827443e-01
 7.25860000e+03  8.95865766e-01
 7.25950000e+03  8.97128978e-01
 7.26040000e+03  8.93372323e-01
 7.26130000e+03  8.87301646e-01
 7.26220100e+03  8.74430070e-01
 7.26310100e+03  8.62444392e-01
 7.26400100e+03  8.65666739e-01
 7.26490100e+03  8.78419579e-01
 7.26580100e+03  8.86502161e-01
 7.26670200e+03  8.89237692e-01
 7.26760200e+03  8.92423099e-01
 7.26850200e+03  8.96291234e-01
 7.26940300e+03  8.97159322e-01
 7.27030300e+03  8.94501628e-01
 7.27120300e+03  8.90756186e-01
 7.27210300e+03  8.86383426e-01
 7.27300300e+03  8.82544974e-01
 7.27390400e+03  8.81927550e-01
 7.27480400e+03  8.83353694e-01
 7.27570400e+03  8.85303593e-01
 7.27660500e+03  8.87721837e-01
 7.27750500e+03  8.90851174e-01
 7.27840500e+03  8.91832720e-01
 7.27930500e+03  8.89131490e-01
 7.28020600e+03  8.86248859e-01
 7.28110600e+03  8.85536446e-01
 7.28200600e+03  8.82440091e-01
 7.28290600e+03  8.73273719e-01
 7.28380600e+03  8.62348744e-01
 7.28470700e+03  8.58128361e-01
 7.28560700e+03  8.62012987e-01
 7.28650700e+03  8.69747938e-01
 7.28740700e+03  8.79228299e-01
 7.28830700e+03  8.84946727e-01
 7.28920800e+03  8.80734919e-01
 7.29010800e+03  8.70019710e-01
 7.29100800e+03  8.63123163e-01
 7.29190800e+03  8.61198990e-01
 7.29280900e+03  8.58667288e-01
 7.29370900e+03  8.56723325e-01
 7.29460900e+03  8.60531433e-01
 7.29551000e+03  8.71156272e-01
 7.29641000e+03  8.83238917e-01
 7.29731000e+03  8.93478525e-01
 7.29821100e+03  8.98343377e-01
 7.29911100e+03  8.94688966e-01
 7.30001100e+03  8.86884093e-01
 7.30091100e+03  8.81139939e-01
 7.30181100e+03  8.79929498e-01
 7.30271200e+03  8.81593772e-01
 7.30361200e+03  8.83459237e-01
 7.30451200e+03  8.85053589e-01
 7.30541200e+03  8.87490303e-01
 7.30631200e+03  8.89829390e-01
 7.30721300e+03  8.88398629e-01
 7.30811300e+03  8.81735595e-01
 7.30901300e+03  8.73803411e-01
 7.30991300e+03  8.70466287e-01
 7.31081400e+03  8.74234816e-01
 7.31171400e+03  8.76709130e-01
 7.31261400e+03  8.73534937e-01
 7.31351500e+03  8.73292849e-01
 7.31441500e+03  8.79530415e-01
 7.31531500e+03  8.86554932e-01
 7.31621500e+03  8.88260104e-01
 7.31711500e+03  8.84515982e-01
 7.31801600e+03  8.80002718e-01
 7.31891600e+03  8.78564041e-01
 7.31981600e+03  8.94278669e-01
 7.32071700e+03  9.83028095e-01
 7.32161700e+03  1.12309891e+00
 7.32251700e+03  1.09270529e+00
 7.32341700e+03  9.53096223e-01
 7.32431700e+03  8.92520726e-01
 7.32521800e+03  8.78643198e-01
 7.32611800e+03  8.72400355e-01
 7.32701800e+03  8.68263086e-01
 7.32791800e+03  8.68812567e-01
 7.32881800e+03  8.77591070e-01
 7.32971900e+03  8.90588637e-01
 7.33061900e+03  9.30543755e-01
 7.33151900e+03  1.03745640e+00
 7.33241900e+03  1.08223811e+00
 7.33332000e+03  9.78832778e-01
 7.33422000e+03  9.00528109e-01
 7.33512000e+03  8.84406481e-01
 7.33602000e+03  8.84529834e-01
 7.33692100e+03  8.88864995e-01
 7.33782100e+03  8.94065605e-01
 7.33872100e+03  8.96272764e-01
 7.33962200e+03  8.95555075e-01
 7.34052200e+03  8.94604532e-01
 7.34142200e+03  8.95597951e-01
 7.34232200e+03  8.97830177e-01
 7.34322300e+03  8.99080197e-01
 7.34412300e+03  8.94245687e-01
 7.34502300e+03  8.82457242e-01
 7.34592300e+03  8.72987435e-01
 7.34682300e+03  8.74967018e-01
 7.34772400e+03  8.83737605e-01
 7.34862400e+03  8.90502224e-01
 7.34952400e+03  8.93848583e-01
 7.35042400e+03  8.92987752e-01
 7.35132400e+03  8.86658496e-01
 7.35222500e+03  8.78767870e-01
 7.35312500e+03  8.76062022e-01
 7.35402500e+03  8.78934759e-01
 7.35492600e+03  8.80056808e-01
 7.35582600e+03  8.74648411e-01
 7.35672600e+03  8.65589561e-01
 7.35762600e+03  8.56326881e-01
 7.35852700e+03  8.59567038e-01
 7.35942700e+03  8.72806034e-01
 7.36032700e+03  8.86823406e-01
 7.36122700e+03  8.92824820e-01
 7.36212800e+03  8.88365647e-01
 7.36302800e+03  8.77686058e-01
 7.36392800e+03  8.68327731e-01
 7.36482800e+03  8.65999198e-01
 7.36572900e+03  8.70220901e-01
 7.36662900e+03  8.76081811e-01
 7.36752900e+03  8.79640575e-01
 7.36842900e+03  8.82858304e-01
 7.36932900e+03  8.85632754e-01
 7.37023000e+03  8.85488293e-01
 7.37113000e+03  8.84112941e-01
 7.37203000e+03  8.86909160e-01
 7.37293000e+03  8.91661214e-01
 7.37383100e+03  8.93114403e-01
 7.37473100e+03  8.90806319e-01
 7.37563100e+03  8.87643340e-01
 7.37653100e+03  8.84438144e-01
 7.37743200e+03  8.82507375e-01
 7.37833200e+03  8.83588526e-01
 7.37923200e+03  8.87527903e-01
 7.38013200e+03  8.91352502e-01
 7.38103300e+03  8.91628232e-01
 7.38193300e+03  8.86155190e-01
 7.38283300e+03  8.76553455e-01
 7.38373400e+03  8.68380502e-01
 7.38463400e+03  8.64640997e-01
 7.38553400e+03  8.61953619e-01
 7.38643400e+03  8.54768149e-01
 7.38733400e+03  8.47262094e-01
 7.38823500e+03  8.44446086e-01
 7.38913500e+03  8.43721141e-01
 7.39003500e+03  8.40851702e-01
 7.39093500e+03  8.38159707e-01
 7.39183500e+03  8.42706613e-01
 7.39273600e+03  8.51680370e-01
 7.39363600e+03  8.55115780e-01
 7.39453600e+03  8.52504261e-01
 7.39543600e+03  8.52586057e-01
 7.39633700e+03  8.58757658e-01
 7.39723700e+03  8.63972121e-01
 7.39813700e+03  8.64761052e-01
 7.39903800e+03  8.64218167e-01
 7.39993800e+03  8.61481316e-01
 7.40083800e+03  8.56582162e-01
 7.40173800e+03  8.53101236e-01
 7.41000000e+03  8.93574173e-01
 7.43000000e+03  8.99584162e-01
 7.45000000e+03  9.01317699e-01
 7.47000000e+03  9.02301224e-01
 7.49000000e+03  9.00039974e-01
 7.51000000e+03  9.04908785e-01
 7.53000000e+03  9.09474820e-01
 7.55000000e+03  9.12767748e-01
 7.57000000e+03  9.08518341e-01
 7.59000000e+03  9.03361267e-01
 7.61000000e+03  8.99825591e-01
 7.63000000e+03  8.98227940e-01
 7.65000000e+03  8.95243065e-01
 7.67000000e+03  8.78805469e-01
 7.69000000e+03  8.90329398e-01
 7.71000000e+03  8.84287086e-01
 7.73000000e+03  9.00319662e-01
 7.75000000e+03  9.13338338e-01
 7.77000000e+03  9.05943762e-01
 7.79000000e+03  8.95033958e-01
 7.81000000e+03  8.88631482e-01
 7.83000000e+03  8.84413078e-01
 7.85000000e+03  8.77730254e-01
 7.87000000e+03  8.79672897e-01
 7.89000000e+03  8.65871228e-01
 7.91000000e+03  8.55290585e-01
 7.93000000e+03  8.55592701e-01
 7.95000000e+03  8.50369003e-01
 7.97000000e+03  8.66373874e-01
 7.99000000e+03  8.64220146e-01
 8.01000000e+03  8.68418102e-01
 8.03000000e+03  8.68695151e-01
 8.05000000e+03  8.65706317e-01
 8.07000000e+03  8.63932542e-01
 8.09000000e+03  8.54289250e-01
 8.11000000e+03  8.55291245e-01
 8.13000000e+03  8.61904806e-01
 8.15000000e+03  8.61697679e-01
 8.17000000e+03  8.63208916e-01
 8.19000000e+03  8.51891455e-01
 8.21000000e+03  8.51498309e-01
 8.23000000e+03  8.48138097e-01
 8.25000000e+03  8.35852942e-01
 8.27000000e+03  8.30970939e-01
 8.29000000e+03  8.24738650e-01
 8.31000000e+03  8.08752909e-01
 8.33000000e+03  8.07202093e-01
 8.35000000e+03  8.09058982e-01
 8.37000000e+03  8.09308986e-01
 8.39000000e+03  7.98026486e-01
 8.41000000e+03  8.09646063e-01
 8.43000000e+03  7.99071357e-01
 8.45000000e+03  7.98424909e-01
 8.47000000e+03  7.89862768e-01
 8.49000000e+03  8.07553682e-01
 8.51000000e+03  7.67359114e-01
 8.53000000e+03  8.11098593e-01
 8.55000000e+03  7.48038887e-01
 8.57000000e+03  8.31166852e-01
 8.59000000e+03  8.01465854e-01
 8.61000000e+03  7.93485517e-01
 8.63000000e+03  8.29494003e-01
 8.65000000e+03  8.17925877e-01
 8.67000000e+03  7.37160747e-01
 8.69000000e+03  8.07846562e-01
 8.71000000e+03  8.28879877e-01
 8.73000000e+03  8.19996491e-01
 8.75000000e+03  7.64878204e-01
 8.77000000e+03  8.13292559e-01
 8.79000000e+03  8.29503897e-01
 8.81000000e+03  8.21831612e-01
 8.83000000e+03  8.21132393e-01
 8.85000000e+03  8.01443427e-01
 8.87000000e+03  7.55799564e-01
 8.89000000e+03  8.13155353e-01
 8.91000000e+03  8.26862694e-01
 8.93000000e+03  8.17838805e-01
 8.95000000e+03  8.18509660e-01
 8.97000000e+03  8.18937107e-01
 8.99000000e+03  8.22561175e-01
 9.01000000e+03  7.91211734e-01
 9.03000000e+03  9.03934495e-01
 9.05000000e+03  1.25710961e+00
 9.07000000e+03  1.55851280e+00
 9.09000000e+03  1.27460527e+00
 9.11000000e+03  9.18517839e-01
 9.13000000e+03  8.25082323e-01
 9.15000000e+03  8.09776012e-01
 9.17000000e+03  8.02310855e-01
 9.19000000e+03  8.04124208e-01
 9.21000000e+03  7.99213180e-01
 9.23000000e+03  7.75908062e-01
 9.25000000e+03  7.96622770e-01
 9.27000000e+03  7.86071811e-01
 9.29000000e+03  7.84243286e-01
 9.31000000e+03  7.87086339e-01
 9.33000000e+03  7.83491955e-01
 9.35000000e+03  7.81795358e-01
 9.37000000e+03  7.73905392e-01
 9.39000000e+03  7.76433136e-01
 9.41000000e+03  7.59946068e-01
 9.43000000e+03  7.73946949e-01
 9.45000000e+03  7.64846541e-01
 9.47000000e+03  7.84189855e-01
 9.49000000e+03  9.61268516e-01
 9.51000000e+03  1.77052209e+00
 9.53000000e+03  2.72394946e+00
 9.55000000e+03  2.14718901e+00
 9.57000000e+03  1.14600429e+00
 9.59000000e+03  8.05053642e-01
 9.61000000e+03  7.57656454e-01
 9.63000000e+03  7.53825258e-01
 9.65000000e+03  7.50126651e-01
 9.67000000e+03  7.46310628e-01
 9.69000000e+03  7.51786308e-01
 9.71000000e+03  7.49657646e-01
 9.73000000e+03  7.46657599e-01
 9.75000000e+03  7.41976126e-01
 9.77000000e+03  7.43185248e-01
 9.79000000e+03  7.36436461e-01
 9.81000000e+03  7.45638453e-01
 9.83000000e+03  7.41685884e-01
 9.85000000e+03  7.42803316e-01
 9.87000000e+03  7.38933862e-01
 9.89000000e+03  7.36716808e-01
 9.91000000e+03  7.34949630e-01
 9.93000000e+03  7.37452308e-01
 9.95000000e+03  7.40195755e-01
 9.97000000e+03  7.46273028e-01
 9.99000000e+03  7.52317319e-01
 1.00250000e+04  7.54009958e-01
 1.00750000e+04  7.41462926e-01
 1.01250000e+04  7.31791268e-01
 1.01750000e+04  7.10835792e-01
 1.02250000e+04  7.08980221e-01
 1.02750000e+04  7.13274485e-01
 1.03250000e+04  7.07143121e-01
 1.03750000e+04  6.98278205e-01
 1.04250000e+04  6.90979277e-01
 1.04750000e+04  6.80719879e-01
 1.05250000e+04  6.78013372e-01
 1.05750000e+04  6.71898500e-01
 1.06250000e+04  6.68577207e-01
 1.06750000e+04  6.58735626e-01
 1.07250000e+04  6.79351784e-01
 1.07750000e+04  7.70244384e-01
 1.08250000e+04  8.76453849e-01
 1.08750000e+04  8.31144424e-01
 1.09250000e+04  7.35081558e-01
 1.09750000e+04  6.86475907e-01
 1.10250000e+04  6.36462253e-01
 1.10750000e+04  6.13655823e-01
 1.11250000e+04  6.07883502e-01
 1.11750000e+04  6.03513182e-01
 1.12250000e+04  6.02184401e-01
 1.12750000e+04  5.93618237e-01
 1.13250000e+04  5.91112128e-01
 1.13750000e+04  5.88419803e-01
 1.14250000e+04  5.83011209e-01
 1.14750000e+04  5.86955071e-01
 1.15250000e+04  5.83243798e-01
 1.15750000e+04  5.77489617e-01
 1.16250000e+04  5.69925777e-01
 1.16750000e+04  5.67389523e-01
 1.17250000e+04  5.70004274e-01
 1.17750000e+04  5.59535507e-01
 1.18250000e+04  5.57360539e-01
 1.18750000e+04  5.51090848e-01
 1.19250000e+04  5.56331631e-01
 1.19750000e+04  5.41473810e-01
 1.20250000e+04  5.45642345e-01
 1.20750000e+04  5.40026623e-01
 1.21250000e+04  5.39271994e-01
 1.21750000e+04  5.39280503e-01
 1.22250000e+04  5.34994749e-01
 1.22750000e+04  5.30670208e-01
 1.23250000e+04  5.27584672e-01
 1.23750000e+04  5.25145319e-01
 1.24250000e+04  5.20454809e-01
 1.24750000e+04  5.19356177e-01
 1.25250000e+04  5.15876307e-01
 1.25750000e+04  5.14647593e-01
 1.26250000e+04  5.11090809e-01
 1.26750000e+04  5.07775255e-01
 1.27250000e+04  5.34269078e-01
 1.27750000e+04  6.24827306e-01
 1.28250000e+04  6.65583756e-01
 1.28750000e+04  5.99158496e-01
 1.29250000e+04  5.12010085e-01
 1.29750000e+04  4.93701681e-01
 1.30250000e+04  4.87546505e-01
 1.30750000e+04  4.87657456e-01
 1.31250000e+04  4.80871927e-01
 1.31750000e+04  4.79016159e-01
 1.32250000e+04  4.78237122e-01
 1.32750000e+04  4.71620527e-01
 1.33250000e+04  4.70487330e-01
 1.33750000e+04  4.64192111e-01
 1.34250000e+04  4.64727938e-01
 1.34750000e+04  4.62414906e-01
 1.35250000e+04  4.59729178e-01
 1.35750000e+04  4.53990169e-01
 1.36250000e+04  4.52559209e-01
 1.36750000e+04  4.51832285e-01
 1.37250000e+04  4.50397566e-01
 1.37750000e+04  4.48431967e-01
 1.38250000e+04  4.47604514e-01
 1.38750000e+04  4.44005578e-01
 1.39250000e+04  4.40364953e-01
 1.39750000e+04  4.37909571e-01
 1.40250000e+04  4.30951479e-01
 1.40750000e+04  4.28190288e-01
 1.41250000e+04  4.21304559e-01
 1.41750000e+04  4.21500142e-01
 1.42250000e+04  4.16987274e-01
 1.42750000e+04  4.13284379e-01
 1.43250000e+04  4.17512348e-01
 1.43750000e+04  4.18590334e-01
 1.44250000e+04  4.08808319e-01
 1.44750000e+04  4.13748964e-01
 1.45250000e+04  4.08566560e-01
 1.45700000e+04  4.08759703e-01
 1.46200000e+04  4.02826958e-01
 1.46750000e+04  3.98171277e-01
 1.47250000e+04  3.94635271e-01
 1.47750000e+04  3.94093442e-01
 1.48250000e+04  3.94300635e-01
 1.48750000e+04  3.90969976e-01
 1.49250000e+04  3.96277712e-01
 1.49750000e+04  3.92980957e-01
 1.50250000e+04  3.87974414e-01
 1.50750000e+04  3.85533544e-01
 1.51250000e+04  3.88667631e-01
 1.51750000e+04  3.89053323e-01
 1.52250000e+04  3.88889996e-01
 1.52750000e+04  3.87996446e-01
 1.53250000e+04  3.87452044e-01
 1.53750000e+04  3.89155765e-01
 1.54250000e+04  3.85017309e-01
 1.54750000e+04  3.88781089e-01
 1.55250000e+04  3.85696475e-01
 1.55750000e+04  3.71133250e-01
 1.56250000e+04  3.80078708e-01
 1.56750000e+04  3.75984580e-01
 1.57250000e+04  3.76533995e-01
 1.57750000e+04  3.63217030e-01
 1.58250000e+04  3.66137920e-01
 1.58750000e+04  3.58525729e-01
 1.59250000e+04  3.70569917e-01
 1.59750000e+04  3.66286603e-01
 1.60500000e+04  3.67891444e-01
 1.61500000e+04  3.66447952e-01
 1.62500000e+04  3.64224763e-01
 1.63500000e+04  3.65193117e-01
 1.64500000e+04  3.52159731e-01
 1.65500000e+04  3.60374373e-01
 1.66500000e+04  3.52681243e-01
 1.67500000e+04  3.47923648e-01
 1.68500000e+04  3.37816892e-01
 1.69500000e+04  3.42390843e-01
 1.70500000e+04  3.35515932e-01
 1.71500000e+04  3.32247344e-01
 1.72500000e+04  3.27408877e-01
 1.73500000e+04  3.19756645e-01
 1.74500000e+04  3.18933941e-01
 1.75500000e+04  3.10563822e-01
 1.76500000e+04  3.05695605e-01
 1.77500000e+04  2.97745809e-01
 1.78500000e+04  2.94136912e-01
 1.79500000e+04  2.91696966e-01
 1.80500000e+04  2.88820931e-01
 1.81500000e+04  2.87103688e-01
 1.82500000e+04  2.82876312e-01
 1.83500000e+04  2.74630865e-01
 1.84500000e+04  2.70573215e-01
 1.85500000e+04  2.97673908e-01
 1.86500000e+04  4.11871824e-01
 1.87500000e+04  5.17253439e-01
 1.88500000e+04  4.23229062e-01
 1.89500000e+04  2.85804261e-01
 1.90500000e+04  2.50768350e-01
 1.91500000e+04  2.43781234e-01
 1.92500000e+04  2.41901983e-01
 1.93500000e+04  2.42513998e-01
 1.94500000e+04  2.40518320e-01
 1.95500000e+04  2.35539481e-01
 1.96500000e+04  2.25280216e-01
 1.97500000e+04  2.18936514e-01
 1.98500000e+04  2.16818208e-01
 1.99500000e+04  2.14307416e-01
 2.00500000e+04  2.21271577e-01
 2.01500000e+04  2.18655770e-01
 2.02500000e+04  2.14138614e-01
 2.03500000e+04  2.11673800e-01
 2.04500000e+04  2.10062165e-01
 2.05500000e+04  2.06627018e-01
 2.06500000e+04  2.04099405e-01
 2.07500000e+04  2.02074241e-01
 2.08500000e+04  2.00164844e-01
 2.09500000e+04  1.97085904e-01
 2.10500000e+04  1.96157855e-01
 2.11500000e+04  1.93166646e-01
 2.12500000e+04  1.91207447e-01
 2.13500000e+04  1.89440136e-01
 2.14500000e+04  1.89300424e-01
 2.15500000e+04  1.96049674e-01
 2.16500000e+04  2.01325087e-01
 2.17500000e+04  1.93614147e-01
 2.18500000e+04  1.80817242e-01
 2.19500000e+04  1.76140387e-01
 2.20500000e+04  1.85671805e-01
 2.21500000e+04  1.85184396e-01
 2.22500000e+04  1.81549114e-01
 2.23500000e+04  1.78894389e-01
 2.24500000e+04  1.76708734e-01
 2.25500000e+04  1.74468989e-01
 2.26500000e+04  1.71379692e-01
 2.27500000e+04  1.70762334e-01
 2.28500000e+04  1.67082922e-01
 2.29500000e+04  1.46713207e-01
 2.30500000e+04  1.53172412e-01
 2.31500000e+04  1.52103991e-01
 2.32500000e+04  1.36391671e-01
 2.33500000e+04  1.43315264e-01
 2.34500000e+04  1.38752329e-01
 2.35500000e+04  1.27525238e-01
 2.36500000e+04  1.34414529e-01
 2.37500000e+04  1.30208262e-01
 2.38500000e+04  1.21796585e-01
 2.39500000e+04  1.27396278e-01
 2.40500000e+04  1.25187272e-01
 2.41500000e+04  1.17810572e-01
 2.42500000e+04  1.21935308e-01
 2.43500000e+04  1.19611986e-01
 2.44500000e+04  1.15544046e-01
 2.45500000e+04  1.15355058e-01
 2.46500000e+04  1.16483045e-01
 2.47500000e+04  1.13228376e-01
 2.48500000e+04  1.07703486e-01
 2.49500000e+04  1.07382571e-01
 2.50500000e+04  1.09506483e-01
 2.51500000e+04  1.05232009e-01
 2.52500000e+04  1.06934477e-01
 2.53500000e+04  1.07437519e-01
 2.54500000e+04  1.06410392e-01
 2.55500000e+04  1.05747980e-01
 2.56500000e+04  1.05486696e-01
 2.57500000e+04  1.06219689e-01
 2.58500000e+04  1.03624662e-01
 2.59500000e+04  1.05044869e-01
 2.60500000e+04  1.09164723e-01
 2.61500000e+04  1.24809496e-01
 2.62500000e+04  1.39909669e-01
 2.63500000e+04  1.27289350e-01
 2.64500000e+04  1.06823393e-01
 2.65500000e+04  9.97099558e-02
 2.66500000e+04  9.79513528e-02
 2.67500000e+04  9.81481237e-02
 2.68500000e+04  9.76445537e-02
 2.69500000e+04  9.59198563e-02
 2.70500000e+04  9.60625366e-02
 2.71500000e+04  9.50781543e-02
 2.72500000e+04  9.45952311e-02
 2.73500000e+04  9.29942822e-02
 2.74500000e+04  9.28981066e-02
 2.75500000e+04  9.19776434e-02
 2.76500000e+04  9.12298744e-02
 2.77500000e+04  9.01809132e-02
 2.78500000e+04  8.98942991e-02
 2.79500000e+04  8.95688982e-02
 2.80500000e+04  8.83121501e-02
 2.81500000e+04  8.75568611e-02
 2.82500000e+04  8.72865402e-02
 2.83500000e+04  8.69549386e-02
 2.84500000e+04  8.63090840e-02
 2.85500000e+04  8.52890811e-02
 2.86500000e+04  8.44899260e-02
 2.87500000e+04  8.38604305e-02
 2.88500000e+04  8.35928141e-02
 2.89500000e+04  8.31191259e-02
 2.90500000e+04  8.24838916e-02
 2.91500000e+04  8.20803232e-02
 2.92500000e+04  8.11721294e-02
 2.93500000e+04  8.06855781e-02
 2.94500000e+04  7.95368792e-02
 2.95500000e+04  7.92898436e-02
 2.96500000e+04  7.86662850e-02
 2.97500000e+04  7.79974749e-02
 2.98500000e+04  7.78322348e-02
 2.99500000e+04  7.73711457e-02
 3.00500000e+04  7.82580331e-02
 3.01500000e+04  7.82570436e-02
 3.02500000e+04  7.93154377e-02
 3.03500000e+04  8.10022058e-02
 3.04500000e+04  8.07500910e-02
 3.05500000e+04  7.81200362e-02
 3.06500000e+04  7.69022069e-02
 3.07500000e+04  7.68250949e-02
 3.08500000e+04  7.67396054e-02
 3.09500000e+04  7.69047795e-02
 3.10500000e+04  7.73497074e-02
 3.11500000e+04  7.76590131e-02
 3.12500000e+04  7.85788166e-02
 3.13500000e+04  7.94029721e-02
 3.14500000e+04  8.03308232e-02
 3.15500000e+04  8.15293250e-02
 3.16500000e+04  8.32345631e-02
 3.17500000e+04  8.54598622e-02
 3.18500000e+04  8.80377394e-02
 3.19500000e+04  9.14016449e-02
 3.21000000e+04  9.79322892e-02
 3.23000000e+04  1.13266305e-01
 3.25000000e+04  1.47325156e-01
 3.27000000e+04  2.40641211e-01
 3.29000000e+04  5.14021594e-01
 3.31000000e+04  5.12283176e-01
 3.33000000e+04  2.36573798e-01
 3.35000000e+04  1.41191813e-01
 3.37000000e+04  1.05528386e-01
 3.39000000e+04  8.86434878e-02
 3.41000000e+04  7.92782340e-02
 3.43000000e+04  7.36549919e-02
 3.45000000e+04  6.97532151e-02
 3.47000000e+04  6.66598284e-02
 3.49000000e+04  6.42118873e-02
 3.51000000e+04  6.21047695e-02
 3.53000000e+04  6.00867428e-02
 3.55000000e+04  5.84105487e-02
 3.57000000e+04  5.70864644e-02
 3.59000000e+04  5.58770126e-02
 3.61000000e+04  5.48013689e-02
 3.63000000e+04  5.39134788e-02
 3.65000000e+04  5.30966981e-02
 3.67000000e+04  5.26333332e-02
 3.69000000e+04  5.21231603e-02
 3.71000000e+04  5.33740310e-02
 3.73000000e+04  5.63302255e-02
 3.75000000e+04  5.65466406e-02
 3.77000000e+04  5.54684177e-02
 3.79000000e+04  5.54232851e-02
 3.81000000e+04  5.64752872e-02
 3.83000000e+04  5.77120284e-02
 3.85000000e+04  5.89052729e-02
 3.87000000e+04  5.88427521e-02
 3.89000000e+04  5.88337876e-02
 3.91000000e+04  5.83779756e-02
 3.93000000e+04  5.75980688e-02
 3.95000000e+04  5.66878499e-02
 3.97000000e+04  5.59496193e-02
 3.99000000e+04  5.53775653e-02
 4.01000000e+04  5.86210006e-02
 4.03000000e+04  7.50748693e-02
 4.05000000e+04  9.21071969e-02
 4.07000000e+04  7.84730101e-02
 4.09000000e+04  5.76505037e-02
 4.11000000e+04  5.08295448e-02
 4.13000000e+04  4.93988955e-02
 4.15000000e+04  4.84582342e-02
 4.17000000e+04  4.79423223e-02
 4.19000000e+04  4.76254835e-02
 4.21000000e+04  4.72364668e-02
 4.23000000e+04  4.68972134e-02
 4.25000000e+04  4.65017718e-02
 4.27000000e+04  4.64380505e-02
 4.29000000e+04  4.60050027e-02
 4.31000000e+04  4.56356301e-02
 4.33000000e+04  4.57337253e-02
 4.35000000e+04  4.53744650e-02
 4.37000000e+04  4.56892589e-02
 4.39000000e+04  4.60713230e-02
 4.41000000e+04  4.62529948e-02
 4.43000000e+04  4.67645794e-02
 4.45000000e+04  4.71388201e-02
 4.47000000e+04  4.66603429e-02
 4.49000000e+04  4.63655559e-02
 4.51000000e+04  4.58896645e-02
 4.53000000e+04  4.53870114e-02
 4.55000000e+04  4.50877125e-02
 4.57000000e+04  4.46889792e-02
 4.59000000e+04  4.42211486e-02
 4.61000000e+04  4.47310577e-02
 4.63000000e+04  4.72887170e-02
 4.65000000e+04  5.05099421e-02
 4.67000000e+04  4.86228476e-02
 4.69000000e+04  4.47351673e-02
 4.71000000e+04  4.34845604e-02
 4.73000000e+04  4.35561711e-02
 4.75000000e+04  4.35248777e-02
 4.77000000e+04  4.28846631e-02
 4.79000000e+04  4.23061711e-02
 4.81000000e+04  4.16817549e-02
 4.83000000e+04  4.12088912e-02
 4.85000000e+04  4.06152604e-02
 4.87000000e+04  4.00252181e-02
 4.89000000e+04  3.94453804e-02
 4.91000000e+04  3.87850533e-02
 4.93000000e+04  3.81735463e-02
 4.95000000e+04  3.77938767e-02
 4.97000000e+04  3.80155491e-02
 4.99000000e+04  3.81653931e-02
 5.01000000e+04  3.84324620e-02
 5.03000000e+04  3.86318451e-02
 5.05000000e+04  3.90179660e-02
 5.07000000e+04  4.02343111e-02
 5.09000000e+04  4.16239769e-02
 5.11000000e+04  4.35250096e-02
 5.13000000e+04  4.52037301e-02
 5.15000000e+04  4.56863499e-02
 5.17000000e+04  4.60722663e-02
 5.19000000e+04  4.68442179e-02
 5.21000000e+04  4.78033557e-02
 5.23000000e+04  4.87603234e-02
 5.25000000e+04  4.96073091e-02
 5.27000000e+04  4.96870333e-02
 5.29000000e+04  4.96560829e-02
 5.31000000e+04  4.96894674e-02
 5.33000000e+04  4.97969097e-02
 5.35000000e+04  4.98178071e-02
 5.37000000e+04  4.97372848e-02
 5.39000000e+04  4.96916442e-02
 5.41000000e+04  4.96298292e-02
 5.43000000e+04  4.95308897e-02
 5.45000000e+04  4.95055661e-02
 5.47000000e+04  5.01270864e-02
 5.49000000e+04  5.10918511e-02
 5.51000000e+04  5.20099263e-02
 5.53000000e+04  5.30260505e-02
 5.55000000e+04  5.39141253e-02
 5.57000000e+04  5.48301820e-02
 5.59000000e+04  5.56606965e-02
 5.61000000e+04  5.65558426e-02
 5.63000000e+04  5.74097149e-02
 5.65000000e+04  5.83673554e-02
 5.67000000e+04  5.98172333e-02
 5.69000000e+04  6.14953271e-02
 5.71000000e+04  6.32671032e-02
 5.73000000e+04  6.50615313e-02
 5.75000000e+04  6.69247402e-02
 5.77000000e+04  6.91598680e-02
 5.79000000e+04  7.16278490e-02
 5.81000000e+04  7.41749869e-02
 5.83000000e+04  7.68774704e-02
 5.85000000e+04  7.97625424e-02
 5.87000000e+04  8.37016549e-02
 5.89000000e+04  8.87438851e-02
 5.91000000e+04  9.37407980e-02
 5.93000000e+04  9.75260162e-02
 5.95000000e+04  1.01824105e-01
 5.97000000e+04  1.10914883e-01
 5.99000000e+04  1.22498113e-01
 6.01000000e+04  1.35217708e-01
 6.03000000e+04  1.49418263e-01
 6.05000000e+04  1.65588835e-01
 6.07000000e+04  1.89269421e-01
 6.09000000e+04  2.18487562e-01
 6.11000000e+04  2.52203861e-01
 6.13000000e+04  2.91432846e-01
 6.15000000e+04  3.36207829e-01
 6.17000000e+04  3.80264068e-01
 6.19000000e+04  4.22158596e-01
 6.21000000e+04  4.51443427e-01
 6.23000000e+04  4.58896711e-01
 6.25000000e+04  4.43001670e-01
 6.27000000e+04  3.99323538e-01
 6.29000000e+04  3.53782646e-01
 6.31000000e+04  3.12284165e-01
 6.33000000e+04  2.76649630e-01
 6.35000000e+04  2.46574154e-01
 6.37000000e+04  2.20424730e-01
 6.39000000e+04  1.97755110e-01
 6.42000000e+04  1.68763358e-01
 6.46000000e+04  1.39194222e-01
 6.50000000e+04  1.23616535e-01
 6.54000000e+04  1.10752809e-01
 6.58000000e+04  1.04314316e-01
 6.62000000e+04  1.00508781e-01
 6.66000000e+04  9.78180393e-02
 6.70000000e+04  9.65863576e-02
 6.74000000e+04  9.57025705e-02
 6.78000000e+04  9.59067294e-02
 6.82000000e+04  9.65549587e-02
 6.86000000e+04  9.77735795e-02
 6.90000000e+04  1.02911590e-01
 6.94000000e+04  1.14781830e-01
 6.98000000e+04  1.28439698e-01
 7.02000000e+04  1.26707811e-01
 7.06000000e+04  1.19940355e-01
 7.10000000e+04  1.18605835e-01
 7.14000000e+04  1.20095173e-01
 7.18000000e+04  1.25643348e-01
 7.22000000e+04  1.31767258e-01
 7.26000000e+04  1.41535948e-01
 7.30000000e+04  1.58855351e-01
 7.34000000e+04  1.75905423e-01
 7.38000000e+04  1.99827240e-01
 7.42000000e+04  2.28518921e-01
 7.46000000e+04  2.57383032e-01
 7.50000000e+04  2.83022291e-01
 7.54000000e+04  3.06381961e-01
 7.58000000e+04  3.22272516e-01
 7.62000000e+04  3.36889502e-01
 7.66000000e+04  3.46025729e-01
 7.70000000e+04  3.40809881e-01
 7.74000000e+04  3.35680908e-01
 7.78000000e+04  3.22520739e-01
 7.82000000e+04  3.06562967e-01
 7.86000000e+04  2.89048771e-01
 7.90000000e+04  2.67590912e-01
 7.94000000e+04  2.46525803e-01
 7.98000000e+04  2.27429260e-01
 8.02000000e+04  2.08902911e-01
 8.06000000e+04  1.91887141e-01
 8.10000000e+04  1.78227756e-01
 8.14000000e+04  1.64809139e-01
 8.18000000e+04  1.58044982e-01
 8.22000000e+04  1.53250645e-01
 8.26000000e+04  1.49398275e-01
 8.30000000e+04  1.47870019e-01
 8.34000000e+04  1.46366235e-01
 8.38000000e+04  1.48434672e-01
 8.42000000e+04  1.51343095e-01
 8.46000000e+04  1.55055489e-01
 8.50000000e+04  1.60119158e-01
 8.54000000e+04  1.65102482e-01
 8.58000000e+04  1.63730033e-01
 8.62000000e+04  1.58241225e-01
 8.66000000e+04  1.49977968e-01
 8.70000000e+04  1.35230769e-01
 8.74000000e+04  1.20731793e-01
 8.78000000e+04  1.08985696e-01
 8.82000000e+04  9.81627677e-02
 8.86000000e+04  8.80632015e-02
 8.90000000e+04  8.12975271e-02
 8.94000000e+04  8.49267403e-02
 8.98000000e+04  9.71337937e-02
 9.02000000e+04  8.61290680e-02
 9.06000000e+04  6.41157973e-02
 9.10000000e+04  5.60797994e-02
 9.14000000e+04  5.41783577e-02
 9.18000000e+04  5.35489810e-02
 9.22000000e+04  5.33913730e-02
 9.26000000e+04  5.27269561e-02
 9.30000000e+04  5.05642899e-02
 9.34000000e+04  4.84317694e-02
 9.38000000e+04  4.68676945e-02
 9.42000000e+04  4.54355412e-02
 9.46000000e+04  4.44447999e-02
 9.50000000e+04  4.47089598e-02
 9.54000000e+04  4.49650720e-02
 9.58000000e+04  4.52653142e-02
 9.62000000e+04  4.55819551e-02
 9.66000000e+04  4.56736452e-02
 9.70000000e+04  4.47008594e-02
 9.74000000e+04  4.37446503e-02
 9.78000000e+04  4.25739721e-02
 9.82000000e+04  4.13627195e-02
 9.86000000e+04  4.06898460e-02
 9.90000000e+04  4.10953010e-02
 9.94000000e+04  4.14934801e-02
 9.98000000e+04  4.20240360e-02
 1.00000000e+05  4.23027607e-02
 1.00900000e+05  4.01282012e-02
 1.01900000e+05  3.61269967e-02
 1.02800000e+05  3.77988438e-02
 1.03800000e+05  4.70353027e-02
 1.04700000e+05  5.71334111e-02
 1.05700000e+05  5.55967641e-02
 1.06700000e+05  4.82677694e-02
 1.07600000e+05  4.46373887e-02
 1.08600000e+05  4.47117105e-02
 1.09600000e+05  5.67117553e-02
 1.10700000e+05  8.65512383e-02
 1.11700000e+05  1.30487356e-01
 1.12700000e+05  1.61480657e-01
 1.13800000e+05  1.37740439e-01
 1.14800000e+05  1.05678388e-01
 1.15900000e+05  8.47218558e-02
 1.16900000e+05  7.48185987e-02
 1.18000000e+05  7.33300527e-02
 1.19100000e+05  7.49823216e-02
 1.20200000e+05  7.38993229e-02
 1.21300000e+05  7.20741621e-02
 1.22500000e+05  7.56013288e-02
 1.23600000e+05  8.11037246e-02
 1.24700000e+05  8.70966295e-02
 1.25900000e+05  1.08093730e-01
 1.27100000e+05  1.46393544e-01
 1.28200000e+05  1.58205275e-01
 1.29400000e+05  1.02013620e-01
 1.30600000e+05  6.48911262e-02
 1.31800000e+05  5.81604722e-02
 1.33000000e+05  5.63401927e-02
 1.34300000e+05  5.55523306e-02
 1.35500000e+05  5.20246033e-02
 1.36800000e+05  4.84053046e-02
 1.38000000e+05  4.66367212e-02
 1.39300000e+05  4.61357238e-02
 1.40600000e+05  4.51316446e-02
 1.41900000e+05  4.38940986e-02
 1.43200000e+05  4.27025362e-02
 1.44500000e+05  3.60891004e-02
 1.45900000e+05  3.30094738e-02
 1.47200000e+05  3.47908278e-02
 1.48600000e+05  3.45421563e-02
 1.50000000e+05  3.62150588e-02
 1.51400000e+05  3.56885399e-02
 1.52800000e+05  3.73976105e-02
 1.54200000e+05  5.63387877e-02
 1.55600000e+05  7.07172145e-02
 1.57000000e+05  5.08398550e-02
 1.58500000e+05  3.65893787e-02
 1.60000000e+05  4.45588782e-02
 1.61400000e+05  4.48417059e-02
 1.62900000e+05  4.52679462e-02
 1.64400000e+05  4.57024452e-02
 1.66000000e+05  4.61622282e-02
 1.67500000e+05  4.66114437e-02
 1.69000000e+05  4.70419914e-02
 1.70600000e+05  4.74932585e-02
 1.72200000e+05  4.79716302e-02
 1.73800000e+05  4.84363803e-02
 1.75400000e+05  4.88944614e-02
 1.77000000e+05  4.93711972e-02
 1.78600000e+05  4.98232954e-02
 1.80300000e+05  5.03431453e-02
 1.82000000e+05  5.13631482e-02
 1.83700000e+05  5.79929036e-02
 1.85400000e+05  8.17698961e-02
 1.87100000e+05  1.01657348e-01
 1.88800000e+05  8.27109400e-02
 1.90500000e+05  5.99383763e-02
 1.92300000e+05  5.42509842e-02
 1.94100000e+05  5.43101672e-02
 1.95900000e+05  5.48321214e-02
 1.97700000e+05  5.53589503e-02
 1.99500000e+05  5.58909904e-02
 2.01400000e+05  5.64344488e-02
 2.03200000e+05  5.69635469e-02
 2.05100000e+05  5.75241231e-02
 2.07000000e+05  5.80758337e-02
 2.08900000e+05  5.86518058e-02
 2.10900000e+05  5.92269798e-02
 2.12800000e+05  5.98009467e-02
 2.14800000e+05  6.04790973e-02
 2.16800000e+05  6.13136620e-02
 2.18800000e+05  6.20057244e-02
 2.20800000e+05  6.23594239e-02
 2.22800000e+05  6.27787049e-02
 2.24900000e+05  6.33781603e-02
 2.27000000e+05  6.39804126e-02
 2.29100000e+05  6.46230217e-02
 2.31200000e+05  6.52365011e-02
 2.33300000e+05  6.58664913e-02
 2.35500000e+05  6.65201164e-02
 2.37700000e+05  6.71752059e-02
 2.39900000e+05  6.78351108e-02
 2.42100000e+05  6.84902663e-02
 2.44300000e+05  6.91559761e-02
 2.46600000e+05  6.98472799e-02
 2.48900000e+05  7.05348238e-02
 2.51200000e+05  7.12272490e-02
 2.53500000e+05  7.19135395e-02
 2.55900000e+05  7.26415194e-02
 2.58200000e+05  7.33329551e-02
 2.60600000e+05  7.40474783e-02
 2.63000000e+05  7.47725558e-02
 2.65500000e+05  7.55377394e-02
 2.67900000e+05  7.62499538e-02
 2.70400000e+05  7.70152694e-02
 2.72900000e+05  7.77745822e-02
 2.75400000e+05  7.85255835e-02
 2.78000000e+05  7.93146461e-02
 2.80500000e+05  8.00800936e-02
 2.83100000e+05  8.08664517e-02
 2.85800000e+05  8.16886283e-02
 2.88400000e+05  8.24766355e-02
 2.91100000e+05  8.33018465e-02
 2.93800000e+05  8.41221101e-02
 2.96500000e+05  8.49452102e-02
 2.99200000e+05  8.60222062e-02
 3.02000000e+05  8.71446514e-02
 3.04800000e+05  8.77223650e-02
 3.07600000e+05  8.82570041e-02
 3.10500000e+05  8.87475791e-02
 3.13300000e+05  8.91731795e-02
 3.16200000e+05  8.95628295e-02
 3.19200000e+05  8.99156055e-02
 3.22100000e+05  9.02373784e-02
 3.25100000e+05  9.09459648e-02
 3.28100000e+05  9.62423548e-02
 3.31100000e+05  1.18158071e-01
 3.34200000e+05  1.44488105e-01
 3.37300000e+05  1.29705352e-01
 3.40400000e+05  1.01434192e-01
 3.43600000e+05  9.26607677e-02
 3.46700000e+05  9.27523919e-02
 3.49900000e+05  9.25176256e-02
 3.53200000e+05  9.13775020e-02
 3.56500000e+05  9.10720882e-02
 3.59700000e+05  9.11406249e-02
 3.63100000e+05  9.06379784e-02
 3.66400000e+05  8.99720708e-02
 3.69800000e+05  8.95191613e-02
 3.73300000e+05  8.91626253e-02
 3.76700000e+05  8.87774609e-02
 3.80200000e+05  8.84041700e-02
 3.83700000e+05  8.79476324e-02
 3.87300000e+05  8.75364782e-02
 3.90800000e+05  8.70276310e-02
 3.94500000e+05  8.65518320e-02
 3.98100000e+05  8.60150161e-02
 4.01800000e+05  8.54858520e-02
 4.05500000e+05  8.49321493e-02
 4.09300000e+05  8.43863623e-02
 4.13000000e+05  8.37878040e-02
 4.16900000e+05  8.31798129e-02
 4.20700000e+05  8.25986691e-02
 4.24600000e+05  8.20063774e-02
 4.28500000e+05  8.13889534e-02
 4.32500000e+05  8.07624263e-02
 4.36500000e+05  8.01450683e-02
 4.40600000e+05  7.95192668e-02
 4.44600000e+05  7.88894415e-02
 4.48700000e+05  7.82524262e-02
 4.52900000e+05  7.76619815e-02
 4.57100000e+05  7.70336074e-02
 4.61300000e+05  7.64093891e-02
 4.65600000e+05  7.57792999e-02
 4.69900000e+05  7.52086445e-02
 4.74200000e+05  7.46030940e-02
 4.78600000e+05  7.40183882e-02
 4.83100000e+05  7.34224025e-02
 4.87500000e+05  7.28706787e-02
 4.92000000e+05  7.23175037e-02
 4.96600000e+05  7.17884056e-02
 5.01200000e+05  7.12963134e-02
 5.05800000e+05  7.15034407e-02
 5.10500000e+05  7.59213866e-02
 5.15200000e+05  8.62108635e-02
 5.20000000e+05  8.73463036e-02
 5.24800000e+05  7.61547676e-02
 5.29700000e+05  6.94036053e-02
 5.34600000e+05  6.80001530e-02
 5.39500000e+05  6.75343145e-02
 5.44500000e+05  6.71546911e-02
 5.49500000e+05  6.67587086e-02
 5.54600000e+05  6.64063943e-02
 5.59800000e+05  6.62486082e-02
 5.64900000e+05  6.73214484e-02
 5.70200000e+05  7.02768382e-02
 5.75400000e+05  7.03427363e-02
 5.80800000e+05  6.67482203e-02
 5.86100000e+05  6.47520409e-02
 5.91600000e+05  6.42192620e-02
 5.97000000e+05  6.39792253e-02
 6.02600000e+05  6.37586545e-02
 6.08100000e+05  6.35185583e-02
 6.13800000e+05  6.32613841e-02
 6.19400000e+05  6.30258395e-02
 6.25200000e+05  6.28541481e-02
 6.31000000e+05  6.26855900e-02
 6.36800000e+05  6.24714375e-02
 6.42700000e+05  6.22340129e-02
 6.48600000e+05  6.20246429e-02
 6.54600000e+05  6.18504581e-02
 6.60700000e+05  6.16520710e-02
 6.66800000e+05  6.14886251e-02
 6.73000000e+05  6.13000668e-02
 6.79200000e+05  6.11342990e-02
 6.85500000e+05  6.09492762e-02
 6.91800000e+05  6.07658565e-02
 6.98200000e+05  6.05989409e-02
 7.04700000e+05  6.04157849e-02
 7.11200000e+05  6.02243703e-02
 7.17800000e+05  6.00272630e-02
 7.24400000e+05  5.98503802e-02
 7.31100000e+05  5.96446975e-02
 7.37900000e+05  5.94337839e-02
 7.44700000e+05  5.92205813e-02
 7.51600000e+05  5.90024578e-02
 7.58600000e+05  5.87669396e-02
 7.65600000e+05  5.85342512e-02
 7.72700000e+05  5.82852499e-02
 7.79800000e+05  5.80355362e-02
 7.87000000e+05  5.77628604e-02
 7.94300000e+05  5.74874734e-02
 8.01700000e+05  5.71963276e-02
 8.09100000e+05  5.68951487e-02
 8.16600000e+05  5.65869512e-02
 8.24100000e+05  5.62662997e-02
 8.31800000e+05  5.59350280e-02
 8.39500000e+05  5.55909328e-02
 8.47200000e+05  5.52338889e-02
 8.55100000e+05  5.48830522e-02
 8.63000000e+05  5.49929286e-02
 8.71000000e+05  5.77106234e-02
 8.79000000e+05  6.35404650e-02
 8.87200000e+05  6.34994156e-02
 8.95400000e+05  5.67442361e-02
 9.03600000e+05  5.29427841e-02
 9.12000000e+05  5.19608160e-02
 9.20400000e+05  5.14707621e-02
 9.29000000e+05  5.09894946e-02
 9.37600000e+05  5.04955158e-02
 9.46200000e+05  5.00002375e-02
 9.55000000e+05  4.94831646e-02
 9.63800000e+05  4.89661446e-02
 9.72700000e+05  4.84407471e-02
 9.81700000e+05  4.78951778e-02
 9.90800000e+05  4.73431835e-02
 1.00000000e+06  4.67854438e-02
 1.00900000e+06  4.62394194e-02
 1.01900000e+06  4.56156430e-02
 1.02800000e+06  4.50605814e-02
 1.03800000e+06  4.44433025e-02
 1.04700000e+06  4.38809387e-02
 1.05700000e+06  4.32600846e-02
 1.06700000e+06  4.26440788e-02
 1.07600000e+06  4.20798152e-02
 1.08600000e+06  4.14621340e-02
 1.09600000e+06  4.08397626e-02
 1.10700000e+06  4.01603719e-02
 1.11700000e+06  3.95413714e-02
 1.12700000e+06  3.89284065e-02
 1.13800000e+06  3.82634554e-02
 1.14800000e+06  3.76547584e-02
 1.15900000e+06  3.69973931e-02
 1.16900000e+06  3.64025684e-02
 1.18000000e+06  3.57553484e-02
 1.19100000e+06  3.51318820e-02
 1.20200000e+06  3.46052510e-02
 1.21300000e+06  3.41421566e-02
 1.22500000e+06  3.34362813e-02
 1.23600000e+06  3.26442503e-02
 1.24700000e+06  3.19459543e-02
 1.25900000e+06  3.12782194e-02
 1.27100000e+06  3.06296867e-02
 1.28200000e+06  3.00474810e-02
 1.29400000e+06  2.94205845e-02
 1.30600000e+06  2.87974084e-02
 1.31800000e+06  2.81919305e-02
 1.33000000e+06  2.75967034e-02
 1.34300000e+06  2.69578212e-02
 1.35500000e+06  2.63837356e-02
 1.36800000e+06  2.57684422e-02
 1.38000000e+06  2.52143701e-02
 1.39300000e+06  2.46276194e-02
 1.40600000e+06  2.40520562e-02
 1.41900000e+06  2.34874761e-02
 1.43200000e+06  2.29341032e-02
 1.44500000e+06  2.23920168e-02
 1.45900000e+06  2.18231555e-02
 1.47200000e+06  2.13039059e-02
 1.48600000e+06  2.07607376e-02
 1.50000000e+06  2.02243505e-02
 1.51400000e+06  1.97097579e-02
 1.52800000e+06  1.92072302e-02
 1.54200000e+06  1.87362927e-02
 1.55600000e+06  1.83692024e-02
 1.57000000e+06  1.80735843e-02
 1.58500000e+06  1.75580088e-02
 1.60000000e+06  1.68944627e-02
 1.61400000e+06  1.63783266e-02
 1.62900000e+06  1.59146385e-02
 1.64400000e+06  1.54773426e-02
 1.66000000e+06  1.50225465e-02
 1.67500000e+06  1.46125466e-02
 1.69000000e+06  1.42104558e-02
 1.70600000e+06  1.37956801e-02
 1.72200000e+06  1.33937872e-02
 1.73800000e+06  1.30002916e-02
 1.75400000e+06  1.26227988e-02
 1.77000000e+06  1.22567706e-02
 1.78600000e+06  1.19017583e-02
 1.80300000e+06  1.15334082e-02
 1.82000000e+06  1.11803287e-02
 1.83700000e+06  1.08382784e-02
 1.85400000e+06  1.05068352e-02
 1.87100000e+06  1.01855900e-02
 1.88800000e+06  9.87755083e-03
 1.90500000e+06  9.57552098e-03
 1.92300000e+06  9.26964543e-03
 1.94100000e+06  8.97342702e-03
 1.95900000e+06  8.68962305e-03
 1.97700000e+06  8.41155797e-03
 1.99500000e+06  8.14571603e-03
 2.01400000e+06  7.88430028e-03
 2.03200000e+06  7.66550394e-03
 2.05100000e+06  7.44213629e-03
 2.07000000e+06  7.17497507e-03
 2.08900000e+06  6.90751041e-03
 2.10900000e+06  6.66153026e-03
 2.12800000e+06  6.44359080e-03
 2.14800000e+06  6.22460712e-03
 2.16800000e+06  6.01259717e-03
 2.18800000e+06  5.80725882e-03
 2.20800000e+06  5.61329797e-03
 2.22800000e+06  5.42290313e-03
 2.24900000e+06  5.23370555e-03
 2.27000000e+06  5.05054566e-03
 2.29100000e+06  4.87549935e-03
 2.31200000e+06  4.70594785e-03
 2.33300000e+06  4.54390373e-03
 2.35500000e+06  4.38096184e-03
 2.37700000e+06  4.22324694e-03
 2.39900000e+06  4.07265814e-03
 2.42100000e+06  3.92887486e-03
 2.44300000e+06  3.78959166e-03
 2.46600000e+06  3.65166797e-03
 2.48900000e+06  3.51817311e-03
 2.51200000e+06  3.39084656e-03
 2.53500000e+06  3.26753920e-03
 2.55900000e+06  3.14564215e-03
 2.58200000e+06  3.03184615e-03
 2.60600000e+06  2.92109770e-03
 2.63000000e+06  2.81212367e-03
 2.65500000e+06  2.70455601e-03
 2.67900000e+06  2.60580313e-03
 2.70400000e+06  2.50826068e-03
 2.72900000e+06  2.41383835e-03
 2.75400000e+06  2.32400645e-03
 2.78000000e+06  2.23383286e-03
 2.80500000e+06  2.15118709e-03
 2.83100000e+06  2.06963831e-03
 2.85800000e+06  1.98781577e-03
 2.88400000e+06  1.91290957e-03
 2.91100000e+06  1.83908584e-03
 2.93800000e+06  1.76763946e-03
 2.96500000e+06  1.69985541e-03
 2.99200000e+06  1.63421782e-03
 3.02000000e+06  1.56960664e-03
 3.04800000e+06  1.50838404e-03
 3.07600000e+06  1.45039631e-03
 3.10500000e+06  1.39209526e-03
 3.13300000e+06  1.33900801e-03
 3.16200000e+06  1.28555333e-03
 3.19200000e+06  1.23303799e-03
 3.22100000e+06  1.18531032e-03
 3.25100000e+06  1.13781089e-03
 3.28100000e+06  1.09251598e-03
 3.31100000e+06  1.04932862e-03
 3.34200000e+06  1.00669008e-03
 3.37300000e+06  9.66178884e-04
 3.40400000e+06  9.27386713e-04
 3.43600000e+06  8.89415136e-04
 3.46700000e+06  8.54179090e-04
 3.49900000e+06  8.19576959e-04
 3.53200000e+06  7.85639087e-04
 3.56500000e+06  7.53287651e-04
 3.59700000e+06  7.23318839e-04
 3.63100000e+06  6.93064402e-04
 3.66400000e+06  6.65064618e-04
 3.69800000e+06  6.37693671e-04
 3.73300000e+06  6.10790144e-04
 3.76700000e+06  5.85933748e-04
 3.80200000e+06  5.61569444e-04
 3.83700000e+06  5.38320593e-04
 3.87300000e+06  5.15631316e-04
 3.90800000e+06  4.94647673e-04
 3.94500000e+06  4.73533486e-04
 3.98100000e+06  4.53952107e-04
 4.01800000e+06  4.34852135e-04
 4.05500000e+06  4.16664578e-04
 4.09300000e+06  3.98937120e-04
 4.13000000e+06  3.82469907e-04
 4.16900000e+06  3.66031586e-04
 4.20700000e+06  3.50778245e-04
 4.24600000e+06  3.35851953e-04
 4.28500000e+06  3.21737811e-04
 4.32500000e+06  3.07933107e-04
 4.36500000e+06  2.94768321e-04
 4.40600000e+06  2.82025045e-04
 4.44600000e+06  2.70187787e-04
 4.48700000e+06  2.58670916e-04
 4.52900000e+06  2.47474696e-04
 4.57100000e+06  2.36817469e-04
 4.61300000e+06  2.26676082e-04
 4.65600000e+06  2.16879291e-04
 4.69900000e+06  2.07510079e-04
 4.74200000e+06  1.98659016e-04
 4.78600000e+06  1.90011913e-04
 4.83100000e+06  1.81673457e-04
 4.87500000e+06  1.73883426e-04
 4.92000000e+06  1.66374863e-04
 4.96600000e+06  1.59044009e-04
 5.01200000e+06  1.52097461e-04
 5.05800000e+06  1.45518135e-04
 5.10500000e+06  1.39141583e-04
 5.15200000e+06  1.33109297e-04
 5.20000000e+06  1.27222595e-04
 5.24800000e+06  1.21659710e-04
 5.29700000e+06  1.16275522e-04
 5.34600000e+06  1.11152089e-04
 5.39500000e+06  1.06319229e-04
 5.44500000e+06  1.01604643e-04
 5.49500000e+06  9.71629498e-05
 5.54600000e+06  9.28700718e-05
 5.59800000e+06  8.86849792e-05
 5.64900000e+06  8.48191528e-05
 5.70200000e+06  8.10198842e-05
 5.75400000e+06  7.74820973e-05
 5.80800000e+06  7.39705642e-05
 5.86100000e+06  7.07395764e-05
 5.91600000e+06  6.75316760e-05
 5.97000000e+06  6.45527304e-05
 6.02600000e+06  6.16617084e-05
 6.08100000e+06  5.89177137e-05
 6.13800000e+06  5.62570977e-05
 6.19400000e+06  5.37643340e-05
 6.25200000e+06  5.13495530e-05
 6.31000000e+06  4.90443978e-05
 6.36800000e+06  4.68442310e-05
 6.42700000e+06  4.47303717e-05
 6.48600000e+06  4.27428337e-05
 6.54600000e+06  4.08350990e-05
 6.60700000e+06  3.89774772e-05
 6.66800000e+06  3.72079505e-05
 6.73000000e+06  3.55386365e-05
 6.79200000e+06  3.39238088e-05
 6.85500000e+06  3.24033230e-05
 6.91800000e+06  3.09322971e-05
 6.98200000e+06  2.95499863e-05
 7.04700000e+06  2.82046220e-05
 7.11200000e+06  2.69272007e-05
 7.17800000e+06  2.56839884e-05
 7.24400000e+06  2.45274991e-05
 7.31100000e+06  2.34245925e-05
 7.37900000e+06  2.23492390e-05
 7.44700000e+06  2.13373958e-05
 7.51600000e+06  2.03636601e-05
 7.58600000e+06  1.94291334e-05
 7.65600000e+06  1.85458213e-05
 7.72700000e+06  1.76987235e-05
 7.79800000e+06  1.68952147e-05
 7.87000000e+06  1.61252751e-05
 7.94300000e+06  1.53879679e-05
 8.01700000e+06  1.46786427e-05
 8.09100000e+06  1.40091268e-05
 8.16600000e+06  1.33654029e-05
 8.24100000e+06  1.27586387e-05
 8.31800000e+06  1.21673760e-05
 8.39500000e+06  1.16093065e-05
 8.47200000e+06  1.10812110e-05
 8.55100000e+06  1.05685314e-05
 8.63000000e+06  1.00840053e-05
 8.71000000e+06  9.62101643e-06
 8.79000000e+06  9.18099627e-06
 8.87200000e+06  8.75581144e-06
 8.95400000e+06  8.35368766e-06
 9.03600000e+06  7.97200615e-06
 9.12000000e+06  7.60372196e-06
 9.20400000e+06  7.25601197e-06
 9.29000000e+06  6.91798551e-06
 9.37600000e+06  6.59937888e-06
 9.46200000e+06  6.29785564e-06
 9.55000000e+06  6.00495720e-06
 9.63800000e+06  5.72939083e-06
 9.72700000e+06  5.46550539e-06
 9.81700000e+06  5.21294005e-06
 9.90800000e+06  4.97249231e-06
 1.00000000e+07  4.74255397e-06
 1.00900000e+07  4.52836193e-06
 1.01900000e+07  4.30489137e-06
 1.02800000e+07  4.11489892e-06
 1.03800000e+07  3.91540433e-06
 1.04700000e+07  3.74564307e-06
 1.05700000e+07  3.56720291e-06
 1.06700000e+07  3.39881700e-06
 1.07600000e+07  3.25533122e-06
 1.08600000e+07  3.10424439e-06
 1.09600000e+07  2.96152248e-06
 1.10700000e+07  2.81345285e-06
 1.11700000e+07  2.68642643e-06
 1.12700000e+07  2.56623918e-06
 1.13800000e+07  2.44134010e-06
 1.14800000e+07  2.33410225e-06
 1.15900000e+07  2.22255695e-06
 1.16900000e+07  2.12667285e-06
 1.18000000e+07  2.02683090e-06
 1.19100000e+07  1.93258732e-06
 1.20200000e+07  1.84351137e-06
 1.21300000e+07  1.75934711e-06
 1.22500000e+07  1.67272965e-06
 1.23600000e+07  1.59780828e-06
 1.24700000e+07  1.52685860e-06
 1.25900000e+07  1.45372882e-06
 1.27100000e+07  1.38478512e-06
 1.28200000e+07  1.32500976e-06
 1.29400000e+07  1.26332541e-06
 1.30600000e+07  1.20506987e-06
 1.31800000e+07  1.15001425e-06
 1.33000000e+07  1.09794416e-06
 1.34300000e+07  1.04472102e-06
 1.35500000e+07  9.98357494e-07
 1.36800000e+07  9.50885106e-07
 1.38000000e+07  9.09493950e-07
 1.39300000e+07  8.67089585e-07
 1.40600000e+07  8.27042776e-07
 1.41900000e+07  7.89200489e-07
 1.43200000e+07  7.53463116e-07
 1.44500000e+07  7.19687515e-07
 1.45900000e+07  6.85341325e-07
 1.47200000e+07  6.55215056e-07
 1.48600000e+07  6.24556457e-07
 1.50000000e+07  5.95615432e-07
 1.51400000e+07  5.68307744e-07
 1.52800000e+07  5.42511425e-07
 1.54200000e+07  5.18136963e-07
 1.55600000e+07  4.95105002e-07
 1.57000000e+07  4.73273456e-07
 1.58500000e+07  4.51229307e-07
 1.60000000e+07  4.30409057e-07
 1.61400000e+07  4.12023475e-07
 1.62900000e+07  3.93402402e-07
 1.64400000e+07  3.75813799e-07
 1.66000000e+07  3.58097688e-07
 1.67500000e+07  3.42418284e-07
 1.69000000e+07  3.27605912e-07
 1.70600000e+07  3.12639052e-07
 1.72200000e+07  2.98534014e-07
 1.73800000e+07  2.85200557e-07
 1.75400000e+07  2.72606624e-07
 1.77000000e+07  2.60694826e-07
 1.78600000e+07  2.49408236e-07
 1.80300000e+07  2.38109904e-07
 1.82000000e+07  2.27438429e-07
 1.83700000e+07  2.17363533e-07
 1.85400000e+07  2.07835810e-07
 1.87100000e+07  1.98831248e-07
 1.88800000e+07  1.90330058e-07
 1.90500000e+07  1.82269508e-07
 1.92300000e+07  1.74184354e-07
 1.94100000e+07  1.66566225e-07
 1.95900000e+07  1.59361758e-07
 1.97700000e+07  1.52555054e-07
 1.99500000e+07  1.46128567e-07
 2.01400000e+07  1.39694956e-07
 2.03200000e+07  1.33943677e-07
 2.05100000e+07  1.28185209e-07
 2.07000000e+07  1.22770677e-07
 2.08900000e+07  1.17621057e-07
 2.10900000e+07  1.12506333e-07
 2.12800000e+07  1.07914373e-07
 2.14800000e+07  1.03349591e-07
 2.16800000e+07  9.90189818e-08
 2.18800000e+07  9.49288775e-08
 2.20800000e+07  9.10661514e-08
 2.22800000e+07  8.73937978e-08
 2.24900000e+07  8.37572626e-08
 2.27000000e+07  8.03184219e-08
 2.29100000e+07  7.70502963e-08
 2.31200000e+07  7.39766329e-08
 2.33300000e+07  7.10556763e-08
 2.35500000e+07  6.81613693e-08
 2.37700000e+07  6.54159960e-08
 2.39900000e+07  6.28233165e-08
 2.42100000e+07  6.03728489e-08
 2.44300000e+07  5.80542106e-08
 2.46600000e+07  5.57418059e-08
 2.48900000e+07  5.35630511e-08
 2.51200000e+07  5.14978469e-08
 2.53500000e+07  4.95430073e-08
 2.55900000e+07  4.76018750e-08
 2.58200000e+07  4.58613197e-08
 2.60600000e+07  4.41157116e-08
 2.63000000e+07  4.24591089e-08
 2.65500000e+07  4.08443010e-08
 2.67900000e+07  3.93530636e-08
 2.70400000e+07  3.79040565e-08
 2.72900000e+07  3.65175174e-08
 2.75400000e+07  3.51972129e-08
 2.78000000e+07  3.38974562e-08
 2.80500000e+07  3.27228465e-08
 2.83100000e+07  3.15617002e-08
 2.85800000e+07  3.04067017e-08
 2.88400000e+07  2.93602273e-08
 2.91100000e+07  2.83183705e-08
 2.93800000e+07  2.73257558e-08
 2.96500000e+07  2.64018494e-08
 2.99200000e+07  2.55156942e-08
 3.02000000e+07  2.46351261e-08
 3.04800000e+07  2.38073096e-08
 3.07600000e+07  2.30192958e-08
 3.10500000e+07  2.22423772e-08
 3.13300000e+07  2.15257497e-08
 3.16200000e+07  2.08243534e-08
 3.19200000e+07  2.01391843e-08
 3.22100000e+07  1.95030594e-08
 3.25100000e+07  1.88861631e-08
 3.28100000e+07  1.82874465e-08
 3.31100000e+07  1.77243373e-08
 3.34200000e+07  1.71650343e-08
 3.37300000e+07  1.66287527e-08
 3.40400000e+07  1.61179926e-08
 3.43600000e+07  1.56247658e-08
 3.46700000e+07  1.51589801e-08
 3.49900000e+07  1.47110574e-08
 3.53200000e+07  1.42701797e-08
 3.56500000e+07  1.38410503e-08
 3.59700000e+07  1.34483659e-08
 3.63100000e+07  1.30596659e-08
 3.66400000e+07  1.26942181e-08
 3.69800000e+07  1.23295422e-08
 3.73300000e+07  1.19689362e-08
 3.76700000e+07  1.16349137e-08
 3.80200000e+07  1.13309907e-08
 3.83700000e+07  1.10105569e-08
 3.87300000e+07  1.07032697e-08
 3.90800000e+07  1.04205542e-08
 3.94500000e+07  1.01423835e-08
 3.98100000e+07  9.87210879e-09
 4.01800000e+07  9.60702544e-09
 4.05500000e+07  9.36557043e-09
 4.09300000e+07  9.11667467e-09
 4.13000000e+07  8.88399289e-09
 4.16900000e+07  8.64811844e-09
 4.20700000e+07  8.44171016e-09
 4.24600000e+07  8.21958923e-09
 4.28500000e+07  8.02970496e-09
 4.32500000e+07  7.82301303e-09
 4.36500000e+07  7.62821443e-09
 4.40600000e+07  7.44234078e-09
 4.44600000e+07  7.25758851e-09
 4.48700000e+07  7.08975604e-09
 4.52900000e+07  6.91286669e-09
 4.57100000e+07  6.75213196e-09
 4.61300000e+07  6.59891054e-09
 4.65600000e+07  6.43760785e-09
 4.69900000e+07  6.29257785e-09
 4.74200000e+07  6.15098392e-09
 4.78600000e+07  6.01166641e-09
 4.83100000e+07  5.86758300e-09
 4.87500000e+07  5.74167863e-09
 4.92000000e+07  5.61168976e-09
 4.96600000e+07  5.48454725e-09
 5.01200000e+07  5.36838710e-09
 5.05800000e+07  5.24420571e-09
 5.10500000e+07  5.13563473e-09
 5.15200000e+07  5.02419893e-09
 5.20000000e+07  4.90996493e-09
 5.24800000e+07  4.80798245e-09
 5.29700000e+07  4.70299728e-09
 5.34600000e+07  4.60065595e-09
 5.39500000e+07  4.51030491e-09
 5.44500000e+07  4.41274928e-09
 5.49500000e+07  4.31655185e-09
 5.54600000e+07  4.23006301e-09
 5.59800000e+07  4.14094484e-09
 5.64900000e+07  4.05855568e-09
 5.70200000e+07  3.97299430e-09
 5.75400000e+07  3.89294092e-09
 5.80800000e+07  3.81635791e-09
 5.86100000e+07  3.74010143e-09
 5.91600000e+07  3.66225521e-09
 5.97000000e+07  3.58898360e-09
 6.02600000e+07  3.51760120e-09
 6.08100000e+07  3.44464028e-09
 6.13800000e+07  3.37847037e-09
 6.19400000e+07  3.31185718e-09
 6.25200000e+07  3.24914115e-09
 6.31000000e+07  3.18643303e-09
 6.36800000e+07  3.12081656e-09
 6.42700000e+07  3.06177934e-09
 6.48600000e+07  3.00449743e-09
 6.54600000e+07  2.94439028e-09
 6.60700000e+07  2.88967306e-09
 6.66800000e+07  2.83341887e-09
 6.73000000e+07  2.78033227e-09
 6.79200000e+07  2.72820414e-09
 6.85500000e+07  2.67334773e-09
 6.91800000e+07  2.62637601e-09
 6.98200000e+07  2.57753949e-09
 7.04700000e+07  2.52719634e-09
 7.11200000e+07  2.48209075e-09
 7.17800000e+07  2.43560254e-09
 7.24400000e+07  2.38599028e-09
 7.31100000e+07  2.34501602e-09
 7.37900000e+07  2.30191771e-09
 7.44700000e+07  2.25881544e-09
 7.51600000e+07  2.21633786e-09
 7.58600000e+07  2.17437611e-09
 7.65600000e+07  2.13747381e-09
 7.72700000e+07  2.09642501e-09
 7.79800000e+07  2.05807612e-09
 7.87000000e+07  2.02021734e-09
 7.94300000e+07  1.98532431e-09
 8.01700000e+07  1.94902360e-09
 8.09100000e+07  1.91393136e-09
 8.16600000e+07  1.87892420e-09
 8.24100000e+07  1.84312153e-09
 8.31800000e+07  1.80910252e-09
 8.39500000e+07  1.77892922e-09
 8.47200000e+07  1.74673610e-09
 8.55100000e+07  1.71476791e-09
 8.63000000e+07  1.68397191e-09
 8.71000000e+07  1.65229727e-09
 8.79000000e+07  1.62375328e-09
 8.87200000e+07  1.59439463e-09
 8.95400000e+07  1.56587176e-09
 9.03600000e+07  1.53806195e-09
 9.12000000e+07  1.51066772e-09
 9.20400000e+07  1.48401954e-09
 9.29000000e+07  1.45710552e-09
 9.37600000e+07  1.43132477e-09
 9.46200000e+07  1.40624324e-09
 9.55000000e+07  1.38152715e-09
 9.63800000e+07  1.35702874e-09
 9.72700000e+07  1.33286939e-09
 9.81700000e+07  1.30943168e-09
 9.90800000e+07  1.28646628e-09
 1.00000000e+08  1.26364533e-09
