# Wavelength Flux
 9.10000000e+01  1.07597255e-13
 9.40000000e+01  1.14808618e-13
 9.60000000e+01  1.19746110e-13
 9.80000000e+01  1.24787573e-13
 1.00000000e+02  1.29932978e-13
 1.02000000e+02  1.35182327e-13
 1.04000000e+02  1.40535645e-13
 1.06000000e+02  1.45992906e-13
 1.08000000e+02  1.51554137e-13
 1.10000000e+02  1.57219312e-13
 1.14000000e+02  1.68861516e-13
 1.18000000e+02  1.80919546e-13
 1.21000000e+02  1.90235949e-13
 1.25000000e+02  2.03021687e-13
 1.27000000e+02  2.09570471e-13
 1.28000000e+02  2.12883851e-13
 1.31000000e+02  2.22979948e-13
 1.32000000e+02  2.26397299e-13
 1.34000000e+02  2.33309950e-13
 1.37000000e+02  2.43873830e-13
 1.40000000e+02  2.54671643e-13
 1.43000000e+02  2.65703361e-13
 1.47000000e+02  2.80776061e-13
 1.51000000e+02  2.96264937e-13
 1.55000000e+02  3.12169476e-13
 1.59000000e+02  3.28489680e-13
 1.62000000e+02  3.41003051e-13
 1.66000000e+02  3.58050936e-13
 1.70000000e+02  3.75515025e-13
 1.73000000e+02  3.88886175e-13
 1.77000000e+02  4.07079565e-13
 1.80000000e+02  4.21004033e-13
 1.82000000e+02  4.30430695e-13
 1.86000000e+02  4.49643001e-13
 1.91000000e+02  4.74895119e-13
 1.94000000e+02  4.91691717e-13
 1.98000000e+02  5.19714477e-13
 2.02000000e+02  5.57044058e-13
 2.05000000e+02  6.05398178e-13
 2.10000000e+02  7.80379156e-13
 2.16000000e+02  1.29616237e-12
 2.20000000e+02  1.52325113e-12
 2.23000000e+02  2.83185561e-12
 2.27000000e+02  5.90002421e-12
 2.30000000e+02  9.15781649e-12
 2.34000000e+02  2.25170874e-11
 2.40000000e+02  5.56337969e-11
 2.46000000e+02  1.03003684e-10
 2.52000000e+02  2.30909518e-10
 2.57000000e+02  3.37338731e-10
 2.60000000e+02  4.59855646e-10
 2.64000000e+02  7.59586517e-10
 2.69000000e+02  9.49385911e-10
 2.74000000e+02  1.34520180e-09
 2.79000000e+02  1.55892912e-09
 2.84000000e+02  2.32036777e-09
 2.90000000e+02  3.18957753e-09
 2.96000000e+02  3.57747825e-09
 3.01000000e+02  5.03066331e-09
 3.08000000e+02  5.39081172e-09
 3.18000000e+02  9.67838416e-09
 3.28000000e+02  1.51131591e-08
 3.38000000e+02  1.98571385e-08
 3.48000000e+02  3.29226539e-08
 3.57000000e+02  5.05636429e-08
 3.66000000e+02  8.43430231e-08
 3.75000000e+02  1.20132057e-07
 3.85000000e+02  1.82082406e-07
 3.95000000e+02  2.89331718e-07
 4.05000000e+02  4.10285305e-07
 4.14000000e+02  5.27910342e-07
 4.22000000e+02  6.76358742e-07
 4.30000000e+02  8.40546495e-07
 4.41000000e+02  1.05085296e-06
 4.51000000e+02  1.32632337e-06
 4.60000000e+02  1.56670959e-06
 4.70000000e+02  1.83377279e-06
 4.80000000e+02  2.11807417e-06
 4.90000000e+02  2.40128996e-06
 5.00000000e+02  2.69395077e-06
 5.06000000e+02  3.01407562e-06
 5.12000000e+02  3.30947225e-06
 5.20000000e+02  3.54760174e-06
 5.30000000e+02  3.94910601e-06
 5.40000000e+02  3.97779761e-06
 5.50000000e+02  4.27225225e-06
 5.60000000e+02  4.85831396e-06
 5.70000000e+02  5.15167816e-06
 5.80000000e+02  5.23236283e-06
 5.90000000e+02  5.66791645e-06
 6.00000000e+02  5.78848865e-06
 6.10000000e+02  5.63926803e-06
 6.20000000e+02  6.29585494e-06
 6.30000000e+02  6.45005003e-06
 6.40000000e+02  6.46067105e-06
 6.50000000e+02  6.75005405e-06
 6.58000000e+02  6.88432966e-06
 6.65000000e+02  7.11122813e-06
 6.75000000e+02  7.36856723e-06
 6.85000000e+02  7.73336893e-06
 6.95000000e+02  7.52274612e-06
 7.05000000e+02  8.18026153e-06
 7.16000000e+02  7.92698730e-06
 7.26000000e+02  8.24081619e-06
 7.35000000e+02  8.38473305e-06
 7.45000000e+02  8.50285445e-06
 7.55000000e+02  8.72574203e-06
 7.65000000e+02  8.52282521e-06
 7.75000000e+02  9.04756301e-06
 7.85000000e+02  8.26981279e-06
 7.95000000e+02  9.59607462e-06
 8.05000000e+02  9.62406445e-06
 8.15000000e+02  9.63365441e-06
 8.25000000e+02  1.00382897e-05
 8.35000000e+02  1.02964574e-05
 8.45000000e+02  1.04068620e-05
 8.55000000e+02  1.03286362e-05
 8.65000000e+02  1.07387912e-05
 8.75000000e+02  1.10082034e-05
 8.85000000e+02  1.13523542e-05
 8.95000000e+02  1.16066028e-05
 9.05000000e+02  1.23604820e-05
 9.15000000e+02  9.11014741e-04
 9.25000000e+02  7.90236596e-04
 9.35000000e+02  1.00646951e-03
 9.45000000e+02  1.10250594e-03
 9.55000000e+02  1.34594027e-03
 9.65000000e+02  1.54403459e-03
 9.75000000e+02  8.73310252e-04
 9.85000000e+02  3.07125099e-03
 9.95000000e+02  5.55166013e-03
 1.00500000e+03  5.60204183e-03
 1.01500000e+03  2.32864137e-03
 1.02500000e+03  8.02460082e-04
 1.03500000e+03  1.78949164e-03
 1.04500000e+03  6.42539630e-03
 1.05500000e+03  1.07663033e-02
 1.06500000e+03  1.16848475e-02
 1.07500000e+03  1.38766563e-02
 1.08500000e+03  1.38178345e-02
 1.09500000e+03  1.43734637e-02
 1.10500000e+03  1.53081837e-02
 1.11500000e+03  1.51667824e-02
 1.12500000e+03  1.50212191e-02
 1.13500000e+03  1.56142850e-02
 1.14500000e+03  1.44896201e-02
 1.15500000e+03  1.38430200e-02
 1.16500000e+03  1.36305996e-02
 1.17500000e+03  1.14534172e-02
 1.18500000e+03  8.78423457e-03
 1.19500000e+03  4.15975041e-03
 1.20500000e+03  3.50771961e-03
 1.21500000e+03  3.87051046e-03
 1.22500000e+03  3.47428836e-03
 1.23500000e+03  4.94923368e-03
 1.24500000e+03  8.74561832e-03
 1.25500000e+03  1.16108107e-02
 1.26500000e+03  1.08924383e-02
 1.27500000e+03  1.49479543e-02
 1.28500000e+03  1.68552710e-02
 1.29500000e+03  1.68668772e-02
 1.30500000e+03  1.59599608e-02
 1.31500000e+03  1.80337859e-02
 1.32500000e+03  1.82500769e-02
 1.33500000e+03  1.80127166e-02
 1.34500000e+03  1.92854010e-02
 1.35500000e+03  1.85129761e-02
 1.36500000e+03  1.79020232e-02
 1.37500000e+03  1.84517764e-02
 1.38500000e+03  1.88119329e-02
 1.39500000e+03  1.89778475e-02
 1.40500000e+03  1.89984418e-02
 1.41500000e+03  1.83087583e-02
 1.42500000e+03  1.84439840e-02
 1.43500000e+03  1.77985877e-02
 1.44200000e+03  1.85433304e-02
 1.44700000e+03  1.87687309e-02
 1.45500000e+03  1.86790365e-02
 1.46500000e+03  1.81282820e-02
 1.47500000e+03  1.79750720e-02
 1.48500000e+03  1.79975854e-02
 1.49500000e+03  1.80106707e-02
 1.50500000e+03  1.81160145e-02
 1.51200000e+03  1.77755831e-02
 1.51700000e+03  1.80755007e-02
 1.52500000e+03  1.72408181e-02
 1.53500000e+03  1.67651799e-02
 1.54500000e+03  1.76540257e-02
 1.55500000e+03  1.70009827e-02
 1.56500000e+03  1.59931329e-02
 1.57500000e+03  1.65248236e-02
 1.58500000e+03  1.70222896e-02
 1.59500000e+03  1.74198369e-02
 1.60500000e+03  1.66220701e-02
 1.61500000e+03  1.66651453e-02
 1.62500000e+03  1.57533381e-02
 1.63500000e+03  1.60191281e-02
 1.64500000e+03  1.61568289e-02
 1.65500000e+03  1.48119027e-02
 1.66500000e+03  1.62048003e-02
 1.67200000e+03  1.49801709e-02
 1.67700000e+03  1.56134807e-02
 1.68500000e+03  1.61261993e-02
 1.69500000e+03  1.55075944e-02
 1.70500000e+03  1.52546656e-02
 1.71500000e+03  1.52956922e-02
 1.72500000e+03  1.50718167e-02
 1.73500000e+03  1.55329796e-02
 1.74500000e+03  1.51458724e-02
 1.75500000e+03  1.55867324e-02
 1.76500000e+03  1.45249273e-02
 1.77500000e+03  1.53509134e-02
 1.78500000e+03  1.51204359e-02
 1.79500000e+03  1.54791754e-02
 1.80500000e+03  1.53484626e-02
 1.81500000e+03  1.51770364e-02
 1.82500000e+03  1.48650375e-02
 1.83500000e+03  1.46892225e-02
 1.84500000e+03  1.42191013e-02
 1.85500000e+03  1.43219646e-02
 1.86500000e+03  1.43058940e-02
 1.87500000e+03  1.44900871e-02
 1.88500000e+03  1.43691208e-02
 1.89500000e+03  1.42849003e-02
 1.90500000e+03  1.42262269e-02
 1.91500000e+03  1.40991175e-02
 1.92500000e+03  1.40622206e-02
 1.93500000e+03  1.37160590e-02
 1.94500000e+03  1.41456448e-02
 1.95500000e+03  1.39553221e-02
 1.96700000e+03  1.40806339e-02
 1.97600000e+03  1.38591472e-02
 1.98400000e+03  1.37464213e-02
 1.99500000e+03  1.34633704e-02
 2.00500000e+03  1.32829076e-02
 2.01500000e+03  1.29805958e-02
 2.02500000e+03  1.29615319e-02
 2.03500000e+03  1.30866440e-02
 2.04500000e+03  1.31588832e-02
 2.05500000e+03  1.27580996e-02
 2.06500000e+03  1.26981279e-02
 2.07400000e+03  1.29260575e-02
 2.07800000e+03  1.29665145e-02
 2.08500000e+03  1.29484169e-02
 2.09500000e+03  1.26711044e-02
 2.10500000e+03  1.25599845e-02
 2.11500000e+03  1.25141157e-02
 2.12500000e+03  1.24727113e-02
 2.13500000e+03  1.19040831e-02
 2.14500000e+03  1.22949880e-02
 2.15500000e+03  1.21820246e-02
 2.16500000e+03  1.17770789e-02
 2.17500000e+03  1.17196175e-02
 2.18500000e+03  1.17648412e-02
 2.19500000e+03  1.21228465e-02
 2.20500000e+03  1.17508759e-02
 2.21500000e+03  1.13373444e-02
 2.22500000e+03  1.12239464e-02
 2.23500000e+03  1.18349129e-02
 2.24500000e+03  1.13931648e-02
 2.25500000e+03  1.10975604e-02
 2.26500000e+03  1.10126219e-02
 2.27500000e+03  1.13741145e-02
 2.28500000e+03  1.15030863e-02
 2.29500000e+03  1.11216985e-02
 2.30500000e+03  1.11998029e-02
 2.31500000e+03  1.10711846e-02
 2.32500000e+03  1.00239412e-02
 2.33500000e+03  1.07555689e-02
 2.34500000e+03  1.01022911e-02
 2.35500000e+03  1.07863361e-02
 2.36500000e+03  1.01332419e-02
 2.37500000e+03  1.05011853e-02
 2.38500000e+03  9.71653076e-03
 2.39500000e+03  1.02348393e-02
 2.40500000e+03  1.00039083e-02
 2.41500000e+03  1.01118999e-02
 2.42500000e+03  1.05006401e-02
 2.43500000e+03  1.01985766e-02
 2.44500000e+03  1.04935009e-02
 2.45500000e+03  1.03841112e-02
 2.46500000e+03  1.02501217e-02
 2.47500000e+03  1.00053577e-02
 2.48500000e+03  1.01763386e-02
 2.49500000e+03  9.96551610e-03
 2.50500000e+03  1.05189266e-02
 2.51300000e+03  9.98035314e-03
 2.51800000e+03  9.89258599e-03
 2.52500000e+03  9.53175199e-03
 2.53500000e+03  9.51659106e-03
 2.54500000e+03  9.54238111e-03
 2.55500000e+03  9.96610450e-03
 2.56500000e+03  9.85208306e-03
 2.57500000e+03  1.01711131e-02
 2.58500000e+03  1.01694478e-02
 2.59500000e+03  1.00419713e-02
 2.60500000e+03  9.78200051e-03
 2.61500000e+03  9.62941410e-03
 2.62500000e+03  9.90104502e-03
 2.63500000e+03  1.00533372e-02
 2.64500000e+03  1.07157083e-02
 2.65500000e+03  1.07576526e-02
 2.66500000e+03  1.03030189e-02
 2.67500000e+03  1.05114393e-02
 2.68500000e+03  1.05560853e-02
 2.69500000e+03  1.01972973e-02
 2.70500000e+03  1.02650343e-02
 2.71500000e+03  9.91750692e-03
 2.72500000e+03  9.90501002e-03
 2.73500000e+03  1.01852322e-02
 2.74500000e+03  9.30787113e-03
 2.75500000e+03  9.46594755e-03
 2.76500000e+03  9.79247578e-03
 2.77500000e+03  1.00768951e-02
 2.78500000e+03  9.80320747e-03
 2.79500000e+03  8.04331109e-03
 2.80500000e+03  8.58616536e-03
 2.81500000e+03  1.01185560e-02
 2.82500000e+03  1.02038696e-02
 2.83500000e+03  1.00211260e-02
 2.84500000e+03  9.79642459e-03
 2.85500000e+03  9.47880074e-03
 2.86500000e+03  9.94515397e-03
 2.87500000e+03  9.89868869e-03
 2.88500000e+03  9.95308397e-03
 2.89500000e+03  9.90462674e-03
 2.91000000e+03  1.02747592e-02
 2.93000000e+03  1.00309292e-02
 2.95000000e+03  9.94081919e-03
 2.97000000e+03  9.96521919e-03
 2.99000000e+03  9.96020694e-03
 3.01000000e+03  9.97871477e-03
 3.03000000e+03  9.91069705e-03
 3.05000000e+03  9.86691200e-03
 3.07000000e+03  9.77414069e-03
 3.09000000e+03  9.74646126e-03
 3.11000000e+03  9.63848043e-03
 3.13000000e+03  9.53854027e-03
 3.15000000e+03  9.50247738e-03
 3.17000000e+03  9.48798583e-03
 3.19000000e+03  9.19869730e-03
 3.21000000e+03  9.30368751e-03
 3.23000000e+03  9.09454382e-03
 3.25000000e+03  9.24714913e-03
 3.27000000e+03  9.34427681e-03
 3.29000000e+03  9.29941750e-03
 3.31000000e+03  9.27135210e-03
 3.33000000e+03  9.15520105e-03
 3.35000000e+03  9.04449681e-03
 3.37000000e+03  8.83979317e-03
 3.39000000e+03  8.87646336e-03
 3.41000000e+03  8.87229592e-03
 3.43000000e+03  8.90848837e-03
 3.45000000e+03  8.84996884e-03
 3.47000000e+03  8.78902280e-03
 3.49000000e+03  8.78253953e-03
 3.51000000e+03  8.82072662e-03
 3.53000000e+03  8.71079703e-03
 3.55000000e+03  8.82549596e-03
 3.57000000e+03  8.54734667e-03
 3.59000000e+03  8.46249187e-03
 3.60182700e+03  7.82309833e-03
 3.60272700e+03  7.83866413e-03
 3.60362800e+03  8.43569505e-03
 3.60452800e+03  8.42931704e-03
 3.60542800e+03  8.11382009e-03
 3.60632900e+03  8.59180651e-03
 3.60722900e+03  8.96758011e-03
 3.60812900e+03  8.58737996e-03
 3.60902900e+03  8.11367434e-03
 3.60992900e+03  8.18536826e-03
 3.61083000e+03  8.11234638e-03
 3.61173000e+03  7.88715375e-03
 3.61263000e+03  8.35847875e-03
 3.61353000e+03  7.73411658e-03
 3.61443000e+03  7.64328594e-03
 3.61533100e+03  8.27106788e-03
 3.61623100e+03  8.78852887e-03
 3.61713100e+03  8.78215355e-03
 3.61803200e+03  8.71098057e-03
 3.61893200e+03  8.51973472e-03
 3.61983200e+03  8.19897180e-03
 3.62073200e+03  8.08257783e-03
 3.62163300e+03  8.24828464e-03
 3.62253300e+03  8.66650724e-03
 3.62343300e+03  8.80061551e-03
 3.62433300e+03  8.42977859e-03
 3.62523300e+03  8.03769963e-03
 3.62613400e+03  8.07292579e-03
 3.62703400e+03  8.47394422e-03
 3.62793400e+03  8.90364885e-03
 3.62883400e+03  8.83689162e-03
 3.62973500e+03  8.10254859e-03
 3.63063500e+03  7.70285812e-03
 3.63153500e+03  7.70917675e-03
 3.63243500e+03  8.11020058e-03
 3.63333600e+03  7.58016171e-03
 3.63423600e+03  7.93659075e-03
 3.63513600e+03  8.48882715e-03
 3.63603600e+03  8.53997269e-03
 3.63693600e+03  8.44193811e-03
 3.63783700e+03  7.86115586e-03
 3.63873700e+03  7.70138710e-03
 3.63963700e+03  7.84179781e-03
 3.64053700e+03  7.95642655e-03
 3.64143800e+03  7.87565551e-03
 3.64233800e+03  7.79910319e-03
 3.64323800e+03  7.73728264e-03
 3.64413800e+03  7.68616409e-03
 3.64503900e+03  7.72835127e-03
 3.64593900e+03  7.77472748e-03
 3.64683900e+03  8.20884516e-03
 3.64773900e+03  8.29557045e-03
 3.64864000e+03  8.38426070e-03
 3.64954000e+03  8.55460190e-03
 3.65044000e+03  8.39122982e-03
 3.65134000e+03  8.32828374e-03
 3.65224000e+03  8.45930692e-03
 3.65314100e+03  8.53385379e-03
 3.65404100e+03  8.65424516e-03
 3.65494100e+03  8.95281055e-03
 3.65584100e+03  9.20089978e-03
 3.65674200e+03  8.79668559e-03
 3.65764200e+03  8.59668651e-03
 3.65854200e+03  8.76465249e-03
 3.65944200e+03  8.93228917e-03
 3.66034300e+03  8.63369139e-03
 3.66124300e+03  7.83062347e-03
 3.66214300e+03  8.40696296e-03
 3.66304300e+03  8.73151004e-03
 3.66394300e+03  8.37538601e-03
 3.66484400e+03  8.24665438e-03
 3.66574400e+03  8.11013040e-03
 3.66664400e+03  7.87938569e-03
 3.66754400e+03  8.07207017e-03
 3.66844500e+03  8.57685071e-03
 3.66934500e+03  8.45182227e-03
 3.67024500e+03  8.45004355e-03
 3.67114500e+03  8.63613139e-03
 3.67204600e+03  8.42333310e-03
 3.67294600e+03  8.09367389e-03
 3.67384600e+03  8.57636487e-03
 3.67474600e+03  8.12460036e-03
 3.67564600e+03  8.00939130e-03
 3.67654700e+03  7.97718006e-03
 3.67744700e+03  8.04850149e-03
 3.67834700e+03  8.75379125e-03
 3.67924700e+03  8.91579757e-03
 3.68014800e+03  8.52738941e-03
 3.68104800e+03  8.20470742e-03
 3.68194800e+03  7.87758808e-03
 3.68284800e+03  7.82459904e-03
 3.68374900e+03  8.26216620e-03
 3.68464900e+03  8.55498517e-03
 3.68554900e+03  8.35433560e-03
 3.68644900e+03  7.88253556e-03
 3.68734900e+03  7.66545647e-03
 3.68825000e+03  7.67632851e-03
 3.68915000e+03  8.37548587e-03
 3.69005000e+03  9.11419068e-03
 3.69095000e+03  8.80007028e-03
 3.69185100e+03  8.00925905e-03
 3.69275100e+03  7.79513819e-03
 3.69365100e+03  8.36110768e-03
 3.69455100e+03  8.77276063e-03
 3.69545100e+03  8.77707382e-03
 3.69635200e+03  8.44834851e-03
 3.69725200e+03  8.09969832e-03
 3.69815200e+03  8.03711392e-03
 3.69905200e+03  8.26437407e-03
 3.69995300e+03  8.83365808e-03
 3.70085300e+03  9.28354670e-03
 3.70175300e+03  9.16062897e-03
 3.70265300e+03  8.59958806e-03
 3.70355400e+03  7.96926085e-03
 3.70445400e+03  7.53107559e-03
 3.70535400e+03  7.54081670e-03
 3.70625400e+03  8.02012029e-03
 3.70715500e+03  8.57579805e-03
 3.70805500e+03  9.03753579e-03
 3.70895500e+03  9.25221267e-03
 3.70985500e+03  8.97590418e-03
 3.71075500e+03  8.44009461e-03
 3.71165600e+03  7.88864366e-03
 3.71255600e+03  7.53724307e-03
 3.71345600e+03  7.79385071e-03
 3.71435600e+03  8.39970504e-03
 3.71525700e+03  9.20865164e-03
 3.71615700e+03  9.83786141e-03
 3.71705700e+03  1.00353773e-02
 3.71795700e+03  1.01923660e-02
 3.71885800e+03  9.90410581e-03
 3.71975800e+03  9.22373430e-03
 3.72065800e+03  8.56981142e-03
 3.72155800e+03  7.80867965e-03
 3.72245800e+03  7.14294544e-03
 3.72335900e+03  7.12488836e-03
 3.72425900e+03  8.28512218e-03
 3.72515900e+03  1.04212753e-02
 3.72605900e+03  1.24116816e-02
 3.72696000e+03  1.35226943e-02
 3.72786000e+03  1.30297980e-02
 3.72876000e+03  1.32550122e-02
 3.72966000e+03  1.44063308e-02
 3.73056100e+03  1.37053165e-02
 3.73146100e+03  1.18440386e-02
 3.73236100e+03  1.04601992e-02
 3.73326100e+03  9.24201001e-03
 3.73416200e+03  7.81476886e-03
 3.73506200e+03  6.88802745e-03
 3.73596200e+03  7.00450509e-03
 3.73686200e+03  7.64599315e-03
 3.73776200e+03  8.35821423e-03
 3.73866300e+03  9.24972948e-03
 3.73956300e+03  1.02214436e-02
 3.74046300e+03  1.09184146e-02
 3.74136300e+03  1.12025856e-02
 3.74226400e+03  1.12482655e-02
 3.74316400e+03  1.10352108e-02
 3.74406400e+03  1.07291041e-02
 3.74496400e+03  1.06881720e-02
 3.74586500e+03  1.04589172e-02
 3.74676500e+03  1.00159437e-02
 3.74766500e+03  9.71571563e-03
 3.74856500e+03  9.09722674e-03
 3.74946500e+03  8.01006068e-03
 3.75036600e+03  7.22608631e-03
 3.75126600e+03  7.42422840e-03
 3.75216600e+03  8.29379713e-03
 3.75306600e+03  9.14747078e-03
 3.75396700e+03  9.71536204e-03
 3.75486700e+03  1.04378749e-02
 3.75576700e+03  1.11193962e-02
 3.75666800e+03  1.14750209e-02
 3.75756800e+03  1.16706231e-02
 3.75846800e+03  1.15100581e-02
 3.75936800e+03  1.13068957e-02
 3.76026800e+03  1.14737550e-02
 3.76116900e+03  1.16890797e-02
 3.76206900e+03  1.17498827e-02
 3.76296900e+03  1.20153380e-02
 3.76386900e+03  1.21636733e-02
 3.76476900e+03  1.18905633e-02
 3.76567000e+03  1.16358963e-02
 3.76657000e+03  1.12710352e-02
 3.76747000e+03  1.05843694e-02
 3.76837000e+03  1.00817022e-02
 3.76927100e+03  9.63621317e-03
 3.77017100e+03  8.86901920e-03
 3.77107100e+03  8.00017112e-03
 3.77197100e+03  7.56301423e-03
 3.77287200e+03  8.55096889e-03
 3.77377200e+03  9.74307657e-03
 3.77467200e+03  1.04778326e-02
 3.77557200e+03  1.08712260e-02
 3.77647200e+03  1.12887198e-02
 3.77737300e+03  1.18098327e-02
 3.77827300e+03  1.24228532e-02
 3.77917300e+03  1.28583123e-02
 3.78007300e+03  1.32410524e-02
 3.78097400e+03  1.35965178e-02
 3.78187400e+03  1.38414653e-02
 3.78277400e+03  1.39931070e-02
 3.78367500e+03  1.40315451e-02
 3.78457500e+03  1.41023105e-02
 3.78547500e+03  1.41253259e-02
 3.78637500e+03  1.38903436e-02
 3.78727500e+03  1.36139919e-02
 3.78817600e+03  1.34199147e-02
 3.78907600e+03  1.31998099e-02
 3.78997600e+03  1.31086985e-02
 3.79087600e+03  1.29677480e-02
 3.79177600e+03  1.27173510e-02
 3.79267700e+03  1.25568454e-02
 3.79357700e+03  1.22888529e-02
 3.79447700e+03  1.16363821e-02
 3.79537800e+03  1.07767111e-02
 3.79627800e+03  1.01986549e-02
 3.79717800e+03  9.58997732e-03
 3.79807800e+03  8.83553937e-03
 3.79897800e+03  8.55741977e-03
 3.79987900e+03  8.97318078e-03
 3.80077900e+03  9.92359073e-03
 3.80167900e+03  1.09908265e-02
 3.80257900e+03  1.17405977e-02
 3.80347900e+03  1.24117301e-02
 3.80438000e+03  1.31223156e-02
 3.80528000e+03  1.35584198e-02
 3.80618000e+03  1.37660844e-02
 3.80708100e+03  1.38502320e-02
 3.80798100e+03  1.40745150e-02
 3.80888100e+03  1.44447743e-02
 3.80978100e+03  1.48155546e-02
 3.81068200e+03  1.52047887e-02
 3.81158200e+03  1.54572963e-02
 3.81248200e+03  1.53378092e-02
 3.81338200e+03  1.49885031e-02
 3.81428200e+03  1.46743935e-02
 3.81518300e+03  1.45863106e-02
 3.81608300e+03  1.46955438e-02
 3.81698300e+03  1.49496008e-02
 3.81788300e+03  1.52303250e-02
 3.81878400e+03  1.53099759e-02
 3.81968400e+03  1.50410549e-02
 3.82058400e+03  1.46065728e-02
 3.82148400e+03  1.44267361e-02
 3.82238500e+03  1.45058067e-02
 3.82328500e+03  1.46115932e-02
 3.82418500e+03  1.44203338e-02
 3.82508500e+03  1.39140769e-02
 3.82598500e+03  1.35294097e-02
 3.82688600e+03  1.33346469e-02
 3.82778600e+03  1.29979187e-02
 3.82868600e+03  1.25244722e-02
 3.82958600e+03  1.20840143e-02
 3.83048600e+03  1.17296123e-02
 3.83138700e+03  1.13887680e-02
 3.83228700e+03  1.08040423e-02
 3.83318700e+03  1.00178547e-02
 3.83408800e+03  9.32729667e-03
 3.83498800e+03  8.63146732e-03
 3.83588800e+03  8.04144060e-03
 3.83678800e+03  7.93260146e-03
 3.83768900e+03  8.81161980e-03
 3.83858900e+03  9.70467355e-03
 3.83948900e+03  1.05526116e-02
 3.84038900e+03  1.13035029e-02
 3.84128900e+03  1.18004317e-02
 3.84219000e+03  1.22965724e-02
 3.84309000e+03  1.28239742e-02
 3.84399000e+03  1.34802264e-02
 3.84489000e+03  1.41584197e-02
 3.84579100e+03  1.45274806e-02
 3.84669100e+03  1.48298194e-02
 3.84759100e+03  1.51547363e-02
 3.84849100e+03  1.54847976e-02
 3.84939200e+03  1.57686205e-02
 3.85029200e+03  1.57905535e-02
 3.85119200e+03  1.59186049e-02
 3.85209200e+03  1.62181852e-02
 3.85299200e+03  1.63895466e-02
 3.85389300e+03  1.66230930e-02
 3.85479300e+03  1.67155297e-02
 3.85569300e+03  1.66778203e-02
 3.85659300e+03  1.65327482e-02
 3.85749400e+03  1.65014088e-02
 3.85839400e+03  1.65840233e-02
 3.85929400e+03  1.66402351e-02
 3.86019400e+03  1.65597124e-02
 3.86109500e+03  1.64686145e-02
 3.86199500e+03  1.67768212e-02
 3.86289500e+03  1.71345809e-02
 3.86379500e+03  1.72770969e-02
 3.86469600e+03  1.73420403e-02
 3.86559600e+03  1.72852482e-02
 3.86649600e+03  1.71615936e-02
 3.86739600e+03  1.71456149e-02
 3.86829600e+03  1.73228361e-02
 3.86919700e+03  1.75331836e-02
 3.87009700e+03  1.75571437e-02
 3.87099700e+03  1.72795774e-02
 3.87189700e+03  1.68346146e-02
 3.87279800e+03  1.63985968e-02
 3.87369800e+03  1.60053005e-02
 3.87459800e+03  1.57965887e-02
 3.87549800e+03  1.57652844e-02
 3.87639800e+03  1.58200305e-02
 3.87729900e+03  1.55726539e-02
 3.87819900e+03  1.50027275e-02
 3.87909900e+03  1.44026897e-02
 3.87999900e+03  1.40822291e-02
 3.88090000e+03  1.39808530e-02
 3.88180000e+03  1.37803438e-02
 3.88270000e+03  1.32382885e-02
 3.88360000e+03  1.26043417e-02
 3.88450100e+03  1.21664777e-02
 3.88540100e+03  1.16959786e-02
 3.88630100e+03  1.08909943e-02
 3.88720100e+03  9.99692301e-03
 3.88810200e+03  9.07987682e-03
 3.88900200e+03  8.24016031e-03
 3.88990200e+03  7.76383385e-03
 3.89080200e+03  8.03706264e-03
 3.89170300e+03  8.85744809e-03
 3.89260300e+03  9.91748533e-03
 3.89350300e+03  1.07421462e-02
 3.89440300e+03  1.13092142e-02
 3.89530300e+03  1.18304108e-02
 3.89620400e+03  1.22430462e-02
 3.89710400e+03  1.26757576e-02
 3.89800400e+03  1.32485883e-02
 3.89890400e+03  1.36254604e-02
 3.89980500e+03  1.37605188e-02
 3.90070500e+03  1.39880435e-02
 3.90160500e+03  1.44643726e-02
 3.90250500e+03  1.49106930e-02
 3.90340600e+03  1.51801376e-02
 3.90430600e+03  1.54917317e-02
 3.90520600e+03  1.57530520e-02
 3.90610600e+03  1.57741671e-02
 3.90700600e+03  1.58152045e-02
 3.90790700e+03  1.60949355e-02
 3.90880700e+03  1.65055331e-02
 3.90970700e+03  1.68567177e-02
 3.91060700e+03  1.70985531e-02
 3.91150800e+03  1.73190600e-02
 3.91240800e+03  1.73694660e-02
 3.91330800e+03  1.71967928e-02
 3.91420800e+03  1.68952989e-02
 3.91510900e+03  1.68553735e-02
 3.91600900e+03  1.71301165e-02
 3.91690900e+03  1.72092168e-02
 3.91780900e+03  1.72339056e-02
 3.91871000e+03  1.72653962e-02
 3.91961000e+03  1.71951841e-02
 3.92051000e+03  1.71093280e-02
 3.92141000e+03  1.70616778e-02
 3.92231000e+03  1.72061884e-02
 3.92321100e+03  1.73763191e-02
 3.92411100e+03  1.73429391e-02
 3.92501100e+03  1.73078344e-02
 3.92591100e+03  1.73373088e-02
 3.92681200e+03  1.72043071e-02
 3.92771200e+03  1.70071124e-02
 3.92861200e+03  1.69055123e-02
 3.92951200e+03  1.66088741e-02
 3.93041300e+03  1.61670720e-02
 3.93131300e+03  1.58339418e-02
 3.93221300e+03  1.52079790e-02
 3.93311300e+03  1.40002111e-02
 3.93401300e+03  1.28310756e-02
 3.93491400e+03  1.26124337e-02
 3.93581400e+03  1.34338475e-02
 3.93671400e+03  1.47929495e-02
 3.93761400e+03  1.59891787e-02
 3.93851500e+03  1.65640364e-02
 3.93941500e+03  1.67535413e-02
 3.94031500e+03  1.67981226e-02
 3.94121500e+03  1.70024295e-02
 3.94211600e+03  1.71783066e-02
 3.94301600e+03  1.71458389e-02
 3.94391600e+03  1.70265326e-02
 3.94481600e+03  1.69825694e-02
 3.94571700e+03  1.71071741e-02
 3.94661700e+03  1.72573960e-02
 3.94751700e+03  1.72174033e-02
 3.94841700e+03  1.70725822e-02
 3.94931700e+03  1.69832442e-02
 3.95021800e+03  1.68412059e-02
 3.95111800e+03  1.67447098e-02
 3.95201800e+03  1.66260297e-02
 3.95291900e+03  1.64809090e-02
 3.95381900e+03  1.62582832e-02
 3.95471900e+03  1.61050949e-02
 3.95561900e+03  1.59517366e-02
 3.95651900e+03  1.55675876e-02
 3.95742000e+03  1.51382393e-02
 3.95832000e+03  1.48223348e-02
 3.95922000e+03  1.45848881e-02
 3.96012000e+03  1.44091028e-02
 3.96102100e+03  1.41356122e-02
 3.96192100e+03  1.35407676e-02
 3.96282100e+03  1.29622634e-02
 3.96372100e+03  1.25404861e-02
 3.96462200e+03  1.20587074e-02
 3.96552200e+03  1.14404533e-02
 3.96642200e+03  1.06078031e-02
 3.96732200e+03  9.48772402e-03
 3.96822200e+03  8.18188640e-03
 3.96912300e+03  7.01371178e-03
 3.97002300e+03  6.38576789e-03
 3.97092300e+03  6.51620266e-03
 3.97182300e+03  7.20204528e-03
 3.97272400e+03  8.05491189e-03
 3.97362400e+03  9.02410229e-03
 3.97452400e+03  1.00098518e-02
 3.97542400e+03  1.08873127e-02
 3.97632500e+03  1.16204439e-02
 3.97722500e+03  1.21552386e-02
 3.97812500e+03  1.26275865e-02
 3.97902500e+03  1.31427425e-02
 3.97992500e+03  1.35922829e-02
 3.98082600e+03  1.39579618e-02
 3.98172600e+03  1.42302216e-02
 3.98262600e+03  1.44106872e-02
 3.98352600e+03  1.46314857e-02
 3.98442700e+03  1.49572096e-02
 3.98532700e+03  1.53026235e-02
 3.98622700e+03  1.55073299e-02
 3.98712700e+03  1.56193998e-02
 3.98802800e+03  1.58188807e-02
 3.98892800e+03  1.61287770e-02
 3.98982800e+03  1.63498049e-02
 3.99072800e+03  1.63871876e-02
 3.99162800e+03  1.64643904e-02
 3.99252900e+03  1.67039909e-02
 3.99342900e+03  1.69686419e-02
 3.99432900e+03  1.70792328e-02
 3.99523000e+03  1.71114468e-02
 3.99613000e+03  1.70792058e-02
 3.99703000e+03  1.69053261e-02
 3.99793000e+03  1.67117266e-02
 3.99883000e+03  1.66857611e-02
 3.99973100e+03  1.68767478e-02
 4.00063100e+03  1.71477580e-02
 4.00153100e+03  1.73976988e-02
 4.00243100e+03  1.74965701e-02
 4.00333100e+03  1.75161711e-02
 4.00423200e+03  1.75402472e-02
 4.00513200e+03  1.73479028e-02
 4.00603200e+03  1.70873329e-02
 4.00693300e+03  1.71370344e-02
 4.00783300e+03  1.74041389e-02
 4.00873300e+03  1.76258146e-02
 4.00963300e+03  1.77224915e-02
 4.01053300e+03  1.76539933e-02
 4.01143400e+03  1.76926986e-02
 4.01233400e+03  1.78174545e-02
 4.01323400e+03  1.78016485e-02
 4.01413400e+03  1.76684687e-02
 4.01503500e+03  1.76094984e-02
 4.01593500e+03  1.77052117e-02
 4.01683500e+03  1.77944202e-02
 4.01773500e+03  1.77625680e-02
 4.01863600e+03  1.77290368e-02
 4.01953600e+03  1.78258811e-02
 4.02043600e+03  1.79684538e-02
 4.02133600e+03  1.79193029e-02
 4.02223700e+03  1.77566002e-02
 4.02313700e+03  1.77487728e-02
 4.02403700e+03  1.77760123e-02
 4.02493700e+03  1.76750761e-02
 4.02583700e+03  1.75031667e-02
 4.02673800e+03  1.74823188e-02
 4.02763800e+03  1.76614996e-02
 4.02853800e+03  1.78289797e-02
 4.02943900e+03  1.77737342e-02
 4.03033900e+03  1.76134094e-02
 4.03123900e+03  1.74278317e-02
 4.03213900e+03  1.73658600e-02
 4.03303900e+03  1.74315889e-02
 4.03394000e+03  1.75806125e-02
 4.03484000e+03  1.76752138e-02
 4.03574000e+03  1.77108124e-02
 4.03664000e+03  1.77564734e-02
 4.03754000e+03  1.78259405e-02
 4.03844100e+03  1.79464857e-02
 4.03934100e+03  1.79173380e-02
 4.04024100e+03  1.77991221e-02
 4.04114200e+03  1.78135920e-02
 4.04204200e+03  1.78342079e-02
 4.04294200e+03  1.78310040e-02
 4.04384200e+03  1.78617173e-02
 4.04474200e+03  1.76835271e-02
 4.04564300e+03  1.72903172e-02
 4.04654300e+03  1.70794595e-02
 4.04744300e+03  1.72037214e-02
 4.04834300e+03  1.75069023e-02
 4.04924400e+03  1.77204321e-02
 4.05014400e+03  1.77054007e-02
 4.05104400e+03  1.76054119e-02
 4.05194400e+03  1.75668362e-02
 4.05284500e+03  1.75385872e-02
 4.05374500e+03  1.74814335e-02
 4.05464500e+03  1.73749344e-02
 4.05554500e+03  1.72781280e-02
 4.05644500e+03  1.72896370e-02
 4.05734600e+03  1.73306932e-02
 4.05824600e+03  1.73410929e-02
 4.05914600e+03  1.73293734e-02
 4.06004600e+03  1.73357163e-02
 4.06094700e+03  1.74235995e-02
 4.06184700e+03  1.74604262e-02
 4.06274700e+03  1.73054106e-02
 4.06364700e+03  1.70083351e-02
 4.06454800e+03  1.67461349e-02
 4.06544800e+03  1.67539516e-02
 4.06634800e+03  1.69653922e-02
 4.06724800e+03  1.69995873e-02
 4.06814800e+03  1.68321369e-02
 4.06904900e+03  1.69231402e-02
 4.06994900e+03  1.72383808e-02
 4.07084900e+03  1.72425131e-02
 4.07175000e+03  1.68727720e-02
 4.07265000e+03  1.65497662e-02
 4.07355000e+03  1.65815509e-02
 4.07445000e+03  1.67655767e-02
 4.07535000e+03  1.67682839e-02
 4.07625100e+03  1.65467998e-02
 4.07715100e+03  1.62316160e-02
 4.07805100e+03  1.59150556e-02
 4.07895100e+03  1.58056820e-02
 4.07985200e+03  1.59394907e-02
 4.08075200e+03  1.60796153e-02
 4.08165200e+03  1.61130951e-02
 4.08255200e+03  1.60550857e-02
 4.08345300e+03  1.58662610e-02
 4.08435300e+03  1.56321613e-02
 4.08525300e+03  1.53739989e-02
 4.08615300e+03  1.51831121e-02
 4.08705300e+03  1.51586824e-02
 4.08795400e+03  1.51268679e-02
 4.08885400e+03  1.50155294e-02
 4.08975400e+03  1.48611534e-02
 4.09065400e+03  1.46077496e-02
 4.09155500e+03  1.42888437e-02
 4.09245500e+03  1.40018413e-02
 4.09335500e+03  1.37167688e-02
 4.09425600e+03  1.34433835e-02
 4.09515600e+03  1.31820200e-02
 4.09605600e+03  1.28816894e-02
 4.09695600e+03  1.24819018e-02
 4.09785600e+03  1.20408203e-02
 4.09875700e+03  1.15218182e-02
 4.09965700e+03  1.08756579e-02
 4.10055700e+03  1.00876106e-02
 4.10145700e+03  9.16155747e-03
 4.10235800e+03  8.47767710e-03
 4.10325800e+03  8.38107844e-03
 4.10415800e+03  8.88022053e-03
 4.10505800e+03  9.75105245e-03
 4.10595800e+03  1.05224517e-02
 4.10685900e+03  1.10009050e-02
 4.10775900e+03  1.13184128e-02
 4.10865900e+03  1.16673383e-02
 4.10955900e+03  1.19895803e-02
 4.11045900e+03  1.22656432e-02
 4.11136000e+03  1.25217407e-02
 4.11226000e+03  1.28809525e-02
 4.11316000e+03  1.33375889e-02
 4.11406000e+03  1.36731430e-02
 4.11496100e+03  1.38369335e-02
 4.11586100e+03  1.40336801e-02
 4.11676100e+03  1.43407504e-02
 4.11766200e+03  1.45417050e-02
 4.11856200e+03  1.46051855e-02
 4.11946200e+03  1.46796865e-02
 4.12036200e+03  1.48254873e-02
 4.12126200e+03  1.49662678e-02
 4.12216300e+03  1.51192078e-02
 4.12306300e+03  1.52984048e-02
 4.12396300e+03  1.54220729e-02
 4.12486400e+03  1.55809995e-02
 4.12576400e+03  1.58317096e-02
 4.12666400e+03  1.60084639e-02
 4.12756400e+03  1.60140888e-02
 4.12846400e+03  1.59522710e-02
 4.12936500e+03  1.60305022e-02
 4.13026500e+03  1.61576440e-02
 4.13116500e+03  1.61690073e-02
 4.13206500e+03  1.61152139e-02
 4.13296500e+03  1.60675799e-02
 4.13386600e+03  1.60916560e-02
 4.13476600e+03  1.61972805e-02
 4.13566600e+03  1.63090563e-02
 4.13656600e+03  1.64844206e-02
 4.13746700e+03  1.65868682e-02
 4.13836700e+03  1.65397902e-02
 4.13926700e+03  1.65417795e-02
 4.14016700e+03  1.65874296e-02
 4.14106800e+03  1.66090010e-02
 4.14196800e+03  1.66729781e-02
 4.14286800e+03  1.65773916e-02
 4.14376800e+03  1.62449172e-02
 4.14466900e+03  1.60522274e-02
 4.14556900e+03  1.62382396e-02
 4.14646900e+03  1.65694832e-02
 4.14736900e+03  1.67216890e-02
 4.14827000e+03  1.66874238e-02
 4.14917000e+03  1.66526295e-02
 4.15007000e+03  1.66852051e-02
 4.15097000e+03  1.66958018e-02
 4.15187100e+03  1.67132597e-02
 4.15277100e+03  1.67486856e-02
 4.15367100e+03  1.66950380e-02
 4.15457100e+03  1.65969845e-02
 4.15547100e+03  1.64942211e-02
 4.15637200e+03  1.64225109e-02
 4.15727200e+03  1.64260036e-02
 4.15817200e+03  1.64730411e-02
 4.15907200e+03  1.65739448e-02
 4.15997200e+03  1.66936722e-02
 4.16087300e+03  1.67729048e-02
 4.16177300e+03  1.67493334e-02
 4.16267300e+03  1.66842982e-02
 4.16357300e+03  1.65901935e-02
 4.16447400e+03  1.65476231e-02
 4.16537400e+03  1.66053329e-02
 4.16627400e+03  1.66315494e-02
 4.16717500e+03  1.65970412e-02
 4.16807500e+03  1.66065340e-02
 4.16897500e+03  1.66384105e-02
 4.16987500e+03  1.67287661e-02
 4.17077500e+03  1.67741922e-02
 4.17167600e+03  1.66122858e-02
 4.17257600e+03  1.63003571e-02
 4.17347600e+03  1.60339840e-02
 4.17437700e+03  1.60278624e-02
 4.17527700e+03  1.61836311e-02
 4.17617700e+03  1.63415996e-02
 4.17707700e+03  1.65084076e-02
 4.17797700e+03  1.64537694e-02
 4.17887800e+03  1.61603323e-02
 4.17977800e+03  1.61155243e-02
 4.18067800e+03  1.64003539e-02
 4.18157800e+03  1.65912516e-02
 4.18247800e+03  1.65383786e-02
 4.18337900e+03  1.64698885e-02
 4.18427900e+03  1.64526277e-02
 4.18517900e+03  1.64189427e-02
 4.18607900e+03  1.64454831e-02
 4.18698000e+03  1.64444898e-02
 4.18788000e+03  1.63050643e-02
 4.18878000e+03  1.62665129e-02
 4.18968000e+03  1.64025564e-02
 4.19058100e+03  1.65158356e-02
 4.19148100e+03  1.65698341e-02
 4.19238100e+03  1.65318359e-02
 4.19328100e+03  1.64926124e-02
 4.19418200e+03  1.65143376e-02
 4.19508200e+03  1.65348805e-02
 4.19598200e+03  1.65034088e-02
 4.19688200e+03  1.64793921e-02
 4.19778300e+03  1.64680315e-02
 4.19868300e+03  1.62551172e-02
 4.19958300e+03  1.60746867e-02
 4.20048300e+03  1.61642110e-02
 4.20138400e+03  1.62936471e-02
 4.20228400e+03  1.61979958e-02
 4.20318400e+03  1.61017237e-02
 4.20408400e+03  1.61732287e-02
 4.20498400e+03  1.62290005e-02
 4.20588500e+03  1.62244039e-02
 4.20678500e+03  1.62750313e-02
 4.20768500e+03  1.63226734e-02
 4.20858500e+03  1.63144195e-02
 4.20948500e+03  1.62840625e-02
 4.21038600e+03  1.62574168e-02
 4.21128600e+03  1.63041871e-02
 4.21218600e+03  1.64602824e-02
 4.21308600e+03  1.65242973e-02
 4.21398700e+03  1.64748198e-02
 4.21488700e+03  1.64055443e-02
 4.21578700e+03  1.61753556e-02
 4.21668800e+03  1.58636212e-02
 4.21758800e+03  1.58582851e-02
 4.21848800e+03  1.60248070e-02
 4.21938800e+03  1.62429307e-02
 4.22028800e+03  1.64268376e-02
 4.22118900e+03  1.63961703e-02
 4.22208900e+03  1.63424390e-02
 4.22298900e+03  1.63383228e-02
 4.22389000e+03  1.63665799e-02
 4.22479000e+03  1.62683402e-02
 4.22569000e+03  1.59922422e-02
 4.22659000e+03  1.56310195e-02
 4.22749000e+03  1.53516826e-02
 4.22839100e+03  1.54973053e-02
 4.22929100e+03  1.59021862e-02
 4.23019100e+03  1.61862250e-02
 4.23109100e+03  1.62936849e-02
 4.23199100e+03  1.63230944e-02
 4.23289200e+03  1.61799603e-02
 4.23379200e+03  1.58475858e-02
 4.23469200e+03  1.56783782e-02
 4.23559200e+03  1.58618425e-02
 4.23649300e+03  1.60145315e-02
 4.23739300e+03  1.59542360e-02
 4.23829300e+03  1.59828817e-02
 4.23919300e+03  1.60573773e-02
 4.24009300e+03  1.60747353e-02
 4.24099400e+03  1.61532903e-02
 4.24189400e+03  1.62398186e-02
 4.24279400e+03  1.61911481e-02
 4.24369500e+03  1.60917829e-02
 4.24459500e+03  1.61401591e-02
 4.24549500e+03  1.62306551e-02
 4.24639500e+03  1.61054215e-02
 4.24729600e+03  1.57773980e-02
 4.24819600e+03  1.55931941e-02
 4.24909600e+03  1.56760624e-02
 4.24999600e+03  1.57259123e-02
 4.25089700e+03  1.56053213e-02
 4.25179700e+03  1.56044710e-02
 4.25269700e+03  1.58303654e-02
 4.25359700e+03  1.60231741e-02
 4.25449700e+03  1.60441327e-02
 4.25539800e+03  1.59678503e-02
 4.25629800e+03  1.59227454e-02
 4.25719800e+03  1.59789733e-02
 4.25809800e+03  1.60685003e-02
 4.25899800e+03  1.60174924e-02
 4.25989900e+03  1.58643635e-02
 4.26079900e+03  1.57191781e-02
 4.26169900e+03  1.56019285e-02
 4.26259900e+03  1.56176238e-02
 4.26350000e+03  1.58049371e-02
 4.26440000e+03  1.60003881e-02
 4.26530000e+03  1.60396927e-02
 4.26620000e+03  1.60117325e-02
 4.26710100e+03  1.60397709e-02
 4.26800100e+03  1.60048741e-02
 4.26890100e+03  1.58649114e-02
 4.26980100e+03  1.57476429e-02
 4.27070200e+03  1.56393436e-02
 4.27160200e+03  1.54123210e-02
 4.27250200e+03  1.52037198e-02
 4.27340300e+03  1.52701235e-02
 4.27430300e+03  1.54568078e-02
 4.27520300e+03  1.55085849e-02
 4.27610300e+03  1.55323021e-02
 4.27700300e+03  1.56769990e-02
 4.27790400e+03  1.58399095e-02
 4.27880400e+03  1.58691517e-02
 4.27970400e+03  1.57467522e-02
 4.28060400e+03  1.56441372e-02
 4.28150400e+03  1.56326390e-02
 4.28240500e+03  1.55581218e-02
 4.28330500e+03  1.54092656e-02
 4.28420500e+03  1.54389478e-02
 4.28510500e+03  1.56062066e-02
 4.28600600e+03  1.56064738e-02
 4.28690600e+03  1.55160588e-02
 4.28780600e+03  1.54031008e-02
 4.28870600e+03  1.52510974e-02
 4.28960600e+03  1.50662269e-02
 4.29050700e+03  1.48107960e-02
 4.29140700e+03  1.46885693e-02
 4.29230700e+03  1.48710106e-02
 4.29320800e+03  1.51173940e-02
 4.29410800e+03  1.51785749e-02
 4.29500800e+03  1.50626640e-02
 4.29590800e+03  1.49456870e-02
 4.29680900e+03  1.49146958e-02
 4.29770900e+03  1.49240968e-02
 4.29860900e+03  1.48762739e-02
 4.29950900e+03  1.46348110e-02
 4.30041000e+03  1.42692697e-02
 4.30131000e+03  1.41290669e-02
 4.30221000e+03  1.42366185e-02
 4.30311000e+03  1.42506377e-02
 4.30401000e+03  1.42981476e-02
 4.30491100e+03  1.45581426e-02
 4.30581100e+03  1.47360899e-02
 4.30671100e+03  1.47217414e-02
 4.30761100e+03  1.45565744e-02
 4.30851100e+03  1.43082288e-02
 4.30941200e+03  1.42092090e-02
 4.31031200e+03  1.43774449e-02
 4.31121200e+03  1.45471086e-02
 4.31211200e+03  1.45017230e-02
 4.31301300e+03  1.43511609e-02
 4.31391300e+03  1.41602389e-02
 4.31481300e+03  1.39225764e-02
 4.31571300e+03  1.39007945e-02
 4.31661400e+03  1.41881775e-02
 4.31751400e+03  1.44818980e-02
 4.31841400e+03  1.45544610e-02
 4.31931500e+03  1.44360724e-02
 4.32021500e+03  1.42520602e-02
 4.32111500e+03  1.40057146e-02
 4.32201500e+03  1.37827244e-02
 4.32291600e+03  1.37403537e-02
 4.32381600e+03  1.36825737e-02
 4.32471600e+03  1.34279122e-02
 4.32561600e+03  1.30320517e-02
 4.32651600e+03  1.26928350e-02
 4.32741700e+03  1.26599543e-02
 4.32831700e+03  1.28567037e-02
 4.32921700e+03  1.29509892e-02
 4.33011700e+03  1.28295614e-02
 4.33101700e+03  1.25634124e-02
 4.33191800e+03  1.23022081e-02
 4.33281800e+03  1.21053481e-02
 4.33371800e+03  1.19118674e-02
 4.33461800e+03  1.16525903e-02
 4.33551900e+03  1.13927330e-02
 4.33641900e+03  1.10729957e-02
 4.33731900e+03  1.04907020e-02
 4.33821900e+03  9.73329497e-03
 4.33911900e+03  9.03748991e-03
 4.34002000e+03  8.41490646e-03
 4.34092000e+03  8.04075773e-03
 4.34182000e+03  7.99935869e-03
 4.34272100e+03  8.18588918e-03
 4.34362100e+03  8.80880732e-03
 4.34452100e+03  9.50513601e-03
 4.34542200e+03  1.00187616e-02
 4.34632200e+03  1.04453595e-02
 4.34722200e+03  1.08369202e-02
 4.34812200e+03  1.11517667e-02
 4.34902200e+03  1.14462024e-02
 4.34992300e+03  1.17179440e-02
 4.35082300e+03  1.18520037e-02
 4.35172300e+03  1.17863504e-02
 4.35262300e+03  1.16690684e-02
 4.35352300e+03  1.18068772e-02
 4.35442400e+03  1.22802049e-02
 4.35532400e+03  1.27090216e-02
 4.35622400e+03  1.29472725e-02
 4.35712400e+03  1.31794316e-02
 4.35802400e+03  1.33362421e-02
 4.35892500e+03  1.33775386e-02
 4.35982500e+03  1.34091749e-02
 4.36072500e+03  1.35852652e-02
 4.36162600e+03  1.38290493e-02
 4.36252600e+03  1.39727314e-02
 4.36342600e+03  1.40822372e-02
 4.36432600e+03  1.41597315e-02
 4.36522600e+03  1.42187774e-02
 4.36612700e+03  1.43424509e-02
 4.36702700e+03  1.44188952e-02
 4.36792700e+03  1.43925303e-02
 4.36882800e+03  1.43254869e-02
 4.36972800e+03  1.43543108e-02
 4.37062800e+03  1.44858252e-02
 4.37152800e+03  1.45896575e-02
 4.37242900e+03  1.46384278e-02
 4.37332900e+03  1.46223195e-02
 4.37422900e+03  1.45127489e-02
 4.37512900e+03  1.43266907e-02
 4.37602900e+03  1.41974867e-02
 4.37693000e+03  1.42868761e-02
 4.37783000e+03  1.45662184e-02
 4.37873000e+03  1.47900182e-02
 4.37963000e+03  1.48669997e-02
 4.38053000e+03  1.48917209e-02
 4.38143100e+03  1.48813941e-02
 4.38233100e+03  1.47979806e-02
 4.38323100e+03  1.45587445e-02
 4.38413100e+03  1.42010847e-02
 4.38503200e+03  1.39679728e-02
 4.38593200e+03  1.40477371e-02
 4.38683200e+03  1.43440730e-02
 4.38773200e+03  1.45995200e-02
 4.38863300e+03  1.46959325e-02
 4.38953300e+03  1.46887501e-02
 4.39043300e+03  1.46616294e-02
 4.39133300e+03  1.46774678e-02
 4.39223400e+03  1.47370535e-02
 4.39313400e+03  1.47895810e-02
 4.39403400e+03  1.47369023e-02
 4.39493500e+03  1.45461450e-02
 4.39583500e+03  1.43598683e-02
 4.39673500e+03  1.43739765e-02
 4.39763500e+03  1.46112504e-02
 4.39853500e+03  1.48298491e-02
 4.39943600e+03  1.48500574e-02
 4.40033600e+03  1.46776163e-02
 4.40123600e+03  1.44691069e-02
 4.40213600e+03  1.44637032e-02
 4.40303600e+03  1.46688441e-02
 4.40393700e+03  1.48188043e-02
 4.40483700e+03  1.46754867e-02
 4.40573700e+03  1.44446448e-02
 4.40663700e+03  1.45385578e-02
 4.40753800e+03  1.47971385e-02
 4.40843800e+03  1.48267289e-02
 4.40933800e+03  1.46987072e-02
 4.41023800e+03  1.47139922e-02
 4.41113900e+03  1.48176653e-02
 4.41203900e+03  1.48570832e-02
 4.41293900e+03  1.49414224e-02
 4.41383900e+03  1.50240991e-02
 4.41473900e+03  1.48774291e-02
 4.41564000e+03  1.45530251e-02
 4.41654000e+03  1.43415143e-02
 4.41744000e+03  1.43213384e-02
 4.41834100e+03  1.43630424e-02
 4.41924100e+03  1.44321695e-02
 4.42014100e+03  1.45639403e-02
 4.42104100e+03  1.47483493e-02
 4.42194200e+03  1.48564435e-02
 4.42284200e+03  1.47769545e-02
 4.42374200e+03  1.46750440e-02
 4.42464200e+03  1.47220518e-02
 4.42554200e+03  1.47856241e-02
 4.42644300e+03  1.47667168e-02
 4.42734300e+03  1.46582717e-02
 4.42824300e+03  1.45489980e-02
 4.42914300e+03  1.45903862e-02
 4.43004300e+03  1.46944587e-02
 4.43094400e+03  1.47142864e-02
 4.43184400e+03  1.46885936e-02
 4.43274400e+03  1.47122810e-02
 4.43364400e+03  1.47293556e-02
 4.43454500e+03  1.46389217e-02
 4.43544500e+03  1.44496354e-02
 4.43634500e+03  1.43433767e-02
 4.43724500e+03  1.44197265e-02
 4.43814600e+03  1.45724560e-02
 4.43904600e+03  1.46808957e-02
 4.43994600e+03  1.47458742e-02
 4.44084600e+03  1.47955757e-02
 4.44174700e+03  1.46958596e-02
 4.44264700e+03  1.44607531e-02
 4.44354700e+03  1.42915968e-02
 4.44444800e+03  1.41918942e-02
 4.44534800e+03  1.42418980e-02
 4.44624800e+03  1.44566990e-02
 4.44714800e+03  1.45858409e-02
 4.44804800e+03  1.45622776e-02
 4.44894900e+03  1.45163117e-02
 4.44984900e+03  1.45244846e-02
 4.45074900e+03  1.44444504e-02
 4.45164900e+03  1.43527264e-02
 4.45254900e+03  1.44821544e-02
 4.45345000e+03  1.46293507e-02
 4.45435000e+03  1.45606339e-02
 4.45525000e+03  1.43154894e-02
 4.45615000e+03  1.41618287e-02
 4.45705100e+03  1.43141803e-02
 4.45795100e+03  1.44768776e-02
 4.45885100e+03  1.44904461e-02
 4.45975100e+03  1.44762352e-02
 4.46065200e+03  1.44583968e-02
 4.46155200e+03  1.44441427e-02
 4.46245200e+03  1.43810644e-02
 4.46335200e+03  1.43387288e-02
 4.46425300e+03  1.43467505e-02
 4.46515300e+03  1.43927138e-02
 4.46605300e+03  1.44516166e-02
 4.46695300e+03  1.44661135e-02
 4.46785400e+03  1.44011944e-02
 4.46875400e+03  1.42226722e-02
 4.46965400e+03  1.40759240e-02
 4.47055400e+03  1.40820995e-02
 4.47145500e+03  1.42103642e-02
 4.47235500e+03  1.44217752e-02
 4.47325500e+03  1.45953175e-02
 4.47415500e+03  1.46409434e-02
 4.47505500e+03  1.46325383e-02
 4.47595600e+03  1.46376720e-02
 4.47685600e+03  1.46526548e-02
 4.47775600e+03  1.46687902e-02
 4.47865600e+03  1.46386302e-02
 4.47955600e+03  1.45640699e-02
 4.48045700e+03  1.43865679e-02
 4.48135700e+03  1.40160171e-02
 4.48225700e+03  1.36954809e-02
 4.48315800e+03  1.37977207e-02
 4.48405800e+03  1.41318227e-02
 4.48495800e+03  1.44092351e-02
 4.48585800e+03  1.45518914e-02
 4.48675800e+03  1.45215453e-02
 4.48765900e+03  1.44842867e-02
 4.48855900e+03  1.44317592e-02
 4.48945900e+03  1.43162991e-02
 4.49036000e+03  1.42840393e-02
 4.49126000e+03  1.43043339e-02
 4.49216000e+03  1.43253466e-02
 4.49306000e+03  1.43623190e-02
 4.49396100e+03  1.44135348e-02
 4.49486100e+03  1.44229925e-02
 4.49576100e+03  1.43552825e-02
 4.49666100e+03  1.43407045e-02
 4.49756100e+03  1.43910295e-02
 4.49846200e+03  1.43935289e-02
 4.49936200e+03  1.44134646e-02
 4.50026200e+03  1.44613253e-02
 4.50116200e+03  1.43690587e-02
 4.50206200e+03  1.41792569e-02
 4.50296300e+03  1.41259251e-02
 4.50386300e+03  1.42707434e-02
 4.50476300e+03  1.44741920e-02
 4.50566300e+03  1.45743616e-02
 4.50656400e+03  1.45579618e-02
 4.50746400e+03  1.44758951e-02
 4.50836400e+03  1.43705999e-02
 4.50926500e+03  1.43084663e-02
 4.51016500e+03  1.43057645e-02
 4.51106500e+03  1.43848918e-02
 4.51196500e+03  1.45130782e-02
 4.51286500e+03  1.45025057e-02
 4.51376600e+03  1.44134052e-02
 4.51466600e+03  1.43734880e-02
 4.51556600e+03  1.42874672e-02
 4.51646700e+03  1.42209259e-02
 4.51736700e+03  1.42374687e-02
 4.51826700e+03  1.42607648e-02
 4.51916700e+03  1.42369019e-02
 4.52006700e+03  1.41737723e-02
 4.52096800e+03  1.41310939e-02
 4.52186800e+03  1.40798674e-02
 4.52276800e+03  1.39794009e-02
 4.52366800e+03  1.38552901e-02
 4.52456800e+03  1.38307984e-02
 4.52546900e+03  1.39643020e-02
 4.52636900e+03  1.40487412e-02
 4.52726900e+03  1.40644068e-02
 4.52816900e+03  1.40116742e-02
 4.52906900e+03  1.38961683e-02
 4.52997000e+03  1.38358052e-02
 4.53087000e+03  1.38716144e-02
 4.53177000e+03  1.39532977e-02
 4.53267100e+03  1.40320822e-02
 4.53357100e+03  1.39691388e-02
 4.53447100e+03  1.37186204e-02
 4.53537200e+03  1.35358390e-02
 4.53627200e+03  1.36375876e-02
 4.53717200e+03  1.39369951e-02
 4.53807200e+03  1.41804148e-02
 4.53897200e+03  1.42656664e-02
 4.53987300e+03  1.42706922e-02
 4.54077300e+03  1.42312419e-02
 4.54167300e+03  1.41728735e-02
 4.54257300e+03  1.41948335e-02
 4.54347400e+03  1.42437496e-02
 4.54437400e+03  1.41793406e-02
 4.54527400e+03  1.40325195e-02
 4.54617400e+03  1.39898087e-02
 4.54707400e+03  1.40640155e-02
 4.54797500e+03  1.40805691e-02
 4.54887500e+03  1.39402826e-02
 4.54977500e+03  1.36449993e-02
 4.55067500e+03  1.34324710e-02
 4.55157500e+03  1.36063291e-02
 4.55247600e+03  1.39489549e-02
 4.55337600e+03  1.40598453e-02
 4.55427600e+03  1.39763266e-02
 4.55517600e+03  1.38644374e-02
 4.55607700e+03  1.37468829e-02
 4.55697700e+03  1.37123558e-02
 4.55787700e+03  1.38531336e-02
 4.55877800e+03  1.40063597e-02
 4.55967800e+03  1.40337557e-02
 4.56057800e+03  1.40956842e-02
 4.56147900e+03  1.42033681e-02
 4.56237900e+03  1.41960859e-02
 4.56327900e+03  1.40679454e-02
 4.56417900e+03  1.38209763e-02
 4.56507900e+03  1.36103319e-02
 4.56598000e+03  1.36901232e-02
 4.56688000e+03  1.39010429e-02
 4.56778000e+03  1.39773846e-02
 4.56868000e+03  1.40220361e-02
 4.56958000e+03  1.40868581e-02
 4.57048100e+03  1.40679697e-02
 4.57138100e+03  1.39136234e-02
 4.57228100e+03  1.36956779e-02
 4.57318100e+03  1.36020024e-02
 4.57408100e+03  1.37400703e-02
 4.57498200e+03  1.39553302e-02
 4.57588200e+03  1.40209511e-02
 4.57678200e+03  1.39788665e-02
 4.57768200e+03  1.39868019e-02
 4.57858300e+03  1.39895847e-02
 4.57948300e+03  1.38925271e-02
 4.58038300e+03  1.38395570e-02
 4.58128300e+03  1.38566370e-02
 4.58218400e+03  1.38276404e-02
 4.58308400e+03  1.37899526e-02
 4.58398400e+03  1.37079616e-02
 4.58488500e+03  1.35816079e-02
 4.58578500e+03  1.36021779e-02
 4.58668500e+03  1.37905869e-02
 4.58758500e+03  1.39358884e-02
 4.58848600e+03  1.38918011e-02
 4.58938600e+03  1.37331336e-02
 4.59028600e+03  1.36553504e-02
 4.59118600e+03  1.37143612e-02
 4.59208600e+03  1.37767324e-02
 4.59298700e+03  1.37540787e-02
 4.59388700e+03  1.37181697e-02
 4.59478700e+03  1.37783411e-02
 4.59568700e+03  1.38364179e-02
 4.59658700e+03  1.38076076e-02
 4.59748800e+03  1.37990730e-02
 4.59838800e+03  1.38266012e-02
 4.59928800e+03  1.38141772e-02
 4.60018800e+03  1.38083741e-02
 4.60108800e+03  1.37932969e-02
 4.60198900e+03  1.37696823e-02
 4.60288900e+03  1.37301591e-02
 4.60378900e+03  1.37022989e-02
 4.60469000e+03  1.37915316e-02
 4.60559000e+03  1.38771827e-02
 4.60649000e+03  1.38571282e-02
 4.60739100e+03  1.38349928e-02
 4.60829100e+03  1.38506342e-02
 4.60919100e+03  1.38043875e-02
 4.61009100e+03  1.37314493e-02
 4.61099200e+03  1.38163446e-02
 4.61189200e+03  1.38742649e-02
 4.61279200e+03  1.38077857e-02
 4.61369200e+03  1.37870268e-02
 4.61459200e+03  1.37671289e-02
 4.61549300e+03  1.37289445e-02
 4.61639300e+03  1.37085689e-02
 4.61729300e+03  1.36872702e-02
 4.61819300e+03  1.37146905e-02
 4.61909300e+03  1.37179834e-02
 4.61999400e+03  1.36380545e-02
 4.62089400e+03  1.35823906e-02
 4.62179400e+03  1.36389560e-02
 4.62269400e+03  1.37116162e-02
 4.62359500e+03  1.37335519e-02
 4.62449500e+03  1.37622435e-02
 4.62539500e+03  1.37958313e-02
 4.62629500e+03  1.37978746e-02
 4.62719500e+03  1.38107115e-02
 4.62809600e+03  1.37658253e-02
 4.62899600e+03  1.36005503e-02
 4.62989600e+03  1.34457101e-02
 4.63079700e+03  1.34245895e-02
 4.63169700e+03  1.35353046e-02
 4.63259700e+03  1.35885500e-02
 4.63349800e+03  1.36072576e-02
 4.63439800e+03  1.35879238e-02
 4.63529800e+03  1.35116117e-02
 4.63619800e+03  1.35194824e-02
 4.63709800e+03  1.35644901e-02
 4.63799900e+03  1.35255149e-02
 4.63889900e+03  1.34975466e-02
 4.63979900e+03  1.35631648e-02
 4.64069900e+03  1.35908767e-02
 4.64159900e+03  1.35518663e-02
 4.64250000e+03  1.35683525e-02
 4.64340000e+03  1.35903260e-02
 4.64430000e+03  1.35374450e-02
 4.64520000e+03  1.35079490e-02
 4.64610000e+03  1.35251937e-02
 4.64700100e+03  1.34686013e-02
 4.64790100e+03  1.34182007e-02
 4.64880100e+03  1.34579776e-02
 4.64970200e+03  1.34738430e-02
 4.65060200e+03  1.34425683e-02
 4.65150200e+03  1.34260309e-02
 4.65240200e+03  1.34698510e-02
 4.65330200e+03  1.35197199e-02
 4.65420300e+03  1.35292693e-02
 4.65510300e+03  1.35164620e-02
 4.65600300e+03  1.34137229e-02
 4.65690400e+03  1.33418967e-02
 4.65780400e+03  1.33495406e-02
 4.65870400e+03  1.33809799e-02
 4.65960400e+03  1.34374562e-02
 4.66050500e+03  1.35314394e-02
 4.66140500e+03  1.36067934e-02
 4.66230500e+03  1.35540472e-02
 4.66320500e+03  1.35065725e-02
 4.66410500e+03  1.34803344e-02
 4.66500600e+03  1.33989021e-02
 4.66590600e+03  1.33587311e-02
 4.66680600e+03  1.33489279e-02
 4.66770600e+03  1.32404370e-02
 4.66860600e+03  1.31647538e-02
 4.66950700e+03  1.32277349e-02
 4.67040700e+03  1.32667938e-02
 4.67130700e+03  1.32795957e-02
 4.67220700e+03  1.33888451e-02
 4.67310800e+03  1.34453997e-02
 4.67400800e+03  1.33964513e-02
 4.67490800e+03  1.33407388e-02
 4.67580900e+03  1.33504988e-02
 4.67670900e+03  1.33891636e-02
 4.67760900e+03  1.33998791e-02
 4.67850900e+03  1.34252265e-02
 4.67940900e+03  1.33990127e-02
 4.68031000e+03  1.33114723e-02
 4.68121000e+03  1.32574198e-02
 4.68211000e+03  1.32358107e-02
 4.68301100e+03  1.32654983e-02
 4.68391100e+03  1.32887727e-02
 4.68481100e+03  1.32913909e-02
 4.68571100e+03  1.33379020e-02
 4.68661100e+03  1.33722861e-02
 4.68751200e+03  1.33239206e-02
 4.68841200e+03  1.32762056e-02
 4.68931200e+03  1.33236966e-02
 4.69021200e+03  1.33646773e-02
 4.69111200e+03  1.33060930e-02
 4.69201300e+03  1.32652256e-02
 4.69291300e+03  1.32755147e-02
 4.69381300e+03  1.32980469e-02
 4.69471300e+03  1.33178800e-02
 4.69561400e+03  1.33483503e-02
 4.69651400e+03  1.34105029e-02
 4.69741400e+03  1.34482770e-02
 4.69831400e+03  1.33722240e-02
 4.69921500e+03  1.32458109e-02
 4.70011500e+03  1.32112001e-02
 4.70101500e+03  1.32367500e-02
 4.70191600e+03  1.32041932e-02
 4.70281600e+03  1.31124989e-02
 4.70371600e+03  1.30267102e-02
 4.70461600e+03  1.30393798e-02
 4.70551600e+03  1.31500706e-02
 4.70641700e+03  1.32273274e-02
 4.70731700e+03  1.31835180e-02
 4.70821700e+03  1.30741930e-02
 4.70911700e+03  1.30448995e-02
 4.71001800e+03  1.30545462e-02
 4.71091800e+03  1.30979884e-02
 4.71181800e+03  1.32045414e-02
 4.71271800e+03  1.32669450e-02
 4.71361800e+03  1.32437002e-02
 4.71451900e+03  1.31894156e-02
 4.71541900e+03  1.31405481e-02
 4.71631900e+03  1.31240889e-02
 4.71721900e+03  1.31956937e-02
 4.71811900e+03  1.32710476e-02
 4.71902000e+03  1.32285393e-02
 4.71992000e+03  1.31212305e-02
 4.72082000e+03  1.31050088e-02
 4.72172100e+03  1.31562407e-02
 4.72262100e+03  1.31410096e-02
 4.72352100e+03  1.31398139e-02
 4.72442100e+03  1.32149411e-02
 4.72532200e+03  1.32392143e-02
 4.72622200e+03  1.32160882e-02
 4.72712200e+03  1.32025684e-02
 4.72802300e+03  1.31594554e-02
 4.72892300e+03  1.30695371e-02
 4.72982300e+03  1.30244483e-02
 4.73072300e+03  1.30425648e-02
 4.73162300e+03  1.30392611e-02
 4.73252400e+03  1.30426728e-02
 4.73342400e+03  1.30795508e-02
 4.73432400e+03  1.31112816e-02
 4.73522400e+03  1.31851780e-02
 4.73612400e+03  1.32508906e-02
 4.73702500e+03  1.31581679e-02
 4.73792500e+03  1.30277547e-02
 4.73882500e+03  1.30585624e-02
 4.73972500e+03  1.31408018e-02
 4.74062500e+03  1.31664974e-02
 4.74152600e+03  1.31557252e-02
 4.74242600e+03  1.31171549e-02
 4.74332600e+03  1.31403834e-02
 4.74422600e+03  1.32387365e-02
 4.74512700e+03  1.32310791e-02
 4.74602700e+03  1.31484106e-02
 4.74692700e+03  1.31531988e-02
 4.74782800e+03  1.31969866e-02
 4.74872800e+03  1.31964387e-02
 4.74962800e+03  1.31555795e-02
 4.75052900e+03  1.31390177e-02
 4.75142900e+03  1.31571126e-02
 4.75232900e+03  1.31760010e-02
 4.75322900e+03  1.31913643e-02
 4.75412900e+03  1.32024388e-02
 4.75503000e+03  1.31737877e-02
 4.75593000e+03  1.31247691e-02
 4.75683000e+03  1.30642495e-02
 4.75773000e+03  1.29585953e-02
 4.75863000e+03  1.29360766e-02
 4.75953100e+03  1.30394608e-02
 4.76043100e+03  1.31125691e-02
 4.76133100e+03  1.31155246e-02
 4.76223100e+03  1.30541197e-02
 4.76313100e+03  1.29169021e-02
 4.76403200e+03  1.27959844e-02
 4.76493200e+03  1.27209921e-02
 4.76583200e+03  1.27082307e-02
 4.76673300e+03  1.28560370e-02
 4.76763300e+03  1.29774486e-02
 4.76853300e+03  1.29306945e-02
 4.76943300e+03  1.29297660e-02
 4.77033300e+03  1.30277547e-02
 4.77123400e+03  1.30365026e-02
 4.77213400e+03  1.29617614e-02
 4.77303400e+03  1.29291290e-02
 4.77393500e+03  1.29443817e-02
 4.77483500e+03  1.29434883e-02
 4.77573500e+03  1.29283247e-02
 4.77663500e+03  1.29600528e-02
 4.77753600e+03  1.30046449e-02
 4.77843600e+03  1.29707062e-02
 4.77933600e+03  1.28690521e-02
 4.78023600e+03  1.28113018e-02
 4.78113600e+03  1.28218284e-02
 4.78203700e+03  1.28496050e-02
 4.78293700e+03  1.29053633e-02
 4.78383700e+03  1.29410079e-02
 4.78473700e+03  1.29164864e-02
 4.78563700e+03  1.28912281e-02
 4.78653800e+03  1.28569331e-02
 4.78743800e+03  1.28130833e-02
 4.78833800e+03  1.28252185e-02
 4.78923800e+03  1.28736649e-02
 4.79013900e+03  1.28820268e-02
 4.79103900e+03  1.28707445e-02
 4.79193900e+03  1.29057169e-02
 4.79284000e+03  1.29158251e-02
 4.79374000e+03  1.29095092e-02
 4.79464000e+03  1.29302249e-02
 4.79554000e+03  1.29471133e-02
 4.79644000e+03  1.29662878e-02
 4.79734100e+03  1.29823097e-02
 4.79824100e+03  1.29337877e-02
 4.79914100e+03  1.28187406e-02
 4.80004200e+03  1.27293081e-02
 4.80094200e+03  1.27163766e-02
 4.80184200e+03  1.27560725e-02
 4.80274200e+03  1.28292456e-02
 4.80364200e+03  1.28447277e-02
 4.80454300e+03  1.27510819e-02
 4.80544300e+03  1.26648721e-02
 4.80634300e+03  1.26204042e-02
 4.80724300e+03  1.26673013e-02
 4.80814300e+03  1.27759785e-02
 4.80904400e+03  1.27914283e-02
 4.80994400e+03  1.26786700e-02
 4.81084400e+03  1.26003767e-02
 4.81174400e+03  1.26149844e-02
 4.81264500e+03  1.25669212e-02
 4.81354500e+03  1.25498250e-02
 4.81444500e+03  1.25835478e-02
 4.81534500e+03  1.25850161e-02
 4.81624600e+03  1.25911917e-02
 4.81714600e+03  1.26011136e-02
 4.81804600e+03  1.26019881e-02
 4.81894700e+03  1.26168602e-02
 4.81984700e+03  1.25913131e-02
 4.82074700e+03  1.24703414e-02
 4.82164700e+03  1.24267372e-02
 4.82254700e+03  1.25034083e-02
 4.82344800e+03  1.24659500e-02
 4.82434800e+03  1.23051610e-02
 4.82524800e+03  1.22184195e-02
 4.82614800e+03  1.22875600e-02
 4.82704900e+03  1.23392643e-02
 4.82794900e+03  1.23446652e-02
 4.82884900e+03  1.23688358e-02
 4.82974900e+03  1.23530514e-02
 4.83064900e+03  1.23192827e-02
 4.83155000e+03  1.23000650e-02
 4.83245000e+03  1.22757001e-02
 4.83335000e+03  1.22157986e-02
 4.83425000e+03  1.21441128e-02
 4.83515000e+03  1.20899200e-02
 4.83605100e+03  1.20524616e-02
 4.83695100e+03  1.20479946e-02
 4.83785100e+03  1.19875614e-02
 4.83875200e+03  1.18896456e-02
 4.83965200e+03  1.18264944e-02
 4.84055200e+03  1.17054012e-02
 4.84145300e+03  1.15766885e-02
 4.84235300e+03  1.15447553e-02
 4.84325300e+03  1.15098179e-02
 4.84415300e+03  1.14678386e-02
 4.84505300e+03  1.14426504e-02
 4.84595400e+03  1.14072785e-02
 4.84685400e+03  1.13423351e-02
 4.84775400e+03  1.11736916e-02
 4.84865400e+03  1.09856766e-02
 4.84955500e+03  1.08354465e-02
 4.85045500e+03  1.07198353e-02
 4.85135500e+03  1.06572941e-02
 4.85225500e+03  1.05878080e-02
 4.85315500e+03  1.04198745e-02
 4.85405600e+03  1.02352468e-02
 4.85495600e+03  1.00654455e-02
 4.85585600e+03  9.76275312e-03
 4.85675600e+03  9.43811157e-03
 4.85765700e+03  9.26899847e-03
 4.85855700e+03  9.08302399e-03
 4.85945700e+03  8.70570380e-03
 4.86035700e+03  8.14644161e-03
 4.86125700e+03  7.71186237e-03
 4.86215800e+03  7.94525221e-03
 4.86305800e+03  8.10200606e-03
 4.86395800e+03  7.85763082e-03
 4.86485900e+03  8.09251597e-03
 4.86575900e+03  8.51201525e-03
 4.86665900e+03  8.88456610e-03
 4.86756000e+03  9.23153474e-03
 4.86846000e+03  9.48656070e-03
 4.86936000e+03  9.67789292e-03
 4.87026000e+03  9.83405296e-03
 4.87116000e+03  9.88241032e-03
 4.87206100e+03  9.91487259e-03
 4.87296100e+03  1.00508513e-02
 4.87386100e+03  1.02793099e-02
 4.87476100e+03  1.05011097e-02
 4.87566100e+03  1.06626356e-02
 4.87656200e+03  1.07720227e-02
 4.87746200e+03  1.08846352e-02
 4.87836200e+03  1.09905701e-02
 4.87926200e+03  1.10748473e-02
 4.88016200e+03  1.12107127e-02
 4.88106300e+03  1.13268044e-02
 4.88196300e+03  1.13793885e-02
 4.88286300e+03  1.14242316e-02
 4.88376400e+03  1.14461754e-02
 4.88466400e+03  1.14710883e-02
 4.88556400e+03  1.15390655e-02
 4.88646400e+03  1.16567551e-02
 4.88736400e+03  1.17850980e-02
 4.88826500e+03  1.18467782e-02
 4.88916500e+03  1.18660742e-02
 4.89006500e+03  1.18620579e-02
 4.89096600e+03  1.18400709e-02
 4.89186600e+03  1.17639073e-02
 4.89276600e+03  1.17643121e-02
 4.89366600e+03  1.19432257e-02
 4.89456700e+03  1.20660787e-02
 4.89546700e+03  1.21023683e-02
 4.89636700e+03  1.21863459e-02
 4.89726700e+03  1.22490814e-02
 4.89816700e+03  1.22301795e-02
 4.89906800e+03  1.21979899e-02
 4.89996800e+03  1.21467795e-02
 4.90086800e+03  1.21011159e-02
 4.90176800e+03  1.21568445e-02
 4.90266800e+03  1.21921544e-02
 4.90356900e+03  1.21467040e-02
 4.90446900e+03  1.21146115e-02
 4.90536900e+03  1.21595518e-02
 4.90627000e+03  1.22006080e-02
 4.90717000e+03  1.22095070e-02
 4.90807000e+03  1.22602261e-02
 4.90897000e+03  1.22975090e-02
 4.90987000e+03  1.22030237e-02
 4.91077100e+03  1.21196021e-02
 4.91167100e+03  1.20990754e-02
 4.91257100e+03  1.21017880e-02
 4.91347200e+03  1.21916092e-02
 4.91437200e+03  1.22046513e-02
 4.91527200e+03  1.21913527e-02
 4.91617200e+03  1.22095664e-02
 4.91707300e+03  1.21575652e-02
 4.91797300e+03  1.21869316e-02
 4.91887300e+03  1.21481777e-02
 4.91977300e+03  1.19660683e-02
 4.92067300e+03  1.18375283e-02
 4.92157400e+03  1.18690837e-02
 4.92247400e+03  1.19602841e-02
 4.92337400e+03  1.19764734e-02
 4.92427400e+03  1.18718665e-02
 4.92517400e+03  1.17876055e-02
 4.92607500e+03  1.19028146e-02
 4.92697500e+03  1.20986084e-02
 4.92787500e+03  1.22244952e-02
 4.92877500e+03  1.22507441e-02
 4.92967600e+03  1.22401447e-02
 4.93057600e+03  1.22456805e-02
 4.93147600e+03  1.22802238e-02
 4.93237700e+03  1.23020111e-02
 4.93327700e+03  1.22244304e-02
 4.93417700e+03  1.20561270e-02
 4.93507700e+03  1.19498952e-02
 4.93597700e+03  1.20078776e-02
 4.93687800e+03  1.21424906e-02
 4.93777800e+03  1.21651470e-02
 4.93867800e+03  1.20571635e-02
 4.93957900e+03  1.19772076e-02
 4.94047900e+03  1.19441596e-02
 4.94137900e+03  1.20252330e-02
 4.94227900e+03  1.21888426e-02
 4.94317900e+03  1.22748337e-02
 4.94408000e+03  1.22968504e-02
 4.94498000e+03  1.23149291e-02
 4.94588000e+03  1.22473864e-02
 4.94678000e+03  1.21790745e-02
 4.94768000e+03  1.21958414e-02
 4.94858100e+03  1.22134585e-02
 4.94948100e+03  1.22370029e-02
 4.95038100e+03  1.22497751e-02
 4.95128100e+03  1.22448546e-02
 4.95218200e+03  1.22748823e-02
 4.95308200e+03  1.22279069e-02
 4.95398200e+03  1.21192944e-02
 4.95488200e+03  1.21442667e-02
 4.95578300e+03  1.21983461e-02
 4.95668300e+03  1.21780191e-02
 4.95758300e+03  1.20277512e-02
 4.95848400e+03  1.18291098e-02
 4.95938400e+03  1.20856230e-02
 4.96028400e+03  1.26749047e-02
 4.96118400e+03  1.26612364e-02
 4.96208500e+03  1.23129830e-02
 4.96298500e+03  1.21750474e-02
 4.96388500e+03  1.21813039e-02
 4.96478500e+03  1.22336911e-02
 4.96568500e+03  1.22307166e-02
 4.96658600e+03  1.21089946e-02
 4.96748600e+03  1.20359053e-02
 4.96838600e+03  1.20368257e-02
 4.96928600e+03  1.20210061e-02
 4.97018600e+03  1.20545130e-02
 4.97108700e+03  1.21308413e-02
 4.97198700e+03  1.21705830e-02
 4.97288700e+03  1.21655762e-02
 4.97378700e+03  1.21252973e-02
 4.97468800e+03  1.21100959e-02
 4.97558800e+03  1.21444502e-02
 4.97648800e+03  1.21227439e-02
 4.97738800e+03  1.20674309e-02
 4.97828900e+03  1.20599463e-02
 4.97918900e+03  1.20361023e-02
 4.98008900e+03  1.20094485e-02
 4.98098900e+03  1.19929353e-02
 4.98189000e+03  1.19283428e-02
 4.98279000e+03  1.18042267e-02
 4.98369000e+03  1.16874521e-02
 4.98459100e+03  1.16755193e-02
 4.98549100e+03  1.17093095e-02
 4.98639100e+03  1.17425977e-02
 4.98729100e+03  1.18180650e-02
 4.98819100e+03  1.19311364e-02
 4.98909200e+03  1.20306231e-02
 4.98999200e+03  1.20716011e-02
 4.99089200e+03  1.20555062e-02
 4.99179200e+03  1.19715988e-02
 4.99269200e+03  1.18609864e-02
 4.99359300e+03  1.18098381e-02
 4.99449300e+03  1.17955085e-02
 4.99539300e+03  1.18273635e-02
 4.99629300e+03  1.19086473e-02
 4.99719400e+03  1.19632774e-02
 4.99809400e+03  1.19989301e-02
 4.99899400e+03  1.19937802e-02
 4.99989400e+03  1.19103856e-02
 5.00079500e+03  1.18171257e-02
 5.00169500e+03  1.17826067e-02
 5.00259500e+03  1.17917190e-02
 5.00349500e+03  1.18192661e-02
 5.00439600e+03  1.18706978e-02
 5.00529600e+03  1.18631106e-02
 5.00619600e+03  1.18292043e-02
 5.00709600e+03  1.24040296e-02
 5.00799700e+03  1.34699995e-02
 5.00889700e+03  1.32058532e-02
 5.00979700e+03  1.22470355e-02
 5.01069700e+03  1.18850382e-02
 5.01159800e+03  1.17979215e-02
 5.01249800e+03  1.17266190e-02
 5.01339800e+03  1.16461556e-02
 5.01429800e+03  1.15548877e-02
 5.01519800e+03  1.15235321e-02
 5.01609900e+03  1.15823108e-02
 5.01699900e+03  1.16196611e-02
 5.01789900e+03  1.15413031e-02
 5.01879900e+03  1.13444539e-02
 5.01969900e+03  1.12024939e-02
 5.02060000e+03  1.12836536e-02
 5.02150000e+03  1.14992536e-02
 5.02240000e+03  1.16338477e-02
 5.02330100e+03  1.16380664e-02
 5.02420100e+03  1.16675677e-02
 5.02510100e+03  1.17480742e-02
 5.02600200e+03  1.17578477e-02
 5.02690200e+03  1.17494616e-02
 5.02780200e+03  1.17168104e-02
 5.02870200e+03  1.16538022e-02
 5.02960200e+03  1.16393242e-02
 5.03050300e+03  1.16637539e-02
 5.03140300e+03  1.16639590e-02
 5.03230300e+03  1.16535809e-02
 5.03320300e+03  1.17260063e-02
 5.03410400e+03  1.18078786e-02
 5.03500400e+03  1.17890117e-02
 5.03590400e+03  1.16892092e-02
 5.03680400e+03  1.16078552e-02
 5.03770400e+03  1.15923407e-02
 5.03860500e+03  1.16282713e-02
 5.03950500e+03  1.16193993e-02
 5.04040500e+03  1.15397889e-02
 5.04130500e+03  1.14635497e-02
 5.04220600e+03  1.13567564e-02
 5.04310600e+03  1.13291121e-02
 5.04400600e+03  1.14952427e-02
 5.04490600e+03  1.16646932e-02
 5.04580600e+03  1.17192585e-02
 5.04670700e+03  1.17229968e-02
 5.04760700e+03  1.17497666e-02
 5.04850700e+03  1.17320469e-02
 5.04940800e+03  1.16508710e-02
 5.05030800e+03  1.15831475e-02
 5.05120800e+03  1.15741378e-02
 5.05210900e+03  1.15604830e-02
 5.05300900e+03  1.15240341e-02
 5.05390900e+03  1.15803485e-02
 5.05480900e+03  1.16455645e-02
 5.05570900e+03  1.15934878e-02
 5.05661000e+03  1.15584587e-02
 5.05751000e+03  1.16000655e-02
 5.05841000e+03  1.16482340e-02
 5.05931000e+03  1.16631682e-02
 5.06021000e+03  1.16262308e-02
 5.06111100e+03  1.15926619e-02
 5.06201100e+03  1.15969130e-02
 5.06291100e+03  1.16429599e-02
 5.06381100e+03  1.16667418e-02
 5.06471200e+03  1.15982760e-02
 5.06561200e+03  1.15122417e-02
 5.06651200e+03  1.15053158e-02
 5.06741200e+03  1.15447391e-02
 5.06831200e+03  1.15386768e-02
 5.06921300e+03  1.14910078e-02
 5.07011300e+03  1.14637224e-02
 5.07101300e+03  1.14513443e-02
 5.07191400e+03  1.14971267e-02
 5.07281400e+03  1.15286280e-02
 5.07371400e+03  1.15065952e-02
 5.07461400e+03  1.15035991e-02
 5.07551500e+03  1.14777983e-02
 5.07641500e+03  1.14366368e-02
 5.07731500e+03  1.14587236e-02
 5.07821500e+03  1.15168599e-02
 5.07911600e+03  1.15312084e-02
 5.08001600e+03  1.14517410e-02
 5.08091600e+03  1.13273928e-02
 5.08181600e+03  1.13010521e-02
 5.08271600e+03  1.13341325e-02
 5.08361700e+03  1.13721549e-02
 5.08451700e+03  1.14218537e-02
 5.08541700e+03  1.14654498e-02
 5.08631700e+03  1.15135508e-02
 5.08721700e+03  1.15311463e-02
 5.08811800e+03  1.15140825e-02
 5.08901800e+03  1.14983925e-02
 5.08991800e+03  1.15058178e-02
 5.09081900e+03  1.15226738e-02
 5.09171900e+03  1.15090756e-02
 5.09261900e+03  1.14857040e-02
 5.09351900e+03  1.14933803e-02
 5.09441900e+03  1.15295241e-02
 5.09532000e+03  1.15578082e-02
 5.09622000e+03  1.15064089e-02
 5.09712000e+03  1.14139777e-02
 5.09802100e+03  1.13560925e-02
 5.09892100e+03  1.13038943e-02
 5.09982100e+03  1.12535935e-02
 5.10072100e+03  1.12497473e-02
 5.10162200e+03  1.12878507e-02
 5.10252200e+03  1.13233873e-02
 5.10342200e+03  1.13665704e-02
 5.10432200e+03  1.13770889e-02
 5.10522200e+03  1.13623571e-02
 5.10612300e+03  1.14049195e-02
 5.10702300e+03  1.14159669e-02
 5.10792300e+03  1.13127636e-02
 5.10882300e+03  1.12342544e-02
 5.10972300e+03  1.12453504e-02
 5.11062400e+03  1.12499011e-02
 5.11152400e+03  1.12472938e-02
 5.11242400e+03  1.13103316e-02
 5.11332400e+03  1.13931945e-02
 5.11422500e+03  1.14070032e-02
 5.11512500e+03  1.13757825e-02
 5.11602500e+03  1.13345562e-02
 5.11692600e+03  1.13313362e-02
 5.11782600e+03  1.14008519e-02
 5.11872600e+03  1.14456599e-02
 5.11962600e+03  1.14511364e-02
 5.12052700e+03  1.14471768e-02
 5.12142700e+03  1.14255650e-02
 5.12232700e+03  1.13940150e-02
 5.12322700e+03  1.13331581e-02
 5.12412800e+03  1.12797804e-02
 5.12502800e+03  1.12353259e-02
 5.12592800e+03  1.12175873e-02
 5.12682800e+03  1.12517069e-02
 5.12772800e+03  1.12668327e-02
 5.12862900e+03  1.12319493e-02
 5.12952900e+03  1.11819671e-02
 5.13042900e+03  1.11437935e-02
 5.13132900e+03  1.11548140e-02
 5.13222900e+03  1.11976274e-02
 5.13313000e+03  1.11999675e-02
 5.13403000e+03  1.11511432e-02
 5.13493000e+03  1.11167025e-02
 5.13583100e+03  1.11747928e-02
 5.13673100e+03  1.12459092e-02
 5.13763100e+03  1.12216981e-02
 5.13853100e+03  1.11615267e-02
 5.13943100e+03  1.10915386e-02
 5.14033200e+03  1.10089430e-02
 5.14123200e+03  1.10295318e-02
 5.14213200e+03  1.11256851e-02
 5.14303300e+03  1.11258768e-02
 5.14393300e+03  1.10479992e-02
 5.14483300e+03  1.10647661e-02
 5.14573300e+03  1.11305462e-02
 5.14663400e+03  1.11383089e-02
 5.14753400e+03  1.11610813e-02
 5.14843400e+03  1.11439150e-02
 5.14933400e+03  1.10521396e-02
 5.15023400e+03  1.10626365e-02
 5.15113500e+03  1.11456100e-02
 5.15203500e+03  1.11326893e-02
 5.15293500e+03  1.10632114e-02
 5.15383500e+03  1.10278341e-02
 5.15473500e+03  1.10227652e-02
 5.15563600e+03  1.10429923e-02
 5.15653600e+03  1.11117496e-02
 5.15743600e+03  1.11756836e-02
 5.15833700e+03  1.12082700e-02
 5.15923700e+03  1.12372261e-02
 5.16013700e+03  1.12412883e-02
 5.16103700e+03  1.11990201e-02
 5.16193800e+03  1.11630760e-02
 5.16283800e+03  1.11436370e-02
 5.16373800e+03  1.11436424e-02
 5.16463800e+03  1.11900806e-02
 5.16553900e+03  1.12041862e-02
 5.16643900e+03  1.10836167e-02
 5.16733900e+03  1.08058885e-02
 5.16823900e+03  1.04612951e-02
 5.16914000e+03  1.02637549e-02
 5.17004000e+03  1.03317834e-02
 5.17094000e+03  1.05867230e-02
 5.17184000e+03  1.07292498e-02
 5.17274000e+03  1.05638237e-02
 5.17364100e+03  1.03942383e-02
 5.17454100e+03  1.05234395e-02
 5.17544100e+03  1.08676335e-02
 5.17634100e+03  1.11383143e-02
 5.17724100e+03  1.11829766e-02
 5.17814200e+03  1.11833949e-02
 5.17904200e+03  1.12558770e-02
 5.17994200e+03  1.12778775e-02
 5.18084200e+03  1.12143916e-02
 5.18174300e+03  1.11686092e-02
 5.18264300e+03  1.11044539e-02
 5.18354300e+03  1.08128927e-02
 5.18444400e+03  1.04239312e-02
 5.18534400e+03  1.03497595e-02
 5.18624400e+03  1.06373368e-02
 5.18714400e+03  1.09409684e-02
 5.18804500e+03  1.10698242e-02
 5.18894500e+03  1.10181929e-02
 5.18984500e+03  1.09352247e-02
 5.19074500e+03  1.10059146e-02
 5.19164600e+03  1.10765936e-02
 5.19254600e+03  1.09691607e-02
 5.19344600e+03  1.08762544e-02
 5.19434600e+03  1.09266793e-02
 5.19524600e+03  1.09780111e-02
 5.19614700e+03  1.09651822e-02
 5.19704700e+03  1.09641350e-02
 5.19794700e+03  1.09841597e-02
 5.19884700e+03  1.10045866e-02
 5.19974700e+03  1.10166409e-02
 5.20064800e+03  1.10393269e-02
 5.20154800e+03  1.10982324e-02
 5.20244800e+03  1.11347839e-02
 5.20334800e+03  1.11145945e-02
 5.20424900e+03  1.10351325e-02
 5.20514900e+03  1.09361505e-02
 5.20604900e+03  1.08740547e-02
 5.20694900e+03  1.08536763e-02
 5.20785000e+03  1.08637656e-02
 5.20875000e+03  1.08507208e-02
 5.20965000e+03  1.08291603e-02
 5.21055100e+03  1.08901657e-02
 5.21145100e+03  1.09576679e-02
 5.21235100e+03  1.09973233e-02
 5.21325100e+03  1.10640319e-02
 5.21415200e+03  1.11064971e-02
 5.21505200e+03  1.10996360e-02
 5.21595200e+03  1.10398101e-02
 5.21685200e+03  1.09416918e-02
 5.21775200e+03  1.09100528e-02
 5.21865300e+03  1.09703834e-02
 5.21955300e+03  1.10604286e-02
 5.22045300e+03  1.11225218e-02
 5.22135300e+03  1.11659478e-02
 5.22225300e+03  1.12281193e-02
 5.22315400e+03  1.12103618e-02
 5.22405400e+03  1.11232937e-02
 5.22495400e+03  1.10801996e-02
 5.22585400e+03  1.09891504e-02
 5.22675500e+03  1.07489911e-02
 5.22765500e+03  1.05236393e-02
 5.22855500e+03  1.04927047e-02
 5.22945600e+03  1.06393746e-02
 5.23035600e+03  1.07964416e-02
 5.23125600e+03  1.08926570e-02
 5.23215600e+03  1.09725859e-02
 5.23305600e+03  1.09517919e-02
 5.23395700e+03  1.08176458e-02
 5.23485700e+03  1.07052817e-02
 5.23575700e+03  1.06796347e-02
 5.23665800e+03  1.07773319e-02
 5.23755800e+03  1.09211326e-02
 5.23845800e+03  1.09746777e-02
 5.23935800e+03  1.09831988e-02
 5.24025800e+03  1.09778951e-02
 5.24115900e+03  1.09553062e-02
 5.24205900e+03  1.09535463e-02
 5.24295900e+03  1.09792338e-02
 5.24385900e+03  1.09925836e-02
 5.24475900e+03  1.09515166e-02
 5.24566000e+03  1.09393193e-02
 5.24656000e+03  1.09784727e-02
 5.24746000e+03  1.09356242e-02
 5.24836000e+03  1.08477167e-02
 5.24926100e+03  1.08589018e-02
 5.25016100e+03  1.08946597e-02
 5.25106100e+03  1.08301266e-02
 5.25196200e+03  1.07733561e-02
 5.25286200e+03  1.08237216e-02
 5.25376200e+03  1.08559193e-02
 5.25466200e+03  1.08263424e-02
 5.25556200e+03  1.08039559e-02
 5.25646300e+03  1.08072731e-02
 5.25736300e+03  1.08317082e-02
 5.25826300e+03  1.08544402e-02
 5.25916400e+03  1.09113025e-02
 5.26006400e+03  1.09549364e-02
 5.26096400e+03  1.09089030e-02
 5.26186400e+03  1.08220211e-02
 5.26276400e+03  1.07251418e-02
 5.26366500e+03  1.06195604e-02
 5.26456500e+03  1.05272048e-02
 5.26546500e+03  1.04506660e-02
 5.26636500e+03  1.04094640e-02
 5.26726500e+03  1.04473757e-02
 5.26816600e+03  1.05652110e-02
 5.26906600e+03  1.06507028e-02
 5.26996600e+03  1.04862538e-02
 5.27086600e+03  1.02160966e-02
 5.27176700e+03  1.02162154e-02
 5.27266700e+03  1.04545500e-02
 5.27356700e+03  1.06365595e-02
 5.27446700e+03  1.06590620e-02
 5.27536800e+03  1.06156629e-02
 5.27626800e+03  1.05588276e-02
 5.27716800e+03  1.05333588e-02
 5.27806900e+03  1.06291207e-02
 5.27896900e+03  1.07660765e-02
 5.27986900e+03  1.08113677e-02
 5.28076900e+03  1.07915778e-02
 5.28167000e+03  1.07550722e-02
 5.28257000e+03  1.07111063e-02
 5.28347000e+03  1.06953894e-02
 5.28437000e+03  1.06477068e-02
 5.28527000e+03  1.05638021e-02
 5.28617100e+03  1.06164349e-02
 5.28707100e+03  1.07455876e-02
 5.28797100e+03  1.08062934e-02
 5.28887100e+03  1.08025281e-02
 5.28977100e+03  1.08017616e-02
 5.29067200e+03  1.08213328e-02
 5.29157200e+03  1.08336381e-02
 5.29247200e+03  1.08319836e-02
 5.29337200e+03  1.08079506e-02
 5.29427300e+03  1.07936021e-02
 5.29517300e+03  1.08200400e-02
 5.29607300e+03  1.08233923e-02
 5.29697400e+03  1.07813751e-02
 5.29787400e+03  1.07348289e-02
 5.29877400e+03  1.06614480e-02
 5.29967400e+03  1.06374907e-02
 5.30057400e+03  1.06653132e-02
 5.30147500e+03  1.06972734e-02
 5.30237500e+03  1.06972491e-02
 5.30327500e+03  1.06831165e-02
 5.30417600e+03  1.07193683e-02
 5.30507600e+03  1.07711455e-02
 5.30597600e+03  1.08068413e-02
 5.30687600e+03  1.08281643e-02
 5.30777600e+03  1.07794857e-02
 5.30867700e+03  1.06955028e-02
 5.30957700e+03  1.06475368e-02
 5.31047700e+03  1.06785091e-02
 5.31137700e+03  1.07562383e-02
 5.31227700e+03  1.07617822e-02
 5.31317800e+03  1.07166287e-02
 5.31407800e+03  1.07090847e-02
 5.31497800e+03  1.07082318e-02
 5.31587800e+03  1.06583008e-02
 5.31677900e+03  1.04960624e-02
 5.31767900e+03  1.03402397e-02
 5.31857900e+03  1.03949643e-02
 5.31948000e+03  1.05752032e-02
 5.32038000e+03  1.06922017e-02
 5.32128000e+03  1.07122616e-02
 5.32218000e+03  1.07011817e-02
 5.32308100e+03  1.06690460e-02
 5.32398100e+03  1.06100569e-02
 5.32488100e+03  1.05292804e-02
 5.32578100e+03  1.04827342e-02
 5.32668200e+03  1.05183679e-02
 5.32758200e+03  1.05388839e-02
 5.32848200e+03  1.04074666e-02
 5.32938200e+03  1.01918343e-02
 5.33028200e+03  1.01786707e-02
 5.33118300e+03  1.03894689e-02
 5.33208300e+03  1.07876749e-02
 5.33298300e+03  1.09682241e-02
 5.33388300e+03  1.07084450e-02
 5.33478300e+03  1.05155797e-02
 5.33568400e+03  1.05514456e-02
 5.33658400e+03  1.06095656e-02
 5.33748400e+03  1.05915463e-02
 5.33838400e+03  1.05357178e-02
 5.33928500e+03  1.05322198e-02
 5.34018500e+03  1.05528329e-02
 5.34108500e+03  1.04921352e-02
 5.34198500e+03  1.04087568e-02
 5.34288600e+03  1.04476645e-02
 5.34378600e+03  1.05428678e-02
 5.34468600e+03  1.05836082e-02
 5.34558700e+03  1.05522391e-02
 5.34648700e+03  1.05069614e-02
 5.34738700e+03  1.05366652e-02
 5.34828700e+03  1.05632650e-02
 5.34918800e+03  1.05546791e-02
 5.35008800e+03  1.05806932e-02
 5.35098800e+03  1.06189477e-02
 5.35188800e+03  1.06577421e-02
 5.35278800e+03  1.06956188e-02
 5.35368900e+03  1.06641525e-02
 5.35458900e+03  1.06045210e-02
 5.35548900e+03  1.06288913e-02
 5.35638900e+03  1.06601902e-02
 5.35728900e+03  1.06462601e-02
 5.35819000e+03  1.06226077e-02
 5.35909000e+03  1.06125724e-02
 5.35999000e+03  1.06348050e-02
 5.36089000e+03  1.06602334e-02
 5.36179100e+03  1.06163215e-02
 5.36269100e+03  1.05103839e-02
 5.36359100e+03  1.04507685e-02
 5.36449200e+03  1.04430545e-02
 5.36539200e+03  1.04589657e-02
 5.36629200e+03  1.04491437e-02
 5.36719200e+03  1.04098715e-02
 5.36809200e+03  1.03798142e-02
 5.36899300e+03  1.03646856e-02
 5.36989300e+03  1.03526152e-02
 5.37079300e+03  1.03218210e-02
 5.37169400e+03  1.02691450e-02
 5.37259400e+03  1.02064581e-02
 5.37349400e+03  1.02226744e-02
 5.37439400e+03  1.03531739e-02
 5.37529400e+03  1.04831012e-02
 5.37619500e+03  1.05745446e-02
 5.37709500e+03  1.06076142e-02
 5.37799500e+03  1.05439474e-02
 5.37889500e+03  1.05308918e-02
 5.37979500e+03  1.05252128e-02
 5.38069600e+03  1.04765208e-02
 5.38159600e+03  1.04250325e-02
 5.38249600e+03  1.03771879e-02
 5.38339600e+03  1.03592145e-02
 5.38429700e+03  1.03545559e-02
 5.38519700e+03  1.03776981e-02
 5.38609700e+03  1.04241606e-02
 5.38699800e+03  1.04503448e-02
 5.38789800e+03  1.04429033e-02
 5.38879800e+03  1.04259502e-02
 5.38969800e+03  1.04311217e-02
 5.39059900e+03  1.04474864e-02
 5.39149900e+03  1.04599347e-02
 5.39239900e+03  1.04657135e-02
 5.39329900e+03  1.04138095e-02
 5.39420000e+03  1.03439996e-02
 5.39510000e+03  1.03311734e-02
 5.39600000e+03  1.03287145e-02
 5.39690000e+03  1.03017908e-02
 5.39780000e+03  1.02345586e-02
 5.39870100e+03  1.01799285e-02
 5.39960100e+03  1.02330228e-02
 5.40050100e+03  1.03246550e-02
 5.40140100e+03  1.03369630e-02
 5.40230100e+03  1.03388875e-02
 5.40320200e+03  1.03553656e-02
 5.40410200e+03  1.03025250e-02
 5.40500200e+03  1.01871513e-02
 5.40590200e+03  1.00699395e-02
 5.40680300e+03  1.00156117e-02
 5.40770300e+03  1.00782960e-02
 5.40860300e+03  1.02100722e-02
 5.40950300e+03  1.02752153e-02
 5.41040400e+03  1.02574660e-02
 5.41130400e+03  1.02096376e-02
 5.41220400e+03  1.01829731e-02
 5.41310500e+03  1.02292872e-02
 5.41400500e+03  1.02920551e-02
 5.41490500e+03  1.02614606e-02
 5.41580500e+03  1.02054675e-02
 5.41670600e+03  1.02329985e-02
 5.41760600e+03  1.02835448e-02
 5.41850600e+03  1.02942981e-02
 5.41940600e+03  1.02838768e-02
 5.42030600e+03  1.02759279e-02
 5.42120700e+03  1.02813990e-02
 5.42210700e+03  1.03066331e-02
 5.42300700e+03  1.03193837e-02
 5.42390700e+03  1.02924708e-02
 5.42480700e+03  1.02352225e-02
 5.42570800e+03  1.02187363e-02
 5.42660800e+03  1.02602029e-02
 5.42750800e+03  1.03164281e-02
 5.42840800e+03  1.03590553e-02
 5.42930900e+03  1.02877446e-02
 5.43020900e+03  1.01362514e-02
 5.43110900e+03  1.00803608e-02
 5.43201000e+03  1.01400031e-02
 5.43291000e+03  1.02106687e-02
 5.43381000e+03  1.02235273e-02
 5.43471000e+03  1.01598200e-02
 5.43561000e+03  1.00988416e-02
 5.43651100e+03  1.01093007e-02
 5.43741100e+03  1.01663681e-02
 5.43831100e+03  1.02138024e-02
 5.43921200e+03  1.02468260e-02
 5.44011200e+03  1.02871184e-02
 5.44101200e+03  1.03002496e-02
 5.44191200e+03  1.03145711e-02
 5.44281200e+03  1.03219316e-02
 5.44371300e+03  1.03048030e-02
 5.44461300e+03  1.03013941e-02
 5.44551300e+03  1.02776014e-02
 5.44641300e+03  1.01925171e-02
 5.44731300e+03  1.00627302e-02
 5.44821400e+03  9.97603185e-03
 5.44911400e+03  1.00393315e-02
 5.45001400e+03  1.01704249e-02
 5.45091400e+03  1.02346071e-02
 5.45181500e+03  1.02552257e-02
 5.45271500e+03  1.02692962e-02
 5.45361500e+03  1.02604593e-02
 5.45451600e+03  1.02458894e-02
 5.45541600e+03  1.01634504e-02
 5.45631600e+03  1.00175497e-02
 5.45721600e+03  9.94610406e-03
 5.45811700e+03  1.00253123e-02
 5.45901700e+03  1.01401624e-02
 5.45991700e+03  1.01708081e-02
 5.46081700e+03  1.01779500e-02
 5.46171800e+03  1.01900987e-02
 5.46261800e+03  1.01601682e-02
 5.46351800e+03  1.01198677e-02
 5.46441800e+03  1.00743283e-02
 5.46531800e+03  1.00583549e-02
 5.46621900e+03  1.01202726e-02
 5.46711900e+03  1.01802712e-02
 5.46801900e+03  1.01763575e-02
 5.46891900e+03  1.01507321e-02
 5.46981900e+03  1.01482165e-02
 5.47072000e+03  1.01281162e-02
 5.47162000e+03  1.01088337e-02
 5.47252000e+03  1.01108797e-02
 5.47342000e+03  1.01068310e-02
 5.47432100e+03  1.00748978e-02
 5.47522100e+03  1.00573913e-02
 5.47612100e+03  1.00462035e-02
 5.47702100e+03  9.94231180e-03
 5.47792200e+03  9.84833398e-03
 5.47882200e+03  9.88534696e-03
 5.47972200e+03  9.97094132e-03
 5.48062300e+03  1.00348591e-02
 5.48152300e+03  1.00622281e-02
 5.48242300e+03  1.00390454e-02
 5.48332300e+03  1.00123026e-02
 5.48422400e+03  1.00471805e-02
 5.48512400e+03  1.00725387e-02
 5.48602400e+03  1.00877779e-02
 5.48692400e+03  1.01136787e-02
 5.48782400e+03  1.00650271e-02
 5.48872500e+03  1.00083430e-02
 5.48962500e+03  1.00342761e-02
 5.49052500e+03  1.02484482e-02
 5.49142500e+03  1.03586180e-02
 5.49232500e+03  1.01990220e-02
 5.49322600e+03  1.00713943e-02
 5.49412600e+03  1.00395447e-02
 5.49502600e+03  1.00148721e-02
 5.49592600e+03  1.00218871e-02
 5.49682700e+03  1.00346782e-02
 5.49772700e+03  9.98659619e-03
 5.49862700e+03  9.90685621e-03
 5.49952800e+03  9.90042962e-03
 5.50042800e+03  1.00000000e-02
 5.50132800e+03  1.00345892e-02
 5.50222800e+03  9.94253852e-03
 5.50312900e+03  9.89430263e-03
 5.50402900e+03  9.92409816e-03
 5.50492900e+03  9.98004544e-03
 5.50582900e+03  1.00225052e-02
 5.50673000e+03  9.97086574e-03
 5.50763000e+03  9.85975664e-03
 5.50853000e+03  9.84285748e-03
 5.50943000e+03  9.90768754e-03
 5.51033000e+03  9.94613914e-03
 5.51123100e+03  9.93155852e-03
 5.51213100e+03  9.89147395e-03
 5.51303100e+03  9.88788953e-03
 5.51393100e+03  9.89113656e-03
 5.51483100e+03  9.87476912e-03
 5.51573200e+03  9.91072135e-03
 5.51663200e+03  9.95641738e-03
 5.51753200e+03  9.94672215e-03
 5.51843200e+03  9.92445985e-03
 5.51933300e+03  9.94050339e-03
 5.52023300e+03  9.95175600e-03
 5.52113300e+03  9.95995322e-03
 5.52203300e+03  9.96212331e-03
 5.52293400e+03  9.96893858e-03
 5.52383400e+03  9.98609685e-03
 5.52473400e+03  9.97705752e-03
 5.52563500e+03  9.93392295e-03
 5.52653500e+03  9.85827753e-03
 5.52743500e+03  9.80646800e-03
 5.52833500e+03  9.74792958e-03
 5.52923600e+03  9.67016265e-03
 5.53013600e+03  9.69153425e-03
 5.53103600e+03  9.80227627e-03
 5.53193600e+03  9.86649364e-03
 5.53283600e+03  9.87645877e-03
 5.53373700e+03  9.88228076e-03
 5.53463700e+03  9.85228819e-03
 5.53553700e+03  9.80939384e-03
 5.53643700e+03  9.78463485e-03
 5.53733700e+03  9.79843813e-03
 5.53823800e+03  9.85043660e-03
 5.53913800e+03  9.86978656e-03
 5.54003800e+03  9.87970581e-03
 5.54093900e+03  9.91264582e-03
 5.54183900e+03  9.92689715e-03
 5.54273900e+03  9.90131493e-03
 5.54363900e+03  9.88047236e-03
 5.54453900e+03  9.87385412e-03
 5.54544000e+03  9.85839089e-03
 5.54634000e+03  9.83918668e-03
 5.54724000e+03  9.83106234e-03
 5.54814100e+03  9.86652602e-03
 5.54904100e+03  9.88115253e-03
 5.54994100e+03  9.86305226e-03
 5.55084100e+03  9.88557099e-03
 5.55174200e+03  9.93214153e-03
 5.55264200e+03  9.92711038e-03
 5.55354200e+03  9.87662882e-03
 5.55444200e+03  9.84018805e-03
 5.55534200e+03  9.82284623e-03
 5.55624300e+03  9.82738345e-03
 5.55714300e+03  9.82450079e-03
 5.55804300e+03  9.79587127e-03
 5.55894300e+03  9.81840889e-03
 5.55984300e+03  9.85809669e-03
 5.56074400e+03  9.87750333e-03
 5.56164400e+03  9.86556784e-03
 5.56254400e+03  9.82780721e-03
 5.56344400e+03  9.79782273e-03
 5.56434500e+03  9.78509370e-03
 5.56524500e+03  9.77295848e-03
 5.56614500e+03  9.76596777e-03
 5.56704600e+03  9.77739312e-03
 5.56794600e+03  9.78872131e-03
 5.56884600e+03  9.77630538e-03
 5.56974700e+03  9.72640953e-03
 5.57064700e+03  9.68671903e-03
 5.57154700e+03  9.71914081e-03
 5.57244700e+03  9.75441015e-03
 5.57334700e+03  9.73037183e-03
 5.57424800e+03  9.70821749e-03
 5.57514800e+03  9.71410156e-03
 5.57604800e+03  9.71365081e-03
 5.57694800e+03  9.72314899e-03
 5.57784800e+03  9.72926789e-03
 5.57874900e+03  9.72595068e-03
 5.57964900e+03  9.72610722e-03
 5.58054900e+03  9.75142493e-03
 5.58144900e+03  9.75155449e-03
 5.58234900e+03  9.71904364e-03
 5.58325000e+03  9.69170969e-03
 5.58415000e+03  9.67782544e-03
 5.58505000e+03  9.71810165e-03
 5.58595000e+03  9.75903104e-03
 5.58685100e+03  9.70293532e-03
 5.58775100e+03  9.58536183e-03
 5.58865100e+03  9.52465062e-03
 5.58955200e+03  9.53349832e-03
 5.59045200e+03  9.54380894e-03
 5.59135200e+03  9.58429298e-03
 5.59225200e+03  9.66232982e-03
 5.59315300e+03  9.68136668e-03
 5.59405300e+03  9.66098296e-03
 5.59495300e+03  9.63318207e-03
 5.59585300e+03  9.61937069e-03
 5.59675400e+03  9.68671903e-03
 5.59765400e+03  9.72401001e-03
 5.59855400e+03  9.65909088e-03
 5.59945400e+03  9.59275201e-03
 5.60035400e+03  9.58527816e-03
 5.60125500e+03  9.60256330e-03
 5.60215500e+03  9.58711356e-03
 5.60305500e+03  9.55880523e-03
 5.60395500e+03  9.55941523e-03
 5.60485500e+03  9.56270006e-03
 5.60575600e+03  9.57906479e-03
 5.60665600e+03  9.65053738e-03
 5.60755600e+03  9.74111431e-03
 5.60845700e+03  9.75752763e-03
 5.60935700e+03  9.71504085e-03
 5.61025700e+03  9.67980389e-03
 5.61115700e+03  9.66230553e-03
 5.61205800e+03  9.68025465e-03
 5.61295800e+03  9.71315417e-03
 5.61385800e+03  9.73291170e-03
 5.61475800e+03  9.71420952e-03
 5.61565900e+03  9.60368343e-03
 5.61655900e+03  9.45732927e-03
 5.61745900e+03  9.41838103e-03
 5.61835900e+03  9.48785627e-03
 5.61926000e+03  9.52911496e-03
 5.62016000e+03  9.52662097e-03
 5.62106000e+03  9.54461328e-03
 5.62196000e+03  9.58452511e-03
 5.62286000e+03  9.62012914e-03
 5.62376100e+03  9.62534383e-03
 5.62466100e+03  9.57094046e-03
 5.62556100e+03  9.51269084e-03
 5.62646100e+03  9.53002186e-03
 5.62736100e+03  9.58896515e-03
 5.62826200e+03  9.62290923e-03
 5.62916200e+03  9.62596733e-03
 5.63006200e+03  9.64154393e-03
 5.63096200e+03  9.64846716e-03
 5.63186300e+03  9.61563781e-03
 5.63276300e+03  9.60900339e-03
 5.63366300e+03  9.60346210e-03
 5.63456400e+03  9.56667855e-03
 5.63546400e+03  9.56644913e-03
 5.63636400e+03  9.59219599e-03
 5.63726500e+03  9.58264112e-03
 5.63816500e+03  9.55656766e-03
 5.63906500e+03  9.54241350e-03
 5.63996500e+03  9.54163076e-03
 5.64086500e+03  9.53318522e-03
 5.64176600e+03  9.49701437e-03
 5.64266600e+03  9.50467986e-03
 5.64356600e+03  9.55116673e-03
 5.64446600e+03  9.55447315e-03
 5.64536600e+03  9.56691337e-03
 5.64626700e+03  9.59478984e-03
 5.64716700e+03  9.56820355e-03
 5.64806700e+03  9.52852385e-03
 5.64896700e+03  9.52975735e-03
 5.64986800e+03  9.56633576e-03
 5.65076800e+03  9.59186940e-03
 5.65166800e+03  9.59066559e-03
 5.65256800e+03  9.57664639e-03
 5.65346800e+03  9.55448665e-03
 5.65436900e+03  9.56584183e-03
 5.65526900e+03  9.57279745e-03
 5.65616900e+03  9.56387687e-03
 5.65707000e+03  9.57919165e-03
 5.65797000e+03  9.53856456e-03
 5.65887000e+03  9.43499679e-03
 5.65977000e+03  9.37895775e-03
 5.66067100e+03  9.41798156e-03
 5.66157100e+03  9.48632857e-03
 5.66247100e+03  9.51612951e-03
 5.66337100e+03  9.50855309e-03
 5.66427200e+03  9.47508136e-03
 5.66517200e+03  9.45360719e-03
 5.66607200e+03  9.47898698e-03
 5.66697200e+03  9.52246973e-03
 5.66787200e+03  9.52632677e-03
 5.66877300e+03  9.51744128e-03
 5.66967300e+03  9.51830770e-03
 5.67057300e+03  9.51650469e-03
 5.67147300e+03  9.52740102e-03
 5.67237300e+03  9.56731554e-03
 5.67327400e+03  9.60854724e-03
 5.67417400e+03  9.59464949e-03
 5.67507400e+03  9.54607890e-03
 5.67597500e+03  9.54923417e-03
 5.67687500e+03  9.56767183e-03
 5.67777500e+03  9.54153089e-03
 5.67867600e+03  9.51306871e-03
 5.67957600e+03  9.50867725e-03
 5.68047600e+03  9.53143890e-03
 5.68137600e+03  9.55128819e-03
 5.68227600e+03  9.53788978e-03
 5.68317700e+03  9.51917411e-03
 5.68407700e+03  9.50606991e-03
 5.68497700e+03  9.47723525e-03
 5.68587700e+03  9.44895122e-03
 5.68677800e+03  9.43315059e-03
 5.68767800e+03  9.44804701e-03
 5.68857800e+03  9.46936463e-03
 5.68947800e+03  9.47125941e-03
 5.69037800e+03  9.49296570e-03
 5.69127900e+03  9.52354398e-03
 5.69217900e+03  9.52675053e-03
 5.69307900e+03  9.51346818e-03
 5.69397900e+03  9.51128190e-03
 5.69488000e+03  9.50317106e-03
 5.69578000e+03  9.46114043e-03
 5.69668000e+03  9.42676449e-03
 5.69758000e+03  9.46365060e-03
 5.69848100e+03  9.50562455e-03
 5.69938100e+03  9.46389082e-03
 5.70028100e+03  9.41835404e-03
 5.70118100e+03  9.40610275e-03
 5.70208200e+03  9.38784324e-03
 5.70298200e+03  9.38977310e-03
 5.70388200e+03  9.39798921e-03
 5.70478300e+03  9.40240767e-03
 5.70568300e+03  9.40962780e-03
 5.70658300e+03  9.40935519e-03
 5.70748300e+03  9.42014356e-03
 5.70838300e+03  9.39358426e-03
 5.70928400e+03  9.33216318e-03
 5.71018400e+03  9.27615113e-03
 5.71108400e+03  9.25900634e-03
 5.71198400e+03  9.29524197e-03
 5.71288400e+03  9.32395517e-03
 5.71378500e+03  9.34714327e-03
 5.71468500e+03  9.37550558e-03
 5.71558500e+03  9.38399430e-03
 5.71648500e+03  9.39269085e-03
 5.71738600e+03  9.42939882e-03
 5.71828600e+03  9.43749347e-03
 5.71918600e+03  9.42635962e-03
 5.72008600e+03  9.44638976e-03
 5.72098700e+03  9.45351542e-03
 5.72188700e+03  9.45733467e-03
 5.72278700e+03  9.45940489e-03
 5.72368800e+03  9.45477861e-03
 5.72458800e+03  9.43601436e-03
 5.72548800e+03  9.41121758e-03
 5.72638800e+03  9.39553572e-03
 5.72728900e+03  9.39041279e-03
 5.72818900e+03  9.41706386e-03
 5.72908900e+03  9.41310426e-03
 5.72998900e+03  9.37779713e-03
 5.73088900e+03  9.36567810e-03
 5.73179000e+03  9.37495226e-03
 5.73269000e+03  9.36180757e-03
 5.73359000e+03  9.36037164e-03
 5.73449000e+03  9.41008125e-03
 5.73539000e+03  9.41973599e-03
 5.73629100e+03  9.39391895e-03
 5.73719100e+03  9.37030168e-03
 5.73809100e+03  9.37954615e-03
 5.73899100e+03  9.41001377e-03
 5.73989100e+03  9.36581035e-03
 5.74079200e+03  9.33575300e-03
 5.74169200e+03  9.35249562e-03
 5.74259200e+03  9.34490840e-03
 5.74349300e+03  9.35966447e-03
 5.74439300e+03  9.39575434e-03
 5.74529300e+03  9.38524399e-03
 5.74619400e+03  9.32489716e-03
 5.74709400e+03  9.27504179e-03
 5.74799400e+03  9.26923869e-03
 5.74889400e+03  9.25658793e-03
 5.74979500e+03  9.28412701e-03
 5.75069500e+03  9.34894088e-03
 5.75159500e+03  9.36381031e-03
 5.75249500e+03  9.34261955e-03
 5.75339500e+03  9.30899667e-03
 5.75429600e+03  9.25803196e-03
 5.75519600e+03  9.20468934e-03
 5.75609600e+03  9.20211708e-03
 5.75699600e+03  9.20936690e-03
 5.75789600e+03  9.21262744e-03
 5.75879700e+03  9.25228284e-03
 5.75969700e+03  9.28168971e-03
 5.76059700e+03  9.29537693e-03
 5.76149700e+03  9.29266432e-03
 5.76239800e+03  9.26101179e-03
 5.76329800e+03  9.23060894e-03
 5.76419800e+03  9.20498624e-03
 5.76509900e+03  9.20648965e-03
 5.76599900e+03  9.21890288e-03
 5.76689900e+03  9.22626877e-03
 5.76779900e+03  9.24092227e-03
 5.76869900e+03  9.26025063e-03
 5.76960000e+03  9.25952187e-03
 5.77050000e+03  9.24081700e-03
 5.77140000e+03  9.22058173e-03
 5.77230100e+03  9.23528651e-03
 5.77320100e+03  9.25716015e-03
 5.77410100e+03  9.23884665e-03
 5.77500100e+03  9.21449252e-03
 5.77590100e+03  9.19172818e-03
 5.77680200e+03  9.19053247e-03
 5.77770200e+03  9.23098142e-03
 5.77860200e+03  9.24671997e-03
 5.77950200e+03  9.23199089e-03
 5.78040200e+03  9.23115147e-03
 5.78130300e+03  9.22332403e-03
 5.78220300e+03  9.17486950e-03
 5.78310300e+03  9.12231772e-03
 5.78400300e+03  9.10612033e-03
 5.78490400e+03  9.10176395e-03
 5.78580400e+03  9.09209842e-03
 5.78670400e+03  9.13709268e-03
 5.78760500e+03  9.21553978e-03
 5.78850500e+03  9.19861633e-03
 5.78940500e+03  9.13228825e-03
 5.79030500e+03  9.12363759e-03
 5.79120600e+03  9.11822316e-03
 5.79210600e+03  9.10799081e-03
 5.79300600e+03  9.11239037e-03
 5.79390600e+03  9.11571838e-03
 5.79480700e+03  9.15404583e-03
 5.79570700e+03  9.16146300e-03
 5.79660700e+03  9.14828051e-03
 5.79750700e+03  9.15496622e-03
 5.79840700e+03  9.13561356e-03
 5.79930800e+03  9.11546466e-03
 5.80020800e+03  9.12965392e-03
 5.80110800e+03  9.17651866e-03
 5.80200800e+03  9.20121018e-03
 5.80290800e+03  9.19029225e-03
 5.80380900e+03  9.16566822e-03
 5.80470900e+03  9.17237552e-03
 5.80560900e+03  9.20219265e-03
 5.80651000e+03  9.18384406e-03
 5.80741000e+03  9.13131657e-03
 5.80831000e+03  9.12223945e-03
 5.80921000e+03  9.18081026e-03
 5.81011000e+03  9.20509690e-03
 5.81101100e+03  9.18827871e-03
 5.81191100e+03  9.19729106e-03
 5.81281100e+03  9.20569071e-03
 5.81371200e+03  9.17424871e-03
 5.81461200e+03  9.15121175e-03
 5.81551200e+03  9.14614012e-03
 5.81641200e+03  9.15415919e-03
 5.81731300e+03  9.17318526e-03
 5.81821300e+03  9.17563335e-03
 5.81911300e+03  9.16908530e-03
 5.82001300e+03  9.20174730e-03
 5.82091300e+03  9.22687067e-03
 5.82181400e+03  9.22715678e-03
 5.82271400e+03  9.21766938e-03
 5.82361400e+03  9.19493743e-03
 5.82451400e+03  9.17824070e-03
 5.82541400e+03  9.15552764e-03
 5.82631500e+03  9.14207795e-03
 5.82721500e+03  9.14008600e-03
 5.82811500e+03  9.17968203e-03
 5.82901600e+03  9.23558342e-03
 5.82991600e+03  9.24168612e-03
 5.83081600e+03  9.20506721e-03
 5.83171600e+03  9.17759831e-03
 5.83261700e+03  9.17190048e-03
 5.83351700e+03  9.17288565e-03
 5.83441700e+03  9.17676968e-03
 5.83531800e+03  9.18936646e-03
 5.83621800e+03  9.18602495e-03
 5.83711800e+03  9.15619432e-03
 5.83801800e+03  9.13166476e-03
 5.83891800e+03  9.10667095e-03
 5.83981900e+03  9.10206086e-03
 5.84071900e+03  9.10468979e-03
 5.84161900e+03  9.12101135e-03
 5.84251900e+03  9.14240994e-03
 5.84341900e+03  9.14063932e-03
 5.84432000e+03  9.11849307e-03
 5.84522000e+03  9.09194187e-03
 5.84612000e+03  9.08661652e-03
 5.84702000e+03  9.10518913e-03
 5.84792100e+03  9.08174461e-03
 5.84882100e+03  9.05529598e-03
 5.84972100e+03  9.11980754e-03
 5.85062100e+03  9.15032375e-03
 5.85152100e+03  9.12867144e-03
 5.85242200e+03  9.12837723e-03
 5.85332200e+03  9.10588820e-03
 5.85422200e+03  9.06489943e-03
 5.85512300e+03  9.03953854e-03
 5.85602300e+03  9.04159796e-03
 5.85692300e+03  9.04248327e-03
 5.85782400e+03  9.02412929e-03
 5.85872400e+03  8.97883272e-03
 5.85962400e+03  8.94916134e-03
 5.86052400e+03  8.98176666e-03
 5.86142400e+03  9.01577822e-03
 5.86232500e+03  9.00202893e-03
 5.86322500e+03  8.95663250e-03
 5.86412500e+03  8.95577148e-03
 5.86502500e+03  8.99788038e-03
 5.86592500e+03  9.01066880e-03
 5.86682600e+03  9.01398331e-03
 5.86772600e+03  9.02494982e-03
 5.86862600e+03  9.00908441e-03
 5.86952600e+03  8.98471680e-03
 5.87042600e+03  8.98827423e-03
 5.87132700e+03  8.99967260e-03
 5.87222700e+03  9.01775937e-03
 5.87312700e+03  9.01227207e-03
 5.87402800e+03  8.99319472e-03
 5.87492800e+03  8.99397206e-03
 5.87582800e+03  9.03609447e-03
 5.87672900e+03  9.11122975e-03
 5.87762900e+03  9.06596288e-03
 5.87852900e+03  8.94980373e-03
 5.87942900e+03  8.92355213e-03
 5.88032900e+03  8.92898006e-03
 5.88123000e+03  8.92763320e-03
 5.88213000e+03  8.94832732e-03
 5.88303000e+03  8.94909926e-03
 5.88393000e+03  8.91123877e-03
 5.88483100e+03  8.91508501e-03
 5.88573100e+03  8.91520377e-03
 5.88663100e+03  8.88099248e-03
 5.88753100e+03  8.86514597e-03
 5.88843100e+03  8.82786848e-03
 5.88933200e+03  8.72716177e-03
 5.89023200e+03  8.52012069e-03
 5.89113200e+03  8.28544877e-03
 5.89203200e+03  8.28228811e-03
 5.89293200e+03  8.45536621e-03
 5.89383300e+03  8.59944231e-03
 5.89473300e+03  8.68088813e-03
 5.89563300e+03  8.62346174e-03
 5.89653400e+03  8.44097722e-03
 5.89743400e+03  8.33923405e-03
 5.89833400e+03  8.45222174e-03
 5.89923400e+03  8.64724905e-03
 5.90013500e+03  8.74549146e-03
 5.90103500e+03  8.76196957e-03
 5.90193500e+03  8.75861457e-03
 5.90283600e+03  8.79184878e-03
 5.90373600e+03  8.84338030e-03
 5.90463600e+03  8.85377729e-03
 5.90553600e+03  8.85695955e-03
 5.90643600e+03  8.86721889e-03
 5.90733700e+03  8.87337287e-03
 5.90823700e+03  8.88040677e-03
 5.90913700e+03  8.88235013e-03
 5.91003700e+03  8.85743459e-03
 5.91093700e+03  8.80837546e-03
 5.91183800e+03  8.83879450e-03
 5.91273800e+03  8.90120615e-03
 5.91363800e+03  8.87548628e-03
 5.91453800e+03  8.80548201e-03
 5.91543900e+03  8.76182921e-03
 5.91633900e+03  8.77820475e-03
 5.91723900e+03  8.78799174e-03
 5.91813900e+03  8.79633471e-03
 5.91904000e+03  8.83293472e-03
 5.91994000e+03  8.84453822e-03
 5.92084000e+03  8.81696135e-03
 5.92174000e+03  8.76586979e-03
 5.92264100e+03  8.70747982e-03
 5.92354100e+03  8.69997897e-03
 5.92444100e+03  8.76833678e-03
 5.92534200e+03  8.84886760e-03
 5.92624200e+03  8.87490597e-03
 5.92714200e+03  8.86809340e-03
 5.92804200e+03  8.83625193e-03
 5.92894200e+03  8.80117692e-03
 5.92984300e+03  8.78820767e-03
 5.93074300e+03  8.79117940e-03
 5.93164300e+03  8.80699082e-03
 5.93254300e+03  8.83982016e-03
 5.93344300e+03  8.86783699e-03
 5.93434400e+03  8.85103229e-03
 5.93524400e+03  8.82966069e-03
 5.93614400e+03  8.82441631e-03
 5.93704400e+03  8.83491317e-03
 5.93794500e+03  8.84456251e-03
 5.93884500e+03  8.84337220e-03
 5.93974500e+03  8.81734733e-03
 5.94064500e+03  8.79518758e-03
 5.94154600e+03  8.79805944e-03
 5.94244600e+03  8.75931634e-03
 5.94334600e+03  8.72009548e-03
 5.94424700e+03  8.74914337e-03
 5.94514700e+03  8.78553015e-03
 5.94604700e+03  8.75994253e-03
 5.94694700e+03  8.70748791e-03
 5.94784800e+03  8.72528318e-03
 5.94874800e+03  8.76571864e-03
 5.94964800e+03  8.74362907e-03
 5.95054800e+03  8.72019265e-03
 5.95144800e+03  8.73036022e-03
 5.95234900e+03  8.73050597e-03
 5.95324900e+03  8.73436571e-03
 5.95414900e+03  8.73456005e-03
 5.95504900e+03  8.73268686e-03
 5.95594900e+03  8.76387784e-03
 5.95685000e+03  8.78084178e-03
 5.95775000e+03  8.77337333e-03
 5.95865000e+03  8.78592692e-03
 5.95955000e+03  8.80354675e-03
 5.96045100e+03  8.79051542e-03
 5.96135100e+03  8.74701916e-03
 5.96225100e+03  8.73505128e-03
 5.96315100e+03  8.78286882e-03
 5.96405200e+03  8.80702861e-03
 5.96495200e+03  8.76668762e-03
 5.96585200e+03  8.74505961e-03
 5.96675300e+03  8.76465789e-03
 5.96765300e+03  8.78433714e-03
 5.96855300e+03  8.78329258e-03
 5.96945300e+03  8.76978081e-03
 5.97035400e+03  8.78646944e-03
 5.97125400e+03  8.79687723e-03
 5.97215400e+03  8.78308475e-03
 5.97305400e+03  8.76792382e-03
 5.97395400e+03  8.75460638e-03
 5.97485500e+03  8.75020412e-03
 5.97575500e+03  8.73078938e-03
 5.97665500e+03  8.70950145e-03
 5.97755500e+03  8.69746880e-03
 5.97845500e+03  8.68461021e-03
 5.97935600e+03  8.67853990e-03
 5.98025600e+03  8.69705313e-03
 5.98115600e+03  8.73180695e-03
 5.98205600e+03  8.74234969e-03
 5.98295700e+03  8.72493500e-03
 5.98385700e+03  8.70403305e-03
 5.98475700e+03  8.68989778e-03
 5.98565800e+03  8.68199477e-03
 5.98655800e+03  8.67019153e-03
 5.98745800e+03  8.64714918e-03
 5.98835900e+03  8.64018816e-03
 5.98925900e+03  8.65414799e-03
 5.99015900e+03  8.67905813e-03
 5.99105900e+03  8.69676433e-03
 5.99195900e+03  8.68945512e-03
 5.99286000e+03  8.67735229e-03
 5.99376000e+03  8.65886604e-03
 5.99466000e+03  8.65458524e-03
 5.99556000e+03  8.67721463e-03
 5.99646000e+03  8.68513384e-03
 5.99736100e+03  8.64989688e-03
 5.99826100e+03  8.59878103e-03
 5.99916100e+03  8.56803540e-03
 6.00006100e+03  8.57225412e-03
 6.00096100e+03  8.60960718e-03
 6.00186200e+03  8.63423121e-03
 6.00276200e+03  8.62263581e-03
 6.00366200e+03  8.61799603e-03
 6.00456200e+03  8.61007952e-03
 6.00546300e+03  8.57499372e-03
 6.00636300e+03  8.56685588e-03
 6.00726300e+03  8.56464801e-03
 6.00816400e+03  8.54481490e-03
 6.00906400e+03  8.51298423e-03
 6.00996400e+03  8.49665998e-03
 6.01086400e+03  8.50644427e-03
 6.01176500e+03  8.51457671e-03
 6.01266500e+03  8.52824503e-03
 6.01356500e+03  8.53980265e-03
 6.01446500e+03  8.52994008e-03
 6.01536600e+03  8.53967309e-03
 6.01626600e+03  8.56600296e-03
 6.01716600e+03  8.56756035e-03
 6.01806600e+03  8.56730664e-03
 6.01896600e+03  8.57822456e-03
 6.01986700e+03  8.57609766e-03
 6.02076700e+03  8.54567052e-03
 6.02166700e+03  8.51408547e-03
 6.02256700e+03  8.51752954e-03
 6.02346700e+03  8.50674118e-03
 6.02436800e+03  8.49247635e-03
 6.02526800e+03  8.50676277e-03
 6.02616800e+03  8.51914091e-03
 6.02706900e+03  8.52455264e-03
 6.02796900e+03  8.49466533e-03
 6.02886900e+03  8.47786064e-03
 6.02977000e+03  8.50635250e-03
 6.03067000e+03  8.52162410e-03
 6.03157000e+03  8.53788627e-03
 6.03247000e+03  8.55592177e-03
 6.03337000e+03  8.55499327e-03
 6.03427100e+03  8.57121226e-03
 6.03517100e+03  8.59060540e-03
 6.03607100e+03  8.59864607e-03
 6.03697100e+03  8.59684846e-03
 6.03787200e+03  8.59621417e-03
 6.03877200e+03  8.58935841e-03
 6.03967200e+03  8.55061800e-03
 6.04057200e+03  8.53142729e-03
 6.04147200e+03  8.53188884e-03
 6.04237300e+03  8.53132742e-03
 6.04327300e+03  8.56767911e-03
 6.04417300e+03  8.58085620e-03
 6.04507300e+03  8.54344105e-03
 6.04597400e+03  8.53764065e-03
 6.04687400e+03  8.55780845e-03
 6.04777400e+03  8.53449888e-03
 6.04867400e+03  8.51283038e-03
 6.04957500e+03  8.54424269e-03
 6.05047500e+03  8.57154155e-03
 6.05137500e+03  8.57818677e-03
 6.05227500e+03  8.58173071e-03
 6.05317600e+03  8.57237827e-03
 6.05407600e+03  8.56344420e-03
 6.05497600e+03  8.56455084e-03
 6.05587700e+03  8.55736309e-03
 6.05677700e+03  8.54228313e-03
 6.05767700e+03  8.52825313e-03
 6.05857700e+03  8.52485494e-03
 6.05947700e+03  8.55312818e-03
 6.06037800e+03  8.57362797e-03
 6.06127800e+03  8.55027791e-03
 6.06217800e+03  8.52650680e-03
 6.06307800e+03  8.50666020e-03
 6.06397800e+03  8.48588781e-03
 6.06487900e+03  8.49159374e-03
 6.06577900e+03  8.47062431e-03
 6.06667900e+03  8.41176469e-03
 6.06757900e+03  8.37996371e-03
 6.06848000e+03  8.41531133e-03
 6.06938000e+03  8.47156900e-03
 6.07028000e+03  8.48158812e-03
 6.07118100e+03  8.47816834e-03
 6.07208100e+03  8.49104852e-03
 6.07298100e+03  8.50529985e-03
 6.07388100e+03  8.51351596e-03
 6.07478200e+03  8.50524857e-03
 6.07568200e+03  8.52594808e-03
 6.07658200e+03  8.55188659e-03
 6.07748200e+03  8.50803675e-03
 6.07838300e+03  8.47862449e-03
 6.07928300e+03  8.49061936e-03
 6.08018300e+03  8.47151232e-03
 6.08108300e+03  8.45325010e-03
 6.08198300e+03  8.44131731e-03
 6.08288400e+03  8.42087690e-03
 6.08378400e+03  8.41230181e-03
 6.08468400e+03  8.41359469e-03
 6.08558400e+03  8.43598925e-03
 6.08648400e+03  8.46547709e-03
 6.08738500e+03  8.47932896e-03
 6.08828500e+03  8.48381759e-03
 6.08918500e+03  8.49644405e-03
 6.09008500e+03  8.49384210e-03
 6.09098600e+03  8.47450294e-03
 6.09188600e+03  8.47274311e-03
 6.09278600e+03  8.44214864e-03
 6.09368600e+03  8.40383469e-03
 6.09458700e+03  8.39023654e-03
 6.09548700e+03  8.38802057e-03
 6.09638700e+03  8.40842049e-03
 6.09728800e+03  8.41476881e-03
 6.09818800e+03  8.41394288e-03
 6.09908800e+03  8.43002151e-03
 6.09998800e+03  8.43981930e-03
 6.10088900e+03  8.43980310e-03
 6.10178900e+03  8.43944412e-03
 6.10268900e+03  8.40128672e-03
 6.10358900e+03  8.30906603e-03
 6.10448900e+03  8.26507314e-03
 6.10539000e+03  8.32069112e-03
 6.10629000e+03  8.38227145e-03
 6.10719000e+03  8.40003973e-03
 6.10809000e+03  8.39362663e-03
 6.10899000e+03  8.38056561e-03
 6.10989100e+03  8.37421999e-03
 6.11079100e+03  8.39329464e-03
 6.11169100e+03  8.42933863e-03
 6.11259200e+03  8.44772231e-03
 6.11349200e+03  8.42406456e-03
 6.11439200e+03  8.38953207e-03
 6.11529200e+03  8.37365587e-03
 6.11619300e+03  8.37815260e-03
 6.11709300e+03  8.40539478e-03
 6.11799300e+03  8.41955974e-03
 6.11889300e+03  8.41687951e-03
 6.11979400e+03  8.43674501e-03
 6.12069400e+03  8.45069134e-03
 6.12159400e+03  8.41197522e-03
 6.12249400e+03  8.34101007e-03
 6.12339500e+03  8.28810470e-03
 6.12429500e+03  8.28153505e-03
 6.12519500e+03  8.31163289e-03
 6.12609500e+03  8.33422989e-03
 6.12699500e+03  8.32782489e-03
 6.12789600e+03  8.31348449e-03
 6.12879600e+03  8.31899068e-03
 6.12969600e+03  8.34605472e-03
 6.13059600e+03  8.37931592e-03
 6.13149600e+03  8.42032898e-03
 6.13239700e+03  8.42852350e-03
 6.13329700e+03  8.38989375e-03
 6.13419700e+03  8.36624410e-03
 6.13509700e+03  8.36248693e-03
 6.13599800e+03  8.34155529e-03
 6.13689800e+03  8.28276315e-03
 6.13779800e+03  8.17911710e-03
 6.13869900e+03  8.11194421e-03
 6.13959900e+03  8.15852015e-03
 6.14049900e+03  8.27395324e-03
 6.14140000e+03  8.32442400e-03
 6.14230000e+03  8.25283805e-03
 6.14320000e+03  8.19077728e-03
 6.14410000e+03  8.23915623e-03
 6.14500000e+03  8.29649085e-03
 6.14590100e+03  8.32672635e-03
 6.14680100e+03  8.36337764e-03
 6.14770100e+03  8.36576636e-03
 6.14860100e+03  8.35514534e-03
 6.14950100e+03  8.33221905e-03
 6.15040200e+03  8.28157824e-03
 6.15130200e+03  8.26486531e-03
 6.15220200e+03  8.27040930e-03
 6.15310200e+03  8.27169408e-03
 6.15400200e+03  8.29564333e-03
 6.15490300e+03  8.31784896e-03
 6.15580300e+03  8.31729564e-03
 6.15670300e+03  8.28611005e-03
 6.15760400e+03  8.27300315e-03
 6.15850400e+03  8.30630484e-03
 6.15940400e+03  8.34633003e-03
 6.16030400e+03  8.36014680e-03
 6.16120500e+03  8.34663233e-03
 6.16210500e+03  8.27847965e-03
 6.16300500e+03  8.15704373e-03
 6.16390500e+03  8.08551177e-03
 6.16480600e+03  8.08794907e-03
 6.16570600e+03  8.12419819e-03
 6.16660600e+03  8.19596228e-03
 6.16750600e+03  8.24082699e-03
 6.16840700e+03  8.24524004e-03
 6.16930700e+03  8.23332614e-03
 6.17020700e+03  8.15488444e-03
 6.17110700e+03  8.06971384e-03
 6.17200700e+03  8.09669690e-03
 6.17290800e+03  8.18638582e-03
 6.17380800e+03  8.22950150e-03
 6.17470800e+03  8.21725561e-03
 6.17560800e+03  8.19512016e-03
 6.17650800e+03  8.17270940e-03
 6.17740900e+03  8.18459631e-03
 6.17830900e+03  8.21726641e-03
 6.17920900e+03  8.21764158e-03
 6.18011000e+03  8.20922034e-03
 6.18101000e+03  8.19898529e-03
 6.18191000e+03  8.19312551e-03
 6.18281000e+03  8.18452073e-03
 6.18371100e+03  8.19157892e-03
 6.18461100e+03  8.20275866e-03
 6.18551100e+03  8.18262056e-03
 6.18641200e+03  8.17122759e-03
 6.18731200e+03  8.18619418e-03
 6.18821200e+03  8.19190012e-03
 6.18911200e+03  8.17795378e-03
 6.19001200e+03  8.16852307e-03
 6.19091300e+03  8.16963511e-03
 6.19181300e+03  8.12932651e-03
 6.19271300e+03  8.06170287e-03
 6.19361300e+03  8.08782221e-03
 6.19451300e+03  8.18708489e-03
 6.19541400e+03  8.23207645e-03
 6.19631400e+03  8.20195972e-03
 6.19721400e+03  8.17962994e-03
 6.19811400e+03  8.18407808e-03
 6.19901500e+03  8.18015896e-03
 6.19991500e+03  8.15641214e-03
 6.20081500e+03  8.12310235e-03
 6.20171600e+03  8.10866208e-03
 6.20261600e+03  8.13532125e-03
 6.20351600e+03  8.16819378e-03
 6.20441600e+03  8.16718971e-03
 6.20531600e+03  8.16504931e-03
 6.20621700e+03  8.15497891e-03
 6.20711700e+03  8.16266329e-03
 6.20801700e+03  8.19685569e-03
 6.20891800e+03  8.19896640e-03
 6.20981800e+03  8.17782962e-03
 6.21071800e+03  8.14224988e-03
 6.21161800e+03  8.11230589e-03
 6.21251800e+03  8.11965018e-03
 6.21341900e+03  8.12715373e-03
 6.21431900e+03  8.06158950e-03
 6.21521900e+03  8.03054967e-03
 6.21611900e+03  8.07118486e-03
 6.21701900e+03  8.08392469e-03
 6.21792000e+03  8.07636176e-03
 6.21882000e+03  8.09860248e-03
 6.21972000e+03  8.11067292e-03
 6.22062000e+03  8.06049636e-03
 6.22152100e+03  7.98965807e-03
 6.22242100e+03  7.97538514e-03
 6.22332100e+03  8.01798259e-03
 6.22422100e+03  8.06484734e-03
 6.22512200e+03  8.07933349e-03
 6.22602200e+03  8.08447531e-03
 6.22692200e+03  8.08668318e-03
 6.22782300e+03  8.07085557e-03
 6.22872300e+03  8.06438579e-03
 6.22962300e+03  8.06267725e-03
 6.23052300e+03  8.04117609e-03
 6.23142400e+03  7.99942887e-03
 6.23232400e+03  7.95987872e-03
 6.23322400e+03  7.97647289e-03
 6.23412400e+03  8.03667397e-03
 6.23502400e+03  8.06244782e-03
 6.23592500e+03  8.06435340e-03
 6.23682500e+03  8.06758424e-03
 6.23772500e+03  8.03863622e-03
 6.23862500e+03  8.00454639e-03
 6.23952500e+03  7.98900758e-03
 6.24042600e+03  8.01182321e-03
 6.24132600e+03  8.03057127e-03
 6.24222600e+03  8.02846865e-03
 6.24312700e+03  8.02611772e-03
 6.24402700e+03  7.98987940e-03
 6.24492700e+03  7.95580846e-03
 6.24582700e+03  7.96975749e-03
 6.24672700e+03  7.94430483e-03
 6.24762800e+03  7.90026605e-03
 6.24852800e+03  7.92253646e-03
 6.24942800e+03  7.97520970e-03
 6.25032900e+03  7.99864342e-03
 6.25122900e+03  7.99602798e-03
 6.25212900e+03  7.97545532e-03
 6.25302900e+03  7.93769469e-03
 6.25393000e+03  7.88652755e-03
 6.25483000e+03  7.87874870e-03
 6.25573000e+03  7.88229534e-03
 6.25663000e+03  7.87303197e-03
 6.25753000e+03  7.87083219e-03
 6.25843100e+03  7.86857034e-03
 6.25933100e+03  7.86415998e-03
 6.26023100e+03  7.89378278e-03
 6.26113100e+03  7.91863084e-03
 6.26203100e+03  7.91916256e-03
 6.26293200e+03  7.92415323e-03
 6.26383200e+03  7.94628598e-03
 6.26473200e+03  7.98383877e-03
 6.26563200e+03  7.96857258e-03
 6.26653300e+03  7.94620770e-03
 6.26743300e+03  7.94906067e-03
 6.26833300e+03  7.95954403e-03
 6.26923400e+03  7.97837576e-03
 6.27013400e+03  7.98328276e-03
 6.27103400e+03  7.94066102e-03
 6.27193500e+03  7.90927030e-03
 6.27283500e+03  7.95827275e-03
 6.27373500e+03  7.99773922e-03
 6.27463500e+03  7.99490245e-03
 6.27553500e+03  7.99895112e-03
 6.27643600e+03  7.98907236e-03
 6.27733600e+03  7.96120669e-03
 6.27823600e+03  7.95349801e-03
 6.27913600e+03  7.94649651e-03
 6.28003600e+03  7.89766410e-03
 6.28093700e+03  7.85088303e-03
 6.28183700e+03  7.89485702e-03
 6.28273700e+03  7.94356527e-03
 6.28363700e+03  7.93963805e-03
 6.28453800e+03  7.96932023e-03
 6.28543800e+03  8.01288396e-03
 6.28633800e+03  7.98469709e-03
 6.28723800e+03  7.95168421e-03
 6.28813900e+03  7.99198740e-03
 6.28903900e+03  8.01530777e-03
 6.28993900e+03  7.99464873e-03
 6.29084000e+03  7.95834832e-03
 6.29174000e+03  7.92533004e-03
 6.29264000e+03  7.91427986e-03
 6.29354000e+03  7.89736450e-03
 6.29444000e+03  7.90333225e-03
 6.29534100e+03  7.93014796e-03
 6.29624100e+03  7.94029664e-03
 6.29714100e+03  7.92293593e-03
 6.29804100e+03  7.91034725e-03
 6.29894200e+03  7.88738587e-03
 6.29984200e+03  7.86766073e-03
 6.30074200e+03  7.87313724e-03
 6.30164200e+03  7.87325330e-03
 6.30254200e+03  7.84304480e-03
 6.30344300e+03  7.83281515e-03
 6.30434300e+03  7.83641037e-03
 6.30524300e+03  7.86263228e-03
 6.30614300e+03  7.91264690e-03
 6.30704300e+03  7.94777859e-03
 6.30794400e+03  7.96248337e-03
 6.30884400e+03  7.97731231e-03
 6.30974400e+03  7.95864523e-03
 6.31064500e+03  7.90384778e-03
 6.31154500e+03  7.86554463e-03
 6.31244500e+03  7.88149910e-03
 6.31334600e+03  7.93120872e-03
 6.31424600e+03  7.94386487e-03
 6.31514600e+03  7.91139990e-03
 6.31604600e+03  7.86561750e-03
 6.31694700e+03  7.81449085e-03
 6.31784700e+03  7.80837465e-03
 6.31874700e+03  7.84244559e-03
 6.31964700e+03  7.83074763e-03
 6.32054700e+03  7.84769807e-03
 6.32144800e+03  7.90730535e-03
 6.32234800e+03  7.91270628e-03
 6.32324800e+03  7.87334237e-03
 6.32414800e+03  7.83650754e-03
 6.32504800e+03  7.82320630e-03
 6.32594900e+03  7.84122019e-03
 6.32684900e+03  7.88985016e-03
 6.32774900e+03  7.91204499e-03
 6.32864900e+03  7.87854357e-03
 6.32955000e+03  7.88643308e-03
 6.33045000e+03  7.91762137e-03
 6.33135000e+03  7.92969451e-03
 6.33225100e+03  7.90773181e-03
 6.33315100e+03  7.87354750e-03
 6.33405100e+03  7.87138011e-03
 6.33495100e+03  7.87142060e-03
 6.33585100e+03  7.82778400e-03
 6.33675200e+03  7.75778243e-03
 6.33765200e+03  7.71400277e-03
 6.33855200e+03  7.72167636e-03
 6.33945300e+03  7.75978517e-03
 6.34035300e+03  7.76405787e-03
 6.34125300e+03  7.76072177e-03
 6.34215300e+03  7.77027124e-03
 6.34305300e+03  7.77229287e-03
 6.34395400e+03  7.78006363e-03
 6.34485400e+03  7.76812544e-03
 6.34575400e+03  7.74915335e-03
 6.34665400e+03  7.73584671e-03
 6.34755400e+03  7.70151936e-03
 6.34845500e+03  7.65349939e-03
 6.34935500e+03  7.67935692e-03
 6.35025500e+03  7.72953078e-03
 6.35115500e+03  7.75139092e-03
 6.35205600e+03  7.74929641e-03
 6.35295600e+03  7.75185247e-03
 6.35385600e+03  7.75971769e-03
 6.35475700e+03  7.75449221e-03
 6.35565700e+03  7.70276905e-03
 6.35655700e+03  7.66574528e-03
 6.35745700e+03  7.68437458e-03
 6.35835800e+03  7.71317144e-03
 6.35925800e+03  7.71473153e-03
 6.36015800e+03  7.70918215e-03
 6.36105800e+03  7.72752264e-03
 6.36195900e+03  7.73947702e-03
 6.36285900e+03  7.70315772e-03
 6.36375900e+03  7.66533501e-03
 6.36465900e+03  7.64514293e-03
 6.36555900e+03  7.67268471e-03
 6.36646000e+03  7.71549268e-03
 6.36736000e+03  7.70851817e-03
 6.36826000e+03  7.70883396e-03
 6.36916000e+03  7.72754153e-03
 6.37006000e+03  7.69929529e-03
 6.37096100e+03  7.68025573e-03
 6.37186100e+03  7.67399917e-03
 6.37276100e+03  7.66235789e-03
 6.37366200e+03  7.67483860e-03
 6.37456200e+03  7.70776241e-03
 6.37546200e+03  7.73332034e-03
 6.37636200e+03  7.75636269e-03
 6.37726300e+03  7.76241951e-03
 6.37816300e+03  7.74760406e-03
 6.37906300e+03  7.76000650e-03
 6.37996300e+03  7.75165004e-03
 6.38086400e+03  7.70821047e-03
 6.38176400e+03  7.68346767e-03
 6.38266400e+03  7.70218334e-03
 6.38356400e+03  7.72682087e-03
 6.38446500e+03  7.73574955e-03
 6.38536500e+03  7.74334216e-03
 6.38626500e+03  7.78100292e-03
 6.38716500e+03  7.79057399e-03
 6.38806500e+03  7.75267030e-03
 6.38896600e+03  7.72599494e-03
 6.38986600e+03  7.69889312e-03
 6.39076600e+03  7.68704130e-03
 6.39166600e+03  7.69984321e-03
 6.39256600e+03  7.71605140e-03
 6.39346700e+03  7.71190556e-03
 6.39436700e+03  7.67227984e-03
 6.39526700e+03  7.61576845e-03
 6.39616700e+03  7.61987920e-03
 6.39706800e+03  7.66747541e-03
 6.39796800e+03  7.70039653e-03
 6.39886800e+03  7.71286104e-03
 6.39976900e+03  7.68994825e-03
 6.40066900e+03  7.64908903e-03
 6.40156900e+03  7.62952314e-03
 6.40247000e+03  7.65848736e-03
 6.40337000e+03  7.71223485e-03
 6.40427000e+03  7.74586583e-03
 6.40517000e+03  7.73813556e-03
 6.40607000e+03  7.73424074e-03
 6.40697100e+03  7.73572525e-03
 6.40787100e+03  7.70777591e-03
 6.40877100e+03  7.68637192e-03
 6.40967100e+03  7.67560515e-03
 6.41057100e+03  7.66901121e-03
 6.41147200e+03  7.68988887e-03
 6.41237200e+03  7.69242064e-03
 6.41327200e+03  7.64105647e-03
 6.41417200e+03  7.60108256e-03
 6.41507300e+03  7.65235227e-03
 6.41597300e+03  7.73085875e-03
 6.41687300e+03  7.72341459e-03
 6.41777300e+03  7.66731616e-03
 6.41867400e+03  7.64798780e-03
 6.41957400e+03  7.65661417e-03
 6.42047400e+03  7.67310847e-03
 6.42137400e+03  7.66906249e-03
 6.42227500e+03  7.62934770e-03
 6.42317500e+03  7.63316965e-03
 6.42407500e+03  7.69478507e-03
 6.42497600e+03  7.71994892e-03
 6.42587600e+03  7.70788387e-03
 6.42677600e+03  7.69661507e-03
 6.42767600e+03  7.66440922e-03
 6.42857600e+03  7.66682492e-03
 6.42947700e+03  7.71339817e-03
 6.43037700e+03  7.72169525e-03
 6.43127700e+03  7.66729997e-03
 6.43217700e+03  7.59297172e-03
 6.43307700e+03  7.55385883e-03
 6.43397800e+03  7.56478215e-03
 6.43487800e+03  7.59224026e-03
 6.43577800e+03  7.62638947e-03
 6.43667800e+03  7.65720258e-03
 6.43757900e+03  7.68311139e-03
 6.43847900e+03  7.67710046e-03
 6.43937900e+03  7.61986571e-03
 6.44027900e+03  7.53956431e-03
 6.44118000e+03  7.51946670e-03
 6.44208000e+03  7.57803751e-03
 6.44298000e+03  7.63763669e-03
 6.44388100e+03  7.66894643e-03
 6.44478100e+03  7.67589665e-03
 6.44568100e+03  7.64706470e-03
 6.44658100e+03  7.63803076e-03
 6.44748200e+03  7.66347532e-03
 6.44838200e+03  7.66936209e-03
 6.44928200e+03  7.64110505e-03
 6.45018200e+03  7.57288220e-03
 6.45108200e+03  7.49925572e-03
 6.45198300e+03  7.47910682e-03
 6.45288300e+03  7.53728626e-03
 6.45378300e+03  7.62167412e-03
 6.45468300e+03  7.63516160e-03
 6.45558300e+03  7.56978631e-03
 6.45648400e+03  7.51332891e-03
 6.45738400e+03  7.50199262e-03
 6.45828400e+03  7.51872174e-03
 6.45918500e+03  7.52917002e-03
 6.46008500e+03  7.53088666e-03
 6.46098500e+03  7.54821498e-03
 6.46188500e+03  7.55277379e-03
 6.46278500e+03  7.50065656e-03
 6.46368600e+03  7.41078410e-03
 6.46458600e+03  7.40202817e-03
 6.46548600e+03  7.50370926e-03
 6.46638700e+03  7.57185384e-03
 6.46728700e+03  7.57435322e-03
 6.46818700e+03  7.57751118e-03
 6.46908700e+03  7.56140286e-03
 6.46998800e+03  7.51067568e-03
 6.47088800e+03  7.47229965e-03
 6.47178800e+03  7.46540611e-03
 6.47268800e+03  7.46678266e-03
 6.47358800e+03  7.47275580e-03
 6.47448900e+03  7.49218943e-03
 6.47538900e+03  7.49795205e-03
 6.47628900e+03  7.47494478e-03
 6.47718900e+03  7.46305788e-03
 6.47809000e+03  7.48223779e-03
 6.47899000e+03  7.49633528e-03
 6.47989000e+03  7.48755775e-03
 6.48079000e+03  7.47244000e-03
 6.48169000e+03  7.44791854e-03
 6.48259100e+03  7.41386649e-03
 6.48349100e+03  7.37257812e-03
 6.48439100e+03  7.35058302e-03
 6.48529200e+03  7.38869454e-03
 6.48619200e+03  7.44115455e-03
 6.48709200e+03  7.44388606e-03
 6.48799300e+03  7.43061720e-03
 6.48889300e+03  7.44321668e-03
 6.48979300e+03  7.44094672e-03
 6.49069300e+03  7.40494591e-03
 6.49159300e+03  7.37553635e-03
 6.49249400e+03  7.35537935e-03
 6.49339400e+03  7.33873930e-03
 6.49429400e+03  7.32008571e-03
 6.49519400e+03  7.25323131e-03
 6.49609400e+03  7.19230417e-03
 6.49699500e+03  7.19161590e-03
 6.49789500e+03  7.18852541e-03
 6.49879500e+03  7.18236873e-03
 6.49969500e+03  7.22767339e-03
 6.50059600e+03  7.27826021e-03
 6.50149600e+03  7.30989115e-03
 6.50239600e+03  7.32691448e-03
 6.50329600e+03  7.32890912e-03
 6.50419700e+03  7.34675298e-03
 6.50509700e+03  7.36449696e-03
 6.50599700e+03  7.36821095e-03
 6.50689800e+03  7.37628670e-03
 6.50779800e+03  7.37410582e-03
 6.50869800e+03  7.36752537e-03
 6.50959800e+03  7.36710701e-03
 6.51049800e+03  7.35823232e-03
 6.51139900e+03  7.34236152e-03
 6.51229900e+03  7.34197554e-03
 6.51319900e+03  7.33824267e-03
 6.51409900e+03  7.32341642e-03
 6.51500000e+03  7.33582156e-03
 6.51590000e+03  7.33632899e-03
 6.51680000e+03  7.28300256e-03
 6.51770000e+03  7.22957626e-03
 6.51860000e+03  7.21826157e-03
 6.51950100e+03  7.23585711e-03
 6.52040100e+03  7.23995436e-03
 6.52130100e+03  7.22283657e-03
 6.52220100e+03  7.24708273e-03
 6.52310100e+03  7.28870309e-03
 6.52400200e+03  7.27853552e-03
 6.52490200e+03  7.25008954e-03
 6.52580200e+03  7.25649454e-03
 6.52670300e+03  7.27605504e-03
 6.52760300e+03  7.26030840e-03
 6.52850300e+03  7.23201626e-03
 6.52940400e+03  7.21821568e-03
 6.53030400e+03  7.22426710e-03
 6.53120400e+03  7.24801662e-03
 6.53210400e+03  7.25304238e-03
 6.53300500e+03  7.21730878e-03
 6.53390500e+03  7.17172072e-03
 6.53480500e+03  7.15077828e-03
 6.53570500e+03  7.13487779e-03
 6.53660500e+03  7.08470122e-03
 6.53750600e+03  7.05183139e-03
 6.53840600e+03  7.07248772e-03
 6.53930600e+03  7.09521698e-03
 6.54020600e+03  7.08196702e-03
 6.54110600e+03  7.06169396e-03
 6.54200700e+03  7.06951060e-03
 6.54290700e+03  7.06967794e-03
 6.54380700e+03  7.04171780e-03
 6.54470700e+03  7.00275607e-03
 6.54560800e+03  6.95206937e-03
 6.54650800e+03  6.88806254e-03
 6.54740800e+03  6.83414500e-03
 6.54830900e+03  6.82343491e-03
 6.54920900e+03  6.85810235e-03
 6.55010900e+03  6.85988917e-03
 6.55100900e+03  6.78939636e-03
 6.55191000e+03  6.71286293e-03
 6.55281000e+03  6.66645973e-03
 6.55371000e+03  6.61041259e-03
 6.55461000e+03  6.54458116e-03
 6.55551100e+03  6.49778119e-03
 6.55641100e+03  6.44016587e-03
 6.55731100e+03  6.35904124e-03
 6.55821100e+03  6.26696091e-03
 6.55911100e+03  6.15183012e-03
 6.56001200e+03  6.01883119e-03
 6.56091200e+03  5.88807792e-03
 6.56181200e+03  5.75076851e-03
 6.56271200e+03  5.91375731e-03
 6.56361200e+03  7.71682874e-03
 6.56451300e+03  9.84268473e-03
 6.56541300e+03  8.25626593e-03
 6.56631300e+03  6.01289314e-03
 6.56721300e+03  5.59617125e-03
 6.56811400e+03  5.74303014e-03
 6.56901400e+03  5.86929748e-03
 6.56991400e+03  5.96667888e-03
 6.57081500e+03  6.08591771e-03
 6.57171500e+03  6.20769372e-03
 6.57261500e+03  6.30119379e-03
 6.57351600e+03  6.37524673e-03
 6.57441600e+03  6.43027900e-03
 6.57531600e+03  6.44746967e-03
 6.57621600e+03  6.45606366e-03
 6.57711600e+03  6.51642938e-03
 6.57801700e+03  6.60114923e-03
 6.57891700e+03  6.66278624e-03
 6.57981700e+03  6.72174572e-03
 6.58071700e+03  6.77562817e-03
 6.58161700e+03  6.81618779e-03
 6.58251800e+03  6.83652562e-03
 6.58341800e+03  6.88126077e-03
 6.58431800e+03  7.03562590e-03
 6.58521800e+03  7.19679010e-03
 6.58611800e+03  7.11773300e-03
 6.58701900e+03  6.96143800e-03
 6.58791900e+03  6.90598467e-03
 6.58881900e+03  6.93080574e-03
 6.58972000e+03  6.96849619e-03
 6.59062000e+03  6.98348438e-03
 6.59152000e+03  7.00647005e-03
 6.59242100e+03  6.99716620e-03
 6.59332100e+03  6.94741880e-03
 6.59422100e+03  6.91755578e-03
 6.59512100e+03  6.92851149e-03
 6.59602100e+03  7.01881851e-03
 6.59692200e+03  7.11476937e-03
 6.59782200e+03  7.12977916e-03
 6.59872200e+03  7.09906052e-03
 6.59962200e+03  7.07615312e-03
 6.60052300e+03  7.05324843e-03
 6.60142300e+03  7.05110803e-03
 6.60232300e+03  7.09353273e-03
 6.60322300e+03  7.10948180e-03
 6.60412300e+03  7.11114446e-03
 6.60502400e+03  7.12927442e-03
 6.60592400e+03  7.12956862e-03
 6.60682400e+03  7.13268610e-03
 6.60772400e+03  7.12021349e-03
 6.60862400e+03  7.09540322e-03
 6.60952500e+03  7.10734950e-03
 6.61042500e+03  7.14799549e-03
 6.61132500e+03  7.17449811e-03
 6.61222600e+03  7.20247984e-03
 6.61312600e+03  7.22226706e-03
 6.61402600e+03  7.19301404e-03
 6.61492600e+03  7.16056257e-03
 6.61582700e+03  7.15411708e-03
 6.61672700e+03  7.16356669e-03
 6.61762700e+03  7.15728584e-03
 6.61852800e+03  7.15649500e-03
 6.61942800e+03  7.15218991e-03
 6.62032800e+03  7.14460270e-03
 6.62122800e+03  7.15793363e-03
 6.62212800e+03  7.15846806e-03
 6.62302900e+03  7.16829284e-03
 6.62392900e+03  7.17185837e-03
 6.62482900e+03  7.15848965e-03
 6.62572900e+03  7.14703730e-03
 6.62662900e+03  7.13323942e-03
 6.62753000e+03  7.11094742e-03
 6.62843000e+03  7.10180012e-03
 6.62933000e+03  7.13570102e-03
 6.63023000e+03  7.15864350e-03
 6.63113100e+03  7.15406310e-03
 6.63203100e+03  7.16651682e-03
 6.63293100e+03  7.16440611e-03
 6.63383200e+03  7.12629190e-03
 6.63473200e+03  7.08613175e-03
 6.63563200e+03  7.09415353e-03
 6.63653200e+03  7.12051849e-03
 6.63743300e+03  7.14902385e-03
 6.63833300e+03  7.14560677e-03
 6.63923300e+03  7.12136601e-03
 6.64013300e+03  7.13687513e-03
 6.64103400e+03  7.12908008e-03
 6.64193400e+03  7.09511441e-03
 6.64283400e+03  7.12108530e-03
 6.64373400e+03  7.14105336e-03
 6.64463400e+03  7.11586521e-03
 6.64553500e+03  7.11419986e-03
 6.64643500e+03  7.09679056e-03
 6.64733500e+03  7.06281409e-03
 6.64823500e+03  7.06477905e-03
 6.64913500e+03  7.09289034e-03
 6.65003600e+03  7.10295804e-03
 6.65093600e+03  7.10742238e-03
 6.65183600e+03  7.12400575e-03
 6.65273600e+03  7.13753102e-03
 6.65363700e+03  7.13504243e-03
 6.65453700e+03  7.14029761e-03
 6.65543700e+03  7.14407097e-03
 6.65633700e+03  7.13754721e-03
 6.65723800e+03  7.12307995e-03
 6.65813800e+03  7.11364384e-03
 6.65903800e+03  7.12596531e-03
 6.65993900e+03  7.12997079e-03
 6.66083900e+03  7.10583260e-03
 6.66173900e+03  7.08930861e-03
 6.66263900e+03  7.08733016e-03
 6.66354000e+03  7.06006639e-03
 6.66444000e+03  7.00762527e-03
 6.66534000e+03  7.00745253e-03
 6.66624000e+03  7.04213347e-03
 6.66714000e+03  7.04213347e-03
 6.66804100e+03  7.02789833e-03
 6.66894100e+03  7.03023577e-03
 6.66984100e+03  7.04121307e-03
 6.67074100e+03  7.04313484e-03
 6.67164100e+03  7.04419829e-03
 6.67254200e+03  7.05442794e-03
 6.67344200e+03  7.04416050e-03
 6.67434200e+03  7.03669475e-03
 6.67524300e+03  7.05652245e-03
 6.67614300e+03  7.08230711e-03
 6.67704300e+03  7.08396976e-03
 6.67794400e+03  7.03567448e-03
 6.67884400e+03  6.98297425e-03
 6.67974400e+03  6.99413779e-03
 6.68064400e+03  7.01446213e-03
 6.68154400e+03  7.03225470e-03
 6.68244500e+03  7.05612029e-03
 6.68334500e+03  7.06706520e-03
 6.68424500e+03  7.04180957e-03
 6.68514500e+03  7.04076771e-03
 6.68604600e+03  7.09587286e-03
 6.68694600e+03  7.10905804e-03
 6.68784600e+03  7.08171600e-03
 6.68874600e+03  7.07503299e-03
 6.68964600e+03  7.07990219e-03
 6.69054700e+03  7.08246096e-03
 6.69144700e+03  7.07936507e-03
 6.69234700e+03  7.07363485e-03
 6.69324700e+03  7.05484900e-03
 6.69414800e+03  7.03845187e-03
 6.69504800e+03  7.05707037e-03
 6.69594800e+03  7.07426374e-03
 6.69684800e+03  7.07623680e-03
 6.69774900e+03  7.06124051e-03
 6.69864900e+03  7.05080573e-03
 6.69954900e+03  7.05288135e-03
 6.70044900e+03  7.05813922e-03
 6.70135000e+03  7.07328396e-03
 6.70225000e+03  7.07535958e-03
 6.70315000e+03  7.05464657e-03
 6.70405100e+03  7.03895391e-03
 6.70495100e+03  7.03745050e-03
 6.70585100e+03  7.03992559e-03
 6.70675100e+03  7.04258422e-03
 6.70765100e+03  7.04398506e-03
 6.70855200e+03  7.03497811e-03
 6.70945200e+03  7.02698063e-03
 6.71035200e+03  7.03001714e-03
 6.71125200e+03  7.03191192e-03
 6.71215200e+03  7.02866488e-03
 6.71305300e+03  7.03547745e-03
 6.71395300e+03  7.05338878e-03
 6.71485300e+03  7.06388024e-03
 6.71575300e+03  7.05630652e-03
 6.71665400e+03  7.06122161e-03
 6.71755400e+03  7.11944154e-03
 6.71845400e+03  7.13124208e-03
 6.71935500e+03  7.03817656e-03
 6.72025500e+03  6.98537916e-03
 6.72115500e+03  7.00890735e-03
 6.72205500e+03  7.02349607e-03
 6.72295600e+03  6.99850766e-03
 6.72385600e+03  7.01112063e-03
 6.72475600e+03  7.04254373e-03
 6.72565600e+03  7.02717497e-03
 6.72655700e+03  7.00159815e-03
 6.72745700e+03  6.99898000e-03
 6.72835700e+03  7.00585195e-03
 6.72925700e+03  7.00641607e-03
 6.73015700e+03  7.01713966e-03
 6.73105800e+03  7.05124028e-03
 6.73195800e+03  7.11385167e-03
 6.73285800e+03  7.14279429e-03
 6.73375800e+03  7.08106012e-03
 6.73465800e+03  7.02589829e-03
 6.73555900e+03  7.00350642e-03
 6.73645900e+03  6.97544371e-03
 6.73735900e+03  6.97139234e-03
 6.73826000e+03  6.99080978e-03
 6.73916000e+03  6.98329004e-03
 6.74006000e+03  6.96638278e-03
 6.74096000e+03  6.99694757e-03
 6.74186000e+03  7.04394457e-03
 6.74276100e+03  7.03435462e-03
 6.74366100e+03  6.99410000e-03
 6.74456100e+03  6.97159747e-03
 6.74546200e+03  6.96850969e-03
 6.74636200e+03  6.97694712e-03
 6.74726200e+03  6.97344907e-03
 6.74816200e+03  6.95950004e-03
 6.74906300e+03  6.97965164e-03
 6.74996300e+03  7.00787089e-03
 6.75086300e+03  7.00247536e-03
 6.75176300e+03  6.98709580e-03
 6.75266300e+03  6.98231566e-03
 6.75356400e+03  6.99677213e-03
 6.75446400e+03  7.00886147e-03
 6.75536400e+03  6.99613244e-03
 6.75626400e+03  6.97989186e-03
 6.75716400e+03  6.98134938e-03
 6.75806500e+03  6.99545496e-03
 6.75896500e+03  6.99468841e-03
 6.75986500e+03  6.98206465e-03
 6.76076600e+03  6.98016717e-03
 6.76166600e+03  6.97807265e-03
 6.76256600e+03  6.99115257e-03
 6.76346700e+03  7.00022160e-03
 6.76436700e+03  6.98888531e-03
 6.76526700e+03  6.98155991e-03
 6.76616700e+03  6.96663110e-03
 6.76706800e+03  6.93563446e-03
 6.76796800e+03  6.90866759e-03
 6.76886800e+03  6.91074861e-03
 6.76976800e+03  6.94102459e-03
 6.77066800e+03  6.97687694e-03
 6.77156900e+03  7.00290722e-03
 6.77246900e+03  6.98197018e-03
 6.77336900e+03  6.95072251e-03
 6.77426900e+03  6.96425048e-03
 6.77516900e+03  6.98319827e-03
 6.77607000e+03  6.98052885e-03
 6.77697000e+03  6.96601030e-03
 6.77787000e+03  6.95469021e-03
 6.77877000e+03  6.95665517e-03
 6.77967100e+03  6.96916827e-03
 6.78057100e+03  6.97336270e-03
 6.78147100e+03  6.94610702e-03
 6.78237100e+03  6.91358538e-03
 6.78327200e+03  6.92433596e-03
 6.78417200e+03  6.96166203e-03
 6.78507200e+03  6.95522464e-03
 6.78597200e+03  6.92964512e-03
 6.78687300e+03  6.92738326e-03
 6.78777300e+03  6.91498352e-03
 6.78867300e+03  6.88653214e-03
 6.78957400e+03  6.88691272e-03
 6.79047400e+03  6.92605259e-03
 6.79137400e+03  6.93576401e-03
 6.79227400e+03  6.91225741e-03
 6.79317400e+03  6.91210356e-03
 6.79407500e+03  6.90638414e-03
 6.79497500e+03  6.89173874e-03
 6.79587500e+03  6.88719342e-03
 6.79677500e+03  6.90666485e-03
 6.79767500e+03  6.93286246e-03
 6.79857600e+03  6.93689764e-03
 6.79947600e+03  6.92165573e-03
 6.80037600e+03  6.91913476e-03
 6.80127600e+03  6.91883246e-03
 6.80217700e+03  6.91155025e-03
 6.80307700e+03  6.90466480e-03
 6.80397700e+03  6.91518865e-03
 6.80487700e+03  6.91278914e-03
 6.80577800e+03  6.90156082e-03
 6.80667800e+03  6.90061613e-03
 6.80757800e+03  6.89459440e-03
 6.80847900e+03  6.89466728e-03
 6.80937900e+03  6.91632768e-03
 6.81027900e+03  6.90777418e-03
 6.81117900e+03  6.87289621e-03
 6.81208000e+03  6.87797864e-03
 6.81298000e+03  6.90344750e-03
 6.81388000e+03  6.90355816e-03
 6.81478000e+03  6.88590325e-03
 6.81568000e+03  6.86672063e-03
 6.81658100e+03  6.87133072e-03
 6.81748100e+03  6.89203024e-03
 6.81838100e+03  6.87210807e-03
 6.81928100e+03  6.82479796e-03
 6.82018100e+03  6.81076256e-03
 6.82108200e+03  6.83494934e-03
 6.82198200e+03  6.85802408e-03
 6.82288200e+03  6.85407527e-03
 6.82378300e+03  6.85581620e-03
 6.82468300e+03  6.85310089e-03
 6.82558300e+03  6.84643408e-03
 6.82648300e+03  6.83479009e-03
 6.82738400e+03  6.82431212e-03
 6.82828400e+03  6.81996925e-03
 6.82918400e+03  6.80555327e-03
 6.83008400e+03  6.80944000e-03
 6.83098500e+03  6.83244186e-03
 6.83188500e+03  6.85239103e-03
 6.83278500e+03  6.87740913e-03
 6.83368500e+03  6.87730386e-03
 6.83458600e+03  6.84375116e-03
 6.83548600e+03  6.81632274e-03
 6.83638600e+03  6.81287597e-03
 6.83728600e+03  6.81718646e-03
 6.83818600e+03  6.82815027e-03
 6.83908700e+03  6.79822787e-03
 6.83998700e+03  6.74936847e-03
 6.84088700e+03  6.75036985e-03
 6.84178700e+03  6.77900207e-03
 6.84268800e+03  6.76684525e-03
 6.84358800e+03  6.75267489e-03
 6.84448800e+03  6.76178441e-03
 6.84538800e+03  6.78900769e-03
 6.84628800e+03  6.81231455e-03
 6.84718900e+03  6.82373451e-03
 6.84808900e+03  6.83158894e-03
 6.84898900e+03  6.81239823e-03
 6.84989000e+03  6.79508880e-03
 6.85079000e+03  6.82032823e-03
 6.85169000e+03  6.87903940e-03
 6.85259100e+03  6.90458113e-03
 6.85349100e+03  6.87177877e-03
 6.85439100e+03  6.84176731e-03
 6.85529100e+03  6.83169960e-03
 6.85619100e+03  6.80809584e-03
 6.85709200e+03  6.82463872e-03
 6.85799200e+03  6.84454739e-03
 6.85889200e+03  6.83498983e-03
 6.85979200e+03  6.82139438e-03
 6.86069200e+03  6.82407190e-03
 6.86159300e+03  6.82570487e-03
 6.86249300e+03  6.80631712e-03
 6.86339300e+03  6.79410362e-03
 6.86429300e+03  6.80455190e-03
 6.86519400e+03  6.81707579e-03
 6.86609400e+03  6.84309797e-03
 6.86699400e+03  6.84262023e-03
 6.86789500e+03  6.84138133e-03
 6.86879500e+03  6.83552695e-03
 6.86969500e+03  6.81891119e-03
 6.87059500e+03  6.82023106e-03
 6.87149500e+03  6.82347810e-03
 6.87239600e+03  6.81388274e-03
 6.87329600e+03  6.79942358e-03
 6.87419600e+03  6.79141530e-03
 6.87509700e+03  6.80801756e-03
 6.87599700e+03  6.84001558e-03
 6.87689700e+03  6.85723324e-03
 6.87779700e+03  6.83452828e-03
 6.87869700e+03  6.80036827e-03
 6.87959800e+03  6.79977446e-03
 6.88049800e+03  6.79944517e-03
 6.88139800e+03  6.78765273e-03
 6.88229800e+03  6.78443269e-03
 6.88319800e+03  6.76735268e-03
 6.88409900e+03  6.74467201e-03
 6.88499900e+03  6.76908012e-03
 6.88589900e+03  6.79908619e-03
 6.88679900e+03  6.80647907e-03
 6.88770000e+03  6.77679419e-03
 6.88860000e+03  6.74403502e-03
 6.88950000e+03  6.73207794e-03
 6.89040000e+03  6.75588684e-03
 6.89130100e+03  6.81535376e-03
 6.89220100e+03  6.85517921e-03
 6.89310100e+03  6.82331345e-03
 6.89400200e+03  6.75950096e-03
 6.89490200e+03  6.74832931e-03
 6.89580200e+03  6.75621613e-03
 6.89670200e+03  6.74740352e-03
 6.89760300e+03  6.75305547e-03
 6.89850300e+03  6.78248932e-03
 6.89940300e+03  6.80783942e-03
 6.90030300e+03  6.79985004e-03
 6.90120300e+03  6.76939052e-03
 6.90210400e+03  6.75075852e-03
 6.90300400e+03  6.74933339e-03
 6.90390400e+03  6.75293401e-03
 6.90480400e+03  6.72672019e-03
 6.90570400e+03  6.70978594e-03
 6.90660500e+03  6.71772944e-03
 6.90750500e+03  6.72852860e-03
 6.90840500e+03  6.74824294e-03
 6.90930600e+03  6.76120410e-03
 6.91020600e+03  6.74211055e-03
 6.91110600e+03  6.71744873e-03
 6.91200600e+03  6.69658457e-03
 6.91290700e+03  6.69880054e-03
 6.91380700e+03  6.71759448e-03
 6.91470700e+03  6.69862510e-03
 6.91560800e+03  6.66067013e-03
 6.91650800e+03  6.64123650e-03
 6.91740800e+03  6.64248889e-03
 6.91830800e+03  6.62948185e-03
 6.91920800e+03  6.64813814e-03
 6.92010900e+03  6.70532430e-03
 6.92100900e+03  6.72868245e-03
 6.92190900e+03  6.70810439e-03
 6.92280900e+03  6.67412792e-03
 6.92370900e+03  6.65545544e-03
 6.92461000e+03  6.64246460e-03
 6.92551000e+03  6.61408879e-03
 6.92641000e+03  6.61279322e-03
 6.92731000e+03  6.63840243e-03
 6.92821100e+03  6.65376309e-03
 6.92911100e+03  6.67645456e-03
 6.93001100e+03  6.66870810e-03
 6.93091100e+03  6.63055340e-03
 6.93181200e+03  6.60000480e-03
 6.93271200e+03  6.59818020e-03
 6.93361200e+03  6.62268547e-03
 6.93451200e+03  6.63377344e-03
 6.93541300e+03  6.64118521e-03
 6.93631300e+03  6.66137460e-03
 6.93721300e+03  6.63961433e-03
 6.93811400e+03  6.59159976e-03
 6.93901400e+03  6.56979900e-03
 6.93991400e+03  6.55505373e-03
 6.94081400e+03  6.56904595e-03
 6.94171400e+03  6.60186989e-03
 6.94261500e+03  6.60321135e-03
 6.94351500e+03  6.59102485e-03
 6.94441500e+03  6.60422082e-03
 6.94531500e+03  6.59839613e-03
 6.94621500e+03  6.54636258e-03
 6.94711600e+03  6.50422938e-03
 6.94801600e+03  6.51984646e-03
 6.94891600e+03  6.55989055e-03
 6.94981600e+03  6.56275431e-03
 6.95071700e+03  6.57097581e-03
 6.95161700e+03  6.58965370e-03
 6.95251700e+03  6.56253028e-03
 6.95341700e+03  6.53977404e-03
 6.95431800e+03  6.55700789e-03
 6.95521800e+03  6.58935949e-03
 6.95611800e+03  6.60381056e-03
 6.95701900e+03  6.57336723e-03
 6.95791900e+03  6.52405708e-03
 6.95881900e+03  6.48667703e-03
 6.95971900e+03  6.48094681e-03
 6.96062000e+03  6.49845597e-03
 6.96152000e+03  6.53338253e-03
 6.96242000e+03  6.56241422e-03
 6.96332000e+03  6.55539652e-03
 6.96422000e+03  6.55233302e-03
 6.96512100e+03  6.56608502e-03
 6.96602100e+03  6.55186877e-03
 6.96692100e+03  6.52963346e-03
 6.96782100e+03  6.52102598e-03
 6.96872100e+03  6.51835655e-03
 6.96962200e+03  6.51623235e-03
 6.97052200e+03  6.51928505e-03
 6.97142200e+03  6.53111527e-03
 6.97232300e+03  6.52218930e-03
 6.97322300e+03  6.49783248e-03
 6.97412300e+03  6.47480362e-03
 6.97502300e+03  6.45366145e-03
 6.97592300e+03  6.44842786e-03
 6.97682400e+03  6.46182627e-03
 6.97772400e+03  6.47785362e-03
 6.97862400e+03  6.46904641e-03
 6.97952500e+03  6.45475189e-03
 6.98042500e+03  6.45097043e-03
 6.98132500e+03  6.45840919e-03
 6.98222500e+03  6.48780526e-03
 6.98312600e+03  6.51600022e-03
 6.98402600e+03  6.52059952e-03
 6.98492600e+03  6.52204354e-03
 6.98582600e+03  6.52464549e-03
 6.98672600e+03  6.52071018e-03
 6.98762700e+03  6.52397881e-03
 6.98852700e+03  6.53081297e-03
 6.98942700e+03  6.52826231e-03
 6.99032700e+03  6.51066677e-03
 6.99122700e+03  6.48977292e-03
 6.99212800e+03  6.49977854e-03
 6.99302800e+03  6.53261598e-03
 6.99392800e+03  6.54764736e-03
 6.99482800e+03  6.53225160e-03
 6.99572900e+03  6.50851288e-03
 6.99662900e+03  6.49028305e-03
 6.99752900e+03  6.49176486e-03
 6.99843000e+03  6.52441877e-03
 6.99933000e+03  6.52111775e-03
 7.00023000e+03  6.48307911e-03
 7.00113100e+03  6.46694109e-03
 7.00203100e+03  6.48213982e-03
 7.00293100e+03  6.47177521e-03
 7.00383100e+03  6.43894047e-03
 7.00473100e+03  6.42886467e-03
 7.00563200e+03  6.42483219e-03
 7.00653200e+03  6.41063214e-03
 7.00743200e+03  6.40666984e-03
 7.00833200e+03  6.43481082e-03
 7.00923200e+03  6.46913278e-03
 7.01013300e+03  6.47731380e-03
 7.01103300e+03  6.46359689e-03
 7.01193300e+03  6.44065711e-03
 7.01283300e+03  6.42382542e-03
 7.01373400e+03  6.41841369e-03
 7.01463400e+03  6.43076754e-03
 7.01553400e+03  6.45877897e-03
 7.01643400e+03  6.46721371e-03
 7.01733500e+03  6.43412794e-03
 7.01823500e+03  6.37500381e-03
 7.01913500e+03  6.37104421e-03
 7.02003500e+03  6.41818697e-03
 7.02093600e+03  6.44579082e-03
 7.02183600e+03  6.45764534e-03
 7.02273600e+03  6.45170998e-03
 7.02363700e+03  6.43717525e-03
 7.02453700e+03  6.45222282e-03
 7.02543700e+03  6.46947826e-03
 7.02633700e+03  6.48891999e-03
 7.02723700e+03  6.52460770e-03
 7.02813800e+03  6.50885027e-03
 7.02903800e+03  6.44711069e-03
 7.02993800e+03  6.44139126e-03
 7.03083800e+03  6.49099292e-03
 7.03173800e+03  6.51861297e-03
 7.03263900e+03  6.50606478e-03
 7.03353900e+03  6.47728950e-03
 7.03443900e+03  6.44510525e-03
 7.03533900e+03  6.42096975e-03
 7.03624000e+03  6.44163958e-03
 7.03714000e+03  6.49326017e-03
 7.03804000e+03  6.50936040e-03
 7.03894000e+03  6.48343269e-03
 7.03984100e+03  6.44514573e-03
 7.04074100e+03  6.44771799e-03
 7.04164100e+03  6.50786239e-03
 7.04254200e+03  6.57153183e-03
 7.04344200e+03  6.60272281e-03
 7.04434200e+03  6.59135414e-03
 7.04524200e+03  6.52952549e-03
 7.04614300e+03  6.49842358e-03
 7.04704300e+03  6.53238386e-03
 7.04794300e+03  6.55201722e-03
 7.04884300e+03  6.53891842e-03
 7.04974300e+03  6.52182761e-03
 7.05064400e+03  6.37066633e-03
 7.05154400e+03  6.02856690e-03
 7.05244400e+03  6.29976866e-03
 7.05334400e+03  6.50618354e-03
 7.05424400e+03  6.54417359e-03
 7.05514500e+03  6.51655624e-03
 7.05604500e+03  6.48912783e-03
 7.05694500e+03  6.47707897e-03
 7.05784600e+03  6.49714420e-03
 7.05874600e+03  6.53076439e-03
 7.05964600e+03  6.53919103e-03
 7.06054600e+03  6.49582703e-03
 7.06144700e+03  6.47346756e-03
 7.06234700e+03  6.48635044e-03
 7.06324700e+03  6.50815119e-03
 7.06414800e+03  6.50146548e-03
 7.06504800e+03  6.48665004e-03
 7.06594800e+03  6.50253433e-03
 7.06684800e+03  6.50617544e-03
 7.06774800e+03  6.50335757e-03
 7.06864900e+03  6.50822137e-03
 7.06954900e+03  6.48277411e-03
 7.07044900e+03  6.43969082e-03
 7.07134900e+03  6.42249475e-03
 7.07224900e+03  6.41285351e-03
 7.07315000e+03  6.42882958e-03
 7.07405000e+03  6.43248418e-03
 7.07495000e+03  6.42644896e-03
 7.07585000e+03  6.43810374e-03
 7.07675100e+03  6.44272733e-03
 7.07765100e+03  6.41356068e-03
 7.07855100e+03  6.37833722e-03
 7.07945100e+03  6.37178377e-03
 7.08035100e+03  6.38688802e-03
 7.08125200e+03  6.38161935e-03
 7.08215200e+03  6.36854753e-03
 7.08305200e+03  6.36581872e-03
 7.08395300e+03  6.34267650e-03
 7.08485300e+03  6.32014428e-03
 7.08575300e+03  6.30662711e-03
 7.08665400e+03  6.29534751e-03
 7.08755400e+03  6.29363357e-03
 7.08845400e+03  6.31125340e-03
 7.08935400e+03  6.31949380e-03
 7.09025400e+03  6.30047043e-03
 7.09115500e+03  6.26109843e-03
 7.09205500e+03  6.22500315e-03
 7.09295500e+03  6.21907319e-03
 7.09385500e+03  6.22691682e-03
 7.09475500e+03  6.23255258e-03
 7.09565600e+03  6.23027452e-03
 7.09655600e+03  6.21648744e-03
 7.09745600e+03  6.21285983e-03
 7.09835600e+03  6.19861390e-03
 7.09925700e+03  6.19840067e-03
 7.10015700e+03  6.23535966e-03
 7.10105700e+03  6.32312141e-03
 7.10195800e+03  6.36593208e-03
 7.10285800e+03  6.37405642e-03
 7.10375800e+03  6.33276805e-03
 7.10465800e+03  6.30074034e-03
 7.10555900e+03  6.29415720e-03
 7.10645900e+03  6.31577711e-03
 7.10735900e+03  6.30913189e-03
 7.10825900e+03  6.25925763e-03
 7.10916000e+03  6.23644470e-03
 7.11006000e+03  6.25324940e-03
 7.11096000e+03  6.25452338e-03
 7.11186000e+03  6.25692829e-03
 7.11276000e+03  6.26273679e-03
 7.11366100e+03  6.25468533e-03
 7.11456100e+03  6.25439382e-03
 7.11546100e+03  6.27384635e-03
 7.11636100e+03  6.29275906e-03
 7.11726100e+03  6.29066994e-03
 7.11816200e+03  6.28059954e-03
 7.11906200e+03  6.28477777e-03
 7.11996200e+03  6.29304246e-03
 7.12086300e+03  6.29974707e-03
 7.12176300e+03  6.29298038e-03
 7.12266300e+03  6.26436166e-03
 7.12356300e+03  6.22407466e-03
 7.12446300e+03  6.21596381e-03
 7.12536400e+03  6.24458794e-03
 7.12626400e+03  6.26094998e-03
 7.12716400e+03  6.26978958e-03
 7.12806500e+03  6.26806484e-03
 7.12896500e+03  6.27082064e-03
 7.12986500e+03  6.27090431e-03
 7.13076500e+03  6.27570604e-03
 7.13166600e+03  6.27312569e-03
 7.13256600e+03  6.25137351e-03
 7.13346600e+03  6.25081480e-03
 7.13436600e+03  6.25670157e-03
 7.13526600e+03  6.28148485e-03
 7.13616700e+03  6.33559672e-03
 7.13706700e+03  6.39767099e-03
 7.13796700e+03  6.40536347e-03
 7.13886700e+03  6.35420173e-03
 7.13976700e+03  6.30582547e-03
 7.14066800e+03  6.28134449e-03
 7.14156800e+03  6.26599732e-03
 7.14246800e+03  6.26302290e-03
 7.14336800e+03  6.29806822e-03
 7.14426900e+03  6.31651127e-03
 7.14516900e+03  6.28938516e-03
 7.14606900e+03  6.25040183e-03
 7.14697000e+03  6.23010178e-03
 7.14787000e+03  6.22569412e-03
 7.14877000e+03  6.22488709e-03
 7.14967100e+03  6.19914292e-03
 7.15057100e+03  6.18587137e-03
 7.15147100e+03  6.21981005e-03
 7.15237100e+03  6.25686891e-03
 7.15327100e+03  6.28600047e-03
 7.15417200e+03  6.27698272e-03
 7.15507200e+03  6.24576745e-03
 7.15597200e+03  6.23730842e-03
 7.15687200e+03  6.26254785e-03
 7.15777200e+03  6.28864830e-03
 7.15867300e+03  6.29007074e-03
 7.15957300e+03  6.26134675e-03
 7.16047300e+03  6.23280629e-03
 7.16137300e+03  6.22405576e-03
 7.16227400e+03  6.22783452e-03
 7.16317400e+03  6.24568917e-03
 7.16407400e+03  6.25741413e-03
 7.16497400e+03  6.22880081e-03
 7.16587500e+03  6.20289469e-03
 7.16677500e+03  6.18888898e-03
 7.16767500e+03  6.20731854e-03
 7.16857500e+03  6.23940833e-03
 7.16947600e+03  6.23942183e-03
 7.17037600e+03  6.23231236e-03
 7.17127600e+03  6.24528971e-03
 7.17217700e+03  6.24223701e-03
 7.17307700e+03  6.22094368e-03
 7.17397700e+03  6.22179930e-03
 7.17487700e+03  6.23995895e-03
 7.17577700e+03  6.25525754e-03
 7.17667800e+03  6.26678816e-03
 7.17757800e+03  6.26160856e-03
 7.17847800e+03  6.25198891e-03
 7.17937800e+03  6.27449954e-03
 7.18027800e+03  6.29533671e-03
 7.18117900e+03  6.25513068e-03
 7.18207900e+03  6.19553151e-03
 7.18297900e+03  6.17760128e-03
 7.18387900e+03  6.18331801e-03
 7.18478000e+03  6.18347186e-03
 7.18568000e+03  6.18399818e-03
 7.18658000e+03  6.19920230e-03
 7.18748000e+03  6.18896186e-03
 7.18838100e+03  6.16906128e-03
 7.18928100e+03  6.16877247e-03
 7.19018100e+03  6.17811411e-03
 7.19108200e+03  6.17475641e-03
 7.19198200e+03  6.17700208e-03
 7.19288200e+03  6.18473504e-03
 7.19378200e+03  6.18096978e-03
 7.19468300e+03  6.16301796e-03
 7.19558300e+03  6.16244574e-03
 7.19648300e+03  6.20406341e-03
 7.19738300e+03  6.25069873e-03
 7.19828300e+03  6.24974055e-03
 7.19918400e+03  6.20461133e-03
 7.20008400e+03  6.18506973e-03
 7.20098400e+03  6.18078624e-03
 7.20188400e+03  6.19375009e-03
 7.20278400e+03  6.20656279e-03
 7.20368500e+03  6.20384208e-03
 7.20458500e+03  6.18805496e-03
 7.20548500e+03  6.18464867e-03
 7.20638600e+03  6.19745867e-03
 7.20728600e+03  6.18935053e-03
 7.20818600e+03  6.17560123e-03
 7.20908600e+03  6.17143650e-03
 7.20998700e+03  6.19012248e-03
 7.21088700e+03  6.21030916e-03
 7.21178700e+03  6.18962584e-03
 7.21268800e+03  6.18487000e-03
 7.21358800e+03  6.20862762e-03
 7.21448800e+03  6.20877067e-03
 7.21538800e+03  6.20456545e-03
 7.21628800e+03  6.21375863e-03
 7.21718900e+03  6.22296262e-03
 7.21808900e+03  6.22361850e-03
 7.21898900e+03  6.22433917e-03
 7.21988900e+03  6.24511426e-03
 7.22078900e+03  6.24669055e-03
 7.22169000e+03  6.22505983e-03
 7.22259000e+03  6.21165602e-03
 7.22349000e+03  6.20421456e-03
 7.22439000e+03  6.18716155e-03
 7.22529100e+03  6.18164725e-03
 7.22619100e+03  6.20309983e-03
 7.22709100e+03  6.22706258e-03
 7.22799100e+03  6.23956758e-03
 7.22889200e+03  6.24734913e-03
 7.22979200e+03  6.23765931e-03
 7.23069200e+03  6.22831227e-03
 7.23159200e+03  6.20911885e-03
 7.23249300e+03  6.17452159e-03
 7.23339300e+03  6.16987911e-03
 7.23429300e+03  6.19433040e-03
 7.23519400e+03  6.23192099e-03
 7.23609400e+03  6.25127634e-03
 7.23699400e+03  6.24840449e-03
 7.23789400e+03  6.25907949e-03
 7.23879400e+03  6.27712578e-03
 7.23969500e+03  6.25426696e-03
 7.24059500e+03  6.20344261e-03
 7.24149500e+03  6.17934761e-03
 7.24239500e+03  6.18238951e-03
 7.24329500e+03  6.19111845e-03
 7.24419600e+03  6.18230314e-03
 7.24509600e+03  6.15004601e-03
 7.24599600e+03  6.12121135e-03
 7.24689600e+03  6.10730011e-03
 7.24779700e+03  6.13050711e-03
 7.24869700e+03  6.17561203e-03
 7.24959700e+03  6.18902934e-03
 7.25049800e+03  6.17690761e-03
 7.25139800e+03  6.15426203e-03
 7.25229800e+03  6.12851516e-03
 7.25319800e+03  6.13010764e-03
 7.25409900e+03  6.14113353e-03
 7.25499900e+03  6.13520897e-03
 7.25589900e+03  6.13108202e-03
 7.25679900e+03  6.14345746e-03
 7.25770000e+03  6.14781654e-03
 7.25860000e+03  6.14576791e-03
 7.25950000e+03  6.15251300e-03
 7.26040000e+03  6.15338751e-03
 7.26130000e+03  6.13056379e-03
 7.26220100e+03  6.08868701e-03
 7.26310100e+03  6.07550453e-03
 7.26400100e+03  6.09312165e-03
 7.26490100e+03  6.11391834e-03
 7.26580100e+03  6.12938428e-03
 7.26670200e+03  6.14350605e-03
 7.26760200e+03  6.13757879e-03
 7.26850200e+03  6.11577263e-03
 7.26940300e+03  6.10907883e-03
 7.27030300e+03  6.11248781e-03
 7.27120300e+03  6.11840157e-03
 7.27210300e+03  6.12358118e-03
 7.27300300e+03  6.12052038e-03
 7.27390400e+03  6.12871759e-03
 7.27480400e+03  6.15813526e-03
 7.27570400e+03  6.18130717e-03
 7.27660500e+03  6.16326628e-03
 7.27750500e+03  6.12696317e-03
 7.27840500e+03  6.12483357e-03
 7.27930500e+03  6.13171631e-03
 7.28020600e+03  6.11540016e-03
 7.28110600e+03  6.10947020e-03
 7.28200600e+03  6.12288211e-03
 7.28290600e+03  6.12895242e-03
 7.28380600e+03  6.08048979e-03
 7.28470700e+03  6.03633766e-03
 7.28560700e+03  6.02614849e-03
 7.28650700e+03  6.01140322e-03
 7.28740700e+03  6.00560552e-03
 7.28830700e+03  6.00217765e-03
 7.28920800e+03  6.00834513e-03
 7.29010800e+03  6.00347052e-03
 7.29100800e+03  5.97601242e-03
 7.29190800e+03  5.96379892e-03
 7.29280900e+03  5.96949135e-03
 7.29370900e+03  5.99843127e-03
 7.29460900e+03  6.02772478e-03
 7.29551000e+03  6.03552792e-03
 7.29641000e+03  6.04964160e-03
 7.29731000e+03  6.08679493e-03
 7.29821100e+03  6.09069515e-03
 7.29911100e+03  6.06194147e-03
 7.30001100e+03  6.04884536e-03
 7.30091100e+03  6.04960651e-03
 7.30181100e+03  6.03766562e-03
 7.30271200e+03  6.02731721e-03
 7.30361200e+03  6.04293699e-03
 7.30451200e+03  6.05972010e-03
 7.30541200e+03  6.06342328e-03
 7.30631200e+03  6.05866744e-03
 7.30721300e+03  6.05456748e-03
 7.30811300e+03  6.05180359e-03
 7.30901300e+03  6.05109372e-03
 7.30991300e+03  6.06058111e-03
 7.31081400e+03  6.06722904e-03
 7.31171400e+03  6.06770138e-03
 7.31261400e+03  6.05733138e-03
 7.31351500e+03  6.05038655e-03
 7.31441500e+03  6.05580638e-03
 7.31531500e+03  6.06727762e-03
 7.31621500e+03  6.04725018e-03
 7.31711500e+03  6.02878283e-03
 7.31801600e+03  6.03033212e-03
 7.31891600e+03  6.05256204e-03
 7.31981600e+03  6.06357983e-03
 7.32071700e+03  6.07656258e-03
 7.32161700e+03  6.08953453e-03
 7.32251700e+03  6.07044098e-03
 7.32341700e+03  6.04017580e-03
 7.32431700e+03  6.04822996e-03
 7.32521800e+03  6.04696408e-03
 7.32611800e+03  6.04211646e-03
 7.32701800e+03  6.03378969e-03
 7.32791800e+03  6.02499867e-03
 7.32881800e+03  6.00942207e-03
 7.32971900e+03  5.99941915e-03
 7.33061900e+03  6.00859075e-03
 7.33151900e+03  6.03097451e-03
 7.33241900e+03  6.05444063e-03
 7.33332000e+03  6.02458031e-03
 7.33422000e+03  6.00392667e-03
 7.33512000e+03  6.01818070e-03
 7.33602000e+03  6.03143066e-03
 7.33692100e+03  6.03255619e-03
 7.33782100e+03  6.05526925e-03
 7.33872100e+03  6.05925315e-03
 7.33962200e+03  6.04318801e-03
 7.34052200e+03  6.02301752e-03
 7.34142200e+03  5.97984246e-03
 7.34232200e+03  5.98146733e-03
 7.34322300e+03  6.00355420e-03
 7.34412300e+03  5.99606955e-03
 7.34502300e+03  5.98017176e-03
 7.34592300e+03  5.99330565e-03
 7.34682300e+03  6.02104447e-03
 7.34772400e+03  6.02495818e-03
 7.34862400e+03  6.01369477e-03
 7.34952400e+03  6.00039353e-03
 7.35042400e+03  6.01361650e-03
 7.35132400e+03  6.03235916e-03
 7.35222500e+03  6.03882894e-03
 7.35312500e+03  6.01694991e-03
 7.35402500e+03  6.00341654e-03
 7.35492600e+03  6.01609699e-03
 7.35582600e+03  6.01395929e-03
 7.35672600e+03  6.00538420e-03
 7.35762600e+03  6.00230720e-03
 7.35852700e+03  5.97351034e-03
 7.35942700e+03  5.96270578e-03
 7.36032700e+03  5.98877384e-03
 7.36122700e+03  6.01982716e-03
 7.36212800e+03  6.01470424e-03
 7.36302800e+03  5.98245521e-03
 7.36392800e+03  5.94858400e-03
 7.36482800e+03  5.94544763e-03
 7.36572900e+03  5.96163963e-03
 7.36662900e+03  6.01389181e-03
 7.36752900e+03  6.04706124e-03
 7.36842900e+03  6.04313943e-03
 7.36932900e+03  5.99174286e-03
 7.37023000e+03  5.97274109e-03
 7.37113000e+03  5.97818251e-03
 7.37203000e+03  6.00666898e-03
 7.37293000e+03  6.03624589e-03
 7.37383100e+03  6.01590535e-03
 7.37473100e+03  5.99000463e-03
 7.37563100e+03  6.00024238e-03
 7.37653100e+03  6.00079840e-03
 7.37743200e+03  5.98735140e-03
 7.37833200e+03  5.97528906e-03
 7.37923200e+03  5.98114344e-03
 7.38013200e+03  5.96426047e-03
 7.38103300e+03  5.96528343e-03
 7.38193300e+03  5.97232543e-03
 7.38283300e+03  5.96158564e-03
 7.38373400e+03  5.91615143e-03
 7.38463400e+03  5.91464262e-03
 7.38553400e+03  5.93631922e-03
 7.38643400e+03  5.93293723e-03
 7.38733400e+03  5.90105797e-03
 7.38823500e+03  5.87967828e-03
 7.38913500e+03  5.87705204e-03
 7.39003500e+03  5.85009057e-03
 7.39093500e+03  5.82966906e-03
 7.39183500e+03  5.85527557e-03
 7.39273600e+03  5.87689279e-03
 7.39363600e+03  5.86949451e-03
 7.39453600e+03  5.83783388e-03
 7.39543600e+03  5.80883188e-03
 7.39633700e+03  5.80657272e-03
 7.39723700e+03  5.84013353e-03
 7.39813700e+03  5.86194778e-03
 7.39903800e+03  5.90737390e-03
 7.39993800e+03  5.92944457e-03
 7.40083800e+03  5.91388687e-03
 7.40173800e+03  5.90026983e-03
 7.41000000e+03  5.95184454e-03
 7.43000000e+03  5.91590041e-03
 7.45000000e+03  5.86521911e-03
 7.47000000e+03  5.85063039e-03
 7.49000000e+03  5.84310526e-03
 7.51000000e+03  5.82892950e-03
 7.53000000e+03  5.81303981e-03
 7.55000000e+03  5.81437047e-03
 7.57000000e+03  5.81354724e-03
 7.59000000e+03  5.79317971e-03
 7.61000000e+03  5.75623961e-03
 7.63000000e+03  5.72615257e-03
 7.65000000e+03  5.68240800e-03
 7.67000000e+03  5.61054674e-03
 7.69000000e+03  5.61111356e-03
 7.71000000e+03  5.56572252e-03
 7.73000000e+03  5.55721221e-03
 7.75000000e+03  5.54563571e-03
 7.77000000e+03  5.53968415e-03
 7.79000000e+03  5.54997858e-03
 7.81000000e+03  5.53344110e-03
 7.83000000e+03  5.49279512e-03
 7.85000000e+03  5.42334956e-03
 7.87000000e+03  5.33512627e-03
 7.89000000e+03  5.22932093e-03
 7.91000000e+03  5.14672259e-03
 7.93000000e+03  5.09704266e-03
 7.95000000e+03  5.07794911e-03
 7.97000000e+03  5.10575810e-03
 7.99000000e+03  5.11449514e-03
 8.01000000e+03  5.10589036e-03
 8.03000000e+03  5.09220584e-03
 8.05000000e+03  5.03337322e-03
 8.07000000e+03  4.97549338e-03
 8.09000000e+03  4.91713040e-03
 8.11000000e+03  4.90125960e-03
 8.13000000e+03  4.88274366e-03
 8.15000000e+03  4.85361750e-03
 8.17000000e+03  4.84525834e-03
 8.19000000e+03  4.82574373e-03
 8.21000000e+03  4.85199533e-03
 8.23000000e+03  4.84279135e-03
 8.25000000e+03  4.83360086e-03
 8.27000000e+03  4.80915767e-03
 8.29000000e+03  4.75178256e-03
 8.31000000e+03  4.69181631e-03
 8.33000000e+03  4.65104346e-03
 8.35000000e+03  4.67077400e-03
 8.37000000e+03  4.64163975e-03
 8.39000000e+03  4.58716619e-03
 8.41000000e+03  4.59193553e-03
 8.43000000e+03  4.58552783e-03
 8.45000000e+03  4.58546305e-03
 8.47000000e+03  4.48369289e-03
 8.49000000e+03  4.54413689e-03
 8.51000000e+03  4.30221784e-03
 8.53000000e+03  4.49757174e-03
 8.55000000e+03  4.09542778e-03
 8.57000000e+03  4.57264765e-03
 8.59000000e+03  4.41922721e-03
 8.61000000e+03  4.36810325e-03
 8.63000000e+03  4.60818420e-03
 8.65000000e+03  4.49685647e-03
 8.67000000e+03  4.01603599e-03
 8.69000000e+03  4.47143620e-03
 8.71000000e+03  4.55785649e-03
 8.73000000e+03  4.47956594e-03
 8.75000000e+03  4.09290950e-03
 8.77000000e+03  4.37694016e-03
 8.79000000e+03  4.48846492e-03
 8.81000000e+03  4.47665359e-03
 8.83000000e+03  4.43993752e-03
 8.85000000e+03  4.28384765e-03
 8.87000000e+03  4.02587156e-03
 8.89000000e+03  4.39889477e-03
 8.91000000e+03  4.46618372e-03
 8.93000000e+03  4.46064784e-03
 8.95000000e+03  4.43988084e-03
 8.97000000e+03  4.40215260e-03
 8.99000000e+03  4.32020205e-03
 9.01000000e+03  3.94971601e-03
 9.03000000e+03  4.12860261e-03
 9.05000000e+03  4.33711201e-03
 9.07000000e+03  4.34901781e-03
 9.09000000e+03  4.28492730e-03
 9.11000000e+03  4.25620331e-03
 9.13000000e+03  4.19947060e-03
 9.15000000e+03  4.12359845e-03
 9.17000000e+03  4.04230108e-03
 9.19000000e+03  3.96597819e-03
 9.21000000e+03  3.82988337e-03
 9.23000000e+03  3.50015398e-03
 9.25000000e+03  3.79796093e-03
 9.27000000e+03  3.91088113e-03
 9.29000000e+03  3.93660641e-03
 9.31000000e+03  3.93749442e-03
 9.33000000e+03  3.92541047e-03
 9.35000000e+03  3.88871600e-03
 9.37000000e+03  3.83794023e-03
 9.39000000e+03  3.80690849e-03
 9.41000000e+03  3.74747936e-03
 9.43000000e+03  3.76214366e-03
 9.45000000e+03  3.73754932e-03
 9.47000000e+03  3.73322533e-03
 9.49000000e+03  3.73726861e-03
 9.51000000e+03  3.73889618e-03
 9.53000000e+03  3.65773916e-03
 9.55000000e+03  3.35297120e-03
 9.57000000e+03  3.60893915e-03
 9.59000000e+03  3.67731315e-03
 9.61000000e+03  3.67540487e-03
 9.63000000e+03  3.65768518e-03
 9.65000000e+03  3.64286703e-03
 9.67000000e+03  3.61289605e-03
 9.69000000e+03  3.60391339e-03
 9.71000000e+03  3.58598317e-03
 9.73000000e+03  3.57802348e-03
 9.75000000e+03  3.57280878e-03
 9.77000000e+03  3.58325706e-03
 9.79000000e+03  3.58974843e-03
 9.81000000e+03  3.60077702e-03
 9.83000000e+03  3.59037733e-03
 9.85000000e+03  3.57490060e-03
 9.87000000e+03  3.55842250e-03
 9.89000000e+03  3.54727515e-03
 9.91000000e+03  3.54265966e-03
 9.93000000e+03  3.53530727e-03
 9.95000000e+03  3.52412753e-03
 9.97000000e+03  3.50803540e-03
 9.99000000e+03  3.48663141e-03
 1.00250000e+04  3.37580842e-03
 1.00750000e+04  3.28130428e-03
 1.01250000e+04  3.39783320e-03
 1.01750000e+04  3.35254744e-03
 1.02250000e+04  3.33288708e-03
 1.02750000e+04  3.32409066e-03
 1.03250000e+04  3.27654034e-03
 1.03750000e+04  3.26450228e-03
 1.04250000e+04  3.21830691e-03
 1.04750000e+04  3.16657566e-03
 1.05250000e+04  3.14962791e-03
 1.05750000e+04  3.12721715e-03
 1.06250000e+04  3.11966503e-03
 1.06750000e+04  3.07365050e-03
 1.07250000e+04  3.05684581e-03
 1.07750000e+04  3.01992730e-03
 1.08250000e+04  2.98714384e-03
 1.08750000e+04  2.87929797e-03
 1.09250000e+04  2.64104783e-03
 1.09750000e+04  2.63315480e-03
 1.10250000e+04  2.62183552e-03
 1.10750000e+04  2.63375995e-03
 1.11250000e+04  2.64823476e-03
 1.11750000e+04  2.64638587e-03
 1.12250000e+04  2.63145355e-03
 1.12750000e+04  2.59651566e-03
 1.13250000e+04  2.58643905e-03
 1.13750000e+04  2.56832393e-03
 1.14250000e+04  2.54550615e-03
 1.14750000e+04  2.54988141e-03
 1.15250000e+04  2.50211948e-03
 1.15750000e+04  2.48810297e-03
 1.16250000e+04  2.45274617e-03
 1.16750000e+04  2.43845220e-03
 1.17250000e+04  2.43485886e-03
 1.17750000e+04  2.38550148e-03
 1.18250000e+04  2.37319837e-03
 1.18750000e+04  2.37131088e-03
 1.19250000e+04  2.34420933e-03
 1.19750000e+04  2.27530576e-03
 1.20250000e+04  2.25763681e-03
 1.20750000e+04  2.22930365e-03
 1.21250000e+04  2.23894246e-03
 1.21750000e+04  2.22779350e-03
 1.22250000e+04  2.21440426e-03
 1.22750000e+04  2.18540766e-03
 1.23250000e+04  2.17777942e-03
 1.23750000e+04  2.15284661e-03
 1.24250000e+04  2.11909201e-03
 1.24750000e+04  2.11581933e-03
 1.25250000e+04  2.10943862e-03
 1.25750000e+04  2.10597970e-03
 1.26250000e+04  2.09999063e-03
 1.26750000e+04  2.07901473e-03
 1.27250000e+04  2.07598713e-03
 1.27750000e+04  2.06248993e-03
 1.28250000e+04  1.94801530e-03
 1.28750000e+04  2.01848004e-03
 1.29250000e+04  2.02408556e-03
 1.29750000e+04  2.02608452e-03
 1.30250000e+04  2.02267176e-03
 1.30750000e+04  2.00786900e-03
 1.31250000e+04  1.98279368e-03
 1.31750000e+04  1.96570503e-03
 1.32250000e+04  1.95689647e-03
 1.32750000e+04  1.93400122e-03
 1.33250000e+04  1.92721996e-03
 1.33750000e+04  1.91409551e-03
 1.34250000e+04  1.91835445e-03
 1.34750000e+04  1.91105847e-03
 1.35250000e+04  1.88754107e-03
 1.35750000e+04  1.87394886e-03
 1.36250000e+04  1.86936091e-03
 1.36750000e+04  1.86332244e-03
 1.37250000e+04  1.85348795e-03
 1.37750000e+04  1.84138160e-03
 1.38250000e+04  1.83756505e-03
 1.38750000e+04  1.82354369e-03
 1.39250000e+04  1.80241933e-03
 1.39750000e+04  1.75750307e-03
 1.40250000e+04  1.70837781e-03
 1.40750000e+04  1.61559166e-03
 1.41250000e+04  1.55396599e-03
 1.41750000e+04  1.55267608e-03
 1.42250000e+04  1.56124226e-03
 1.42750000e+04  1.56370008e-03
 1.43250000e+04  1.56772608e-03
 1.43750000e+04  1.56919656e-03
 1.44250000e+04  1.54350934e-03
 1.44750000e+04  1.54052709e-03
 1.45250000e+04  1.51232565e-03
 1.45700000e+04  1.48161376e-03
 1.46200000e+04  1.45402798e-03
 1.46750000e+04  1.45836627e-03
 1.47250000e+04  1.45485607e-03
 1.47750000e+04  1.44638409e-03
 1.48250000e+04  1.45756383e-03
 1.48750000e+04  1.44582672e-03
 1.49250000e+04  1.44874474e-03
 1.49750000e+04  1.44669881e-03
 1.50250000e+04  1.41187454e-03
 1.50750000e+04  1.39077960e-03
 1.51250000e+04  1.38829399e-03
 1.51750000e+04  1.37979447e-03
 1.52250000e+04  1.37369852e-03
 1.52750000e+04  1.38326338e-03
 1.53250000e+04  1.40357692e-03
 1.53750000e+04  1.40451028e-03
 1.54250000e+04  1.38107115e-03
 1.54750000e+04  1.38642458e-03
 1.55250000e+04  1.38067978e-03
 1.55750000e+04  1.33244577e-03
 1.56250000e+04  1.34414131e-03
 1.56750000e+04  1.32600487e-03
 1.57250000e+04  1.30107206e-03
 1.57750000e+04  1.30049148e-03
 1.58250000e+04  1.29974005e-03
 1.58750000e+04  1.25912510e-03
 1.59250000e+04  1.31426966e-03
 1.59750000e+04  1.31741116e-03
 1.60500000e+04  1.28098065e-03
 1.61500000e+04  1.26208387e-03
 1.62500000e+04  1.28400231e-03
 1.63500000e+04  1.25354684e-03
 1.64500000e+04  1.20790938e-03
 1.65500000e+04  1.26052594e-03
 1.66500000e+04  1.21167249e-03
 1.67500000e+04  1.20176430e-03
 1.68500000e+04  1.13399571e-03
 1.69500000e+04  1.16622289e-03
 1.70500000e+04  1.15912097e-03
 1.71500000e+04  1.12402788e-03
 1.72500000e+04  1.10598132e-03
 1.73500000e+04  1.05814867e-03
 1.74500000e+04  1.07745761e-03
 1.75500000e+04  1.06585573e-03
 1.76500000e+04  1.04261769e-03
 1.77500000e+04  1.00466731e-03
 1.78500000e+04  9.86760567e-04
 1.79500000e+04  9.83693832e-04
 1.80500000e+04  9.57038714e-04
 1.81500000e+04  9.33075964e-04
 1.82500000e+04  9.23382359e-04
 1.83500000e+04  9.03383801e-04
 1.84500000e+04  8.96230874e-04
 1.85500000e+04  8.95613316e-04
 1.86500000e+04  8.83181998e-04
 1.87500000e+04  8.46473754e-04
 1.88500000e+04  8.54949247e-04
 1.89500000e+04  8.28576996e-04
 1.90500000e+04  8.23732623e-04
 1.91500000e+04  8.21882649e-04
 1.92500000e+04  8.02048467e-04
 1.93500000e+04  7.81686607e-04
 1.94500000e+04  7.42352663e-04
 1.95500000e+04  7.48866979e-04
 1.96500000e+04  7.20908188e-04
 1.97500000e+04  6.99078279e-04
 1.98500000e+04  6.89814644e-04
 1.99500000e+04  6.85259616e-04
 2.00500000e+04  6.79856796e-04
 2.01500000e+04  6.67339376e-04
 2.02500000e+04  6.50237239e-04
 2.03500000e+04  6.48762712e-04
 2.04500000e+04  6.22610169e-04
 2.05500000e+04  6.07424944e-04
 2.06500000e+04  5.97444423e-04
 2.07500000e+04  5.89650186e-04
 2.08500000e+04  5.91020528e-04
 2.09500000e+04  5.78769781e-04
 2.10500000e+04  5.73847943e-04
 2.11500000e+04  5.60233333e-04
 2.12500000e+04  5.57902917e-04
 2.13500000e+04  5.42746572e-04
 2.14500000e+04  5.32938795e-04
 2.15500000e+04  5.28980811e-04
 2.16500000e+04  5.10374996e-04
 2.17500000e+04  5.15129219e-04
 2.18500000e+04  5.04110348e-04
 2.19500000e+04  4.98427090e-04
 2.20500000e+04  4.95954430e-04
 2.21500000e+04  4.93860996e-04
 2.22500000e+04  4.83831082e-04
 2.23500000e+04  4.72039725e-04
 2.24500000e+04  4.65534316e-04
 2.25500000e+04  4.57446145e-04
 2.26500000e+04  4.51765316e-04
 2.27500000e+04  4.50110488e-04
 2.28500000e+04  4.44753553e-04
 2.29500000e+04  4.18777263e-04
 2.30500000e+04  4.09729557e-04
 2.31500000e+04  4.09742512e-04
 2.32500000e+04  3.85438324e-04
 2.33500000e+04  3.89170662e-04
 2.34500000e+04  3.81033907e-04
 2.35500000e+04  3.62553601e-04
 2.36500000e+04  3.64232181e-04
 2.37500000e+04  3.56486259e-04
 2.38500000e+04  3.41414396e-04
 2.39500000e+04  3.46254451e-04
 2.40500000e+04  3.35362169e-04
 2.41500000e+04  3.24725223e-04
 2.42500000e+04  3.33195858e-04
 2.43500000e+04  3.29494021e-04
 2.44500000e+04  3.17522093e-04
 2.45500000e+04  3.11353804e-04
 2.46500000e+04  3.14056158e-04
 2.47500000e+04  3.01299057e-04
 2.48500000e+04  2.93638967e-04
 2.49500000e+04  2.93346113e-04
 2.50500000e+04  2.96666025e-04
 2.51500000e+04  2.87915222e-04
 2.52500000e+04  2.86878222e-04
 2.53500000e+04  2.83582061e-04
 2.54500000e+04  2.80060255e-04
 2.55500000e+04  2.75617241e-04
 2.56500000e+04  2.69769660e-04
 2.57500000e+04  2.71310531e-04
 2.58500000e+04  2.70230345e-04
 2.59500000e+04  2.70797699e-04
 2.60500000e+04  2.68984352e-04
 2.61500000e+04  2.62849883e-04
 2.62500000e+04  2.57097231e-04
 2.63500000e+04  2.61183557e-04
 2.64500000e+04  2.59872704e-04
 2.65500000e+04  2.55728779e-04
 2.66500000e+04  2.51742320e-04
 2.67500000e+04  2.49537196e-04
 2.68500000e+04  2.48429749e-04
 2.69500000e+04  2.42316818e-04
 2.70500000e+04  2.42034815e-04
 2.71500000e+04  2.41090340e-04
 2.72500000e+04  2.37714799e-04
 2.73500000e+04  2.33189461e-04
 2.74500000e+04  2.33237830e-04
 2.75500000e+04  2.29132906e-04
 2.76500000e+04  2.28410731e-04
 2.77500000e+04  2.25631424e-04
 2.78500000e+04  2.25255923e-04
 2.79500000e+04  2.23955112e-04
 2.80500000e+04  2.21196318e-04
 2.81500000e+04  2.17766120e-04
 2.82500000e+04  2.14674256e-04
 2.83500000e+04  2.14117185e-04
 2.84500000e+04  2.12821124e-04
 2.85500000e+04  2.11314747e-04
 2.86500000e+04  2.07978802e-04
 2.87500000e+04  2.03553008e-04
 2.88500000e+04  2.04457806e-04
 2.89500000e+04  2.01317411e-04
 2.90500000e+04  1.98891014e-04
 2.91500000e+04  1.97942194e-04
 2.92500000e+04  1.95350341e-04
 2.93500000e+04  1.91793392e-04
 2.94500000e+04  1.89215116e-04
 2.95500000e+04  1.86545367e-04
 2.96500000e+04  1.83926172e-04
 2.97500000e+04  1.79875096e-04
 2.98500000e+04  1.78169740e-04
 2.99500000e+04  1.75549412e-04
 3.00500000e+04  1.80187923e-04
 3.01500000e+04  1.77816426e-04
 3.02500000e+04  1.75564770e-04
 3.03500000e+04  1.70898700e-04
 3.04500000e+04  1.69643584e-04
 3.05500000e+04  1.68173781e-04
 3.06500000e+04  1.66080104e-04
 3.07500000e+04  1.64090855e-04
 3.08500000e+04  1.62246874e-04
 3.09500000e+04  1.60352931e-04
 3.10500000e+04  1.58633567e-04
 3.11500000e+04  1.56878926e-04
 3.12500000e+04  1.56153755e-04
 3.13500000e+04  1.54633073e-04
 3.14500000e+04  1.52876947e-04
 3.15500000e+04  1.51292917e-04
 3.16500000e+04  1.50020230e-04
 3.17500000e+04  1.48941042e-04
 3.18500000e+04  1.47681419e-04
 3.19500000e+04  1.46711843e-04
 3.21000000e+04  1.45266682e-04
 3.23000000e+04  1.44342019e-04
 3.25000000e+04  1.45113156e-04
 3.27000000e+04  1.51632169e-04
 3.29000000e+04  1.74371356e-04
 3.31000000e+04  1.72910351e-04
 3.33000000e+04  1.44227442e-04
 3.35000000e+04  1.32646237e-04
 3.37000000e+04  1.26653984e-04
 3.39000000e+04  1.23207834e-04
 3.41000000e+04  1.20324153e-04
 3.43000000e+04  1.17774487e-04
 3.45000000e+04  1.15678813e-04
 3.47000000e+04  1.13747460e-04
 3.49000000e+04  1.11875570e-04
 3.51000000e+04  1.09802406e-04
 3.53000000e+04  1.07462488e-04
 3.55000000e+04  1.05412861e-04
 3.57000000e+04  1.03719328e-04
 3.59000000e+04  1.02254598e-04
 3.61000000e+04  1.00224971e-04
 3.63000000e+04  9.85222341e-05
 3.65000000e+04  9.67466478e-05
 3.67000000e+04  9.57615245e-05
 3.69000000e+04  9.35959429e-05
 3.71000000e+04  9.25351634e-05
 3.73000000e+04  9.07896722e-05
 3.75000000e+04  8.85717008e-05
 3.77000000e+04  8.80821622e-05
 3.79000000e+04  8.68617300e-05
 3.81000000e+04  8.55529827e-05
 3.83000000e+04  8.44259129e-05
 3.85000000e+04  8.34230294e-05
 3.87000000e+04  8.24012522e-05
 3.89000000e+04  8.11588492e-05
 3.91000000e+04  7.94462062e-05
 3.93000000e+04  7.82050448e-05
 3.95000000e+04  7.66819877e-05
 3.97000000e+04  7.54962122e-05
 3.99000000e+04  7.40831441e-05
 4.01000000e+04  7.26813043e-05
 4.03000000e+04  7.17879510e-05
 4.05000000e+04  7.06866578e-05
 4.07000000e+04  6.99191372e-05
 4.09000000e+04  6.81934575e-05
 4.11000000e+04  6.69355886e-05
 4.13000000e+04  6.60396441e-05
 4.15000000e+04  6.47764309e-05
 4.17000000e+04  6.34751872e-05
 4.19000000e+04  6.26904462e-05
 4.21000000e+04  6.16099362e-05
 4.23000000e+04  6.03439429e-05
 4.25000000e+04  5.90593527e-05
 4.27000000e+04  5.80422989e-05
 4.29000000e+04  5.72980447e-05
 4.31000000e+04  5.66609184e-05
 4.33000000e+04  5.52919809e-05
 4.35000000e+04  5.43829727e-05
 4.37000000e+04  5.32493980e-05
 4.39000000e+04  5.22280796e-05
 4.41000000e+04  5.17550596e-05
 4.43000000e+04  5.07662655e-05
 4.45000000e+04  4.97190085e-05
 4.47000000e+04  4.91895500e-05
 4.49000000e+04  4.84206529e-05
 4.51000000e+04  4.82526329e-05
 4.53000000e+04  4.75665177e-05
 4.55000000e+04  4.64400417e-05
 4.57000000e+04  4.53629595e-05
 4.59000000e+04  4.46925532e-05
 4.61000000e+04  4.42805871e-05
 4.63000000e+04  4.32624806e-05
 4.65000000e+04  4.21092564e-05
 4.67000000e+04  4.18412342e-05
 4.69000000e+04  4.11621637e-05
 4.71000000e+04  4.08121154e-05
 4.73000000e+04  4.06872003e-05
 4.75000000e+04  4.00611404e-05
 4.77000000e+04  3.88561201e-05
 4.79000000e+04  3.84243426e-05
 4.81000000e+04  3.80492195e-05
 4.83000000e+04  3.74995715e-05
 4.85000000e+04  3.72510909e-05
 4.87000000e+04  3.73899604e-05
 4.89000000e+04  3.72764086e-05
 4.91000000e+04  3.68798275e-05
 4.93000000e+04  3.66518062e-05
 4.95000000e+04  3.65254336e-05
 4.97000000e+04  3.61813504e-05
 4.99000000e+04  3.59193742e-05
 5.01000000e+04  3.60292552e-05
 5.03000000e+04  3.58117064e-05
 5.05000000e+04  3.51970908e-05
 5.07000000e+04  3.50778708e-05
 5.09000000e+04  3.49321186e-05
 5.11000000e+04  3.48266102e-05
 5.13000000e+04  3.45968884e-05
 5.15000000e+04  3.43677605e-05
 5.17000000e+04  3.41013038e-05
 5.19000000e+04  3.38532010e-05
 5.21000000e+04  3.37024824e-05
 5.23000000e+04  3.34536779e-05
 5.25000000e+04  3.32544832e-05
 5.27000000e+04  3.29647061e-05
 5.29000000e+04  3.26066414e-05
 5.31000000e+04  3.23483090e-05
 5.33000000e+04  3.23274179e-05
 5.35000000e+04  3.19648726e-05
 5.37000000e+04  3.15881031e-05
 5.39000000e+04  3.14184906e-05
 5.41000000e+04  3.10897923e-05
 5.43000000e+04  3.05881616e-05
 5.45000000e+04  3.00910385e-05
 5.47000000e+04  2.99572163e-05
 5.49000000e+04  2.99158389e-05
 5.51000000e+04  2.96933238e-05
 5.53000000e+04  2.94899454e-05
 5.55000000e+04  2.91602754e-05
 5.57000000e+04  2.91055373e-05
 5.59000000e+04  2.90195435e-05
 5.61000000e+04  2.88614563e-05
 5.63000000e+04  2.85870642e-05
 5.65000000e+04  2.83889761e-05
 5.67000000e+04  2.83528889e-05
 5.69000000e+04  2.83831999e-05
 5.71000000e+04  2.83139136e-05
 5.73000000e+04  2.81963402e-05
 5.75000000e+04  2.81083220e-05
 5.77000000e+04  2.80552034e-05
 5.79000000e+04  2.81560154e-05
 5.81000000e+04  2.81460286e-05
 5.83000000e+04  2.81096176e-05
 5.85000000e+04  2.82257605e-05
 5.87000000e+04  2.83972084e-05
 5.89000000e+04  2.85528124e-05
 5.91000000e+04  2.86836115e-05
 5.93000000e+04  2.90273979e-05
 5.95000000e+04  2.92489143e-05
 5.97000000e+04  2.98608039e-05
 5.99000000e+04  3.08039289e-05
 6.01000000e+04  3.18858425e-05
 6.03000000e+04  3.30819287e-05
 6.05000000e+04  3.44280587e-05
 6.07000000e+04  3.65105885e-05
 6.09000000e+04  3.90935343e-05
 6.11000000e+04  4.21062064e-05
 6.13000000e+04  4.56680406e-05
 6.15000000e+04  4.97671608e-05
 6.17000000e+04  5.38944867e-05
 6.19000000e+04  5.78062343e-05
 6.21000000e+04  6.04291270e-05
 6.23000000e+04  6.09251435e-05
 6.25000000e+04  5.92265900e-05
 6.27000000e+04  5.48815264e-05
 6.29000000e+04  5.03018016e-05
 6.31000000e+04  4.61380376e-05
 6.33000000e+04  4.25359596e-05
 6.35000000e+04  3.94498446e-05
 6.37000000e+04  3.67797443e-05
 6.39000000e+04  3.44473034e-05
 6.42000000e+04  3.14147388e-05
 6.46000000e+04  2.82368809e-05
 6.50000000e+04  2.63960299e-05
 6.54000000e+04  2.48633397e-05
 6.58000000e+04  2.39609119e-05
 6.62000000e+04  2.32453790e-05
 6.66000000e+04  2.26951589e-05
 6.70000000e+04  2.23088371e-05
 6.74000000e+04  2.19146961e-05
 6.78000000e+04  2.16672627e-05
 6.82000000e+04  2.14507747e-05
 6.86000000e+04  2.13337114e-05
 6.90000000e+04  2.14193543e-05
 6.94000000e+04  2.16190673e-05
 6.98000000e+04  2.18800934e-05
 7.02000000e+04  2.20313465e-05
 7.06000000e+04  2.20236675e-05
 7.10000000e+04  2.19420219e-05
 7.14000000e+04  2.18720905e-05
 7.18000000e+04  2.21871070e-05
 7.22000000e+04  2.25923307e-05
 7.26000000e+04  2.33350923e-05
 7.30000000e+04  2.48123453e-05
 7.34000000e+04  2.62638731e-05
 7.38000000e+04  2.82713486e-05
 7.42000000e+04  3.05484306e-05
 7.46000000e+04  3.28872145e-05
 7.50000000e+04  3.52873222e-05
 7.54000000e+04  3.76161193e-05
 7.58000000e+04  3.91128600e-05
 7.62000000e+04  4.04036582e-05
 7.66000000e+04  4.11032690e-05
 7.70000000e+04  4.04816086e-05
 7.74000000e+04  3.98837815e-05
 7.78000000e+04  3.84830483e-05
 7.82000000e+04  3.68753470e-05
 7.86000000e+04  3.50957390e-05
 7.90000000e+04  3.29485114e-05
 7.94000000e+04  3.08390984e-05
 7.98000000e+04  2.89380302e-05
 8.02000000e+04  2.70715376e-05
 8.06000000e+04  2.53643010e-05
 8.10000000e+04  2.39668959e-05
 8.14000000e+04  2.25779822e-05
 8.18000000e+04  2.18282083e-05
 8.22000000e+04  2.13208960e-05
 8.26000000e+04  2.08653554e-05
 8.30000000e+04  2.06143484e-05
 8.34000000e+04  2.03942059e-05
 8.38000000e+04  2.04914550e-05
 8.42000000e+04  2.06923610e-05
 8.46000000e+04  2.09674009e-05
 8.50000000e+04  2.13602113e-05
 8.54000000e+04  2.17471592e-05
 8.58000000e+04  2.15288467e-05
 8.62000000e+04  2.09202878e-05
 8.66000000e+04  2.00531429e-05
 8.70000000e+04  1.86071618e-05
 8.74000000e+04  1.71483383e-05
 8.78000000e+04  1.59743390e-05
 8.82000000e+04  1.48860528e-05
 8.86000000e+04  1.38509743e-05
 8.90000000e+04  1.29369943e-05
 8.94000000e+04  1.21257885e-05
 8.98000000e+04  1.16806665e-05
 9.02000000e+04  1.11461984e-05
 9.06000000e+04  1.06024588e-05
 9.10000000e+04  1.03692525e-05
 9.14000000e+04  1.02033271e-05
 9.18000000e+04  1.00770544e-05
 9.22000000e+04  9.99375425e-06
 9.26000000e+04  9.85447987e-06
 9.30000000e+04  9.58101625e-06
 9.34000000e+04  9.29164945e-06
 9.38000000e+04  9.09476515e-06
 9.42000000e+04  8.88506274e-06
 9.46000000e+04  8.72909973e-06
 9.50000000e+04  8.70073743e-06
 9.54000000e+04  8.65816697e-06
 9.58000000e+04  8.61402293e-06
 9.62000000e+04  8.57061035e-06
 9.66000000e+04  8.53735455e-06
 9.70000000e+04  8.36837101e-06
 9.74000000e+04  8.22644610e-06
 9.78000000e+04  8.05017494e-06
 9.82000000e+04  7.87418180e-06
 9.86000000e+04  7.75320473e-06
 9.90000000e+04  7.72760361e-06
 9.94000000e+04  7.71544410e-06
 9.98000000e+04  7.71832675e-06
 1.00000000e+05  7.70482848e-06
 1.00900000e+05  7.43454982e-06
 1.01900000e+05  7.01104505e-06
 1.02800000e+05  7.05297042e-06
 1.03800000e+05  7.47359792e-06
 1.04700000e+05  7.86223281e-06
 1.05700000e+05  7.78996399e-06
 1.06700000e+05  7.65264647e-06
 1.07600000e+05  7.53250613e-06
 1.08600000e+05  7.56956499e-06
 1.09600000e+05  8.68516083e-06
 1.10700000e+05  1.14496951e-05
 1.11700000e+05  1.55390580e-05
 1.12700000e+05  1.83685707e-05
 1.13800000e+05  1.60036622e-05
 1.14800000e+05  1.28308785e-05
 1.15900000e+05  1.07071333e-05
 1.16900000e+05  9.64417017e-06
 1.18000000e+05  9.35904637e-06
 1.19100000e+05  9.39055585e-06
 1.20200000e+05  9.17932035e-06
 1.21300000e+05  8.88532726e-06
 1.22500000e+05  9.07130443e-06
 1.23600000e+05  9.46821751e-06
 1.24700000e+05  9.95845521e-06
 1.25900000e+05  1.15253999e-05
 1.27100000e+05  1.34858757e-05
 1.28200000e+05  1.34875761e-05
 1.29400000e+05  9.59627975e-06
 1.30600000e+05  7.33628041e-06
 1.31800000e+05  6.88279387e-06
 1.33000000e+05  6.68044385e-06
 1.34300000e+05  6.56426851e-06
 1.35500000e+05  6.18720203e-06
 1.36800000e+05  5.81426790e-06
 1.38000000e+05  5.61438758e-06
 1.39300000e+05  5.53354367e-06
 1.40600000e+05  5.38378323e-06
 1.41900000e+05  5.22381743e-06
 1.43200000e+05  5.05689871e-06
 1.44500000e+05  4.39246817e-06
 1.45900000e+05  4.07249069e-06
 1.47200000e+05  4.21174078e-06
 1.48600000e+05  4.16000143e-06
 1.50000000e+05  4.28286248e-06
 1.51400000e+05  4.18940289e-06
 1.52800000e+05  4.08250981e-06
 1.54200000e+05  4.97468634e-06
 1.55600000e+05  5.66795693e-06
 1.57000000e+05  4.52386383e-06
 1.58500000e+05  3.99816244e-06
 1.60000000e+05  4.90864438e-06
 1.61400000e+05  4.92212106e-06
 1.62900000e+05  4.94273151e-06
 1.64400000e+05  4.96286961e-06
 1.66000000e+05  4.99058953e-06
 1.67500000e+05  5.01403945e-06
 1.69000000e+05  5.03701972e-06
 1.70600000e+05  5.06063159e-06
 1.72200000e+05  5.08958770e-06
 1.73800000e+05  5.11711059e-06
 1.75400000e+05  5.14584267e-06
 1.77000000e+05  5.17414290e-06
 1.78600000e+05  5.20042149e-06
 1.80300000e+05  5.23260845e-06
 1.82000000e+05  5.26545939e-06
 1.83700000e+05  5.34798755e-06
 1.85400000e+05  5.57180903e-06
 1.87100000e+05  5.76308727e-06
 1.88800000e+05  5.63536511e-06
 1.90500000e+05  5.47866794e-06
 1.92300000e+05  5.46634108e-06
 1.94100000e+05  5.49966706e-06
 1.95900000e+05  5.53293367e-06
 1.97700000e+05  5.57306412e-06
 1.99500000e+05  5.61386126e-06
 2.01400000e+05  5.65510105e-06
 2.03200000e+05  5.69648119e-06
 2.05100000e+05  5.74085195e-06
 2.07000000e+05  5.78159241e-06
 2.08900000e+05  5.82677021e-06
 2.10900000e+05  5.87470920e-06
 2.12800000e+05  5.91712311e-06
 2.14800000e+05  5.96678144e-06
 2.16800000e+05  6.01401597e-06
 2.18800000e+05  6.06669461e-06
 2.20800000e+05  6.11233666e-06
 2.22800000e+05  6.15916902e-06
 2.24900000e+05  6.21225793e-06
 2.27000000e+05  6.26383533e-06
 2.29100000e+05  6.31765300e-06
 2.31200000e+05  6.36895779e-06
 2.33300000e+05  6.42225453e-06
 2.35500000e+05  6.47771597e-06
 2.37700000e+05  6.53389806e-06
 2.39900000e+05  6.59059029e-06
 2.42100000e+05  6.64707738e-06
 2.44300000e+05  6.70545926e-06
 2.46600000e+05  6.76510432e-06
 2.48900000e+05  6.82531080e-06
 2.51200000e+05  6.88489648e-06
 2.53500000e+05  6.94503008e-06
 2.55900000e+05  7.00915297e-06
 2.58200000e+05  7.07034732e-06
 2.60600000e+05  7.13346075e-06
 2.63000000e+05  7.19781037e-06
 2.65500000e+05  7.26594955e-06
 2.67900000e+05  7.32964868e-06
 2.70400000e+05  7.39814414e-06
 2.72900000e+05  7.46614027e-06
 2.75400000e+05  7.53372613e-06
 2.78000000e+05  7.60469668e-06
 2.80500000e+05  7.67378594e-06
 2.83100000e+05  7.74483747e-06
 2.85800000e+05  7.81919001e-06
 2.88400000e+05  7.89077866e-06
 2.91100000e+05  7.96576010e-06
 2.93800000e+05  8.04038255e-06
 2.96500000e+05  8.11556912e-06
 2.99200000e+05  8.21468605e-06
 3.02000000e+05  8.31800281e-06
 3.04800000e+05  8.36983393e-06
 3.07600000e+05  8.41773244e-06
 3.10500000e+05  8.46148240e-06
 3.13300000e+05  8.49932940e-06
 3.16200000e+05  8.53376202e-06
 3.19200000e+05  8.56468310e-06
 3.22100000e+05  8.59105616e-06
 3.25100000e+05  8.61641435e-06
 3.28100000e+05  8.67524967e-06
 3.31100000e+05  8.86546986e-06
 3.34200000e+05  9.08728860e-06
 3.37300000e+05  8.97165578e-06
 3.40400000e+05  8.74170460e-06
 3.43600000e+05  8.66602410e-06
 3.46700000e+05  8.65947334e-06
 3.49900000e+05  8.64776728e-06
 3.53200000e+05  8.62706776e-06
 3.56500000e+05  8.60945063e-06
 3.59700000e+05  8.59262704e-06
 3.63100000e+05  8.56469119e-06
 3.66400000e+05  8.53243136e-06
 3.69800000e+05  8.49867352e-06
 3.73300000e+05  8.46473214e-06
 3.76700000e+05  8.42717934e-06
 3.80200000e+05  8.39073318e-06
 3.83700000e+05  8.34644609e-06
 3.87300000e+05  8.30648298e-06
 3.90800000e+05  8.25736717e-06
 3.94500000e+05  8.21132295e-06
 3.98100000e+05  8.15958090e-06
 4.01800000e+05  8.10861890e-06
 4.05500000e+05  8.05538963e-06
 4.09300000e+05  8.00293232e-06
 4.13000000e+05  7.94552483e-06
 4.16900000e+05  7.88720503e-06
 4.20700000e+05  7.83151148e-06
 4.24600000e+05  7.77476257e-06
 4.28500000e+05  7.71566543e-06
 4.32500000e+05  7.65572346e-06
 4.36500000e+05  7.59667491e-06
 4.40600000e+05  7.53683551e-06
 4.44600000e+05  7.47666952e-06
 4.48700000e+05  7.41584494e-06
 4.52900000e+05  7.35941453e-06
 4.57100000e+05  7.29944557e-06
 4.61300000e+05  7.23987609e-06
 4.65600000e+05  7.17978567e-06
 4.69900000e+05  7.12531752e-06
 4.74200000e+05  7.06758883e-06
 4.78600000e+05  7.01184399e-06
 4.83100000e+05  6.95500871e-06
 4.87500000e+05  6.90241104e-06
 4.92000000e+05  6.84969191e-06
 4.96600000e+05  6.79917526e-06
 5.01200000e+05  6.74883405e-06
 5.05800000e+05  6.70752948e-06
 5.10500000e+05  6.70607196e-06
 5.15200000e+05  6.76526627e-06
 5.20000000e+05  6.73314679e-06
 5.24800000e+05  6.58877108e-06
 5.29700000e+05  6.48339490e-06
 5.34600000e+05  6.43394710e-06
 5.39500000e+05  6.39393001e-06
 5.44500000e+05  6.35784283e-06
 5.49500000e+05  6.32010920e-06
 5.54600000e+05  6.28572516e-06
 5.59800000e+05  6.25317922e-06
 5.64900000e+05  6.23145944e-06
 5.70200000e+05  6.22426899e-06
 5.75400000e+05  6.19562867e-06
 5.80800000e+05  6.14381645e-06
 5.86100000e+05  6.10544852e-06
 5.91600000e+05  6.07715099e-06
 5.97000000e+05  6.05424899e-06
 6.02600000e+05  6.03063173e-06
 6.08100000e+05  6.00704685e-06
 6.13800000e+05  5.98505716e-06
 6.19400000e+05  5.96349662e-06
 6.25200000e+05  5.94419254e-06
 6.31000000e+05  5.92466984e-06
 6.36800000e+05  5.90657497e-06
 6.42700000e+05  5.88783500e-06
 6.48600000e+05  5.86904916e-06
 6.54600000e+05  5.85255756e-06
 6.60700000e+05  5.83368264e-06
 6.66800000e+05  5.81811144e-06
 6.73000000e+05  5.80016772e-06
 6.79200000e+05  5.78438869e-06
 6.85500000e+05  5.76678506e-06
 6.91800000e+05  5.74934067e-06
 6.98200000e+05  5.73346178e-06
 7.04700000e+05  5.71604978e-06
 7.11200000e+05  5.69785774e-06
 7.17800000e+05  5.67913667e-06
 7.24400000e+05  5.66232388e-06
 7.31100000e+05  5.64280117e-06
 7.37900000e+05  5.62277913e-06
 7.44700000e+05  5.60254386e-06
 7.51600000e+05  5.58184704e-06
 7.58600000e+05  5.55950916e-06
 7.65600000e+05  5.53744389e-06
 7.72700000e+05  5.51383472e-06
 7.79800000e+05  5.49015808e-06
 7.87000000e+05  5.46431135e-06
 7.94300000e+05  5.43821629e-06
 8.01700000e+05  5.41063673e-06
 8.09100000e+05  5.38209358e-06
 8.16600000e+05  5.35290264e-06
 8.24100000e+05  5.32252679e-06
 8.31800000e+05  5.29115497e-06
 8.39500000e+05  5.25857394e-06
 8.47200000e+05  5.22470814e-06
 8.55100000e+05  5.18907711e-06
 8.63000000e+05  5.15867427e-06
 8.71000000e+05  5.15435299e-06
 8.79000000e+05  5.18187317e-06
 8.87200000e+05  5.14585887e-06
 8.95400000e+05  5.03853393e-06
 9.03600000e+05  4.96159293e-06
 9.12000000e+05  4.91274163e-06
 9.20400000e+05  4.86853552e-06
 9.29000000e+05  4.82302303e-06
 9.37600000e+05  4.77627704e-06
 9.46200000e+05  4.72940959e-06
 9.55000000e+05  4.68048542e-06
 9.63800000e+05  4.63156665e-06
 9.72700000e+05  4.58185433e-06
 9.81700000e+05  4.53023374e-06
 9.90800000e+05  4.47800855e-06
 1.00000000e+06  4.42524084e-06
 1.00900000e+06  4.37358246e-06
 1.01900000e+06  4.31456899e-06
 1.02800000e+06  4.26205229e-06
 1.03800000e+06  4.20365422e-06
 1.04700000e+06  4.15045465e-06
 1.05700000e+06  4.09172189e-06
 1.06700000e+06  4.03344798e-06
 1.07600000e+06  3.98007027e-06
 1.08600000e+06  3.92163441e-06
 1.09600000e+06  3.86276130e-06
 1.10700000e+06  3.79848995e-06
 1.11700000e+06  3.73993803e-06
 1.12700000e+06  3.68195293e-06
 1.13800000e+06  3.61905813e-06
 1.14800000e+06  3.56147790e-06
 1.15900000e+06  3.49929297e-06
 1.16900000e+06  3.44302180e-06
 1.18000000e+06  3.38160072e-06
 1.19100000e+06  3.32039017e-06
 1.20200000e+06  3.26063445e-06
 1.21300000e+06  3.20209333e-06
 1.22500000e+06  3.13798123e-06
 1.23600000e+06  3.07827679e-06
 1.24700000e+06  3.01996779e-06
 1.25900000e+06  2.95823631e-06
 1.27100000e+06  2.89697178e-06
 1.28200000e+06  2.84189902e-06
 1.29400000e+06  2.78260755e-06
 1.30600000e+06  2.72366425e-06
 1.31800000e+06  2.66639415e-06
 1.33000000e+06  2.61009005e-06
 1.34300000e+06  2.54966387e-06
 1.35500000e+06  2.49536197e-06
 1.36800000e+06  2.43716499e-06
 1.38000000e+06  2.38476031e-06
 1.39300000e+06  2.32926028e-06
 1.40600000e+06  2.27481992e-06
 1.41900000e+06  2.22140658e-06
 1.43200000e+06  2.16899920e-06
 1.44500000e+06  2.11757105e-06
 1.45900000e+06  2.06370912e-06
 1.47200000e+06  2.01474230e-06
 1.48600000e+06  1.96348744e-06
 1.50000000e+06  1.91277834e-06
 1.51400000e+06  1.86410249e-06
 1.52800000e+06  1.81640722e-06
 1.54200000e+06  1.76982480e-06
 1.55600000e+06  1.72535633e-06
 1.57000000e+06  1.68226387e-06
 1.58500000e+06  1.63583908e-06
 1.60000000e+06  1.58951199e-06
 1.61400000e+06  1.54779392e-06
 1.62900000e+06  1.50509661e-06
 1.64400000e+06  1.46379635e-06
 1.66000000e+06  1.42078055e-06
 1.67500000e+06  1.38200181e-06
 1.69000000e+06  1.34397208e-06
 1.70600000e+06  1.30474070e-06
 1.72200000e+06  1.26673121e-06
 1.73800000e+06  1.22951310e-06
 1.75400000e+06  1.19380974e-06
 1.77000000e+06  1.15919115e-06
 1.78600000e+06  1.12561280e-06
 1.80300000e+06  1.09077396e-06
 1.82000000e+06  1.05737834e-06
 1.83700000e+06  1.02502890e-06
 1.85400000e+06  9.93679481e-07
 1.87100000e+06  9.63297963e-07
 1.88800000e+06  9.34164247e-07
 1.90500000e+06  9.05595996e-07
 1.92300000e+06  8.76667952e-07
 1.94100000e+06  8.48651670e-07
 1.95900000e+06  8.21809234e-07
 1.97700000e+06  7.95507970e-07
 1.99500000e+06  7.70307945e-07
 2.01400000e+06  7.44905217e-07
 2.03200000e+06  7.21715763e-07
 2.05100000e+06  6.98008349e-07
 2.07000000e+06  6.74708772e-07
 2.08900000e+06  6.52322306e-07
 2.10900000e+06  6.29922344e-07
 2.12800000e+06  6.09379103e-07
 2.14800000e+06  5.88670677e-07
 2.16800000e+06  5.68618946e-07
 2.18800000e+06  5.49198268e-07
 2.20800000e+06  5.30853998e-07
 2.22800000e+06  5.12846847e-07
 2.24900000e+06  4.94952788e-07
 2.27000000e+06  4.77630133e-07
 2.29100000e+06  4.61074567e-07
 2.31200000e+06  4.45038850e-07
 2.33300000e+06  4.29713270e-07
 2.35500000e+06  4.14302399e-07
 2.37700000e+06  3.99386275e-07
 2.39900000e+06  3.85143851e-07
 2.42100000e+06  3.71545705e-07
 2.44300000e+06  3.58372401e-07
 2.46600000e+06  3.45328114e-07
 2.48900000e+06  3.32702190e-07
 2.51200000e+06  3.20660355e-07
 2.53500000e+06  3.08998825e-07
 2.55900000e+06  2.97469822e-07
 2.58200000e+06  2.86707907e-07
 2.60600000e+06  2.76233449e-07
 2.63000000e+06  2.65927334e-07
 2.65500000e+06  2.55754177e-07
 2.67900000e+06  2.46414670e-07
 2.70400000e+06  2.37189335e-07
 2.72900000e+06  2.28259257e-07
 2.75400000e+06  2.19763682e-07
 2.78000000e+06  2.11235474e-07
 2.80500000e+06  2.03419537e-07
 2.83100000e+06  1.95706894e-07
 2.85800000e+06  1.87968583e-07
 2.88400000e+06  1.80884403e-07
 2.91100000e+06  1.73902870e-07
 2.93800000e+06  1.67145931e-07
 2.96500000e+06  1.60735369e-07
 2.99200000e+06  1.54527726e-07
 3.02000000e+06  1.48417414e-07
 3.04800000e+06  1.42627190e-07
 3.07600000e+06  1.37143207e-07
 3.10500000e+06  1.31629696e-07
 3.13300000e+06  1.26609233e-07
 3.16200000e+06  1.21553816e-07
 3.19200000e+06  1.16587551e-07
 3.22100000e+06  1.12073901e-07
 3.25100000e+06  1.07581654e-07
 3.28100000e+06  1.03298131e-07
 3.31100000e+06  9.92138825e-08
 3.34200000e+06  9.51817814e-08
 3.37300000e+06  9.13504675e-08
 3.40400000e+06  8.76819103e-08
 3.43600000e+06  8.40911416e-08
 3.46700000e+06  8.07589482e-08
 3.49900000e+06  7.74866481e-08
 3.53200000e+06  7.42772105e-08
 3.56500000e+06  7.12177358e-08
 3.59700000e+06  6.83837452e-08
 3.63100000e+06  6.55226284e-08
 3.66400000e+06  6.28747958e-08
 3.69800000e+06  6.02863978e-08
 3.73300000e+06  5.77422652e-08
 3.76700000e+06  5.53917672e-08
 3.80200000e+06  5.30877210e-08
 3.83700000e+06  5.08892642e-08
 3.87300000e+06  4.87437100e-08
 3.90800000e+06  4.67594281e-08
 3.94500000e+06  4.47627842e-08
 3.98100000e+06  4.29111637e-08
 4.01800000e+06  4.11050504e-08
 4.05500000e+06  3.93851738e-08
 4.09300000e+06  3.77089419e-08
 4.13000000e+06  3.61517950e-08
 4.16900000e+06  3.45973742e-08
 4.20700000e+06  3.31550477e-08
 4.24600000e+06  3.17436531e-08
 4.28500000e+06  3.04090213e-08
 4.32500000e+06  2.91036479e-08
 4.36500000e+06  2.78588697e-08
 4.40600000e+06  2.66539520e-08
 4.44600000e+06  2.55346881e-08
 4.48700000e+06  2.44456812e-08
 4.52900000e+06  2.33870556e-08
 4.57100000e+06  2.23793785e-08
 4.61300000e+06  2.14205069e-08
 4.65600000e+06  2.04941811e-08
 4.69900000e+06  1.96083718e-08
 4.74200000e+06  1.87715055e-08
 4.78600000e+06  1.79539164e-08
 4.83100000e+06  1.71655289e-08
 4.87500000e+06  1.64290617e-08
 4.92000000e+06  1.57191160e-08
 4.96600000e+06  1.50260640e-08
 5.01200000e+06  1.43693071e-08
 5.05800000e+06  1.37472742e-08
 5.10500000e+06  1.31444510e-08
 5.15200000e+06  1.25741548e-08
 5.20000000e+06  1.20176134e-08
 5.24800000e+06  1.14917176e-08
 5.29700000e+06  1.09827130e-08
 5.34600000e+06  1.04983809e-08
 5.39500000e+06  1.00415151e-08
 5.44500000e+06  9.59581281e-09
 5.49500000e+06  9.17593026e-09
 5.54600000e+06  8.77013439e-09
 5.59800000e+06  8.37454118e-09
 5.64900000e+06  8.00911599e-09
 5.70200000e+06  7.64999594e-09
 5.75400000e+06  7.31559438e-09
 5.80800000e+06  6.98367602e-09
 5.86100000e+06  6.67827646e-09
 5.91600000e+06  6.37507399e-09
 5.97000000e+06  6.09351573e-09
 6.02600000e+06  5.82027074e-09
 6.08100000e+06  5.56092350e-09
 6.13800000e+06  5.30947927e-09
 6.19400000e+06  5.07388964e-09
 6.25200000e+06  4.84568480e-09
 6.31000000e+06  4.62784187e-09
 6.36800000e+06  4.41991818e-09
 6.42700000e+06  4.22016472e-09
 6.48600000e+06  4.03234674e-09
 6.54600000e+06  3.85207550e-09
 6.60700000e+06  3.67654930e-09
 6.66800000e+06  3.50934177e-09
 6.73000000e+06  3.35161894e-09
 6.79200000e+06  3.19904063e-09
 6.85500000e+06  3.05538559e-09
 6.91800000e+06  2.91640811e-09
 6.98200000e+06  2.78581949e-09
 7.04700000e+06  2.65872164e-09
 7.11200000e+06  2.53803823e-09
 7.17800000e+06  2.42060079e-09
 7.24400000e+06  2.31135812e-09
 7.31100000e+06  2.20718089e-09
 7.37900000e+06  2.10560965e-09
 7.44700000e+06  2.01004260e-09
 7.51600000e+06  1.91807536e-09
 7.58600000e+06  1.82981697e-09
 7.65600000e+06  1.74640026e-09
 7.72700000e+06  1.66641007e-09
 7.79800000e+06  1.59053658e-09
 7.87000000e+06  1.51783373e-09
 7.94300000e+06  1.44822111e-09
 8.01700000e+06  1.38124768e-09
 8.09100000e+06  1.31803924e-09
 8.16600000e+06  1.25726568e-09
 8.24100000e+06  1.19999125e-09
 8.31800000e+06  1.14418353e-09
 8.39500000e+06  1.09150623e-09
 8.47200000e+06  1.04166247e-09
 8.55100000e+06  9.93280281e-10
 8.63000000e+06  9.47558069e-10
 8.71000000e+06  9.03871261e-10
 8.79000000e+06  8.62348603e-10
 8.87200000e+06  8.22237583e-10
 8.95400000e+06  7.84298272e-10
 9.03600000e+06  7.48292877e-10
 9.12000000e+06  7.13553367e-10
 9.20400000e+06  6.80758570e-10
 9.29000000e+06  6.48882013e-10
 9.37600000e+06  6.18834646e-10
 9.46200000e+06  5.90406479e-10
 9.55000000e+06  5.62786967e-10
 9.63800000e+06  5.36810136e-10
 9.72700000e+06  5.11936165e-10
 9.81700000e+06  4.88126725e-10
 9.90800000e+06  4.65467108e-10
 1.00000000e+07  4.43801845e-10
 1.00900000e+07  4.23618127e-10
 1.01900000e+07  4.02562864e-10
 1.02800000e+07  3.84667457e-10
 1.03800000e+07  3.65875673e-10
 1.04700000e+07  3.49888810e-10
 1.05700000e+07  3.33086004e-10
 1.06700000e+07  3.17232748e-10
 1.07600000e+07  3.03722863e-10
 1.08600000e+07  2.89506081e-10
 1.09600000e+07  2.76072042e-10
 1.10700000e+07  2.62139260e-10
 1.11700000e+07  2.50192299e-10
 1.12700000e+07  2.38885271e-10
 1.13800000e+07  2.27141175e-10
 1.14800000e+07  2.17055146e-10
 1.15900000e+07  2.06569324e-10
 1.16900000e+07  1.97555141e-10
 1.18000000e+07  1.88174040e-10
 1.19100000e+07  1.79316622e-10
 1.20200000e+07  1.70951333e-10
 1.21300000e+07  1.63045839e-10
 1.22500000e+07  1.54912377e-10
 1.23600000e+07  1.47877645e-10
 1.24700000e+07  1.41219655e-10
 1.25900000e+07  1.34358610e-10
 1.27100000e+07  1.27891853e-10
 1.28200000e+07  1.22286275e-10
 1.29400000e+07  1.16501476e-10
 1.30600000e+07  1.11040004e-10
 1.31800000e+07  1.05881022e-10
 1.33000000e+07  1.01005826e-10
 1.34300000e+07  9.60227449e-11
 1.35500000e+07  9.16812172e-11
 1.36800000e+07  8.72399301e-11
 1.38000000e+07  8.33660241e-11
 1.39300000e+07  7.93986748e-11
 1.40600000e+07  7.56543264e-11
 1.41900000e+07  7.21198343e-11
 1.43200000e+07  6.87814059e-11
 1.44500000e+07  6.56258426e-11
 1.45900000e+07  6.24187532e-11
 1.47200000e+07  5.96074082e-11
 1.48600000e+07  5.67476410e-11
 1.50000000e+07  5.40501717e-11
 1.51400000e+07  5.15067949e-11
 1.52800000e+07  4.91041500e-11
 1.54200000e+07  4.68341936e-11
 1.55600000e+07  4.46897191e-11
 1.57000000e+07  4.26629530e-11
 1.58500000e+07  4.06117330e-11
 1.60000000e+07  3.86771148e-11
 1.61400000e+07  3.69720023e-11
 1.62900000e+07  3.52437855e-11
 1.64400000e+07  3.36127638e-11
 1.66000000e+07  3.19711076e-11
 1.67500000e+07  3.05196851e-11
 1.69000000e+07  2.91466179e-11
 1.70600000e+07  2.77627272e-11
 1.72200000e+07  2.64595185e-11
 1.73800000e+07  2.52275854e-11
 1.75400000e+07  2.40653677e-11
 1.77000000e+07  2.29670084e-11
 1.78600000e+07  2.19289447e-11
 1.80300000e+07  2.08875934e-11
 1.82000000e+07  1.99053285e-11
 1.83700000e+07  1.89792349e-11
 1.85400000e+07  1.81042436e-11
 1.87100000e+07  1.72784896e-11
 1.88800000e+07  1.64981753e-11
 1.90500000e+07  1.57598699e-11
 1.92300000e+07  1.50219964e-11
 1.94100000e+07  1.43257757e-11
 1.95900000e+07  1.36689081e-11
 1.97700000e+07  1.30480008e-11
 1.99500000e+07  1.24619472e-11
 2.01400000e+07  1.18775832e-11
 2.03200000e+07  1.13546025e-11
 2.05100000e+07  1.08330362e-11
 2.07000000e+07  1.03410684e-11
 2.08900000e+07  9.87536023e-12
 2.10900000e+07  9.41407594e-12
 2.12800000e+07  8.99928662e-12
 2.14800000e+07  8.58738536e-12
 2.16800000e+07  8.19818636e-12
 2.18800000e+07  7.83101484e-12
 2.20800000e+07  7.48374930e-12
 2.22800000e+07  7.15565828e-12
 2.24900000e+07  6.83012062e-12
 2.27000000e+07  6.52315558e-12
 2.29100000e+07  6.23268483e-12
 2.31200000e+07  5.95841418e-12
 2.33300000e+07  5.69965805e-12
 2.35500000e+07  5.44272382e-12
 2.37700000e+07  5.20104499e-12
 2.39900000e+07  4.97224904e-12
 2.42100000e+07  4.75640615e-12
 2.44300000e+07  4.55172950e-12
 2.46600000e+07  4.34986533e-12
 2.48900000e+07  4.15897036e-12
 2.51200000e+07  3.97890425e-12
 2.53500000e+07  3.80810690e-12
 2.55900000e+07  3.64064566e-12
 2.58200000e+07  3.48881230e-12
 2.60600000e+07  3.33878465e-12
 2.63000000e+07  3.19669779e-12
 2.65500000e+07  3.05698076e-12
 2.67900000e+07  2.92995498e-12
 2.70400000e+07  2.80514786e-12
 2.72900000e+07  2.68740676e-12
 2.75400000e+07  2.57596675e-12
 2.78000000e+07  2.46614405e-12
 2.80500000e+07  2.36643358e-12
 2.83100000e+07  2.26826917e-12
 2.85800000e+07  2.17186728e-12
 2.88400000e+07  2.08402347e-12
 2.91100000e+07  1.99770413e-12
 2.93800000e+07  1.91600352e-12
 2.96500000e+07  1.83887385e-12
 2.99200000e+07  1.76583416e-12
 3.02000000e+07  1.69403741e-12
 3.04800000e+07  1.62612820e-12
 3.07600000e+07  1.56199882e-12
 3.10500000e+07  1.49895234e-12
 3.13300000e+07  1.44109058e-12
 3.16200000e+07  1.38455598e-12
 3.19200000e+07  1.32934422e-12
 3.22100000e+07  1.27864997e-12
 3.25100000e+07  1.22948044e-12
 3.28100000e+07  1.18238222e-12
 3.31100000e+07  1.13781307e-12
 3.34200000e+07  1.09416054e-12
 3.37300000e+07  1.05297177e-12
 3.40400000e+07  1.01369801e-12
 3.43600000e+07  9.75535754e-13
 3.46700000e+07  9.40387329e-13
 3.49900000e+07  9.05882642e-13
 3.53200000e+07  8.72118053e-13
 3.56500000e+07  8.40228000e-13
 3.59700000e+07  8.10995496e-13
 3.63100000e+07  7.81331404e-13
 3.66400000e+07  7.53936728e-13
 3.69800000e+07  7.27353676e-13
 3.73300000e+07  7.01221647e-13
 3.76700000e+07  6.77134198e-13
 3.80200000e+07  6.53845957e-13
 3.83700000e+07  6.31392822e-13
 3.87300000e+07  6.09622294e-13
 3.90800000e+07  5.89464487e-13
 3.94500000e+07  5.69281579e-13
 3.98100000e+07  5.50567260e-13
 4.01800000e+07  5.32328794e-13
 4.05500000e+07  5.14980498e-13
 4.09300000e+07  4.97995772e-13
 4.13000000e+07  4.82260196e-13
 4.16900000e+07  4.66501679e-13
 4.20700000e+07  4.51940219e-13
 4.24600000e+07  4.37615202e-13
 4.28500000e+07  4.24125291e-13
 4.32500000e+07  4.10804884e-13
 4.36500000e+07  3.98171133e-13
 4.40600000e+07  3.85826727e-13
 4.44600000e+07  3.74297994e-13
 4.48700000e+07  3.63154154e-13
 4.52900000e+07  3.52187647e-13
 4.57100000e+07  3.41762312e-13
 4.61300000e+07  3.31853318e-13
 4.65600000e+07  3.22101143e-13
 4.69900000e+07  3.12860450e-13
 4.74200000e+07  3.04015448e-13
 4.78600000e+07  2.95387454e-13
 4.83100000e+07  2.86911421e-13
 4.87500000e+07  2.79051865e-13
 4.92000000e+07  2.71330775e-13
 4.96600000e+07  2.63809419e-13
 5.01200000e+07  2.56635574e-13
 5.05800000e+07  2.49737551e-13
 5.10500000e+07  2.43067793e-13
 5.15200000e+07  2.36627568e-13
 5.20000000e+07  2.30301057e-13
 5.24800000e+07  2.24325295e-13
 5.29700000e+07  2.18433854e-13
 5.34600000e+07  2.12782230e-13
 5.39500000e+07  2.07419437e-13
 5.44500000e+07  2.02164178e-13
 5.49500000e+07  1.97078288e-13
 5.54600000e+07  1.92150890e-13
 5.59800000e+07  1.87332267e-13
 5.64900000e+07  1.82788818e-13
 5.70200000e+07  1.78259405e-13
 5.75400000e+07  1.74004762e-13
 5.80800000e+07  1.69763506e-13
 5.86100000e+07  1.65791676e-13
 5.91600000e+07  1.61765108e-13
 5.97000000e+07  1.58016387e-13
 6.02600000e+07  1.54264778e-13
 6.08100000e+07  1.50686507e-13
 6.13800000e+07  1.47189154e-13
 6.19400000e+07  1.43827595e-13
 6.25200000e+07  1.40551867e-13
 6.31000000e+07  1.37356923e-13
 6.36800000e+07  1.34247488e-13
 6.42700000e+07  1.31264803e-13
 6.48600000e+07  1.28367383e-13
 6.54600000e+07  1.25539223e-13
 6.60700000e+07  1.22759241e-13
 6.66800000e+07  1.20077481e-13
 6.73000000e+07  1.17446356e-13
 6.79200000e+07  1.14928459e-13
 6.85500000e+07  1.12448565e-13
 6.91800000e+07  1.10061845e-13
 6.98200000e+07  1.07746813e-13
 7.04700000e+07  1.05435722e-13
 7.11200000e+07  1.03253946e-13
 7.17800000e+07  1.01082534e-13
 7.24400000e+07  9.89469940e-14
 7.31100000e+07  9.69206598e-14
 7.37900000e+07  9.49149738e-14
 7.44700000e+07  9.29779534e-14
 7.51600000e+07  9.10444148e-14
 7.58600000e+07  8.91843731e-14
 7.65600000e+07  8.74028487e-14
 7.72700000e+07  8.56189761e-14
 7.79800000e+07  8.39031752e-14
 7.87000000e+07  8.22436508e-14
 7.94300000e+07  8.05998083e-14
 8.01700000e+07  7.89791512e-14
 8.09100000e+07  7.74268897e-14
 8.16600000e+07  7.59053442e-14
 8.24100000e+07  7.44134349e-14
 8.31800000e+07  7.29487057e-14
 8.39500000e+07  7.15198748e-14
 8.47200000e+07  7.01468346e-14
 8.55100000e+07  6.87725798e-14
 8.63000000e+07  6.74334135e-14
 8.71000000e+07  6.61248552e-14
 8.79000000e+07  6.48659876e-14
 8.87200000e+07  6.36269854e-14
 8.95400000e+07  6.23945692e-14
 9.03600000e+07  6.12194821e-14
 9.12000000e+07  6.00428836e-14
 9.20400000e+07  5.89266912e-14
 9.29000000e+07  5.78027794e-14
 9.37600000e+07  5.66995968e-14
 9.46200000e+07  5.56488310e-14
 9.55000000e+07  5.45963108e-14
 9.63800000e+07  5.35818481e-14
 9.72700000e+07  5.25796124e-14
 9.81700000e+07  5.15921949e-14
 9.90800000e+07  5.06448862e-14
 1.00000000e+08  4.96975506e-14
