# Wavelength Flux
 9.10000000e+01  1.53031088e-11
 9.40000000e+01  1.63287485e-11
 9.60000000e+01  1.70309852e-11
 9.80000000e+01  1.77480135e-11
 1.00000000e+02  1.84798262e-11
 1.02000000e+02  1.92264160e-11
 1.04000000e+02  1.99877975e-11
 1.06000000e+02  2.07639633e-11
 1.08000000e+02  2.15549135e-11
 1.10000000e+02  2.23606409e-11
 1.14000000e+02  2.40164705e-11
 1.18000000e+02  2.57314305e-11
 1.21000000e+02  2.70564648e-11
 1.25000000e+02  2.88749227e-11
 1.27000000e+02  2.98063318e-11
 1.28000000e+02  3.02775786e-11
 1.31000000e+02  3.17135031e-11
 1.32000000e+02  3.21995416e-11
 1.34000000e+02  3.31826961e-11
 1.37000000e+02  3.46851575e-11
 1.40000000e+02  3.62208802e-11
 1.43000000e+02  3.77898785e-11
 1.47000000e+02  3.99336217e-11
 1.51000000e+02  4.21365096e-11
 1.55000000e+02  4.43985423e-11
 1.59000000e+02  4.67197270e-11
 1.62000000e+02  4.84994281e-11
 1.66000000e+02  5.09241684e-11
 1.70000000e+02  5.34086520e-11
 1.73000000e+02  5.53135876e-11
 1.77000000e+02  5.79212432e-11
 1.80000000e+02  6.00194216e-11
 1.82000000e+02  6.15801840e-11
 1.86000000e+02  6.54310262e-11
 1.91000000e+02  8.09943473e-11
 1.94000000e+02  1.06897385e-10
 1.98000000e+02  2.45534106e-10
 2.02000000e+02  5.82426846e-10
 2.05000000e+02  1.25943280e-09
 2.10000000e+02  4.05062534e-09
 2.16000000e+02  1.47452686e-08
 2.20000000e+02  2.62001820e-08
 2.23000000e+02  5.11118002e-08
 2.27000000e+02  1.05622899e-07
 2.30000000e+02  2.19499163e-07
 2.34000000e+02  1.05050058e-06
 2.40000000e+02  3.59790293e-06
 2.46000000e+02  7.03432213e-06
 2.52000000e+02  1.82483532e-05
 2.57000000e+02  2.34518801e-05
 2.60000000e+02  3.12211182e-05
 2.64000000e+02  6.02762372e-05
 2.69000000e+02  7.63520501e-05
 2.74000000e+02  1.12804072e-04
 2.79000000e+02  1.21066380e-04
 2.84000000e+02  1.89867575e-04
 2.90000000e+02  2.65428408e-04
 2.96000000e+02  3.01225734e-04
 3.01000000e+02  4.04319421e-04
 3.08000000e+02  3.98279025e-04
 3.18000000e+02  8.04269875e-04
 3.28000000e+02  1.19484955e-03
 3.38000000e+02  1.25322913e-03
 3.48000000e+02  1.39599942e-03
 3.57000000e+02  1.92615235e-03
 3.66000000e+02  2.35629721e-03
 3.75000000e+02  2.45893763e-03
 3.85000000e+02  2.23747546e-03
 3.95000000e+02  3.10218968e-03
 4.05000000e+02  3.40916401e-03
 4.14000000e+02  3.60676058e-03
 4.22000000e+02  3.44662692e-03
 4.30000000e+02  3.54138763e-03
 4.41000000e+02  3.69846848e-03
 4.51000000e+02  4.15804220e-03
 4.60000000e+02  4.14511704e-03
 4.70000000e+02  4.32180848e-03
 4.80000000e+02  4.33746912e-03
 4.90000000e+02  4.51289054e-03
 5.00000000e+02  4.75855151e-03
 5.06000000e+02  4.53374302e-03
 5.12000000e+02  4.44277721e-03
 5.20000000e+02  5.04757832e-03
 5.30000000e+02  5.03445123e-03
 5.40000000e+02  4.54211314e-03
 5.50000000e+02  4.33088465e-03
 5.60000000e+02  5.38852861e-03
 5.70000000e+02  5.38230475e-03
 5.80000000e+02  5.08946501e-03
 5.90000000e+02  5.65722942e-03
 6.00000000e+02  5.47569447e-03
 6.10000000e+02  4.78605407e-03
 6.20000000e+02  5.31038773e-03
 6.30000000e+02  4.96504106e-03
 6.40000000e+02  5.20953009e-03
 6.50000000e+02  5.36579167e-03
 6.58000000e+02  4.85846583e-03
 6.65000000e+02  4.82562141e-03
 6.75000000e+02  5.09246371e-03
 6.85000000e+02  4.79405567e-03
 6.95000000e+02  4.97871770e-03
 7.05000000e+02  4.86957503e-03
 7.16000000e+02  5.30446892e-03
 7.26000000e+02  5.09484220e-03
 7.35000000e+02  5.13243997e-03
 7.45000000e+02  4.86952166e-03
 7.55000000e+02  5.06253002e-03
 7.65000000e+02  4.06122755e-03
 7.75000000e+02  4.95955064e-03
 7.85000000e+02  3.88636288e-03
 7.95000000e+02  4.57095279e-03
 8.05000000e+02  4.95085093e-03
 8.15000000e+02  4.82237173e-03
 8.25000000e+02  4.77009703e-03
 8.35000000e+02  4.13750705e-03
 8.45000000e+02  4.36474523e-03
 8.55000000e+02  4.50150152e-03
 8.65000000e+02  4.41329499e-03
 8.75000000e+02  4.55474550e-03
 8.85000000e+02  4.58385920e-03
 8.95000000e+02  4.52504403e-03
 9.05000000e+02  4.49016370e-03
 9.15000000e+02  1.08360174e-02
 9.25000000e+02  1.88903850e-02
 9.35000000e+02  2.99310831e-02
 9.45000000e+02  3.49485431e-02
 9.55000000e+02  3.63334579e-02
 9.65000000e+02  3.53463008e-02
 9.75000000e+02  1.38154173e-02
 9.85000000e+02  2.23203625e-02
 9.95000000e+02  2.76909890e-02
 1.00500000e+03  3.56027847e-02
 1.01500000e+03  3.70299250e-02
 1.02500000e+03  2.82847444e-02
 1.03500000e+03  3.12518048e-02
 1.04500000e+03  4.34037695e-02
 1.05500000e+03  4.05379858e-02
 1.06500000e+03  3.43391668e-02
 1.07500000e+03  3.71117007e-02
 1.08500000e+03  3.09316687e-02
 1.09500000e+03  3.90586601e-02
 1.10500000e+03  3.65151255e-02
 1.11500000e+03  3.45644159e-02
 1.12500000e+03  2.89035467e-02
 1.13500000e+03  3.70094721e-02
 1.14500000e+03  3.49833477e-02
 1.15500000e+03  3.41266827e-02
 1.16500000e+03  3.32382781e-02
 1.17500000e+03  2.09707284e-02
 1.18500000e+03  3.23754109e-02
 1.19500000e+03  3.18605537e-02
 1.20500000e+03  3.15819726e-02
 1.21500000e+03  3.58431211e-02
 1.22500000e+03  3.79241640e-02
 1.23500000e+03  3.33612626e-02
 1.24500000e+03  3.29076776e-02
 1.25500000e+03  3.12831260e-02
 1.26500000e+03  3.18807181e-02
 1.27500000e+03  3.32619115e-02
 1.28500000e+03  3.25339139e-02
 1.29500000e+03  2.80008121e-02
 1.30500000e+03  2.91808224e-02
 1.31500000e+03  3.19031976e-02
 1.32500000e+03  3.02066569e-02
 1.33500000e+03  2.91747644e-02
 1.34500000e+03  2.98544784e-02
 1.35500000e+03  2.95914533e-02
 1.36500000e+03  2.76132376e-02
 1.37500000e+03  2.72003205e-02
 1.38500000e+03  2.56954215e-02
 1.39500000e+03  1.88177251e-02
 1.40500000e+03  2.12291450e-02
 1.41500000e+03  2.44483405e-02
 1.42500000e+03  2.36355670e-02
 1.43500000e+03  2.45835491e-02
 1.44200000e+03  2.49985576e-02
 1.44700000e+03  2.45766185e-02
 1.45500000e+03  2.39718577e-02
 1.46500000e+03  2.23474720e-02
 1.47500000e+03  2.29259454e-02
 1.48500000e+03  2.28511941e-02
 1.49500000e+03  2.25454890e-02
 1.50500000e+03  2.09464243e-02
 1.51200000e+03  1.88205810e-02
 1.51700000e+03  1.93735459e-02
 1.52500000e+03  1.96439343e-02
 1.53500000e+03  1.66200442e-02
 1.54500000e+03  1.49073560e-02
 1.55500000e+03  1.66426390e-02
 1.56500000e+03  1.70187827e-02
 1.57500000e+03  1.83404923e-02
 1.58500000e+03  1.83694409e-02
 1.59500000e+03  1.86906659e-02
 1.60500000e+03  1.84828696e-02
 1.61500000e+03  1.82912207e-02
 1.62500000e+03  1.77968741e-02
 1.63500000e+03  1.87171985e-02
 1.64500000e+03  1.88672636e-02
 1.65500000e+03  1.82861723e-02
 1.66500000e+03  1.88588329e-02
 1.67200000e+03  1.76044246e-02
 1.67700000e+03  1.98238711e-02
 1.68500000e+03  1.95714547e-02
 1.69500000e+03  1.84325233e-02
 1.70500000e+03  1.80440618e-02
 1.71500000e+03  1.71622273e-02
 1.72500000e+03  1.73082826e-02
 1.73500000e+03  1.83423386e-02
 1.74500000e+03  1.78189641e-02
 1.75500000e+03  1.85012671e-02
 1.76500000e+03  1.77896982e-02
 1.77500000e+03  1.72653934e-02
 1.78500000e+03  1.76813828e-02
 1.79500000e+03  1.87985198e-02
 1.80500000e+03  1.85290401e-02
 1.81500000e+03  1.70100058e-02
 1.82500000e+03  1.74561048e-02
 1.83500000e+03  1.71337403e-02
 1.84500000e+03  1.53863917e-02
 1.85500000e+03  1.62554901e-02
 1.86500000e+03  1.70699078e-02
 1.87500000e+03  1.73985467e-02
 1.88500000e+03  1.61460568e-02
 1.89500000e+03  1.60389745e-02
 1.90500000e+03  1.68150610e-02
 1.91500000e+03  1.63819579e-02
 1.92500000e+03  1.52939064e-02
 1.93500000e+03  1.46193706e-02
 1.94500000e+03  1.73112106e-02
 1.95500000e+03  1.61486819e-02
 1.96700000e+03  1.82505816e-02
 1.97600000e+03  1.80302943e-02
 1.98400000e+03  1.80648970e-02
 1.99500000e+03  1.79810370e-02
 2.00500000e+03  1.77698655e-02
 2.01500000e+03  1.78698729e-02
 2.02500000e+03  1.71307329e-02
 2.03500000e+03  1.78672405e-02
 2.04500000e+03  1.89594389e-02
 2.05500000e+03  1.81039638e-02
 2.06500000e+03  1.79274166e-02
 2.07400000e+03  1.97583727e-02
 2.07800000e+03  2.57428685e-02
 2.08500000e+03  2.96112428e-02
 2.09500000e+03  2.75007392e-02
 2.10500000e+03  2.66628972e-02
 2.11500000e+03  2.88245259e-02
 2.12500000e+03  2.67124935e-02
 2.13500000e+03  2.52549621e-02
 2.14500000e+03  2.95764742e-02
 2.15500000e+03  2.98645606e-02
 2.16500000e+03  2.69289801e-02
 2.17500000e+03  2.71875194e-02
 2.18500000e+03  3.18174770e-02
 2.19500000e+03  3.19416298e-02
 2.20500000e+03  3.11476145e-02
 2.21500000e+03  2.56456954e-02
 2.22500000e+03  2.84328335e-02
 2.23500000e+03  3.55131336e-02
 2.24500000e+03  3.41170909e-02
 2.25500000e+03  2.75093646e-02
 2.26500000e+03  2.63402082e-02
 2.27500000e+03  2.85153808e-02
 2.28500000e+03  3.59982490e-02
 2.29500000e+03  3.04822667e-02
 2.30500000e+03  3.62420904e-02
 2.31500000e+03  3.15956752e-02
 2.32500000e+03  2.55780767e-02
 2.33500000e+03  2.38857549e-02
 2.34500000e+03  1.83273955e-02
 2.35500000e+03  2.95993792e-02
 2.36500000e+03  1.96778951e-02
 2.37500000e+03  2.39460536e-02
 2.38500000e+03  1.66173397e-02
 2.39500000e+03  1.94330440e-02
 2.40500000e+03  1.94221829e-02
 2.41500000e+03  2.20510920e-02
 2.42500000e+03  3.41531359e-02
 2.43500000e+03  3.43576509e-02
 2.44500000e+03  4.01633639e-02
 2.45500000e+03  4.24531046e-02
 2.46500000e+03  3.71775165e-02
 2.47500000e+03  3.33008197e-02
 2.48500000e+03  2.29595672e-02
 2.49500000e+03  2.56321010e-02
 2.50500000e+03  3.89502437e-02
 2.51300000e+03  1.96240583e-02
 2.51800000e+03  1.65881099e-02
 2.52500000e+03  1.79215317e-02
 2.53500000e+03  2.63417299e-02
 2.54500000e+03  2.77962106e-02
 2.55500000e+03  4.71368558e-02
 2.56500000e+03  3.58274136e-02
 2.57500000e+03  4.50487452e-02
 2.58500000e+03  4.02158809e-02
 2.59500000e+03  3.63292533e-02
 2.60500000e+03  3.17886583e-02
 2.61500000e+03  2.88295526e-02
 2.62500000e+03  3.88608522e-02
 2.63500000e+03  6.51403363e-02
 2.64500000e+03  8.74710623e-02
 2.65500000e+03  1.20266581e-01
 2.66500000e+03  7.67813743e-02
 2.67500000e+03  8.74850533e-02
 2.68500000e+03  1.00867447e-01
 2.69500000e+03  7.38489454e-02
 2.70500000e+03  9.12115840e-02
 2.71500000e+03  6.65600484e-02
 2.72500000e+03  5.41886906e-02
 2.73500000e+03  6.80483168e-02
 2.74500000e+03  3.86362161e-02
 2.75500000e+03  5.21346129e-02
 2.76500000e+03  6.79653151e-02
 2.77500000e+03  7.30140964e-02
 2.78500000e+03  4.40103404e-02
 2.79500000e+03  2.06886855e-02
 2.80500000e+03  2.47069807e-02
 2.81500000e+03  6.45459751e-02
 2.82500000e+03  9.46629809e-02
 2.83500000e+03  8.94735893e-02
 2.84500000e+03  6.66663229e-02
 2.85500000e+03  4.02977936e-02
 2.86500000e+03  9.08907268e-02
 2.87500000e+03  1.20466638e-01
 2.88500000e+03  1.09656872e-01
 2.89500000e+03  1.33349103e-01
 2.91000000e+03  1.80445666e-01
 2.93000000e+03  1.57271899e-01
 2.95000000e+03  1.45663487e-01
 2.97000000e+03  1.53279610e-01
 2.99000000e+03  1.55767353e-01
 3.01000000e+03  1.57377986e-01
 3.03000000e+03  1.67566375e-01
 3.05000000e+03  1.75400945e-01
 3.07000000e+03  1.91185549e-01
 3.09000000e+03  1.87347667e-01
 3.11000000e+03  2.16002836e-01
 3.13000000e+03  2.00540748e-01
 3.15000000e+03  2.00847758e-01
 3.17000000e+03  2.21102872e-01
 3.19000000e+03  1.91594103e-01
 3.21000000e+03  2.12863930e-01
 3.23000000e+03  1.79766594e-01
 3.25000000e+03  2.51403795e-01
 3.27000000e+03  2.93554080e-01
 3.29000000e+03  2.88137081e-01
 3.31000000e+03  2.70805670e-01
 3.33000000e+03  2.78872896e-01
 3.35000000e+03  2.69599192e-01
 3.37000000e+03  2.04569962e-01
 3.39000000e+03  2.32272367e-01
 3.41000000e+03  2.38201267e-01
 3.43000000e+03  2.51498343e-01
 3.45000000e+03  2.63840709e-01
 3.47000000e+03  2.72967868e-01
 3.49000000e+03  3.05721702e-01
 3.51000000e+03  3.25904047e-01
 3.53000000e+03  2.93592014e-01
 3.55000000e+03  3.38829783e-01
 3.57000000e+03  2.37384015e-01
 3.59000000e+03  2.41703363e-01
 3.60182700e+03  3.76684374e-01
 3.60272700e+03  3.39253410e-01
 3.60362800e+03  2.97926580e-01
 3.60452800e+03  2.78008983e-01
 3.60542800e+03  2.68001468e-01
 3.60632900e+03  2.62966483e-01
 3.60722900e+03  2.73137708e-01
 3.60812900e+03  2.77708319e-01
 3.60902900e+03  2.51329657e-01
 3.60992900e+03  2.20192586e-01
 3.61083000e+03  2.22905846e-01
 3.61173000e+03  2.57028209e-01
 3.61263000e+03  2.88460102e-01
 3.61353000e+03  2.90599871e-01
 3.61443000e+03  2.83045699e-01
 3.61533100e+03  3.01751842e-01
 3.61623100e+03  3.32046202e-01
 3.61713100e+03  3.36571306e-01
 3.61803200e+03  2.97939129e-01
 3.61893200e+03  2.34992334e-01
 3.61983200e+03  1.97901483e-01
 3.62073200e+03  2.13887731e-01
 3.62163300e+03  2.56728843e-01
 3.62253300e+03  2.98294892e-01
 3.62343300e+03  3.25826880e-01
 3.62433300e+03  3.26632809e-01
 3.62523300e+03  3.23983087e-01
 3.62613400e+03  3.51393771e-01
 3.62703400e+03  3.91942726e-01
 3.62793400e+03  4.09302552e-01
 3.62883400e+03  4.03171359e-01
 3.62973500e+03  3.83926199e-01
 3.63063500e+03  3.36238117e-01
 3.63153500e+03  2.62299095e-01
 3.63243500e+03  2.18048418e-01
 3.63333600e+03  2.32793860e-01
 3.63423600e+03  2.64642023e-01
 3.63513600e+03  2.77239618e-01
 3.63603600e+03  2.84620849e-01
 3.63693600e+03  3.01260207e-01
 3.63783700e+03  3.18876271e-01
 3.63873700e+03  3.37670688e-01
 3.63963700e+03  3.61669136e-01
 3.64053700e+03  3.79589903e-01
 3.64143800e+03  3.80088750e-01
 3.64233800e+03  3.65742775e-01
 3.64323800e+03  3.45293589e-01
 3.64413800e+03  3.25907725e-01
 3.64503900e+03  3.05198334e-01
 3.64593900e+03  2.90480298e-01
 3.64683900e+03  2.87710569e-01
 3.64773900e+03  2.77867197e-01
 3.64864000e+03  2.57881592e-01
 3.64954000e+03  2.55827861e-01
 3.65044000e+03  2.74945370e-01
 3.65134000e+03  3.00115607e-01
 3.65224000e+03  3.28165986e-01
 3.65314100e+03  3.58874021e-01
 3.65404100e+03  3.77788948e-01
 3.65494100e+03  3.79689427e-01
 3.65584100e+03  3.77595886e-01
 3.65674200e+03  3.84957068e-01
 3.65764200e+03  3.99834631e-01
 3.65854200e+03  4.13554614e-01
 3.65944200e+03  4.24395679e-01
 3.66034300e+03  4.25790604e-01
 3.66124300e+03  4.19012432e-01
 3.66214300e+03  4.13399125e-01
 3.66304300e+03  4.00541036e-01
 3.66394300e+03  3.78619975e-01
 3.66484400e+03  3.67381967e-01
 3.66574400e+03  3.79253756e-01
 3.66664400e+03  3.91719662e-01
 3.66754400e+03  3.88245115e-01
 3.66844500e+03  3.80265441e-01
 3.66934500e+03  3.62327726e-01
 3.67024500e+03  3.37512314e-01
 3.67114500e+03  3.39576792e-01
 3.67204600e+03  3.76109442e-01
 3.67294600e+03  4.09307095e-01
 3.67384600e+03  4.08252716e-01
 3.67474600e+03  3.95317460e-01
 3.67564600e+03  3.99204095e-01
 3.67654700e+03  4.01830668e-01
 3.67744700e+03  3.75770483e-01
 3.67834700e+03  3.42140981e-01
 3.67924700e+03  3.26744738e-01
 3.68014800e+03  3.15274939e-01
 3.68104800e+03  3.06892264e-01
 3.68194800e+03  3.22056645e-01
 3.68284800e+03  3.47339676e-01
 3.68374900e+03  3.63869052e-01
 3.68464900e+03  3.69895384e-01
 3.68554900e+03  3.57438493e-01
 3.68644900e+03  3.28839144e-01
 3.68734900e+03  2.98275996e-01
 3.68825000e+03  2.80545190e-01
 3.68915000e+03  2.90927147e-01
 3.69005000e+03  3.27807411e-01
 3.69095000e+03  3.73806467e-01
 3.69185100e+03  4.16446079e-01
 3.69275100e+03  4.34747850e-01
 3.69365100e+03  4.12975715e-01
 3.69455100e+03  3.77815344e-01
 3.69545100e+03  3.67359970e-01
 3.69635200e+03  3.74144994e-01
 3.69725200e+03  3.76020087e-01
 3.69815200e+03  3.83273018e-01
 3.69905200e+03  4.10182115e-01
 3.69995300e+03  4.43921742e-01
 3.70085300e+03  4.58191055e-01
 3.70175300e+03  4.46342848e-01
 3.70265300e+03  4.25526216e-01
 3.70355400e+03  3.97047811e-01
 3.70445400e+03  3.50810833e-01
 3.70535400e+03  2.99734458e-01
 3.70625400e+03  2.70455460e-01
 3.70715500e+03  2.73562633e-01
 3.70805500e+03  2.88231412e-01
 3.70895500e+03  2.89339448e-01
 3.70985500e+03  2.87595684e-01
 3.71075500e+03  3.08927101e-01
 3.71165600e+03  3.49552358e-01
 3.71255600e+03  3.86565465e-01
 3.71345600e+03  4.21194751e-01
 3.71435600e+03  4.56806659e-01
 3.71525700e+03  4.71497218e-01
 3.71615700e+03  4.52699413e-01
 3.71705700e+03  4.27824647e-01
 3.71795700e+03  4.11856356e-01
 3.71885800e+03  3.77295943e-01
 3.71975800e+03  3.09762671e-01
 3.72065800e+03  2.42123817e-01
 3.72155800e+03  2.08168842e-01
 3.72245800e+03  2.08767790e-01
 3.72335900e+03  2.39612995e-01
 3.72425900e+03  2.95313854e-01
 3.72515900e+03  3.54527989e-01
 3.72605900e+03  4.02122605e-01
 3.72696000e+03  4.10304068e-01
 3.72786000e+03  3.63292245e-01
 3.72876000e+03  3.36872114e-01
 3.72966000e+03  3.72564940e-01
 3.73056100e+03  3.94491266e-01
 3.73146100e+03  3.69627174e-01
 3.73236100e+03  3.33970192e-01
 3.73326100e+03  2.93272311e-01
 3.73416200e+03  2.39575277e-01
 3.73506200e+03  1.93354455e-01
 3.73596200e+03  1.78281737e-01
 3.73686200e+03  1.88218431e-01
 3.73776200e+03  2.08122181e-01
 3.73866300e+03  2.45961194e-01
 3.73956300e+03  2.99850209e-01
 3.74046300e+03  3.50818117e-01
 3.74136300e+03  3.86704943e-01
 3.74226400e+03  3.90310674e-01
 3.74316400e+03  3.58372939e-01
 3.74406400e+03  3.14970020e-01
 3.74496400e+03  2.85766170e-01
 3.74586500e+03  2.63702025e-01
 3.74676500e+03  2.45734957e-01
 3.74766500e+03  2.43706467e-01
 3.74856500e+03  2.31216402e-01
 3.74946500e+03  1.94642427e-01
 3.75036600e+03  1.78853063e-01
 3.75126600e+03  2.18103228e-01
 3.75216600e+03  2.86485268e-01
 3.75306600e+03  3.38394906e-01
 3.75396700e+03  3.68184146e-01
 3.75486700e+03  4.03024236e-01
 3.75576700e+03  4.42469339e-01
 3.75666800e+03  4.50748018e-01
 3.75756800e+03  3.99857060e-01
 3.75846800e+03  3.13899703e-01
 3.75936800e+03  2.61767578e-01
 3.76026800e+03  2.76538261e-01
 3.76116900e+03  3.20399424e-01
 3.76206900e+03  3.47844941e-01
 3.76296900e+03  3.52641213e-01
 3.76386900e+03  3.37924114e-01
 3.76476900e+03  3.26993116e-01
 3.76567000e+03  3.42808370e-01
 3.76657000e+03  3.50280110e-01
 3.76747000e+03  3.23396760e-01
 3.76837000e+03  3.06113308e-01
 3.76927100e+03  3.28843327e-01
 3.77017100e+03  3.51938125e-01
 3.77107100e+03  3.46866792e-01
 3.77197100e+03  3.50287755e-01
 3.77287200e+03  3.84566399e-01
 3.77377200e+03  4.19792543e-01
 3.77467200e+03  4.28065164e-01
 3.77557200e+03  4.17790953e-01
 3.77647200e+03  4.11035571e-01
 3.77737300e+03  4.16060098e-01
 3.77827300e+03  4.21840216e-01
 3.77917300e+03  4.24338561e-01
 3.78007300e+03  4.40373129e-01
 3.78097400e+03  4.66289869e-01
 3.78187400e+03  4.76673268e-01
 3.78277400e+03  4.70944643e-01
 3.78367500e+03  4.71435052e-01
 3.78457500e+03  4.86372330e-01
 3.78547500e+03  4.87896131e-01
 3.78637500e+03  4.42761493e-01
 3.78727500e+03  3.80222170e-01
 3.78817600e+03  3.51022214e-01
 3.78907600e+03  3.43643940e-01
 3.78997600e+03  3.33524425e-01
 3.79087600e+03  3.33548656e-01
 3.79177600e+03  3.57997487e-01
 3.79267700e+03  3.80467014e-01
 3.79357700e+03  3.70764706e-01
 3.79447700e+03  3.40476620e-01
 3.79537800e+03  3.15105171e-01
 3.79627800e+03  3.07686655e-01
 3.79717800e+03  3.07732378e-01
 3.79807800e+03  2.88333317e-01
 3.79897800e+03  2.59060953e-01
 3.79987900e+03  2.58856568e-01
 3.80077900e+03  2.99830665e-01
 3.80167900e+03  3.50808598e-01
 3.80257900e+03  3.84743019e-01
 3.80347900e+03  4.14013002e-01
 3.80438000e+03  4.41503666e-01
 3.80528000e+03  4.50894708e-01
 3.80618000e+03  4.38533230e-01
 3.80708100e+03  4.08390464e-01
 3.80798100e+03  3.81206305e-01
 3.80888100e+03  3.88560635e-01
 3.80978100e+03  4.24008256e-01
 3.81068200e+03  4.54946351e-01
 3.81158200e+03  4.66067310e-01
 3.81248200e+03  4.54944259e-01
 3.81338200e+03  4.18338769e-01
 3.81428200e+03  3.69868628e-01
 3.81518300e+03  3.32922664e-01
 3.81608300e+03  3.07010107e-01
 3.81698300e+03  3.02836222e-01
 3.81788300e+03  3.35448270e-01
 3.81878400e+03  3.68476876e-01
 3.81968400e+03  3.54494453e-01
 3.82058400e+03  2.99856988e-01
 3.82148400e+03  2.63240680e-01
 3.82238500e+03  2.85693763e-01
 3.82328500e+03  3.31147167e-01
 3.82418500e+03  3.36390071e-01
 3.82508500e+03  2.95293301e-01
 3.82598500e+03  2.53025679e-01
 3.82688600e+03  2.38215474e-01
 3.82778600e+03  2.44005256e-01
 3.82868600e+03  2.52215206e-01
 3.82958600e+03  2.58772478e-01
 3.83048600e+03  2.70504140e-01
 3.83138700e+03  2.80278495e-01
 3.83228700e+03  2.65627457e-01
 3.83318700e+03  2.30978625e-01
 3.83408800e+03  2.07188818e-01
 3.83498800e+03  2.03784947e-01
 3.83588800e+03  2.18677656e-01
 3.83678800e+03  2.43953114e-01
 3.83768900e+03  2.55801826e-01
 3.83858900e+03  2.42351929e-01
 3.83948900e+03  2.25833803e-01
 3.84038900e+03  2.25726851e-01
 3.84128900e+03  2.37475462e-01
 3.84219000e+03  2.70146647e-01
 3.84309000e+03  3.22394378e-01
 3.84399000e+03  3.61347052e-01
 3.84489000e+03  3.76379672e-01
 3.84579100e+03  3.78277482e-01
 3.84669100e+03  3.75093142e-01
 3.84759100e+03  3.82013316e-01
 3.84849100e+03  3.99170848e-01
 3.84939200e+03  3.96679860e-01
 3.85029200e+03  3.64471967e-01
 3.85119200e+03  3.44630527e-01
 3.85209200e+03  3.67748619e-01
 3.85299200e+03  3.99228327e-01
 3.85389300e+03  4.00586399e-01
 3.85479300e+03  3.82792417e-01
 3.85569300e+03  3.64291813e-01
 3.85659300e+03  3.46849339e-01
 3.85749400e+03  3.40984554e-01
 3.85839400e+03  3.41793800e-01
 3.85929400e+03  3.18082242e-01
 3.86019400e+03  2.79777701e-01
 3.86109500e+03  2.71970174e-01
 3.86199500e+03  3.10526843e-01
 3.86289500e+03  3.69855863e-01
 3.86379500e+03  4.11540620e-01
 3.86469600e+03  4.18312013e-01
 3.86559600e+03  4.02616187e-01
 3.86649600e+03  3.85848963e-01
 3.86739600e+03  3.82726789e-01
 3.86829600e+03  3.87270499e-01
 3.86919700e+03  3.87677539e-01
 3.87009700e+03  3.77706805e-01
 3.87099700e+03  3.54393487e-01
 3.87189700e+03  3.23738603e-01
 3.87279800e+03  2.99934877e-01
 3.87369800e+03  3.02167175e-01
 3.87459800e+03  3.41039869e-01
 3.87549800e+03  3.93696298e-01
 3.87639800e+03  4.20890914e-01
 3.87729900e+03  4.07080567e-01
 3.87819900e+03  3.60455301e-01
 3.87909900e+03  3.14896242e-01
 3.87999900e+03  3.18094069e-01
 3.88090000e+03  3.53228982e-01
 3.88180000e+03  3.59002104e-01
 3.88270000e+03  3.30323064e-01
 3.88360000e+03  3.21769107e-01
 3.88450100e+03  3.56754301e-01
 3.88540100e+03  3.78908811e-01
 3.88630100e+03  3.41974242e-01
 3.88720100e+03  2.89170329e-01
 3.88810200e+03  2.73594510e-01
 3.88900200e+03  2.80084999e-01
 3.88990200e+03  2.87109386e-01
 3.89080200e+03  3.14487328e-01
 3.89170300e+03  3.64947014e-01
 3.89260300e+03  4.11554250e-01
 3.89350300e+03  4.33526300e-01
 3.89440300e+03  4.31781598e-01
 3.89530300e+03  4.16604308e-01
 3.89620400e+03  4.00387639e-01
 3.89710400e+03  4.09888735e-01
 3.89800400e+03  4.37836561e-01
 3.89890400e+03  4.40945970e-01
 3.89980500e+03  4.20316703e-01
 3.90070500e+03  4.10248536e-01
 3.90160500e+03  4.31626903e-01
 3.90250500e+03  4.54422911e-01
 3.90340600e+03  4.39231270e-01
 3.90430600e+03  4.15463891e-01
 3.90520600e+03  4.07616194e-01
 3.90610600e+03  3.88409979e-01
 3.90700600e+03  3.73452652e-01
 3.90790700e+03  4.01220325e-01
 3.90880700e+03  4.51621883e-01
 3.90970700e+03  4.85460242e-01
 3.91060700e+03  4.93503524e-01
 3.91150800e+03  4.94921383e-01
 3.91240800e+03  5.07485371e-01
 3.91330800e+03  5.17562841e-01
 3.91420800e+03  5.09623842e-01
 3.91510900e+03  4.98866867e-01
 3.91600900e+03  4.94967107e-01
 3.91690900e+03  4.83105413e-01
 3.91780900e+03  4.69737804e-01
 3.91871000e+03  4.63333064e-01
 3.91961000e+03  4.48816023e-01
 3.92051000e+03  4.19071930e-01
 3.92141000e+03  3.85836126e-01
 3.92231000e+03  3.72378728e-01
 3.92321100e+03  3.81373405e-01
 3.92411100e+03  3.98471655e-01
 3.92501100e+03  4.13915929e-01
 3.92591100e+03  4.08418878e-01
 3.92681200e+03  3.81520022e-01
 3.92771200e+03  3.48168900e-01
 3.92861200e+03  3.06269445e-01
 3.92951200e+03  2.61812508e-01
 3.93041300e+03  2.26301278e-01
 3.93131300e+03  1.94726662e-01
 3.93221300e+03  1.64231450e-01
 3.93311300e+03  1.35307061e-01
 3.93401300e+03  1.12049635e-01
 3.93491400e+03  1.04410507e-01
 3.93581400e+03  1.17272274e-01
 3.93671400e+03  1.47077451e-01
 3.93761400e+03  1.86307062e-01
 3.93851500e+03  2.28449486e-01
 3.93941500e+03  2.73919622e-01
 3.94031500e+03  3.19067531e-01
 3.94121500e+03  3.48188877e-01
 3.94211600e+03  3.58286829e-01
 3.94301600e+03  3.60788130e-01
 3.94391600e+03  3.51497045e-01
 3.94481600e+03  3.36408029e-01
 3.94571700e+03  3.54627513e-01
 3.94661700e+03  4.12909293e-01
 3.94751700e+03  4.56611073e-01
 3.94841700e+03  4.52524885e-01
 3.94931700e+03  4.37856610e-01
 3.95021800e+03  4.54873943e-01
 3.95111800e+03  4.93363614e-01
 3.95201800e+03  5.10805223e-01
 3.95291900e+03  4.87647754e-01
 3.95381900e+03  4.64340566e-01
 3.95471900e+03  4.87389712e-01
 3.95561900e+03  5.18575752e-01
 3.95651900e+03  5.00385043e-01
 3.95742000e+03  4.60065643e-01
 3.95832000e+03  4.51542264e-01
 3.95922000e+03  4.74452725e-01
 3.96012000e+03  4.90896857e-01
 3.96102100e+03  4.62750704e-01
 3.96192100e+03  3.88306705e-01
 3.96282100e+03  3.20866322e-01
 3.96372100e+03  2.99663421e-01
 3.96462200e+03  3.00186788e-01
 3.96552200e+03  2.85481084e-01
 3.96642200e+03  2.46759118e-01
 3.96732200e+03  1.95066414e-01
 3.96822200e+03  1.47584953e-01
 3.96912300e+03  1.17473341e-01
 3.97002300e+03  1.13750705e-01
 3.97092300e+03  1.37724200e-01
 3.97182300e+03  1.78052399e-01
 3.97272400e+03  2.22332789e-01
 3.97362400e+03  2.62247602e-01
 3.97452400e+03  2.97275634e-01
 3.97542400e+03  3.36853436e-01
 3.97632500e+03  3.78472564e-01
 3.97722500e+03  4.08460491e-01
 3.97812500e+03  4.34050821e-01
 3.97902500e+03  4.68430288e-01
 3.97992500e+03  5.06880148e-01
 3.98082600e+03  5.38786224e-01
 3.98172600e+03  5.47793088e-01
 3.98262600e+03  5.31562573e-01
 3.98352600e+03  5.15228350e-01
 3.98442700e+03  5.13654859e-01
 3.98532700e+03  5.24182351e-01
 3.98622700e+03  5.40151291e-01
 3.98712700e+03  5.47314506e-01
 3.98802800e+03  5.56794543e-01
 3.98892800e+03  5.83885740e-01
 3.98982800e+03  5.93787962e-01
 3.99072800e+03  5.73679250e-01
 3.99162800e+03  5.67357590e-01
 3.99252900e+03  5.86752181e-01
 3.99342900e+03  6.07096361e-01
 3.99432900e+03  6.12962805e-01
 3.99523000e+03  6.01549187e-01
 3.99613000e+03  5.84102819e-01
 3.99703000e+03  5.66631857e-01
 3.99793000e+03  5.45035475e-01
 3.99883000e+03  5.36866273e-01
 3.99973100e+03  5.69055992e-01
 4.00063100e+03  6.19166550e-01
 4.00153100e+03  6.39033952e-01
 4.00243100e+03  6.36895986e-01
 4.00333100e+03  6.49413312e-01
 4.00423200e+03  6.59576171e-01
 4.00513200e+03  6.18082674e-01
 4.00603200e+03  5.35914014e-01
 4.00693300e+03  4.96968912e-01
 4.00783300e+03  5.34187703e-01
 4.00873300e+03  5.94284356e-01
 4.00963300e+03  6.28095382e-01
 4.01053300e+03  6.34112410e-01
 4.01143400e+03  6.34468173e-01
 4.01233400e+03  6.36080969e-01
 4.01323400e+03  6.38503229e-01
 4.01413400e+03  6.41921667e-01
 4.01503500e+03  6.43787817e-01
 4.01593500e+03  6.54773986e-01
 4.01683500e+03  6.65226692e-01
 4.01773500e+03  6.46889005e-01
 4.01863600e+03  6.24923590e-01
 4.01953600e+03  6.43552205e-01
 4.02043600e+03  6.75910177e-01
 4.02133600e+03  6.75883349e-01
 4.02223700e+03  6.58101339e-01
 4.02313700e+03  6.51584526e-01
 4.02403700e+03  6.50797708e-01
 4.02493700e+03  6.35697369e-01
 4.02583700e+03  6.20405842e-01
 4.02673800e+03  6.36477407e-01
 4.02763800e+03  6.70514814e-01
 4.02853800e+03  6.96749166e-01
 4.02943900e+03  7.05026186e-01
 4.03033900e+03  6.70700737e-01
 4.03123900e+03  5.92434866e-01
 4.03213900e+03  5.31288809e-01
 4.03303900e+03  5.16429852e-01
 4.03394000e+03  5.14875328e-01
 4.03484000e+03  5.21120253e-01
 4.03574000e+03  5.47172504e-01
 4.03664000e+03  5.93916766e-01
 4.03754000e+03  6.54869905e-01
 4.03844100e+03  7.05315311e-01
 4.03934100e+03  7.20799251e-01
 4.04024100e+03  7.01793887e-01
 4.04114200e+03  6.67865236e-01
 4.04204200e+03  6.50754581e-01
 4.04294200e+03  6.68010411e-01
 4.04384200e+03  6.77633532e-01
 4.04474200e+03  6.21921927e-01
 4.04564300e+03  5.12805442e-01
 4.04654300e+03  4.29267675e-01
 4.04744300e+03  4.49228688e-01
 4.04834300e+03  5.50982765e-01
 4.04924400e+03  6.34088755e-01
 4.05014400e+03  6.66203687e-01
 4.05104400e+03  6.85320836e-01
 4.05194400e+03  6.96038650e-01
 4.05284500e+03  6.80354436e-01
 4.05374500e+03  6.53446132e-01
 4.05464500e+03  6.32089041e-01
 4.05554500e+03  6.10807098e-01
 4.05644500e+03  6.00873072e-01
 4.05734600e+03  6.00839897e-01
 4.05824600e+03  5.79948406e-01
 4.05914600e+03  5.57543643e-01
 4.06004600e+03  5.78540428e-01
 4.06094700e+03  6.30907444e-01
 4.06184700e+03  6.62034202e-01
 4.06274700e+03  6.31527523e-01
 4.06364700e+03  5.45821283e-01
 4.06454800e+03  4.75211056e-01
 4.06544800e+03  4.94115742e-01
 4.06634800e+03  5.64908575e-01
 4.06724800e+03  5.93780389e-01
 4.06814800e+03  5.87236459e-01
 4.06904900e+03  6.12992014e-01
 4.06994900e+03  6.66629766e-01
 4.07084900e+03  6.77438017e-01
 4.07175000e+03  6.12188176e-01
 4.07265000e+03  5.39764301e-01
 4.07355000e+03  5.53799587e-01
 4.07445000e+03  6.26857460e-01
 4.07535000e+03  6.62422707e-01
 4.07625100e+03  6.33718064e-01
 4.07715100e+03  5.68493464e-01
 4.07805100e+03  5.09313226e-01
 4.07895100e+03  5.02533539e-01
 4.07985200e+03  5.50645969e-01
 4.08075200e+03  6.18743212e-01
 4.08165200e+03  6.81617599e-01
 4.08255200e+03  7.12210316e-01
 4.08345300e+03  6.92316302e-01
 4.08435300e+03  6.50258474e-01
 4.08525300e+03  6.23781009e-01
 4.08615300e+03  6.21074241e-01
 4.08705300e+03  6.41576794e-01
 4.08795400e+03  6.82659718e-01
 4.08885400e+03  7.26517707e-01
 4.08975400e+03  7.47000212e-01
 4.09065400e+03  7.35871536e-01
 4.09155500e+03  7.11464318e-01
 4.09245500e+03  6.87618113e-01
 4.09335500e+03  6.70332497e-01
 4.09425600e+03  6.77696275e-01
 4.09515600e+03  6.85401176e-01
 4.09605600e+03  6.49609981e-01
 4.09695600e+03  5.96825612e-01
 4.09785600e+03  5.72721798e-01
 4.09875700e+03  5.75447174e-01
 4.09965700e+03  5.78405349e-01
 4.10055700e+03  5.57473543e-01
 4.10145700e+03  4.99730347e-01
 4.10235800e+03  4.42412653e-01
 4.10325800e+03  4.44009655e-01
 4.10415800e+03  4.96719020e-01
 4.10505800e+03  5.48145389e-01
 4.10595800e+03  5.86703500e-01
 4.10685900e+03  6.25052539e-01
 4.10775900e+03  6.49461920e-01
 4.10865900e+03  6.51628230e-01
 4.10955900e+03  6.41761058e-01
 4.11045900e+03  6.26176585e-01
 4.11136000e+03  6.12765849e-01
 4.11226000e+03  6.09774354e-01
 4.11316000e+03  6.19641309e-01
 4.11406000e+03  6.44975617e-01
 4.11496100e+03  6.71673549e-01
 4.11586100e+03  6.84505891e-01
 4.11676100e+03  6.92881066e-01
 4.11766200e+03  6.98554592e-01
 4.11856200e+03  6.78574684e-01
 4.11946200e+03  6.32947617e-01
 4.12036200e+03  6.12121466e-01
 4.12126200e+03  6.35538851e-01
 4.12216300e+03  6.55543928e-01
 4.12306300e+03  6.48593103e-01
 4.12396300e+03  6.39368296e-01
 4.12486400e+03  6.52604143e-01
 4.12576400e+03  6.80271787e-01
 4.12666400e+03  6.86974235e-01
 4.12756400e+03  6.66756118e-01
 4.12846400e+03  6.42321206e-01
 4.12936500e+03  6.30834243e-01
 4.13026500e+03  6.33669528e-01
 4.13116500e+03  6.34126906e-01
 4.13206500e+03  6.12482926e-01
 4.13296500e+03  5.69852185e-01
 4.13386600e+03  5.47355831e-01
 4.13476600e+03  5.59830319e-01
 4.13566600e+03  5.92699326e-01
 4.13656600e+03  6.45021989e-01
 4.13746700e+03  6.81356601e-01
 4.13836700e+03  6.83795592e-01
 4.13926700e+03  6.88694056e-01
 4.14016700e+03  7.02805283e-01
 4.14106800e+03  7.08066217e-01
 4.14196800e+03  6.94891021e-01
 4.14286800e+03  6.42166295e-01
 4.14376800e+03  5.56099749e-01
 4.14466900e+03  5.03413895e-01
 4.14556900e+03  5.34328046e-01
 4.14646900e+03  6.06529218e-01
 4.14736900e+03  6.52068588e-01
 4.14827000e+03  6.64214863e-01
 4.14917000e+03  6.59654348e-01
 4.15007000e+03  6.39924982e-01
 4.15097000e+03  6.20198933e-01
 4.15187100e+03  6.20265282e-01
 4.15277100e+03  6.26433905e-01
 4.15367100e+03  6.24696992e-01
 4.15457100e+03  6.12690701e-01
 4.15547100e+03  5.98199478e-01
 4.15637200e+03  5.97529493e-01
 4.15727200e+03  5.98515936e-01
 4.15817200e+03  6.04143162e-01
 4.15907200e+03  6.31705801e-01
 4.15997200e+03  6.64022666e-01
 4.16087300e+03  6.78238754e-01
 4.16177300e+03  6.75668435e-01
 4.16267300e+03  6.83549955e-01
 4.16357300e+03  7.10048623e-01
 4.16447400e+03  7.17971395e-01
 4.16537400e+03  6.98739649e-01
 4.16627400e+03  6.81035744e-01
 4.16717500e+03  6.63453935e-01
 4.16807500e+03  6.33821194e-01
 4.16897500e+03  6.23772716e-01
 4.16987500e+03  6.52706697e-01
 4.17077500e+03  6.80248349e-01
 4.17167600e+03  6.70020727e-01
 4.17257600e+03  6.16468508e-01
 4.17347600e+03  5.54325479e-01
 4.17437700e+03  5.37105708e-01
 4.17527700e+03  5.66651906e-01
 4.17617700e+03  6.01170346e-01
 4.17707700e+03  6.16046828e-01
 4.17797700e+03  6.08687449e-01
 4.17887800e+03  5.97606372e-01
 4.17977800e+03  6.11314382e-01
 4.18067800e+03  6.40514266e-01
 4.18157800e+03  6.48820711e-01
 4.18247800e+03  6.27141032e-01
 4.18337900e+03  6.09326495e-01
 4.18427900e+03  6.20359975e-01
 4.18517900e+03  6.51594550e-01
 4.18607900e+03  6.83987572e-01
 4.18698000e+03  6.77130574e-01
 4.18788000e+03  6.19755473e-01
 4.18878000e+03  5.82087671e-01
 4.18968000e+03  6.11859025e-01
 4.19058100e+03  6.59520928e-01
 4.19148100e+03  6.67330113e-01
 4.19238100e+03  6.50131473e-01
 4.19328100e+03  6.64985958e-01
 4.19418200e+03  7.07428325e-01
 4.19508200e+03  7.12362343e-01
 4.19598200e+03  6.65553390e-01
 4.19688200e+03  6.14771260e-01
 4.19778300e+03  5.90747426e-01
 4.19868300e+03  5.73767090e-01
 4.19958300e+03  5.58128455e-01
 4.20048300e+03  5.72790311e-01
 4.20138400e+03  5.97214838e-01
 4.20228400e+03  5.87636647e-01
 4.20318400e+03  5.71177227e-01
 4.20408400e+03  5.92384887e-01
 4.20498400e+03  6.27390852e-01
 4.20588500e+03  6.46633920e-01
 4.20678500e+03  6.65218903e-01
 4.20768500e+03  6.87293505e-01
 4.20858500e+03  7.05530658e-01
 4.20948500e+03  7.11603579e-01
 4.21038600e+03  6.93841834e-01
 4.21128600e+03  6.72181988e-01
 4.21218600e+03  6.79285489e-01
 4.21308600e+03  7.03688308e-01
 4.21398700e+03  7.08361904e-01
 4.21488700e+03  6.79352920e-01
 4.21578700e+03  6.22760238e-01
 4.21668800e+03  5.79046054e-01
 4.21758800e+03  6.05787979e-01
 4.21848800e+03  6.77522613e-01
 4.21938800e+03  7.23106481e-01
 4.22028800e+03  7.34700324e-01
 4.22118900e+03  7.43544272e-01
 4.22208900e+03  7.51688665e-01
 4.22298900e+03  7.31408815e-01
 4.22389000e+03  6.83424540e-01
 4.22479000e+03  6.29036462e-01
 4.22569000e+03  5.64036152e-01
 4.22659000e+03  4.74851038e-01
 4.22749000e+03  3.92560858e-01
 4.22839100e+03  4.00108828e-01
 4.22929100e+03  5.13073796e-01
 4.23019100e+03  6.30980717e-01
 4.23109100e+03  6.92903711e-01
 4.23199100e+03  7.22933395e-01
 4.23289200e+03  7.19639723e-01
 4.23379200e+03  6.77749283e-01
 4.23469200e+03  6.48429249e-01
 4.23559200e+03  6.50355907e-01
 4.23649300e+03  6.35343265e-01
 4.23739300e+03  6.10731733e-01
 4.23829300e+03  6.20886082e-01
 4.23919300e+03  6.43063238e-01
 4.24009300e+03  6.46454848e-01
 4.24099400e+03  6.53107173e-01
 4.24189400e+03  6.85523490e-01
 4.24279400e+03  7.12688176e-01
 4.24369500e+03  7.10507516e-01
 4.24459500e+03  7.21918682e-01
 4.24549500e+03  7.60992732e-01
 4.24639500e+03  7.74044820e-01
 4.24729600e+03  7.39099580e-01
 4.24819600e+03  6.88110180e-01
 4.24909600e+03  6.55287473e-01
 4.24999600e+03  6.35267900e-01
 4.25089700e+03  6.03085105e-01
 4.25179700e+03  5.89781754e-01
 4.25269700e+03  6.34127555e-01
 4.25359700e+03  6.81392155e-01
 4.25449700e+03  6.64230657e-01
 4.25539800e+03  6.12221350e-01
 4.25629800e+03  6.05989551e-01
 4.25719800e+03  6.65230297e-01
 4.25809800e+03  7.26335246e-01
 4.25899800e+03  7.20081163e-01
 4.25989900e+03  6.56689754e-01
 4.26079900e+03  5.87913873e-01
 4.26169900e+03  5.52951757e-01
 4.26259900e+03  5.89188287e-01
 4.26350000e+03  6.76007466e-01
 4.26440000e+03  7.44152956e-01
 4.26530000e+03  7.66407423e-01
 4.26620000e+03  7.73543594e-01
 4.26710100e+03  7.77766159e-01
 4.26800100e+03  7.54308747e-01
 4.26890100e+03  7.11574948e-01
 4.26980100e+03  6.81614426e-01
 4.27070200e+03  6.49846098e-01
 4.27160200e+03  5.82120268e-01
 4.27250200e+03  5.06864354e-01
 4.27340300e+03  4.99187796e-01
 4.27430300e+03  5.44531147e-01
 4.27520300e+03  5.61039609e-01
 4.27610300e+03  5.64653057e-01
 4.27700300e+03  6.15087286e-01
 4.27790400e+03  6.90284062e-01
 4.27880400e+03  7.42381714e-01
 4.27970400e+03  7.50887424e-01
 4.28060400e+03  7.08206632e-01
 4.28150400e+03  6.58797575e-01
 4.28240500e+03  6.54155999e-01
 4.28330500e+03  6.71246966e-01
 4.28420500e+03  6.86778215e-01
 4.28510500e+03  6.94674592e-01
 4.28600600e+03  6.72038904e-01
 4.28690600e+03  6.41944529e-01
 4.28780600e+03  6.42607446e-01
 4.28870600e+03  6.51577458e-01
 4.28960600e+03  6.17293549e-01
 4.29050700e+03  5.49953772e-01
 4.29140700e+03  5.21741485e-01
 4.29230700e+03  5.62462805e-01
 4.29320800e+03  6.33763210e-01
 4.29410800e+03  6.78778060e-01
 4.29500800e+03  6.66867398e-01
 4.29590800e+03  6.43181297e-01
 4.29680900e+03  6.44161754e-01
 4.29770900e+03  6.35920144e-01
 4.29860900e+03  5.99649718e-01
 4.29950900e+03  5.39311899e-01
 4.30041000e+03  4.70318073e-01
 4.30131000e+03  4.45882873e-01
 4.30221000e+03  4.74594872e-01
 4.30311000e+03  4.97486294e-01
 4.30401000e+03  5.00086831e-01
 4.30491100e+03  5.14227051e-01
 4.30581100e+03  5.25741563e-01
 4.30671100e+03  5.15021080e-01
 4.30761100e+03  4.90434430e-01
 4.30851100e+03  4.49186138e-01
 4.30941200e+03  4.15230370e-01
 4.31031200e+03  4.27035954e-01
 4.31121200e+03  4.70837474e-01
 4.31211200e+03  5.16216596e-01
 4.31301300e+03  5.54377765e-01
 4.31391300e+03  5.90547729e-01
 4.31481300e+03  6.20591476e-01
 4.31571300e+03  6.54504262e-01
 4.31661400e+03  7.32779075e-01
 4.31751400e+03  8.28455688e-01
 4.31841400e+03  8.67959567e-01
 4.31931500e+03  8.54044936e-01
 4.32021500e+03  8.32073896e-01
 4.32111500e+03  8.10443979e-01
 4.32201500e+03  7.84627556e-01
 4.32291600e+03  7.67383193e-01
 4.32381600e+03  7.26933113e-01
 4.32471600e+03  6.39203360e-01
 4.32561600e+03  5.43358493e-01
 4.32651600e+03  4.84592362e-01
 4.32741700e+03  5.12244356e-01
 4.32831700e+03  6.29014754e-01
 4.32921700e+03  7.52185565e-01
 4.33011700e+03  8.07728700e-01
 4.33101700e+03  7.93437608e-01
 4.33191800e+03  7.67145200e-01
 4.33281800e+03  7.72084627e-01
 4.33371800e+03  7.89127058e-01
 4.33461800e+03  7.97947206e-01
 4.33551900e+03  8.10920685e-01
 4.33641900e+03  8.21180328e-01
 4.33731900e+03  7.81391579e-01
 4.33821900e+03  6.82198301e-01
 4.33911900e+03  5.93595692e-01
 4.34002000e+03  5.45896792e-01
 4.34092000e+03  5.06843079e-01
 4.34182000e+03  5.00631762e-01
 4.34272100e+03  5.65911317e-01
 4.34362100e+03  6.50055387e-01
 4.34452100e+03  6.82476608e-01
 4.34542200e+03  6.96252988e-01
 4.34632200e+03  7.34698882e-01
 4.34722200e+03  7.60478524e-01
 4.34812200e+03  7.57518762e-01
 4.34902200e+03  7.72921928e-01
 4.34992300e+03  8.18061183e-01
 4.35082300e+03  8.28162885e-01
 4.35172300e+03  7.49082286e-01
 4.35262300e+03  6.37797689e-01
 4.35352300e+03  6.04774347e-01
 4.35442400e+03  6.61696036e-01
 4.35532400e+03  7.20511785e-01
 4.35622400e+03  7.42400465e-01
 4.35712400e+03  7.65571564e-01
 4.35802400e+03  7.97338522e-01
 4.35892500e+03  7.94047734e-01
 4.35982500e+03  7.50326338e-01
 4.36072500e+03  7.28739692e-01
 4.36162600e+03  7.65313378e-01
 4.36252600e+03  8.17746744e-01
 4.36342600e+03  8.31136350e-01
 4.36432600e+03  8.21077198e-01
 4.36522600e+03  8.39546862e-01
 4.36612700e+03  8.73324496e-01
 4.36702700e+03  8.63538675e-01
 4.36792700e+03  8.04660038e-01
 4.36882800e+03  7.53845743e-01
 4.36972800e+03  7.52081714e-01
 4.37062800e+03  7.70379735e-01
 4.37152800e+03  7.75485757e-01
 4.37242900e+03  7.79515764e-01
 4.37332900e+03  7.81863958e-01
 4.37422900e+03  7.53563758e-01
 4.37512900e+03  6.95490402e-01
 4.37602900e+03  6.52805283e-01
 4.37693000e+03  6.67363793e-01
 4.37783000e+03  7.32752391e-01
 4.37873000e+03  7.95935808e-01
 4.37963000e+03  8.16379369e-01
 4.38053000e+03  7.99241741e-01
 4.38143100e+03  7.75120114e-01
 4.38233100e+03  7.48042331e-01
 4.38323100e+03  6.71392141e-01
 4.38413100e+03  5.38226653e-01
 4.38503200e+03  4.50443171e-01
 4.38593200e+03  4.91144369e-01
 4.38683200e+03  6.14425306e-01
 4.38773200e+03  7.10988116e-01
 4.38863300e+03  7.33169239e-01
 4.38953300e+03  7.22140808e-01
 4.39043300e+03  7.09412173e-01
 4.39133300e+03  6.98651231e-01
 4.39223400e+03  7.06455151e-01
 4.39313400e+03  7.37050681e-01
 4.39403400e+03  7.59313081e-01
 4.39493500e+03  7.46186710e-01
 4.39583500e+03  7.19511207e-01
 4.39673500e+03  7.32152361e-01
 4.39763500e+03  7.95394195e-01
 4.39853500e+03  8.46639040e-01
 4.39943600e+03  8.41967174e-01
 4.40033600e+03  7.94387414e-01
 4.40123600e+03  7.34835908e-01
 4.40213600e+03  7.17941177e-01
 4.40303600e+03  7.63297654e-01
 4.40393700e+03  7.81594233e-01
 4.40483700e+03  6.98593248e-01
 4.40573700e+03  5.98020263e-01
 4.40663700e+03  6.00919012e-01
 4.40753800e+03  6.73738676e-01
 4.40843800e+03  7.04411228e-01
 4.40933800e+03  6.94955712e-01
 4.41023800e+03  7.22966570e-01
 4.41113900e+03  7.90404284e-01
 4.41203900e+03  8.41233725e-01
 4.41293900e+03  8.65239240e-01
 4.41383900e+03  8.71951351e-01
 4.41473900e+03  8.29745175e-01
 4.41564000e+03  7.32979566e-01
 4.41654000e+03  6.70392861e-01
 4.41744000e+03  6.97939850e-01
 4.41834100e+03  7.57435825e-01
 4.41924100e+03  8.07194299e-01
 4.42014100e+03  8.53607895e-01
 4.42104100e+03  8.78876214e-01
 4.42194200e+03  8.58313657e-01
 4.42284200e+03  8.01327422e-01
 4.42374200e+03  7.56235766e-01
 4.42464200e+03  7.62309624e-01
 4.42554200e+03  7.91113214e-01
 4.42644300e+03  7.97412083e-01
 4.42734300e+03  7.88907095e-01
 4.42824300e+03  7.92068790e-01
 4.42914300e+03  8.14455235e-01
 4.43004300e+03  8.24096097e-01
 4.43094400e+03  7.89429957e-01
 4.43184400e+03  7.63519059e-01
 4.43274400e+03  7.91275481e-01
 4.43364400e+03  8.15371867e-01
 4.43454500e+03  7.84515051e-01
 4.43544500e+03  7.21925893e-01
 4.43634500e+03  6.82607648e-01
 4.43724500e+03  7.08768655e-01
 4.43814600e+03  7.83583274e-01
 4.43904600e+03  8.53178787e-01
 4.43994600e+03  8.91851135e-01
 4.44084600e+03  8.87612704e-01
 4.44174700e+03  8.39059338e-01
 4.44264700e+03  7.74882122e-01
 4.44354700e+03  7.29650555e-01
 4.44444800e+03  7.27802146e-01
 4.44534800e+03  7.76643266e-01
 4.44624800e+03  8.48462208e-01
 4.44714800e+03  8.84566399e-01
 4.44804800e+03  8.67190058e-01
 4.44894900e+03  8.53542267e-01
 4.44984900e+03  8.65554400e-01
 4.45074900e+03  8.58515590e-01
 4.45164900e+03  8.38067702e-01
 4.45254900e+03  8.40799568e-01
 4.45345000e+03  8.46666446e-01
 4.45435000e+03  8.17625584e-01
 4.45525000e+03  7.53506063e-01
 4.45615000e+03  6.96457445e-01
 4.45705100e+03  6.95005185e-01
 4.45795100e+03  7.29088027e-01
 4.45885100e+03  7.43152666e-01
 4.45975100e+03  7.30997016e-01
 4.46065200e+03  7.23252161e-01
 4.46155200e+03  7.18553972e-01
 4.46245200e+03  6.97608896e-01
 4.46335200e+03  7.03274705e-01
 4.46425300e+03  7.66604308e-01
 4.46515300e+03  8.20836320e-01
 4.46605300e+03  8.22427986e-01
 4.46695300e+03  8.09993235e-01
 4.46785400e+03  8.10958908e-01
 4.46875400e+03  8.14237436e-01
 4.46965400e+03  7.97668827e-01
 4.47055400e+03  7.75814620e-01
 4.47145500e+03  7.84513608e-01
 4.47235500e+03  8.17826075e-01
 4.47325500e+03  8.52638616e-01
 4.47415500e+03  8.82338645e-01
 4.47505500e+03  8.99139477e-01
 4.47595600e+03  8.91998258e-01
 4.47685600e+03  8.83807708e-01
 4.47775600e+03  9.06642733e-01
 4.47865600e+03  9.40362672e-01
 4.47955600e+03  9.34261408e-01
 4.48045700e+03  8.75428927e-01
 4.48135700e+03  7.99600173e-01
 4.48225700e+03  7.50067431e-01
 4.48315800e+03  7.47685342e-01
 4.48405800e+03  7.96788254e-01
 4.48495800e+03  8.65555842e-01
 4.48585800e+03  9.13608703e-01
 4.48675800e+03  9.37194486e-01
 4.48765900e+03  9.38282761e-01
 4.48855900e+03  9.07125209e-01
 4.48945900e+03  8.49395427e-01
 4.49036000e+03  7.98560217e-01
 4.49126000e+03  7.89429236e-01
 4.49216000e+03  8.25019220e-01
 4.49306000e+03  8.72490080e-01
 4.49396100e+03  8.86605202e-01
 4.49486100e+03  8.45472156e-01
 4.49576100e+03  7.90880991e-01
 4.49666100e+03  7.77711348e-01
 4.49756100e+03  8.03528492e-01
 4.49846200e+03  8.48453553e-01
 4.49936200e+03  8.92144659e-01
 4.50026200e+03  9.14629186e-01
 4.50116200e+03  9.07272331e-01
 4.50206200e+03  8.72910534e-01
 4.50296300e+03  8.61295055e-01
 4.50386300e+03  9.10431142e-01
 4.50476300e+03  9.71805815e-01
 4.50566300e+03  9.92234952e-01
 4.50656400e+03  9.79396335e-01
 4.50746400e+03  9.55957675e-01
 4.50836400e+03  9.34060917e-01
 4.50926500e+03  9.24779208e-01
 4.51016500e+03  9.33279869e-01
 4.51106500e+03  9.52831318e-01
 4.51196500e+03  9.60850225e-01
 4.51286500e+03  9.40268196e-01
 4.51376600e+03  9.05928034e-01
 4.51466600e+03  8.79633463e-01
 4.51556600e+03  8.67757634e-01
 4.51646700e+03  8.77052325e-01
 4.51736700e+03  8.93946912e-01
 4.51826700e+03  8.86030414e-01
 4.51916700e+03  8.67267225e-01
 4.52006700e+03  8.79986124e-01
 4.52096800e+03  9.14683275e-01
 4.52186800e+03  9.41399021e-01
 4.52276800e+03  9.35145587e-01
 4.52366800e+03  8.93211298e-01
 4.52456800e+03  8.68431225e-01
 4.52546900e+03  8.67752586e-01
 4.52636900e+03  8.45646683e-01
 4.52726900e+03  8.02137317e-01
 4.52816900e+03  7.62329817e-01
 4.52906900e+03  7.34877737e-01
 4.52997000e+03  7.25728726e-01
 4.53087000e+03  7.42563454e-01
 4.53177000e+03  7.67565653e-01
 4.53267100e+03  7.97499347e-01
 4.53357100e+03  8.22888826e-01
 4.53447100e+03  8.06133429e-01
 4.53537200e+03  7.63540695e-01
 4.53627200e+03  7.40939335e-01
 4.53717200e+03  7.78752746e-01
 4.53807200e+03  8.72231173e-01
 4.53897200e+03  9.37034382e-01
 4.53987300e+03  9.30048940e-01
 4.54077300e+03  8.89515923e-01
 4.54167300e+03  8.53363412e-01
 4.54257300e+03  8.48142721e-01
 4.54347400e+03  8.78234355e-01
 4.54437400e+03  9.02486517e-01
 4.54527400e+03  8.83881269e-01
 4.54617400e+03  8.50720252e-01
 4.54707400e+03  8.47718661e-01
 4.54797500e+03  8.63607188e-01
 4.54887500e+03  8.64600987e-01
 4.54977500e+03  8.35515413e-01
 4.55067500e+03  8.07769087e-01
 4.55157500e+03  8.29450930e-01
 4.55247600e+03  8.66336170e-01
 4.55337600e+03  8.64880809e-01
 4.55427600e+03  8.43034535e-01
 4.55517600e+03  8.22741703e-01
 4.55607700e+03  8.12236135e-01
 4.55697700e+03  8.31393093e-01
 4.55787700e+03  8.81474660e-01
 4.55877800e+03  9.26849743e-01
 4.55967800e+03  9.43675817e-01
 4.56057800e+03  9.42317817e-01
 4.56147900e+03  9.37126694e-01
 4.56237900e+03  9.42750530e-01
 4.56327900e+03  9.44862173e-01
 4.56417900e+03  9.12677647e-01
 4.56507900e+03  8.59976720e-01
 4.56598000e+03  8.26894313e-01
 4.56688000e+03  8.36364253e-01
 4.56778000e+03  8.87751893e-01
 4.56868000e+03  9.41149490e-01
 4.56958000e+03  9.56611073e-01
 4.57048100e+03  9.45491051e-01
 4.57138100e+03  9.16378792e-01
 4.57228100e+03  8.65493820e-01
 4.57318100e+03  8.50967620e-01
 4.57408100e+03  9.03247372e-01
 4.57498200e+03  9.47385616e-01
 4.57588200e+03  9.40682880e-01
 4.57678200e+03  9.28185386e-01
 4.57768200e+03  9.32241356e-01
 4.57858300e+03  9.31989661e-01
 4.57948300e+03  9.09073142e-01
 4.58038300e+03  8.65082742e-01
 4.58128300e+03  8.23522751e-01
 4.58218400e+03  8.14696112e-01
 4.58308400e+03  8.41914527e-01
 4.58398400e+03  8.67792972e-01
 4.58488500e+03  8.66725612e-01
 4.58578500e+03  8.54066572e-01
 4.58668500e+03  8.41207041e-01
 4.58758500e+03  8.44621152e-01
 4.58848600e+03  8.81537403e-01
 4.58938600e+03  9.26863446e-01
 4.59028600e+03  9.50103058e-01
 4.59118600e+03  9.41047802e-01
 4.59208600e+03  9.05768651e-01
 4.59298700e+03  8.69396177e-01
 4.59388700e+03  8.58278319e-01
 4.59478700e+03  8.65061828e-01
 4.59568700e+03  8.62265054e-01
 4.59658700e+03  8.52444616e-01
 4.59748800e+03  8.53521352e-01
 4.59838800e+03  8.60247887e-01
 4.59928800e+03  8.70885433e-01
 4.60018800e+03  8.84085366e-01
 4.60108800e+03  8.72063136e-01
 4.60198900e+03  8.53875456e-01
 4.60288900e+03  8.66245300e-01
 4.60378900e+03  8.83302875e-01
 4.60469000e+03  8.85413797e-01
 4.60559000e+03  8.76308058e-01
 4.60649000e+03  8.65238519e-01
 4.60739100e+03  8.76184734e-01
 4.60829100e+03  9.12499513e-01
 4.60919100e+03  9.59494388e-01
 4.61009100e+03  9.93485495e-01
 4.61099200e+03  9.88868439e-01
 4.61189200e+03  9.54818917e-01
 4.61279200e+03  9.25983594e-01
 4.61369200e+03  9.12529803e-01
 4.61459200e+03  9.07930056e-01
 4.61549300e+03  9.26625453e-01
 4.61639300e+03  9.48728471e-01
 4.61729300e+03  9.48922471e-01
 4.61819300e+03  9.51165370e-01
 4.61909300e+03  9.52494523e-01
 4.61999400e+03  9.30249431e-01
 4.62089400e+03  9.18856799e-01
 4.62179400e+03  9.44539081e-01
 4.62269400e+03  9.62459199e-01
 4.62359500e+03  9.51425720e-01
 4.62449500e+03  9.47414463e-01
 4.62539500e+03  9.52062530e-01
 4.62629500e+03  9.39449646e-01
 4.62719500e+03  9.25623721e-01
 4.62809600e+03  9.35391512e-01
 4.62899600e+03  9.49433794e-01
 4.62989600e+03  9.38013757e-01
 4.63079700e+03  9.22705067e-01
 4.63169700e+03  9.40416761e-01
 4.63259700e+03  9.66007451e-01
 4.63349800e+03  9.51266337e-01
 4.63439800e+03  9.13600048e-01
 4.63529800e+03  8.99198614e-01
 4.63619800e+03  9.07463447e-01
 4.63709800e+03  9.12301907e-01
 4.63799900e+03  8.96962205e-01
 4.63889900e+03  8.72644415e-01
 4.63979900e+03  8.60957538e-01
 4.64069900e+03  8.54724296e-01
 4.64159900e+03  8.63181686e-01
 4.64250000e+03  8.98733447e-01
 4.64340000e+03  9.23792620e-01
 4.64430000e+03  9.12887513e-01
 4.64520000e+03  8.90216198e-01
 4.64610000e+03  8.65689262e-01
 4.64700100e+03  8.23778052e-01
 4.64790100e+03  7.86027385e-01
 4.64880100e+03  7.84542456e-01
 4.64970200e+03  8.13105889e-01
 4.65060200e+03  8.52079694e-01
 4.65150200e+03  8.87165566e-01
 4.65240200e+03  9.07831253e-01
 4.65330200e+03  9.20815550e-01
 4.65420300e+03  9.24936427e-01
 4.65510300e+03  8.98410354e-01
 4.65600300e+03  8.60984222e-01
 4.65690400e+03  8.47950884e-01
 4.65780400e+03  8.60128891e-01
 4.65870400e+03  8.99668830e-01
 4.65960400e+03  9.55559578e-01
 4.66050500e+03  9.95538721e-01
 4.66140500e+03  9.99824751e-01
 4.66230500e+03  9.71728648e-01
 4.66320500e+03  9.29934992e-01
 4.66410500e+03  8.94270005e-01
 4.66500600e+03  8.82177819e-01
 4.66590600e+03  8.85687849e-01
 4.66680600e+03  8.58363419e-01
 4.66770600e+03  7.85475675e-01
 4.66860600e+03  7.26510495e-01
 4.66950700e+03  7.39869811e-01
 4.67040700e+03  8.05982700e-01
 4.67130700e+03  8.71223671e-01
 4.67220700e+03  9.10549417e-01
 4.67310800e+03  9.16021803e-01
 4.67400800e+03  8.97465596e-01
 4.67490800e+03  8.82426630e-01
 4.67580900e+03  8.87648042e-01
 4.67670900e+03  9.16356435e-01
 4.67760900e+03  9.45235750e-01
 4.67850900e+03  9.38759467e-01
 4.67940900e+03  9.01764607e-01
 4.68031000e+03  8.69391129e-01
 4.68121000e+03  8.53586259e-01
 4.68211000e+03  8.45436096e-01
 4.68301100e+03  8.50120943e-01
 4.68391100e+03  8.77815344e-01
 4.68481100e+03  9.08845967e-01
 4.68571100e+03  9.16536732e-01
 4.68661100e+03  9.12951699e-01
 4.68751200e+03  9.09105595e-01
 4.68841200e+03  8.97437469e-01
 4.68931200e+03  8.87710786e-01
 4.69021200e+03  8.92035759e-01
 4.69111200e+03  8.93703150e-01
 4.69201300e+03  8.80731113e-01
 4.69291300e+03  8.73528593e-01
 4.69381300e+03  8.83607217e-01
 4.69471300e+03  8.98033893e-01
 4.69561400e+03  9.15978532e-01
 4.69651400e+03  9.39409259e-01
 4.69741400e+03  9.50834344e-01
 4.69831400e+03  9.27840657e-01
 4.69921500e+03  8.76349887e-01
 4.70011500e+03  8.40492342e-01
 4.70101500e+03  8.46899390e-01
 4.70191600e+03  8.60556556e-01
 4.70281600e+03  8.50593323e-01
 4.70371600e+03  8.26374335e-01
 4.70461600e+03  8.23470105e-01
 4.70551600e+03  8.57663144e-01
 4.70641700e+03  8.90187351e-01
 4.70731700e+03  8.88239418e-01
 4.70821700e+03  8.61659255e-01
 4.70911700e+03  8.40061070e-01
 4.71001800e+03  8.34660082e-01
 4.71091800e+03  8.48099449e-01
 4.71181800e+03  8.87646600e-01
 4.71271800e+03  9.22994985e-01
 4.71361800e+03  9.21917528e-01
 4.71451900e+03  8.91786228e-01
 4.71541900e+03  8.56132058e-01
 4.71631900e+03  8.56905895e-01
 4.71721900e+03  9.02132413e-01
 4.71811900e+03  9.42728174e-01
 4.71902000e+03  9.55941087e-01
 4.71992000e+03  9.67580366e-01
 4.72082000e+03  9.85092291e-01
 4.72172100e+03  9.88583569e-01
 4.72262100e+03  9.70958418e-01
 4.72352100e+03  9.48895787e-01
 4.72442100e+03  9.48475333e-01
 4.72532200e+03  9.72859473e-01
 4.72622200e+03  9.93501361e-01
 4.72712200e+03  9.77985689e-01
 4.72802300e+03  9.17071855e-01
 4.72892300e+03  8.50266624e-01
 4.72982300e+03  8.24220863e-01
 4.73072300e+03  8.31578439e-01
 4.73162300e+03  8.45233442e-01
 4.73252400e+03  8.63413188e-01
 4.73342400e+03  8.90699395e-01
 4.73432400e+03  9.09356569e-01
 4.73522400e+03  9.18525052e-01
 4.73612400e+03  9.28954895e-01
 4.73702500e+03  9.14133729e-01
 4.73792500e+03  8.83825016e-01
 4.73882500e+03  8.97388428e-01
 4.73972500e+03  9.43093095e-01
 4.74062500e+03  9.55209801e-01
 4.74152600e+03  9.30853066e-01
 4.74242600e+03  9.14143825e-01
 4.74332600e+03  9.26132159e-01
 4.74422600e+03  9.48776790e-01
 4.74512700e+03  9.52777950e-01
 4.74602700e+03  9.38839519e-01
 4.74692700e+03  9.41466813e-01
 4.74782800e+03  9.63834507e-01
 4.74872800e+03  9.71817354e-01
 4.74962800e+03  9.63495548e-01
 4.75052900e+03  9.61471890e-01
 4.75142900e+03  9.66018990e-01
 4.75232900e+03  9.58917437e-01
 4.75322900e+03  9.37955341e-01
 4.75412900e+03  9.20392212e-01
 4.75503000e+03  9.08050495e-01
 4.75593000e+03  9.01990339e-01
 4.75683000e+03  9.02963224e-01
 4.75773000e+03  9.05853751e-01
 4.75863000e+03  9.13912324e-01
 4.75953100e+03  9.26227356e-01
 4.76043100e+03  9.42918568e-01
 4.76133100e+03  9.52895504e-01
 4.76223100e+03  9.31471126e-01
 4.76313100e+03  8.89724347e-01
 4.76403200e+03  8.68481708e-01
 4.76493200e+03  8.67550653e-01
 4.76583200e+03  8.55710884e-01
 4.76673300e+03  8.33395115e-01
 4.76763300e+03  8.31052692e-01
 4.76853300e+03  8.59427174e-01
 4.76943300e+03  8.96318904e-01
 4.77033300e+03  9.31087453e-01
 4.77123400e+03  9.48127720e-01
 4.77213400e+03  9.28432754e-01
 4.77303400e+03  8.99999135e-01
 4.77393500e+03  9.02775714e-01
 4.77483500e+03  9.37587534e-01
 4.77573500e+03  9.71184871e-01
 4.77663500e+03  9.71562775e-01
 4.77753600e+03  9.59993452e-01
 4.77843600e+03  9.68751578e-01
 4.77933600e+03  9.77796016e-01
 4.78023600e+03  9.66113466e-01
 4.78113600e+03  9.51950746e-01
 4.78203700e+03  9.49702077e-01
 4.78293700e+03  9.40980010e-01
 4.78383700e+03  9.12363208e-01
 4.78473700e+03  8.93219953e-01
 4.78563700e+03  9.10115261e-01
 4.78653800e+03  9.19877282e-01
 4.78743800e+03  8.96652815e-01
 4.78833800e+03  8.90096481e-01
 4.78923800e+03  9.06636242e-01
 4.79013900e+03  9.04739514e-01
 4.79103900e+03  8.97467038e-01
 4.79193900e+03  9.08387290e-01
 4.79284000e+03  9.23933252e-01
 4.79374000e+03  9.42799571e-01
 4.79464000e+03  9.76356522e-01
 4.79554000e+03  1.01025459e+00
 4.79644000e+03  1.01970795e+00
 4.79734100e+03  1.00361677e+00
 4.79824100e+03  9.78504945e-01
 4.79914100e+03  9.48673660e-01
 4.80004200e+03  9.18171669e-01
 4.80094200e+03  9.04156071e-01
 4.80184200e+03  9.19723669e-01
 4.80274200e+03  9.58636173e-01
 4.80364200e+03  9.90794015e-01
 4.80454300e+03  9.94294669e-01
 4.80544300e+03  9.68478247e-01
 4.80634300e+03  9.38152947e-01
 4.80724300e+03  9.29258516e-01
 4.80814300e+03  9.22573810e-01
 4.80904400e+03  9.08680814e-01
 4.80994400e+03  9.12317052e-01
 4.81084400e+03  9.34741720e-01
 4.81174400e+03  9.51243980e-01
 4.81264500e+03  9.54083303e-01
 4.81354500e+03  9.51261288e-01
 4.81444500e+03  9.48795541e-01
 4.81534500e+03  9.51576448e-01
 4.81624600e+03  9.59681177e-01
 4.81714600e+03  9.72504648e-01
 4.81804600e+03  9.85398796e-01
 4.81894700e+03  9.92395777e-01
 4.81984700e+03  1.00020770e+00
 4.82074700e+03  1.00595486e+00
 4.82164700e+03  9.99536996e-01
 4.82254700e+03  9.85848818e-01
 4.82344800e+03  9.54579482e-01
 4.82434800e+03  9.02762733e-01
 4.82524800e+03  8.81680920e-01
 4.82614800e+03  9.15504710e-01
 4.82704900e+03  9.57335868e-01
 4.82794900e+03  9.68181117e-01
 4.82884900e+03  9.51704820e-01
 4.82974900e+03  9.33031059e-01
 4.83064900e+03  9.32233423e-01
 4.83155000e+03  9.39330650e-01
 4.83245000e+03  9.21401877e-01
 4.83335000e+03  8.98710369e-01
 4.83425000e+03  9.11694666e-01
 4.83515000e+03  9.44019103e-01
 4.83605100e+03  9.59219615e-01
 4.83695100e+03  9.53825838e-01
 4.83785100e+03  9.50930984e-01
 4.83875200e+03  9.51581497e-01
 4.83965200e+03  9.32159141e-01
 4.84055200e+03  9.01271313e-01
 4.84145300e+03  8.89915462e-01
 4.84235300e+03  9.05677781e-01
 4.84325300e+03  9.16335520e-01
 4.84415300e+03  9.03339685e-01
 4.84505300e+03  9.03167320e-01
 4.84595400e+03  9.35207609e-01
 4.84685400e+03  9.65915860e-01
 4.84775400e+03  9.67154864e-01
 4.84865400e+03  9.38704657e-01
 4.84955500e+03  9.03036064e-01
 4.85045500e+03  8.99525313e-01
 4.85135500e+03  9.28212791e-01
 4.85225500e+03  9.42330077e-01
 4.85315500e+03  9.34838360e-01
 4.85405600e+03  9.29707096e-01
 4.85495600e+03  9.09493595e-01
 4.85585600e+03  8.56953493e-01
 4.85675600e+03  8.15093488e-01
 4.85765700e+03  8.28525643e-01
 4.85855700e+03  8.61632571e-01
 4.85945700e+03  8.54582943e-01
 4.86035700e+03  7.95520403e-01
 4.86125700e+03  7.03626862e-01
 4.86215800e+03  6.25643986e-01
 4.86305800e+03  6.27413353e-01
 4.86395800e+03  7.06372142e-01
 4.86485900e+03  7.76758657e-01
 4.86575900e+03  8.10820440e-01
 4.86665900e+03  8.42409985e-01
 4.86756000e+03  8.70560898e-01
 4.86846000e+03  8.79745247e-01
 4.86936000e+03  8.80868139e-01
 4.87026000e+03  8.87684102e-01
 4.87116000e+03  8.65988556e-01
 4.87206100e+03  7.97924128e-01
 4.87296100e+03  7.53725305e-01
 4.87386100e+03  7.89500634e-01
 4.87476100e+03  8.54096140e-01
 4.87566100e+03  8.82412927e-01
 4.87656200e+03  8.83308645e-01
 4.87746200e+03  8.92855031e-01
 4.87836200e+03  9.05796056e-01
 4.87926200e+03  9.14759721e-01
 4.88016200e+03  9.45731928e-01
 4.88106300e+03  9.70268960e-01
 4.88196300e+03  9.42188003e-01
 4.88286300e+03  9.02865863e-01
 4.88376400e+03  9.07987030e-01
 4.88466400e+03  9.28810657e-01
 4.88556400e+03  9.11824480e-01
 4.88646400e+03  8.67575894e-01
 4.88736400e+03  8.41853948e-01
 4.88826500e+03  8.52185709e-01
 4.88916500e+03  8.74323344e-01
 4.89006500e+03  8.80109448e-01
 4.89096600e+03  8.53762230e-01
 4.89186600e+03  7.97293808e-01
 4.89276600e+03  7.82355809e-01
 4.89366600e+03  8.56010899e-01
 4.89456700e+03  9.47125987e-01
 4.89546700e+03  1.00198688e+00
 4.89636700e+03  1.02681383e+00
 4.89726700e+03  1.02838386e+00
 4.89816700e+03  1.02041399e+00
 4.89906800e+03  1.01417210e+00
 4.89996800e+03  9.93295822e-01
 4.90086800e+03  9.57904887e-01
 4.90176800e+03  9.48013772e-01
 4.90266800e+03  9.64058797e-01
 4.90356900e+03  9.57715214e-01
 4.90446900e+03  9.29549877e-01
 4.90536900e+03  9.27517565e-01
 4.90627000e+03  9.65808403e-01
 4.90717000e+03  1.00618059e+00
 4.90807000e+03  1.00845306e+00
 4.90897000e+03  9.76464700e-01
 4.90987000e+03  9.35312903e-01
 4.91077100e+03  8.93867581e-01
 4.91167100e+03  8.70259441e-01
 4.91257100e+03  8.85463559e-01
 4.91347200e+03  9.21870650e-01
 4.91437200e+03  9.48497690e-01
 4.91527200e+03  9.66987548e-01
 4.91617200e+03  9.91647183e-01
 4.91707300e+03  1.00538512e+00
 4.91797300e+03  9.82009205e-01
 4.91887300e+03  9.15669141e-01
 4.91977300e+03  8.26194037e-01
 4.92067300e+03  7.54841706e-01
 4.92157400e+03  7.36398726e-01
 4.92247400e+03  7.83838575e-01
 4.92337400e+03  8.60918594e-01
 4.92427400e+03  9.00065484e-01
 4.92517400e+03  8.88051187e-01
 4.92607500e+03  8.79102667e-01
 4.92697500e+03  9.13173104e-01
 4.92787500e+03  9.56838968e-01
 4.92877500e+03  9.75062707e-01
 4.92967600e+03  9.91064461e-01
 4.93057600e+03  1.01083876e+00
 4.93147600e+03  1.01263236e+00
 4.93237700e+03  1.00667749e+00
 4.93327700e+03  9.85994499e-01
 4.93417700e+03  9.29867921e-01
 4.93507700e+03  8.86924689e-01
 4.93597700e+03  9.10689327e-01
 4.93687800e+03  9.50845883e-01
 4.93777800e+03  9.38222902e-01
 4.93867800e+03  8.80015693e-01
 4.93957900e+03  8.24973785e-01
 4.94047900e+03  8.22948684e-01
 4.94137900e+03  8.83494712e-01
 4.94227900e+03  9.52060366e-01
 4.94317900e+03  9.80727651e-01
 4.94408000e+03  9.92889071e-01
 4.94498000e+03  1.00895573e+00
 4.94588000e+03  1.00197822e+00
 4.94678000e+03  9.71520224e-01
 4.94768000e+03  9.62622909e-01
 4.94858100e+03  9.86053636e-01
 4.94948100e+03  1.00636666e+00
 4.95038100e+03  1.00892400e+00
 4.95128100e+03  1.00956081e+00
 4.95218200e+03  1.01764895e+00
 4.95308200e+03  1.01445624e+00
 4.95398200e+03  9.93026818e-01
 4.95488200e+03  9.76970254e-01
 4.95578300e+03  9.73595087e-01
 4.95668300e+03  9.57824835e-01
 4.95758300e+03  8.84430816e-01
 4.95848400e+03  7.80668947e-01
 4.95938400e+03  7.73819088e-01
 4.96028400e+03  8.80433983e-01
 4.96118400e+03  9.74882410e-01
 4.96208500e+03  9.97709502e-01
 4.96298500e+03  9.85221384e-01
 4.96388500e+03  9.81844053e-01
 4.96478500e+03  9.84461971e-01
 4.96568500e+03  9.60081437e-01
 4.96658600e+03  9.16765349e-01
 4.96748600e+03  8.96515789e-01
 4.96838600e+03  9.02262227e-01
 4.96928600e+03  9.08440658e-01
 4.97018600e+03  9.14876554e-01
 4.97108700e+03  9.23181052e-01
 4.97198700e+03  9.34619118e-01
 4.97288700e+03  9.56895942e-01
 4.97378700e+03  9.75283391e-01
 4.97468800e+03  9.84800209e-01
 4.97558800e+03  9.91935658e-01
 4.97648800e+03  9.87472937e-01
 4.97738800e+03  9.75143481e-01
 4.97828900e+03  9.58982344e-01
 4.97918900e+03  9.29164762e-01
 4.98008900e+03  9.04324108e-01
 4.98098900e+03  9.03018755e-01
 4.98189000e+03  8.96939127e-01
 4.98279000e+03  8.53989404e-01
 4.98369000e+03  7.96685124e-01
 4.98459100e+03  7.78337341e-01
 4.98549100e+03  8.04362187e-01
 4.98639100e+03  8.38921591e-01
 4.98729100e+03  8.76971552e-01
 4.98819100e+03  9.25756420e-01
 4.98909200e+03  9.54873006e-01
 4.98999200e+03  9.49461920e-01
 4.99089200e+03  9.30780947e-01
 4.99179200e+03  9.11196324e-01
 4.99269200e+03  9.09378926e-01
 4.99359300e+03  9.29453959e-01
 4.99449300e+03  9.30785274e-01
 4.99539300e+03  9.19949401e-01
 4.99629300e+03  9.34184241e-01
 4.99719400e+03  9.52182969e-01
 4.99809400e+03  9.52131764e-01
 4.99899400e+03  9.43019534e-01
 4.99989400e+03  9.17076182e-01
 5.00079500e+03  8.78409604e-01
 5.00169500e+03  8.57019122e-01
 5.00259500e+03  8.56638334e-01
 5.00349500e+03  8.64134378e-01
 5.00439600e+03  8.74978905e-01
 5.00529600e+03  8.73566816e-01
 5.00619600e+03  8.40988520e-01
 5.00709600e+03  7.99806433e-01
 5.00799700e+03  8.05273050e-01
 5.00889700e+03  8.60349575e-01
 5.00979700e+03  9.14102718e-01
 5.01069700e+03  9.29052256e-01
 5.01159800e+03  9.16006658e-01
 5.01249800e+03  8.84807998e-01
 5.01339800e+03  8.36819323e-01
 5.01429800e+03  7.97316886e-01
 5.01519800e+03  7.81557452e-01
 5.01609900e+03  7.99776143e-01
 5.01699900e+03  8.41020974e-01
 5.01789900e+03  8.57663144e-01
 5.01879900e+03  8.39072319e-01
 5.01969900e+03  8.30271643e-01
 5.02060000e+03  8.53542267e-01
 5.02150000e+03  8.75871738e-01
 5.02240000e+03  8.68527865e-01
 5.02330100e+03  8.45899100e-01
 5.02420100e+03  8.51108252e-01
 5.02510100e+03  8.86332592e-01
 5.02600200e+03  9.10179446e-01
 5.02690200e+03  9.11438643e-01
 5.02780200e+03  8.89426496e-01
 5.02870200e+03  8.56683768e-01
 5.02960200e+03  8.64559158e-01
 5.03050300e+03  9.06391038e-01
 5.03140300e+03  9.30803304e-01
 5.03230300e+03  9.39734516e-01
 5.03320300e+03  9.59576604e-01
 5.03410400e+03  9.86060127e-01
 5.03500400e+03  9.91507272e-01
 5.03590400e+03  9.50133348e-01
 5.03680400e+03  8.82735299e-01
 5.03770400e+03  8.58711032e-01
 5.03860500e+03  8.84632027e-01
 5.03950500e+03  8.88179559e-01
 5.04040500e+03  8.44176178e-01
 5.04130500e+03  7.78009199e-01
 5.04220600e+03  7.25487849e-01
 5.04310600e+03  7.48074784e-01
 5.04400600e+03  8.40039435e-01
 5.04490600e+03  9.16677364e-01
 5.04580600e+03  9.56689682e-01
 5.04670700e+03  9.87185183e-01
 5.04760700e+03  9.99394922e-01
 5.04850700e+03  9.67366172e-01
 5.04940800e+03  9.03139194e-01
 5.05030800e+03  8.56869835e-01
 5.05120800e+03  8.51706839e-01
 5.05210900e+03  8.62282363e-01
 5.05300900e+03  8.68505508e-01
 5.05390900e+03  8.85660444e-01
 5.05480900e+03  9.17983439e-01
 5.05570900e+03  9.47681303e-01
 5.05661000e+03  9.60435541e-01
 5.05751000e+03  9.57944552e-01
 5.05841000e+03  9.57764976e-01
 5.05931000e+03  9.65509831e-01
 5.06021000e+03  9.70112462e-01
 5.06111100e+03  9.74040782e-01
 5.06201100e+03  9.88704008e-01
 5.06291100e+03  1.00122674e+00
 5.06381100e+03  9.92803971e-01
 5.06471200e+03  9.50085028e-01
 5.06561200e+03  8.82743232e-01
 5.06651200e+03  8.51196958e-01
 5.06741200e+03  8.76653507e-01
 5.06831200e+03  8.98010815e-01
 5.06921300e+03  8.88368511e-01
 5.07011300e+03  8.87472072e-01
 5.07101300e+03  9.15608561e-01
 5.07191400e+03  9.32715178e-01
 5.07281400e+03  9.06848272e-01
 5.07371400e+03  8.81423455e-01
 5.07461400e+03  8.98216354e-01
 5.07551500e+03  9.19919833e-01
 5.07641500e+03  9.12133870e-01
 5.07731500e+03  9.04123618e-01
 5.07821500e+03  9.19410673e-01
 5.07911600e+03  9.18169506e-01
 5.08001600e+03  8.56809977e-01
 5.08091600e+03  7.85358842e-01
 5.08181600e+03  7.78609229e-01
 5.08271600e+03  8.21499093e-01
 5.08361700e+03  8.51628951e-01
 5.08451700e+03  8.55764973e-01
 5.08541700e+03  8.68683642e-01
 5.08631700e+03  8.98563967e-01
 5.08721700e+03  9.20203981e-01
 5.08811800e+03  9.21346346e-01
 5.08901800e+03  9.16595149e-01
 5.08991800e+03  9.22082680e-01
 5.09081900e+03  9.31875713e-01
 5.09171900e+03  9.33070724e-01
 5.09261900e+03  9.35622293e-01
 5.09351900e+03  9.54658091e-01
 5.09441900e+03  9.75716105e-01
 5.09532000e+03  9.73359258e-01
 5.09622000e+03  9.49756887e-01
 5.09712000e+03  9.22798100e-01
 5.09802100e+03  8.95239283e-01
 5.09892100e+03  8.58373516e-01
 5.09982100e+03  8.15230514e-01
 5.10072100e+03  8.07554893e-01
 5.10162200e+03  8.56085902e-01
 5.10252200e+03  9.13193298e-01
 5.10342200e+03  9.36086739e-01
 5.10432200e+03  9.26408375e-01
 5.10522200e+03  9.07852168e-01
 5.10612300e+03  8.98580555e-01
 5.10702300e+03  8.95017157e-01
 5.10792300e+03  8.77868712e-01
 5.10882300e+03  8.55961137e-01
 5.10972300e+03  8.55350289e-01
 5.11062400e+03  8.57301828e-01
 5.11152400e+03  8.53608616e-01
 5.11242400e+03  8.74345701e-01
 5.11332400e+03  9.06749469e-01
 5.11422500e+03  9.20783096e-01
 5.11512500e+03  9.28827245e-01
 5.11602500e+03  9.37164196e-01
 5.11692600e+03  9.40144873e-01
 5.11782600e+03  9.52012768e-01
 5.11872600e+03  9.70944715e-01
 5.11962600e+03  9.75254544e-01
 5.12052700e+03  9.62190916e-01
 5.12142700e+03  9.38765958e-01
 5.12232700e+03  9.13526487e-01
 5.12322700e+03  8.90840748e-01
 5.12412800e+03  8.58201151e-01
 5.12502800e+03  8.24967294e-01
 5.12592800e+03  8.20325718e-01
 5.12682800e+03  8.37234728e-01
 5.12772800e+03  8.50573129e-01
 5.12862900e+03  8.51869828e-01
 5.12952900e+03  8.47488602e-01
 5.13042900e+03  8.42614081e-01
 5.13132900e+03  8.51250326e-01
 5.13222900e+03  8.77195121e-01
 5.13313000e+03  8.98619499e-01
 5.13403000e+03  9.01290064e-01
 5.13493000e+03  8.98058413e-01
 5.13583100e+03  9.15664093e-01
 5.13673100e+03  9.34442427e-01
 5.13763100e+03  9.15954732e-01
 5.13853100e+03  8.79193537e-01
 5.13943100e+03  8.48105219e-01
 5.14033200e+03  8.25161294e-01
 5.14123200e+03  8.43248728e-01
 5.14213200e+03  8.80483745e-01
 5.14303300e+03  8.64031969e-01
 5.14393300e+03  8.27577279e-01
 5.14483300e+03  8.44583650e-01
 5.14573300e+03  8.79122139e-01
 5.14663400e+03  8.74189203e-01
 5.14753400e+03  8.49237486e-01
 5.14843400e+03  8.35777926e-01
 5.14933400e+03  8.43577591e-01
 5.15023400e+03  8.66633300e-01
 5.15113500e+03  8.76212139e-01
 5.15203500e+03  8.60640936e-01
 5.15293500e+03  8.44586535e-01
 5.15383500e+03  8.40503881e-01
 5.15473500e+03  8.39451665e-01
 5.15563600e+03  8.47105650e-01
 5.15653600e+03  8.72120110e-01
 5.15743600e+03  9.03716146e-01
 5.15833700e+03  9.32089185e-01
 5.15923700e+03  9.45098724e-01
 5.16013700e+03  9.38595036e-01
 5.16103700e+03  9.36559118e-01
 5.16193800e+03  9.41684612e-01
 5.16283800e+03  9.22826948e-01
 5.16373800e+03  8.90943878e-01
 5.16463800e+03  8.79419269e-01
 5.16553900e+03  8.61617426e-01
 5.16643900e+03  8.01394492e-01
 5.16733900e+03  7.08764977e-01
 5.16823900e+03  6.19260233e-01
 5.16914000e+03  5.89960681e-01
 5.17004000e+03  6.46869244e-01
 5.17094000e+03  7.38358919e-01
 5.17184000e+03  7.65448241e-01
 5.17274000e+03  6.81470332e-01
 5.17364100e+03  5.76764859e-01
 5.17454100e+03  5.84749726e-01
 5.17544100e+03  7.08344307e-01
 5.17634100e+03  8.28291257e-01
 5.17724100e+03  8.75476526e-01
 5.17814200e+03  8.83695923e-01
 5.17904200e+03  8.92242020e-01
 5.17994200e+03  8.96715559e-01
 5.18084200e+03  8.86111187e-01
 5.18174300e+03  8.61559010e-01
 5.18264300e+03  8.09709808e-01
 5.18354300e+03  7.06127154e-01
 5.18444400e+03  5.85223619e-01
 5.18534400e+03  5.60724089e-01
 5.18624400e+03  6.71179823e-01
 5.18714400e+03  8.10524752e-01
 5.18804500e+03  8.87625685e-01
 5.18894500e+03  8.98647625e-01
 5.18984500e+03  8.92324956e-01
 5.19074500e+03  9.13724093e-01
 5.19164600e+03  9.19704197e-01
 5.19254600e+03  8.54688237e-01
 5.19344600e+03  7.83873913e-01
 5.19434600e+03  7.93420299e-01
 5.19524600e+03  8.42600379e-01
 5.19614700e+03  8.55453419e-01
 5.19704700e+03  8.51936899e-01
 5.19794700e+03  8.71516474e-01
 5.19884700e+03  8.98243038e-01
 5.19974700e+03  9.17661788e-01
 5.20064800e+03  9.35053274e-01
 5.20154800e+03  9.42587542e-01
 5.20244800e+03  9.32244241e-01
 5.20334800e+03  9.15533558e-01
 5.20424900e+03  9.02233380e-01
 5.20514900e+03  8.68331701e-01
 5.20604900e+03  8.06718313e-01
 5.20694900e+03  7.67883698e-01
 5.20785000e+03  7.74265504e-01
 5.20875000e+03  7.77117809e-01
 5.20965000e+03  7.56552368e-01
 5.21055100e+03  7.68548635e-01
 5.21145100e+03  8.19427116e-01
 5.21235100e+03  8.76233054e-01
 5.21325100e+03  9.27197356e-01
 5.21415200e+03  9.59369623e-01
 5.21505200e+03  9.58926091e-01
 5.21595200e+03  9.21911037e-01
 5.21685200e+03  8.77178533e-01
 5.21775200e+03  8.63558147e-01
 5.21865300e+03  8.85728957e-01
 5.21955300e+03  9.25081386e-01
 5.22045300e+03  9.57410151e-01
 5.22135300e+03  9.70852403e-01
 5.22225300e+03  9.75601436e-01
 5.22315400e+03  9.71531042e-01
 5.22405400e+03  9.49056612e-01
 5.22495400e+03  9.08603647e-01
 5.22585400e+03  8.59037010e-01
 5.22675500e+03  8.03826343e-01
 5.22765500e+03  7.49017379e-01
 5.22855500e+03  7.46148487e-01
 5.22945600e+03  8.24686030e-01
 5.23035600e+03  9.08805580e-01
 5.23125600e+03  9.43178917e-01
 5.23215600e+03  9.54060946e-01
 5.23305600e+03  9.37449787e-01
 5.23395700e+03  8.86921804e-01
 5.23485700e+03  8.59034125e-01
 5.23575700e+03  8.75091411e-01
 5.23665800e+03  9.07463447e-01
 5.23755800e+03  9.47221906e-01
 5.23845800e+03  9.79089830e-01
 5.23935800e+03  9.87400097e-01
 5.24025800e+03  9.79278782e-01
 5.24115900e+03  9.72408730e-01
 5.24205900e+03  9.76124298e-01
 5.24295900e+03  9.76779860e-01
 5.24385900e+03  9.66879370e-01
 5.24475900e+03  9.70799756e-01
 5.24566000e+03  9.95178127e-01
 5.24656000e+03  9.97049614e-01
 5.24746000e+03  9.47355326e-01
 5.24836000e+03  8.92998548e-01
 5.24926100e+03  8.91593670e-01
 5.25016100e+03  9.12189402e-01
 5.25106100e+03  8.97692049e-01
 5.25196200e+03  8.76836690e-01
 5.25286200e+03  8.94910421e-01
 5.25376200e+03  9.28636851e-01
 5.25466200e+03  9.37818315e-01
 5.25556200e+03  9.13440666e-01
 5.25646300e+03  8.92851425e-01
 5.25736300e+03  9.23974360e-01
 5.25826300e+03  9.82283257e-01
 5.25916400e+03  1.01705758e+00
 5.26006400e+03  1.02176694e+00
 5.26096400e+03  1.00402352e+00
 5.26186400e+03  9.67415935e-01
 5.26276400e+03  9.12914918e-01
 5.26366500e+03  8.52362401e-01
 5.26456500e+03  8.04822306e-01
 5.26546500e+03  7.73214731e-01
 5.26636500e+03  7.47264167e-01
 5.26726500e+03  7.41079967e-01
 5.26816600e+03  7.87559913e-01
 5.26906600e+03  8.30224045e-01
 5.26996600e+03  7.76658411e-01
 5.27086600e+03  6.84767827e-01
 5.27176700e+03  6.96890663e-01
 5.27266700e+03  8.07229637e-01
 5.27356700e+03  8.89492124e-01
 5.27446700e+03  9.03796198e-01
 5.27536800e+03  8.93307217e-01
 5.27626800e+03  8.73746392e-01
 5.27716800e+03  8.75233485e-01
 5.27806900e+03  9.30646806e-01
 5.27896900e+03  9.94629301e-01
 5.27986900e+03  1.01497622e+00
 5.28076900e+03  9.93707621e-01
 5.28167000e+03  9.55396589e-01
 5.28257000e+03  9.21973780e-01
 5.28347000e+03  8.99030577e-01
 5.28437000e+03  8.79427202e-01
 5.28527000e+03  8.79066608e-01
 5.28617100e+03  9.29779936e-01
 5.28707100e+03  1.00300231e+00
 5.28797100e+03  1.03988467e+00
 5.28887100e+03  1.03126501e+00
 5.28977100e+03  1.01334706e+00
 5.29067200e+03  1.01750688e+00
 5.29157200e+03  1.03674605e+00
 5.29247200e+03  1.04464957e+00
 5.29337200e+03  1.03121525e+00
 5.29427300e+03  1.01103709e+00
 5.29517300e+03  1.00418651e+00
 5.29607300e+03  1.00064402e+00
 5.29697400e+03  9.70405986e-01
 5.29787400e+03  9.06246800e-01
 5.29877400e+03  8.44237479e-01
 5.29967400e+03  8.41301516e-01
 5.30057400e+03  8.98850280e-01
 5.30147500e+03  9.43476047e-01
 5.30237500e+03  9.41980300e-01
 5.30327500e+03  9.36895914e-01
 5.30417600e+03  9.62721712e-01
 5.30507600e+03  1.00822589e+00
 5.30597600e+03  1.04120228e+00
 5.30687600e+03  1.04450677e+00
 5.30777600e+03  1.02279247e+00
 5.30867700e+03  1.00306722e+00
 5.30957700e+03  1.01020844e+00
 5.31047700e+03  1.03406755e+00
 5.31137700e+03  1.04738864e+00
 5.31227700e+03  1.04421685e+00
 5.31317800e+03  1.03322737e+00
 5.31407800e+03  1.01893627e+00
 5.31497800e+03  1.01048610e+00
 5.31587800e+03  1.00839393e+00
 5.31677900e+03  9.95559636e-01
 5.31767900e+03  9.73851109e-01
 5.31857900e+03  9.70221362e-01
 5.31948000e+03  9.85496878e-01
 5.32038000e+03  9.94229762e-01
 5.32128000e+03  9.93894409e-01
 5.32218000e+03  9.92456357e-01
 5.32308100e+03  9.87863101e-01
 5.32398100e+03  9.67732537e-01
 5.32488100e+03  9.25844405e-01
 5.32578100e+03  9.01474688e-01
 5.32668200e+03  9.20522747e-01
 5.32758200e+03  9.19362353e-01
 5.32848200e+03  8.36931108e-01
 5.32938200e+03  7.34768116e-01
 5.33028200e+03  7.38876733e-01
 5.33118300e+03  8.44759620e-01
 5.33208300e+03  9.39777066e-01
 5.33298300e+03  9.67752730e-01
 5.33388300e+03  9.57020708e-01
 5.33478300e+03  9.63375109e-01
 5.33568400e+03  9.96264238e-01
 5.33658400e+03  1.01681958e+00
 5.33748400e+03  1.00941946e+00
 5.33838400e+03  9.96805851e-01
 5.33928500e+03  9.91277212e-01
 5.34018500e+03  9.65855280e-01
 5.34108500e+03  9.07729565e-01
 5.34198500e+03  8.70516184e-01
 5.34288600e+03  9.01878555e-01
 5.34378600e+03  9.60012924e-01
 5.34468600e+03  9.89940127e-01
 5.34558700e+03  9.89601168e-01
 5.34648700e+03  9.69282373e-01
 5.34738700e+03  9.55064121e-01
 5.34828700e+03  9.61898834e-01
 5.34918800e+03  9.55062679e-01
 5.35008800e+03  9.29018360e-01
 5.35098800e+03  9.27772866e-01
 5.35188800e+03  9.66305303e-01
 5.35278800e+03  1.00775135e+00
 5.35368900e+03  1.01964592e+00
 5.35458900e+03  1.01752635e+00
 5.35548900e+03  1.03219751e+00
 5.35638900e+03  1.05620951e+00
 5.35728900e+03  1.06651459e+00
 5.35819000e+03  1.06662710e+00
 5.35909000e+03  1.06571768e+00
 5.35999000e+03  1.06400197e+00
 5.36089000e+03  1.05911879e+00
 5.36179100e+03  1.04404305e+00
 5.36269100e+03  1.01756746e+00
 5.36359100e+03  9.97348186e-01
 5.36449200e+03  9.92510446e-01
 5.36539200e+03  9.83739339e-01
 5.36629200e+03  9.66002403e-01
 5.36719200e+03  9.62710173e-01
 5.36809200e+03  9.69001109e-01
 5.36899300e+03  9.69462671e-01
 5.36989300e+03  9.57180091e-01
 5.37079300e+03  9.13253877e-01
 5.37169400e+03  8.51514282e-01
 5.37259400e+03  8.26150766e-01
 5.37349400e+03  8.74805099e-01
 5.37439400e+03  9.59335006e-01
 5.37529400e+03  1.01540028e+00
 5.37619500e+03  1.03658739e+00
 5.37709500e+03  1.03314731e+00
 5.37799500e+03  1.01538586e+00
 5.37889500e+03  1.00966394e+00
 5.37979500e+03  1.02044789e+00
 5.38069600e+03  1.02248020e+00
 5.38159600e+03  1.00867375e+00
 5.38249600e+03  9.96223851e-01
 5.38339600e+03  9.85964209e-01
 5.38429700e+03  9.71415652e-01
 5.38519700e+03  9.74767020e-01
 5.38609700e+03  1.00156642e+00
 5.38699800e+03  1.01899902e+00
 5.38789800e+03  1.01558130e+00
 5.38879800e+03  1.00521997e+00
 5.38969800e+03  9.89818967e-01
 5.39059900e+03  9.65747102e-01
 5.39149900e+03  9.45166515e-01
 5.39239900e+03  9.37650999e-01
 5.39329900e+03  9.38178910e-01
 5.39420000e+03  9.38612345e-01
 5.39510000e+03  9.39571527e-01
 5.39600000e+03  9.44065980e-01
 5.39690000e+03  9.30363379e-01
 5.39780000e+03  8.83251671e-01
 5.39870100e+03  8.58418951e-01
 5.39960100e+03  9.00733306e-01
 5.40050100e+03  9.51637028e-01
 5.40140100e+03  9.59964604e-01
 5.40230100e+03  9.58396017e-01
 5.40320200e+03  9.74175644e-01
 5.40410200e+03  9.70300693e-01
 5.40500200e+03  9.16394658e-01
 5.40590200e+03  8.45314936e-01
 5.40680300e+03  8.09660046e-01
 5.40770300e+03  8.33723978e-01
 5.40860300e+03  8.92410778e-01
 5.40950300e+03  9.25236442e-01
 5.41040400e+03  9.06041982e-01
 5.41130400e+03  8.80471485e-01
 5.41220400e+03  9.02358867e-01
 5.41310500e+03  9.56238939e-01
 5.41400500e+03  9.92713101e-01
 5.41490500e+03  9.94177837e-01
 5.41580500e+03  9.78887897e-01
 5.41670600e+03  9.78234499e-01
 5.41760600e+03  1.00379490e+00
 5.41850600e+03  1.02701288e+00
 5.41940600e+03  1.02553876e+00
 5.42030600e+03  1.00541613e+00
 5.42120700e+03  9.80812752e-01
 5.42210700e+03  9.71645711e-01
 5.42300700e+03  9.87972001e-01
 5.42390700e+03  9.95538721e-01
 5.42480700e+03  9.63618872e-01
 5.42570800e+03  9.35502575e-01
 5.42660800e+03  9.60307890e-01
 5.42750800e+03  1.01197319e+00
 5.42840800e+03  1.04055033e+00
 5.42930900e+03  1.00976346e+00
 5.43020900e+03  9.25090041e-01
 5.43110900e+03  8.73537968e-01
 5.43201000e+03  9.11477588e-01
 5.43291000e+03  9.61090381e-01
 5.43381000e+03  9.53394567e-01
 5.43471000e+03  9.17924301e-01
 5.43561000e+03  8.92145380e-01
 5.43651100e+03  8.91288607e-01
 5.43741100e+03  9.13442829e-01
 5.43831100e+03  9.49228976e-01
 5.43921200e+03  9.93247502e-01
 5.44011200e+03  1.02944112e+00
 5.44101200e+03  1.04758048e+00
 5.44191200e+03  1.05028999e+00
 5.44281200e+03  1.04673813e+00
 5.44371300e+03  1.04649798e+00
 5.44461300e+03  1.04196530e+00
 5.44551300e+03  1.01463005e+00
 5.44641300e+03  9.58642664e-01
 5.44731300e+03  8.88814206e-01
 5.44821400e+03  8.53502601e-01
 5.44911400e+03  8.92644443e-01
 5.45001400e+03  9.63501318e-01
 5.45091400e+03  1.00611785e+00
 5.45181500e+03  1.01442379e+00
 5.45271500e+03  1.00673303e+00
 5.45361500e+03  9.96044996e-01
 5.45451600e+03  9.78541005e-01
 5.45541600e+03  9.38634702e-01
 5.45631600e+03  8.82304749e-01
 5.45721600e+03  8.66145775e-01
 5.45811700e+03  9.19846271e-01
 5.45901700e+03  9.88473948e-01
 5.45991700e+03  1.02134072e+00
 5.46081700e+03  1.01649721e+00
 5.46171800e+03  9.95414677e-01
 5.46261800e+03  9.72453444e-01
 5.46351800e+03  9.40863177e-01
 5.46441800e+03  9.15071275e-01
 5.46531800e+03  9.30431170e-01
 5.46621900e+03  9.68582819e-01
 5.46711900e+03  9.82463555e-01
 5.46801900e+03  9.79066031e-01
 5.46891900e+03  9.86962335e-01
 5.46981900e+03  9.94744692e-01
 5.47072000e+03  9.82662603e-01
 5.47162000e+03  9.64751860e-01
 5.47252000e+03  9.65488916e-01
 5.47342000e+03  9.69203042e-01
 5.47432100e+03  9.52449809e-01
 5.47522100e+03  9.39310456e-01
 5.47612100e+03  9.37350263e-01
 5.47702100e+03  9.03879856e-01
 5.47792200e+03  8.53675687e-01
 5.47882200e+03  8.64081731e-01
 5.47972200e+03  9.31718494e-01
 5.48062300e+03  9.75638938e-01
 5.48152300e+03  9.55103065e-01
 5.48242300e+03  9.10390755e-01
 5.48332300e+03  9.01985291e-01
 5.48422400e+03  9.31448769e-01
 5.48512400e+03  9.70925243e-01
 5.48602400e+03  1.00579476e+00
 5.48692400e+03  1.01474184e+00
 5.48782400e+03  9.84506685e-01
 5.48872500e+03  9.44735244e-01
 5.48962500e+03  9.39331371e-01
 5.49052500e+03  9.58086626e-01
 5.49142500e+03  9.69857882e-01
 5.49232500e+03  9.81551250e-01
 5.49322600e+03  9.91363034e-01
 5.49412600e+03  9.80019443e-01
 5.49502600e+03  9.63405399e-01
 5.49592600e+03  9.69964618e-01
 5.49682700e+03  9.83515049e-01
 5.49772700e+03  9.70755042e-01
 5.49862700e+03  9.48530865e-01
 5.49952800e+03  9.62822678e-01
 5.50042800e+03  1.00000000e+00
 5.50132800e+03  1.00491491e+00
 5.50222800e+03  9.71401228e-01
 5.50312900e+03  9.42641631e-01
 5.50402900e+03  9.42106508e-01
 5.50492900e+03  9.55398032e-01
 5.50582900e+03  9.62240678e-01
 5.50673000e+03  9.45603556e-01
 5.50763000e+03  9.20707372e-01
 5.50853000e+03  9.30532137e-01
 5.50943000e+03  9.66703399e-01
 5.51033000e+03  9.83277778e-01
 5.51123100e+03  9.75095161e-01
 5.51213100e+03  9.56394716e-01
 5.51303100e+03  9.26788442e-01
 5.51393100e+03  9.02309826e-01
 5.51483100e+03  9.02971157e-01
 5.51573200e+03  9.19778479e-01
 5.51663200e+03  9.39329928e-01
 5.51753200e+03  9.54703526e-01
 5.51843200e+03  9.71887310e-01
 5.51933300e+03  9.98940573e-01
 5.52023300e+03  1.01783862e+00
 5.52113300e+03  1.01569741e+00
 5.52203300e+03  1.00623540e+00
 5.52293400e+03  1.00211525e+00
 5.52383400e+03  1.00231718e+00
 5.52473400e+03  1.00376894e+00
 5.52563500e+03  1.00091303e+00
 5.52653500e+03  9.89283844e-01
 5.52743500e+03  9.69642968e-01
 5.52833500e+03  9.36781244e-01
 5.52923600e+03  9.00669120e-01
 5.53013600e+03  9.02075439e-01
 5.53103600e+03  9.48125556e-01
 5.53193600e+03  9.89016283e-01
 5.53283600e+03  9.96298134e-01
 5.53373700e+03  9.87223406e-01
 5.53463700e+03  9.80707458e-01
 5.53553700e+03  9.70824276e-01
 5.53643700e+03  9.58593623e-01
 5.53733700e+03  9.63713347e-01
 5.53823800e+03  9.76992611e-01
 5.53913800e+03  9.79290321e-01
 5.54003800e+03  9.83475384e-01
 5.54093900e+03  1.00112938e+00
 5.54183900e+03  1.01958679e+00
 5.54273900e+03  1.02229125e+00
 5.54363900e+03  1.00423771e+00
 5.54453900e+03  9.82692893e-01
 5.54544000e+03  9.80155748e-01
 5.54634000e+03  9.87293361e-01
 5.54724000e+03  9.84968967e-01
 5.54814100e+03  9.86792856e-01
 5.54904100e+03  1.00770735e+00
 5.54994100e+03  1.02892403e+00
 5.55084100e+03  1.03458897e+00
 5.55174200e+03  1.03344733e+00
 5.55264200e+03  1.03034766e+00
 5.55354200e+03  1.01962501e+00
 5.55444200e+03  9.99303331e-01
 5.55534200e+03  9.81436581e-01
 5.55624300e+03  9.80280514e-01
 5.55714300e+03  9.92573911e-01
 5.55804300e+03  9.98254000e-01
 5.55894300e+03  9.93298707e-01
 5.55984300e+03  9.93408327e-01
 5.56074400e+03  9.98612431e-01
 5.56164400e+03  9.97516223e-01
 5.56254400e+03  9.88706172e-01
 5.56344400e+03  9.73349161e-01
 5.56434500e+03  9.61668775e-01
 5.56524500e+03  9.64993459e-01
 5.56614500e+03  9.66890909e-01
 5.56704600e+03  9.54960991e-01
 5.56794600e+03  9.48996753e-01
 5.56884600e+03  9.57051719e-01
 5.56974700e+03  9.59730939e-01
 5.57064700e+03  9.51755303e-01
 5.57154700e+03  9.61033407e-01
 5.57244700e+03  9.80345421e-01
 5.57334700e+03  9.64160485e-01
 5.57424800e+03  9.36255497e-01
 5.57514800e+03  9.52676262e-01
 5.57604800e+03  9.85527168e-01
 5.57694800e+03  9.87415242e-01
 5.57784800e+03  9.81673852e-01
 5.57874900e+03  9.89984841e-01
 5.57964900e+03  9.92483762e-01
 5.58054900e+03  9.92254424e-01
 5.58144900e+03  9.99950959e-01
 5.58234900e+03  9.96484201e-01
 5.58325000e+03  9.82139019e-01
 5.58415000e+03  9.80248782e-01
 5.58505000e+03  9.83918194e-01
 5.58595000e+03  9.72888321e-01
 5.58685100e+03  9.41983185e-01
 5.58775100e+03  8.96235967e-01
 5.58865100e+03  8.60037300e-01
 5.58955200e+03  8.52789345e-01
 5.59045200e+03  8.67305448e-01
 5.59135200e+03  8.95826332e-01
 5.59225200e+03  9.26356449e-01
 5.59315300e+03  9.40122516e-01
 5.59405300e+03  9.37001928e-01
 5.59495300e+03  9.26096100e-01
 5.59585300e+03  9.26123505e-01
 5.59675400e+03  9.61014656e-01
 5.59765400e+03  9.98983844e-01
 5.59855400e+03  9.88169606e-01
 5.59945400e+03  9.45220605e-01
 5.60035400e+03  9.24723676e-01
 5.60125500e+03  9.27025713e-01
 5.60215500e+03  9.17685587e-01
 5.60305500e+03  8.98647625e-01
 5.60395500e+03  8.92573767e-01
 5.60485500e+03  9.18271914e-01
 5.60575600e+03  9.68530894e-01
 5.60665600e+03  1.00925430e+00
 5.60755600e+03  1.02661478e+00
 5.60845700e+03  1.02793600e+00
 5.60935700e+03  1.02296917e+00
 5.61025700e+03  1.01856775e+00
 5.61115700e+03  1.01670708e+00
 5.61205800e+03  1.02018177e+00
 5.61295800e+03  1.02921899e+00
 5.61385800e+03  1.03462575e+00
 5.61475800e+03  1.01384179e+00
 5.61565900e+03  9.47868813e-01
 5.61655900e+03  8.75053188e-01
 5.61745900e+03  8.68878363e-01
 5.61835900e+03  9.22713721e-01
 5.61926000e+03  9.62984946e-01
 5.62016000e+03  9.64725897e-01
 5.62106000e+03  9.57409429e-01
 5.62196000e+03  9.66993317e-01
 5.62286000e+03  9.88936231e-01
 5.62376100e+03  9.95870469e-01
 5.62466100e+03  9.64642239e-01
 5.62556100e+03  9.13719045e-01
 5.62646100e+03  8.96373715e-01
 5.62736100e+03  9.25661944e-01
 5.62826200e+03  9.58685214e-01
 5.62916200e+03  9.73227280e-01
 5.63006200e+03  9.87449859e-01
 5.63096200e+03  1.00632844e+00
 5.63186300e+03  1.01683473e+00
 5.63276300e+03  1.01702007e+00
 5.63366300e+03  1.01125633e+00
 5.63456400e+03  1.00033319e+00
 5.63546400e+03  9.87139748e-01
 5.63636400e+03  9.75995206e-01
 5.63726500e+03  9.63487615e-01
 5.63816500e+03  9.48888575e-01
 5.63906500e+03  9.44456144e-01
 5.63996500e+03  9.57659682e-01
 5.64086500e+03  9.71161793e-01
 5.64176600e+03  9.62769310e-01
 5.64266600e+03  9.45201854e-01
 5.64356600e+03  9.46299504e-01
 5.64446600e+03  9.59195816e-01
 5.64536600e+03  9.65939660e-01
 5.64626700e+03  9.71120685e-01
 5.64716700e+03  9.78222239e-01
 5.64806700e+03  9.85897138e-01
 5.64896700e+03  9.90437748e-01
 5.64986800e+03  9.84485770e-01
 5.65076800e+03  9.73312380e-01
 5.65166800e+03  9.73145064e-01
 5.65256800e+03  9.88765309e-01
 5.65346800e+03  1.00558633e+00
 5.65436900e+03  1.00507068e+00
 5.65526900e+03  9.81619763e-01
 5.65616900e+03  9.57983496e-01
 5.65707000e+03  9.62720269e-01
 5.65797000e+03  9.69001830e-01
 5.65887000e+03  9.28713297e-01
 5.65977000e+03  8.77164831e-01
 5.66067100e+03  8.87143209e-01
 5.66157100e+03  9.37619267e-01
 5.66247100e+03  9.54985511e-01
 5.66337100e+03  9.35566761e-01
 5.66427200e+03  9.29045765e-01
 5.66517200e+03  9.53677273e-01
 5.66607200e+03  9.83478990e-01
 5.66697200e+03  9.93629733e-01
 5.66787200e+03  9.79992038e-01
 5.66877300e+03  9.60516314e-01
 5.66967300e+03  9.56223794e-01
 5.67057300e+03  9.64299674e-01
 5.67147300e+03  9.70826440e-01
 5.67237300e+03  9.76457488e-01
 5.67327400e+03  9.93298707e-01
 5.67417400e+03  1.01737057e+00
 5.67507400e+03  1.02739943e+00
 5.67597500e+03  1.01620080e+00
 5.67687500e+03  1.00562816e+00
 5.67777500e+03  1.01407041e+00
 5.67867600e+03  1.02316533e+00
 5.67957600e+03  1.01396367e+00
 5.68047600e+03  1.00015361e+00
 5.68137600e+03  9.98331167e-01
 5.68227600e+03  9.95138461e-01
 5.68317700e+03  9.71422864e-01
 5.68407700e+03  9.48225802e-01
 5.68497700e+03  9.54294612e-01
 5.68587700e+03  9.75555280e-01
 5.68677800e+03  9.82397205e-01
 5.68767800e+03  9.65810567e-01
 5.68857800e+03  9.45175891e-01
 5.68947800e+03  9.40909333e-01
 5.69037800e+03  9.56908924e-01
 5.69127900e+03  9.81455332e-01
 5.69217900e+03  9.98143658e-01
 5.69307900e+03  1.01041181e+00
 5.69397900e+03  1.01965242e+00
 5.69488000e+03  1.01598733e+00
 5.69578000e+03  1.00563105e+00
 5.69668000e+03  1.00377110e+00
 5.69758000e+03  1.00964158e+00
 5.69848100e+03  1.00361749e+00
 5.69938100e+03  9.80056224e-01
 5.70028100e+03  9.65354054e-01
 5.70118100e+03  9.63271258e-01
 5.70208200e+03  9.50395140e-01
 5.70298200e+03  9.34343624e-01
 5.70388200e+03  9.39456137e-01
 5.70478300e+03  9.63089518e-01
 5.70568300e+03  9.79320611e-01
 5.70658300e+03  9.69019860e-01
 5.70748300e+03  9.42672642e-01
 5.70838300e+03  9.22984167e-01
 5.70928400e+03  9.06201365e-01
 5.71018400e+03  8.88631745e-01
 5.71108400e+03  8.89637804e-01
 5.71198400e+03  9.01579982e-01
 5.71288400e+03  9.03674317e-01
 5.71378500e+03  9.20422502e-01
 5.71468500e+03  9.60277600e-01
 5.71558500e+03  9.86983971e-01
 5.71648500e+03  9.93535257e-01
 5.71738600e+03  9.99055242e-01
 5.71828600e+03  1.00166162e+00
 5.71918600e+03  9.99252126e-01
 5.72008600e+03  1.00482115e+00
 5.72098700e+03  1.01518537e+00
 5.72188700e+03  1.02088493e+00
 5.72278700e+03  1.02873724e+00
 5.72368800e+03  1.03878774e+00
 5.72458800e+03  1.04154412e+00
 5.72548800e+03  1.03774418e+00
 5.72638800e+03  1.03175470e+00
 5.72728900e+03  1.01580271e+00
 5.72818900e+03  9.91209420e-01
 5.72908900e+03  9.85995941e-01
 5.72998900e+03  1.00887568e+00
 5.73088900e+03  1.02579262e+00
 5.73179000e+03  1.01123541e+00
 5.73269000e+03  9.84413651e-01
 5.73359000e+03  9.83519376e-01
 5.73449000e+03  1.00796842e+00
 5.73539000e+03  1.02766267e+00
 5.73629100e+03  1.03251988e+00
 5.73719100e+03  1.02717659e+00
 5.73809100e+03  1.01792517e+00
 5.73899100e+03  1.01304848e+00
 5.73989100e+03  1.01284366e+00
 5.74079200e+03  1.01369106e+00
 5.74169200e+03  1.01557192e+00
 5.74259200e+03  1.01485939e+00
 5.74349300e+03  1.00774341e+00
 5.74439300e+03  1.00170922e+00
 5.74529300e+03  1.01057408e+00
 5.74619400e+03  1.03084960e+00
 5.74709400e+03  1.04186794e+00
 5.74799400e+03  1.02734823e+00
 5.74889400e+03  9.94672573e-01
 5.74979500e+03  9.79184306e-01
 5.75069500e+03  9.98855472e-01
 5.75159500e+03  1.02617053e+00
 5.75249500e+03  1.02793384e+00
 5.75339500e+03  9.99123755e-01
 5.75429600e+03  9.59448953e-01
 5.75519600e+03  9.36677393e-01
 5.75609600e+03  9.51024017e-01
 5.75699600e+03  9.91890223e-01
 5.75789600e+03  1.02538443e+00
 5.75879700e+03  1.03848772e+00
 5.75969700e+03  1.03613809e+00
 5.76059700e+03  1.01973607e+00
 5.76149700e+03  9.94832677e-01
 5.76239800e+03  9.69440314e-01
 5.76329800e+03  9.47598367e-01
 5.76419800e+03  9.42764954e-01
 5.76509900e+03  9.72379161e-01
 5.76599900e+03  1.01571616e+00
 5.76689900e+03  1.03754657e+00
 5.76779900e+03  1.04038662e+00
 5.76869900e+03  1.04062100e+00
 5.76960000e+03  1.03909496e+00
 5.77050000e+03  1.03434160e+00
 5.77140000e+03  1.02952262e+00
 5.77230100e+03  1.02232875e+00
 5.77320100e+03  1.01123397e+00
 5.77410100e+03  1.00587553e+00
 5.77500100e+03  1.00499135e+00
 5.77590100e+03  1.00050483e+00
 5.77680200e+03  1.00267778e+00
 5.77770200e+03  1.01493944e+00
 5.77860200e+03  1.02475916e+00
 5.77950200e+03  1.02466829e+00
 5.78040200e+03  1.01105223e+00
 5.78130300e+03  9.76053622e-01
 5.78220300e+03  9.30726137e-01
 5.78310300e+03  9.09290941e-01
 5.78400300e+03  9.20757134e-01
 5.78490400e+03  9.34146018e-01
 5.78580400e+03  9.24193602e-01
 5.78670400e+03  9.11666539e-01
 5.78760500e+03  9.30858836e-01
 5.78850500e+03  9.68011637e-01
 5.78940500e+03  9.92283993e-01
 5.79030500e+03  1.00315304e+00
 5.79120600e+03  9.96595264e-01
 5.79210600e+03  9.75753607e-01
 5.79300600e+03  9.72446953e-01
 5.79390600e+03  9.91578670e-01
 5.79480700e+03  1.01003247e+00
 5.79570700e+03  1.02433438e+00
 5.79660700e+03  1.03432646e+00
 5.79750700e+03  1.02594335e+00
 5.79840700e+03  9.97687145e-01
 5.79930800e+03  9.78107570e-01
 5.80020800e+03  9.94436744e-01
 5.80110800e+03  1.02947718e+00
 5.80200800e+03  1.05055250e+00
 5.80290800e+03  1.05627803e+00
 5.80380900e+03  1.05273771e+00
 5.80470900e+03  1.03237131e+00
 5.80560900e+03  1.00406102e+00
 5.80651000e+03  9.91378179e-01
 5.80741000e+03  9.95625985e-01
 5.80831000e+03  1.00457162e+00
 5.80921000e+03  1.01161981e+00
 5.81011000e+03  1.01463149e+00
 5.81101100e+03  1.01861895e+00
 5.81191100e+03  1.02681815e+00
 5.81281100e+03  1.03247949e+00
 5.81371200e+03  1.03229343e+00
 5.81461200e+03  1.02881441e+00
 5.81551200e+03  1.01885045e+00
 5.81641200e+03  9.99147554e-01
 5.81731300e+03  9.80594231e-01
 5.81821300e+03  9.83649190e-01
 5.81911300e+03  1.01134792e+00
 5.82001300e+03  1.03870408e+00
 5.82091300e+03  1.04902863e+00
 5.82181400e+03  1.04934379e+00
 5.82271400e+03  1.04555466e+00
 5.82361400e+03  1.03809395e+00
 5.82451400e+03  1.03144531e+00
 5.82541400e+03  1.03163354e+00
 5.82631500e+03  1.03754296e+00
 5.82721500e+03  1.04040537e+00
 5.82811500e+03  1.03776149e+00
 5.82901600e+03  1.03543493e+00
 5.82991600e+03  1.03887284e+00
 5.83081600e+03  1.04495030e+00
 5.83171600e+03  1.04450749e+00
 5.83261700e+03  1.03871706e+00
 5.83351700e+03  1.03622030e+00
 5.83441700e+03  1.03393197e+00
 5.83531800e+03  1.02390239e+00
 5.83621800e+03  1.01497117e+00
 5.83711800e+03  1.02135082e+00
 5.83801800e+03  1.03146406e+00
 5.83891800e+03  1.02575512e+00
 5.83981900e+03  1.01539379e+00
 5.84071900e+03  1.02062169e+00
 5.84161900e+03  1.03704967e+00
 5.84251900e+03  1.04938850e+00
 5.84341900e+03  1.05328365e+00
 5.84432000e+03  1.05210450e+00
 5.84522000e+03  1.04673020e+00
 5.84612000e+03  1.03798650e+00
 5.84702000e+03  1.02646766e+00
 5.84792100e+03  1.01218161e+00
 5.84882100e+03  1.00226093e+00
 5.84972100e+03  1.00330305e+00
 5.85062100e+03  1.01140056e+00
 5.85152100e+03  1.01733379e+00
 5.85242200e+03  1.01306146e+00
 5.85332200e+03  9.95723346e-01
 5.85422200e+03  9.74340075e-01
 5.85512300e+03  9.69259295e-01
 5.85602300e+03  9.82661161e-01
 5.85692300e+03  9.87842908e-01
 5.85782400e+03  9.64471318e-01
 5.85872400e+03  9.30164330e-01
 5.85962400e+03  9.24024844e-01
 5.86052400e+03  9.49818188e-01
 5.86142400e+03  9.79544179e-01
 5.86232500e+03  9.95848112e-01
 5.86322500e+03  9.91319041e-01
 5.86412500e+03  9.81930596e-01
 5.86502500e+03  9.89055227e-01
 5.86592500e+03  1.00234603e+00
 5.86682600e+03  9.99612721e-01
 5.86772600e+03  9.82396484e-01
 5.86862600e+03  9.76825295e-01
 5.86952600e+03  9.93010952e-01
 5.87042600e+03  1.01336292e+00
 5.87132700e+03  1.02459617e+00
 5.87222700e+03  1.02576738e+00
 5.87312700e+03  1.01876824e+00
 5.87402800e+03  1.00805064e+00
 5.87492800e+03  1.00479086e+00
 5.87582800e+03  1.01316676e+00
 5.87672900e+03  1.01885622e+00
 5.87762900e+03  1.01281554e+00
 5.87852900e+03  1.00314583e+00
 5.87942900e+03  9.95363472e-01
 5.88032900e+03  9.84173495e-01
 5.88123000e+03  9.68996061e-01
 5.88213000e+03  9.65915860e-01
 5.88303000e+03  9.79121562e-01
 5.88393000e+03  9.86385384e-01
 5.88483100e+03  9.76102663e-01
 5.88573100e+03  9.66455310e-01
 5.88663100e+03  9.71771919e-01
 5.88753100e+03  9.77959005e-01
 5.88843100e+03  9.62074805e-01
 5.88933200e+03  9.00901343e-01
 5.89023200e+03  7.81558173e-01
 5.89113200e+03  6.63441603e-01
 5.89203200e+03  6.55857429e-01
 5.89293200e+03  7.53380576e-01
 5.89383300e+03  8.45145457e-01
 5.89473300e+03  8.82511730e-01
 5.89563300e+03  8.63747099e-01
 5.89653400e+03  7.82493556e-01
 5.89743400e+03  7.14270683e-01
 5.89833400e+03  7.54419089e-01
 5.89923400e+03  8.53943969e-01
 5.90013500e+03  9.14430138e-01
 5.90103500e+03  9.37045921e-01
 5.90193500e+03  9.57808968e-01
 5.90283600e+03  9.74352336e-01
 5.90373600e+03  9.79230462e-01
 5.90463600e+03  9.81772655e-01
 5.90553600e+03  9.83353503e-01
 5.90643600e+03  9.76466142e-01
 5.90733700e+03  9.69103518e-01
 5.90823700e+03  9.74257139e-01
 5.90913700e+03  9.87225569e-01
 5.91003700e+03  9.93996097e-01
 5.91093700e+03  9.91836134e-01
 5.91183800e+03  9.93631896e-01
 5.91273800e+03  1.00228401e+00
 5.91363800e+03  1.00123684e+00
 5.91453800e+03  9.79419414e-01
 5.91543900e+03  9.51062961e-01
 5.91633900e+03  9.39936449e-01
 5.91723900e+03  9.45752121e-01
 5.91813900e+03  9.60070619e-01
 5.91904000e+03  9.76355079e-01
 5.91994000e+03  9.85237971e-01
 5.92084000e+03  9.92356833e-01
 5.92174000e+03  9.98690320e-01
 5.92264100e+03  9.93964365e-01
 5.92354100e+03  9.84042960e-01
 5.92444100e+03  9.83612410e-01
 5.92534200e+03  9.91117108e-01
 5.92624200e+03  9.98145822e-01
 5.92714200e+03  1.00451104e+00
 5.92804200e+03  1.00564259e+00
 5.92894200e+03  9.96945041e-01
 5.92984300e+03  9.82014254e-01
 5.93074300e+03  9.64101347e-01
 5.93164300e+03  9.56870701e-01
 5.93254300e+03  9.74911258e-01
 5.93344300e+03  9.99619212e-01
 5.93434400e+03  1.00314511e+00
 5.93524400e+03  9.83037622e-01
 5.93614400e+03  9.64552091e-01
 5.93704400e+03  9.72371228e-01
 5.93794500e+03  9.92478714e-01
 5.93884500e+03  1.00224723e+00
 5.93974500e+03  1.00708929e+00
 5.94064500e+03  1.01002453e+00
 5.94154600e+03  9.97596996e-01
 5.94244600e+03  9.75583406e-01
 5.94334600e+03  9.67374106e-01
 5.94424700e+03  9.75810581e-01
 5.94514700e+03  9.88445101e-01
 5.94604700e+03  1.00096423e+00
 5.94694700e+03  1.01120224e+00
 5.94784800e+03  1.01267995e+00
 5.94874800e+03  9.98521561e-01
 5.94964800e+03  9.72140447e-01
 5.95054800e+03  9.57709444e-01
 5.95144800e+03  9.72516187e-01
 5.95234900e+03  9.93234521e-01
 5.95324900e+03  9.87185183e-01
 5.95414900e+03  9.65023749e-01
 5.95504900e+03  9.64766284e-01
 5.95594900e+03  9.85488945e-01
 5.95685000e+03  9.92077733e-01
 5.95775000e+03  9.77186611e-01
 5.95865000e+03  9.64782871e-01
 5.95955000e+03  9.68638351e-01
 5.96045100e+03  9.82646016e-01
 5.96135100e+03  9.98882877e-01
 5.96225100e+03  1.01108180e+00
 5.96315100e+03  1.01604214e+00
 5.96405200e+03  1.01486444e+00
 5.96495200e+03  1.01176477e+00
 5.96585200e+03  1.00571831e+00
 5.96675300e+03  9.93946335e-01
 5.96765300e+03  9.89297547e-01
 5.96855300e+03  9.99645896e-01
 5.96945300e+03  1.01077024e+00
 5.97035400e+03  1.01545509e+00
 5.97125400e+03  1.01954640e+00
 5.97215400e+03  1.02423197e+00
 5.97305400e+03  1.02559285e+00
 5.97395400e+03  1.02411297e+00
 5.97485500e+03  1.02099383e+00
 5.97575500e+03  1.01101040e+00
 5.97665500e+03  9.91852722e-01
 5.97755500e+03  9.72853704e-01
 5.97845500e+03  9.64381169e-01
 5.97935600e+03  9.66961585e-01
 5.98025600e+03  9.78108291e-01
 5.98115600e+03  9.96213034e-01
 5.98205600e+03  1.01025099e+00
 5.98295700e+03  1.01034258e+00
 5.98385700e+03  9.94492997e-01
 5.98475700e+03  9.63735704e-01
 5.98565800e+03  9.38967891e-01
 5.98655800e+03  9.45740582e-01
 5.98745800e+03  9.70367042e-01
 5.98835900e+03  9.83171042e-01
 5.98925900e+03  9.87133978e-01
 5.99015900e+03  9.96460402e-01
 5.99105900e+03  1.00541974e+00
 5.99195900e+03  1.00097649e+00
 5.99286000e+03  9.88683093e-01
 5.99376000e+03  9.90907242e-01
 5.99466000e+03  1.00962355e+00
 5.99556000e+03  1.02336077e+00
 5.99646000e+03  1.02089863e+00
 5.99736100e+03  1.00541325e+00
 5.99826100e+03  9.83567696e-01
 5.99916100e+03  9.68222224e-01
 6.00006100e+03  9.69834083e-01
 6.00096100e+03  9.83100365e-01
 6.00186200e+03  9.96460402e-01
 6.00276200e+03  9.97496751e-01
 6.00366200e+03  9.81875064e-01
 6.00456200e+03  9.71197853e-01
 6.00546300e+03  9.81527451e-01
 6.00636300e+03  9.92735458e-01
 6.00726300e+03  9.87177971e-01
 6.00816400e+03  9.67589741e-01
 6.00906400e+03  9.42039438e-01
 6.00996400e+03  9.35910769e-01
 6.01086400e+03  9.65857444e-01
 6.01176500e+03  1.00160537e+00
 6.01266500e+03  1.00839825e+00
 6.01356500e+03  9.86954402e-01
 6.01446500e+03  9.62596946e-01
 6.01536600e+03  9.61291593e-01
 6.01626600e+03  9.76194254e-01
 6.01716600e+03  9.77278202e-01
 6.01806600e+03  9.65650462e-01
 6.01896600e+03  9.67358961e-01
 6.01986700e+03  9.76797890e-01
 6.02076700e+03  9.69319154e-01
 6.02166700e+03  9.53215712e-01
 6.02256700e+03  9.50537214e-01
 6.02346700e+03  9.60678582e-01
 6.02436800e+03  9.70193957e-01
 6.02526800e+03  9.72620760e-01
 6.02616800e+03  9.80608655e-01
 6.02706900e+03  9.94410781e-01
 6.02796900e+03  9.95954127e-01
 6.02886900e+03  9.94190818e-01
 6.02977000e+03  1.00434156e+00
 6.03067000e+03  1.01479665e+00
 6.03157000e+03  1.01436249e+00
 6.03247000e+03  1.01097434e+00
 6.03337000e+03  1.01534042e+00
 6.03427100e+03  1.02314658e+00
 6.03517100e+03  1.02561016e+00
 6.03607100e+03  1.02342856e+00
 6.03697100e+03  1.02169338e+00
 6.03787200e+03  1.02220831e+00
 6.03877200e+03  1.02430192e+00
 6.03967200e+03  1.02366439e+00
 6.04057200e+03  1.01619287e+00
 6.04147200e+03  1.00888145e+00
 6.04237300e+03  1.00710083e+00
 6.04327300e+03  1.00589572e+00
 6.04417300e+03  1.01082289e+00
 6.04507300e+03  1.02388508e+00
 6.04597400e+03  1.03199630e+00
 6.04687400e+03  1.03277734e+00
 6.04777400e+03  1.03315381e+00
 6.04867400e+03  1.03358003e+00
 6.04957500e+03  1.03054598e+00
 6.05047500e+03  1.02816678e+00
 6.05137500e+03  1.03190182e+00
 6.05227500e+03  1.03572124e+00
 6.05317600e+03  1.03168402e+00
 6.05407600e+03  1.02065920e+00
 6.05497600e+03  1.00980457e+00
 6.05587700e+03  1.00450888e+00
 6.05677700e+03  9.98047019e-01
 6.05767700e+03  9.89508855e-01
 6.05857700e+03  9.89726655e-01
 6.05947700e+03  9.99950238e-01
 6.06037800e+03  1.01411079e+00
 6.06127800e+03  1.02476998e+00
 6.06217800e+03  1.02676911e+00
 6.06307800e+03  1.01981540e+00
 6.06397800e+03  1.00702006e+00
 6.06487900e+03  9.93608818e-01
 6.06577900e+03  9.73851109e-01
 6.06667900e+03  9.54750404e-01
 6.06757900e+03  9.67099332e-01
 6.06848000e+03  1.00598515e+00
 6.06938000e+03  1.03446781e+00
 6.07028000e+03  1.04200857e+00
 6.07118100e+03  1.04125637e+00
 6.07208100e+03  1.04062389e+00
 6.07298100e+03  1.04127151e+00
 6.07388100e+03  1.04218454e+00
 6.07478200e+03  1.04273264e+00
 6.07568200e+03  1.04263384e+00
 6.07658200e+03  1.03968201e+00
 6.07748200e+03  1.03267710e+00
 6.07838300e+03  1.02027913e+00
 6.07928300e+03  9.99200201e-01
 6.08018300e+03  9.82270276e-01
 6.08108300e+03  9.87280380e-01
 6.08198300e+03  9.96629881e-01
 6.08288400e+03  9.87607800e-01
 6.08378400e+03  9.76818804e-01
 6.08468400e+03  9.83786216e-01
 6.08558400e+03  9.93962201e-01
 6.08648400e+03  9.90650499e-01
 6.08738500e+03  9.86140179e-01
 6.08828500e+03  9.93117688e-01
 6.08918500e+03  1.00499135e+00
 6.09008500e+03  1.00500217e+00
 6.09098600e+03  9.86696216e-01
 6.09188600e+03  9.70566812e-01
 6.09278600e+03  9.72264492e-01
 6.09368600e+03  9.78386670e-01
 6.09458700e+03  9.81003867e-01
 6.09548700e+03  9.92406595e-01
 6.09638700e+03  1.01196093e+00
 6.09728800e+03  1.01761433e+00
 6.09818800e+03  1.00607386e+00
 6.09908800e+03  9.99600461e-01
 6.09998800e+03  1.00824897e+00
 6.10088900e+03  1.02270593e+00
 6.10178900e+03  1.02489402e+00
 6.10268900e+03  9.91784209e-01
 6.10358900e+03  9.27175000e-01
 6.10448900e+03  8.93335343e-01
 6.10539000e+03  9.30846576e-01
 6.10629000e+03  9.87599867e-01
 6.10719000e+03  1.01231864e+00
 6.10809000e+03  1.00863841e+00
 6.10899000e+03  9.96022640e-01
 6.10989100e+03  9.95984417e-01
 6.11079100e+03  1.01087049e+00
 6.11169100e+03  1.01489761e+00
 6.11259200e+03  1.00127434e+00
 6.11349200e+03  9.96295970e-01
 6.11439200e+03  1.01065413e+00
 6.11529200e+03  1.02721481e+00
 6.11619300e+03  1.02934737e+00
 6.11709300e+03  1.01277732e+00
 6.11799300e+03  9.97231353e-01
 6.11889300e+03  1.00299726e+00
 6.11979400e+03  1.01130537e+00
 6.12069400e+03  9.99533390e-01
 6.12159400e+03  9.76173339e-01
 6.12249400e+03  9.46380277e-01
 6.12339500e+03  9.15915067e-01
 6.12429500e+03  9.23443565e-01
 6.12519500e+03  9.71894522e-01
 6.12609500e+03  1.00515867e+00
 6.12699500e+03  1.00359008e+00
 6.12789600e+03  9.91576506e-01
 6.12879600e+03  9.80470187e-01
 6.12969600e+03  9.73012366e-01
 6.13059600e+03  9.79212432e-01
 6.13149600e+03  9.97547234e-01
 6.13239700e+03  1.01197824e+00
 6.13329700e+03  1.01629744e+00
 6.13419700e+03  1.01816965e+00
 6.13509700e+03  1.01402642e+00
 6.13599800e+03  9.90703145e-01
 6.13689800e+03  9.42867363e-01
 6.13779800e+03  8.78116801e-01
 6.13869900e+03  8.41236609e-01
 6.13959900e+03  8.78715388e-01
 6.14049900e+03  9.58199132e-01
 6.14140000e+03  1.00500433e+00
 6.14230000e+03  9.93249666e-01
 6.14320000e+03  9.63502760e-01
 6.14410000e+03  9.67054619e-01
 6.14500000e+03  9.99209576e-01
 6.14590100e+03  1.02073853e+00
 6.14680100e+03  1.02159314e+00
 6.14770100e+03  1.01630321e+00
 6.14860100e+03  1.00796626e+00
 6.14950100e+03  9.92729688e-01
 6.15040200e+03  9.76810871e-01
 6.15130200e+03  9.69011927e-01
 6.15220200e+03  9.73860484e-01
 6.15310200e+03  9.87877525e-01
 6.15400200e+03  1.00139694e+00
 6.15490300e+03  1.00014929e+00
 6.15580300e+03  9.81448120e-01
 6.15670300e+03  9.69260016e-01
 6.15760400e+03  9.75124730e-01
 6.15850400e+03  9.81120700e-01
 6.15940400e+03  9.79820395e-01
 6.16030400e+03  9.77847942e-01
 6.16120500e+03  9.60844455e-01
 6.16210500e+03  9.08036071e-01
 6.16300500e+03  8.40627925e-01
 6.16390500e+03  8.11240893e-01
 6.16480600e+03  8.37821777e-01
 6.16570600e+03  8.89121432e-01
 6.16660600e+03  9.26274955e-01
 6.16750600e+03  9.41046360e-01
 6.16840700e+03  9.52806798e-01
 6.16930700e+03  9.51838240e-01
 6.17020700e+03  9.12749045e-01
 6.17110700e+03  8.69054333e-01
 6.17200700e+03  8.78867559e-01
 6.17290800e+03  9.29673200e-01
 6.17380800e+03  9.61055764e-01
 6.17470800e+03  9.59637905e-01
 6.17560800e+03  9.56796418e-01
 6.17650800e+03  9.59578046e-01
 6.17740900e+03  9.55498998e-01
 6.17830900e+03  9.50327348e-01
 6.17920900e+03  9.59609779e-01
 6.18011000e+03  9.74741778e-01
 6.18101000e+03  9.74166990e-01
 6.18191000e+03  9.68548202e-01
 6.18281000e+03  9.77038046e-01
 6.18371100e+03  9.88062149e-01
 6.18461100e+03  9.88393896e-01
 6.18551100e+03  9.85563949e-01
 6.18641200e+03  9.81315421e-01
 6.18731200e+03  9.65810567e-01
 6.18821200e+03  9.46106225e-01
 6.18911200e+03  9.36999765e-01
 6.19001200e+03  9.38548159e-01
 6.19091300e+03  9.38774612e-01
 6.19181300e+03  9.15817706e-01
 6.19271300e+03  8.78611537e-01
 6.19361300e+03  8.80405857e-01
 6.19451300e+03  9.26171825e-01
 6.19541400e+03  9.62902730e-01
 6.19631400e+03  9.73489793e-01
 6.19721400e+03  9.78295800e-01
 6.19811400e+03  9.86857763e-01
 6.19901500e+03  9.88070082e-01
 6.19991500e+03  9.68604455e-01
 6.20081500e+03  9.37338724e-01
 6.20171600e+03  9.25256635e-01
 6.20261600e+03  9.44976843e-01
 6.20351600e+03  9.74071072e-01
 6.20441600e+03  9.88714105e-01
 6.20531600e+03  9.86930603e-01
 6.20621700e+03  9.81391146e-01
 6.20711700e+03  9.82669815e-01
 6.20801700e+03  9.87328699e-01
 6.20891800e+03  9.88890075e-01
 6.20981800e+03  9.87538566e-01
 6.21071800e+03  9.82882566e-01
 6.21161800e+03  9.74462678e-01
 6.21251800e+03  9.67669793e-01
 6.21341900e+03  9.58965756e-01
 6.21431900e+03  9.33941921e-01
 6.21521900e+03  9.01858361e-01
 6.21611900e+03  8.85426778e-01
 6.21701900e+03  8.86966518e-01
 6.21792000e+03  9.05318629e-01
 6.21882000e+03  9.31846865e-01
 6.21972000e+03  9.39301802e-01
 6.22062000e+03  9.20600636e-01
 6.22152100e+03  9.03164436e-01
 6.22242100e+03  9.07113670e-01
 6.22332100e+03  9.25894167e-01
 6.22422100e+03  9.40787452e-01
 6.22512200e+03  9.39661676e-01
 6.22602200e+03  9.34909758e-01
 6.22692200e+03  9.40962702e-01
 6.22782300e+03  9.48308738e-01
 6.22872300e+03  9.50169407e-01
 6.22962300e+03  9.46861311e-01
 6.23052300e+03  9.25317936e-01
 6.23142400e+03  8.83809150e-01
 6.23232400e+03  8.55656073e-01
 6.23322400e+03  8.66049857e-01
 6.23412400e+03  8.93549536e-01
 6.23502400e+03  9.23079364e-01
 6.23592500e+03  9.56029073e-01
 6.23682500e+03  9.74974001e-01
 6.23772500e+03  9.70631719e-01
 6.23862500e+03  9.53628954e-01
 6.23952500e+03  9.36317520e-01
 6.24042600e+03  9.19768383e-01
 6.24132600e+03  9.04934956e-01
 6.24222600e+03  9.06993231e-01
 6.24312700e+03  9.17004784e-01
 6.24402700e+03  9.04782064e-01
 6.24492700e+03  8.85788816e-01
 6.24582700e+03  8.88835120e-01
 6.24672700e+03  8.97112213e-01
 6.24762800e+03  8.99090436e-01
 6.24852800e+03  9.14110651e-01
 6.24942800e+03  9.41476910e-01
 6.25032900e+03  9.57433950e-01
 6.25122900e+03  9.58166678e-01
 6.25212900e+03  9.48171712e-01
 6.25302900e+03  9.20620829e-01
 6.25393000e+03  8.88733432e-01
 6.25483000e+03  8.77208823e-01
 6.25573000e+03  8.84132964e-01
 6.25663000e+03  8.92900466e-01
 6.25753000e+03  8.88479574e-01
 6.25843100e+03  8.71468154e-01
 6.25933100e+03  8.54198549e-01
 6.26023100e+03  8.55138980e-01
 6.26113100e+03  8.84782756e-01
 6.26203100e+03  9.14189260e-01
 6.26293200e+03  9.28893594e-01
 6.26383200e+03  9.48729192e-01
 6.26473200e+03  9.66576470e-01
 6.26563200e+03  9.56924790e-01
 6.26653300e+03  9.29980427e-01
 6.26743300e+03  9.23519290e-01
 6.26833300e+03  9.41301661e-01
 6.26923400e+03  9.52178642e-01
 6.27013400e+03  9.45884820e-01
 6.27103400e+03  9.38225066e-01
 6.27193500e+03  9.37917839e-01
 6.27283500e+03  9.44285222e-01
 6.27373500e+03  9.54810983e-01
 6.27463500e+03  9.60438426e-01
 6.27553500e+03  9.57258701e-01
 6.27643600e+03  9.54968924e-01
 6.27733600e+03  9.57885415e-01
 6.27823600e+03  9.59653050e-01
 6.27913600e+03  9.59214567e-01
 6.28003600e+03  9.55918009e-01
 6.28093700e+03  9.41877170e-01
 6.28183700e+03  9.24508762e-01
 6.28273700e+03  9.23915223e-01
 6.28363700e+03  9.37914233e-01
 6.28453800e+03  9.54681890e-01
 6.28543800e+03  9.67439734e-01
 6.28633800e+03  9.67211117e-01
 6.28723800e+03  9.64063845e-01
 6.28813900e+03  9.71566380e-01
 6.28903900e+03  9.83936224e-01
 6.28993900e+03  9.92335197e-01
 6.29084000e+03  9.89657421e-01
 6.29174000e+03  9.73804232e-01
 6.29264000e+03  9.56809400e-01
 6.29354000e+03  9.48931846e-01
 6.29444000e+03  9.49399177e-01
 6.29534100e+03  9.57956812e-01
 6.29624100e+03  9.64407132e-01
 6.29714100e+03  9.52139697e-01
 6.29804100e+03  9.28233706e-01
 6.29894200e+03  9.17244219e-01
 6.29984200e+03  9.27319237e-01
 6.30074200e+03  9.42365415e-01
 6.30164200e+03  9.42020687e-01
 6.30254200e+03  9.21400435e-01
 6.30344300e+03  9.03827930e-01
 6.30434300e+03  9.12472108e-01
 6.30524300e+03  9.36708404e-01
 6.30614300e+03  9.49547021e-01
 6.30704300e+03  9.49761935e-01
 6.30794400e+03  9.59421548e-01
 6.30884400e+03  9.78675146e-01
 6.30974400e+03  9.88207830e-01
 6.31064500e+03  9.82203926e-01
 6.31154500e+03  9.65964180e-01
 6.31244500e+03  9.49570099e-01
 6.31334600e+03  9.44378976e-01
 6.31424600e+03  9.51667318e-01
 6.31514600e+03  9.50804054e-01
 6.31604600e+03  9.28807773e-01
 6.31694700e+03  9.13682985e-01
 6.31784700e+03  9.21060033e-01
 6.31874700e+03  9.18226479e-01
 6.31964700e+03  8.97443239e-01
 6.32054700e+03  8.97433863e-01
 6.32144800e+03  9.25855944e-01
 6.32234800e+03  9.48724865e-01
 6.32324800e+03  9.49763378e-01
 6.32414800e+03  9.46050694e-01
 6.32504800e+03  9.55960560e-01
 6.32594900e+03  9.70493972e-01
 6.32684900e+03  9.76312529e-01
 6.32774900e+03  9.73610953e-01
 6.32864900e+03  9.67413771e-01
 6.32955000e+03  9.69545607e-01
 6.33045000e+03  9.75361280e-01
 6.33135000e+03  9.68635466e-01
 6.33225100e+03  9.61241110e-01
 6.33315100e+03  9.69483585e-01
 6.33405100e+03  9.84661740e-01
 6.33495100e+03  9.87821272e-01
 6.33585100e+03  9.63076537e-01
 6.33675200e+03  9.21233840e-01
 6.33765200e+03  8.99494302e-01
 6.33855200e+03  9.12839915e-01
 6.33945300e+03  9.35811244e-01
 6.34035300e+03  9.45589854e-01
 6.34125300e+03  9.55281920e-01
 6.34215300e+03  9.71567823e-01
 6.34305300e+03  9.74539124e-01
 6.34395400e+03  9.57014218e-01
 6.34485400e+03  9.30538628e-01
 6.34575400e+03  9.17114405e-01
 6.34665400e+03  9.30007111e-01
 6.34755400e+03  9.50314367e-01
 6.34845500e+03  9.59421548e-01
 6.34935500e+03  9.65001392e-01
 6.35025500e+03  9.72837838e-01
 6.35115500e+03  9.76542588e-01
 6.35205600e+03  9.77003429e-01
 6.35295600e+03  9.78722023e-01
 6.35385600e+03  9.77855153e-01
 6.35475700e+03  9.67124574e-01
 6.35565700e+03  9.46318255e-01
 6.35655700e+03  9.31677386e-01
 6.35745700e+03  9.38346947e-01
 6.35835800e+03  9.47154835e-01
 6.35925800e+03  9.32388479e-01
 6.36015800e+03  9.07381952e-01
 6.36105800e+03  8.98892109e-01
 6.36195900e+03  9.01604503e-01
 6.36285900e+03  8.95595551e-01
 6.36375900e+03  8.85814778e-01
 6.36465900e+03  8.88881998e-01
 6.36555900e+03  9.04908272e-01
 6.36646000e+03  9.23150762e-01
 6.36736000e+03  9.37354590e-01
 6.36826000e+03  9.50074932e-01
 6.36916000e+03  9.66059377e-01
 6.37006000e+03  9.76051458e-01
 6.37096100e+03  9.72270983e-01
 6.37186100e+03  9.64147503e-01
 6.37276100e+03  9.66161786e-01
 6.37366200e+03  9.79552112e-01
 6.37456200e+03  9.90337502e-01
 6.37546200e+03  9.89736030e-01
 6.37636200e+03  9.84780737e-01
 6.37726300e+03  9.84738908e-01
 6.37816300e+03  9.86038491e-01
 6.37906300e+03  9.77602737e-01
 6.37996300e+03  9.63454440e-01
 6.38086400e+03  9.57402218e-01
 6.38176400e+03  9.57133935e-01
 6.38266400e+03  9.59096292e-01
 6.38356400e+03  9.68541711e-01
 6.38446500e+03  9.76876499e-01
 6.38536500e+03  9.72955392e-01
 6.38626500e+03  9.66380306e-01
 6.38716500e+03  9.70440604e-01
 6.38806500e+03  9.79890350e-01
 6.38896600e+03  9.83722752e-01
 6.38986600e+03  9.82594090e-01
 6.39076600e+03  9.83804967e-01
 6.39166600e+03  9.86530343e-01
 6.39256600e+03  9.81368789e-01
 6.39346700e+03  9.57380582e-01
 6.39436700e+03  9.19219558e-01
 6.39526700e+03  9.01475410e-01
 6.39616700e+03  9.25290531e-01
 6.39706800e+03  9.63571273e-01
 6.39796800e+03  9.87398655e-01
 6.39886800e+03  9.93607376e-01
 6.39976900e+03  9.78264068e-01
 6.40066900e+03  9.32717341e-01
 6.40156900e+03  8.89510154e-01
 6.40247000e+03  9.04532532e-01
 6.40337000e+03  9.57900559e-01
 6.40427000e+03  9.91463279e-01
 6.40517000e+03  9.98768929e-01
 6.40607000e+03  9.95937539e-01
 6.40697100e+03  9.87442647e-01
 6.40787100e+03  9.71462529e-01
 6.40877100e+03  9.47265177e-01
 6.40967100e+03  9.34804464e-01
 6.41057100e+03  9.52675541e-01
 6.41147200e+03  9.69904760e-01
 6.41237200e+03  9.54568664e-01
 6.41327200e+03  9.33629646e-01
 6.41417200e+03  9.39027750e-01
 6.41507300e+03  9.54202299e-01
 6.41597300e+03  9.60574009e-01
 6.41687300e+03  9.66263474e-01
 6.41777300e+03  9.74273005e-01
 6.41867400e+03  9.75323057e-01
 6.41957400e+03  9.68158039e-01
 6.42047400e+03  9.52224798e-01
 6.42137400e+03  9.27344479e-01
 6.42227500e+03  9.09963811e-01
 6.42317500e+03  9.21785550e-01
 6.42407500e+03  9.59599682e-01
 6.42497600e+03  9.88962194e-01
 6.42587600e+03  9.90957725e-01
 6.42677600e+03  9.84637220e-01
 6.42767600e+03  9.88031138e-01
 6.42857600e+03  9.96899606e-01
 6.42947700e+03  9.99895428e-01
 6.43037700e+03  9.87082053e-01
 6.43127700e+03  9.53768143e-01
 6.43217700e+03  9.18461587e-01
 6.43307700e+03  9.15448457e-01
 6.43397800e+03  9.42413014e-01
 6.43487800e+03  9.67750566e-01
 6.43577800e+03  9.80849532e-01
 6.43667800e+03  9.88013830e-01
 6.43757900e+03  9.91495012e-01
 6.43847900e+03  9.83815785e-01
 6.43937900e+03  9.54049407e-01
 6.44027900e+03  9.19006085e-01
 6.44118000e+03  9.21349230e-01
 6.44208000e+03  9.61794262e-01
 6.44298000e+03  9.96699837e-01
 6.44388100e+03  1.00662485e+00
 6.44478100e+03  1.00345522e+00
 6.44568100e+03  1.00030506e+00
 6.44658100e+03  1.00245637e+00
 6.44748200e+03  1.00801963e+00
 6.44838200e+03  1.00825690e+00
 6.44928200e+03  9.89161963e-01
 6.45018200e+03  9.39047222e-01
 6.45108200e+03  8.80566682e-01
 6.45198300e+03  8.69225976e-01
 6.45288300e+03  9.12125937e-01
 6.45378300e+03  9.59979749e-01
 6.45468300e+03  9.85611547e-01
 6.45558300e+03  9.85742082e-01
 6.45648400e+03  9.63419102e-01
 6.45738400e+03  9.42707259e-01
 6.45828400e+03  9.48820062e-01
 6.45918500e+03  9.74829042e-01
 6.46008500e+03  9.97486654e-01
 6.46098500e+03  1.00809968e+00
 6.46188500e+03  1.00355402e+00
 6.46278500e+03  9.70910819e-01
 6.46368600e+03  9.17634383e-01
 6.46458600e+03  8.95181588e-01
 6.46548600e+03  9.25610018e-01
 6.46638700e+03  9.65157169e-01
 6.46728700e+03  9.84666068e-01
 6.46818700e+03  9.91548380e-01
 6.46908700e+03  9.93165287e-01
 6.46998800e+03  9.86422885e-01
 6.47088800e+03  9.74178529e-01
 6.47178800e+03  9.63571273e-01
 6.47268800e+03  9.53348411e-01
 6.47358800e+03  9.53657080e-01
 6.47448900e+03  9.69218908e-01
 6.47538900e+03  9.76769042e-01
 6.47628900e+03  9.66795712e-01
 6.47718900e+03  9.59541266e-01
 6.47809000e+03  9.69031399e-01
 6.47899000e+03  9.81244744e-01
 6.47989000e+03  9.83241718e-01
 6.48079000e+03  9.82079882e-01
 6.48169000e+03  9.76117808e-01
 6.48259100e+03  9.53364998e-01
 6.48349100e+03  9.24205141e-01
 6.48439100e+03  9.16074450e-01
 6.48529200e+03  9.33437088e-01
 6.48619200e+03  9.55605734e-01
 6.48709200e+03  9.68015243e-01
 6.48799300e+03  9.72643116e-01
 6.48889300e+03  9.76087518e-01
 6.48979300e+03  9.76965205e-01
 6.49069300e+03  9.69740328e-01
 6.49159300e+03  9.56228842e-01
 6.49249400e+03  9.45899965e-01
 6.49339400e+03  9.39203720e-01
 6.49429400e+03  9.16383119e-01
 6.49519400e+03  8.63402370e-01
 6.49609400e+03  8.11292098e-01
 6.49699500e+03  7.99766046e-01
 6.49789500e+03  8.21693815e-01
 6.49879500e+03  8.53408847e-01
 6.49969500e+03  8.78123292e-01
 6.50059600e+03  8.87531931e-01
 6.50149600e+03  8.99683975e-01
 6.50239600e+03  9.22209609e-01
 6.50329600e+03  9.40538642e-01
 6.50419700e+03  9.51008872e-01
 6.50509700e+03  9.56719972e-01
 6.50599700e+03  9.61474775e-01
 6.50689800e+03  9.68636908e-01
 6.50779800e+03  9.73863369e-01
 6.50869800e+03  9.69459065e-01
 6.50959800e+03  9.57674827e-01
 6.51049800e+03  9.52632270e-01
 6.51139900e+03  9.60405251e-01
 6.51229900e+03  9.70928849e-01
 6.51319900e+03  9.74379741e-01
 6.51409900e+03  9.73529458e-01
 6.51500000e+03  9.72653934e-01
 6.51590000e+03  9.66671667e-01
 6.51680000e+03  9.54307593e-01
 6.51770000e+03  9.44037854e-01
 6.51860000e+03  9.38193334e-01
 6.51950100e+03  9.30488866e-01
 6.52040100e+03  9.28689498e-01
 6.52130100e+03  9.44547014e-01
 6.52220100e+03  9.65258857e-01
 6.52310100e+03  9.74025637e-01
 6.52400200e+03  9.72683503e-01
 6.52490200e+03  9.71838990e-01
 6.52580200e+03  9.75664180e-01
 6.52670300e+03  9.74791540e-01
 6.52760300e+03  9.60330968e-01
 6.52850300e+03  9.44422248e-01
 6.52940400e+03  9.44916984e-01
 6.53030400e+03  9.58473905e-01
 6.53120400e+03  9.69678306e-01
 6.53210400e+03  9.69088373e-01
 6.53300500e+03  9.57312069e-01
 6.53390500e+03  9.44243393e-01
 6.53480500e+03  9.40191750e-01
 6.53570500e+03  9.49601110e-01
 6.53660500e+03  9.66135102e-01
 6.53750600e+03  9.74459072e-01
 6.53840600e+03  9.68882113e-01
 6.53930600e+03  9.62546463e-01
 6.54020600e+03  9.67930143e-01
 6.54110600e+03  9.79262915e-01
 6.54200700e+03  9.82602023e-01
 6.54290700e+03  9.74127325e-01
 6.54380700e+03  9.61024031e-01
 6.54470700e+03  9.51589430e-01
 6.54560800e+03  9.46506486e-01
 6.54650800e+03  9.33977259e-01
 6.54740800e+03  9.11724234e-01
 6.54830900e+03  9.04902502e-01
 6.54920900e+03  9.24068836e-01
 6.55010900e+03  9.45056173e-01
 6.55100900e+03  9.50168686e-01
 6.55191000e+03  9.42470709e-01
 6.55281000e+03  9.31699022e-01
 6.55371000e+03  9.26164613e-01
 6.55461000e+03  9.20798963e-01
 6.55551100e+03  9.06259060e-01
 6.55641100e+03  8.87465581e-01
 6.55731100e+03  8.78343976e-01
 6.55821100e+03  8.85195998e-01
 6.55911100e+03  8.97096347e-01
 6.56001200e+03  9.00007789e-01
 6.56091200e+03  8.91301588e-01
 6.56181200e+03  8.65031538e-01
 6.56271200e+03  7.94653533e-01
 6.56361200e+03  6.89627708e-01
 6.56451300e+03  6.34533369e-01
 6.56541300e+03  6.77192020e-01
 6.56631300e+03  7.81478121e-01
 6.56721300e+03  8.64047114e-01
 6.56811400e+03  9.01882882e-01
 6.56901400e+03  9.15457833e-01
 6.56991400e+03  9.08613744e-01
 6.57081500e+03  8.95132547e-01
 6.57171500e+03  8.96986726e-01
 6.57261500e+03  9.07314160e-01
 6.57351600e+03  9.04720763e-01
 6.57441600e+03  8.90723194e-01
 6.57531600e+03  8.79785634e-01
 6.57621600e+03  8.79013961e-01
 6.57711600e+03  8.95099373e-01
 6.57801700e+03  9.23579870e-01
 6.57891700e+03  9.45838664e-01
 6.57981700e+03  9.53493370e-01
 6.58071700e+03  9.48438552e-01
 6.58161700e+03  9.33622434e-01
 6.58251800e+03  9.20864591e-01
 6.58341800e+03  9.24976814e-01
 6.58431800e+03  9.43454411e-01
 6.58521800e+03  9.57637325e-01
 6.58611800e+03  9.54198693e-01
 6.58701900e+03  9.41947125e-01
 6.58791900e+03  9.35595609e-01
 6.58881900e+03  9.43377244e-01
 6.58972000e+03  9.56222351e-01
 6.59062000e+03  9.62311355e-01
 6.59152000e+03  9.62633727e-01
 6.59242100e+03  9.52482262e-01
 6.59332100e+03  9.19934978e-01
 6.59422100e+03  8.75094296e-01
 6.59512100e+03  8.57280913e-01
 6.59602100e+03  8.84350764e-01
 6.59692200e+03  9.22894018e-01
 6.59782200e+03  9.39841252e-01
 6.59872200e+03  9.34960241e-01
 6.59962200e+03  9.23174561e-01
 6.60052300e+03  9.22413706e-01
 6.60142300e+03  9.38460895e-01
 6.60232300e+03  9.57478664e-01
 6.60322300e+03  9.65484589e-01
 6.60412300e+03  9.62651756e-01
 6.60502400e+03  9.53277013e-01
 6.60592400e+03  9.40449936e-01
 6.60682400e+03  9.30625170e-01
 6.60772400e+03  9.27576702e-01
 6.60862400e+03  9.24114271e-01
 6.60952500e+03  9.11737937e-01
 6.61042500e+03  8.96920376e-01
 6.61132500e+03  9.02501662e-01
 6.61222600e+03  9.31392516e-01
 6.61312600e+03  9.54553519e-01
 6.61402600e+03  9.54777809e-01
 6.61492600e+03  9.44353014e-01
 6.61582700e+03  9.44474173e-01
 6.61672700e+03  9.56621890e-01
 6.61762700e+03  9.62977013e-01
 6.61852800e+03  9.58228701e-01
 6.61942800e+03  9.53172441e-01
 6.62032800e+03  9.55486738e-01
 6.62122800e+03  9.61859890e-01
 6.62212800e+03  9.66152410e-01
 6.62302900e+03  9.65391555e-01
 6.62392900e+03  9.58116916e-01
 6.62482900e+03  9.42678411e-01
 6.62572900e+03  9.22919981e-01
 6.62662900e+03  9.14972472e-01
 6.62753000e+03  9.26600933e-01
 6.62843000e+03  9.39701341e-01
 6.62933000e+03  9.42500278e-01
 6.63023000e+03  9.41045638e-01
 6.63113100e+03  9.38326032e-01
 6.63203100e+03  9.35060486e-01
 6.63293100e+03  9.29233275e-01
 6.63383200e+03  9.14984732e-01
 6.63473200e+03  8.94185626e-01
 6.63563200e+03  8.83956273e-01
 6.63653200e+03  8.97917060e-01
 6.63743300e+03  9.23116866e-01
 6.63833300e+03  9.41287958e-01
 6.63923300e+03  9.47271668e-01
 6.64013300e+03  9.41560568e-01
 6.64103400e+03  9.32012739e-01
 6.64193400e+03  9.32939468e-01
 6.64283400e+03  9.42893326e-01
 6.64373400e+03  9.38877021e-01
 6.64463400e+03  9.16305230e-01
 6.64553500e+03  9.04436614e-01
 6.64643500e+03  9.18345476e-01
 6.64733500e+03  9.35262419e-01
 6.64823500e+03  9.36945676e-01
 6.64913500e+03  9.32032211e-01
 6.65003600e+03  9.34110680e-01
 6.65093600e+03  9.40408107e-01
 6.65183600e+03  9.41131460e-01
 6.65273600e+03  9.36856969e-01
 6.65363700e+03  9.33976538e-01
 6.65453700e+03  9.33701765e-01
 6.65543700e+03  9.34675371e-01
 6.65633700e+03  9.37297616e-01
 6.65723800e+03  9.38044047e-01
 6.65813800e+03  9.35166501e-01
 6.65903800e+03  9.34989810e-01
 6.65993900e+03  9.37794516e-01
 6.66083900e+03  9.37023564e-01
 6.66173900e+03  9.31672338e-01
 6.66263900e+03  9.25039557e-01
 6.66354000e+03  9.13380086e-01
 6.66444000e+03  8.93749306e-01
 6.66534000e+03  8.84873626e-01
 6.66624000e+03  8.97698540e-01
 6.66714000e+03  9.10751350e-01
 6.66804100e+03  9.11629037e-01
 6.66894100e+03  9.09123625e-01
 6.66984100e+03  9.13209885e-01
 6.67074100e+03  9.25065520e-01
 6.67164100e+03  9.37697876e-01
 6.67254200e+03  9.43802746e-01
 6.67344200e+03  9.43023140e-01
 6.67434200e+03  9.41041311e-01
 6.67524300e+03  9.41030493e-01
 6.67614300e+03  9.42341616e-01
 6.67704300e+03  9.41110545e-01
 6.67794400e+03  9.24385438e-01
 6.67884400e+03  8.88148548e-01
 6.67974400e+03  8.62697768e-01
 6.68064400e+03  8.76890779e-01
 6.68154400e+03  9.07663216e-01
 6.68244500e+03  9.21673044e-01
 6.68334500e+03  9.23550301e-01
 6.68424500e+03  9.27055282e-01
 6.68514500e+03  9.32070434e-01
 6.68604600e+03  9.35145587e-01
 6.68694600e+03  9.35775185e-01
 6.68784600e+03  9.34120055e-01
 6.68874600e+03  9.29942204e-01
 6.68964600e+03  9.27066100e-01
 6.69054700e+03  9.29289527e-01
 6.69144700e+03  9.32988509e-01
 6.69234700e+03  9.34559981e-01
 6.69324700e+03  9.34246984e-01
 6.69414800e+03  9.33552479e-01
 6.69504800e+03  9.33735661e-01
 6.69594800e+03  9.29712144e-01
 6.69684800e+03  9.14479179e-01
 6.69774900e+03  8.96879990e-01
 6.69864900e+03  8.93165864e-01
 6.69954900e+03  9.01305930e-01
 6.70044900e+03  9.12026413e-01
 6.70135000e+03  9.24461163e-01
 6.70225000e+03  9.33688062e-01
 6.70315000e+03  9.34144575e-01
 6.70405100e+03  9.26262695e-01
 6.70495100e+03  9.12738948e-01
 6.70585100e+03  9.03142800e-01
 6.70675100e+03  9.05976354e-01
 6.70765100e+03  9.16776167e-01
 6.70855200e+03  9.24231104e-01
 6.70945200e+03  9.25009267e-01
 6.71035200e+03  9.22695691e-01
 6.71125200e+03  9.17125944e-01
 6.71215200e+03  9.13058435e-01
 6.71305300e+03  9.14707796e-01
 6.71395300e+03  9.12588220e-01
 6.71485300e+03  9.03795476e-01
 6.71575300e+03  8.96115529e-01
 6.71665400e+03  8.89586600e-01
 6.71755400e+03  8.79886600e-01
 6.71845400e+03  8.65193805e-01
 6.71935500e+03  8.58353322e-01
 6.72025500e+03  8.76931887e-01
 6.72115500e+03  9.03839469e-01
 6.72205500e+03  9.14569327e-01
 6.72295600e+03  9.10838614e-01
 6.72385600e+03  9.09009677e-01
 6.72475600e+03  9.16678086e-01
 6.72565600e+03  9.22879595e-01
 6.72655700e+03  9.17461297e-01
 6.72745700e+03  9.06422770e-01
 6.72835700e+03  9.02958175e-01
 6.72925700e+03  9.09452487e-01
 6.73015700e+03  9.17199506e-01
 6.73105800e+03  9.23143550e-01
 6.73195800e+03  9.28737096e-01
 6.73285800e+03  9.29643631e-01
 6.73375800e+03  9.23067104e-01
 6.73465800e+03  9.15317201e-01
 6.73555900e+03  9.13573364e-01
 6.73645900e+03  9.18130561e-01
 6.73735900e+03  9.23359907e-01
 6.73826000e+03  9.21721364e-01
 6.73916000e+03  9.10343156e-01
 6.74006000e+03  8.97158369e-01
 6.74096000e+03  8.94299573e-01
 6.74186000e+03  9.03249536e-01
 6.74276100e+03  9.10815536e-01
 6.74366100e+03  9.05542919e-01
 6.74456100e+03  8.96574927e-01
 6.74546200e+03  8.98543053e-01
 6.74636200e+03  9.06041261e-01
 6.74726200e+03  9.06843945e-01
 6.74816200e+03  9.02820428e-01
 6.74906300e+03  8.99859224e-01
 6.74996300e+03  8.97143945e-01
 6.75086300e+03  8.91869886e-01
 6.75176300e+03  8.88671410e-01
 6.75266300e+03  8.93095908e-01
 6.75356400e+03  8.94386116e-01
 6.75446400e+03  8.89323366e-01
 6.75536400e+03  8.93289908e-01
 6.75626400e+03  9.04179870e-01
 6.75716400e+03  9.10627305e-01
 6.75806500e+03  9.16115558e-01
 6.75896500e+03  9.23266873e-01
 6.75986500e+03  9.28610888e-01
 6.76076600e+03  9.31716330e-01
 6.76166600e+03  9.33111832e-01
 6.76256600e+03  9.30886962e-01
 6.76346700e+03  9.26542516e-01
 6.76436700e+03  9.25759304e-01
 6.76526700e+03  9.27465639e-01
 6.76616700e+03  9.25826375e-01
 6.76706800e+03  9.17857230e-01
 6.76796800e+03  9.04076740e-01
 6.76886800e+03  8.92115090e-01
 6.76976800e+03  8.92620644e-01
 6.77066800e+03  9.02869469e-01
 6.77156900e+03  9.06610279e-01
 6.77246900e+03  8.99805856e-01
 6.77336900e+03  8.96899462e-01
 6.77426900e+03  9.05906398e-01
 6.77516900e+03  9.20219847e-01
 6.77607000e+03  9.31539639e-01
 6.77697000e+03  9.36798553e-01
 6.77787000e+03  9.35926635e-01
 6.77877000e+03  9.31752390e-01
 6.77967100e+03  9.31890858e-01
 6.78057100e+03  9.37462769e-01
 6.78147100e+03  9.39498687e-01
 6.78237100e+03  9.33674360e-01
 6.78327200e+03  9.21316056e-01
 6.78417200e+03  9.03712540e-01
 6.78507200e+03  8.86245328e-01
 6.78597200e+03  8.78509849e-01
 6.78687300e+03  8.82154741e-01
 6.78777300e+03  8.90433276e-01
 6.78867300e+03  9.01888651e-01
 6.78957400e+03  9.14216666e-01
 6.79047400e+03  9.18493320e-01
 6.79137400e+03  9.16582888e-01
 6.79227400e+03  9.18088732e-01
 6.79317400e+03  9.20595587e-01
 6.79407500e+03  9.15149164e-01
 6.79497500e+03  9.04697685e-01
 6.79587500e+03  9.01244629e-01
 6.79677500e+03  9.04029863e-01
 6.79767500e+03  9.06485513e-01
 6.79857600e+03  9.09881595e-01
 6.79947600e+03  9.12452636e-01
 6.80037600e+03  9.13578413e-01
 6.80127600e+03  9.16693952e-01
 6.80217700e+03  9.20861706e-01
 6.80307700e+03  9.24125810e-01
 6.80397700e+03  9.23512799e-01
 6.80487700e+03  9.17092048e-01
 6.80577800e+03  9.12209595e-01
 6.80667800e+03  9.14239022e-01
 6.80757800e+03  9.14561394e-01
 6.80847900e+03  9.11265558e-01
 6.80937900e+03  9.14054398e-01
 6.81027900e+03  9.17732465e-01
 6.81117900e+03  9.13074301e-01
 6.81208000e+03  9.09050064e-01
 6.81298000e+03  9.13109640e-01
 6.81388000e+03  9.18294992e-01
 6.81478000e+03  9.16953580e-01
 6.81568000e+03  9.07154777e-01
 6.81658100e+03  8.99066636e-01
 6.81748100e+03  9.05882599e-01
 6.81838100e+03  9.21067245e-01
 6.81928100e+03  9.28298613e-01
 6.82018100e+03  9.23184658e-01
 6.82108200e+03  9.11945640e-01
 6.82198200e+03  9.05781632e-01
 6.82288200e+03  9.11893714e-01
 6.82378300e+03  9.23438516e-01
 6.82468300e+03  9.30791044e-01
 6.82558300e+03  9.32811817e-01
 6.82648300e+03  9.32919996e-01
 6.82738400e+03  9.32328620e-01
 6.82828400e+03  9.26092494e-01
 6.82918400e+03  9.12014153e-01
 6.83008400e+03  9.00966971e-01
 6.83098500e+03  9.04522435e-01
 6.83188500e+03  9.17663230e-01
 6.83278500e+03  9.25747044e-01
 6.83368500e+03  9.23623141e-01
 6.83458600e+03  9.20158546e-01
 6.83548600e+03  9.23430583e-01
 6.83638600e+03  9.29735222e-01
 6.83728600e+03  9.30767245e-01
 6.83818600e+03  9.25142687e-01
 6.83908700e+03  9.17469230e-01
 6.83998700e+03  9.07632205e-01
 6.84088700e+03  8.94447417e-01
 6.84178700e+03  8.80664042e-01
 6.84268800e+03  8.68369924e-01
 6.84358800e+03  8.64067307e-01
 6.84448800e+03  8.72733842e-01
 6.84538800e+03  8.90223410e-01
 6.84628800e+03  9.09109922e-01
 6.84718900e+03  9.20806175e-01
 6.84808900e+03  9.23659922e-01
 6.84898900e+03  9.23527944e-01
 6.84989000e+03  9.22262977e-01
 6.85079000e+03  9.19338554e-01
 6.85169000e+03  9.16856941e-01
 6.85259100e+03  9.16326145e-01
 6.85349100e+03  9.18820740e-01
 6.85439100e+03  9.22035803e-01
 6.85529100e+03  9.14466918e-01
 6.85619100e+03  8.93604347e-01
 6.85709200e+03  8.79406288e-01
 6.85799200e+03  8.83691596e-01
 6.85889200e+03  8.92759113e-01
 6.85979200e+03  8.98638971e-01
 6.86069200e+03  9.03553157e-01
 6.86159300e+03  8.99848406e-01
 6.86249300e+03  8.85333745e-01
 6.86339300e+03  8.77705723e-01
 6.86429300e+03  8.91120570e-01
 6.86519400e+03  9.14394078e-01
 6.86609400e+03  9.27435349e-01
 6.86699400e+03  9.24368851e-01
 6.86789500e+03  9.09673171e-01
 6.86879500e+03  8.90930897e-01
 6.86969500e+03  8.81822994e-01
 6.87059500e+03  8.90453470e-01
 6.87149500e+03  9.04648644e-01
 6.87239600e+03  9.07433878e-01
 6.87329600e+03  8.98115387e-01
 6.87419600e+03  8.91204228e-01
 6.87509700e+03  8.95925135e-01
 6.87599700e+03  9.02164867e-01
 6.87689700e+03  9.02183618e-01
 6.87779700e+03  9.03605804e-01
 6.87869700e+03  9.12410086e-01
 6.87959800e+03  9.21638427e-01
 6.88049800e+03  9.23399572e-01
 6.88139800e+03  9.19234702e-01
 6.88229800e+03  9.09466190e-01
 6.88319800e+03  8.93721179e-01
 6.88409900e+03  8.81965790e-01
 6.88499900e+03  8.87185038e-01
 6.88589900e+03  9.03419015e-01
 6.88679900e+03  9.09974629e-01
 6.88770000e+03  9.07629320e-01
 6.88860000e+03  9.12459127e-01
 6.88950000e+03  9.22057438e-01
 6.89040000e+03  9.27089178e-01
 6.89130100e+03  9.30210486e-01
 6.89220100e+03  9.34021973e-01
 6.89310100e+03  9.33474590e-01
 6.89400200e+03  9.28792628e-01
 6.89490200e+03  9.27197356e-01
 6.89580200e+03  9.25688628e-01
 6.89670200e+03  9.18100993e-01
 6.89760300e+03  9.12804576e-01
 6.89850300e+03  9.18036807e-01
 6.89940300e+03  9.26007394e-01
 6.90030300e+03  9.25692234e-01
 6.90120300e+03  9.19215230e-01
 6.90210400e+03  9.18068539e-01
 6.90300400e+03  9.25860271e-01
 6.90390400e+03  9.32843549e-01
 6.90480400e+03  9.32128851e-01
 6.90570400e+03  9.27868784e-01
 6.90660500e+03  9.25665550e-01
 6.90750500e+03  9.27079803e-01
 6.90840500e+03  9.31486992e-01
 6.90930600e+03  9.35025869e-01
 6.91020600e+03  9.36669460e-01
 6.91110600e+03  9.38059914e-01
 6.91200600e+03  9.35047505e-01
 6.91290700e+03  9.27456263e-01
 6.91380700e+03  9.20020799e-01
 6.91470700e+03  9.10941744e-01
 6.91560800e+03  9.00884034e-01
 6.91650800e+03  8.99877254e-01
 6.91740800e+03  9.05568160e-01
 6.91830800e+03  9.06714131e-01
 6.91920800e+03  9.07402145e-01
 6.92010900e+03  9.14946509e-01
 6.92100900e+03  9.25474435e-01
 6.92190900e+03  9.33469542e-01
 6.92280900e+03  9.37640181e-01
 6.92370900e+03  9.37000486e-01
 6.92461000e+03  9.27356018e-01
 6.92551000e+03  9.08584896e-01
 6.92641000e+03  8.91225864e-01
 6.92731000e+03  8.87279514e-01
 6.92821100e+03  8.99161833e-01
 6.92911100e+03  9.15631639e-01
 6.93001100e+03  9.24078933e-01
 6.93091100e+03  9.25660501e-01
 6.93181200e+03  9.25762189e-01
 6.93271200e+03  9.23886375e-01
 6.93361200e+03  9.16423506e-01
 6.93451200e+03  9.05591960e-01
 6.93541300e+03  9.04520993e-01
 6.93631300e+03  9.15803283e-01
 6.93721300e+03  9.24406353e-01
 6.93811400e+03  9.24034940e-01
 6.93901400e+03  9.21397550e-01
 6.93991400e+03  9.22162732e-01
 6.94081400e+03  9.27234137e-01
 6.94171400e+03  9.33864033e-01
 6.94261500e+03  9.36951445e-01
 6.94351500e+03  9.32566613e-01
 6.94441500e+03  9.22130279e-01
 6.94531500e+03  9.08056986e-01
 6.94621500e+03  8.92897581e-01
 6.94711600e+03  8.88766607e-01
 6.94801600e+03  9.01797060e-01
 6.94891600e+03  9.17559379e-01
 6.94981600e+03  9.26396115e-01
 6.95071700e+03  9.30307847e-01
 6.95161700e+03  9.25443423e-01
 6.95251700e+03  9.11395372e-01
 6.95341700e+03  9.01508584e-01
 6.95431800e+03  9.00744123e-01
 6.95521800e+03  9.02164867e-01
 6.95611800e+03  9.05309974e-01
 6.95701900e+03  9.12922130e-01
 6.95791900e+03  9.22806033e-01
 6.95881900e+03  9.28874122e-01
 6.95971900e+03  9.29820323e-01
 6.96062000e+03  9.29213802e-01
 6.96152000e+03  9.28239475e-01
 6.96242000e+03  9.28858256e-01
 6.96332000e+03  9.31947832e-01
 6.96422000e+03  9.34611906e-01
 6.96512100e+03  9.36333386e-01
 6.96602100e+03  9.34514546e-01
 6.96692100e+03  9.26367267e-01
 6.96782100e+03  9.21561981e-01
 6.96872100e+03  9.29472709e-01
 6.96962200e+03  9.41396136e-01
 6.97052200e+03  9.44920590e-01
 6.97142200e+03  9.38414018e-01
 6.97232300e+03  9.27679111e-01
 6.97322300e+03  9.24228219e-01
 6.97412300e+03  9.32360352e-01
 6.97502300e+03  9.39126553e-01
 6.97592300e+03  9.32857973e-01
 6.97682400e+03  9.18918100e-01
 6.97772400e+03  9.04057268e-01
 6.97862400e+03  8.83642555e-01
 6.97952500e+03  8.55733241e-01
 6.98042500e+03  8.39910342e-01
 6.98132500e+03  8.57063114e-01
 6.98222500e+03  8.92195142e-01
 6.98312600e+03  9.18279126e-01
 6.98402600e+03  9.31661520e-01
 6.98492600e+03  9.39177757e-01
 6.98582600e+03  9.42336568e-01
 6.98672600e+03  9.41638456e-01
 6.98762700e+03  9.39209490e-01
 6.98852700e+03  9.36023995e-01
 6.98942700e+03  9.29790033e-01
 6.99032700e+03  9.20531401e-01
 6.99122700e+03  9.16092480e-01
 6.99212800e+03  9.22662516e-01
 6.99302800e+03  9.34704940e-01
 6.99392800e+03  9.42193051e-01
 6.99482800e+03  9.41099006e-01
 6.99572900e+03  9.34498680e-01
 6.99662900e+03  9.31135051e-01
 6.99752900e+03  9.34023416e-01
 6.99843000e+03  9.37585371e-01
 6.99933000e+03  9.35883363e-01
 7.00023000e+03  9.23437795e-01
 7.00113100e+03  9.05382093e-01
 7.00203100e+03  8.99226741e-01
 7.00293100e+03  9.11442970e-01
 7.00383100e+03  9.26410539e-01
 7.00473100e+03  9.25830702e-01
 7.00563200e+03  9.12431000e-01
 7.00653200e+03  9.02580993e-01
 7.00743200e+03  9.01605945e-01
 7.00833200e+03  9.05542198e-01
 7.00923200e+03  9.12567305e-01
 7.01013300e+03  9.21810792e-01
 7.01103300e+03  9.27734643e-01
 7.01193300e+03  9.24989795e-01
 7.01283300e+03  9.19341439e-01
 7.01373400e+03  9.19921996e-01
 7.01463400e+03  9.25670598e-01
 7.01553400e+03  9.25093646e-01
 7.01643400e+03  9.05860242e-01
 7.01733500e+03  8.72360266e-01
 7.01823500e+03  8.55047389e-01
 7.01913500e+03  8.75387098e-01
 7.02003500e+03  9.11614614e-01
 7.02093600e+03  9.35234293e-01
 7.02183600e+03  9.44391237e-01
 7.02273600e+03  9.44039296e-01
 7.02363700e+03  9.30939609e-01
 7.02453700e+03  9.06817261e-01
 7.02543700e+03  8.87189366e-01
 7.02633700e+03  8.86401827e-01
 7.02723700e+03  9.01048465e-01
 7.02813800e+03  9.14994108e-01
 7.02903800e+03  9.20832137e-01
 7.02993800e+03  9.23268316e-01
 7.03083800e+03  9.25770122e-01
 7.03173800e+03  9.28574107e-01
 7.03263900e+03  9.29206591e-01
 7.03353900e+03  9.26064368e-01
 7.03443900e+03  9.22953156e-01
 7.03533900e+03  9.21458130e-01
 7.03624000e+03  9.20811223e-01
 7.03714000e+03  9.25355438e-01
 7.03804000e+03  9.28093795e-01
 7.03894000e+03  9.12637982e-01
 7.03984100e+03  8.89492124e-01
 7.04074100e+03  8.91210719e-01
 7.04164100e+03  9.21692517e-01
 7.04254200e+03  9.52947430e-01
 7.04344200e+03  9.67982790e-01
 7.04434200e+03  9.68538105e-01
 7.04524200e+03  9.57566649e-01
 7.04614300e+03  9.40854523e-01
 7.04704300e+03  9.32410836e-01
 7.04794300e+03  9.39132322e-01
 7.04884300e+03  9.52477935e-01
 7.04974300e+03  9.62653920e-01
 7.05064400e+03  9.65318715e-01
 7.05154400e+03  9.60762240e-01
 7.05244400e+03  9.49466969e-01
 7.05334400e+03  9.26882918e-01
 7.05424400e+03  8.95933068e-01
 7.05514500e+03  8.74259879e-01
 7.05604500e+03  8.72238385e-01
 7.05694500e+03  8.84585871e-01
 7.05784600e+03  9.01393194e-01
 7.05874600e+03  9.12888956e-01
 7.05964600e+03  9.12011989e-01
 7.06054600e+03  8.97718012e-01
 7.06144700e+03  8.79271425e-01
 7.06234700e+03  8.72236221e-01
 7.06324700e+03  8.79026942e-01
 7.06414800e+03  8.87725931e-01
 7.06504800e+03  8.95359722e-01
 7.06594800e+03  9.03594265e-01
 7.06684800e+03  9.04135878e-01
 7.06774800e+03  8.92446838e-01
 7.06864900e+03  8.73856013e-01
 7.06954900e+03  8.56004408e-01
 7.07044900e+03  8.52796557e-01
 7.07134900e+03  8.71180400e-01
 7.07224900e+03  8.94800800e-01
 7.07315000e+03  9.05465751e-01
 7.07405000e+03  9.05748458e-01
 7.07495000e+03  9.06005201e-01
 7.07585000e+03  9.07286755e-01
 7.07675100e+03  9.06673744e-01
 7.07765100e+03  9.04981833e-01
 7.07855100e+03  9.05226316e-01
 7.07945100e+03  9.08180309e-01
 7.08035100e+03  9.11032614e-01
 7.08125200e+03  9.14160413e-01
 7.08215200e+03  9.18284896e-01
 7.08305200e+03  9.17115126e-01
 7.08395300e+03  9.03738502e-01
 7.08485300e+03  8.77424459e-01
 7.08575300e+03  8.48303546e-01
 7.08665400e+03  8.36100297e-01
 7.08755400e+03  8.43771591e-01
 7.08845400e+03  8.50125271e-01
 7.08935400e+03  8.48109546e-01
 7.09025400e+03  8.46359219e-01
 7.09115500e+03  8.43811977e-01
 7.09205500e+03  8.40265888e-01
 7.09295500e+03  8.41776059e-01
 7.09385500e+03  8.44223776e-01
 7.09475500e+03  8.43556676e-01
 7.09565600e+03  8.44068721e-01
 7.09655600e+03  8.44571390e-01
 7.09745600e+03  8.43804765e-01
 7.09835600e+03  8.44753851e-01
 7.09925700e+03  8.50048825e-01
 7.10015700e+03  8.63354051e-01
 7.10105700e+03  8.74269976e-01
 7.10195800e+03  8.75610667e-01
 7.10285800e+03  8.69886586e-01
 7.10375800e+03  8.61509969e-01
 7.10465800e+03  8.58772333e-01
 7.10555900e+03  8.66923218e-01
 7.10645900e+03  8.78463693e-01
 7.10735900e+03  8.80472927e-01
 7.10825900e+03  8.71722013e-01
 7.10916000e+03  8.64292318e-01
 7.11006000e+03  8.65457761e-01
 7.11096000e+03  8.66070772e-01
 7.11186000e+03  8.56827285e-01
 7.11276000e+03  8.45154832e-01
 7.11366100e+03  8.44090356e-01
 7.11456100e+03  8.54023300e-01
 7.11546100e+03  8.64727917e-01
 7.11636100e+03  8.70288288e-01
 7.11726100e+03  8.74083188e-01
 7.11816200e+03  8.76657113e-01
 7.11906200e+03  8.75239255e-01
 7.11996200e+03  8.72684080e-01
 7.12086300e+03  8.70982073e-01
 7.12176300e+03  8.69331270e-01
 7.12266300e+03  8.64786333e-01
 7.12356300e+03  8.56659969e-01
 7.12446300e+03  8.56061382e-01
 7.12536400e+03  8.63787486e-01
 7.12626400e+03  8.62715798e-01
 7.12716400e+03  8.51570535e-01
 7.12806500e+03  8.44572111e-01
 7.12896500e+03  8.47645100e-01
 7.12986500e+03  8.53754296e-01
 7.13076500e+03  8.49853382e-01
 7.13166600e+03  8.32994855e-01
 7.13256600e+03  8.19414134e-01
 7.13346600e+03  8.24258365e-01
 7.13436600e+03  8.40682015e-01
 7.13526600e+03  8.56463084e-01
 7.13616700e+03  8.66502764e-01
 7.13706700e+03  8.69877210e-01
 7.13796700e+03  8.72055924e-01
 7.13886700e+03  8.74352191e-01
 7.13976700e+03  8.69887307e-01
 7.14066800e+03  8.59765411e-01
 7.14156800e+03  8.57653047e-01
 7.14246800e+03  8.66580653e-01
 7.14336800e+03  8.72728073e-01
 7.14426900e+03  8.70687827e-01
 7.14516900e+03  8.68394445e-01
 7.14606900e+03  8.67922065e-01
 7.14697000e+03  8.67844898e-01
 7.14787000e+03  8.65571709e-01
 7.14877000e+03  8.51480386e-01
 7.14967100e+03  8.31067837e-01
 7.15057100e+03  8.27854937e-01
 7.15147100e+03  8.42557107e-01
 7.15237100e+03  8.56591456e-01
 7.15327100e+03  8.67472764e-01
 7.15417200e+03  8.79831790e-01
 7.15507200e+03  8.86450868e-01
 7.15597200e+03  8.79892370e-01
 7.15687200e+03  8.69569262e-01
 7.15777200e+03  8.72265790e-01
 7.15867300e+03  8.84554139e-01
 7.15957300e+03  8.87330719e-01
 7.16047300e+03  8.78226422e-01
 7.16137300e+03  8.68739173e-01
 7.16227400e+03  8.67368913e-01
 7.16317400e+03  8.74615426e-01
 7.16407400e+03  8.78110310e-01
 7.16497400e+03  8.63347560e-01
 7.16587500e+03  8.35442572e-01
 7.16677500e+03  8.20050224e-01
 7.16767500e+03  8.31965718e-01
 7.16857500e+03  8.58090088e-01
 7.16947600e+03  8.78424749e-01
 7.17037600e+03  8.84531782e-01
 7.17127600e+03  8.81748712e-01
 7.17217700e+03  8.81216474e-01
 7.17307700e+03  8.87381202e-01
 7.17397700e+03  8.94846235e-01
 7.17487700e+03  8.98120436e-01
 7.17577700e+03  8.94637090e-01
 7.17667800e+03  8.82394176e-01
 7.17757800e+03  8.67915575e-01
 7.17847800e+03  8.67144623e-01
 7.17937800e+03  8.80806117e-01
 7.18027800e+03  8.87054503e-01
 7.18117900e+03  8.71984526e-01
 7.18207900e+03  8.46803472e-01
 7.18297900e+03  8.34385309e-01
 7.18387900e+03  8.47539085e-01
 7.18478000e+03  8.73125448e-01
 7.18568000e+03  8.88267544e-01
 7.18658000e+03  8.87282399e-01
 7.18748000e+03  8.73522102e-01
 7.18838100e+03  8.49544713e-01
 7.18928100e+03  8.29380253e-01
 7.19018100e+03  8.26135621e-01
 7.19108200e+03  8.35505316e-01
 7.19198200e+03  8.50626497e-01
 7.19288200e+03  8.62562185e-01
 7.19378200e+03  8.61558289e-01
 7.19468300e+03  8.53561739e-01
 7.19558300e+03  8.54166096e-01
 7.19648300e+03  8.64842586e-01
 7.19738300e+03  8.69229582e-01
 7.19828300e+03  8.60547181e-01
 7.19918400e+03  8.55980609e-01
 7.20008400e+03  8.65442616e-01
 7.20098400e+03  8.76340511e-01
 7.20188400e+03  8.78295656e-01
 7.20278400e+03  8.71830192e-01
 7.20368500e+03  8.64648586e-01
 7.20458500e+03  8.68710326e-01
 7.20548500e+03  8.83861076e-01
 7.20638600e+03  8.93305053e-01
 7.20728600e+03  8.81053485e-01
 7.20818600e+03  8.48906460e-01
 7.20908600e+03  8.22027004e-01
 7.20998700e+03  8.21351250e-01
 7.21088700e+03  8.40382721e-01
 7.21178700e+03  8.66176787e-01
 7.21268800e+03  8.86649916e-01
 7.21358800e+03  8.89686124e-01
 7.21448800e+03  8.79117091e-01
 7.21538800e+03  8.68599984e-01
 7.21628800e+03  8.63501173e-01
 7.21718900e+03  8.62959560e-01
 7.21808900e+03  8.69884422e-01
 7.21898900e+03  8.83814198e-01
 7.21988900e+03  8.92955997e-01
 7.22078900e+03  8.90374860e-01
 7.22169000e+03  8.82642987e-01
 7.22259000e+03  8.77009054e-01
 7.22349000e+03  8.73973567e-01
 7.22439000e+03  8.71412623e-01
 7.22529100e+03  8.73195403e-01
 7.22619100e+03  8.82967522e-01
 7.22709100e+03  8.93701707e-01
 7.22799100e+03  8.99323380e-01
 7.22889200e+03  8.98752919e-01
 7.22979200e+03  8.91026815e-01
 7.23069200e+03  8.84244749e-01
 7.23159200e+03  8.88367789e-01
 7.23249300e+03  9.00247224e-01
 7.23339300e+03  9.09907558e-01
 7.23429300e+03  9.13964970e-01
 7.23519400e+03  9.15563126e-01
 7.23609400e+03  9.13986606e-01
 7.23699400e+03  9.06007365e-01
 7.23789400e+03  8.96815804e-01
 7.23879400e+03  8.93895707e-01
 7.23969500e+03  8.95317172e-01
 7.24059500e+03  8.93196875e-01
 7.24149500e+03  8.90723916e-01
 7.24239500e+03  8.96239573e-01
 7.24329500e+03  9.06101841e-01
 7.24419600e+03  9.07835580e-01
 7.24509600e+03  8.97738926e-01
 7.24599600e+03  8.83023054e-01
 7.24689600e+03  8.76425611e-01
 7.24779700e+03  8.85824154e-01
 7.24869700e+03  9.03982265e-01
 7.24959700e+03  9.16813669e-01
 7.25049800e+03  9.16623996e-01
 7.25139800e+03  9.03854614e-01
 7.25229800e+03  8.85578228e-01
 7.25319800e+03  8.74646437e-01
 7.25409900e+03  8.78920206e-01
 7.25499900e+03  8.90923685e-01
 7.25589900e+03  8.98670703e-01
 7.25679900e+03  9.01935529e-01
 7.25770000e+03  9.08234398e-01
 7.25860000e+03  9.17589669e-01
 7.25950000e+03  9.23193312e-01
 7.26040000e+03  9.17669721e-01
 7.26130000e+03  9.04748889e-01
 7.26220100e+03  8.82597552e-01
 7.26310100e+03  8.64290155e-01
 7.26400100e+03  8.70100779e-01
 7.26490100e+03  8.92773536e-01
 7.26580100e+03  9.09699855e-01
 7.26670200e+03  9.16349223e-01
 7.26760200e+03  9.20157825e-01
 7.26850200e+03  9.23867624e-01
 7.26940300e+03  9.24280866e-01
 7.27030300e+03  9.20478754e-01
 7.27120300e+03  9.15111662e-01
 7.27210300e+03  9.09420755e-01
 7.27300300e+03  9.04967409e-01
 7.27390400e+03  9.04353677e-01
 7.27480400e+03  9.07665380e-01
 7.27570400e+03  9.11838182e-01
 7.27660500e+03  9.15084978e-01
 7.27750500e+03  9.18642606e-01
 7.27840500e+03  9.20149892e-01
 7.27930500e+03  9.15802561e-01
 7.28020600e+03  9.09514510e-01
 7.28110600e+03  9.06732160e-01
 7.28200600e+03  9.03911588e-01
 7.28290600e+03  8.94458956e-01
 7.28380600e+03  8.80344556e-01
 7.28470700e+03  8.70446229e-01
 7.28560700e+03  8.69455314e-01
 7.28650700e+03  8.77567976e-01
 7.28740700e+03  8.91945611e-01
 7.28830700e+03  9.01714123e-01
 7.28920800e+03  8.96357127e-01
 7.29010800e+03  8.79326236e-01
 7.29100800e+03  8.66403961e-01
 7.29190800e+03  8.62217456e-01
 7.29280900e+03  8.59236058e-01
 7.29370900e+03  8.55820505e-01
 7.29460900e+03  8.61113315e-01
 7.29551000e+03  8.78985113e-01
 7.29641000e+03  9.01668688e-01
 7.29731000e+03  9.20550152e-01
 7.29821100e+03  9.29901096e-01
 7.29911100e+03  9.26078070e-01
 7.30001100e+03  9.14740970e-01
 7.30091100e+03  9.06529506e-01
 7.30181100e+03  9.06926881e-01
 7.30271200e+03  9.12344457e-01
 7.30361200e+03  9.16259796e-01
 7.30451200e+03  9.18932524e-01
 7.30541200e+03  9.20226338e-01
 7.30631200e+03  9.27613483e-01
 7.30721300e+03  9.23351974e-01
 7.30811300e+03  9.11795632e-01
 7.30901300e+03  9.00935960e-01
 7.30991300e+03  8.99427231e-01
 7.31081400e+03  9.07004049e-01
 7.31171400e+03  9.10015015e-01
 7.31261400e+03  9.03365647e-01
 7.31351500e+03  9.01420599e-01
 7.31441500e+03  9.11578554e-01
 7.31531500e+03  9.23754397e-01
 7.31621500e+03  9.26965855e-01
 7.31711500e+03  9.20889111e-01
 7.31801600e+03  9.12553602e-01
 7.31891600e+03  9.08154346e-01
 7.31981600e+03  9.10007803e-01
 7.32071700e+03  9.15588368e-01
 7.32161700e+03  9.18618807e-01
 7.32251700e+03  9.19151044e-01
 7.32341700e+03  9.20591981e-01
 7.32431700e+03  9.18278405e-01
 7.32521800e+03  9.09563551e-01
 7.32611800e+03  8.97531945e-01
 7.32701800e+03  8.86124890e-01
 7.32791800e+03  8.82342251e-01
 7.32881800e+03  8.97060287e-01
 7.32971900e+03  9.15734048e-01
 7.33061900e+03  9.21452360e-01
 7.33151900e+03  9.16953580e-01
 7.33241900e+03  9.13206279e-01
 7.33332000e+03  9.14539758e-01
 7.33422000e+03  9.17240613e-01
 7.33512000e+03  9.18378650e-01
 7.33602000e+03  9.21105468e-01
 7.33692100e+03  9.28074323e-01
 7.33782100e+03  9.36019668e-01
 7.33872100e+03  9.40123958e-01
 7.33962200e+03  9.40288389e-01
 7.34052200e+03  9.40185980e-01
 7.34142200e+03  9.42207475e-01
 7.34232200e+03  9.45643943e-01
 7.34322300e+03  9.45684330e-01
 7.34412300e+03  9.35439832e-01
 7.34502300e+03  9.15720346e-01
 7.34592300e+03  9.01206406e-01
 7.34682300e+03  9.04998421e-01
 7.34772400e+03  9.20430435e-01
 7.34862400e+03  9.33527237e-01
 7.34952400e+03  9.39992702e-01
 7.35042400e+03  9.38189728e-01
 7.35132400e+03  9.26421356e-01
 7.35222500e+03  9.11518695e-01
 7.35312500e+03  9.05407335e-01
 7.35402500e+03  9.09585907e-01
 7.35492600e+03  9.11948524e-01
 7.35582600e+03  9.02073276e-01
 7.35672600e+03  8.91194131e-01
 7.35762600e+03  8.69002407e-01
 7.35852700e+03  8.74714229e-01
 7.35942700e+03  8.98300012e-01
 7.36032700e+03  9.22175714e-01
 7.36122700e+03  9.31737966e-01
 7.36212800e+03  9.22850026e-01
 7.36302800e+03  9.03545224e-01
 7.36392800e+03  8.87328555e-01
 7.36482800e+03  8.84032719e-01
 7.36572900e+03  8.92079752e-01
 7.36662900e+03  9.03651238e-01
 7.36752900e+03  9.12501677e-01
 7.36842900e+03  9.19084695e-01
 7.36932900e+03  9.24643624e-01
 7.37023000e+03  9.26557661e-01
 7.37113000e+03  9.27020665e-01
 7.37203000e+03  9.32237029e-01
 7.37293000e+03  9.38437817e-01
 7.37383100e+03  9.40839378e-01
 7.37473100e+03  9.35147029e-01
 7.37563100e+03  9.29818159e-01
 7.37653100e+03  9.24787141e-01
 7.37743200e+03  9.21777617e-01
 7.37833200e+03  9.24695550e-01
 7.37923200e+03  9.33178181e-01
 7.38013200e+03  9.40863177e-01
 7.38103300e+03  9.40762211e-01
 7.38193300e+03  9.31068702e-01
 7.38283300e+03  9.15858814e-01
 7.38373400e+03  9.05180882e-01
 7.38463400e+03  8.99176978e-01
 7.38553400e+03  8.95355395e-01
 7.38643400e+03  8.84597410e-01
 7.38733400e+03  8.71711195e-01
 7.38823500e+03  8.65375545e-01
 7.38913500e+03  8.62397032e-01
 7.39003500e+03  8.56298653e-01
 7.39093500e+03  8.53154988e-01
 7.39183500e+03  8.64162504e-01
 7.39273600e+03  8.82614139e-01
 7.39363600e+03  8.91040518e-01
 7.39453600e+03  8.87681217e-01
 7.39543600e+03  8.87173499e-01
 7.39633700e+03  8.96578532e-01
 7.39723700e+03  9.06351372e-01
 7.39813700e+03  9.09192138e-01
 7.39903800e+03  9.07268725e-01
 7.39993800e+03  9.00787395e-01
 7.40083800e+03  8.90565975e-01
 7.40173800e+03  8.82822563e-01
 7.41000000e+03  9.53497697e-01
 7.43000000e+03  9.75566098e-01
 7.45000000e+03  9.76417101e-01
 7.47000000e+03  9.87890506e-01
 7.49000000e+03  9.84801651e-01
 7.51000000e+03  9.92368372e-01
 7.53000000e+03  1.00374514e+00
 7.55000000e+03  1.00972091e+00
 7.57000000e+03  1.00185562e+00
 7.59000000e+03  9.79635770e-01
 7.61000000e+03  9.62764262e-01
 7.63000000e+03  9.49155415e-01
 7.65000000e+03  9.33275542e-01
 7.67000000e+03  8.95034466e-01
 7.69000000e+03  9.16768234e-01
 7.71000000e+03  9.01469640e-01
 7.73000000e+03  9.05585469e-01
 7.75000000e+03  8.97957447e-01
 7.77000000e+03  9.13419030e-01
 7.79000000e+03  9.14121469e-01
 7.81000000e+03  9.16116279e-01
 7.83000000e+03  9.14103439e-01
 7.85000000e+03  9.06833848e-01
 7.87000000e+03  9.17113684e-01
 7.89000000e+03  9.10160695e-01
 7.91000000e+03  8.91134273e-01
 7.93000000e+03  8.92146101e-01
 7.95000000e+03  8.91222258e-01
 7.97000000e+03  9.15020792e-01
 7.99000000e+03  9.15491007e-01
 8.01000000e+03  9.25197498e-01
 8.03000000e+03  9.29451795e-01
 8.05000000e+03  9.27456985e-01
 8.07000000e+03  9.38386612e-01
 8.09000000e+03  9.30223468e-01
 8.11000000e+03  9.38008709e-01
 8.13000000e+03  9.55917288e-01
 8.15000000e+03  9.62717385e-01
 8.17000000e+03  9.65962738e-01
 8.19000000e+03  9.34397713e-01
 8.21000000e+03  9.33141401e-01
 8.23000000e+03  9.35318672e-01
 8.25000000e+03  9.38005824e-01
 8.27000000e+03  9.42916404e-01
 8.29000000e+03  9.33835185e-01
 8.31000000e+03  9.10782361e-01
 8.33000000e+03  9.04592391e-01
 8.35000000e+03  9.07445417e-01
 8.37000000e+03  9.11131417e-01
 8.39000000e+03  8.85447693e-01
 8.41000000e+03  9.11201372e-01
 8.43000000e+03  8.81719143e-01
 8.45000000e+03  8.73667061e-01
 8.47000000e+03  8.67417233e-01
 8.49000000e+03  8.76064295e-01
 8.51000000e+03  8.43612929e-01
 8.53000000e+03  8.75643121e-01
 8.55000000e+03  8.30352416e-01
 8.57000000e+03  8.92748295e-01
 8.59000000e+03  8.79848377e-01
 8.61000000e+03  8.85741217e-01
 8.63000000e+03  9.00242175e-01
 8.65000000e+03  9.02217514e-01
 8.67000000e+03  8.39049241e-01
 8.69000000e+03  8.79800779e-01
 8.71000000e+03  9.04229633e-01
 8.73000000e+03  9.08121171e-01
 8.75000000e+03  8.97865856e-01
 8.77000000e+03  9.13558219e-01
 8.79000000e+03  9.17738955e-01
 8.81000000e+03  9.02100681e-01
 8.83000000e+03  9.10320078e-01
 8.85000000e+03  9.08657015e-01
 8.87000000e+03  8.77078288e-01
 8.89000000e+03  8.89554867e-01
 8.91000000e+03  8.98107454e-01
 8.93000000e+03  8.85512600e-01
 8.95000000e+03  8.85569574e-01
 8.97000000e+03  8.88935366e-01
 8.99000000e+03  8.91166726e-01
 9.01000000e+03  8.65661136e-01
 9.03000000e+03  8.92606942e-01
 9.05000000e+03  9.13093773e-01
 9.07000000e+03  9.08023090e-01
 9.09000000e+03  8.89277931e-01
 9.11000000e+03  8.97576659e-01
 9.13000000e+03  9.09973907e-01
 9.15000000e+03  9.05487387e-01
 9.17000000e+03  9.01627581e-01
 9.19000000e+03  9.04363774e-01
 9.21000000e+03  8.79603173e-01
 9.23000000e+03  8.65202460e-01
 9.25000000e+03  8.63485307e-01
 9.27000000e+03  8.69579359e-01
 9.29000000e+03  8.62762675e-01
 9.31000000e+03  8.65423865e-01
 9.33000000e+03  8.62674690e-01
 9.35000000e+03  8.58982200e-01
 9.37000000e+03  8.47355182e-01
 9.39000000e+03  8.55639486e-01
 9.41000000e+03  8.39422818e-01
 9.43000000e+03  8.57605449e-01
 9.45000000e+03  8.45258683e-01
 9.47000000e+03  8.58002103e-01
 9.49000000e+03  8.59869984e-01
 9.51000000e+03  8.52503754e-01
 9.53000000e+03  8.55000512e-01
 9.55000000e+03  8.37050825e-01
 9.57000000e+03  8.45050260e-01
 9.59000000e+03  8.54484140e-01
 9.61000000e+03  8.43977851e-01
 9.63000000e+03  8.45516869e-01
 9.65000000e+03  8.33211212e-01
 9.67000000e+03  8.31448625e-01
 9.69000000e+03  8.39879331e-01
 9.71000000e+03  8.33007836e-01
 9.73000000e+03  8.27129420e-01
 9.75000000e+03  8.22845554e-01
 9.77000000e+03  8.24706945e-01
 9.79000000e+03  8.13790298e-01
 9.81000000e+03  8.30420929e-01
 9.83000000e+03  8.24492030e-01
 9.85000000e+03  8.28138365e-01
 9.87000000e+03  8.23478759e-01
 9.89000000e+03  8.22852766e-01
 9.91000000e+03  8.14872804e-01
 9.93000000e+03  8.18183064e-01
 9.95000000e+03  8.19446588e-01
 9.97000000e+03  8.20671889e-01
 9.99000000e+03  8.17272923e-01
 1.00250000e+04  8.11136321e-01
 1.00750000e+04  8.01455072e-01
 1.01250000e+04  8.05840626e-01
 1.01750000e+04  7.96047593e-01
 1.02250000e+04  7.95905518e-01
 1.02750000e+04  7.94325392e-01
 1.03250000e+04  7.83445526e-01
 1.03750000e+04  7.78754188e-01
 1.04250000e+04  7.77488501e-01
 1.04750000e+04  7.64544590e-01
 1.05250000e+04  7.58218316e-01
 1.05750000e+04  7.46389364e-01
 1.06250000e+04  7.43834190e-01
 1.06750000e+04  7.34139960e-01
 1.07250000e+04  7.33522622e-01
 1.07750000e+04  7.29519298e-01
 1.08250000e+04  7.19738309e-01
 1.08750000e+04  7.14371938e-01
 1.09250000e+04  7.05672661e-01
 1.09750000e+04  6.93992130e-01
 1.10250000e+04  6.89194850e-01
 1.10750000e+04  6.81235657e-01
 1.11250000e+04  6.76754762e-01
 1.11750000e+04  6.72334015e-01
 1.12250000e+04  6.72342741e-01
 1.12750000e+04  6.63389461e-01
 1.13250000e+04  6.60384913e-01
 1.13750000e+04  6.53721699e-01
 1.14250000e+04  6.47436604e-01
 1.14750000e+04  6.54247662e-01
 1.15250000e+04  6.51201718e-01
 1.15750000e+04  6.44004823e-01
 1.16250000e+04  6.35141548e-01
 1.16750000e+04  6.33502933e-01
 1.17250000e+04  6.36144290e-01
 1.17750000e+04  6.22795143e-01
 1.18250000e+04  6.20196625e-01
 1.18750000e+04  6.13064060e-01
 1.19250000e+04  6.20180687e-01
 1.19750000e+04  6.00756311e-01
 1.20250000e+04  6.08743053e-01
 1.20750000e+04  6.03544286e-01
 1.21250000e+04  6.03057267e-01
 1.21750000e+04  6.03952624e-01
 1.22250000e+04  5.99202653e-01
 1.22750000e+04  5.94026603e-01
 1.23250000e+04  5.90918420e-01
 1.23750000e+04  5.88519311e-01
 1.24250000e+04  5.81487064e-01
 1.24750000e+04  5.80993626e-01
 1.25250000e+04  5.74583693e-01
 1.25750000e+04  5.73904549e-01
 1.26250000e+04  5.70659773e-01
 1.26750000e+04  5.64042498e-01
 1.27250000e+04  5.65209167e-01
 1.27750000e+04  5.64247605e-01
 1.28250000e+04  5.45886695e-01
 1.28750000e+04  5.53258118e-01
 1.29250000e+04  5.47437541e-01
 1.29750000e+04  5.49807947e-01
 1.30250000e+04  5.44619565e-01
 1.30750000e+04  5.44250172e-01
 1.31250000e+04  5.33411486e-01
 1.31750000e+04  5.33566830e-01
 1.32250000e+04  5.33128564e-01
 1.32750000e+04  5.24012151e-01
 1.33250000e+04  5.16145054e-01
 1.33750000e+04  5.03823747e-01
 1.34250000e+04  5.02699124e-01
 1.34750000e+04  5.01520340e-01
 1.35250000e+04  4.98265539e-01
 1.35750000e+04  4.91239999e-01
 1.36250000e+04  4.89064170e-01
 1.36750000e+04  4.89115447e-01
 1.37250000e+04  4.88637298e-01
 1.37750000e+04  4.86109096e-01
 1.38250000e+04  4.84890790e-01
 1.38750000e+04  4.80406794e-01
 1.39250000e+04  4.69359468e-01
 1.39750000e+04  4.66760517e-01
 1.40250000e+04  4.60782289e-01
 1.40750000e+04  4.61105959e-01
 1.41250000e+04  4.55096647e-01
 1.41750000e+04  4.55396229e-01
 1.42250000e+04  4.50642075e-01
 1.42750000e+04  4.45067857e-01
 1.43250000e+04  4.52162271e-01
 1.43750000e+04  4.54229849e-01
 1.44250000e+04  4.45674666e-01
 1.44750000e+04  4.50972380e-01
 1.45250000e+04  4.46766907e-01
 1.45700000e+04  4.47785011e-01
 1.46200000e+04  4.37643427e-01
 1.46750000e+04  4.37768986e-01
 1.47250000e+04  4.38848895e-01
 1.47750000e+04  4.38562799e-01
 1.48250000e+04  4.39529914e-01
 1.48750000e+04  4.35291627e-01
 1.49250000e+04  4.44202862e-01
 1.49750000e+04  4.42091652e-01
 1.50250000e+04  4.32831073e-01
 1.50750000e+04  4.35322855e-01
 1.51250000e+04  4.40605352e-01
 1.51750000e+04  4.42031144e-01
 1.52250000e+04  4.43442079e-01
 1.52750000e+04  4.42459458e-01
 1.53250000e+04  4.42686561e-01
 1.53750000e+04  4.42250602e-01
 1.54250000e+04  4.39315288e-01
 1.54750000e+04  4.45505258e-01
 1.55250000e+04  4.43765100e-01
 1.55750000e+04  4.28752385e-01
 1.56250000e+04  4.36479787e-01
 1.56750000e+04  4.36462839e-01
 1.57250000e+04  4.37859134e-01
 1.57750000e+04  4.16651834e-01
 1.58250000e+04  4.22211485e-01
 1.58750000e+04  4.21721508e-01
 1.59250000e+04  4.30827753e-01
 1.59750000e+04  4.23669081e-01
 1.60500000e+04  4.25385728e-01
 1.61500000e+04  4.29679402e-01
 1.62500000e+04  4.16991370e-01
 1.63500000e+04  4.25217619e-01
 1.64500000e+04  4.10365081e-01
 1.65500000e+04  4.17930359e-01
 1.66500000e+04  4.07525180e-01
 1.67500000e+04  4.02436395e-01
 1.68500000e+04  3.95401046e-01
 1.69500000e+04  3.96274767e-01
 1.70500000e+04  3.87459379e-01
 1.71500000e+04  3.80766091e-01
 1.72500000e+04  3.72018422e-01
 1.73500000e+04  3.61045090e-01
 1.74500000e+04  3.57024170e-01
 1.75500000e+04  3.47192842e-01
 1.76500000e+04  3.44120935e-01
 1.77500000e+04  3.31565025e-01
 1.78500000e+04  3.25955180e-01
 1.79500000e+04  3.23194754e-01
 1.80500000e+04  3.15249986e-01
 1.81500000e+04  3.10186298e-01
 1.82500000e+04  3.06123548e-01
 1.83500000e+04  3.01646620e-01
 1.84500000e+04  2.95624038e-01
 1.85500000e+04  2.92895273e-01
 1.86500000e+04  2.86459594e-01
 1.87500000e+04  2.79675508e-01
 1.88500000e+04  2.78473357e-01
 1.89500000e+04  2.69914279e-01
 1.90500000e+04  2.70093207e-01
 1.91500000e+04  2.64978891e-01
 1.92500000e+04  2.60836089e-01
 1.93500000e+04  2.54416565e-01
 1.94500000e+04  2.48587911e-01
 1.95500000e+04  2.44641922e-01
 1.96500000e+04  2.40522199e-01
 1.97500000e+04  2.34093010e-01
 1.98500000e+04  2.32271718e-01
 1.99500000e+04  2.29461820e-01
 2.00500000e+04  2.27430229e-01
 2.01500000e+04  2.24748485e-01
 2.02500000e+04  2.20465773e-01
 2.03500000e+04  2.17344176e-01
 2.04500000e+04  2.16061541e-01
 2.05500000e+04  2.12996918e-01
 2.06500000e+04  2.10759788e-01
 2.07500000e+04  2.08966550e-01
 2.08500000e+04  2.06845459e-01
 2.09500000e+04  2.03629819e-01
 2.10500000e+04  2.03022145e-01
 2.11500000e+04  2.00266191e-01
 2.12500000e+04  1.98204959e-01
 2.13500000e+04  1.96095624e-01
 2.14500000e+04  1.93773538e-01
 2.15500000e+04  1.90738916e-01
 2.16500000e+04  1.87571740e-01
 2.17500000e+04  1.84873121e-01
 2.18500000e+04  1.82385233e-01
 2.19500000e+04  1.80702121e-01
 2.20500000e+04  1.77416742e-01
 2.21500000e+04  1.77632883e-01
 2.22500000e+04  1.73912987e-01
 2.23500000e+04  1.71132008e-01
 2.24500000e+04  1.68897979e-01
 2.25500000e+04  1.66767585e-01
 2.26500000e+04  1.62744573e-01
 2.27500000e+04  1.62423283e-01
 2.28500000e+04  1.59140573e-01
 2.29500000e+04  1.33930022e-01
 2.30500000e+04  1.43019101e-01
 2.31500000e+04  1.42390008e-01
 2.32500000e+04  1.23702905e-01
 2.33500000e+04  1.32055722e-01
 2.34500000e+04  1.26163387e-01
 2.35500000e+04  1.14693805e-01
 2.36500000e+04  1.22579291e-01
 2.37500000e+04  1.17455456e-01
 2.38500000e+04  1.08745433e-01
 2.39500000e+04  1.14713998e-01
 2.40500000e+04  1.12516678e-01
 2.41500000e+04  1.04557413e-01
 2.42500000e+04  1.07889453e-01
 2.43500000e+04  1.04727037e-01
 2.44500000e+04  1.01421176e-01
 2.45500000e+04  1.00958894e-01
 2.46500000e+04  1.01317397e-01
 2.47500000e+04  9.80677889e-02
 2.48500000e+04  9.03230785e-02
 2.49500000e+04  8.81040503e-02
 2.50500000e+04  8.98299291e-02
 2.51500000e+04  8.63785322e-02
 2.52500000e+04  8.80090697e-02
 2.53500000e+04  8.88328845e-02
 2.54500000e+04  8.78624518e-02
 2.55500000e+04  8.78529321e-02
 2.56500000e+04  8.86585009e-02
 2.57500000e+04  8.93534391e-02
 2.58500000e+04  8.75264496e-02
 2.59500000e+04  8.94125767e-02
 2.60500000e+04  8.90377745e-02
 2.61500000e+04  8.80411626e-02
 2.62500000e+04  8.51693137e-02
 2.63500000e+04  8.53170854e-02
 2.64500000e+04  8.43203293e-02
 2.65500000e+04  8.32403480e-02
 2.66500000e+04  8.21245956e-02
 2.67500000e+04  8.23999458e-02
 2.68500000e+04  8.14264841e-02
 2.69500000e+04  8.06374306e-02
 2.70500000e+04  8.06405317e-02
 2.71500000e+04  7.92743102e-02
 2.72500000e+04  7.85842760e-02
 2.73500000e+04  7.74159490e-02
 2.74500000e+04  7.71709609e-02
 2.75500000e+04  7.69174627e-02
 2.76500000e+04  7.55084026e-02
 2.77500000e+04  7.45575141e-02
 2.78500000e+04  7.38869521e-02
 2.79500000e+04  7.34717633e-02
 2.80500000e+04  7.15910523e-02
 2.81500000e+04  7.16805087e-02
 2.82500000e+04  7.16921487e-02
 2.83500000e+04  7.10978308e-02
 2.84500000e+04  7.05868608e-02
 2.85500000e+04  6.88839159e-02
 2.86500000e+04  6.80901963e-02
 2.87500000e+04  6.84235157e-02
 2.88500000e+04  6.72885148e-02
 2.89500000e+04  6.69927694e-02
 2.90500000e+04  6.62054683e-02
 2.91500000e+04  6.57390174e-02
 2.92500000e+04  6.47875087e-02
 2.93500000e+04  6.42917053e-02
 2.94500000e+04  6.24763919e-02
 2.95500000e+04  6.27168581e-02
 2.96500000e+04  6.14007088e-02
 2.97500000e+04  6.09137977e-02
 2.98500000e+04  6.08006574e-02
 2.99500000e+04  6.01345019e-02
 3.00500000e+04  5.98160606e-02
 3.01500000e+04  5.93042973e-02
 3.02500000e+04  5.86456204e-02
 3.03500000e+04  5.78630865e-02
 3.04500000e+04  5.74821974e-02
 3.05500000e+04  5.69095513e-02
 3.06500000e+04  5.63389966e-02
 3.07500000e+04  5.58741611e-02
 3.08500000e+04  5.52179723e-02
 3.09500000e+04  5.47411434e-02
 3.10500000e+04  5.43219304e-02
 3.11500000e+04  5.35953607e-02
 3.12500000e+04  5.32980287e-02
 3.13500000e+04  5.28392007e-02
 3.14500000e+04  5.23470321e-02
 3.15500000e+04  5.18101281e-02
 3.16500000e+04  5.13486677e-02
 3.17500000e+04  5.09930203e-02
 3.18500000e+04  5.05514576e-02
 3.19500000e+04  5.01550485e-02
 3.21000000e+04  4.95112931e-02
 3.23000000e+04  4.88374785e-02
 3.25000000e+04  4.84191958e-02
 3.27000000e+04  4.88146240e-02
 3.29000000e+04  5.16180320e-02
 3.31000000e+04  5.08317551e-02
 3.33000000e+04  4.62181901e-02
 3.35000000e+04  4.41707835e-02
 3.37000000e+04  4.28544899e-02
 3.39000000e+04  4.18141668e-02
 3.41000000e+04  4.08892772e-02
 3.43000000e+04  4.01363409e-02
 3.45000000e+04  3.93891957e-02
 3.47000000e+04  3.86200398e-02
 3.49000000e+04  3.79036029e-02
 3.51000000e+04  3.72109436e-02
 3.53000000e+04  3.64591107e-02
 3.55000000e+04  3.58180020e-02
 3.57000000e+04  3.51625273e-02
 3.59000000e+04  3.45309599e-02
 3.61000000e+04  3.39560853e-02
 3.63000000e+04  3.33518583e-02
 3.65000000e+04  3.27143411e-02
 3.67000000e+04  3.21451495e-02
 3.69000000e+04  3.14997353e-02
 3.71000000e+04  3.09540905e-02
 3.73000000e+04  3.05010537e-02
 3.75000000e+04  2.98669982e-02
 3.77000000e+04  2.95075934e-02
 3.79000000e+04  2.90219227e-02
 3.81000000e+04  2.85821774e-02
 3.83000000e+04  2.81529398e-02
 3.85000000e+04  2.77058311e-02
 3.87000000e+04  2.71878439e-02
 3.89000000e+04  2.67441320e-02
 3.91000000e+04  2.62936987e-02
 3.93000000e+04  2.58260145e-02
 3.95000000e+04  2.52946420e-02
 3.97000000e+04  2.48572694e-02
 3.99000000e+04  2.43229833e-02
 4.01000000e+04  2.39290119e-02
 4.03000000e+04  2.35223259e-02
 4.05000000e+04  2.30380903e-02
 4.07000000e+04  2.26365464e-02
 4.09000000e+04  2.22012580e-02
 4.11000000e+04  2.17863577e-02
 4.13000000e+04  2.13854268e-02
 4.15000000e+04  2.09533549e-02
 4.17000000e+04  2.05430341e-02
 4.19000000e+04  2.01392329e-02
 4.21000000e+04  1.97243686e-02
 4.23000000e+04  1.94015858e-02
 4.25000000e+04  1.89869811e-02
 4.27000000e+04  1.86459378e-02
 4.29000000e+04  1.79109446e-02
 4.31000000e+04  1.72026283e-02
 4.33000000e+04  1.70582317e-02
 4.35000000e+04  1.63927901e-02
 4.37000000e+04  1.59973547e-02
 4.39000000e+04  1.56719395e-02
 4.41000000e+04  1.51573996e-02
 4.43000000e+04  1.48823235e-02
 4.45000000e+04  1.46103773e-02
 4.47000000e+04  1.41954842e-02
 4.49000000e+04  1.40637229e-02
 4.51000000e+04  1.37901540e-02
 4.53000000e+04  1.34803671e-02
 4.55000000e+04  1.33326963e-02
 4.57000000e+04  1.31291622e-02
 4.59000000e+04  1.27705867e-02
 4.61000000e+04  1.27245676e-02
 4.63000000e+04  1.24942701e-02
 4.65000000e+04  1.23210476e-02
 4.67000000e+04  1.22306970e-02
 4.69000000e+04  1.20294923e-02
 4.71000000e+04  1.18501613e-02
 4.73000000e+04  1.18137485e-02
 4.75000000e+04  1.15892494e-02
 4.77000000e+04  1.14422060e-02
 4.79000000e+04  1.13155219e-02
 4.81000000e+04  1.10937272e-02
 4.83000000e+04  1.10796857e-02
 4.85000000e+04  1.08909071e-02
 4.87000000e+04  1.07341349e-02
 4.89000000e+04  1.06058930e-02
 4.91000000e+04  1.04614459e-02
 4.93000000e+04  1.03480389e-02
 4.95000000e+04  1.01986300e-02
 4.97000000e+04  1.01278813e-02
 4.99000000e+04  9.97423911e-03
 5.01000000e+04  9.88251822e-03
 5.03000000e+04  9.77412343e-03
 5.05000000e+04  9.61625504e-03
 5.07000000e+04  9.54019117e-03
 5.09000000e+04  9.44714330e-03
 5.11000000e+04  9.33077936e-03
 5.13000000e+04  9.26576412e-03
 5.15000000e+04  9.15343885e-03
 5.17000000e+04  9.10367677e-03
 5.19000000e+04  8.98395209e-03
 5.21000000e+04  8.90529194e-03
 5.23000000e+04  8.80268109e-03
 5.25000000e+04  8.74264928e-03
 5.27000000e+04  8.68465842e-03
 5.29000000e+04  8.54086765e-03
 5.31000000e+04  8.44962996e-03
 5.33000000e+04  8.38610037e-03
 5.35000000e+04  8.29631227e-03
 5.37000000e+04  8.21406781e-03
 5.39000000e+04  8.13426819e-03
 5.41000000e+04  8.04839615e-03
 5.43000000e+04  7.93102255e-03
 5.45000000e+04  7.87187779e-03
 5.47000000e+04  7.78094300e-03
 5.49000000e+04  7.71949044e-03
 5.51000000e+04  7.64592189e-03
 5.53000000e+04  7.63160628e-03
 5.55000000e+04  7.50984784e-03
 5.57000000e+04  7.48714480e-03
 5.59000000e+04  7.40569365e-03
 5.61000000e+04  7.36012168e-03
 5.63000000e+04  7.27618964e-03
 5.65000000e+04  7.24359187e-03
 5.67000000e+04  7.19467142e-03
 5.69000000e+04  7.12829818e-03
 5.71000000e+04  7.11080068e-03
 5.73000000e+04  7.06537079e-03
 5.75000000e+04  7.02523370e-03
 5.77000000e+04  6.98219167e-03
 5.79000000e+04  6.96831742e-03
 5.81000000e+04  6.92539006e-03
 5.83000000e+04  6.90125184e-03
 5.85000000e+04  6.88135711e-03
 5.87000000e+04  6.85741938e-03
 5.89000000e+04  6.85135850e-03
 5.91000000e+04  6.85103108e-03
 5.93000000e+04  6.86071810e-03
 5.95000000e+04  6.86295884e-03
 5.97000000e+04  6.93444098e-03
 5.99000000e+04  7.02783647e-03
 6.01000000e+04  7.13864581e-03
 6.03000000e+04  7.26919410e-03
 6.05000000e+04  7.41870391e-03
 6.07000000e+04  7.67370932e-03
 6.09000000e+04  8.00148998e-03
 6.11000000e+04  8.38739851e-03
 6.13000000e+04  8.85979931e-03
 6.15000000e+04  9.40660523e-03
 6.17000000e+04  9.95401695e-03
 6.19000000e+04  1.04665159e-02
 6.21000000e+04  1.08077395e-02
 6.23000000e+04  1.08383901e-02
 6.25000000e+04  1.05545876e-02
 6.27000000e+04  9.91780603e-03
 6.29000000e+04  9.25455684e-03
 6.31000000e+04  8.64315396e-03
 6.33000000e+04  8.12053674e-03
 6.35000000e+04  7.66378575e-03
 6.37000000e+04  7.27158845e-03
 6.39000000e+04  6.91732860e-03
 6.42000000e+04  6.46495524e-03
 6.46000000e+04  5.97849845e-03
 6.50000000e+04  5.67641378e-03
 6.54000000e+04  5.41598358e-03
 6.58000000e+04  5.24301275e-03
 6.62000000e+04  5.09996048e-03
 6.66000000e+04  4.97952471e-03
 6.70000000e+04  4.88097704e-03
 6.74000000e+04  4.78849674e-03
 6.78000000e+04  4.71679030e-03
 6.82000000e+04  4.65258424e-03
 6.86000000e+04  4.59991288e-03
 6.90000000e+04  4.57375750e-03
 6.94000000e+04  4.55601624e-03
 6.98000000e+04  4.55364136e-03
 7.02000000e+04  4.54858870e-03
 7.06000000e+04  4.53255450e-03
 7.10000000e+04  4.49882374e-03
 7.14000000e+04  4.46753565e-03
 7.18000000e+04  4.48392757e-03
 7.22000000e+04  4.50950816e-03
 7.26000000e+04  4.57931426e-03
 7.30000000e+04  4.74447389e-03
 7.34000000e+04  4.90547729e-03
 7.38000000e+04  5.14140364e-03
 7.42000000e+04  5.40674442e-03
 7.46000000e+04  5.67715228e-03
 7.50000000e+04  5.97183538e-03
 7.54000000e+04  6.26326520e-03
 7.58000000e+04  6.44153533e-03
 7.62000000e+04  6.58819571e-03
 7.66000000e+04  6.66236862e-03
 7.70000000e+04  6.56314375e-03
 7.74000000e+04  6.46702361e-03
 7.78000000e+04  6.27046051e-03
 7.82000000e+04  6.04177346e-03
 7.86000000e+04  5.79464199e-03
 7.90000000e+04  5.49981754e-03
 7.94000000e+04  5.20966928e-03
 7.98000000e+04  4.94554947e-03
 8.02000000e+04  4.68993825e-03
 8.06000000e+04  4.45680147e-03
 8.10000000e+04  4.26666489e-03
 8.14000000e+04  4.07706199e-03
 8.18000000e+04  3.97046729e-03
 8.22000000e+04  3.89011740e-03
 8.26000000e+04  3.82024494e-03
 8.30000000e+04  3.78075549e-03
 8.34000000e+04  3.73965778e-03
 8.38000000e+04  3.74319017e-03
 8.42000000e+04  3.75871522e-03
 8.46000000e+04  3.78392007e-03
 8.50000000e+04  3.82575628e-03
 8.54000000e+04  3.88541091e-03
 8.58000000e+04  3.86397860e-03
 8.62000000e+04  3.79147597e-03
 8.66000000e+04  3.68551087e-03
 8.70000000e+04  3.49834775e-03
 8.74000000e+04  3.31296237e-03
 8.78000000e+04  3.16226188e-03
 8.82000000e+04  3.02310619e-03
 8.86000000e+04  2.88939837e-03
 8.90000000e+04  2.77232478e-03
 8.94000000e+04  2.65805302e-03
 8.98000000e+04  2.58768800e-03
 9.02000000e+04  2.52548612e-03
 9.06000000e+04  2.47261643e-03
 9.10000000e+04  2.45009152e-03
 9.14000000e+04  2.43067493e-03
 9.18000000e+04  2.41564390e-03
 9.22000000e+04  2.40646388e-03
 9.26000000e+04  2.38937601e-03
 9.30000000e+04  2.35237755e-03
 9.34000000e+04  2.31495286e-03
 9.38000000e+04  2.28540067e-03
 9.42000000e+04  2.25532346e-03
 9.46000000e+04  2.23233482e-03
 9.50000000e+04  2.22297595e-03
 9.54000000e+04  2.21311728e-03
 9.58000000e+04  2.20428776e-03
 9.62000000e+04  2.19428414e-03
 9.66000000e+04  2.18471395e-03
 9.70000000e+04  2.16032837e-03
 9.74000000e+04  2.13461941e-03
 9.78000000e+04  2.10941672e-03
 9.82000000e+04  2.08140139e-03
 9.86000000e+04  2.06144319e-03
 9.90000000e+04  2.05350722e-03
 9.94000000e+04  2.04418296e-03
 9.98000000e+04  2.03928608e-03
 1.00000000e+05  2.03609049e-03
 1.00900000e+05  1.97855182e-03
 1.01900000e+05  1.89723842e-03
 1.02800000e+05  1.87847884e-03
 1.03800000e+05  1.90251248e-03
 1.04700000e+05  1.91999916e-03
 1.05700000e+05  1.88624244e-03
 1.06700000e+05  1.85368939e-03
 1.07600000e+05  1.81679982e-03
 1.08600000e+05  1.79296162e-03
 1.09600000e+05  1.90989674e-03
 1.10700000e+05  2.24282957e-03
 1.11700000e+05  2.75126749e-03
 1.12700000e+05  3.09993884e-03
 1.13800000e+05  2.77113410e-03
 1.14800000e+05  2.34235590e-03
 1.15900000e+05  2.04742182e-03
 1.16900000e+05  1.88655760e-03
 1.18000000e+05  1.82346650e-03
 1.19100000e+05  1.79891504e-03
 1.20200000e+05  1.74474073e-03
 1.21300000e+05  1.68808047e-03
 1.22500000e+05  1.69069334e-03
 1.23600000e+05  1.72365170e-03
 1.24700000e+05  1.76836473e-03
 1.25900000e+05  1.95115744e-03
 1.27100000e+05  2.17803646e-03
 1.28200000e+05  2.15419970e-03
 1.29400000e+05  1.64257701e-03
 1.30600000e+05  1.34406295e-03
 1.31800000e+05  1.27574178e-03
 1.33000000e+05  1.24073091e-03
 1.34300000e+05  1.21585636e-03
 1.35500000e+05  1.15686450e-03
 1.36800000e+05  1.09885057e-03
 1.38000000e+05  1.06548618e-03
 1.39300000e+05  1.04744562e-03
 1.40600000e+05  1.02071617e-03
 1.41900000e+05  9.93211443e-04
 1.43200000e+05  9.66284388e-04
 1.44500000e+05  8.74357240e-04
 1.45900000e+05  8.26450060e-04
 1.47200000e+05  8.42617687e-04
 1.48600000e+05  8.29898067e-04
 1.50000000e+05  8.44704089e-04
 1.51400000e+05  8.33399442e-04
 1.52800000e+05  8.12795778e-04
 1.54200000e+05  9.18998874e-04
 1.55600000e+05  9.97333762e-04
 1.57000000e+05  8.61313084e-04
 1.58500000e+05  8.06938997e-04
 1.60000000e+05  9.25093646e-04
 1.61400000e+05  9.32017066e-04
 1.62900000e+05  9.33450070e-04
 1.64400000e+05  9.40463638e-04
 1.66000000e+05  9.42016359e-04
 1.67500000e+05  9.42685623e-04
 1.69000000e+05  9.48081564e-04
 1.70600000e+05  9.47532738e-04
 1.72200000e+05  9.50793236e-04
 1.73800000e+05  9.49417928e-04
 1.75400000e+05  9.50292731e-04
 1.77000000e+05  9.49050121e-04
 1.78600000e+05  9.47725296e-04
 1.80300000e+05  9.49449660e-04
 1.82000000e+05  9.45615817e-04
 1.83700000e+05  9.44373928e-04
 1.85400000e+05  9.51570679e-04
 1.87100000e+05  9.56484864e-04
 1.88800000e+05  9.46605289e-04
 1.90500000e+05  9.35806917e-04
 1.92300000e+05  9.30494635e-04
 1.94100000e+05  9.27630070e-04
 1.95900000e+05  9.25118888e-04
 1.97700000e+05  9.23031044e-04
 1.99500000e+05  9.20661215e-04
 2.01400000e+05  9.18693810e-04
 2.03200000e+05  9.17426680e-04
 2.05100000e+05  9.16401149e-04
 2.07000000e+05  9.15613610e-04
 2.08900000e+05  9.15315758e-04
 2.10900000e+05  9.15091468e-04
 2.12800000e+05  9.15162866e-04
 2.14800000e+05  9.15690056e-04
 2.16800000e+05  9.15920115e-04
 2.18800000e+05  9.17358888e-04
 2.20800000e+05  9.18887089e-04
 2.22800000e+05  9.20876851e-04
 2.24900000e+05  9.23170955e-04
 2.27000000e+05  9.25910033e-04
 2.29100000e+05  9.29461892e-04
 2.31200000e+05  9.32923602e-04
 2.33300000e+05  9.36829564e-04
 2.35500000e+05  9.40936018e-04
 2.37700000e+05  9.45039586e-04
 2.39900000e+05  9.49527549e-04
 2.42100000e+05  9.53201288e-04
 2.44300000e+05  9.57474336e-04
 2.46600000e+05  9.61913258e-04
 2.48900000e+05  9.66447377e-04
 2.51200000e+05  9.71132224e-04
 2.53500000e+05  9.76013956e-04
 2.55900000e+05  9.81162529e-04
 2.58200000e+05  9.86443800e-04
 2.60600000e+05  9.92040231e-04
 2.63000000e+05  9.97528483e-04
 2.65500000e+05  1.00391101e-03
 2.67900000e+05  1.00961129e-03
 2.70400000e+05  1.01613373e-03
 2.72900000e+05  1.02343289e-03
 2.75400000e+05  1.03087629e-03
 2.78000000e+05  1.03859590e-03
 2.80500000e+05  1.04641720e-03
 2.83100000e+05  1.05428250e-03
 2.85800000e+05  1.06267786e-03
 2.88400000e+05  1.07060229e-03
 2.91100000e+05  1.07885991e-03
 2.93800000e+05  1.08717090e-03
 2.96500000e+05  1.09547973e-03
 2.99200000e+05  1.10699424e-03
 3.02000000e+05  1.11890036e-03
 3.04800000e+05  1.12421697e-03
 3.07600000e+05  1.12899629e-03
 3.10500000e+05  1.13339338e-03
 3.13300000e+05  1.13716160e-03
 3.16200000e+05  1.14050864e-03
 3.19200000e+05  1.14340854e-03
 3.22100000e+05  1.14576106e-03
 3.25100000e+05  1.14757630e-03
 3.28100000e+05  1.15081011e-03
 3.31100000e+05  1.16010480e-03
 3.34200000e+05  1.17042935e-03
 3.37300000e+05  1.16429203e-03
 3.40400000e+05  1.15222148e-03
 3.43600000e+05  1.14731595e-03
 3.46700000e+05  1.14570842e-03
 3.49900000e+05  1.14332921e-03
 3.53200000e+05  1.14029517e-03
 3.56500000e+05  1.13713059e-03
 3.59700000e+05  1.13396529e-03
 3.63100000e+05  1.12998721e-03
 3.66400000e+05  1.12565718e-03
 3.69800000e+05  1.12085550e-03
 3.73300000e+05  1.11591463e-03
 3.76700000e+05  1.11052879e-03
 3.80200000e+05  1.10528935e-03
 3.83700000e+05  1.09904673e-03
 3.87300000e+05  1.09335510e-03
 3.90800000e+05  1.08644178e-03
 3.94500000e+05  1.07997632e-03
 3.98100000e+05  1.07279904e-03
 4.01800000e+05  1.06571407e-03
 4.05500000e+05  1.05833414e-03
 4.09300000e+05  1.05100685e-03
 4.13000000e+05  1.04311992e-03
 4.16900000e+05  1.03510895e-03
 4.20700000e+05  1.02745713e-03
 4.24600000e+05  1.01965891e-03
 4.28500000e+05  1.01161476e-03
 4.32500000e+05  1.00347109e-03
 4.36500000e+05  9.95448573e-04
 4.40600000e+05  9.87368365e-04
 4.44600000e+05  9.79244164e-04
 4.48700000e+05  9.71062269e-04
 4.52900000e+05  9.63433526e-04
 4.57100000e+05  9.55395868e-04
 4.61300000e+05  9.47389222e-04
 4.65600000e+05  9.39353728e-04
 4.69900000e+05  9.32038702e-04
 4.74200000e+05  9.24303944e-04
 4.78600000e+05  9.16864874e-04
 4.83100000e+05  9.09260651e-04
 4.87500000e+05  9.02228331e-04
 4.92000000e+05  8.95171492e-04
 4.96600000e+05  8.88416830e-04
 5.01200000e+05  8.81651351e-04
 5.05800000e+05  8.75517634e-04
 5.10500000e+05  8.70908511e-04
 5.15200000e+05  8.69148088e-04
 5.20000000e+05  8.63404534e-04
 5.24800000e+05  8.53800453e-04
 5.29700000e+05  8.45382007e-04
 5.34600000e+05  8.39660810e-04
 5.39500000e+05  8.34365836e-04
 5.44500000e+05  8.29536751e-04
 5.49500000e+05  8.24509339e-04
 5.54600000e+05  8.19921131e-04
 5.59800000e+05  8.15483651e-04
 5.64900000e+05  8.11843808e-04
 5.70200000e+05  8.09119153e-04
 5.75400000e+05  8.05099243e-04
 5.80800000e+05  7.99965816e-04
 5.86100000e+05  7.95774983e-04
 5.91600000e+05  7.92131533e-04
 5.97000000e+05  7.89061429e-04
 6.02600000e+05  7.85870887e-04
 6.08100000e+05  7.82717846e-04
 6.13800000e+05  7.79815779e-04
 6.19400000e+05  7.76959869e-04
 6.25200000e+05  7.74363586e-04
 6.31000000e+05  7.71736293e-04
 6.36800000e+05  7.69344828e-04
 6.42700000e+05  7.66880523e-04
 6.48600000e+05  7.64389535e-04
 6.54600000e+05  7.62187743e-04
 6.60700000e+05  7.59673676e-04
 6.66800000e+05  7.57590160e-04
 6.73000000e+05  7.55198695e-04
 6.79200000e+05  7.53089937e-04
 6.85500000e+05  7.50746792e-04
 6.91800000e+05  7.48429610e-04
 6.98200000e+05  7.46319409e-04
 7.04700000e+05  7.44013045e-04
 7.11200000e+05  7.41610762e-04
 7.17800000e+05  7.39142852e-04
 7.24400000e+05  7.36923030e-04
 7.31100000e+05  7.34351990e-04
 7.37900000e+05  7.31717484e-04
 7.44700000e+05  7.29052689e-04
 7.51600000e+05  7.26328756e-04
 7.58600000e+05  7.23392072e-04
 7.65600000e+05  7.20490654e-04
 7.72700000e+05  7.17391558e-04
 7.79800000e+05  7.14285179e-04
 7.87000000e+05  7.10898256e-04
 7.94300000e+05  7.07478880e-04
 8.01700000e+05  7.03867379e-04
 8.09100000e+05  7.00130968e-04
 8.16600000e+05  6.96310034e-04
 8.24100000e+05  6.92335486e-04
 8.31800000e+05  6.88229754e-04
 8.39500000e+05  6.83968245e-04
 8.47200000e+05  6.79539564e-04
 8.55100000e+05  6.74854500e-04
 8.63000000e+05  6.70408799e-04
 8.71000000e+05  6.66808116e-04
 8.79000000e+05  6.64317271e-04
 8.87200000e+05  6.59245001e-04
 8.95400000e+05  6.51411224e-04
 9.03600000e+05  6.44654110e-04
 9.12000000e+05  6.38794734e-04
 9.20400000e+05  6.33056084e-04
 9.29000000e+05  6.27125021e-04
 9.37600000e+05  6.21034215e-04
 9.46200000e+05  6.14927903e-04
 9.55000000e+05  6.08554606e-04
 9.63800000e+05  6.02183185e-04
 9.72700000e+05  5.95709427e-04
 9.81700000e+05  5.88987940e-04
 9.90800000e+05  5.82188132e-04
 1.00000000e+06  5.75318009e-04
 1.00900000e+06  5.68595584e-04
 1.01900000e+06  5.60917151e-04
 1.02800000e+06  5.54085034e-04
 1.03800000e+06  5.46487807e-04
 1.04700000e+06  5.39567488e-04
 1.05700000e+06  5.31927567e-04
 1.06700000e+06  5.24347720e-04
 1.07600000e+06  5.17405045e-04
 1.08600000e+06  5.09805293e-04
 1.09600000e+06  5.02147703e-04
 1.10700000e+06  4.93789043e-04
 1.11700000e+06  4.86173210e-04
 1.12700000e+06  4.78632452e-04
 1.13800000e+06  4.70452143e-04
 1.14800000e+06  4.62964392e-04
 1.15900000e+06  4.54877838e-04
 1.16900000e+06  4.47560432e-04
 1.18000000e+06  4.39572537e-04
 1.19100000e+06  4.31601805e-04
 1.20200000e+06  4.23780072e-04
 1.21300000e+06  4.16091903e-04
 1.22500000e+06  4.07769159e-04
 1.23600000e+06  4.00085245e-04
 1.24700000e+06  3.92543333e-04
 1.25900000e+06  3.84524282e-04
 1.27100000e+06  3.76558671e-04
 1.28200000e+06  3.69398701e-04
 1.29400000e+06  3.61689185e-04
 1.30600000e+06  3.54025752e-04
 1.31800000e+06  3.46580119e-04
 1.33000000e+06  3.39260478e-04
 1.34300000e+06  3.31404560e-04
 1.35500000e+06  3.24345557e-04
 1.36800000e+06  3.16779773e-04
 1.38000000e+06  3.09966912e-04
 1.39300000e+06  3.02752204e-04
 1.40600000e+06  2.95675170e-04
 1.41900000e+06  2.88731629e-04
 1.43200000e+06  2.81918047e-04
 1.44500000e+06  2.75231394e-04
 1.45900000e+06  2.68229004e-04
 1.47200000e+06  2.61864866e-04
 1.48600000e+06  2.55203238e-04
 1.50000000e+06  2.48611494e-04
 1.51400000e+06  2.42284065e-04
 1.52800000e+06  2.36082917e-04
 1.54200000e+06  2.30011943e-04
 1.55600000e+06  2.24156244e-04
 1.57000000e+06  2.18437572e-04
 1.58500000e+06  2.12421048e-04
 1.60000000e+06  2.06525972e-04
 1.61400000e+06  2.01158375e-04
 1.62900000e+06  1.95617403e-04
 1.64400000e+06  1.90249012e-04
 1.66000000e+06  1.84657774e-04
 1.67500000e+06  1.79617380e-04
 1.69000000e+06  1.74673914e-04
 1.70600000e+06  1.69574815e-04
 1.72200000e+06  1.64634018e-04
 1.73800000e+06  1.59796783e-04
 1.75400000e+06  1.55155784e-04
 1.77000000e+06  1.50656066e-04
 1.78600000e+06  1.46291932e-04
 1.80300000e+06  1.41763583e-04
 1.82000000e+06  1.37423031e-04
 1.83700000e+06  1.33218135e-04
 1.85400000e+06  1.29143631e-04
 1.87100000e+06  1.25194613e-04
 1.88800000e+06  1.21407935e-04
 1.90500000e+06  1.17694819e-04
 1.92300000e+06  1.13934825e-04
 1.94100000e+06  1.10293394e-04
 1.95900000e+06  1.06804712e-04
 1.97700000e+06  1.03386201e-04
 1.99500000e+06  1.00110703e-04
 2.01400000e+06  9.68052745e-05
 2.03200000e+06  9.37777928e-05
 2.05100000e+06  9.06828079e-05
 2.07000000e+06  8.76650623e-05
 2.08900000e+06  8.47712170e-05
 2.10900000e+06  8.18645346e-05
 2.12800000e+06  7.91949794e-05
 2.14800000e+06  7.65034999e-05
 2.16800000e+06  7.38973372e-05
 2.18800000e+06  7.13733036e-05
 2.20800000e+06  6.89891374e-05
 2.22800000e+06  6.66486970e-05
 2.24900000e+06  6.43230698e-05
 2.27000000e+06  6.20716963e-05
 2.29100000e+06  5.99199912e-05
 2.31200000e+06  5.78358760e-05
 2.33300000e+06  5.58440370e-05
 2.35500000e+06  5.38411998e-05
 2.37700000e+06  5.19025774e-05
 2.39900000e+06  5.00515434e-05
 2.42100000e+06  4.82842396e-05
 2.44300000e+06  4.65722005e-05
 2.46600000e+06  4.48769146e-05
 2.48900000e+06  4.32360352e-05
 2.51200000e+06  4.16709890e-05
 2.53500000e+06  4.01554163e-05
 2.55900000e+06  3.86571306e-05
 2.58200000e+06  3.72584340e-05
 2.60600000e+06  3.58972391e-05
 2.63000000e+06  3.45578026e-05
 2.65500000e+06  3.32356963e-05
 2.67900000e+06  3.20219126e-05
 2.70400000e+06  3.08230215e-05
 2.72900000e+06  2.96624761e-05
 2.75400000e+06  2.85583853e-05
 2.78000000e+06  2.74500468e-05
 2.80500000e+06  2.64342585e-05
 2.83100000e+06  2.54319637e-05
 2.85800000e+06  2.44263009e-05
 2.88400000e+06  2.35056448e-05
 2.91100000e+06  2.25983017e-05
 2.93800000e+06  2.17202030e-05
 2.96500000e+06  2.08870992e-05
 2.99200000e+06  2.00803766e-05
 3.02000000e+06  1.92862675e-05
 3.04800000e+06  1.85338072e-05
 3.07600000e+06  1.78211421e-05
 3.10500000e+06  1.71045970e-05
 3.13300000e+06  1.64521512e-05
 3.16200000e+06  1.57951764e-05
 3.19200000e+06  1.51497478e-05
 3.22100000e+06  1.45631827e-05
 3.25100000e+06  1.39794086e-05
 3.28100000e+06  1.34227296e-05
 3.31100000e+06  1.28919629e-05
 3.34200000e+06  1.23679538e-05
 3.37300000e+06  1.18700734e-05
 3.40400000e+06  1.13933238e-05
 3.43600000e+06  1.09266781e-05
 3.46700000e+06  1.04936254e-05
 3.49900000e+06  1.00683976e-05
 3.53200000e+06  9.65131206e-06
 3.56500000e+06  9.25372026e-06
 3.59700000e+06  8.88543760e-06
 3.63100000e+06  8.51362111e-06
 3.66400000e+06  8.16952714e-06
 3.69800000e+06  7.83316433e-06
 3.73300000e+06  7.50254941e-06
 3.76700000e+06  7.19709678e-06
 3.80200000e+06  6.89768772e-06
 3.83700000e+06  6.61199569e-06
 3.87300000e+06  6.33317948e-06
 3.90800000e+06  6.07532536e-06
 3.94500000e+06  5.81585795e-06
 3.98100000e+06  5.57524099e-06
 4.01800000e+06  5.34053561e-06
 4.05500000e+06  5.11703969e-06
 4.09300000e+06  4.89921448e-06
 4.13000000e+06  4.69686600e-06
 4.16900000e+06  4.49487162e-06
 4.20700000e+06  4.30745032e-06
 4.24600000e+06  4.12404244e-06
 4.28500000e+06  3.95060933e-06
 4.32500000e+06  3.78098843e-06
 4.36500000e+06  3.61923211e-06
 4.40600000e+06  3.46265753e-06
 4.44600000e+06  3.31721595e-06
 4.48700000e+06  3.17570918e-06
 4.52900000e+06  3.03814444e-06
 4.57100000e+06  2.90720815e-06
 4.61300000e+06  2.78260823e-06
 4.65600000e+06  2.66224097e-06
 4.69900000e+06  2.54713839e-06
 4.74200000e+06  2.43839527e-06
 4.78600000e+06  2.33215683e-06
 4.83100000e+06  2.22971907e-06
 4.87500000e+06  2.13402010e-06
 4.92000000e+06  2.04177346e-06
 4.96600000e+06  1.95171852e-06
 5.01200000e+06  1.86638449e-06
 5.05800000e+06  1.78555861e-06
 5.10500000e+06  1.70723310e-06
 5.15200000e+06  1.63313376e-06
 5.20000000e+06  1.56082152e-06
 5.24800000e+06  1.49248881e-06
 5.29700000e+06  1.42635501e-06
 5.34600000e+06  1.36342545e-06
 5.39500000e+06  1.30406722e-06
 5.44500000e+06  1.24615642e-06
 5.49500000e+06  1.19160492e-06
 5.54600000e+06  1.13888092e-06
 5.59800000e+06  1.08748318e-06
 5.64900000e+06  1.04000655e-06
 5.70200000e+06  9.93349190e-07
 5.75400000e+06  9.49902567e-07
 5.80800000e+06  9.06780480e-07
 5.86100000e+06  8.67103515e-07
 5.91600000e+06  8.27712142e-07
 5.97000000e+06  7.91132686e-07
 6.02600000e+06  7.55634293e-07
 6.08100000e+06  7.21941760e-07
 6.13800000e+06  6.89276200e-07
 6.19400000e+06  6.58670790e-07
 6.25200000e+06  6.29024779e-07
 6.31000000e+06  6.00725661e-07
 6.36800000e+06  5.73714732e-07
 6.42700000e+06  5.47766332e-07
 6.48600000e+06  5.23368056e-07
 6.54600000e+06  4.99951392e-07
 6.60700000e+06  4.77150479e-07
 6.66800000e+06  4.55430413e-07
 6.73000000e+06  4.34943221e-07
 6.79200000e+06  4.15124283e-07
 6.85500000e+06  3.96465017e-07
 6.91800000e+06  3.78413282e-07
 6.98200000e+06  3.61452057e-07
 7.04700000e+06  3.44943668e-07
 7.11200000e+06  3.29269550e-07
 7.17800000e+06  3.14016535e-07
 7.24400000e+06  2.99828141e-07
 7.31100000e+06  2.86298552e-07
 7.37900000e+06  2.73107346e-07
 7.44700000e+06  2.60696034e-07
 7.51600000e+06  2.48752631e-07
 7.58600000e+06  2.37291125e-07
 7.65600000e+06  2.26458714e-07
 7.72700000e+06  2.16071204e-07
 7.79800000e+06  2.06218385e-07
 7.87000000e+06  1.96778446e-07
 7.94300000e+06  1.87739128e-07
 8.01700000e+06  1.79043097e-07
 8.09100000e+06  1.70836320e-07
 8.16600000e+06  1.62945569e-07
 8.24100000e+06  1.55509239e-07
 8.31800000e+06  1.48263592e-07
 8.39500000e+06  1.41425056e-07
 8.47200000e+06  1.34954471e-07
 8.55100000e+06  1.28673343e-07
 8.63000000e+06  1.22738241e-07
 8.71000000e+06  1.17067239e-07
 8.79000000e+06  1.11677646e-07
 8.87200000e+06  1.06471162e-07
 8.95400000e+06  1.01547024e-07
 9.03600000e+06  9.68742202e-08
 9.12000000e+06  9.23654152e-08
 9.20400000e+06  8.81094593e-08
 9.29000000e+06  8.39727160e-08
 9.37600000e+06  8.00736767e-08
 9.46200000e+06  7.63847921e-08
 9.55000000e+06  7.28009849e-08
 9.63800000e+06  6.94307651e-08
 9.72700000e+06  6.62034995e-08
 9.81700000e+06  6.31147384e-08
 9.90800000e+06  6.01751192e-08
 1.00000000e+07  5.73647084e-08
 1.00900000e+07  5.47468048e-08
 1.01900000e+07  5.20159268e-08
 1.02800000e+07  4.96948359e-08
 1.03800000e+07  4.72579796e-08
 1.04700000e+07  4.51847543e-08
 1.05700000e+07  4.30060046e-08
 1.06700000e+07  4.09503764e-08
 1.07600000e+07  3.91989675e-08
 1.08600000e+07  3.73558234e-08
 1.09600000e+07  3.56142660e-08
 1.10700000e+07  3.38082992e-08
 1.11700000e+07  3.22597970e-08
 1.12700000e+07  3.07944985e-08
 1.13800000e+07  2.92726515e-08
 1.14800000e+07  2.79658344e-08
 1.15900000e+07  2.66072358e-08
 1.16900000e+07  2.54394280e-08
 1.18000000e+07  2.42241948e-08
 1.19100000e+07  2.30770779e-08
 1.20200000e+07  2.19936708e-08
 1.21300000e+07  2.09699278e-08
 1.22500000e+07  1.99167964e-08
 1.23600000e+07  1.90060349e-08
 1.24700000e+07  1.81441341e-08
 1.25900000e+07  1.72561334e-08
 1.27100000e+07  1.64191424e-08
 1.28200000e+07  1.56938132e-08
 1.29400000e+07  1.49454132e-08
 1.30600000e+07  1.42389142e-08
 1.31800000e+07  1.35716408e-08
 1.33000000e+07  1.29410687e-08
 1.34300000e+07  1.22967291e-08
 1.35500000e+07  1.17354561e-08
 1.36800000e+07  1.11613099e-08
 1.38000000e+07  1.06606818e-08
 1.39300000e+07  1.01480530e-08
 1.40600000e+07  9.66440165e-09
 1.41900000e+07  9.20782375e-09
 1.43200000e+07  8.77661730e-09
 1.44500000e+07  8.36915241e-09
 1.45900000e+07  7.95518240e-09
 1.47200000e+07  7.59235914e-09
 1.48600000e+07  7.22336971e-09
 1.50000000e+07  6.87546282e-09
 1.51400000e+07  6.54727470e-09
 1.52800000e+07  6.23751368e-09
 1.54200000e+07  5.94499992e-09
 1.55600000e+07  5.66864297e-09
 1.57000000e+07  5.40738844e-09
 1.58500000e+07  5.14320589e-09
 1.60000000e+07  4.89420870e-09
 1.61400000e+07  4.67463533e-09
 1.62900000e+07  4.45224932e-09
 1.64400000e+07  4.24232835e-09
 1.66000000e+07  4.03124770e-09
 1.67500000e+07  3.84461394e-09
 1.69000000e+07  3.66817924e-09
 1.70600000e+07  3.49048030e-09
 1.72200000e+07  3.32294075e-09
 1.73800000e+07  3.16488485e-09
 1.75400000e+07  3.01569813e-09
 1.77000000e+07  2.87481520e-09
 1.78600000e+07  2.74169514e-09
 1.80300000e+07  2.60823180e-09
 1.82000000e+07  2.48243976e-09
 1.83700000e+07  2.36381561e-09
 1.85400000e+07  2.25188555e-09
 1.87100000e+07  2.14622335e-09
 1.88800000e+07  2.04643018e-09
 1.90500000e+07  1.95212239e-09
 1.92300000e+07  1.85785931e-09
 1.94100000e+07  1.76899072e-09
 1.95900000e+07  1.68515027e-09
 1.97700000e+07  1.60601991e-09
 1.99500000e+07  1.53129746e-09
 2.01400000e+07  1.45688080e-09
 2.03200000e+07  1.39034457e-09
 2.05100000e+07  1.32401316e-09
 2.07000000e+07  1.26144852e-09
 2.08900000e+07  1.20238310e-09
 2.10900000e+07  1.14375616e-09
 2.12800000e+07  1.09121029e-09
 2.14800000e+07  1.03899977e-09
 2.16800000e+07  9.89754060e-10
 2.18800000e+07  9.43287095e-10
 2.20800000e+07  8.99420741e-10
 2.22800000e+07  8.57979025e-10
 2.24900000e+07  8.16916655e-10
 2.27000000e+07  7.78195988e-10
 2.29100000e+07  7.41659803e-10
 2.31200000e+07  7.07178000e-10
 2.33300000e+07  6.74608142e-10
 2.35500000e+07  6.42409191e-10
 2.37700000e+07  6.12044082e-10
 2.39900000e+07  5.83398865e-10
 2.42100000e+07  5.56361036e-10
 2.44300000e+07  5.30825589e-10
 2.46600000e+07  5.05624990e-10
 2.48900000e+07  4.81862876e-10
 2.51200000e+07  4.59440588e-10
 2.53500000e+07  4.38273674e-10
 2.55900000e+07  4.17431656e-10
 2.58200000e+07  3.98587045e-10
 2.60600000e+07  3.80005885e-10
 2.63000000e+07  3.62468141e-10
 2.65500000e+07  3.45244909e-10
 2.67900000e+07  3.29632525e-10
 2.70400000e+07  3.14286044e-10
 2.72900000e+07  2.99799293e-10
 2.75400000e+07  2.86119337e-10
 2.78000000e+07  2.72695114e-10
 2.80500000e+07  2.60512924e-10
 2.83100000e+07  2.48544063e-10
 2.85800000e+07  2.36817592e-10
 2.88400000e+07  2.26166127e-10
 2.91100000e+07  2.15718687e-10
 2.93800000e+07  2.05858583e-10
 2.96500000e+07  1.96556536e-10
 2.99200000e+07  1.87765740e-10
 3.02000000e+07  1.79154737e-10
 3.04800000e+07  1.71031330e-10
 3.07600000e+07  1.63359820e-10
 3.10500000e+07  1.55859882e-10
 3.13300000e+07  1.49019831e-10
 3.16200000e+07  1.42327336e-10
 3.19200000e+07  1.35796460e-10
 3.22100000e+07  1.29833593e-10
 3.25100000e+07  1.24009915e-10
 3.28100000e+07  1.18506013e-10
 3.31100000e+07  1.13308616e-10
 3.34200000e+07  1.08234110e-10
 3.37300000e+07  1.03441372e-10
 3.40400000e+07  9.89137443e-11
 3.43600000e+07  9.45035980e-11
 3.46700000e+07  9.04625566e-11
 3.49900000e+07  8.65228422e-11
 3.53200000e+07  8.26860417e-11
 3.56500000e+07  7.90603333e-11
 3.59700000e+07  7.57381736e-11
 3.63100000e+07  7.24055566e-11
 3.66400000e+07  6.93471287e-11
 3.69800000e+07  6.63658753e-11
 3.73300000e+07  6.34665419e-11
 3.76700000e+07  6.08051072e-11
 3.80200000e+07  5.82243087e-11
 3.83700000e+07  5.57727330e-11
 3.87300000e+07  5.33924468e-11
 3.90800000e+07  5.12049563e-11
 3.94500000e+07  4.90215549e-11
 3.98100000e+07  4.70086644e-11
 4.01800000e+07  4.50519256e-11
 4.05500000e+07  4.32061564e-11
 4.09300000e+07  4.14089448e-11
 4.13000000e+07  3.97529277e-11
 4.16900000e+07  3.81010790e-11
 4.20700000e+07  3.65839198e-11
 4.24600000e+07  3.51025459e-11
 4.28500000e+07  3.37095323e-11
 4.32500000e+07  3.23496428e-11
 4.36500000e+07  3.10639710e-11
 4.40600000e+07  2.98192843e-11
 4.44600000e+07  2.86652512e-11
 4.48700000e+07  2.75500469e-11
 4.52900000e+07  2.64638706e-11
 4.57100000e+07  2.54390458e-11
 4.61300000e+07  2.44687285e-11
 4.65600000e+07  2.35235014e-11
 4.69900000e+07  2.26320246e-11
 4.74200000e+07  2.17861197e-11
 4.78600000e+07  2.09656440e-11
 4.83100000e+07  2.01679362e-11
 4.87500000e+07  1.94323012e-11
 4.92000000e+07  1.87162465e-11
 4.96600000e+07  1.80226497e-11
 5.01200000e+07  1.73674345e-11
 5.05800000e+07  1.67410165e-11
 5.10500000e+07  1.61390973e-11
 5.15200000e+07  1.55652612e-11
 5.20000000e+07  1.50073633e-11
 5.24800000e+07  1.44810031e-11
 5.29700000e+07  1.39692182e-11
 5.34600000e+07  1.34829056e-11
 5.39500000e+07  1.30242435e-11
 5.44500000e+07  1.25762910e-11
 5.49500000e+07  1.21497507e-11
 5.54600000e+07  1.17395453e-11
 5.59800000e+07  1.13406698e-11
 5.64900000e+07  1.09695312e-11
 5.70200000e+07  1.06016957e-11
 5.75400000e+07  1.02589071e-11
 5.80800000e+07  9.92178699e-12
 5.86100000e+07  9.60558864e-12
 5.91600000e+07  9.29285200e-12
 5.97000000e+07  9.00081350e-12
 6.02600000e+07  8.71336177e-12
 6.08100000e+07  8.44248297e-12
 6.13800000e+07  8.17784967e-12
 6.19400000e+07  7.92872195e-12
 6.25200000e+07  7.68445505e-12
 6.31000000e+07  7.45093387e-12
 6.36800000e+07  7.22642756e-12
 6.42700000e+07  7.01079981e-12
 6.48600000e+07  6.80507905e-12
 6.54600000e+07  6.60399409e-12
 6.60700000e+07  6.41073260e-12
 6.66800000e+07  6.22502989e-12
 6.73000000e+07  6.04576380e-12
 6.79200000e+07  5.87432551e-12
 6.85500000e+07  5.70657249e-12
 6.91800000e+07  5.54867813e-12
 6.98200000e+07  5.39440919e-12
 7.04700000e+07  5.24380534e-12
 7.11200000e+07  5.10124348e-12
 7.17800000e+07  4.96202072e-12
 7.24400000e+07  4.82705442e-12
 7.31100000e+07  4.69904183e-12
 7.37900000e+07  4.57362913e-12
 7.44700000e+07  4.45306715e-12
 7.51600000e+07  4.33590197e-12
 7.58600000e+07  4.22201388e-12
 7.65600000e+07  4.11444052e-12
 7.72700000e+07  4.00801746e-12
 7.79800000e+07  3.90659946e-12
 7.87000000e+07  3.80793135e-12
 7.94300000e+07  3.71291751e-12
 8.01700000e+07  3.61979463e-12
 8.09100000e+07  3.53050920e-12
 8.16600000e+07  3.44348254e-12
 8.24100000e+07  3.35922019e-12
 8.31800000e+07  3.27680265e-12
 8.39500000e+07  3.19880888e-12
 8.47200000e+07  3.12273781e-12
 8.55100000e+07  3.04778169e-12
 8.63000000e+07  2.97584953e-12
 8.71000000e+07  2.90528041e-12
 8.79000000e+07  2.83829271e-12
 8.87200000e+07  2.77188197e-12
 8.95400000e+07  2.70800766e-12
 9.03600000e+07  2.64649596e-12
 9.12000000e+07  2.58595209e-12
 9.20400000e+07  2.52766123e-12
 9.29000000e+07  2.47004323e-12
 9.37600000e+07  2.41470563e-12
 9.46200000e+07  2.36138160e-12
 9.55000000e+07  2.30889198e-12
 9.63800000e+07  2.25812096e-12
 9.72700000e+07  2.20859182e-12
 9.81700000e+07  2.16041924e-12
 9.90800000e+07  2.11348134e-12
 1.00000000e+08  2.06761513e-12
