# Wavelength Flux
 9.10000000e+01  6.55624110e-10
 9.40000000e+01  6.99564884e-10
 9.60000000e+01  7.29650647e-10
 9.80000000e+01  7.60369733e-10
 1.00000000e+02  7.91722587e-10
 1.02000000e+02  8.23708321e-10
 1.04000000e+02  8.56327823e-10
 1.06000000e+02  8.89580648e-10
 1.08000000e+02  9.23467241e-10
 1.10000000e+02  9.57986714e-10
 1.14000000e+02  1.02892652e-09
 1.18000000e+02  1.10239962e-09
 1.21000000e+02  1.15916753e-09
 1.25000000e+02  1.23707522e-09
 1.27000000e+02  1.27697906e-09
 1.28000000e+02  1.29716820e-09
 1.31000000e+02  1.35868714e-09
 1.32000000e+02  1.37951005e-09
 1.34000000e+02  1.42163074e-09
 1.37000000e+02  1.48600031e-09
 1.40000000e+02  1.55179452e-09
 1.43000000e+02  1.61901427e-09
 1.47000000e+02  1.71085775e-09
 1.51000000e+02  1.80523497e-09
 1.55000000e+02  1.90214638e-09
 1.59000000e+02  2.00159152e-09
 1.62000000e+02  2.07783846e-09
 1.66000000e+02  2.18171776e-09
 1.70000000e+02  2.28813168e-09
 1.73000000e+02  2.36960499e-09
 1.77000000e+02  2.48045395e-09
 1.80000000e+02  2.56525720e-09
 1.82000000e+02  2.62259097e-09
 1.86000000e+02  2.73918690e-09
 1.91000000e+02  2.88880930e-09
 1.94000000e+02  2.98116539e-09
 1.98000000e+02  3.10870312e-09
 2.02000000e+02  3.24300326e-09
 2.05000000e+02  3.35345945e-09
 2.10000000e+02  3.58919346e-09
 2.16000000e+02  4.02413598e-09
 2.20000000e+02  4.28502187e-09
 2.23000000e+02  4.94853523e-09
 2.27000000e+02  6.41365228e-09
 2.30000000e+02  8.00456419e-09
 2.34000000e+02  1.40971564e-08
 2.40000000e+02  3.68247934e-08
 2.46000000e+02  8.17804697e-08
 2.52000000e+02  2.06924488e-07
 2.57000000e+02  2.44503353e-07
 2.60000000e+02  3.25054234e-07
 2.64000000e+02  7.27860298e-07
 2.69000000e+02  9.14447149e-07
 2.74000000e+02  1.38210148e-06
 2.79000000e+02  1.35933822e-06
 2.84000000e+02  2.26117481e-06
 2.90000000e+02  3.20601618e-06
 2.96000000e+02  3.92634449e-06
 3.01000000e+02  4.78143008e-06
 3.08000000e+02  4.82895377e-06
 3.18000000e+02  1.03792708e-05
 3.28000000e+02  1.57902034e-05
 3.38000000e+02  1.67113633e-05
 3.48000000e+02  1.67592376e-05
 3.57000000e+02  2.90322041e-05
 3.66000000e+02  3.20681460e-05
 3.75000000e+02  3.32359648e-05
 3.85000000e+02  2.91830834e-05
 3.95000000e+02  4.25036127e-05
 4.05000000e+02  4.70895956e-05
 4.14000000e+02  5.28527529e-05
 4.22000000e+02  4.65797411e-05
 4.30000000e+02  4.98728914e-05
 4.41000000e+02  5.45866486e-05
 4.51000000e+02  5.91151575e-05
 4.60000000e+02  6.17023316e-05
 4.70000000e+02  6.22261219e-05
 4.80000000e+02  6.42115719e-05
 4.90000000e+02  6.39881999e-05
 5.00000000e+02  6.91783479e-05
 5.06000000e+02  6.78761064e-05
 5.12000000e+02  6.59710313e-05
 5.20000000e+02  7.22971678e-05
 5.30000000e+02  7.41537339e-05
 5.40000000e+02  7.18154068e-05
 5.50000000e+02  6.87665765e-05
 5.60000000e+02  7.76778455e-05
 5.70000000e+02  7.62392641e-05
 5.80000000e+02  7.81013336e-05
 5.90000000e+02  8.22797170e-05
 6.00000000e+02  8.21412467e-05
 6.10000000e+02  6.99432627e-05
 6.20000000e+02  8.86022585e-05
 6.30000000e+02  8.81368743e-05
 6.40000000e+02  8.92070893e-05
 6.50000000e+02  9.43704309e-05
 6.58000000e+02  9.30978363e-05
 6.65000000e+02  9.52208689e-05
 6.75000000e+02  1.02927624e-04
 6.85000000e+02  1.34461821e-04
 6.95000000e+02  1.15298341e-04
 7.05000000e+02  1.17649539e-04
 7.16000000e+02  1.22354731e-04
 7.26000000e+02  1.26554816e-04
 7.35000000e+02  1.37149031e-04
 7.45000000e+02  1.20138009e-04
 7.55000000e+02  1.60847988e-04
 7.65000000e+02  1.91529972e-04
 7.75000000e+02  1.88493923e-04
 7.85000000e+02  1.80286767e-04
 7.95000000e+02  2.23608951e-04
 8.05000000e+02  2.27555841e-04
 8.15000000e+02  2.39119924e-04
 8.25000000e+02  2.86570962e-04
 8.35000000e+02  4.44411306e-04
 8.45000000e+02  3.50795449e-04
 8.55000000e+02  3.56980630e-04
 8.65000000e+02  4.31530025e-04
 8.75000000e+02  4.28381913e-04
 8.85000000e+02  5.17653622e-04
 8.95000000e+02  5.64624763e-04
 9.05000000e+02  7.85164780e-04
 9.15000000e+02  2.60369511e-01
 9.25000000e+02  2.30547730e-01
 9.35000000e+02  3.79164048e-01
 9.45000000e+02  4.14410312e-01
 9.55000000e+02  4.09051204e-01
 9.65000000e+02  4.44457907e-01
 9.75000000e+02  2.62919538e-01
 9.85000000e+02  3.02176645e-01
 9.95000000e+02  4.77193688e-01
 1.00500000e+03  5.29976584e-01
 1.01500000e+03  5.55132452e-01
 1.02500000e+03  4.30224810e-01
 1.03500000e+03  4.77601554e-01
 1.04500000e+03  7.71362139e-01
 1.05500000e+03  7.58323303e-01
 1.06500000e+03  7.04799236e-01
 1.07500000e+03  8.00775522e-01
 1.08500000e+03  6.82091451e-01
 1.09500000e+03  8.32474108e-01
 1.10500000e+03  8.01328959e-01
 1.11500000e+03  7.29549901e-01
 1.12500000e+03  6.59146668e-01
 1.13500000e+03  9.34021158e-01
 1.14500000e+03  9.00116812e-01
 1.15500000e+03  9.17882719e-01
 1.16500000e+03  9.16420349e-01
 1.17500000e+03  6.68686912e-01
 1.18500000e+03  9.25223860e-01
 1.19500000e+03  1.21563364e+00
 1.20500000e+03  2.44462034e+00
 1.21500000e+03  3.63166477e+00
 1.22500000e+03  2.77521046e+00
 1.23500000e+03  1.39709177e+00
 1.24500000e+03  1.15134085e+00
 1.25500000e+03  1.15070265e+00
 1.26500000e+03  1.11231888e+00
 1.27500000e+03  1.23279108e+00
 1.28500000e+03  1.21118928e+00
 1.29500000e+03  1.10643700e+00
 1.30500000e+03  1.13573499e+00
 1.31500000e+03  1.25750846e+00
 1.32500000e+03  1.20057811e+00
 1.33500000e+03  1.13777743e+00
 1.34500000e+03  1.27737139e+00
 1.35500000e+03  1.23298414e+00
 1.36500000e+03  1.16385377e+00
 1.37500000e+03  1.26020952e+00
 1.38500000e+03  1.13599729e+00
 1.39500000e+03  1.09229529e+00
 1.40500000e+03  1.40734656e+00
 1.41500000e+03  1.21254869e+00
 1.42500000e+03  1.18853342e+00
 1.43500000e+03  1.22743823e+00
 1.44200000e+03  1.28004049e+00
 1.44700000e+03  1.26439025e+00
 1.45500000e+03  1.26324654e+00
 1.46500000e+03  1.24604428e+00
 1.47500000e+03  1.26164038e+00
 1.48500000e+03  1.29769633e+00
 1.49500000e+03  1.31925331e+00
 1.50500000e+03  1.25206773e+00
 1.51200000e+03  1.15233189e+00
 1.51700000e+03  1.15544614e+00
 1.52500000e+03  1.17355689e+00
 1.53500000e+03  9.36409325e-01
 1.54500000e+03  7.48128433e-01
 1.55500000e+03  1.28004316e+00
 1.56500000e+03  1.09634732e+00
 1.57500000e+03  1.14301356e+00
 1.58500000e+03  1.17346192e+00
 1.59500000e+03  1.24821631e+00
 1.60500000e+03  1.18102230e+00
 1.61500000e+03  1.24659993e+00
 1.62500000e+03  1.16384267e+00
 1.63500000e+03  1.21094208e+00
 1.64500000e+03  1.24469774e+00
 1.65500000e+03  1.14704029e+00
 1.66500000e+03  1.26787597e+00
 1.67200000e+03  1.15623169e+00
 1.67700000e+03  1.24793848e+00
 1.68500000e+03  1.32755975e+00
 1.69500000e+03  1.25930502e+00
 1.70500000e+03  1.18647368e+00
 1.71500000e+03  1.05838162e+00
 1.72500000e+03  1.13791057e+00
 1.73500000e+03  1.27608877e+00
 1.74500000e+03  1.19811805e+00
 1.75500000e+03  1.26602438e+00
 1.76500000e+03  1.21862229e+00
 1.77500000e+03  1.19474683e+00
 1.78500000e+03  1.21287400e+00
 1.79500000e+03  1.28329809e+00
 1.80500000e+03  1.25232736e+00
 1.81500000e+03  1.17668445e+00
 1.82500000e+03  1.16538182e+00
 1.83500000e+03  1.20095536e+00
 1.84500000e+03  1.12385185e+00
 1.85500000e+03  1.11747867e+00
 1.86500000e+03  1.13387807e+00
 1.87500000e+03  1.15496682e+00
 1.88500000e+03  1.06812069e+00
 1.89500000e+03  1.05930875e+00
 1.90500000e+03  1.13688092e+00
 1.91500000e+03  1.08613824e+00
 1.92500000e+03  1.04508448e+00
 1.93500000e+03  1.09346252e+00
 1.94500000e+03  1.12425350e+00
 1.95500000e+03  9.74082990e-01
 1.96700000e+03  1.12115479e+00
 1.97600000e+03  1.11743074e+00
 1.98400000e+03  1.06054699e+00
 1.99500000e+03  1.02918171e+00
 2.00500000e+03  1.01539549e+00
 2.01500000e+03  1.00839920e+00
 2.02500000e+03  1.03839220e+00
 2.03500000e+03  9.65211575e-01
 2.04500000e+03  9.74789987e-01
 2.05500000e+03  9.51090719e-01
 2.06500000e+03  9.56889604e-01
 2.07400000e+03  9.82962393e-01
 2.07800000e+03  9.29962471e-01
 2.08500000e+03  9.20281982e-01
 2.09500000e+03  9.14784892e-01
 2.10500000e+03  9.17943966e-01
 2.11500000e+03  8.94130638e-01
 2.12500000e+03  9.16341350e-01
 2.13500000e+03  8.81909309e-01
 2.14500000e+03  8.79044928e-01
 2.15500000e+03  8.91978136e-01
 2.16500000e+03  8.77496015e-01
 2.17500000e+03  8.72632692e-01
 2.18500000e+03  8.62376575e-01
 2.19500000e+03  8.84967193e-01
 2.20500000e+03  8.78240736e-01
 2.21500000e+03  8.64794922e-01
 2.22500000e+03  8.58214480e-01
 2.23500000e+03  8.90704831e-01
 2.24500000e+03  8.84213596e-01
 2.25500000e+03  8.77480481e-01
 2.26500000e+03  8.98140948e-01
 2.27500000e+03  9.18267507e-01
 2.28500000e+03  9.37612063e-01
 2.29500000e+03  9.11776271e-01
 2.30500000e+03  9.40059702e-01
 2.31500000e+03  9.33765520e-01
 2.32500000e+03  8.55100675e-01
 2.33500000e+03  9.28493000e-01
 2.34500000e+03  9.19368611e-01
 2.35500000e+03  9.51688982e-01
 2.36500000e+03  9.30337051e-01
 2.37500000e+03  9.47095942e-01
 2.38500000e+03  9.26286353e-01
 2.39500000e+03  9.57490973e-01
 2.40500000e+03  9.45727661e-01
 2.41500000e+03  9.59935949e-01
 2.42500000e+03  9.84498436e-01
 2.43500000e+03  9.68853964e-01
 2.44500000e+03  9.96912824e-01
 2.45500000e+03  9.97277640e-01
 2.46500000e+03  1.00016687e+00
 2.47500000e+03  9.89262788e-01
 2.48500000e+03  1.00456020e+00
 2.49500000e+03  9.69769554e-01
 2.50500000e+03  1.01999164e+00
 2.51300000e+03  9.79142923e-01
 2.51800000e+03  9.97481795e-01
 2.52500000e+03  9.79136265e-01
 2.53500000e+03  9.82532780e-01
 2.54500000e+03  9.77925982e-01
 2.55500000e+03  1.00260297e+00
 2.56500000e+03  9.98381851e-01
 2.57500000e+03  1.02304819e+00
 2.58500000e+03  1.02097158e+00
 2.59500000e+03  1.01859939e+00
 2.60500000e+03  1.00477412e+00
 2.61500000e+03  1.00067504e+00
 2.62500000e+03  1.01469737e+00
 2.63500000e+03  1.02194886e+00
 2.64500000e+03  1.05606047e+00
 2.65500000e+03  1.06288457e+00
 2.66500000e+03  1.03149266e+00
 2.67500000e+03  1.04713846e+00
 2.68500000e+03  1.04171992e+00
 2.69500000e+03  1.02278279e+00
 2.70500000e+03  1.03051493e+00
 2.71500000e+03  1.01417545e+00
 2.72500000e+03  1.01504665e+00
 2.73500000e+03  1.03520517e+00
 2.74500000e+03  9.84415886e-01
 2.75500000e+03  9.89547273e-01
 2.76500000e+03  1.00256791e+00
 2.77500000e+03  1.02496991e+00
 2.78500000e+03  1.02572218e+00
 2.79500000e+03  9.70624785e-01
 2.80500000e+03  9.94905894e-01
 2.81500000e+03  1.03434594e+00
 2.82500000e+03  1.03119219e+00
 2.83500000e+03  1.00925753e+00
 2.84500000e+03  1.00353232e+00
 2.85500000e+03  9.96857347e-01
 2.86500000e+03  1.02218497e+00
 2.87500000e+03  1.01631596e+00
 2.88500000e+03  1.01845693e+00
 2.89500000e+03  1.01282758e+00
 2.91000000e+03  1.03782545e+00
 2.93000000e+03  1.02433792e+00
 2.95000000e+03  1.01718007e+00
 2.97000000e+03  1.02256133e+00
 2.99000000e+03  1.02273086e+00
 3.01000000e+03  1.02457758e+00
 3.03000000e+03  1.02482523e+00
 3.05000000e+03  1.02315382e+00
 3.07000000e+03  1.02067822e+00
 3.09000000e+03  1.02134439e+00
 3.11000000e+03  1.01777035e+00
 3.13000000e+03  1.01300111e+00
 3.15000000e+03  1.01530007e+00
 3.17000000e+03  1.01259724e+00
 3.19000000e+03  9.95708311e-01
 3.21000000e+03  1.00807033e+00
 3.23000000e+03  9.95868972e-01
 3.25000000e+03  1.00710548e+00
 3.27000000e+03  1.01366373e+00
 3.29000000e+03  1.01227681e+00
 3.31000000e+03  1.01309076e+00
 3.33000000e+03  1.01059475e+00
 3.35000000e+03  1.00485578e+00
 3.37000000e+03  9.97230152e-01
 3.39000000e+03  9.99409726e-01
 3.41000000e+03  1.00357315e+00
 3.43000000e+03  1.00102699e+00
 3.45000000e+03  9.95827697e-01
 3.47000000e+03  9.95496167e-01
 3.49000000e+03  9.98184797e-01
 3.51000000e+03  1.00506881e+00
 3.53000000e+03  1.00108912e+00
 3.55000000e+03  1.00915102e+00
 3.57000000e+03  9.93028557e-01
 3.59000000e+03  9.91530238e-01
 3.60182700e+03  1.02564717e+00
 3.60272700e+03  1.01196924e+00
 3.60362800e+03  1.00205264e+00
 3.60452800e+03  9.97064609e-01
 3.60542800e+03  9.93137735e-01
 3.60632900e+03  9.94854411e-01
 3.60722900e+03  1.00062134e+00
 3.60812900e+03  1.00118099e+00
 3.60902900e+03  9.92910502e-01
 3.60992900e+03  9.84302270e-01
 3.61083000e+03  9.83136368e-01
 3.61173000e+03  9.88260654e-01
 3.61263000e+03  9.89617840e-01
 3.61353000e+03  9.83463016e-01
 3.61443000e+03  9.82202582e-01
 3.61533100e+03  9.94230851e-01
 3.61623100e+03  1.00824652e+00
 3.61713100e+03  1.01166478e+00
 3.61803200e+03  1.00103586e+00
 3.61893200e+03  9.81712167e-01
 3.61983200e+03  9.73695983e-01
 3.62073200e+03  9.80267549e-01
 3.62163300e+03  9.92993495e-01
 3.62253300e+03  1.00332373e+00
 3.62343300e+03  1.00775877e+00
 3.62433300e+03  1.00643310e+00
 3.62523300e+03  1.00811959e+00
 3.62613400e+03  1.01794698e+00
 3.62703400e+03  1.03159207e+00
 3.62793400e+03  1.03407655e+00
 3.62883400e+03  1.03142031e+00
 3.62973500e+03  1.02595163e+00
 3.63063500e+03  1.00877289e+00
 3.63153500e+03  9.83398663e-01
 3.63243500e+03  9.67821650e-01
 3.63333600e+03  9.72296635e-01
 3.63423600e+03  9.77348579e-01
 3.63513600e+03  9.78041374e-01
 3.63603600e+03  9.84936481e-01
 3.63693600e+03  9.94654251e-01
 3.63783700e+03  1.00292075e+00
 3.63873700e+03  1.01045406e+00
 3.63963700e+03  1.01506529e+00
 3.64053700e+03  1.01160043e+00
 3.64143800e+03  9.98766195e-01
 3.64233800e+03  9.84673299e-01
 3.64323800e+03  9.70659402e-01
 3.64413800e+03  9.56608225e-01
 3.64503900e+03  9.42922308e-01
 3.64593900e+03  9.38693640e-01
 3.64683900e+03  9.38114462e-01
 3.64773900e+03  9.34685992e-01
 3.64864000e+03  9.30589138e-01
 3.64954000e+03  9.31776342e-01
 3.65044000e+03  9.31234444e-01
 3.65134000e+03  9.29833765e-01
 3.65224000e+03  9.31502952e-01
 3.65314100e+03  9.35495510e-01
 3.65404100e+03  9.37885453e-01
 3.65494100e+03  9.36179873e-01
 3.65584100e+03  9.33096247e-01
 3.65674200e+03  9.32294274e-01
 3.65764200e+03  9.33607966e-01
 3.65854200e+03  9.34001186e-01
 3.65944200e+03  9.31696456e-01
 3.66034300e+03  9.27424294e-01
 3.66124300e+03  9.23814748e-01
 3.66214300e+03  9.19398791e-01
 3.66304300e+03  9.11442966e-01
 3.66394300e+03  9.02924828e-01
 3.66484400e+03  8.99228739e-01
 3.66574400e+03  9.03169370e-01
 3.66664400e+03  9.05298794e-01
 3.66754400e+03  9.02125518e-01
 3.66844500e+03  8.99062752e-01
 3.66934500e+03  8.92622555e-01
 3.67024500e+03  8.84865560e-01
 3.67114500e+03  8.87315861e-01
 3.67204600e+03  8.97470344e-01
 3.67294600e+03  9.04591353e-01
 3.67384600e+03  9.03664224e-01
 3.67474600e+03  9.01134036e-01
 3.67564600e+03  9.02740645e-01
 3.67654700e+03  9.01108738e-01
 3.67744700e+03  8.89952565e-01
 3.67834700e+03  8.78488384e-01
 3.67924700e+03  8.72216837e-01
 3.68014800e+03  8.70102060e-01
 3.68104800e+03  8.72871464e-01
 3.68194800e+03  8.79322756e-01
 3.68284800e+03  8.83294011e-01
 3.68374900e+03  8.85095012e-01
 3.68464900e+03  8.88220356e-01
 3.68554900e+03  8.82301198e-01
 3.68644900e+03  8.70546762e-01
 3.68734900e+03  8.60199663e-01
 3.68825000e+03  8.59942695e-01
 3.68915000e+03  8.75914702e-01
 3.69005000e+03  8.93112527e-01
 3.69095000e+03  8.98464489e-01
 3.69185100e+03  8.97262195e-01
 3.69275100e+03  8.98054848e-01
 3.69365100e+03  9.01885414e-01
 3.69455100e+03  9.05964516e-01
 3.69545100e+03  9.07114884e-01
 3.69635200e+03  8.98569230e-01
 3.69725200e+03  8.82085504e-01
 3.69815200e+03  8.74074202e-01
 3.69905200e+03  8.91977248e-01
 3.69995300e+03  9.24093464e-01
 3.70085300e+03  9.43921335e-01
 3.70175300e+03  9.40989050e-01
 3.70265300e+03  9.18380679e-01
 3.70355400e+03  8.81516533e-01
 3.70445400e+03  8.42398251e-01
 3.70535400e+03  8.20681060e-01
 3.70625400e+03  8.30430341e-01
 3.70715500e+03  8.66453014e-01
 3.70805500e+03  9.01868993e-01
 3.70895500e+03  9.14183967e-01
 3.70985500e+03  9.03503119e-01
 3.71075500e+03  8.82388629e-01
 3.71165600e+03  8.56518663e-01
 3.71255600e+03  8.37246449e-01
 3.71345600e+03  8.46431196e-01
 3.71435600e+03  8.87295890e-01
 3.71525700e+03  9.31000998e-01
 3.71615700e+03  9.57841143e-01
 3.71705700e+03  9.74104737e-01
 3.71795700e+03  9.79182866e-01
 3.71885800e+03  9.61862105e-01
 3.71975800e+03  9.21228639e-01
 3.72065800e+03  8.71055374e-01
 3.72155800e+03  8.44944417e-01
 3.72245800e+03  8.76095335e-01
 3.72335900e+03  8.85500215e-01
 3.72425900e+03  1.01303706e+00
 3.72515900e+03  2.50938003e+00
 3.72605900e+03  8.97155680e+00
 3.72696000e+03  1.64135946e+01
 3.72786000e+03  1.36496446e+01
 3.72876000e+03  1.37651252e+01
 3.72966000e+03  2.16119443e+01
 3.73056100e+03  1.64594806e+01
 3.73146100e+03  5.40149708e+00
 3.73236100e+03  1.50550330e+00
 3.73326100e+03  9.73404397e-01
 3.73416200e+03  8.35309641e-01
 3.73506200e+03  7.60203303e-01
 3.73596200e+03  7.66417598e-01
 3.73686200e+03  8.07887654e-01
 3.73776200e+03  8.61808936e-01
 3.73866300e+03  9.20840301e-01
 3.73956300e+03  9.78990694e-01
 3.74046300e+03  1.02364202e+00
 3.74136300e+03  1.05108175e+00
 3.74226400e+03  1.06051814e+00
 3.74316400e+03  1.05187929e+00
 3.74406400e+03  1.03409297e+00
 3.74496400e+03  1.01731455e+00
 3.74586500e+03  9.92043732e-01
 3.74676500e+03  9.57699566e-01
 3.74766500e+03  9.18970066e-01
 3.74856500e+03  8.70331512e-01
 3.74946500e+03  8.08099798e-01
 3.75036600e+03  7.60516636e-01
 3.75126600e+03  7.58919346e-01
 3.75216600e+03  8.02899620e-01
 3.75306600e+03  8.69107027e-01
 3.75396700e+03  9.30883831e-01
 3.75486700e+03  9.85544064e-01
 3.75576700e+03  1.03209314e+00
 3.75666800e+03  1.06284684e+00
 3.75756800e+03  1.06642931e+00
 3.75846800e+03  1.05236615e+00
 3.75936800e+03  1.04511156e+00
 3.76026800e+03  1.05420799e+00
 3.76116900e+03  1.06806255e+00
 3.76206900e+03  1.07537396e+00
 3.76296900e+03  1.07766094e+00
 3.76386900e+03  1.07210970e+00
 3.76476900e+03  1.06091447e+00
 3.76567000e+03  1.04947825e+00
 3.76657000e+03  1.02558637e+00
 3.76747000e+03  9.81369985e-01
 3.76837000e+03  9.35316209e-01
 3.76927100e+03  8.94023678e-01
 3.77017100e+03  8.45277722e-01
 3.77107100e+03  8.00168827e-01
 3.77197100e+03  7.96852199e-01
 3.77287200e+03  8.43771414e-01
 3.77377200e+03  9.10279728e-01
 3.77467200e+03  9.65800074e-01
 3.77557200e+03  1.00744588e+00
 3.77647200e+03  1.04381562e+00
 3.77737300e+03  1.08023373e+00
 3.77827300e+03  1.11037009e+00
 3.77917300e+03  1.13306545e+00
 3.78007300e+03  1.15853642e+00
 3.78097400e+03  1.18407131e+00
 3.78187400e+03  1.19955956e+00
 3.78277400e+03  1.20397729e+00
 3.78367500e+03  1.20504023e+00
 3.78457500e+03  1.21065981e+00
 3.78547500e+03  1.21229571e+00
 3.78637500e+03  1.19446146e+00
 3.78727500e+03  1.16628010e+00
 3.78817600e+03  1.14873300e+00
 3.78907600e+03  1.13969737e+00
 3.78997600e+03  1.12761851e+00
 3.79087600e+03  1.11450777e+00
 3.79177600e+03  1.10397738e+00
 3.79267700e+03  1.08679642e+00
 3.79357700e+03  1.05488037e+00
 3.79447700e+03  1.01099285e+00
 3.79537800e+03  9.61076109e-01
 3.79627800e+03  9.16421237e-01
 3.79717800e+03  9.50174686e-01
 3.79807800e+03  1.24022098e+00
 3.79897800e+03  1.50998228e+00
 3.79987900e+03  1.25121339e+00
 3.80077900e+03  9.68604540e-01
 3.80167900e+03  9.49840493e-01
 3.80257900e+03  1.00291231e+00
 3.80347900e+03  1.05539608e+00
 3.80438000e+03  1.09965551e+00
 3.80528000e+03  1.12871517e+00
 3.80618000e+03  1.14279032e+00
 3.80708100e+03  1.14752094e+00
 3.80798100e+03  1.15808950e+00
 3.80888100e+03  1.18582482e+00
 3.80978100e+03  1.22142631e+00
 3.81068200e+03  1.24892819e+00
 3.81158200e+03  1.26301398e+00
 3.81248200e+03  1.26231320e+00
 3.81338200e+03  1.24597282e+00
 3.81428200e+03  1.22444159e+00
 3.81518300e+03  1.21140453e+00
 3.81608300e+03  1.20825700e+00
 3.81698300e+03  1.21199170e+00
 3.81788300e+03  1.21922189e+00
 3.81878400e+03  1.21159227e+00
 3.81968400e+03  1.17453550e+00
 3.82058400e+03  1.13379064e+00
 3.82148400e+03  1.12942395e+00
 3.82238500e+03  1.16502943e+00
 3.82328500e+03  1.19853390e+00
 3.82418500e+03  1.19853213e+00
 3.82508500e+03  1.17061396e+00
 3.82598500e+03  1.14418878e+00
 3.82688600e+03  1.12985400e+00
 3.82778600e+03  1.11746979e+00
 3.82868600e+03  1.09909985e+00
 3.82958600e+03  1.07666280e+00
 3.83048600e+03  1.05270922e+00
 3.83138700e+03  1.02332202e+00
 3.83228700e+03  9.80144169e-01
 3.83318700e+03  9.24365079e-01
 3.83408800e+03  8.90648023e-01
 3.83498800e+03  1.05859110e+00
 3.83588800e+03  1.58659049e+00
 3.83678800e+03  1.74038342e+00
 3.83768900e+03  1.23311950e+00
 3.83858900e+03  9.33281318e-01
 3.83948900e+03  9.22019961e-01
 3.84038900e+03  9.66941122e-01
 3.84128900e+03  1.01328870e+00
 3.84219000e+03  1.06256946e+00
 3.84309000e+03  1.11120357e+00
 3.84399000e+03  1.14650505e+00
 3.84489000e+03  1.16869446e+00
 3.84579100e+03  1.18582349e+00
 3.84669100e+03  1.20176887e+00
 3.84759100e+03  1.22073796e+00
 3.84849100e+03  1.24078774e+00
 3.84939200e+03  1.24895393e+00
 3.85029200e+03  1.24441858e+00
 3.85119200e+03  1.24999157e+00
 3.85209200e+03  1.27296475e+00
 3.85299200e+03  1.29052695e+00
 3.85389300e+03  1.29151178e+00
 3.85479300e+03  1.28596453e+00
 3.85569300e+03  1.27536135e+00
 3.85659300e+03  1.26215476e+00
 3.85749400e+03  1.26891006e+00
 3.85839400e+03  1.29044263e+00
 3.85929400e+03  1.29366827e+00
 3.86019400e+03  1.28317516e+00
 3.86109500e+03  1.28625390e+00
 3.86199500e+03  1.29981422e+00
 3.86289500e+03  1.30820454e+00
 3.86379500e+03  1.31231071e+00
 3.86469600e+03  1.31780825e+00
 3.86559600e+03  1.31944726e+00
 3.86649600e+03  1.31474504e+00
 3.86739600e+03  1.32539215e+00
 3.86829600e+03  1.48065500e+00
 3.86919700e+03  1.92064325e+00
 3.87009700e+03  2.08914420e+00
 3.87099700e+03  1.66653397e+00
 3.87189700e+03  1.34264368e+00
 3.87279800e+03  1.25392332e+00
 3.87369800e+03  1.23502214e+00
 3.87459800e+03  1.24576468e+00
 3.87549800e+03  1.26308100e+00
 3.87639800e+03  1.26585395e+00
 3.87729900e+03  1.24885274e+00
 3.87819900e+03  1.21688653e+00
 3.87909900e+03  1.18304876e+00
 3.87999900e+03  1.17141415e+00
 3.88090000e+03  1.17579860e+00
 3.88180000e+03  1.16449508e+00
 3.88270000e+03  1.13026276e+00
 3.88360000e+03  1.09594966e+00
 3.88450100e+03  1.07278874e+00
 3.88540100e+03  1.04170972e+00
 3.88630100e+03  9.86001193e-01
 3.88720100e+03  9.42247265e-01
 3.88810200e+03  1.14664707e+00
 3.88900200e+03  2.13934942e+00
 3.88990200e+03  3.15926961e+00
 3.89080200e+03  2.43866834e+00
 3.89170300e+03  1.28542308e+00
 3.89260300e+03  9.66055267e-01
 3.89350300e+03  9.87146235e-01
 3.89440300e+03  1.03107902e+00
 3.89530300e+03  1.06402339e+00
 3.89620400e+03  1.09183816e+00
 3.89710400e+03  1.12367832e+00
 3.89800400e+03  1.15598227e+00
 3.89890400e+03  1.17665028e+00
 3.89980500e+03  1.18635695e+00
 3.90070500e+03  1.19834572e+00
 3.90160500e+03  1.22455343e+00
 3.90250500e+03  1.25367567e+00
 3.90340600e+03  1.26415725e+00
 3.90430600e+03  1.26529075e+00
 3.90520600e+03  1.27001028e+00
 3.90610600e+03  1.26832733e+00
 3.90700600e+03  1.26689514e+00
 3.90790700e+03  1.28412226e+00
 3.90880700e+03  1.31228364e+00
 3.90970700e+03  1.33485872e+00
 3.91060700e+03  1.34880472e+00
 3.91150800e+03  1.35530971e+00
 3.91240800e+03  1.35511932e+00
 3.91330800e+03  1.34749546e+00
 3.91420800e+03  1.33427511e+00
 3.91510900e+03  1.33037664e+00
 3.91600900e+03  1.33651815e+00
 3.91690900e+03  1.33549604e+00
 3.91780900e+03  1.32719404e+00
 3.91871000e+03  1.31830354e+00
 3.91961000e+03  1.30473124e+00
 3.92051000e+03  1.28900067e+00
 3.92141000e+03  1.28150198e+00
 3.92231000e+03  1.28841617e+00
 3.92321100e+03  1.29921906e+00
 3.92411100e+03  1.30474811e+00
 3.92501100e+03  1.30347702e+00
 3.92591100e+03  1.28966018e+00
 3.92681200e+03  1.26651036e+00
 3.92771200e+03  1.24690661e+00
 3.92861200e+03  1.23448734e+00
 3.92951200e+03  1.22611611e+00
 3.93041300e+03  1.21519915e+00
 3.93131300e+03  1.19620254e+00
 3.93221300e+03  1.16484836e+00
 3.93311300e+03  1.11210585e+00
 3.93401300e+03  1.05112480e+00
 3.93491400e+03  1.03170613e+00
 3.93581400e+03  1.07682701e+00
 3.93671400e+03  1.14493394e+00
 3.93761400e+03  1.19448764e+00
 3.93851500e+03  1.22474117e+00
 3.93941500e+03  1.24739747e+00
 3.94031500e+03  1.27008306e+00
 3.94121500e+03  1.28546258e+00
 3.94211600e+03  1.28899268e+00
 3.94301600e+03  1.28622328e+00
 3.94391600e+03  1.27782852e+00
 3.94481600e+03  1.26789195e+00
 3.94571700e+03  1.27317512e+00
 3.94661700e+03  1.29536764e+00
 3.94751700e+03  1.30964294e+00
 3.94841700e+03  1.30288631e+00
 3.94931700e+03  1.29195825e+00
 3.95021800e+03  1.29200308e+00
 3.95111800e+03  1.29967708e+00
 3.95201800e+03  1.29864521e+00
 3.95291900e+03  1.28453634e+00
 3.95381900e+03  1.27454473e+00
 3.95471900e+03  1.27750897e+00
 3.95561900e+03  1.27528546e+00
 3.95651900e+03  1.25348572e+00
 3.95742000e+03  1.22533011e+00
 3.95832000e+03  1.21244528e+00
 3.95922000e+03  1.21313541e+00
 3.96012000e+03  1.20929819e+00
 3.96102100e+03  1.18636361e+00
 3.96192100e+03  1.14507685e+00
 3.96282100e+03  1.10336181e+00
 3.96372100e+03  1.07067485e+00
 3.96462200e+03  1.03725959e+00
 3.96552200e+03  9.93999180e-01
 3.96642200e+03  9.57046270e-01
 3.96732200e+03  9.82166189e-01
 3.96822200e+03  1.06386362e+00
 3.96912300e+03  1.11962008e+00
 3.97002300e+03  1.73831791e+00
 3.97092300e+03  2.87606471e+00
 3.97182300e+03  2.51513409e+00
 3.97272400e+03  1.31927594e+00
 3.97362400e+03  9.03933620e-01
 3.97452400e+03  9.08118793e-01
 3.97542400e+03  9.62989395e-01
 3.97632500e+03  1.01553219e+00
 3.97722500e+03  1.05733910e+00
 3.97812500e+03  1.09136106e+00
 3.97902500e+03  1.12498225e+00
 3.97992500e+03  1.15819469e+00
 3.98082600e+03  1.18739859e+00
 3.98172600e+03  1.20406694e+00
 3.98262600e+03  1.20699479e+00
 3.98352600e+03  1.20922096e+00
 3.98442700e+03  1.22046457e+00
 3.98532700e+03  1.23912343e+00
 3.98622700e+03  1.25885854e+00
 3.98712700e+03  1.27271178e+00
 3.98802800e+03  1.28558463e+00
 3.98892800e+03  1.30176301e+00
 3.98982800e+03  1.31091935e+00
 3.99072800e+03  1.31002285e+00
 3.99162800e+03  1.31139557e+00
 3.99252900e+03  1.32150256e+00
 3.99342900e+03  1.33397864e+00
 3.99432900e+03  1.33847005e+00
 3.99523000e+03  1.33145733e+00
 3.99613000e+03  1.31857960e+00
 3.99703000e+03  1.30895947e+00
 3.99793000e+03  1.30475876e+00
 3.99883000e+03  1.30759962e+00
 3.99973100e+03  1.32473797e+00
 4.00063100e+03  1.34819891e+00
 4.00153100e+03  1.35950066e+00
 4.00243100e+03  1.35715110e+00
 4.00333100e+03  1.35560840e+00
 4.00423200e+03  1.35664693e+00
 4.00513200e+03  1.34410339e+00
 4.00603200e+03  1.31812247e+00
 4.00693300e+03  1.30778691e+00
 4.00783300e+03  1.32264938e+00
 4.00873300e+03  1.33812565e+00
 4.00963300e+03  1.33595495e+00
 4.01053300e+03  1.32826053e+00
 4.01143400e+03  1.33321972e+00
 4.01233400e+03  1.34486320e+00
 4.01323400e+03  1.35245776e+00
 4.01413400e+03  1.35920552e+00
 4.01503500e+03  1.36600654e+00
 4.01593500e+03  1.37266864e+00
 4.01683500e+03  1.37809161e+00
 4.01773500e+03  1.37460856e+00
 4.01863600e+03  1.37047176e+00
 4.01953600e+03  1.38033244e+00
 4.02043600e+03  1.39355146e+00
 4.02133600e+03  1.39364466e+00
 4.02223700e+03  1.38219513e+00
 4.02313700e+03  1.37056052e+00
 4.02403700e+03  1.35634735e+00
 4.02493700e+03  1.32845137e+00
 4.02583700e+03  1.29342062e+00
 4.02673800e+03  1.27576656e+00
 4.02763800e+03  1.28752454e+00
 4.02853800e+03  1.32106629e+00
 4.02943900e+03  1.35244001e+00
 4.03033900e+03  1.35824377e+00
 4.03123900e+03  1.33835554e+00
 4.03213900e+03  1.32130817e+00
 4.03303900e+03  1.31963676e+00
 4.03394000e+03  1.32257082e+00
 4.03484000e+03  1.33073924e+00
 4.03574000e+03  1.34466171e+00
 4.03664000e+03  1.36225941e+00
 4.03754000e+03  1.38221998e+00
 4.03844100e+03  1.39724888e+00
 4.03934100e+03  1.40061655e+00
 4.04024100e+03  1.39432636e+00
 4.04114200e+03  1.38270951e+00
 4.04204200e+03  1.37334280e+00
 4.04294200e+03  1.37664611e+00
 4.04384200e+03  1.38089963e+00
 4.04474200e+03  1.36396810e+00
 4.04564300e+03  1.32735914e+00
 4.04654300e+03  1.30031884e+00
 4.04744300e+03  1.31448762e+00
 4.04834300e+03  1.35257137e+00
 4.04924400e+03  1.37379593e+00
 4.05014400e+03  1.37650409e+00
 4.05104400e+03  1.38002221e+00
 4.05194400e+03  1.38198431e+00
 4.05284500e+03  1.37426282e+00
 4.05374500e+03  1.36059066e+00
 4.05464500e+03  1.34914424e+00
 4.05554500e+03  1.34332139e+00
 4.05644500e+03  1.34413978e+00
 4.05734600e+03  1.34489293e+00
 4.05824600e+03  1.33759484e+00
 4.05914600e+03  1.33210441e+00
 4.06004600e+03  1.34205119e+00
 4.06094700e+03  1.35913495e+00
 4.06184700e+03  1.36535679e+00
 4.06274700e+03  1.35096121e+00
 4.06364700e+03  1.31959815e+00
 4.06454800e+03  1.29645232e+00
 4.06544800e+03  1.30658861e+00
 4.06634800e+03  1.33094561e+00
 4.06724800e+03  1.33875276e+00
 4.06814800e+03  1.36845151e+00
 4.06904900e+03  1.48751948e+00
 4.06994900e+03  1.55430563e+00
 4.07084900e+03  1.44589010e+00
 4.07175000e+03  1.33573393e+00
 4.07265000e+03  1.29379121e+00
 4.07355000e+03  1.29747443e+00
 4.07445000e+03  1.31918762e+00
 4.07535000e+03  1.32915526e+00
 4.07625100e+03  1.33117728e+00
 4.07715100e+03  1.33291748e+00
 4.07805100e+03  1.29476183e+00
 4.07895100e+03  1.25283731e+00
 4.07985200e+03  1.26137897e+00
 4.08075200e+03  1.28910186e+00
 4.08165200e+03  1.30963584e+00
 4.08255200e+03  1.31538857e+00
 4.08345300e+03  1.30249664e+00
 4.08435300e+03  1.28070888e+00
 4.08525300e+03  1.26412308e+00
 4.08615300e+03  1.25522814e+00
 4.08705300e+03  1.25339430e+00
 4.08795400e+03  1.25880928e+00
 4.08885400e+03  1.26459973e+00
 4.08975400e+03  1.26039148e+00
 4.09065400e+03  1.24705795e+00
 4.09155500e+03  1.23356642e+00
 4.09245500e+03  1.21899377e+00
 4.09335500e+03  1.20091896e+00
 4.09425600e+03  1.18552125e+00
 4.09515600e+03  1.16691520e+00
 4.09605600e+03  1.13319859e+00
 4.09695600e+03  1.08955562e+00
 4.09785600e+03  1.04855334e+00
 4.09875700e+03  1.01148105e+00
 4.09965700e+03  9.77080071e-01
 4.10055700e+03  1.05223878e+00
 4.10145700e+03  1.94571701e+00
 4.10235800e+03  4.06635387e+00
 4.10325800e+03  4.37019082e+00
 4.10415800e+03  2.26977328e+00
 4.10505800e+03  1.10679072e+00
 4.10595800e+03  9.70095314e-01
 4.10685900e+03  1.01371077e+00
 4.10775900e+03  1.05503659e+00
 4.10865900e+03  1.08443488e+00
 4.10955900e+03  1.10466662e+00
 4.11045900e+03  1.11716756e+00
 4.11136000e+03  1.12763537e+00
 4.11226000e+03  1.14498010e+00
 4.11316000e+03  1.16658145e+00
 4.11406000e+03  1.19042052e+00
 4.11496100e+03  1.21264588e+00
 4.11586100e+03  1.22969015e+00
 4.11676100e+03  1.24281153e+00
 4.11766200e+03  1.25161593e+00
 4.11856200e+03  1.24865879e+00
 4.11946200e+03  1.23590400e+00
 4.12036200e+03  1.22841329e+00
 4.12126200e+03  1.23146851e+00
 4.12216300e+03  1.23597590e+00
 4.12306300e+03  1.24274230e+00
 4.12396300e+03  1.25650011e+00
 4.12486400e+03  1.27717256e+00
 4.12576400e+03  1.29601650e+00
 4.12666400e+03  1.30106977e+00
 4.12756400e+03  1.28985723e+00
 4.12846400e+03  1.26826520e+00
 4.12936500e+03  1.25725859e+00
 4.13026500e+03  1.26329225e+00
 4.13116500e+03  1.26795897e+00
 4.13206500e+03  1.26054815e+00
 4.13296500e+03  1.25337876e+00
 4.13386600e+03  1.25959217e+00
 4.13476600e+03  1.27551536e+00
 4.13566600e+03  1.29373041e+00
 4.13656600e+03  1.31319479e+00
 4.13746700e+03  1.32221977e+00
 4.13836700e+03  1.32166145e+00
 4.13926700e+03  1.32565090e+00
 4.14016700e+03  1.33429197e+00
 4.14106800e+03  1.33790773e+00
 4.14196800e+03  1.33070506e+00
 4.14286800e+03  1.30339137e+00
 4.14376800e+03  1.25613707e+00
 4.14466900e+03  1.22054978e+00
 4.14556900e+03  1.23009668e+00
 4.14646900e+03  1.27100354e+00
 4.14736900e+03  1.30521456e+00
 4.14827000e+03  1.32108848e+00
 4.14917000e+03  1.32404074e+00
 4.15007000e+03  1.31771505e+00
 4.15097000e+03  1.31024165e+00
 4.15187100e+03  1.31158064e+00
 4.15277100e+03  1.31472063e+00
 4.15367100e+03  1.31108667e+00
 4.15457100e+03  1.30186864e+00
 4.15547100e+03  1.29512576e+00
 4.15637200e+03  1.29721746e+00
 4.15727200e+03  1.30081280e+00
 4.15817200e+03  1.30441303e+00
 4.15907200e+03  1.31469400e+00
 4.15997200e+03  1.32683233e+00
 4.16087300e+03  1.33050490e+00
 4.16177300e+03  1.32416368e+00
 4.16267300e+03  1.32137785e+00
 4.16357300e+03  1.32860094e+00
 4.16447400e+03  1.33348467e+00
 4.16537400e+03  1.33367596e+00
 4.16627400e+03  1.33473401e+00
 4.16717500e+03  1.32965233e+00
 4.16807500e+03  1.31753042e+00
 4.16897500e+03  1.31241146e+00
 4.16987500e+03  1.31893509e+00
 4.17077500e+03  1.32198987e+00
 4.17167600e+03  1.30962652e+00
 4.17257600e+03  1.28349914e+00
 4.17347600e+03  1.25726569e+00
 4.17437700e+03  1.25058894e+00
 4.17527700e+03  1.26645266e+00
 4.17617700e+03  1.28714996e+00
 4.17707700e+03  1.29472189e+00
 4.17797700e+03  1.28447731e+00
 4.17887800e+03  1.26885858e+00
 4.17977800e+03  1.26866996e+00
 4.18067800e+03  1.28714597e+00
 4.18157800e+03  1.30421597e+00
 4.18247800e+03  1.30408727e+00
 4.18337900e+03  1.29879966e+00
 4.18427900e+03  1.30163208e+00
 4.18517900e+03  1.31007877e+00
 4.18607900e+03  1.32025810e+00
 4.18698000e+03  1.31886497e+00
 4.18788000e+03  1.29920708e+00
 4.18878000e+03  1.28645229e+00
 4.18968000e+03  1.29914761e+00
 4.19058100e+03  1.31590029e+00
 4.19148100e+03  1.31658287e+00
 4.19238100e+03  1.31031976e+00
 4.19328100e+03  1.31879929e+00
 4.19418200e+03  1.33649152e+00
 4.19508200e+03  1.33804043e+00
 4.19598200e+03  1.31990572e+00
 4.19688200e+03  1.29937751e+00
 4.19778300e+03  1.28858925e+00
 4.19868300e+03  1.27844276e+00
 4.19958300e+03  1.26867306e+00
 4.20048300e+03  1.27609143e+00
 4.20138400e+03  1.29032146e+00
 4.20228400e+03  1.28861899e+00
 4.20318400e+03  1.28148644e+00
 4.20408400e+03  1.28617535e+00
 4.20498400e+03  1.29291867e+00
 4.20588500e+03  1.29381562e+00
 4.20678500e+03  1.29931715e+00
 4.20768500e+03  1.31031177e+00
 4.20858500e+03  1.31907933e+00
 4.20948500e+03  1.32076317e+00
 4.21038600e+03  1.31542008e+00
 4.21128600e+03  1.31187045e+00
 4.21218600e+03  1.31786372e+00
 4.21308600e+03  1.32712081e+00
 4.21398700e+03  1.32792412e+00
 4.21488700e+03  1.31360000e+00
 4.21578700e+03  1.28535118e+00
 4.21668800e+03  1.26446836e+00
 4.21758800e+03  1.27788533e+00
 4.21848800e+03  1.31123224e+00
 4.21938800e+03  1.33133262e+00
 4.22028800e+03  1.33466211e+00
 4.22118900e+03  1.33435322e+00
 4.22208900e+03  1.33598557e+00
 4.22298900e+03  1.32965988e+00
 4.22389000e+03  1.31376643e+00
 4.22479000e+03  1.29519411e+00
 4.22569000e+03  1.27233853e+00
 4.22659000e+03  1.24185112e+00
 4.22749000e+03  1.21333823e+00
 4.22839100e+03  1.21826768e+00
 4.22929100e+03  1.26288572e+00
 4.23019100e+03  1.30767640e+00
 4.23109100e+03  1.32889430e+00
 4.23199100e+03  1.33396666e+00
 4.23289200e+03  1.31804125e+00
 4.23379200e+03  1.28620197e+00
 4.23469200e+03  1.27132841e+00
 4.23559200e+03  1.28236830e+00
 4.23649300e+03  1.28847919e+00
 4.23739300e+03  1.28461667e+00
 4.23829300e+03  1.28761996e+00
 4.23919300e+03  1.29061527e+00
 4.24009300e+03  1.28822444e+00
 4.24099400e+03  1.29211492e+00
 4.24189400e+03  1.30373177e+00
 4.24279400e+03  1.30982624e+00
 4.24369500e+03  1.30966957e+00
 4.24459500e+03  1.31817395e+00
 4.24549500e+03  1.33112092e+00
 4.24639500e+03  1.32783358e+00
 4.24729600e+03  1.30721394e+00
 4.24819600e+03  1.28985679e+00
 4.24909600e+03  1.28947067e+00
 4.24999600e+03  1.29307267e+00
 4.25089700e+03  1.28307841e+00
 4.25179700e+03  1.27296165e+00
 4.25269700e+03  1.28291286e+00
 4.25359700e+03  1.29542800e+00
 4.25449700e+03  1.29004719e+00
 4.25539800e+03  1.27705362e+00
 4.25629800e+03  1.27991711e+00
 4.25719800e+03  1.29971569e+00
 4.25809800e+03  1.31282598e+00
 4.25899800e+03  1.30483021e+00
 4.25989900e+03  1.28574706e+00
 4.26079900e+03  1.26672250e+00
 4.26169900e+03  1.25527385e+00
 4.26259900e+03  1.26617705e+00
 4.26350000e+03  1.29429849e+00
 4.26440000e+03  1.31816108e+00
 4.26530000e+03  1.32776213e+00
 4.26620000e+03  1.32923648e+00
 4.26710100e+03  1.32221000e+00
 4.26800100e+03  1.30227473e+00
 4.26890100e+03  1.28376099e+00
 4.26980100e+03  1.27915730e+00
 4.27070200e+03  1.27617886e+00
 4.27160200e+03  1.25767666e+00
 4.27250200e+03  1.23168465e+00
 4.27340300e+03  1.22762374e+00
 4.27430300e+03  1.24263578e+00
 4.27520300e+03  1.24774498e+00
 4.27610300e+03  1.24782398e+00
 4.27700300e+03  1.26316665e+00
 4.27790400e+03  1.28540266e+00
 4.27880400e+03  1.29904864e+00
 4.27970400e+03  1.30272165e+00
 4.28060400e+03  1.29477026e+00
 4.28150400e+03  1.28158009e+00
 4.28240500e+03  1.27452210e+00
 4.28330500e+03  1.27033515e+00
 4.28420500e+03  1.26892781e+00
 4.28510500e+03  1.27131066e+00
 4.28600600e+03  1.26899172e+00
 4.28690600e+03  1.26540526e+00
 4.28780600e+03  1.26601728e+00
 4.28870600e+03  1.26348886e+00
 4.28960600e+03  1.24502883e+00
 4.29050700e+03  1.21460311e+00
 4.29140700e+03  1.20330624e+00
 4.29230700e+03  1.22562170e+00
 4.29320800e+03  1.25696434e+00
 4.29410800e+03  1.26929307e+00
 4.29500800e+03  1.25818261e+00
 4.29590800e+03  1.24693324e+00
 4.29680900e+03  1.24651339e+00
 4.29770900e+03  1.24621692e+00
 4.29860900e+03  1.23956769e+00
 4.29950900e+03  1.21794725e+00
 4.30041000e+03  1.18570055e+00
 4.30131000e+03  1.17201020e+00
 4.30221000e+03  1.18058248e+00
 4.30311000e+03  1.18514800e+00
 4.30401000e+03  1.18499489e+00
 4.30491100e+03  1.19618390e+00
 4.30581100e+03  1.20739378e+00
 4.30671100e+03  1.20652301e+00
 4.30761100e+03  1.19741948e+00
 4.30851100e+03  1.18106313e+00
 4.30941200e+03  1.16844592e+00
 4.31031200e+03  1.17543822e+00
 4.31121200e+03  1.19698721e+00
 4.31211200e+03  1.21590260e+00
 4.31301300e+03  1.22030568e+00
 4.31391300e+03  1.21164330e+00
 4.31481300e+03  1.19886854e+00
 4.31571300e+03  1.19552306e+00
 4.31661400e+03  1.21834446e+00
 4.31751400e+03  1.25059338e+00
 4.31841400e+03  1.26154495e+00
 4.31931500e+03  1.25344489e+00
 4.32021500e+03  1.24128215e+00
 4.32111500e+03  1.22668818e+00
 4.32201500e+03  1.21409760e+00
 4.32291600e+03  1.21436566e+00
 4.32381600e+03  1.21287977e+00
 4.32471600e+03  1.18933451e+00
 4.32561600e+03  1.14720406e+00
 4.32651600e+03  1.10988455e+00
 4.32741700e+03  1.10649692e+00
 4.32831700e+03  1.13760301e+00
 4.32921700e+03  1.16882094e+00
 4.33011700e+03  1.17351917e+00
 4.33101700e+03  1.15255913e+00
 4.33191800e+03  1.12770239e+00
 4.33281800e+03  1.11465290e+00
 4.33371800e+03  1.10525823e+00
 4.33461800e+03  1.08952277e+00
 4.33551900e+03  1.07241638e+00
 4.33641900e+03  1.05203551e+00
 4.33731900e+03  1.01031470e+00
 4.33821900e+03  9.46458180e-01
 4.33911900e+03  1.00040121e+00
 4.34002000e+03  2.17895590e+00
 4.34092000e+03  6.07335283e+00
 4.34182000e+03  8.32123494e+00
 4.34272100e+03  4.75611044e+00
 4.34362100e+03  1.61895480e+00
 4.34452100e+03  9.64187251e-01
 4.34542200e+03  9.52515365e-01
 4.34632200e+03  9.92664629e-01
 4.34722200e+03  1.02626407e+00
 4.34812200e+03  1.04711094e+00
 4.34902200e+03  1.06931500e+00
 4.34992300e+03  1.09539711e+00
 4.35082300e+03  1.10644677e+00
 4.35172300e+03  1.08935501e+00
 4.35262300e+03  1.06608447e+00
 4.35352300e+03  1.07503000e+00
 4.35442400e+03  1.11445452e+00
 4.35532400e+03  1.14913776e+00
 4.35622400e+03  1.16858617e+00
 4.35712400e+03  1.18632899e+00
 4.35802400e+03  1.20137520e+00
 4.35892500e+03  1.20116306e+00
 4.35982500e+03  1.19049863e+00
 4.36072500e+03  1.19003041e+00
 4.36162600e+03  1.20675246e+00
 4.36252600e+03  1.22975938e+00
 4.36342600e+03  1.25191240e+00
 4.36432600e+03  1.26961706e+00
 4.36522600e+03  1.27241265e+00
 4.36612700e+03  1.26997744e+00
 4.36702700e+03  1.26246676e+00
 4.36792700e+03  1.24070030e+00
 4.36882800e+03  1.21937900e+00
 4.36972800e+03  1.21738449e+00
 4.37062800e+03  1.22911807e+00
 4.37152800e+03  1.24013932e+00
 4.37242900e+03  1.24829264e+00
 4.37332900e+03  1.25255549e+00
 4.37422900e+03  1.24113391e+00
 4.37512900e+03  1.21428178e+00
 4.37602900e+03  1.19753221e+00
 4.37693000e+03  1.21086530e+00
 4.37783000e+03  1.24379591e+00
 4.37873000e+03  1.27066224e+00
 4.37963000e+03  1.27764345e+00
 4.38053000e+03  1.27052510e+00
 4.38143100e+03  1.26444706e+00
 4.38233100e+03  1.25954823e+00
 4.38323100e+03  1.23505099e+00
 4.38413100e+03  1.18428256e+00
 4.38503200e+03  1.14285955e+00
 4.38593200e+03  1.14452119e+00
 4.38683200e+03  1.17727739e+00
 4.38773200e+03  1.19945704e+00
 4.38863300e+03  1.19419339e+00
 4.38953300e+03  1.18849703e+00
 4.39043300e+03  1.19773282e+00
 4.39133300e+03  1.20906430e+00
 4.39223400e+03  1.22128207e+00
 4.39313400e+03  1.23951088e+00
 4.39403400e+03  1.25055832e+00
 4.39493500e+03  1.24001860e+00
 4.39583500e+03  1.22075837e+00
 4.39673500e+03  1.22378741e+00
 4.39763500e+03  1.25297356e+00
 4.39853500e+03  1.27513812e+00
 4.39943600e+03  1.27130267e+00
 4.40033600e+03  1.25008521e+00
 4.40123600e+03  1.22804981e+00
 4.40213600e+03  1.22697267e+00
 4.40303600e+03  1.25030224e+00
 4.40393700e+03  1.26402144e+00
 4.40483700e+03  1.24250796e+00
 4.40573700e+03  1.21320243e+00
 4.40663700e+03  1.21474291e+00
 4.40753800e+03  1.23565191e+00
 4.40843800e+03  1.23957967e+00
 4.40933800e+03  1.23018367e+00
 4.41023800e+03  1.23402489e+00
 4.41113900e+03  1.25226168e+00
 4.41203900e+03  1.26656095e+00
 4.41293900e+03  1.27477286e+00
 4.41383900e+03  1.27819112e+00
 4.41473900e+03  1.26262165e+00
 4.41564000e+03  1.22446290e+00
 4.41654000e+03  1.19365016e+00
 4.41744000e+03  1.19195524e+00
 4.41834100e+03  1.20462748e+00
 4.41924100e+03  1.22399245e+00
 4.42014100e+03  1.24953355e+00
 4.42104100e+03  1.26715832e+00
 4.42194200e+03  1.26474264e+00
 4.42284200e+03  1.24675749e+00
 4.42374200e+03  1.23186084e+00
 4.42464200e+03  1.23492139e+00
 4.42554200e+03  1.24648854e+00
 4.42644300e+03  1.24998269e+00
 4.42734300e+03  1.24561156e+00
 4.42824300e+03  1.24119560e+00
 4.42914300e+03  1.24290562e+00
 4.43004300e+03  1.24431429e+00
 4.43094400e+03  1.23258160e+00
 4.43184400e+03  1.22295259e+00
 4.43274400e+03  1.23082187e+00
 4.43364400e+03  1.23681692e+00
 4.43454500e+03  1.22590219e+00
 4.43544500e+03  1.20722335e+00
 4.43634500e+03  1.19728945e+00
 4.43724500e+03  1.20843852e+00
 4.43814600e+03  1.23281948e+00
 4.43904600e+03  1.25484291e+00
 4.43994600e+03  1.26981411e+00
 4.44084600e+03  1.27177222e+00
 4.44174700e+03  1.25624891e+00
 4.44264700e+03  1.23027643e+00
 4.44354700e+03  1.20442510e+00
 4.44444800e+03  1.19271993e+00
 4.44534800e+03  1.20773019e+00
 4.44624800e+03  1.24010648e+00
 4.44714800e+03  1.25990062e+00
 4.44804800e+03  1.25640558e+00
 4.44894900e+03  1.25195722e+00
 4.44984900e+03  1.25545582e+00
 4.45074900e+03  1.24966936e+00
 4.45164900e+03  1.23946694e+00
 4.45254900e+03  1.24188263e+00
 4.45345000e+03  1.24943813e+00
 4.45435000e+03  1.24389710e+00
 4.45525000e+03  1.22232681e+00
 4.45615000e+03  1.20094470e+00
 4.45705100e+03  1.19993858e+00
 4.45795100e+03  1.21356369e+00
 4.45885100e+03  1.21946021e+00
 4.45975100e+03  1.21544547e+00
 4.46065200e+03  1.21266053e+00
 4.46155200e+03  1.20954406e+00
 4.46245200e+03  1.19969359e+00
 4.46335200e+03  1.19962613e+00
 4.46425300e+03  1.21815629e+00
 4.46515300e+03  1.23118225e+00
 4.46605300e+03  1.22783722e+00
 4.46695300e+03  1.22228865e+00
 4.46785400e+03  1.21820821e+00
 4.46875400e+03  1.20874786e+00
 4.46965400e+03  1.19241192e+00
 4.47055400e+03  1.20704805e+00
 4.47145500e+03  1.39818755e+00
 4.47235500e+03  1.75041053e+00
 4.47325500e+03  1.71249365e+00
 4.47415500e+03  1.38103366e+00
 4.47505500e+03  1.25388160e+00
 4.47595600e+03  1.24802902e+00
 4.47685600e+03  1.24919581e+00
 4.47775600e+03  1.25683253e+00
 4.47865600e+03  1.26751781e+00
 4.47955600e+03  1.26065466e+00
 4.48045700e+03  1.22467459e+00
 4.48135700e+03  1.16865451e+00
 4.48225700e+03  1.12798554e+00
 4.48315800e+03  1.13849020e+00
 4.48405800e+03  1.18774743e+00
 4.48495800e+03  1.23338979e+00
 4.48585800e+03  1.25713388e+00
 4.48675800e+03  1.26642115e+00
 4.48765900e+03  1.26537596e+00
 4.48855900e+03  1.25068259e+00
 4.48945900e+03  1.22532656e+00
 4.49036000e+03  1.20462659e+00
 4.49126000e+03  1.20175910e+00
 4.49216000e+03  1.21537534e+00
 4.49306000e+03  1.23423082e+00
 4.49396100e+03  1.24329041e+00
 4.49486100e+03  1.23341863e+00
 4.49576100e+03  1.21862407e+00
 4.49666100e+03  1.21660471e+00
 4.49756100e+03  1.22461069e+00
 4.49846200e+03  1.23743516e+00
 4.49936200e+03  1.25087698e+00
 4.50026200e+03  1.25520373e+00
 4.50116200e+03  1.24526228e+00
 4.50206200e+03  1.22682133e+00
 4.50296300e+03  1.22388416e+00
 4.50386300e+03  1.24839073e+00
 4.50476300e+03  1.27609676e+00
 4.50566300e+03  1.28487497e+00
 4.50656400e+03  1.27922521e+00
 4.50746400e+03  1.26606210e+00
 4.50836400e+03  1.24890733e+00
 4.50926500e+03  1.23850031e+00
 4.51016500e+03  1.24391486e+00
 4.51106500e+03  1.25883103e+00
 4.51196500e+03  1.26683390e+00
 4.51286500e+03  1.26114286e+00
 4.51376600e+03  1.24908086e+00
 4.51466600e+03  1.23595947e+00
 4.51556600e+03  1.22335735e+00
 4.51646700e+03  1.21972251e+00
 4.51736700e+03  1.22867603e+00
 4.51826700e+03  1.23486503e+00
 4.51916700e+03  1.23157236e+00
 4.52006700e+03  1.22977758e+00
 4.52096800e+03  1.23282481e+00
 4.52186800e+03  1.23850431e+00
 4.52276800e+03  1.23489210e+00
 4.52366800e+03  1.21769072e+00
 4.52456800e+03  1.21078142e+00
 4.52546900e+03  1.21595541e+00
 4.52636900e+03  1.21345185e+00
 4.52726900e+03  1.20476551e+00
 4.52816900e+03  1.19598774e+00
 4.52906900e+03  1.18530068e+00
 4.52997000e+03  1.17675990e+00
 4.53087000e+03  1.17979293e+00
 4.53177000e+03  1.19018353e+00
 4.53267100e+03  1.20241418e+00
 4.53357100e+03  1.20722735e+00
 4.53447100e+03  1.19229742e+00
 4.53537200e+03  1.17487990e+00
 4.53627200e+03  1.17686154e+00
 4.53717200e+03  1.20070593e+00
 4.53807200e+03  1.23470215e+00
 4.53897200e+03  1.25264247e+00
 4.53987300e+03  1.24568434e+00
 4.54077300e+03  1.22725627e+00
 4.54167300e+03  1.21024262e+00
 4.54257300e+03  1.20636191e+00
 4.54347400e+03  1.21874745e+00
 4.54437400e+03  1.23038960e+00
 4.54527400e+03  1.22425563e+00
 4.54617400e+03  1.21265920e+00
 4.54707400e+03  1.21312565e+00
 4.54797500e+03  1.21876564e+00
 4.54887500e+03  1.21089592e+00
 4.54977500e+03  1.18298263e+00
 4.55067500e+03  1.16090107e+00
 4.55157500e+03  1.17434378e+00
 4.55247600e+03  1.19880330e+00
 4.55337600e+03  1.19851926e+00
 4.55427600e+03  1.18121714e+00
 4.55517600e+03  1.16629786e+00
 4.55607700e+03  1.16235012e+00
 4.55697700e+03  1.17486304e+00
 4.55787700e+03  1.20047160e+00
 4.55877800e+03  1.21785716e+00
 4.55967800e+03  1.22069402e+00
 4.56057800e+03  1.22365426e+00
 4.56147900e+03  1.23101848e+00
 4.56237900e+03  1.23746578e+00
 4.56327900e+03  1.23473588e+00
 4.56417900e+03  1.21660782e+00
 4.56507900e+03  1.19531225e+00
 4.56598000e+03  1.18756369e+00
 4.56688000e+03  1.19506815e+00
 4.56778000e+03  1.21138057e+00
 4.56868000e+03  1.22482460e+00
 4.56958000e+03  1.22778130e+00
 4.57048100e+03  1.22821180e+00
 4.57138100e+03  1.22282655e+00
 4.57228100e+03  1.20187272e+00
 4.57318100e+03  1.19034996e+00
 4.57408100e+03  1.20902746e+00
 4.57498200e+03  1.22754874e+00
 4.57588200e+03  1.22232326e+00
 4.57678200e+03  1.21286735e+00
 4.57768200e+03  1.21500698e+00
 4.57858300e+03  1.22198197e+00
 4.57948300e+03  1.21930621e+00
 4.58038300e+03  1.20440025e+00
 4.58128300e+03  1.19034108e+00
 4.58218400e+03  1.18732048e+00
 4.58308400e+03  1.18781222e+00
 4.58398400e+03  1.18028646e+00
 4.58488500e+03  1.17348277e+00
 4.58578500e+03  1.18194233e+00
 4.58668500e+03  1.19415922e+00
 4.58758500e+03  1.19914770e+00
 4.58848600e+03  1.20260368e+00
 4.58938600e+03  1.20815714e+00
 4.59028600e+03  1.21333601e+00
 4.59118600e+03  1.21172230e+00
 4.59208600e+03  1.20034689e+00
 4.59298700e+03  1.18828666e+00
 4.59388700e+03  1.18877131e+00
 4.59478700e+03  1.19695215e+00
 4.59568700e+03  1.19846644e+00
 4.59658700e+03  1.19420316e+00
 4.59748800e+03  1.19354853e+00
 4.59838800e+03  1.19739552e+00
 4.59928800e+03  1.20359872e+00
 4.60018800e+03  1.20954450e+00
 4.60108800e+03  1.20385879e+00
 4.60198900e+03  1.19387163e+00
 4.60288900e+03  1.19529494e+00
 4.60378900e+03  1.20138364e+00
 4.60469000e+03  1.20492350e+00
 4.60559000e+03  1.20427332e+00
 4.60649000e+03  1.20018534e+00
 4.60739100e+03  1.20156516e+00
 4.60829100e+03  1.21138456e+00
 4.60919100e+03  1.22619644e+00
 4.61009100e+03  1.23788519e+00
 4.61099200e+03  1.23759804e+00
 4.61189200e+03  1.22800232e+00
 4.61279200e+03  1.21939409e+00
 4.61369200e+03  1.21402171e+00
 4.61459200e+03  1.21042636e+00
 4.61549300e+03  1.21404035e+00
 4.61639300e+03  1.21770937e+00
 4.61729300e+03  1.21393605e+00
 4.61819300e+03  1.21353484e+00
 4.61909300e+03  1.21232456e+00
 4.61999400e+03  1.20027943e+00
 4.62089400e+03  1.19355652e+00
 4.62179400e+03  1.20430838e+00
 4.62269400e+03  1.21699172e+00
 4.62359500e+03  1.22147868e+00
 4.62449500e+03  1.22464087e+00
 4.62539500e+03  1.22573709e+00
 4.62629500e+03  1.21894583e+00
 4.62719500e+03  1.21320109e+00
 4.62809600e+03  1.21525329e+00
 4.62899600e+03  1.21229527e+00
 4.62989600e+03  1.19698854e+00
 4.63079700e+03  1.18702445e+00
 4.63169700e+03  1.19812160e+00
 4.63259700e+03  1.21478063e+00
 4.63349800e+03  1.21356946e+00
 4.63439800e+03  1.19863953e+00
 4.63529800e+03  1.18948052e+00
 4.63619800e+03  1.19247982e+00
 4.63709800e+03  1.19904163e+00
 4.63799900e+03  1.19866305e+00
 4.63889900e+03  1.19184961e+00
 4.63979900e+03  1.18701336e+00
 4.64069900e+03  1.18415696e+00
 4.64159900e+03  1.18574272e+00
 4.64250000e+03  1.19394131e+00
 4.64340000e+03  1.19848508e+00
 4.64430000e+03  1.19500513e+00
 4.64520000e+03  1.19247317e+00
 4.64610000e+03  1.18976279e+00
 4.64700100e+03  1.17666581e+00
 4.64790100e+03  1.16070579e+00
 4.64880100e+03  1.15492599e+00
 4.64970200e+03  1.15894473e+00
 4.65060200e+03  1.16876280e+00
 4.65150200e+03  1.18049949e+00
 4.65240200e+03  1.19027229e+00
 4.65330200e+03  1.19981963e+00
 4.65420300e+03  1.20649150e+00
 4.65510300e+03  1.19926398e+00
 4.65600300e+03  1.18438775e+00
 4.65690400e+03  1.17612347e+00
 4.65780400e+03  1.17706525e+00
 4.65870400e+03  1.19135609e+00
 4.65960400e+03  1.21554843e+00
 4.66050500e+03  1.23265927e+00
 4.66140500e+03  1.23281238e+00
 4.66230500e+03  1.21803379e+00
 4.66320500e+03  1.19688335e+00
 4.66410500e+03  1.18209855e+00
 4.66500600e+03  1.18189928e+00
 4.66590600e+03  1.18737817e+00
 4.66680600e+03  1.17733775e+00
 4.66770600e+03  1.15014699e+00
 4.66860600e+03  1.13052771e+00
 4.66950700e+03  1.13525878e+00
 4.67040700e+03  1.15376408e+00
 4.67130700e+03  1.17266926e+00
 4.67220700e+03  1.18863728e+00
 4.67310800e+03  1.19568861e+00
 4.67400800e+03  1.19177238e+00
 4.67490800e+03  1.18702401e+00
 4.67580900e+03  1.18909174e+00
 4.67670900e+03  1.19810873e+00
 4.67760900e+03  1.20607343e+00
 4.67850900e+03  1.20230722e+00
 4.67940900e+03  1.18991502e+00
 4.68031000e+03  1.18133563e+00
 4.68121000e+03  1.17837139e+00
 4.68211000e+03  1.17677544e+00
 4.68301100e+03  1.17810244e+00
 4.68391100e+03  1.18726367e+00
 4.68481100e+03  1.19795517e+00
 4.68571100e+03  1.20067043e+00
 4.68661100e+03  1.19946369e+00
 4.68751200e+03  1.19823655e+00
 4.68841200e+03  1.19530870e+00
 4.68931200e+03  1.19348506e+00
 4.69021200e+03  1.19467183e+00
 4.69111200e+03  1.19364351e+00
 4.69201300e+03  1.18824539e+00
 4.69291300e+03  1.18523144e+00
 4.69381300e+03  1.18842158e+00
 4.69471300e+03  1.19261341e+00
 4.69561400e+03  1.19757793e+00
 4.69651400e+03  1.20481211e+00
 4.69741400e+03  1.20790905e+00
 4.69831400e+03  1.19836481e+00
 4.69921500e+03  1.17792714e+00
 4.70011500e+03  1.16349827e+00
 4.70101500e+03  1.16536806e+00
 4.70191600e+03  1.17146564e+00
 4.70281600e+03  1.16910143e+00
 4.70371600e+03  1.16018298e+00
 4.70461600e+03  1.15758577e+00
 4.70551600e+03  1.16775446e+00
 4.70641700e+03  1.17775494e+00
 4.70731700e+03  1.17603826e+00
 4.70821700e+03  1.16532901e+00
 4.70911700e+03  1.15627030e+00
 4.71001800e+03  1.15369485e+00
 4.71091800e+03  1.15923011e+00
 4.71181800e+03  1.17309133e+00
 4.71271800e+03  1.18067036e+00
 4.71361800e+03  1.16965177e+00
 4.71451900e+03  1.15124099e+00
 4.71541900e+03  1.14260613e+00
 4.71631900e+03  1.15285116e+00
 4.71721900e+03  1.17403311e+00
 4.71811900e+03  1.18979474e+00
 4.71902000e+03  1.19528207e+00
 4.71992000e+03  1.19917166e+00
 4.72082000e+03  1.20442332e+00
 4.72172100e+03  1.20649505e+00
 4.72262100e+03  1.20207377e+00
 4.72352100e+03  1.19533178e+00
 4.72442100e+03  1.19515958e+00
 4.72532200e+03  1.20325654e+00
 4.72622200e+03  1.20905764e+00
 4.72712200e+03  1.20248119e+00
 4.72802300e+03  1.18066015e+00
 4.72892300e+03  1.15771670e+00
 4.72982300e+03  1.14964637e+00
 4.73072300e+03  1.15228440e+00
 4.73162300e+03  1.15368198e+00
 4.73252400e+03  1.15626054e+00
 4.73342400e+03  1.16687570e+00
 4.73432400e+03  1.17745137e+00
 4.73522400e+03  1.18286680e+00
 4.73612400e+03  1.18586432e+00
 4.73702500e+03  1.17888933e+00
 4.73792500e+03  1.16677185e+00
 4.73882500e+03  1.17064414e+00
 4.73972500e+03  1.18562555e+00
 4.74062500e+03  1.18912902e+00
 4.74152600e+03  1.18077687e+00
 4.74242600e+03  1.17566235e+00
 4.74332600e+03  1.17979826e+00
 4.74422600e+03  1.18688820e+00
 4.74512700e+03  1.18863239e+00
 4.74602700e+03  1.18395015e+00
 4.74692700e+03  1.18411924e+00
 4.74782800e+03  1.19080442e+00
 4.74872800e+03  1.19212433e+00
 4.74962800e+03  1.18775675e+00
 4.75052900e+03  1.18822586e+00
 4.75142900e+03  1.19213676e+00
 4.75232900e+03  1.19019728e+00
 4.75322900e+03  1.18189972e+00
 4.75412900e+03  1.17537254e+00
 4.75503000e+03  1.16987811e+00
 4.75593000e+03  1.16538315e+00
 4.75683000e+03  1.16346499e+00
 4.75773000e+03  1.16482750e+00
 4.75863000e+03  1.17023361e+00
 4.75953100e+03  1.17605069e+00
 4.76043100e+03  1.18154378e+00
 4.76133100e+03  1.18314951e+00
 4.76223100e+03  1.17278332e+00
 4.76313100e+03  1.15418881e+00
 4.76403200e+03  1.14247255e+00
 4.76493200e+03  1.14004754e+00
 4.76583200e+03  1.13767935e+00
 4.76673300e+03  1.13454202e+00
 4.76763300e+03  1.13767846e+00
 4.76853300e+03  1.14921587e+00
 4.76943300e+03  1.16202170e+00
 4.77033300e+03  1.17346502e+00
 4.77123400e+03  1.17867363e+00
 4.77213400e+03  1.17035477e+00
 4.77303400e+03  1.15938766e+00
 4.77393500e+03  1.16066895e+00
 4.77483500e+03  1.17314148e+00
 4.77573500e+03  1.18475212e+00
 4.77663500e+03  1.18524032e+00
 4.77753600e+03  1.18219708e+00
 4.77843600e+03  1.18586831e+00
 4.77933600e+03  1.18729695e+00
 4.78023600e+03  1.17916893e+00
 4.78113600e+03  1.17181403e+00
 4.78203700e+03  1.17386801e+00
 4.78293700e+03  1.17529753e+00
 4.78383700e+03  1.16663693e+00
 4.78473700e+03  1.15911427e+00
 4.78563700e+03  1.16385599e+00
 4.78653800e+03  1.16495754e+00
 4.78743800e+03  1.15422609e+00
 4.78833800e+03  1.15063829e+00
 4.78923800e+03  1.15609278e+00
 4.79013900e+03  1.15474491e+00
 4.79103900e+03  1.15217079e+00
 4.79193900e+03  1.15665154e+00
 4.79284000e+03  1.16192051e+00
 4.79374000e+03  1.16792754e+00
 4.79464000e+03  1.17950579e+00
 4.79554000e+03  1.19115149e+00
 4.79644000e+03  1.19377576e+00
 4.79734100e+03  1.18742389e+00
 4.79824100e+03  1.17723212e+00
 4.79914100e+03  1.16488120e+00
 4.80004200e+03  1.15291906e+00
 4.80094200e+03  1.14826699e+00
 4.80184200e+03  1.15457893e+00
 4.80274200e+03  1.16800033e+00
 4.80364200e+03  1.17702664e+00
 4.80454300e+03  1.17418134e+00
 4.80544300e+03  1.16065475e+00
 4.80634300e+03  1.14807837e+00
 4.80724300e+03  1.14728882e+00
 4.80814300e+03  1.14987005e+00
 4.80904400e+03  1.14851242e+00
 4.80994400e+03  1.14927711e+00
 4.81084400e+03  1.15386350e+00
 4.81174400e+03  1.15581273e+00
 4.81264500e+03  1.15402682e+00
 4.81354500e+03  1.15303046e+00
 4.81444500e+03  1.15391409e+00
 4.81534500e+03  1.15621572e+00
 4.81624600e+03  1.15789023e+00
 4.81714600e+03  1.16056732e+00
 4.81804600e+03  1.16544662e+00
 4.81894700e+03  1.16905262e+00
 4.81984700e+03  1.17117139e+00
 4.82074700e+03  1.17154685e+00
 4.82164700e+03  1.16861546e+00
 4.82254700e+03  1.16462556e+00
 4.82344800e+03  1.15161735e+00
 4.82434800e+03  1.12605805e+00
 4.82524800e+03  1.11224920e+00
 4.82614800e+03  1.12552770e+00
 4.82704900e+03  1.14645623e+00
 4.82794900e+03  1.15458958e+00
 4.82884900e+03  1.14938940e+00
 4.82974900e+03  1.14030362e+00
 4.83064900e+03  1.13744679e+00
 4.83155000e+03  1.13937472e+00
 4.83245000e+03  1.13324608e+00
 4.83335000e+03  1.12397257e+00
 4.83425000e+03  1.12595021e+00
 4.83515000e+03  1.13466584e+00
 4.83605100e+03  1.13656892e+00
 4.83695100e+03  1.13016512e+00
 4.83785100e+03  1.12651385e+00
 4.83875200e+03  1.12656755e+00
 4.83965200e+03  1.11826245e+00
 4.84055200e+03  1.10392146e+00
 4.84145300e+03  1.09643874e+00
 4.84235300e+03  1.09958894e+00
 4.84325300e+03  1.10091728e+00
 4.84415300e+03  1.09219276e+00
 4.84505300e+03  1.08639566e+00
 4.84595400e+03  1.09132644e+00
 4.84685400e+03  1.09512860e+00
 4.84775400e+03  1.08612848e+00
 4.84865400e+03  1.06400342e+00
 4.84955500e+03  1.04122685e+00
 4.85045500e+03  1.03484878e+00
 4.85135500e+03  1.04089754e+00
 4.85225500e+03  1.04029617e+00
 4.85315500e+03  1.02987850e+00
 4.85405600e+03  1.01644911e+00
 4.85495600e+03  9.93832749e-01
 4.85585600e+03  9.57129264e-01
 4.85675600e+03  9.24170688e-01
 4.85765700e+03  9.11862371e-01
 4.85855700e+03  9.04427585e-01
 4.85945700e+03  9.04176830e-01
 4.86035700e+03  1.45772975e+00
 4.86125700e+03  6.00688268e+00
 4.86215800e+03  1.66870111e+01
 4.86305800e+03  1.86058623e+01
 4.86395800e+03  8.13644820e+00
 4.86485900e+03  1.93542006e+00
 4.86575900e+03  9.19414768e-01
 4.86665900e+03  8.92635426e-01
 4.86756000e+03  9.22861434e-01
 4.86846000e+03  9.46376962e-01
 4.86936000e+03  9.63441642e-01
 4.87026000e+03  9.78940099e-01
 4.87116000e+03  9.83523819e-01
 4.87206100e+03  9.73048457e-01
 4.87296100e+03  9.68399497e-01
 4.87386100e+03  9.86733487e-01
 4.87476100e+03  1.01280495e+00
 4.87566100e+03  1.02691870e+00
 4.87656200e+03  1.03097739e+00
 4.87746200e+03  1.03712955e+00
 4.87836200e+03  1.04875616e+00
 4.87926200e+03  1.06257922e+00
 4.88016200e+03  1.08142804e+00
 4.88106300e+03  1.09454543e+00
 4.88196300e+03  1.08845718e+00
 4.88286300e+03  1.07692509e+00
 4.88376400e+03  1.07700587e+00
 4.88466400e+03  1.08087593e+00
 4.88556400e+03  1.07680038e+00
 4.88646400e+03  1.06909087e+00
 4.88736400e+03  1.06816064e+00
 4.88826500e+03  1.07722200e+00
 4.88916500e+03  1.08843498e+00
 4.89006500e+03  1.09307906e+00
 4.89096600e+03  1.08621769e+00
 4.89186600e+03  1.06953691e+00
 4.89276600e+03  1.06728543e+00
 4.89366600e+03  1.09292462e+00
 4.89456700e+03  1.12197718e+00
 4.89546700e+03  1.13992682e+00
 4.89636700e+03  1.15009018e+00
 4.89726700e+03  1.15294436e+00
 4.89816700e+03  1.15183837e+00
 4.89906800e+03  1.15007066e+00
 4.89996800e+03  1.14009281e+00
 4.90086800e+03  1.12307828e+00
 4.90176800e+03  1.11799705e+00
 4.90266800e+03  1.12729142e+00
 4.90356900e+03  1.12945368e+00
 4.90446900e+03  1.12268417e+00
 4.90536900e+03  1.12432407e+00
 4.90627000e+03  1.13935519e+00
 4.90717000e+03  1.15394782e+00
 4.90807000e+03  1.15419414e+00
 4.90897000e+03  1.14272596e+00
 4.90987000e+03  1.12793051e+00
 4.91077100e+03  1.11133006e+00
 4.91167100e+03  1.09954367e+00
 4.91257100e+03  1.10281725e+00
 4.91347200e+03  1.11688396e+00
 4.91437200e+03  1.12860422e+00
 4.91527200e+03  1.13697279e+00
 4.91617200e+03  1.14722935e+00
 4.91707300e+03  1.15228707e+00
 4.91797300e+03  1.14269445e+00
 4.91887300e+03  1.11845950e+00
 4.91977300e+03  1.08753848e+00
 4.92067300e+03  1.05897766e+00
 4.92157400e+03  1.03896339e+00
 4.92247400e+03  1.03501477e+00
 4.92337400e+03  1.04536453e+00
 4.92427400e+03  1.05295377e+00
 4.92517400e+03  1.05586297e+00
 4.92607500e+03  1.07193439e+00
 4.92697500e+03  1.10357750e+00
 4.92787500e+03  1.12945279e+00
 4.92877500e+03  1.13845158e+00
 4.92967600e+03  1.14470804e+00
 4.93057600e+03  1.15162623e+00
 4.93147600e+03  1.15141497e+00
 4.93237700e+03  1.14829540e+00
 4.93327700e+03  1.13923048e+00
 4.93417700e+03  1.11546242e+00
 4.93507700e+03  1.09643031e+00
 4.93597700e+03  1.10555869e+00
 4.93687800e+03  1.12428013e+00
 4.93777800e+03  1.12304100e+00
 4.93867800e+03  1.10304936e+00
 4.93957900e+03  1.08313450e+00
 4.94047900e+03  1.08202009e+00
 4.94137900e+03  1.10393167e+00
 4.94227900e+03  1.12850081e+00
 4.94317900e+03  1.13736868e+00
 4.94408000e+03  1.13895398e+00
 4.94498000e+03  1.14297450e+00
 4.94588000e+03  1.14177087e+00
 4.94678000e+03  1.13307210e+00
 4.94768000e+03  1.12976968e+00
 4.94858100e+03  1.16708785e+00
 4.94948100e+03  1.17263021e+00
 4.95038100e+03  1.17335584e+00
 4.95128100e+03  1.17421196e+00
 4.95218200e+03  1.17635159e+00
 4.95308200e+03  1.17329948e+00
 4.95398200e+03  1.16505695e+00
 4.95488200e+03  1.16139193e+00
 4.95578300e+03  1.16333362e+00
 4.95668300e+03  1.16530682e+00
 4.95758300e+03  1.30631433e+00
 4.95848400e+03  3.22016810e+00
 4.95938400e+03  1.07758282e+01
 4.96028400e+03  1.73785456e+01
 4.96118400e+03  1.11952998e+01
 4.96208500e+03  3.44598463e+00
 4.96298500e+03  1.35496043e+00
 4.96388500e+03  1.16993492e+00
 4.96478500e+03  1.16647893e+00
 4.96568500e+03  1.15808107e+00
 4.96658600e+03  1.14175046e+00
 4.96748600e+03  1.13321013e+00
 4.96838600e+03  1.13400545e+00
 4.96928600e+03  1.13573411e+00
 4.97018600e+03  1.13782847e+00
 4.97108700e+03  1.14102127e+00
 4.97198700e+03  1.14512656e+00
 4.97288700e+03  1.15268428e+00
 4.97378700e+03  1.15834691e+00
 4.97468800e+03  1.16200350e+00
 4.97558800e+03  1.16699287e+00
 4.97648800e+03  1.16744068e+00
 4.97738800e+03  1.16255694e+00
 4.97828900e+03  1.15551715e+00
 4.97918900e+03  1.14485716e+00
 4.98008900e+03  1.13627112e+00
 4.98098900e+03  1.13393887e+00
 4.98189000e+03  1.12837699e+00
 4.98279000e+03  1.10970659e+00
 4.98369000e+03  1.08702543e+00
 4.98459100e+03  1.07937095e+00
 4.98549100e+03  1.08958313e+00
 4.98639100e+03  1.10440034e+00
 4.98729100e+03  1.12098037e+00
 4.98819100e+03  1.14062317e+00
 4.98909200e+03  1.15150240e+00
 4.98999200e+03  1.14772110e+00
 4.99089200e+03  1.13819417e+00
 4.99179200e+03  1.12882258e+00
 4.99269200e+03  1.12732559e+00
 4.99359300e+03  1.13354477e+00
 4.99449300e+03  1.13237132e+00
 4.99539300e+03  1.12917408e+00
 4.99629300e+03  1.13690666e+00
 4.99719400e+03  1.14511369e+00
 4.99809400e+03  1.14535068e+00
 4.99899400e+03  1.14190047e+00
 4.99989400e+03  1.13179125e+00
 5.00079500e+03  1.11561687e+00
 5.00169500e+03  1.10188879e+00
 5.00259500e+03  1.09489249e+00
 5.00349500e+03  1.09621905e+00
 5.00439600e+03  1.10866007e+00
 5.00529600e+03  1.33951168e+00
 5.00619600e+03  4.85226292e+00
 5.00709600e+03  2.31923156e+01
 5.00799700e+03  4.88615262e+01
 5.00889700e+03  3.90750145e+01
 5.00979700e+03  1.22244842e+01
 5.01069700e+03  2.32328537e+00
 5.01159800e+03  1.16944939e+00
 5.01249800e+03  1.11051388e+00
 5.01339800e+03  1.09256335e+00
 5.01429800e+03  1.07723044e+00
 5.01519800e+03  1.06604630e+00
 5.01609900e+03  1.06440152e+00
 5.01699900e+03  1.07384990e+00
 5.01789900e+03  1.07786065e+00
 5.01879900e+03  1.03522558e+00
 5.01969900e+03  1.02803534e+00
 5.02060000e+03  1.04311972e+00
 5.02150000e+03  1.06473971e+00
 5.02240000e+03  1.07182300e+00
 5.02330100e+03  1.06752554e+00
 5.02420100e+03  1.07067396e+00
 5.02510100e+03  1.08392006e+00
 5.02600200e+03  1.09313809e+00
 5.02690200e+03  1.09330230e+00
 5.02780200e+03  1.08405720e+00
 5.02870200e+03  1.07111156e+00
 5.02960200e+03  1.07453115e+00
 5.03050300e+03  1.08953565e+00
 5.03140300e+03  1.09482192e+00
 5.03230300e+03  1.09372836e+00
 5.03320300e+03  1.10042420e+00
 5.03410400e+03  1.11267704e+00
 5.03500400e+03  1.11670333e+00
 5.03590400e+03  1.10120664e+00
 5.03680400e+03  1.07608539e+00
 5.03770400e+03  1.06809406e+00
 5.03860500e+03  1.07814736e+00
 5.03950500e+03  1.07892270e+00
 5.04040500e+03  1.06100057e+00
 5.04130500e+03  1.03259420e+00
 5.04220600e+03  1.00964010e+00
 5.04310600e+03  1.02013011e+00
 5.04400600e+03  1.05972638e+00
 5.04490600e+03  1.09060657e+00
 5.04580600e+03  1.10370044e+00
 5.04670700e+03  1.11101628e+00
 5.04760700e+03  1.11024893e+00
 5.04850700e+03  1.09387793e+00
 5.04940800e+03  1.07117369e+00
 5.05030800e+03  1.06099125e+00
 5.05120800e+03  1.06508234e+00
 5.05210900e+03  1.06911883e+00
 5.05300900e+03  1.06881615e+00
 5.05390900e+03  1.07575475e+00
 5.05480900e+03  1.08973137e+00
 5.05570900e+03  1.09782078e+00
 5.05661000e+03  1.09438654e+00
 5.05751000e+03  1.08898753e+00
 5.05841000e+03  1.09319179e+00
 5.05931000e+03  1.10299699e+00
 5.06021000e+03  1.10870268e+00
 5.06111100e+03  1.11082411e+00
 5.06201100e+03  1.11574735e+00
 5.06291100e+03  1.12114103e+00
 5.06381100e+03  1.11887314e+00
 5.06471200e+03  1.10251590e+00
 5.06561200e+03  1.07645554e+00
 5.06651200e+03  1.06416763e+00
 5.06741200e+03  1.07379398e+00
 5.06831200e+03  1.08179995e+00
 5.06921300e+03  1.07799025e+00
 5.07011300e+03  1.07714123e+00
 5.07101300e+03  1.08777414e+00
 5.07191400e+03  1.09385086e+00
 5.07281400e+03  1.08229392e+00
 5.07371400e+03  1.07068772e+00
 5.07461400e+03  1.07511433e+00
 5.07551500e+03  1.08071882e+00
 5.07641500e+03  1.07707244e+00
 5.07731500e+03  1.07654252e+00
 5.07821500e+03  1.08492130e+00
 5.07911600e+03  1.08422407e+00
 5.08001600e+03  1.05939840e+00
 5.08091600e+03  1.03212953e+00
 5.08181600e+03  1.03118332e+00
 5.08271600e+03  1.05002281e+00
 5.08361700e+03  1.06328267e+00
 5.08451700e+03  1.06390711e+00
 5.08541700e+03  1.06752066e+00
 5.08631700e+03  1.07805282e+00
 5.08721700e+03  1.08301024e+00
 5.08811800e+03  1.07890939e+00
 5.08901800e+03  1.07673425e+00
 5.08991800e+03  1.08286378e+00
 5.09081900e+03  1.08894803e+00
 5.09171900e+03  1.08909671e+00
 5.09261900e+03  1.08894404e+00
 5.09351900e+03  1.09354906e+00
 5.09441900e+03  1.09945757e+00
 5.09532000e+03  1.10084316e+00
 5.09622000e+03  1.09684217e+00
 5.09712000e+03  1.08695753e+00
 5.09802100e+03  1.07074275e+00
 5.09892100e+03  1.05291915e+00
 5.09982100e+03  1.03711046e+00
 5.10072100e+03  1.03393630e+00
 5.10162200e+03  1.05038408e+00
 5.10252200e+03  1.07240617e+00
 5.10342200e+03  1.08329250e+00
 5.10432200e+03  1.08161444e+00
 5.10522200e+03  1.07713990e+00
 5.10612300e+03  1.07502157e+00
 5.10702300e+03  1.07322989e+00
 5.10792300e+03  1.06578623e+00
 5.10882300e+03  1.05643904e+00
 5.10972300e+03  1.05587584e+00
 5.11062400e+03  1.05609065e+00
 5.11152400e+03  1.05400339e+00
 5.11242400e+03  1.06214783e+00
 5.11332400e+03  1.07506861e+00
 5.11422500e+03  1.08063405e+00
 5.11512500e+03  1.08176356e+00
 5.11602500e+03  1.08246301e+00
 5.11692600e+03  1.08440293e+00
 5.11782600e+03  1.09082715e+00
 5.11872600e+03  1.09835114e+00
 5.11962600e+03  1.09913980e+00
 5.12052700e+03  1.09344832e+00
 5.12142700e+03  1.08499675e+00
 5.12232700e+03  1.07538195e+00
 5.12322700e+03  1.06370917e+00
 5.12412800e+03  1.04834919e+00
 5.12502800e+03  1.03720500e+00
 5.12592800e+03  1.03895451e+00
 5.12682800e+03  1.04574799e+00
 5.12772800e+03  1.04787830e+00
 5.12862900e+03  1.04490607e+00
 5.12952900e+03  1.04209095e+00
 5.13042900e+03  1.04258758e+00
 5.13132900e+03  1.04875794e+00
 5.13222900e+03  1.05772344e+00
 5.13313000e+03  1.06161747e+00
 5.13403000e+03  1.06035260e+00
 5.13493000e+03  1.06196986e+00
 5.13583100e+03  1.07283356e+00
 5.13673100e+03  1.08085818e+00
 5.13763100e+03  1.07177995e+00
 5.13853100e+03  1.05666361e+00
 5.13943100e+03  1.04726406e+00
 5.14033200e+03  1.04075330e+00
 5.14123200e+03  1.04679717e+00
 5.14213200e+03  1.05895148e+00
 5.14303300e+03  1.05061886e+00
 5.14393300e+03  1.03464729e+00
 5.14483300e+03  1.03920749e+00
 5.14573300e+03  1.05174126e+00
 5.14663400e+03  1.05009515e+00
 5.14753400e+03  1.04141591e+00
 5.14843400e+03  1.03728089e+00
 5.14933400e+03  1.03979599e+00
 5.15023400e+03  1.04832123e+00
 5.15113500e+03  1.05272076e+00
 5.15203500e+03  1.04628101e+00
 5.15293500e+03  1.03891235e+00
 5.15383500e+03  1.03644430e+00
 5.15473500e+03  1.03432597e+00
 5.15563600e+03  1.03536272e+00
 5.15653600e+03  1.04453682e+00
 5.15743600e+03  1.05724013e+00
 5.15833700e+03  1.06860534e+00
 5.15923700e+03  1.07499450e+00
 5.16013700e+03  1.07453204e+00
 5.16103700e+03  1.07358450e+00
 5.16193800e+03  1.07261742e+00
 5.16283800e+03  1.06455420e+00
 5.16373800e+03  1.05647055e+00
 5.16463800e+03  1.05654334e+00
 5.16553900e+03  1.05205504e+00
 5.16643900e+03  1.03101777e+00
 5.16733900e+03  9.97286072e-01
 5.16823900e+03  9.61009093e-01
 5.16914000e+03  9.39551978e-01
 5.17004000e+03  9.48949757e-01
 5.17094000e+03  9.84415886e-01
 5.17184000e+03  1.00886476e+00
 5.17274000e+03  9.90916886e-01
 5.17364100e+03  9.58023551e-01
 5.17454100e+03  9.64331934e-01
 5.17544100e+03  1.01068440e+00
 5.17634100e+03  1.04997932e+00
 5.17724100e+03  1.05979739e+00
 5.17814200e+03  1.05817880e+00
 5.17904200e+03  1.06154114e+00
 5.17994200e+03  1.06497271e+00
 5.18084200e+03  1.06307541e+00
 5.18174300e+03  1.05954397e+00
 5.18264300e+03  1.04902201e+00
 5.18354300e+03  1.01546073e+00
 5.18444400e+03  9.67344549e-01
 5.18534400e+03  9.52527348e-01
 5.18624400e+03  9.88526499e-01
 5.18714400e+03  1.03228842e+00
 5.18804500e+03  1.05189083e+00
 5.18894500e+03  1.04895144e+00
 5.18984500e+03  1.04242293e+00
 5.19074500e+03  1.05062418e+00
 5.19164600e+03  1.05555896e+00
 5.19254600e+03  1.03353420e+00
 5.19344600e+03  1.00695280e+00
 5.19434600e+03  1.00785064e+00
 5.19524600e+03  1.02370371e+00
 5.19614700e+03  1.02590325e+00
 5.19704700e+03  1.02099466e+00
 5.19794700e+03  1.02288087e+00
 5.19884700e+03  1.02866600e+00
 5.19974700e+03  1.04109770e+00
 5.20064800e+03  1.06654160e+00
 5.20154800e+03  1.08839193e+00
 5.20244800e+03  1.07650347e+00
 5.20334800e+03  1.05449558e+00
 5.20424900e+03  1.04583631e+00
 5.20514900e+03  1.03405924e+00
 5.20604900e+03  1.01114153e+00
 5.20694900e+03  9.96374033e-01
 5.20785000e+03  1.00154048e+00
 5.20875000e+03  1.00733448e+00
 5.20965000e+03  1.00255194e+00
 5.21055100e+03  1.00678548e+00
 5.21145100e+03  1.02099865e+00
 5.21235100e+03  1.03374724e+00
 5.21325100e+03  1.04580968e+00
 5.21415200e+03  1.05563441e+00
 5.21505200e+03  1.05566769e+00
 5.21595200e+03  1.04099340e+00
 5.21685200e+03  1.02147043e+00
 5.21775200e+03  1.01480256e+00
 5.21865300e+03  1.02406541e+00
 5.21955300e+03  1.03991404e+00
 5.22045300e+03  1.05177322e+00
 5.22135300e+03  1.05609731e+00
 5.22225300e+03  1.05833369e+00
 5.22315400e+03  1.05819877e+00
 5.22405400e+03  1.05179985e+00
 5.22495400e+03  1.03809618e+00
 5.22585400e+03  1.01760569e+00
 5.22675500e+03  9.90224979e-01
 5.22765500e+03  9.62273077e-01
 5.22855500e+03  9.59169924e-01
 5.22945600e+03  9.92621135e-01
 5.23035600e+03  1.02970142e+00
 5.23125600e+03  1.04608174e+00
 5.23215600e+03  1.05145323e+00
 5.23305600e+03  1.04540181e+00
 5.23395700e+03  1.02428599e+00
 5.23485700e+03  1.00558541e+00
 5.23575700e+03  1.00232470e+00
 5.23665800e+03  1.01315068e+00
 5.23755800e+03  1.03106615e+00
 5.23845800e+03  1.04402776e+00
 5.23935800e+03  1.04855778e+00
 5.24025800e+03  1.04879167e+00
 5.24115900e+03  1.04855379e+00
 5.24205900e+03  1.05190281e+00
 5.24295900e+03  1.05280642e+00
 5.24385900e+03  1.04756630e+00
 5.24475900e+03  1.04746244e+00
 5.24566000e+03  1.05712562e+00
 5.24656000e+03  1.05952222e+00
 5.24746000e+03  1.04118069e+00
 5.24836000e+03  1.01938139e+00
 5.24926100e+03  1.01716143e+00
 5.25016100e+03  1.02304997e+00
 5.25106100e+03  1.01659202e+00
 5.25196200e+03  1.00949542e+00
 5.25286200e+03  1.01762344e+00
 5.25376200e+03  1.03119929e+00
 5.25466200e+03  1.03414889e+00
 5.25556200e+03  1.02329140e+00
 5.25646300e+03  1.01428773e+00
 5.25736300e+03  1.02528502e+00
 5.25826300e+03  1.04664583e+00
 5.25916400e+03  1.06009164e+00
 5.26006400e+03  1.06156200e+00
 5.26096400e+03  1.05325645e+00
 5.26186400e+03  1.03938590e+00
 5.26276400e+03  1.02096182e+00
 5.26366500e+03  9.99377328e-01
 5.26456500e+03  9.79262753e-01
 5.26546500e+03  9.63186448e-01
 5.26636500e+03  9.53418972e-01
 5.26726500e+03  9.57117725e-01
 5.26816600e+03  9.80461053e-01
 5.26906600e+03  9.99746138e-01
 5.26996600e+03  9.82733384e-01
 5.27086600e+03  9.49652759e-01
 5.27176700e+03  9.51180814e-01
 5.27266700e+03  9.87841249e-01
 5.27356700e+03  1.01408979e+00
 5.27446700e+03  1.01496677e+00
 5.27536800e+03  1.00407200e+00
 5.27626800e+03  9.88325007e-01
 5.27716800e+03  9.84806887e-01
 5.27806900e+03  1.00954601e+00
 5.27896900e+03  1.04069027e+00
 5.27986900e+03  1.05080437e+00
 5.28076900e+03  1.04159788e+00
 5.28167000e+03  1.02867843e+00
 5.28257000e+03  1.02089835e+00
 5.28347000e+03  1.01517447e+00
 5.28437000e+03  1.00544383e+00
 5.28527000e+03  1.00020105e+00
 5.28617100e+03  1.01743438e+00
 5.28707100e+03  1.04756985e+00
 5.28797100e+03  1.06405757e+00
 5.28887100e+03  1.06186512e+00
 5.28977100e+03  1.05502061e+00
 5.29067200e+03  1.05542004e+00
 5.29157200e+03  1.06086920e+00
 5.29247200e+03  1.06209990e+00
 5.29337200e+03  1.05554786e+00
 5.29427300e+03  1.04720592e+00
 5.29517300e+03  1.04481820e+00
 5.29607300e+03  1.04474719e+00
 5.29697400e+03  1.03530769e+00
 5.29787400e+03  1.01281560e+00
 5.29877400e+03  9.90252939e-01
 5.29967400e+03  9.88926820e-01
 5.30057400e+03  1.00929792e+00
 5.30147500e+03  1.02515676e+00
 5.30237500e+03  1.02339259e+00
 5.30327500e+03  1.01861049e+00
 5.30417600e+03  1.02547852e+00
 5.30507600e+03  1.04170439e+00
 5.30597600e+03  1.05377260e+00
 5.30687600e+03  1.05313395e+00
 5.30777600e+03  1.04319428e+00
 5.30867700e+03  1.03617756e+00
 5.30957700e+03  1.04029306e+00
 5.31047700e+03  1.05019723e+00
 5.31137700e+03  1.05523409e+00
 5.31227700e+03  1.05343752e+00
 5.31317800e+03  1.04906994e+00
 5.31407800e+03  1.04300388e+00
 5.31497800e+03  1.03830654e+00
 5.31587800e+03  1.03540621e+00
 5.31677900e+03  1.02360118e+00
 5.31767900e+03  1.00580998e+00
 5.31857900e+03  1.00388338e+00
 5.31948000e+03  1.01891361e+00
 5.32038000e+03  1.03033474e+00
 5.32128000e+03  1.03318980e+00
 5.32218000e+03  1.03353598e+00
 5.32308100e+03  1.03354086e+00
 5.32398100e+03  1.02908940e+00
 5.32488100e+03  1.01603902e+00
 5.32578100e+03  1.00548821e+00
 5.32668200e+03  1.00921715e+00
 5.32758200e+03  1.01036707e+00
 5.32848200e+03  9.84882780e-01
 5.32938200e+03  9.47234412e-01
 5.33028200e+03  9.43503705e-01
 5.33118300e+03  9.78594811e-01
 5.33208300e+03  1.01323500e+00
 5.33298300e+03  1.02532363e+00
 5.33388300e+03  1.02227995e+00
 5.33478300e+03  1.02269669e+00
 5.33568400e+03  1.03112873e+00
 5.33658400e+03  1.03579988e+00
 5.33748400e+03  1.03051582e+00
 5.33838400e+03  1.02324569e+00
 5.33928500e+03  1.02152280e+00
 5.34018500e+03  1.01573590e+00
 5.34108500e+03  9.98316167e-01
 5.34198500e+03  9.87361485e-01
 5.34288600e+03  1.00036437e+00
 5.34378600e+03  1.02252316e+00
 5.34468600e+03  1.03327368e+00
 5.34558700e+03  1.03212154e+00
 5.34648700e+03  1.02247123e+00
 5.34738700e+03  1.01488200e+00
 5.34828700e+03  1.01742506e+00
 5.34918800e+03  1.01697459e+00
 5.35008800e+03  1.00845867e+00
 5.35098800e+03  1.00686848e+00
 5.35188800e+03  1.01993794e+00
 5.35278800e+03  1.03568449e+00
 5.35368900e+03  1.04060950e+00
 5.35458900e+03  1.03971166e+00
 5.35548900e+03  1.04568497e+00
 5.35638900e+03  1.05548440e+00
 5.35728900e+03  1.05866921e+00
 5.35819000e+03  1.05712696e+00
 5.35909000e+03  1.05643327e+00
 5.35999000e+03  1.05663521e+00
 5.36089000e+03  1.05546620e+00
 5.36179100e+03  1.04846724e+00
 5.36269100e+03  1.03373836e+00
 5.36359100e+03  1.01994371e+00
 5.36449200e+03  1.01587348e+00
 5.36539200e+03  1.01618371e+00
 5.36629200e+03  1.01366417e+00
 5.36719200e+03  1.01444484e+00
 5.36809200e+03  1.01753290e+00
 5.36899300e+03  1.01775703e+00
 5.36989300e+03  1.01299357e+00
 5.37079300e+03  9.97440520e-01
 5.37169400e+03  9.77187474e-01
 5.37259400e+03  9.71092122e-01
 5.37349400e+03  9.89810012e-01
 5.37439400e+03  1.01936142e+00
 5.37529400e+03  1.03772692e+00
 5.37619500e+03  1.04371798e+00
 5.37709500e+03  1.04183754e+00
 5.37799500e+03  1.03542841e+00
 5.37889500e+03  1.03336112e+00
 5.37979500e+03  1.03576704e+00
 5.38069600e+03  1.03313655e+00
 5.38159600e+03  1.02421764e+00
 5.38249600e+03  1.01827940e+00
 5.38339600e+03  1.01671629e+00
 5.38429700e+03  1.01442931e+00
 5.38519700e+03  1.01718939e+00
 5.38609700e+03  1.02652415e+00
 5.38699800e+03  1.03102266e+00
 5.38789800e+03  1.02809259e+00
 5.38879800e+03  1.02444621e+00
 5.38969800e+03  1.02036533e+00
 5.39059900e+03  1.01197812e+00
 5.39149900e+03  1.00414479e+00
 5.39239900e+03  1.00147302e+00
 5.39329900e+03  1.00218934e+00
 5.39420000e+03  1.00264824e+00
 5.39510000e+03  1.00276807e+00
 5.39600000e+03  1.00371074e+00
 5.39690000e+03  9.97219500e-01
 5.39780000e+03  9.78688900e-01
 5.39870100e+03  9.69823699e-01
 5.39960100e+03  9.85692742e-01
 5.40050100e+03  1.00376754e+00
 5.40140100e+03  1.00512695e+00
 5.40230100e+03  1.00183828e+00
 5.40320200e+03  1.00504529e+00
 5.40410200e+03  1.00285684e+00
 5.40500200e+03  9.85153063e-01
 5.40590200e+03  9.62796335e-01
 5.40680300e+03  9.52400417e-01
 5.40770300e+03  9.61410745e-01
 5.40860300e+03  9.80657663e-01
 5.40950300e+03  9.90216102e-01
 5.41040400e+03  9.81920760e-01
 5.41130400e+03  9.71991734e-01
 5.41220400e+03  9.80047417e-01
 5.41310500e+03  1.00070167e+00
 5.41400500e+03  1.01322391e+00
 5.41490500e+03  1.01047314e+00
 5.41580500e+03  1.00309383e+00
 5.41670600e+03  1.00510032e+00
 5.41760600e+03  1.01740375e+00
 5.41850600e+03  1.02566625e+00
 5.41940600e+03  1.02225598e+00
 5.42030600e+03  1.01327894e+00
 5.42120700e+03  1.00493655e+00
 5.42210700e+03  1.00234157e+00
 5.42300700e+03  1.00891890e+00
 5.42390700e+03  1.01274059e+00
 5.42480700e+03  1.00044426e+00
 5.42570800e+03  9.86850655e-01
 5.42660800e+03  9.94015157e-01
 5.42750800e+03  1.01463968e+00
 5.42840800e+03  1.02736118e+00
 5.42930900e+03  1.01702740e+00
 5.43020900e+03  9.87487973e-01
 5.43110900e+03  9.70011876e-01
 5.43201000e+03  9.83844253e-01
 5.43291000e+03  9.99484287e-01
 5.43381000e+03  9.93178566e-01
 5.43471000e+03  9.79872554e-01
 5.43561000e+03  9.72954369e-01
 5.43651100e+03  9.74192168e-01
 5.43741100e+03  9.82329069e-01
 5.43831100e+03  9.95576054e-01
 5.43921200e+03  1.01242681e+00
 5.44011200e+03  1.02579940e+00
 5.44101200e+03  1.03182507e+00
 5.44191200e+03  1.03201680e+00
 5.44281200e+03  1.02989182e+00
 5.44371300e+03  1.02925672e+00
 5.44461300e+03  1.02773665e+00
 5.44551300e+03  1.01747521e+00
 5.44641300e+03  9.97090794e-01
 5.44731300e+03  9.72622839e-01
 5.44821400e+03  9.61141794e-01
 5.44911400e+03  9.76272772e-01
 5.45001400e+03  1.00161282e+00
 5.45091400e+03  1.01558589e+00
 5.45181500e+03  1.01734118e+00
 5.45271500e+03  1.01390516e+00
 5.45361500e+03  1.00904495e+00
 5.45451600e+03  1.00068836e+00
 5.45541600e+03  9.84238361e-01
 5.45631600e+03  9.63374626e-01
 5.45721600e+03  9.58953343e-01
 5.45811700e+03  9.80581770e-01
 5.45901700e+03  1.00656624e+00
 5.45991700e+03  1.01837793e+00
 5.46081700e+03  1.01626093e+00
 5.46171800e+03  1.00859403e+00
 5.46261800e+03  9.99936978e-01
 5.46351800e+03  9.86950069e-01
 5.46441800e+03  9.76195105e-01
 5.46531800e+03  9.81765868e-01
 5.46621900e+03  9.95221002e-01
 5.46711900e+03  9.97958896e-01
 5.46801900e+03  9.94824675e-01
 5.46891900e+03  9.98479490e-01
 5.46981900e+03  1.00375689e+00
 5.47072000e+03  1.00160750e+00
 5.47162000e+03  9.95994571e-01
 5.47252000e+03  9.94638273e-01
 5.47342000e+03  9.91882627e-01
 5.47432100e+03  9.82116038e-01
 5.47522100e+03  9.77506134e-01
 5.47612100e+03  9.78929448e-01
 5.47702100e+03  9.66704568e-01
 5.47792200e+03  9.46229172e-01
 5.47882200e+03  9.48875640e-01
 5.47972200e+03  9.74391441e-01
 5.48062300e+03  9.92149803e-01
 5.48152300e+03  9.85475272e-01
 5.48242300e+03  9.69514804e-01
 5.48332300e+03  9.66788006e-01
 5.48422400e+03  9.77825236e-01
 5.48512400e+03  9.92270965e-01
 5.48602400e+03  1.00436492e+00
 5.48692400e+03  1.00606473e+00
 5.48782400e+03  9.93529624e-01
 5.48872500e+03  9.78606350e-01
 5.48962500e+03  9.77722271e-01
 5.49052500e+03  9.85455745e-01
 5.49142500e+03  9.89330248e-01
 5.49232500e+03  9.92406328e-01
 5.49322600e+03  9.94747895e-01
 5.49412600e+03  9.89501560e-01
 5.49502600e+03  9.83384461e-01
 5.49592600e+03  9.87229672e-01
 5.49682700e+03  9.93457726e-01
 5.49772700e+03  9.87637982e-01
 5.49862700e+03  9.77882488e-01
 5.49952800e+03  9.83844697e-01
 5.50042800e+03  1.00000000e+00
 5.50132800e+03  1.00231228e+00
 5.50222800e+03  9.86726386e-01
 5.50312900e+03  9.72011706e-01
 5.50402900e+03  9.70929242e-01
 5.50492900e+03  9.78243754e-01
 5.50582900e+03  9.83151014e-01
 5.50673000e+03  9.76710374e-01
 5.50763000e+03  9.65581717e-01
 5.50853000e+03  9.67515418e-01
 5.50943000e+03  9.78947200e-01
 5.51033000e+03  9.82581156e-01
 5.51123100e+03  9.78854887e-01
 5.51213100e+03  9.74575624e-01
 5.51303100e+03  9.68162056e-01
 5.51393100e+03  9.62895750e-01
 5.51483100e+03  9.65329630e-01
 5.51573200e+03  9.72313944e-01
 5.51663200e+03  9.79726983e-01
 5.51753200e+03  9.94445658e-01
 5.51843200e+03  1.03351334e+00
 5.51933300e+03  1.06451070e+00
 5.52023300e+03  1.04085315e+00
 5.52113300e+03  1.01016602e+00
 5.52203300e+03  9.98202994e-01
 5.52293400e+03  9.94952494e-01
 5.52383400e+03  9.95452230e-01
 5.52473400e+03  9.96512947e-01
 5.52563500e+03  9.94063533e-01
 5.52653500e+03  9.86367784e-01
 5.52743500e+03  9.76230610e-01
 5.52833500e+03  9.64958601e-01
 5.52923600e+03  9.55643372e-01
 5.53013600e+03  9.58247233e-01
 5.53103600e+03  9.74241432e-01
 5.53193600e+03  9.88343204e-01
 5.53283600e+03  9.91329190e-01
 5.53373700e+03  9.87349946e-01
 5.53463700e+03  9.80957681e-01
 5.53553700e+03  9.71411668e-01
 5.53643700e+03  9.65347827e-01
 5.53733700e+03  9.74853452e-01
 5.53823800e+03  1.00235399e+00
 5.53913800e+03  1.03155124e+00
 5.54003800e+03  1.02581626e+00
 5.54093900e+03  1.00621607e+00
 5.54183900e+03  1.00261584e+00
 5.54273900e+03  1.00122715e+00
 5.54363900e+03  9.92178651e-01
 5.54453900e+03  9.81066860e-01
 5.54544000e+03  9.77234075e-01
 5.54634000e+03  9.78670260e-01
 5.54724000e+03  9.79531261e-01
 5.54814100e+03  9.83271288e-01
 5.54904100e+03  9.92527490e-01
 5.54994100e+03  1.00020149e+00
 5.55084100e+03  1.00231938e+00
 5.55174200e+03  1.00253152e+00
 5.55264200e+03  1.00142642e+00
 5.55354200e+03  9.96579963e-01
 5.55444200e+03  9.88727991e-01
 5.55534200e+03  9.82218115e-01
 5.55624300e+03  9.82413394e-01
 5.55714300e+03  9.87515489e-01
 5.55804300e+03  9.89080824e-01
 5.55894300e+03  9.85911542e-01
 5.55984300e+03  9.84927605e-01
 5.56074400e+03  9.86642062e-01
 5.56164400e+03  9.86970041e-01
 5.56254400e+03  9.84801118e-01
 5.56344400e+03  9.79505519e-01
 5.56434500e+03  9.74530799e-01
 5.56524500e+03  9.75109977e-01
 5.56614500e+03  9.75278183e-01
 5.56704600e+03  9.71062386e-01
 5.56794600e+03  9.69656381e-01
 5.56884600e+03  9.72388949e-01
 5.56974700e+03  9.72539402e-01
 5.57064700e+03  9.69302660e-01
 5.57154700e+03  9.74174416e-01
 5.57244700e+03  9.82990797e-01
 5.57334700e+03  9.77524330e-01
 5.57424800e+03  9.67017902e-01
 5.57514800e+03  9.72582452e-01
 5.57604800e+03  9.83651637e-01
 5.57694800e+03  9.83370259e-01
 5.57784800e+03  9.81831997e-01
 5.57874900e+03  9.85739786e-01
 5.57964900e+03  9.84663979e-01
 5.58054900e+03  9.83389343e-01
 5.58144900e+03  9.87323761e-01
 5.58234900e+03  9.86210230e-01
 5.58325000e+03  9.80709145e-01
 5.58415000e+03  9.80447294e-01
 5.58505000e+03  9.82225216e-01
 5.58595000e+03  9.78954301e-01
 5.58685100e+03  9.68020923e-01
 5.58775100e+03  9.50351324e-01
 5.58865100e+03  9.35608683e-01
 5.58955200e+03  9.31707107e-01
 5.59045200e+03  9.37026228e-01
 5.59135200e+03  9.48061683e-01
 5.59225200e+03  9.58896091e-01
 5.59315300e+03  9.63099461e-01
 5.59405300e+03  9.61579395e-01
 5.59495300e+03  9.57719981e-01
 5.59585300e+03  9.58298272e-01
 5.59675400e+03  9.71839506e-01
 5.59765400e+03  9.85935952e-01
 5.59855400e+03  9.81144527e-01
 5.59945400e+03  9.64555173e-01
 5.60035400e+03  9.57060916e-01
 5.60125500e+03  9.57778565e-01
 5.60215500e+03  9.54013684e-01
 5.60305500e+03  9.46586887e-01
 5.60395500e+03  9.44079333e-01
 5.60485500e+03  9.54086469e-01
 5.60575600e+03  9.72359657e-01
 5.60665600e+03  9.85730022e-01
 5.60755600e+03  9.90634620e-01
 5.60845700e+03  9.91461891e-01
 5.60935700e+03  9.90974138e-01
 5.61025700e+03  9.89442089e-01
 5.61115700e+03  9.87727633e-01
 5.61205800e+03  9.88591740e-01
 5.61295800e+03  9.92448935e-01
 5.61385800e+03  9.95210350e-01
 5.61475800e+03  9.87618454e-01
 5.61565900e+03  9.63433209e-01
 5.61655900e+03  9.37956464e-01
 5.61745900e+03  9.37176681e-01
 5.61835900e+03  9.56125798e-01
 5.61926000e+03  9.68043558e-01
 5.62016000e+03  9.66558997e-01
 5.62106000e+03  9.63384390e-01
 5.62196000e+03  9.66405881e-01
 5.62286000e+03  9.74113169e-01
 5.62376100e+03  9.76572347e-01
 5.62466100e+03  9.64107364e-01
 5.62556100e+03  9.44901278e-01
 5.62646100e+03  9.39135236e-01
 5.62736100e+03  9.50026895e-01
 5.62826200e+03  9.61311331e-01
 5.62916200e+03  9.66547014e-01
 5.63006200e+03  9.72508779e-01
 5.63096200e+03  9.79672394e-01
 5.63186300e+03  9.83040061e-01
 5.63276300e+03  9.82471978e-01
 5.63366300e+03  9.79816190e-01
 5.63456400e+03  9.75297711e-01
 5.63546400e+03  9.70377580e-01
 5.63636400e+03  9.66327326e-01
 5.63726500e+03  9.60877280e-01
 5.63816500e+03  9.53961757e-01
 5.63906500e+03  9.50296291e-01
 5.63996500e+03  9.53162891e-01
 5.64086500e+03  9.55579462e-01
 5.64176600e+03  9.50056631e-01
 5.64266600e+03  9.44474772e-01
 5.64356600e+03  9.48787764e-01
 5.64446600e+03  9.56459547e-01
 5.64536600e+03  9.59814343e-01
 5.64626700e+03  9.60846213e-01
 5.64716700e+03  9.61632209e-01
 5.64806700e+03  9.63324919e-01
 5.64896700e+03  9.65478752e-01
 5.64986800e+03  9.64648818e-01
 5.65076800e+03  9.61727185e-01
 5.65166800e+03  9.61658838e-01
 5.65256800e+03  9.66983728e-01
 5.65346800e+03  9.73138996e-01
 5.65436900e+03  9.73020053e-01
 5.65526900e+03  9.63966675e-01
 5.65616900e+03  9.54602626e-01
 5.65707000e+03  9.55650473e-01
 5.65797000e+03  9.55747224e-01
 5.65887000e+03  9.36733310e-01
 5.65977000e+03  9.16002720e-01
 5.66067100e+03  9.22391878e-01
 5.66157100e+03  9.43952846e-01
 5.66247100e+03  9.50517311e-01
 5.66337100e+03  9.41236699e-01
 5.66427200e+03  9.37215737e-01
 5.66517200e+03  9.47381759e-01
 5.66607200e+03  9.59642587e-01
 5.66697200e+03  9.61886515e-01
 5.66787200e+03  9.53264968e-01
 5.66877300e+03  9.43115367e-01
 5.66967300e+03  9.41066274e-01
 5.67057300e+03  9.46402260e-01
 5.67147300e+03  9.52727952e-01
 5.67237300e+03  9.58445618e-01
 5.67327400e+03  9.66468459e-01
 5.67417400e+03  9.75818306e-01
 5.67507400e+03  9.79170883e-01
 5.67597500e+03  9.73832234e-01
 5.67687500e+03  9.67771055e-01
 5.67777500e+03  9.68738128e-01
 5.67867600e+03  9.70741508e-01
 5.67957600e+03  9.66720546e-01
 5.68047600e+03  9.60078413e-01
 5.68137600e+03  9.57498961e-01
 5.68227600e+03  9.56918008e-01
 5.68317700e+03  9.51540304e-01
 5.68407700e+03  9.45916726e-01
 5.68497700e+03  9.47579700e-01
 5.68587700e+03  9.54260889e-01
 5.68677800e+03  9.57180746e-01
 5.68767800e+03  9.51225195e-01
 5.68857800e+03  9.43227208e-01
 5.68947800e+03  9.42336916e-01
 5.69037800e+03  9.49873779e-01
 5.69127900e+03  9.59595986e-01
 5.69217900e+03  9.65544880e-01
 5.69307900e+03  9.70250649e-01
 5.69397900e+03  9.74225454e-01
 5.69488000e+03  9.73141215e-01
 5.69578000e+03  9.68634719e-01
 5.69668000e+03  9.65421944e-01
 5.69758000e+03  9.63971113e-01
 5.69848100e+03  9.59851624e-01
 5.69938100e+03  9.52498944e-01
 5.70028100e+03  9.49650540e-01
 5.70118100e+03  9.50180011e-01
 5.70208200e+03  9.44617680e-01
 5.70298200e+03  9.37713697e-01
 5.70388200e+03  9.39949192e-01
 5.70478300e+03  9.49873335e-01
 5.70568300e+03  9.55634052e-01
 5.70658300e+03  9.49735309e-01
 5.70748300e+03  9.38198343e-01
 5.70838300e+03  9.30617098e-01
 5.70928400e+03  9.24518195e-01
 5.71018400e+03  9.18161879e-01
 5.71108400e+03  9.18814287e-01
 5.71198400e+03  9.22871198e-01
 5.71288400e+03  9.22347053e-01
 5.71378500e+03  9.28595078e-01
 5.71468500e+03  9.44759257e-01
 5.71558500e+03  9.55678877e-01
 5.71648500e+03  9.58304485e-01
 5.71738600e+03  9.60211558e-01
 5.71828600e+03  9.60494268e-01
 5.71918600e+03  9.58349311e-01
 5.72008600e+03  9.59759754e-01
 5.72098700e+03  9.63665768e-01
 5.72188700e+03  9.66061481e-01
 5.72278700e+03  9.68555720e-01
 5.72368800e+03  9.70667391e-01
 5.72458800e+03  9.70463236e-01
 5.72548800e+03  9.69363907e-01
 5.72638800e+03  9.67944587e-01
 5.72728900e+03  9.62432407e-01
 5.72818900e+03  9.53340860e-01
 5.72908900e+03  9.51171937e-01
 5.72998900e+03  9.58925382e-01
 5.73088900e+03  9.64583577e-01
 5.73179000e+03  9.59663446e-01
 5.73269000e+03  9.50191107e-01
 5.73359000e+03  9.49425082e-01
 5.73449000e+03  9.57668055e-01
 5.73539000e+03  9.64370103e-01
 5.73629100e+03  9.66384578e-01
 5.73719100e+03  9.65017185e-01
 5.73809100e+03  9.61794201e-01
 5.73899100e+03  9.58649773e-01
 5.73989100e+03  9.56096950e-01
 5.74079200e+03  9.53056375e-01
 5.74169200e+03  9.50379728e-01
 5.74259200e+03  9.48931560e-01
 5.74349300e+03  9.48404752e-01
 5.74439300e+03  9.49813864e-01
 5.74529300e+03  9.55237281e-01
 5.74619400e+03  9.63179347e-01
 5.74709400e+03  9.66968638e-01
 5.74799400e+03  9.60586137e-01
 5.74889400e+03  9.46557151e-01
 5.74979500e+03  9.39876850e-01
 5.75069500e+03  9.48069672e-01
 5.75159500e+03  9.59701614e-01
 5.75249500e+03  9.60764551e-01
 5.75339500e+03  9.49886206e-01
 5.75429600e+03  9.42391949e-01
 5.75519600e+03  9.70047382e-01
 5.75609600e+03  1.01428684e+00
 5.75699600e+03  1.00352078e+00
 5.75789600e+03  9.74400317e-01
 5.75879700e+03  9.66726315e-01
 5.75969700e+03  9.64225419e-01
 5.76059700e+03  9.57275723e-01
 5.76149700e+03  9.47254384e-01
 5.76239800e+03  9.36960987e-01
 5.76329800e+03  9.28275087e-01
 5.76419800e+03  9.26612557e-01
 5.76509900e+03  9.37907644e-01
 5.76599900e+03  9.54544486e-01
 5.76689900e+03  9.62978743e-01
 5.76779900e+03  9.64106477e-01
 5.76869900e+03  9.63737223e-01
 5.76960000e+03  9.61452464e-01
 5.77050000e+03  9.57764807e-01
 5.77140000e+03  9.55720152e-01
 5.77230100e+03  9.53912494e-01
 5.77320100e+03  9.50360200e-01
 5.77410100e+03  9.48343506e-01
 5.77500100e+03  9.47775423e-01
 5.77590100e+03  9.45979304e-01
 5.77680200e+03  9.46526528e-01
 5.77770200e+03  9.50551484e-01
 5.77860200e+03  9.53605818e-01
 5.77950200e+03  9.52618774e-01
 5.78040200e+03  9.44827161e-01
 5.78130300e+03  9.27913822e-01
 5.78220300e+03  9.09185724e-01
 5.78310300e+03  9.02409559e-01
 5.78400300e+03  9.09123590e-01
 5.78490400e+03  9.15519849e-01
 5.78580400e+03  9.12663457e-01
 5.78670400e+03  9.09337509e-01
 5.78760500e+03  9.17710519e-01
 5.78850500e+03  9.31793207e-01
 5.78940500e+03  9.40682818e-01
 5.79030500e+03  9.44297246e-01
 5.79120600e+03  9.41118200e-01
 5.79210600e+03  9.33019467e-01
 5.79300600e+03  9.31677371e-01
 5.79390600e+03  9.38508125e-01
 5.79480700e+03  9.45157803e-01
 5.79570700e+03  9.50736111e-01
 5.79660700e+03  9.54189878e-01
 5.79750700e+03  9.49079351e-01
 5.79840700e+03  9.36202507e-01
 5.79930800e+03  9.28850271e-01
 5.80020800e+03  9.37446076e-01
 5.80110800e+03  9.53132711e-01
 5.80200800e+03  9.61768460e-01
 5.80290800e+03  9.63975995e-01
 5.80380900e+03  9.62557119e-01
 5.80470900e+03  9.54347432e-01
 5.80560900e+03  9.43138445e-01
 5.80651000e+03  9.37751421e-01
 5.80741000e+03  9.38860958e-01
 5.80831000e+03  9.42685310e-01
 5.80921000e+03  9.45889210e-01
 5.81011000e+03  9.47432798e-01
 5.81101100e+03  9.49434846e-01
 5.81191100e+03  9.52947197e-01
 5.81281100e+03  9.54759736e-01
 5.81371200e+03  9.53805535e-01
 5.81461200e+03  9.51973023e-01
 5.81551200e+03  9.48363477e-01
 5.81641200e+03  9.41455056e-01
 5.81731300e+03  9.35117380e-01
 5.81821300e+03  9.36451044e-01
 5.81911300e+03  9.46660116e-01
 5.82001300e+03  9.56670803e-01
 5.82091300e+03  9.60223097e-01
 5.82181400e+03  9.60174277e-01
 5.82271400e+03  9.58954674e-01
 5.82361400e+03  9.56411615e-01
 5.82451400e+03  9.53514392e-01
 5.82541400e+03  9.53124279e-01
 5.82631500e+03  9.55499576e-01
 5.82721500e+03  9.56215005e-01
 5.82811500e+03  9.55072626e-01
 5.82901600e+03  9.55083277e-01
 5.82991600e+03  9.56904693e-01
 5.83081600e+03  9.58754957e-01
 5.83171600e+03  9.57846025e-01
 5.83261700e+03  9.55820010e-01
 5.83351700e+03  9.55286988e-01
 5.83441700e+03  9.53746507e-01
 5.83531800e+03  9.48827708e-01
 5.83621800e+03  9.44512496e-01
 5.83711800e+03  9.47136329e-01
 5.83801800e+03  9.52230880e-01
 5.83891800e+03  9.51028585e-01
 5.83981900e+03  9.47157632e-01
 5.84071900e+03  9.48181069e-01
 5.84161900e+03  9.53417640e-01
 5.84251900e+03  9.57672493e-01
 5.84341900e+03  9.59058971e-01
 5.84432000e+03  9.58876563e-01
 5.84522000e+03  9.56831020e-01
 5.84612000e+03  9.52588594e-01
 5.84702000e+03  9.47477179e-01
 5.84792100e+03  9.42057756e-01
 5.84882100e+03  9.38712280e-01
 5.84972100e+03  9.39019400e-01
 5.85062100e+03  9.41578880e-01
 5.85152100e+03  9.43574715e-01
 5.85242200e+03  9.41426652e-01
 5.85332200e+03  9.32839722e-01
 5.85422200e+03  9.20911312e-01
 5.85512300e+03  9.16073730e-01
 5.85602300e+03  9.23345192e-01
 5.85692300e+03  9.30503037e-01
 5.85782400e+03  9.24827090e-01
 5.85872400e+03  9.12190350e-01
 5.85962400e+03  9.08868840e-01
 5.86052400e+03  9.17912899e-01
 5.86142400e+03  9.28827637e-01
 5.86232500e+03  9.34761441e-01
 5.86322500e+03  9.32835284e-01
 5.86412500e+03  9.29020252e-01
 5.86502500e+03  9.31383566e-01
 5.86592500e+03  9.36597946e-01
 5.86682600e+03  9.36457701e-01
 5.86772600e+03  9.30240743e-01
 5.86862600e+03  9.27694133e-01
 5.86952600e+03  9.33279099e-01
 5.87042600e+03  9.40872771e-01
 5.87132700e+03  9.44887963e-01
 5.87222700e+03  9.44247095e-01
 5.87312700e+03  9.39811609e-01
 5.87402800e+03  9.37852611e-01
 5.87492800e+03  1.02864692e+00
 5.87582800e+03  1.73407104e+00
 5.87672900e+03  3.30603384e+00
 5.87762900e+03  3.49775341e+00
 5.87852900e+03  1.94307720e+00
 5.87942900e+03  1.07341097e+00
 5.88032900e+03  9.34610100e-01
 5.88123000e+03  9.22306665e-01
 5.88213000e+03  9.20871368e-01
 5.88303000e+03  9.26483407e-01
 5.88393000e+03  9.29689525e-01
 5.88483100e+03  9.26554417e-01
 5.88573100e+03  9.24058846e-01
 5.88663100e+03  9.26805616e-01
 5.88753100e+03  9.30119138e-01
 5.88843100e+03  9.26252623e-01
 5.88933200e+03  9.03685527e-01
 5.89023200e+03  8.51460062e-01
 5.89113200e+03  7.95637478e-01
 5.89203200e+03  7.91576572e-01
 5.89293200e+03  8.37982737e-01
 5.89383300e+03  8.80515287e-01
 5.89473300e+03  8.95999098e-01
 5.89563300e+03  8.86210762e-01
 5.89653400e+03  8.48023604e-01
 5.89743400e+03  8.15069910e-01
 5.89833400e+03  8.32157668e-01
 5.89923400e+03  8.76671850e-01
 5.90013500e+03  9.02194309e-01
 5.90103500e+03  9.08844430e-01
 5.90193500e+03  9.14005553e-01
 5.90283600e+03  9.18713097e-01
 5.90373600e+03  9.20392048e-01
 5.90463600e+03  9.21978242e-01
 5.90553600e+03  9.23074465e-01
 5.90643600e+03  9.20602860e-01
 5.90733700e+03  9.17387866e-01
 5.90823700e+03  9.18999801e-01
 5.90913700e+03  9.24143615e-01
 5.91003700e+03  9.26615663e-01
 5.91093700e+03  9.25221197e-01
 5.91183800e+03  9.25802595e-01
 5.91273800e+03  9.29472499e-01
 5.91363800e+03  9.28477467e-01
 5.91453800e+03  9.18447696e-01
 5.91543900e+03  9.06335989e-01
 5.91633900e+03  9.02159692e-01
 5.91723900e+03  9.04793289e-01
 5.91813900e+03  9.10923703e-01
 5.91904000e+03  9.17846326e-01
 5.91994000e+03  9.20348998e-01
 5.92084000e+03  9.21355570e-01
 5.92174000e+03  9.23320782e-01
 5.92264100e+03  9.22316429e-01
 5.92354100e+03  9.18735731e-01
 5.92444100e+03  9.17971926e-01
 5.92534200e+03  9.19952672e-01
 5.92624200e+03  9.22379451e-01
 5.92714200e+03  9.25855409e-01
 5.92804200e+03  9.27508175e-01
 5.92894200e+03  9.23719328e-01
 5.92984300e+03  9.16239717e-01
 5.93074300e+03  9.08062873e-01
 5.93164300e+03  9.05581504e-01
 5.93254300e+03  9.13397083e-01
 5.93344300e+03  9.22783766e-01
 5.93434400e+03  9.23804984e-01
 5.93524400e+03  9.15680510e-01
 5.93614400e+03  9.08618973e-01
 5.93704400e+03  9.12204552e-01
 5.93794500e+03  9.20793701e-01
 5.93884500e+03  9.25795494e-01
 5.93974500e+03  9.28619044e-01
 5.94064500e+03  9.29220413e-01
 5.94154600e+03  9.21696420e-01
 5.94244600e+03  9.09851890e-01
 5.94334600e+03  9.05127038e-01
 5.94424700e+03  9.08622967e-01
 5.94514700e+03  9.14542125e-01
 5.94604700e+03  9.20235825e-01
 5.94694700e+03  9.24629148e-01
 5.94784800e+03  9.25462633e-01
 5.94874800e+03  9.19721444e-01
 5.94964800e+03  9.08904345e-01
 5.95054800e+03  9.03390390e-01
 5.95144800e+03  9.10132381e-01
 5.95234900e+03  9.18751265e-01
 5.95324900e+03  9.15845165e-01
 5.95414900e+03  9.07118435e-01
 5.95504900e+03  9.07675422e-01
 5.95594900e+03  9.15815874e-01
 5.95685000e+03  9.16699065e-01
 5.95775000e+03  9.08535092e-01
 5.95865000e+03  9.02419323e-01
 5.95955000e+03  9.04092949e-01
 5.96045100e+03  9.11414118e-01
 5.96135100e+03  9.19927374e-01
 5.96225100e+03  9.25179923e-01
 5.96315100e+03  9.26814049e-01
 5.96405200e+03  9.26544653e-01
 5.96495200e+03  9.25558497e-01
 5.96585200e+03  9.23297704e-01
 5.96675300e+03  9.18689131e-01
 5.96765300e+03  9.16224183e-01
 5.96855300e+03  9.19020660e-01
 5.96945300e+03  9.22190830e-01
 5.97035400e+03  9.24120980e-01
 5.97125400e+03  9.26446126e-01
 5.97215400e+03  9.28894653e-01
 5.97305400e+03  9.29973123e-01
 5.97395400e+03  9.29711716e-01
 5.97485500e+03  9.28528505e-01
 5.97575500e+03  9.23796108e-01
 5.97665500e+03  9.14546119e-01
 5.97755500e+03  9.05217132e-01
 5.97845500e+03  9.00338719e-01
 5.97935600e+03  9.00028493e-01
 5.98025600e+03  9.04079191e-01
 5.98115600e+03  9.12923532e-01
 5.98205600e+03  9.20660556e-01
 5.98295700e+03  9.21242397e-01
 5.98385700e+03  9.14578962e-01
 5.98475700e+03  9.01777123e-01
 5.98565800e+03  8.91594680e-01
 5.98655800e+03  8.94534953e-01
 5.98745800e+03  9.04777755e-01
 5.98835900e+03  9.09586045e-01
 5.98925900e+03  9.10137707e-01
 5.99015900e+03  9.12640379e-01
 5.99105900e+03  9.15076922e-01
 5.99195900e+03  9.11495336e-01
 5.99286000e+03  9.05292137e-01
 5.99376000e+03  9.07645687e-01
 5.99466000e+03  9.17461095e-01
 5.99556000e+03  9.23411764e-01
 5.99646000e+03  9.22233436e-01
 5.99736100e+03  9.16656459e-01
 5.99826100e+03  9.08358897e-01
 5.99916100e+03  9.02074479e-01
 6.00006100e+03  9.02442846e-01
 6.00096100e+03  9.07405139e-01
 6.00186200e+03  9.12772635e-01
 6.00276200e+03  9.13722843e-01
 6.00366200e+03  9.07802797e-01
 6.00456200e+03  9.03252364e-01
 6.00546300e+03  9.06680833e-01
 6.00636300e+03  9.10242003e-01
 6.00726300e+03  9.07236933e-01
 6.00816400e+03  8.99058758e-01
 6.00906400e+03  8.88522594e-01
 6.00996400e+03  8.85762509e-01
 6.01086400e+03  8.97512951e-01
 6.01176500e+03  9.11469595e-01
 6.01266500e+03  9.13891936e-01
 6.01356500e+03  9.05483421e-01
 6.01446500e+03  8.96220118e-01
 6.01536600e+03  8.96376341e-01
 6.01626600e+03  9.02470806e-01
 6.01716600e+03  9.02760617e-01
 6.01806600e+03  8.97884867e-01
 6.01896600e+03  8.97954546e-01
 6.01986700e+03  9.01116727e-01
 6.02076700e+03  8.98414782e-01
 6.02166700e+03  8.92557758e-01
 6.02256700e+03  8.91989675e-01
 6.02346700e+03  8.96306218e-01
 6.02436800e+03  8.99497690e-01
 6.02526800e+03  8.98662431e-01
 6.02616800e+03  9.00714187e-01
 6.02706900e+03  9.06079464e-01
 6.02796900e+03  9.06147812e-01
 6.02886900e+03  9.04842996e-01
 6.02977000e+03  9.08807594e-01
 6.03067000e+03  9.13093070e-01
 6.03157000e+03  9.12845865e-01
 6.03247000e+03  9.10679605e-01
 6.03337000e+03  9.12179255e-01
 6.03427100e+03  9.16123437e-01
 6.03517100e+03  9.17119802e-01
 6.03607100e+03  9.15944136e-01
 6.03697100e+03  9.15658763e-01
 6.03787200e+03  9.15786582e-01
 6.03877200e+03  9.16240604e-01
 6.03967200e+03  9.15965439e-01
 6.04057200e+03  9.13250624e-01
 6.04147200e+03  9.10214931e-01
 6.04237300e+03  9.08883042e-01
 6.04327300e+03  9.07665658e-01
 6.04417300e+03  9.09414733e-01
 6.04507300e+03  9.14441379e-01
 6.04597400e+03  9.16964466e-01
 6.04687400e+03  9.16115892e-01
 6.04777400e+03  9.15866469e-01
 6.04867400e+03  9.17270699e-01
 6.04957500e+03  9.17256053e-01
 6.05047500e+03  9.15934816e-01
 6.05137500e+03  9.16813569e-01
 6.05227500e+03  9.18262625e-01
 6.05317600e+03  9.16306733e-01
 6.05407600e+03  9.10667622e-01
 6.05497600e+03  9.05930342e-01
 6.05587700e+03  9.05115055e-01
 6.05677700e+03  9.03992203e-01
 6.05767700e+03  9.00956954e-01
 6.05857700e+03  9.00680457e-01
 6.05947700e+03  9.04292222e-01
 6.06037800e+03  9.09684128e-01
 6.06127800e+03  9.13624316e-01
 6.06217800e+03  9.13919897e-01
 6.06307800e+03  9.11095903e-01
 6.06397800e+03  9.06687047e-01
 6.06487900e+03  9.02249342e-01
 6.06577900e+03  8.94447078e-01
 6.06667900e+03  8.85523737e-01
 6.06757900e+03  8.89643226e-01
 6.06848000e+03  9.05293468e-01
 6.06938000e+03  9.16787828e-01
 6.07028000e+03  9.19390802e-01
 6.07118100e+03  9.18308781e-01
 6.07208100e+03  9.17647941e-01
 6.07298100e+03  9.18278602e-01
 6.07388100e+03  9.19457374e-01
 6.07478200e+03  9.20187893e-01
 6.07568200e+03  9.19831510e-01
 6.07658200e+03  9.17719395e-01
 6.07748200e+03  9.14256308e-01
 6.07838300e+03  9.08882155e-01
 6.07928300e+03  9.00123025e-01
 6.08018300e+03  8.93671289e-01
 6.08108300e+03  8.96643517e-01
 6.08198300e+03  9.01088767e-01
 6.08288400e+03  8.96805954e-01
 6.08378400e+03  8.90799808e-01
 6.08468400e+03  8.92113499e-01
 6.08558400e+03  8.95219759e-01
 6.08648400e+03  8.93797333e-01
 6.08738500e+03  8.92579505e-01
 6.08828500e+03  8.96217455e-01
 6.08918500e+03  9.01549002e-01
 6.09008500e+03  9.01246321e-01
 6.09098600e+03  8.93229250e-01
 6.09188600e+03  8.86726919e-01
 6.09278600e+03  8.87873736e-01
 6.09368600e+03  8.90706606e-01
 6.09458700e+03  8.91331498e-01
 6.09548700e+03  8.95316955e-01
 6.09638700e+03  9.03053535e-01
 6.09728800e+03  9.05218463e-01
 6.09818800e+03  9.00635188e-01
 6.09908800e+03  8.98098342e-01
 6.09998800e+03  9.01760702e-01
 6.10088900e+03  9.07798359e-01
 6.10178900e+03  9.09408519e-01
 6.10268900e+03  8.98034433e-01
 6.10358900e+03  8.73668999e-01
 6.10448900e+03  8.60005273e-01
 6.10539000e+03  8.73564703e-01
 6.10629000e+03  8.93851034e-01
 6.10719000e+03  9.01747832e-01
 6.10809000e+03  8.99273564e-01
 6.10899000e+03  8.93745850e-01
 6.10989100e+03  8.94279316e-01
 6.11079100e+03  9.01386122e-01
 6.11169100e+03  9.03710824e-01
 6.11259200e+03  8.98177785e-01
 6.11349200e+03  8.94750203e-01
 6.11439200e+03  8.98172459e-01
 6.11529200e+03  9.03859946e-01
 6.11619300e+03  9.05695564e-01
 6.11709300e+03  9.00130570e-01
 6.11799300e+03  8.94354320e-01
 6.11889300e+03  8.97678050e-01
 6.11979400e+03  9.02027879e-01
 6.12069400e+03  8.97590618e-01
 6.12159400e+03  8.89192310e-01
 6.12249400e+03  8.80262756e-01
 6.12339500e+03  8.71780123e-01
 6.12429500e+03  8.75321766e-01
 6.12519500e+03  8.91283122e-01
 6.12609500e+03  8.99803479e-01
 6.12699500e+03  8.96197483e-01
 6.12789600e+03  8.90720809e-01
 6.12879600e+03  8.85661320e-01
 6.12969600e+03  8.80789121e-01
 6.13059600e+03  8.81948809e-01
 6.13149600e+03  8.90111007e-01
 6.13239700e+03  8.97397115e-01
 6.13329700e+03  8.99818125e-01
 6.13419700e+03  9.01001779e-01
 6.13509700e+03  8.99770637e-01
 6.13599800e+03  8.90748325e-01
 6.13689800e+03  8.71816072e-01
 6.13779800e+03  8.45100639e-01
 6.13869900e+03  8.28665289e-01
 6.13959900e+03  8.43782509e-01
 6.14049900e+03  8.76814315e-01
 6.14140000e+03  8.94090251e-01
 6.14230000e+03  8.84109299e-01
 6.14320000e+03  8.66887953e-01
 6.14410000e+03  8.69040011e-01
 6.14500000e+03  8.86955927e-01
 6.14590100e+03  8.99418248e-01
 6.14680100e+03  9.00344933e-01
 6.14770100e+03  8.96515255e-01
 6.14860100e+03  8.90161602e-01
 6.14950100e+03  8.81319479e-01
 6.15040200e+03  8.74531332e-01
 6.15130200e+03  8.73273560e-01
 6.15220200e+03  8.78038356e-01
 6.15310200e+03  8.85506428e-01
 6.15400200e+03  8.91666134e-01
 6.15490300e+03  8.92048259e-01
 6.15580300e+03  8.84929025e-01
 6.15670300e+03  8.78985013e-01
 6.15760400e+03  8.79802964e-01
 6.15850400e+03  8.80797553e-01
 6.15940400e+03  8.79679583e-01
 6.16030400e+03  8.80525494e-01
 6.16120500e+03  8.77643361e-01
 6.16210500e+03  8.61352250e-01
 6.16300500e+03  8.39232520e-01
 6.16390500e+03  8.29713580e-01
 6.16480600e+03  8.37728875e-01
 6.16570600e+03  8.53097739e-01
 6.16660600e+03  8.64157160e-01
 6.16750600e+03  8.68778604e-01
 6.16840700e+03  8.73542956e-01
 6.16930700e+03  8.74410614e-01
 6.17020700e+03  8.60537850e-01
 6.17110700e+03  8.43163388e-01
 6.17200700e+03  8.45125049e-01
 6.17290800e+03  8.62942439e-01
 6.17380800e+03  8.73427564e-01
 6.17470800e+03  8.71464127e-01
 6.17560800e+03  8.69899236e-01
 6.17650800e+03  8.70719850e-01
 6.17740900e+03  8.68497669e-01
 6.17830900e+03  8.66176074e-01
 6.17920900e+03  8.69764317e-01
 6.18011000e+03  8.75509056e-01
 6.18101000e+03  8.75162436e-01
 6.18191000e+03  8.73147517e-01
 6.18281000e+03  8.77251916e-01
 6.18371100e+03  8.82277232e-01
 6.18461100e+03  8.82389961e-01
 6.18551100e+03  8.81122425e-01
 6.18641200e+03  8.79549990e-01
 6.18731200e+03  8.73515883e-01
 6.18821200e+03  8.65568047e-01
 6.18911200e+03  8.61713960e-01
 6.19001200e+03  8.62389890e-01
 6.19091300e+03  8.62947765e-01
 6.19181300e+03  8.54100316e-01
 6.19271300e+03  8.38560584e-01
 6.19361300e+03  8.37797667e-01
 6.19451300e+03  8.55212516e-01
 6.19541400e+03  8.69981342e-01
 6.19631400e+03  8.74032484e-01
 6.19721400e+03  8.75423843e-01
 6.19811400e+03  8.79463889e-01
 6.19901500e+03  8.81422000e-01
 6.19991500e+03  8.74728385e-01
 6.20081500e+03  8.61904800e-01
 6.20171600e+03  8.55511647e-01
 6.20261600e+03  8.62124932e-01
 6.20351600e+03  8.72976648e-01
 6.20441600e+03  8.78722719e-01
 6.20531600e+03  8.78820802e-01
 6.20621700e+03  8.77138300e-01
 6.20711700e+03  8.77628715e-01
 6.20801700e+03  8.79433710e-01
 6.20891800e+03  8.79585495e-01
 6.20981800e+03  8.78707629e-01
 6.21071800e+03  8.77624721e-01
 6.21161800e+03  8.75475326e-01
 6.21251800e+03  8.73211870e-01
 6.21341900e+03  8.69174043e-01
 6.21431900e+03  8.58039617e-01
 6.21521900e+03  8.44422934e-01
 6.21611900e+03  8.38462945e-01
 6.21701900e+03  8.40282586e-01
 6.21792000e+03  8.48150979e-01
 6.21882000e+03  8.58234008e-01
 6.21972000e+03  8.60103799e-01
 6.22062000e+03  8.51337125e-01
 6.22152100e+03  8.44220998e-01
 6.22242100e+03  8.45990044e-01
 6.22332100e+03  8.52678777e-01
 6.22422100e+03  8.58196727e-01
 6.22512200e+03  8.58410202e-01
 6.22602200e+03  8.56788503e-01
 6.22692200e+03  8.58885084e-01
 6.22782300e+03  8.61531552e-01
 6.22872300e+03  8.62406311e-01
 6.22962300e+03  8.61411722e-01
 6.23052300e+03  8.53018740e-01
 6.23142400e+03  8.36590046e-01
 6.23232400e+03  8.25601635e-01
 6.23322400e+03  8.29812994e-01
 6.23412400e+03  8.39953275e-01
 6.23502400e+03  8.51227059e-01
 6.23592500e+03  8.65070975e-01
 6.23682500e+03  8.73103579e-01
 6.23772500e+03  8.70304883e-01
 6.23862500e+03  8.60489918e-01
 6.23952500e+03  8.49602697e-01
 6.24042600e+03  8.40681575e-01
 6.24132600e+03  8.35654929e-01
 6.24222600e+03  8.39576476e-01
 6.24312700e+03  8.47281545e-01
 6.24402700e+03  8.44264492e-01
 6.24492700e+03  8.35474740e-01
 6.24582700e+03  8.34050982e-01
 6.24672700e+03  8.35106817e-01
 6.24762800e+03  8.33921388e-01
 6.24852800e+03  8.37900632e-01
 6.24942800e+03  8.47752877e-01
 6.25032900e+03  8.56417474e-01
 6.25122900e+03  8.60401599e-01
 6.25212900e+03  8.58807416e-01
 6.25302900e+03  8.48290780e-01
 6.25393000e+03  8.34769074e-01
 6.25483000e+03  8.28736299e-01
 6.25573000e+03  8.30010492e-01
 6.25663000e+03  8.33034202e-01
 6.25753000e+03  8.31907800e-01
 6.25843100e+03  8.26344138e-01
 6.25933100e+03  8.20863025e-01
 6.26023100e+03  8.21873591e-01
 6.26113100e+03  8.33542814e-01
 6.26203100e+03  8.44690555e-01
 6.26293200e+03  8.48475851e-01
 6.26383200e+03  8.54297814e-01
 6.26473200e+03  8.61661589e-01
 6.26563200e+03  8.58925471e-01
 6.26653300e+03  8.47844746e-01
 6.26743300e+03  8.45072679e-01
 6.26833300e+03  8.53036936e-01
 6.26923400e+03  8.57867417e-01
 6.27013400e+03  8.54542800e-01
 6.27103400e+03  8.49705218e-01
 6.27193500e+03  8.48490941e-01
 6.27283500e+03  8.51186228e-01
 6.27373500e+03  8.56232403e-01
 6.27463500e+03  8.59497992e-01
 6.27553500e+03  8.58937454e-01
 6.27643600e+03  8.58503847e-01
 6.27733600e+03  8.59401241e-01
 6.27823600e+03  8.58203828e-01
 6.27913600e+03  8.55458390e-01
 6.28003600e+03  8.52665019e-01
 6.28093700e+03  8.46002471e-01
 6.28183700e+03  8.38195325e-01
 6.28273700e+03  8.37993389e-01
 6.28363700e+03  8.43674662e-01
 6.28453800e+03  8.50026984e-01
 6.28543800e+03  8.55316369e-01
 6.28633800e+03  8.55848059e-01
 6.28723800e+03  8.54711893e-01
 6.28813900e+03  8.58029409e-01
 6.28903900e+03  8.64073723e-01
 6.28993900e+03  8.68959680e-01
 6.29084000e+03  8.68878462e-01
 6.29174000e+03  8.62529691e-01
 6.29264000e+03  8.56023810e-01
 6.29354000e+03  8.53382668e-01
 6.29444000e+03  8.53653395e-01
 6.29534100e+03  8.56948276e-01
 6.29624100e+03  8.59433195e-01
 6.29714100e+03  8.54138928e-01
 6.29804100e+03  8.44070545e-01
 6.29894200e+03  8.39802378e-01
 6.29984200e+03  8.61578596e-01
 6.30074200e+03  9.83177643e-01
 6.30164200e+03  1.20611160e+00
 6.30254200e+03  1.18228540e+00
 6.30344300e+03  9.51211437e-01
 6.30434300e+03  8.48779864e-01
 6.30524300e+03  8.43591669e-01
 6.30614300e+03  8.48073311e-01
 6.30704300e+03  8.47125323e-01
 6.30794400e+03  8.50284840e-01
 6.30884400e+03  8.58558880e-01
 6.30974400e+03  8.63150588e-01
 6.31064500e+03  8.61018058e-01
 6.31154500e+03  8.63281514e-01
 6.31244500e+03  9.26210904e-01
 6.31334600e+03  1.06693171e+00
 6.31424600e+03  1.07423690e+00
 6.31514600e+03  9.32407891e-01
 6.31604600e+03  8.50134831e-01
 6.31694700e+03  8.32854013e-01
 6.31784700e+03  8.36011756e-01
 6.31874700e+03  8.35137884e-01
 6.31964700e+03  8.26191021e-01
 6.32054700e+03  8.25863486e-01
 6.32144800e+03  8.35908347e-01
 6.32234800e+03  8.44367457e-01
 6.32324800e+03  8.45934567e-01
 6.32414800e+03  8.45847136e-01
 6.32504800e+03  8.50275964e-01
 6.32594900e+03  8.55927058e-01
 6.32684900e+03  8.58470561e-01
 6.32774900e+03  8.58030297e-01
 6.32864900e+03  8.55291515e-01
 6.32955000e+03  8.55737993e-01
 6.33045000e+03  8.58281052e-01
 6.33135000e+03  8.55384273e-01
 6.33225100e+03  8.51034444e-01
 6.33315100e+03  8.52997437e-01
 6.33405100e+03  8.58641430e-01
 6.33495100e+03  8.59832185e-01
 6.33585100e+03  8.49566748e-01
 6.33675200e+03  8.32241549e-01
 6.33765200e+03  8.23569407e-01
 6.33855200e+03  8.29545818e-01
 6.33945300e+03  8.38865929e-01
 6.34035300e+03  8.42485683e-01
 6.34125300e+03  8.46308703e-01
 6.34215300e+03  8.53159429e-01
 6.34305300e+03  8.54082564e-01
 6.34395400e+03  8.46393028e-01
 6.34485400e+03  8.35644721e-01
 6.34575400e+03  8.29182777e-01
 6.34665400e+03  8.29799236e-01
 6.34755400e+03  8.28654194e-01
 6.34845500e+03  8.23771787e-01
 6.34935500e+03  8.28104307e-01
 6.35025500e+03  8.41352623e-01
 6.35115500e+03  8.49986153e-01
 6.35205600e+03  8.52012168e-01
 6.35295600e+03  8.52862073e-01
 6.35385600e+03  8.52691204e-01
 6.35475700e+03  8.48346701e-01
 6.35565700e+03  8.39612869e-01
 6.35655700e+03  8.33483343e-01
 6.35745700e+03  8.36231000e-01
 6.35835800e+03  8.39546297e-01
 6.35925800e+03  8.32646752e-01
 6.36015800e+03  8.21979219e-01
 6.36105800e+03  8.19085102e-01
 6.36195900e+03  8.21232722e-01
 6.36285900e+03  8.20154252e-01
 6.36375900e+03  8.32281048e-01
 6.36465900e+03  8.95112800e-01
 6.36555900e+03  9.49136603e-01
 6.36646000e+03  9.02267982e-01
 6.36736000e+03  8.48579704e-01
 6.36826000e+03  8.39193464e-01
 6.36916000e+03  8.44325739e-01
 6.37006000e+03  8.46369950e-01
 6.37096100e+03  8.40695777e-01
 6.37186100e+03  8.31523900e-01
 6.37276100e+03  8.28566762e-01
 6.37366200e+03  8.37884654e-01
 6.37456200e+03  8.50525388e-01
 6.37546200e+03  8.54829504e-01
 6.37636200e+03  8.53265501e-01
 6.37726300e+03  8.52713395e-01
 6.37816300e+03  8.52735142e-01
 6.37906300e+03  8.48703972e-01
 6.37996300e+03  8.41758270e-01
 6.38086400e+03  8.38541944e-01
 6.38176400e+03  8.39101151e-01
 6.38266400e+03  8.40798742e-01
 6.38356400e+03  8.44299554e-01
 6.38446500e+03  8.46590082e-01
 6.38536500e+03  8.43833548e-01
 6.38626500e+03  8.40971386e-01
 6.38716500e+03  8.43465626e-01
 6.38806500e+03  8.49311998e-01
 6.38896600e+03  8.52838551e-01
 6.38986600e+03  8.52674783e-01
 6.39076600e+03  8.51990421e-01
 6.39166600e+03  8.51733008e-01
 6.39256600e+03  8.49497513e-01
 6.39346700e+03  8.40654946e-01
 6.39436700e+03  8.25304279e-01
 6.39526700e+03  8.17678653e-01
 6.39616700e+03  8.27398198e-01
 6.39706800e+03  8.42853161e-01
 6.39796800e+03  8.52238513e-01
 6.39886800e+03  8.55017238e-01
 6.39976900e+03  8.49241876e-01
 6.40066900e+03  8.31357026e-01
 6.40156900e+03  8.13109136e-01
 6.40247000e+03  8.17237057e-01
 6.40337000e+03  8.36845240e-01
 6.40427000e+03  8.49551658e-01
 6.40517000e+03  8.53241535e-01
 6.40607000e+03  8.53522026e-01
 6.40697100e+03  8.50935029e-01
 6.40787100e+03  8.43997760e-01
 6.40877100e+03  8.33115420e-01
 6.40967100e+03  8.27873967e-01
 6.41057100e+03  8.36253191e-01
 6.41147200e+03  8.44732717e-01
 6.41237200e+03  8.38960461e-01
 6.41327200e+03  8.30163608e-01
 6.41417200e+03  8.31588253e-01
 6.41507300e+03  8.36508828e-01
 6.41597300e+03  8.38307610e-01
 6.41687300e+03  8.39758884e-01
 6.41777300e+03  8.40648733e-01
 6.41867400e+03  8.39118903e-01
 6.41957400e+03  8.37780802e-01
 6.42047400e+03  8.34177913e-01
 6.42137400e+03  8.24762382e-01
 6.42227500e+03  8.17088823e-01
 6.42317500e+03  8.22070201e-01
 6.42407500e+03  8.38983984e-01
 6.42497600e+03  8.52198570e-01
 6.42587600e+03  8.52804377e-01
 6.42677600e+03  8.48584586e-01
 6.42767600e+03  8.49337740e-01
 6.42857600e+03  8.53799410e-01
 6.42947700e+03  8.55682960e-01
 6.43037700e+03  8.50327890e-01
 6.43127700e+03  8.35431246e-01
 6.43217700e+03  8.18359909e-01
 6.43307700e+03  8.14642960e-01
 6.43397800e+03  8.24035413e-01
 6.43487800e+03  8.34613739e-01
 6.43577800e+03  8.42656551e-01
 6.43667800e+03  8.48084406e-01
 6.43757900e+03  8.50755728e-01
 6.43847900e+03  8.48099496e-01
 6.43937900e+03  8.36145788e-01
 6.44027900e+03  8.21826547e-01
 6.44118000e+03  8.22728822e-01
 6.44208000e+03  8.39187251e-01
 6.44298000e+03  8.52626851e-01
 6.44388100e+03  8.55139731e-01
 6.44478100e+03  8.52629514e-01
 6.44568100e+03  8.50765936e-01
 6.44658100e+03  8.51126757e-01
 6.44748200e+03  8.53212687e-01
 6.44838200e+03  8.53824707e-01
 6.44928200e+03  8.47333916e-01
 6.45018200e+03  8.27865535e-01
 6.45108200e+03  8.03594190e-01
 6.45198300e+03  7.97897383e-01
 6.45288300e+03  8.14457889e-01
 6.45378300e+03  8.33056837e-01
 6.45468300e+03  8.42961008e-01
 6.45558300e+03  8.41908723e-01
 6.45648400e+03  8.28848141e-01
 6.45738400e+03  8.12803347e-01
 6.45828400e+03  8.10939769e-01
 6.45918500e+03  8.26317065e-01
 6.46008500e+03  8.43204663e-01
 6.46098500e+03  8.51814226e-01
 6.46188500e+03  8.51849288e-01
 6.46278500e+03  8.39606212e-01
 6.46368600e+03  8.17541514e-01
 6.46458600e+03  8.06549553e-01
 6.46548600e+03  8.17835764e-01
 6.46638700e+03  8.33592077e-01
 6.46728700e+03  8.41163114e-01
 6.46818700e+03  8.43318723e-01
 6.46908700e+03  8.44076315e-01
 6.46998800e+03  8.41726759e-01
 6.47088800e+03  8.36344617e-01
 6.47178800e+03  8.31626865e-01
 6.47268800e+03  8.27191824e-01
 6.47358800e+03  8.27036045e-01
 6.47448900e+03  8.32883305e-01
 6.47538900e+03  8.35271029e-01
 6.47628900e+03  8.30342021e-01
 6.47718900e+03  8.26089388e-01
 6.47809000e+03  8.29912409e-01
 6.47899000e+03  8.36261624e-01
 6.47989000e+03  8.38048866e-01
 6.48079000e+03  8.37421312e-01
 6.48169000e+03  8.33660425e-01
 6.48259100e+03  8.21525640e-01
 6.48349100e+03  8.06195389e-01
 6.48439100e+03  8.00971688e-01
 6.48529200e+03  8.08063405e-01
 6.48619200e+03  8.18746028e-01
 6.48709200e+03  8.25999293e-01
 6.48799300e+03  8.29148603e-01
 6.48889300e+03  8.30773853e-01
 6.48979300e+03  8.31236308e-01
 6.49069300e+03  8.27728840e-01
 6.49159300e+03  8.20100107e-01
 6.49249400e+03  8.13208107e-01
 6.49339400e+03  8.09592347e-01
 6.49429400e+03  8.01759016e-01
 6.49519400e+03  7.81698142e-01
 6.49609400e+03  7.60561905e-01
 6.49699500e+03  7.53009952e-01
 6.49789500e+03  7.56487685e-01
 6.49879500e+03  7.66554293e-01
 6.49969500e+03  7.80226896e-01
 6.50059600e+03  7.89441823e-01
 6.50149600e+03  7.97621330e-01
 6.50239600e+03  8.07385256e-01
 6.50329600e+03  8.14088191e-01
 6.50419700e+03  8.17771411e-01
 6.50509700e+03  8.19687359e-01
 6.50599700e+03  8.21096471e-01
 6.50689800e+03  8.23368803e-01
 6.50779800e+03  8.24798331e-01
 6.50869800e+03  8.22639171e-01
 6.50959800e+03  8.17876151e-01
 6.51049800e+03  8.16109768e-01
 6.51139900e+03  8.19590607e-01
 6.51229900e+03  8.23909369e-01
 6.51319900e+03  8.24710011e-01
 6.51409900e+03  8.23779776e-01
 6.51500000e+03  8.22703525e-01
 6.51590000e+03  8.17882364e-01
 6.51680000e+03  8.08443754e-01
 6.51770000e+03  8.00496806e-01
 6.51860000e+03  7.98199177e-01
 6.51950100e+03  7.98099762e-01
 6.52040100e+03  7.99888336e-01
 6.52130100e+03  8.07489553e-01
 6.52220100e+03  8.16768389e-01
 6.52310100e+03  8.21120881e-01
 6.52400200e+03  8.20087680e-01
 6.52490200e+03  8.18419824e-01
 6.52580200e+03  8.19429059e-01
 6.52670300e+03  8.18813044e-01
 6.52760300e+03  8.10989920e-01
 6.52850300e+03  8.01905031e-01
 6.52940400e+03  8.01522906e-01
 6.53030400e+03  8.07935143e-01
 6.53120400e+03  8.13550732e-01
 6.53210400e+03  8.13750004e-01
 6.53300500e+03  8.08148618e-01
 6.53390500e+03  8.00869167e-01
 6.53480500e+03  7.97604465e-01
 6.53570500e+03  8.01128799e-01
 6.53660500e+03  8.08014142e-01
 6.53750600e+03  8.10691233e-01
 6.53840600e+03  8.07004463e-01
 6.53930600e+03  8.03727334e-01
 6.54020600e+03  8.06475880e-01
 6.54110600e+03  8.11291270e-01
 6.54200700e+03  8.11558003e-01
 6.54290700e+03  8.06433717e-01
 6.54380700e+03  7.99433426e-01
 6.54470700e+03  7.93756147e-01
 6.54560800e+03  7.89961086e-01
 6.54650800e+03  7.87797489e-01
 6.54740800e+03  8.93682829e-01
 6.54830900e+03  1.89676113e+00
 6.54920900e+03  4.61559423e+00
 6.55010900e+03  5.58511214e+00
 6.55100900e+03  2.98873287e+00
 6.55191000e+03  1.14767539e+00
 6.55281000e+03  7.90257111e-01
 6.55371000e+03  7.61904445e-01
 6.55461000e+03  7.55383474e-01
 6.55551100e+03  7.46024307e-01
 6.55641100e+03  7.34630693e-01
 6.55731100e+03  7.26194661e-01
 6.55821100e+03  7.22785719e-01
 6.55911100e+03  7.19821924e-01
 6.56001200e+03  7.12609045e-01
 6.56091200e+03  7.18162056e-01
 6.56181200e+03  1.36404088e+00
 6.56271200e+03  9.86278577e+00
 6.56361200e+03  4.61606911e+01
 6.56451300e+03  8.33737205e+01
 6.56541300e+03  5.58919968e+01
 6.56631300e+03  1.42214334e+01
 6.56721300e+03  1.91418397e+00
 6.56811400e+03  7.55727430e-01
 6.56901400e+03  7.27727597e-01
 6.56991400e+03  7.28147446e-01
 6.57081500e+03  7.25147702e-01
 6.57171500e+03  7.28926341e-01
 6.57261500e+03  7.37588275e-01
 6.57351600e+03  7.41198708e-01
 6.57441600e+03  7.38921051e-01
 6.57531600e+03  7.36435244e-01
 6.57621600e+03  7.37636651e-01
 6.57711600e+03  7.46533806e-01
 6.57801700e+03  7.60496664e-01
 6.57891700e+03  7.70190024e-01
 6.57981700e+03  7.74074291e-01
 6.58071700e+03  7.75212232e-01
 6.58161700e+03  7.76702562e-01
 6.58251800e+03  9.07579114e-01
 6.58341800e+03  2.55655133e+00
 6.58431800e+03  9.25176816e+00
 6.58521800e+03  1.55778425e+01
 6.58611800e+03  1.02886660e+01
 6.58701900e+03  3.02843433e+00
 6.58791900e+03  9.78860656e-01
 6.58881900e+03  7.94478234e-01
 6.58972000e+03  7.95332133e-01
 6.59062000e+03  7.99696608e-01
 6.59152000e+03  8.01447014e-01
 6.59242100e+03  7.98447713e-01
 6.59332100e+03  7.85525157e-01
 6.59422100e+03  7.66132669e-01
 6.59512100e+03  7.57902567e-01
 6.59602100e+03  7.69477701e-01
 6.59692200e+03  7.86616942e-01
 6.59782200e+03  7.94612266e-01
 6.59872200e+03  7.92860972e-01
 6.59962200e+03  7.87356781e-01
 6.60052300e+03  7.86560577e-01
 6.60142300e+03  7.93933229e-01
 6.60232300e+03  8.03063387e-01
 6.60322300e+03  8.07325785e-01
 6.60412300e+03  8.06447475e-01
 6.60502400e+03  8.01938761e-01
 6.60592400e+03  7.95420009e-01
 6.60682400e+03  7.90976535e-01
 6.60772400e+03  7.90145713e-01
 6.60862400e+03  7.89337970e-01
 6.60952500e+03  7.84789312e-01
 6.61042500e+03  7.78687302e-01
 6.61132500e+03  7.81124289e-01
 6.61222600e+03  7.94322898e-01
 6.61312600e+03  8.04807136e-01
 6.61402600e+03  8.03510753e-01
 6.61492600e+03  7.96121236e-01
 6.61582700e+03  7.95084928e-01
 6.61672700e+03  8.02619573e-01
 6.61762700e+03  8.08019911e-01
 6.61852800e+03  8.07157579e-01
 6.61942800e+03  8.05060998e-01
 6.62032800e+03  8.05929100e-01
 6.62122800e+03  8.08734009e-01
 6.62212800e+03  8.10801743e-01
 6.62302900e+03  8.10429826e-01
 6.62392900e+03  8.06794095e-01
 6.62482900e+03  7.99519970e-01
 6.62572900e+03  7.90674297e-01
 6.62662900e+03  7.87331040e-01
 6.62753000e+03  7.92675458e-01
 6.62843000e+03  7.98285277e-01
 6.62933000e+03  7.99569233e-01
 6.63023000e+03  7.99463605e-01
 6.63113100e+03  7.98635003e-01
 6.63203100e+03  7.97223672e-01
 6.63293100e+03  7.94973975e-01
 6.63383200e+03  7.89074788e-01
 6.63473200e+03  7.80020966e-01
 6.63563200e+03  7.75492279e-01
 6.63653200e+03  7.81472684e-01
 6.63743300e+03  7.92343040e-01
 6.63833300e+03  8.00244719e-01
 6.63923300e+03  8.02729639e-01
 6.64013300e+03  8.00282888e-01
 6.64103400e+03  7.96330273e-01
 6.64193400e+03  7.96609432e-01
 6.64283400e+03  8.00766202e-01
 6.64373400e+03  7.98858686e-01
 6.64463400e+03  7.88188934e-01
 6.64553500e+03  7.81861466e-01
 6.64643500e+03  7.87288433e-01
 6.64733500e+03  7.95034777e-01
 6.64823500e+03  7.96598781e-01
 6.64913500e+03  7.94905183e-01
 6.65003600e+03  7.96231746e-01
 6.65093600e+03  7.99156929e-01
 6.65183600e+03  7.99073492e-01
 6.65273600e+03  7.96740358e-01
 6.65363700e+03  7.95410245e-01
 6.65453700e+03  7.95434211e-01
 6.65543700e+03  7.95988535e-01
 6.65633700e+03  7.97028837e-01
 6.65723800e+03  7.96994664e-01
 6.65813800e+03  7.95534957e-01
 6.65903800e+03  7.95804352e-01
 6.65993900e+03  7.97525910e-01
 6.66083900e+03  7.96985343e-01
 6.66173900e+03  7.93928347e-01
 6.66263900e+03  7.90957007e-01
 6.66354000e+03  7.86366186e-01
 6.66444000e+03  7.77843166e-01
 6.66534000e+03  7.73703262e-01
 6.66624000e+03  7.79356575e-01
 6.66714000e+03  7.85457254e-01
 6.66804100e+03  7.85689369e-01
 6.66894100e+03  7.84460889e-01
 6.66984100e+03  7.86692834e-01
 6.67074100e+03  7.92028376e-01
 6.67164100e+03  7.97203257e-01
 6.67254200e+03  7.99058846e-01
 6.67344200e+03  7.97777553e-01
 6.67434200e+03  7.96580141e-01
 6.67524300e+03  7.96563719e-01
 6.67614300e+03  7.96950726e-01
 6.67704300e+03  7.99575003e-01
 6.67794400e+03  8.53632092e-01
 6.67884400e+03  1.17252946e+00
 6.67974400e+03  1.63693551e+00
 6.68064400e+03  1.46216745e+00
 6.68154400e+03  9.77515010e-01
 6.68244500e+03  8.03982528e-01
 6.68334500e+03  7.87476167e-01
 6.68424500e+03  7.90677403e-01
 6.68514500e+03  7.94531491e-01
 6.68604600e+03  7.96514456e-01
 6.68694600e+03  7.96567270e-01
 6.68784600e+03  7.95728904e-01
 6.68874600e+03  7.93510717e-01
 6.68964600e+03  7.92127790e-01
 6.69054700e+03  7.93786326e-01
 6.69144700e+03  7.95783049e-01
 6.69234700e+03  7.96528214e-01
 6.69324700e+03  7.96260150e-01
 6.69414800e+03  7.95569574e-01
 6.69504800e+03  7.95315268e-01
 6.69594800e+03  7.93934560e-01
 6.69684800e+03  7.88019396e-01
 6.69774900e+03  7.81055054e-01
 6.69864900e+03  7.79035697e-01
 6.69954900e+03  7.82005706e-01
 6.70044900e+03  7.86612060e-01
 6.70135000e+03  7.91774514e-01
 6.70225000e+03  7.95362756e-01
 6.70315000e+03  7.95432435e-01
 6.70405100e+03  7.91847299e-01
 6.70495100e+03  7.85631673e-01
 6.70585100e+03  7.81232580e-01
 6.70675100e+03  7.82634147e-01
 6.70765100e+03  7.87456639e-01
 6.70855200e+03  7.90561124e-01
 6.70945200e+03  7.90498102e-01
 6.71035200e+03  7.89156450e-01
 6.71125200e+03  7.86285856e-01
 6.71215200e+03  7.84243864e-01
 6.71305300e+03  7.85705346e-01
 6.71395300e+03  7.85832277e-01
 6.71485300e+03  7.86296507e-01
 6.71575300e+03  8.85786919e-01
 6.71665400e+03  1.85980999e+00
 6.71755400e+03  4.82275811e+00
 6.71845400e+03  6.32974465e+00
 6.71935500e+03  3.57334040e+00
 6.72025500e+03  1.29211004e+00
 6.72115500e+03  8.16684508e-01
 6.72205500e+03  7.86298726e-01
 6.72295600e+03  7.83701522e-01
 6.72385600e+03  7.82698944e-01
 6.72475600e+03  7.85660965e-01
 6.72565600e+03  7.88046025e-01
 6.72655700e+03  7.85460804e-01
 6.72745700e+03  7.80621003e-01
 6.72835700e+03  7.78989096e-01
 6.72925700e+03  7.84751588e-01
 6.73015700e+03  8.74446563e-01
 6.73105800e+03  1.67567034e+00
 6.73195800e+03  4.02048738e+00
 6.73285800e+03  5.11190347e+00
 6.73375800e+03  2.91426607e+00
 6.73465800e+03  1.16935308e+00
 6.73555900e+03  8.08434878e-01
 6.73645900e+03  7.84443137e-01
 6.73735900e+03  7.86342664e-01
 6.73826000e+03  7.86472258e-01
 6.73916000e+03  7.81759388e-01
 6.74006000e+03  7.75391090e-01
 6.74096000e+03  7.72772138e-01
 6.74186000e+03  7.75344045e-01
 6.74276100e+03  7.78654904e-01
 6.74366100e+03  7.77468587e-01
 6.74456100e+03  7.74069853e-01
 6.74546200e+03  7.74237171e-01
 6.74636200e+03  7.77314139e-01
 6.74726200e+03  7.78098360e-01
 6.74816200e+03  7.76322213e-01
 6.74906300e+03  7.74637048e-01
 6.74996300e+03  7.72785453e-01
 6.75086300e+03  7.69887786e-01
 6.75176300e+03  7.68567881e-01
 6.75266300e+03  7.70967144e-01
 6.75356400e+03  7.71949306e-01
 6.75446400e+03  7.69881129e-01
 6.75536400e+03  7.71801515e-01
 6.75626400e+03  7.76595159e-01
 6.75716400e+03  7.78955366e-01
 6.75806500e+03  7.80123931e-01
 6.75896500e+03  7.82237377e-01
 6.75986500e+03  7.85022759e-01
 6.76076600e+03  7.87990992e-01
 6.76166600e+03  7.89818622e-01
 6.76256600e+03  7.88840898e-01
 6.76346700e+03  7.86027999e-01
 6.76436700e+03  7.84936215e-01
 6.76526700e+03  7.86490454e-01
 6.76616700e+03  7.86942702e-01
 6.76706800e+03  7.83219539e-01
 6.76796800e+03  7.75798955e-01
 6.76886800e+03  7.69597975e-01
 6.76976800e+03  7.69764405e-01
 6.77066800e+03  7.74710722e-01
 6.77156900e+03  7.76524149e-01
 6.77246900e+03  7.73896765e-01
 6.77336900e+03  7.73182223e-01
 6.77426900e+03  7.76858341e-01
 6.77516900e+03  7.81326669e-01
 6.77607000e+03  7.85148802e-01
 6.77697000e+03  7.88343825e-01
 6.77787000e+03  7.89376582e-01
 6.77877000e+03  7.87851191e-01
 6.77967100e+03  7.87438443e-01
 6.78057100e+03  7.89525260e-01
 6.78147100e+03  7.90047630e-01
 6.78237100e+03  7.87079841e-01
 6.78327200e+03  7.81610710e-01
 6.78417200e+03  7.73747643e-01
 6.78507200e+03  7.65698618e-01
 6.78597200e+03  7.61862282e-01
 6.78687300e+03  7.62895483e-01
 6.78777300e+03  7.65943604e-01
 6.78867300e+03  7.70917880e-01
 6.78957400e+03  7.77192090e-01
 6.79047400e+03  7.79446226e-01
 6.79137400e+03  7.77870239e-01
 6.79227400e+03  7.77943469e-01
 6.79317400e+03  7.79347255e-01
 6.79407500e+03  7.77244016e-01
 6.79497500e+03  7.72129051e-01
 6.79587500e+03  7.69873584e-01
 6.79677500e+03  7.70872167e-01
 6.79767500e+03  7.73007804e-01
 6.79857600e+03  7.76319106e-01
 6.79947600e+03  7.78462732e-01
 6.80037600e+03  7.78659342e-01
 6.80127600e+03  7.79083185e-01
 6.80217700e+03  7.80072005e-01
 6.80307700e+03  7.80921466e-01
 6.80397700e+03  7.80669823e-01
 6.80487700e+03  7.78155168e-01
 6.80577800e+03  7.75993790e-01
 6.80667800e+03  7.77192090e-01
 6.80757800e+03  7.77412222e-01
 6.80847900e+03  7.75627199e-01
 6.80937900e+03  7.76835263e-01
 6.81027900e+03  7.78545725e-01
 6.81117900e+03  7.76259191e-01
 6.81208000e+03  7.74076066e-01
 6.81298000e+03  7.75335613e-01
 6.81388000e+03  7.77145490e-01
 6.81478000e+03  7.76362600e-01
 6.81568000e+03  7.72062922e-01
 6.81658100e+03  7.68087673e-01
 6.81748100e+03  7.70893026e-01
 6.81838100e+03  7.78247926e-01
 6.81928100e+03  7.82132637e-01
 6.82018100e+03  7.79960607e-01
 6.82108200e+03  7.74720929e-01
 6.82198200e+03  7.71536114e-01
 6.82288200e+03  7.73878125e-01
 6.82378300e+03  7.79236301e-01
 6.82468300e+03  7.83388633e-01
 6.82558300e+03  7.84700549e-01
 6.82648300e+03  7.84231881e-01
 6.82738400e+03  7.83275016e-01
 6.82828400e+03  7.79736037e-01
 6.82918400e+03  7.72172101e-01
 6.83008400e+03  7.66308863e-01
 6.83098500e+03  7.68094774e-01
 6.83188500e+03  7.74876708e-01
 6.83278500e+03  7.79322845e-01
 6.83368500e+03  7.77839172e-01
 6.83458600e+03  7.74735575e-01
 6.83548600e+03  7.75790079e-01
 6.83638600e+03  7.79751126e-01
 6.83728600e+03  7.81385696e-01
 6.83818600e+03  7.78591438e-01
 6.83908700e+03  7.74203441e-01
 6.83998700e+03  7.69458617e-01
 6.84088700e+03  7.63831933e-01
 6.84178700e+03  7.57950055e-01
 6.84268800e+03  7.51935476e-01
 6.84358800e+03  7.49139887e-01
 6.84448800e+03  7.52928734e-01
 6.84538800e+03  7.61441102e-01
 6.84628800e+03  7.70673782e-01
 6.84718900e+03  7.75690221e-01
 6.84808900e+03  7.75901477e-01
 6.84898900e+03  7.75285018e-01
 6.84989000e+03  7.75299664e-01
 6.85079000e+03  7.74868720e-01
 6.85169000e+03  7.74570476e-01
 6.85259100e+03  7.75030268e-01
 6.85349100e+03  7.76355499e-01
 6.85439100e+03  7.77461042e-01
 6.85529100e+03  7.74129324e-01
 6.85619100e+03  7.64828297e-01
 6.85709200e+03  7.57930527e-01
 6.85799200e+03  7.59354285e-01
 6.85889200e+03  7.63191952e-01
 6.85979200e+03  7.66197022e-01
 6.86069200e+03  7.68639335e-01
 6.86159300e+03  7.66418042e-01
 6.86249300e+03  7.59336532e-01
 6.86339300e+03  7.55842378e-01
 6.86429300e+03  7.62263047e-01
 6.86519400e+03  7.73108106e-01
 6.86609400e+03  7.78993535e-01
 6.86699400e+03  7.78421013e-01
 6.86789500e+03  7.73276312e-01
 6.86879500e+03  7.63676597e-01
 6.86969500e+03  7.55908951e-01
 6.87059500e+03  7.58548761e-01
 6.87149500e+03  7.67428608e-01
 6.87239600e+03  7.70930751e-01
 6.87329600e+03  7.66905794e-01
 6.87419600e+03  7.63236777e-01
 6.87509700e+03  7.65016918e-01
 6.87599700e+03  7.67910147e-01
 6.87689700e+03  7.67921686e-01
 6.87779700e+03  7.68267862e-01
 6.87869700e+03  7.72112186e-01
 6.87959800e+03  7.76520155e-01
 6.88049800e+03  7.77270645e-01
 6.88139800e+03  7.74767086e-01
 6.88229800e+03  7.70532205e-01
 6.88319800e+03  7.64501649e-01
 6.88409900e+03  7.59382689e-01
 6.88499900e+03  7.60829082e-01
 6.88589900e+03  7.67828041e-01
 6.88679900e+03  7.71220562e-01
 6.88770000e+03  7.69046757e-01
 6.88860000e+03  7.69812337e-01
 6.88950000e+03  7.74870051e-01
 6.89040000e+03  7.77364290e-01
 6.89130100e+03  7.77604394e-01
 6.89220100e+03  7.79677897e-01
 6.89310100e+03  7.80793647e-01
 6.89400200e+03  7.78526641e-01
 6.89490200e+03  7.76336859e-01
 6.89580200e+03  7.77062052e-01
 6.89670200e+03  7.76320882e-01
 6.89760300e+03  7.72895519e-01
 6.89850300e+03  7.72290155e-01
 6.89940300e+03  7.75922780e-01
 6.90030300e+03  7.77428643e-01
 6.90120300e+03  7.73814659e-01
 6.90210400e+03  7.71205916e-01
 6.90300400e+03  7.75427926e-01
 6.90390400e+03  7.81462033e-01
 6.90480400e+03  7.81943572e-01
 6.90570400e+03  7.78247926e-01
 6.90660500e+03  7.76107407e-01
 6.90750500e+03  7.77535159e-01
 6.90840500e+03  7.80714205e-01
 6.90930600e+03  7.81833506e-01
 6.91020600e+03  7.80411523e-01
 6.91110600e+03  7.79200796e-01
 6.91200600e+03  7.78155612e-01
 6.91290700e+03  7.74942393e-01
 6.91380700e+03  7.71018626e-01
 6.91470700e+03  7.66181044e-01
 6.91560800e+03  7.60094568e-01
 6.91650800e+03  7.59466570e-01
 6.91740800e+03  7.63601149e-01
 6.91830800e+03  7.64850044e-01
 6.91920800e+03  7.65306729e-01
 6.92010900e+03  7.68898523e-01
 6.92100900e+03  7.73540826e-01
 6.92190900e+03  7.76786000e-01
 6.92280900e+03  7.78112118e-01
 6.92370900e+03  7.77317246e-01
 6.92461000e+03  7.72819627e-01
 6.92551000e+03  7.64446616e-01
 6.92641000e+03  7.56645683e-01
 6.92731000e+03  7.54793200e-01
 6.92821100e+03  7.59695579e-01
 6.92911100e+03  7.66183264e-01
 6.93001100e+03  7.69103121e-01
 6.93091100e+03  7.69349882e-01
 6.93181200e+03  7.69503442e-01
 6.93271200e+03  7.69416455e-01
 6.93361200e+03  7.66357239e-01
 6.93451200e+03  7.61197892e-01
 6.93541300e+03  7.60259223e-01
 6.93631300e+03  7.65126540e-01
 6.93721300e+03  7.69329911e-01
 6.93811400e+03  7.69085812e-01
 6.93901400e+03  7.66959939e-01
 6.93991400e+03  7.66559619e-01
 6.94081400e+03  7.68647323e-01
 6.94171400e+03  7.71131355e-01
 6.94261500e+03  7.71583158e-01
 6.94351500e+03  7.68725435e-01
 6.94441500e+03  7.63496852e-01
 6.94531500e+03  7.56817883e-01
 6.94621500e+03  7.49556185e-01
 6.94711600e+03  7.47370397e-01
 6.94801600e+03  7.53202124e-01
 6.94891600e+03  7.60191764e-01
 6.94981600e+03  7.64022329e-01
 6.95071700e+03  7.65868599e-01
 6.95161700e+03  7.64145710e-01
 6.95251700e+03  7.58175513e-01
 6.95341700e+03  7.53647270e-01
 6.95431800e+03  7.53222539e-01
 6.95521800e+03  7.53786184e-01
 6.95611800e+03  7.54648073e-01
 6.95701900e+03  7.58048138e-01
 6.95791900e+03  7.63360601e-01
 6.95881900e+03  7.66374104e-01
 6.95971900e+03  7.66319959e-01
 6.96062000e+03  7.65753651e-01
 6.96152000e+03  7.65075502e-01
 6.96242000e+03  7.65536182e-01
 6.96332000e+03  7.66980799e-01
 6.96422000e+03  7.67994472e-01
 6.96512100e+03  7.69351658e-01
 6.96602100e+03  7.68911837e-01
 6.96692100e+03  7.64724888e-01
 6.96782100e+03  7.61918203e-01
 6.96872100e+03  7.65533519e-01
 6.96962200e+03  7.71161978e-01
 6.97052200e+03  7.72915047e-01
 6.97142200e+03  7.69650789e-01
 6.97232300e+03  7.63829714e-01
 6.97322300e+03  7.61600432e-01
 6.97412300e+03  7.66094057e-01
 6.97502300e+03  7.69467937e-01
 6.97592300e+03  7.65620063e-01
 6.97682400e+03  7.58777326e-01
 6.97772400e+03  7.52494239e-01
 6.97862400e+03  7.43913080e-01
 6.97952500e+03  7.31038899e-01
 6.98042500e+03  7.22934841e-01
 6.98132500e+03  7.30171242e-01
 6.98222500e+03  7.45994571e-01
 6.98312600e+03  7.57680659e-01
 6.98402600e+03  7.64249562e-01
 6.98492600e+03  7.68192857e-01
 6.98582600e+03  7.69076049e-01
 6.98672600e+03  7.67858221e-01
 6.98762700e+03  7.66197022e-01
 6.98852700e+03  7.64981857e-01
 6.98942700e+03  7.63034397e-01
 6.99032700e+03  7.58912689e-01
 6.99122700e+03  7.55566325e-01
 6.99212800e+03  7.57749894e-01
 6.99302800e+03  7.64151479e-01
 6.99392800e+03  7.68460034e-01
 6.99482800e+03  7.67829817e-01
 6.99572900e+03  7.64123075e-01
 6.99662900e+03  7.62369563e-01
 6.99752900e+03  7.64446172e-01
 6.99843000e+03  7.66727824e-01
 6.99933000e+03  7.65673764e-01
 7.00023000e+03  7.58615333e-01
 7.00113100e+03  7.49356025e-01
 7.00203100e+03  7.46930577e-01
 7.00293100e+03  7.53345476e-01
 7.00383100e+03  7.60441187e-01
 7.00473100e+03  7.60145163e-01
 7.00563200e+03  7.52924740e-01
 7.00653200e+03  7.47427205e-01
 7.00743200e+03  7.47123636e-01
 7.00833200e+03  7.49535326e-01
 7.00923200e+03  7.53381425e-01
 7.01013300e+03  7.57929196e-01
 7.01103300e+03  7.60812217e-01
 7.01193300e+03  7.59854020e-01
 7.01283300e+03  7.57329602e-01
 7.01373400e+03  7.57089054e-01
 7.01463400e+03  7.59227798e-01
 7.01553400e+03  7.59101310e-01
 7.01643400e+03  7.50458461e-01
 7.01733500e+03  7.35155726e-01
 7.01823500e+03  7.26596313e-01
 7.01913500e+03  7.35417133e-01
 7.02003500e+03  7.52286534e-01
 7.02093600e+03  7.63066352e-01
 7.02183600e+03  7.66392300e-01
 7.02273600e+03  7.65984878e-01
 7.02363700e+03  7.60791357e-01
 7.02453700e+03  7.50047488e-01
 7.02543700e+03  7.40581806e-01
 7.02633700e+03  7.39513100e-01
 7.02723700e+03  7.45841899e-01
 7.02813800e+03  7.51942134e-01
 7.02903800e+03  7.53864296e-01
 7.02993800e+03  7.54044484e-01
 7.03083800e+03  7.55122511e-01
 7.03173800e+03  7.56706042e-01
 7.03263900e+03  7.57581689e-01
 7.03353900e+03  7.56318592e-01
 7.03443900e+03  7.54508715e-01
 7.03533900e+03  7.54026732e-01
 7.03624000e+03  7.54368469e-01
 7.03714000e+03  7.56683851e-01
 7.03804000e+03  7.57680215e-01
 7.03894000e+03  7.50319990e-01
 7.03984100e+03  7.39327585e-01
 7.04074100e+03  7.39839747e-01
 7.04164100e+03  7.53861633e-01
 7.04254200e+03  7.68566993e-01
 7.04344200e+03  7.75136340e-01
 7.04434200e+03  7.75494942e-01
 7.04524200e+03  7.71224112e-01
 7.04614300e+03  7.63547004e-01
 7.04704300e+03  7.58789309e-01
 7.04794300e+03  7.61353671e-01
 7.04884300e+03  7.67799637e-01
 7.04974300e+03  7.73198201e-01
 7.05064400e+03  7.74940618e-01
 7.05154400e+03  7.72923035e-01
 7.05244400e+03  7.67514708e-01
 7.05334400e+03  7.56985201e-01
 7.05424400e+03  7.43312154e-01
 7.05514500e+03  7.34216614e-01
 7.05604500e+03  7.33918370e-01
 7.05694500e+03  7.40150862e-01
 7.05784600e+03  7.48508338e-01
 7.05874600e+03  7.54193606e-01
 7.05964600e+03  7.53734258e-01
 7.06054600e+03  7.46761927e-01
 7.06144700e+03  7.38331221e-01
 7.06234700e+03  7.35714045e-01
 7.06324700e+03  7.38732429e-01
 7.06414800e+03  7.43572674e-01
 7.06504800e+03  7.80002326e-01
 7.06594800e+03  9.71821310e-01
 7.06684800e+03  1.25945725e+00
 7.06774800e+03  1.16840731e+00
 7.06864900e+03  8.61195140e-01
 7.06954900e+03  7.38807878e-01
 7.07044900e+03  7.25979411e-01
 7.07134900e+03  7.34701259e-01
 7.07224900e+03  7.45608896e-01
 7.07315000e+03  7.50323985e-01
 7.07405000e+03  7.50065685e-01
 7.07495000e+03  7.50037724e-01
 7.07585000e+03  7.50251643e-01
 7.07675100e+03  7.48943721e-01
 7.07765100e+03  7.46855572e-01
 7.07855100e+03  7.46441493e-01
 7.07945100e+03  7.48121332e-01
 7.08035100e+03  7.49201133e-01
 7.08125200e+03  7.50153116e-01
 7.08215200e+03  7.52302511e-01
 7.08305200e+03  7.52086373e-01
 7.08395300e+03  7.45754467e-01
 7.08485300e+03  7.33726198e-01
 7.08575300e+03  7.20404209e-01
 7.08665400e+03  7.14602661e-01
 7.08755400e+03  7.17485683e-01
 7.08845400e+03  7.18951603e-01
 7.08935400e+03  7.16791112e-01
 7.09025400e+03  7.15643851e-01
 7.09115500e+03  7.14769536e-01
 7.09205500e+03  7.13780716e-01
 7.09295500e+03  7.14710508e-01
 7.09385500e+03  7.15159649e-01
 7.09475500e+03  7.13537062e-01
 7.09565600e+03  7.13085702e-01
 7.09655600e+03  7.13407468e-01
 7.09745600e+03  7.13067062e-01
 7.09835600e+03  7.13081708e-01
 7.09925700e+03  7.14972359e-01
 7.10015700e+03  7.21251895e-01
 7.10105700e+03  7.28222894e-01
 7.10195800e+03  7.29715444e-01
 7.10285800e+03  7.27012611e-01
 7.10375800e+03  7.22740006e-01
 7.10465800e+03  7.21294057e-01
 7.10555900e+03  7.25579533e-01
 7.10645900e+03  7.31465849e-01
 7.10735900e+03  7.32173290e-01
 7.10825900e+03  7.27431129e-01
 7.10916000e+03  7.23782527e-01
 7.11006000e+03  7.24713651e-01
 7.11096000e+03  7.25168117e-01
 7.11186000e+03  7.20394889e-01
 7.11276000e+03  7.14368327e-01
 7.11366100e+03  7.13796694e-01
 7.11456100e+03  7.18854851e-01
 7.11546100e+03  7.24110950e-01
 7.11636100e+03  7.26500449e-01
 7.11726100e+03  7.27518117e-01
 7.11816200e+03  7.28490515e-01
 7.11906200e+03  7.28081318e-01
 7.11996200e+03  7.27121346e-01
 7.12086300e+03  7.25845822e-01
 7.12176300e+03  7.24647522e-01
 7.12266300e+03  7.23748353e-01
 7.12356300e+03  7.21409006e-01
 7.12446300e+03  7.21598958e-01
 7.12536400e+03  7.25323452e-01
 7.12626400e+03  7.24643972e-01
 7.12716400e+03  7.19118477e-01
 7.12806500e+03  7.16011774e-01
 7.12896500e+03  7.18406598e-01
 7.12986500e+03  7.22292197e-01
 7.13076500e+03  7.20709997e-01
 7.13166600e+03  7.12382256e-01
 7.13256600e+03  7.05792493e-01
 7.13346600e+03  7.08361294e-01
 7.13436600e+03  7.17988081e-01
 7.13526600e+03  7.77420655e-01
 7.13616700e+03  1.26124360e+00
 7.13706700e+03  2.64975066e+00
 7.13796700e+03  3.27380534e+00
 7.13886700e+03  1.97096475e+00
 7.13976700e+03  9.51735582e-01
 7.14066800e+03  7.39150059e-01
 7.14156800e+03  7.23424369e-01
 7.14246800e+03  7.27329495e-01
 7.14336800e+03  7.30548928e-01
 7.14426900e+03  7.29579636e-01
 7.14516900e+03  7.28676029e-01
 7.14606900e+03  7.28953857e-01
 7.14697000e+03  7.29491317e-01
 7.14787000e+03  7.29578305e-01
 7.14877000e+03  7.24863216e-01
 7.14967100e+03  7.15899488e-01
 7.15057100e+03  7.12896637e-01
 7.15147100e+03  7.17533615e-01
 7.15237100e+03  7.22510998e-01
 7.15327100e+03  7.26940713e-01
 7.15417200e+03  7.33422185e-01
 7.15507200e+03  7.37559427e-01
 7.15597200e+03  7.34005802e-01
 7.15687200e+03  7.28051582e-01
 7.15777200e+03  7.28776775e-01
 7.15867300e+03  7.35011042e-01
 7.15957300e+03  7.37077888e-01
 7.16047300e+03  7.33043167e-01
 7.16137300e+03  7.28643187e-01
 7.16227400e+03  7.27884264e-01
 7.16317400e+03  7.31433007e-01
 7.16407400e+03  7.33786557e-01
 7.16497400e+03  7.27649042e-01
 7.16587500e+03  7.14706070e-01
 7.16677500e+03  7.06796403e-01
 7.16767500e+03  7.11276713e-01
 7.16857500e+03  7.22759534e-01
 7.16947600e+03  7.31483602e-01
 7.17037600e+03  7.34153148e-01
 7.17127600e+03  7.33060476e-01
 7.17217700e+03  7.32566066e-01
 7.17307700e+03  7.35311061e-01
 7.17397700e+03  7.38744412e-01
 7.17487700e+03  7.39789152e-01
 7.17577700e+03  7.38175442e-01
 7.17667800e+03  7.33557549e-01
 7.17757800e+03  7.27713839e-01
 7.17847800e+03  7.26583886e-01
 7.17937800e+03  7.31271902e-01
 7.18027800e+03  7.33790108e-01
 7.18117900e+03  7.27172829e-01
 7.18207900e+03  7.15537335e-01
 7.18297900e+03  7.09475269e-01
 7.18387900e+03  7.16215928e-01
 7.18478000e+03  7.29920930e-01
 7.18568000e+03  7.37094753e-01
 7.18658000e+03  7.36446339e-01
 7.18748000e+03  7.31902563e-01
 7.18838100e+03  7.22219411e-01
 7.18928100e+03  7.12344975e-01
 7.19018100e+03  7.10319848e-01
 7.19108200e+03  7.14216986e-01
 7.19198200e+03  7.20240885e-01
 7.19288200e+03  7.24043490e-01
 7.19378200e+03  7.23030261e-01
 7.19468300e+03  7.20900838e-01
 7.19558300e+03  7.22445757e-01
 7.19648300e+03  7.27568711e-01
 7.19738300e+03  7.29669287e-01
 7.19828300e+03  7.24895171e-01
 7.19918400e+03  7.21743198e-01
 7.20008400e+03  7.25940799e-01
 7.20098400e+03  7.32199919e-01
 7.20188400e+03  7.33763035e-01
 7.20278400e+03  7.30874244e-01
 7.20368500e+03  7.29029306e-01
 7.20458500e+03  7.32593139e-01
 7.20548500e+03  7.38973421e-01
 7.20638600e+03  7.41719747e-01
 7.20728600e+03  7.36257274e-01
 7.20818600e+03  7.22401819e-01
 7.20908600e+03  7.10984683e-01
 7.20998700e+03  7.11047705e-01
 7.21088700e+03  7.19298666e-01
 7.21178700e+03  7.30259117e-01
 7.21268800e+03  7.39697727e-01
 7.21358800e+03  7.40912892e-01
 7.21448800e+03  7.34497992e-01
 7.21538800e+03  7.27802158e-01
 7.21628800e+03  7.24430497e-01
 7.21718900e+03  7.24522810e-01
 7.21808900e+03  7.28330298e-01
 7.21898900e+03  7.34752298e-01
 7.21988900e+03  7.39157160e-01
 7.22078900e+03  7.38268643e-01
 7.22169000e+03  7.34146491e-01
 7.22259000e+03  7.30439306e-01
 7.22349000e+03  7.27825236e-01
 7.22439000e+03  7.24654179e-01
 7.22529100e+03  7.23528221e-01
 7.22619100e+03  7.28513149e-01
 7.22709100e+03  7.36070872e-01
 7.22799100e+03  7.40896027e-01
 7.22889200e+03  7.40977689e-01
 7.22979200e+03  7.36311420e-01
 7.23069200e+03  7.32596689e-01
 7.23159200e+03  7.35376302e-01
 7.23249300e+03  7.41508491e-01
 7.23339300e+03  7.45771332e-01
 7.23429300e+03  7.46824949e-01
 7.23519400e+03  7.47391256e-01
 7.23609400e+03  7.46979396e-01
 7.23699400e+03  7.43243363e-01
 7.23789400e+03  7.38510078e-01
 7.23879400e+03  7.37037944e-01
 7.23969500e+03  7.37726745e-01
 7.24059500e+03  7.36802279e-01
 7.24149500e+03  7.34535273e-01
 7.24239500e+03  7.35597765e-01
 7.24329500e+03  7.41070002e-01
 7.24419600e+03  7.43989416e-01
 7.24509600e+03  7.39054639e-01
 7.24599600e+03  7.30568456e-01
 7.24689600e+03  7.26427220e-01
 7.24779700e+03  7.31186246e-01
 7.24869700e+03  7.40620861e-01
 7.24959700e+03  7.47084580e-01
 7.25049800e+03  7.46510728e-01
 7.25139800e+03  7.40335932e-01
 7.25229800e+03  7.32277143e-01
 7.25319800e+03  7.27580694e-01
 7.25409900e+03  7.29214821e-01
 7.25499900e+03  7.34160249e-01
 7.25589900e+03  7.38005461e-01
 7.25679900e+03  7.40641721e-01
 7.25770000e+03  7.44421248e-01
 7.25860000e+03  7.47683730e-01
 7.25950000e+03  7.48465288e-01
 7.26040000e+03  7.45273816e-01
 7.26130000e+03  7.40191249e-01
 7.26220100e+03  7.29485548e-01
 7.26310100e+03  7.19495720e-01
 7.26400100e+03  7.22176805e-01
 7.26490100e+03  7.32727615e-01
 7.26580100e+03  7.39268114e-01
 7.26670200e+03  7.41323420e-01
 7.26760200e+03  7.43878018e-01
 7.26850200e+03  7.47204410e-01
 7.26940300e+03  7.48059198e-01
 7.27030300e+03  7.45762456e-01
 7.27120300e+03  7.42422750e-01
 7.27210300e+03  7.38615262e-01
 7.27300300e+03  7.35359881e-01
 7.27390400e+03  7.34801562e-01
 7.27480400e+03  7.35915981e-01
 7.27570400e+03  7.37605140e-01
 7.27660500e+03  7.39766074e-01
 7.27750500e+03  7.42367273e-01
 7.27840500e+03  7.42994827e-01
 7.27930500e+03  7.40583137e-01
 7.28020600e+03  7.38123072e-01
 7.28110600e+03  7.37445810e-01
 7.28200600e+03  7.34636019e-01
 7.28290600e+03  7.26743216e-01
 7.28380600e+03  7.17602406e-01
 7.28470700e+03  7.14289772e-01
 7.28560700e+03  7.17786589e-01
 7.28650700e+03  7.24397211e-01
 7.28740700e+03  7.32319749e-01
 7.28830700e+03  7.36975810e-01
 7.28920800e+03  7.33365821e-01
 7.29010800e+03  7.24512159e-01
 7.29100800e+03  7.18858402e-01
 7.29190800e+03  7.17098676e-01
 7.29280900e+03  7.14743795e-01
 7.29370900e+03  7.13065731e-01
 7.29460900e+03  7.16314455e-01
 7.29551000e+03  7.25171668e-01
 7.29641000e+03  7.35141524e-01
 7.29731000e+03  7.43561135e-01
 7.29821100e+03  7.47496441e-01
 7.29911100e+03  7.44300086e-01
 7.30001100e+03  7.37611353e-01
 7.30091100e+03  7.32692110e-01
 7.30181100e+03  7.31685538e-01
 7.30271200e+03  7.33109296e-01
 7.30361200e+03  7.34593856e-01
 7.30451200e+03  7.35772185e-01
 7.30541200e+03  7.37713874e-01
 7.30631200e+03  7.39600531e-01
 7.30721300e+03  7.38433742e-01
 7.30811300e+03  7.32951298e-01
 7.30901300e+03  7.26425444e-01
 7.30991300e+03  7.23616540e-01
 7.31081400e+03  7.26678419e-01
 7.31171400e+03  7.28661827e-01
 7.31261400e+03  7.25939467e-01
 7.31351500e+03  7.25654538e-01
 7.31441500e+03  7.30732223e-01
 7.31531500e+03  7.36507586e-01
 7.31621500e+03  7.37860777e-01
 7.31711500e+03  7.34618266e-01
 7.31801600e+03  7.30737549e-01
 7.31891600e+03  7.29516171e-01
 7.31981600e+03  7.43843845e-01
 7.32071700e+03  8.25307386e-01
 7.32161700e+03  9.54081144e-01
 7.32251700e+03  9.26045805e-01
 7.32341700e+03  7.97384777e-01
 7.32431700e+03  7.41663826e-01
 7.32521800e+03  7.29276067e-01
 7.32611800e+03  7.24082102e-01
 7.32701800e+03  7.20860007e-01
 7.32791800e+03  7.21486673e-01
 7.32881800e+03  7.28773225e-01
 7.32971900e+03  7.39823326e-01
 7.33061900e+03  7.76338190e-01
 7.33151900e+03  8.74825581e-01
 7.33241900e+03  9.16081719e-01
 7.33332000e+03  8.20840390e-01
 7.33422000e+03  7.48665893e-01
 7.33512000e+03  7.33790108e-01
 7.33602000e+03  7.33748833e-01
 7.33692100e+03  7.37301127e-01
 7.33782100e+03  7.41581277e-01
 7.33872100e+03  7.43333901e-01
 7.33962200e+03  7.42666404e-01
 7.34052200e+03  7.41854667e-01
 7.34142200e+03  7.42695252e-01
 7.34232200e+03  7.44525100e-01
 7.34322300e+03  7.45522352e-01
 7.34412300e+03  7.41414402e-01
 7.34502300e+03  7.31440996e-01
 7.34592300e+03  7.23423037e-01
 7.34682300e+03  7.25083348e-01
 7.34772400e+03  7.32439135e-01
 7.34862400e+03  7.38046735e-01
 7.34952400e+03  7.40773978e-01
 7.35042400e+03  7.39966235e-01
 7.35132400e+03  7.34634687e-01
 7.35222500e+03  7.28108390e-01
 7.35312500e+03  7.25910175e-01
 7.35402500e+03  7.28270383e-01
 7.35492600e+03  7.29102535e-01
 7.35582600e+03  7.24494406e-01
 7.35672600e+03  7.16773360e-01
 7.35762600e+03  7.08982634e-01
 7.35852700e+03  7.11682360e-01
 7.35942700e+03  7.22772848e-01
 7.36032700e+03  7.34463375e-01
 7.36122700e+03  7.39388388e-01
 7.36212800e+03  7.35520542e-01
 7.36302800e+03  7.26549713e-01
 7.36392800e+03  7.18772302e-01
 7.36482800e+03  7.16847477e-01
 7.36572900e+03  7.20327429e-01
 7.36662900e+03  7.25158353e-01
 7.36752900e+03  7.28059571e-01
 7.36842900e+03  7.30699825e-01
 7.36932900e+03  7.33070240e-01
 7.37023000e+03  7.32929551e-01
 7.37113000e+03  7.31687757e-01
 7.37203000e+03  7.33918370e-01
 7.37293000e+03  7.37825272e-01
 7.37383100e+03  7.38992949e-01
 7.37473100e+03  7.37075225e-01
 7.37563100e+03  7.34438965e-01
 7.37653100e+03  7.31773857e-01
 7.37743200e+03  7.30137512e-01
 7.37833200e+03  7.30971440e-01
 7.37923200e+03  7.34190429e-01
 7.38013200e+03  7.37346840e-01
 7.38103300e+03  7.37512826e-01
 7.38193300e+03  7.32892270e-01
 7.38283300e+03  7.24872093e-01
 7.38373400e+03  7.18033794e-01
 7.38463400e+03  7.14982123e-01
 7.38553400e+03  7.12795448e-01
 7.38643400e+03  7.06882503e-01
 7.38733400e+03  7.00761853e-01
 7.38823500e+03  6.98564082e-01
 7.38913500e+03  6.97985347e-01
 7.39003500e+03  6.95472024e-01
 7.39093500e+03  6.93063884e-01
 7.39183500e+03  6.96649908e-01
 7.39273600e+03  7.03990162e-01
 7.39363600e+03  7.06868301e-01
 7.39453600e+03  7.04747753e-01
 7.39543600e+03  7.04796573e-01
 7.39633700e+03  7.09847186e-01
 7.39723700e+03  7.14021264e-01
 7.39813700e+03  7.14495258e-01
 7.39903800e+03  7.13873030e-01
 7.39993800e+03  7.11537233e-01
 7.40083800e+03  7.07450586e-01
 7.40173800e+03  7.04577329e-01
 7.41000000e+03  7.37531910e-01
 7.43000000e+03  7.41180956e-01
 7.45000000e+03  7.41540890e-01
 7.47000000e+03  7.41182287e-01
 7.49000000e+03  7.38251778e-01
 7.51000000e+03  7.41194714e-01
 7.53000000e+03  7.43874024e-01
 7.55000000e+03  7.45454005e-01
 7.57000000e+03  7.40980351e-01
 7.59000000e+03  7.35850740e-01
 7.61000000e+03  7.32141779e-01
 7.63000000e+03  7.29902734e-01
 7.65000000e+03  7.26503112e-01
 7.67000000e+03  7.12462586e-01
 7.69000000e+03  7.20703784e-01
 7.71000000e+03  7.15204918e-01
 7.73000000e+03  7.28333848e-01
 7.75000000e+03  7.39396376e-01
 7.77000000e+03  7.31535528e-01
 7.79000000e+03  7.20209374e-01
 7.81000000e+03  7.13645353e-01
 7.83000000e+03  7.09390500e-01
 7.85000000e+03  7.03086555e-01
 7.87000000e+03  7.03682598e-01
 7.89000000e+03  6.91538049e-01
 7.91000000e+03  6.82382149e-01
 7.93000000e+03  6.81981828e-01
 7.95000000e+03  6.76916570e-01
 7.97000000e+03  6.88681213e-01
 7.99000000e+03  6.86130166e-01
 8.01000000e+03  6.88687427e-01
 8.03000000e+03  6.87980873e-01
 8.05000000e+03  6.84774755e-01
 8.07000000e+03  6.82367060e-01
 8.09000000e+03  6.73929252e-01
 8.11000000e+03  6.73713558e-01
 8.13000000e+03  6.78105106e-01
 8.15000000e+03  6.77111405e-01
 8.17000000e+03  6.77533473e-01
 8.19000000e+03  6.68248866e-01
 8.21000000e+03  6.67165958e-01
 8.23000000e+03  6.63272815e-01
 8.25000000e+03  6.51562317e-01
 8.27000000e+03  6.46149551e-01
 8.29000000e+03  6.40609411e-01
 8.31000000e+03  6.27436100e-01
 8.33000000e+03  6.25687025e-01
 8.35000000e+03  6.26437960e-01
 8.37000000e+03  6.25867658e-01
 8.39000000e+03  6.16834695e-01
 8.41000000e+03  6.25132701e-01
 8.43000000e+03  6.16630540e-01
 8.45000000e+03  6.15484166e-01
 8.47000000e+03  6.08366264e-01
 8.49000000e+03  6.21475223e-01
 8.51000000e+03  5.89968365e-01
 8.53000000e+03  6.22847498e-01
 8.55000000e+03  5.74161456e-01
 8.57000000e+03  6.37315861e-01
 8.59000000e+03  6.14124762e-01
 8.61000000e+03  6.07061449e-01
 8.63000000e+03  6.33375229e-01
 8.65000000e+03  6.23955260e-01
 8.67000000e+03  5.62225944e-01
 8.69000000e+03  6.15047009e-01
 8.71000000e+03  6.30175768e-01
 8.73000000e+03  6.22874571e-01
 8.75000000e+03  5.80892796e-01
 8.77000000e+03  6.16604799e-01
 8.79000000e+03  6.27897223e-01
 8.81000000e+03  6.21398887e-01
 8.83000000e+03  6.20291125e-01
 8.85000000e+03  6.05295510e-01
 8.87000000e+03  5.70825744e-01
 8.89000000e+03  6.12940220e-01
 8.91000000e+03  6.22379717e-01
 8.93000000e+03  6.14849067e-01
 8.95000000e+03  6.14768737e-01
 8.97000000e+03  6.14719917e-01
 8.99000000e+03  6.17991276e-01
 9.01000000e+03  5.96975757e-01
 9.03000000e+03  6.87192214e-01
 9.05000000e+03  9.76740553e-01
 9.07000000e+03  1.22661140e+00
 9.09000000e+03  9.90885819e-01
 9.11000000e+03  6.93806387e-01
 9.13000000e+03  6.15044346e-01
 9.15000000e+03  6.02268693e-01
 9.17000000e+03  5.96110318e-01
 9.19000000e+03  5.97446201e-01
 9.21000000e+03  5.95473000e-01
 9.23000000e+03  5.80338027e-01
 9.25000000e+03  5.93275229e-01
 9.27000000e+03  5.82413749e-01
 9.29000000e+03  5.79793466e-01
 9.31000000e+03  5.81324184e-01
 9.33000000e+03  5.78162447e-01
 9.35000000e+03  5.76520332e-01
 9.37000000e+03  5.70253667e-01
 9.39000000e+03  5.71678312e-01
 9.41000000e+03  5.59132555e-01
 9.43000000e+03  5.68841004e-01
 9.45000000e+03  5.61688041e-01
 9.47000000e+03  5.76466630e-01
 9.49000000e+03  7.20582179e-01
 9.51000000e+03  1.38095821e+00
 9.53000000e+03  2.15857681e+00
 9.55000000e+03  1.69139115e+00
 9.57000000e+03  8.71076677e-01
 9.59000000e+03  5.91412982e-01
 9.61000000e+03  5.52798874e-01
 9.63000000e+03  5.49416117e-01
 9.65000000e+03  5.46268583e-01
 9.67000000e+03  5.43088649e-01
 9.69000000e+03  5.46681330e-01
 9.71000000e+03  5.44723219e-01
 9.73000000e+03  5.42129122e-01
 9.75000000e+03  5.38267933e-01
 9.77000000e+03  5.38685119e-01
 9.79000000e+03  5.33332268e-01
 9.81000000e+03  5.39558990e-01
 9.83000000e+03  5.36275204e-01
 9.85000000e+03  5.36712806e-01
 9.87000000e+03  5.33488491e-01
 9.89000000e+03  5.31447387e-01
 9.91000000e+03  5.29855867e-01
 9.93000000e+03  5.31366612e-01
 9.95000000e+03  5.33220427e-01
 9.97000000e+03  5.37757102e-01
 9.99000000e+03  5.42593352e-01
 1.00250000e+04  5.45079159e-01
 1.00750000e+04  5.35360058e-01
 1.01250000e+04  5.24754215e-01
 1.01750000e+04  5.07634946e-01
 1.02250000e+04  5.05292048e-01
 1.02750000e+04  5.07868393e-01
 1.03250000e+04  5.02989980e-01
 1.03750000e+04  4.95351484e-01
 1.04250000e+04  4.88978303e-01
 1.04750000e+04  4.80949693e-01
 1.05250000e+04  4.78309438e-01
 1.05750000e+04  4.73217995e-01
 1.06250000e+04  4.70006107e-01
 1.06750000e+04  4.62463030e-01
 1.07250000e+04  4.77869174e-01
 1.07750000e+04  5.48495645e-01
 1.08250000e+04  6.31159706e-01
 1.08750000e+04  5.95644756e-01
 1.09250000e+04  5.22570203e-01
 1.09750000e+04  4.83722204e-01
 1.10250000e+04  4.43748424e-01
 1.10750000e+04  4.25618944e-01
 1.11250000e+04  4.20765696e-01
 1.11750000e+04  4.17120512e-01
 1.12250000e+04  4.15535871e-01
 1.12750000e+04  4.09130824e-01
 1.13250000e+04  4.06822011e-01
 1.13750000e+04  4.04442675e-01
 1.14250000e+04  4.00196699e-01
 1.14750000e+04  4.02259861e-01
 1.15250000e+04  3.99257187e-01
 1.15750000e+04  3.94752866e-01
 1.16250000e+04  3.89126182e-01
 1.16750000e+04  3.86907241e-01
 1.17250000e+04  3.88172202e-01
 1.17750000e+04  3.80764578e-01
 1.18250000e+04  3.78729864e-01
 1.18750000e+04  3.73885448e-01
 1.19250000e+04  3.76973112e-01
 1.19750000e+04  3.66599739e-01
 1.20250000e+04  3.68965805e-01
 1.20750000e+04  3.64724888e-01
 1.21250000e+04  3.63675266e-01
 1.21750000e+04  3.63186848e-01
 1.22250000e+04  3.59883534e-01
 1.22750000e+04  3.56623404e-01
 1.23250000e+04  3.54062060e-01
 1.23750000e+04  3.52029965e-01
 1.24250000e+04  3.48587559e-01
 1.24750000e+04  3.47429469e-01
 1.25250000e+04  3.44810651e-01
 1.25750000e+04  3.43649498e-01
 1.26250000e+04  3.40788579e-01
 1.26750000e+04  3.38347553e-01
 1.27250000e+04  3.57624694e-01
 1.27750000e+04  4.24866012e-01
 1.28250000e+04  4.56945081e-01
 1.28750000e+04  4.05692014e-01
 1.29250000e+04  3.40791419e-01
 1.29750000e+04  3.26709575e-01
 1.30250000e+04  3.22109123e-01
 1.30750000e+04  3.21893341e-01
 1.31250000e+04  3.17186906e-01
 1.31750000e+04  3.15608790e-01
 1.32250000e+04  3.14794345e-01
 1.32750000e+04  3.10218259e-01
 1.33250000e+04  3.09447974e-01
 1.33750000e+04  3.05281751e-01
 1.34250000e+04  3.05379213e-01
 1.34750000e+04  3.03512395e-01
 1.35250000e+04  3.01534800e-01
 1.35750000e+04  2.97495509e-01
 1.36250000e+04  2.96283095e-01
 1.36750000e+04  2.95564648e-01
 1.37250000e+04  2.94370875e-01
 1.37750000e+04  2.92835187e-01
 1.38250000e+04  2.92038184e-01
 1.38750000e+04  2.89444885e-01
 1.39250000e+04  2.86849767e-01
 1.39750000e+04  2.85147560e-01
 1.40250000e+04  2.80478672e-01
 1.40750000e+04  2.78666221e-01
 1.41250000e+04  2.74030176e-01
 1.41750000e+04  2.73918645e-01
 1.42250000e+04  2.70710796e-01
 1.42750000e+04  2.68062642e-01
 1.43250000e+04  2.70536732e-01
 1.43750000e+04  2.70952720e-01
 1.44250000e+04  2.64417546e-01
 1.44750000e+04  2.67458965e-01
 1.45250000e+04  2.63925711e-01
 1.45700000e+04  2.63986291e-01
 1.46200000e+04  2.60069448e-01
 1.46750000e+04  2.56319257e-01
 1.47250000e+04  2.53539512e-01
 1.47750000e+04  2.53111231e-01
 1.48250000e+04  2.52978841e-01
 1.48750000e+04  2.50721776e-01
 1.49250000e+04  2.53863408e-01
 1.49750000e+04  2.51527877e-01
 1.50250000e+04  2.48432845e-01
 1.50750000e+04  2.46632599e-01
 1.51250000e+04  2.48462049e-01
 1.51750000e+04  2.48526845e-01
 1.52250000e+04  2.48235659e-01
 1.52750000e+04  2.47499858e-01
 1.53250000e+04  2.46827567e-01
 1.53750000e+04  2.47872263e-01
 1.54250000e+04  2.45131085e-01
 1.54750000e+04  2.47155857e-01
 1.55250000e+04  2.44982141e-01
 1.55750000e+04  2.35634602e-01
 1.56250000e+04  2.41031124e-01
 1.56750000e+04  2.38303837e-01
 1.57250000e+04  2.38696569e-01
 1.57750000e+04  2.30006631e-01
 1.58250000e+04  2.31449916e-01
 1.58750000e+04  2.26546961e-01
 1.59250000e+04  2.34046189e-01
 1.59750000e+04  2.30970951e-01
 1.60500000e+04  2.31982716e-01
 1.61500000e+04  2.30823250e-01
 1.62500000e+04  2.29100716e-01
 1.63500000e+04  2.29528642e-01
 1.64500000e+04  2.21117153e-01
 1.65500000e+04  2.25736156e-01
 1.66500000e+04  2.20809234e-01
 1.67500000e+04  2.17625706e-01
 1.68500000e+04  2.11179695e-01
 1.69500000e+04  2.13652853e-01
 1.70500000e+04  2.09138014e-01
 1.71500000e+04  2.07036018e-01
 1.72500000e+04  2.04077460e-01
 1.73500000e+04  1.99495738e-01
 1.74500000e+04  1.98579171e-01
 1.75500000e+04  1.93085942e-01
 1.76500000e+04  1.89762879e-01
 1.77500000e+04  1.84924232e-01
 1.78500000e+04  1.82622608e-01
 1.79500000e+04  1.80848325e-01
 1.80500000e+04  1.79214821e-01
 1.81500000e+04  1.78373436e-01
 1.82500000e+04  1.75487486e-01
 1.83500000e+04  1.69874960e-01
 1.84500000e+04  1.67250594e-01
 1.85500000e+04  1.85946959e-01
 1.86500000e+04  2.65013767e-01
 1.87500000e+04  3.38139626e-01
 1.88500000e+04  2.72900978e-01
 1.89500000e+04  1.78657434e-01
 1.90500000e+04  1.54319428e-01
 1.91500000e+04  1.49625598e-01
 1.92500000e+04  1.48498885e-01
 1.93500000e+04  1.49253770e-01
 1.94500000e+04  1.48396719e-01
 1.95500000e+04  1.44906071e-01
 1.96500000e+04  1.38073187e-01
 1.97500000e+04  1.34040730e-01
 1.98500000e+04  1.32579913e-01
 1.99500000e+04  1.30921555e-01
 2.00500000e+04  1.34868134e-01
 2.01500000e+04  1.33184256e-01
 2.02500000e+04  1.30314594e-01
 2.03500000e+04  1.28689033e-01
 2.04500000e+04  1.27687743e-01
 2.05500000e+04  1.25515890e-01
 2.06500000e+04  1.23842442e-01
 2.07500000e+04  1.22508024e-01
 2.08500000e+04  1.21198549e-01
 2.09500000e+04  1.19253930e-01
 2.10500000e+04  1.18592601e-01
 2.11500000e+04  1.16704790e-01
 2.12500000e+04  1.15402771e-01
 2.13500000e+04  1.14323857e-01
 2.14500000e+04  1.14317067e-01
 2.15500000e+04  1.19019862e-01
 2.16500000e+04  1.22854067e-01
 2.17500000e+04  1.17608575e-01
 2.18500000e+04  1.09065406e-01
 2.19500000e+04  1.05928878e-01
 2.20500000e+04  1.08442379e-01
 2.21500000e+04  1.08101041e-01
 2.22500000e+04  1.05981559e-01
 2.23500000e+04  1.04474319e-01
 2.24500000e+04  1.03198707e-01
 2.25500000e+04  1.01889187e-01
 2.26500000e+04  1.00114771e-01
 2.27500000e+04  9.97041974e-02
 2.28500000e+04  9.74764689e-02
 2.29500000e+04  8.55310156e-02
 2.30500000e+04  8.93330440e-02
 2.31500000e+04  8.86837429e-02
 2.32500000e+04  7.94720556e-02
 2.33500000e+04  8.35453881e-02
 2.34500000e+04  8.08616398e-02
 2.35500000e+04  7.42835054e-02
 2.36500000e+04  7.83761437e-02
 2.37500000e+04  7.58839016e-02
 2.38500000e+04  7.09735344e-02
 2.39500000e+04  7.42832391e-02
 2.40500000e+04  7.29967531e-02
 2.41500000e+04  6.86929476e-02
 2.42500000e+04  7.11386779e-02
 2.43500000e+04  6.97867736e-02
 2.44500000e+04  6.74281641e-02
 2.45500000e+04  6.73590622e-02
 2.46500000e+04  6.79905219e-02
 2.47500000e+04  6.61640908e-02
 2.48500000e+04  6.28370330e-02
 2.49500000e+04  6.26937252e-02
 2.50500000e+04  6.39451942e-02
 2.51500000e+04  6.14555262e-02
 2.52500000e+04  6.24923220e-02
 2.53500000e+04  6.27884796e-02
 2.54500000e+04  6.22188877e-02
 2.55500000e+04  6.18344997e-02
 2.56500000e+04  6.16832032e-02
 2.57500000e+04  6.21002116e-02
 2.58500000e+04  6.05476586e-02
 2.59500000e+04  6.13239351e-02
 2.60500000e+04  6.40419014e-02
 2.61500000e+04  7.44007612e-02
 2.62500000e+04  8.45370923e-02
 2.63500000e+04  7.61720706e-02
 2.64500000e+04  6.28396515e-02
 2.65500000e+04  5.82823834e-02
 2.66500000e+04  5.72002297e-02
 2.67500000e+04  5.73204592e-02
 2.68500000e+04  5.70257217e-02
 2.69500000e+04  5.60041044e-02
 2.70500000e+04  5.60881629e-02
 2.71500000e+04  5.55282018e-02
 2.72500000e+04  5.52517939e-02
 2.73500000e+04  5.42939528e-02
 2.74500000e+04  5.42476185e-02
 2.75500000e+04  5.37102919e-02
 2.76500000e+04  5.32703826e-02
 2.77500000e+04  5.26454026e-02
 2.78500000e+04  5.24938399e-02
 2.79500000e+04  5.22984282e-02
 2.80500000e+04  5.16053670e-02
 2.81500000e+04  5.11301301e-02
 2.82500000e+04  5.09608591e-02
 2.83500000e+04  5.07630508e-02
 2.84500000e+04  5.03702303e-02
 2.85500000e+04  4.97993957e-02
 2.86500000e+04  4.93421777e-02
 2.87500000e+04  4.89409247e-02
 2.88500000e+04  4.87950871e-02
 2.89500000e+04  4.85067407e-02
 2.90500000e+04  4.81389069e-02
 2.91500000e+04  4.78996907e-02
 2.92500000e+04  4.73752348e-02
 2.93500000e+04  4.71233255e-02
 2.94500000e+04  4.64875608e-02
 2.95500000e+04  4.63257459e-02
 2.96500000e+04  4.59891567e-02
 2.97500000e+04  4.56140000e-02
 2.98500000e+04  4.54915072e-02
 2.99500000e+04  4.52324081e-02
 3.00500000e+04  4.56433362e-02
 3.01500000e+04  4.56699207e-02
 3.02500000e+04  4.63952473e-02
 3.03500000e+04  4.75777475e-02
 3.04500000e+04  4.74184180e-02
 3.05500000e+04  4.57076006e-02
 3.06500000e+04  4.49254214e-02
 3.07500000e+04  4.48774006e-02
 3.08500000e+04  4.48308000e-02
 3.09500000e+04  4.49334100e-02
 3.10500000e+04  4.52014298e-02
 3.11500000e+04  4.53858792e-02
 3.12500000e+04  4.59184126e-02
 3.13500000e+04  4.64057657e-02
 3.14500000e+04  4.69596910e-02
 3.15500000e+04  4.76711705e-02
 3.16500000e+04  4.86757453e-02
 3.17500000e+04  4.99869075e-02
 3.18500000e+04  5.15102574e-02
 3.19500000e+04  5.34929114e-02
 3.21000000e+04  5.73460673e-02
 3.23000000e+04  6.63898150e-02
 3.25000000e+04  8.64910314e-02
 3.27000000e+04  1.41597742e-01
 3.29000000e+04  3.02938986e-01
 3.31000000e+04  3.01860827e-01
 3.33000000e+04  1.39143801e-01
 3.35000000e+04  8.28511285e-02
 3.37000000e+04  6.18209633e-02
 3.39000000e+04  5.18636228e-02
 3.41000000e+04  4.63433209e-02
 3.43000000e+04  4.30305939e-02
 3.45000000e+04  4.07293431e-02
 3.47000000e+04  3.89055704e-02
 3.49000000e+04  3.74633631e-02
 3.51000000e+04  3.62247292e-02
 3.53000000e+04  3.50427127e-02
 3.55000000e+04  3.40586155e-02
 3.57000000e+04  3.32749806e-02
 3.59000000e+04  3.25627199e-02
 3.61000000e+04  3.19352235e-02
 3.63000000e+04  3.14170430e-02
 3.65000000e+04  3.09367156e-02
 3.67000000e+04  3.06630505e-02
 3.69000000e+04  3.03807044e-02
 3.71000000e+04  3.11990811e-02
 3.73000000e+04  3.31167118e-02
 3.75000000e+04  3.32556347e-02
 3.77000000e+04  3.24446163e-02
 3.79000000e+04  3.23299479e-02
 3.81000000e+04  3.29363188e-02
 3.83000000e+04  3.36637623e-02
 3.85000000e+04  3.43670491e-02
 3.87000000e+04  3.43312909e-02
 3.89000000e+04  3.43291650e-02
 3.91000000e+04  3.40683706e-02
 3.93000000e+04  3.36173482e-02
 3.95000000e+04  3.30897544e-02
 3.97000000e+04  3.26596713e-02
 3.99000000e+04  3.23495335e-02
 4.01000000e+04  3.45302886e-02
 4.03000000e+04  4.53546347e-02
 4.05000000e+04  5.65658408e-02
 4.07000000e+04  4.76906096e-02
 4.09000000e+04  3.41266390e-02
 4.11000000e+04  2.97235433e-02
 4.13000000e+04  2.88470534e-02
 4.15000000e+04  2.82969716e-02
 4.17000000e+04  2.79999530e-02
 4.19000000e+04  2.78174741e-02
 4.21000000e+04  2.75934319e-02
 4.23000000e+04  2.74022809e-02
 4.25000000e+04  2.71769827e-02
 4.27000000e+04  2.71447884e-02
 4.29000000e+04  2.68878595e-02
 4.31000000e+04  2.66671904e-02
 4.33000000e+04  2.67365320e-02
 4.35000000e+04  2.65252140e-02
 4.37000000e+04  2.67154952e-02
 4.39000000e+04  2.69457641e-02
 4.41000000e+04  2.70468562e-02
 4.43000000e+04  2.73572736e-02
 4.45000000e+04  2.75817374e-02
 4.47000000e+04  2.72973142e-02
 4.49000000e+04  2.71222515e-02
 4.51000000e+04  2.68308116e-02
 4.53000000e+04  2.65345696e-02
 4.55000000e+04  2.63679882e-02
 4.57000000e+04  2.61400937e-02
 4.59000000e+04  2.58675515e-02
 4.61000000e+04  2.62131101e-02
 4.63000000e+04  2.79250548e-02
 4.65000000e+04  3.00691330e-02
 4.67000000e+04  2.88247517e-02
 4.69000000e+04  2.62818215e-02
 4.71000000e+04  2.54597300e-02
 4.73000000e+04  2.54924436e-02
 4.75000000e+04  2.54772785e-02
 4.77000000e+04  2.51095823e-02
 4.79000000e+04  2.47692119e-02
 4.81000000e+04  2.44015335e-02
 4.83000000e+04  2.41268831e-02
 4.85000000e+04  2.37755282e-02
 4.87000000e+04  2.34216658e-02
 4.89000000e+04  2.30791606e-02
 4.91000000e+04  2.26913730e-02
 4.93000000e+04  2.23312350e-02
 4.95000000e+04  2.21061632e-02
 4.97000000e+04  2.22390901e-02
 4.99000000e+04  2.23275691e-02
 5.01000000e+04  2.24812577e-02
 5.03000000e+04  2.25969292e-02
 5.05000000e+04  2.28276019e-02
 5.07000000e+04  2.35456943e-02
 5.09000000e+04  2.43779847e-02
 5.11000000e+04  2.55454972e-02
 5.13000000e+04  2.65675939e-02
 5.15000000e+04  2.68090380e-02
 5.17000000e+04  2.69930703e-02
 5.19000000e+04  2.74375730e-02
 5.21000000e+04  2.80008495e-02
 5.23000000e+04  2.85644455e-02
 5.25000000e+04  2.90637726e-02
 5.27000000e+04  2.91128541e-02
 5.29000000e+04  2.90948042e-02
 5.31000000e+04  2.91150288e-02
 5.33000000e+04  2.91772738e-02
 5.35000000e+04  2.91914448e-02
 5.37000000e+04  2.91454390e-02
 5.39000000e+04  2.91185216e-02
 5.41000000e+04  2.90837044e-02
 5.43000000e+04  2.90285249e-02
 5.45000000e+04  2.90172742e-02
 5.47000000e+04  2.93828533e-02
 5.49000000e+04  2.99507809e-02
 5.51000000e+04  3.04916802e-02
 5.53000000e+04  3.10921351e-02
 5.55000000e+04  3.16163026e-02
 5.57000000e+04  3.21558616e-02
 5.59000000e+04  3.26445505e-02
 5.61000000e+04  3.31729964e-02
 5.63000000e+04  3.36768371e-02
 5.65000000e+04  3.42422261e-02
 5.67000000e+04  3.50958818e-02
 5.69000000e+04  3.60831833e-02
 5.71000000e+04  3.71278302e-02
 5.73000000e+04  3.81856140e-02
 5.75000000e+04  3.92835808e-02
 5.77000000e+04  4.06009208e-02
 5.79000000e+04  4.20543655e-02
 5.81000000e+04  4.35553073e-02
 5.83000000e+04  4.51484383e-02
 5.85000000e+04  4.68473171e-02
 5.87000000e+04  4.91857773e-02
 5.89000000e+04  5.22282611e-02
 5.91000000e+04  5.52198836e-02
 5.93000000e+04  5.73871201e-02
 5.95000000e+04  5.98591243e-02
 5.97000000e+04  6.51999475e-02
 5.99000000e+04  7.20205824e-02
 6.01000000e+04  7.95123096e-02
 6.03000000e+04  8.78777752e-02
 6.05000000e+04  9.74055917e-02
 6.07000000e+04  1.11355623e-01
 6.09000000e+04  1.28568582e-01
 6.11000000e+04  1.48434621e-01
 6.13000000e+04  1.71552269e-01
 6.15000000e+04  1.97941321e-01
 6.17000000e+04  2.23913009e-01
 6.19000000e+04  2.48609750e-01
 6.21000000e+04  2.65870774e-01
 6.23000000e+04  2.70256463e-01
 6.25000000e+04  2.60873863e-01
 6.27000000e+04  2.35129186e-01
 6.29000000e+04  2.08286644e-01
 6.31000000e+04  1.83827921e-01
 6.33000000e+04  1.62827668e-01
 6.35000000e+04  1.45106010e-01
 6.37000000e+04  1.29700576e-01
 6.39000000e+04  1.16347209e-01
 6.42000000e+04  9.92734751e-02
 6.46000000e+04  8.18631080e-02
 6.50000000e+04  7.26891006e-02
 6.54000000e+04  6.51149125e-02
 6.58000000e+04  6.13223818e-02
 6.62000000e+04  5.90814720e-02
 6.66000000e+04  5.74968755e-02
 6.70000000e+04  5.67711496e-02
 6.74000000e+04  5.62509542e-02
 6.78000000e+04  5.63705179e-02
 6.82000000e+04  5.67521099e-02
 6.86000000e+04  5.74785016e-02
 6.90000000e+04  6.06310958e-02
 6.94000000e+04  6.81820724e-02
 6.98000000e+04  7.68261205e-02
 7.02000000e+04  7.53912228e-02
 7.06000000e+04  7.07356497e-02
 7.10000000e+04  6.97448775e-02
 7.14000000e+04  7.06013957e-02
 7.18000000e+04  7.38647661e-02
 7.22000000e+04  7.74672553e-02
 7.26000000e+04  8.32139915e-02
 7.30000000e+04  9.34021601e-02
 7.34000000e+04  1.03436946e-01
 7.38000000e+04  1.17568188e-01
 7.42000000e+04  1.34671213e-01
 7.46000000e+04  1.51874496e-01
 7.50000000e+04  1.66821736e-01
 7.54000000e+04  1.80312952e-01
 7.58000000e+04  1.89552200e-01
 7.62000000e+04  1.98130696e-01
 7.66000000e+04  2.03504451e-01
 7.70000000e+04  2.00436359e-01
 7.74000000e+04  1.97419128e-01
 7.78000000e+04  1.89678554e-01
 7.82000000e+04  1.80291560e-01
 7.86000000e+04  1.69989109e-01
 7.90000000e+04  1.57366882e-01
 7.94000000e+04  1.44976105e-01
 7.98000000e+04  1.33742841e-01
 8.02000000e+04  1.22845146e-01
 8.06000000e+04  1.12835835e-01
 8.10000000e+04  1.04800834e-01
 8.14000000e+04  9.69079865e-02
 8.18000000e+04  9.29292754e-02
 8.22000000e+04  9.01085216e-02
 8.26000000e+04  8.78422700e-02
 8.30000000e+04  8.69436781e-02
 8.34000000e+04  8.60590220e-02
 8.38000000e+04  8.72760510e-02
 8.42000000e+04  8.89867353e-02
 8.46000000e+04  9.11706148e-02
 8.50000000e+04  9.41493224e-02
 8.54000000e+04  9.70799204e-02
 8.58000000e+04  9.62720887e-02
 8.62000000e+04  9.30431139e-02
 8.66000000e+04  8.81817883e-02
 8.70000000e+04  7.95061406e-02
 8.74000000e+04  7.09770850e-02
 8.78000000e+04  6.40670214e-02
 8.82000000e+04  5.77002315e-02
 8.86000000e+04  5.17694009e-02
 8.90000000e+04  4.79509514e-02
 8.94000000e+04  5.09317892e-02
 8.98000000e+04  5.93061754e-02
 9.02000000e+04  5.23875462e-02
 9.06000000e+04  3.81898347e-02
 9.10000000e+04  3.29990564e-02
 9.14000000e+04  3.18254059e-02
 9.18000000e+04  3.14527080e-02
 9.22000000e+04  3.13599818e-02
 9.26000000e+04  3.09692783e-02
 9.30000000e+04  2.96973538e-02
 9.34000000e+04  2.84434349e-02
 9.38000000e+04  2.75234645e-02
 9.42000000e+04  2.66813924e-02
 9.46000000e+04  2.60986902e-02
 9.50000000e+04  2.62542828e-02
 9.54000000e+04  2.64053352e-02
 9.58000000e+04  2.65824484e-02
 9.62000000e+04  2.67693699e-02
 9.66000000e+04  2.68233555e-02
 9.70000000e+04  2.62517664e-02
 9.74000000e+04  2.56896217e-02
 9.78000000e+04  2.50014113e-02
 9.82000000e+04  2.42893859e-02
 9.86000000e+04  2.38940135e-02
 9.90000000e+04  2.41330078e-02
 9.94000000e+04  2.43675994e-02
 9.98000000e+04  2.46799252e-02
 1.00000000e+05  2.48441189e-02
 1.00900000e+05  2.35654307e-02
 1.01900000e+05  2.12169136e-02
 1.02800000e+05  2.22609036e-02
 1.03800000e+05  2.80231112e-02
 1.04700000e+05  3.44062778e-02
 1.05700000e+05  3.34120261e-02
 1.06700000e+05  2.85985526e-02
 1.07600000e+05  2.62557829e-02
 1.08600000e+05  2.62628529e-02
 1.09600000e+05  3.33198280e-02
 1.10700000e+05  5.08723180e-02
 1.11700000e+05  7.67176965e-02
 1.12700000e+05  9.49501862e-02
 1.13800000e+05  8.09866625e-02
 1.14800000e+05  6.21284826e-02
 1.15900000e+05  4.98028575e-02
 1.16900000e+05  4.39794079e-02
 1.18000000e+05  4.31061179e-02
 1.19100000e+05  4.40803447e-02
 1.20200000e+05  4.34455430e-02
 1.21300000e+05  4.23795442e-02
 1.22500000e+05  4.44872874e-02
 1.23600000e+05  4.77559835e-02
 1.24700000e+05  5.12780092e-02
 1.25900000e+05  6.38804860e-02
 1.27100000e+05  8.76093116e-02
 1.28200000e+05  9.53560105e-02
 1.29400000e+05  6.11667359e-02
 1.30600000e+05  3.83394313e-02
 1.31800000e+05  3.42077950e-02
 1.33000000e+05  3.31289699e-02
 1.34300000e+05  3.26658048e-02
 1.35500000e+05  3.05911924e-02
 1.36800000e+05  2.84625056e-02
 1.38000000e+05  2.74225943e-02
 1.39300000e+05  2.71281631e-02
 1.40600000e+05  2.65389101e-02
 1.41900000e+05  2.58156340e-02
 1.43200000e+05  2.51221822e-02
 1.44500000e+05  2.12305964e-02
 1.45900000e+05  1.94117501e-02
 1.47200000e+05  2.04571159e-02
 1.48600000e+05  2.03107591e-02
 1.50000000e+05  2.12955310e-02
 1.51400000e+05  2.10040156e-02
 1.52800000e+05  2.22101490e-02
 1.54200000e+05  3.40660272e-02
 1.55600000e+05  4.30501484e-02
 1.57000000e+05  3.07372696e-02
 1.58500000e+05  2.16675454e-02
 1.60000000e+05  2.62112372e-02
 1.61400000e+05  2.63687737e-02
 1.62900000e+05  2.66192761e-02
 1.64400000e+05  2.68747004e-02
 1.66000000e+05  2.71450902e-02
 1.67500000e+05  2.74094440e-02
 1.69000000e+05  2.76625339e-02
 1.70600000e+05  2.79281393e-02
 1.72200000e+05  2.82094957e-02
 1.73800000e+05  2.84830853e-02
 1.75400000e+05  2.87525919e-02
 1.77000000e+05  2.90332737e-02
 1.78600000e+05  2.92994294e-02
 1.80300000e+05  2.96063096e-02
 1.82000000e+05  3.02421010e-02
 1.83700000e+05  3.45501892e-02
 1.85400000e+05  5.00827715e-02
 1.87100000e+05  6.30705683e-02
 1.88800000e+05  5.06348327e-02
 1.90500000e+05  3.56948498e-02
 1.92300000e+05  3.19366215e-02
 1.94100000e+05  3.19419606e-02
 1.95900000e+05  3.22487165e-02
 1.97700000e+05  3.25588898e-02
 1.99500000e+05  3.28721742e-02
 2.01400000e+05  3.31921514e-02
 2.03200000e+05  3.35036118e-02
 2.05100000e+05  3.38336280e-02
 2.07000000e+05  3.41584117e-02
 2.08900000e+05  3.44974685e-02
 2.10900000e+05  3.48360548e-02
 2.12800000e+05  3.51746633e-02
 2.14800000e+05  3.55799550e-02
 2.16800000e+05  3.60879055e-02
 2.18800000e+05  3.65013190e-02
 2.20800000e+05  3.66936062e-02
 2.22800000e+05  3.69289523e-02
 2.24900000e+05  3.72795261e-02
 2.27000000e+05  3.76337835e-02
 2.29100000e+05  3.80119093e-02
 2.31200000e+05  3.83729083e-02
 2.33300000e+05  3.87435913e-02
 2.35500000e+05  3.91281657e-02
 2.37700000e+05  3.95136100e-02
 2.39900000e+05  3.99018859e-02
 2.42100000e+05  4.02874633e-02
 2.44300000e+05  4.06791121e-02
 2.46600000e+05  4.10859261e-02
 2.48900000e+05  4.14904145e-02
 2.51200000e+05  4.18978942e-02
 2.53500000e+05  4.23016813e-02
 2.55900000e+05  4.27300115e-02
 2.58200000e+05  4.31368610e-02
 2.60600000e+05  4.35572512e-02
 2.63000000e+05  4.39838904e-02
 2.65500000e+05  4.44339852e-02
 2.67900000e+05  4.48530795e-02
 2.70400000e+05  4.53033297e-02
 2.72900000e+05  4.57499849e-02
 2.75400000e+05  4.61918469e-02
 2.78000000e+05  4.66559885e-02
 2.80500000e+05  4.71063274e-02
 2.83100000e+05  4.75689156e-02
 2.85800000e+05  4.80525850e-02
 2.88400000e+05  4.85161495e-02
 2.91100000e+05  4.90015498e-02
 2.93800000e+05  4.94841540e-02
 2.96500000e+05  4.99683560e-02
 2.99200000e+05  5.06019460e-02
 3.02000000e+05  5.12622537e-02
 3.04800000e+05  5.16021271e-02
 3.07600000e+05  5.19167031e-02
 3.10500000e+05  5.22052271e-02
 3.13300000e+05  5.24556718e-02
 3.16200000e+05  5.26848577e-02
 3.19200000e+05  5.28924299e-02
 3.22100000e+05  5.30832259e-02
 3.25100000e+05  5.35304581e-02
 3.28100000e+05  5.69840919e-02
 3.31100000e+05  7.13199763e-02
 3.34200000e+05  8.85488232e-02
 3.37300000e+05  7.88665147e-02
 3.40400000e+05  6.03580609e-02
 3.43600000e+05  5.46159404e-02
 3.46700000e+05  5.46791396e-02
 3.49900000e+05  5.45319263e-02
 3.53200000e+05  5.37947055e-02
 3.56500000e+05  5.36073269e-02
 3.59700000e+05  5.36658660e-02
 3.63100000e+05  5.33530653e-02
 3.66400000e+05  5.29351693e-02
 3.69800000e+05  5.26603148e-02
 3.73300000e+05  5.24497247e-02
 3.76700000e+05  5.22231572e-02
 3.80200000e+05  5.20036020e-02
 3.83700000e+05  5.17350497e-02
 3.87300000e+05  5.14931706e-02
 3.90800000e+05  5.11938619e-02
 3.94500000e+05  5.09139479e-02
 3.98100000e+05  5.05982180e-02
 4.01800000e+05  5.02869263e-02
 4.05500000e+05  4.99612106e-02
 4.09300000e+05  4.96401993e-02
 4.13000000e+05  4.92880766e-02
 4.16900000e+05  4.89304507e-02
 4.20700000e+05  4.85885801e-02
 4.24600000e+05  4.82401411e-02
 4.28500000e+05  4.78770118e-02
 4.32500000e+05  4.75084680e-02
 4.36500000e+05  4.71452499e-02
 4.40600000e+05  4.67771943e-02
 4.44600000e+05  4.64066533e-02
 4.48700000e+05  4.60319405e-02
 4.52900000e+05  4.56846110e-02
 4.57100000e+05  4.53149132e-02
 4.61300000e+05  4.49477896e-02
 4.65600000e+05  4.45771155e-02
 4.69900000e+05  4.42414495e-02
 4.74200000e+05  4.38852082e-02
 4.78600000e+05  4.35412561e-02
 4.83100000e+05  4.31906957e-02
 4.87500000e+05  4.28661295e-02
 4.92000000e+05  4.25407200e-02
 4.96600000e+05  4.22295215e-02
 5.01200000e+05  4.19427594e-02
 5.05800000e+05  4.21124698e-02
 5.10500000e+05  4.50426329e-02
 5.15200000e+05  5.18178211e-02
 5.20000000e+05  5.25957841e-02
 5.24800000e+05  4.52893051e-02
 5.29700000e+05  4.08961775e-02
 5.34600000e+05  4.00044781e-02
 5.39500000e+05  3.97270494e-02
 5.44500000e+05  3.95036863e-02
 5.49500000e+05  3.92707546e-02
 5.54600000e+05  3.90641055e-02
 5.59800000e+05  3.89845739e-02
 5.64900000e+05  3.97095853e-02
 5.70200000e+05  4.16669685e-02
 5.75400000e+05  4.17322181e-02
 5.80800000e+05  3.93974282e-02
 5.86100000e+05  3.81080973e-02
 5.91600000e+05  3.77776683e-02
 5.97000000e+05  3.76365263e-02
 6.02600000e+05  3.75087920e-02
 6.08100000e+05  3.73681471e-02
 6.13800000e+05  3.72148401e-02
 6.19400000e+05  3.70756065e-02
 6.25200000e+05  3.69768045e-02
 6.31000000e+05  3.68803014e-02
 6.36800000e+05  3.67525670e-02
 6.42700000e+05  3.66099249e-02
 6.48600000e+05  3.64858609e-02
 6.54600000e+05  3.63833264e-02
 6.60700000e+05  3.62665942e-02
 6.66800000e+05  3.61704639e-02
 6.73000000e+05  3.60595502e-02
 6.79200000e+05  3.59620219e-02
 6.85500000e+05  3.58531763e-02
 6.91800000e+05  3.57452760e-02
 6.98200000e+05  3.56470820e-02
 7.04700000e+05  3.55393060e-02
 7.11200000e+05  3.54267058e-02
 7.17800000e+05  3.53107725e-02
 7.24400000e+05  3.52067112e-02
 7.31100000e+05  3.50857006e-02
 7.37900000e+05  3.49616189e-02
 7.44700000e+05  3.48362235e-02
 7.51600000e+05  3.47079033e-02
 7.58600000e+05  3.45693620e-02
 7.65600000e+05  3.44324896e-02
 7.72700000e+05  3.42859907e-02
 7.79800000e+05  3.41391102e-02
 7.87000000e+05  3.39786889e-02
 7.94300000e+05  3.38167009e-02
 8.01700000e+05  3.36454372e-02
 8.09100000e+05  3.34682397e-02
 8.16600000e+05  3.32869547e-02
 8.24100000e+05  3.30983334e-02
 8.31800000e+05  3.29034454e-02
 8.39500000e+05  3.27010526e-02
 8.47200000e+05  3.24910527e-02
 8.55100000e+05  3.22865961e-02
 8.63000000e+05  3.23837693e-02
 8.71000000e+05  3.41909877e-02
 8.79000000e+05  3.80384539e-02
 8.87200000e+05  3.80399362e-02
 8.95400000e+05  3.36419400e-02
 9.03600000e+05  3.11801746e-02
 9.12000000e+05  3.05673729e-02
 9.20400000e+05  3.02773709e-02
 9.29000000e+05  2.99942482e-02
 9.37600000e+05  2.97036471e-02
 9.46200000e+05  2.94123093e-02
 9.55000000e+05  2.91081319e-02
 9.63800000e+05  2.88040034e-02
 9.72700000e+05  2.84949485e-02
 9.81700000e+05  2.81740127e-02
 9.90800000e+05  2.78493178e-02
 1.00000000e+06  2.75212321e-02
 1.00900000e+06  2.72000300e-02
 1.01900000e+06  2.68330883e-02
 1.02800000e+06  2.65065738e-02
 1.03800000e+06  2.61434578e-02
 1.04700000e+06  2.58126649e-02
 1.05700000e+06  2.54474452e-02
 1.06700000e+06  2.50850926e-02
 1.07600000e+06  2.47531591e-02
 1.08600000e+06  2.43898123e-02
 1.09600000e+06  2.40237184e-02
 1.10700000e+06  2.36240631e-02
 1.11700000e+06  2.32599352e-02
 1.12700000e+06  2.28993623e-02
 1.13800000e+06  2.25082106e-02
 1.14800000e+06  2.21501585e-02
 1.15900000e+06  2.17634582e-02
 1.16900000e+06  2.14135680e-02
 1.18000000e+06  2.10330012e-02
 1.19100000e+06  2.06679147e-02
 1.20200000e+06  2.03655658e-02
 1.21300000e+06  2.01041500e-02
 1.22500000e+06  1.96869463e-02
 1.23600000e+06  1.92096768e-02
 1.24700000e+06  1.87931344e-02
 1.25900000e+06  1.83992753e-02
 1.27100000e+06  1.80177055e-02
 1.28200000e+06  1.76752358e-02
 1.29400000e+06  1.73064745e-02
 1.30600000e+06  1.69398879e-02
 1.31800000e+06  1.65837310e-02
 1.33000000e+06  1.62335833e-02
 1.34300000e+06  1.58577742e-02
 1.35500000e+06  1.55200711e-02
 1.36800000e+06  1.51581268e-02
 1.38000000e+06  1.48321981e-02
 1.39300000e+06  1.44870521e-02
 1.40600000e+06  1.41484791e-02
 1.41900000e+06  1.38163769e-02
 1.43200000e+06  1.34909053e-02
 1.44500000e+06  1.31721531e-02
 1.45900000e+06  1.28375744e-02
 1.47200000e+06  1.25320168e-02
 1.48600000e+06  1.22124124e-02
 1.50000000e+06  1.18968734e-02
 1.51400000e+06  1.15941606e-02
 1.52800000e+06  1.12986776e-02
 1.54200000e+06  1.10232018e-02
 1.55600000e+06  1.08146842e-02
 1.57000000e+06  1.06523101e-02
 1.58500000e+06  1.03472452e-02
 1.60000000e+06  9.94440776e-03
 1.61400000e+06  9.63540169e-03
 1.62900000e+06  9.36175435e-03
 1.64400000e+06  9.10447933e-03
 1.66000000e+06  8.83693888e-03
 1.67500000e+06  8.59576547e-03
 1.69000000e+06  8.35923437e-03
 1.70600000e+06  8.11525161e-03
 1.72200000e+06  7.87884921e-03
 1.73800000e+06  7.64737315e-03
 1.75400000e+06  7.42531484e-03
 1.77000000e+06  7.20999808e-03
 1.78600000e+06  7.00117433e-03
 1.80300000e+06  6.78449062e-03
 1.82000000e+06  6.57678973e-03
 1.83700000e+06  6.37557740e-03
 1.85400000e+06  6.18061399e-03
 1.87100000e+06  5.99164208e-03
 1.88800000e+06  5.81044580e-03
 1.90500000e+06  5.63276898e-03
 1.92300000e+06  5.45285089e-03
 1.94100000e+06  5.27860031e-03
 1.95900000e+06  5.11165049e-03
 1.97700000e+06  4.94808254e-03
 1.99500000e+06  4.79175321e-03
 2.01400000e+06  4.63848176e-03
 2.03200000e+06  4.51163949e-03
 2.05100000e+06  4.38218403e-03
 2.07000000e+06  4.22355485e-03
 2.08900000e+06  4.06403982e-03
 2.10900000e+06  3.91869712e-03
 2.12800000e+06  3.79044396e-03
 2.14800000e+06  3.66162715e-03
 2.16800000e+06  3.53691208e-03
 2.18800000e+06  3.41612388e-03
 2.20800000e+06  3.30202708e-03
 2.22800000e+06  3.19002819e-03
 2.24900000e+06  3.07873541e-03
 2.27000000e+06  2.97099493e-03
 2.29100000e+06  2.86802101e-03
 2.31200000e+06  2.76828473e-03
 2.33300000e+06  2.67296174e-03
 2.35500000e+06  2.57711460e-03
 2.37700000e+06  2.48433999e-03
 2.39900000e+06  2.39575456e-03
 2.42100000e+06  2.31117632e-03
 2.44300000e+06  2.22924456e-03
 2.46600000e+06  2.14811121e-03
 2.48900000e+06  2.06958262e-03
 2.51200000e+06  1.99468487e-03
 2.53500000e+06  1.92214955e-03
 2.55900000e+06  1.85044417e-03
 2.58200000e+06  1.78350402e-03
 2.60600000e+06  1.71835778e-03
 2.63000000e+06  1.65425361e-03
 2.65500000e+06  1.59097804e-03
 2.67900000e+06  1.53288668e-03
 2.70400000e+06  1.47550719e-03
 2.72900000e+06  1.41996377e-03
 2.75400000e+06  1.36712096e-03
 2.78000000e+06  1.31407576e-03
 2.80500000e+06  1.26545940e-03
 2.83100000e+06  1.21748923e-03
 2.85800000e+06  1.16935663e-03
 2.88400000e+06  1.12529336e-03
 2.91100000e+06  1.08186608e-03
 2.93800000e+06  1.03983904e-03
 2.96500000e+06  9.99965382e-04
 2.99200000e+06  9.61354381e-04
 3.02000000e+06  9.23345636e-04
 3.04800000e+06  8.87331839e-04
 3.07600000e+06  8.53221119e-04
 3.10500000e+06  8.18925329e-04
 3.13300000e+06  7.87696743e-04
 3.16200000e+06  7.56252463e-04
 3.19200000e+06  7.25359845e-04
 3.22100000e+06  6.97284120e-04
 3.25100000e+06  6.69342870e-04
 3.28100000e+06  6.42698004e-04
 3.31100000e+06  6.17292712e-04
 3.34200000e+06  5.92210961e-04
 3.37300000e+06  5.68380324e-04
 3.40400000e+06  5.45560254e-04
 3.43600000e+06  5.23223498e-04
 3.46700000e+06  5.02495571e-04
 3.49900000e+06  4.82140892e-04
 3.53200000e+06  4.62176326e-04
 3.56500000e+06  4.43145324e-04
 3.59700000e+06  4.25516645e-04
 3.63100000e+06  4.07718960e-04
 3.66400000e+06  3.91248460e-04
 3.69800000e+06  3.75147169e-04
 3.73300000e+06  3.59320866e-04
 3.76700000e+06  3.44698943e-04
 3.80200000e+06  3.30366520e-04
 3.83700000e+06  3.16690011e-04
 3.87300000e+06  3.03342813e-04
 3.90800000e+06  2.90999036e-04
 3.94500000e+06  2.78578479e-04
 3.98100000e+06  2.67059532e-04
 4.01800000e+06  2.55823916e-04
 4.05500000e+06  2.45124650e-04
 4.09300000e+06  2.34696244e-04
 4.13000000e+06  2.25009231e-04
 4.16900000e+06  2.15339083e-04
 4.20700000e+06  2.06366302e-04
 4.24600000e+06  1.97585647e-04
 4.28500000e+06  1.89282582e-04
 4.32500000e+06  1.81161792e-04
 4.36500000e+06  1.73417445e-04
 4.40600000e+06  1.65920969e-04
 4.44600000e+06  1.58957470e-04
 4.48700000e+06  1.52182459e-04
 4.52900000e+06  1.45596114e-04
 4.57100000e+06  1.39326697e-04
 4.61300000e+06  1.33360717e-04
 4.65600000e+06  1.27597737e-04
 4.69900000e+06  1.22086089e-04
 4.74200000e+06  1.16879121e-04
 4.78600000e+06  1.11792249e-04
 4.83100000e+06  1.06886941e-04
 4.87500000e+06  1.02304198e-04
 4.92000000e+06  9.78871308e-05
 4.96600000e+06  9.35744934e-05
 5.01200000e+06  8.94879353e-05
 5.05800000e+06  8.56174263e-05
 5.10500000e+06  8.18661703e-05
 5.15200000e+06  7.83175158e-05
 5.20000000e+06  7.48543844e-05
 5.24800000e+06  7.15820046e-05
 5.29700000e+06  6.84144094e-05
 5.34600000e+06  6.54004186e-05
 5.39500000e+06  6.25572077e-05
 5.44500000e+06  5.97836314e-05
 5.49500000e+06  5.71706717e-05
 5.54600000e+06  5.46451434e-05
 5.59800000e+06  5.21830363e-05
 5.64900000e+06  4.99087517e-05
 5.70200000e+06  4.76736559e-05
 5.75400000e+06  4.55923863e-05
 5.80800000e+06  4.35264949e-05
 5.86100000e+06  4.16256671e-05
 5.91600000e+06  3.97384244e-05
 5.97000000e+06  3.79858751e-05
 6.02600000e+06  3.62850614e-05
 6.08100000e+06  3.46707160e-05
 6.13800000e+06  3.31054389e-05
 6.19400000e+06  3.16388883e-05
 6.25200000e+06  3.02182016e-05
 6.31000000e+06  2.88620189e-05
 6.36800000e+06  2.75675930e-05
 6.42700000e+06  2.63239440e-05
 6.48600000e+06  2.51546162e-05
 6.54600000e+06  2.40322130e-05
 6.60700000e+06  2.29393057e-05
 6.66800000e+06  2.18982137e-05
 6.73000000e+06  2.09160915e-05
 6.79200000e+06  1.99659949e-05
 6.85500000e+06  1.90713974e-05
 6.91800000e+06  1.82059230e-05
 6.98200000e+06  1.73926323e-05
 7.04700000e+06  1.66010708e-05
 7.11200000e+06  1.58494616e-05
 7.17800000e+06  1.51180059e-05
 7.24400000e+06  1.44375490e-05
 7.31100000e+06  1.37886296e-05
 7.37900000e+06  1.31559139e-05
 7.44700000e+06  1.25605452e-05
 7.51600000e+06  1.19876069e-05
 7.58600000e+06  1.14377470e-05
 7.65600000e+06  1.09179999e-05
 7.72700000e+06  1.04195559e-05
 7.79800000e+06  9.94675554e-06
 7.87000000e+06  9.49371381e-06
 7.94300000e+06  9.05986263e-06
 8.01700000e+06  8.64247698e-06
 8.09100000e+06  8.24852032e-06
 8.16600000e+06  7.86972881e-06
 8.24100000e+06  7.51267535e-06
 8.31800000e+06  7.16475116e-06
 8.39500000e+06  6.83635039e-06
 8.47200000e+06  6.52558237e-06
 8.55100000e+06  6.22388594e-06
 8.63000000e+06  5.93874379e-06
 8.71000000e+06  5.66629031e-06
 8.79000000e+06  5.40734212e-06
 8.87200000e+06  5.15711932e-06
 8.95400000e+06  4.92046395e-06
 9.03600000e+06  4.69584039e-06
 9.12000000e+06  4.47909011e-06
 9.20400000e+06  4.27445153e-06
 9.29000000e+06  4.07550444e-06
 9.37600000e+06  3.88798735e-06
 9.46200000e+06  3.71052312e-06
 9.55000000e+06  3.53813213e-06
 9.63800000e+06  3.37593778e-06
 9.72700000e+06  3.22061369e-06
 9.81700000e+06  3.07195481e-06
 9.90800000e+06  2.93042359e-06
 1.00000000e+07  2.79507250e-06
 1.00900000e+07  2.66898915e-06
 1.01900000e+07  2.53744466e-06
 1.02800000e+07  2.42560199e-06
 1.03800000e+07  2.30816282e-06
 1.04700000e+07  2.20822593e-06
 1.05700000e+07  2.10317407e-06
 1.06700000e+07  2.00404271e-06
 1.07600000e+07  1.91956966e-06
 1.08600000e+07  1.83061319e-06
 1.09600000e+07  1.74658529e-06
 1.10700000e+07  1.65940452e-06
 1.11700000e+07  1.58460974e-06
 1.12700000e+07  1.51384081e-06
 1.13800000e+07  1.44029448e-06
 1.14800000e+07  1.37714673e-06
 1.15900000e+07  1.31145992e-06
 1.16900000e+07  1.25499380e-06
 1.18000000e+07  1.19619589e-06
 1.19100000e+07  1.14069196e-06
 1.20200000e+07  1.08822861e-06
 1.21300000e+07  1.03865805e-06
 1.22500000e+07  9.87641089e-07
 1.23600000e+07  9.43510806e-07
 1.24700000e+07  9.01716764e-07
 1.25900000e+07  8.58636104e-07
 1.27100000e+07  8.18019947e-07
 1.28200000e+07  7.82804129e-07
 1.29400000e+07  7.46462352e-07
 1.30600000e+07  7.12140377e-07
 1.31800000e+07  6.79700176e-07
 1.33000000e+07  6.49016595e-07
 1.34300000e+07  6.17652202e-07
 1.35500000e+07  5.90329630e-07
 1.36800000e+07  5.62350656e-07
 1.38000000e+07  5.37955931e-07
 1.39300000e+07  5.12962943e-07
 1.40600000e+07  4.89356433e-07
 1.41900000e+07  4.67047637e-07
 1.43200000e+07  4.45979304e-07
 1.44500000e+07  4.26066842e-07
 1.45900000e+07  4.05816016e-07
 1.47200000e+07  3.88051617e-07
 1.48600000e+07  3.69972022e-07
 1.50000000e+07  3.52903081e-07
 1.51400000e+07  3.36797130e-07
 1.52800000e+07  3.21580762e-07
 1.54200000e+07  3.07202316e-07
 1.55600000e+07  2.93615324e-07
 1.57000000e+07  2.80732534e-07
 1.58500000e+07  2.67726541e-07
 1.60000000e+07  2.55439661e-07
 1.61400000e+07  2.44587856e-07
 1.62900000e+07  2.33597048e-07
 1.64400000e+07  2.23214888e-07
 1.66000000e+07  2.12755371e-07
 1.67500000e+07  2.03497394e-07
 1.69000000e+07  1.94752067e-07
 1.70600000e+07  1.85912119e-07
 1.72200000e+07  1.77581582e-07
 1.73800000e+07  1.69705067e-07
 1.75400000e+07  1.62264645e-07
 1.77000000e+07  1.55226097e-07
 1.78600000e+07  1.48554761e-07
 1.80300000e+07  1.41877789e-07
 1.82000000e+07  1.35569716e-07
 1.83700000e+07  1.29613544e-07
 1.85400000e+07  1.23979359e-07
 1.87100000e+07  1.18653892e-07
 1.88800000e+07  1.13626224e-07
 1.90500000e+07  1.08857523e-07
 1.92300000e+07  1.04072356e-07
 1.94100000e+07  9.95638188e-08
 1.95900000e+07  9.52990247e-08
 1.97700000e+07  9.12691861e-08
 1.99500000e+07  8.74644948e-08
 2.01400000e+07  8.36534126e-08
 2.03200000e+07  8.02465569e-08
 2.05100000e+07  7.68338428e-08
 2.07000000e+07  7.36260825e-08
 2.08900000e+07  7.05727697e-08
 2.10900000e+07  6.75398723e-08
 2.12800000e+07  6.48164471e-08
 2.14800000e+07  6.21090435e-08
 2.16800000e+07  5.95389563e-08
 2.18800000e+07  5.71112448e-08
 2.20800000e+07  5.48184087e-08
 2.22800000e+07  5.26371477e-08
 2.24900000e+07  5.04772785e-08
 2.27000000e+07  4.84341769e-08
 2.29100000e+07  4.64910669e-08
 2.31200000e+07  4.46641920e-08
 2.33300000e+07  4.29269676e-08
 2.35500000e+07  4.12052191e-08
 2.37700000e+07  3.95710352e-08
 2.39900000e+07  3.80275360e-08
 2.42100000e+07  3.65685392e-08
 2.44300000e+07  3.51877026e-08
 2.46600000e+07  3.38091561e-08
 2.48900000e+07  3.25103409e-08
 2.51200000e+07  3.12786172e-08
 2.53500000e+07  3.01124405e-08
 2.55900000e+07  2.89533959e-08
 2.58200000e+07  2.79150068e-08
 2.60600000e+07  2.68717712e-08
 2.63000000e+07  2.58812698e-08
 2.65500000e+07  2.49164297e-08
 2.67900000e+07  2.40237361e-08
 2.70400000e+07  2.31573519e-08
 2.72900000e+07  2.23272051e-08
 2.75400000e+07  2.15360387e-08
 2.78000000e+07  2.07569661e-08
 2.80500000e+07  2.00531735e-08
 2.83100000e+07  1.93570277e-08
 2.85800000e+07  1.86635626e-08
 2.88400000e+07  1.80353960e-08
 2.91100000e+07  1.74091378e-08
 2.93800000e+07  1.68119406e-08
 2.96500000e+07  1.62567726e-08
 2.99200000e+07  1.57235557e-08
 3.02000000e+07  1.51929840e-08
 3.04800000e+07  1.46943492e-08
 3.07600000e+07  1.42193652e-08
 3.10500000e+07  1.37507057e-08
 3.13300000e+07  1.33179640e-08
 3.16200000e+07  1.28944049e-08
 3.19200000e+07  1.24806053e-08
 3.22100000e+07  1.20958578e-08
 3.25100000e+07  1.17229690e-08
 3.28100000e+07  1.13602392e-08
 3.31100000e+07  1.10191852e-08
 3.34200000e+07  1.06799509e-08
 3.37300000e+07  1.03542841e-08
 3.40400000e+07  1.00438977e-08
 3.43600000e+07  9.74435379e-09
 3.46700000e+07  9.46080050e-09
 3.49900000e+07  9.18841359e-09
 3.53200000e+07  8.92007428e-09
 3.56500000e+07  8.65828567e-09
 3.59700000e+07  8.41875881e-09
 3.63100000e+07  8.18188596e-09
 3.66400000e+07  7.95876250e-09
 3.69800000e+07  7.73572336e-09
 3.73300000e+07  7.51488999e-09
 3.76700000e+07  7.31021591e-09
 3.80200000e+07  7.12485221e-09
 3.83700000e+07  6.92793157e-09
 3.87300000e+07  6.73924370e-09
 3.90800000e+07  6.56561447e-09
 3.94500000e+07  6.39498099e-09
 3.98100000e+07  6.22855043e-09
 4.01800000e+07  6.06523545e-09
 4.05500000e+07  5.91682378e-09
 4.09300000e+07  5.76325054e-09
 4.13000000e+07  5.61953886e-09
 4.16900000e+07  5.47371462e-09
 4.20700000e+07  5.34649954e-09
 4.24600000e+07  5.20875718e-09
 4.28500000e+07  5.09170102e-09
 4.32500000e+07  4.96342522e-09
 4.36500000e+07  4.84253894e-09
 4.40600000e+07  4.72729798e-09
 4.44600000e+07  4.61229225e-09
 4.48700000e+07  4.50817329e-09
 4.52900000e+07  4.39796253e-09
 4.57100000e+07  4.29800523e-09
 4.61300000e+07  4.20269156e-09
 4.65600000e+07  4.10192074e-09
 4.69900000e+07  4.01155428e-09
 4.74200000e+07  3.92317921e-09
 4.78600000e+07  3.83616532e-09
 4.83100000e+07  3.74589604e-09
 4.87500000e+07  3.66722321e-09
 4.92000000e+07  3.58575124e-09
 4.96600000e+07  3.50603854e-09
 5.01200000e+07  3.43331327e-09
 5.05800000e+07  3.35517302e-09
 5.10500000e+07  3.28714464e-09
 5.15200000e+07  3.21707737e-09
 5.20000000e+07  3.14508573e-09
 5.24800000e+07  3.08096336e-09
 5.29700000e+07  3.01479812e-09
 5.34600000e+07  2.95021774e-09
 5.39500000e+07  2.89336816e-09
 5.44500000e+07  2.83173072e-09
 5.49500000e+07  2.77085486e-09
 5.54600000e+07  2.71627229e-09
 5.59800000e+07  2.65990470e-09
 5.64900000e+07  2.60779507e-09
 5.70200000e+07  2.55359108e-09
 5.75400000e+07  2.50286616e-09
 5.80800000e+07  2.45438782e-09
 5.86100000e+07  2.40600490e-09
 5.91600000e+07  2.35656571e-09
 5.97000000e+07  2.31000909e-09
 6.02600000e+07  2.26468006e-09
 6.08100000e+07  2.21821931e-09
 6.13800000e+07  2.17617984e-09
 6.19400000e+07  2.13376357e-09
 6.25200000e+07  2.09388503e-09
 6.31000000e+07  2.05394702e-09
 6.36800000e+07  2.01205756e-09
 6.42700000e+07  1.97443804e-09
 6.48600000e+07  1.93791741e-09
 6.54600000e+07  1.89950790e-09
 6.60700000e+07  1.86460408e-09
 6.66800000e+07  1.82864621e-09
 6.73000000e+07  1.79473875e-09
 6.79200000e+07  1.76141403e-09
 6.85500000e+07  1.72627544e-09
 6.91800000e+07  1.69626068e-09
 6.98200000e+07  1.66500680e-09
 7.04700000e+07  1.63274501e-09
 7.11200000e+07  1.60387575e-09
 7.17800000e+07  1.57408157e-09
 7.24400000e+07  1.54221167e-09
 7.31100000e+07  1.51597467e-09
 7.37900000e+07  1.48833033e-09
 7.44700000e+07  1.46065804e-09
 7.51600000e+07  1.43337763e-09
 7.58600000e+07  1.40641676e-09
 7.65600000e+07  1.38274457e-09
 7.72700000e+07  1.35634424e-09
 7.79800000e+07  1.33169211e-09
 7.87000000e+07  1.30734620e-09
 7.94300000e+07  1.28492512e-09
 8.01700000e+07  1.26157292e-09
 8.09100000e+07  1.23899206e-09
 8.16600000e+07  1.21645426e-09
 8.24100000e+07  1.19337988e-09
 8.31800000e+07  1.17146652e-09
 8.39500000e+07  1.15205850e-09
 8.47200000e+07  1.13131193e-09
 8.55100000e+07  1.11070517e-09
 8.63000000e+07  1.09085289e-09
 8.71000000e+07  1.07041610e-09
 8.79000000e+07  1.05201687e-09
 8.87200000e+07  1.03307929e-09
 8.95400000e+07  1.01467784e-09
 9.03600000e+07  9.96732191e-10
 9.12000000e+07  9.79053272e-10
 9.20400000e+07  9.61852341e-10
 9.29000000e+07  9.44474328e-10
 9.37600000e+07  9.27827278e-10
 9.46200000e+07  9.11629368e-10
 9.55000000e+07  8.95666681e-10
 9.63800000e+07  8.79838025e-10
 9.72700000e+07  8.64226395e-10
 9.81700000e+07  8.49080327e-10
 9.90800000e+07  8.34238272e-10
 1.00000000e+08  8.19485867e-10
