Wavelength 	 FilterTrans 	      PCE
     0.500 	           0 	        0
     0.501 	           0 	        0
     0.502 	           0 	        0
     0.503 	           0 	        0
     0.504 	           0 	        0
     0.505 	           0 	        0
     0.506 	           0 	        0
     0.507 	           0 	        0
     0.508 	           0 	        0
     0.509 	           0 	        0
     0.510 	           0 	        0
     0.511 	           0 	        0
     0.512 	           0 	        0
     0.513 	           0 	        0
     0.514 	           0 	        0
     0.515 	           0 	        0
     0.516 	           0 	        0
     0.517 	           0 	        0
     0.518 	           0 	        0
     0.519 	           0 	        0
     0.520 	           0 	        0
     0.521 	           0 	        0
     0.522 	           0 	        0
     0.523 	           0 	        0
     0.524 	           0 	        0
     0.525 	           0 	        0
     0.526 	           0 	        0
     0.527 	           0 	        0
     0.528 	           0 	        0
     0.529 	           0 	        0
     0.530 	           0 	        0
     0.531 	           0 	        0
     0.532 	           0 	        0
     0.533 	           0 	        0
     0.534 	           0 	        0
     0.535 	           0 	        0
     0.536 	           0 	        0
     0.537 	           0 	        0
     0.538 	           0 	        0
     0.539 	           0 	        0
     0.540 	           0 	        0
     0.541 	           0 	        0
     0.542 	           0 	        0
     0.543 	           0 	        0
     0.544 	           0 	        0
     0.545 	           0 	        0
     0.546 	           0 	        0
     0.547 	           0 	        0
     0.548 	           0 	        0
     0.549 	           0 	        0
     0.550 	           0 	        0
     0.551 	           0 	        0
     0.552 	           0 	        0
     0.553 	           0 	        0
     0.554 	           0 	        0
     0.555 	           0 	        0
     0.556 	           0 	        0
     0.557 	           0 	        0
     0.558 	           0 	        0
     0.559 	           0 	        0
     0.560 	           0 	        0
     0.561 	           0 	        0
     0.562 	           0 	        0
     0.563 	           0 	        0
     0.564 	           0 	        0
     0.565 	           0 	        0
     0.566 	           0 	        0
     0.567 	           0 	        0
     0.568 	           0 	        0
     0.569 	           0 	        0
     0.570 	           0 	        0
     0.571 	           0 	        0
     0.572 	           0 	        0
     0.573 	           0 	        0
     0.574 	           0 	        0
     0.575 	           0 	        0
     0.576 	           0 	        0
     0.577 	           0 	        0
     0.578 	           0 	        0
     0.579 	           0 	        0
     0.580 	           0 	        0
     0.581 	           0 	        0
     0.582 	           0 	        0
     0.583 	           0 	        0
     0.584 	           0 	        0
     0.585 	           0 	        0
     0.586 	           0 	        0
     0.587 	           0 	        0
     0.588 	           0 	        0
     0.589 	           0 	        0
     0.590 	           0 	        0
     0.591 	           0 	        0
     0.592 	           0 	        0
     0.593 	           0 	        0
     0.594 	           0 	        0
     0.595 	           0 	        0
     0.596 	           0 	        0
     0.597 	           0 	        0
     0.598 	           0 	        0
     0.599 	           0 	        0
     0.600 	           0 	        0
     0.601 	           0 	        0
     0.602 	           0 	        0
     0.603 	           0 	        0
     0.604 	           0 	        0
     0.605 	           0 	        0
     0.606 	           0 	        0
     0.607 	           0 	        0
     0.608 	           0 	        0
     0.609 	           0 	        0
     0.610 	           0 	        0
     0.611 	           0 	        0
     0.612 	           0 	        0
     0.613 	           0 	        0
     0.614 	           0 	        0
     0.615 	           0 	        0
     0.616 	           0 	        0
     0.617 	           0 	        0
     0.618 	           0 	        0
     0.619 	           0 	        0
     0.620 	           0 	        0
     0.621 	           0 	        0
     0.622 	           0 	        0
     0.623 	           0 	        0
     0.624 	           0 	        0
     0.625 	           0 	        0
     0.626 	           0 	        0
     0.627 	           0 	        0
     0.628 	           0 	        0
     0.629 	           0 	        0
     0.630 	           0 	        0
     0.631 	  2.4407e-08 	 1.02233e-08
     0.632 	 4.55752e-08 	 1.93371e-08
     0.633 	 3.16461e-08 	 1.36009e-08
     0.634 	           0 	        0
     0.635 	           0 	        0
     0.636 	           0 	        0
     0.637 	           0 	        0
     0.638 	           0 	        0
     0.639 	           0 	        0
     0.640 	 1.11281e-08 	 5.22418e-09
     0.641 	 1.07668e-08 	 5.11606e-09
     0.642 	           0 	        0
     0.643 	           0 	        0
     0.644 	           0 	        0
     0.645 	 1.42218e-08 	 7.08896e-09
     0.646 	 1.81835e-08 	 9.17183e-09
     0.647 	           0 	        0
     0.648 	           0 	        0
     0.649 	           0 	        0
     0.650 	           0 	        0
     0.651 	           0 	        0
     0.652 	           0 	        0
     0.653 	           0 	        0
     0.654 	           0 	        0
     0.655 	           0 	        0
     0.656 	           0 	        0
     0.657 	           0 	        0
     0.658 	           0 	        0
     0.659 	           0 	        0
     0.660 	           0 	        0
     0.661 	           0 	        0
     0.662 	           0 	        0
     0.663 	           0 	        0
     0.664 	           0 	        0
     0.665 	           0 	        0
     0.666 	           0 	        0
     0.667 	           0 	        0
     0.668 	           0 	        0
     0.669 	           0 	        0
     0.670 	           0 	        0
     0.671 	           0 	        0
     0.672 	           0 	        0
     0.673 	           0 	        0
     0.674 	           0 	        0
     0.675 	           0 	        0
     0.676 	           0 	        0
     0.677 	           0 	        0
     0.678 	           0 	        0
     0.679 	           0 	        0
     0.680 	           0 	        0
     0.681 	           0 	        0
     0.682 	           0 	        0
     0.683 	           0 	        0
     0.684 	           0 	        0
     0.685 	           0 	        0
     0.686 	 1.49482e-08 	 1.07684e-08
     0.687 	 1.85478e-08 	 1.34466e-08
     0.688 	           0 	        0
     0.689 	           0 	        0
     0.690 	 1.66016e-08 	 1.22594e-08
     0.691 	 3.46848e-08 	 2.57552e-08
     0.692 	  5.9816e-08 	 4.4658e-08
     0.693 	  5.7586e-08 	 4.32343e-08
     0.694 	           0 	        0
     0.695 	           0 	        0
     0.696 	           0 	        0
     0.697 	           0 	        0
     0.698 	 2.15774e-08 	 1.662e-08
     0.699 	 3.06615e-08 	 2.37288e-08
     0.700 	 3.22577e-08 	 2.50859e-08
     0.701 	 2.81546e-08 	 2.19959e-08
     0.702 	  3.2986e-08 	 2.58933e-08
     0.703 	 4.03922e-08 	 3.18525e-08
     0.704 	 5.11277e-08 	 4.0496e-08
     0.705 	 6.15462e-08 	 4.89593e-08
     0.706 	 4.81074e-08 	 3.84326e-08
     0.707 	 1.55047e-08 	 1.24371e-08
     0.708 	  1.0593e-08 	 8.53346e-09
     0.709 	           0 	        0
     0.710 	           0 	        0
     0.711 	           0 	        0
     0.712 	           0 	        0
     0.713 	           0 	        0
     0.714 	           0 	        0
     0.715 	           0 	        0
     0.716 	           0 	        0
     0.717 	           0 	        0
     0.718 	           0 	        0
     0.719 	           0 	        0
     0.720 	           0 	        0
     0.721 	           0 	        0
     0.722 	           0 	        0
     0.723 	           0 	        0
     0.724 	           0 	        0
     0.725 	           0 	        0
     0.726 	           0 	        0
     0.727 	           0 	        0
     0.728 	           0 	        0
     0.729 	           0 	        0
     0.730 	           0 	        0
     0.731 	           0 	        0
     0.732 	           0 	        0
     0.733 	           0 	        0
     0.734 	           0 	        0
     0.735 	           0 	        0
     0.736 	           0 	        0
     0.737 	           0 	        0
     0.738 	           0 	        0
     0.739 	           0 	        0
     0.740 	           0 	        0
     0.741 	           0 	        0
     0.742 	           0 	        0
     0.743 	           0 	        0
     0.744 	           0 	        0
     0.745 	           0 	        0
     0.746 	           0 	        0
     0.747 	           0 	        0
     0.748 	           0 	        0
     0.749 	           0 	        0
     0.750 	           0 	        0
     0.751 	           0 	        0
     0.752 	           0 	        0
     0.753 	           0 	        0
     0.754 	           0 	        0
     0.755 	           0 	        0
     0.756 	           0 	        0
     0.757 	           0 	        0
     0.758 	           0 	        0
     0.759 	           0 	        0
     0.760 	           0 	        0
     0.761 	           0 	        0
     0.762 	           0 	        0
     0.763 	           0 	        0
     0.764 	           0 	        0
     0.765 	           0 	        0
     0.766 	           0 	        0
     0.767 	           0 	        0
     0.768 	           0 	        0
     0.769 	           0 	        0
     0.770 	           0 	        0
     0.771 	           0 	        0
     0.772 	           0 	        0
     0.773 	           0 	        0
     0.774 	           0 	        0
     0.775 	           0 	        0
     0.776 	           0 	        0
     0.777 	           0 	        0
     0.778 	           0 	        0
     0.779 	           0 	        0
     0.780 	           0 	        0
     0.781 	           0 	        0
     0.782 	           0 	        0
     0.783 	           0 	        0
     0.784 	           0 	        0
     0.785 	           0 	        0
     0.786 	           0 	        0
     0.787 	           0 	        0
     0.788 	           0 	        0
     0.789 	           0 	        0
     0.790 	           0 	        0
     0.791 	           0 	        0
     0.792 	           0 	        0
     0.793 	           0 	        0
     0.794 	           0 	        0
     0.795 	           0 	        0
     0.796 	           0 	        0
     0.797 	           0 	        0
     0.798 	           0 	        0
     0.799 	           0 	        0
     0.800 	           0 	        0
     0.801 	           0 	        0
     0.802 	           0 	        0
     0.803 	           0 	        0
     0.804 	           0 	        0
     0.805 	           0 	        0
     0.806 	           0 	        0
     0.807 	           0 	        0
     0.808 	           0 	        0
     0.809 	           0 	        0
     0.810 	           0 	        0
     0.811 	           0 	        0
     0.812 	           0 	        0
     0.813 	           0 	        0
     0.814 	           0 	        0
     0.815 	           0 	        0
     0.816 	           0 	        0
     0.817 	           0 	        0
     0.818 	           0 	        0
     0.819 	           0 	        0
     0.820 	           0 	        0
     0.821 	           0 	        0
     0.822 	           0 	        0
     0.823 	           0 	        0
     0.824 	           0 	        0
     0.825 	           0 	        0
     0.826 	           0 	        0
     0.827 	           0 	        0
     0.828 	           0 	        0
     0.829 	           0 	        0
     0.830 	           0 	        0
     0.831 	           0 	        0
     0.832 	           0 	        0
     0.833 	           0 	        0
     0.834 	           0 	        0
     0.835 	           0 	        0
     0.836 	           0 	        0
     0.837 	           0 	        0
     0.838 	           0 	        0
     0.839 	           0 	        0
     0.840 	           0 	        0
     0.841 	           0 	        0
     0.842 	           0 	        0
     0.843 	           0 	        0
     0.844 	           0 	        0
     0.845 	           0 	        0
     0.846 	           0 	        0
     0.847 	           0 	        0
     0.848 	           0 	        0
     0.849 	           0 	        0
     0.850 	           0 	        0
     0.851 	           0 	        0
     0.852 	           0 	        0
     0.853 	           0 	        0
     0.854 	           0 	        0
     0.855 	           0 	        0
     0.856 	           0 	        0
     0.857 	           0 	        0
     0.858 	           0 	        0
     0.859 	           0 	        0
     0.860 	           0 	        0
     0.861 	 1.60058e-08 	 1.3084e-08
     0.862 	 1.78126e-08 	 1.45533e-08
     0.863 	 2.30089e-08 	 1.87899e-08
     0.864 	 1.54601e-08 	 1.26192e-08
     0.865 	           0 	        0
     0.866 	 1.80833e-08 	 1.47528e-08
     0.867 	 2.58948e-08 	 2.11196e-08
     0.868 	 2.71149e-08 	 2.21101e-08
     0.869 	 2.71854e-08 	 2.2159e-08
     0.870 	 4.35978e-08 	 3.55293e-08
     0.871 	 1.14026e-07 	 9.28909e-08
     0.872 	 1.48242e-07 	 1.20731e-07
     0.873 	  1.3675e-07 	 1.11332e-07
     0.874 	 6.43357e-08 	 5.2363e-08
     0.875 	 7.00299e-08 	 5.69713e-08
     0.876 	 7.93792e-08 	 6.45649e-08
     0.877 	  1.1737e-07 	 9.54401e-08
     0.878 	 5.99182e-08 	 4.87134e-08
     0.879 	 1.05467e-07 	 8.57025e-08
     0.880 	 7.98376e-08 	 6.48567e-08
     0.881 	 1.52311e-07 	 1.23724e-07
     0.882 	 1.16127e-07 	 9.43188e-08
     0.883 	 1.03692e-07 	 8.41993e-08
     0.884 	 2.13093e-08 	 1.72937e-08
     0.885 	 2.54722e-08 	 2.06657e-08
     0.886 	 1.09711e-07 	 8.89882e-08
     0.887 	    1.88e-07 	 1.52453e-07
     0.888 	 1.89758e-07 	 1.5378e-07
     0.889 	 1.02406e-07 	 8.29702e-08
     0.890 	 1.45079e-07 	 1.17516e-07
     0.891 	 1.78106e-07 	 1.44183e-07
     0.892 	 1.93622e-07 	 1.56658e-07
     0.893 	 4.02766e-08 	 3.25754e-08
     0.894 	           0 	        0
     0.895 	 3.52024e-07 	 2.8441e-07
     0.896 	 1.08324e-06 	 8.74856e-07
     0.897 	 1.12772e-06 	 9.10238e-07
     0.898 	 7.78431e-07 	 6.28008e-07
     0.899 	 1.83779e-07 	 1.48178e-07
     0.900 	 1.10162e-07 	 8.87815e-08
     0.901 	 1.04809e-07 	 8.44347e-08
     0.902 	 1.13975e-07 	 9.17734e-08
     0.903 	 8.02194e-08 	 6.45679e-08
     0.904 	 1.09337e-07 	 8.79506e-08
     0.905 	 1.10836e-07 	 8.9112e-08
     0.906 	 9.95533e-08 	 8.00092e-08
     0.907 	 1.19361e-07 	 9.58905e-08
     0.908 	 1.57504e-07 	 1.26483e-07
     0.909 	 1.89117e-07 	 1.51761e-07
     0.910 	 1.51722e-07 	 1.21713e-07
     0.911 	 8.37632e-08 	 6.71725e-08
     0.912 	 6.03914e-08 	 4.84079e-08
     0.913 	 6.47062e-08 	 5.18371e-08
     0.914 	 1.08359e-07 	 8.67775e-08
     0.915 	 1.49819e-07 	 1.19925e-07
     0.916 	 1.31269e-07 	 1.05017e-07
     0.917 	 1.23963e-07 	 9.91339e-08
     0.918 	 8.54986e-08 	 6.83496e-08
     0.919 	 1.54802e-07 	 1.23681e-07
     0.920 	 1.28993e-07 	 1.03017e-07
     0.921 	 2.08612e-07 	 1.66584e-07
     0.922 	 1.89025e-07 	 1.50924e-07
     0.923 	 1.81466e-07 	 1.44857e-07
     0.924 	 1.24612e-07 	 9.94525e-08
     0.925 	 1.00958e-07 	 8.05732e-08
     0.926 	 1.30231e-07 	 1.03928e-07
     0.927 	  1.2117e-07 	 9.66886e-08
     0.928 	 1.37496e-07 	 1.09716e-07
     0.929 	 1.12891e-07 	 9.00861e-08
     0.930 	 1.64725e-07 	 1.31439e-07
     0.931 	  1.5079e-07 	 1.2035e-07
     0.932 	 2.40257e-07 	 1.91701e-07
     0.933 	 2.55691e-07 	 2.04065e-07
     0.934 	 2.58349e-07 	 2.06181e-07
     0.935 	 1.80566e-07 	 1.44097e-07
     0.936 	 9.55083e-08 	 7.62391e-08
     0.937 	 1.13047e-07 	 9.02465e-08
     0.938 	 1.08227e-07 	 8.64029e-08
     0.939 	 1.54904e-07 	 1.23704e-07
     0.940 	 1.28774e-07 	 1.02842e-07
     0.941 	 2.26201e-07 	 1.80694e-07
     0.942 	 2.27512e-07 	 1.8182e-07
     0.943 	 2.06539e-07 	 1.65112e-07
     0.944 	 2.05845e-07 	 1.64602e-07
     0.945 	 3.02708e-07 	 2.42188e-07
     0.946 	 4.03609e-07 	 3.23003e-07
     0.947 	 4.81757e-07 	 3.85677e-07
     0.948 	 4.61014e-07 	 3.69236e-07
     0.949 	 5.44669e-07 	 4.3645e-07
     0.950 	 5.61222e-07 	 4.49916e-07
     0.951 	  6.6707e-07 	 5.34933e-07
     0.952 	 7.48234e-07 	 6.00312e-07
     0.953 	  7.2936e-07 	 5.85391e-07
     0.954 	 7.44871e-07 	 5.98068e-07
     0.955 	 7.70418e-07 	 6.18966e-07
     0.956 	  9.7598e-07 	 7.84416e-07
     0.957 	 1.20679e-06 	 9.70517e-07
     0.958 	 1.54112e-06 	 1.23986e-06
     0.959 	 1.96535e-06 	 1.58201e-06
     0.960 	 2.51176e-06 	 2.02286e-06
     0.961 	 3.15925e-06 	 2.54576e-06
     0.962 	 3.89356e-06 	 3.14e-06
     0.963 	 4.67793e-06 	 3.7744e-06
     0.964 	 5.45333e-06 	 4.4031e-06
     0.965 	 6.28875e-06 	 5.08104e-06
     0.966 	 7.24423e-06 	 5.8571e-06
     0.967 	 8.52696e-06 	 6.89971e-06
     0.968 	 1.01331e-05 	 8.20501e-06
     0.969 	 1.21983e-05 	 9.88408e-06
     0.970 	  1.4579e-05 	 1.18241e-05
     0.971 	 1.73706e-05 	 1.40984e-05
     0.972 	  2.0335e-05 	 1.6515e-05
     0.973 	 2.33197e-05 	 1.89571e-05
     0.974 	 2.60559e-05 	 2.11995e-05
     0.975 	 2.85776e-05 	 2.32709e-05
     0.976 	 3.10341e-05 	 2.52921e-05
     0.977 	 3.39777e-05 	 2.77084e-05
     0.978 	 3.78327e-05 	 3.08782e-05
     0.979 	 4.32367e-05 	 3.53269e-05
     0.980 	  5.0721e-05 	 4.1477e-05
     0.981 	 6.09173e-05 	 4.98545e-05
     0.982 	 7.47619e-05 	 6.12447e-05
     0.983 	 9.32181e-05 	 7.64175e-05
     0.984 	 0.000117042 	 9.60234e-05
     0.985 	 0.000147412 	 0.000121063
     0.986 	 0.000184761 	 0.000151875
     0.987 	  0.00022952 	 0.000188816
     0.988 	 0.000281857 	 0.000232057
     0.989 	 0.000341601 	 0.000281501
     0.990 	 0.000408817 	 0.000337198
     0.991 	 0.000483069 	 0.000398829
     0.992 	 0.000565551 	 0.00046729
     0.993 	 0.000659542 	 0.000545435
     0.994 	  0.00076882 	 0.000636371
     0.995 	 0.000898733 	 0.000744479
     0.996 	  0.00106001 	 0.000878922
     0.997 	  0.00126651 	 0.0010512
     0.998 	   0.0263085 	 0.0218529
     0.999 	   0.0604743 	 0.0502765
     1.000 	    0.098786 	 0.0822066
     1.001 	    0.115551 	 0.0962307
     1.002 	    0.128659 	 0.107249
     1.003 	    0.142292 	 0.118724
     1.004 	     0.15879 	 0.132589
     1.005 	    0.176627 	 0.147623
     1.006 	    0.199045 	 0.166534
     1.007 	    0.224034 	 0.187558
     1.008 	    0.253651 	 0.212581
     1.009 	    0.288395 	 0.241869
     1.010 	    0.328964 	 0.276158
     1.011 	    0.375611 	 0.315622
     1.012 	    0.426113 	  0.35836
     1.013 	    0.482738 	 0.406329
     1.014 	    0.542223 	  0.45683
     1.015 	    0.599991 	 0.505934
     1.016 	     0.65246 	 0.550638
     1.017 	    0.694925 	  0.58711
     1.018 	    0.727008 	 0.614604
     1.019 	    0.745228 	 0.630669
     1.020 	    0.753665 	 0.638357
     1.021 	    0.755269 	  0.64032
     1.022 	    0.755347 	 0.640881
     1.023 	     0.75505 	 0.641234
     1.024 	    0.756279 	 0.642889
     1.025 	    0.757476 	   0.6444
     1.026 	    0.755844 	 0.643617
     1.027 	    0.751673 	  0.64062
     1.028 	    0.747603 	 0.637827
     1.029 	     0.74495 	 0.635971
     1.030 	    0.742731 	 0.634608
     1.031 	     0.74255 	 0.635147
     1.032 	    0.745714 	 0.638215
     1.033 	    0.752092 	 0.644167
     1.034 	    0.757955 	 0.649697
     1.035 	    0.766252 	  0.65738
     1.036 	    0.773129 	 0.663786
     1.037 	    0.779037 	  0.66938
     1.038 	    0.782977 	 0.673347
     1.039 	    0.787276 	 0.677558
     1.040 	    0.790317 	 0.680757
     1.041 	    0.791963 	 0.682635
     1.042 	    0.791735 	 0.682872
     1.043 	    0.792061 	 0.683739
     1.044 	    0.792936 	 0.685102
     1.045 	    0.794253 	 0.686673
     1.046 	    0.794738 	 0.687607
     1.047 	    0.793864 	 0.687354
     1.048 	    0.795689 	 0.689599
     1.049 	     0.79798 	 0.691962
     1.050 	    0.799517 	  0.69381
     1.051 	    0.799174 	 0.694117
     1.052 	    0.799488 	 0.694839
     1.053 	    0.801264 	 0.697066
     1.054 	    0.804928 	 0.700648
     1.055 	    0.808687 	 0.704457
     1.056 	    0.813913 	 0.709537
     1.057 	    0.816976 	 0.712665
     1.058 	    0.819202 	 0.715304
     1.059 	    0.819222 	 0.715779
     1.060 	    0.817724 	 0.715083
     1.061 	    0.815472 	 0.713587
     1.062 	    0.813094 	 0.711978
     1.063 	    0.808722 	 0.708701
     1.064 	    0.804267 	  0.70536
     1.065 	    0.798496 	 0.700833
     1.066 	    0.794759 	 0.698092
     1.067 	    0.788957 	 0.693451
     1.068 	    0.784608 	 0.690082
     1.069 	      0.7774 	  0.68427
     1.070 	    0.770325 	 0.678556
     1.071 	    0.762578 	 0.672228
     1.072 	     0.75528 	  0.66643
     1.073 	    0.749338 	 0.661672
     1.074 	    0.743767 	 0.657235
     1.075 	    0.739027 	 0.653526
     1.076 	     0.73635 	 0.651778
     1.077 	    0.732227 	 0.648655
     1.078 	    0.729328 	 0.646558
     1.079 	    0.723439 	 0.641806
     1.080 	    0.719835 	 0.639213
     1.081 	    0.716906 	 0.637159
     1.082 	     0.71499 	 0.635862
     1.083 	    0.714415 	 0.635829
     1.084 	    0.714995 	 0.636825
     1.085 	    0.719298 	 0.641138
     1.086 	    0.723427 	 0.645355
     1.087 	    0.728904 	 0.650796
     1.088 	     0.73402 	 0.655778
     1.089 	    0.738444 	 0.660367
     1.090 	    0.742616 	 0.664594
     1.091 	    0.745048 	  0.66715
     1.092 	    0.751065 	 0.673052
     1.093 	    0.756373 	 0.678263
     1.094 	    0.764435 	 0.685959
     1.095 	     0.76964 	 0.691098
     1.096 	    0.773807 	 0.695231
     1.097 	      0.7776 	 0.699243
     1.098 	    0.780056 	 0.701927
     1.099 	    0.783502 	 0.705423
     1.100 	    0.786802 	 0.708865
     1.101 	    0.790526 	 0.712761
     1.102 	    0.793816 	  0.71613
     1.103 	    0.794624 	 0.717419
     1.104 	    0.796607 	 0.719673
     1.105 	    0.797912 	 0.721256
     1.106 	    0.800825 	 0.724452
     1.107 	    0.801788 	 0.725789
     1.108 	    0.803438 	 0.727847
     1.109 	    0.803334 	 0.728158
     1.110 	    0.802391 	 0.727687
     1.111 	    0.800444 	  0.72628
     1.112 	    0.798782 	 0.725129
     1.113 	    0.798936 	 0.725919
     1.114 	    0.796196 	 0.723785
     1.115 	    0.792896 	 0.721058
     1.116 	    0.788124 	 0.717129
     1.117 	    0.782204 	  0.71209
     1.118 	    0.777418 	 0.708059
     1.119 	    0.772961 	 0.704496
     1.120 	    0.771728 	 0.703694
     1.121 	    0.769568 	 0.702079
     1.122 	    0.766523 	 0.699659
     1.123 	    0.767071 	 0.700497
     1.124 	    0.767677 	 0.701482
     1.125 	    0.771204 	 0.705122
     1.126 	    0.773385 	 0.707397
     1.127 	    0.776451 	 0.710541
     1.128 	    0.779289 	 0.713421
     1.129 	    0.780579 	 0.714944
     1.130 	    0.782275 	 0.717011
     1.131 	    0.784347 	  0.71922
     1.132 	    0.789581 	  0.72419
     1.133 	    0.792603 	 0.727275
     1.134 	    0.795712 	 0.730379
     1.135 	     0.79793 	 0.732888
     1.136 	    0.800351 	 0.735344
     1.137 	    0.801531 	 0.736683
     1.138 	    0.802449 	 0.737759
     1.139 	    0.804606 	 0.740072
     1.140 	    0.806473 	 0.742185
     1.141 	    0.808452 	 0.744184
     1.142 	     0.81003 	 0.745753
     1.143 	     0.81201 	 0.747836
     1.144 	    0.815364 	 0.751041
     1.145 	    0.816732 	  0.75248
     1.146 	     0.82431 	 0.759807
     1.147 	    0.827626 	 0.762981
     1.148 	    0.831129 	 0.766391
     1.149 	    0.833598 	 0.768845
     1.150 	    0.838316 	 0.773314
     1.151 	    0.842593 	 0.777572
     1.152 	    0.843181 	 0.778173
     1.153 	    0.847775 	 0.782493
     1.154 	    0.851847 	  0.78631
     1.155 	     0.85726 	 0.791453
     1.156 	    0.858675 	 0.792922
     1.157 	    0.862994 	  0.79697
     1.158 	    0.866939 	 0.800759
     1.159 	    0.869834 	 0.803575
     1.160 	    0.872303 	 0.805847
     1.161 	    0.874839 	 0.808448
     1.162 	    0.877702 	 0.811177
     1.163 	      0.8801 	 0.813386
     1.164 	    0.882542 	 0.815659
     1.165 	    0.885174 	 0.818173
     1.166 	    0.887493 	 0.820577
     1.167 	    0.889756 	 0.822663
     1.168 	    0.892957 	 0.825705
     1.169 	    0.897924 	 0.830306
     1.170 	    0.902154 	 0.834389
     1.171 	    0.905092 	 0.837153
     1.172 	    0.905291 	 0.837293
     1.173 	    0.905482 	 0.837418
     1.174 	     0.90583 	 0.837876
     1.175 	    0.906658 	 0.838518
     1.176 	    0.907627 	 0.839369
     1.177 	    0.907031 	  0.83868
     1.178 	    0.905935 	 0.837621
     1.179 	    0.904427 	 0.836441
     1.180 	    0.903202 	 0.835171
     1.181 	    0.904054 	 0.835985
     1.182 	    0.901322 	 0.833566
     1.183 	    0.903276 	 0.835237
     1.184 	    0.900881 	 0.832957
     1.185 	     0.89993 	 0.832102
     1.186 	    0.893991 	 0.826717
     1.187 	    0.891073 	 0.824039
     1.188 	    0.890038 	 0.823017
     1.189 	    0.890715 	 0.823487
     1.190 	    0.889216 	 0.822214
     1.191 	     0.88761 	 0.820704
     1.192 	    0.885827 	 0.818949
     1.193 	    0.886552 	  0.81978
     1.194 	    0.885594 	 0.818786
     1.195 	    0.884968 	 0.818276
     1.196 	    0.882971 	 0.816324
     1.197 	    0.879429 	  0.81311
     1.198 	    0.876836 	 0.810608
     1.199 	    0.874494 	 0.808337
     1.200 	    0.875697 	 0.809519
     1.201 	    0.874442 	  0.80815
     1.202 	    0.873619 	 0.807182
     1.203 	    0.871937 	 0.805592
     1.204 	    0.870706 	 0.804248
     1.205 	    0.870004 	 0.803305
     1.206 	    0.867672 	 0.801119
     1.207 	    0.865543 	 0.798861
     1.208 	    0.862687 	 0.795933
     1.209 	    0.861336 	 0.794728
     1.210 	    0.860818 	 0.794027
     1.211 	    0.859617 	 0.792666
     1.212 	    0.859273 	 0.792268
     1.213 	    0.858209 	 0.791035
     1.214 	    0.858617 	 0.791158
     1.215 	    0.857988 	 0.790501
     1.216 	    0.857977 	 0.790239
     1.217 	    0.860716 	 0.792508
     1.218 	    0.863066 	 0.794504
     1.219 	    0.865951 	 0.796973
     1.220 	    0.866144 	 0.796809
     1.221 	    0.868521 	 0.798827
     1.222 	    0.871403 	 0.801308
     1.223 	    0.875673 	 0.805066
     1.224 	    0.878502 	 0.807323
     1.225 	    0.885316 	 0.813308
     1.226 	    0.890182 	 0.817605
     1.227 	    0.896761 	  0.82339
     1.228 	    0.899384 	 0.825446
     1.229 	    0.903493 	 0.828953
     1.230 	    0.907465 	 0.832314
     1.231 	    0.908812 	  0.83342
     1.232 	    0.909474 	 0.833627
     1.233 	    0.907837 	 0.831904
     1.234 	    0.908112 	 0.832017
     1.235 	    0.907012 	 0.830611
     1.236 	    0.909178 	 0.832465
     1.237 	    0.909251 	 0.832131
     1.238 	    0.906854 	 0.829876
     1.239 	    0.905243 	 0.828012
     1.240 	    0.905882 	 0.828198
     1.241 	    0.909657 	 0.831435
     1.242 	    0.913158 	 0.834311
     1.243 	     0.91668 	 0.837322
     1.244 	    0.918819 	 0.838963
     1.245 	    0.920646 	 0.840396
     1.246 	    0.922123 	 0.841344
     1.247 	    0.925696 	 0.844211
     1.248 	    0.927507 	 0.845622
     1.249 	    0.930917 	 0.848416
     1.250 	    0.933653 	 0.850604
     1.251 	    0.937361 	 0.853581
     1.252 	    0.940026 	 0.855625
     1.253 	    0.943426 	 0.858156
     1.254 	    0.946449 	 0.860683
     1.255 	    0.948382 	 0.861867
     1.256 	    0.948566 	 0.861741
     1.257 	     0.94845 	 0.861144
     1.258 	    0.947274 	 0.859691
     1.259 	    0.946867 	 0.858841
     1.260 	    0.943943 	 0.855602
     1.261 	    0.944405 	 0.855568
     1.262 	    0.947027 	 0.857378
     1.263 	     0.94949 	 0.859153
     1.264 	    0.948942 	 0.858086
     1.265 	    0.945905 	 0.854887
     1.266 	    0.944909 	 0.853349
     1.267 	    0.948581 	 0.856193
     1.268 	    0.952318 	 0.859013
     1.269 	    0.954157 	 0.860196
     1.270 	    0.951196 	 0.856792
     1.271 	    0.948096 	 0.853647
     1.272 	    0.944003 	 0.849442
     1.273 	     0.93684 	  0.84246
     1.274 	     0.92651 	 0.832753
     1.275 	    0.909728 	 0.816994
     1.276 	      0.8834 	 0.792932
     1.277 	    0.845097 	 0.758003
     1.278 	    0.795986 	 0.713577
     1.279 	    0.741094 	 0.663818
     1.280 	    0.677303 	  0.60636
     1.281 	    0.609109 	 0.544875
     1.282 	    0.535646 	 0.478921
     1.283 	     0.46589 	 0.416221
     1.284 	    0.399495 	 0.356728
     1.285 	    0.340849 	 0.304211
     1.286 	    0.288271 	 0.257078
     1.287 	    0.244995 	 0.218377
     1.288 	    0.208685 	 0.185863
     1.289 	    0.178842 	 0.159188
     1.290 	    0.154314 	  0.13726
     1.291 	    0.134242 	 0.119342
     1.292 	    0.117372 	 0.104292
     1.293 	     0.10336 	 0.0917721
     1.294 	   0.0915583 	 0.0812675
     1.295 	   0.0812702 	 0.0720752
     1.296 	    0.071576 	 0.0634439
     1.297 	   0.0622256 	 0.0551214
     1.298 	   0.0532113 	 0.0471108
     1.299 	   0.0443442 	 0.0392393
     1.300 	    0.036083 	 0.0319023
     1.301 	   0.0290594 	 0.0256761
     1.302 	   0.0233099 	 0.0205832
     1.303 	   0.0186818 	 0.0164824
     1.304 	   0.0150551 	 0.0132742
     1.305 	   0.0121066 	 0.0106668
     1.306 	  0.00974703 	 0.00858139
     1.307 	  0.00787124 	 0.0069255
     1.308 	  0.00640667 	 0.0056328
     1.309 	  0.00526427 	 0.00462444
     1.310 	   0.0043463 	 0.003816
     1.311 	  0.00361269 	 0.00316954
     1.312 	  0.00299878 	 0.00262865
     1.313 	  0.00251569 	 0.00220396
     1.314 	  0.00211159 	 0.00184835
     1.315 	  0.00178356 	 0.00155985
     1.316 	  0.00150237 	 0.00131307
     1.317 	  0.00127702 	 0.00111527
     1.318 	  0.00108916 	 0.000950375
     1.319 	 0.000933478 	 0.000813995
     1.320 	  0.00079622 	 0.00069378
     1.321 	 0.000682529 	 0.000594297
     1.322 	 0.000587387 	 0.000510981
     1.323 	 0.000509018 	 0.000442443
     1.324 	 0.000442782 	 0.000384604
     1.325 	 0.000384605 	 0.000333724
     1.326 	 0.000332312 	 0.000288145
     1.327 	 0.000287683 	 0.000249268
     1.328 	 0.000252464 	 0.000218577
     1.329 	 0.000223841 	 0.000193595
     1.330 	   0.0001995 	 0.000172401
     1.331 	   0.0001761 	 0.00015209
     1.332 	 0.000156006 	 0.000134616
     1.333 	 0.000138225 	 0.000119166
     1.334 	 0.000124493 	 0.000107252
     1.335 	 0.000112268 	 9.66427e-05
     1.336 	 0.000100913 	 8.68081e-05
     1.337 	 9.07134e-05 	 7.79559e-05
     1.338 	 8.20539e-05 	 7.04575e-05
     1.339 	 7.49358e-05 	 6.42936e-05
     1.340 	  6.8615e-05 	 5.88298e-05
     1.341 	 6.24613e-05 	 5.35079e-05
     1.342 	  5.9061e-05 	 5.05529e-05
     1.343 	 5.36715e-05 	 4.59056e-05
     1.344 	 5.03059e-05 	 4.30042e-05
     1.345 	 4.57255e-05 	 3.90511e-05
     1.346 	 4.26378e-05 	 3.6387e-05
     1.347 	  3.8845e-05 	 3.31289e-05
     1.348 	 3.54169e-05 	 3.018e-05
     1.349 	 3.34988e-05 	 2.85213e-05
     1.350 	 3.11743e-05 	 2.65223e-05
     1.351 	 2.92402e-05 	 2.48598e-05
     1.352 	 2.75481e-05 	 2.34027e-05
     1.353 	 2.49393e-05 	 2.11652e-05
     1.354 	  2.2946e-05 	 1.94602e-05
     1.355 	 2.00619e-05 	 1.69992e-05
     1.356 	 1.96293e-05 	 1.66214e-05
     1.357 	  1.7723e-05 	 1.49937e-05
     1.358 	 1.67545e-05 	 1.41631e-05
     1.359 	 1.57391e-05 	 1.32942e-05
     1.360 	 1.53576e-05 	 1.29617e-05
     1.361 	 1.45047e-05 	 1.22296e-05
     1.362 	 1.23633e-05 	 1.04149e-05
     1.363 	 1.10281e-05 	 9.28187e-06
     1.364 	 1.11542e-05 	 9.38065e-06
     1.365 	 1.24845e-05 	 1.04879e-05
     1.366 	 1.17845e-05 	 9.89015e-06
     1.367 	 1.10752e-05 	 9.28864e-06
     1.368 	 1.02796e-05 	 8.61372e-06
     1.369 	 1.00555e-05 	 8.41664e-06
     1.370 	 8.97656e-06 	 7.50687e-06
     1.371 	 8.56451e-06 	 7.15713e-06
     1.372 	 1.11504e-05 	 9.30842e-06
     1.373 	 1.24425e-05 	 1.03785e-05
     1.374 	 1.23235e-05 	 1.02718e-05
     1.375 	 1.01915e-05 	 8.48777e-06
     1.376 	 8.91392e-06 	 7.41604e-06
     1.377 	  7.8865e-06 	 6.55584e-06
     1.378 	   7.769e-06 	 6.45425e-06
     1.379 	  8.2046e-06 	 6.80904e-06
     1.380 	  9.6077e-06 	 7.96688e-06
     1.381 	 9.33757e-06 	 7.73813e-06
     1.382 	 9.09797e-06 	 7.53416e-06
     1.383 	 8.41228e-06 	 6.95984e-06
     1.384 	 7.65814e-06 	 6.33136e-06
     1.385 	 6.13093e-06 	 5.06562e-06
     1.386 	 6.55747e-06 	 5.41299e-06
     1.387 	 7.21302e-06 	 5.95053e-06
     1.388 	 7.98165e-06 	 6.57988e-06
     1.389 	   7.415e-06 	 6.10766e-06
     1.390 	  7.4274e-06 	 6.11347e-06
     1.391 	 6.61846e-06 	 5.44365e-06
     1.392 	 5.90483e-06 	 4.8526e-06
     1.393 	 6.23095e-06 	 5.11686e-06
     1.394 	 7.60472e-06 	 6.24116e-06
     1.395 	 8.35476e-06 	 6.85023e-06
     1.396 	 7.88197e-06 	 6.45851e-06
     1.397 	 6.91758e-06 	 5.66342e-06
     1.398 	 7.22873e-06 	 5.91381e-06
     1.399 	 7.78277e-06 	 6.36239e-06
     1.400 	 8.81681e-06 	 7.20246e-06
     1.401 	 9.31302e-06 	 7.60158e-06
     1.402 	 9.11488e-06 	 7.43216e-06
     1.403 	 7.68158e-06 	 6.25833e-06
     1.404 	  6.4892e-06 	 5.28371e-06
     1.405 	  5.8399e-06 	 4.7501e-06
     1.406 	 7.12245e-06 	 5.78854e-06
     1.407 	 6.55359e-06 	 5.3207e-06
     1.408 	 6.34539e-06 	 5.14851e-06
     1.409 	 7.08568e-06 	 5.74379e-06
     1.410 	 8.25568e-06 	 6.68668e-06
     1.411 	 7.86978e-06 	 6.36776e-06
     1.412 	 7.44591e-06 	 6.02079e-06
     1.413 	 7.03541e-06 	 5.68498e-06
     1.414 	 7.58355e-06 	 6.12177e-06
     1.415 	 6.05984e-06 	 4.8885e-06
     1.416 	 4.42247e-06 	 3.56438e-06
     1.417 	 3.67894e-06 	 2.96309e-06
     1.418 	 4.82157e-06 	 3.87995e-06
     1.419 	 5.72624e-06 	 4.60432e-06
     1.420 	 6.91286e-06 	 5.55353e-06
     1.421 	 5.48738e-06 	 4.40506e-06
     1.422 	 4.38069e-06 	 3.51394e-06
     1.423 	 2.06815e-06 	 1.65791e-06
     1.424 	 3.65754e-06 	 2.92919e-06
     1.425 	 6.43541e-06 	 5.15063e-06
     1.426 	 9.23029e-06 	 7.38039e-06
     1.427 	 8.38624e-06 	 6.70196e-06
     1.428 	 7.44246e-06 	 5.94252e-06
     1.429 	 7.20481e-06 	 5.74911e-06
     1.430 	 8.15731e-06 	 6.50286e-06
     1.431 	 7.99881e-06 	 6.37254e-06
     1.432 	 6.65308e-06 	 5.29589e-06
     1.433 	 6.41361e-06 	 5.10145e-06
     1.434 	 5.64022e-06 	 4.48293e-06
     1.435 	 4.50659e-06 	 3.5789e-06
     1.436 	 3.01983e-06 	 2.39641e-06
     1.437 	 2.37771e-06 	 1.88563e-06
     1.438 	 3.29098e-06 	 2.60826e-06
     1.439 	 3.66662e-06 	 2.90318e-06
     1.440 	 5.14722e-06 	 4.07294e-06
     1.441 	 4.83717e-06 	 3.8237e-06
     1.442 	 5.29716e-06 	 4.18437e-06
     1.443 	 5.18896e-06 	 4.0961e-06
     1.444 	 5.57604e-06 	 4.39717e-06
     1.445 	 6.25677e-06 	 4.9306e-06
     1.446 	 5.84931e-06 	 4.60578e-06
     1.447 	 7.16414e-06 	 5.6378e-06
     1.448 	 5.91626e-06 	 4.65102e-06
     1.449 	 5.20596e-06 	 4.08932e-06
     1.450 	 4.15469e-06 	 3.2613e-06
     1.451 	 4.32411e-06 	 3.39121e-06
     1.452 	 3.97175e-06 	 3.11233e-06
     1.453 	 3.67977e-06 	 2.88147e-06
     1.454 	  3.4772e-06 	 2.72038e-06
     1.455 	 3.50535e-06 	 2.74125e-06
     1.456 	 2.78101e-06 	 2.17372e-06
     1.457 	 3.13541e-06 	 2.44907e-06
     1.458 	 3.45305e-06 	 2.69448e-06
     1.459 	 4.11485e-06 	 3.20633e-06
     1.460 	 4.79979e-06 	 3.73533e-06
     1.461 	 5.91334e-06 	 4.60003e-06
     1.462 	 6.05425e-06 	 4.70848e-06
     1.463 	 5.56558e-06 	 4.32481e-06
     1.464 	 4.64427e-06 	 3.60588e-06
     1.465 	 4.87658e-06 	 3.78531e-06
     1.466 	 4.98304e-06 	 3.86646e-06
     1.467 	 4.37724e-06 	 3.39214e-06
     1.468 	 5.40552e-06 	 4.18308e-06
     1.469 	 4.03746e-06 	 3.12159e-06
     1.470 	 3.87905e-06 	 2.9969e-06
     1.471 	 3.18489e-06 	 2.45856e-06
     1.472 	 4.20723e-06 	 3.24512e-06
     1.473 	   4.823e-06 	 3.71698e-06
     1.474 	 3.71155e-06 	 2.8581e-06
     1.475 	 2.45121e-06 	 1.88605e-06
     1.476 	 1.80762e-06 	 1.38972e-06
     1.477 	 2.30884e-06 	 1.7735e-06
     1.478 	 3.36034e-06 	 2.5793e-06
     1.479 	  3.8414e-06 	 2.94788e-06
     1.480 	 3.49675e-06 	 2.68238e-06
     1.481 	 2.80835e-06 	 2.1515e-06
     1.482 	 3.11737e-06 	 2.38514e-06
     1.483 	 4.09713e-06 	 3.13382e-06
     1.484 	 5.46549e-06 	 4.17932e-06
     1.485 	 6.19769e-06 	 4.73331e-06
     1.486 	 6.71494e-06 	 5.12134e-06
     1.487 	 5.06482e-06 	 3.85946e-06
     1.488 	 4.09953e-06 	 3.12169e-06
     1.489 	 2.64716e-06 	 2.01414e-06
     1.490 	 2.51576e-06 	 1.91267e-06
     1.491 	  2.4902e-06 	 1.89176e-06
     1.492 	 2.93118e-06 	 2.22502e-06
     1.493 	 3.07317e-06 	 2.33098e-06
     1.494 	 2.64031e-06 	 2.00109e-06
     1.495 	 3.06824e-06 	 2.32363e-06
     1.496 	 3.86106e-06 	 2.92177e-06
     1.497 	 4.18538e-06 	 3.16451e-06
     1.498 	 3.37847e-06 	 2.55262e-06
     1.499 	 2.60742e-06 	 1.96956e-06
     1.500 	 2.84191e-06 	 2.14614e-06
     1.501 	 2.85813e-06 	 2.15688e-06
     1.502 	 4.14025e-06 	 3.12179e-06
     1.503 	 3.84672e-06 	 2.89822e-06
     1.504 	 4.23073e-06 	 3.18513e-06
     1.505 	 3.36733e-06 	 2.53317e-06
     1.506 	 4.17613e-06 	 3.13923e-06
     1.507 	 4.14874e-06 	 3.11628e-06
     1.508 	 4.73702e-06 	 3.55546e-06
     1.509 	  5.0277e-06 	 3.77079e-06
     1.510 	 4.62473e-06 	 3.466e-06
     1.511 	 4.13704e-06 	 3.09839e-06
     1.512 	  3.6468e-06 	 2.72897e-06
     1.513 	 3.85053e-06 	 2.87761e-06
     1.514 	 3.68203e-06 	 2.74844e-06
     1.515 	 3.88338e-06 	 2.89783e-06
     1.516 	 3.37732e-06 	 2.51983e-06
     1.517 	 4.02374e-06 	 3.00018e-06
     1.518 	 3.13203e-06 	 2.33339e-06
     1.519 	 3.76289e-06 	 2.80113e-06
     1.520 	 2.92255e-06 	 2.17415e-06
     1.521 	  3.2935e-06 	 2.44977e-06
     1.522 	 3.30847e-06 	 2.46015e-06
     1.523 	 5.23024e-06 	 3.88472e-06
     1.524 	 5.48819e-06 	 4.07095e-06
     1.525 	 4.57161e-06 	 3.3884e-06
     1.526 	 2.62813e-06 	 1.94668e-06
     1.527 	 2.85526e-06 	 2.11322e-06
     1.528 	 3.54353e-06 	 2.62097e-06
     1.529 	 4.19653e-06 	 3.10332e-06
     1.530 	 4.95123e-06 	 3.66071e-06
     1.531 	 5.11341e-06 	 3.77849e-06
     1.532 	 4.62256e-06 	 3.4129e-06
     1.533 	  3.9048e-06 	 2.87942e-06
     1.534 	 4.07681e-06 	 3.00266e-06
     1.535 	 5.76943e-06 	 4.24606e-06
     1.536 	 5.01615e-06 	 3.68934e-06
     1.537 	 3.71989e-06 	 2.73386e-06
     1.538 	 1.99045e-06 	 1.46194e-06
     1.539 	 2.65619e-06 	 1.95068e-06
     1.540 	 4.54656e-06 	 3.33811e-06
     1.541 	 5.55067e-06 	 4.07076e-06
     1.542 	 4.95781e-06 	 3.6313e-06
     1.543 	 5.56855e-06 	 4.07525e-06
     1.544 	 5.16455e-06 	 3.7776e-06
     1.545 	 5.75549e-06 	 4.20909e-06
     1.546 	 4.37917e-06 	 3.202e-06
     1.547 	 3.57039e-06 	 2.60906e-06
     1.548 	 3.22352e-06 	 2.3538e-06
     1.549 	 5.26674e-06 	 3.84347e-06
     1.550 	 5.69112e-06 	 4.15002e-06
     1.551 	 6.74664e-06 	 4.91354e-06
     1.552 	 4.99441e-06 	 3.63338e-06
     1.553 	 4.21386e-06 	 3.06479e-06
     1.554 	 2.09246e-06 	 1.52175e-06
     1.555 	 2.13963e-06 	 1.555e-06
     1.556 	 2.90683e-06 	 2.11118e-06
     1.557 	 3.67159e-06 	 2.66618e-06
     1.558 	 2.84758e-06 	 2.06751e-06
     1.559 	 3.27746e-06 	 2.37841e-06
     1.560 	 3.86252e-06 	 2.80071e-06
     1.561 	 4.66005e-06 	 3.37481e-06
     1.562 	  4.9203e-06 	 3.55941e-06
     1.563 	 5.63479e-06 	 4.07541e-06
     1.564 	 5.62228e-06 	 4.06606e-06
     1.565 	 4.21069e-06 	 3.04372e-06
     1.566 	 2.86453e-06 	 2.06897e-06
     1.567 	 2.49978e-06 	 1.80332e-06
     1.568 	 2.85163e-06 	 2.05492e-06
     1.569 	 3.43864e-06 	 2.47742e-06
     1.570 	 5.24257e-06 	 3.77698e-06
     1.571 	 6.97684e-06 	 5.02355e-06
     1.572 	 6.89287e-06 	 4.95961e-06
     1.573 	 4.97136e-06 	 3.57476e-06
     1.574 	  5.0907e-06 	 3.65831e-06
     1.575 	 6.22948e-06 	 4.47385e-06
     1.576 	 7.56076e-06 	 5.42657e-06
     1.577 	 7.03065e-06 	 5.04334e-06
     1.578 	 6.25307e-06 	 4.48247e-06
     1.579 	 4.47762e-06 	 3.20615e-06
     1.580 	 3.93216e-06 	 2.81242e-06
     1.581 	 4.57888e-06 	 3.27244e-06
     1.582 	  5.1289e-06 	 3.66386e-06
     1.583 	 5.23276e-06 	 3.73772e-06
     1.584 	 4.61519e-06 	 3.29625e-06
     1.585 	 5.57847e-06 	 3.98219e-06
     1.586 	 4.55774e-06 	 3.25132e-06
     1.587 	 4.06454e-06 	 2.89781e-06
     1.588 	 2.16722e-06 	 1.54418e-06
     1.589 	 4.97546e-06 	 3.54274e-06
     1.590 	 5.71313e-06 	 4.06592e-06
     1.591 	 6.00424e-06 	 4.27275e-06
     1.592 	 3.68518e-06 	 2.62226e-06
     1.593 	 2.81556e-06 	 2.00248e-06
     1.594 	 3.39975e-06 	 2.41636e-06
     1.595 	 3.62616e-06 	 2.57578e-06
     1.596 	 3.85404e-06 	 2.7361e-06
     1.597 	 4.76186e-06 	 3.3786e-06
     1.598 	 4.50171e-06 	 3.19221e-06
     1.599 	 4.09523e-06 	 2.9023e-06
     1.600 	  2.6558e-06 	 1.8811e-06
     1.601 	  3.6697e-06 	 2.59797e-06
     1.602 	 4.47749e-06 	 3.16783e-06
     1.603 	 5.19962e-06 	 3.67445e-06
     1.604 	 6.41536e-06 	 4.52912e-06
     1.605 	 5.73271e-06 	 4.04672e-06
     1.606 	  5.3136e-06 	 3.75095e-06
     1.607 	 3.41061e-06 	 2.40645e-06
     1.608 	 4.09469e-06 	 2.88731e-06
     1.609 	 4.60481e-06 	 3.245e-06
     1.610 	 7.10624e-06 	 5.00539e-06
     1.611 	  6.3676e-06 	 4.48496e-06
     1.612 	 7.08619e-06 	 4.99095e-06
     1.613 	  4.4198e-06 	 3.11156e-06
     1.614 	 4.48126e-06 	 3.15289e-06
     1.615 	 3.54813e-06 	 2.49523e-06
     1.616 	 2.86125e-06 	 2.01097e-06
     1.617 	  3.5679e-06 	 2.50479e-06
     1.618 	   3.022e-06 	 2.11953e-06
     1.619 	 4.23624e-06 	 2.97089e-06
     1.620 	 4.53718e-06 	 3.18215e-06
     1.621 	 5.91481e-06 	 4.14652e-06
     1.622 	 6.13165e-06 	 4.29604e-06
     1.623 	  7.0873e-06 	 4.96308e-06
     1.624 	 5.98652e-06 	 4.19012e-06
     1.625 	 5.28569e-06 	 3.69768e-06
     1.626 	 2.85193e-06 	 1.99411e-06
     1.627 	 4.54453e-06 	 3.17602e-06
     1.628 	 5.03626e-06 	 3.51793e-06
     1.629 	 5.63091e-06 	 3.93136e-06
     1.630 	 4.09952e-06 	 2.86079e-06
     1.631 	 2.65171e-06 	 1.84957e-06
     1.632 	 2.68323e-06 	 1.87063e-06
     1.633 	   2.801e-06 	 1.9518e-06
     1.634 	 5.25394e-06 	 3.65927e-06
     1.635 	 5.86104e-06 	 4.08016e-06
     1.636 	  6.4564e-06 	 4.49246e-06
     1.637 	 6.48613e-06 	 4.51101e-06
     1.638 	 5.25722e-06 	 3.65456e-06
     1.639 	 4.36219e-06 	 3.03098e-06
     1.640 	 2.27089e-06 	 1.57717e-06
     1.641 	 5.45525e-06 	 3.78666e-06
     1.642 	 6.99954e-06 	 4.85678e-06
     1.643 	 8.90404e-06 	 6.17854e-06
     1.644 	 8.44826e-06 	 5.8626e-06
     1.645 	 8.13113e-06 	 5.64037e-06
     1.646 	 7.07641e-06 	 4.9062e-06
     1.647 	  5.4457e-06 	 3.77417e-06
     1.648 	 4.54221e-06 	 3.14639e-06
     1.649 	 5.71834e-06 	 3.957e-06
     1.650 	 5.48695e-06 	 3.79355e-06
     1.651 	 6.29727e-06 	 4.35378e-06
     1.652 	 5.74725e-06 	 3.9741e-06
     1.653 	 5.51454e-06 	 3.81185e-06
     1.654 	  6.2817e-06 	 4.33991e-06
     1.655 	 6.23471e-06 	 4.30564e-06
     1.656 	 7.80258e-06 	 5.38605e-06
     1.657 	  5.8325e-06 	 4.02448e-06
     1.658 	 5.55879e-06 	 3.83404e-06
     1.659 	 3.58839e-06 	 2.47377e-06
     1.660 	 3.87722e-06 	 2.67198e-06
     1.661 	 4.17467e-06 	 2.87747e-06
     1.662 	 5.40852e-06 	 3.72802e-06
     1.663 	 5.29481e-06 	 3.64629e-06
     1.664 	 3.83579e-06 	 2.63912e-06
     1.665 	 4.40659e-06 	 3.03216e-06
     1.666 	  5.7197e-06 	 3.93621e-06
     1.667 	 5.99094e-06 	 4.11913e-06
     1.668 	 5.10812e-06 	 3.50896e-06
     1.669 	 5.92003e-06 	 4.06715e-06
     1.670 	 7.18448e-06 	 4.93651e-06
     1.671 	 6.90399e-06 	 4.73948e-06
     1.672 	 7.55933e-06 	 5.18472e-06
     1.673 	  7.0098e-06 	 4.80771e-06
     1.674 	 7.49858e-06 	 5.14444e-06
     1.675 	  6.0596e-06 	 4.15848e-06
     1.676 	 5.08555e-06 	 3.48991e-06
     1.677 	  4.8197e-06 	 3.30484e-06
     1.678 	 4.35976e-06 	 2.98658e-06
     1.679 	 5.97462e-06 	 4.09105e-06
     1.680 	 4.68663e-06 	 3.20817e-06
     1.681 	 6.12444e-06 	 4.19093e-06
     1.682 	 5.72114e-06 	 3.91346e-06
     1.683 	  8.2905e-06 	 5.66904e-06
     1.684 	 5.63338e-06 	 3.85078e-06
     1.685 	 7.39646e-06 	 5.05414e-06
     1.686 	  6.2711e-06 	 4.28371e-06
     1.687 	  7.4009e-06 	 5.05369e-06
     1.688 	 6.68653e-06 	 4.56436e-06
     1.689 	 6.82031e-06 	 4.65405e-06
     1.690 	 8.35983e-06 	 5.70264e-06
     1.691 	 6.92929e-06 	 4.72519e-06
     1.692 	 7.99533e-06 	 5.45037e-06
     1.693 	 6.01537e-06 	 4.09931e-06
     1.694 	 6.06096e-06 	 4.12901e-06
     1.695 	 6.37161e-06 	 4.33925e-06
     1.696 	 6.31811e-06 	 4.30141e-06
     1.697 	 7.49367e-06 	 5.10005e-06
     1.698 	 5.14937e-06 	 3.50345e-06
     1.699 	 7.85382e-06 	 5.34178e-06
     1.700 	 1.03426e-05 	 7.03231e-06
     1.701 	 1.04323e-05 	 7.09054e-06
     1.702 	  7.7089e-06 	 5.23829e-06
     1.703 	 5.79984e-06 	 3.94184e-06
     1.704 	 7.58238e-06 	 5.15447e-06
     1.705 	 8.77825e-06 	 5.966e-06
     1.706 	 8.40264e-06 	 5.70859e-06
     1.707 	 7.11981e-06 	 4.83558e-06
     1.708 	 6.65102e-06 	 4.51586e-06
     1.709 	 6.72636e-06 	 4.56564e-06
     1.710 	 7.30149e-06 	 4.95465e-06
     1.711 	 7.95351e-06 	 5.39507e-06
     1.712 	 8.71592e-06 	 5.91102e-06
     1.713 	 9.86474e-06 	 6.69205e-06
     1.714 	 9.09352e-06 	 6.16987e-06
     1.715 	  8.7228e-06 	 5.91405e-06
     1.716 	 8.72755e-06 	 5.91214e-06
     1.717 	 8.76355e-06 	 5.93391e-06
     1.718 	 9.41905e-06 	 6.37698e-06
     1.719 	 7.46619e-06 	 5.05606e-06
     1.720 	 8.16602e-06 	 5.53133e-06
     1.721 	 7.03491e-06 	 4.76425e-06
     1.722 	  8.7707e-06 	 5.9376e-06
     1.723 	 9.02568e-06 	 6.10862e-06
     1.724 	 9.36836e-06 	 6.33884e-06
     1.725 	 9.62827e-06 	 6.51296e-06
     1.726 	 9.56087e-06 	 6.46553e-06
     1.727 	 1.01743e-05 	 6.87852e-06
     1.728 	 7.55878e-06 	 5.10891e-06
     1.729 	 8.72911e-06 	 5.89833e-06
     1.730 	 7.70493e-06 	 5.20493e-06
     1.731 	 1.26239e-05 	 8.52556e-06
     1.732 	 1.16814e-05 	 7.88705e-06
     1.733 	 1.14552e-05 	 7.73229e-06
     1.734 	 7.09166e-06 	 4.78562e-06
     1.735 	 6.51405e-06 	 4.39471e-06
     1.736 	 8.34623e-06 	 5.62943e-06
     1.737 	 1.14606e-05 	 7.72816e-06
     1.738 	 1.37149e-05 	 9.24586e-06
     1.739 	 1.26851e-05 	 8.54959e-06
     1.740 	 1.13532e-05 	 7.64993e-06
     1.741 	  1.0829e-05 	 7.29499e-06
     1.742 	 1.21468e-05 	 8.18083e-06
     1.743 	  1.3229e-05 	 8.9075e-06
     1.744 	 1.27714e-05 	 8.5974e-06
     1.745 	 9.72221e-06 	 6.54323e-06
     1.746 	  1.0112e-05 	 6.80404e-06
     1.747 	 1.09598e-05 	 7.37277e-06
     1.748 	 1.04066e-05 	 6.99909e-06
     1.749 	 8.89437e-06 	 5.98065e-06
     1.750 	  6.3656e-06 	 4.27936e-06
     1.751 	 8.42237e-06 	 5.66088e-06
     1.752 	 6.57237e-06 	 4.41645e-06
     1.753 	 8.87811e-06 	 5.96463e-06
     1.754 	 8.17207e-06 	 5.48922e-06
     1.755 	 1.02268e-05 	 6.86798e-06
     1.756 	 8.55354e-06 	 5.74318e-06
     1.757 	 6.85537e-06 	 4.60168e-06
     1.758 	 7.19206e-06 	 4.82715e-06
     1.759 	 6.53756e-06 	 4.38926e-06
     1.760 	 9.65637e-06 	 6.4854e-06
     1.761 	 1.02454e-05 	 6.88011e-06
     1.762 	 1.12864e-05 	 7.57739e-06
     1.763 	 9.15054e-06 	 6.14239e-06
     1.764 	 8.69707e-06 	 5.83692e-06
     1.765 	 9.61719e-06 	 6.45337e-06
     1.766 	 1.28105e-05 	 8.59465e-06
     1.767 	 1.34062e-05 	 8.99287e-06
     1.768 	 1.24784e-05 	 8.36919e-06
     1.769 	 9.97674e-06 	 6.6903e-06
     1.770 	 8.59999e-06 	 5.7661e-06
     1.771 	 1.09608e-05 	 7.348e-06
     1.772 	 1.25493e-05 	 8.41165e-06
     1.773 	 1.20971e-05 	 8.10742e-06
     1.774 	 7.05233e-06 	 4.72582e-06
     1.775 	 6.52892e-06 	 4.3745e-06
     1.776 	 5.90186e-06 	 3.95386e-06
     1.777 	 9.95716e-06 	 6.66926e-06
     1.778 	 7.74391e-06 	 5.18672e-06
     1.779 	  1.1109e-05 	 7.44406e-06
     1.780 	 8.08225e-06 	 5.41768e-06
     1.781 	 1.43348e-05 	 9.60366e-06
     1.782 	 1.09056e-05 	 7.30112e-06
     1.783 	 1.17703e-05 	 7.87868e-06
     1.784 	 6.37492e-06 	 4.26707e-06
     1.785 	 6.80386e-06 	 4.55377e-06
     1.786 	 8.91136e-06 	 5.96371e-06
     1.787 	 9.97252e-06 	 6.67332e-06
     1.788 	 9.96799e-06 	 6.66966e-06
     1.789 	 6.25407e-06 	 4.18437e-06
     1.790 	 5.50193e-06 	 3.68079e-06
     1.791 	 6.36719e-06 	 4.25929e-06
     1.792 	 8.19141e-06 	 5.47911e-06
     1.793 	 7.52456e-06 	 5.03275e-06
     1.794 	 6.93387e-06 	 4.63728e-06
     1.795 	 7.78687e-06 	 5.2074e-06
     1.796 	 7.31914e-06 	 4.89421e-06
     1.797 	 8.10417e-06 	 5.41882e-06
     1.798 	 8.63644e-06 	 5.77436e-06
     1.799 	 1.09293e-05 	 7.30684e-06
     1.800 	 1.01094e-05 	 6.75821e-06
     1.801 	 1.23776e-05 	 8.27331e-06
     1.802 	 1.16574e-05 	 7.79216e-06
     1.803 	 1.18854e-05 	 7.94875e-06
     1.804 	 7.64325e-06 	 5.11361e-06
     1.805 	 7.31556e-06 	 4.89155e-06
     1.806 	 7.73961e-06 	 5.17219e-06
     1.807 	 8.83962e-06 	 5.90998e-06
     1.808 	  9.2179e-06 	 6.16574e-06
     1.809 	 8.15039e-06 	 5.44859e-06
     1.810 	 9.62911e-06 	 6.43338e-06
     1.811 	 1.07389e-05 	 7.17747e-06
     1.812 	 9.58325e-06 	 6.40834e-06
     1.813 	 5.10748e-06 	 3.41543e-06
     1.814 	 3.69525e-06 	 2.4707e-06
     1.815 	 7.91486e-06 	 5.29167e-06
     1.816 	 1.26123e-05 	 8.4317e-06
     1.817 	 1.15087e-05 	 7.69327e-06
     1.818 	 1.04051e-05 	 6.95513e-06
     1.819 	 7.44607e-06 	 4.97683e-06
     1.820 	 9.94951e-06 	 6.64963e-06
     1.821 	 7.53887e-06 	 5.03822e-06
     1.822 	 9.43269e-06 	 6.30344e-06
     1.823 	 1.20047e-05 	 8.02167e-06
     1.824 	 1.31362e-05 	 8.77728e-06
     1.825 	 1.16888e-05 	 7.80957e-06
     1.826 	 1.25184e-05 	 8.36336e-06
     1.827 	 1.49198e-05 	 9.96716e-06
     1.828 	 1.61364e-05 	 1.07792e-05
     1.829 	 1.50847e-05 	 1.00762e-05
     1.830 	 1.17264e-05 	 7.83243e-06
     1.831 	 9.44067e-06 	 6.30532e-06
     1.832 	 6.20944e-06 	 4.14706e-06
     1.833 	 9.24511e-06 	 6.17419e-06
     1.834 	 1.06351e-05 	 7.10206e-06
     1.835 	 1.25691e-05 	 8.39318e-06
     1.836 	 9.20695e-06 	 6.14776e-06
     1.837 	 1.05199e-05 	 7.02417e-06
     1.838 	 1.23712e-05 	 8.25991e-06
     1.839 	 1.29715e-05 	 8.65986e-06
     1.840 	 1.03555e-05 	 6.91357e-06
     1.841 	 9.67696e-06 	 6.46376e-06
     1.842 	 1.28526e-05 	 8.5891e-06
     1.843 	 1.35597e-05 	 9.06211e-06
     1.844 	 1.35822e-05 	 9.0762e-06
     1.845 	 1.38297e-05 	 9.2413e-06
     1.846 	 1.43555e-05 	 9.59252e-06
     1.847 	 1.25837e-05 	 8.40898e-06
     1.848 	  1.0224e-05 	 6.8316e-06
     1.849 	 8.43017e-06 	 5.63001e-06
     1.850 	 6.51134e-06 	 4.34623e-06
     1.851 	 5.36604e-06 	 3.5815e-06
     1.852 	 1.01697e-05 	 6.78816e-06
     1.853 	  9.9061e-06 	 6.61233e-06
     1.854 	 1.30289e-05 	 8.69692e-06
     1.855 	 1.06307e-05 	 7.09565e-06
     1.856 	  1.3073e-05 	 8.72657e-06
     1.857 	 1.25988e-05 	 8.41459e-06
     1.858 	 1.32981e-05 	 8.88643e-06
     1.859 	 1.07146e-05 	 7.16139e-06
     1.860 	 1.15874e-05 	 7.74381e-06
     1.861 	  1.1263e-05 	 7.52352e-06
     1.862 	 1.26354e-05 	 8.43639e-06
     1.863 	 1.10801e-05 	 7.39773e-06
     1.864 	 8.31559e-06 	 5.55277e-06
     1.865 	 9.08255e-06 	 6.06529e-06
     1.866 	 9.85971e-06 	 6.5847e-06
     1.867 	  1.5359e-05 	 1.0258e-05
     1.868 	 1.33796e-05 	 8.93667e-06
     1.869 	 1.19907e-05 	 8.00899e-06
     1.870 	 1.19499e-05 	 7.98289e-06
     1.871 	 1.39475e-05 	 9.32289e-06
     1.872 	 1.42158e-05 	 9.50795e-06
     1.873 	 9.24944e-06 	 6.18723e-06
     1.874 	 7.45427e-06 	 4.98647e-06
     1.875 	 9.11974e-06 	 6.10115e-06
     1.876 	 1.20818e-05 	 8.08346e-06
     1.877 	 1.33936e-05 	 8.96199e-06
     1.878 	 1.20269e-05 	 8.04821e-06
     1.879 	 1.51634e-05 	 1.01481e-05
     1.880 	 1.68504e-05 	 1.12782e-05
     1.881 	 1.75318e-05 	 1.17355e-05
     1.882 	  1.3953e-05 	 9.34082e-06
     1.883 	 1.58964e-05 	 1.06428e-05
     1.884 	 1.31238e-05 	 8.78755e-06
     1.885 	 1.35411e-05 	 9.06792e-06
     1.886 	 1.06027e-05 	 7.10091e-06
     1.887 	 1.17012e-05 	 7.83742e-06
     1.888 	 1.20072e-05 	 8.04323e-06
     1.889 	 1.00771e-05 	 6.75097e-06
     1.890 	 1.06377e-05 	 7.12729e-06
     1.891 	  9.6577e-06 	 6.47134e-06
     1.892 	 1.02973e-05 	 6.90072e-06
     1.893 	 1.15722e-05 	 7.75652e-06
     1.894 	 1.10695e-05 	 7.41984e-06
     1.895 	 1.23684e-05 	 8.28646e-06
     1.896 	 1.20966e-05 	 8.10153e-06
     1.897 	 1.42865e-05 	 9.57409e-06
     1.898 	 1.33137e-05 	 8.92768e-06
     1.899 	 1.23594e-05 	 8.28495e-06
     1.900 	 1.22038e-05 	 8.17654e-06
     1.901 	 1.13058e-05 	 7.57522e-06
     1.902 	  1.5299e-05 	 1.02526e-05
     1.903 	 1.35524e-05 	 9.08234e-06
     1.904 	 1.38669e-05 	 9.29482e-06
     1.905 	 1.41923e-05 	 9.51883e-06
     1.906 	 1.44543e-05 	 9.70058e-06
     1.907 	 1.38816e-05 	 9.31788e-06
     1.908 	 9.88553e-06 	 6.63577e-06
     1.909 	 1.04627e-05 	 7.02395e-06
     1.910 	 1.37706e-05 	 9.24573e-06
     1.911 	 1.27503e-05 	 8.56224e-06
     1.912 	   1.187e-05 	 7.97128e-06
     1.913 	 1.30531e-05 	 8.76218e-06
     1.914 	 1.45326e-05 	 9.75135e-06
     1.915 	 1.51497e-05 	 1.01649e-05
     1.916 	 9.89608e-06 	 6.64173e-06
     1.917 	 7.85455e-06 	 5.27486e-06
     1.918 	 1.11201e-05 	 7.47251e-06
     1.919 	 1.15803e-05 	 7.78336e-06
     1.920 	 9.62469e-06 	 6.46906e-06
     1.921 	 9.56101e-06 	 6.42759e-06
     1.922 	 1.17816e-05 	 7.92057e-06
     1.923 	 1.31616e-05 	 8.84486e-06
     1.924 	 8.02855e-06 	 5.39317e-06
     1.925 	 6.24411e-06 	 4.19462e-06
     1.926 	 8.14213e-06 	 5.47068e-06
     1.927 	  1.3712e-05 	 9.21359e-06
     1.928 	 1.29312e-05 	 8.6907e-06
     1.929 	 1.08336e-05 	 7.28544e-06
     1.930 	 5.59434e-06 	 3.76454e-06
     1.931 	  7.6545e-06 	 5.1518e-06
     1.932 	 7.77984e-06 	 5.23649e-06
     1.933 	 1.08594e-05 	 7.31009e-06
     1.934 	 1.06012e-05 	 7.13715e-06
     1.935 	 9.81779e-06 	 6.61064e-06
     1.936 	 7.26233e-06 	 4.89058e-06
     1.937 	 9.42086e-06 	 6.34496e-06
     1.938 	 1.03901e-05 	 6.99859e-06
     1.939 	 1.01356e-05 	 6.82815e-06
     1.940 	 6.95412e-06 	 4.68544e-06
     1.941 	 7.97209e-06 	 5.372e-06
     1.942 	 9.01156e-06 	 6.07325e-06
     1.943 	 7.79619e-06 	 5.25486e-06
     1.944 	 5.02442e-06 	 3.38707e-06
     1.945 	 6.94656e-06 	 4.68357e-06
     1.946 	 1.03908e-05 	 7.00673e-06
     1.947 	 1.13641e-05 	 7.66411e-06
     1.948 	 9.00716e-06 	 6.07541e-06
     1.949 	 6.72837e-06 	 4.53934e-06
     1.950 	 9.16752e-06 	 6.18534e-06
     1.951 	 1.14231e-05 	 7.70385e-06
     1.952 	 1.11398e-05 	 7.51061e-06
     1.953 	 9.80858e-06 	 6.61708e-06
     1.954 	 6.17255e-06 	 4.16721e-06
     1.955 	 7.62193e-06 	 5.14696e-06
     1.956 	 8.18746e-06 	 5.52932e-06
     1.957 	 7.74962e-06 	 5.23442e-06
     1.958 	 6.28056e-06 	 4.24284e-06
     1.959 	 7.51509e-06 	 5.07761e-06
     1.960 	 7.22691e-06 	 4.8837e-06
     1.961 	 6.88231e-06 	 4.65156e-06
     1.962 	  4.2176e-06 	 2.85103e-06
     1.963 	 7.85804e-06 	 5.31284e-06
     1.964 	 1.08568e-05 	 7.34149e-06
     1.965 	 1.15298e-05 	 7.79793e-06
     1.966 	 8.29641e-06 	 5.61201e-06
     1.967 	 6.74778e-06 	 4.56552e-06
     1.968 	 1.23709e-05 	 8.37087e-06
     1.969 	 1.26258e-05 	 8.54047e-06
     1.970 	 9.64575e-06 	 6.52232e-06
     1.971 	 3.36207e-06 	 2.27362e-06
     1.972 	 5.04349e-06 	 3.41151e-06
     1.973 	 6.69786e-06 	 4.53135e-06
     1.974 	 6.66387e-06 	 4.50909e-06
     1.975 	 4.70384e-06 	 3.18342e-06
     1.976 	  4.4373e-06 	 3.00353e-06
     1.977 	 6.42508e-06 	 4.34974e-06
     1.978 	 9.52048e-06 	 6.4464e-06
     1.979 	 1.11034e-05 	 7.51946e-06
     1.980 	 1.12184e-05 	 7.59868e-06
     1.981 	 8.00212e-06 	 5.4211e-06
     1.982 	 5.41371e-06 	 3.66819e-06
     1.983 	 6.90693e-06 	 4.68079e-06
     1.984 	 1.17429e-05 	 7.95949e-06
     1.985 	 1.63976e-05 	 1.11165e-05
     1.986 	 1.30342e-05 	 8.83791e-06
     1.987 	 9.18954e-06 	 6.23213e-06
     1.988 	  8.3685e-06 	 5.67625e-06
     1.989 	 8.32095e-06 	 5.64506e-06
     1.990 	 8.63678e-06 	 5.8604e-06
     1.991 	 6.12662e-06 	 4.15786e-06
     1.992 	 1.24665e-05 	 8.46184e-06
     1.993 	 1.47296e-05 	 9.99987e-06
     1.994 	 1.66262e-05 	 1.12894e-05
     1.995 	 1.07914e-05 	 7.32877e-06
     1.996 	 7.50539e-06 	 5.0981e-06
     1.997 	 6.32103e-06 	 4.29531e-06
     1.998 	 8.76784e-06 	 5.95777e-06
     1.999 	 9.36663e-06 	 6.35675e-06
     2.000 	 8.80829e-06 	 5.96884e-06
     2.001 	 6.86826e-06 	 4.65607e-06
     2.002 	 7.18631e-06 	 4.8727e-06
     2.003 	 7.92741e-06 	 5.37633e-06
     2.004 	 8.14336e-06 	 5.52395e-06
     2.005 	 6.40363e-06 	 4.34474e-06
     2.006 	  5.4745e-06 	 3.71467e-06
     2.007 	 7.30845e-06 	 4.96012e-06
     2.008 	 7.53168e-06 	 5.11269e-06
     2.009 	 1.11759e-05 	 7.58808e-06
     2.010 	 9.52025e-06 	 6.4645e-06
     2.011 	 1.04122e-05 	 7.07152e-06
     2.012 	 8.33908e-06 	 5.66463e-06
     2.013 	 8.77233e-06 	 5.96007e-06
     2.014 	 1.07065e-05 	 7.27468e-06
     2.015 	 8.55805e-06 	 5.816e-06
     2.016 	 6.40237e-06 	 4.35185e-06
     2.017 	 2.71968e-06 	 1.84899e-06
     2.018 	 3.77292e-06 	 2.56553e-06
     2.019 	 5.48903e-06 	 3.73272e-06
     2.020 	 8.54594e-06 	 5.81262e-06
     2.021 	 7.05557e-06 	 4.79987e-06
     2.022 	 6.69846e-06 	 4.55781e-06
     2.023 	 5.66705e-06 	 3.85629e-06
     2.024 	 6.03606e-06 	 4.10818e-06
     2.025 	 3.81919e-06 	 2.59987e-06
     2.026 	 8.38578e-06 	 5.70963e-06
     2.027 	 1.23588e-05 	 8.41636e-06
     2.028 	 1.79555e-05 	 1.22286e-05
     2.029 	 1.24811e-05 	 8.50189e-06
     2.030 	 1.25164e-05 	 8.52759e-06
     2.031 	 1.10511e-05 	 7.53084e-06
     2.032 	 1.17636e-05 	 8.01806e-06
     2.033 	 7.39282e-06 	 5.03939e-06
     2.034 	 3.83583e-06 	 2.61528e-06
     2.035 	  6.5116e-06 	 4.44057e-06
     2.036 	 7.53341e-06 	 5.13847e-06
     2.037 	 1.12603e-05 	 7.68217e-06
     2.038 	 8.47557e-06 	 5.78284e-06
     2.039 	 8.23218e-06 	 5.61795e-06
     2.040 	 5.42599e-06 	 3.70368e-06
     2.041 	 7.61455e-06 	 5.19853e-06
     2.042 	 7.14159e-06 	 4.87655e-06
     2.043 	 7.91666e-06 	 5.4068e-06
     2.044 	 7.68451e-06 	 5.24859e-06
     2.045 	  1.0695e-05 	 7.30615e-06
     2.046 	 1.15811e-05 	 7.91296e-06
     2.047 	 1.07749e-05 	 7.36349e-06
     2.048 	 7.39831e-06 	 5.0569e-06
     2.049 	 4.11668e-06 	 2.81402e-06
     2.050 	  3.5826e-06 	 2.4494e-06
     2.051 	 5.40853e-06 	 3.69859e-06
     2.052 	  6.1934e-06 	 4.23624e-06
     2.053 	 1.01756e-05 	 6.96157e-06
     2.054 	 1.08567e-05 	 7.42917e-06
     2.055 	 1.31234e-05 	 8.98114e-06
     2.056 	 9.12273e-06 	 6.2446e-06
     2.057 	 9.70444e-06 	 6.64425e-06
     2.058 	 1.09799e-05 	 7.51915e-06
     2.059 	 1.30758e-05 	 8.9564e-06
     2.060 	 1.06109e-05 	 7.26964e-06
     2.061 	 7.20437e-06 	 4.93655e-06
     2.062 	 5.25823e-06 	 3.60314e-06
     2.063 	 5.10697e-06 	 3.50003e-06
     2.064 	 7.83129e-06 	 5.36795e-06
     2.065 	 9.84625e-06 	 6.75014e-06
     2.066 	 1.22258e-05 	 8.38275e-06
     2.067 	 1.26113e-05 	 8.64839e-06
     2.068 	 9.63681e-06 	 6.60961e-06
     2.069 	 9.02626e-06 	 6.19105e-06
     2.070 	 8.55701e-06 	 5.87009e-06
     2.071 	 9.41179e-06 	 6.45775e-06
     2.072 	 7.81649e-06 	 5.36423e-06
     2.073 	 7.19202e-06 	 4.93665e-06
     2.074 	 6.58026e-06 	 4.51763e-06
     2.075 	 9.31103e-06 	 6.39369e-06
     2.076 	 8.40111e-06 	 5.77e-06
     2.077 	 1.02025e-05 	 7.00778e-06
     2.078 	 1.02691e-05 	 7.05492e-06
     2.079 	 1.18125e-05 	 8.11685e-06
     2.080 	 9.11502e-06 	 6.26454e-06
     2.081 	 7.65745e-06 	 5.26422e-06
     2.082 	 6.11328e-06 	 4.2038e-06
     2.083 	 1.01967e-05 	 7.01367e-06
     2.084 	 9.88828e-06 	 6.80338e-06
     2.085 	 1.41373e-05 	 9.72945e-06
     2.086 	 1.13357e-05 	 7.80253e-06
     2.087 	 1.38724e-05 	 9.55118e-06
     2.088 	 1.32479e-05 	 9.12368e-06
     2.089 	 1.30128e-05 	 8.96421e-06
     2.090 	 1.19785e-05 	 8.25395e-06
     2.091 	 1.10399e-05 	 7.60973e-06
     2.092 	 1.29741e-05 	 8.94595e-06
     2.093 	 1.31658e-05 	 9.08117e-06
     2.094 	  1.4374e-05 	 9.91784e-06
     2.095 	 1.63368e-05 	 1.12759e-05
     2.096 	 1.52713e-05 	 1.0544e-05
     2.097 	  1.1815e-05 	 8.15934e-06
     2.098 	  8.4826e-06 	 5.85997e-06
     2.099 	 7.98819e-06 	 5.52026e-06
     2.100 	 6.77296e-06 	 4.68203e-06
     2.101 	 8.39805e-06 	 5.80751e-06
     2.102 	 1.01049e-05 	 6.99035e-06
     2.103 	 1.41072e-05 	 9.76254e-06
     2.104 	 1.41392e-05 	 9.7882e-06
     2.105 	 1.15135e-05 	 7.97335e-06
     2.106 	 1.03733e-05 	 7.18631e-06
     2.107 	 6.87374e-06 	 4.76363e-06
     2.108 	 7.31852e-06 	 5.07368e-06
     2.109 	 3.83943e-06 	 2.66269e-06
     2.110 	 7.60397e-06 	 5.27534e-06
     2.111 	 8.14626e-06 	 5.65379e-06
     2.112 	 1.02714e-05 	 7.13154e-06
     2.113 	 9.22141e-06 	 6.40505e-06
     2.114 	 9.41818e-06 	 6.54353e-06
     2.115 	 7.26467e-06 	 5.04931e-06
     2.116 	 6.42114e-06 	 4.46478e-06
     2.117 	 9.67728e-06 	 6.73153e-06
     2.118 	 1.13907e-05 	 7.92652e-06
     2.119 	 9.76111e-06 	 6.79521e-06
     2.120 	 7.41028e-06 	 5.16071e-06
     2.121 	 6.54728e-06 	 4.55969e-06
     2.122 	 1.01602e-05 	 7.08029e-06
     2.123 	 9.06371e-06 	 6.31952e-06
     2.124 	 1.19161e-05 	 8.31101e-06
     2.125 	 1.28952e-05 	 8.99864e-06
     2.126 	 1.31557e-05 	 9.18529e-06
     2.127 	 1.15069e-05 	 8.03916e-06
     2.128 	 1.01154e-05 	 7.0693e-06
     2.129 	 9.70614e-06 	 6.78688e-06
     2.130 	  1.1172e-05 	 7.81599e-06
     2.131 	  1.5054e-05 	 1.05366e-05
     2.132 	 1.53631e-05 	 1.07599e-05
     2.133 	 1.29488e-05 	 9.07305e-06
     2.134 	 6.93021e-06 	 4.85907e-06
     2.135 	 7.28491e-06 	 5.11005e-06
     2.136 	 9.90644e-06 	 6.95417e-06
     2.137 	 9.22289e-06 	 6.47722e-06
     2.138 	 7.03661e-06 	 4.94501e-06
     2.139 	 3.19542e-06 	 2.2466e-06
     2.140 	 6.53462e-06 	 4.59635e-06
     2.141 	 6.49436e-06 	 4.57061e-06
     2.142 	 1.11053e-05 	 7.81855e-06
     2.143 	 9.74508e-06 	 6.86339e-06
     2.144 	 9.94942e-06 	 7.00985e-06
     2.145 	   7.377e-06 	 5.2004e-06
     2.146 	 6.68619e-06 	 4.71512e-06
     2.147 	  5.8956e-06 	 4.1591e-06
     2.148 	  8.2335e-06 	 5.80991e-06
     2.149 	 1.15458e-05 	 8.15115e-06
     2.150 	 1.53842e-05 	 1.08671e-05
     2.151 	 1.59728e-05 	 1.12858e-05
     2.152 	 1.49101e-05 	 1.05375e-05
     2.153 	 1.50368e-05 	 1.06297e-05
     2.154 	 1.41831e-05 	 1.00288e-05
     2.155 	 1.56215e-05 	 1.10486e-05
     2.156 	 1.34998e-05 	 9.5504e-06
     2.157 	 1.30161e-05 	 9.21052e-06
     2.158 	 9.76032e-06 	 6.90837e-06
     2.159 	 1.31543e-05 	 9.31203e-06
     2.160 	 1.47531e-05 	 1.04465e-05
     2.161 	  1.2785e-05 	 9.05584e-06
     2.162 	 1.10059e-05 	 7.79824e-06
     2.163 	  1.0754e-05 	 7.62226e-06
     2.164 	 1.04746e-05 	 7.42514e-06
     2.165 	 9.79182e-06 	 6.94425e-06
     2.166 	  7.5581e-06 	 5.36133e-06
     2.167 	 7.87492e-06 	 5.58791e-06
     2.168 	 9.13465e-06 	 6.48392e-06
     2.169 	 7.72645e-06 	 5.48616e-06
     2.170 	  1.0649e-05 	 7.56379e-06
     2.171 	  1.0711e-05 	 7.60849e-06
     2.172 	 1.07521e-05 	 7.63989e-06
     2.173 	 8.01017e-06 	 5.69268e-06
     2.174 	 1.01204e-05 	 7.19446e-06
     2.175 	 1.24945e-05 	 8.8858e-06
     2.176 	 1.34235e-05 	 9.54729e-06
     2.177 	  9.0637e-06 	 6.4483e-06
     2.178 	 7.79693e-06 	 5.54811e-06
     2.179 	 1.15409e-05 	 8.21461e-06
     2.180 	 1.10437e-05 	 7.86138e-06
     2.181 	 9.78057e-06 	 6.96404e-06
     2.182 	 6.13439e-06 	 4.369e-06
     2.183 	 9.57024e-06 	 6.81863e-06
     2.184 	 1.19984e-05 	 8.54827e-06
     2.185 	  1.2955e-05 	 9.23221e-06
     2.186 	 1.36142e-05 	 9.7045e-06
     2.187 	 1.52159e-05 	 1.08491e-05
     2.188 	 1.42231e-05 	 1.01418e-05
     2.189 	   1.093e-05 	 7.79565e-06
     2.190 	 8.76027e-06 	 6.24986e-06
     2.191 	 9.04968e-06 	 6.45827e-06
     2.192 	 9.27439e-06 	 6.62063e-06
     2.193 	 8.38358e-06 	 5.9853e-06
     2.194 	 8.29643e-06 	 5.92486e-06
     2.195 	 9.40593e-06 	 6.71923e-06
     2.196 	 9.51012e-06 	 6.79582e-06
     2.197 	 9.63323e-06 	 6.88446e-06
     2.198 	 1.03291e-05 	 7.38399e-06
     2.199 	 1.18018e-05 	 8.43931e-06
     2.200 	 1.07038e-05 	 7.65646e-06
     2.201 	 1.06133e-05 	 7.59452e-06
     2.202 	  8.7241e-06 	 6.24424e-06
     2.203 	 1.12291e-05 	 8.03923e-06
     2.204 	 1.16344e-05 	 8.33149e-06
     2.205 	 1.01782e-05 	 7.29052e-06
     2.206 	  6.3631e-06 	 4.55989e-06
     2.207 	  2.8729e-06 	 2.05952e-06
     2.208 	 7.15762e-06 	 5.13244e-06
     2.209 	 1.04375e-05 	 7.48618e-06
     2.210 	  1.2366e-05 	 8.8716e-06
     2.211 	 8.44513e-06 	 6.0601e-06
     2.212 	 4.69889e-06 	 3.37224e-06
     2.213 	 6.47742e-06 	 4.64916e-06
     2.214 	 9.73188e-06 	 6.98586e-06
     2.215 	 1.67766e-05 	 1.20442e-05
     2.216 	 1.51791e-05 	 1.0902e-05
     2.217 	 1.52583e-05 	 1.09602e-05
     2.218 	 1.21218e-05 	 8.70817e-06
     2.219 	   1.241e-05 	 8.91623e-06
     2.220 	 8.71996e-06 	 6.26576e-06
     2.221 	 9.61403e-06 	 6.91057e-06
     2.222 	 1.00752e-05 	 7.24371e-06
     2.223 	 1.14372e-05 	 8.2248e-06
     2.224 	 8.43131e-06 	 6.06457e-06
     2.225 	 6.02913e-06 	 4.3382e-06
     2.226 	 1.25148e-05 	 9.00694e-06
     2.227 	  1.7915e-05 	 1.28964e-05
     2.228 	 2.54419e-05 	 1.83189e-05
     2.229 	 2.10005e-05 	 1.51262e-05
     2.230 	 1.89903e-05 	 1.36814e-05
     2.231 	 1.23321e-05 	 8.88664e-06
     2.232 	 1.54274e-05 	 1.11198e-05
     2.233 	 1.20015e-05 	 8.6535e-06
     2.234 	 1.63095e-05 	 1.17625e-05
     2.235 	 1.07617e-05 	 7.76321e-06
     2.236 	 1.16387e-05 	 8.39782e-06
     2.237 	 9.32637e-06 	 6.73176e-06
     2.238 	 8.92157e-06 	 6.44109e-06
     2.239 	 1.23373e-05 	 8.91104e-06
     2.240 	 1.45012e-05 	 1.04777e-05
     2.241 	 1.50295e-05 	 1.08617e-05
     2.242 	 1.32183e-05 	 9.55472e-06
     2.243 	  1.0249e-05 	 7.40994e-06
     2.244 	  8.7494e-06 	 6.32844e-06
     2.245 	 1.29243e-05 	 9.35009e-06
     2.246 	 1.45308e-05 	 1.05145e-05
     2.247 	 2.04794e-05 	 1.4822e-05
     2.248 	 1.69888e-05 	 1.22997e-05
     2.249 	 1.73969e-05 	 1.25978e-05
     2.250 	 1.63007e-05 	 1.18064e-05
     2.251 	 1.47648e-05 	 1.06981e-05
     2.252 	  1.3816e-05 	 1.00133e-05
     2.253 	 9.62745e-06 	 6.97947e-06
     2.254 	 1.07569e-05 	 7.80036e-06
     2.255 	 1.03603e-05 	 7.51564e-06
     2.256 	 1.32121e-05 	 9.58698e-06
     2.257 	 1.09793e-05 	 7.96732e-06
     2.258 	 1.31214e-05 	 9.52542e-06
     2.259 	 1.23315e-05 	 8.95439e-06
     2.260 	  1.6102e-05 	 1.16954e-05
     2.261 	 1.42916e-05 	 1.03846e-05
     2.262 	 1.69244e-05 	 1.23011e-05
     2.263 	 1.35057e-05 	 9.8191e-06
     2.264 	 1.82725e-05 	 1.32885e-05
     2.265 	 1.77905e-05 	 1.29431e-05
     2.266 	 1.82793e-05 	 1.33025e-05
     2.267 	  1.3932e-05 	 1.01416e-05
     2.268 	 1.31712e-05 	 9.59164e-06
     2.269 	 1.41802e-05 	 1.03293e-05
     2.270 	 1.17656e-05 	 8.57287e-06
     2.271 	 8.94878e-06 	 6.52292e-06
     2.272 	 1.14274e-05 	 8.33183e-06
     2.273 	 1.34465e-05 	 9.80656e-06
     2.274 	 1.36139e-05 	 9.93242e-06
     2.275 	 1.31745e-05 	 9.61438e-06
     2.276 	 1.09018e-05 	 7.95793e-06
     2.277 	 1.27896e-05 	 9.33843e-06
     2.278 	  9.5986e-06 	 7.01115e-06
     2.279 	 7.58955e-06 	 5.54514e-06
     2.280 	 4.76504e-06 	 3.48239e-06
     2.281 	 5.29228e-06 	 3.86936e-06
     2.282 	 6.99571e-06 	 5.11638e-06
     2.283 	  7.6923e-06 	 5.62816e-06
     2.284 	 5.54797e-06 	 4.06096e-06
     2.285 	 5.55069e-06 	 4.06422e-06
     2.286 	 5.01103e-06 	 3.67022e-06
     2.287 	 4.45632e-06 	 3.26598e-06
     2.288 	 4.88684e-06 	 3.58261e-06
     2.289 	 4.75959e-06 	 3.49041e-06
     2.290 	 4.78994e-06 	 3.51415e-06
     2.291 	  3.4101e-06 	 2.50242e-06
     2.292 	 3.36252e-06 	 2.46809e-06
     2.293 	 3.21425e-06 	 2.35982e-06
     2.294 	 4.19828e-06 	 3.08334e-06
     2.295 	 4.04388e-06 	 2.97065e-06
     2.296 	 5.05312e-06 	 3.71291e-06
     2.297 	 3.52324e-06 	 2.5897e-06
     2.298 	  3.1708e-06 	 2.33119e-06
     2.299 	 2.67034e-06 	 1.96371e-06
     2.300 	 2.69863e-06 	 1.98521e-06
     2.301 	 2.81375e-06 	 2.0703e-06
     2.302 	 1.90497e-06 	 1.40191e-06
     2.303 	 2.93919e-06 	 2.16389e-06
     2.304 	 2.48117e-06 	 1.82742e-06
     2.305 	 4.05634e-06 	 2.98813e-06
     2.306 	 3.33443e-06 	 2.45708e-06
     2.307 	 3.64163e-06 	 2.68397e-06
     2.308 	 1.94299e-06 	 1.43231e-06
     2.309 	 2.77204e-06 	 2.04385e-06
     2.310 	  2.8734e-06 	 2.11966e-06
     2.311 	 4.78373e-06 	 3.5294e-06
     2.312 	 4.60109e-06 	 3.39515e-06
     2.313 	 5.51993e-06 	 4.07422e-06
     2.314 	 5.02738e-06 	 3.71122e-06
     2.315 	 4.90279e-06 	 3.62015e-06
     2.316 	 4.73216e-06 	 3.49578e-06
     2.317 	 3.88414e-06 	 2.86975e-06
     2.318 	 3.37985e-06 	 2.49753e-06
     2.319 	 2.61951e-06 	 1.93618e-06
     2.320 	 3.03468e-06 	 2.24338e-06
     2.321 	 2.25492e-06 	 1.66704e-06
     2.322 	 1.94586e-06 	 1.43893e-06
     2.323 	 1.66185e-06 	 1.22912e-06
     2.324 	 2.31867e-06 	 1.71501e-06
     2.325 	 2.39288e-06 	 1.77018e-06
     2.326 	 1.92541e-06 	 1.4246e-06
     2.327 	  2.1931e-06 	 1.62308e-06
     2.328 	 2.26538e-06 	 1.67667e-06
     2.329 	 2.09762e-06 	 1.55277e-06
     2.330 	  1.5004e-06 	 1.11074e-06
     2.331 	 1.72909e-06 	 1.28023e-06
     2.332 	 2.13545e-06 	 1.58165e-06
     2.333 	 1.88022e-06 	 1.39297e-06
     2.334 	 1.43789e-06 	 1.06543e-06
     2.335 	 1.19901e-06 	 8.88644e-07
     2.336 	 1.07737e-06 	 7.98697e-07
     2.337 	 7.33956e-07 	 5.44302e-07
     2.338 	 1.47788e-06 	 1.09616e-06
     2.339 	  1.8534e-06 	 1.37488e-06
     2.340 	 2.26287e-06 	 1.67907e-06
     2.341 	  1.4206e-06 	 1.05429e-06
     2.342 	 9.82591e-07 	 7.29504e-07
     2.343 	 6.99502e-07 	 5.19483e-07
     2.344 	 6.59341e-07 	 4.89747e-07
     2.345 	 5.90073e-07 	 4.3842e-07
     2.346 	 6.87996e-07 	 5.11373e-07
     2.347 	 8.53506e-07 	 6.3458e-07
     2.348 	 1.06617e-06 	 7.9284e-07
     2.349 	 1.04276e-06 	 7.75571e-07
     2.350 	  6.9478e-07 	 5.16849e-07
     2.351 	  5.8471e-07 	 4.35185e-07
     2.352 	 3.95323e-07 	 2.94283e-07
     2.353 	 5.02988e-07 	 3.74499e-07
     2.354 	 3.50791e-07 	 2.61285e-07
     2.355 	 2.96908e-07 	 2.21191e-07
     2.356 	 2.15718e-07 	 1.60768e-07
     2.357 	 1.62028e-07 	 1.20777e-07
     2.358 	 1.48819e-07 	 1.10963e-07
     2.359 	 1.27574e-07 	 9.51402e-08
     2.360 	 1.19983e-07 	 8.94955e-08
     2.361 	 1.15975e-07 	 8.65384e-08
     2.362 	 1.15852e-07 	 8.64712e-08
     2.363 	 1.17871e-07 	 8.79933e-08
     2.364 	 8.97868e-08 	 6.70462e-08
     2.365 	 9.75999e-08 	 7.2893e-08
     2.366 	 9.08139e-08 	 6.78502e-08
     2.367 	 9.02529e-08 	 6.74502e-08
     2.368 	 7.40072e-08 	 5.53185e-08
     2.369 	 5.85869e-08 	 4.37998e-08
     2.370 	 4.36715e-08 	 3.26546e-08
     2.371 	 3.81514e-08 	 2.85343e-08
     2.372 	   3.985e-08 	 2.9815e-08
     2.373 	 5.81015e-08 	 4.34766e-08
     2.374 	 5.19944e-08 	 3.89122e-08
     2.375 	  4.5797e-08 	 3.42863e-08
     2.376 	  3.1264e-08 	 2.34094e-08
     2.377 	 3.40146e-08 	 2.54777e-08
     2.378 	 3.18788e-08 	 2.38813e-08
     2.379 	  2.8913e-08 	 2.16626e-08
     2.380 	 2.78519e-08 	 2.08729e-08
     2.381 	 2.70886e-08 	 2.03044e-08
     2.382 	 2.42759e-08 	 1.81994e-08
     2.383 	 1.88499e-08 	 1.41369e-08
     2.384 	 1.25864e-08 	 9.4411e-09
     2.385 	  1.4973e-08 	 1.12345e-08
     2.386 	 2.14529e-08 	 1.60993e-08
     2.387 	 2.52492e-08 	 1.89516e-08
     2.388 	 1.76262e-08 	 1.32335e-08
     2.389 	 1.35216e-08 	 1.01536e-08
     2.390 	 1.36071e-08 	 1.02217e-08
     2.391 	  1.4408e-08 	 1.08272e-08
     2.392 	 1.59426e-08 	 1.19833e-08
     2.393 	 1.57049e-08 	 1.18075e-08
     2.394 	 1.14229e-08 	 8.59025e-09
     2.395 	 1.34746e-08 	 1.01356e-08
     2.396 	 1.46711e-08 	 1.10383e-08
     2.397 	 1.43695e-08 	 1.08152e-08
     2.398 	 1.36331e-08 	 1.02635e-08
     2.399 	 1.30139e-08 	 9.8017e-09
     2.400 	 1.83471e-08 	 1.38219e-08
     2.401 	 2.07715e-08 	 1.56507e-08
     2.402 	  1.5031e-08 	 1.13271e-08
     2.403 	 1.40267e-08 	 1.05718e-08
     2.404 	 1.26236e-08 	 9.51682e-09
     2.405 	 1.16322e-08 	 8.77073e-09
     2.406 	 1.18376e-08 	 8.92694e-09
     2.407 	 1.25647e-08 	 9.47668e-09
     2.408 	           0 	        0
     2.409 	 1.16993e-08 	 8.82749e-09
     2.410 	           0 	        0
     2.411 	           0 	        0
     2.412 	           0 	        0
     2.413 	           0 	        0
     2.414 	           0 	        0
     2.415 	           0 	        0
     2.416 	           0 	        0
     2.417 	           0 	        0
     2.418 	           0 	        0
     2.419 	           0 	        0
     2.420 	           0 	        0
     2.421 	           0 	        0
     2.422 	           0 	        0
     2.423 	           0 	        0
     2.424 	           0 	        0
     2.425 	           0 	        0
     2.426 	           0 	        0
     2.427 	           0 	        0
     2.428 	           0 	        0
     2.429 	           0 	        0
     2.430 	           0 	        0
     2.431 	           0 	        0
     2.432 	           0 	        0
     2.433 	           0 	        0
     2.434 	           0 	        0
     2.435 	           0 	        0
     2.436 	           0 	        0
     2.437 	           0 	        0
     2.438 	           0 	        0
     2.439 	           0 	        0
     2.440 	           0 	        0
     2.441 	           0 	        0
     2.442 	           0 	        0
     2.443 	           0 	        0
     2.444 	           0 	        0
     2.445 	           0 	        0
     2.446 	           0 	        0
     2.447 	           0 	        0
     2.448 	           0 	        0
     2.449 	           0 	        0
     2.450 	           0 	        0
     2.451 	           0 	        0
     2.452 	           0 	        0
     2.453 	           0 	        0
     2.454 	           0 	        0
     2.455 	           0 	        0
     2.456 	           0 	        0
     2.457 	           0 	        0
     2.458 	           0 	        0
     2.459 	           0 	        0
     2.460 	           0 	        0
     2.461 	           0 	        0
     2.462 	           0 	        0
     2.463 	           0 	        0
     2.464 	           0 	        0
     2.465 	           0 	        0
     2.466 	           0 	        0
     2.467 	           0 	        0
     2.468 	           0 	        0
     2.469 	           0 	        0
     2.470 	           0 	        0
     2.471 	           0 	        0
     2.472 	           0 	        0
     2.473 	           0 	        0
     2.474 	           0 	        0
     2.475 	           0 	        0
     2.476 	           0 	        0
     2.477 	           0 	        0
     2.478 	           0 	        0
     2.479 	           0 	        0
     2.480 	           0 	        0
     2.481 	           0 	        0
     2.482 	           0 	        0
     2.483 	           0 	        0
     2.484 	           0 	        0
     2.485 	           0 	        0
     2.486 	           0 	        0
     2.487 	           0 	        0
     2.488 	           0 	        0
     2.489 	           0 	        0
     2.490 	           0 	        0
     2.491 	           0 	        0
     2.492 	           0 	        0
     2.493 	           0 	        0
     2.494 	           0 	        0
     2.495 	           0 	        0
     2.496 	           0 	        0
     2.497 	           0 	        0
     2.498 	           0 	        0
     2.499 	           0 	        0
     2.500 	           0 	        0
     2.501 	           0 	        0
     2.502 	           0 	        0
     2.503 	           0 	        0
     2.504 	           0 	        0
     2.505 	           0 	        0
     2.506 	           0 	        0
     2.507 	           0 	        0
     2.508 	           0 	        0
     2.509 	           0 	        0
     2.510 	           0 	        0
     2.511 	           0 	        0
     2.512 	           0 	        0
     2.513 	           0 	        0
     2.514 	           0 	        0
     2.515 	           0 	        0
     2.516 	           0 	        0
     2.517 	           0 	        0
     2.518 	           0 	        0
     2.519 	           0 	        0
     2.520 	           0 	        0
     2.521 	           0 	        0
     2.522 	           0 	        0
     2.523 	           0 	        0
     2.524 	           0 	        0
     2.525 	           0 	        0
     2.526 	           0 	        0
     2.527 	           0 	        0
     2.528 	           0 	        0
     2.529 	           0 	        0
     2.530 	           0 	        0
     2.531 	           0 	        0
     2.532 	           0 	        0
     2.533 	           0 	        0
     2.534 	           0 	        0
     2.535 	           0 	        0
     2.536 	           0 	        0
     2.537 	           0 	        0
     2.538 	           0 	        0
     2.539 	           0 	        0
     2.540 	           0 	        0
     2.541 	           0 	        0
     2.542 	           0 	        0
     2.543 	           0 	        0
     2.544 	           0 	        0
     2.545 	           0 	        0
     2.546 	           0 	        0
     2.547 	           0 	        0
     2.548 	           0 	        0
     2.549 	           0 	        0
     2.550 	           0 	        0
     2.551 	           0 	        0
     2.552 	           0 	        0
     2.553 	           0 	        0
     2.554 	           0 	        0
     2.555 	           0 	        0
     2.556 	           0 	        0
     2.557 	           0 	        0
     2.558 	           0 	        0
     2.559 	           0 	        0
     2.560 	           0 	        0
     2.561 	           0 	        0
     2.562 	           0 	        0
     2.563 	           0 	        0
     2.564 	           0 	        0
     2.565 	           0 	        0
     2.566 	           0 	        0
     2.567 	           0 	        0
     2.568 	           0 	        0
     2.569 	           0 	        0
     2.570 	           0 	        0
     2.571 	           0 	        0
     2.572 	           0 	        0
     2.573 	           0 	        0
     2.574 	           0 	        0
     2.575 	           0 	        0
     2.576 	           0 	        0
     2.577 	           0 	        0
     2.578 	           0 	        0
     2.579 	           0 	        0
     2.580 	           0 	        0
     2.581 	           0 	        0
     2.582 	           0 	        0
     2.583 	           0 	        0
     2.584 	           0 	        0
     2.585 	           0 	        0
     2.586 	           0 	        0
     2.587 	           0 	        0
     2.588 	           0 	        0
     2.589 	           0 	        0
     2.590 	           0 	        0
     2.591 	           0 	        0
     2.592 	           0 	        0
     2.593 	           0 	        0
     2.594 	           0 	        0
     2.595 	           0 	        0
     2.596 	           0 	        0
     2.597 	           0 	        0
     2.598 	           0 	        0
     2.599 	           0 	        0
     2.600 	           0 	        0
     2.601 	           0 	        0
     2.602 	           0 	        0
     2.603 	           0 	        0
     2.604 	           0 	        0
     2.605 	           0 	        0
     2.606 	           0 	        0
     2.607 	           0 	        0
     2.608 	           0 	        0
     2.609 	           0 	        0
     2.610 	           0 	        0
     2.611 	           0 	        0
     2.612 	           0 	        0
     2.613 	           0 	        0
     2.614 	           0 	        0
     2.615 	           0 	        0
     2.616 	           0 	        0
     2.617 	           0 	        0
     2.618 	           0 	        0
     2.619 	           0 	        0
     2.620 	           0 	        0
     2.621 	           0 	        0
     2.622 	           0 	        0
     2.623 	           0 	        0
     2.624 	           0 	        0
     2.625 	           0 	        0
     2.626 	           0 	        0
     2.627 	           0 	        0
     2.628 	           0 	        0
     2.629 	           0 	        0
     2.630 	           0 	        0
     2.631 	           0 	        0
     2.632 	           0 	        0
     2.633 	           0 	        0
     2.634 	           0 	        0
     2.635 	           0 	        0
     2.636 	           0 	        0
     2.637 	           0 	        0
     2.638 	           0 	        0
     2.639 	           0 	        0
     2.640 	           0 	        0
     2.641 	           0 	        0
     2.642 	           0 	        0
     2.643 	           0 	        0
     2.644 	           0 	        0
     2.645 	           0 	        0
     2.646 	           0 	        0
     2.647 	           0 	        0
     2.648 	           0 	        0
     2.649 	           0 	        0
     2.650 	           0 	        0
     2.651 	           0 	        0
     2.652 	           0 	        0
     2.653 	           0 	        0
     2.654 	           0 	        0
     2.655 	           0 	        0
     2.656 	           0 	        0
     2.657 	           0 	        0
     2.658 	           0 	        0
     2.659 	           0 	        0
     2.660 	           0 	        0
     2.661 	           0 	        0
     2.662 	           0 	        0
     2.663 	           0 	        0
     2.664 	           0 	        0
     2.665 	           0 	        0
     2.666 	           0 	        0
     2.667 	           0 	        0
     2.668 	           0 	        0
     2.669 	           0 	        0
     2.670 	           0 	        0
     2.671 	           0 	        0
     2.672 	           0 	        0
     2.673 	 4.15765e-06 	 3.40404e-06
     2.674 	 8.30035e-06 	 6.79734e-06
     2.675 	 1.24382e-05 	 1.01892e-05
     2.676 	 1.32544e-05 	 1.08602e-05
     2.677 	 1.40694e-05 	 1.15281e-05
     2.678 	 1.48835e-05 	 1.21978e-05
     2.679 	  7.4429e-06 	 6.10118e-06
     2.680 	           0 	        0
     2.681 	 9.72805e-08 	 7.9777e-08
     2.682 	 1.85332e-07 	 1.52016e-07
     2.683 	 2.73303e-07 	 2.24217e-07
     2.684 	 1.85138e-07 	 1.51933e-07
     2.685 	 9.70753e-08 	 7.96804e-08
     2.686 	           0 	        0
     2.687 	           0 	        0
     2.688 	           0 	        0
     2.689 	           0 	        0
     2.690 	           0 	        0
     2.691 	           0 	        0
     2.692 	           0 	        0
     2.693 	           0 	        0
     2.694 	           0 	        0
     2.695 	           0 	        0
     2.696 	           0 	        0
     2.697 	           0 	        0
     2.698 	           0 	        0
     2.699 	           0 	        0
     2.700 	           0 	        0
     2.701 	           0 	        0
     2.702 	           0 	        0
     2.703 	           0 	        0
     2.704 	           0 	        0
     2.705 	           0 	        0
     2.706 	           0 	        0
     2.707 	           0 	        0
     2.708 	           0 	        0
     2.709 	           0 	        0
     2.710 	           0 	        0
     2.711 	           0 	        0
     2.712 	           0 	        0
     2.713 	           0 	        0
     2.714 	           0 	        0
     2.715 	           0 	        0
     2.716 	           0 	        0
     2.717 	           0 	        0
     2.718 	           0 	        0
     2.719 	           0 	        0
     2.720 	           0 	        0
     2.721 	           0 	        0
     2.722 	           0 	        0
     2.723 	           0 	        0
     2.724 	           0 	        0
     2.725 	           0 	        0
     2.726 	           0 	        0
     2.727 	           0 	        0
     2.728 	           0 	        0
     2.729 	           0 	        0
     2.730 	           0 	        0
     2.731 	           0 	        0
     2.732 	 1.04765e-05 	 8.64401e-06
     2.733 	 2.09422e-05 	 1.72815e-05
     2.734 	 2.75419e-05 	 2.27308e-05
     2.735 	 3.41416e-05 	 2.81815e-05
     2.736 	 4.07429e-05 	 3.36351e-05
     2.737 	 3.35036e-05 	 2.76625e-05
     2.738 	 2.62643e-05 	 2.16884e-05
     2.739 	 1.90233e-05 	 1.57111e-05
     2.740 	 1.82541e-05 	 1.50748e-05
     2.741 	 1.74918e-05 	 1.44473e-05
     2.742 	 2.26536e-05 	 1.87132e-05
     2.743 	 2.78182e-05 	 2.29851e-05
     2.744 	 3.29869e-05 	 2.72595e-05
     2.745 	 3.39776e-05 	 2.80763e-05
     2.746 	 3.49694e-05 	 2.88997e-05
     2.747 	 3.59617e-05 	 2.97209e-05
     2.748 	 2.61989e-05 	 2.16552e-05
     2.749 	 1.64262e-05 	 1.35765e-05
     2.750 	 1.73598e-05 	 1.43501e-05
     2.751 	 1.82941e-05 	 1.51244e-05
     2.752 	 1.92293e-05 	 1.58964e-05
     2.753 	 2.07664e-05 	 1.71694e-05
     2.754 	 2.23046e-05 	 1.84436e-05
     2.755 	 2.38444e-05 	 1.97135e-05
     2.756 	 3.34002e-05 	 2.76174e-05
     2.757 	 4.29635e-05 	 3.55296e-05
     2.758 	 3.70251e-05 	 3.06165e-05
     2.759 	 3.10807e-05 	 2.57044e-05
     2.760 	  2.5133e-05 	 2.07819e-05
     2.761 	 1.97063e-05 	 1.62992e-05
     2.762 	  1.4274e-05 	 1.1807e-05
     2.763 	 1.70223e-05 	 1.40843e-05
     2.764 	 1.97728e-05 	 1.63596e-05
     2.765 	  2.2526e-05 	 1.86427e-05
     2.766 	 1.93068e-05 	 1.59796e-05
     2.767 	  1.6085e-05 	 1.33154e-05
     2.768 	 1.28608e-05 	 1.06471e-05
     2.769 	 6.46558e-06 	 5.35417e-06
     2.770 	  6.6948e-08 	 5.54383e-08
     2.771 	 1.22781e-07 	 1.01679e-07
     2.772 	 1.78671e-07 	 1.48002e-07
     2.773 	 2.34591e-07 	 1.94315e-07
     2.774 	 1.03086e-06 	 8.54018e-07
     2.775 	 1.82794e-06 	 1.51461e-06
     2.776 	 2.62544e-06 	 2.17553e-06
     2.777 	 1.31758e-06 	 1.09175e-06
     2.778 	           0 	        0
     2.779 	  1.5032e-06 	 1.24557e-06
     2.780 	 2.99916e-06 	 2.4858e-06
     2.781 	 4.49914e-06 	 3.72951e-06
     2.782 	 5.51689e-06 	 4.57423e-06
     2.783 	 6.53647e-06 	 5.42031e-06
     2.784 	 7.55812e-06 	 6.26896e-06
     2.785 	 1.26877e-05 	 1.0525e-05
     2.786 	 1.78265e-05 	 1.47897e-05
     2.787 	 1.49173e-05 	 1.2379e-05
     2.788 	 1.20015e-05 	 9.96062e-06
     2.789 	 9.08037e-06 	 7.53722e-06
     2.790 	 1.64076e-05 	 1.36224e-05
     2.791 	 2.37497e-05 	 1.97222e-05
     2.792 	 3.11084e-05 	 2.58331e-05
     2.793 	 2.92755e-05 	 2.43184e-05
     2.794 	 2.74389e-05 	 2.27975e-05
     2.795 	 2.39119e-05 	 1.98712e-05
     2.796 	 2.03785e-05 	 1.69384e-05
     2.797 	  1.6838e-05 	 1.39955e-05
     2.798 	 1.76308e-05 	 1.46575e-05
     2.799 	 1.84249e-05 	 1.53224e-05
     2.800 	 1.92207e-05 	 1.59842e-05
     2.801 	  1.9106e-05 	 1.58934e-05
     2.802 	 1.89913e-05 	 1.57993e-05
     2.803 	 1.49515e-05 	 1.24421e-05
     2.804 	 1.09076e-05 	 9.07763e-06
     2.805 	 6.85861e-06 	 5.70959e-06
     2.806 	 8.51011e-06 	 7.08424e-06
     2.807 	 1.01633e-05 	 8.462e-06
     2.808 	 1.18185e-05 	 9.84095e-06
     2.809 	 2.18835e-05 	 1.82233e-05
     2.810 	 3.19586e-05 	 2.66208e-05
     2.811 	 3.59122e-05 	 2.99196e-05
     2.812 	 3.98689e-05 	 3.32221e-05
     2.813 	 4.38295e-05 	 3.65329e-05
     2.814 	 3.79925e-05 	 3.16734e-05
     2.815 	 3.21482e-05 	 2.68061e-05
     2.816 	 2.62994e-05 	 2.19332e-05
     2.817 	 3.22481e-05 	 2.68965e-05
     2.818 	 3.82041e-05 	 3.18698e-05
     2.819 	 4.27297e-05 	 3.56589e-05
     2.820 	 4.72598e-05 	 3.94425e-05
     2.821 	 5.17515e-05 	 4.32036e-05
     2.822 	 4.91634e-05 	 4.10547e-05
     2.823 	  4.6577e-05 	 3.8902e-05
     2.824 	 4.39924e-05 	 3.67537e-05
     2.825 	 4.53172e-05 	 3.78714e-05
     2.826 	 4.66409e-05 	 3.89847e-05
     2.827 	 4.84646e-05 	 4.05206e-05
     2.828 	 5.02876e-05 	 4.20437e-05
     2.829 	 5.21088e-05 	 4.35742e-05
     2.830 	 6.80198e-05 	 5.68895e-05
     2.831 	 8.39234e-05 	 7.02152e-05
     2.832 	 7.79787e-05 	 6.52576e-05
     2.833 	  7.2038e-05 	 6.03071e-05
     2.834 	 6.61001e-05 	 5.53383e-05
     2.835 	 7.09072e-05 	 5.93834e-05
     2.836 	  7.5711e-05 	 6.34219e-05
     2.837 	 8.05114e-05 	 6.74598e-05
     2.838 	 7.32663e-05 	 6.13978e-05
     2.839 	  6.6028e-05 	 5.53455e-05
     2.840 	 6.51049e-05 	 5.45907e-05
     2.841 	  6.4181e-05 	 5.38155e-05
     2.842 	 6.32579e-05 	 5.30575e-05
     2.843 	 6.13276e-05 	 5.14592e-05
     2.844 	 5.93982e-05 	 4.9845e-05
     2.845 	 5.74707e-05 	 4.8242e-05
     2.846 	 5.78056e-05 	 4.85427e-05
     2.847 	 5.81402e-05 	 4.88282e-05
     2.848 	 5.71638e-05 	 4.80227e-05
     2.849 	 5.61885e-05 	 4.72028e-05
     2.850 	 5.52138e-05 	 4.64027e-05
     2.851 	  5.7512e-05 	 4.83399e-05
     2.852 	 5.98079e-05 	 5.02861e-05
     2.853 	 6.21021e-05 	 5.22213e-05
     2.854 	 5.51482e-05 	 4.63937e-05
     2.855 	 4.82012e-05 	 4.05543e-05
     2.856 	 4.64935e-05 	 3.91303e-05
     2.857 	 4.47867e-05 	 3.76944e-05
     2.858 	 4.30816e-05 	 3.62673e-05
     2.859 	 4.77364e-05 	 4.01989e-05
     2.860 	 5.23878e-05 	 4.41211e-05
     2.861 	 5.70367e-05 	 4.80557e-05
     2.862 	 5.83633e-05 	 4.9183e-05
     2.863 	 5.96888e-05 	 5.03045e-05
     2.864 	 5.60207e-05 	 4.7237e-05
     2.865 	 5.23561e-05 	 4.41555e-05
     2.866 	 4.86943e-05 	 4.10752e-05
     2.867 	 5.44525e-05 	 4.59508e-05
     2.868 	 6.02051e-05 	 5.08099e-05
     2.869 	 6.59534e-05 	 5.56719e-05
     2.870 	 6.63498e-05 	 5.60289e-05
     2.871 	 6.67459e-05 	 5.63743e-05
     2.872 	 7.04628e-05 	 5.95312e-05
     2.873 	 7.41769e-05 	 6.26876e-05
     2.874 	 7.78891e-05 	 6.58375e-05
     2.875 	 8.20786e-05 	 6.93921e-05
     2.876 	  8.6265e-05 	 7.29454e-05
     2.877 	 9.04492e-05 	 7.65141e-05
     2.878 	  8.7863e-05 	 7.43328e-05
     2.879 	 8.52788e-05 	 7.21604e-05
     2.880 	 8.30774e-05 	 7.03111e-05
     2.881 	   8.089e-05 	 6.84884e-05
     2.882 	 7.87037e-05 	 6.66511e-05
     2.883 	  8.6331e-05 	 7.31255e-05
     2.884 	 9.39566e-05 	 7.96013e-05
     2.885 	 0.000101577 	 8.60933e-05
     2.886 	 9.73489e-05 	 8.25182e-05
     2.887 	 9.31218e-05 	 7.89516e-05
     2.888 	 9.30583e-05 	 7.89141e-05
     2.889 	 9.29947e-05 	 7.8893e-05
     2.890 	 9.29312e-05 	 7.88474e-05
     2.891 	 9.21605e-05 	 7.82112e-05
     2.892 	 9.13902e-05 	 7.7575e-05
     2.893 	 9.06203e-05 	 7.69309e-05
     2.894 	 9.10472e-05 	 7.7327e-05
     2.895 	 9.14739e-05 	 7.7715e-05
     2.896 	 9.30765e-05 	 7.90945e-05
     2.897 	 9.46787e-05 	 8.04658e-05
     2.898 	 9.62799e-05 	 8.18451e-05
     2.899 	 8.63422e-05 	 7.34293e-05
     2.900 	 7.64066e-05 	 6.49876e-05
     2.901 	 7.81823e-05 	 6.65135e-05
     2.902 	 7.99571e-05 	 6.80394e-05
     2.903 	 8.17315e-05 	 6.95584e-05
     2.904 	 7.89881e-05 	 6.72394e-05
     2.905 	  7.6246e-05 	 6.49204e-05
     2.906 	 7.35052e-05 	 6.25949e-05
     2.907 	  7.5838e-05 	 6.45898e-05
     2.908 	 7.81692e-05 	 6.657e-05
     2.909 	 7.95652e-05 	 6.77748e-05
     2.910 	 8.09608e-05 	 6.89797e-05
     2.911 	 8.23602e-05 	 7.01798e-05
     2.912 	 8.01927e-05 	 6.83476e-05
     2.913 	 7.80254e-05 	 6.65148e-05
     2.914 	 7.58594e-05 	 6.46553e-05
     2.915 	 7.55016e-05 	 6.43641e-05
     2.916 	 7.51439e-05 	 6.40663e-05
     2.917 	 7.04599e-05 	 6.00857e-05
     2.918 	 6.57787e-05 	 5.61059e-05
     2.919 	  6.1099e-05 	 5.21091e-05
     2.920 	 6.03771e-05 	 5.14991e-05
     2.921 	 5.96556e-05 	 5.08879e-05
     2.922 	 5.89344e-05 	 5.02819e-05
     2.923 	 6.20647e-05 	 5.29569e-05
     2.924 	 6.51932e-05 	 5.56249e-05
     2.925 	 5.95534e-05 	 5.08117e-05
     2.926 	 5.39141e-05 	 4.60086e-05
     2.927 	 4.82781e-05 	 4.12023e-05
     2.928 	 5.20277e-05 	 4.44011e-05
     2.929 	  5.5776e-05 	 4.76087e-05
     2.930 	 5.95238e-05 	 5.08118e-05
     2.931 	 6.49845e-05 	 5.5476e-05
     2.932 	 7.04432e-05 	 6.01261e-05
     2.933 	 6.80949e-05 	 5.81307e-05
     2.934 	 6.57481e-05 	 5.613e-05
     2.935 	  6.3402e-05 	 5.41353e-05
     2.936 	 6.14639e-05 	 5.2483e-05
     2.937 	  5.9527e-05 	 5.08155e-05
     2.938 	 5.75908e-05 	 4.91701e-05
     2.939 	 5.96486e-05 	 5.09294e-05
     2.940 	 6.17063e-05 	 5.26944e-05
     2.941 	 6.23875e-05 	 5.32769e-05
     2.942 	 6.30685e-05 	 5.38649e-05
     2.943 	 6.37493e-05 	 5.44356e-05
     2.944 	  6.7391e-05 	 5.75522e-05
     2.945 	 7.10314e-05 	 6.06556e-05
     2.946 	 7.46714e-05 	 6.37649e-05
     2.947 	 7.09461e-05 	 6.05909e-05
     2.948 	  6.7222e-05 	 5.74112e-05
     2.949 	 6.66949e-05 	 5.69677e-05
     2.950 	 6.61679e-05 	 5.65185e-05
     2.951 	 6.56478e-05 	 5.60728e-05
     2.952 	 6.94445e-05 	 5.93204e-05
     2.953 	 7.32416e-05 	 6.25624e-05
     2.954 	 7.70372e-05 	 6.58096e-05
     2.955 	 7.15145e-05 	 6.10903e-05
     2.956 	 6.59912e-05 	 5.63706e-05
     2.957 	 6.13454e-05 	 5.24062e-05
     2.958 	 5.67003e-05 	 4.84368e-05
     2.959 	 5.20547e-05 	 4.44812e-05
     2.960 	 5.26382e-05 	 4.49833e-05
     2.961 	 5.32217e-05 	 4.54765e-05
     2.962 	  5.3805e-05 	 4.59695e-05
     2.963 	 5.03734e-05 	 4.30371e-05
     2.964 	 4.69431e-05 	 4.01102e-05
     2.965 	 4.68144e-05 	 3.99996e-05
     2.966 	 4.66857e-05 	 3.98849e-05
     2.967 	 4.65571e-05 	 3.9783e-05
     2.968 	 4.76176e-05 	 4.06843e-05
     2.969 	 4.86783e-05 	 4.15989e-05
     2.970 	 5.30919e-05 	 4.53699e-05
     2.971 	 5.75048e-05 	 4.91408e-05
     2.972 	  6.1917e-05 	 5.29054e-05
     2.973 	 5.97513e-05 	 5.10548e-05
     2.974 	 5.75864e-05 	 4.91943e-05
     2.975 	 5.54219e-05 	 4.7355e-05
     2.976 	 5.96764e-05 	 5.09901e-05
     2.977 	 6.39293e-05 	 5.46178e-05
     2.978 	 6.02276e-05 	 5.14551e-05
     2.979 	 5.65255e-05 	 4.83022e-05
     2.980 	 5.28248e-05 	 4.51444e-05
     2.981 	 5.52471e-05 	 4.72014e-05
     2.982 	 5.76696e-05 	 4.92731e-05
     2.983 	 6.00911e-05 	 5.13388e-05
     2.984 	 6.04452e-05 	 5.16434e-05
     2.985 	 6.07991e-05 	 5.19478e-05
     2.986 	 5.74935e-05 	 4.91306e-05
     2.987 	 5.41892e-05 	 4.63139e-05
     2.988 	 5.08853e-05 	 4.34919e-05
     2.989 	 5.44292e-05 	 4.65227e-05
     2.990 	 5.79718e-05 	 4.95527e-05
     2.991 	 6.15138e-05 	 5.2578e-05
     2.992 	 6.12343e-05 	 5.23481e-05
     2.993 	 6.09549e-05 	 5.21068e-05
     2.994 	 5.49783e-05 	 4.70059e-05
     2.995 	 4.90026e-05 	 4.18991e-05
     2.996 	 4.30263e-05 	 3.67954e-05
     2.997 	 4.26095e-05 	 3.64373e-05
     2.998 	 4.21928e-05 	 3.60871e-05
     2.999 	 4.17761e-05 	 3.57368e-05
     3.000 	 4.33008e-05 	 3.70394e-05
     3.001 	 4.48254e-05 	 3.83496e-05
     3.002 	 4.11113e-05 	 3.51738e-05
     3.003 	 3.73986e-05 	 3.19921e-05
     3.004 	 3.36865e-05 	 2.88181e-05
     3.005 	 3.85317e-05 	 3.29682e-05
     3.006 	  4.3375e-05 	 3.71141e-05
     3.007 	 4.82176e-05 	 4.12641e-05
     3.008 	 4.82556e-05 	 4.12987e-05
     3.009 	 4.82937e-05 	 4.13334e-05
     3.010 	 4.67843e-05 	 4.00478e-05
     3.011 	 4.52751e-05 	 3.87528e-05
     3.012 	 4.37658e-05 	 3.74619e-05
     3.013 	 4.42173e-05 	 3.78415e-05
     3.014 	 4.46687e-05 	 3.82288e-05
     3.015 	 4.51201e-05 	 3.86161e-05
     3.016 	 4.61522e-05 	 3.95048e-05
     3.017 	 4.71841e-05 	 4.03891e-05
     3.018 	 4.36275e-05 	 3.73457e-05
     3.019 	 4.00706e-05 	 3.43056e-05
     3.020 	 3.65151e-05 	 3.12624e-05
     3.021 	 4.00496e-05 	 3.42861e-05
     3.022 	 4.35837e-05 	 3.73131e-05
     3.023 	 4.71157e-05 	 4.03341e-05
     3.024 	 4.60192e-05 	 3.9397e-05
     3.025 	 4.49229e-05 	 3.84641e-05
     3.026 	 4.36971e-05 	 3.74119e-05
     3.027 	 4.24716e-05 	 3.6368e-05
     3.028 	 4.12463e-05 	 3.53202e-05
     3.029 	 4.67676e-05 	 4.00454e-05
     3.030 	 5.22868e-05 	 4.47778e-05
     3.031 	 5.78042e-05 	 4.95055e-05
     3.032 	 5.70847e-05 	 4.88918e-05
     3.033 	 5.63655e-05 	 4.82734e-05
     3.034 	 5.90343e-05 	 5.05671e-05
     3.035 	 6.17028e-05 	 5.28556e-05
     3.036 	 6.43698e-05 	 5.51432e-05
     3.037 	 5.88716e-05 	 5.04305e-05
     3.038 	 5.33741e-05 	 4.57236e-05
     3.039 	 5.33426e-05 	 4.57039e-05
     3.040 	 5.33112e-05 	 4.56793e-05
     3.041 	 5.32798e-05 	 4.56559e-05
     3.042 	 5.38696e-05 	 4.61645e-05
     3.043 	 5.44591e-05 	 4.66679e-05
     3.044 	 5.50484e-05 	 4.71663e-05
     3.045 	 6.13513e-05 	 5.25816e-05
     3.046 	 6.76505e-05 	 5.79782e-05
     3.047 	 6.84109e-05 	 5.86405e-05
     3.048 	 6.91712e-05 	 5.92901e-05
     3.049 	 6.99311e-05 	 5.99585e-05
     3.050 	 7.17657e-05 	 6.15228e-05
     3.051 	 7.36002e-05 	 6.31036e-05
     3.052 	 7.54336e-05 	 6.46631e-05
     3.053 	 8.41081e-05 	 7.2101e-05
     3.054 	 9.27795e-05 	 7.95447e-05
     3.055 	 9.07026e-05 	 7.77579e-05
     3.056 	 8.86269e-05 	 7.59717e-05
     3.057 	 8.65519e-05 	 7.42027e-05
     3.058 	 8.40725e-05 	 7.20713e-05
     3.059 	 8.15944e-05 	 6.99559e-05
     3.060 	 7.91172e-05 	 6.78338e-05
     3.061 	  8.7238e-05 	 7.47997e-05
     3.062 	 9.53568e-05 	 8.1756e-05
     3.063 	 8.92644e-05 	 7.65359e-05
     3.064 	 8.31719e-05 	 7.13078e-05
     3.065 	  7.7078e-05 	 6.60793e-05
     3.066 	 7.29779e-05 	 6.25669e-05
     3.067 	 6.88777e-05 	 5.90482e-05
     3.068 	 6.47766e-05 	 5.55467e-05
     3.069 	   6.076e-05 	 5.20993e-05
     3.070 	 5.67435e-05 	 4.86575e-05
     3.071 	 5.49241e-05 	 4.70881e-05
     3.072 	 5.31052e-05 	 4.55342e-05
     3.073 	 5.12863e-05 	 4.3966e-05
     3.074 	  5.1278e-05 	 4.39642e-05
     3.075 	 5.12698e-05 	 4.39485e-05
     3.076 	 5.12615e-05 	 4.39469e-05
     3.077 	 5.96197e-05 	 5.11076e-05
     3.078 	 6.79799e-05 	 5.82752e-05
     3.079 	 6.60784e-05 	 5.66399e-05
     3.080 	 6.41769e-05 	 5.5011e-05
     3.081 	  6.2275e-05 	 5.33881e-05
     3.082 	 5.71292e-05 	 4.89627e-05
     3.083 	 5.19833e-05 	 4.45492e-05
     3.084 	 4.68363e-05 	 4.01396e-05
     3.085 	  4.9214e-05 	 4.21788e-05
     3.086 	 5.15917e-05 	 4.4218e-05
     3.087 	 5.60469e-05 	 4.80331e-05
     3.088 	 6.05031e-05 	 5.18539e-05
     3.089 	 6.49582e-05 	 5.56739e-05
     3.090 	 6.59241e-05 	 5.65036e-05
     3.091 	 6.68902e-05 	 5.73263e-05
     3.092 	 6.78561e-05 	 5.81488e-05
     3.093 	 5.57336e-05 	 4.7751e-05
     3.094 	 4.36082e-05 	 3.73628e-05
     3.095 	 4.32669e-05 	 3.7063e-05
     3.096 	 4.29257e-05 	 3.67674e-05
     3.097 	 4.25844e-05 	 3.64795e-05
     3.098 	 4.57195e-05 	 3.91615e-05
     3.099 	 4.88538e-05 	 4.1838e-05
     3.100 	  5.1988e-05 	 4.45321e-05
     3.101 	 4.71082e-05 	 4.0344e-05
     3.102 	 4.22294e-05 	 3.61624e-05
     3.103 	 3.93786e-05 	 3.37143e-05
     3.104 	 3.65271e-05 	 3.12766e-05
     3.105 	 3.36762e-05 	 2.88358e-05
     3.106 	 2.86861e-05 	 2.45607e-05
     3.107 	 2.36947e-05 	 2.02894e-05
     3.108 	 2.03015e-05 	 1.73804e-05
     3.109 	 1.69083e-05 	 1.44756e-05
     3.110 	 1.35151e-05 	 1.15707e-05
     3.111 	 1.33582e-05 	 1.14365e-05
     3.112 	 1.32013e-05 	 1.13036e-05
     3.113 	 1.30445e-05 	 1.11684e-05
     3.114 	 1.94354e-05 	 1.66386e-05
     3.115 	 2.58248e-05 	 2.21089e-05
     3.116 	 2.82463e-05 	 2.41798e-05
     3.117 	 3.06685e-05 	 2.62566e-05
     3.118 	   3.309e-05 	 2.83272e-05
     3.119 	  2.7171e-05 	 2.32581e-05
     3.120 	 2.12519e-05 	 1.81975e-05
     3.121 	 1.53314e-05 	 1.31258e-05
     3.122 	 1.39815e-05 	 1.19707e-05
     3.123 	 1.26317e-05 	 1.08133e-05
     3.124 	 1.71842e-05 	 1.47112e-05
     3.125 	 2.17357e-05 	 1.86126e-05
     3.126 	 2.62871e-05 	 2.25064e-05
     3.127 	 2.17896e-05 	 1.86567e-05
     3.128 	 1.72932e-05 	 1.48091e-05
     3.129 	 1.27968e-05 	 1.09569e-05
     3.130 	  1.2545e-05 	 1.07418e-05
     3.131 	 1.22932e-05 	 1.05283e-05
     3.132 	 2.09833e-05 	 1.79706e-05
     3.133 	 2.96734e-05 	 2.54074e-05
     3.134 	 3.83656e-05 	 3.28529e-05
     3.135 	 3.82033e-05 	 3.27136e-05
     3.136 	 3.80409e-05 	 3.25776e-05
     3.137 	 3.78785e-05 	 3.24415e-05
     3.138 	 4.12181e-05 	 3.53013e-05
     3.139 	 4.45576e-05 	 3.8165e-05
     3.140 	 4.35667e-05 	 3.73158e-05
     3.141 	 4.25761e-05 	 3.64698e-05
     3.142 	 4.15855e-05 	 3.562e-05
     3.143 	 3.91832e-05 	 3.35646e-05
     3.144 	 3.67803e-05 	 3.15084e-05
     3.145 	  3.4378e-05 	 2.94524e-05
     3.146 	 2.98625e-05 	 2.55829e-05
     3.147 	 2.53459e-05 	 2.1715e-05
     3.148 	 2.92645e-05 	 2.50714e-05
     3.149 	  3.3183e-05 	 2.84304e-05
     3.150 	 3.71025e-05 	 3.17873e-05
     3.151 	  3.8349e-05 	 3.28576e-05
     3.152 	 3.95956e-05 	 3.39247e-05
     3.153 	 4.08424e-05 	 3.49991e-05
     3.154 	 3.86174e-05 	 3.30915e-05
     3.155 	 3.63924e-05 	 3.11871e-05
     3.156 	 2.90617e-05 	 2.49094e-05
     3.157 	 2.17292e-05 	 1.86259e-05
     3.158 	 1.43985e-05 	 1.23418e-05
     3.159 	 1.25107e-05 	 1.07244e-05
     3.160 	 1.06226e-05 	 9.10564e-06
     3.161 	 8.73485e-06 	 7.48806e-06
     3.162 	 4.37207e-06 	 3.74792e-06
     3.163 	           0 	        0
     3.164 	           0 	        0
     3.165 	           0 	        0
     3.166 	           0 	        0
     3.167 	           0 	        0
     3.168 	           0 	        0
     3.169 	           0 	        0
     3.170 	           0 	        0
     3.171 	           0 	        0
     3.172 	 3.57738e-08 	 3.06804e-08
     3.173 	 6.32982e-08 	 5.42752e-08
     3.174 	  9.0816e-08 	 7.78792e-08
     3.175 	 3.71487e-07 	 3.18572e-07
     3.176 	 6.52224e-07 	 5.59325e-07
     3.177 	 1.18886e-06 	 1.01964e-06
     3.178 	  1.7255e-06 	 1.4796e-06
     3.179 	 2.26214e-06 	 1.93999e-06
     3.180 	 1.51073e-06 	 1.29573e-06
     3.181 	 7.59492e-07 	 6.5132e-07
     3.182 	           0 	        0
     3.183 	           0 	        0
     3.184 	           0 	        0
     3.185 	           0 	        0
     3.186 	           0 	        0
     3.187 	           0 	        0
     3.188 	           0 	        0
     3.189 	           0 	        0
     3.190 	           0 	        0
     3.191 	           0 	        0
     3.192 	           0 	        0
     3.193 	           0 	        0
     3.194 	           0 	        0
     3.195 	           0 	        0
     3.196 	           0 	        0
     3.197 	           0 	        0
     3.198 	           0 	        0
     3.199 	 1.75832e-06 	 1.50781e-06
     3.200 	  3.5088e-06 	 3.0088e-06
     3.201 	 5.09383e-06 	 4.36689e-06
     3.202 	 6.67885e-06 	 5.7249e-06
     3.203 	 8.26426e-06 	 7.08359e-06
     3.204 	 7.10025e-06 	 6.085e-06
     3.205 	 5.93625e-06 	 5.08619e-06
     3.206 	 4.77197e-06 	 4.08804e-06
     3.207 	 2.39011e-06 	 2.04705e-06
     3.208 	           0 	        0
     3.209 	           0 	        0
     3.210 	           0 	        0
     3.211 	           0 	        0
     3.212 	  3.3022e-08 	 2.82587e-08
     3.213 	  5.7794e-08 	 4.94551e-08
     3.214 	   8.256e-08 	 7.06442e-08
     3.215 	 6.57926e-06 	 5.62882e-06
     3.216 	 1.30775e-05 	 1.11866e-05
     3.217 	 1.12531e-05 	 9.62556e-06
     3.218 	 9.42864e-06 	 8.06208e-06
     3.219 	 7.60378e-06 	 6.50071e-06
     3.220 	 6.62131e-06 	 5.65991e-06
     3.221 	 5.63885e-06 	 4.8186e-06
     3.222 	 4.65638e-06 	 3.97863e-06
     3.223 	 9.15644e-06 	 7.82366e-06
     3.224 	 1.36554e-05 	 1.16641e-05
     3.225 	 1.20759e-05 	 1.0315e-05
     3.226 	  1.0496e-05 	 8.96267e-06
     3.227 	 8.91648e-06 	 7.6131e-06
     3.228 	 8.87245e-06 	 7.57314e-06
     3.229 	 8.82841e-06 	 7.53476e-06
     3.230 	 8.78438e-06 	 7.49486e-06
     3.231 	 1.17238e-05 	 1.0001e-05
     3.232 	 1.46641e-05 	 1.25095e-05
     3.233 	 1.37648e-05 	 1.17402e-05
     3.234 	 1.28654e-05 	 1.09711e-05
     3.235 	 1.19659e-05 	 1.02054e-05
     3.236 	 1.28751e-05 	 1.09789e-05
     3.237 	 1.37842e-05 	 1.1752e-05
     3.238 	 1.46933e-05 	 1.25248e-05
     3.239 	 7.35441e-06 	 6.26724e-06
     3.240 	 1.65203e-08 	 1.40756e-08
     3.241 	 1.92744e-08 	 1.64234e-08
     3.242 	 2.20295e-08 	 1.87686e-08
     3.243 	 2.47842e-08 	 2.1115e-08
     3.244 	 5.37017e-08 	 4.57454e-08
     3.245 	 8.26221e-08 	 7.03647e-08
     3.246 	 5.78345e-08 	 4.9248e-08
     3.247 	 3.30502e-08 	 2.81397e-08
     3.248 	           0 	        0
     3.249 	 3.22341e-07 	 2.74377e-07
     3.250 	 6.36375e-07 	 5.41504e-07
     3.251 	  9.5044e-07 	 8.08706e-07
     3.252 	 6.77707e-07 	 5.76614e-07
     3.253 	 4.05011e-07 	 3.44543e-07
     3.254 	 2.72787e-07 	 2.32047e-07
     3.255 	 1.40518e-07 	 1.19526e-07
     3.256 	           0 	        0
     3.257 	  9.1483e-07 	 7.77925e-07
     3.258 	 1.82148e-06 	 1.54881e-06
     3.259 	 2.72844e-06 	 2.31965e-06
     3.260 	 1.36842e-06 	 1.1631e-06
     3.261 	           0 	        0
     3.262 	           0 	        0
     3.263 	           0 	        0
     3.264 	           0 	        0
     3.265 	           0 	        0
     3.266 	           0 	        0
     3.267 	           0 	        0
     3.268 	           0 	        0
     3.269 	           0 	        0
     3.270 	           0 	        0
     3.271 	           0 	        0
     3.272 	           0 	        0
     3.273 	           0 	        0
     3.274 	           0 	        0
     3.275 	           0 	        0
     3.276 	           0 	        0
     3.277 	           0 	        0
     3.278 	           0 	        0
     3.279 	           0 	        0
     3.280 	           0 	        0
     3.281 	           0 	        0
     3.282 	           0 	        0
     3.283 	           0 	        0
     3.284 	           0 	        0
     3.285 	           0 	        0
     3.286 	           0 	        0
     3.287 	           0 	        0
     3.288 	           0 	        0
     3.289 	           0 	        0
     3.290 	           0 	        0
     3.291 	           0 	        0
     3.292 	           0 	        0
     3.293 	           0 	        0
     3.294 	           0 	        0
     3.295 	           0 	        0
     3.296 	           0 	        0
     3.297 	           0 	        0
     3.298 	           0 	        0
     3.299 	           0 	        0
     3.300 	           0 	        0
     3.301 	           0 	        0
     3.302 	           0 	        0
     3.303 	           0 	        0
     3.304 	           0 	        0
     3.305 	           0 	        0
     3.306 	           0 	        0
     3.307 	           0 	        0
     3.308 	           0 	        0
     3.309 	           0 	        0
     3.310 	           0 	        0
     3.311 	           0 	        0
     3.312 	           0 	        0
     3.313 	           0 	        0
     3.314 	           0 	        0
     3.315 	           0 	        0
     3.316 	           0 	        0
     3.317 	           0 	        0
     3.318 	           0 	        0
     3.319 	           0 	        0
     3.320 	           0 	        0
     3.321 	           0 	        0
     3.322 	           0 	        0
     3.323 	           0 	        0
     3.324 	           0 	        0
     3.325 	           0 	        0
     3.326 	           0 	        0
     3.327 	           0 	        0
     3.328 	           0 	        0
     3.329 	           0 	        0
     3.330 	           0 	        0
     3.331 	           0 	        0
     3.332 	           0 	        0
     3.333 	           0 	        0
     3.334 	           0 	        0
     3.335 	           0 	        0
     3.336 	           0 	        0
     3.337 	           0 	        0
     3.338 	           0 	        0
     3.339 	           0 	        0
     3.340 	           0 	        0
     3.341 	           0 	        0
     3.342 	           0 	        0
     3.343 	           0 	        0
     3.344 	           0 	        0
     3.345 	           0 	        0
     3.346 	           0 	        0
     3.347 	           0 	        0
     3.348 	           0 	        0
     3.349 	           0 	        0
     3.350 	           0 	        0
     3.351 	           0 	        0
     3.352 	           0 	        0
     3.353 	           0 	        0
     3.354 	           0 	        0
     3.355 	           0 	        0
     3.356 	           0 	        0
     3.357 	           0 	        0
     3.358 	           0 	        0
     3.359 	           0 	        0
     3.360 	           0 	        0
     3.361 	           0 	        0
     3.362 	           0 	        0
     3.363 	           0 	        0
     3.364 	           0 	        0
     3.365 	           0 	        0
     3.366 	           0 	        0
     3.367 	           0 	        0
     3.368 	           0 	        0
     3.369 	           0 	        0
     3.370 	           0 	        0
     3.371 	           0 	        0
     3.372 	           0 	        0
     3.373 	           0 	        0
     3.374 	           0 	        0
     3.375 	           0 	        0
     3.376 	           0 	        0
     3.377 	           0 	        0
     3.378 	           0 	        0
     3.379 	           0 	        0
     3.380 	           0 	        0
     3.381 	           0 	        0
     3.382 	           0 	        0
     3.383 	           0 	        0
     3.384 	           0 	        0
     3.385 	           0 	        0
     3.386 	           0 	        0
     3.387 	           0 	        0
     3.388 	           0 	        0
     3.389 	           0 	        0
     3.390 	           0 	        0
     3.391 	           0 	        0
     3.392 	           0 	        0
     3.393 	           0 	        0
     3.394 	           0 	        0
     3.395 	           0 	        0
     3.396 	           0 	        0
     3.397 	           0 	        0
     3.398 	           0 	        0
     3.399 	           0 	        0
     3.400 	           0 	        0
     3.401 	           0 	        0
     3.402 	           0 	        0
     3.403 	           0 	        0
     3.404 	           0 	        0
     3.405 	           0 	        0
     3.406 	           0 	        0
     3.407 	           0 	        0
     3.408 	           0 	        0
     3.409 	           0 	        0
     3.410 	           0 	        0
     3.411 	           0 	        0
     3.412 	           0 	        0
     3.413 	           0 	        0
     3.414 	           0 	        0
     3.415 	           0 	        0
     3.416 	           0 	        0
     3.417 	           0 	        0
     3.418 	           0 	        0
     3.419 	           0 	        0
     3.420 	           0 	        0
     3.421 	           0 	        0
     3.422 	           0 	        0
     3.423 	           0 	        0
     3.424 	           0 	        0
     3.425 	           0 	        0
     3.426 	           0 	        0
     3.427 	           0 	        0
     3.428 	           0 	        0
     3.429 	           0 	        0
     3.430 	           0 	        0
     3.431 	           0 	        0
     3.432 	           0 	        0
     3.433 	           0 	        0
     3.434 	           0 	        0
     3.435 	           0 	        0
     3.436 	           0 	        0
     3.437 	           0 	        0
     3.438 	           0 	        0
     3.439 	           0 	        0
     3.440 	           0 	        0
     3.441 	           0 	        0
     3.442 	           0 	        0
     3.443 	           0 	        0
     3.444 	           0 	        0
     3.445 	           0 	        0
     3.446 	           0 	        0
     3.447 	           0 	        0
     3.448 	           0 	        0
     3.449 	           0 	        0
     3.450 	           0 	        0
     3.451 	           0 	        0
     3.452 	           0 	        0
     3.453 	           0 	        0
     3.454 	           0 	        0
     3.455 	           0 	        0
     3.456 	           0 	        0
     3.457 	           0 	        0
     3.458 	           0 	        0
     3.459 	           0 	        0
     3.460 	           0 	        0
     3.461 	           0 	        0
     3.462 	           0 	        0
     3.463 	           0 	        0
     3.464 	           0 	        0
     3.465 	           0 	        0
     3.466 	           0 	        0
     3.467 	           0 	        0
     3.468 	           0 	        0
     3.469 	           0 	        0
     3.470 	           0 	        0
     3.471 	           0 	        0
     3.472 	           0 	        0
     3.473 	           0 	        0
     3.474 	           0 	        0
     3.475 	           0 	        0
     3.476 	           0 	        0
     3.477 	           0 	        0
     3.478 	           0 	        0
     3.479 	           0 	        0
     3.480 	           0 	        0
     3.481 	           0 	        0
     3.482 	           0 	        0
     3.483 	           0 	        0
     3.484 	           0 	        0
     3.485 	           0 	        0
     3.486 	           0 	        0
     3.487 	           0 	        0
     3.488 	           0 	        0
     3.489 	           0 	        0
     3.490 	           0 	        0
     3.491 	           0 	        0
     3.492 	           0 	        0
     3.493 	           0 	        0
     3.494 	           0 	        0
     3.495 	           0 	        0
     3.496 	           0 	        0
     3.497 	           0 	        0
     3.498 	           0 	        0
     3.499 	           0 	        0
     3.500 	           0 	        0
     3.501 	           0 	        0
     3.502 	           0 	        0
     3.503 	           0 	        0
     3.504 	           0 	        0
     3.505 	           0 	        0
     3.506 	           0 	        0
     3.507 	           0 	        0
     3.508 	           0 	        0
     3.509 	           0 	        0
     3.510 	           0 	        0
     3.511 	           0 	        0
     3.512 	           0 	        0
     3.513 	           0 	        0
     3.514 	           0 	        0
     3.515 	           0 	        0
     3.516 	           0 	        0
     3.517 	           0 	        0
     3.518 	           0 	        0
     3.519 	           0 	        0
     3.520 	           0 	        0
     3.521 	           0 	        0
     3.522 	           0 	        0
     3.523 	           0 	        0
     3.524 	           0 	        0
     3.525 	           0 	        0
     3.526 	           0 	        0
     3.527 	           0 	        0
     3.528 	           0 	        0
     3.529 	           0 	        0
     3.530 	           0 	        0
     3.531 	           0 	        0
     3.532 	           0 	        0
     3.533 	           0 	        0
     3.534 	           0 	        0
     3.535 	           0 	        0
     3.536 	           0 	        0
     3.537 	           0 	        0
     3.538 	           0 	        0
     3.539 	           0 	        0
     3.540 	           0 	        0
     3.541 	           0 	        0
     3.542 	           0 	        0
     3.543 	           0 	        0
     3.544 	           0 	        0
     3.545 	           0 	        0
     3.546 	           0 	        0
     3.547 	           0 	        0
     3.548 	           0 	        0
     3.549 	           0 	        0
     3.550 	           0 	        0
     3.551 	           0 	        0
     3.552 	           0 	        0
     3.553 	           0 	        0
     3.554 	           0 	        0
     3.555 	           0 	        0
     3.556 	           0 	        0
     3.557 	           0 	        0
     3.558 	           0 	        0
     3.559 	           0 	        0
     3.560 	           0 	        0
     3.561 	           0 	        0
     3.562 	           0 	        0
     3.563 	           0 	        0
     3.564 	           0 	        0
     3.565 	           0 	        0
     3.566 	           0 	        0
     3.567 	           0 	        0
     3.568 	           0 	        0
     3.569 	           0 	        0
     3.570 	           0 	        0
     3.571 	           0 	        0
     3.572 	           0 	        0
     3.573 	           0 	        0
     3.574 	           0 	        0
     3.575 	           0 	        0
     3.576 	           0 	        0
     3.577 	           0 	        0
     3.578 	           0 	        0
     3.579 	           0 	        0
     3.580 	           0 	        0
     3.581 	           0 	        0
     3.582 	           0 	        0
     3.583 	           0 	        0
     3.584 	           0 	        0
     3.585 	           0 	        0
     3.586 	           0 	        0
     3.587 	           0 	        0
     3.588 	           0 	        0
     3.589 	           0 	        0
     3.590 	           0 	        0
     3.591 	           0 	        0
     3.592 	           0 	        0
     3.593 	           0 	        0
     3.594 	           0 	        0
     3.595 	           0 	        0
     3.596 	           0 	        0
     3.597 	 1.30504e-08 	 1.11974e-08
     3.598 	 2.08311e-08 	 1.78742e-08
     3.599 	  1.5099e-06 	 1.29549e-06
     3.600 	 2.99167e-06 	 2.56695e-06
     3.601 	 4.46648e-06 	 3.83204e-06
     3.602 	 3.12856e-06 	 2.68421e-06
     3.603 	  1.7972e-06 	 1.54181e-06
     3.604 	 4.72081e-07 	 4.05002e-07
     3.605 	 2.38014e-07 	 2.04198e-07
     3.606 	           0 	        0
     3.607 	           0 	        0
     3.608 	           0 	        0
     3.609 	           0 	        0
     3.610 	           0 	        0
     3.611 	           0 	        0
     3.612 	           0 	        0
     3.613 	           0 	        0
     3.614 	           0 	        0
     3.615 	           0 	        0
     3.616 	           0 	        0
     3.617 	           0 	        0
     3.618 	           0 	        0
     3.619 	           0 	        0
     3.620 	           0 	        0
     3.621 	 2.45763e-07 	 2.1079e-07
     3.622 	 4.85293e-07 	 4.16252e-07
     3.623 	 3.30848e-07 	 2.83761e-07
     3.624 	 1.77166e-07 	 1.51942e-07
     3.625 	 2.43186e-08 	 2.08571e-08
     3.626 	 1.77874e-08 	 1.52546e-08
     3.627 	 1.12887e-08 	 9.68164e-09
     3.628 	           0 	        0
     3.629 	           0 	        0
     3.630 	           0 	        0
     3.631 	           0 	        0
     3.632 	           0 	        0
     3.633 	           0 	        0
     3.634 	           0 	        0
     3.635 	           0 	        0
     3.636 	           0 	        0
     3.637 	  1.5652e-06 	 1.34226e-06
     3.638 	 3.11377e-06 	 2.67039e-06
     3.639 	 3.65943e-06 	 3.13816e-06
     3.640 	 4.20106e-06 	 3.60242e-06
     3.641 	  4.7384e-06 	 4.06337e-06
     3.642 	 3.14871e-06 	 2.69998e-06
     3.643 	 1.57089e-06 	 1.34693e-06
     3.644 	           0 	        0
     3.645 	           0 	        0
     3.646 	           0 	        0
     3.647 	           0 	        0
     3.648 	           0 	        0
     3.649 	           0 	        0
     3.650 	           0 	        0
     3.651 	           0 	        0
     3.652 	           0 	        0
     3.653 	           0 	        0
     3.654 	           0 	        0
     3.655 	           0 	        0
     3.656 	           0 	        0
     3.657 	           0 	        0
     3.658 	           0 	        0
     3.659 	           0 	        0
     3.660 	           0 	        0
     3.661 	           0 	        0
     3.662 	           0 	        0
     3.663 	 1.12731e-08 	 9.6548e-09
     3.664 	 1.82409e-08 	 1.56214e-08
     3.665 	 2.51498e-08 	 2.15369e-08
     3.666 	 1.14562e-06 	 9.81089e-07
     3.667 	 2.25686e-06 	 1.93262e-06
     3.668 	 2.74385e-06 	 2.3495e-06
     3.669 	 3.22661e-06 	 2.76271e-06
     3.670 	 3.70523e-06 	 3.17233e-06
     3.671 	 2.53315e-06 	 2.16876e-06
     3.672 	 1.37107e-06 	 1.17381e-06
     3.673 	 2.18712e-07 	 1.87259e-07
     3.674 	 1.27025e-07 	 1.08754e-07
     3.675 	 3.61339e-08 	 3.09325e-08
     3.676 	 6.92901e-08 	 5.9314e-08
     3.677 	 1.02144e-07 	 8.74351e-08
     3.678 	 1.34703e-07 	 1.15302e-07
     3.679 	 1.02551e-07 	 8.77781e-08
     3.680 	 7.06745e-08 	 6.04917e-08
     3.681 	 3.90883e-08 	 3.34476e-08
     3.682 	 6.61463e-08 	 5.66034e-08
     3.683 	 9.29634e-08 	 7.95466e-08
     3.684 	 6.29804e-08 	 5.38875e-08
     3.685 	 3.32684e-08 	 2.84634e-08
     3.686 	           0 	        0
     3.687 	           0 	        0
     3.688 	           0 	        0
     3.689 	           0 	        0
     3.690 	           0 	        0
     3.691 	           0 	        0
     3.692 	 3.21892e-08 	 2.7524e-08
     3.693 	 6.03821e-08 	 5.16292e-08
     3.694 	 8.82972e-08 	 7.54954e-08
     3.695 	 1.09589e-06 	 9.3697e-07
     3.696 	 2.09399e-06 	 1.79027e-06
     3.697 	 3.08212e-06 	 2.63499e-06
     3.698 	 2.57817e-06 	 2.20408e-06
     3.699 	   2.079e-06 	 1.77728e-06
     3.700 	 1.69473e-06 	 1.44843e-06
     3.701 	 1.31515e-06 	 1.12408e-06
     3.702 	 9.38758e-07 	 8.02244e-07
     3.703 	 1.12169e-06 	 9.58522e-07
     3.704 	 1.30295e-06 	 1.11335e-06
     3.705 	  1.4826e-06 	 1.26653e-06
     3.706 	 2.53461e-06 	 2.16511e-06
     3.707 	  3.5771e-06 	 3.05545e-06
     3.708 	 2.41344e-06 	 2.06137e-06
     3.709 	 1.25965e-06 	 1.07562e-06
     3.710 	 1.16294e-07 	 9.92873e-08
     3.711 	 9.98854e-08 	 8.52778e-08
     3.712 	 8.36196e-08 	 7.13903e-08
     3.713 	 6.74924e-08 	 5.76096e-08
     3.714 	 1.30847e-06 	 1.11687e-06
     3.715 	 2.53817e-06 	 2.16627e-06
     3.716 	 3.46436e-06 	 2.95673e-06
     3.717 	 4.38173e-06 	 3.73889e-06
     3.718 	 5.29051e-06 	 4.51433e-06
     3.719 	 6.25927e-06 	 5.34093e-06
     3.720 	 7.21857e-06 	 6.15819e-06
     3.721 	 7.75076e-06 	 6.61199e-06
     3.722 	 8.27764e-06 	 7.06125e-06
     3.723 	 8.79934e-06 	 7.50452e-06
     3.724 	 8.54176e-06 	 7.28462e-06
     3.725 	 8.28624e-06 	 7.06649e-06
     3.726 	 8.03271e-06 	 6.85006e-06
     3.727 	 6.54165e-06 	 5.57666e-06
     3.728 	 5.06461e-06 	 4.31738e-06
     3.729 	 4.25104e-06 	 3.62373e-06
     3.730 	 3.44535e-06 	 2.93624e-06
     3.731 	 2.64735e-06 	 2.25586e-06
     3.732 	 1.79515e-06 	 1.52965e-06
     3.733 	 9.51454e-07 	 8.10551e-07
     3.734 	 1.16058e-07 	 9.88683e-08
     3.735 	 5.92653e-08 	 5.04861e-08
     3.736 	           0 	        0
     3.737 	           0 	        0
     3.738 	           0 	        0
     3.739 	           0 	        0
     3.740 	           0 	        0
     3.741 	           0 	        0
     3.742 	           0 	        0
     3.743 	           0 	        0
     3.744 	           0 	        0
     3.745 	 1.15445e-08 	 9.82378e-09
     3.746 	  2.0098e-08 	 1.70984e-08
     3.747 	 2.85578e-08 	 2.4295e-08
     3.748 	  8.4073e-07 	 7.15213e-07
     3.749 	 1.64436e-06 	 1.3984e-06
     3.750 	 2.43908e-06 	 2.07419e-06
     3.751 	 3.78655e-06 	 3.22007e-06
     3.752 	 5.08499e-06 	 4.32337e-06
     3.753 	 5.12094e-06 	 4.35345e-06
     3.754 	 5.15218e-06 	 4.38e-06
     3.755 	 5.17872e-06 	 4.40166e-06
     3.756 	 5.50752e-06 	 4.68111e-06
     3.757 	 5.81966e-06 	 4.9464e-06
     3.758 	 6.11513e-06 	 5.19646e-06
     3.759 	 7.10002e-06 	 6.03337e-06
     3.760 	  8.0388e-06 	 6.83041e-06
     3.761 	 7.86477e-06 	 6.68163e-06
     3.762 	 7.69177e-06 	 6.53315e-06
     3.763 	  7.5199e-06 	 6.387e-06
     3.764 	 6.82426e-06 	 5.796e-06
     3.765 	 6.13351e-06 	 5.20813e-06
     3.766 	 5.44798e-06 	 4.62589e-06
     3.767 	 4.54149e-06 	 3.85609e-06
     3.768 	  3.6418e-06 	 3.0921e-06
     3.769 	 3.48876e-06 	 2.96116e-06
     3.770 	 3.33684e-06 	 2.83214e-06
     3.771 	 3.18599e-06 	 2.704e-06
     3.772 	 2.99036e-06 	 2.53787e-06
     3.773 	 2.79622e-06 	 2.37229e-06
     3.774 	  2.6035e-06 	 2.20871e-06
     3.775 	 2.54397e-06 	 2.15812e-06
     3.776 	 2.48484e-06 	 2.10788e-06
     3.777 	 3.09858e-06 	 2.6276e-06
     3.778 	 3.70749e-06 	 3.14384e-06
     3.779 	  4.3113e-06 	 3.65572e-06
     3.780 	 4.94521e-06 	 4.19308e-06
     3.781 	 5.59115e-06 	 4.73957e-06
     3.782 	 6.23601e-06 	 5.28594e-06
     3.783 	 5.97858e-06 	 5.06748e-06
     3.784 	 5.72161e-06 	 4.84942e-06
     3.785 	 5.34005e-06 	 4.52531e-06
     3.786 	  4.9593e-06 	 4.20158e-06
     3.787 	 4.57925e-06 	 3.87939e-06
     3.788 	 4.94466e-06 	 4.18875e-06
     3.789 	 5.30928e-06 	 4.4974e-06
     3.790 	 5.56865e-06 	 4.71687e-06
     3.791 	 5.82752e-06 	 4.93552e-06
     3.792 	 6.08595e-06 	 5.1532e-06
     3.793 	 5.99534e-06 	 5.0758e-06
     3.794 	 5.90489e-06 	 4.9991e-06
     3.795 	 5.81457e-06 	 4.92251e-06
     3.796 	 5.69589e-06 	 4.82191e-06
     3.797 	 5.57742e-06 	 4.7215e-06
     3.798 	 5.90422e-06 	 4.99802e-06
     3.799 	 6.23029e-06 	 5.27392e-06
     3.800 	 6.55574e-06 	 5.54927e-06
     3.801 	 6.53823e-06 	 5.5336e-06
     3.802 	 6.52074e-06 	 5.51855e-06
     3.803 	 6.50327e-06 	 5.50351e-06
     3.804 	 5.49614e-06 	 4.651e-06
     3.805 	  4.4907e-06 	  3.8e-06
     3.806 	 4.28253e-06 	 3.62368e-06
     3.807 	 4.07475e-06 	 3.44772e-06
     3.808 	 3.86731e-06 	 3.27205e-06
     3.809 	  4.2144e-06 	 3.56556e-06
     3.810 	 4.56081e-06 	 3.85804e-06
     3.811 	 4.90663e-06 	 4.15024e-06
     3.812 	 5.11011e-06 	 4.32199e-06
     3.813 	 5.31319e-06 	 4.49338e-06
     3.814 	  4.6922e-06 	 3.96788e-06
     3.815 	 4.07227e-06 	 3.44337e-06
     3.816 	 3.45368e-06 	 2.92006e-06
     3.817 	 3.16022e-06 	 2.67173e-06
     3.818 	 2.86726e-06 	 2.42385e-06
     3.819 	 2.57493e-06 	 2.177e-06
     3.820 	 3.42669e-06 	 2.89718e-06
     3.821 	 4.27698e-06 	 3.61543e-06
     3.822 	 4.51682e-06 	 3.81791e-06
     3.823 	 4.75618e-06 	 4.01995e-06
     3.824 	 4.99506e-06 	 4.22155e-06
     3.825 	 4.70431e-06 	 3.97555e-06
     3.826 	 4.41419e-06 	 3.73011e-06
     3.827 	 4.12464e-06 	 3.4859e-06
     3.828 	 4.59932e-06 	 3.8868e-06
     3.829 	 5.07294e-06 	 4.28674e-06
     3.830 	 5.61282e-06 	 4.74262e-06
     3.831 	 6.15174e-06 	 5.19761e-06
     3.832 	 6.68946e-06 	 5.65152e-06
     3.833 	 6.72092e-06 	 5.67885e-06
     3.834 	 6.75231e-06 	 5.70433e-06
     3.835 	 6.78362e-06 	 5.73037e-06
     3.836 	 7.36875e-06 	 6.2242e-06
     3.837 	  7.9527e-06 	 6.71696e-06
     3.838 	 8.66482e-06 	 7.3194e-06
     3.839 	 9.37535e-06 	 7.91903e-06
     3.840 	 1.00844e-05 	 8.51732e-06
     3.841 	 9.78898e-06 	 8.268e-06
     3.842 	 9.49416e-06 	 8.01835e-06
     3.843 	 9.19992e-06 	 7.77084e-06
     3.844 	 8.42187e-06 	 7.11308e-06
     3.845 	 7.64555e-06 	 6.4569e-06
     3.846 	 7.26539e-06 	 6.13536e-06
     3.847 	 6.88597e-06 	 5.8145e-06
     3.848 	 6.50721e-06 	 5.49536e-06
     3.849 	 5.96334e-06 	 5.03567e-06
     3.850 	 5.42055e-06 	 4.57696e-06
     3.851 	 4.87872e-06 	 4.1191e-06
     3.852 	 4.38542e-06 	 3.70304e-06
     3.853 	  3.8931e-06 	 3.28704e-06
     3.854 	 4.04633e-06 	 3.41612e-06
     3.855 	 4.19921e-06 	 3.54488e-06
     3.856 	 4.35177e-06 	 3.67335e-06
     3.857 	 5.48262e-06 	 4.62892e-06
     3.858 	 6.61091e-06 	 5.58105e-06
     3.859 	 7.76807e-06 	 6.55737e-06
     3.860 	 8.92287e-06 	 7.53154e-06
     3.861 	 1.00756e-05 	 8.50561e-06
     3.862 	 1.02674e-05 	 8.66687e-06
     3.863 	 1.04588e-05 	 8.82776e-06
     3.864 	 1.06498e-05 	 8.98829e-06
     3.865 	 9.97823e-06 	 8.42256e-06
     3.866 	 9.30796e-06 	 7.85619e-06
     3.867 	 8.57158e-06 	 7.23412e-06
     3.868 	 7.83686e-06 	 6.61354e-06
     3.869 	 7.10363e-06 	 5.99553e-06
     3.870 	 5.90552e-06 	 4.98444e-06
     3.871 	 4.70957e-06 	 3.97454e-06
     3.872 	 3.51636e-06 	 2.9672e-06
     3.873 	 3.37562e-06 	 2.84867e-06
     3.874 	 3.23512e-06 	 2.72977e-06
     3.875 	 3.61625e-06 	 3.05099e-06
     3.876 	 3.99659e-06 	 3.37147e-06
     3.877 	 4.37623e-06 	 3.69203e-06
     3.878 	 4.63805e-06 	 3.91244e-06
     3.879 	 4.89931e-06 	 4.13278e-06
     3.880 	 5.16009e-06 	 4.35224e-06
     3.881 	 5.10378e-06 	 4.3053e-06
     3.882 	 5.04753e-06 	 4.25754e-06
     3.883 	 5.26802e-06 	 4.4432e-06
     3.884 	 5.48832e-06 	 4.62914e-06
     3.885 	 5.70832e-06 	 4.81532e-06
     3.886 	 6.20461e-06 	 5.23359e-06
     3.887 	 6.70047e-06 	 5.65144e-06
     3.888 	 7.19566e-06 	 6.06866e-06
     3.889 	 7.28068e-06 	 6.14116e-06
     3.890 	 7.36562e-06 	 6.21304e-06
     3.891 	 6.89306e-06 	 5.81411e-06
     3.892 	 6.42101e-06 	 5.41564e-06
     3.893 	 5.94949e-06 	 5.01768e-06
     3.894 	 5.55433e-06 	 4.6851e-06
     3.895 	 5.15971e-06 	 4.352e-06
     3.896 	 4.76552e-06 	 4.0193e-06
     3.897 	 4.11155e-06 	 3.46754e-06
     3.898 	 3.45847e-06 	 2.91719e-06
     3.899 	 3.56559e-06 	 3.00801e-06
     3.900 	 3.67261e-06 	 3.09813e-06
     3.901 	 3.77949e-06 	 3.18799e-06
     3.902 	 4.19235e-06 	 3.53591e-06
     3.903 	 4.60485e-06 	 3.88346e-06
     3.904 	 5.01679e-06 	 4.23047e-06
     3.905 	 5.15496e-06 	 4.34794e-06
     3.906 	 5.29298e-06 	 4.46394e-06
     3.907 	 4.57523e-06 	 3.85825e-06
     3.908 	 3.85847e-06 	 3.25351e-06
     3.909 	  3.1425e-06 	 2.64955e-06
     3.910 	 2.54259e-06 	 2.14355e-06
     3.911 	 1.94349e-06 	 1.63858e-06
     3.912 	 1.34506e-06 	 1.13421e-06
     3.913 	 1.54578e-06 	 1.30341e-06
     3.914 	 1.74623e-06 	 1.47236e-06
     3.915 	 2.69886e-06 	 2.27549e-06
     3.916 	 3.65041e-06 	 3.07763e-06
     3.917 	 4.60112e-06 	 3.87941e-06
     3.918 	  4.9222e-06 	 4.15036e-06
     3.919 	 5.24292e-06 	 4.42059e-06
     3.920 	 5.56335e-06 	 4.69151e-06
     3.921 	 5.70278e-06 	 4.80876e-06
     3.922 	 5.84204e-06 	 4.92639e-06
     3.923 	 6.01788e-06 	 5.07432e-06
     3.924 	 6.19347e-06 	 5.22202e-06
     3.925 	 6.36887e-06 	 5.36954e-06
     3.926 	 5.75482e-06 	 4.85204e-06
     3.927 	 5.14161e-06 	 4.33473e-06
     3.928 	 5.19612e-06 	 4.38039e-06
     3.929 	 5.25056e-06 	 4.42687e-06
     3.930 	 5.30496e-06 	 4.47243e-06
     3.931 	 5.95274e-06 	 5.01897e-06
     3.932 	 6.59978e-06 	 5.56435e-06
     3.933 	 7.24624e-06 	 6.10922e-06
     3.934 	 7.62611e-06 	 6.4293e-06
     3.935 	 8.00554e-06 	 6.74974e-06
     3.936 	 7.41283e-06 	 6.24984e-06
     3.937 	 6.82092e-06 	 5.75063e-06
     3.938 	 6.22969e-06 	 5.25202e-06
     3.939 	  5.6247e-06 	 4.74333e-06
     3.940 	 5.02026e-06 	 4.23392e-06
     3.941 	 4.41665e-06 	 3.72467e-06
     3.942 	  4.2789e-06 	 3.60871e-06
     3.943 	 4.14127e-06 	 3.49247e-06
     3.944 	 4.69796e-06 	 3.96174e-06
     3.945 	 5.25401e-06 	 4.43042e-06
     3.946 	 5.80956e-06 	 4.89918e-06
     3.947 	 6.64407e-06 	 5.60264e-06
     3.948 	 7.47762e-06 	 6.30521e-06
     3.949 	 8.31021e-06 	 7.00911e-06
     3.950 	 7.92396e-06 	 6.68299e-06
     3.951 	 7.53824e-06 	 6.35724e-06
     3.952 	 6.84917e-06 	 5.77572e-06
     3.953 	 6.16072e-06 	 5.19538e-06
     3.954 	 5.47323e-06 	 4.61529e-06
     3.955 	 5.15067e-06 	 4.34299e-06
     3.956 	 4.82841e-06 	 4.07143e-06
     3.957 	 4.50658e-06 	 3.79979e-06
     3.958 	 4.56819e-06 	 3.85147e-06
     3.959 	 4.62973e-06 	 3.90351e-06
     3.960 	 4.97283e-06 	 4.1925e-06
     3.961 	 5.31634e-06 	 4.48276e-06
     3.962 	 5.65955e-06 	 4.7724e-06
     3.963 	 6.08795e-06 	 5.13334e-06
     3.964 	 6.51588e-06 	 5.49384e-06
     3.965 	 6.94344e-06 	 5.85464e-06
     3.966 	 7.23348e-06 	 6.09883e-06
     3.967 	 7.52321e-06 	 6.34274e-06
     3.968 	 7.84851e-06 	 6.61727e-06
     3.969 	 8.17361e-06 	 6.89173e-06
     3.970 	 8.49836e-06 	 7.16513e-06
     3.971 	 8.70194e-06 	 7.33668e-06
     3.972 	 8.90535e-06 	 7.50892e-06
     3.973 	 9.10863e-06 	 7.68024e-06
     3.974 	 8.69635e-06 	 7.33483e-06
     3.975 	 8.28441e-06 	 6.98731e-06
     3.976 	 7.80196e-06 	 6.58031e-06
     3.977 	 7.32005e-06 	 6.17448e-06
     3.978 	 6.83854e-06 	 5.76826e-06
     3.979 	 6.64688e-06 	 5.60653e-06
     3.980 	 6.45542e-06 	 5.44558e-06
     3.981 	 6.26413e-06 	 5.28391e-06
     3.982 	 6.89318e-06 	 5.81419e-06
     3.983 	 7.52155e-06 	 6.34455e-06
     3.984 	 8.44806e-06 	 7.12567e-06
     3.985 	 9.37378e-06 	 7.90603e-06
     3.986 	 1.02989e-05 	 8.68677e-06
     3.987 	 1.05995e-05 	 8.94163e-06
     3.988 	 1.08999e-05 	 9.19453e-06
     3.989 	   1.016e-05 	 8.57084e-06
     3.990 	 9.42101e-06 	 7.94699e-06
     3.991 	  8.6826e-06 	 7.3239e-06
     3.992 	 7.99234e-06 	 6.74219e-06
     3.993 	 7.30283e-06 	 6.16034e-06
     3.994 	 6.61391e-06 	 5.57965e-06
     3.995 	  6.0013e-06 	 5.06269e-06
     3.996 	 5.38907e-06 	 4.54607e-06
     3.997 	 5.39833e-06 	 4.55425e-06
     3.998 	 5.40758e-06 	 4.56192e-06
     3.999 	 5.41682e-06 	 4.56957e-06
     4.000 	 5.70808e-06 	 4.81567e-06
     4.001 	 5.99907e-06 	 5.06195e-06
     4.002 	 6.28982e-06 	 5.30702e-06
     4.003 	 6.78611e-06 	 5.72612e-06
     4.004 	 7.28221e-06 	 6.14443e-06
     4.005 	 7.40182e-06 	 6.24574e-06
     4.006 	 7.52134e-06 	 6.34628e-06
     4.007 	 7.64074e-06 	 6.44671e-06
     4.008 	 7.71329e-06 	 6.50833e-06
     4.009 	 7.78577e-06 	 6.56917e-06
     4.010 	 7.85822e-06 	 6.62998e-06
     4.011 	 7.49471e-06 	 6.32367e-06
     4.012 	 7.13151e-06 	 6.01692e-06
     4.013 	 6.62932e-06 	 5.59295e-06
     4.014 	 6.12756e-06 	 5.16995e-06
     4.015 	 5.62624e-06 	 4.74674e-06
     4.016 	 5.25304e-06 	 4.43216e-06
     4.017 	 4.87999e-06 	 4.1172e-06
     4.018 	 4.50743e-06 	 3.80346e-06
     4.019 	 4.26986e-06 	 3.60322e-06
     4.020 	  4.0325e-06 	 3.40275e-06
     4.021 	 4.11705e-06 	 3.47394e-06
     4.022 	 4.20153e-06 	 3.54546e-06
     4.023 	 4.28593e-06 	 3.61652e-06
     4.024 	 4.64585e-06 	 3.92005e-06
     4.025 	 5.00528e-06 	 4.22361e-06
     4.026 	 5.36439e-06 	 4.52644e-06
     4.027 	  5.8903e-06 	 4.97053e-06
     4.028 	 6.41575e-06 	 5.4137e-06
     4.029 	 6.88141e-06 	 5.80637e-06
     4.030 	 7.34689e-06 	 6.19954e-06
     4.031 	 7.81173e-06 	 6.59164e-06
     4.032 	 7.99872e-06 	 6.74927e-06
     4.033 	 8.18554e-06 	 6.90751e-06
     4.034 	  8.3722e-06 	 7.06488e-06
     4.035 	 8.20835e-06 	 6.92644e-06
     4.036 	 8.04464e-06 	 6.78959e-06
     4.037 	 7.87443e-06 	 6.64578e-06
     4.038 	 7.70444e-06 	 6.50217e-06
     4.039 	  7.5346e-06 	 6.35939e-06
     4.040 	  7.3553e-06 	 6.20791e-06
     4.041 	 7.17616e-06 	 6.05642e-06
     4.042 	 6.99717e-06 	 5.90573e-06
     4.043 	 6.37612e-06 	 5.38128e-06
     4.044 	 5.75592e-06 	 4.85761e-06
     4.045 	  5.9678e-06 	 5.03674e-06
     4.046 	 6.17948e-06 	 5.21514e-06
     4.047 	 6.39098e-06 	 5.39337e-06
     4.048 	 6.16213e-06 	 5.20056e-06
     4.049 	 5.93349e-06 	 5.00735e-06
     4.050 	 5.70493e-06 	 4.81423e-06
     4.051 	 4.68827e-06 	 3.95654e-06
     4.052 	  3.6725e-06 	 3.09915e-06
     4.053 	 3.53994e-06 	 2.98713e-06
     4.054 	  3.4075e-06 	 2.87555e-06
     4.055 	 3.27517e-06 	 2.7643e-06
     4.056 	 3.90597e-06 	 3.29654e-06
     4.057 	 4.53591e-06 	 3.82843e-06
     4.058 	 4.63663e-06 	 3.91324e-06
     4.059 	 4.73726e-06 	 3.99797e-06
     4.060 	 4.83779e-06 	 4.0826e-06
     4.061 	 4.49174e-06 	 3.79081e-06
     4.062 	 4.14598e-06 	 3.49884e-06
     4.063 	 3.80037e-06 	 3.20701e-06
     4.064 	 3.47354e-06 	 2.9314e-06
     4.065 	 3.14699e-06 	 2.65569e-06
     4.066 	 3.37518e-06 	 2.84811e-06
     4.067 	 3.60316e-06 	 3.04034e-06
     4.068 	 3.83094e-06 	 3.23242e-06
     4.069 	 4.33026e-06 	 3.65355e-06
     4.070 	 4.82937e-06 	 4.07447e-06
     4.071 	 5.32584e-06 	 4.49453e-06
     4.072 	 5.83632e-06 	 4.92509e-06
     4.073 	 6.34595e-06 	 5.35489e-06
     4.074 	 6.13828e-06 	 5.1794e-06
     4.075 	 5.93094e-06 	 5.00477e-06
     4.076 	 5.72383e-06 	 4.82977e-06
     4.077 	 5.61931e-06 	 4.74134e-06
     4.078 	 5.51495e-06 	 4.65307e-06
     4.079 	 5.41076e-06 	 4.56545e-06
     4.080 	 5.04426e-06 	 4.256e-06
     4.081 	 4.67836e-06 	 3.94709e-06
     4.082 	 4.55756e-06 	 3.84498e-06
     4.083 	 4.43689e-06 	 3.74341e-06
     4.084 	 4.31648e-06 	 3.64164e-06
     4.085 	 4.42261e-06 	 3.73175e-06
     4.086 	 4.52857e-06 	 3.82098e-06
     4.087 	 4.63435e-06 	 3.91048e-06
     4.088 	 5.12629e-06 	 4.32536e-06
     4.089 	 5.61764e-06 	 4.73971e-06
     4.090 	  5.8582e-06 	 4.94243e-06
     4.091 	 6.09836e-06 	 5.14479e-06
     4.092 	 6.33811e-06 	 5.34738e-06
     4.093 	 5.90627e-06 	 4.9828e-06
     4.094 	 5.47513e-06 	 4.61884e-06
     4.095 	  5.0447e-06 	 4.25551e-06
     4.096 	 4.11318e-06 	 3.47025e-06
     4.097 	 3.18366e-06 	 2.68619e-06
     4.098 	 3.23815e-06 	 2.73202e-06
     4.099 	 3.29255e-06 	 2.77778e-06
     4.100 	 3.34686e-06 	 2.82317e-06
     4.101 	 3.93356e-06 	 3.31792e-06
     4.102 	 4.51956e-06 	 3.81202e-06
     4.103 	  5.1043e-06 	 4.30551e-06
     4.104 	  5.8814e-06 	 4.96178e-06
     4.105 	  6.6572e-06 	 5.61601e-06
     4.106 	 6.76745e-06 	 5.70875e-06
     4.107 	  6.8775e-06 	 5.80132e-06
     4.108 	 6.98736e-06 	 5.89371e-06
     4.109 	 7.35965e-06 	 6.20744e-06
     4.110 	 7.73113e-06 	 6.52119e-06
     4.111 	 8.10198e-06 	 6.835e-06
     4.112 	 8.37327e-06 	 7.06347e-06
     4.113 	 8.64409e-06 	 7.2915e-06
     4.114 	  8.5662e-06 	 7.22538e-06
     4.115 	 8.48842e-06 	 7.15937e-06
     4.116 	 8.41072e-06 	 7.09343e-06
     4.117 	 8.20706e-06 	 6.92268e-06
     4.118 	 8.00373e-06 	 6.75077e-06
     4.119 	 7.80073e-06 	 6.57918e-06
     4.120 	 7.63178e-06 	 6.43704e-06
     4.121 	  7.4631e-06 	 6.29445e-06
     4.122 	 7.19081e-06 	 6.06451e-06
     4.123 	  6.9191e-06 	 5.83626e-06
     4.124 	 6.64784e-06 	 5.60718e-06
     4.125 	 6.21816e-06 	 5.2445e-06
     4.126 	 5.78921e-06 	 4.88248e-06
     4.127 	 5.71951e-06 	 4.82346e-06
     4.128 	 5.64991e-06 	 4.7655e-06
     4.129 	  5.5804e-06 	 4.70664e-06
     4.130 	 5.76553e-06 	 4.86254e-06
     4.131 	 5.95034e-06 	 5.01816e-06
     4.132 	 6.13482e-06 	 5.17349e-06
     4.133 	 6.65073e-06 	 5.60828e-06
     4.134 	 7.16574e-06 	 6.04349e-06
     4.135 	 7.44331e-06 	 6.27729e-06
     4.136 	 7.72026e-06 	 6.51054e-06
     4.137 	 7.99672e-06 	 6.74335e-06
     4.138 	 8.12488e-06 	 6.85109e-06
     4.139 	  8.2528e-06 	 6.96002e-06
     4.140 	 8.38048e-06 	 7.06735e-06
     4.141 	 8.17879e-06 	 6.89685e-06
     4.142 	 7.97733e-06 	 6.72656e-06
     4.143 	 7.68542e-06 	 6.48003e-06
     4.144 	 7.39401e-06 	 6.23393e-06
     4.145 	 7.10308e-06 	 5.9895e-06
     4.146 	 6.87028e-06 	 5.79284e-06
     4.147 	 6.63788e-06 	 5.59655e-06
     4.148 	 6.40586e-06 	 5.4006e-06
     4.149 	 6.32235e-06 	 5.32987e-06
     4.150 	 6.23901e-06 	 5.26036e-06
     4.151 	 6.15357e-06 	 5.18817e-06
     4.152 	 6.06828e-06 	 5.11611e-06
     4.153 	 5.98313e-06 	 5.04417e-06
     4.154 	 5.85741e-06 	 4.93803e-06
     4.155 	 5.73185e-06 	 4.83203e-06
     4.156 	 5.60655e-06 	 4.72722e-06
     4.157 	 5.37854e-06 	 4.53483e-06
     4.158 	 5.15091e-06 	 4.34229e-06
     4.159 	 5.00175e-06 	 4.21642e-06
     4.160 	 4.85285e-06 	 4.09077e-06
     4.161 	  4.7042e-06 	 3.96528e-06
     4.162 	 4.92746e-06 	 4.15412e-06
     4.163 	 5.15022e-06 	 4.34171e-06
     4.164 	 5.37258e-06 	 4.52895e-06
     4.165 	 5.97363e-06 	 5.03537e-06
     4.166 	 6.57361e-06 	 5.54085e-06
     4.167 	 7.14387e-06 	 6.02056e-06
     4.168 	 7.71338e-06 	 6.50153e-06
     4.169 	  8.2816e-06 	 6.98015e-06
     4.170 	  8.8489e-06 	 7.45793e-06
     4.171 	 9.41518e-06 	 7.93487e-06
     4.172 	 9.98044e-06 	 8.4109e-06
     4.173 	 1.00446e-05 	 8.46462e-06
     4.174 	 1.01087e-05 	 8.51732e-06
     4.175 	 9.24755e-06 	 7.79299e-06
     4.176 	 8.38831e-06 	 7.06861e-06
     4.177 	 7.53059e-06 	 6.34557e-06
     4.178 	 7.40319e-06 	 6.23795e-06
     4.179 	 7.27601e-06 	 6.13053e-06
     4.180 	 7.14905e-06 	 6.02262e-06
     4.181 	 7.52398e-06 	 6.3382e-06
     4.182 	 7.89805e-06 	 6.65438e-06
     4.183 	  8.2289e-06 	 6.93284e-06
     4.184 	 8.55913e-06 	 7.21075e-06
     4.185 	 8.88876e-06 	 7.48729e-06
     4.186 	 8.67701e-06 	 7.3086e-06
     4.187 	 8.46562e-06 	 7.13024e-06
     4.188 	  8.2545e-06 	 6.95212e-06
     4.189 	 7.86137e-06 	 6.61999e-06
     4.190 	 7.46893e-06 	 6.28924e-06
     4.191 	 7.14263e-06 	 6.01539e-06
     4.192 	  6.8176e-06 	 5.74136e-06
     4.193 	 6.49383e-06 	 5.46842e-06
     4.194 	 6.15078e-06 	 5.17869e-06
     4.195 	 5.80892e-06 	 4.89061e-06
     4.196 	 5.76913e-06 	 4.85685e-06
     4.197 	 5.72946e-06 	 4.8232e-06
     4.198 	  5.6899e-06 	 4.78911e-06
     4.199 	  5.5296e-06 	 4.65395e-06
     4.200 	 5.36992e-06 	 4.51932e-06
     4.201 	 5.21077e-06 	 4.38463e-06
     4.202 	  4.7725e-06 	 4.01561e-06
     4.203 	   4.336e-06 	 3.64812e-06
     4.204 	 4.23635e-06 	 3.56407e-06
     4.205 	 4.13708e-06 	 3.47995e-06
     4.206 	 4.03819e-06 	 3.39656e-06
     4.207 	 4.22683e-06 	 3.55502e-06
     4.208 	 4.41472e-06 	 3.71241e-06
     4.209 	  4.6017e-06 	 3.86941e-06
     4.210 	 5.50412e-06 	 4.62795e-06
     4.211 	  6.4027e-06 	 5.3827e-06
     4.212 	 6.62542e-06 	 5.56975e-06
     4.213 	 6.84713e-06 	 5.75593e-06
     4.214 	 7.06796e-06 	 5.94136e-06
     4.215 	 6.89099e-06 	 5.79174e-06
     4.216 	 6.71471e-06 	 5.64339e-06
     4.217 	 6.53913e-06 	 5.49508e-06
     4.218 	 6.20384e-06 	 5.21255e-06
     4.219 	 5.86994e-06 	 4.93183e-06
     4.220 	 5.90186e-06 	 4.95847e-06
     4.221 	 5.93361e-06 	 4.98445e-06
     4.222 	 5.96515e-06 	 5.01081e-06
     4.223 	 5.93483e-06 	 4.98465e-06
     4.224 	 5.90458e-06 	 4.95911e-06
     4.225 	 5.87441e-06 	 4.93364e-06
     4.226 	 5.97647e-06 	 5.01865e-06
     4.227 	 6.07808e-06 	 5.10384e-06
     4.228 	 6.14842e-06 	 5.16277e-06
     4.229 	 6.21839e-06 	 5.22079e-06
     4.230 	 6.28799e-06 	 5.27909e-06
     4.231 	 6.25997e-06 	 5.25531e-06
     4.232 	   6.232e-06 	 5.23097e-06
     4.233 	  6.2041e-06 	 5.2073e-06
     4.234 	 5.67896e-06 	 4.76577e-06
     4.235 	 5.15635e-06 	 4.32698e-06
     4.236 	 5.16227e-06 	 4.33086e-06
     4.237 	  5.1681e-06 	 4.33505e-06
     4.238 	 5.17386e-06 	 4.33967e-06
     4.239 	 5.25683e-06 	 4.40855e-06
     4.240 	 5.33937e-06 	 4.47755e-06
     4.241 	 5.42153e-06 	 4.54616e-06
     4.242 	  5.4472e-06 	 4.56688e-06
     4.243 	  5.4727e-06 	 4.58797e-06
     4.244 	 5.21723e-06 	 4.37302e-06
     4.245 	 4.96286e-06 	 4.15955e-06
     4.246 	  4.7096e-06 	 3.94703e-06
     4.247 	 4.46821e-06 	 3.74407e-06
     4.248 	 4.22799e-06 	 3.54255e-06
     4.249 	 3.98883e-06 	 3.34157e-06
     4.250 	 4.12505e-06 	 3.45476e-06
     4.251 	  4.2606e-06 	 3.56765e-06
     4.252 	 4.57604e-06 	 3.83105e-06
     4.253 	 4.88997e-06 	 4.09354e-06
     4.254 	 5.20255e-06 	 4.35437e-06
     4.255 	 5.49732e-06 	 4.60072e-06
     4.256 	 5.79066e-06 	 4.84528e-06
     4.257 	 6.08257e-06 	 5.08913e-06
     4.258 	  6.1283e-06 	 5.12698e-06
     4.259 	 6.17375e-06 	 5.16401e-06
     4.260 	  6.1885e-06 	 5.17593e-06
     4.261 	 6.20311e-06 	 5.18739e-06
     4.262 	 6.21758e-06 	 5.19827e-06
     4.263 	 6.08633e-06 	 5.08779e-06
     4.264 	 5.95564e-06 	 4.97838e-06
     4.265 	 5.67885e-06 	 4.74631e-06
     4.266 	 5.40332e-06 	 4.51588e-06
     4.267 	 5.12891e-06 	 4.2864e-06
     4.268 	 4.97118e-06 	 4.15397e-06
     4.269 	 4.81416e-06 	 4.02263e-06
     4.270 	 4.65784e-06 	 3.89143e-06
     4.271 	 4.76669e-06 	 3.98216e-06
     4.272 	 4.87322e-06 	 4.07047e-06
     4.273 	 5.07705e-06 	 4.24049e-06
     4.274 	 5.27705e-06 	 4.40729e-06
     4.275 	 5.47303e-06 	 4.56926e-06
     4.276 	  5.7213e-06 	 4.77628e-06
     4.277 	 5.96471e-06 	 4.97864e-06
     4.278 	 6.20327e-06 	 5.17747e-06
     4.279 	 5.75777e-06 	 4.80482e-06
     4.280 	 5.31874e-06 	 4.43821e-06
     4.281 	 5.08923e-06 	 4.24593e-06
     4.282 	 4.86291e-06 	 4.05684e-06
     4.283 	 4.63976e-06 	 3.87041e-06
     4.284 	  4.6594e-06 	 3.88608e-06
     4.285 	 4.67796e-06 	 3.9013e-06
     4.286 	 4.69546e-06 	 3.91518e-06
     4.287 	 5.37325e-06 	 4.48003e-06
     4.288 	  6.0376e-06 	 5.0315e-06
     4.289 	 5.93541e-06 	 4.946e-06
     4.290 	 5.83409e-06 	 4.86123e-06
     4.291 	 5.73363e-06 	 4.77681e-06
     4.292 	 5.54361e-06 	 4.61832e-06
     4.293 	  5.3561e-06 	 4.46144e-06
     4.294 	 5.17126e-06 	 4.30732e-06
     4.295 	   5.093e-06 	 4.24149e-06
     4.296 	 5.01528e-06 	 4.17661e-06
     4.297 	 5.22781e-06 	 4.35344e-06
     4.298 	 5.43508e-06 	 4.52535e-06
     4.299 	  5.6371e-06 	 4.69338e-06
     4.300 	 5.72816e-06 	 4.76847e-06
     4.301 	 5.69472e-06 	 4.74025e-06
     4.302 	 5.65206e-06 	 4.70382e-06
     4.303 	 5.49459e-06 	 4.5724e-06
     4.304 	 5.33511e-06 	 4.43933e-06
     4.305 	 5.10031e-06 	 4.24312e-06
     4.306 	 4.86878e-06 	 4.05018e-06
     4.307 	 4.64075e-06 	 3.85973e-06
     4.308 	 4.40403e-06 	 3.66255e-06
     4.309 	 4.17169e-06 	 3.46905e-06
     4.310 	 3.94372e-06 	 3.27883e-06
     4.311 	 3.42104e-06 	 2.84402e-06
     4.312 	 2.93292e-06 	 2.43774e-06
     4.313 	 2.56931e-06 	 2.13533e-06
     4.314 	  2.2296e-06 	 1.85284e-06
     4.315 	 1.91359e-06 	 1.58991e-06
     4.316 	 1.68398e-06 	 1.39901e-06
     4.317 	 1.46886e-06 	 1.22005e-06
     4.318 	 1.26824e-06 	 1.05332e-06
     4.319 	 1.19569e-06 	 9.92975e-07
     4.320 	  1.1162e-06 	 9.26774e-07
     4.321 	 1.05551e-06 	 8.76348e-07
     4.322 	 9.96475e-07 	 8.27301e-07
     4.323 	 9.39106e-07 	 7.79551e-07
     4.324 	 8.60637e-07 	 7.14386e-07
     4.325 	 7.85014e-07 	 6.51588e-07
     4.326 	 7.12204e-07 	 5.91062e-07
     4.327 	  6.4352e-07 	 5.34039e-07
     4.328 	 5.77613e-07 	 4.79271e-07
     4.329 	 6.29931e-07 	 5.2266e-07
     4.330 	 6.78107e-07 	 5.6261e-07
     4.331 	 7.22139e-07 	 5.99024e-07
     4.332 	  8.2185e-07 	 6.8168e-07
     4.333 	 9.13521e-07 	 7.57655e-07
     4.334 	 9.23344e-07 	 7.65652e-07
     4.335 	 9.30282e-07 	 7.71342e-07
     4.336 	 9.34334e-07 	 7.74638e-07
     4.337 	 8.77083e-07 	 7.27112e-07
     4.338 	 8.21552e-07 	 6.80873e-07
     4.339 	 7.67715e-07 	 6.36203e-07
     4.340 	 6.70017e-07 	 5.55308e-07
     4.341 	 5.78116e-07 	 4.79045e-07
     4.342 	 5.65144e-07 	 4.68255e-07
     4.343 	  5.5079e-07 	 4.56324e-07
     4.344 	 5.35053e-07 	 4.43248e-07
     4.345 	 5.43079e-07 	 4.49807e-07
     4.346 	 5.46827e-07 	 4.52872e-07
     4.347 	 5.46295e-07 	 4.52392e-07
     4.348 	 5.81851e-07 	 4.81795e-07
     4.349 	  6.0751e-07 	 5.0294e-07
     4.350 	 5.68057e-07 	 4.70238e-07
     4.351 	 5.73764e-07 	 4.7493e-07
     4.352 	 5.79469e-07 	 4.79619e-07
     4.353 	 5.74139e-07 	 4.7512e-07
     4.354 	 5.68814e-07 	 4.70682e-07
     4.355 	 5.63495e-07 	 4.66248e-07
     4.356 	 5.49772e-07 	 4.54862e-07
     4.357 	 5.36062e-07 	 4.43437e-07
     4.358 	 5.34689e-07 	 4.42271e-07
     4.359 	 5.33317e-07 	 4.41106e-07
     4.360 	 5.31946e-07 	 4.39941e-07
     4.361 	  5.1042e-07 	 4.22107e-07
     4.362 	 4.88915e-07 	 4.04293e-07
     4.363 	  4.6743e-07 	 3.86453e-07
     4.364 	   4.348e-07 	 3.59522e-07
     4.365 	 4.02203e-07 	 3.32544e-07
     4.366 	 3.85965e-07 	 3.19095e-07
     4.367 	 3.69751e-07 	 3.05667e-07
     4.368 	 3.53553e-07 	 2.92254e-07
     4.369 	 3.67717e-07 	 3.03905e-07
     4.370 	 3.81867e-07 	 3.15608e-07
     4.371 	   3.962e-07 	 3.27427e-07
     4.372 	 4.29108e-07 	 3.54594e-07
     4.373 	    4.62e-07 	 3.81743e-07
     4.374 	 4.84367e-07 	 4.00192e-07
     4.375 	 5.06733e-07 	 4.18637e-07
     4.376 	   5.291e-07 	 4.3708e-07
     4.377 	 5.38898e-07 	 4.45138e-07
     4.378 	 5.48697e-07 	 4.53194e-07
     4.379 	   5.585e-07 	 4.61253e-07
     4.380 	  5.5905e-07 	 4.61616e-07
     4.381 	   5.596e-07 	 4.62038e-07
     4.382 	 5.72167e-07 	 4.72382e-07
     4.383 	 5.84733e-07 	 4.82723e-07
     4.384 	   5.973e-07 	 4.93165e-07
     4.385 	 6.24242e-07 	 5.15374e-07
     4.386 	 6.51171e-07 	 5.3757e-07
     4.387 	   6.781e-07 	 5.59763e-07
     4.388 	  7.1535e-07 	 5.90471e-07
     4.389 	   7.526e-07 	 6.21175e-07
     4.390 	 7.84962e-07 	 6.47841e-07
     4.391 	 8.17323e-07 	 6.745e-07
     4.392 	   8.497e-07 	 7.01168e-07
     4.393 	 8.79267e-07 	 7.25512e-07
     4.394 	 9.08833e-07 	 7.49852e-07
     4.395 	   9.384e-07 	 7.74279e-07
     4.396 	  9.5615e-07 	 7.88867e-07
     4.397 	   9.739e-07 	 8.03452e-07
     4.398 	 9.62668e-07 	 7.94126e-07
     4.399 	 9.51432e-07 	 7.84878e-07
     4.400 	   9.402e-07 	 7.75553e-07
     4.401 	   9.475e-07 	 7.81494e-07
     4.402 	   9.548e-07 	 7.87434e-07
     4.403 	 9.75997e-07 	 8.04995e-07
     4.404 	 9.97193e-07 	 8.22391e-07
     4.405 	  1.0184e-06 	 8.39891e-07
     4.406 	 1.01537e-06 	 8.37305e-07
     4.407 	 1.01233e-06 	 8.34711e-07
     4.408 	  1.0093e-06 	 8.32125e-07
     4.409 	  9.9435e-07 	 8.19796e-07
     4.410 	   9.794e-07 	 8.07386e-07
     4.411 	 9.67935e-07 	 7.97963e-07
     4.412 	 9.56465e-07 	 7.88602e-07
     4.413 	    9.45e-07 	 7.79085e-07
     4.414 	   9.373e-07 	 7.72675e-07
     4.415 	   9.296e-07 	 7.66265e-07
     4.416 	   9.219e-07 	 7.59944e-07
     4.417 	 8.97456e-07 	 7.3981e-07
     4.418 	    8.73e-07 	 7.19591e-07
     4.419 	 8.62667e-07 	 7.11015e-07
     4.420 	 8.52333e-07 	 7.02521e-07
     4.421 	    8.42e-07 	 6.9409e-07
     4.422 	   8.406e-07 	 6.92881e-07
     4.423 	   8.392e-07 	 6.91672e-07
     4.424 	   8.378e-07 	 6.90544e-07
     4.425 	 8.53254e-07 	 7.03296e-07
     4.426 	   8.687e-07 	 7.1597e-07
     4.427 	 8.78367e-07 	 7.23964e-07
     4.428 	 8.88033e-07 	 7.31872e-07
     4.429 	   8.977e-07 	 7.3993e-07
     4.430 	 9.03266e-07 	 7.44545e-07
     4.431 	 9.08834e-07 	 7.49044e-07
     4.432 	   9.144e-07 	 7.53616e-07
     4.433 	  8.9485e-07 	 7.375e-07
     4.434 	   8.753e-07 	 7.213e-07
     4.435 	 8.59367e-07 	 7.08166e-07
     4.436 	 8.43433e-07 	 6.94951e-07
     4.437 	   8.275e-07 	 6.8174e-07
     4.438 	 8.11662e-07 	 6.68688e-07
     4.439 	 7.95831e-07 	 6.55764e-07
     4.440 	     7.8e-07 	 6.42716e-07
     4.441 	   7.589e-07 	 6.25275e-07
     4.442 	   7.378e-07 	 6.07837e-07
     4.443 	 7.30535e-07 	 6.01871e-07
     4.444 	 7.23269e-07 	 5.95832e-07
     4.445 	    7.16e-07 	 5.8992e-07
     4.446 	   7.149e-07 	 5.88962e-07
     4.447 	   7.138e-07 	 5.88073e-07
     4.448 	   7.127e-07 	 5.87115e-07
     4.449 	  7.2115e-07 	 5.94093e-07
     4.450 	   7.296e-07 	 6.01124e-07
     4.451 	 7.23131e-07 	 5.95791e-07
     4.452 	 7.16666e-07 	 5.90451e-07
     4.453 	   7.102e-07 	 5.8512e-07
     4.454 	 6.85867e-07 	 5.65069e-07
     4.455 	 6.61533e-07 	 5.44954e-07
     4.456 	   6.372e-07 	 5.24906e-07
     4.457 	 5.89561e-07 	 4.85602e-07
     4.458 	   5.419e-07 	 4.46343e-07
     4.459 	 5.29333e-07 	 4.35938e-07
     4.460 	 5.16767e-07 	 4.25629e-07
     4.461 	   5.042e-07 	 4.15289e-07
     4.462 	 5.12032e-07 	 4.21701e-07
     4.463 	 5.19864e-07 	 4.28163e-07
     4.464 	   5.277e-07 	 4.34576e-07
     4.465 	  5.4235e-07 	 4.46652e-07
     4.466 	    5.57e-07 	 4.58728e-07
     4.467 	   5.355e-07 	 4.40981e-07
     4.468 	    5.14e-07 	 4.23329e-07
     4.469 	   4.925e-07 	 4.05631e-07
     4.470 	 4.83552e-07 	 3.98224e-07
     4.471 	   4.746e-07 	 3.9085e-07
     4.472 	   4.751e-07 	 3.9126e-07
     4.473 	   4.756e-07 	 3.9167e-07
     4.474 	   4.761e-07 	 3.92034e-07
     4.475 	 4.81599e-07 	 3.9656e-07
     4.476 	 4.87098e-07 	 4.01086e-07
     4.477 	   4.926e-07 	 4.05655e-07
     4.478 	   4.674e-07 	 3.84856e-07
     4.479 	   4.422e-07 	 3.64104e-07
     4.480 	   4.305e-07 	 3.54469e-07
     4.481 	   4.188e-07 	 3.44842e-07
     4.482 	   4.071e-07 	 3.35176e-07
     4.483 	 4.05567e-07 	 3.33921e-07
     4.484 	 4.04033e-07 	 3.32664e-07
     4.485 	   4.025e-07 	 3.31409e-07
     4.486 	  4.0995e-07 	 3.3755e-07
     4.487 	   4.174e-07 	 3.43651e-07
     4.488 	   4.281e-07 	 3.52396e-07
     4.489 	   4.388e-07 	 3.61211e-07
     4.490 	   4.495e-07 	 3.70026e-07
     4.491 	 4.67072e-07 	 3.84534e-07
     4.492 	 4.84636e-07 	 3.98999e-07
     4.493 	   5.022e-07 	 4.13465e-07
     4.494 	    5.08e-07 	 4.18195e-07
     4.495 	   5.138e-07 	 4.22975e-07
     4.496 	 5.19966e-07 	 4.27969e-07
     4.497 	 5.26134e-07 	 4.3305e-07
     4.498 	   5.323e-07 	 4.3813e-07
     4.499 	 5.40667e-07 	 4.45021e-07
     4.500 	 5.49033e-07 	 4.51911e-07
     4.501 	   5.574e-07 	 4.58715e-07
     4.502 	   5.708e-07 	 4.69753e-07
     4.503 	   5.842e-07 	 4.80791e-07
     4.504 	 5.77498e-07 	 4.7519e-07
     4.505 	 5.70799e-07 	 4.69688e-07
     4.506 	   5.641e-07 	 4.64138e-07
     4.507 	   5.489e-07 	 4.51549e-07
     4.508 	   5.337e-07 	 4.39055e-07
     4.509 	   5.185e-07 	 4.26559e-07
     4.510 	 5.06897e-07 	 4.16937e-07
     4.511 	   4.953e-07 	 4.07417e-07
     4.512 	 4.96067e-07 	 4.08067e-07
     4.513 	 4.96833e-07 	 4.08633e-07
     4.514 	   4.976e-07 	 4.09283e-07
     4.515 	 5.03566e-07 	 4.14125e-07
     4.516 	 5.09531e-07 	 4.1905e-07
     4.517 	   5.155e-07 	 4.23935e-07
     4.518 	   5.288e-07 	 4.34804e-07
     4.519 	   5.421e-07 	 4.4576e-07
     4.520 	 5.47667e-07 	 4.50267e-07
     4.521 	 5.53233e-07 	 4.54853e-07
     4.522 	   5.588e-07 	 4.59347e-07
     4.523 	 5.64232e-07 	 4.63878e-07
     4.524 	 5.69668e-07 	 4.68358e-07
     4.525 	   5.751e-07 	 4.72738e-07
     4.526 	  5.9295e-07 	 4.87373e-07
     4.527 	   6.108e-07 	 5.01954e-07
     4.528 	 6.17965e-07 	 5.07853e-07
     4.529 	 6.25131e-07 	 5.13649e-07
     4.530 	   6.323e-07 	 5.19611e-07
     4.531 	   6.366e-07 	 5.23045e-07
     4.532 	   6.409e-07 	 5.26584e-07
     4.533 	   6.452e-07 	 5.29962e-07
     4.534 	   6.475e-07 	 5.31857e-07
     4.535 	   6.498e-07 	 5.33645e-07
     4.536 	 6.58599e-07 	 5.4094e-07
     4.537 	 6.67401e-07 	 5.48064e-07
     4.538 	   6.762e-07 	 5.55296e-07
     4.539 	  6.8985e-07 	 5.66338e-07
     4.540 	   7.035e-07 	 5.77551e-07
     4.541 	 7.02367e-07 	 5.76592e-07
     4.542 	 7.01234e-07 	 5.75684e-07
     4.543 	   7.001e-07 	 5.74658e-07
     4.544 	 6.93633e-07 	 5.69372e-07
     4.545 	 6.87167e-07 	 5.63978e-07
     4.546 	   6.807e-07 	 5.58691e-07
     4.547 	   6.669e-07 	 5.47274e-07
     4.548 	   6.531e-07 	 5.35969e-07
     4.549 	 6.41069e-07 	 5.26069e-07
     4.550 	 6.29031e-07 	 5.16209e-07
     4.551 	    6.17e-07 	 5.06206e-07
     4.552 	 6.06633e-07 	 4.97782e-07
     4.553 	 5.96267e-07 	 4.89199e-07
     4.554 	   5.859e-07 	 4.80716e-07
     4.555 	 5.78802e-07 	 4.74872e-07
     4.556 	   5.717e-07 	 4.69068e-07
     4.557 	 5.85567e-07 	 4.80321e-07
     4.558 	 5.99433e-07 	 4.91618e-07
     4.559 	   6.133e-07 	 5.03072e-07
     4.560 	 6.25033e-07 	 5.12614e-07
     4.561 	 6.36767e-07 	 5.22246e-07
     4.562 	   6.485e-07 	 5.3183e-07
     4.563 	 6.45499e-07 	 5.29323e-07
     4.564 	   6.425e-07 	 5.26826e-07
     4.565 	 5.92467e-07 	 4.85808e-07
     4.566 	 5.42433e-07 	 4.44696e-07
     4.567 	   4.924e-07 	 4.03731e-07
     4.568 	 4.67137e-07 	 3.82944e-07
     4.569 	 4.41875e-07 	 3.62203e-07
     4.570 	   4.166e-07 	 3.4146e-07
     4.571 	   4.065e-07 	 3.33193e-07
     4.572 	   3.964e-07 	 3.24964e-07
     4.573 	    4.48e-07 	 3.67203e-07
     4.574 	   4.996e-07 	 4.09512e-07
     4.575 	   5.512e-07 	 4.51738e-07
     4.576 	 5.84744e-07 	 4.79246e-07
     4.577 	 6.18272e-07 	 5.06638e-07
     4.578 	   6.518e-07 	 5.34193e-07
     4.579 	  6.7505e-07 	 5.53154e-07
     4.580 	   6.983e-07 	 5.72292e-07
     4.581 	 7.05299e-07 	 5.77916e-07
     4.582 	 7.12298e-07 	 5.83666e-07
     4.583 	   7.193e-07 	 5.89409e-07
     4.584 	 7.29567e-07 	 5.97705e-07
     4.585 	 7.39833e-07 	 6.06192e-07
     4.586 	   7.501e-07 	 6.14485e-07
     4.587 	   7.663e-07 	 6.27834e-07
     4.588 	   7.825e-07 	 6.41113e-07
     4.589 	 7.56959e-07 	 6.20075e-07
     4.590 	 7.31429e-07 	 5.99167e-07
     4.591 	   7.059e-07 	 5.78133e-07
     4.592 	   6.732e-07 	 5.51413e-07
     4.593 	   6.405e-07 	 5.24626e-07
     4.594 	   6.078e-07 	 4.97796e-07
     4.595 	 5.54713e-07 	 4.54315e-07
     4.596 	   5.016e-07 	 4.1086e-07
     4.597 	 4.95733e-07 	 4.05928e-07
     4.598 	 4.89867e-07 	 4.01169e-07
     4.599 	    4.84e-07 	 3.96361e-07
     4.600 	 4.88533e-07 	 4.00117e-07
     4.601 	 4.93065e-07 	 4.03744e-07
     4.602 	   4.976e-07 	 4.07501e-07
     4.603 	   5.245e-07 	 4.29527e-07
     4.604 	   5.514e-07 	 4.51553e-07
     4.605 	 5.75633e-07 	 4.71448e-07
     4.606 	 5.99867e-07 	 4.91292e-07
     4.607 	   6.241e-07 	 5.11089e-07
     4.608 	 6.61741e-07 	 5.41909e-07
     4.609 	   6.994e-07 	 5.7281e-07
     4.610 	 7.22267e-07 	 5.91531e-07
     4.611 	 7.45133e-07 	 6.10329e-07
     4.612 	    7.68e-07 	 6.29058e-07
     4.613 	   7.714e-07 	 6.31915e-07
     4.614 	   7.748e-07 	 6.34698e-07
     4.615 	   7.782e-07 	 6.37426e-07
     4.616 	 7.74749e-07 	 6.34598e-07
     4.617 	   7.713e-07 	 6.31844e-07
     4.618 	 7.65533e-07 	 6.27118e-07
     4.619 	 7.59767e-07 	 6.22464e-07
     4.620 	    7.54e-07 	 6.17738e-07
     4.621 	 7.42835e-07 	 6.0865e-07
     4.622 	 7.31665e-07 	 5.99486e-07
     4.623 	   7.205e-07 	 5.90337e-07
     4.624 	   7.054e-07 	 5.77954e-07
     4.625 	   6.903e-07 	 5.65638e-07
     4.626 	   6.924e-07 	 5.67347e-07
     4.627 	   6.945e-07 	 5.69123e-07
     4.628 	   6.966e-07 	 5.70833e-07
     4.629 	 6.99434e-07 	 5.7321e-07
     4.630 	 7.02267e-07 	 5.75579e-07
     4.631 	   7.051e-07 	 5.77959e-07
     4.632 	  7.0985e-07 	 5.81843e-07
     4.633 	   7.146e-07 	 5.85796e-07
     4.634 	 7.15267e-07 	 5.86333e-07
     4.635 	 7.15933e-07 	 5.86938e-07
     4.636 	   7.166e-07 	 5.87475e-07
     4.637 	 7.32167e-07 	 6.00296e-07
     4.638 	 7.47733e-07 	 6.13048e-07
     4.639 	   7.633e-07 	 6.258e-07
     4.640 	  8.1365e-07 	 6.67147e-07
     4.641 	    8.64e-07 	 7.08402e-07
     4.642 	  8.7327e-07 	 7.16056e-07
     4.643 	 8.82535e-07 	 7.23623e-07
     4.644 	   8.918e-07 	 7.31274e-07
     4.645 	 8.81267e-07 	 7.22606e-07
     4.646 	 8.70733e-07 	 7.14022e-07
     4.647 	   8.602e-07 	 7.05354e-07
     4.648 	 8.03314e-07 	 6.58757e-07
     4.649 	   7.464e-07 	 6.12059e-07
     4.650 	 7.10367e-07 	 5.82553e-07
     4.651 	 6.74333e-07 	 5.52991e-07
     4.652 	   6.383e-07 	 5.23491e-07
     4.653 	 6.18436e-07 	 5.07189e-07
     4.654 	 5.98573e-07 	 4.91045e-07
     4.655 	   5.787e-07 	 4.74731e-07
     4.656 	   6.151e-07 	 5.0458e-07
     4.657 	   6.515e-07 	 5.3449e-07
     4.658 	   6.721e-07 	 5.51377e-07
     4.659 	   6.927e-07 	 5.68329e-07
     4.660 	   7.133e-07 	 5.85217e-07
     4.661 	 7.28398e-07 	 5.97649e-07
     4.662 	 7.43502e-07 	 6.10016e-07
     4.663 	   7.586e-07 	 6.2245e-07
     4.664 	  7.1345e-07 	 5.85379e-07
     4.665 	   6.683e-07 	 5.48477e-07
     4.666 	 6.55735e-07 	 5.38205e-07
     4.667 	 6.43171e-07 	 5.2787e-07
     4.668 	   6.306e-07 	 5.17591e-07
     4.669 	   6.351e-07 	 5.21261e-07
     4.670 	   6.396e-07 	 5.24993e-07
     4.671 	   6.775e-07 	 5.56093e-07
     4.672 	   7.154e-07 	 5.87193e-07
     4.673 	   7.533e-07 	 6.18364e-07
     4.674 	 7.93394e-07 	 6.51399e-07
     4.675 	 8.33506e-07 	 6.84401e-07
     4.676 	   8.736e-07 	 7.17312e-07
     4.677 	  9.0985e-07 	 7.47065e-07
     4.678 	   9.461e-07 	 7.76906e-07
     4.679 	 9.18304e-07 	 7.54068e-07
     4.680 	 8.90509e-07 	 7.31318e-07
     4.681 	   8.627e-07 	 7.08437e-07
     4.682 	 8.23133e-07 	 6.76042e-07
     4.683 	 7.83567e-07 	 6.43582e-07
     4.684 	    7.44e-07 	 6.11108e-07
     4.685 	   7.123e-07 	 5.85102e-07
     4.686 	   6.806e-07 	 5.59028e-07
     4.687 	 6.85533e-07 	 5.63045e-07
     4.688 	 6.90467e-07 	 5.67128e-07
     4.689 	   6.954e-07 	 5.7126e-07
     4.690 	   7.241e-07 	 5.94799e-07
     4.691 	   7.528e-07 	 6.18429e-07
     4.692 	   7.815e-07 	 6.41988e-07
     4.693 	   7.901e-07 	 6.49034e-07
     4.694 	   7.987e-07 	 6.56156e-07
     4.695 	 7.98166e-07 	 6.55698e-07
     4.696 	 7.97633e-07 	 6.55241e-07
     4.697 	   7.971e-07 	 6.54993e-07
     4.698 	 7.87533e-07 	 6.47111e-07
     4.699 	 7.77967e-07 	 6.39232e-07
     4.700 	   7.684e-07 	 6.31425e-07
     4.701 	 7.53997e-07 	 6.19557e-07
     4.702 	   7.396e-07 	 6.07696e-07
     4.703 	   7.313e-07 	 6.00906e-07
     4.704 	    7.23e-07 	 5.94124e-07
     4.705 	   7.147e-07 	 5.87272e-07
     4.706 	 7.14167e-07 	 5.86803e-07
     4.707 	 7.13633e-07 	 5.86521e-07
     4.708 	   7.131e-07 	 5.86051e-07
     4.709 	   7.096e-07 	 5.83143e-07
     4.710 	   7.061e-07 	 5.80235e-07
     4.711 	 7.02133e-07 	 5.77025e-07
     4.712 	 6.98167e-07 	 5.73748e-07
     4.713 	   6.942e-07 	 5.70471e-07
     4.714 	 7.02869e-07 	 5.77577e-07
     4.715 	 7.11535e-07 	 5.84748e-07
     4.716 	   7.202e-07 	 5.9197e-07
     4.717 	  7.3855e-07 	 6.07034e-07
     4.718 	   7.569e-07 	 6.22097e-07
     4.719 	 7.74397e-07 	 6.36531e-07
     4.720 	 7.91894e-07 	 6.5089e-07
     4.721 	   8.094e-07 	 6.65239e-07
     4.722 	   8.271e-07 	 6.79744e-07
     4.723 	   8.448e-07 	 6.94248e-07
     4.724 	   8.625e-07 	 7.08903e-07
     4.725 	  8.8945e-07 	 7.31156e-07
     4.726 	   9.164e-07 	 7.53262e-07
     4.727 	 9.28037e-07 	 7.6278e-07
     4.728 	 9.39668e-07 	 7.7229e-07
     4.729 	   9.513e-07 	 7.818e-07
     4.730 	 9.51333e-07 	 7.81867e-07
     4.731 	 9.51367e-07 	 7.81867e-07
     4.732 	   9.514e-07 	 7.81864e-07
     4.733 	 9.27506e-07 	 7.622e-07
     4.734 	   9.036e-07 	 7.42678e-07
     4.735 	   9.044e-07 	 7.43309e-07
     4.736 	   9.052e-07 	 7.43938e-07
     4.737 	    9.06e-07 	 7.44653e-07
     4.738 	  9.1235e-07 	 7.49843e-07
     4.739 	   9.187e-07 	 7.55032e-07
     4.740 	   9.182e-07 	 7.54592e-07
     4.741 	   9.177e-07 	 7.54156e-07
     4.742 	   9.172e-07 	 7.53872e-07
     4.743 	 9.06433e-07 	 7.45072e-07
     4.744 	 8.95667e-07 	 7.36198e-07
     4.745 	   8.849e-07 	 7.27323e-07
     4.746 	 8.56407e-07 	 7.0388e-07
     4.747 	   8.279e-07 	 6.80426e-07
     4.748 	 8.23767e-07 	 6.77004e-07
     4.749 	 8.19633e-07 	 6.73661e-07
     4.750 	   8.155e-07 	 6.7024e-07
     4.751 	 8.16033e-07 	 6.70789e-07
     4.752 	 8.16567e-07 	 6.71204e-07
     4.753 	   8.171e-07 	 6.71616e-07
     4.754 	 8.31203e-07 	 6.83182e-07
     4.755 	   8.453e-07 	 6.94742e-07
     4.756 	   8.512e-07 	 6.99565e-07
     4.757 	   8.571e-07 	 7.04386e-07
     4.758 	    8.63e-07 	 7.09207e-07
     4.759 	 8.66533e-07 	 7.12082e-07
     4.760 	 8.70067e-07 	 7.14958e-07
     4.761 	   8.736e-07 	 7.17964e-07
     4.762 	   8.548e-07 	 7.02472e-07
     4.763 	    8.36e-07 	 6.86981e-07
     4.764 	   8.232e-07 	 6.76489e-07
     4.765 	   8.104e-07 	 6.65853e-07
     4.766 	   7.976e-07 	 6.55295e-07
     4.767 	 7.84863e-07 	 6.44791e-07
     4.768 	 7.72131e-07 	 6.34293e-07
     4.769 	   7.594e-07 	 6.23795e-07
     4.770 	  7.5315e-07 	 6.18623e-07
     4.771 	   7.469e-07 	 6.1359e-07
     4.772 	 7.47033e-07 	 6.13674e-07
     4.773 	 7.47167e-07 	 6.1376e-07
     4.774 	   7.473e-07 	 6.13844e-07
     4.775 	 7.76367e-07 	 6.37694e-07
     4.776 	 8.05433e-07 	 6.61465e-07
     4.777 	   8.345e-07 	 6.85308e-07
     4.778 	   8.704e-07 	 7.14759e-07
     4.779 	   9.063e-07 	 7.44208e-07
     4.780 	 9.15703e-07 	 7.51898e-07
     4.781 	 9.25101e-07 	 7.59571e-07
     4.782 	   9.345e-07 	 7.67245e-07
     4.783 	   9.194e-07 	 7.54716e-07
     4.784 	   9.043e-07 	 7.42428e-07
     4.785 	   8.892e-07 	 7.29989e-07
     4.786 	 8.53408e-07 	 7.00564e-07
     4.787 	   8.176e-07 	 6.71129e-07
     4.788 	 8.21967e-07 	 6.74594e-07
     4.789 	 8.26333e-07 	 6.78137e-07
     4.790 	   8.307e-07 	 6.8168e-07
     4.791 	 8.42331e-07 	 6.91186e-07
     4.792 	 8.53963e-07 	 7.0061e-07
     4.793 	   8.656e-07 	 7.10116e-07
     4.794 	   9.048e-07 	 7.42231e-07
     4.795 	    9.44e-07 	 7.74423e-07
     4.796 	 9.58267e-07 	 7.85989e-07
     4.797 	 9.72533e-07 	 7.97644e-07
     4.798 	   9.868e-07 	 8.09297e-07
     4.799 	 9.94799e-07 	 8.15809e-07
     4.800 	  1.0028e-06 	 8.22226e-07
     4.801 	  1.0108e-06 	 8.2872e-07
     4.802 	  9.9455e-07 	 8.15332e-07
     4.803 	   9.783e-07 	 8.01853e-07
     4.804 	 9.70868e-07 	 7.95697e-07
     4.805 	 9.63436e-07 	 7.89542e-07
     4.806 	    9.56e-07 	 7.83293e-07
     4.807 	  9.5405e-07 	 7.81632e-07
     4.808 	   9.521e-07 	 7.7997e-07
     4.809 	   9.474e-07 	 7.75966e-07
     4.810 	   9.427e-07 	 7.72053e-07
     4.811 	    9.38e-07 	 7.68148e-07
     4.812 	 9.31601e-07 	 7.62686e-07
     4.813 	 9.25199e-07 	 7.5739e-07
     4.814 	   9.188e-07 	 7.52009e-07
     4.815 	   9.052e-07 	 7.40823e-07
     4.816 	   8.916e-07 	 7.2949e-07
     4.817 	 8.86033e-07 	 7.24797e-07
     4.818 	 8.80467e-07 	 7.2019e-07
     4.819 	   8.749e-07 	 7.155e-07
     4.820 	 8.77534e-07 	 7.176e-07
     4.821 	 8.80167e-07 	 7.19708e-07
     4.822 	   8.828e-07 	 7.21733e-07
     4.823 	  8.8905e-07 	 7.26798e-07
     4.824 	   8.953e-07 	 7.31777e-07
     4.825 	 9.00566e-07 	 7.36035e-07
     4.826 	 9.05834e-07 	 7.40207e-07
     4.827 	   9.111e-07 	 7.44463e-07
     4.828 	 9.22367e-07 	 7.53534e-07
     4.829 	 9.33633e-07 	 7.62533e-07
     4.830 	   9.449e-07 	 7.71596e-07
     4.831 	  9.6395e-07 	 7.87094e-07
     4.832 	    9.83e-07 	 8.02497e-07
     4.833 	 9.97705e-07 	 8.14442e-07
     4.834 	  1.0124e-06 	 8.2628e-07
     4.835 	  1.0271e-06 	 8.38215e-07
     4.836 	 1.04273e-06 	 8.50807e-07
     4.837 	 1.05837e-06 	 8.63403e-07
     4.838 	   1.074e-06 	 8.76088e-07
     4.839 	 1.09901e-06 	 8.96133e-07
     4.840 	   1.124e-06 	 9.16439e-07
     4.841 	  1.1308e-06 	 9.21778e-07
     4.842 	  1.1376e-06 	 9.27114e-07
     4.843 	  1.1444e-06 	 9.32555e-07
     4.844 	  1.1485e-06 	 9.35687e-07
     4.845 	  1.1526e-06 	 9.38925e-07
     4.846 	  1.1567e-06 	 9.42052e-07
     4.847 	 1.15875e-06 	 9.4351e-07
     4.848 	  1.1608e-06 	 9.45075e-07
     4.849 	 1.15487e-06 	 9.39747e-07
     4.850 	 1.14893e-06 	 9.34701e-07
     4.851 	   1.143e-06 	 9.29815e-07
     4.852 	 1.12643e-06 	 9.16169e-07
     4.853 	 1.10986e-06 	 9.02527e-07
     4.854 	  1.0933e-06 	 8.89002e-07
     4.855 	 1.04975e-06 	 8.53431e-07
     4.856 	  1.0062e-06 	 8.17875e-07
     4.857 	 9.74105e-07 	 7.91733e-07
     4.858 	  9.4201e-07 	 7.6535e-07
     4.859 	   9.099e-07 	 7.39124e-07
     4.860 	 9.22467e-07 	 7.49192e-07
     4.861 	 9.35033e-07 	 7.59342e-07
     4.862 	   9.476e-07 	 7.69402e-07
     4.863 	  9.7385e-07 	 7.90564e-07
     4.864 	  1.0001e-06 	 8.11718e-07
     4.865 	 1.02826e-06 	 8.34511e-07
     4.866 	 1.05644e-06 	 8.57216e-07
     4.867 	  1.0846e-06 	 8.79717e-07
     4.868 	 1.09933e-06 	 8.91493e-07
     4.869 	 1.11407e-06 	 9.03376e-07
     4.870 	  1.1288e-06 	 9.15142e-07
     4.871 	 1.13105e-06 	 9.16778e-07
     4.872 	  1.1333e-06 	 9.18414e-07
     4.873 	 1.13413e-06 	 9.18898e-07
     4.874 	 1.13497e-06 	 9.19496e-07
     4.875 	  1.1358e-06 	 9.19977e-07
     4.876 	  1.1365e-06 	 9.20074e-07
     4.877 	  1.1372e-06 	 9.2045e-07
     4.878 	  1.1357e-06 	 9.19044e-07
     4.879 	  1.1342e-06 	 9.17638e-07
     4.880 	  1.1327e-06 	 9.16233e-07
     4.881 	 1.13403e-06 	 9.17232e-07
     4.882 	 1.13537e-06 	 9.18132e-07
     4.883 	  1.1367e-06 	 9.19023e-07
     4.884 	  1.1467e-06 	 9.2692e-07
     4.885 	  1.1567e-06 	 9.34815e-07
     4.886 	  1.1706e-06 	 9.45857e-07
     4.887 	  1.1845e-06 	 9.56699e-07
     4.888 	  1.1984e-06 	 9.67729e-07
     4.889 	  1.2175e-06 	 9.82952e-07
     4.890 	  1.2366e-06 	 9.98168e-07
     4.891 	  1.2557e-06 	 1.01337e-06
     4.892 	  1.2448e-06 	 1.00449e-06
     4.893 	  1.2339e-06 	 9.9548e-07
     4.894 	 1.22103e-06 	 9.8489e-07
     4.895 	 1.20817e-06 	 9.74312e-07
     4.896 	  1.1953e-06 	 9.6373e-07
     4.897 	 1.16984e-06 	 9.43003e-07
     4.898 	 1.14437e-06 	 9.22276e-07
     4.899 	  1.1189e-06 	 9.01557e-07
     4.900 	 1.09605e-06 	 8.82958e-07
     4.901 	  1.0732e-06 	 8.6434e-07
     4.902 	  1.0716e-06 	 8.62842e-07
     4.903 	    1.07e-06 	 8.61344e-07
     4.904 	  1.0684e-06 	 8.59846e-07
     4.905 	 1.08184e-06 	 8.7045e-07
     4.906 	 1.09527e-06 	 8.80859e-07
     4.907 	  1.1087e-06 	 8.91337e-07
     4.908 	 1.14275e-06 	 9.18485e-07
     4.909 	  1.1768e-06 	 9.45619e-07
     4.910 	 1.20063e-06 	 9.64529e-07
     4.911 	 1.22446e-06 	 9.83459e-07
     4.912 	  1.2483e-06 	 1.00239e-06
     4.913 	 1.26793e-06 	 1.01793e-06
     4.914 	 1.28757e-06 	 1.03347e-06
     4.915 	  1.3072e-06 	 1.049e-06
     4.916 	  1.2881e-06 	 1.03344e-06
     4.917 	   1.269e-06 	 1.0179e-06
     4.918 	 1.25239e-06 	 1.00435e-06
     4.919 	  1.2358e-06 	 9.90711e-07
     4.920 	  1.2192e-06 	 9.77386e-07
     4.921 	 1.19683e-06 	 9.59232e-07
     4.922 	 1.17447e-06 	 9.41095e-07
     4.923 	  1.1521e-06 	 9.22957e-07
     4.924 	 1.14725e-06 	 9.1886e-07
     4.925 	  1.1424e-06 	 9.14762e-07
     4.926 	 1.15013e-06 	 9.20629e-07
     4.927 	 1.15787e-06 	 9.2661e-07
     4.928 	  1.1656e-06 	 9.32578e-07
     4.929 	  1.1715e-06 	 9.37079e-07
     4.930 	  1.1774e-06 	 9.41578e-07
     4.931 	  1.1833e-06 	 9.45961e-07
     4.932 	   1.187e-06 	 9.48694e-07
     4.933 	  1.1907e-06 	 9.51425e-07
     4.934 	  1.1638e-06 	 9.29708e-07
     4.935 	  1.1369e-06 	 9.08002e-07
     4.936 	    1.11e-06 	 8.86201e-07
     4.937 	 1.08967e-06 	 8.69762e-07
     4.938 	 1.06933e-06 	 8.53322e-07
     4.939 	   1.049e-06 	 8.36896e-07
     4.940 	  1.0342e-06 	 8.24792e-07
     4.941 	  1.0194e-06 	 8.12798e-07
     4.942 	 1.02613e-06 	 8.1797e-07
     4.943 	 1.03287e-06 	 8.23147e-07
     4.944 	  1.0396e-06 	 8.28215e-07
     4.945 	 1.07106e-06 	 8.53075e-07
     4.946 	  1.1025e-06 	 8.77906e-07
     4.947 	  1.1119e-06 	 8.85075e-07
     4.948 	  1.1213e-06 	 8.92343e-07
     4.949 	  1.1307e-06 	 8.99606e-07
     4.950 	  1.1366e-06 	 9.03976e-07
     4.951 	  1.1425e-06 	 9.0845e-07
     4.952 	  1.1484e-06 	 9.12921e-07
     4.953 	 1.15095e-06 	 9.14805e-07
     4.954 	  1.1535e-06 	 9.16611e-07
     4.955 	 1.15443e-06 	 9.17128e-07
     4.956 	 1.15537e-06 	 9.17543e-07
     4.957 	  1.1563e-06 	 9.18058e-07
     4.958 	  1.1545e-06 	 9.16404e-07
     4.959 	  1.1527e-06 	 9.14644e-07
     4.960 	  1.1509e-06 	 9.12992e-07
     4.961 	  1.1508e-06 	 9.12579e-07
     4.962 	  1.1507e-06 	 9.12274e-07
     4.963 	 1.15303e-06 	 9.13894e-07
     4.964 	 1.15537e-06 	 9.15413e-07
     4.965 	  1.1577e-06 	 9.17031e-07
     4.966 	 1.16037e-06 	 9.18808e-07
     4.967 	 1.16303e-06 	 9.20684e-07
     4.968 	  1.1657e-06 	 9.22566e-07
     4.969 	 1.17005e-06 	 9.25759e-07
     4.970 	  1.1744e-06 	 9.28968e-07
     4.971 	 1.16633e-06 	 9.22255e-07
     4.972 	 1.15827e-06 	 9.15662e-07
     4.973 	  1.1502e-06 	 9.09141e-07
     4.974 	 1.14137e-06 	 9.01945e-07
     4.975 	 1.13253e-06 	 8.94638e-07
     4.976 	  1.1237e-06 	 8.87448e-07
     4.977 	 1.14976e-06 	 9.07701e-07
     4.978 	  1.1758e-06 	 9.28033e-07
     4.979 	 1.19723e-06 	 9.44717e-07
     4.980 	 1.21867e-06 	 9.61287e-07
     4.981 	  1.2401e-06 	 9.77832e-07
     4.982 	 1.27389e-06 	 1.00422e-06
     4.983 	 1.30769e-06 	 1.03049e-06
     4.984 	  1.3415e-06 	 1.05687e-06
     4.985 	 1.37515e-06 	 1.08298e-06
     4.986 	  1.4088e-06 	 1.1092e-06
     4.987 	 1.41363e-06 	 1.11259e-06
     4.988 	 1.41847e-06 	 1.11612e-06
     4.989 	  1.4233e-06 	 1.1195e-06
     4.990 	 1.41273e-06 	 1.11091e-06
     4.991 	 1.40216e-06 	 1.10218e-06
     4.992 	  1.3916e-06 	 1.0936e-06
     4.993 	   1.363e-06 	 1.07095e-06
     4.994 	  1.3344e-06 	 1.04808e-06
     4.995 	  1.3203e-06 	 1.03674e-06
     4.996 	  1.3062e-06 	 1.02528e-06
     4.997 	  1.2921e-06 	 1.01395e-06
     4.998 	 1.27937e-06 	 1.00358e-06
     4.999 	 1.26663e-06 	 9.93215e-07
     5.000 	  1.2539e-06 	 9.82978e-07
     5.001 	  1.2394e-06 	 9.71201e-07
     5.002 	  1.2249e-06 	 9.59549e-07
     5.003 	  1.2176e-06 	 9.53428e-07
     5.004 	  1.2103e-06 	 9.47312e-07
     5.005 	   1.203e-06 	 9.41312e-07
     5.006 	 1.20537e-06 	 9.42767e-07
     5.007 	 1.20773e-06 	 9.44211e-07
     5.008 	  1.2101e-06 	 9.45662e-07
     5.009 	 1.22155e-06 	 9.54318e-07
     5.010 	   1.233e-06 	 9.62853e-07
     5.011 	 1.25047e-06 	 9.76103e-07
     5.012 	 1.26793e-06 	 9.89455e-07
     5.013 	  1.2854e-06 	 1.00269e-06
     5.014 	  1.3109e-06 	 1.02217e-06
     5.015 	  1.3364e-06 	 1.04163e-06
     5.016 	 1.35303e-06 	 1.05451e-06
     5.017 	 1.36967e-06 	 1.06705e-06
     5.018 	  1.3863e-06 	 1.07956e-06
     5.019 	 1.39917e-06 	 1.08928e-06
     5.020 	 1.41203e-06 	 1.09884e-06
     5.021 	  1.4249e-06 	 1.10841e-06
     5.022 	  1.4419e-06 	 1.12117e-06
     5.023 	  1.4589e-06 	 1.13406e-06
     5.024 	 1.45303e-06 	 1.12904e-06
     5.025 	 1.44717e-06 	 1.12403e-06
     5.026 	  1.4413e-06 	 1.11901e-06
     5.027 	 1.43343e-06 	 1.11244e-06
     5.028 	 1.42557e-06 	 1.10602e-06
     5.029 	  1.4177e-06 	 1.09946e-06
     5.030 	 1.42315e-06 	 1.10323e-06
     5.031 	  1.4286e-06 	 1.107e-06
     5.032 	  1.4328e-06 	 1.10979e-06
     5.033 	   1.437e-06 	 1.11272e-06
     5.034 	  1.4412e-06 	 1.11562e-06
     5.035 	 1.44753e-06 	 1.12006e-06
     5.036 	 1.45386e-06 	 1.12448e-06
     5.037 	  1.4602e-06 	 1.12892e-06
     5.038 	  1.4565e-06 	 1.12572e-06
     5.039 	  1.4528e-06 	 1.12239e-06
     5.040 	  1.4345e-06 	 1.10779e-06
     5.041 	  1.4162e-06 	 1.0932e-06
     5.042 	  1.3979e-06 	 1.07862e-06
     5.043 	 1.38976e-06 	 1.07188e-06
     5.044 	 1.38163e-06 	 1.06516e-06
     5.045 	  1.3735e-06 	 1.05857e-06
     5.046 	  1.3755e-06 	 1.05967e-06
     5.047 	  1.3775e-06 	 1.06076e-06
     5.048 	 1.38886e-06 	 1.06905e-06
     5.049 	 1.40023e-06 	 1.07734e-06
     5.050 	  1.4116e-06 	 1.08563e-06
     5.051 	 1.42877e-06 	 1.09836e-06
     5.052 	 1.44593e-06 	 1.11108e-06
     5.053 	  1.4631e-06 	 1.12393e-06
     5.054 	 1.45915e-06 	 1.12041e-06
     5.055 	  1.4552e-06 	 1.1169e-06
     5.056 	  1.4477e-06 	 1.11066e-06
     5.057 	  1.4402e-06 	 1.10443e-06
     5.058 	  1.4327e-06 	 1.0982e-06
     5.059 	 1.42573e-06 	 1.09239e-06
     5.060 	 1.41877e-06 	 1.08658e-06
     5.061 	  1.4118e-06 	 1.08099e-06
     5.062 	  1.4037e-06 	 1.07432e-06
     5.063 	  1.3956e-06 	 1.06766e-06
     5.064 	 1.40637e-06 	 1.07543e-06
     5.065 	 1.41713e-06 	 1.08318e-06
     5.066 	  1.4279e-06 	 1.09093e-06
     5.067 	 1.43663e-06 	 1.09725e-06
     5.068 	 1.44537e-06 	 1.10344e-06
     5.069 	  1.4541e-06 	 1.10962e-06
     5.070 	 1.45485e-06 	 1.1097e-06
     5.071 	  1.4556e-06 	 1.10978e-06
     5.072 	  1.4601e-06 	 1.11272e-06
     5.073 	  1.4646e-06 	 1.11565e-06
     5.074 	  1.4691e-06 	 1.11859e-06
     5.075 	  1.4813e-06 	 1.12737e-06
     5.076 	  1.4935e-06 	 1.13615e-06
     5.077 	  1.5057e-06 	 1.14492e-06
     5.078 	 1.52615e-06 	 1.15995e-06
     5.079 	  1.5466e-06 	 1.17497e-06
     5.080 	 1.56183e-06 	 1.18601e-06
     5.081 	 1.57707e-06 	 1.19704e-06
     5.082 	  1.5923e-06 	 1.20806e-06
     5.083 	 1.60095e-06 	 1.21407e-06
     5.084 	  1.6096e-06 	 1.22008e-06
     5.085 	 1.60883e-06 	 1.21894e-06
     5.086 	 1.60807e-06 	 1.21782e-06
     5.087 	  1.6073e-06 	 1.21668e-06
     5.088 	  1.6023e-06 	 1.2122e-06
     5.089 	  1.5973e-06 	 1.20786e-06
     5.090 	  1.5923e-06 	 1.20353e-06
     5.091 	 1.58245e-06 	 1.19554e-06
     5.092 	  1.5726e-06 	 1.18755e-06
     5.093 	 1.56217e-06 	 1.17914e-06
     5.094 	 1.55173e-06 	 1.17072e-06
     5.095 	  1.5413e-06 	 1.16231e-06
     5.096 	 1.53033e-06 	 1.15351e-06
     5.097 	 1.51936e-06 	 1.14471e-06
     5.098 	  1.5084e-06 	 1.13593e-06
     5.099 	 1.52385e-06 	 1.14703e-06
     5.100 	  1.5393e-06 	 1.15789e-06
     5.101 	  1.5516e-06 	 1.1666e-06
     5.102 	  1.5639e-06 	 1.17529e-06
     5.103 	  1.5762e-06 	 1.18384e-06
     5.104 	  1.5989e-06 	 1.20033e-06
     5.105 	  1.6216e-06 	 1.2168e-06
     5.106 	  1.6443e-06 	 1.23325e-06
     5.107 	  1.6753e-06 	 1.25591e-06
     5.108 	  1.7063e-06 	 1.27855e-06
     5.109 	  1.7122e-06 	 1.28237e-06
     5.110 	  1.7181e-06 	 1.28618e-06
     5.111 	   1.724e-06 	 1.28983e-06
     5.112 	  1.7223e-06 	 1.28794e-06
     5.113 	  1.7206e-06 	 1.28606e-06
     5.114 	  1.7189e-06 	 1.28418e-06
     5.115 	 1.68546e-06 	 1.2586e-06
     5.116 	   1.652e-06 	 1.23287e-06
     5.117 	  1.6346e-06 	 1.2193e-06
     5.118 	  1.6172e-06 	 1.20574e-06
     5.119 	  1.5998e-06 	 1.1922e-06
     5.120 	 1.58987e-06 	 1.18423e-06
     5.121 	 1.57994e-06 	 1.17612e-06
     5.122 	    1.57e-06 	 1.16816e-06
     5.123 	 1.56185e-06 	 1.16153e-06
     5.124 	  1.5537e-06 	 1.15491e-06
     5.125 	 1.55343e-06 	 1.15415e-06
     5.126 	 1.55317e-06 	 1.15326e-06
     5.127 	  1.5529e-06 	 1.1525e-06
     5.128 	 1.54473e-06 	 1.14587e-06
     5.129 	 1.53657e-06 	 1.13926e-06
     5.130 	  1.5284e-06 	 1.13251e-06
     5.131 	 1.50685e-06 	 1.11603e-06
     5.132 	  1.4853e-06 	 1.09956e-06
     5.133 	 1.49197e-06 	 1.10385e-06
     5.134 	 1.49863e-06 	 1.10826e-06
     5.135 	  1.5053e-06 	 1.11267e-06
     5.136 	 1.52437e-06 	 1.12624e-06
     5.137 	 1.54343e-06 	 1.13965e-06
     5.138 	  1.5625e-06 	 1.15319e-06
     5.139 	  1.5805e-06 	 1.16593e-06
     5.140 	  1.5985e-06 	 1.17851e-06
     5.141 	 1.60763e-06 	 1.18465e-06
     5.142 	 1.61677e-06 	 1.19079e-06
     5.143 	  1.6259e-06 	 1.19676e-06
     5.144 	  1.6117e-06 	 1.18572e-06
     5.145 	  1.5975e-06 	 1.17468e-06
     5.146 	  1.5833e-06 	 1.16351e-06
     5.147 	 1.55415e-06 	 1.1414e-06
     5.148 	   1.525e-06 	 1.1192e-06
     5.149 	 1.51696e-06 	 1.1126e-06
     5.150 	 1.50893e-06 	 1.10615e-06
     5.151 	  1.5009e-06 	 1.09957e-06
     5.152 	  1.4913e-06 	 1.09198e-06
     5.153 	  1.4817e-06 	 1.0844e-06
     5.154 	 1.49316e-06 	 1.09209e-06
     5.155 	 1.50464e-06 	 1.09993e-06
     5.156 	  1.5161e-06 	 1.10774e-06
     5.157 	 1.52897e-06 	 1.11643e-06
     5.158 	 1.54183e-06 	 1.12524e-06
     5.159 	  1.5547e-06 	 1.13391e-06
     5.160 	 1.58405e-06 	 1.15473e-06
     5.161 	  1.6134e-06 	 1.17551e-06
     5.162 	 1.63181e-06 	 1.18817e-06
     5.163 	  1.6502e-06 	 1.20093e-06
     5.164 	  1.6686e-06 	 1.21355e-06
     5.165 	 1.66403e-06 	 1.20959e-06
     5.166 	 1.65947e-06 	 1.2055e-06
     5.167 	  1.6549e-06 	 1.20156e-06
     5.168 	 1.64605e-06 	 1.19451e-06
     5.169 	  1.6372e-06 	 1.18731e-06
     5.170 	 1.62263e-06 	 1.17613e-06
     5.171 	 1.60807e-06 	 1.16482e-06
     5.172 	  1.5935e-06 	 1.15366e-06
     5.173 	 1.58343e-06 	 1.14562e-06
     5.174 	 1.57337e-06 	 1.13775e-06
     5.175 	  1.5633e-06 	 1.12964e-06
     5.176 	  1.5748e-06 	 1.1372e-06
     5.177 	  1.5863e-06 	 1.1449e-06
     5.178 	 1.59457e-06 	 1.15011e-06
     5.179 	 1.60283e-06 	 1.15545e-06
     5.180 	  1.6111e-06 	 1.16065e-06
     5.181 	  1.6212e-06 	 1.1673e-06
     5.182 	  1.6313e-06 	 1.1738e-06
     5.183 	  1.6414e-06 	 1.18044e-06
     5.184 	  1.6482e-06 	 1.18454e-06
     5.185 	   1.655e-06 	 1.18879e-06
     5.186 	  1.6459e-06 	 1.18147e-06
     5.187 	  1.6368e-06 	 1.1743e-06
     5.188 	  1.6277e-06 	 1.167e-06
     5.189 	  1.6269e-06 	 1.16579e-06
     5.190 	  1.6261e-06 	 1.16444e-06
     5.191 	  1.6253e-06 	 1.16324e-06
     5.192 	 1.64885e-06 	 1.1793e-06
     5.193 	  1.6724e-06 	 1.19549e-06
     5.194 	  1.6907e-06 	 1.20776e-06
     5.195 	   1.709e-06 	 1.22017e-06
     5.196 	  1.7273e-06 	 1.23215e-06
     5.197 	 1.74993e-06 	 1.24761e-06
     5.198 	 1.77257e-06 	 1.26289e-06
     5.199 	  1.7952e-06 	 1.27831e-06
     5.200 	 1.81225e-06 	 1.28958e-06
     5.201 	  1.8293e-06 	 1.30099e-06
     5.202 	 1.82383e-06 	 1.29638e-06
     5.203 	 1.81837e-06 	 1.29162e-06
     5.204 	  1.8129e-06 	 1.28702e-06
     5.205 	 1.80533e-06 	 1.28077e-06
     5.206 	 1.79777e-06 	 1.27469e-06
     5.207 	  1.7902e-06 	 1.26861e-06
     5.208 	 1.77515e-06 	 1.25724e-06
     5.209 	  1.7601e-06 	 1.24573e-06
     5.210 	  1.7473e-06 	 1.23597e-06
     5.211 	  1.7345e-06 	 1.22622e-06
     5.212 	  1.7217e-06 	 1.21649e-06
     5.213 	 1.70604e-06 	 1.20474e-06
     5.214 	 1.69036e-06 	 1.19299e-06
     5.215 	  1.6747e-06 	 1.18088e-06
     5.216 	 1.65685e-06 	 1.16763e-06
     5.217 	   1.639e-06 	 1.15439e-06
     5.218 	 1.63063e-06 	 1.14784e-06
     5.219 	 1.62227e-06 	 1.1413e-06
     5.220 	  1.6139e-06 	 1.13465e-06
     5.221 	 1.60185e-06 	 1.12567e-06
     5.222 	  1.5898e-06 	 1.11656e-06
     5.223 	  1.5821e-06 	 1.11051e-06
     5.224 	  1.5744e-06 	 1.10447e-06
     5.225 	  1.5667e-06 	 1.09844e-06
     5.226 	 1.56113e-06 	 1.0939e-06
     5.227 	 1.55557e-06 	 1.08937e-06
     5.228 	    1.55e-06 	 1.08484e-06
     5.229 	 1.54445e-06 	 1.08032e-06
     5.230 	  1.5389e-06 	 1.07581e-06
     5.231 	 1.53773e-06 	 1.07415e-06
     5.232 	 1.53657e-06 	 1.07271e-06
     5.233 	  1.5354e-06 	 1.0714e-06
     5.234 	  1.5363e-06 	 1.0714e-06
     5.235 	  1.5372e-06 	 1.0714e-06
     5.236 	  1.5381e-06 	 1.07139e-06
     5.237 	  1.5422e-06 	 1.07362e-06
     5.238 	  1.5463e-06 	 1.07583e-06
     5.239 	  1.5505e-06 	 1.07812e-06
     5.240 	  1.5547e-06 	 1.0804e-06
     5.241 	  1.5589e-06 	 1.08267e-06
     5.242 	 1.56233e-06 	 1.08441e-06
     5.243 	 1.56577e-06 	 1.08615e-06
     5.244 	  1.5692e-06 	 1.08788e-06
     5.245 	  1.5734e-06 	 1.09013e-06
     5.246 	  1.5776e-06 	 1.09239e-06
     5.247 	  1.5751e-06 	 1.08978e-06
     5.248 	  1.5726e-06 	 1.0874e-06
     5.249 	  1.5701e-06 	 1.08501e-06
     5.250 	  1.5636e-06 	 1.07987e-06
     5.251 	  1.5571e-06 	 1.07473e-06
     5.252 	  1.5506e-06 	 1.06946e-06
     5.253 	 1.56135e-06 	 1.07622e-06
     5.254 	  1.5721e-06 	 1.08297e-06
     5.255 	  1.5905e-06 	 1.09498e-06
     5.256 	  1.6089e-06 	 1.10683e-06
     5.257 	  1.6273e-06 	 1.1188e-06
     5.258 	 1.64766e-06 	 1.13211e-06
     5.259 	 1.66803e-06 	 1.14525e-06
     5.260 	  1.6884e-06 	 1.15853e-06
     5.261 	  1.7217e-06 	 1.1807e-06
     5.262 	   1.755e-06 	 1.20325e-06
     5.263 	 1.77053e-06 	 1.21345e-06
     5.264 	 1.78607e-06 	 1.22364e-06
     5.265 	  1.8016e-06 	 1.23399e-06
     5.266 	  1.8111e-06 	 1.24004e-06
     5.267 	  1.8206e-06 	 1.24608e-06
     5.268 	  1.8301e-06 	 1.25199e-06
     5.269 	 1.82825e-06 	 1.25042e-06
     5.270 	  1.8264e-06 	 1.24869e-06
     5.271 	  1.8156e-06 	 1.24085e-06
     5.272 	  1.8048e-06 	 1.23301e-06
     5.273 	   1.794e-06 	 1.22518e-06
     5.274 	 1.78706e-06 	 1.21974e-06
     5.275 	 1.78013e-06 	 1.21456e-06
     5.276 	  1.7732e-06 	 1.20923e-06
     5.277 	 1.76825e-06 	 1.20541e-06
     5.278 	  1.7633e-06 	 1.20159e-06
     5.279 	 1.76423e-06 	 1.20162e-06
     5.280 	 1.76517e-06 	 1.20166e-06
     5.281 	  1.7661e-06 	 1.20185e-06
     5.282 	 1.77157e-06 	 1.20497e-06
     5.283 	 1.77703e-06 	 1.20808e-06
     5.284 	  1.7825e-06 	 1.21119e-06
     5.285 	   1.771e-06 	 1.20277e-06
     5.286 	  1.7595e-06 	 1.19436e-06
     5.287 	 1.73653e-06 	 1.17794e-06
     5.288 	 1.71356e-06 	 1.16178e-06
     5.289 	  1.6906e-06 	 1.14563e-06
     5.290 	 1.67295e-06 	 1.13325e-06
     5.291 	  1.6553e-06 	 1.12073e-06
     5.292 	 1.65793e-06 	 1.12209e-06
     5.293 	 1.66057e-06 	 1.12332e-06
     5.294 	  1.6632e-06 	 1.12467e-06
     5.295 	 1.66887e-06 	 1.12794e-06
     5.296 	 1.67453e-06 	 1.13105e-06
     5.297 	  1.6802e-06 	 1.13416e-06
     5.298 	 1.69605e-06 	 1.14414e-06
     5.299 	  1.7119e-06 	 1.1538e-06
     5.300 	 1.72067e-06 	 1.15844e-06
     5.301 	 1.72943e-06 	 1.16299e-06
     5.302 	  1.7382e-06 	 1.16754e-06
     5.303 	 1.74327e-06 	 1.16929e-06
     5.304 	 1.74833e-06 	 1.17087e-06
     5.305 	  1.7534e-06 	 1.17214e-06
     5.306 	  1.7608e-06 	 1.17495e-06
     5.307 	  1.7682e-06 	 1.17728e-06
     5.308 	 1.77273e-06 	 1.17757e-06
     5.309 	 1.77727e-06 	 1.1775e-06
     5.310 	  1.7818e-06 	 1.1771e-06
     5.311 	  1.7855e-06 	 1.17597e-06
     5.312 	  1.7892e-06 	 1.17429e-06
     5.313 	  1.7929e-06 	 1.17251e-06
     5.314 	  1.7947e-06 	 1.16917e-06
     5.315 	  1.7965e-06 	 1.16566e-06
     5.316 	 1.80077e-06 	 1.16342e-06
     5.317 	 1.80503e-06 	 1.161e-06
     5.318 	  1.8093e-06 	 1.15824e-06
     5.319 	 1.82616e-06 	 1.16331e-06
     5.320 	 1.84304e-06 	 1.16814e-06
     5.321 	  1.8599e-06 	 1.17252e-06
     5.322 	   1.882e-06 	 1.1799e-06
     5.323 	  1.9041e-06 	 1.18673e-06
     5.324 	   1.903e-06 	 1.17909e-06
     5.325 	  1.9019e-06 	 1.17113e-06
     5.326 	  1.9008e-06 	 1.16318e-06
     5.327 	 1.89957e-06 	 1.15483e-06
     5.328 	 1.89833e-06 	 1.14648e-06
     5.329 	  1.8971e-06 	 1.13798e-06
     5.330 	 1.89275e-06 	 1.1273e-06
     5.331 	  1.8884e-06 	 1.1165e-06
     5.332 	  1.8856e-06 	 1.10664e-06
     5.333 	  1.8828e-06 	 1.09664e-06
     5.334 	    1.88e-06 	 1.08612e-06
     5.335 	 1.88487e-06 	 1.08024e-06
     5.336 	 1.88973e-06 	 1.07415e-06
     5.337 	  1.8946e-06 	 1.06801e-06
     5.338 	  1.9019e-06 	 1.06286e-06
     5.339 	  1.9092e-06 	 1.05781e-06
     5.340 	 1.90843e-06 	 1.04792e-06
     5.341 	 1.90767e-06 	 1.03804e-06
     5.342 	  1.9069e-06 	 1.02799e-06
     5.343 	  1.9058e-06 	 1.01761e-06
     5.344 	  1.9047e-06 	 1.00714e-06
     5.345 	  1.9036e-06 	 9.96584e-07
     5.346 	  1.8911e-06 	 9.8017e-07
     5.347 	  1.8786e-06 	 9.63884e-07
     5.348 	 1.86933e-06 	 9.49205e-07
     5.349 	 1.86007e-06 	 9.34629e-07
     5.350 	  1.8508e-06 	 9.20145e-07
     5.351 	 1.83725e-06 	 9.03654e-07
     5.352 	  1.8237e-06 	 8.87152e-07
     5.353 	 1.81487e-06 	 8.73062e-07
     5.354 	 1.80603e-06 	 8.59064e-07
     5.355 	  1.7972e-06 	 8.45008e-07
     5.356 	  1.7924e-06 	 8.32908e-07
     5.357 	  1.7876e-06 	 8.20875e-07
     5.358 	  1.7828e-06 	 8.09051e-07
     5.359 	 1.77805e-06 	 7.9715e-07
     5.360 	  1.7733e-06 	 7.85451e-07
     5.361 	 1.76717e-06 	 7.73045e-07
     5.362 	 1.76103e-06 	 7.60858e-07
     5.363 	  1.7549e-06 	 7.48736e-07
     5.364 	   1.747e-06 	 7.35939e-07
     5.365 	  1.7391e-06 	 7.23225e-07
     5.366 	  1.7312e-06 	 7.10456e-07
     5.367 	 1.72595e-06 	 6.99137e-07
     5.368 	  1.7207e-06 	 6.87875e-07
     5.369 	 1.72103e-06 	 6.78872e-07
     5.370 	 1.72137e-06 	 6.70014e-07
     5.371 	  1.7217e-06 	 6.61153e-07
     5.372 	 1.72407e-06 	 6.53214e-07
     5.373 	 1.72643e-06 	 6.45241e-07
     5.374 	  1.7288e-06 	 6.37249e-07
     5.375 	 1.73645e-06 	 6.31303e-07
     5.376 	  1.7441e-06 	 6.2543e-07
     5.377 	 1.75217e-06 	 6.19441e-07
     5.378 	 1.76023e-06 	 6.13714e-07
     5.379 	  1.7683e-06 	 6.07915e-07
     5.380 	  1.7825e-06 	 6.04421e-07
     5.381 	  1.7967e-06 	 6.00636e-07
     5.382 	  1.8109e-06 	 5.97029e-07
     5.383 	 1.83305e-06 	 5.95877e-07
     5.384 	  1.8552e-06 	 5.94844e-07
     5.385 	 1.87114e-06 	 5.91654e-07
     5.386 	 1.88707e-06 	 5.8848e-07
     5.387 	   1.903e-06 	 5.85212e-07
     5.388 	 1.91787e-06 	 5.81778e-07
     5.389 	 1.93273e-06 	 5.7855e-07
     5.390 	  1.9476e-06 	 5.75374e-07
     5.391 	  1.9535e-06 	 5.69638e-07
     5.392 	  1.9594e-06 	 5.64033e-07
     5.393 	 1.96327e-06 	 5.57972e-07
     5.394 	 1.96713e-06 	 5.52221e-07
     5.395 	   1.971e-06 	 5.46449e-07
     5.396 	  1.9558e-06 	 5.35768e-07
     5.397 	  1.9406e-06 	 5.25081e-07
     5.398 	  1.9254e-06 	 5.1477e-07
     5.399 	 1.90309e-06 	 5.0285e-07
     5.400 	  1.8808e-06 	 4.91233e-07
     5.401 	 1.86917e-06 	 4.82504e-07
     5.402 	 1.85753e-06 	 4.74166e-07
     5.403 	  1.8459e-06 	 4.65738e-07
     5.404 	 1.83484e-06 	 4.57677e-07
     5.405 	 1.82376e-06 	 4.4984e-07
     5.406 	  1.8127e-06 	 4.41906e-07
     5.407 	  1.8073e-06 	 4.3547e-07
     5.408 	  1.8019e-06 	 4.29108e-07
     5.409 	 1.80057e-06 	 4.2378e-07
     5.410 	 1.79923e-06 	 4.18301e-07
     5.411 	  1.7979e-06 	 4.12986e-07
     5.412 	  1.7913e-06 	 4.06331e-07
     5.413 	  1.7847e-06 	 3.99865e-07
     5.414 	  1.7781e-06 	 3.93282e-07
     5.415 	 1.76395e-06 	 3.85088e-07
     5.416 	  1.7498e-06 	 3.76976e-07
     5.417 	  1.7535e-06 	 3.72663e-07
     5.418 	  1.7572e-06 	 3.68407e-07
     5.419 	  1.7609e-06 	 3.64128e-07
     5.420 	  1.7859e-06 	 3.64327e-07
     5.421 	  1.8109e-06 	 3.6423e-07
     5.422 	 1.82097e-06 	 3.61027e-07
     5.423 	 1.83103e-06 	 3.57926e-07
     5.424 	  1.8411e-06 	 3.54768e-07
     5.425 	  1.8395e-06 	 3.49344e-07
     5.426 	  1.8379e-06 	 3.43851e-07
     5.427 	  1.8363e-06 	 3.38442e-07
     5.428 	  1.8275e-06 	 3.31734e-07
     5.429 	  1.8187e-06 	 3.25076e-07
     5.430 	 1.79917e-06 	 3.16731e-07
     5.431 	 1.77963e-06 	 3.08342e-07
     5.432 	  1.7601e-06 	 3.00211e-07
     5.433 	 1.74467e-06 	 2.92875e-07
     5.434 	 1.72923e-06 	 2.8562e-07
     5.435 	  1.7138e-06 	 2.78451e-07
     5.436 	  1.7451e-06 	 2.78774e-07
     5.437 	  1.7764e-06 	 2.79138e-07
     5.438 	 1.79801e-06 	 2.77818e-07
     5.439 	  1.8196e-06 	 2.76246e-07
     5.440 	  1.8412e-06 	 2.74722e-07
     5.441 	  1.8688e-06 	 2.74128e-07
     5.442 	  1.8964e-06 	 2.73229e-07
     5.443 	   1.924e-06 	 2.72354e-07
     5.444 	 1.96774e-06 	 2.73582e-07
     5.445 	  2.0115e-06 	 2.74541e-07
     5.446 	   2.023e-06 	 2.71006e-07
     5.447 	  2.0345e-06 	 2.67417e-07
     5.448 	   2.046e-06 	 2.63947e-07
     5.449 	  2.0525e-06 	 2.59789e-07
     5.450 	   2.059e-06 	 2.55597e-07
     5.451 	  2.0655e-06 	 2.51558e-07
     5.452 	   2.056e-06 	 2.45572e-07
     5.453 	  2.0465e-06 	 2.39632e-07
     5.454 	 2.03277e-06 	 2.33252e-07
     5.455 	 2.01903e-06 	 2.27064e-07
     5.456 	  2.0053e-06 	 2.20986e-07
     5.457 	  1.9939e-06 	 2.15221e-07
     5.458 	  1.9825e-06 	 2.0951e-07
     5.459 	  1.9711e-06 	 2.0402e-07
     5.460 	 1.95785e-06 	 1.98393e-07
     5.461 	  1.9446e-06 	 1.92992e-07
     5.462 	  1.9404e-06 	 1.88526e-07
     5.463 	  1.9362e-06 	 1.84077e-07
     5.464 	   1.932e-06 	 1.79611e-07
     5.465 	 1.93857e-06 	 1.76343e-07
     5.466 	 1.94513e-06 	 1.7305e-07
     5.467 	  1.9517e-06 	 1.69902e-07
     5.468 	 1.96345e-06 	 1.67152e-07
     5.469 	  1.9752e-06 	 1.64376e-07
     5.470 	 1.99143e-06 	 1.61918e-07
     5.471 	 2.00767e-06 	 1.59573e-07
     5.472 	  2.0239e-06 	 1.57344e-07
     5.473 	 2.04053e-06 	 1.55088e-07
     5.474 	 2.05717e-06 	 1.52744e-07
     5.475 	  2.0738e-06 	 1.50376e-07
     5.476 	 2.07225e-06 	 1.46841e-07
     5.477 	  2.0707e-06 	 1.43491e-07
     5.478 	 2.06873e-06 	 1.40119e-07
     5.479 	 2.06677e-06 	 1.36752e-07
     5.480 	  2.0648e-06 	 1.3357e-07
     5.481 	  2.0535e-06 	 1.29806e-07
     5.482 	  2.0422e-06 	 1.26073e-07
     5.483 	  2.0309e-06 	 1.22702e-07
     5.484 	 2.01014e-06 	 1.18653e-07
     5.485 	  1.9894e-06 	 1.14835e-07
     5.486 	 1.98487e-06 	 1.12158e-07
     5.487 	 1.98033e-06 	 1.09493e-07
     5.488 	  1.9758e-06 	 1.06838e-07
     5.489 	 1.97875e-06 	 1.04762e-07
     5.490 	  1.9817e-06 	 1.02679e-07
     5.491 	 1.98197e-06 	 1.00627e-07
     5.492 	 1.98223e-06 	 9.87238e-08
     5.493 	  1.9825e-06 	 9.68432e-08
     5.494 	 1.98007e-06 	 9.50048e-08
     5.495 	 1.97763e-06 	 9.31682e-08
     5.496 	  1.9752e-06 	 9.15099e-08
     5.497 	 1.97315e-06 	 8.98634e-08
     5.498 	  1.9711e-06 	 8.82277e-08
     5.499 	           0 	        0
     5.500 	           0 	        0
