Wavelength 	 FilterTrans 	      PCE
     0.500 	           0 	        0
     0.501 	           0 	        0
     0.502 	           0 	        0
     0.503 	           0 	        0
     0.504 	           0 	        0
     0.505 	           0 	        0
     0.506 	           0 	        0
     0.507 	           0 	        0
     0.508 	           0 	        0
     0.509 	           0 	        0
     0.510 	           0 	        0
     0.511 	           0 	        0
     0.512 	           0 	        0
     0.513 	           0 	        0
     0.514 	           0 	        0
     0.515 	           0 	        0
     0.516 	           0 	        0
     0.517 	           0 	        0
     0.518 	           0 	        0
     0.519 	           0 	        0
     0.520 	           0 	        0
     0.521 	           0 	        0
     0.522 	           0 	        0
     0.523 	           0 	        0
     0.524 	           0 	        0
     0.525 	           0 	        0
     0.526 	           0 	        0
     0.527 	           0 	        0
     0.528 	           0 	        0
     0.529 	           0 	        0
     0.530 	           0 	        0
     0.531 	           0 	        0
     0.532 	           0 	        0
     0.533 	           0 	        0
     0.534 	           0 	        0
     0.535 	           0 	        0
     0.536 	           0 	        0
     0.537 	           0 	        0
     0.538 	           0 	        0
     0.539 	           0 	        0
     0.540 	           0 	        0
     0.541 	           0 	        0
     0.542 	           0 	        0
     0.543 	           0 	        0
     0.544 	           0 	        0
     0.545 	           0 	        0
     0.546 	           0 	        0
     0.547 	           0 	        0
     0.548 	           0 	        0
     0.549 	           0 	        0
     0.550 	           0 	        0
     0.551 	           0 	        0
     0.552 	           0 	        0
     0.553 	           0 	        0
     0.554 	           0 	        0
     0.555 	           0 	        0
     0.556 	           0 	        0
     0.557 	           0 	        0
     0.558 	           0 	        0
     0.559 	           0 	        0
     0.560 	           0 	        0
     0.561 	           0 	        0
     0.562 	           0 	        0
     0.563 	           0 	        0
     0.564 	           0 	        0
     0.565 	           0 	        0
     0.566 	           0 	        0
     0.567 	           0 	        0
     0.568 	           0 	        0
     0.569 	           0 	        0
     0.570 	           0 	        0
     0.571 	           0 	        0
     0.572 	           0 	        0
     0.573 	           0 	        0
     0.574 	           0 	        0
     0.575 	           0 	        0
     0.576 	           0 	        0
     0.577 	           0 	        0
     0.578 	           0 	        0
     0.579 	           0 	        0
     0.580 	           0 	        0
     0.581 	           0 	        0
     0.582 	           0 	        0
     0.583 	           0 	        0
     0.584 	           0 	        0
     0.585 	           0 	        0
     0.586 	           0 	        0
     0.587 	           0 	        0
     0.588 	           0 	        0
     0.589 	           0 	        0
     0.590 	           0 	        0
     0.591 	           0 	        0
     0.592 	           0 	        0
     0.593 	           0 	        0
     0.594 	           0 	        0
     0.595 	           0 	        0
     0.596 	           0 	        0
     0.597 	           0 	        0
     0.598 	           0 	        0
     0.599 	           0 	        0
     0.600 	           0 	        0
     0.601 	           0 	        0
     0.602 	           0 	        0
     0.603 	           0 	        0
     0.604 	           0 	        0
     0.605 	           0 	        0
     0.606 	           0 	        0
     0.607 	           0 	        0
     0.608 	           0 	        0
     0.609 	           0 	        0
     0.610 	           0 	        0
     0.611 	           0 	        0
     0.612 	           0 	        0
     0.613 	           0 	        0
     0.614 	           0 	        0
     0.615 	           0 	        0
     0.616 	           0 	        0
     0.617 	           0 	        0
     0.618 	           0 	        0
     0.619 	           0 	        0
     0.620 	           0 	        0
     0.621 	           0 	        0
     0.622 	           0 	        0
     0.623 	           0 	        0
     0.624 	           0 	        0
     0.625 	           0 	        0
     0.626 	           0 	        0
     0.627 	           0 	        0
     0.628 	           0 	        0
     0.629 	           0 	        0
     0.630 	           0 	        0
     0.631 	           0 	        0
     0.632 	           0 	        0
     0.633 	           0 	        0
     0.634 	           0 	        0
     0.635 	           0 	        0
     0.636 	           0 	        0
     0.637 	           0 	        0
     0.638 	           0 	        0
     0.639 	           0 	        0
     0.640 	           0 	        0
     0.641 	           0 	        0
     0.642 	           0 	        0
     0.643 	           0 	        0
     0.644 	           0 	        0
     0.645 	           0 	        0
     0.646 	           0 	        0
     0.647 	           0 	        0
     0.648 	           0 	        0
     0.649 	           0 	        0
     0.650 	           0 	        0
     0.651 	           0 	        0
     0.652 	           0 	        0
     0.653 	           0 	        0
     0.654 	           0 	        0
     0.655 	           0 	        0
     0.656 	           0 	        0
     0.657 	           0 	        0
     0.658 	           0 	        0
     0.659 	           0 	        0
     0.660 	           0 	        0
     0.661 	           0 	        0
     0.662 	           0 	        0
     0.663 	           0 	        0
     0.664 	           0 	        0
     0.665 	           0 	        0
     0.666 	           0 	        0
     0.667 	           0 	        0
     0.668 	           0 	        0
     0.669 	           0 	        0
     0.670 	           0 	        0
     0.671 	           0 	        0
     0.672 	           0 	        0
     0.673 	           0 	        0
     0.674 	           0 	        0
     0.675 	           0 	        0
     0.676 	           0 	        0
     0.677 	           0 	        0
     0.678 	           0 	        0
     0.679 	           0 	        0
     0.680 	           0 	        0
     0.681 	           0 	        0
     0.682 	           0 	        0
     0.683 	           0 	        0
     0.684 	           0 	        0
     0.685 	           0 	        0
     0.686 	           0 	        0
     0.687 	           0 	        0
     0.688 	           0 	        0
     0.689 	           0 	        0
     0.690 	           0 	        0
     0.691 	           0 	        0
     0.692 	           0 	        0
     0.693 	           0 	        0
     0.694 	           0 	        0
     0.695 	           0 	        0
     0.696 	           0 	        0
     0.697 	           0 	        0
     0.698 	           0 	        0
     0.699 	           0 	        0
     0.700 	           0 	        0
     0.701 	           0 	        0
     0.702 	           0 	        0
     0.703 	           0 	        0
     0.704 	           0 	        0
     0.705 	           0 	        0
     0.706 	           0 	        0
     0.707 	           0 	        0
     0.708 	           0 	        0
     0.709 	           0 	        0
     0.710 	           0 	        0
     0.711 	           0 	        0
     0.712 	           0 	        0
     0.713 	           0 	        0
     0.714 	           0 	        0
     0.715 	           0 	        0
     0.716 	           0 	        0
     0.717 	           0 	        0
     0.718 	           0 	        0
     0.719 	           0 	        0
     0.720 	           0 	        0
     0.721 	           0 	        0
     0.722 	           0 	        0
     0.723 	           0 	        0
     0.724 	           0 	        0
     0.725 	           0 	        0
     0.726 	           0 	        0
     0.727 	           0 	        0
     0.728 	           0 	        0
     0.729 	           0 	        0
     0.730 	           0 	        0
     0.731 	           0 	        0
     0.732 	           0 	        0
     0.733 	           0 	        0
     0.734 	           0 	        0
     0.735 	           0 	        0
     0.736 	           0 	        0
     0.737 	           0 	        0
     0.738 	           0 	        0
     0.739 	           0 	        0
     0.740 	           0 	        0
     0.741 	           0 	        0
     0.742 	           0 	        0
     0.743 	           0 	        0
     0.744 	           0 	        0
     0.745 	           0 	        0
     0.746 	           0 	        0
     0.747 	           0 	        0
     0.748 	           0 	        0
     0.749 	           0 	        0
     0.750 	           0 	        0
     0.751 	           0 	        0
     0.752 	           0 	        0
     0.753 	           0 	        0
     0.754 	           0 	        0
     0.755 	           0 	        0
     0.756 	           0 	        0
     0.757 	           0 	        0
     0.758 	           0 	        0
     0.759 	           0 	        0
     0.760 	           0 	        0
     0.761 	           0 	        0
     0.762 	           0 	        0
     0.763 	           0 	        0
     0.764 	           0 	        0
     0.765 	           0 	        0
     0.766 	           0 	        0
     0.767 	           0 	        0
     0.768 	           0 	        0
     0.769 	           0 	        0
     0.770 	           0 	        0
     0.771 	           0 	        0
     0.772 	           0 	        0
     0.773 	           0 	        0
     0.774 	           0 	        0
     0.775 	           0 	        0
     0.776 	           0 	        0
     0.777 	           0 	        0
     0.778 	           0 	        0
     0.779 	           0 	        0
     0.780 	           0 	        0
     0.781 	           0 	        0
     0.782 	           0 	        0
     0.783 	           0 	        0
     0.784 	           0 	        0
     0.785 	           0 	        0
     0.786 	           0 	        0
     0.787 	           0 	        0
     0.788 	           0 	        0
     0.789 	           0 	        0
     0.790 	           0 	        0
     0.791 	           0 	        0
     0.792 	           0 	        0
     0.793 	           0 	        0
     0.794 	           0 	        0
     0.795 	           0 	        0
     0.796 	           0 	        0
     0.797 	           0 	        0
     0.798 	           0 	        0
     0.799 	           0 	        0
     0.800 	           0 	        0
     0.801 	           0 	        0
     0.802 	           0 	        0
     0.803 	           0 	        0
     0.804 	           0 	        0
     0.805 	           0 	        0
     0.806 	           0 	        0
     0.807 	           0 	        0
     0.808 	           0 	        0
     0.809 	           0 	        0
     0.810 	           0 	        0
     0.811 	           0 	        0
     0.812 	           0 	        0
     0.813 	           0 	        0
     0.814 	           0 	        0
     0.815 	           0 	        0
     0.816 	           0 	        0
     0.817 	           0 	        0
     0.818 	           0 	        0
     0.819 	           0 	        0
     0.820 	           0 	        0
     0.821 	           0 	        0
     0.822 	           0 	        0
     0.823 	           0 	        0
     0.824 	           0 	        0
     0.825 	           0 	        0
     0.826 	           0 	        0
     0.827 	           0 	        0
     0.828 	           0 	        0
     0.829 	           0 	        0
     0.830 	           0 	        0
     0.831 	           0 	        0
     0.832 	           0 	        0
     0.833 	 0.000134437 	 9.42945e-05
     0.834 	 0.000130876 	 9.17214e-05
     0.835 	 0.000125124 	 8.75825e-05
     0.836 	 0.000116087 	 8.11915e-05
     0.837 	 0.000110465 	 7.71871e-05
     0.838 	 0.000105387 	 7.35625e-05
     0.839 	 9.87499e-05 	 6.88735e-05
     0.840 	 8.92715e-05 	 6.22118e-05
     0.841 	  7.7701e-05 	 5.4085e-05
     0.842 	 7.10659e-05 	 4.94295e-05
     0.843 	 6.58954e-05 	 4.57932e-05
     0.844 	   6.304e-05 	 4.37758e-05
     0.845 	 6.14898e-05 	 4.26575e-05
     0.846 	 6.02952e-05 	 4.17969e-05
     0.847 	 5.86508e-05 	 4.06221e-05
     0.848 	 5.78075e-05 	 4.00126e-05
     0.849 	 5.76591e-05 	 3.98755e-05
     0.850 	 6.08664e-05 	 4.20572e-05
     0.851 	 6.47051e-05 	 4.46896e-05
     0.852 	 6.93302e-05 	 4.78481e-05
     0.853 	 6.62441e-05 	 4.56841e-05
     0.854 	 6.16069e-05 	 4.24636e-05
     0.855 	 7.07129e-05 	 4.87097e-05
     0.856 	 7.47186e-05 	 5.14369e-05
     0.857 	 7.35232e-05 	 5.05822e-05
     0.858 	 7.84895e-05 	 5.3976e-05
     0.859 	 8.17044e-05 	 5.61581e-05
     0.860 	 7.83584e-05 	 5.38313e-05
     0.861 	 7.60008e-05 	 5.2187e-05
     0.862 	  7.3735e-05 	 5.06042e-05
     0.863 	 6.55938e-05 	 4.49955e-05
     0.864 	 5.87758e-05 	 4.02993e-05
     0.865 	  5.3546e-05 	 3.67051e-05
     0.866 	 5.54996e-05 	 3.80335e-05
     0.867 	 5.56142e-05 	 3.81012e-05
     0.868 	 4.56963e-05 	 3.12999e-05
     0.869 	 4.06313e-05 	 2.78198e-05
     0.870 	 3.82895e-05 	 2.62108e-05
     0.871 	 3.05417e-05 	 2.08998e-05
     0.872 	  2.6189e-05 	 1.79162e-05
     0.873 	 2.66381e-05 	 1.8217e-05
     0.874 	 2.94735e-05 	 2.01504e-05
     0.875 	 3.32432e-05 	 2.27172e-05
     0.876 	 3.84718e-05 	 2.62852e-05
     0.877 	  4.1308e-05 	 2.82155e-05
     0.878 	 4.24813e-05 	 2.90113e-05
     0.879 	 3.81494e-05 	 2.60402e-05
     0.880 	 3.53277e-05 	 2.41069e-05
     0.881 	 3.52078e-05 	 2.40237e-05
     0.882 	 3.51783e-05 	 2.40004e-05
     0.883 	 3.63693e-05 	 2.48072e-05
     0.884 	 4.39392e-05 	 2.99537e-05
     0.885 	 4.63349e-05 	 3.15771e-05
     0.886 	 4.44877e-05 	 3.03111e-05
     0.887 	 4.59319e-05 	 3.12876e-05
     0.888 	 4.52693e-05 	 3.08165e-05
     0.889 	 3.99814e-05 	 2.72103e-05
     0.890 	 4.28987e-05 	 2.91888e-05
     0.891 	 4.82186e-05 	 3.27892e-05
     0.892 	  4.8205e-05 	 3.27619e-05
     0.893 	 4.73259e-05 	 3.21525e-05
     0.894 	 4.56117e-05 	 3.09696e-05
     0.895 	 5.10727e-05 	 3.4661e-05
     0.896 	 5.43191e-05 	 3.68505e-05
     0.897 	 5.03101e-05 	 3.41105e-05
     0.898 	 5.35754e-05 	 3.63069e-05
     0.899 	 5.95296e-05 	 4.0318e-05
     0.900 	 5.75154e-05 	 3.89363e-05
     0.901 	   5.644e-05 	 3.81934e-05
     0.902 	 5.64296e-05 	 3.81675e-05
     0.903 	 5.47454e-05 	 3.70139e-05
     0.904 	 5.51858e-05 	 3.72888e-05
     0.905 	 6.27271e-05 	 4.23633e-05
     0.906 	 6.35854e-05 	 4.29261e-05
     0.907 	 6.06296e-05 	 4.09145e-05
     0.908 	 5.43791e-05 	 3.6682e-05
     0.909 	 4.86568e-05 	 3.27983e-05
     0.910 	 4.36398e-05 	 2.9407e-05
     0.911 	 3.90354e-05 	 2.62952e-05
     0.912 	 3.45798e-05 	 2.32832e-05
     0.913 	 3.03413e-05 	 2.04178e-05
     0.914 	 2.95443e-05 	 1.98744e-05
     0.915 	 3.10061e-05 	 2.08483e-05
     0.916 	 2.75747e-05 	 1.85305e-05
     0.917 	 2.31363e-05 	 1.55419e-05
     0.918 	 1.71396e-05 	 1.15095e-05
     0.919 	 1.69405e-05 	 1.13693e-05
     0.920 	 1.85737e-05 	 1.24601e-05
     0.921 	 2.11355e-05 	 1.4177e-05
     0.922 	 2.26946e-05 	 1.52209e-05
     0.923 	 2.34764e-05 	 1.57418e-05
     0.924 	 2.18426e-05 	 1.46433e-05
     0.925 	 2.14369e-05 	 1.43711e-05
     0.926 	 2.35539e-05 	 1.57892e-05
     0.927 	  2.3061e-05 	 1.54574e-05
     0.928 	 2.18328e-05 	 1.46342e-05
     0.929 	 2.18425e-05 	 1.46413e-05
     0.930 	 2.10337e-05 	 1.40981e-05
     0.931 	 1.94781e-05 	 1.30586e-05
     0.932 	 2.06179e-05 	 1.38188e-05
     0.933 	 2.12416e-05 	 1.42403e-05
     0.934 	 2.01299e-05 	 1.34947e-05
     0.935 	 1.98624e-05 	 1.33147e-05
     0.936 	 1.98829e-05 	 1.3332e-05
     0.937 	 1.91361e-05 	 1.28323e-05
     0.938 	 1.87826e-05 	 1.25958e-05
     0.939 	 1.88511e-05 	 1.26455e-05
     0.940 	 2.07222e-05 	 1.39014e-05
     0.941 	 2.18141e-05 	 1.46374e-05
     0.942 	  2.0044e-05 	 1.34556e-05
     0.943 	 1.96292e-05 	 1.31813e-05
     0.944 	 1.99163e-05 	 1.33777e-05
     0.945 	 2.01644e-05 	 1.35517e-05
     0.946 	 1.96663e-05 	 1.32205e-05
     0.947 	  1.8226e-05 	 1.22565e-05
     0.948 	 1.75389e-05 	 1.17997e-05
     0.949 	 1.69599e-05 	 1.14157e-05
     0.950 	 1.62374e-05 	 1.09343e-05
     0.951 	 1.50568e-05 	 1.01424e-05
     0.952 	 1.36001e-05 	 9.1656e-06
     0.953 	 1.29367e-05 	 8.72182e-06
     0.954 	 1.29885e-05 	 8.76008e-06
     0.955 	 1.41063e-05 	 9.51991e-06
     0.956 	 1.41116e-05 	 9.52711e-06
     0.957 	  1.3311e-05 	 8.99211e-06
     0.958 	 1.02409e-05 	 6.92074e-06
     0.959 	 1.05485e-05 	 7.13244e-06
     0.960 	   1.333e-05 	 9.01772e-06
     0.961 	 1.81837e-05 	 1.23082e-05
     0.962 	 2.21183e-05 	 1.49835e-05
     0.963 	 2.43097e-05 	 1.64761e-05
     0.964 	 2.44005e-05 	 1.65491e-05
     0.965 	 2.37403e-05 	 1.61121e-05
     0.966 	 2.27165e-05 	 1.5428e-05
     0.967 	 2.11486e-05 	 1.43747e-05
     0.968 	 1.91111e-05 	 1.29988e-05
     0.969 	 2.07512e-05 	 1.41241e-05
     0.970 	 2.22217e-05 	 1.51389e-05
     0.971 	 2.27337e-05 	 1.5499e-05
     0.972 	 2.23583e-05 	 1.52529e-05
     0.973 	 2.11931e-05 	 1.44718e-05
     0.974 	  1.6324e-05 	 1.11564e-05
     0.975 	 1.27984e-05 	 8.75431e-06
     0.976 	 1.06367e-05 	 7.28168e-06
     0.977 	 1.10431e-05 	 7.56464e-06
     0.978 	 1.16304e-05 	 7.97368e-06
     0.979 	 1.18519e-05 	 8.1343e-06
     0.980 	 1.19591e-05 	 8.2148e-06
     0.981 	 1.18856e-05 	 8.17079e-06
     0.982 	 9.98171e-06 	 6.86866e-06
     0.983 	 9.02358e-06 	 6.2137e-06
     0.984 	 9.19458e-06 	 6.33646e-06
     0.985 	 8.65005e-06 	 5.96728e-06
     0.986 	 8.04376e-06 	 5.55411e-06
     0.987 	 7.64923e-06 	 5.28585e-06
     0.988 	 7.72306e-06 	 5.34114e-06
     0.989 	 8.06632e-06 	 5.58362e-06
     0.990 	 8.24843e-06 	 5.71487e-06
     0.991 	 8.08023e-06 	 5.60377e-06
     0.992 	 7.41888e-06 	 5.14911e-06
     0.993 	 7.55579e-06 	 5.24879e-06
     0.994 	 7.81343e-06 	 5.43259e-06
     0.995 	 7.78992e-06 	 5.42043e-06
     0.996 	 7.97676e-06 	 5.55579e-06
     0.997 	 8.30916e-06 	 5.79314e-06
     0.998 	 7.22157e-06 	 5.03875e-06
     0.999 	 7.13659e-06 	 4.98385e-06
     1.000 	 8.76418e-06 	 6.12635e-06
     1.001 	 9.18979e-06 	 6.42872e-06
     1.002 	 9.41884e-06 	 6.59525e-06
     1.003 	 1.05438e-05 	 7.3898e-06
     1.004 	 1.15028e-05 	 8.06801e-06
     1.005 	 1.23266e-05 	 8.65403e-06
     1.006 	 1.18695e-05 	 8.34186e-06
     1.007 	 1.15376e-05 	 8.11366e-06
     1.008 	   1.161e-05 	 8.17332e-06
     1.009 	 1.09173e-05 	 7.69106e-06
     1.010 	 1.01131e-05 	 7.13138e-06
     1.011 	 1.06299e-05 	 7.50304e-06
     1.012 	 1.00443e-05 	 7.09567e-06
     1.013 	 8.40042e-06 	 5.93945e-06
     1.014 	 7.20244e-06 	 5.09725e-06
     1.015 	 6.04707e-06 	 4.28325e-06
     1.016 	 4.87739e-06 	 3.45763e-06
     1.017 	 3.93238e-06 	 2.79072e-06
     1.018 	 3.26158e-06 	 2.31613e-06
     1.019 	 4.62293e-06 	 3.28631e-06
     1.020 	 5.65462e-06 	 4.02316e-06
     1.021 	  6.3144e-06 	 4.49684e-06
     1.022 	 6.79151e-06 	 4.84035e-06
     1.023 	 7.48668e-06 	 5.34084e-06
     1.024 	 8.90995e-06 	 6.36222e-06
     1.025 	 9.43122e-06 	 6.7396e-06
     1.026 	 9.51586e-06 	 6.80648e-06
     1.027 	 1.11111e-05 	 7.95441e-06
     1.028 	 1.25675e-05 	 9.00659e-06
     1.029 	  1.3839e-05 	 9.92417e-06
     1.030 	 1.51089e-05 	 1.08439e-05
     1.031 	 1.64343e-05 	 1.18081e-05
     1.032 	 1.79656e-05 	 1.29156e-05
     1.033 	 1.87398e-05 	 1.34825e-05
     1.034 	 1.90195e-05 	 1.36945e-05
     1.035 	 1.85316e-05 	 1.33548e-05
     1.036 	 1.83033e-05 	 1.32003e-05
     1.037 	  1.8487e-05 	 1.33432e-05
     1.038 	  2.0815e-05 	 1.50365e-05
     1.039 	 2.35253e-05 	 1.70072e-05
     1.040 	 2.51779e-05 	 1.82175e-05
     1.041 	 2.60381e-05 	 1.88526e-05
     1.042 	 2.62869e-05 	 1.90449e-05
     1.043 	  2.6809e-05 	 1.94398e-05
     1.044 	 2.67989e-05 	 1.94497e-05
     1.045 	 2.57699e-05 	 1.87147e-05
     1.046 	 2.62405e-05 	 1.90708e-05
     1.047 	 2.72395e-05 	 1.98113e-05
     1.048 	 2.82513e-05 	 2.0567e-05
     1.049 	 2.77235e-05 	 2.01938e-05
     1.050 	 2.57972e-05 	 1.88046e-05
     1.051 	 2.42977e-05 	 1.7727e-05
     1.052 	 2.31605e-05 	 1.69083e-05
     1.053 	 2.27497e-05 	 1.66247e-05
     1.054 	 2.18758e-05 	 1.59951e-05
     1.055 	 2.07464e-05 	 1.51808e-05
     1.056 	 1.90528e-05 	 1.3952e-05
     1.057 	 1.77568e-05 	 1.30113e-05
     1.058 	 1.68856e-05 	 1.2385e-05
     1.059 	 1.58458e-05 	 1.16298e-05
     1.060 	 1.50203e-05 	 1.10334e-05
     1.061 	 1.48473e-05 	 1.09135e-05
     1.062 	 1.48141e-05 	 1.08963e-05
     1.063 	 1.48523e-05 	 1.09329e-05
     1.064 	 1.48768e-05 	 1.09597e-05
     1.065 	 1.39874e-05 	 1.03124e-05
     1.066 	 1.19501e-05 	 8.81715e-06
     1.067 	 1.12776e-05 	 8.32643e-06
     1.068 	  1.1389e-05 	 8.4142e-06
     1.069 	 1.32522e-05 	 9.79828e-06
     1.070 	  1.4326e-05 	 1.06002e-05
     1.071 	 1.49144e-05 	 1.10438e-05
     1.072 	 1.55758e-05 	 1.15445e-05
     1.073 	 1.59513e-05 	 1.18315e-05
     1.074 	 1.59028e-05 	 1.18042e-05
     1.075 	 1.54884e-05 	 1.15051e-05
     1.076 	 1.47941e-05 	 1.09998e-05
     1.077 	 1.32918e-05 	 9.89079e-06
     1.078 	   1.316e-05 	 9.79987e-06
     1.079 	 1.40277e-05 	 1.04536e-05
     1.080 	 1.31996e-05 	 9.84583e-06
     1.081 	 1.24392e-05 	 9.28661e-06
     1.082 	 1.18887e-05 	 8.8813e-06
     1.083 	 1.20194e-05 	 8.9857e-06
     1.084 	 1.21798e-05 	 9.11247e-06
     1.085 	 1.12154e-05 	 8.39725e-06
     1.086 	 1.03435e-05 	 7.75088e-06
     1.087 	 9.55112e-06 	 7.16321e-06
     1.088 	 9.86266e-06 	 7.40155e-06
     1.089 	 1.02564e-05 	 7.70446e-06
     1.090 	  1.0648e-05 	 8.0046e-06
     1.091 	 9.70119e-06 	 7.29699e-06
     1.092 	  8.4096e-06 	 6.33032e-06
     1.093 	 8.74718e-06 	 6.58885e-06
     1.094 	  8.6247e-06 	 6.50101e-06
     1.095 	 8.03749e-06 	 6.0625e-06
     1.096 	 6.30244e-06 	 4.75647e-06
     1.097 	 4.90759e-06 	 3.70698e-06
     1.098 	 4.74793e-06 	 3.5888e-06
     1.099 	 5.12981e-06 	 3.87963e-06
     1.100 	 5.72397e-06 	 4.33186e-06
     1.101 	 5.59041e-06 	 4.234e-06
     1.102 	 5.34675e-06 	 4.05174e-06
     1.103 	 4.97228e-06 	 3.77091e-06
     1.104 	 4.75168e-06 	 3.60593e-06
     1.105 	 4.48775e-06 	 3.40755e-06
     1.106 	  4.0012e-06 	 3.04048e-06
     1.107 	 4.24098e-06 	 3.22475e-06
     1.108 	 4.90215e-06 	 3.73039e-06
     1.109 	 5.54515e-06 	 4.22204e-06
     1.110 	    5.72e-06 	 4.35747e-06
     1.111 	 5.23895e-06 	 3.99297e-06
     1.112 	 4.65528e-06 	 3.54987e-06
     1.113 	 4.11678e-06 	 3.14205e-06
     1.114 	 3.85551e-06 	 2.94409e-06
     1.115 	 3.86274e-06 	 2.95073e-06
     1.116 	 4.05479e-06 	 3.09921e-06
     1.117 	 4.41133e-06 	 3.37337e-06
     1.118 	 4.72866e-06 	 3.6177e-06
     1.119 	 4.97644e-06 	 3.80995e-06
     1.120 	 3.85928e-06 	 2.956e-06
     1.121 	 2.59393e-06 	 1.98782e-06
     1.122 	 2.71667e-06 	 2.08294e-06
     1.123 	 3.07574e-06 	 2.35939e-06
     1.124 	 3.62662e-06 	 2.78368e-06
     1.125 	 3.63113e-06 	 2.78879e-06
     1.126 	 3.91303e-06 	 3.00649e-06
     1.127 	 4.80824e-06 	 3.69608e-06
     1.128 	 5.22577e-06 	 4.01862e-06
     1.129 	 5.41131e-06 	 4.16329e-06
     1.130 	 5.20624e-06 	 4.00839e-06
     1.131 	 5.59556e-06 	 4.30999e-06
     1.132 	 6.55268e-06 	 5.04841e-06
     1.133 	 7.52271e-06 	 5.79824e-06
     1.134 	 8.38214e-06 	 6.46289e-06
     1.135 	 8.97453e-06 	 6.92411e-06
     1.136 	 9.38758e-06 	 7.24508e-06
     1.137 	 9.70857e-06 	 7.4954e-06
     1.138 	  9.9091e-06 	 7.65263e-06
     1.139 	 9.94725e-06 	 7.68551e-06
     1.140 	 9.80305e-06 	 7.57814e-06
     1.141 	 1.00537e-05 	 7.77376e-06
     1.142 	 1.02814e-05 	 7.95107e-06
     1.143 	 1.02582e-05 	 7.93589e-06
     1.144 	 9.48166e-06 	 7.33628e-06
     1.145 	 8.30246e-06 	 6.42542e-06
     1.146 	 7.34421e-06 	 5.6864e-06
     1.147 	 6.66264e-06 	 5.15947e-06
     1.148 	 6.34708e-06 	 4.91626e-06
     1.149 	 5.87924e-06 	 4.55494e-06
     1.150 	 5.66235e-06 	 4.38757e-06
     1.151 	 6.48635e-06 	 5.02809e-06
     1.152 	 7.85193e-06 	 6.08711e-06
     1.153 	 9.56954e-06 	 7.41942e-06
     1.154 	 1.07585e-05 	 8.34187e-06
     1.155 	 1.16919e-05 	 9.06728e-06
     1.156 	 1.22272e-05 	 9.48436e-06
     1.157 	 1.27505e-05 	 9.89101e-06
     1.158 	 1.31856e-05 	 1.02304e-05
     1.159 	 1.32171e-05 	 1.02567e-05
     1.160 	 1.29133e-05 	 1.00208e-05
     1.161 	  1.2352e-05 	 9.58827e-06
     1.162 	   1.362e-05 	 1.05736e-05
     1.163 	 1.43672e-05 	 1.11536e-05
     1.164 	 1.39945e-05 	 1.08645e-05
     1.165 	 1.28165e-05 	 9.95097e-06
     1.166 	 1.14583e-05 	 8.89926e-06
     1.167 	 1.07564e-05 	 8.35405e-06
     1.168 	  1.0428e-05 	 8.09981e-06
     1.169 	  1.0437e-05 	 8.10688e-06
     1.170 	 1.00199e-05 	 7.78449e-06
     1.171 	 9.83118e-06 	 7.63831e-06
     1.172 	 1.02389e-05 	 7.95467e-06
     1.173 	 1.02271e-05 	 7.94501e-06
     1.174 	 9.97112e-06 	 7.7474e-06
     1.175 	 9.07739e-06 	 7.05195e-06
     1.176 	  8.6095e-06 	 6.6881e-06
     1.177 	 8.59449e-06 	 6.67534e-06
     1.178 	  8.1262e-06 	 6.31128e-06
     1.179 	 7.54236e-06 	 5.85933e-06
     1.180 	 6.81768e-06 	 5.29549e-06
     1.181 	 6.79134e-06 	 5.2752e-06
     1.182 	 7.10434e-06 	 5.51903e-06
     1.183 	 7.06283e-06 	 5.48589e-06
     1.184 	 6.83909e-06 	 5.31169e-06
     1.185 	 6.38746e-06 	 4.96107e-06
     1.186 	 6.03276e-06 	 4.68618e-06
     1.187 	 5.58769e-06 	 4.34056e-06
     1.188 	 4.77271e-06 	 3.70719e-06
     1.189 	  4.0627e-06 	 3.15509e-06
     1.190 	 3.41931e-06 	 2.6558e-06
     1.191 	 2.95852e-06 	 2.29783e-06
     1.192 	 2.50791e-06 	 1.9476e-06
     1.193 	 2.07248e-06 	 1.60977e-06
     1.194 	 1.19044e-06 	 9.24534e-07
     1.195 	 4.44342e-07 	 3.45119e-07
     1.196 	 7.82926e-07 	 6.08017e-07
     1.197 	 9.26628e-07 	 7.1967e-07
     1.198 	 9.28928e-07 	 7.21363e-07
     1.199 	 9.19618e-07 	 7.1404e-07
     1.200 	 9.06254e-07 	 7.03724e-07
     1.201 	 8.86389e-07 	 6.88121e-07
     1.202 	 1.39402e-06 	 1.08193e-06
     1.203 	 2.07375e-06 	 1.60941e-06
     1.204 	  2.7615e-06 	 2.14261e-06
     1.205 	 3.24337e-06 	 2.51556e-06
     1.206 	 3.54921e-06 	 2.75266e-06
     1.207 	 4.24897e-06 	 3.29417e-06
     1.208 	 4.82057e-06 	 3.73595e-06
     1.209 	 5.06251e-06 	 3.92366e-06
     1.210 	 5.13334e-06 	 3.97744e-06
     1.211 	 5.13575e-06 	 3.97803e-06
     1.212 	 5.13692e-06 	 3.97853e-06
     1.213 	 5.24188e-06 	 4.05853e-06
     1.214 	 5.45115e-06 	 4.21921e-06
     1.215 	 5.00843e-06 	 3.87617e-06
     1.216 	 4.62382e-06 	 3.57736e-06
     1.217 	 4.59025e-06 	 3.55025e-06
     1.218 	 5.24184e-06 	 4.05336e-06
     1.219 	 6.15078e-06 	 4.7551e-06
     1.220 	 6.02798e-06 	 4.65817e-06
     1.221 	 5.66912e-06 	 4.37993e-06
     1.222 	 5.03109e-06 	 3.88617e-06
     1.223 	 5.30929e-06 	 4.1002e-06
     1.224 	 5.87591e-06 	 4.53585e-06
     1.225 	  6.8404e-06 	 5.27858e-06
     1.226 	 7.42179e-06 	 5.72602e-06
     1.227 	 7.78678e-06 	 6.00573e-06
     1.228 	 8.33059e-06 	 6.42242e-06
     1.229 	 8.37664e-06 	 6.45586e-06
     1.230 	 7.72889e-06 	 5.95461e-06
     1.231 	  6.7591e-06 	 5.20665e-06
     1.232 	 5.89208e-06 	 4.53659e-06
     1.233 	 5.73241e-06 	 4.41247e-06
     1.234 	 5.90422e-06 	 4.54396e-06
     1.235 	 6.30314e-06 	 4.84865e-06
     1.236 	 5.96936e-06 	 4.59118e-06
     1.237 	   5.548e-06 	 4.26505e-06
     1.238 	 5.00016e-06 	 3.84361e-06
     1.239 	 4.45535e-06 	 3.4232e-06
     1.240 	 3.99887e-06 	 3.07099e-06
     1.241 	 3.99782e-06 	 3.0694e-06
     1.242 	 4.44292e-06 	 3.40981e-06
     1.243 	 5.24868e-06 	 4.02721e-06
     1.244 	 5.52911e-06 	 4.2408e-06
     1.245 	 5.87728e-06 	 4.50658e-06
     1.246 	 6.41911e-06 	 4.9197e-06
     1.247 	 6.93385e-06 	 5.31173e-06
     1.248 	 7.45208e-06 	 5.70711e-06
     1.249 	 8.06848e-06 	 6.17688e-06
     1.250 	 8.72607e-06 	 6.6779e-06
     1.251 	 9.42274e-06 	 7.20766e-06
     1.252 	 9.81237e-06 	 7.50234e-06
     1.253 	  9.9057e-06 	 7.56873e-06
     1.254 	 9.37239e-06 	 7.15938e-06
     1.255 	 8.99687e-06 	 6.86796e-06
     1.256 	  8.6782e-06 	 6.62244e-06
     1.257 	 8.19114e-06 	 6.24719e-06
     1.258 	 7.62337e-06 	 5.81157e-06
     1.259 	 6.96548e-06 	 5.30706e-06
     1.260 	 6.20458e-06 	 4.72408e-06
     1.261 	 5.51305e-06 	 4.19534e-06
     1.262 	 5.07041e-06 	 3.85596e-06
     1.263 	 4.30709e-06 	 3.27373e-06
     1.264 	 3.41721e-06 	 2.59563e-06
     1.265 	 3.68333e-06 	 2.79628e-06
     1.266 	 4.33774e-06 	 3.29063e-06
     1.267 	 5.50326e-06 	 4.1725e-06
     1.268 	  6.1272e-06 	 4.64258e-06
     1.269 	 6.69977e-06 	 5.07361e-06
     1.270 	   7.508e-06 	 5.68079e-06
     1.271 	 7.98842e-06 	 6.0418e-06
     1.272 	  8.2568e-06 	 6.24096e-06
     1.273 	 8.12877e-06 	 6.14028e-06
     1.274 	 7.94331e-06 	 5.99718e-06
     1.275 	 7.66904e-06 	 5.78532e-06
     1.276 	 7.47112e-06 	 5.63305e-06
     1.277 	 7.21119e-06 	 5.43313e-06
     1.278 	 6.55907e-06 	 4.9392e-06
     1.279 	 5.63389e-06 	 4.239e-06
     1.280 	 4.50026e-06 	 3.38427e-06
     1.281 	 3.66825e-06 	 2.75639e-06
     1.282 	 3.00268e-06 	 2.25514e-06
     1.283 	 2.62116e-06 	 1.96704e-06
     1.284 	 3.58141e-06 	 2.68633e-06
     1.285 	 5.07184e-06 	 3.80239e-06
     1.286 	 6.98307e-06 	 5.23105e-06
     1.287 	 8.04349e-06 	 6.02245e-06
     1.288 	 8.33888e-06 	 6.23864e-06
     1.289 	 8.36373e-06 	 6.25345e-06
     1.290 	 8.36427e-06 	 6.2495e-06
     1.291 	 8.36427e-06 	 6.24617e-06
     1.292 	 8.22662e-06 	 6.14024e-06
     1.293 	 8.05615e-06 	 6.00849e-06
     1.294 	  8.1315e-06 	 6.06274e-06
     1.295 	 8.28933e-06 	 6.17523e-06
     1.296 	 8.53445e-06 	 6.35444e-06
     1.297 	  7.5454e-06 	 5.61452e-06
     1.298 	 6.26771e-06 	 4.66128e-06
     1.299 	 4.67265e-06 	 3.47317e-06
     1.300 	 4.09848e-06 	 3.04383e-06
     1.301 	 4.08714e-06 	 3.03348e-06
     1.302 	 4.80206e-06 	 3.56188e-06
     1.303 	 5.48391e-06 	 4.06418e-06
     1.304 	 6.12478e-06 	 4.53624e-06
     1.305 	 6.40091e-06 	 4.73731e-06
     1.306 	 6.51608e-06 	 4.81893e-06
     1.307 	 6.32827e-06 	 4.67705e-06
     1.308 	 5.82924e-06 	 4.3051e-06
     1.309 	 5.14268e-06 	 3.79481e-06
     1.310 	 4.62964e-06 	 3.41441e-06
     1.311 	  4.3553e-06 	 3.20969e-06
     1.312 	 4.43165e-06 	 3.26311e-06
     1.313 	 4.87021e-06 	 3.58405e-06
     1.314 	 5.18369e-06 	 3.81148e-06
     1.315 	  4.5631e-06 	 3.35224e-06
     1.316 	 3.93081e-06 	 2.88584e-06
     1.317 	 3.28994e-06 	 2.41351e-06
     1.318 	 3.09913e-06 	 2.27155e-06
     1.319 	 3.05401e-06 	 2.23701e-06
     1.320 	 3.24079e-06 	 2.37202e-06
     1.321 	 3.49525e-06 	 2.55646e-06
     1.322 	 3.68726e-06 	 2.69441e-06
     1.323 	 3.39575e-06 	 2.47936e-06
     1.324 	  3.0615e-06 	 2.23376e-06
     1.325 	  2.6909e-06 	 1.96133e-06
     1.326 	 2.20692e-06 	 1.60743e-06
     1.327 	 1.94337e-06 	 1.41445e-06
     1.328 	 2.15675e-06 	 1.5685e-06
     1.329 	 2.47805e-06 	 1.8003e-06
     1.330 	 2.85169e-06 	 2.07004e-06
     1.331 	  3.3043e-06 	 2.39718e-06
     1.332 	 3.58303e-06 	 2.59708e-06
     1.333 	 3.68766e-06 	 2.67051e-06
     1.334 	 4.02754e-06 	 2.91461e-06
     1.335 	 4.41731e-06 	 3.19411e-06
     1.336 	 4.86081e-06 	 3.51238e-06
     1.337 	 5.04549e-06 	 3.64217e-06
     1.338 	 5.13534e-06 	 3.70405e-06
     1.339 	 5.63236e-06 	 4.05927e-06
     1.340 	 5.90027e-06 	 4.24942e-06
     1.341 	 5.89852e-06 	 4.24453e-06
     1.342 	 5.87935e-06 	 4.22721e-06
     1.343 	 5.79448e-06 	 4.16309e-06
     1.344 	 5.51465e-06 	 3.95995e-06
     1.345 	 5.62743e-06 	 4.03706e-06
     1.346 	  5.9458e-06 	 4.26227e-06
     1.347 	  5.5443e-06 	 3.9719e-06
     1.348 	 5.18506e-06 	 3.71144e-06
     1.349 	 4.88448e-06 	 3.49331e-06
     1.350 	  5.1565e-06 	 3.6851e-06
     1.351 	 5.41349e-06 	 3.86611e-06
     1.352 	 5.08629e-06 	 3.62956e-06
     1.353 	 4.96874e-06 	 3.54212e-06
     1.354 	 4.99405e-06 	 3.55772e-06
     1.355 	 4.84785e-06 	 3.45053e-06
     1.356 	 4.68067e-06 	 3.32928e-06
     1.357 	 4.48281e-06 	 3.18567e-06
     1.358 	 3.94106e-06 	 2.79846e-06
     1.359 	 3.38767e-06 	 2.4036e-06
     1.360 	 3.30252e-06 	 2.34133e-06
     1.361 	 3.28593e-06 	 2.32724e-06
     1.362 	 3.32451e-06 	 2.35248e-06
     1.363 	 2.91149e-06 	 2.0584e-06
     1.364 	 2.49028e-06 	 1.75923e-06
     1.365 	 2.10325e-06 	 1.48418e-06
     1.366 	 1.98601e-06 	 1.40008e-06
     1.367 	 1.96629e-06 	 1.38525e-06
     1.368 	 1.93023e-06 	 1.35864e-06
     1.369 	 2.00439e-06 	 1.40928e-06
     1.370 	 2.18287e-06 	 1.5334e-06
     1.371 	 2.36676e-06 	 1.66138e-06
     1.372 	 2.45747e-06 	 1.72327e-06
     1.373 	 2.32691e-06 	 1.63037e-06
     1.374 	 2.30475e-06 	 1.61368e-06
     1.375 	 2.33131e-06 	 1.63093e-06
     1.376 	 2.35672e-06 	 1.64699e-06
     1.377 	 2.42991e-06 	 1.69673e-06
     1.378 	 2.55631e-06 	 1.78391e-06
     1.379 	 2.77007e-06 	 1.93107e-06
     1.380 	 2.96917e-06 	 2.06815e-06
     1.381 	 3.08655e-06 	 2.1486e-06
     1.382 	 3.34046e-06 	 2.32368e-06
     1.383 	 3.66185e-06 	 2.54487e-06
     1.384 	 3.83322e-06 	 2.66205e-06
     1.385 	 3.89985e-06 	 2.70666e-06
     1.386 	 3.82918e-06 	 2.65513e-06
     1.387 	 3.77105e-06 	 2.61324e-06
     1.388 	 3.71605e-06 	 2.57327e-06
     1.389 	 3.66278e-06 	 2.53428e-06
     1.390 	 3.52583e-06 	 2.43776e-06
     1.391 	 3.33486e-06 	 2.30404e-06
     1.392 	 2.79829e-06 	 1.9317e-06
     1.393 	 2.39217e-06 	 1.65014e-06
     1.394 	 2.18823e-06 	 1.50853e-06
     1.395 	 2.18655e-06 	 1.50595e-06
     1.396 	 2.27968e-06 	 1.5691e-06
     1.397 	 2.55607e-06 	 1.75783e-06
     1.398 	 3.14576e-06 	 2.16177e-06
     1.399 	 3.97358e-06 	 2.72865e-06
     1.400 	 4.72044e-06 	 3.23915e-06
     1.401 	 5.51211e-06 	 3.77929e-06
     1.402 	 6.39221e-06 	 4.37819e-06
     1.403 	 7.18114e-06 	 4.91451e-06
     1.404 	 7.89509e-06 	 5.39988e-06
     1.405 	 8.33195e-06 	 5.69277e-06
     1.406 	  8.8642e-06 	 6.05144e-06
     1.407 	 9.48174e-06 	 6.46632e-06
     1.408 	 9.93168e-06 	 6.76901e-06
     1.409 	 1.03221e-05 	 7.02853e-06
     1.410 	 1.06131e-05 	 7.2207e-06
     1.411 	 1.07019e-05 	 7.27385e-06
     1.412 	 1.06626e-05 	 7.24232e-06
     1.413 	  1.0216e-05 	 6.93425e-06
     1.414 	 9.94315e-06 	 6.7423e-06
     1.415 	 9.85314e-06 	 6.6768e-06
     1.416 	 1.03884e-05 	 7.03311e-06
     1.417 	 1.08545e-05 	 7.34364e-06
     1.418 	  1.0903e-05 	 7.36993e-06
     1.419 	 1.08542e-05 	 7.33116e-06
     1.420 	 1.07403e-05 	 7.24782e-06
     1.421 	 1.03547e-05 	 6.98238e-06
     1.422 	 9.84336e-06 	 6.63245e-06
     1.423 	 9.17626e-06 	 6.17907e-06
     1.424 	  8.7338e-06 	 5.87545e-06
     1.425 	 8.38773e-06 	 5.63908e-06
     1.426 	 8.21886e-06 	 5.5202e-06
     1.427 	    7.77e-06 	 5.21597e-06
     1.428 	  7.1466e-06 	 4.79328e-06
     1.429 	 6.19459e-06 	 4.15212e-06
     1.430 	 5.55224e-06 	 3.71796e-06
     1.431 	 5.36242e-06 	 3.58862e-06
     1.432 	 5.19266e-06 	 3.47204e-06
     1.433 	 5.00125e-06 	 3.34156e-06
     1.434 	 4.69582e-06 	 3.13514e-06
     1.435 	 4.58893e-06 	 3.06121e-06
     1.436 	 4.62461e-06 	 3.08271e-06
     1.437 	 4.66192e-06 	 3.10557e-06
     1.438 	 4.71063e-06 	 3.13606e-06
     1.439 	 4.77904e-06 	 3.17854e-06
     1.440 	 5.27525e-06 	 3.50637e-06
     1.441 	 5.82119e-06 	 3.8653e-06
     1.442 	  5.8725e-06 	 3.89663e-06
     1.443 	 5.98869e-06 	 3.97101e-06
     1.444 	 6.15984e-06 	 4.08033e-06
     1.445 	 6.30198e-06 	 4.17163e-06
     1.446 	  6.4602e-06 	 4.27291e-06
     1.447 	 6.65609e-06 	 4.39991e-06
     1.448 	 6.55428e-06 	 4.32818e-06
     1.449 	 6.33179e-06 	 4.17788e-06
     1.450 	  6.0821e-06 	 4.01037e-06
     1.451 	 5.76216e-06 	 3.79596e-06
     1.452 	 5.37222e-06 	 3.5362e-06
     1.453 	  4.7062e-06 	 3.09559e-06
     1.454 	 4.11082e-06 	 2.70151e-06
     1.455 	 3.77606e-06 	 2.48048e-06
     1.456 	  3.4299e-06 	 2.25197e-06
     1.457 	 3.06445e-06 	 2.01066e-06
     1.458 	 2.51235e-06 	 1.64677e-06
     1.459 	  2.0283e-06 	 1.3276e-06
     1.460 	 1.62405e-06 	 1.06166e-06
     1.461 	 1.76971e-06 	 1.1564e-06
     1.462 	 1.90257e-06 	 1.24291e-06
     1.463 	 1.70159e-06 	 1.11068e-06
     1.464 	 1.60979e-06 	 1.04989e-06
     1.465 	 1.57761e-06 	 1.02864e-06
     1.466 	  1.4513e-06 	 9.45924e-07
     1.467 	 1.39099e-06 	 9.05476e-07
     1.468 	  1.4218e-06 	 9.24222e-07
     1.469 	 1.79338e-06 	 1.16471e-06
     1.470 	 2.28406e-06 	 1.48229e-06
     1.471 	 2.93136e-06 	 1.90079e-06
     1.472 	 3.37104e-06 	 2.18413e-06
     1.473 	  3.6698e-06 	 2.37572e-06
     1.474 	 3.45214e-06 	 2.233e-06
     1.475 	 3.39771e-06 	 2.19603e-06
     1.476 	 3.62039e-06 	 2.33806e-06
     1.477 	 3.78971e-06 	 2.44525e-06
     1.478 	 3.94438e-06 	 2.54318e-06
     1.479 	 4.10497e-06 	 2.64612e-06
     1.480 	 4.08059e-06 	 2.62941e-06
     1.481 	 3.90812e-06 	 2.515e-06
     1.482 	 3.37818e-06 	 2.17114e-06
     1.483 	 2.85026e-06 	 1.83129e-06
     1.484 	 2.36515e-06 	 1.5192e-06
     1.485 	 2.12634e-06 	 1.3641e-06
     1.486 	  1.9788e-06 	 1.26772e-06
     1.487 	 1.83571e-06 	 1.17502e-06
     1.488 	  1.6188e-06 	 1.03545e-06
     1.489 	 1.33237e-06 	 8.51557e-07
     1.490 	 1.18582e-06 	 7.57301e-07
     1.491 	 1.06603e-06 	 6.80269e-07
     1.492 	 9.75331e-07 	 6.21904e-07
     1.493 	 9.52973e-07 	 6.07172e-07
     1.494 	 9.58792e-07 	 6.10402e-07
     1.495 	 9.37511e-07 	 5.96395e-07
     1.496 	 8.43087e-07 	 5.35909e-07
     1.497 	 6.67694e-07 	 4.24061e-07
     1.498 	 4.55068e-07 	 2.88816e-07
     1.499 	 3.38936e-07 	 2.15058e-07
     1.500 	 5.16422e-07 	 3.27591e-07
     1.501 	 8.11332e-07 	 5.14306e-07
     1.502 	 1.16667e-06 	 7.38932e-07
     1.503 	 1.46085e-06 	 9.2454e-07
     1.504 	 1.76967e-06 	 1.11914e-06
     1.505 	 2.09764e-06 	 1.32553e-06
     1.506 	 2.38036e-06 	 1.50304e-06
     1.507 	 2.63108e-06 	 1.6601e-06
     1.508 	 2.80133e-06 	 1.76618e-06
     1.509 	 2.99026e-06 	 1.88387e-06
     1.510 	 3.19106e-06 	 2.00889e-06
     1.511 	 3.31111e-06 	 2.08304e-06
     1.512 	  3.3136e-06 	 2.08289e-06
     1.513 	 3.13492e-06 	 1.96796e-06
     1.514 	 2.88107e-06 	 1.80648e-06
     1.515 	 2.63497e-06 	 1.65165e-06
     1.516 	 2.51971e-06 	 1.57917e-06
     1.517 	 2.48663e-06 	 1.55743e-06
     1.518 	 2.51568e-06 	 1.57433e-06
     1.519 	 2.56727e-06 	 1.60532e-06
     1.520 	 2.58455e-06 	 1.61507e-06
     1.521 	 2.53731e-06 	 1.58533e-06
     1.522 	  2.4095e-06 	 1.50501e-06
     1.523 	 2.27491e-06 	 1.41932e-06
     1.524 	 2.27148e-06 	 1.41532e-06
     1.525 	 2.26266e-06 	 1.40872e-06
     1.526 	 2.24905e-06 	 1.39935e-06
     1.527 	 2.17982e-06 	 1.35519e-06
     1.528 	 2.06926e-06 	 1.28564e-06
     1.529 	 1.87834e-06 	 1.16678e-06
     1.530 	 1.57574e-06 	 9.78625e-07
     1.531 	 1.24207e-06 	 7.70961e-07
     1.532 	 1.05665e-06 	 6.55317e-07
     1.533 	 9.56253e-07 	 5.92323e-07
     1.534 	 9.44932e-07 	 5.8461e-07
     1.535 	 1.08621e-06 	 6.715e-07
     1.536 	 1.21619e-06 	 7.51379e-07
     1.537 	 1.26044e-06 	 7.78123e-07
     1.538 	 1.40696e-06 	 8.68039e-07
     1.539 	 1.61842e-06 	 9.98382e-07
     1.540 	 2.05192e-06 	 1.26549e-06
     1.541 	 2.64698e-06 	 1.63065e-06
     1.542 	 3.44114e-06 	 2.11716e-06
     1.543 	 4.08401e-06 	 2.51061e-06
     1.544 	 4.56852e-06 	 2.80697e-06
     1.545 	 4.62332e-06 	 2.84013e-06
     1.546 	 4.70363e-06 	 2.88896e-06
     1.547 	 4.79857e-06 	 2.94551e-06
     1.548 	 4.84595e-06 	 2.97234e-06
     1.549 	 4.88323e-06 	 2.99342e-06
     1.550 	 4.90581e-06 	 3.00498e-06
     1.551 	 4.77009e-06 	 2.91818e-06
     1.552 	 4.59578e-06 	 2.80844e-06
     1.553 	 4.42648e-06 	 2.70432e-06
     1.554 	 4.03954e-06 	 2.46773e-06
     1.555 	 3.49713e-06 	 2.13493e-06
     1.556 	  3.1694e-06 	 1.93358e-06
     1.557 	 3.03424e-06 	 1.85082e-06
     1.558 	 3.22187e-06 	 1.96499e-06
     1.559 	 3.34437e-06 	 2.03866e-06
     1.560 	 3.42193e-06 	 2.08424e-06
     1.561 	 3.36291e-06 	 2.04576e-06
     1.562 	 3.30185e-06 	 2.00643e-06
     1.563 	 3.23907e-06 	 1.96786e-06
     1.564 	 3.31456e-06 	 2.01357e-06
     1.565 	 3.37869e-06 	 2.05154e-06
     1.566 	  3.3994e-06 	 2.06245e-06
     1.567 	 3.44061e-06 	 2.0849e-06
     1.568 	 3.45532e-06 	 2.09156e-06
     1.569 	 3.19148e-06 	 1.93146e-06
     1.570 	 2.86519e-06 	 1.73394e-06
     1.571 	 2.47706e-06 	 1.49819e-06
     1.572 	 2.16221e-06 	 1.30685e-06
     1.573 	 1.93859e-06 	 1.17095e-06
     1.574 	 1.92082e-06 	 1.15949e-06
     1.575 	  1.9383e-06 	 1.16931e-06
     1.576 	 1.98259e-06 	 1.19529e-06
     1.577 	 2.16082e-06 	 1.30203e-06
     1.578 	 2.31068e-06 	 1.39137e-06
     1.579 	 2.42752e-06 	 1.46009e-06
     1.580 	 2.48127e-06 	 1.49074e-06
     1.581 	 2.61822e-06 	 1.5718e-06
     1.582 	 3.04396e-06 	 1.82656e-06
     1.583 	 3.45133e-06 	 2.07082e-06
     1.584 	 3.84851e-06 	 2.30889e-06
     1.585 	 4.25128e-06 	 2.54921e-06
     1.586 	 4.55988e-06 	 2.73239e-06
     1.587 	  4.7393e-06 	 2.83825e-06
     1.588 	 4.92622e-06 	 2.94841e-06
     1.589 	 5.07196e-06 	 3.03362e-06
     1.590 	 5.05152e-06 	 3.01986e-06
     1.591 	 4.90614e-06 	 2.93271e-06
     1.592 	 4.67641e-06 	 2.79518e-06
     1.593 	 4.48714e-06 	 2.68072e-06
     1.594 	 4.28441e-06 	 2.55791e-06
     1.595 	 4.05904e-06 	 2.42195e-06
     1.596 	 3.96567e-06 	 2.3649e-06
     1.597 	 3.87117e-06 	 2.30718e-06
     1.598 	 3.57422e-06 	 2.129e-06
     1.599 	 3.27968e-06 	 1.95243e-06
     1.600 	 2.98701e-06 	 1.77718e-06
     1.601 	 2.80234e-06 	 1.66649e-06
     1.602 	 2.77203e-06 	 1.64742e-06
     1.603 	 3.02948e-06 	 1.79832e-06
     1.604 	 3.20408e-06 	 1.9001e-06
     1.605 	 3.34112e-06 	 1.98114e-06
     1.606 	 3.42649e-06 	 2.0318e-06
     1.607 	 3.50263e-06 	 2.07596e-06
     1.608 	  3.5701e-06 	 2.11462e-06
     1.609 	 3.75772e-06 	 2.22437e-06
     1.610 	 4.06644e-06 	 2.40598e-06
     1.611 	 4.62932e-06 	 2.73892e-06
     1.612 	 5.11153e-06 	 3.02413e-06
     1.613 	  5.5382e-06 	 3.2751e-06
     1.614 	 5.75075e-06 	 3.3987e-06
     1.615 	 5.76423e-06 	 3.40511e-06
     1.616 	 5.55832e-06 	 3.2815e-06
     1.617 	 5.62304e-06 	 3.31596e-06
     1.618 	 5.74943e-06 	 3.38727e-06
     1.619 	 5.93386e-06 	 3.49561e-06
     1.620 	 6.03018e-06 	 3.55259e-06
     1.621 	 6.06939e-06 	 3.57411e-06
     1.622 	 5.88987e-06 	 3.46638e-06
     1.623 	 5.55963e-06 	 3.27036e-06
     1.624 	 5.03388e-06 	 2.95961e-06
     1.625 	 4.54141e-06 	 2.66869e-06
     1.626 	 4.07739e-06 	 2.39482e-06
     1.627 	 3.69005e-06 	 2.16624e-06
     1.628 	 3.37946e-06 	 1.98292e-06
     1.629 	 3.11834e-06 	 1.8288e-06
     1.630 	 3.04381e-06 	 1.78422e-06
     1.631 	 2.97345e-06 	 1.74214e-06
     1.632 	 2.90947e-06 	 1.70382e-06
     1.633 	 2.68104e-06 	 1.56929e-06
     1.634 	 2.39741e-06 	 1.40259e-06
     1.635 	 2.06485e-06 	 1.20745e-06
     1.636 	 1.87336e-06 	 1.09495e-06
     1.637 	 1.78814e-06 	 1.04465e-06
     1.638 	 1.90784e-06 	 1.11404e-06
     1.639 	 2.10209e-06 	 1.2269e-06
     1.640 	 2.41753e-06 	 1.41038e-06
     1.641 	  2.7634e-06 	 1.61126e-06
     1.642 	 3.11554e-06 	 1.8159e-06
     1.643 	 3.44265e-06 	 2.00665e-06
     1.644 	 3.80117e-06 	 2.21575e-06
     1.645 	 4.18749e-06 	 2.44e-06
     1.646 	  4.6642e-06 	 2.71637e-06
     1.647 	 5.18436e-06 	 3.01816e-06
     1.648 	 5.78296e-06 	 3.36492e-06
     1.649 	 6.34223e-06 	 3.68653e-06
     1.650 	 6.86005e-06 	 3.98402e-06
     1.651 	 7.14689e-06 	 4.1506e-06
     1.652 	 7.22228e-06 	 4.195e-06
     1.653 	 7.07731e-06 	 4.10935e-06
     1.654 	 6.76283e-06 	 3.92474e-06
     1.655 	 6.32828e-06 	 3.67102e-06
     1.656 	 5.63507e-06 	 3.26746e-06
     1.657 	 4.90138e-06 	 2.84088e-06
     1.658 	 4.15637e-06 	 2.40808e-06
     1.659 	 3.56273e-06 	 2.0631e-06
     1.660 	 2.99322e-06 	 1.73273e-06
     1.661 	 2.45316e-06 	 1.42035e-06
     1.662 	 1.92561e-06 	 1.11493e-06
     1.663 	 1.44108e-06 	 8.33621e-07
     1.664 	 1.09065e-06 	 6.30331e-07
     1.665 	 9.28817e-07 	 5.36857e-07
     1.666 	 8.81102e-07 	 5.09344e-07
     1.667 	 8.89654e-07 	 5.1382e-07
     1.668 	 9.14458e-07 	 5.27668e-07
     1.669 	 9.62785e-07 	 5.55616e-07
     1.670 	 9.73309e-07 	 5.61765e-07
     1.671 	 9.66432e-07 	 5.5729e-07
     1.672 	 9.26069e-07 	 5.33538e-07
     1.673 	 8.54987e-07 	 4.92574e-07
     1.674 	 7.62047e-07 	 4.39157e-07
     1.675 	 7.41599e-07 	 4.27503e-07
     1.676 	 8.93354e-07 	 5.14967e-07
     1.677 	 1.33772e-06 	 7.70504e-07
     1.678 	 1.59891e-06 	 9.20056e-07
     1.679 	 1.76493e-06 	 1.01515e-06
     1.680 	 1.72218e-06 	 9.90272e-07
     1.681 	 1.67637e-06 	 9.63592e-07
     1.682 	   1.628e-06 	 9.35432e-07
     1.683 	 1.62152e-06 	 9.31387e-07
     1.684 	 1.61918e-06 	 9.29723e-07
     1.685 	 1.61943e-06 	 9.29534e-07
     1.686 	 1.66005e-06 	 9.52526e-07
     1.687 	 1.72156e-06 	 9.87473e-07
     1.688 	 1.82395e-06 	 1.04586e-06
     1.689 	 1.65514e-06 	 9.48727e-07
     1.690 	 1.21878e-06 	 6.98365e-07
     1.691 	 8.89192e-07 	 5.09337e-07
     1.692 	 6.59953e-07 	 3.77904e-07
     1.693 	 6.48848e-07 	 3.71425e-07
     1.694 	   6.856e-07 	 3.92333e-07
     1.695 	 7.42165e-07 	 4.24566e-07
     1.696 	 7.62266e-07 	 4.35923e-07
     1.697 	 7.90076e-07 	 4.51677e-07
     1.698 	 8.26822e-07 	 4.72533e-07
     1.699 	 8.65258e-07 	 4.94345e-07
     1.700 	 8.58214e-07 	 4.90166e-07
     1.701 	 7.11569e-07 	 4.06252e-07
     1.702 	  5.9613e-07 	 3.40265e-07
     1.703 	 5.00543e-07 	 2.85762e-07
     1.704 	 4.73832e-07 	 2.70572e-07
     1.705 	 4.38722e-07 	 2.50463e-07
     1.706 	 3.92132e-07 	 2.23782e-07
     1.707 	 3.34467e-07 	 1.90815e-07
     1.708 	 3.00493e-07 	 1.71382e-07
     1.709 	 3.67382e-07 	 2.09469e-07
     1.710 	 5.12115e-07 	 2.91909e-07
     1.711 	 7.09093e-07 	 4.04037e-07
     1.712 	  6.4872e-07 	 3.69561e-07
     1.713 	 6.03926e-07 	 3.44141e-07
     1.714 	 5.88478e-07 	 3.35393e-07
     1.715 	 5.84951e-07 	 3.33141e-07
     1.716 	 5.84474e-07 	 3.32581e-07
     1.717 	  5.8181e-07 	 3.30919e-07
     1.718 	 5.80004e-07 	 3.29851e-07
     1.719 	  5.7888e-07 	 3.29292e-07
     1.720 	  5.7825e-07 	 3.29014e-07
     1.721 	 5.48143e-07 	 3.11824e-07
     1.722 	 4.61151e-07 	 2.6224e-07
     1.723 	  2.6687e-07 	 1.5172e-07
     1.724 	 6.74742e-08 	 3.83498e-08
     1.725 	 1.03936e-07 	 5.90575e-08
     1.726 	 1.30743e-07 	 7.42684e-08
     1.727 	 1.48549e-07 	 8.43606e-08
     1.728 	 1.55081e-07 	 8.80471e-08
     1.729 	 1.60378e-07 	 9.10297e-08
     1.730 	  1.6542e-07 	 9.38671e-08
     1.731 	 2.05217e-07 	 1.16418e-07
     1.732 	 2.56809e-07 	 1.4565e-07
     1.733 	 2.69652e-07 	 1.52893e-07
     1.734 	  2.7637e-07 	 1.56661e-07
     1.735 	  2.7637e-07 	 1.56621e-07
     1.736 	 2.75715e-07 	 1.56212e-07
     1.737 	 2.58485e-07 	 1.46414e-07
     1.738 	 1.94531e-07 	 1.1016e-07
     1.739 	 2.67663e-07 	 1.51537e-07
     1.740 	 4.11898e-07 	 2.33135e-07
     1.741 	 5.15708e-07 	 2.91823e-07
     1.742 	 5.76376e-07 	 3.26077e-07
     1.743 	 5.81357e-07 	 3.28814e-07
     1.744 	 5.61497e-07 	 3.17509e-07
     1.745 	 5.39237e-07 	 3.0485e-07
     1.746 	 5.26707e-07 	 2.977e-07
     1.747 	 5.24289e-07 	 2.96263e-07
     1.748 	 5.28443e-07 	 2.98545e-07
     1.749 	 5.72989e-07 	 3.23638e-07
     1.750 	 6.15871e-07 	 3.47783e-07
     1.751 	 6.56205e-07 	 3.70483e-07
     1.752 	 5.37263e-07 	 3.03262e-07
     1.753 	 3.84978e-07 	 2.17259e-07
     1.754 	 2.76237e-07 	 1.55862e-07
     1.755 	 2.30226e-07 	 1.29874e-07
     1.756 	 2.31242e-07 	 1.30422e-07
     1.757 	 2.11225e-07 	 1.191e-07
     1.758 	 2.26562e-07 	 1.27733e-07
     1.759 	 3.07438e-07 	 1.73385e-07
     1.760 	 3.65819e-07 	 2.0638e-07
     1.761 	 4.05493e-07 	 2.28733e-07
     1.762 	 3.76611e-07 	 2.12391e-07
     1.763 	 4.41187e-07 	 2.48767e-07
     1.764 	 5.88215e-07 	 3.31609e-07
     1.765 	 7.70798e-07 	 4.34469e-07
     1.766 	 9.15164e-07 	 5.15751e-07
     1.767 	  9.6995e-07 	 5.46539e-07
     1.768 	 1.03245e-06 	 5.81665e-07
     1.769 	 1.09702e-06 	 6.17947e-07
     1.770 	 1.15143e-06 	 6.48486e-07
     1.771 	 1.16264e-06 	 6.54713e-07
     1.772 	 1.12903e-06 	 6.35691e-07
     1.773 	 1.18257e-06 	 6.65744e-07
     1.774 	 1.26448e-06 	 7.11764e-07
     1.775 	 1.39074e-06 	 7.8273e-07
     1.776 	 1.39274e-06 	 7.83758e-07
     1.777 	 1.33777e-06 	 7.52667e-07
     1.778 	 1.36723e-06 	 7.69225e-07
     1.779 	 1.49801e-06 	 8.43196e-07
     1.780 	 1.75242e-06 	 9.86731e-07
     1.781 	 1.96734e-06 	 1.10714e-06
     1.782 	 2.13158e-06 	 1.19873e-06
     1.783 	 2.15437e-06 	 1.21134e-06
     1.784 	 2.13375e-06 	 1.19971e-06
     1.785 	 2.08593e-06 	 1.17272e-06
     1.786 	  1.9684e-06 	 1.10654e-06
     1.787 	 1.85712e-06 	 1.04389e-06
     1.788 	 1.75483e-06 	 9.86303e-07
     1.789 	 1.70543e-06 	 9.58473e-07
     1.790 	 1.63666e-06 	 9.19738e-07
     1.791 	 1.43272e-06 	 8.05063e-07
     1.792 	 1.21677e-06 	 6.83658e-07
     1.793 	  9.9235e-07 	 5.5753e-07
     1.794 	 9.05731e-07 	 5.08823e-07
     1.795 	 9.18342e-07 	 5.15872e-07
     1.796 	 1.09494e-06 	 6.15025e-07
     1.797 	 1.35798e-06 	 7.62726e-07
     1.798 	 1.66389e-06 	 9.34487e-07
     1.799 	 2.05717e-06 	 1.15528e-06
     1.800 	 2.49398e-06 	 1.40049e-06
     1.801 	  2.9672e-06 	 1.66598e-06
     1.802 	 3.67357e-06 	 2.06264e-06
     1.803 	 4.43998e-06 	 2.49428e-06
     1.804 	  5.2972e-06 	 2.97698e-06
     1.805 	 6.03462e-06 	 3.38944e-06
     1.806 	 6.68774e-06 	 3.75417e-06
     1.807 	  7.0417e-06 	 3.95466e-06
     1.808 	 7.31208e-06 	 4.10841e-06
     1.809 	 7.50047e-06 	 4.21185e-06
     1.810 	 7.63572e-06 	 4.28531e-06
     1.811 	 7.69885e-06 	 4.32232e-06
     1.812 	 7.59914e-06 	 4.26851e-06
     1.813 	 7.23765e-06 	 4.06551e-06
     1.814 	 6.72906e-06 	 3.77929e-06
     1.815 	 5.91154e-06 	 3.31993e-06
     1.816 	 5.07292e-06 	 2.84878e-06
     1.817 	 4.20974e-06 	 2.36385e-06
     1.818 	 3.48457e-06 	 1.95654e-06
     1.819 	 2.85912e-06 	 1.60523e-06
     1.820 	 2.46591e-06 	 1.38437e-06
     1.821 	 2.17088e-06 	 1.21867e-06
     1.822 	 1.93004e-06 	 1.0834e-06
     1.823 	 1.65894e-06 	 9.31159e-07
     1.824 	 1.43951e-06 	 8.07949e-07
     1.825 	  1.2904e-06 	 7.24204e-07
     1.826 	 1.39526e-06 	 7.83009e-07
     1.827 	 1.57128e-06 	 8.81742e-07
     1.828 	  1.7998e-06 	 1.00991e-06
     1.829 	 2.08754e-06 	 1.17131e-06
     1.830 	 2.41483e-06 	 1.35487e-06
     1.831 	 2.74301e-06 	 1.5389e-06
     1.832 	 3.00803e-06 	 1.68752e-06
     1.833 	 3.17139e-06 	 1.77909e-06
     1.834 	 3.05385e-06 	 1.71305e-06
     1.835 	 2.86313e-06 	 1.60599e-06
     1.836 	 2.71405e-06 	 1.52229e-06
     1.837 	 2.56764e-06 	 1.44011e-06
     1.838 	 2.42335e-06 	 1.35912e-06
     1.839 	 2.23811e-06 	 1.25511e-06
     1.840 	 2.03796e-06 	 1.14289e-06
     1.841 	 1.81337e-06 	 1.01745e-06
     1.842 	 1.52517e-06 	 8.56159e-07
     1.843 	  1.2134e-06 	 6.81181e-07
     1.844 	 8.97342e-07 	 5.03699e-07
     1.845 	  6.1336e-07 	 3.44283e-07
     1.846 	 3.59231e-07 	 2.01636e-07
     1.847 	 4.57841e-07 	 2.56997e-07
     1.848 	  6.0229e-07 	 3.38054e-07
     1.849 	 7.72333e-07 	 4.33268e-07
     1.850 	  9.6207e-07 	 5.39422e-07
     1.851 	 1.17454e-06 	 6.58503e-07
     1.852 	 1.53645e-06 	 8.61473e-07
     1.853 	 1.94679e-06 	 1.09157e-06
     1.854 	 2.40996e-06 	 1.35129e-06
     1.855 	  2.7704e-06 	 1.55329e-06
     1.856 	 3.08372e-06 	 1.72911e-06
     1.857 	 3.30764e-06 	 1.85567e-06
     1.858 	 3.51915e-06 	 1.9754e-06
     1.859 	 3.71926e-06 	 2.08813e-06
     1.860 	 3.81899e-06 	 2.14386e-06
     1.861 	 3.88602e-06 	 2.18048e-06
     1.862 	 3.91106e-06 	 2.19352e-06
     1.863 	 3.89809e-06 	 2.18618e-06
     1.864 	  3.8477e-06 	 2.15823e-06
     1.865 	 3.69318e-06 	 2.07168e-06
     1.866 	 3.58014e-06 	 2.0084e-06
     1.867 	 3.49519e-06 	 1.96088e-06
     1.868 	 3.77693e-06 	 2.1191e-06
     1.869 	 4.09055e-06 	 2.29506e-06
     1.870 	 4.45268e-06 	 2.4986e-06
     1.871 	 4.73436e-06 	 2.65824e-06
     1.872 	 4.97407e-06 	 2.79452e-06
     1.873 	 5.12129e-06 	 2.87766e-06
     1.874 	 5.24955e-06 	 2.94978e-06
     1.875 	 5.36371e-06 	 3.01421e-06
     1.876 	 5.45362e-06 	 3.065e-06
     1.877 	 5.53796e-06 	 3.11269e-06
     1.878 	 5.61389e-06 	 3.15565e-06
     1.879 	 5.57277e-06 	 3.13285e-06
     1.880 	  5.4781e-06 	 3.07992e-06
     1.881 	 5.29629e-06 	 2.97802e-06
     1.882 	 5.17141e-06 	 2.90808e-06
     1.883 	  5.0965e-06 	 2.86622e-06
     1.884 	 5.22823e-06 	 2.94064e-06
     1.885 	 5.42912e-06 	 3.05395e-06
     1.886 	 5.74291e-06 	 3.23079e-06
     1.887 	 6.10501e-06 	 3.43485e-06
     1.888 	 6.48431e-06 	 3.64865e-06
     1.889 	 6.83874e-06 	 3.84845e-06
     1.890 	 7.16629e-06 	 4.0332e-06
     1.891 	 7.46617e-06 	 4.2024e-06
     1.892 	 7.80056e-06 	 4.39112e-06
     1.893 	 8.13338e-06 	 4.57933e-06
     1.894 	 8.45008e-06 	 4.75781e-06
     1.895 	 8.81279e-06 	 4.95962e-06
     1.896 	 9.21379e-06 	 5.18348e-06
     1.897 	 9.85679e-06 	 5.54864e-06
     1.898 	 1.06658e-05 	 6.00776e-06
     1.899 	 1.16762e-05 	 6.57466e-06
     1.900 	 1.30198e-05 	 7.32754e-06
     1.901 	 1.45128e-05 	 8.16816e-06
     1.902 	 1.62901e-05 	 9.17013e-06
     1.903 	  1.8262e-05 	 1.02804e-05
     1.904 	 2.03487e-05 	 1.14572e-05
     1.905 	 2.23958e-05 	 1.26176e-05
     1.906 	 2.44023e-05 	 1.37566e-05
     1.907 	 2.63499e-05 	 1.48572e-05
     1.908 	  2.8324e-05 	 1.59708e-05
     1.909 	 3.03071e-05 	 1.70908e-05
     1.910 	 3.23004e-05 	 1.82169e-05
     1.911 	 3.43751e-05 	 1.93906e-05
     1.912 	 3.65068e-05 	 2.05935e-05
     1.913 	 3.89209e-05 	 2.19463e-05
     1.914 	 4.15338e-05 	 2.341e-05
     1.915 	 4.44737e-05 	 2.50659e-05
     1.916 	 4.82646e-05 	 2.72099e-05
     1.917 	 5.25892e-05 	 2.96665e-05
     1.918 	 5.83833e-05 	 3.29553e-05
     1.919 	 6.51392e-05 	 3.67764e-05
     1.920 	 7.26922e-05 	 4.10413e-05
     1.921 	 8.19486e-05 	 4.6277e-05
     1.922 	 9.19118e-05 	 5.19042e-05
     1.923 	  0.00010308 	 5.81883e-05
     1.924 	 0.000115534 	 6.51923e-05
     1.925 	 0.000128687 	 7.26166e-05
     1.926 	 0.000143454 	 8.09647e-05
     1.927 	 0.000158931 	 8.97049e-05
     1.928 	 0.000175101 	 9.88517e-05
     1.929 	 0.000192103 	 0.000108517
     1.930 	 0.000209241 	 0.000118274
     1.931 	 0.000226484 	 0.000128044
     1.932 	 0.000243857 	 0.000137875
     1.933 	 0.000261277 	 0.00014774
     1.934 	 0.000278567 	 0.000157536
     1.935 	 0.000295736 	 0.000167268
     1.936 	  0.00031277 	 0.000176925
     1.937 	 0.000329384 	 0.000186346
     1.938 	 0.000345625 	 0.000195558
     1.939 	 0.000360961 	 0.000204265
     1.940 	 0.000375423 	 0.000212475
     1.941 	 0.000389333 	 0.000220376
     1.942 	 0.000401374 	 0.000227222
     1.943 	 0.000412706 	 0.000233668
     1.944 	 0.000423081 	 0.000239575
     1.945 	 0.000431792 	 0.000244546
     1.946 	 0.000439708 	 0.000249064
     1.947 	 0.000446025 	 0.000252677
     1.948 	 0.000450889 	 0.000255468
     1.949 	 0.000454788 	 0.000257733
     1.950 	 0.000456321 	 0.00025862
     1.951 	  0.00045708 	 0.000258938
     1.952 	 0.000456629 	 0.000258607
     1.953 	 0.000455041 	 0.000257863
     1.954 	  0.00045298 	 0.000256885
     1.955 	   0.0004502 	 0.00025537
     1.956 	 0.000447141 	 0.000253656
     1.957 	 0.000443863 	 0.000251835
     1.958 	 0.000440503 	 0.000249969
     1.959 	  0.00043715 	 0.000248104
     1.960 	 0.000433821 	 0.000246256
     1.961 	 0.000430823 	 0.000244592
     1.962 	 0.000428032 	 0.000243048
     1.963 	 0.000425856 	 0.000241855
     1.964 	 0.000424112 	 0.000240903
     1.965 	 0.000422769 	 0.000240182
     1.966 	 0.000421928 	 0.000239743
     1.967 	 0.000421258 	 0.000239418
     1.968 	 0.000420868 	 0.000239218
     1.969 	 0.000420482 	 0.000238918
     1.970 	 0.000420094 	 0.000238612
     1.971 	  0.00041967 	 0.000238396
     1.972 	 0.000419285 	 0.000238234
     1.973 	 0.000418942 	 0.000238081
     1.974 	 0.000418624 	 0.000237939
     1.975 	 0.000418248 	 0.000237769
     1.976 	 0.000417707 	 0.0002375
     1.977 	  0.00041704 	 0.00023716
     1.978 	 0.000416307 	 0.000236783
     1.979 	 0.000415598 	 0.00023642
     1.980 	  0.00041492 	 0.000236075
     1.981 	 0.000414284 	 0.000235754
     1.982 	 0.000413858 	 0.000235552
     1.983 	 0.000413487 	 0.000235383
     1.984 	 0.000413157 	 0.000235236
     1.985 	 0.000412739 	 0.00023504
     1.986 	 0.000412265 	 0.000234812
     1.987 	 0.000411627 	 0.000234491
     1.988 	 0.000410941 	 0.000234138
     1.989 	 0.000410182 	 0.00023375
     1.990 	  0.00040931 	 0.000233296
     1.991 	 0.000408377 	 0.000232803
     1.992 	 0.000407308 	 0.000232232
     1.993 	 0.000406177 	 0.000231632
     1.994 	    0.000405 	 0.000231
     1.995 	 0.000403723 	 0.000230312
     1.996 	 0.000402466 	 0.000229638
     1.997 	  0.00040125 	 0.000229034
     1.998 	 0.000400122 	 0.000228382
     1.999 	 0.000399062 	 0.000227495
     2.000 	 0.000398234 	 0.000226681
     2.001 	 0.000397515 	 0.000226363
     2.002 	 0.000396892 	 0.000226056
     2.003 	 0.000396297 	 0.000225764
     2.004 	 0.000395706 	 0.000225475
     2.005 	 0.000395116 	 0.000225186
     2.006 	 0.000394462 	 0.000224833
     2.007 	 0.000393771 	 0.000224486
     2.008 	 0.000392983 	 0.000224084
     2.009 	 0.000392113 	 0.000223635
     2.010 	 0.000391158 	 0.00022311
     2.011 	 0.000390011 	 0.000222498
     2.012 	 0.000388746 	 0.000221819
     2.013 	 0.000387243 	 0.000221004
     2.014 	 0.000385608 	 0.000220086
     2.015 	 0.000383907 	 0.000219157
     2.016 	 0.000382221 	 0.000218236
     2.017 	 0.000380507 	 0.000217299
     2.018 	  0.00037876 	 0.000216343
     2.019 	 0.000376932 	 0.000215314
     2.020 	 0.000375083 	 0.000214298
     2.021 	 0.000373213 	 0.000213272
     2.022 	 0.000371353 	 0.00021225
     2.023 	 0.000369503 	 0.000211208
     2.024 	 0.000367849 	 0.000210303
     2.025 	 0.000366323 	 0.000209471
     2.026 	 0.000364982 	 0.000208744
     2.027 	  0.00036384 	 0.000208131
     2.028 	 0.000362785 	 0.000207543
     2.029 	 0.000361885 	 0.000207068
     2.030 	 0.000361022 	 0.000206614
     2.031 	 0.000360186 	 0.000206179
     2.032 	 0.000359379 	 0.00020576
     2.033 	 0.000358515 	 0.000205284
     2.034 	 0.000357551 	 0.000204775
     2.035 	 0.000356396 	 0.000204157
     2.036 	 0.000355167 	 0.000203495
     2.037 	  0.00035386 	 0.000202789
     2.038 	 0.000352527 	 0.000202043
     2.039 	 0.000351172 	 0.000201309
     2.040 	 0.000349834 	 0.000200584
     2.041 	 0.000348512 	 0.000199863
     2.042 	 0.000347222 	 0.000199161
     2.043 	 0.000345965 	 0.000198477
     2.044 	 0.000344725 	 0.000197778
     2.045 	 0.000343522 	 0.000197125
     2.046 	 0.000342396 	 0.000196516
     2.047 	 0.000341344 	 0.000195949
     2.048 	 0.000340463 	 0.000195479
     2.049 	  0.00033957 	 0.000194979
     2.050 	 0.000338603 	 0.00019446
     2.051 	 0.000337479 	 0.000193858
     2.052 	 0.000336262 	 0.000193201
     2.053 	 0.000334798 	 0.000192402
     2.054 	 0.000333204 	 0.000191528
     2.055 	 0.000331459 	 0.000190543
     2.056 	 0.000329647 	 0.000189543
     2.057 	 0.000327824 	 0.000188536
     2.058 	 0.000326004 	 0.000187531
     2.059 	 0.000324192 	 0.000186529
     2.060 	 0.000322383 	 0.000185529
     2.061 	 0.000320583 	 0.000184521
     2.062 	 0.000318847 	 0.000183528
     2.063 	 0.000317195 	 0.000182605
     2.064 	 0.000315783 	 0.000181821
     2.065 	  0.00031448 	 0.000181098
     2.066 	 0.000313391 	 0.000180499
     2.067 	 0.000312455 	 0.000179987
     2.068 	  0.00031162 	 0.000179534
     2.069 	 0.000310949 	 0.000179153
     2.070 	 0.000310278 	 0.000178794
     2.071 	 0.000309606 	 0.000178442
     2.072 	 0.000308911 	 0.000178077
     2.073 	 0.000308191 	 0.000177697
     2.074 	 0.000307376 	 0.000177262
     2.075 	 0.000306425 	 0.000176749
     2.076 	 0.000305368 	 0.000176174
     2.077 	    0.000304 	 0.000175399
     2.078 	  0.00030252 	 0.000174579
     2.079 	 0.000300858 	 0.000173655
     2.080 	 0.000299152 	 0.000172704
     2.081 	 0.000297438 	 0.000171761
     2.082 	 0.000295772 	 0.000170846
     2.083 	 0.000294213 	 0.000169991
     2.084 	  0.00029275 	 0.000169192
     2.085 	 0.000291514 	 0.000168524
     2.086 	 0.000290385 	 0.000167896
     2.087 	 0.000289452 	 0.000167402
     2.088 	 0.000288695 	 0.00016701
     2.089 	  0.00028802 	 0.000166665
     2.090 	 0.000287398 	 0.00016635
     2.091 	 0.000286773 	 0.000166044
     2.092 	 0.000286146 	 0.000165736
     2.093 	 0.000285291 	 0.000165296
     2.094 	 0.000284332 	 0.000164795
     2.095 	 0.000283179 	 0.000164182
     2.096 	 0.000281974 	 0.000163538
     2.097 	 0.000280741 	 0.000162857
     2.098 	 0.000279502 	 0.000162192
     2.099 	 0.000278274 	 0.000161534
     2.100 	  0.00027706 	 0.000160883
     2.101 	 0.000275844 	 0.000160234
     2.102 	 0.000274656 	 0.000159601
     2.103 	 0.000273567 	 0.000159025
     2.104 	 0.000272571 	 0.000158503
     2.105 	 0.000271633 	 0.000158014
     2.106 	 0.000270875 	 0.000157629
     2.107 	 0.000270188 	 0.000157286
     2.108 	 0.000269608 	 0.000157004
     2.109 	 0.000269044 	 0.000156732
     2.110 	 0.000268467 	 0.000156452
     2.111 	 0.000267812 	 0.000156132
     2.112 	 0.000267121 	 0.000155791
     2.113 	 0.000266403 	 0.000155433
     2.114 	 0.000265669 	 0.000155048
     2.115 	 0.000264927 	 0.000154676
     2.116 	 0.000264173 	 0.000154296
     2.117 	 0.000263401 	 0.000153907
     2.118 	 0.000262622 	 0.000153512
     2.119 	  0.00026183 	 0.00015311
     2.120 	 0.000261065 	 0.000152722
     2.121 	 0.000260323 	 0.000152288
     2.122 	 0.000259659 	 0.000151996
     2.123 	 0.000259018 	 0.000151701
     2.124 	 0.000258415 	 0.000151397
     2.125 	 0.000257801 	 0.000151117
     2.126 	 0.000257174 	 0.000150829
     2.127 	 0.000256477 	 0.000150515
     2.128 	 0.000255698 	 0.000150107
     2.129 	 0.000254836 	 0.00014968
     2.130 	 0.000253834 	 0.00014917
     2.131 	  0.00025278 	 0.000148617
     2.132 	 0.000251641 	 0.000148044
     2.133 	 0.000250385 	 0.000147371
     2.134 	 0.000249058 	 0.000146685
     2.135 	 0.000247526 	 0.000145848
     2.136 	 0.000245927 	 0.000145015
     2.137 	 0.000244248 	 0.000144089
     2.138 	 0.000242445 	 0.000143119
     2.139 	  0.00024059 	 0.000142087
     2.140 	  0.00023864 	 0.000140999
     2.141 	 0.000236713 	 0.000139939
     2.142 	 0.000234803 	 0.000138861
     2.143 	 0.000232976 	 0.00013783
     2.144 	  0.00023117 	 0.000136811
     2.145 	 0.000229394 	 0.000135837
     2.146 	  0.00022767 	 0.000134865
     2.147 	 0.000225976 	 0.00013391
     2.148 	 0.000224356 	 0.000132985
     2.149 	  0.00022282 	 0.000132138
     2.150 	 0.000221345 	 0.000131338
     2.151 	 0.000220081 	 0.00013062
     2.152 	 0.000218988 	 0.000130004
     2.153 	 0.000218174 	 0.000129554
     2.154 	 0.000217663 	 0.000129283
     2.155 	 0.000217264 	 0.000129078
     2.156 	 0.000216972 	 0.000128937
     2.157 	 0.000216681 	 0.000128796
     2.158 	 0.000216394 	 0.000128658
     2.159 	 0.000216077 	 0.000128489
     2.160 	 0.000215738 	 0.000128319
     2.161 	 0.000215354 	 0.000128133
     2.162 	 0.000214907 	 0.000127909
     2.163 	 0.000214443 	 0.000127675
     2.164 	 0.000214046 	 0.000127454
     2.165 	  0.00021358 	 0.000127234
     2.166 	 0.000213048 	 0.000126945
     2.167 	  0.00021227 	 0.000126523
     2.168 	 0.000211446 	 0.000126074
     2.169 	  0.00021057 	 0.000125593
     2.170 	 0.000209702 	 0.000125116
     2.171 	 0.000208838 	 0.000124611
     2.172 	 0.000207987 	 0.000124139
     2.173 	 0.000207149 	 0.000123662
     2.174 	 0.000206328 	 0.000123208
     2.175 	 0.000205487 	 0.000122756
     2.176 	 0.000204598 	 0.000122235
     2.177 	  0.00020358 	 0.000121662
     2.178 	  0.00020253 	 0.000121057
     2.179 	 0.000201465 	 0.000120455
     2.180 	 0.000200458 	 0.000119863
     2.181 	 0.000199491 	 0.000119316
     2.182 	 0.000198576 	 0.0001188
     2.183 	 0.000197766 	 0.00011836
     2.184 	 0.000196992 	 0.000117892
     2.185 	 0.000196268 	 0.000117489
     2.186 	  0.00019554 	 0.000117084
     2.187 	 0.000194808 	 0.000116676
     2.188 	 0.000194068 	 0.000116239
     2.189 	 0.000193286 	 0.000115801
     2.190 	 0.000192437 	 0.000115324
     2.191 	  0.00019141 	 0.000114743
     2.192 	  0.00019031 	 0.000114118
     2.193 	 0.000189105 	 0.000113407
     2.194 	 0.000187825 	 0.000112673
     2.195 	 0.000186486 	 0.000111903
     2.196 	  0.00018507 	 0.000111089
     2.197 	 0.000183667 	 0.000110258
     2.198 	 0.000182293 	 0.000109466
     2.199 	 0.000180991 	 0.000108716
     2.200 	 0.000179718 	 0.000107984
     2.201 	 0.000178471 	 0.000107275
     2.202 	 0.000177288 	 0.00010659
     2.203 	 0.000176162 	 0.00010594
     2.204 	 0.000175169 	 0.00010537
     2.205 	 0.000174201 	 0.000104814
     2.206 	 0.000173264 	 0.000104297
     2.207 	 0.000172341 	 0.00010378
     2.208 	 0.000171419 	 0.000103251
     2.209 	 0.000170456 	 0.000102696
     2.210 	 0.000169451 	 0.000102117
     2.211 	   0.0001684 	 0.000101507
     2.212 	 0.000167295 	 0.000100852
     2.213 	 0.000166188 	 0.000100196
     2.214 	 0.000165102 	 9.95531e-05
     2.215 	 0.000164103 	 9.8962e-05
     2.216 	 0.000163156 	 9.84336e-05
     2.217 	 0.000162328 	 9.79452e-05
     2.218 	 0.000161568 	 9.74977e-05
     2.219 	 0.000160892 	 9.71009e-05
     2.220 	 0.000160376 	 9.68005e-05
     2.221 	 0.000159934 	 9.65669e-05
     2.222 	 0.000159637 	 9.64096e-05
     2.223 	 0.000159395 	 9.62852e-05
     2.224 	 0.000159189 	 9.61827e-05
     2.225 	 0.000159078 	 9.61489e-05
     2.226 	 0.000159012 	 9.61308e-05
     2.227 	 0.000159012 	 9.61526e-05
     2.228 	 0.000159018 	 9.61782e-05
     2.229 	 0.000159025 	 9.62154e-05
     2.230 	 0.000159033 	 9.62421e-05
     2.231 	 0.000159042 	 9.62702e-05
     2.232 	  0.00015905 	 9.62977e-05
     2.233 	  0.00015903 	 9.63196e-05
     2.234 	 0.000158953 	 9.62955e-05
     2.235 	 0.000158776 	 9.6211e-05
     2.236 	 0.000158548 	 9.60953e-05
     2.237 	 0.000158302 	 9.59802e-05
     2.238 	 0.000158057 	 9.58542e-05
     2.239 	  0.00015784 	 9.57645e-05
     2.240 	 0.000157649 	 9.56823e-05
     2.241 	 0.000157503 	 9.56136e-05
     2.242 	 0.000157367 	 9.5551e-05
     2.243 	 0.000157242 	 9.54951e-05
     2.244 	  0.00015711 	 9.54557e-05
     2.245 	 0.000156963 	 9.53862e-05
     2.246 	 0.000156724 	 9.52608e-05
     2.247 	  0.00015648 	 9.51324e-05
     2.248 	 0.000156232 	 9.50125e-05
     2.249 	 0.000156003 	 9.48931e-05
     2.250 	 0.000155777 	 9.47754e-05
     2.251 	 0.000155555 	 9.46765e-05
     2.252 	 0.000155291 	 9.45411e-05
     2.253 	 0.000155002 	 9.43904e-05
     2.254 	 0.000154639 	 9.41946e-05
     2.255 	 0.000154248 	 9.39924e-05
     2.256 	 0.000153825 	 9.37597e-05
     2.257 	 0.000153356 	 9.34797e-05
     2.258 	 0.000152891 	 9.3232e-05
     2.259 	 0.000152462 	 9.29953e-05
     2.260 	  0.00015209 	 9.27932e-05
     2.261 	 0.000151753 	 9.26245e-05
     2.262 	 0.000151444 	 9.2462e-05
     2.263 	 0.000151121 	 9.22908e-05
     2.264 	 0.000150778 	 9.21073e-05
     2.265 	 0.000150382 	 9.1902e-05
     2.266 	 0.000149956 	 9.16676e-05
     2.267 	 0.000149454 	 9.13864e-05
     2.268 	 0.000148899 	 9.10833e-05
     2.269 	 0.000148306 	 9.07461e-05
     2.270 	 0.000147724 	 9.04155e-05
     2.271 	 0.000147145 	 9.00954e-05
     2.272 	  0.00014657 	 8.97671e-05
     2.273 	 0.000146047 	 8.94704e-05
     2.274 	 0.000145569 	 8.92115e-05
     2.275 	 0.000145243 	 8.90352e-05
     2.276 	 0.000145019 	 8.89214e-05
     2.277 	 0.000144878 	 8.88584e-05
     2.278 	 0.000144759 	 8.88191e-05
     2.279 	 0.000144661 	 8.87824e-05
     2.280 	 0.000144604 	 8.87708e-05
     2.281 	 0.000144563 	 8.87835e-05
     2.282 	 0.000144513 	 8.87804e-05
     2.283 	 0.000144348 	 8.87157e-05
     2.284 	 0.000144115 	 8.86102e-05
     2.285 	 0.000143818 	 8.8455e-05
     2.286 	 0.000143502 	 8.8288e-05
     2.287 	 0.000143158 	 8.81316e-05
     2.288 	 0.000142753 	 8.79096e-05
     2.289 	  0.00014227 	 8.76393e-05
     2.290 	 0.000141755 	 8.73592e-05
     2.291 	 0.000141282 	 8.70882e-05
     2.292 	 0.000140832 	 8.68314e-05
     2.293 	 0.000140407 	 8.65898e-05
     2.294 	 0.000139977 	 8.63548e-05
     2.295 	 0.000139554 	 8.61141e-05
     2.296 	 0.000139151 	 8.58857e-05
     2.297 	  0.00013878 	 8.56867e-05
     2.298 	 0.000138423 	 8.54864e-05
     2.299 	 0.000137987 	 8.52372e-05
     2.300 	 0.000137513 	 8.4974e-05
     2.301 	 0.000136988 	 8.46659e-05
     2.302 	 0.000136471 	 8.43627e-05
     2.303 	 0.000135969 	 8.40868e-05
     2.304 	 0.000135516 	 8.38399e-05
     2.305 	 0.000135094 	 8.3595e-05
     2.306 	 0.000134694 	 8.3373e-05
     2.307 	 0.000134398 	 8.32058e-05
     2.308 	 0.000134147 	 8.30665e-05
     2.309 	 0.000133966 	 8.29703e-05
     2.310 	 0.000133857 	 8.29451e-05
     2.311 	 0.000133777 	 8.29077e-05
     2.312 	 0.000133741 	 8.28976e-05
     2.313 	 0.000133721 	 8.29068e-05
     2.314 	 0.000133714 	 8.29147e-05
     2.315 	  0.00013352 	 8.2815e-05
     2.316 	 0.000133245 	 8.26828e-05
     2.317 	 0.000132833 	 8.24393e-05
     2.318 	 0.000132245 	 8.20864e-05
     2.319 	 0.000131565 	 8.16856e-05
     2.320 	 0.000130686 	 8.11517e-05
     2.321 	 0.000129689 	 8.05372e-05
     2.322 	 0.000128586 	 7.98731e-05
     2.323 	 0.000127484 	 7.92021e-05
     2.324 	 0.000126386 	 7.85244e-05
     2.325 	 0.000125297 	 7.78601e-05
     2.326 	 0.000124201 	 7.71923e-05
     2.327 	 0.000123107 	 7.65323e-05
     2.328 	 0.000122061 	 7.58863e-05
     2.329 	  0.00012104 	 7.52644e-05
     2.330 	 0.000120047 	 7.46512e-05
     2.331 	 0.000119183 	 7.41247e-05
     2.332 	 0.000118392 	 7.36585e-05
     2.333 	 0.000117746 	 7.32756e-05
     2.334 	  0.00011724 	 7.29714e-05
     2.335 	 0.000116814 	 7.27243e-05
     2.336 	 0.000116519 	 7.25594e-05
     2.337 	 0.000116279 	 7.24353e-05
     2.338 	 0.000116109 	 7.23399e-05
     2.339 	 0.000116023 	 7.22969e-05
     2.340 	 0.000115979 	 7.22882e-05
     2.341 	 0.000116022 	 7.23281e-05
     2.342 	 0.000116132 	 7.24246e-05
     2.343 	 0.000116284 	 7.25407e-05
     2.344 	  0.00011641 	 7.26325e-05
     2.345 	 0.000116513 	 7.27174e-05
     2.346 	  0.00011658 	 7.27872e-05
     2.347 	 0.000116595 	 7.2818e-05
     2.348 	 0.000116567 	 7.28138e-05
     2.349 	  0.00011641 	 7.27289e-05
     2.350 	 0.000116159 	 7.25852e-05
     2.351 	 0.000115841 	 7.24227e-05
     2.352 	 0.000115502 	 7.2224e-05
     2.353 	 0.000115206 	 7.20522e-05
     2.354 	 0.000114986 	 7.19432e-05
     2.355 	 0.000114857 	 7.18756e-05
     2.356 	 0.000114771 	 7.18496e-05
     2.357 	 0.000114767 	 7.18603e-05
     2.358 	 0.000114811 	 7.19092e-05
     2.359 	 0.000114897 	 7.19763e-05
     2.360 	 0.000115047 	 7.20835e-05
     2.361 	 0.000115193 	 7.22021e-05
     2.362 	 0.000115324 	 7.23048e-05
     2.363 	 0.000115436 	 7.23875e-05
     2.364 	 0.000115529 	 7.24656e-05
     2.365 	 0.000115523 	 7.24743e-05
     2.366 	 0.000115421 	 7.24374e-05
     2.367 	 0.000115224 	 7.23344e-05
     2.368 	 0.000114856 	 7.21156e-05
     2.369 	 0.000114415 	 7.18511e-05
     2.370 	 0.000113839 	 7.15017e-05
     2.371 	 0.000113134 	 7.1077e-05
     2.372 	 0.000112356 	 7.06125e-05
     2.373 	 0.000111411 	 7.00286e-05
     2.374 	  0.00011041 	 6.94092e-05
     2.375 	 0.000109341 	 6.87617e-05
     2.376 	 0.000108175 	 6.8038e-05
     2.377 	 0.000106988 	 6.73146e-05
     2.378 	 0.000105788 	 6.6569e-05
     2.379 	 0.000104668 	 6.58735e-05
     2.380 	 0.000103596 	 6.52154e-05
     2.381 	 0.000102646 	 6.46287e-05
     2.382 	   0.0001018 	 6.41073e-05
     2.383 	 0.000101098 	 6.36893e-05
     2.384 	 0.000100629 	 6.3405e-05
     2.385 	 0.000100272 	 6.31981e-05
     2.386 	 0.000100145 	 6.31292e-05
     2.387 	 0.000100069 	 6.30923e-05
     2.388 	 0.000100029 	 6.30845e-05
     2.389 	 0.000100046 	 6.31062e-05
     2.390 	 0.000100066 	 6.31427e-05
     2.391 	 0.000100088 	 6.3179e-05
     2.392 	 0.000100121 	 6.32153e-05
     2.393 	 0.000100158 	 6.32541e-05
     2.394 	 0.000100205 	 6.32992e-05
     2.395 	 0.000100218 	 6.33228e-05
     2.396 	 0.000100203 	 6.33288e-05
     2.397 	 0.000100042 	 6.32494e-05
     2.398 	 9.98198e-05 	 6.31243e-05
     2.399 	 9.94932e-05 	 6.29458e-05
     2.400 	 9.90874e-05 	 6.27043e-05
     2.401 	 9.86326e-05 	 6.24259e-05
     2.402 	 9.80336e-05 	 6.2056e-05
     2.403 	 9.73436e-05 	 6.16285e-05
     2.404 	 9.65667e-05 	 6.11526e-05
     2.405 	 9.57072e-05 	 6.06174e-05
     2.406 	 9.48251e-05 	 6.00678e-05
     2.407 	 9.39095e-05 	 5.94967e-05
     2.408 	 9.30011e-05 	 5.89299e-05
     2.409 	  9.2107e-05 	 5.8378e-05
     2.410 	 9.13436e-05 	 5.79146e-05
     2.411 	 9.06482e-05 	 5.74868e-05
     2.412 	 9.00291e-05 	 5.71071e-05
     2.413 	 8.96295e-05 	 5.68729e-05
     2.414 	 8.93272e-05 	 5.6694e-05
     2.415 	 8.92072e-05 	 5.66307e-05
     2.416 	 8.92384e-05 	 5.66634e-05
     2.417 	 8.93519e-05 	 5.67484e-05
     2.418 	   8.945e-05 	 5.68236e-05
     2.419 	 8.95068e-05 	 5.68726e-05
     2.420 	 8.95087e-05 	 5.68867e-05
     2.421 	 8.94278e-05 	 5.68537e-05
     2.422 	  8.9318e-05 	 5.68023e-05
     2.423 	 8.91683e-05 	 5.67255e-05
     2.424 	 8.90236e-05 	 5.66518e-05
     2.425 	 8.88822e-05 	 5.65802e-05
     2.426 	 8.87727e-05 	 5.65351e-05
     2.427 	 8.87206e-05 	 5.65316e-05
     2.428 	 8.87585e-05 	 5.65742e-05
     2.429 	 8.89189e-05 	 5.66947e-05
     2.430 	 8.91465e-05 	 5.68583e-05
     2.431 	 8.95307e-05 	 5.71276e-05
     2.432 	 8.99593e-05 	 5.74254e-05
     2.433 	 9.04221e-05 	 5.77452e-05
     2.434 	 9.09489e-05 	 5.81063e-05
     2.435 	 9.14671e-05 	 5.8462e-05
     2.436 	 9.19639e-05 	 5.88044e-05
     2.437 	 9.24435e-05 	 5.91361e-05
     2.438 	  9.2914e-05 	 5.94622e-05
     2.439 	 9.33646e-05 	 5.97759e-05
     2.440 	 9.37852e-05 	 6.00706e-05
     2.441 	 9.41786e-05 	 6.03488e-05
     2.442 	 9.45012e-05 	 6.05819e-05
     2.443 	  9.4793e-05 	 6.07955e-05
     2.444 	 9.50297e-05 	 6.09738e-05
     2.445 	 9.52825e-05 	 6.11626e-05
     2.446 	 9.55378e-05 	 6.13532e-05
     2.447 	 9.57494e-05 	 6.15158e-05
     2.448 	 9.59345e-05 	 6.16485e-05
     2.449 	 9.60915e-05 	 6.17762e-05
     2.450 	 9.61313e-05 	 6.18287e-05
     2.451 	 9.61172e-05 	 6.18451e-05
     2.452 	 9.60012e-05 	 6.1796e-05
     2.453 	 9.57965e-05 	 6.16772e-05
     2.454 	  9.5542e-05 	 6.15388e-05
     2.455 	 9.52097e-05 	 6.135e-05
     2.456 	 9.48546e-05 	 6.11465e-05
     2.457 	 9.44711e-05 	 6.09244e-05
     2.458 	 9.40824e-05 	 6.06988e-05
     2.459 	 9.37138e-05 	 6.04859e-05
     2.460 	 9.34177e-05 	 6.03197e-05
     2.461 	 9.31855e-05 	 6.01911e-05
     2.462 	 9.29936e-05 	 6.00951e-05
     2.463 	 9.29085e-05 	 6.0068e-05
     2.464 	 9.28783e-05 	 6.00763e-05
     2.465 	 9.29292e-05 	 6.01372e-05
     2.466 	 9.30929e-05 	 6.02709e-05
     2.467 	 9.33044e-05 	 6.04358e-05
     2.468 	 9.35973e-05 	 6.06535e-05
     2.469 	 9.39282e-05 	 6.08769e-05
     2.470 	 9.42868e-05 	 6.11375e-05
     2.471 	 9.47087e-05 	 6.14439e-05
     2.472 	 9.51488e-05 	 6.17624e-05
     2.473 	 9.56175e-05 	 6.20997e-05
     2.474 	 9.60268e-05 	 6.23989e-05
     2.475 	 9.64031e-05 	 6.26634e-05
     2.476 	 9.66999e-05 	 6.28899e-05
     2.477 	 9.69348e-05 	 6.30761e-05
     2.478 	 9.71166e-05 	 6.3228e-05
     2.479 	  9.7146e-05 	 6.32678e-05
     2.480 	 9.71102e-05 	 6.32711e-05
     2.481 	 9.69612e-05 	 6.32069e-05
     2.482 	 9.66959e-05 	 6.30667e-05
     2.483 	 9.63784e-05 	 6.28923e-05
     2.484 	 9.60113e-05 	 6.26853e-05
     2.485 	 9.56206e-05 	 6.24558e-05
     2.486 	 9.52059e-05 	 6.22171e-05
     2.487 	 9.48535e-05 	 6.20062e-05
     2.488 	 9.45292e-05 	 6.18262e-05
     2.489 	 9.42572e-05 	 6.16733e-05
     2.490 	  9.4036e-05 	 6.15603e-05
     2.491 	 9.38474e-05 	 6.14628e-05
     2.492 	 9.37711e-05 	 6.14325e-05
     2.493 	 9.37004e-05 	 6.13928e-05
     2.494 	 9.36365e-05 	 6.13766e-05
     2.495 	 0.000149663 	 9.81419e-05
     2.496 	 0.000215544 	 0.000141387
     2.497 	 0.000281053 	 0.000184436
     2.498 	 0.000346123 	 0.000227231
     2.499 	 0.000412568 	 0.000270911
     2.500 	  0.00052959 	 0.00034786
     2.501 	 0.000605601 	 0.000397929
     2.502 	  0.00068045 	 0.00044727
     2.503 	 0.000754917 	 0.00049634
     2.504 	 0.000828813 	 0.000545007
     2.505 	 0.000900772 	 0.000592536
     2.506 	 0.000907229 	 0.000596869
     2.507 	 0.000898161 	 0.000591111
     2.508 	 0.000887988 	 0.000584503
     2.509 	 0.000876763 	 0.000577255
     2.510 	  0.00086317 	 0.000568505
     2.511 	 0.000848189 	 0.000558855
     2.512 	 0.000832172 	 0.000548342
     2.513 	 0.000814658 	 0.00053701
     2.514 	 0.000795136 	 0.000524286
     2.515 	 0.000774589 	 0.000510934
     2.516 	 0.000753687 	 0.000497238
     2.517 	 0.000731541 	 0.00048276
     2.518 	 0.000708286 	 0.000467546
     2.519 	 0.000684067 	 0.00045164
     2.520 	 0.000658993 	 0.000435205
     2.521 	 0.000633582 	 0.000418589
     2.522 	 0.000607124 	 0.000401141
     2.523 	 0.000580059 	 0.000383409
     2.524 	 0.000553181 	 0.000365747
     2.525 	 0.000526553 	 0.000348278
     2.526 	 0.000499779 	 0.000330631
     2.527 	 0.000472799 	 0.00031287
     2.528 	 0.000445574 	 0.00029494
     2.529 	 0.000419759 	 0.000277874
     2.530 	 0.000394339 	 0.000261148
     2.531 	 0.000369299 	 0.000244647
     2.532 	 0.000345669 	 0.000229048
     2.533 	 0.000322591 	 0.000213828
     2.534 	 0.000300375 	 0.00019919
     2.535 	 0.000279199 	 0.000185192
     2.536 	 0.000259377 	 0.000172101
     2.537 	 0.000240749 	 0.000159812
     2.538 	 0.000223244 	 0.000148196
     2.539 	 0.000206892 	 0.000137401
     2.540 	 0.000191507 	 0.000127226
     2.541 	 0.000177054 	 0.000117648
     2.542 	 0.000163216 	 0.000108486
     2.543 	  0.00014976 	 9.95823e-05
     2.544 	 0.000139398 	 9.2701e-05
     2.545 	 0.000129361 	 8.60611e-05
     2.546 	 0.000119616 	 7.95854e-05
     2.547 	 0.000110209 	 7.33488e-05
     2.548 	 0.000102708 	 6.83768e-05
     2.549 	 9.50242e-05 	 6.32673e-05
     2.550 	 8.73316e-05 	 5.8169e-05
     2.551 	 8.04373e-05 	 5.35925e-05
     2.552 	 7.48555e-05 	 4.98831e-05
     2.553 	 7.01112e-05 	 4.6735e-05
     2.554 	 6.57582e-05 	 4.38508e-05
     2.555 	 6.04456e-05 	 4.03114e-05
     2.556 	 5.61147e-05 	 3.7438e-05
     2.557 	 5.27029e-05 	 3.51682e-05
     2.558 	 5.00051e-05 	 3.33744e-05
     2.559 	 4.67078e-05 	 3.11826e-05
     2.560 	 4.46283e-05 	 2.98028e-05
     2.561 	 4.27117e-05 	 2.85285e-05
     2.562 	 4.04819e-05 	 2.7047e-05
     2.563 	 3.78833e-05 	 2.5321e-05
     2.564 	 3.50789e-05 	 2.34486e-05
     2.565 	 3.27249e-05 	 2.18814e-05
     2.566 	 3.13123e-05 	 2.09431e-05
     2.567 	 3.02724e-05 	 2.02493e-05
     2.568 	 2.85009e-05 	 1.90719e-05
     2.569 	 2.64943e-05 	 1.77343e-05
     2.570 	 2.48031e-05 	 1.66036e-05
     2.571 	  2.3601e-05 	 1.58051e-05
     2.572 	 2.28353e-05 	 1.52966e-05
     2.573 	 2.23966e-05 	 1.50055e-05
     2.574 	 2.21279e-05 	 1.48297e-05
     2.575 	  2.2572e-05 	 1.51316e-05
     2.576 	 2.27851e-05 	 1.52757e-05
     2.577 	  2.2683e-05 	 1.52115e-05
     2.578 	 2.23146e-05 	 1.49686e-05
     2.579 	 2.20188e-05 	 1.47729e-05
     2.580 	 2.20358e-05 	 1.47885e-05
     2.581 	 2.23817e-05 	 1.50248e-05
     2.582 	 2.28885e-05 	 1.5371e-05
     2.583 	 2.26715e-05 	 1.52264e-05
     2.584 	 2.25133e-05 	 1.51244e-05
     2.585 	 2.26664e-05 	 1.52332e-05
     2.586 	 2.28942e-05 	 1.53875e-05
     2.587 	 2.28535e-05 	 1.53629e-05
     2.588 	  2.2608e-05 	 1.52037e-05
     2.589 	 2.22058e-05 	 1.49374e-05
     2.590 	 2.22037e-05 	 1.49371e-05
     2.591 	 2.14896e-05 	 1.44628e-05
     2.592 	 2.03147e-05 	 1.36763e-05
     2.593 	  1.8865e-05 	 1.27043e-05
     2.594 	 1.88048e-05 	 1.26665e-05
     2.595 	 1.86349e-05 	 1.2556e-05
     2.596 	 1.83648e-05 	 1.23778e-05
     2.597 	 1.80277e-05 	 1.21557e-05
     2.598 	 1.82227e-05 	 1.22885e-05
     2.599 	 1.86049e-05 	 1.25489e-05
     2.600 	 1.91846e-05 	 1.29439e-05
     2.601 	 2.00664e-05 	 1.35436e-05
     2.602 	 2.02277e-05 	 1.36559e-05
     2.603 	 2.04103e-05 	 1.37825e-05
     2.604 	 2.07494e-05 	 1.40136e-05
     2.605 	 2.13162e-05 	 1.44e-05
     2.606 	 2.11037e-05 	 1.42599e-05
     2.607 	 2.08166e-05 	 1.40694e-05
     2.608 	 2.07406e-05 	 1.40229e-05
     2.609 	 2.14566e-05 	 1.45105e-05
     2.610 	 2.14971e-05 	 1.45415e-05
     2.611 	 2.08887e-05 	 1.41337e-05
     2.612 	 1.97513e-05 	 1.33691e-05
     2.613 	 1.97981e-05 	 1.34044e-05
     2.614 	 1.97344e-05 	 1.33648e-05
     2.615 	 1.91968e-05 	 1.30042e-05
     2.616 	 1.79396e-05 	 1.21571e-05
     2.617 	 1.80852e-05 	 1.2259e-05
     2.618 	 1.80085e-05 	 1.22103e-05
     2.619 	 1.75788e-05 	 1.19221e-05
     2.620 	 1.66217e-05 	 1.12771e-05
     2.621 	 1.63364e-05 	 1.10868e-05
     2.622 	 1.61747e-05 	 1.09801e-05
     2.623 	 1.60375e-05 	 1.08901e-05
     2.624 	 1.57943e-05 	 1.07281e-05
     2.625 	 1.52148e-05 	 1.03385e-05
     2.626 	 1.50782e-05 	 1.02486e-05
     2.627 	 1.52734e-05 	 1.03842e-05
     2.628 	 1.52873e-05 	 1.03966e-05
     2.629 	  1.6202e-05 	 1.10218e-05
     2.630 	  1.6971e-05 	 1.15495e-05
     2.631 	  1.7351e-05 	 1.18112e-05
     2.632 	 1.72068e-05 	 1.17161e-05
     2.633 	  1.7713e-05 	 1.20639e-05
     2.634 	 1.78474e-05 	 1.21587e-05
     2.635 	 1.73873e-05 	 1.18496e-05
     2.636 	 1.74528e-05 	 1.18974e-05
     2.637 	 1.72991e-05 	 1.17957e-05
     2.638 	 1.70069e-05 	 1.15995e-05
     2.639 	  1.6575e-05 	 1.13078e-05
     2.640 	 1.52664e-05 	 1.04189e-05
     2.641 	 1.47543e-05 	 1.00721e-05
     2.642 	 1.47299e-05 	 1.00581e-05
     2.643 	 1.49675e-05 	 1.02231e-05
     2.644 	 1.47192e-05 	 1.00562e-05
     2.645 	 1.50391e-05 	 1.02775e-05
     2.646 	 1.58469e-05 	 1.08335e-05
     2.647 	 1.70643e-05 	 1.16689e-05
     2.648 	 1.78329e-05 	 1.21977e-05
     2.649 	 1.84942e-05 	 1.26534e-05
     2.650 	 1.91155e-05 	 1.30819e-05
     2.651 	 1.97837e-05 	 1.35422e-05
     2.652 	 1.97414e-05 	 1.35176e-05
     2.653 	 1.92946e-05 	 1.32145e-05
     2.654 	 1.87049e-05 	 1.28134e-05
     2.655 	 1.87005e-05 	 1.28132e-05
     2.656 	 1.92626e-05 	 1.32012e-05
     2.657 	  1.9115e-05 	 1.31028e-05
     2.658 	 1.81464e-05 	 1.24415e-05
     2.659 	 1.77047e-05 	 1.21426e-05
     2.660 	 1.71308e-05 	 1.17515e-05
     2.661 	 1.65148e-05 	 1.13311e-05
     2.662 	  1.5883e-05 	 1.08997e-05
     2.663 	  1.5124e-05 	 1.03808e-05
     2.664 	 1.48419e-05 	 1.01891e-05
     2.665 	 1.45992e-05 	 1.00244e-05
     2.666 	 1.40954e-05 	 9.68135e-06
     2.667 	 1.27064e-05 	 8.72896e-06
     2.668 	 1.19329e-05 	 8.19914e-06
     2.669 	 1.13929e-05 	 7.82958e-06
     2.670 	 1.07017e-05 	 7.35594e-06
     2.671 	 1.01866e-05 	 7.00342e-06
     2.672 	 9.91605e-06 	 6.81822e-06
     2.673 	 9.87403e-06 	 6.7908e-06
     2.674 	 1.00534e-05 	 6.91568e-06
     2.675 	 9.66739e-06 	 6.6523e-06
     2.676 	 9.06548e-06 	 6.23947e-06
     2.677 	 8.53625e-06 	 5.8753e-06
     2.678 	 8.75281e-06 	 6.02565e-06
     2.679 	 9.47224e-06 	 6.52235e-06
     2.680 	 1.00314e-05 	 6.90886e-06
     2.681 	 1.03229e-05 	 7.11104e-06
     2.682 	 1.04387e-05 	 7.19224e-06
     2.683 	 1.03269e-05 	 7.11662e-06
     2.684 	 1.05167e-05 	 7.24963e-06
     2.685 	 1.11559e-05 	 7.69178e-06
     2.686 	 1.19816e-05 	 8.26272e-06
     2.687 	 1.32737e-05 	 9.15558e-06
     2.688 	 1.44279e-05 	 9.95366e-06
     2.689 	 1.50918e-05 	 1.04137e-05
     2.690 	  1.4722e-05 	 1.01575e-05
     2.691 	 1.49032e-05 	 1.02835e-05
     2.692 	  1.5395e-05 	 1.06239e-05
     2.693 	 1.60242e-05 	 1.10592e-05
     2.694 	 1.67319e-05 	 1.15488e-05
     2.695 	 1.68505e-05 	 1.1633e-05
     2.696 	 1.64358e-05 	 1.13479e-05
     2.697 	   1.552e-05 	 1.07144e-05
     2.698 	 1.40201e-05 	 9.67989e-06
     2.699 	 1.26403e-05 	 8.72807e-06
     2.700 	 1.15752e-05 	 7.9926e-06
     2.701 	 1.11674e-05 	 7.71307e-06
     2.702 	 1.07161e-05 	 7.40258e-06
     2.703 	 1.03514e-05 	 7.15183e-06
     2.704 	 1.01038e-05 	 6.9819e-06
     2.705 	 1.00198e-05 	 6.92499e-06
     2.706 	 9.82238e-06 	 6.78965e-06
     2.707 	 9.80629e-06 	 6.77965e-06
     2.708 	 1.00506e-05 	 6.95042e-06
     2.709 	 1.05766e-05 	 7.31535e-06
     2.710 	 1.12299e-05 	 7.76847e-06
     2.711 	 1.19568e-05 	 8.27182e-06
     2.712 	 1.26977e-05 	 8.78491e-06
     2.713 	 1.30109e-05 	 9.00214e-06
     2.714 	 1.29678e-05 	 8.97286e-06
     2.715 	 1.27563e-05 	 8.82703e-06
     2.716 	 1.24925e-05 	 8.645e-06
     2.717 	 1.24463e-05 	 8.61441e-06
     2.718 	 1.25345e-05 	 8.67596e-06
     2.719 	 1.27275e-05 	 8.81007e-06
     2.720 	  1.3004e-05 	 9.00199e-06
     2.721 	 1.25897e-05 	 8.71608e-06
     2.722 	 1.16285e-05 	 8.05145e-06
     2.723 	 1.05994e-05 	 7.33965e-06
     2.724 	 1.02653e-05 	 7.10977e-06
     2.725 	 9.82789e-06 	 6.80751e-06
     2.726 	 9.35736e-06 	 6.48224e-06
     2.727 	 8.77121e-06 	 6.0768e-06
     2.728 	 7.82832e-06 	 5.4241e-06
     2.729 	  7.0426e-06 	 4.88018e-06
     2.730 	 6.34415e-06 	 4.39662e-06
     2.731 	   5.821e-06 	 4.03463e-06
     2.732 	 5.90089e-06 	 4.08974e-06
     2.733 	 6.34271e-06 	 4.39657e-06
     2.734 	 6.60418e-06 	 4.57845e-06
     2.735 	 6.62045e-06 	 4.59036e-06
     2.736 	 7.19784e-06 	 4.9914e-06
     2.737 	 7.38135e-06 	 5.11936e-06
     2.738 	 7.41239e-06 	 5.1416e-06
     2.739 	 7.40895e-06 	 5.13992e-06
     2.740 	 7.46043e-06 	 5.17529e-06
     2.741 	 7.36361e-06 	 5.10883e-06
     2.742 	 7.18124e-06 	 4.98299e-06
     2.743 	 6.95688e-06 	 4.82848e-06
     2.744 	 6.52722e-06 	 4.53089e-06
     2.745 	  6.4012e-06 	 4.44311e-06
     2.746 	 6.45984e-06 	 4.48443e-06
     2.747 	 6.56638e-06 	 4.55855e-06
     2.748 	 6.80626e-06 	 4.72572e-06
     2.749 	  6.9505e-06 	 4.82554e-06
     2.750 	 7.03491e-06 	 4.8848e-06
     2.751 	 7.15146e-06 	 4.96639e-06
     2.752 	 6.79408e-06 	 4.71787e-06
     2.753 	 6.53988e-06 	 4.54195e-06
     2.754 	  6.4967e-06 	 4.51257e-06
     2.755 	 6.77441e-06 	 4.70465e-06
     2.756 	 6.56928e-06 	 4.56279e-06
     2.757 	 6.01711e-06 	 4.17982e-06
     2.758 	 5.18789e-06 	 3.60354e-06
     2.759 	 4.29668e-06 	 2.98489e-06
     2.760 	 4.01478e-06 	 2.78857e-06
     2.761 	  3.9232e-06 	 2.72572e-06
     2.762 	 3.94354e-06 	 2.74006e-06
     2.763 	 4.85382e-06 	 3.37348e-06
     2.764 	 5.08662e-06 	 3.53518e-06
     2.765 	 5.06265e-06 	 3.5195e-06
     2.766 	 5.01564e-06 	 3.48708e-06
     2.767 	 4.66098e-06 	 3.24108e-06
     2.768 	 4.34937e-06 	 3.02462e-06
     2.769 	 4.19189e-06 	 2.91591e-06
     2.770 	 4.31021e-06 	 2.99813e-06
     2.771 	  4.4933e-06 	 3.12567e-06
     2.772 	 4.72353e-06 	 3.28669e-06
     2.773 	 4.74446e-06 	 3.30112e-06
     2.774 	 4.13609e-06 	 2.8783e-06
     2.775 	 3.69975e-06 	 2.57507e-06
     2.776 	 3.57528e-06 	 2.48859e-06
     2.777 	  3.7336e-06 	 2.59868e-06
     2.778 	 4.10242e-06 	 2.85555e-06
     2.779 	 4.58861e-06 	 3.19383e-06
     2.780 	 4.82189e-06 	 3.35708e-06
     2.781 	 4.78215e-06 	 3.32985e-06
     2.782 	  4.6415e-06 	 3.23267e-06
     2.783 	 4.68441e-06 	 3.26298e-06
     2.784 	  4.7043e-06 	 3.2776e-06
     2.785 	 4.68453e-06 	 3.26425e-06
     2.786 	 4.94621e-06 	 3.44704e-06
     2.787 	 4.50023e-06 	 3.13696e-06
     2.788 	 3.86439e-06 	 2.69408e-06
     2.789 	 3.27491e-06 	 2.28342e-06
     2.790 	 2.67003e-06 	 1.8621e-06
     2.791 	 2.77488e-06 	 1.93562e-06
     2.792 	 3.08885e-06 	 2.15464e-06
     2.793 	 3.24739e-06 	 2.26592e-06
     2.794 	 3.13066e-06 	 2.18492e-06
     2.795 	 3.48524e-06 	 2.43289e-06
     2.796 	 4.04089e-06 	 2.82134e-06
     2.797 	 4.48387e-06 	 3.13063e-06
     2.798 	 5.06199e-06 	 3.53499e-06
     2.799 	 5.62262e-06 	 3.92771e-06
     2.800 	 6.14529e-06 	 4.29282e-06
     2.801 	 6.60231e-06 	 4.61341e-06
     2.802 	 6.39843e-06 	 4.47132e-06
     2.803 	 6.21645e-06 	 4.34539e-06
     2.804 	 6.10363e-06 	 4.26688e-06
     2.805 	 5.94126e-06 	 4.15457e-06
     2.806 	 5.62176e-06 	 3.93106e-06
     2.807 	 5.33472e-06 	 3.73103e-06
     2.808 	 5.12913e-06 	 3.58755e-06
     2.809 	 5.03271e-06 	 3.52039e-06
     2.810 	   4.725e-06 	 3.30609e-06
     2.811 	 4.42251e-06 	 3.09501e-06
     2.812 	 4.23762e-06 	 2.96616e-06
     2.813 	 4.45731e-06 	 3.12083e-06
     2.814 	 4.66782e-06 	 3.26882e-06
     2.815 	 4.80408e-06 	 3.36485e-06
     2.816 	 4.81757e-06 	 3.37492e-06
     2.817 	 4.56239e-06 	 3.19641e-06
     2.818 	 4.33017e-06 	 3.03427e-06
     2.819 	 4.19032e-06 	 2.93741e-06
     2.820 	 4.21507e-06 	 2.95499e-06
     2.821 	 4.97382e-06 	 3.48792e-06
     2.822 	  5.3971e-06 	 3.78583e-06
     2.823 	 5.49853e-06 	 3.85768e-06
     2.824 	 5.30053e-06 	 3.71983e-06
     2.825 	 4.96857e-06 	 3.48786e-06
     2.826 	 4.96036e-06 	 3.48273e-06
     2.827 	 5.28896e-06 	 3.7145e-06
     2.828 	 5.92818e-06 	 4.16333e-06
     2.829 	 6.72105e-06 	 4.72101e-06
     2.830 	 7.05086e-06 	 4.95357e-06
     2.831 	 6.84367e-06 	 4.80968e-06
     2.832 	 6.19092e-06 	 4.35201e-06
     2.833 	 6.25413e-06 	 4.39797e-06
     2.834 	 6.60661e-06 	 4.64602e-06
     2.835 	 7.06741e-06 	 4.9718e-06
     2.836 	 7.22212e-06 	 5.08188e-06
     2.837 	 6.76376e-06 	 4.76053e-06
     2.838 	 6.04042e-06 	 4.25202e-06
     2.839 	 5.22606e-06 	 3.67966e-06
     2.840 	 4.66945e-06 	 3.2889e-06
     2.841 	 4.72337e-06 	 3.32684e-06
     2.842 	 4.90367e-06 	 3.45488e-06
     2.843 	 4.86716e-06 	 3.43054e-06
     2.844 	 4.69165e-06 	 3.30715e-06
     2.845 	 4.28272e-06 	 3.0198e-06
     2.846 	 3.89535e-06 	 2.74777e-06
     2.847 	 3.83131e-06 	 2.70285e-06
     2.848 	 3.78488e-06 	 2.6709e-06
     2.849 	 3.70224e-06 	 2.61255e-06
     2.850 	 3.67401e-06 	 2.59367e-06
     2.851 	 3.87851e-06 	 2.73837e-06
     2.852 	 3.96981e-06 	 2.80374e-06
     2.853 	 4.32255e-06 	 3.05324e-06
     2.854 	 4.81456e-06 	 3.40223e-06
     2.855 	 4.96759e-06 	 3.51079e-06
     2.856 	 4.97678e-06 	 3.51843e-06
     2.857 	  4.9274e-06 	 3.48357e-06
     2.858 	 4.94013e-06 	 3.49334e-06
     2.859 	 5.51263e-06 	 3.89945e-06
     2.860 	 5.98685e-06 	 4.2354e-06
     2.861 	 5.95942e-06 	 4.21768e-06
     2.862 	 5.32083e-06 	 3.76647e-06
     2.863 	 4.55543e-06 	 3.22495e-06
     2.864 	 3.80472e-06 	 2.69486e-06
     2.865 	 3.26566e-06 	 2.31349e-06
     2.866 	 3.07674e-06 	 2.18008e-06
     2.867 	 3.56479e-06 	 2.52691e-06
     2.868 	 3.91048e-06 	 2.7722e-06
     2.869 	 4.09218e-06 	 2.90157e-06
     2.870 	 4.07768e-06 	 2.89245e-06
     2.871 	 4.33159e-06 	 3.07315e-06
     2.872 	 4.39019e-06 	 3.11564e-06
     2.873 	 4.39622e-06 	 3.12084e-06
     2.874 	 4.56273e-06 	 3.23967e-06
     2.875 	 5.29621e-06 	 3.76118e-06
     2.876 	 5.49855e-06 	 3.90562e-06
     2.877 	 5.15773e-06 	 3.66501e-06
     2.878 	 4.38714e-06 	 3.11771e-06
     2.879 	  4.2337e-06 	 3.00924e-06
     2.880 	 4.11839e-06 	 2.92784e-06
     2.881 	  3.8971e-06 	 2.77168e-06
     2.882 	  3.3809e-06 	 2.40505e-06
     2.883 	  3.5407e-06 	 2.51925e-06
     2.884 	 3.67526e-06 	 2.61553e-06
     2.885 	 3.57759e-06 	 2.54709e-06
     2.886 	 3.17767e-06 	 2.26259e-06
     2.887 	 3.43599e-06 	 2.44704e-06
     2.888 	 3.89916e-06 	 2.77747e-06
     2.889 	 4.36701e-06 	 3.11203e-06
     2.890 	 4.75073e-06 	 3.38583e-06
     2.891 	 5.09826e-06 	 3.63434e-06
     2.892 	 5.42193e-06 	 3.86594e-06
     2.893 	 5.72192e-06 	 4.08034e-06
     2.894 	 5.50285e-06 	 3.92583e-06
     2.895 	 5.49136e-06 	 3.91892e-06
     2.896 	 5.57858e-06 	 3.98207e-06
     2.897 	 5.65011e-06 	 4.03362e-06
     2.898 	 5.20388e-06 	 3.7159e-06
     2.899 	 5.08835e-06 	 3.63498e-06
     2.900 	 5.15513e-06 	 3.68314e-06
     2.901 	 5.09429e-06 	 3.64052e-06
     2.902 	 4.44146e-06 	 3.17474e-06
     2.903 	 3.88475e-06 	 2.77717e-06
     2.904 	 3.62813e-06 	 2.59433e-06
     2.905 	 4.05022e-06 	 2.89682e-06
     2.906 	 4.11518e-06 	 2.94367e-06
     2.907 	 3.84388e-06 	 2.74996e-06
     2.908 	 3.35032e-06 	 2.39667e-06
     2.909 	  3.1428e-06 	 2.24875e-06
     2.910 	 2.59698e-06 	 1.85864e-06
     2.911 	 1.89632e-06 	 1.35733e-06
     2.912 	 1.20192e-06 	 8.60485e-07
     2.913 	 1.37675e-06 	 9.85863e-07
     2.914 	 1.66837e-06 	 1.19444e-06
     2.915 	 1.80479e-06 	 1.29239e-06
     2.916 	 1.64637e-06 	 1.17908e-06
     2.917 	  1.6107e-06 	 1.15378e-06
     2.918 	 1.61813e-06 	 1.15935e-06
     2.919 	  1.7366e-06 	 1.24411e-06
     2.920 	 2.03338e-06 	 1.45688e-06
     2.921 	 2.31093e-06 	 1.65588e-06
     2.922 	 2.41143e-06 	 1.72821e-06
     2.923 	 2.35598e-06 	 1.68861e-06
     2.924 	 2.16263e-06 	 1.54999e-06
     2.925 	 1.86796e-06 	 1.33876e-06
     2.926 	 1.56907e-06 	 1.12476e-06
     2.927 	 1.31447e-06 	 9.42326e-07
     2.928 	 1.19893e-06 	 8.59473e-07
     2.929 	  1.1692e-06 	 8.38315e-07
     2.930 	 1.33256e-06 	 9.5552e-07
     2.931 	 1.68813e-06 	 1.21054e-06
     2.932 	 2.18754e-06 	 1.56841e-06
     2.933 	 2.53421e-06 	 1.81724e-06
     2.934 	 2.79766e-06 	 2.00625e-06
     2.935 	 2.97678e-06 	 2.13503e-06
     2.936 	 2.96078e-06 	 2.12366e-06
     2.937 	 3.33546e-06 	 2.39176e-06
     2.938 	 3.74965e-06 	 2.68917e-06
     2.939 	  4.0407e-06 	 2.89804e-06
     2.940 	 4.05251e-06 	 2.90695e-06
     2.941 	 3.60763e-06 	 2.58787e-06
     2.942 	 2.95446e-06 	 2.11958e-06
     2.943 	 2.25482e-06 	 1.61733e-06
     2.944 	 1.94033e-06 	 1.39192e-06
     2.945 	 1.84792e-06 	 1.32551e-06
     2.946 	 1.94494e-06 	 1.39512e-06
     2.947 	 2.21209e-06 	 1.58694e-06
     2.948 	 2.03174e-06 	 1.45758e-06
     2.949 	 2.02752e-06 	 1.45472e-06
     2.950 	 2.12306e-06 	 1.5233e-06
     2.951 	 2.15672e-06 	 1.54741e-06
     2.952 	 2.21572e-06 	 1.58987e-06
     2.953 	 2.46455e-06 	 1.76837e-06
     2.954 	 2.86151e-06 	 2.05335e-06
     2.955 	 3.26072e-06 	 2.33976e-06
     2.956 	 3.34176e-06 	 2.39785e-06
     2.957 	  3.2233e-06 	 2.31303e-06
     2.958 	 2.99655e-06 	 2.15026e-06
     2.959 	 2.96053e-06 	 2.12503e-06
     2.960 	 2.77234e-06 	 1.9901e-06
     2.961 	 2.62435e-06 	 1.88365e-06
     2.962 	 2.57931e-06 	 1.8511e-06
     2.963 	 2.61448e-06 	 1.87632e-06
     2.964 	  2.4116e-06 	 1.73088e-06
     2.965 	   2.226e-06 	 1.59765e-06
     2.966 	 2.22837e-06 	 1.59916e-06
     2.967 	 3.07754e-06 	 2.20899e-06
     2.968 	 3.50431e-06 	 2.51502e-06
     2.969 	 3.60109e-06 	 2.585e-06
     2.970 	 3.42129e-06 	 2.45589e-06
     2.971 	 3.14677e-06 	 2.25883e-06
     2.972 	 3.05471e-06 	 2.1925e-06
     2.973 	 3.07269e-06 	 2.2054e-06
     2.974 	 3.11012e-06 	 2.23178e-06
     2.975 	 3.04008e-06 	 2.18197e-06
     2.976 	 2.89465e-06 	 2.07758e-06
     2.977 	 2.61814e-06 	 1.87891e-06
     2.978 	 2.07375e-06 	 1.48822e-06
     2.979 	 2.19578e-06 	 1.57612e-06
     2.980 	 2.22238e-06 	 1.59538e-06
     2.981 	 2.11513e-06 	 1.51796e-06
     2.982 	 2.11406e-06 	 1.51726e-06
     2.983 	 2.10675e-06 	 1.51192e-06
     2.984 	 2.11113e-06 	 1.51512e-06
     2.985 	 2.14751e-06 	 1.54129e-06
     2.986 	 2.30525e-06 	 1.65474e-06
     2.987 	 2.25393e-06 	 1.61815e-06
     2.988 	 1.97758e-06 	 1.41981e-06
     2.989 	 1.51259e-06 	 1.08601e-06
     2.990 	  1.4519e-06 	 1.04248e-06
     2.991 	 1.99206e-06 	 1.43025e-06
     2.992 	 2.69868e-06 	 1.93792e-06
     2.993 	 3.29947e-06 	 2.36924e-06
     2.994 	 3.81188e-06 	 2.73766e-06
     2.995 	 4.09801e-06 	 2.94332e-06
     2.996 	  4.3166e-06 	 3.10085e-06
     2.997 	 4.62733e-06 	 3.32391e-06
     2.998 	 5.41354e-06 	 3.88933e-06
     2.999 	  6.0928e-06 	 4.37808e-06
     3.000 	 6.59301e-06 	 4.7373e-06
     3.001 	 6.80911e-06 	 4.89335e-06
     3.002 	 6.93604e-06 	 4.98482e-06
     3.003 	 7.05613e-06 	 5.07029e-06
     3.004 	 7.10352e-06 	 5.1046e-06
     3.005 	 6.87703e-06 	 4.94262e-06
     3.006 	 6.99636e-06 	 5.02864e-06
     3.007 	 7.05146e-06 	 5.06903e-06
     3.008 	  6.9595e-06 	 5.00318e-06
     3.009 	 6.69834e-06 	 4.81567e-06
     3.010 	 6.97502e-06 	 5.01537e-06
     3.011 	 7.32256e-06 	 5.26485e-06
     3.012 	 7.52138e-06 	 5.40794e-06
     3.013 	 7.03626e-06 	 5.05821e-06
     3.014 	 6.80969e-06 	 4.89546e-06
     3.015 	 6.75171e-06 	 4.8539e-06
     3.016 	 6.79865e-06 	 4.88832e-06
     3.017 	 6.47658e-06 	 4.65687e-06
     3.018 	 6.67948e-06 	 4.80288e-06
     3.019 	 6.94194e-06 	 4.99228e-06
     3.020 	 6.89569e-06 	 4.95915e-06
     3.021 	 6.22391e-06 	 4.47571e-06
     3.022 	 5.40094e-06 	 3.88406e-06
     3.023 	 4.63346e-06 	 3.3319e-06
     3.024 	 4.19337e-06 	 3.01555e-06
     3.025 	 3.62037e-06 	 2.60387e-06
     3.026 	 3.33176e-06 	 2.39613e-06
     3.027 	 3.34227e-06 	 2.40404e-06
     3.028 	 3.66195e-06 	 2.63409e-06
     3.029 	 3.57127e-06 	 2.56868e-06
     3.030 	  3.6215e-06 	 2.60518e-06
     3.031 	 3.77369e-06 	 2.71481e-06
     3.032 	 3.65947e-06 	 2.63278e-06
     3.033 	  3.7081e-06 	 2.66763e-06
     3.034 	 3.86515e-06 	 2.78105e-06
     3.035 	 4.15117e-06 	 2.98701e-06
     3.036 	 4.74365e-06 	 3.41351e-06
     3.037 	 5.23678e-06 	 3.76817e-06
     3.038 	 5.43577e-06 	 3.91156e-06
     3.039 	 5.23131e-06 	 3.76503e-06
     3.040 	 4.42919e-06 	 3.1879e-06
     3.041 	 3.66022e-06 	 2.63464e-06
     3.042 	 3.33152e-06 	 2.3982e-06
     3.043 	 3.72122e-06 	 2.67863e-06
     3.044 	 4.59832e-06 	 3.30953e-06
     3.045 	 5.11701e-06 	 3.68388e-06
     3.046 	 5.28349e-06 	 3.80359e-06
     3.047 	 5.07505e-06 	 3.6542e-06
     3.048 	  4.9985e-06 	 3.59895e-06
     3.049 	  5.1445e-06 	 3.70513e-06
     3.050 	 5.34806e-06 	 3.85118e-06
     3.051 	   5.348e-06 	 3.85164e-06
     3.052 	 5.36249e-06 	 3.86134e-06
     3.053 	 4.99602e-06 	 3.59755e-06
     3.054 	 4.32273e-06 	 3.11313e-06
     3.055 	 3.59025e-06 	 2.58541e-06
     3.056 	 3.36633e-06 	 2.42394e-06
     3.057 	 3.55732e-06 	 2.5618e-06
     3.058 	 4.09865e-06 	 2.9514e-06
     3.059 	 4.80787e-06 	 3.46255e-06
     3.060 	   5.216e-06 	 3.75657e-06
     3.061 	 5.69112e-06 	 4.09894e-06
     3.062 	 6.33624e-06 	 4.5633e-06
     3.063 	 7.06538e-06 	 5.08864e-06
     3.064 	 7.68506e-06 	 5.53461e-06
     3.065 	 8.07981e-06 	 5.81856e-06
     3.066 	  8.2113e-06 	 5.9135e-06
     3.067 	 8.57854e-06 	 6.17761e-06
     3.068 	 8.35132e-06 	 6.01554e-06
     3.069 	 7.70854e-06 	 5.55221e-06
     3.070 	 6.76366e-06 	 4.87186e-06
     3.071 	 6.86371e-06 	 4.94295e-06
     3.072 	 7.13462e-06 	 5.13868e-06
     3.073 	 7.35892e-06 	 5.29918e-06
     3.074 	  7.2602e-06 	 5.22873e-06
     3.075 	 6.86235e-06 	 4.94123e-06
     3.076 	 6.45229e-06 	 4.64654e-06
     3.077 	 6.05403e-06 	 4.35933e-06
     3.078 	 5.68357e-06 	 4.09264e-06
     3.079 	 5.85532e-06 	 4.21593e-06
     3.080 	 5.91924e-06 	 4.26203e-06
     3.081 	 5.73272e-06 	 4.1283e-06
     3.082 	 5.10019e-06 	 3.67174e-06
     3.083 	 4.71304e-06 	 3.39279e-06
     3.084 	 4.34928e-06 	 3.13103e-06
     3.085 	 4.05742e-06 	 2.92102e-06
     3.086 	 4.35942e-06 	 3.13853e-06
     3.087 	 4.80167e-06 	 3.45669e-06
     3.088 	 5.25057e-06 	 3.77998e-06
     3.089 	 5.58981e-06 	 4.02433e-06
     3.090 	 5.18475e-06 	 3.73284e-06
     3.091 	 4.94512e-06 	 3.55998e-06
     3.092 	 4.86413e-06 	 3.50135e-06
     3.093 	 4.94615e-06 	 3.55969e-06
     3.094 	 5.15813e-06 	 3.7123e-06
     3.095 	 5.74433e-06 	 4.13336e-06
     3.096 	  6.2308e-06 	 4.48299e-06
     3.097 	 6.15417e-06 	 4.4284e-06
     3.098 	 5.84569e-06 	 4.20604e-06
     3.099 	 5.69066e-06 	 4.09368e-06
     3.100 	 5.77222e-06 	 4.15329e-06
     3.101 	 6.22747e-06 	 4.47995e-06
     3.102 	 7.23565e-06 	 5.20474e-06
     3.103 	 7.73539e-06 	 5.56308e-06
     3.104 	 7.70745e-06 	 5.54363e-06
     3.105 	 7.27882e-06 	 5.23539e-06
     3.106 	 7.25501e-06 	 5.21778e-06
     3.107 	  7.7106e-06 	 5.54608e-06
     3.108 	 8.54658e-06 	 6.14614e-06
     3.109 	 9.34413e-06 	 6.71975e-06
     3.110 	 9.80823e-06 	 7.05359e-06
     3.111 	 1.02075e-05 	 7.34083e-06
     3.112 	 1.05485e-05 	 7.58702e-06
     3.113 	 1.03481e-05 	 7.44222e-06
     3.114 	 1.06473e-05 	 7.65671e-06
     3.115 	 1.12094e-05 	 8.06106e-06
     3.116 	 1.18494e-05 	 8.52055e-06
     3.117 	 1.13134e-05 	 8.13613e-06
     3.118 	 1.04734e-05 	 7.53137e-06
     3.119 	 9.67604e-06 	 6.95738e-06
     3.120 	 9.17874e-06 	 6.602e-06
     3.121 	 8.66131e-06 	 6.22882e-06
     3.122 	 7.92546e-06 	 5.69993e-06
     3.123 	 7.20585e-06 	 5.18157e-06
     3.124 	  6.7863e-06 	 4.88013e-06
     3.125 	 6.68227e-06 	 4.80659e-06
     3.126 	 6.56702e-06 	 4.72292e-06
     3.127 	 6.52719e-06 	 4.69453e-06
     3.128 	 6.76608e-06 	 4.86711e-06
     3.129 	 7.53663e-06 	 5.42053e-06
     3.130 	 8.61876e-06 	 6.19914e-06
     3.131 	 9.95064e-06 	 7.15853e-06
     3.132 	 1.14556e-05 	 8.24112e-06
     3.133 	 1.34586e-05 	 9.67991e-06
     3.134 	 1.54252e-05 	 1.10954e-05
     3.135 	 1.72057e-05 	 1.2376e-05
     3.136 	 1.86569e-05 	 1.34211e-05
     3.137 	  2.0356e-05 	 1.46447e-05
     3.138 	 2.21001e-05 	 1.58992e-05
     3.139 	 2.37618e-05 	 1.70963e-05
     3.140 	 2.48402e-05 	 1.7872e-05
     3.141 	 2.55586e-05 	 1.83901e-05
     3.142 	 2.59955e-05 	 1.87038e-05
     3.143 	 2.61643e-05 	 1.88265e-05
     3.144 	 2.56781e-05 	 1.84779e-05
     3.145 	 2.55076e-05 	 1.83564e-05
     3.146 	 2.52933e-05 	 1.82016e-05
     3.147 	 2.46992e-05 	 1.77752e-05
     3.148 	 2.30552e-05 	 1.65915e-05
     3.149 	 2.13723e-05 	 1.53814e-05
     3.150 	 1.98076e-05 	 1.42548e-05
     3.151 	 1.85793e-05 	 1.33718e-05
     3.152 	 1.74043e-05 	 1.25258e-05
     3.153 	 1.62349e-05 	 1.16862e-05
     3.154 	 1.51407e-05 	 1.08983e-05
     3.155 	 1.42993e-05 	 1.02934e-05
     3.156 	 1.26888e-05 	 9.13572e-06
     3.157 	  1.1169e-05 	 8.04207e-06
     3.158 	 9.92645e-06 	 7.14718e-06
     3.159 	 9.13351e-06 	 6.57672e-06
     3.160 	 8.45624e-06 	 6.08886e-06
     3.161 	 7.78119e-06 	 5.60324e-06
     3.162 	 7.08161e-06 	 5.09935e-06
     3.163 	 6.39471e-06 	 4.60509e-06
     3.164 	 5.53388e-06 	 3.98507e-06
     3.165 	 4.68885e-06 	 3.37716e-06
     3.166 	 3.96709e-06 	 2.85724e-06
     3.167 	 3.63566e-06 	 2.61874e-06
     3.168 	 3.33771e-06 	 2.40407e-06
     3.169 	 3.03665e-06 	 2.1874e-06
     3.170 	 2.70853e-06 	 1.95099e-06
     3.171 	 2.56823e-06 	 1.85014e-06
     3.172 	 2.35305e-06 	 1.69514e-06
     3.173 	 2.02418e-06 	 1.45794e-06
     3.174 	 1.52735e-06 	 1.10021e-06
     3.175 	 1.24502e-06 	 8.96849e-07
     3.176 	 9.83353e-07 	 7.08363e-07
     3.177 	 7.03524e-07 	 5.06845e-07
     3.178 	 3.49228e-07 	 2.51547e-07
     3.179 	 2.42074e-07 	 1.74384e-07
     3.180 	  4.1836e-07 	 3.01411e-07
     3.181 	 7.57083e-07 	 5.45373e-07
     3.182 	 9.14761e-07 	 6.59008e-07
     3.183 	 1.15775e-06 	 8.34123e-07
     3.184 	 1.45368e-06 	 1.0473e-06
     3.185 	 1.76057e-06 	 1.26849e-06
     3.186 	 1.91041e-06 	 1.37627e-06
     3.187 	 2.14519e-06 	 1.54552e-06
     3.188 	 2.33378e-06 	 1.68117e-06
     3.189 	 2.43576e-06 	 1.75476e-06
     3.190 	 2.51875e-06 	 1.8143e-06
     3.191 	 2.72671e-06 	 1.96424e-06
     3.192 	 3.14365e-06 	 2.26452e-06
     3.193 	 3.81058e-06 	 2.74541e-06
     3.194 	 4.28724e-06 	 3.08872e-06
     3.195 	 4.62103e-06 	 3.32909e-06
     3.196 	  5.0048e-06 	 3.60507e-06
     3.197 	 5.61283e-06 	 4.04334e-06
     3.198 	  5.9561e-06 	 4.29048e-06
     3.199 	 6.29337e-06 	 4.53328e-06
     3.200 	 6.66763e-06 	 4.8027e-06
     3.201 	 7.13829e-06 	 5.14045e-06
     3.202 	  7.5703e-06 	 5.45078e-06
     3.203 	  7.5322e-06 	 5.42313e-06
     3.204 	 7.15433e-06 	 5.15033e-06
     3.205 	 6.76527e-06 	 4.86906e-06
     3.206 	  6.8418e-06 	 4.92343e-06
     3.207 	 7.19936e-06 	 5.17946e-06
     3.208 	 7.74019e-06 	 5.56776e-06
     3.209 	 8.23118e-06 	 5.91948e-06
     3.210 	 8.92132e-06 	 6.41423e-06
     3.211 	 9.33835e-06 	 6.71373e-06
     3.212 	 9.34547e-06 	 6.71783e-06
     3.213 	 8.92322e-06 	 6.414e-06
     3.214 	 8.81399e-06 	 6.33518e-06
     3.215 	 8.90703e-06 	 6.40107e-06
     3.216 	 9.15937e-06 	 6.58142e-06
     3.217 	 9.51795e-06 	 6.83875e-06
     3.218 	 9.40134e-06 	 6.75254e-06
     3.219 	 9.25371e-06 	 6.64548e-06
     3.220 	  9.3748e-06 	 6.73143e-06
     3.221 	 9.47365e-06 	 6.80029e-06
     3.222 	 9.77979e-06 	 7.0193e-06
     3.223 	 9.99432e-06 	 7.17325e-06
     3.224 	 9.77764e-06 	 7.01555e-06
     3.225 	 9.74231e-06 	 6.99019e-06
     3.226 	 9.46774e-06 	 6.79108e-06
     3.227 	 8.99498e-06 	 6.4513e-06
     3.228 	 8.40494e-06 	 6.02624e-06
     3.229 	 8.11949e-06 	 5.82096e-06
     3.230 	 7.62101e-06 	 5.4619e-06
     3.231 	  6.9342e-06 	 4.96877e-06
     3.232 	 6.26901e-06 	 4.49224e-06
     3.233 	 6.17524e-06 	 4.42425e-06
     3.234 	 6.39745e-06 	 4.58263e-06
     3.235 	 6.84191e-06 	 4.90164e-06
     3.236 	 7.32103e-06 	 5.24395e-06
     3.237 	 7.71188e-06 	 5.52291e-06
     3.238 	 7.95376e-06 	 5.69512e-06
     3.239 	  8.0371e-06 	 5.75317e-06
     3.240 	 8.09347e-06 	 5.79247e-06
     3.241 	 8.16576e-06 	 5.84465e-06
     3.242 	 8.27093e-06 	 5.91916e-06
     3.243 	 8.37271e-06 	 5.99185e-06
     3.244 	 7.49903e-06 	 5.36591e-06
     3.245 	 6.97527e-06 	 4.98998e-06
     3.246 	 6.68755e-06 	 4.78353e-06
     3.247 	 6.55639e-06 	 4.68911e-06
     3.248 	 7.08101e-06 	 5.06365e-06
     3.249 	 7.37388e-06 	 5.27239e-06
     3.250 	 7.43476e-06 	 5.31416e-06
     3.251 	 7.25392e-06 	 5.18463e-06
     3.252 	 6.81388e-06 	 4.86986e-06
     3.253 	 6.49895e-06 	 4.64407e-06
     3.254 	 6.36262e-06 	 4.54641e-06
     3.255 	 6.48092e-06 	 4.6307e-06
     3.256 	 6.29408e-06 	 4.49605e-06
     3.257 	 6.21197e-06 	 4.43717e-06
     3.258 	 6.25553e-06 	 4.46805e-06
     3.259 	 6.29135e-06 	 4.49294e-06
     3.260 	 6.53965e-06 	 4.66906e-06
     3.261 	  6.6689e-06 	 4.76128e-06
     3.262 	 6.67619e-06 	 4.76641e-06
     3.263 	 7.06207e-06 	 5.0408e-06
     3.264 	 6.93391e-06 	 4.94873e-06
     3.265 	 6.83036e-06 	 4.87476e-06
     3.266 	 6.96992e-06 	 4.97328e-06
     3.267 	 7.22202e-06 	 5.15308e-06
     3.268 	 6.87719e-06 	 4.90646e-06
     3.269 	 6.11014e-06 	 4.35825e-06
     3.270 	 5.01768e-06 	 3.57898e-06
     3.271 	 3.97086e-06 	 2.83178e-06
     3.272 	 3.85278e-06 	 2.74735e-06
     3.273 	  4.3065e-06 	 3.07031e-06
     3.274 	 5.00011e-06 	 3.56491e-06
     3.275 	 5.80718e-06 	 4.13955e-06
     3.276 	 6.34067e-06 	 4.51947e-06
     3.277 	 6.65728e-06 	 4.74425e-06
     3.278 	 6.85283e-06 	 4.88373e-06
     3.279 	 7.29939e-06 	 5.20101e-06
     3.280 	 8.12091e-06 	 5.78588e-06
     3.281 	 9.25364e-06 	 6.5914e-06
     3.282 	 1.05255e-05 	 7.49719e-06
     3.283 	 1.08751e-05 	 7.746e-06
     3.284 	 1.07099e-05 	 7.62737e-06
     3.285 	 1.02607e-05 	 7.30805e-06
     3.286 	 1.01796e-05 	 7.24862e-06
     3.287 	 1.06512e-05 	 7.58348e-06
     3.288 	 1.13793e-05 	 8.10253e-06
     3.289 	 1.22768e-05 	 8.74047e-06
     3.290 	 1.33663e-05 	 9.51395e-06
     3.291 	  1.3847e-05 	 9.85718e-06
     3.292 	 1.39285e-05 	 9.91421e-06
     3.293 	 1.37196e-05 	 9.76354e-06
     3.294 	 1.36307e-05 	 9.70133e-06
     3.295 	 1.39603e-05 	 9.93492e-06
     3.296 	 1.44736e-05 	 1.02981e-05
     3.297 	 1.49919e-05 	 1.06681e-05
     3.298 	 1.48574e-05 	 1.05702e-05
     3.299 	 1.46883e-05 	 1.045e-05
     3.300 	 1.44662e-05 	 1.0292e-05
     3.301 	  1.4158e-05 	 1.00718e-05
     3.302 	 1.44936e-05 	 1.03118e-05
     3.303 	 1.45569e-05 	 1.03548e-05
     3.304 	 1.43941e-05 	 1.02413e-05
     3.305 	  1.4201e-05 	 1.0102e-05
     3.306 	 1.38258e-05 	 9.8362e-06
     3.307 	 1.36449e-05 	 9.70666e-06
     3.308 	 1.37441e-05 	 9.77736e-06
     3.309 	 1.42478e-05 	 1.01358e-05
     3.310 	 1.46032e-05 	 1.03888e-05
     3.311 	 1.49182e-05 	 1.06123e-05
     3.312 	 1.51265e-05 	 1.0762e-05
     3.313 	 1.47119e-05 	 1.04665e-05
     3.314 	 1.50238e-05 	 1.06888e-05
     3.315 	 1.55572e-05 	 1.10676e-05
     3.316 	 1.61009e-05 	 1.14538e-05
     3.317 	 1.65032e-05 	 1.17405e-05
     3.318 	 1.62101e-05 	 1.15325e-05
     3.319 	 1.54306e-05 	 1.09761e-05
     3.320 	 1.42837e-05 	 1.01618e-05
     3.321 	 1.34094e-05 	 9.5385e-06
     3.322 	 1.27375e-05 	 9.06121e-06
     3.323 	 1.24329e-05 	 8.84513e-06
     3.324 	 1.26958e-05 	 9.03189e-06
     3.325 	 1.27147e-05 	 9.04507e-06
     3.326 	 1.28889e-05 	 9.17054e-06
     3.327 	 1.32064e-05 	 9.39617e-06
     3.328 	  1.3642e-05 	 9.70477e-06
     3.329 	 1.45625e-05 	 1.03593e-05
     3.330 	  1.5816e-05 	 1.12518e-05
     3.331 	 1.73062e-05 	 1.23129e-05
     3.332 	 1.88491e-05 	 1.34089e-05
     3.333 	 1.96678e-05 	 1.3991e-05
     3.334 	 1.98105e-05 	 1.40951e-05
     3.335 	 1.94717e-05 	 1.38523e-05
     3.336 	 1.94127e-05 	 1.38114e-05
     3.337 	 1.92966e-05 	 1.37271e-05
     3.338 	 1.91563e-05 	 1.36298e-05
     3.339 	 1.89591e-05 	 1.34892e-05
     3.340 	 1.83927e-05 	 1.30845e-05
     3.341 	 1.76739e-05 	 1.25729e-05
     3.342 	 1.69078e-05 	 1.20277e-05
     3.343 	 1.61777e-05 	 1.1508e-05
     3.344 	  1.6042e-05 	 1.14136e-05
     3.345 	 1.65024e-05 	 1.17397e-05
     3.346 	 1.71318e-05 	 1.21872e-05
     3.347 	 1.76061e-05 	 1.25244e-05
     3.348 	  1.8236e-05 	 1.29708e-05
     3.349 	 1.87991e-05 	 1.33711e-05
     3.350 	 1.92688e-05 	 1.37049e-05
     3.351 	 1.96036e-05 	 1.39458e-05
     3.352 	 1.96782e-05 	 1.39972e-05
     3.353 	 1.96762e-05 	 1.39971e-05
     3.354 	 1.97149e-05 	 1.40246e-05
     3.355 	 2.00107e-05 	 1.42334e-05
     3.356 	 2.02666e-05 	 1.44153e-05
     3.357 	 2.05704e-05 	 1.46313e-05
     3.358 	 2.08214e-05 	 1.48082e-05
     3.359 	 2.06577e-05 	 1.46946e-05
     3.360 	 2.06249e-05 	 1.46712e-05
     3.361 	 2.08341e-05 	 1.48202e-05
     3.362 	 2.12981e-05 	 1.51488e-05
     3.363 	 2.19343e-05 	 1.56015e-05
     3.364 	 2.24982e-05 	 1.60027e-05
     3.365 	  2.2725e-05 	 1.61642e-05
     3.366 	 2.25798e-05 	 1.60611e-05
     3.367 	 2.29003e-05 	 1.62875e-05
     3.368 	 2.37754e-05 	 1.691e-05
     3.369 	 2.48426e-05 	 1.76747e-05
     3.370 	 2.58735e-05 	 1.84083e-05
     3.371 	 2.63226e-05 	 1.8726e-05
     3.372 	  2.6798e-05 	 1.90644e-05
     3.373 	 2.73648e-05 	 1.94678e-05
     3.374 	  2.8094e-05 	 1.99868e-05
     3.375 	 2.87345e-05 	 2.04426e-05
     3.376 	 2.94217e-05 	 2.09295e-05
     3.377 	 3.00229e-05 	 2.13574e-05
     3.378 	 3.03157e-05 	 2.15659e-05
     3.379 	   3.054e-05 	 2.17257e-05
     3.380 	 3.09261e-05 	 2.20051e-05
     3.381 	 3.15322e-05 	 2.24365e-05
     3.382 	 3.24734e-05 	 2.31039e-05
     3.383 	 3.34119e-05 	 2.37718e-05
     3.384 	 3.40753e-05 	 2.4244e-05
     3.385 	 3.43825e-05 	 2.44628e-05
     3.386 	 3.41916e-05 	 2.43271e-05
     3.387 	  3.4039e-05 	 2.42187e-05
     3.388 	 3.40193e-05 	 2.42099e-05
     3.389 	  3.4101e-05 	 2.42682e-05
     3.390 	 3.38422e-05 	 2.40816e-05
     3.391 	 3.33696e-05 	 2.37455e-05
     3.392 	 3.29585e-05 	 2.34531e-05
     3.393 	 3.27395e-05 	 2.32975e-05
     3.394 	 3.26174e-05 	 2.32108e-05
     3.395 	 3.27429e-05 	 2.3305e-05
     3.396 	 3.29808e-05 	 2.34769e-05
     3.397 	 3.32346e-05 	 2.36577e-05
     3.398 	 3.30708e-05 	 2.35413e-05
     3.399 	 3.26013e-05 	 2.32073e-05
     3.400 	 3.18694e-05 	 2.26841e-05
     3.401 	  3.0907e-05 	 2.20038e-05
     3.402 	 3.03851e-05 	 2.16326e-05
     3.403 	 2.99302e-05 	 2.13134e-05
     3.404 	 2.94985e-05 	 2.10063e-05
     3.405 	 2.90477e-05 	 2.06876e-05
     3.406 	 2.88248e-05 	 2.05333e-05
     3.407 	 2.90735e-05 	 2.07108e-05
     3.408 	 2.97381e-05 	 2.11845e-05
     3.409 	 3.05897e-05 	 2.1796e-05
     3.410 	 3.11587e-05 	 2.22017e-05
     3.411 	 3.18453e-05 	 2.26958e-05
     3.412 	 3.27092e-05 	 2.3314e-05
     3.413 	  3.3581e-05 	 2.39356e-05
     3.414 	 3.39196e-05 	 2.41821e-05
     3.415 	  3.3793e-05 	 2.40921e-05
     3.416 	  3.3242e-05 	 2.37043e-05
     3.417 	 3.25812e-05 	 2.32333e-05
     3.418 	 3.19271e-05 	 2.2774e-05
     3.419 	 3.12789e-05 	 2.23118e-05
     3.420 	 3.06421e-05 	 2.18578e-05
     3.421 	   3.018e-05 	 2.15318e-05
     3.422 	 2.92341e-05 	 2.08539e-05
     3.423 	 2.80516e-05 	 2.00138e-05
     3.424 	 2.68482e-05 	 1.91565e-05
     3.425 	 2.67036e-05 	 1.90565e-05
     3.426 	  2.7124e-05 	 1.93558e-05
     3.427 	 2.79557e-05 	 1.99486e-05
     3.428 	  2.9023e-05 	 2.07136e-05
     3.429 	 2.97741e-05 	 2.12489e-05
     3.430 	 3.03575e-05 	 2.16689e-05
     3.431 	 3.07973e-05 	 2.19856e-05
     3.432 	 3.11043e-05 	 2.22099e-05
     3.433 	 3.16433e-05 	 2.25953e-05
     3.434 	 3.23033e-05 	 2.30719e-05
     3.435 	 3.29099e-05 	 2.35057e-05
     3.436 	  3.2863e-05 	 2.34753e-05
     3.437 	  3.2283e-05 	 2.30686e-05
     3.438 	 3.13558e-05 	 2.24066e-05
     3.439 	 3.02066e-05 	 2.15903e-05
     3.440 	 2.93547e-05 	 2.0982e-05
     3.441 	 2.91832e-05 	 2.0864e-05
     3.442 	 2.93932e-05 	 2.10145e-05
     3.443 	 2.98592e-05 	 2.13525e-05
     3.444 	 3.05011e-05 	 2.18142e-05
     3.445 	 3.06699e-05 	 2.19353e-05
     3.446 	 3.05845e-05 	 2.18791e-05
     3.447 	 3.03934e-05 	 2.17428e-05
     3.448 	 3.07527e-05 	 2.20048e-05
     3.449 	 3.13328e-05 	 2.24203e-05
     3.450 	 3.20638e-05 	 2.29508e-05
     3.451 	  3.2875e-05 	 2.35314e-05
     3.452 	 3.34417e-05 	 2.39418e-05
     3.453 	 3.40309e-05 	 2.43636e-05
     3.454 	 3.45816e-05 	 2.47577e-05
     3.455 	 3.49531e-05 	 2.50287e-05
     3.456 	 3.48816e-05 	 2.49775e-05
     3.457 	 3.46066e-05 	 2.4788e-05
     3.458 	 3.41086e-05 	 2.44313e-05
     3.459 	 3.32218e-05 	 2.38009e-05
     3.460 	 3.24744e-05 	 2.32653e-05
     3.461 	 3.18293e-05 	 2.28034e-05
     3.462 	 3.12511e-05 	 2.23939e-05
     3.463 	  3.0605e-05 	 2.19311e-05
     3.464 	 3.00315e-05 	 2.15247e-05
     3.465 	 2.94047e-05 	 2.10777e-05
     3.466 	 2.87367e-05 	 2.05991e-05
     3.467 	 2.85645e-05 	 2.048e-05
     3.468 	 2.91925e-05 	 2.09305e-05
     3.469 	 3.03003e-05 	 2.17294e-05
     3.470 	 3.17121e-05 	 2.2742e-05
     3.471 	 3.29249e-05 	 2.36149e-05
     3.472 	 3.39621e-05 	 2.43645e-05
     3.473 	 3.48589e-05 	 2.5011e-05
     3.474 	 3.56356e-05 	 2.55742e-05
     3.475 	 3.56548e-05 	 2.55887e-05
     3.476 	 3.57535e-05 	 2.56603e-05
     3.477 	 3.62459e-05 	 2.60197e-05
     3.478 	 3.76065e-05 	 2.69971e-05
     3.479 	 3.90743e-05 	 2.80516e-05
     3.480 	 4.02665e-05 	 2.89142e-05
     3.481 	  4.1033e-05 	 2.9468e-05
     3.482 	 4.10546e-05 	 2.94898e-05
     3.483 	 4.04449e-05 	 2.90523e-05
     3.484 	 3.99597e-05 	 2.87041e-05
     3.485 	  3.9813e-05 	 2.86049e-05
     3.486 	  4.0359e-05 	 2.89975e-05
     3.487 	 4.12157e-05 	 2.96134e-05
     3.488 	 4.17443e-05 	 2.99997e-05
     3.489 	  4.1754e-05 	 3.0007e-05
     3.490 	 4.12057e-05 	 2.96134e-05
     3.491 	 4.09242e-05 	 2.94155e-05
     3.492 	 4.09919e-05 	 2.94716e-05
     3.493 	  4.1459e-05 	 2.98089e-05
     3.494 	 4.22736e-05 	 3.03961e-05
     3.495 	 4.27552e-05 	 3.07502e-05
     3.496 	 4.30038e-05 	 3.09305e-05
     3.497 	 4.30752e-05 	 3.09834e-05
     3.498 	 4.30432e-05 	 3.09619e-05
     3.499 	 4.27052e-05 	 3.07265e-05
     3.500 	 4.23088e-05 	 3.04428e-05
     3.501 	 4.21294e-05 	 3.03139e-05
     3.502 	 4.23468e-05 	 3.04704e-05
     3.503 	 4.23715e-05 	 3.04914e-05
     3.504 	 4.22699e-05 	 3.04245e-05
     3.505 	 4.21932e-05 	 3.03694e-05
     3.506 	 4.23328e-05 	 3.047e-05
     3.507 	 4.25447e-05 	 3.06227e-05
     3.508 	 4.28547e-05 	 3.08459e-05
     3.509 	 4.33931e-05 	 3.12336e-05
     3.510 	 4.40642e-05 	 3.17167e-05
     3.511 	 4.44175e-05 	 3.19785e-05
     3.512 	 4.43792e-05 	 3.19519e-05
     3.513 	  4.4046e-05 	 3.1713e-05
     3.514 	 4.45508e-05 	 3.20775e-05
     3.515 	 4.53389e-05 	 3.26459e-05
     3.516 	 4.61808e-05 	 3.32531e-05
     3.517 	 4.66985e-05 	 3.3627e-05
     3.518 	 4.71887e-05 	 3.3981e-05
     3.519 	 4.74264e-05 	 3.41532e-05
     3.520 	 4.72867e-05 	 3.40641e-05
     3.521 	 4.70928e-05 	 3.39252e-05
     3.522 	 4.74859e-05 	 3.42093e-05
     3.523 	 4.82045e-05 	 3.47278e-05
     3.524 	 4.90451e-05 	 3.53305e-05
     3.525 	 4.93009e-05 	 3.55157e-05
     3.526 	 4.93984e-05 	 3.55868e-05
     3.527 	 4.94721e-05 	 3.56408e-05
     3.528 	 4.97012e-05 	 3.58067e-05
     3.529 	  5.0088e-05 	 3.60863e-05
     3.530 	 5.05732e-05 	 3.64368e-05
     3.531 	 5.11269e-05 	 3.68369e-05
     3.532 	 5.17011e-05 	 3.72519e-05
     3.533 	 5.19003e-05 	 3.73966e-05
     3.534 	 5.19451e-05 	 3.74301e-05
     3.535 	 5.19235e-05 	 3.74158e-05
     3.536 	 5.20206e-05 	 3.74829e-05
     3.537 	  5.2119e-05 	 3.75551e-05
     3.538 	 5.22269e-05 	 3.76341e-05
     3.539 	 5.23254e-05 	 3.77063e-05
     3.540 	 5.22893e-05 	 3.76816e-05
     3.541 	 5.23108e-05 	 3.76974e-05
     3.542 	 5.24823e-05 	 3.78214e-05
     3.543 	 5.28185e-05 	 3.8064e-05
     3.544 	 5.29307e-05 	 3.81412e-05
     3.545 	 5.26307e-05 	 3.79254e-05
     3.546 	 5.21208e-05 	 3.75583e-05
     3.547 	 5.15354e-05 	 3.71369e-05
     3.548 	  5.1476e-05 	 3.70945e-05
     3.549 	 5.17471e-05 	 3.72902e-05
     3.550 	 5.21587e-05 	 3.75872e-05
     3.551 	 5.25155e-05 	 3.78416e-05
     3.552 	 5.27145e-05 	 3.79864e-05
     3.553 	 5.28064e-05 	 3.8054e-05
     3.554 	 5.28238e-05 	 3.80679e-05
     3.555 	 5.28112e-05 	 3.80602e-05
     3.556 	 5.34131e-05 	 3.84912e-05
     3.557 	 5.45631e-05 	 3.93214e-05
     3.558 	 5.61123e-05 	 4.04393e-05
     3.559 	 5.77147e-05 	 4.15956e-05
     3.560 	 5.85977e-05 	 4.22335e-05
     3.561 	 5.91323e-05 	 4.26158e-05
     3.562 	 5.95367e-05 	 4.29087e-05
     3.563 	 6.04545e-05 	 4.35717e-05
     3.564 	 6.19647e-05 	 4.46617e-05
     3.565 	 6.37012e-05 	 4.59149e-05
     3.566 	 6.55047e-05 	 4.72114e-05
     3.567 	 6.70385e-05 	 4.83186e-05
     3.568 	 6.79576e-05 	 4.89827e-05
     3.569 	 6.85015e-05 	 4.93765e-05
     3.570 	  6.8822e-05 	 4.9604e-05
     3.571 	 6.98043e-05 	 5.03034e-05
     3.572 	 7.11312e-05 	 5.12614e-05
     3.573 	 7.23784e-05 	 5.21564e-05
     3.574 	 7.31853e-05 	 5.27397e-05
     3.575 	 7.34238e-05 	 5.29133e-05
     3.576 	 7.38577e-05 	 5.32278e-05
     3.577 	 7.44378e-05 	 5.36421e-05
     3.578 	 7.51034e-05 	 5.41236e-05
     3.579 	 7.55231e-05 	 5.4428e-05
     3.580 	 7.58677e-05 	 5.46723e-05
     3.581 	 7.61169e-05 	 5.48557e-05
     3.582 	  7.6192e-05 	 5.49136e-05
     3.583 	 7.61045e-05 	 5.48485e-05
     3.584 	 7.61182e-05 	 5.48622e-05
     3.585 	 7.61887e-05 	 5.49169e-05
     3.586 	 7.60375e-05 	 5.48058e-05
     3.587 	 7.54381e-05 	 5.43665e-05
     3.588 	 7.48383e-05 	 5.3938e-05
     3.589 	 7.43889e-05 	 5.36121e-05
     3.590 	 7.42901e-05 	 5.35447e-05
     3.591 	 7.43603e-05 	 5.35976e-05
     3.592 	 7.45276e-05 	 5.37146e-05
     3.593 	  7.4768e-05 	 5.38902e-05
     3.594 	 7.51022e-05 	 5.41276e-05
     3.595 	 7.54767e-05 	 5.43997e-05
     3.596 	 7.59345e-05 	 5.4732e-05
     3.597 	 7.65166e-05 	 5.5148e-05
     3.598 	 7.75412e-05 	 5.58889e-05
     3.599 	  7.8856e-05 	 5.68328e-05
     3.600 	 8.03831e-05 	 5.79359e-05
     3.601 	 8.20593e-05 	 5.91386e-05
     3.602 	 8.34573e-05 	 6.01472e-05
     3.603 	 8.45068e-05 	 6.08982e-05
     3.604 	 8.52762e-05 	 6.14537e-05
     3.605 	 8.58541e-05 	 6.18713e-05
     3.606 	 8.68886e-05 	 6.26112e-05
     3.607 	 8.82517e-05 	 6.35945e-05
     3.608 	 8.96954e-05 	 6.46291e-05
     3.609 	 9.06179e-05 	 6.52949e-05
     3.610 	 9.07067e-05 	 6.53531e-05
     3.611 	 9.05026e-05 	 6.52097e-05
     3.612 	  9.0283e-05 	 6.50483e-05
     3.613 	 9.07883e-05 	 6.54159e-05
     3.614 	 9.19623e-05 	 6.62586e-05
     3.615 	 9.33336e-05 	 6.72504e-05
     3.616 	 9.47261e-05 	 6.82504e-05
     3.617 	 9.59124e-05 	 6.91017e-05
     3.618 	 9.72011e-05 	 7.00341e-05
     3.619 	 9.87863e-05 	 7.11726e-05
     3.620 	  0.00010079 	 7.26204e-05
     3.621 	 0.000103305 	 7.44277e-05
     3.622 	 0.000105739 	 7.61845e-05
     3.623 	 0.000107873 	 7.7717e-05
     3.624 	  0.00010951 	 7.88914e-05
     3.625 	 0.000110957 	 7.99372e-05
     3.626 	 0.000112398 	 8.09702e-05
     3.627 	 0.000113817 	 8.19958e-05
     3.628 	  0.00011519 	 8.29796e-05
     3.629 	 0.000116512 	 8.39266e-05
     3.630 	 0.000117642 	 8.47442e-05
     3.631 	 0.000118513 	 8.53665e-05
     3.632 	 0.000118982 	 8.57083e-05
     3.633 	 0.000118988 	 8.57075e-05
     3.634 	 0.000118693 	 8.54899e-05
     3.635 	 0.000118189 	 8.5131e-05
     3.636 	 0.000117685 	 8.478e-05
     3.637 	 0.000117581 	 8.47e-05
     3.638 	 0.000117453 	 8.46118e-05
     3.639 	 0.000117179 	 8.44094e-05
     3.640 	  0.00011667 	 8.40376e-05
     3.641 	 0.000116417 	 8.38591e-05
     3.642 	 0.000116495 	 8.391e-05
     3.643 	 0.000116993 	 8.42633e-05
     3.644 	 0.000118388 	 8.52719e-05
     3.645 	 0.000120239 	 8.65995e-05
     3.646 	 0.000122296 	 8.80755e-05
     3.647 	 0.000124408 	 8.95908e-05
     3.648 	  0.00012635 	 9.09934e-05
     3.649 	 0.000128127 	 9.22673e-05
     3.650 	 0.000129936 	 9.3564e-05
     3.651 	 0.000131979 	 9.5027e-05
     3.652 	 0.000134514 	 9.68543e-05
     3.653 	 0.000137015 	 9.86466e-05
     3.654 	 0.000139422 	 0.000100371
     3.655 	 0.000141655 	 0.00010197
     3.656 	  0.00014375 	 0.00010348
     3.657 	  0.00014579 	 0.000104939
     3.658 	  0.00014789 	 0.00010642
     3.659 	 0.000150328 	 0.000108165
     3.660 	 0.000152934 	 0.000110031
     3.661 	 0.000155228 	 0.000111687
     3.662 	 0.000157104 	 0.00011303
     3.663 	 0.000158484 	 0.000114016
     3.664 	 0.000159514 	 0.00011475
     3.665 	 0.000160345 	 0.000115341
     3.666 	 0.000161033 	 0.000115841
     3.667 	 0.000161687 	 0.000116305
     3.668 	 0.000162151 	 0.000116631
     3.669 	 0.000162406 	 0.000116808
     3.670 	 0.000162426 	 0.000116815
     3.671 	 0.000162116 	 0.000116588
     3.672 	 0.000161832 	 0.000116381
     3.673 	 0.000161831 	 0.000116389
     3.674 	 0.000162331 	 0.000116745
     3.675 	 0.000163533 	 0.000117594
     3.676 	 0.000165103 	 0.000118719
     3.677 	 0.000167046 	 0.000120113
     3.678 	 0.000169402 	 0.000121803
     3.679 	 0.000171658 	 0.000123421
     3.680 	 0.000173947 	 0.000125063
     3.681 	 0.000176401 	 0.000126794
     3.682 	 0.000179286 	 0.000128873
     3.683 	 0.000182296 	 0.000131029
     3.684 	 0.000185317 	 0.000133192
     3.685 	 0.000188272 	 0.000135307
     3.686 	 0.000190959 	 0.00013723
     3.687 	 0.000193001 	 0.000138688
     3.688 	 0.000194989 	 0.000140108
     3.689 	 0.000197153 	 0.000141654
     3.690 	 0.000199965 	 0.000143666
     3.691 	 0.000202911 	 0.000145777
     3.692 	 0.000205969 	 0.000147939
     3.693 	 0.000209134 	 0.000150207
     3.694 	 0.000212385 	 0.000152537
     3.695 	 0.000215585 	 0.00015483
     3.696 	 0.000218974 	 0.000157259
     3.697 	 0.000222711 	 0.000159938
     3.698 	 0.000226906 	 0.000162945
     3.699 	 0.000231187 	 0.000166014
     3.700 	 0.000235587 	 0.000169133
     3.701 	 0.000240142 	 0.000172412
     3.702 	 0.000244789 	 0.000175721
     3.703 	 0.000249704 	 0.00017924
     3.704 	 0.000254999 	 0.00018303
     3.705 	 0.000260881 	 0.000187203
     3.706 	 0.000267273 	 0.00019178
     3.707 	 0.000274072 	 0.000196647
     3.708 	  0.00028124 	 0.000201779
     3.709 	 0.000288754 	 0.000207116
     3.710 	 0.000296174 	 0.000212404
     3.711 	 0.000303754 	 0.000217839
     3.712 	 0.000311635 	 0.000223489
     3.713 	 0.000320216 	 0.000229595
     3.714 	  0.00032949 	 0.000236243
     3.715 	 0.000339293 	 0.000243246
     3.716 	 0.000349561 	 0.000250606
     3.717 	 0.000360102 	 0.000258109
     3.718 	  0.00037098 	 0.000265904
     3.719 	 0.000382553 	 0.000274198
     3.720 	 0.000395053 	 0.000283098
     3.721 	 0.000408989 	 0.000293075
     3.722 	 0.000423668 	 0.000303585
     3.723 	 0.000438832 	 0.000314377
     3.724 	  0.00045431 	 0.000325455
     3.725 	 0.000469744 	 0.000336501
     3.726 	 0.000485562 	 0.000347822
     3.727 	 0.000502027 	 0.000359495
     3.728 	 0.000519527 	 0.000372016
     3.729 	 0.000538367 	 0.000385494
     3.730 	 0.000558041 	 0.000399488
     3.731 	 0.000578569 	 0.000414129
     3.732 	 0.000600136 	 0.000429556
     3.733 	 0.000623272 	 0.000446015
     3.734 	 0.000647927 	 0.000463647
     3.735 	 0.000674127 	 0.000482383
     3.736 	 0.000702133 	 0.000502309
     3.737 	 0.000731579 	 0.000523363
     3.738 	 0.000762092 	 0.000545124
     3.739 	 0.000793623 	 0.000567549
     3.740 	 0.000826281 	 0.000590889
     3.741 	 0.000860366 	 0.000615247
     3.742 	  0.00089604 	 0.00064074
     3.743 	 0.000933442 	 0.000667259
     3.744 	 0.000972969 	 0.000695495
     3.745 	  0.00101415 	 0.000724912
     3.746 	  0.00105713 	 0.000755459
     3.747 	  0.00110211 	 0.000787582
     3.748 	  0.00115002 	 0.000821795
     3.749 	  0.00120003 	 0.000857248
     3.750 	  0.00125204 	 0.000894377
     3.751 	  0.00130616 	 0.000933034
     3.752 	  0.00136234 	 0.000972964
     3.753 	  0.00141964 	 0.00101377
     3.754 	  0.00147832 	 0.00105568
     3.755 	  0.00153889 	 0.0010987
     3.756 	  0.00160221 	 0.00114391
     3.757 	  0.00166745 	 0.00119048
     3.758 	  0.00173453 	 0.00123812
     3.759 	  0.00180365 	 0.00128745
     3.760 	  0.00187496 	 0.00133822
     3.761 	  0.00194864 	 0.00139062
     3.762 	  0.00202506 	 0.00144482
     3.763 	  0.00210547 	 0.00150215
     3.764 	   0.0021894 	 0.00156199
     3.765 	  0.00227622 	 0.00162355
     3.766 	  0.00236599 	 0.00168753
     3.767 	  0.00246019 	 0.00175467
     3.768 	  0.00255839 	 0.00182466
     3.769 	  0.00266036 	 0.00189675
     3.770 	  0.00276622 	 0.00197217
     3.771 	   0.0028776 	 0.0020515
     3.772 	  0.00299229 	 0.00213319
     3.773 	  0.00311006 	 0.00221638
     3.774 	  0.00323104 	 0.00230252
     3.775 	  0.00335812 	 0.00239299
     3.776 	  0.00348933 	 0.00248639
     3.777 	  0.00362464 	 0.00258191
     3.778 	  0.00376438 	 0.00268135
     3.779 	  0.00390996 	 0.00278494
     3.780 	   0.0040597 	 0.00289149
     3.781 	   0.0042141 	 0.0030007
     3.782 	   0.0043747 	 0.00311489
     3.783 	  0.00454399 	 0.00323527
     3.784 	  0.00471963 	 0.00336015
     3.785 	  0.00490171 	 0.00348923
     3.786 	  0.00509163 	 0.0036235
     3.787 	  0.00528976 	 0.00376431
     3.788 	  0.00549466 	 0.00390992
     3.789 	  0.00570671 	 0.0040606
     3.790 	  0.00592963 	 0.00421901
     3.791 	  0.00616344 	 0.00438482
     3.792 	  0.00640624 	 0.0045565
     3.793 	  0.00665804 	 0.00473496
     3.794 	   0.0069233 	 0.00492348
     3.795 	  0.00720034 	 0.00512037
     3.796 	  0.00748833 	 0.00532503
     3.797 	  0.00778792 	 0.00553793
     3.798 	   0.0081069 	 0.00576461
     3.799 	  0.00844015 	 0.00600143
     3.800 	  0.00878715 	 0.00624801
     3.801 	  0.00914855 	 0.00650398
     3.802 	  0.00953283 	 0.00677687
     3.803 	  0.00993352 	 0.0070614
     3.804 	   0.0103515 	 0.0073582
     3.805 	   0.0107898 	 0.00766941
     3.806 	    0.011257 	 0.00800114
     3.807 	   0.0117453 	 0.00834784
     3.808 	   0.0122555 	 0.00871006
     3.809 	   0.0127928 	 0.00909152
     3.810 	    0.013364 	 0.009496
     3.811 	   0.0139623 	 0.00992032
     3.812 	   0.0145886 	 0.0103645
     3.813 	   0.0152532 	 0.0108357
     3.814 	   0.0159597 	 0.0113367
     3.815 	    0.016701 	 0.0118623
     3.816 	   0.0174779 	 0.0124131
     3.817 	   0.0183063 	 0.0130003
     3.818 	   0.0191844 	 0.0136228
     3.819 	   0.0201064 	 0.0142793
     3.820 	   0.0210743 	 0.014967
     3.821 	   0.0221142 	 0.0157027
     3.822 	   0.0232141 	 0.0164825
     3.823 	   0.0243712 	 0.0173029
     3.824 	   0.0255877 	 0.0181653
     3.825 	   0.0269016 	 0.0190967
     3.826 	   0.0282865 	 0.0200784
     3.827 	   0.0297446 	 0.0211162
     3.828 	   0.0312841 	 0.0222076
     3.829 	   0.0329473 	 0.0233866
     3.830 	   0.0347012 	 0.0246298
     3.831 	   0.0365498 	  0.02594
     3.832 	   0.0385111 	  0.02733
     3.833 	   0.0406227 	 0.0288323
     3.834 	   0.0428506 	 0.0304081
     3.835 	   0.0451983 	 0.0320717
     3.836 	   0.0477024 	 0.0338462
     3.837 	   0.0503878 	 0.0357489
     3.838 	   0.0532213 	 0.0377642
     3.839 	   0.0562075 	 0.0398803
     3.840 	   0.0594065 	 0.042147
     3.841 	   0.0628223 	 0.0445714
     3.842 	   0.0664231 	 0.0471224
     3.843 	   0.0702165 	 0.0498198
     3.844 	    0.074295 	 0.0527094
     3.845 	   0.0786246 	 0.0557767
     3.846 	   0.0831837 	 0.0590063
     3.847 	   0.0879802 	 0.0624039
     3.848 	   0.0931487 	 0.0660781
     3.849 	    0.098603 	 0.0699418
     3.850 	    0.104335 	 0.0740019
     3.851 	     0.11036 	 0.0782685
     3.852 	    0.116843 	 0.0828761
     3.853 	    0.123643 	 0.0876917
     3.854 	    0.130769 	 0.0927377
     3.855 	     0.13826 	 0.0980416
     3.856 	    0.146251 	 0.103699
     3.857 	    0.154601 	 0.109644
     3.858 	    0.163312 	 0.115812
     3.859 	    0.172457 	 0.122286
     3.860 	    0.182111 	  0.12912
     3.861 	    0.192145 	 0.136252
     3.862 	    0.202555 	 0.143623
     3.863 	     0.21344 	  0.15133
     3.864 	    0.224804 	 0.159375
     3.865 	    0.236533 	 0.167711
     3.866 	    0.248626 	 0.176272
     3.867 	    0.261191 	 0.185167
     3.868 	    0.274152 	  0.19434
     3.869 	    0.287432 	  0.20378
     3.870 	    0.301019 	 0.213418
     3.871 	     0.31501 	 0.223311
     3.872 	    0.329271 	 0.233392
     3.873 	    0.343759 	 0.243681
     3.874 	     0.35846 	 0.254071
     3.875 	    0.373411 	 0.264636
     3.876 	    0.388491 	  0.27529
     3.877 	    0.403675 	 0.286073
     3.878 	    0.418938 	 0.296853
     3.879 	    0.434234 	 0.307688
     3.880 	    0.449514 	 0.318477
     3.881 	    0.464748 	 0.329313
     3.882 	    0.479901 	 0.340025
     3.883 	    0.494897 	 0.350624
     3.884 	    0.509751 	 0.361159
     3.885 	    0.524435 	  0.37161
     3.886 	    0.538881 	 0.381819
     3.887 	    0.553033 	 0.391818
     3.888 	    0.566936 	 0.401638
     3.889 	     0.58058 	 0.411358
     3.890 	    0.593869 	 0.420789
     3.891 	    0.606794 	 0.429924
     3.892 	    0.619416 	 0.438842
     3.893 	    0.631729 	 0.447541
     3.894 	    0.643597 	 0.456017
     3.895 	    0.655087 	 0.464132
     3.896 	    0.666248 	 0.472014
     3.897 	     0.67708 	 0.479662
     3.898 	    0.687417 	 0.487057
     3.899 	    0.697401 	 0.494209
     3.900 	    0.707062 	 0.501028
     3.901 	    0.716394 	 0.507593
     3.902 	    0.725235 	 0.513809
     3.903 	     0.73377 	 0.519808
     3.904 	    0.741999 	 0.525587
     3.905 	      0.7499 	 0.531301
     3.906 	    0.757375 	 0.536547
     3.907 	    0.764574 	 0.541597
     3.908 	    0.771499 	 0.546451
     3.909 	    0.778113 	 0.551085
     3.910 	    0.784372 	 0.555467
     3.911 	    0.790383 	 0.559759
     3.912 	    0.796152 	 0.563934
     3.913 	    0.801622 	 0.567783
     3.914 	    0.806791 	 0.571418
     3.915 	    0.811738 	 0.574896
     3.916 	    0.816467 	  0.57822
     3.917 	    0.820917 	 0.581408
     3.918 	     0.82512 	 0.584417
     3.919 	    0.829125 	 0.587228
     3.920 	    0.832938 	 0.590022
     3.921 	    0.836489 	 0.592496
     3.922 	     0.83984 	 0.594895
     3.923 	    0.843018 	 0.597105
     3.924 	    0.846029 	 0.599196
     3.925 	    0.848808 	 0.601123
     3.926 	    0.851431 	 0.603006
     3.927 	    0.853906 	 0.604717
     3.928 	    0.856228 	  0.60632
     3.929 	    0.858352 	 0.607905
     3.930 	    0.860348 	 0.609277
     3.931 	    0.862217 	 0.610651
     3.932 	    0.863947 	 0.611859
     3.933 	     0.86552 	 0.612956
     3.934 	    0.866986 	 0.613977
     3.935 	    0.868349 	 0.614993
     3.936 	    0.869588 	 0.615854
     3.937 	    0.870708 	 0.616629
     3.938 	    0.871745 	 0.617346
     3.939 	    0.872701 	   0.6182
     3.940 	    0.873554 	  0.61885
     3.941 	     0.87432 	 0.619361
     3.942 	    0.875023 	 0.619896
     3.943 	    0.875665 	  0.62032
     3.944 	    0.876224 	 0.620684
     3.945 	    0.876721 	 0.621005
     3.946 	     0.87717 	  0.62136
     3.947 	    0.877574 	 0.621615
     3.948 	    0.877915 	 0.621825
     3.949 	    0.878213 	   0.6222
     3.950 	    0.878478 	 0.622356
     3.951 	    0.878713 	 0.622479
     3.952 	    0.878908 	 0.622574
     3.953 	    0.879077 	 0.622719
     3.954 	    0.879224 	  0.62278
     3.955 	    0.879354 	 0.622828
     3.956 	    0.879463 	 0.622931
     3.957 	    0.879557 	 0.622954
     3.958 	     0.87964 	 0.622969
     3.959 	    0.879713 	 0.623046
     3.960 	    0.879778 	 0.623049
     3.961 	    0.879836 	  0.62318
     3.962 	    0.879886 	 0.623247
     3.963 	    0.879931 	 0.623242
     3.964 	    0.879977 	 0.623237
     3.965 	    0.880022 	 0.623301
     3.966 	    0.880064 	 0.623294
     3.967 	    0.880103 	 0.623285
     3.968 	    0.880147 	 0.623342
     3.969 	    0.880194 	 0.623407
     3.970 	    0.880243 	 0.623406
     3.971 	    0.880295 	 0.623435
     3.972 	    0.880354 	 0.623538
     3.973 	    0.880419 	 0.623577
     3.974 	    0.880489 	 0.623815
     3.975 	    0.880563 	 0.623861
     3.976 	    0.880644 	 0.623911
     3.977 	    0.880731 	 0.624035
     3.978 	    0.880828 	 0.624097
     3.979 	    0.880925 	 0.624158
     3.980 	    0.881028 	 0.624293
     3.981 	    0.881137 	 0.624335
     3.982 	    0.881252 	  0.62438
     3.983 	     0.88137 	 0.624498
     3.984 	     0.88149 	 0.624547
     3.985 	    0.881614 	 0.624599
     3.986 	    0.881744 	 0.624726
     3.987 	    0.881879 	 0.624913
     3.988 	    0.882014 	 0.624974
     3.989 	     0.88215 	 0.625103
     3.990 	    0.882294 	  0.62517
     3.991 	    0.882441 	 0.625255
     3.992 	    0.882588 	  0.62541
     3.993 	    0.882735 	 0.625494
     3.994 	    0.882885 	 0.625651
     3.995 	    0.883037 	  0.62574
     3.996 	     0.88319 	 0.625829
     3.997 	    0.883342 	 0.625988
     3.998 	    0.883492 	 0.626075
     3.999 	    0.883647 	 0.626166
     4.000 	    0.883801 	 0.626325
     4.001 	    0.883955 	 0.626532
     4.002 	    0.884104 	 0.626607
     4.003 	    0.884257 	 0.626754
     4.004 	     0.88441 	 0.626832
     4.005 	    0.884563 	  0.62698
     4.006 	    0.884714 	 0.627056
     4.007 	    0.884867 	 0.627134
     4.008 	     0.88502 	 0.627281
     4.009 	    0.885176 	 0.627361
     4.010 	    0.885325 	 0.627437
     4.011 	    0.885473 	  0.62758
     4.012 	    0.885619 	 0.627652
     4.013 	    0.885768 	 0.627727
     4.014 	    0.885911 	 0.627868
     4.015 	    0.886053 	 0.627938
     4.016 	    0.886193 	 0.628076
     4.017 	    0.886333 	 0.628144
     4.018 	    0.886471 	 0.628338
     4.019 	    0.886606 	 0.628473
     4.020 	    0.886737 	 0.628535
     4.021 	    0.886869 	 0.628601
     4.022 	    0.887004 	 0.628739
     4.023 	    0.887137 	 0.628805
     4.024 	    0.887265 	 0.628868
     4.025 	    0.887395 	 0.629001
     4.026 	    0.887524 	 0.629066
     4.027 	    0.887651 	 0.629198
     4.028 	    0.887775 	 0.629258
     4.029 	    0.887894 	 0.629315
     4.030 	    0.888013 	  0.62944
     4.031 	    0.888132 	 0.629511
     4.032 	    0.888248 	 0.629579
     4.033 	    0.888357 	 0.629711
     4.034 	    0.888466 	 0.629774
     4.035 	    0.888575 	 0.629837
     4.036 	    0.888681 	 0.630031
     4.037 	    0.888781 	 0.630088
     4.038 	    0.888879 	 0.630143
     4.039 	    0.888976 	 0.630267
     4.040 	    0.889074 	 0.630322
     4.041 	    0.889168 	 0.630357
     4.042 	    0.889258 	 0.630461
     4.043 	    0.889346 	 0.630492
     4.044 	    0.889435 	 0.630524
     4.045 	     0.88952 	 0.630623
     4.046 	    0.889602 	 0.630651
     4.047 	     0.88968 	 0.630675
     4.048 	    0.889755 	 0.630767
     4.049 	    0.889831 	  0.63079
     4.050 	    0.889902 	 0.630809
     4.051 	    0.889966 	 0.630893
     4.052 	    0.890026 	 0.630904
     4.053 	    0.890084 	 0.630913
     4.054 	     0.89014 	 0.630991
     4.055 	    0.890192 	 0.631124
     4.056 	    0.890238 	 0.631124
     4.057 	    0.890282 	 0.631194
     4.058 	    0.890326 	 0.631193
     4.059 	    0.890368 	 0.631191
     4.060 	    0.890403 	 0.631184
     4.061 	    0.890437 	 0.631248
     4.062 	    0.890471 	 0.631241
     4.063 	    0.890503 	 0.631233
     4.064 	     0.89053 	 0.631292
     4.065 	    0.890552 	 0.631277
     4.066 	    0.890571 	  0.63126
     4.067 	    0.890589 	 0.631242
     4.068 	    0.890605 	 0.631229
     4.069 	    0.890615 	 0.631206
     4.070 	     0.89062 	 0.631179
     4.071 	    0.890623 	 0.631349
     4.072 	    0.890624 	 0.631319
     4.073 	    0.890621 	 0.631286
     4.074 	    0.890616 	 0.631252
     4.075 	    0.890609 	 0.631287
     4.076 	    0.890605 	 0.631254
     4.077 	    0.890601 	  0.63122
     4.078 	    0.890593 	 0.631184
     4.079 	    0.890582 	 0.631216
     4.080 	    0.890574 	  0.63118
     4.081 	    0.890568 	 0.631145
     4.082 	    0.890563 	  0.63111
     4.083 	    0.890554 	 0.631144
     4.084 	    0.890544 	 0.631106
     4.085 	    0.890534 	 0.631196
     4.086 	    0.890525 	 0.631159
     4.087 	    0.890512 	  0.63119
     4.088 	      0.8905 	 0.631149
     4.089 	    0.890488 	  0.63111
     4.090 	     0.89048 	 0.631074
     4.091 	    0.890474 	 0.631038
     4.092 	    0.890467 	 0.631071
     4.093 	    0.890461 	 0.631036
     4.094 	    0.890459 	 0.631003
     4.095 	    0.890464 	 0.630975
     4.096 	     0.89047 	 0.631076
     4.097 	    0.890476 	 0.631119
     4.098 	    0.890483 	 0.631092
     4.099 	    0.890494 	 0.631068
     4.100 	    0.890506 	 0.630981
     4.101 	    0.890519 	 0.630961
     4.102 	    0.890529 	 0.630938
     4.103 	    0.890542 	 0.630989
     4.104 	    0.890557 	 0.631099
     4.105 	    0.890574 	 0.631082
     4.106 	    0.890591 	 0.631065
     4.107 	     0.89061 	 0.631049
     4.108 	    0.890633 	 0.631035
     4.109 	    0.890661 	 0.631026
     4.110 	    0.890692 	 0.631089
     4.111 	    0.890722 	 0.631202
     4.112 	    0.890754 	  0.63119
     4.113 	    0.890791 	 0.631179
     4.114 	    0.890831 	 0.631171
     4.115 	    0.890871 	 0.631163
     4.116 	    0.890911 	 0.631156
     4.117 	    0.890949 	 0.631275
     4.118 	    0.890989 	 0.631267
     4.119 	    0.891026 	 0.631257
     4.120 	     0.89106 	 0.631315
     4.121 	    0.891091 	 0.631306
     4.122 	    0.891124 	   0.6313
     4.123 	    0.891156 	  0.63142
     4.124 	    0.891188 	 0.631411
     4.125 	    0.891215 	   0.6314
     4.126 	     0.89124 	 0.631387
     4.127 	    0.891267 	 0.631375
     4.128 	    0.891297 	 0.631493
     4.129 	    0.891324 	 0.631481
     4.130 	    0.891352 	  0.63147
     4.131 	    0.891378 	 0.631458
     4.132 	    0.891406 	 0.631446
     4.133 	    0.891433 	 0.631434
     4.134 	    0.891457 	 0.631549
     4.135 	    0.891476 	 0.631531
     4.136 	    0.891493 	 0.631513
     4.137 	    0.891506 	 0.631491
     4.138 	    0.891515 	 0.631467
     4.139 	    0.891518 	 0.631566
     4.140 	    0.891511 	  0.63153
     4.141 	    0.891501 	 0.631485
     4.142 	    0.891488 	 0.631437
     4.143 	    0.891473 	 0.631388
     4.144 	    0.891452 	 0.631334
     4.145 	    0.891429 	 0.631408
     4.146 	    0.891406 	 0.631353
     4.147 	    0.891383 	 0.631299
     4.148 	    0.891358 	 0.631242
     4.149 	    0.891329 	 0.631183
     4.150 	    0.891298 	  0.63125
     4.151 	    0.891267 	  0.63121
     4.152 	    0.891232 	 0.631167
     4.153 	    0.891191 	 0.631119
     4.154 	    0.891144 	 0.631067
     4.155 	    0.891091 	  0.63101
     4.156 	    0.891035 	 0.631079
     4.157 	    0.890973 	 0.631016
     4.158 	    0.890906 	 0.630879
     4.159 	    0.890834 	 0.630809
     4.160 	    0.890759 	 0.630737
     4.161 	    0.890685 	 0.630655
     4.162 	    0.890611 	   0.6307
     4.163 	    0.890534 	 0.630616
     4.164 	    0.890456 	  0.63053
     4.165 	    0.890379 	 0.630445
     4.166 	    0.890304 	 0.630363
     4.167 	    0.890228 	 0.630208
     4.168 	    0.890148 	 0.630249
     4.169 	    0.890066 	 0.630161
     4.170 	    0.889983 	 0.630072
     4.171 	    0.889899 	 0.629986
     4.172 	    0.889811 	 0.629898
     4.173 	    0.889719 	 0.629807
     4.174 	    0.889624 	 0.629641
     4.175 	    0.889528 	 0.629675
     4.176 	    0.889431 	  0.62958
     4.177 	    0.889332 	 0.629484
     4.178 	    0.889229 	 0.629384
     4.179 	    0.889129 	 0.629287
     4.180 	     0.88903 	 0.629119
     4.181 	    0.888934 	 0.629024
     4.182 	     0.88884 	 0.629058
     4.183 	    0.888746 	 0.628965
     4.184 	    0.888655 	 0.628873
     4.185 	    0.888567 	 0.628713
     4.186 	    0.888483 	 0.628626
     4.187 	      0.8884 	  0.62854
     4.188 	    0.888317 	 0.628455
     4.189 	    0.888236 	   0.6283
     4.190 	    0.888158 	 0.628216
     4.191 	    0.888081 	 0.628257
     4.192 	    0.888002 	 0.628169
     4.193 	    0.887921 	  0.62808
     4.194 	    0.887843 	 0.627921
     4.195 	    0.887769 	 0.627837
     4.196 	    0.887696 	 0.627752
     4.197 	    0.887623 	 0.627668
     4.198 	    0.887553 	 0.627515
     4.199 	    0.887487 	 0.627436
     4.200 	    0.887426 	  0.62736
     4.201 	    0.887368 	 0.627211
     4.202 	    0.887315 	 0.627137
     4.203 	    0.887266 	 0.627065
     4.204 	    0.887222 	 0.626997
     4.205 	    0.887184 	 0.626862
     4.206 	    0.887148 	 0.626799
     4.207 	    0.887113 	 0.626738
     4.208 	     0.88708 	 0.626606
     4.209 	     0.88705 	 0.626548
     4.210 	    0.887025 	 0.626493
     4.211 	       0.887 	 0.626383
     4.212 	    0.886975 	 0.626343
     4.213 	    0.886951 	 0.626305
     4.214 	    0.886932 	  0.62627
     4.215 	    0.886916 	 0.626166
     4.216 	    0.886902 	 0.626135
     4.217 	     0.88689 	 0.626041
     4.218 	    0.886883 	 0.625944
     4.219 	    0.886881 	  0.62592
     4.220 	    0.886883 	 0.625899
     4.221 	     0.88689 	 0.625817
     4.222 	    0.886899 	 0.625807
     4.223 	    0.886909 	 0.625727
     4.224 	    0.886921 	 0.625719
     4.225 	    0.886935 	 0.625712
     4.226 	    0.886947 	 0.625632
     4.227 	    0.886956 	 0.625622
     4.228 	    0.886963 	  0.62561
     4.229 	    0.886968 	 0.625526
     4.230 	    0.886969 	  0.62551
     4.231 	    0.886964 	 0.625477
     4.232 	    0.886953 	 0.625367
     4.233 	    0.886937 	 0.625325
     4.234 	    0.886922 	 0.625214
     4.235 	    0.886908 	 0.625174
     4.236 	    0.886895 	 0.625008
     4.237 	    0.886884 	 0.624898
     4.238 	    0.886878 	 0.624864
     4.239 	    0.886877 	 0.624761
     4.240 	    0.886885 	 0.624736
     4.241 	      0.8869 	 0.624707
     4.242 	     0.88692 	 0.624611
     4.243 	    0.886946 	  0.62459
     4.244 	    0.886979 	 0.624503
     4.245 	    0.887015 	 0.624489
     4.246 	     0.88705 	 0.624474
     4.247 	    0.887085 	 0.624388
     4.248 	    0.887118 	 0.624371
     4.249 	    0.887151 	 0.624284
     4.250 	    0.887182 	 0.624139
     4.251 	     0.88721 	 0.624046
     4.252 	    0.887234 	 0.623943
     4.253 	    0.887261 	 0.623912
     4.254 	    0.887289 	 0.623812
     4.255 	    0.887321 	 0.623785
     4.256 	    0.887355 	 0.623688
     4.257 	    0.887391 	 0.623664
     4.258 	     0.88743 	 0.623642
     4.259 	    0.887474 	 0.623552
     4.260 	    0.887521 	 0.623536
     4.261 	     0.88757 	 0.623479
     4.262 	    0.887618 	 0.623366
     4.263 	    0.887666 	 0.623308
     4.264 	    0.887713 	 0.623321
     4.265 	    0.887759 	 0.623262
     4.266 	    0.887803 	 0.623272
     4.267 	    0.887841 	 0.623278
     4.268 	    0.887876 	 0.623211
     4.269 	     0.88791 	 0.623214
     4.270 	    0.887942 	 0.623144
     4.271 	    0.887971 	 0.623131
     4.272 	    0.887997 	 0.623044
     4.273 	    0.888022 	 0.623027
     4.274 	    0.888048 	 0.623012
     4.275 	    0.888076 	 0.622799
     4.276 	    0.888105 	 0.622785
     4.277 	    0.888134 	   0.6227
     4.278 	    0.888164 	 0.622686
     4.279 	    0.888198 	 0.622605
     4.280 	    0.888234 	 0.622596
     4.281 	    0.888269 	 0.622507
     4.282 	    0.888302 	 0.622488
     4.283 	    0.888332 	 0.622466
     4.284 	    0.888359 	 0.622372
     4.285 	    0.888385 	 0.622348
     4.286 	    0.888406 	  0.62225
     4.287 	    0.888421 	 0.622218
     4.288 	    0.888433 	 0.621924
     4.289 	    0.888442 	 0.621888
     4.290 	     0.88845 	  0.62185
     4.291 	    0.888454 	 0.621759
     4.292 	    0.888457 	 0.621738
     4.293 	     0.88846 	 0.621647
     4.294 	    0.888465 	 0.621628
     4.295 	    0.888472 	 0.621538
     4.296 	    0.888482 	 0.621522
     4.297 	    0.888492 	 0.621506
     4.298 	    0.888502 	 0.621418
     4.299 	    0.888513 	 0.621403
     4.300 	    0.888524 	 0.621316
     4.301 	    0.888535 	 0.621274
     4.302 	    0.888543 	 0.621158
     4.303 	    0.888549 	 0.621111
     4.304 	    0.888553 	 0.621064
     4.305 	    0.888556 	 0.620945
     4.306 	    0.888554 	 0.620893
     4.307 	    0.888548 	 0.620768
     4.308 	    0.888539 	 0.620711
     4.309 	    0.888528 	 0.620652
     4.310 	    0.888519 	 0.620524
     4.311 	    0.888509 	 0.620463
     4.312 	      0.8885 	 0.620332
     4.313 	    0.888489 	 0.620269
     4.314 	    0.888478 	 0.620207
     4.315 	    0.888467 	 0.620074
     4.316 	    0.888458 	 0.620013
     4.317 	    0.888449 	 0.619881
     4.318 	     0.88844 	 0.619819
     4.319 	     0.88843 	 0.619758
     4.320 	     0.88842 	 0.619625
     4.321 	    0.888407 	 0.619592
     4.322 	    0.888389 	 0.619555
     4.323 	    0.888368 	 0.619444
     4.324 	    0.888344 	 0.619403
     4.325 	    0.888316 	 0.619359
     4.326 	    0.888285 	 0.619241
     4.327 	    0.888252 	 0.619194
     4.328 	    0.888214 	 0.619071
     4.329 	    0.888171 	 0.619017
     4.330 	    0.888126 	  0.61896
     4.331 	    0.888079 	 0.618806
     4.332 	    0.888033 	 0.618723
     4.333 	    0.887985 	  0.61864
     4.334 	    0.887936 	 0.618484
     4.335 	    0.887886 	 0.618399
     4.336 	    0.887836 	 0.618313
     4.337 	    0.887783 	 0.618226
     4.338 	    0.887727 	 0.618002
     4.339 	    0.887669 	 0.617911
     4.340 	    0.887608 	 0.617943
     4.341 	    0.887544 	 0.617775
     4.342 	    0.887477 	 0.617675
     4.343 	    0.887404 	 0.617572
     4.344 	    0.887326 	 0.617465
     4.345 	    0.887241 	 0.617282
     4.346 	    0.887152 	 0.617167
     4.347 	    0.887061 	 0.617051
     4.348 	    0.886964 	  0.61693
     4.349 	    0.886862 	 0.616735
     4.350 	    0.886757 	 0.616609
     4.351 	    0.886648 	 0.616491
     4.352 	    0.886536 	 0.616371
     4.353 	    0.886421 	 0.616178
     4.354 	    0.886304 	 0.616054
     4.355 	    0.886183 	 0.615928
     4.356 	    0.886058 	 0.615798
     4.357 	    0.885929 	 0.615595
     4.358 	    0.885797 	 0.615461
     4.359 	     0.88566 	 0.615324
     4.360 	    0.885517 	 0.615181
     4.361 	    0.885368 	 0.615032
     4.362 	    0.885214 	  0.61488
     4.363 	    0.885052 	 0.614651
     4.364 	     0.88488 	  0.61461
     4.365 	    0.884703 	 0.614442
     4.366 	    0.884519 	 0.614269
     4.367 	    0.884329 	  0.61409
     4.368 	    0.884133 	 0.613908
     4.369 	    0.883933 	 0.613652
     4.370 	    0.883728 	 0.613527
     4.371 	    0.883519 	 0.613332
     4.372 	    0.883307 	 0.613135
     4.373 	    0.883094 	 0.612937
     4.374 	    0.882881 	 0.612739
     4.375 	    0.882666 	  0.61254
     4.376 	     0.88245 	  0.61234
     4.377 	    0.882232 	 0.612139
     4.378 	    0.882015 	 0.611937
     4.379 	    0.881793 	 0.611733
     4.380 	     0.88157 	 0.611457
     4.381 	    0.881345 	  0.61126
     4.382 	    0.881115 	 0.611059
     4.383 	    0.880883 	 0.610855
     4.384 	     0.88065 	 0.610776
     4.385 	    0.880415 	 0.610571
     4.386 	    0.880181 	 0.610367
     4.387 	    0.879946 	 0.610162
     4.388 	    0.879711 	 0.609957
     4.389 	    0.879479 	 0.609754
     4.390 	    0.879248 	 0.609552
     4.391 	    0.879023 	 0.609351
     4.392 	    0.878802 	 0.609153
     4.393 	    0.878585 	 0.608957
     4.394 	    0.878373 	 0.608765
     4.395 	    0.878166 	 0.608647
     4.396 	    0.877962 	 0.608461
     4.397 	    0.877762 	 0.608277
     4.398 	    0.877568 	 0.608097
     4.399 	     0.87738 	 0.607983
     4.400 	    0.877196 	 0.607809
     4.401 	    0.877016 	 0.607622
     4.402 	    0.876841 	 0.607438
     4.403 	    0.876671 	  0.60738
     4.404 	    0.876505 	 0.607202
     4.405 	    0.876344 	 0.607098
     4.406 	    0.876193 	  0.60693
     4.407 	    0.876046 	 0.606765
     4.408 	    0.875905 	 0.606603
     4.409 	    0.875772 	 0.606509
     4.410 	    0.875646 	 0.606358
     4.411 	    0.875527 	 0.606297
     4.412 	    0.875416 	 0.606293
     4.413 	    0.875315 	 0.606173
     4.414 	    0.875224 	 0.606062
     4.415 	    0.875142 	 0.605955
     4.416 	    0.875067 	 0.605925
     4.417 	    0.875002 	 0.605892
     4.418 	    0.874945 	 0.605803
     4.419 	    0.874894 	 0.605718
     4.420 	    0.874849 	 0.605707
     4.421 	    0.874811 	 0.605755
     4.422 	    0.874778 	 0.605684
     4.423 	    0.874749 	 0.605616
     4.424 	    0.874724 	 0.605622
     4.425 	    0.874702 	 0.605619
     4.426 	    0.874685 	 0.605559
     4.427 	    0.874672 	 0.605572
     4.428 	    0.874661 	 0.605516
     4.429 	    0.874659 	 0.605588
     4.430 	    0.874661 	 0.605612
     4.431 	    0.874668 	 0.605544
     4.432 	     0.87468 	 0.605539
     4.433 	    0.874698 	 0.605549
     4.434 	    0.874721 	 0.605491
     4.435 	     0.87475 	 0.605508
     4.436 	    0.874784 	 0.605458
     4.437 	    0.874822 	  0.60541
     4.438 	    0.874863 	 0.605435
     4.439 	    0.874906 	 0.605575
     4.440 	    0.874951 	 0.605602
     4.441 	    0.874998 	 0.605582
     4.442 	    0.875046 	 0.605562
     4.443 	    0.875094 	 0.605614
     4.444 	    0.875143 	 0.605595
     4.445 	    0.875192 	 0.605708
     4.446 	    0.875242 	 0.605689
     4.447 	    0.875292 	 0.605741
     4.448 	     0.87534 	 0.605721
     4.449 	    0.875389 	 0.605772
     4.450 	    0.875438 	 0.605876
     4.451 	    0.875486 	 0.605906
     4.452 	    0.875537 	 0.605928
     4.453 	    0.875587 	 0.605959
     4.454 	    0.875638 	  0.60599
     4.455 	    0.875689 	 0.605951
     4.456 	    0.875741 	 0.605984
     4.457 	    0.875793 	 0.605945
     4.458 	    0.875845 	 0.605977
     4.459 	    0.875896 	 0.605937
     4.460 	    0.875945 	 0.606028
     4.461 	    0.875993 	 0.606077
     4.462 	     0.87604 	 0.606054
     4.463 	    0.876084 	   0.6061
     4.464 	    0.876127 	 0.606073
     4.465 	    0.876166 	 0.606115
     4.466 	    0.876202 	 0.606155
     4.467 	    0.876236 	 0.606122
     4.468 	    0.876265 	 0.606219
     4.469 	    0.876293 	 0.606252
     4.470 	    0.876319 	 0.606213
     4.471 	     0.87634 	 0.606226
     4.472 	     0.87636 	 0.606237
     4.473 	    0.876379 	 0.606247
     4.474 	    0.876396 	 0.606185
     4.475 	     0.87641 	 0.606191
     4.476 	     0.87642 	 0.606196
     4.477 	    0.876429 	  0.60626
     4.478 	    0.876435 	  0.60619
     4.479 	    0.876441 	 0.606191
     4.480 	    0.876443 	 0.606188
     4.481 	    0.876443 	 0.606201
     4.482 	     0.87644 	  0.60614
     4.483 	    0.876431 	 0.606146
     4.484 	    0.876419 	 0.606151
     4.485 	    0.876404 	 0.606153
     4.486 	    0.876384 	 0.606151
     4.487 	     0.87636 	 0.606075
     4.488 	    0.876332 	 0.605946
     4.489 	    0.876302 	 0.605937
     4.490 	    0.876268 	 0.605925
     4.491 	    0.876233 	 0.605969
     4.492 	    0.876194 	 0.605949
     4.493 	    0.876152 	 0.605927
     4.494 	    0.876108 	 0.605832
     4.495 	    0.876061 	 0.605807
     4.496 	    0.876013 	 0.605657
     4.497 	    0.875964 	  0.60563
     4.498 	     0.87591 	 0.605599
     4.499 	    0.875853 	 0.605565
     4.500 	    0.875792 	 0.605529
     4.501 	    0.875728 	 0.605375
     4.502 	    0.875661 	 0.605342
     4.503 	     0.87559 	 0.605306
     4.504 	    0.875515 	 0.605145
     4.505 	    0.875437 	 0.605105
     4.506 	    0.875355 	 0.604998
     4.507 	    0.875269 	 0.604829
     4.508 	     0.87518 	 0.604781
     4.509 	    0.875088 	  0.60473
     4.510 	    0.874987 	 0.604549
     4.511 	    0.874884 	 0.604506
     4.512 	    0.874779 	 0.604462
     4.513 	     0.87467 	 0.604292
     4.514 	    0.874557 	 0.604242
     4.515 	    0.874441 	 0.604067
     4.516 	    0.874321 	 0.604012
     4.517 	    0.874197 	 0.603892
     4.518 	     0.87407 	 0.603709
     4.519 	    0.873942 	 0.603648
     4.520 	     0.87381 	 0.603461
     4.521 	    0.873674 	 0.603382
     4.522 	    0.873534 	 0.603176
     4.523 	    0.873392 	 0.603162
     4.524 	    0.873248 	 0.603077
     4.525 	    0.873099 	 0.602865
     4.526 	    0.872945 	 0.602711
     4.527 	    0.872788 	 0.602494
     4.528 	    0.872627 	 0.602396
     4.529 	    0.872464 	 0.602174
     4.530 	    0.872298 	 0.602143
     4.531 	     0.87213 	 0.601912
     4.532 	    0.871958 	   0.6018
     4.533 	    0.871783 	 0.601503
     4.534 	    0.871605 	 0.601387
     4.535 	    0.871427 	  0.60115
     4.536 	    0.871252 	 0.601106
     4.537 	    0.871073 	 0.600867
     4.538 	    0.870894 	  0.60075
     4.539 	    0.870715 	 0.600449
     4.540 	    0.870534 	 0.600331
     4.541 	    0.870355 	 0.600178
     4.542 	    0.870176 	 0.600078
     4.543 	    0.869996 	 0.599855
     4.544 	    0.869813 	 0.599751
     4.545 	    0.869629 	 0.599534
     4.546 	    0.869444 	 0.599428
     4.547 	    0.869256 	 0.599198
     4.548 	    0.869069 	 0.599092
     4.549 	    0.868878 	  0.59893
     4.550 	    0.868685 	 0.598818
     4.551 	    0.868491 	 0.598531
     4.552 	    0.868297 	 0.598495
     4.553 	    0.868104 	 0.598268
     4.554 	    0.867911 	 0.598163
     4.555 	    0.867719 	 0.598006
     4.556 	    0.867528 	 0.597902
     4.557 	    0.867341 	 0.597619
     4.558 	    0.867157 	 0.597398
     4.559 	    0.866974 	 0.597369
     4.560 	    0.866796 	 0.597151
     4.561 	    0.866617 	 0.597037
     4.562 	     0.86644 	 0.596871
     4.563 	    0.866267 	 0.596701
     4.564 	      0.8661 	 0.596542
     4.565 	    0.865935 	 0.596437
     4.566 	    0.865772 	 0.596211
     4.567 	     0.86561 	 0.596177
     4.568 	     0.86545 	 0.595953
     4.569 	    0.865293 	 0.595793
     4.570 	     0.86514 	 0.595644
     4.571 	    0.864988 	  0.59556
     4.572 	    0.864839 	 0.595547
     4.573 	    0.864689 	 0.595344
     4.574 	    0.864539 	 0.595261
     4.575 	    0.864392 	 0.595069
     4.576 	    0.864248 	  0.59499
     4.577 	    0.864106 	 0.594792
     4.578 	    0.863965 	 0.594784
     4.579 	    0.863827 	 0.594588
     4.580 	    0.863691 	 0.594584
     4.581 	    0.863558 	 0.594378
     4.582 	    0.863432 	 0.594306
     4.583 	    0.863309 	 0.594227
     4.584 	    0.863189 	 0.594028
     4.585 	    0.863071 	 0.594022
     4.586 	    0.862956 	 0.593827
     4.587 	    0.862846 	 0.593826
     4.588 	    0.862739 	 0.593757
     4.589 	    0.862633 	 0.593578
     4.590 	    0.862526 	 0.593509
     4.591 	     0.86242 	 0.593311
     4.592 	    0.862314 	 0.593305
     4.593 	     0.86221 	  0.59323
     4.594 	     0.86211 	 0.593107
     4.595 	     0.86201 	 0.593035
     4.596 	     0.86191 	 0.593031
     4.597 	    0.861811 	 0.592779
     4.598 	    0.861716 	 0.592779
     4.599 	    0.861624 	 0.592711
     4.600 	    0.861534 	 0.592714
     4.601 	    0.861448 	  0.59253
     4.602 	     0.86136 	 0.592533
     4.603 	    0.861275 	  0.59247
     4.604 	    0.861193 	 0.592409
     4.605 	    0.861112 	 0.592417
     4.606 	    0.861034 	 0.592358
     4.607 	    0.860955 	 0.592246
     4.608 	    0.860875 	 0.592185
     4.609 	    0.860791 	 0.592191
     4.610 	    0.860711 	 0.592129
     4.611 	     0.86063 	 0.592142
     4.612 	    0.860549 	 0.592085
     4.613 	    0.860469 	 0.592098
     4.614 	    0.860385 	 0.592038
     4.615 	    0.860301 	 0.591928
     4.616 	    0.860218 	 0.591869
     4.617 	    0.860137 	  0.59188
     4.618 	    0.860056 	 0.591822
     4.619 	    0.859973 	 0.591832
     4.620 	     0.85989 	 0.591773
     4.621 	    0.859804 	 0.591772
     4.622 	     0.85972 	 0.591702
     4.623 	    0.859637 	 0.591644
     4.624 	    0.859554 	 0.591576
     4.625 	    0.859468 	 0.591574
     4.626 	     0.85938 	 0.591502
     4.627 	     0.85929 	 0.591497
     4.628 	      0.8592 	 0.591424
     4.629 	    0.859114 	 0.591422
     4.630 	    0.859025 	 0.591409
     4.631 	    0.858935 	 0.591407
     4.632 	    0.858845 	 0.591335
     4.633 	    0.858752 	 0.591331
     4.634 	     0.85866 	 0.591258
     4.635 	    0.858569 	 0.591254
     4.636 	    0.858477 	 0.591181
     4.637 	     0.85838 	 0.591173
     4.638 	    0.858282 	 0.591095
     4.639 	    0.858183 	 0.591017
     4.640 	    0.858082 	 0.591006
     4.641 	    0.857983 	 0.590914
     4.642 	    0.857882 	 0.590888
     4.643 	     0.85778 	 0.590793
     4.644 	    0.857674 	 0.590764
     4.645 	    0.857568 	 0.590666
     4.646 	    0.857464 	 0.590638
     4.647 	     0.85736 	 0.590541
     4.648 	     0.85726 	 0.590516
     4.649 	    0.857157 	  0.59042
     4.650 	    0.857055 	 0.590393
     4.651 	    0.856953 	  0.59031
     4.652 	    0.856853 	 0.590297
     4.653 	    0.856755 	 0.590216
     4.654 	    0.856658 	 0.590324
     4.655 	     0.85656 	 0.590244
     4.656 	     0.85646 	 0.590162
     4.657 	    0.856361 	 0.590148
     4.658 	    0.856264 	 0.590068
     4.659 	    0.856169 	 0.590057
     4.660 	    0.856075 	 0.589978
     4.661 	    0.855981 	 0.589957
     4.662 	    0.855885 	 0.589867
     4.663 	     0.85579 	 0.589845
     4.664 	    0.855699 	 0.589758
     4.665 	     0.85561 	 0.589851
     4.666 	    0.855523 	 0.589834
     4.667 	    0.855439 	 0.589751
     4.668 	    0.855355 	 0.589737
     4.669 	    0.855274 	 0.589655
     4.670 	    0.855198 	 0.589645
     4.671 	    0.855127 	 0.589588
     4.672 	    0.855059 	 0.589532
     4.673 	    0.854992 	 0.589546
     4.674 	    0.854926 	 0.589611
     4.675 	    0.854862 	 0.589627
     4.676 	    0.854804 	 0.589578
     4.677 	     0.85475 	 0.589531
     4.678 	    0.854699 	 0.589555
     4.679 	    0.854649 	  0.58951
     4.680 	    0.854602 	 0.589537
     4.681 	    0.854559 	 0.589472
     4.682 	    0.854519 	 0.589528
     4.683 	    0.854489 	  0.58954
     4.684 	    0.854464 	 0.589546
     4.685 	    0.854442 	 0.589563
     4.686 	    0.854423 	 0.589513
     4.687 	    0.854409 	 0.589468
     4.688 	      0.8544 	 0.589493
     4.689 	    0.854396 	 0.589573
     4.690 	    0.854399 	 0.589538
     4.691 	    0.854403 	 0.589593
     4.692 	    0.854408 	 0.589579
     4.693 	    0.854415 	 0.589567
     4.694 	    0.854427 	 0.589627
     4.695 	    0.854446 	 0.589623
     4.696 	     0.85447 	 0.589623
     4.697 	    0.854497 	 0.589812
     4.698 	    0.854526 	 0.589814
     4.699 	     0.85456 	 0.589819
     4.700 	    0.854598 	 0.589896
     4.701 	    0.854641 	 0.589895
     4.702 	    0.854692 	   0.5899
     4.703 	    0.854746 	 0.589967
     4.704 	    0.854801 	 0.590042
     4.705 	    0.854856 	 0.590049
     4.706 	    0.854918 	  0.59006
     4.707 	    0.854984 	 0.590263
     4.708 	    0.855054 	  0.59028
     4.709 	    0.855128 	 0.590298
     4.710 	    0.855204 	 0.590319
     4.711 	    0.855281 	 0.590423
     4.712 	    0.855362 	 0.590461
     4.713 	    0.855448 	 0.590503
     4.714 	    0.855541 	 0.590548
     4.715 	    0.855638 	 0.590666
     4.716 	    0.855736 	 0.590835
     4.717 	    0.855836 	 0.590885
     4.718 	    0.855938 	 0.590937
     4.719 	    0.856045 	  0.59106
     4.720 	    0.856155 	 0.591116
     4.721 	    0.856266 	 0.591156
     4.722 	    0.856378 	 0.591197
     4.723 	    0.856488 	 0.591236
     4.724 	    0.856598 	 0.591404
     4.725 	     0.85671 	 0.591564
     4.726 	    0.856824 	 0.591605
     4.727 	    0.856938 	 0.591647
     4.728 	    0.857048 	 0.591685
     4.729 	    0.857157 	 0.591722
     4.730 	    0.857263 	 0.591826
     4.731 	     0.85737 	 0.591878
     4.732 	     0.85748 	 0.591932
     4.733 	    0.857592 	 0.591987
     4.734 	    0.857702 	 0.592162
     4.735 	    0.857811 	 0.592215
     4.736 	    0.857919 	 0.592267
     4.737 	    0.858027 	 0.592387
     4.738 	    0.858138 	 0.592441
     4.739 	    0.858251 	 0.592496
     4.740 	    0.858363 	  0.59255
     4.741 	    0.858471 	 0.592605
     4.742 	    0.858577 	 0.592778
     4.743 	    0.858682 	  0.59289
     4.744 	    0.858785 	 0.592942
     4.745 	    0.858888 	 0.592992
     4.746 	    0.858989 	 0.593042
     4.747 	    0.859085 	 0.593087
     4.748 	    0.859175 	 0.593127
     4.749 	    0.859263 	 0.593236
     4.750 	     0.85935 	 0.593274
     4.751 	    0.859436 	 0.593433
     4.752 	    0.859522 	  0.59347
     4.753 	    0.859602 	 0.593502
     4.754 	    0.859679 	 0.593533
     4.755 	    0.859753 	 0.593562
     4.756 	    0.859826 	 0.593589
     4.757 	    0.859899 	 0.593617
     4.758 	    0.859971 	 0.593643
     4.759 	    0.860041 	 0.593667
     4.760 	    0.860104 	 0.593688
     4.761 	    0.860165 	 0.593815
     4.762 	    0.860224 	  0.59382
     4.763 	    0.860283 	 0.593825
     4.764 	    0.860341 	 0.593889
     4.765 	    0.860396 	 0.593823
     4.766 	    0.860448 	 0.593821
     4.767 	    0.860494 	 0.593817
     4.768 	    0.860538 	 0.593811
     4.769 	    0.860583 	 0.593805
     4.770 	    0.860628 	 0.593799
     4.771 	    0.860671 	 0.593926
     4.772 	     0.86071 	 0.593929
     4.773 	    0.860745 	 0.593929
     4.774 	    0.860777 	 0.593927
     4.775 	    0.860807 	 0.593924
     4.776 	    0.860839 	 0.593852
     4.777 	    0.860869 	 0.593849
     4.778 	    0.860898 	 0.593843
     4.779 	    0.860922 	 0.593835
     4.780 	    0.860944 	 0.593825
     4.781 	    0.860966 	 0.593806
     4.782 	    0.860991 	  0.59379
     4.783 	    0.861018 	 0.593705
     4.784 	    0.861046 	  0.59381
     4.785 	    0.861073 	 0.593794
     4.786 	      0.8611 	 0.593778
     4.787 	    0.861127 	 0.593761
     4.788 	    0.861156 	 0.593676
     4.789 	    0.861187 	 0.593662
     4.790 	    0.861219 	 0.593648
     4.791 	    0.861247 	 0.593635
     4.792 	    0.861272 	 0.593549
     4.793 	    0.861297 	 0.593532
     4.794 	    0.861321 	 0.593514
     4.795 	    0.861347 	 0.593559
     4.796 	    0.861374 	 0.593473
     4.797 	      0.8614 	 0.593457
     4.798 	    0.861423 	 0.593437
     4.799 	    0.861445 	 0.593417
     4.800 	    0.861468 	 0.593329
     4.801 	    0.861494 	   0.5933
     4.802 	    0.861524 	 0.593273
     4.803 	    0.861554 	 0.593177
     4.804 	    0.861584 	  0.59315
     4.805 	    0.861612 	 0.593121
     4.806 	    0.861642 	 0.593025
     4.807 	    0.861676 	    0.593
     4.808 	    0.861713 	 0.592977
     4.809 	    0.861752 	 0.592886
     4.810 	    0.861792 	 0.592864
     4.811 	    0.861829 	 0.592847
     4.812 	    0.861866 	   0.5927
     4.813 	    0.861904 	 0.592683
     4.814 	    0.861944 	 0.592598
     4.815 	    0.861984 	 0.592582
     4.816 	    0.862023 	 0.592444
     4.817 	    0.862057 	 0.592354
     4.818 	    0.862084 	 0.592329
     4.819 	    0.862109 	 0.592233
     4.820 	    0.862134 	 0.592206
     4.821 	    0.862158 	 0.592185
     4.822 	    0.862178 	 0.592094
     4.823 	    0.862195 	 0.592069
     4.824 	    0.862206 	 0.591971
     4.825 	    0.862212 	 0.591938
     4.826 	    0.862218 	 0.591836
     4.827 	    0.862223 	 0.591802
     4.828 	    0.862228 	 0.591698
     4.829 	    0.862228 	  0.59154
     4.830 	    0.862223 	 0.591429
     4.831 	    0.862213 	 0.591379
     4.832 	    0.862199 	 0.591257
     4.833 	    0.862185 	 0.591205
     4.834 	     0.86217 	 0.591082
     4.835 	    0.862152 	 0.591025
     4.836 	    0.862126 	 0.590894
     4.837 	     0.86209 	 0.590756
     4.838 	    0.862046 	 0.590681
     4.839 	    0.861996 	 0.590413
     4.840 	    0.861941 	 0.590329
     4.841 	    0.861879 	 0.590155
     4.842 	    0.861808 	 0.589975
     4.843 	    0.861726 	 0.589855
     4.844 	    0.861632 	 0.589659
     4.845 	    0.861526 	 0.589522
     4.846 	    0.861413 	 0.589312
     4.847 	    0.861294 	 0.589098
     4.848 	    0.861166 	 0.588946
     4.849 	    0.861023 	 0.588534
     4.850 	    0.860869 	 0.588295
     4.851 	    0.860706 	 0.588145
     4.852 	     0.86053 	 0.587918
     4.853 	    0.860347 	 0.587686
     4.854 	    0.860157 	 0.587517
     4.855 	    0.859959 	 0.587273
     4.856 	    0.859742 	 0.587016
     4.857 	    0.859514 	  0.58682
     4.858 	    0.859276 	  0.58643
     4.859 	    0.859029 	 0.586152
     4.860 	    0.858772 	 0.585868
     4.861 	    0.858506 	 0.585643
     4.862 	    0.858229 	 0.585343
     4.863 	    0.857938 	 0.585033
     4.864 	    0.857631 	 0.584711
     4.865 	    0.857313 	  0.58445
     4.866 	    0.856987 	 0.584116
     4.867 	    0.856651 	 0.583656
     4.868 	    0.856301 	 0.583305
     4.869 	    0.855938 	 0.583012
     4.870 	    0.855562 	 0.582643
     4.871 	    0.855174 	 0.582259
     4.872 	    0.854777 	  0.58187
     4.873 	    0.854373 	 0.581475
     4.874 	    0.853963 	 0.581144
     4.875 	    0.853541 	 0.580736
     4.876 	    0.853107 	 0.580144
     4.877 	    0.852664 	 0.579723
     4.878 	    0.852215 	 0.579297
     4.879 	     0.85176 	 0.578866
     4.880 	    0.851302 	 0.578434
     4.881 	     0.85084 	 0.578072
     4.882 	    0.850373 	 0.577639
     4.883 	    0.849896 	 0.577199
     4.884 	    0.849415 	 0.576756
     4.885 	     0.84893 	  0.57631
     4.886 	    0.848445 	 0.575864
     4.887 	    0.847958 	   0.5753
     4.888 	    0.847466 	 0.574848
     4.889 	    0.846971 	 0.574396
     4.890 	     0.84647 	 0.573939
     4.891 	    0.845966 	 0.573477
     4.892 	    0.845463 	 0.573084
     4.893 	    0.844962 	 0.572623
     4.894 	    0.844462 	 0.572165
     4.895 	     0.84396 	 0.571704
     4.896 	    0.843456 	 0.571242
     4.897 	    0.842952 	  0.57078
     4.898 	    0.842451 	  0.57032
     4.899 	    0.841957 	 0.569864
     4.900 	    0.841467 	 0.569411
     4.901 	    0.840982 	 0.568945
     4.902 	    0.840499 	  0.56848
     4.903 	    0.840019 	 0.568017
     4.904 	    0.839543 	 0.567556
     4.905 	    0.839073 	   0.5671
     4.906 	    0.838614 	 0.566535
     4.907 	    0.838162 	 0.566024
     4.908 	    0.837715 	 0.565583
     4.909 	    0.837271 	 0.565144
     4.910 	    0.836831 	 0.564707
     4.911 	    0.836397 	 0.564292
     4.912 	    0.835968 	  0.56388
     4.913 	    0.835548 	 0.563473
     4.914 	    0.835133 	 0.563071
     4.915 	     0.83472 	 0.562668
     4.916 	    0.834308 	 0.562267
     4.917 	    0.833897 	 0.561867
     4.918 	    0.833489 	 0.561468
     4.919 	    0.833087 	 0.561007
     4.920 	    0.832689 	 0.560729
     4.921 	    0.832293 	 0.560334
     4.922 	    0.831896 	 0.559938
     4.923 	    0.831496 	  0.55954
     4.924 	    0.831094 	  0.55914
     4.925 	    0.830689 	 0.558737
     4.926 	    0.830284 	 0.558269
     4.927 	    0.829876 	 0.557865
     4.928 	    0.829462 	 0.557457
     4.929 	    0.829036 	  0.55704
     4.930 	    0.828598 	 0.556615
     4.931 	    0.828149 	 0.556117
     4.932 	    0.827692 	 0.555678
     4.933 	     0.82722 	 0.555229
     4.934 	    0.826733 	  0.55477
     4.935 	    0.826229 	 0.554299
     4.936 	    0.825706 	 0.553751
     4.937 	     0.82515 	 0.553245
     4.938 	    0.824571 	 0.552724
     4.939 	    0.823971 	 0.552188
     4.940 	    0.823342 	 0.551569
     4.941 	    0.822673 	 0.550991
     4.942 	     0.82197 	 0.550389
     4.943 	    0.821231 	 0.549764
     4.944 	    0.820442 	  0.54904
     4.945 	    0.819606 	  0.54835
     4.946 	    0.818729 	 0.547632
     4.947 	    0.817808 	  0.54682
     4.948 	    0.816828 	 0.546034
     4.949 	    0.815785 	 0.545205
     4.950 	    0.814687 	 0.544276
     4.951 	    0.813533 	 0.543375
     4.952 	    0.812304 	 0.542423
     4.953 	    0.811004 	  0.54147
     4.954 	    0.809643 	 0.540431
     4.955 	    0.808223 	 0.539353
     4.956 	    0.806689 	 0.538134
     4.957 	    0.805081 	 0.536931
     4.958 	    0.803397 	 0.535676
     4.959 	    0.801636 	 0.534309
     4.960 	    0.799755 	 0.532924
     4.961 	    0.797794 	 0.531423
     4.962 	    0.795746 	 0.529928
     4.963 	    0.793593 	 0.528363
     4.964 	    0.791314 	 0.526652
     4.965 	    0.788936 	 0.524939
     4.966 	     0.78646 	   0.5231
     4.967 	    0.783877 	 0.521251
     4.968 	    0.781155 	  0.51931
     4.969 	    0.778326 	 0.517291
     4.970 	    0.775392 	 0.515211
     4.971 	    0.772321 	 0.512987
     4.972 	    0.769108 	  0.51073
     4.973 	     0.76579 	 0.508448
     4.974 	     0.76237 	 0.506056
     4.975 	    0.758786 	 0.503496
     4.976 	    0.755074 	 0.500912
     4.977 	    0.751243 	  0.49819
     4.978 	    0.747294 	 0.495451
     4.979 	    0.743182 	 0.492605
     4.980 	    0.738944 	 0.489618
     4.981 	    0.734589 	 0.486554
     4.982 	    0.730113 	 0.483469
     4.983 	    0.725467 	 0.480216
     4.984 	    0.720686 	 0.476932
     4.985 	    0.715786 	 0.473514
     4.986 	     0.71077 	 0.470077
     4.987 	    0.705569 	 0.466465
     4.988 	    0.700258 	 0.462837
     4.989 	    0.694835 	 0.459082
     4.990 	    0.689272 	 0.455291
     4.991 	    0.683544 	 0.451338
     4.992 	    0.677712 	 0.447373
     4.993 	     0.67177 	 0.443376
     4.994 	    0.665683 	 0.439193
     4.995 	    0.659476 	 0.434987
     4.996 	    0.653158 	 0.430657
     4.997 	    0.646725 	 0.426305
     4.998 	    0.640171 	 0.421826
     4.999 	    0.633485 	 0.417262
     5.000 	    0.626702 	 0.412687
     5.001 	    0.619828 	 0.407989
     5.002 	    0.612821 	 0.403255
     5.003 	      0.6057 	 0.398401
     5.004 	    0.598488 	 0.393491
     5.005 	      0.5912 	 0.388581
     5.006 	    0.583756 	 0.383526
     5.007 	    0.576243 	 0.378429
     5.008 	    0.568653 	 0.373286
     5.009 	    0.560971 	  0.36813
     5.010 	    0.553182 	 0.362864
     5.011 	    0.545318 	 0.357562
     5.012 	     0.53738 	 0.352259
     5.013 	    0.529367 	 0.346867
     5.014 	     0.52127 	 0.341424
     5.015 	    0.513105 	 0.335941
     5.016 	    0.504883 	 0.330531
     5.017 	    0.496609 	 0.324983
     5.018 	    0.488246 	 0.319381
     5.019 	    0.479845 	 0.313796
     5.020 	    0.471409 	 0.308154
     5.021 	    0.462915 	 0.302479
     5.022 	    0.454385 	 0.296784
     5.023 	    0.445827 	 0.291111
     5.024 	    0.437237 	 0.285385
     5.025 	    0.428618 	 0.279645
     5.026 	    0.419988 	 0.273902
     5.027 	    0.411342 	 0.268153
     5.028 	    0.402677 	 0.262428
     5.029 	    0.394025 	 0.256684
     5.030 	    0.385362 	 0.250937
     5.031 	     0.37671 	 0.245202
     5.032 	    0.368076 	 0.239483
     5.033 	    0.359449 	   0.2338
     5.034 	    0.350852 	 0.228137
     5.035 	    0.342282 	 0.222472
     5.036 	    0.333739 	 0.216829
     5.037 	    0.325252 	 0.211227
     5.038 	    0.316818 	 0.205688
     5.039 	    0.308431 	 0.200159
     5.040 	    0.300098 	  0.19467
     5.041 	    0.291859 	 0.189246
     5.042 	    0.283685 	 0.183868
     5.043 	    0.275577 	 0.178538
     5.044 	    0.267579 	 0.173283
     5.045 	    0.259682 	 0.168118
     5.046 	     0.25188 	 0.162998
     5.047 	    0.244178 	 0.157947
     5.048 	    0.236594 	 0.152976
     5.049 	    0.229142 	 0.148094
     5.050 	    0.221796 	 0.143286
     5.051 	    0.214564 	 0.138554
     5.052 	    0.207486 	 0.133926
     5.053 	     0.20055 	 0.129409
     5.054 	    0.193734 	 0.124958
     5.055 	    0.187036 	 0.120585
     5.056 	    0.180531 	 0.116341
     5.057 	     0.17416 	 0.112187
     5.058 	    0.167919 	  0.10812
     5.059 	     0.16182 	 0.104148
     5.060 	    0.155918 	 0.100306
     5.061 	    0.150151 	 0.0965734
     5.062 	    0.144521 	 0.0929118
     5.063 	    0.139037 	 0.0893472
     5.064 	    0.133752 	 0.0859134
     5.065 	    0.128604 	 0.0825705
     5.066 	     0.12359 	 0.0793165
     5.067 	    0.118732 	 0.0761744
     5.068 	     0.11406 	 0.0731449
     5.069 	    0.109518 	 0.0702012
     5.070 	    0.105103 	 0.0673415
     5.071 	    0.100857 	 0.0645924
     5.072 	   0.0967726 	 0.0619492
     5.073 	   0.0928134 	 0.0593883
     5.074 	   0.0889775 	 0.0569085
     5.075 	   0.0853034 	 0.0545344
     5.076 	   0.0817708 	 0.0522526
     5.077 	   0.0783545 	 0.0500473
     5.078 	   0.0750502 	 0.0479153
     5.079 	   0.0719041 	 0.0458861
     5.080 	   0.0688759 	 0.0439339
     5.081 	   0.0659511 	 0.0420493
     5.082 	   0.0631274 	 0.0402309
     5.083 	   0.0604504 	 0.0385074
     5.084 	   0.0578712 	 0.0368478
     5.085 	   0.0553842 	 0.0352483
     5.086 	   0.0529925 	 0.0337109
     5.087 	   0.0507272 	 0.0322551
     5.088 	   0.0485454 	 0.0308501
     5.089 	   0.0464435 	 0.0295009
     5.090 	   0.0444305 	 0.0282093
     5.091 	   0.0425227 	 0.0269857
     5.092 	   0.0406872 	 0.025809
     5.093 	   0.0389218 	 0.0246779
     5.094 	   0.0372375 	 0.0235991
     5.095 	   0.0356379 	 0.022575
     5.096 	   0.0340986 	 0.0215899
     5.097 	   0.0326194 	 0.0206438
     5.098 	   0.0312144 	 0.0197455
     5.099 	   0.0298756 	 0.0188898
     5.100 	   0.0285884 	 0.0180639
     5.101 	   0.0273516 	 0.0172744
     5.102 	   0.0261815 	 0.0165277
     5.103 	   0.0250636 	 0.0158127
     5.104 	   0.0239895 	 0.0151279
     5.105 	   0.0229583 	 0.0144709
     5.106 	   0.0219863 	 0.0138517
     5.107 	    0.021055 	 0.0132587
     5.108 	   0.0201606 	 0.0126895
     5.109 	    0.019302 	 0.0121434
     5.110 	   0.0184956 	 0.0116306
     5.111 	   0.0177208 	 0.0111367
     5.112 	   0.0169764 	 0.0106638
     5.113 	   0.0162639 	 0.0102114
     5.114 	   0.0155915 	 0.00978457
     5.115 	   0.0149445 	 0.00937408
     5.116 	   0.0143219 	 0.00897817
     5.117 	   0.0137277 	 0.00860154
     5.118 	   0.0131644 	 0.00824464
     5.119 	   0.0126223 	 0.00790134
     5.120 	   0.0121009 	 0.0075713
     5.121 	   0.0116044 	 0.00725628
     5.122 	   0.0111319 	 0.00695746
     5.123 	   0.0106776 	 0.0066703
     5.124 	   0.0102409 	 0.00639439
     5.125 	  0.00982719 	 0.0061331
     5.126 	   0.0094329 	 0.00588344
     5.127 	  0.00905396 	 0.00564435
     5.128 	  0.00868982 	 0.00541469
     5.129 	   0.0083452 	 0.00519742
     5.130 	   0.0080153 	 0.00498891
     5.131 	  0.00769777 	 0.00478905
     5.132 	  0.00739216 	 0.00459679
     5.133 	   0.0071037 	 0.00441482
     5.134 	  0.00682651 	 0.00424057
     5.135 	  0.00655962 	 0.00407288
     5.136 	  0.00630332 	 0.00391192
     5.137 	  0.00606149 	 0.00375961
     5.138 	  0.00582904 	 0.00361375
     5.139 	  0.00560572 	 0.00347366
     5.140 	  0.00539238 	 0.00333948
     5.141 	  0.00519098 	 0.00321315
     5.142 	  0.00499716 	 0.00309163
     5.143 	  0.00481077 	 0.00297446
     5.144 	  0.00463264 	 0.00286289
     5.145 	  0.00446238 	 0.00275629
     5.146 	  0.00429758 	 0.00265284
     5.147 	  0.00413807 	 0.00255283
     5.148 	  0.00398517 	 0.00245676
     5.149 	  0.00383785 	 0.00236445
     5.150 	  0.00369534 	 0.0022755
     5.151 	  0.00355758 	 0.00218929
     5.152 	  0.00342603 	 0.00210727
     5.153 	  0.00330002 	 0.00202873
     5.154 	  0.00317863 	 0.00195287
     5.155 	  0.00306175 	 0.0018801
     5.156 	  0.00295149 	 0.00181146
     5.157 	  0.00284584 	 0.00174551
     5.158 	  0.00274421 	 0.00168231
     5.159 	  0.00264642 	 0.00162133
     5.160 	   0.0025543 	 0.00156409
     5.161 	  0.00246516 	 0.00150872
     5.162 	  0.00237894 	 0.00145503
     5.163 	  0.00229591 	 0.00140351
     5.164 	  0.00221665 	 0.00135419
     5.165 	  0.00213999 	 0.00130668
     5.166 	  0.00206598 	 0.00126068
     5.167 	  0.00199515 	 0.00121682
     5.168 	  0.00192782 	 0.00117514
     5.169 	  0.00186302 	 0.00113491
     5.170 	  0.00180055 	 0.00109628
     5.171 	  0.00174064 	 0.00105911
     5.172 	  0.00168311 	 0.00102357
     5.173 	  0.00162741 	 0.000989053
     5.174 	  0.00157349 	 0.000955779
     5.175 	  0.00152181 	 0.00092371
     5.176 	  0.00147209 	 0.000892947
     5.177 	  0.00142381 	 0.000863203
     5.178 	  0.00137687 	 0.000834198
     5.179 	  0.00133158 	 0.000806328
     5.180 	  0.00128758 	 0.000779173
     5.181 	  0.00124493 	 0.00075296
     5.182 	  0.00120381 	 0.00072761
     5.183 	  0.00116497 	 0.000703757
     5.184 	  0.00112752 	 0.000680683
     5.185 	  0.00109134 	 0.000658486
     5.186 	  0.00105641 	 0.000636988
     5.187 	  0.00102259 	 0.000616262
     5.188 	 0.000989507 	 0.000595928
     5.189 	 0.000957291 	 0.000576214
     5.190 	 0.000926156 	 0.0005571
     5.191 	 0.000896205 	 0.000538791
     5.192 	 0.000866901 	 0.000520825
     5.193 	 0.000838175 	 0.000503292
     5.194 	 0.000810045 	 0.000486074
     5.195 	 0.000782383 	 0.000469219
     5.196 	 0.000755383 	 0.000452629
     5.197 	   0.0007292 	 0.000436699
     5.198 	 0.000704434 	 0.000421582
     5.199 	  0.00068106 	 0.000407369
     5.200 	 0.000658753 	 0.00039376
     5.201 	 0.000637431 	 0.000380804
     5.202 	 0.000617103 	 0.000368455
     5.203 	 0.000597459 	 0.000356483
     5.204 	 0.000578389 	 0.000344913
     5.205 	 0.000559893 	 0.000333655
     5.206 	 0.000542301 	 0.000322991
     5.207 	 0.000525017 	 0.000312522
     5.208 	 0.000507897 	 0.000302161
     5.209 	 0.000490864 	 0.000291827
     5.210 	 0.000473842 	 0.000281549
     5.211 	 0.000456792 	 0.000271265
     5.212 	 0.000440046 	 0.000261172
     5.213 	 0.000424043 	 0.000251532
     5.214 	 0.000409219 	 0.000242601
     5.215 	 0.000395301 	 0.00023414
     5.216 	 0.000382269 	 0.000226293
     5.217 	 0.000370231 	 0.000219041
     5.218 	 0.000359017 	 0.000212286
     5.219 	 0.000348372 	 0.000205873
     5.220 	 0.000338271 	 0.000199769
     5.221 	 0.000328787 	 0.000194082
     5.222 	 0.000319896 	 0.000188725
     5.223 	 0.000311141 	 0.000183454
     5.224 	 0.000302416 	 0.000178207
     5.225 	 0.000293705 	 0.000172973
     5.226 	 0.000284967 	 0.00016773
     5.227 	 0.000276219 	 0.000162487
     5.228 	 0.000267507 	 0.000157271
     5.229 	 0.000259122 	 0.000152252
     5.230 	 0.000250888 	 0.000147328
     5.231 	 0.000242702 	 0.000142409
     5.232 	 0.000234508 	 0.000137521
     5.233 	 0.000226327 	 0.000132662
     5.234 	 0.000218193 	 0.000127819
     5.235 	 0.000210147 	 0.000123033
     5.236 	 0.000202224 	 0.000118325
     5.237 	 0.000194538 	 0.000113761
     5.238 	 0.000187015 	 0.000109297
     5.239 	  0.00017965 	 0.00010493
     5.240 	 0.000172451 	 0.000100666
     5.241 	 0.000165696 	 9.66651e-05
     5.242 	 0.000159466 	 9.29751e-05
     5.243 	 0.000153743 	 8.95849e-05
     5.244 	 0.000148528 	 8.64946e-05
     5.245 	 0.000143754 	 8.36642e-05
     5.246 	 0.000139077 	 8.08937e-05
     5.247 	 0.000134385 	 7.81019e-05
     5.248 	 0.000129492 	 7.52129e-05
     5.249 	 0.000124643 	 7.23528e-05
     5.250 	 0.000119951 	 6.95871e-05
     5.251 	 0.000115466 	 6.69448e-05
     5.252 	 0.000111278 	 6.44694e-05
     5.253 	 0.000107376 	 6.2171e-05
     5.254 	 0.000103723 	 6.00193e-05
     5.255 	  0.00010033 	 5.80206e-05
     5.256 	 9.73572e-05 	 5.62599e-05
     5.257 	 9.48733e-05 	 5.4791e-05
     5.258 	 9.28996e-05 	 5.36183e-05
     5.259 	 9.14843e-05 	 5.27623e-05
     5.260 	 9.03924e-05 	 5.21006e-05
     5.261 	 8.92874e-05 	 5.14342e-05
     5.262 	 8.80708e-05 	 5.07211e-05
     5.263 	 8.66157e-05 	 4.98647e-05
     5.264 	 8.46063e-05 	 4.86899e-05
     5.265 	 8.24354e-05 	 4.74291e-05
     5.266 	 8.01526e-05 	 4.60987e-05
     5.267 	 7.77999e-05 	 4.4729e-05
     5.268 	 7.53414e-05 	 4.32952e-05
     5.269 	  7.2803e-05 	 4.18263e-05
     5.270 	 7.01944e-05 	 4.03127e-05
     5.271 	 6.75281e-05 	 3.87671e-05
     5.272 	 6.48445e-05 	 3.72127e-05
     5.273 	 6.23812e-05 	 3.57858e-05
     5.274 	 6.02277e-05 	 3.45306e-05
     5.275 	 5.85708e-05 	 3.35682e-05
     5.276 	 5.71992e-05 	 3.27658e-05
     5.277 	 5.60278e-05 	 3.20829e-05
     5.278 	 5.50298e-05 	 3.14997e-05
     5.279 	 5.41783e-05 	 3.09968e-05
     5.280 	 5.34219e-05 	 3.05488e-05
     5.281 	 5.28349e-05 	 3.02019e-05
     5.282 	 5.24756e-05 	 2.99815e-05
     5.283 	 5.24923e-05 	 2.99761e-05
     5.284 	 5.24932e-05 	 2.99616e-05
     5.285 	 5.24398e-05 	 2.99161e-05
     5.286 	 5.22928e-05 	 2.98173e-05
     5.287 	  5.1859e-05 	 2.95491e-05
     5.288 	 5.12128e-05 	 2.91663e-05
     5.289 	 5.04134e-05 	 2.86966e-05
     5.290 	 4.95317e-05 	 2.81842e-05
     5.291 	 4.86009e-05 	 2.76407e-05
     5.292 	 4.75079e-05 	 2.7009e-05
     5.293 	 4.62295e-05 	 2.6269e-05
     5.294 	 4.47161e-05 	 2.53995e-05
     5.295 	 4.31037e-05 	 2.44713e-05
     5.296 	 4.14442e-05 	 2.35143e-05
     5.297 	 3.98273e-05 	 2.25826e-05
     5.298 	 3.85572e-05 	 2.18486e-05
     5.299 	 3.77531e-05 	 2.13739e-05
     5.300 	 3.73244e-05 	 2.1108e-05
     5.301 	 3.72775e-05 	 2.10572e-05
     5.302 	 3.77703e-05 	 2.13109e-05
     5.303 	 3.86081e-05 	 2.17528e-05
     5.304 	 3.97116e-05 	 2.23399e-05
     5.305 	 4.10214e-05 	 2.3035e-05
     5.306 	 4.20403e-05 	 2.35643e-05
     5.307 	 4.27763e-05 	 2.39239e-05
     5.308 	 4.29756e-05 	 2.39797e-05
     5.309 	 4.24182e-05 	 2.36068e-05
     5.310 	 4.07862e-05 	 2.26332e-05
     5.311 	 3.87499e-05 	 2.14382e-05
     5.312 	 3.63505e-05 	 2.00403e-05
     5.313 	 3.36028e-05 	 1.84594e-05
     5.314 	 3.09377e-05 	 1.69298e-05
     5.315 	 2.85577e-05 	 1.55649e-05
     5.316 	 2.65448e-05 	 1.44058e-05
     5.317 	 2.50705e-05 	 1.35453e-05
     5.318 	 2.41199e-05 	 1.297e-05
     5.319 	  2.3563e-05 	 1.26086e-05
     5.320 	 2.33374e-05 	 1.24249e-05
     5.321 	 2.33416e-05 	 1.23606e-05
     5.322 	 2.31308e-05 	 1.21814e-05
     5.323 	 2.27303e-05 	 1.19e-05
     5.324 	 2.21278e-05 	 1.15166e-05
     5.325 	  2.1239e-05 	 1.09858e-05
     5.326 	   1.992e-05 	 1.02395e-05
     5.327 	 1.84685e-05 	 9.43135e-06
     5.328 	  1.7018e-05 	 8.63341e-06
     5.329 	 1.58607e-05 	 7.99183e-06
     5.330 	 1.52122e-05 	 7.6106e-06
     5.331 	 1.50482e-05 	 7.47355e-06
     5.332 	 1.53934e-05 	 7.58874e-06
     5.333 	  1.6474e-05 	 8.06008e-06
     5.334 	 1.79794e-05 	 8.72518e-06
     5.335 	 1.97617e-05 	 9.51356e-06
     5.336 	 2.17106e-05 	 1.03661e-05
     5.337 	 2.36635e-05 	 1.12052e-05
     5.338 	 2.53336e-05 	 1.18923e-05
     5.339 	 2.66011e-05 	 1.23804e-05
     5.340 	  2.7262e-05 	 1.25744e-05
     5.341 	 2.71456e-05 	 1.24076e-05
     5.342 	 2.65408e-05 	 1.20186e-05
     5.343 	 2.55233e-05 	 1.14478e-05
     5.344 	 2.41667e-05 	 1.0734e-05
     5.345 	 2.26399e-05 	 9.95616e-06
     5.346 	  2.1056e-05 	 9.16731e-06
     5.347 	 1.94664e-05 	 8.38987e-06
     5.348 	 1.79834e-05 	 7.67052e-06
     5.349 	 1.68439e-05 	 7.10938e-06
     5.350 	 1.60693e-05 	 6.71078e-06
     5.351 	 1.56859e-05 	 6.48071e-06
     5.352 	 1.57775e-05 	 6.44706e-06
     5.353 	 1.60924e-05 	 6.50279e-06
     5.354 	 1.64681e-05 	 6.57996e-06
     5.355 	 1.68073e-05 	 6.63806e-06
     5.356 	 1.67515e-05 	 6.53876e-06
     5.357 	 1.64611e-05 	 6.34958e-06
     5.358 	 1.60373e-05 	 6.11341e-06
     5.359 	 1.55412e-05 	 5.85275e-06
     5.360 	 1.50224e-05 	 5.58927e-06
     5.361 	 1.44352e-05 	 5.30431e-06
     5.362 	  1.3763e-05 	 4.99493e-06
     5.363 	 1.29802e-05 	 4.65197e-06
     5.364 	 1.15858e-05 	 4.09972e-06
     5.365 	 1.01602e-05 	 3.5492e-06
     5.366 	 8.79287e-06 	 3.0311e-06
     5.367 	 7.60735e-06 	 2.58849e-06
     5.368 	 6.63294e-06 	 2.22736e-06
     5.369 	 5.67405e-06 	 1.88006e-06
     5.370 	  4.7201e-06 	 1.54326e-06
     5.371 	 3.80246e-06 	 1.22656e-06
     5.372 	 2.93342e-06 	 9.33585e-07
     5.373 	 2.13493e-06 	 6.70249e-07
     5.374 	 1.52595e-06 	 4.7248e-07
     5.375 	 1.63168e-06 	 4.98299e-07
     5.376 	 2.03956e-06 	 6.14361e-07
     5.377 	 2.66229e-06 	 7.90603e-07
     5.378 	 3.47585e-06 	 1.01797e-06
     5.379 	 4.47337e-06 	 1.29182e-06
     5.380 	 5.43983e-06 	 1.54944e-06
     5.381 	 6.27533e-06 	 1.76219e-06
     5.382 	 6.92099e-06 	 1.91668e-06
     5.383 	 7.43112e-06 	 2.02916e-06
     5.384 	 7.96041e-06 	 2.14401e-06
     5.385 	 8.49682e-06 	 2.25682e-06
     5.386 	 9.02992e-06 	 2.36541e-06
     5.387 	 9.41835e-06 	 2.43292e-06
     5.388 	 9.69227e-06 	 2.46969e-06
     5.389 	 9.83019e-06 	 2.47179e-06
     5.390 	 9.79038e-06 	 2.42957e-06
     5.391 	 9.84117e-06 	 2.41053e-06
     5.392 	 1.01344e-05 	 2.45052e-06
     5.393 	  1.0656e-05 	 2.54394e-06
     5.394 	 1.13786e-05 	 2.68317e-06
     5.395 	     1.2e-05 	 2.79463e-06
     5.396 	 1.23037e-05 	 2.83118e-06
     5.397 	 1.21974e-05 	 2.77228e-06
     5.398 	 1.14476e-05 	 2.57091e-06
     5.399 	 1.05266e-05 	 2.3364e-06
     5.400 	 9.57212e-06 	 2.10006e-06
     5.401 	 8.61026e-06 	 1.86701e-06
     5.402 	 7.59112e-06 	 1.62772e-06
     5.403 	 6.37477e-06 	 1.35107e-06
     5.404 	 5.10166e-06 	 1.06894e-06
     5.405 	 3.83972e-06 	 7.95553e-07
     5.406 	  2.7267e-06 	 5.58368e-07
     5.407 	 2.14465e-06 	 4.34073e-07
     5.408 	 1.99597e-06 	 3.99272e-07
     5.409 	 2.24163e-06 	 4.43174e-07
     5.410 	 2.70582e-06 	 5.28422e-07
     5.411 	 3.06191e-06 	 5.90802e-07
     5.412 	 3.31714e-06 	 6.32054e-07
     5.413 	 3.47031e-06 	 6.53124e-07
     5.414 	 3.48298e-06 	 6.4711e-07
     5.415 	  3.3568e-06 	 6.15571e-07
     5.416 	 3.12002e-06 	 5.64628e-07
     5.417 	 2.80831e-06 	 5.01342e-07
     5.418 	 2.25656e-06 	 3.97405e-07
     5.419 	  1.7347e-06 	 3.01316e-07
     5.420 	 1.24575e-06 	 2.13474e-07
     5.421 	 7.26849e-07 	 1.22802e-07
     5.422 	 3.91392e-07 	 6.51821e-08
     5.423 	 1.75645e-07 	 2.88412e-08
     5.424 	 1.00607e-07 	 1.62845e-08
     5.425 	 3.15713e-07 	 5.03645e-08
     5.426 	  6.0167e-07 	 9.45554e-08
     5.427 	  9.4384e-07 	 1.46123e-07
     5.428 	 1.33957e-06 	 2.04257e-07
     5.429 	 1.79237e-06 	 2.6911e-07
     5.430 	 2.29373e-06 	 3.39188e-07
     5.431 	 2.80167e-06 	 4.07754e-07
     5.432 	  3.2937e-06 	 4.71903e-07
     5.433 	 3.76267e-06 	 5.30573e-07
     5.434 	 4.00931e-06 	 5.56269e-07
     5.435 	 4.04933e-06 	 5.5265e-07
     5.436 	 3.88156e-06 	 5.20856e-07
     5.437 	 3.58472e-06 	 4.73166e-07
     5.438 	 3.22822e-06 	 4.18997e-07
     5.439 	 2.82056e-06 	 3.59695e-07
     5.440 	 2.36777e-06 	 2.96765e-07
     5.441 	 1.85412e-06 	 2.28459e-07
     5.442 	  1.3511e-06 	 1.63518e-07
     5.443 	 8.63532e-07 	 1.0268e-07
     5.444 	 3.93448e-07 	 4.59501e-08
     5.445 	 1.85762e-07 	 2.12972e-08
     5.446 	 7.07088e-08 	 7.95675e-09
     5.447 	 1.76328e-08 	 1.94685e-09
     5.448 	 1.13717e-08 	 1.2323e-09
     5.449 	 1.01295e-08 	 1.07697e-09
     5.450 	 1.03004e-08 	 1.07407e-09
     5.451 	 1.33964e-08 	 1.3705e-09
     5.452 	   3.268e-08 	 3.27881e-09
     5.453 	 2.43967e-07 	 2.39963e-08
     5.454 	 5.47098e-07 	 5.27328e-08
     5.455 	 9.10927e-07 	 8.60533e-08
     5.456 	 1.39188e-06 	 1.28845e-07
     5.457 	 1.96944e-06 	 1.78568e-07
     5.458 	 2.64726e-06 	 2.35e-07
     5.459 	 3.42672e-06 	 2.97936e-07
     5.460 	 4.05988e-06 	 3.45573e-07
     5.461 	 4.59413e-06 	 3.82994e-07
     5.462 	 4.92885e-06 	 4.02258e-07
     5.463 	  4.9455e-06 	 3.94947e-07
     5.464 	 4.78442e-06 	 3.73623e-07
     5.465 	 4.70381e-06 	 3.59423e-07
     5.466 	 4.64384e-06 	 3.47041e-07
     5.467 	 4.49742e-06 	 3.28873e-07
     5.468 	 4.09161e-06 	 2.92594e-07
     5.469 	 3.49303e-06 	 2.4418e-07
     5.470 	 2.78782e-06 	 1.90403e-07
     5.471 	 2.16635e-06 	 1.44635e-07
     5.472 	 1.66234e-06 	 1.08557e-07
     5.473 	 1.40743e-06 	 8.98549e-08
     5.474 	 1.36455e-06 	 8.51068e-08
     5.475 	 1.28391e-06 	 7.82032e-08
     5.476 	 1.33071e-06 	 7.92075e-08
     5.477 	 1.43458e-06 	 8.35045e-08
     5.478 	 1.60429e-06 	 9.12756e-08
     5.479 	 2.05406e-06 	 1.14165e-07
     5.480 	 2.46358e-06 	 1.33868e-07
     5.481 	 2.83965e-06 	 1.5078e-07
     5.482 	 3.18484e-06 	 1.65154e-07
     5.483 	  3.5157e-06 	 1.78424e-07
     5.484 	 3.83911e-06 	 1.90355e-07
     5.485 	 4.14776e-06 	 2.01115e-07
     5.486 	 4.43524e-06 	 2.1052e-07
     5.487 	 4.32321e-06 	 2.00786e-07
     5.488 	 4.16196e-06 	 1.89042e-07
     5.489 	 3.92492e-06 	 1.74552e-07
     5.490 	 3.57184e-06 	 1.55458e-07
     5.491 	 3.41656e-06 	 1.45708e-07
     5.492 	 3.39646e-06 	 1.42093e-07
     5.493 	 3.58403e-06 	 1.47064e-07
     5.494 	 4.15339e-06 	 1.67397e-07
     5.495 	 4.85951e-06 	 1.92307e-07
     5.496 	 5.67862e-06 	 2.20993e-07
     5.497 	 6.59406e-06 	 2.52264e-07
     5.498 	 7.56847e-06 	 2.84566e-07
     5.499 	           0 	        0
     5.500 	           0 	        0
