Wavelength 	 FilterTrans 	      PCE
     0.500 	           0 	        0
     0.501 	           0 	        0
     0.502 	           0 	        0
     0.503 	           0 	        0
     0.504 	           0 	        0
     0.505 	           0 	        0
     0.506 	           0 	        0
     0.507 	           0 	        0
     0.508 	           0 	        0
     0.509 	           0 	        0
     0.510 	           0 	        0
     0.511 	           0 	        0
     0.512 	           0 	        0
     0.513 	           0 	        0
     0.514 	           0 	        0
     0.515 	           0 	        0
     0.516 	           0 	        0
     0.517 	           0 	        0
     0.518 	           0 	        0
     0.519 	           0 	        0
     0.520 	           0 	        0
     0.521 	           0 	        0
     0.522 	           0 	        0
     0.523 	           0 	        0
     0.524 	           0 	        0
     0.525 	           0 	        0
     0.526 	           0 	        0
     0.527 	           0 	        0
     0.528 	           0 	        0
     0.529 	           0 	        0
     0.530 	           0 	        0
     0.531 	           0 	        0
     0.532 	           0 	        0
     0.533 	           0 	        0
     0.534 	           0 	        0
     0.535 	           0 	        0
     0.536 	           0 	        0
     0.537 	           0 	        0
     0.538 	           0 	        0
     0.539 	           0 	        0
     0.540 	           0 	        0
     0.541 	           0 	        0
     0.542 	           0 	        0
     0.543 	           0 	        0
     0.544 	           0 	        0
     0.545 	           0 	        0
     0.546 	           0 	        0
     0.547 	           0 	        0
     0.548 	           0 	        0
     0.549 	           0 	        0
     0.550 	           0 	        0
     0.551 	           0 	        0
     0.552 	           0 	        0
     0.553 	           0 	        0
     0.554 	           0 	        0
     0.555 	           0 	        0
     0.556 	           0 	        0
     0.557 	           0 	        0
     0.558 	           0 	        0
     0.559 	           0 	        0
     0.560 	           0 	        0
     0.561 	           0 	        0
     0.562 	           0 	        0
     0.563 	           0 	        0
     0.564 	           0 	        0
     0.565 	           0 	        0
     0.566 	           0 	        0
     0.567 	           0 	        0
     0.568 	           0 	        0
     0.569 	           0 	        0
     0.570 	           0 	        0
     0.571 	           0 	        0
     0.572 	           0 	        0
     0.573 	           0 	        0
     0.574 	           0 	        0
     0.575 	           0 	        0
     0.576 	           0 	        0
     0.577 	           0 	        0
     0.578 	           0 	        0
     0.579 	           0 	        0
     0.580 	           0 	        0
     0.581 	           0 	        0
     0.582 	           0 	        0
     0.583 	           0 	        0
     0.584 	           0 	        0
     0.585 	           0 	        0
     0.586 	           0 	        0
     0.587 	           0 	        0
     0.588 	           0 	        0
     0.589 	           0 	        0
     0.590 	           0 	        0
     0.591 	           0 	        0
     0.592 	           0 	        0
     0.593 	           0 	        0
     0.594 	           0 	        0
     0.595 	           0 	        0
     0.596 	           0 	        0
     0.597 	           0 	        0
     0.598 	           0 	        0
     0.599 	           0 	        0
     0.600 	           0 	        0
     0.601 	           0 	        0
     0.602 	           0 	        0
     0.603 	           0 	        0
     0.604 	           0 	        0
     0.605 	           0 	        0
     0.606 	           0 	        0
     0.607 	           0 	        0
     0.608 	           0 	        0
     0.609 	           0 	        0
     0.610 	           0 	        0
     0.611 	           0 	        0
     0.612 	           0 	        0
     0.613 	           0 	        0
     0.614 	           0 	        0
     0.615 	           0 	        0
     0.616 	           0 	        0
     0.617 	           0 	        0
     0.618 	           0 	        0
     0.619 	           0 	        0
     0.620 	           0 	        0
     0.621 	           0 	        0
     0.622 	           0 	        0
     0.623 	           0 	        0
     0.624 	           0 	        0
     0.625 	           0 	        0
     0.626 	           0 	        0
     0.627 	           0 	        0
     0.628 	           0 	        0
     0.629 	           0 	        0
     0.630 	           0 	        0
     0.631 	           0 	        0
     0.632 	           0 	        0
     0.633 	           0 	        0
     0.634 	           0 	        0
     0.635 	           0 	        0
     0.636 	           0 	        0
     0.637 	           0 	        0
     0.638 	           0 	        0
     0.639 	           0 	        0
     0.640 	           0 	        0
     0.641 	           0 	        0
     0.642 	           0 	        0
     0.643 	           0 	        0
     0.644 	           0 	        0
     0.645 	           0 	        0
     0.646 	           0 	        0
     0.647 	           0 	        0
     0.648 	           0 	        0
     0.649 	           0 	        0
     0.650 	           0 	        0
     0.651 	           0 	        0
     0.652 	           0 	        0
     0.653 	           0 	        0
     0.654 	           0 	        0
     0.655 	           0 	        0
     0.656 	           0 	        0
     0.657 	           0 	        0
     0.658 	           0 	        0
     0.659 	           0 	        0
     0.660 	           0 	        0
     0.661 	           0 	        0
     0.662 	           0 	        0
     0.663 	           0 	        0
     0.664 	           0 	        0
     0.665 	           0 	        0
     0.666 	           0 	        0
     0.667 	           0 	        0
     0.668 	           0 	        0
     0.669 	           0 	        0
     0.670 	           0 	        0
     0.671 	           0 	        0
     0.672 	           0 	        0
     0.673 	           0 	        0
     0.674 	           0 	        0
     0.675 	           0 	        0
     0.676 	           0 	        0
     0.677 	           0 	        0
     0.678 	           0 	        0
     0.679 	           0 	        0
     0.680 	           0 	        0
     0.681 	           0 	        0
     0.682 	           0 	        0
     0.683 	           0 	        0
     0.684 	           0 	        0
     0.685 	           0 	        0
     0.686 	           0 	        0
     0.687 	           0 	        0
     0.688 	           0 	        0
     0.689 	           0 	        0
     0.690 	           0 	        0
     0.691 	           0 	        0
     0.692 	           0 	        0
     0.693 	           0 	        0
     0.694 	           0 	        0
     0.695 	           0 	        0
     0.696 	           0 	        0
     0.697 	           0 	        0
     0.698 	           0 	        0
     0.699 	           0 	        0
     0.700 	           0 	        0
     0.701 	           0 	        0
     0.702 	           0 	        0
     0.703 	           0 	        0
     0.704 	           0 	        0
     0.705 	           0 	        0
     0.706 	           0 	        0
     0.707 	           0 	        0
     0.708 	           0 	        0
     0.709 	           0 	        0
     0.710 	           0 	        0
     0.711 	           0 	        0
     0.712 	           0 	        0
     0.713 	           0 	        0
     0.714 	           0 	        0
     0.715 	           0 	        0
     0.716 	           0 	        0
     0.717 	           0 	        0
     0.718 	           0 	        0
     0.719 	           0 	        0
     0.720 	           0 	        0
     0.721 	           0 	        0
     0.722 	           0 	        0
     0.723 	           0 	        0
     0.724 	           0 	        0
     0.725 	           0 	        0
     0.726 	           0 	        0
     0.727 	           0 	        0
     0.728 	           0 	        0
     0.729 	           0 	        0
     0.730 	           0 	        0
     0.731 	           0 	        0
     0.732 	           0 	        0
     0.733 	           0 	        0
     0.734 	           0 	        0
     0.735 	           0 	        0
     0.736 	           0 	        0
     0.737 	           0 	        0
     0.738 	           0 	        0
     0.739 	           0 	        0
     0.740 	           0 	        0
     0.741 	           0 	        0
     0.742 	           0 	        0
     0.743 	           0 	        0
     0.744 	           0 	        0
     0.745 	           0 	        0
     0.746 	           0 	        0
     0.747 	           0 	        0
     0.748 	           0 	        0
     0.749 	           0 	        0
     0.750 	           0 	        0
     0.751 	           0 	        0
     0.752 	           0 	        0
     0.753 	           0 	        0
     0.754 	           0 	        0
     0.755 	           0 	        0
     0.756 	           0 	        0
     0.757 	           0 	        0
     0.758 	           0 	        0
     0.759 	           0 	        0
     0.760 	           0 	        0
     0.761 	           0 	        0
     0.762 	           0 	        0
     0.763 	           0 	        0
     0.764 	           0 	        0
     0.765 	           0 	        0
     0.766 	           0 	        0
     0.767 	           0 	        0
     0.768 	           0 	        0
     0.769 	           0 	        0
     0.770 	           0 	        0
     0.771 	           0 	        0
     0.772 	           0 	        0
     0.773 	           0 	        0
     0.774 	           0 	        0
     0.775 	           0 	        0
     0.776 	           0 	        0
     0.777 	           0 	        0
     0.778 	           0 	        0
     0.779 	           0 	        0
     0.780 	           0 	        0
     0.781 	           0 	        0
     0.782 	           0 	        0
     0.783 	           0 	        0
     0.784 	           0 	        0
     0.785 	           0 	        0
     0.786 	           0 	        0
     0.787 	           0 	        0
     0.788 	           0 	        0
     0.789 	           0 	        0
     0.790 	           0 	        0
     0.791 	           0 	        0
     0.792 	           0 	        0
     0.793 	           0 	        0
     0.794 	           0 	        0
     0.795 	           0 	        0
     0.796 	           0 	        0
     0.797 	           0 	        0
     0.798 	           0 	        0
     0.799 	           0 	        0
     0.800 	           0 	        0
     0.801 	           0 	        0
     0.802 	           0 	        0
     0.803 	           0 	        0
     0.804 	           0 	        0
     0.805 	           0 	        0
     0.806 	           0 	        0
     0.807 	           0 	        0
     0.808 	           0 	        0
     0.809 	           0 	        0
     0.810 	           0 	        0
     0.811 	           0 	        0
     0.812 	           0 	        0
     0.813 	           0 	        0
     0.814 	           0 	        0
     0.815 	           0 	        0
     0.816 	           0 	        0
     0.817 	           0 	        0
     0.818 	           0 	        0
     0.819 	           0 	        0
     0.820 	           0 	        0
     0.821 	           0 	        0
     0.822 	           0 	        0
     0.823 	           0 	        0
     0.824 	           0 	        0
     0.825 	           0 	        0
     0.826 	           0 	        0
     0.827 	           0 	        0
     0.828 	           0 	        0
     0.829 	           0 	        0
     0.830 	           0 	        0
     0.831 	           0 	        0
     0.832 	           0 	        0
     0.833 	 0.000177892 	 0.000124774
     0.834 	 0.000154265 	 0.000108113
     0.835 	 0.000142012 	 9.94035e-05
     0.836 	  0.00012128 	 8.48235e-05
     0.837 	 0.000103304 	 7.21833e-05
     0.838 	 8.52954e-05 	 5.95381e-05
     0.839 	 7.66804e-05 	 5.3481e-05
     0.840 	 6.27138e-05 	 4.37042e-05
     0.841 	 6.11983e-05 	 4.2598e-05
     0.842 	 5.93049e-05 	 4.12492e-05
     0.843 	 5.55284e-05 	 3.85888e-05
     0.844 	 5.76435e-05 	 4.00284e-05
     0.845 	 6.50526e-05 	 4.51291e-05
     0.846 	 7.04812e-05 	 4.88579e-05
     0.847 	 6.94866e-05 	 4.81271e-05
     0.848 	 7.65133e-05 	 5.29602e-05
     0.849 	 6.83444e-05 	 4.72652e-05
     0.850 	 6.08058e-05 	 4.20153e-05
     0.851 	 5.06341e-05 	 3.49713e-05
     0.852 	 5.80086e-05 	 4.00345e-05
     0.853 	 5.69779e-05 	 3.92938e-05
     0.854 	 5.92455e-05 	 4.0836e-05
     0.855 	 6.10981e-05 	 4.20867e-05
     0.856 	 8.22344e-05 	 5.66108e-05
     0.857 	 8.62795e-05 	 5.93582e-05
     0.858 	 7.28625e-05 	 5.01064e-05
     0.859 	 8.03994e-05 	 5.52611e-05
     0.860 	 7.26567e-05 	 4.99143e-05
     0.861 	 6.51481e-05 	 4.47348e-05
     0.862 	 4.63276e-05 	 3.17946e-05
     0.863 	  3.9709e-05 	 2.72393e-05
     0.864 	 4.98346e-05 	 3.41689e-05
     0.865 	 4.32807e-05 	 2.96684e-05
     0.866 	 5.59042e-05 	 3.83107e-05
     0.867 	 6.03137e-05 	 4.13208e-05
     0.868 	 6.82566e-05 	 4.67527e-05
     0.869 	 6.55988e-05 	 4.49147e-05
     0.870 	 5.59592e-05 	 3.83065e-05
     0.871 	 5.09867e-05 	 3.48904e-05
     0.872 	 3.89781e-05 	 2.66654e-05
     0.873 	  3.1467e-05 	 2.15193e-05
     0.874 	 1.96728e-05 	 1.34499e-05
     0.875 	 1.27849e-05 	 8.73674e-06
     0.876 	 1.03372e-05 	 7.06272e-06
     0.877 	 1.24576e-05 	 8.50917e-06
     0.878 	 2.12147e-05 	 1.44879e-05
     0.879 	 1.97711e-05 	 1.34954e-05
     0.880 	 2.46133e-05 	 1.67956e-05
     0.881 	  3.0784e-05 	 2.10052e-05
     0.882 	 4.24754e-05 	 2.89789e-05
     0.883 	 3.79355e-05 	 2.58755e-05
     0.884 	 3.38473e-05 	 2.3074e-05
     0.885 	 3.44351e-05 	 2.34674e-05
     0.886 	 3.35656e-05 	 2.28695e-05
     0.887 	 3.00649e-05 	 2.04794e-05
     0.888 	 2.98565e-05 	 2.03244e-05
     0.889 	 3.27948e-05 	 2.23193e-05
     0.890 	  2.8727e-05 	 1.95462e-05
     0.891 	 2.83527e-05 	 1.92802e-05
     0.892 	 2.80605e-05 	 1.9071e-05
     0.893 	 2.30898e-05 	 1.56869e-05
     0.894 	 2.24827e-05 	 1.52654e-05
     0.895 	 2.75329e-05 	 1.86855e-05
     0.896 	 3.35355e-05 	 2.27508e-05
     0.897 	 3.93843e-05 	 2.67027e-05
     0.898 	 3.98869e-05 	 2.70305e-05
     0.899 	 3.90764e-05 	 2.64655e-05
     0.900 	 3.53174e-05 	 2.39089e-05
     0.901 	 2.75798e-05 	 1.86635e-05
     0.902 	 2.09265e-05 	 1.41541e-05
     0.903 	  1.3801e-05 	 9.33098e-06
     0.904 	 1.41889e-05 	 9.58737e-06
     0.905 	 1.42357e-05 	 9.6142e-06
     0.906 	 1.79821e-05 	 1.21396e-05
     0.907 	 1.88866e-05 	 1.27452e-05
     0.908 	 2.30015e-05 	 1.55159e-05
     0.909 	 2.57665e-05 	 1.73685e-05
     0.910 	  2.6184e-05 	 1.76443e-05
     0.911 	 2.28347e-05 	 1.5382e-05
     0.912 	 2.16422e-05 	 1.45721e-05
     0.913 	 2.00638e-05 	 1.35017e-05
     0.914 	 1.79369e-05 	 1.20661e-05
     0.915 	 1.80811e-05 	 1.21576e-05
     0.916 	 1.62151e-05 	 1.08967e-05
     0.917 	 1.45362e-05 	 9.76473e-06
     0.918 	 1.60904e-05 	 1.0805e-05
     0.919 	 1.52956e-05 	 1.02653e-05
     0.920 	 1.37617e-05 	 9.23198e-06
     0.921 	 1.74737e-05 	 1.17208e-05
     0.922 	  1.9342e-05 	 1.29724e-05
     0.923 	 2.22245e-05 	 1.49024e-05
     0.924 	 2.33544e-05 	 1.56568e-05
     0.925 	 2.71747e-05 	 1.82177e-05
     0.926 	 2.68105e-05 	 1.79723e-05
     0.927 	 2.07363e-05 	 1.38992e-05
     0.928 	 2.07015e-05 	 1.38759e-05
     0.929 	   1.802e-05 	 1.2079e-05
     0.930 	 1.86154e-05 	 1.24772e-05
     0.931 	 1.81697e-05 	 1.21815e-05
     0.932 	 2.00088e-05 	 1.34106e-05
     0.933 	 2.36545e-05 	 1.58579e-05
     0.934 	 1.98043e-05 	 1.32764e-05
     0.935 	 1.90136e-05 	 1.27457e-05
     0.936 	  1.6233e-05 	 1.08847e-05
     0.937 	 1.64775e-05 	 1.10495e-05
     0.938 	 1.59108e-05 	 1.067e-05
     0.939 	 1.44945e-05 	 9.72308e-06
     0.940 	 1.48456e-05 	 9.95908e-06
     0.941 	 1.41063e-05 	 9.46543e-06
     0.942 	 1.27579e-05 	 8.56439e-06
     0.943 	 8.77744e-06 	 5.8942e-06
     0.944 	 6.95823e-06 	 4.67382e-06
     0.945 	 5.91987e-06 	 3.97851e-06
     0.946 	 6.91699e-06 	 4.64988e-06
     0.947 	 6.80677e-06 	 4.57737e-06
     0.948 	 6.64417e-06 	 4.47003e-06
     0.949 	 6.74767e-06 	 4.54187e-06
     0.950 	 7.65972e-06 	 5.15809e-06
     0.951 	 8.32376e-06 	 5.60696e-06
     0.952 	 7.56866e-06 	 5.1008e-06
     0.953 	 9.23112e-06 	 6.22355e-06
     0.954 	 9.02253e-06 	 6.08523e-06
     0.955 	 9.24729e-06 	 6.24071e-06
     0.956 	 8.70194e-06 	 5.87491e-06
     0.957 	 6.67245e-06 	 4.5075e-06
     0.958 	 5.78969e-06 	 3.91264e-06
     0.959 	 6.07358e-06 	 4.10669e-06
     0.960 	 8.76534e-06 	 5.92973e-06
     0.961 	  9.1005e-06 	 6.15997e-06
     0.962 	 9.55093e-06 	 6.47005e-06
     0.963 	 9.54286e-06 	 6.46774e-06
     0.964 	 9.15274e-06 	 6.20766e-06
     0.965 	 9.33119e-06 	 6.33292e-06
     0.966 	 8.29532e-06 	 5.63382e-06
     0.967 	   9.975e-06 	 6.77998e-06
     0.968 	 1.15613e-05 	 7.86363e-06
     0.969 	 1.29588e-05 	 8.82026e-06
     0.970 	 1.27421e-05 	 8.68079e-06
     0.971 	 1.31324e-05 	 8.95317e-06
     0.972 	 1.46898e-05 	 1.00214e-05
     0.973 	 1.33171e-05 	 9.09365e-06
     0.974 	 1.39699e-05 	 9.54754e-06
     0.975 	 1.31155e-05 	 8.97121e-06
     0.976 	 1.37862e-05 	 9.43776e-06
     0.977 	 1.41819e-05 	 9.71476e-06
     0.978 	 1.15386e-05 	 7.91075e-06
     0.979 	 1.12517e-05 	 7.72237e-06
     0.980 	 1.10617e-05 	 7.59837e-06
     0.981 	 1.21933e-05 	 8.38232e-06
     0.982 	 9.61465e-06 	 6.61608e-06
     0.983 	 9.17329e-06 	 6.3168e-06
     0.984 	 1.12829e-05 	 7.77563e-06
     0.985 	 1.07973e-05 	 7.44857e-06
     0.986 	  1.0673e-05 	 7.36957e-06
     0.987 	 9.03404e-06 	 6.2428e-06
     0.988 	 8.85738e-06 	 6.12562e-06
     0.989 	 7.05114e-06 	 4.88089e-06
     0.990 	 4.90005e-06 	 3.39497e-06
     0.991 	 3.59926e-06 	 2.49615e-06
     0.992 	 3.10779e-06 	 2.15698e-06
     0.993 	  5.0014e-06 	 3.47433e-06
     0.994 	 5.36469e-06 	 3.73001e-06
     0.995 	 5.20151e-06 	 3.61935e-06
     0.996 	 5.68269e-06 	 3.95798e-06
     0.997 	 6.01902e-06 	 4.19646e-06
     0.998 	 6.22524e-06 	 4.34358e-06
     0.999 	 6.35716e-06 	 4.43953e-06
     1.000 	 6.29963e-06 	 4.40358e-06
     1.001 	 5.97292e-06 	 4.17836e-06
     1.002 	 7.23224e-06 	 5.06415e-06
     1.003 	 9.05848e-06 	 6.34879e-06
     1.004 	 9.28808e-06 	 6.51462e-06
     1.005 	 9.27948e-06 	 6.51476e-06
     1.006 	   1.081e-05 	 7.59725e-06
     1.007 	 1.26334e-05 	 8.88427e-06
     1.008 	 1.25309e-05 	 8.82163e-06
     1.009 	 1.24228e-05 	 8.75166e-06
     1.010 	 1.18719e-05 	 8.37162e-06
     1.011 	 1.16372e-05 	 8.21404e-06
     1.012 	 1.22229e-05 	 8.63472e-06
     1.013 	 1.09695e-05 	 7.7559e-06
     1.014 	 1.14829e-05 	 8.12658e-06
     1.015 	 1.08498e-05 	 7.6851e-06
     1.016 	 1.08325e-05 	 7.67927e-06
     1.017 	  9.0625e-06 	 6.43145e-06
     1.018 	 8.29246e-06 	 5.8887e-06
     1.019 	 9.71769e-06 	 6.90804e-06
     1.020 	 9.80327e-06 	 6.97486e-06
     1.021 	 1.03439e-05 	 7.36647e-06
     1.022 	 1.07344e-05 	 7.65047e-06
     1.023 	 1.19854e-05 	 8.55013e-06
     1.024 	 1.21777e-05 	 8.69558e-06
     1.025 	 1.14508e-05 	 8.1828e-06
     1.026 	 1.03482e-05 	 7.40183e-06
     1.027 	 8.90258e-06 	 6.37334e-06
     1.028 	 7.76516e-06 	 5.56496e-06
     1.029 	 5.80555e-06 	 4.16325e-06
     1.030 	 3.97483e-06 	 2.8528e-06
     1.031 	 5.05291e-06 	 3.63052e-06
     1.032 	 5.81748e-06 	 4.18224e-06
     1.033 	 7.13856e-06 	 5.13591e-06
     1.034 	 6.48717e-06 	 4.67092e-06
     1.035 	  7.0906e-06 	 5.10984e-06
     1.036 	 8.82309e-06 	 6.3632e-06
     1.037 	 8.85883e-06 	 6.39396e-06
     1.038 	 8.85581e-06 	 6.39731e-06
     1.039 	 8.16604e-06 	 5.90351e-06
     1.040 	 8.41379e-06 	 6.08782e-06
     1.041 	 7.00292e-06 	 5.0704e-06
     1.042 	 4.06505e-06 	 2.94513e-06
     1.043 	  1.8414e-06 	 1.33524e-06
     1.044 	 1.53013e-06 	 1.11052e-06
     1.045 	 2.20839e-06 	 1.60379e-06
     1.046 	 3.65089e-06 	 2.65335e-06
     1.047 	  4.1773e-06 	 3.03815e-06
     1.048 	   4.216e-06 	 3.06926e-06
     1.049 	  4.0597e-06 	 2.95708e-06
     1.050 	 4.55539e-06 	 3.32061e-06
     1.051 	 4.61523e-06 	 3.36716e-06
     1.052 	 3.78522e-06 	 2.76339e-06
     1.053 	 3.58018e-06 	 2.61627e-06
     1.054 	 3.61982e-06 	 2.64673e-06
     1.055 	 3.87125e-06 	 2.83272e-06
     1.056 	 2.79163e-06 	 2.04425e-06
     1.057 	 1.63118e-06 	 1.19525e-06
     1.058 	  1.9015e-06 	 1.39468e-06
     1.059 	 3.91945e-06 	 2.87661e-06
     1.060 	 5.04142e-06 	 3.70324e-06
     1.061 	 5.03055e-06 	 3.69771e-06
     1.062 	 5.00275e-06 	 3.67971e-06
     1.063 	 5.37579e-06 	 3.95718e-06
     1.064 	 4.50758e-06 	 3.32073e-06
     1.065 	  3.4377e-06 	 2.53448e-06
     1.066 	 2.67416e-06 	 1.97308e-06
     1.067 	 2.92426e-06 	 2.15903e-06
     1.068 	 4.39288e-06 	 3.24546e-06
     1.069 	 5.17393e-06 	 3.82545e-06
     1.070 	 5.09584e-06 	 3.77057e-06
     1.071 	 4.86609e-06 	 3.60323e-06
     1.072 	 5.33455e-06 	 3.95388e-06
     1.073 	 5.62701e-06 	 4.17371e-06
     1.074 	 5.54131e-06 	 4.11316e-06
     1.075 	 5.54754e-06 	 4.12081e-06
     1.076 	 6.28004e-06 	 4.66935e-06
     1.077 	 7.23196e-06 	 5.3815e-06
     1.078 	  7.4785e-06 	 5.56902e-06
     1.079 	 7.41427e-06 	 5.52522e-06
     1.080 	 6.68095e-06 	 4.98345e-06
     1.081 	 6.16971e-06 	 4.60606e-06
     1.082 	 5.95914e-06 	 4.4517e-06
     1.083 	 4.68628e-06 	 3.50346e-06
     1.084 	 5.69422e-06 	 4.2602e-06
     1.085 	 7.44148e-06 	 5.57162e-06
     1.086 	 8.82937e-06 	 6.61627e-06
     1.087 	 8.81476e-06 	 6.61095e-06
     1.088 	 8.83202e-06 	 6.62809e-06
     1.089 	 9.32364e-06 	 7.00378e-06
     1.090 	 8.65068e-06 	 6.50312e-06
     1.091 	 8.53738e-06 	 6.4216e-06
     1.092 	  9.6604e-06 	 7.27186e-06
     1.093 	 1.11643e-05 	 8.40955e-06
     1.094 	 1.20167e-05 	 9.05778e-06
     1.095 	 1.29099e-05 	 9.73765e-06
     1.096 	 1.38226e-05 	 1.0432e-05
     1.097 	 1.40021e-05 	 1.05766e-05
     1.098 	 1.40843e-05 	 1.06459e-05
     1.099 	 1.46317e-05 	 1.10658e-05
     1.100 	 1.51907e-05 	 1.14962e-05
     1.101 	 1.44516e-05 	 1.09452e-05
     1.102 	 1.18648e-05 	 8.99108e-06
     1.103 	 9.45813e-06 	 7.17292e-06
     1.104 	 7.35327e-06 	 5.58021e-06
     1.105 	 5.22583e-06 	 3.96798e-06
     1.106 	 3.65972e-06 	 2.78099e-06
     1.107 	 4.19468e-06 	 3.18955e-06
     1.108 	 5.88191e-06 	 4.47595e-06
     1.109 	 7.14357e-06 	 5.43907e-06
     1.110 	 8.41285e-06 	 6.40886e-06
     1.111 	 8.44995e-06 	 6.44031e-06
     1.112 	 8.45207e-06 	 6.4451e-06
     1.113 	 8.33851e-06 	 6.3642e-06
     1.114 	  7.8277e-06 	 5.97727e-06
     1.115 	 7.31054e-06 	 5.58448e-06
     1.116 	  6.6878e-06 	 5.1117e-06
     1.117 	 6.06513e-06 	 4.63804e-06
     1.118 	  5.6368e-06 	 4.31247e-06
     1.119 	 5.22724e-06 	 4.00196e-06
     1.120 	  4.7499e-06 	 3.63817e-06
     1.121 	 4.25208e-06 	 3.25851e-06
     1.122 	 3.82963e-06 	 2.93628e-06
     1.123 	 3.45256e-06 	 2.64845e-06
     1.124 	 3.28663e-06 	 2.52271e-06
     1.125 	 3.34964e-06 	 2.5726e-06
     1.126 	 3.34582e-06 	 2.57069e-06
     1.127 	 3.20975e-06 	 2.46732e-06
     1.128 	 3.07586e-06 	 2.36534e-06
     1.129 	 2.95122e-06 	 2.27058e-06
     1.130 	  2.8292e-06 	 2.17826e-06
     1.131 	  2.7603e-06 	 2.12613e-06
     1.132 	  2.6914e-06 	 2.07355e-06
     1.133 	 2.69248e-06 	 2.07527e-06
     1.134 	 2.70104e-06 	 2.08259e-06
     1.135 	 2.58743e-06 	 1.99628e-06
     1.136 	 2.43505e-06 	 1.87931e-06
     1.137 	 2.36884e-06 	 1.82884e-06
     1.138 	 2.35655e-06 	 1.81992e-06
     1.139 	  2.4432e-06 	 1.88768e-06
     1.140 	 2.64095e-06 	 2.04156e-06
     1.141 	 2.75827e-06 	 2.13276e-06
     1.142 	 2.70991e-06 	 2.09569e-06
     1.143 	 2.66857e-06 	 2.06444e-06
     1.144 	 2.65868e-06 	 2.05711e-06
     1.145 	 2.64278e-06 	 2.0453e-06
     1.146 	  2.4771e-06 	 1.91794e-06
     1.147 	 2.31145e-06 	 1.78996e-06
     1.148 	 2.27855e-06 	 1.7649e-06
     1.149 	 2.26132e-06 	 1.75196e-06
     1.150 	  2.2871e-06 	 1.7722e-06
     1.151 	 2.32719e-06 	 1.80399e-06
     1.152 	 2.45561e-06 	 1.90368e-06
     1.153 	 2.64142e-06 	 2.04794e-06
     1.154 	 2.95944e-06 	 2.29468e-06
     1.155 	 3.43134e-06 	 2.66107e-06
     1.156 	 3.85459e-06 	 2.98992e-06
     1.157 	 4.17327e-06 	 3.23735e-06
     1.158 	  4.4437e-06 	 3.44776e-06
     1.159 	 4.48458e-06 	 3.4801e-06
     1.160 	 4.51982e-06 	 3.5074e-06
     1.161 	 4.37081e-06 	 3.39285e-06
     1.162 	 4.22183e-06 	 3.27754e-06
     1.163 	 4.14326e-06 	 3.21652e-06
     1.164 	  4.0738e-06 	 3.16266e-06
     1.165 	 4.11925e-06 	 3.19826e-06
     1.166 	 4.20478e-06 	 3.26571e-06
     1.167 	 4.31061e-06 	 3.34787e-06
     1.168 	 4.43012e-06 	 3.44104e-06
     1.169 	 4.57048e-06 	 3.55009e-06
     1.170 	 4.73599e-06 	 3.67941e-06
     1.171 	 4.85812e-06 	 3.7745e-06
     1.172 	 4.88324e-06 	 3.79382e-06
     1.173 	 4.92359e-06 	 3.82493e-06
     1.174 	 5.04106e-06 	 3.91682e-06
     1.175 	  5.1526e-06 	 4.0029e-06
     1.176 	 4.98678e-06 	 3.87387e-06
     1.177 	 4.82097e-06 	 3.74445e-06
     1.178 	 4.78984e-06 	 3.72007e-06
     1.179 	 4.77764e-06 	 3.71154e-06
     1.180 	   4.742e-06 	 3.68325e-06
     1.181 	  4.6978e-06 	 3.64903e-06
     1.182 	 4.53542e-06 	 3.52336e-06
     1.183 	 4.29044e-06 	 3.3325e-06
     1.184 	 4.00845e-06 	 3.11323e-06
     1.185 	 3.68023e-06 	 2.85839e-06
     1.186 	 3.34185e-06 	 2.59591e-06
     1.187 	 2.97989e-06 	 2.3148e-06
     1.188 	 2.59345e-06 	 2.01445e-06
     1.189 	 2.07436e-06 	 1.61095e-06
     1.190 	 1.55417e-06 	 1.20713e-06
     1.191 	 9.44316e-07 	 7.33434e-07
     1.192 	 3.34392e-07 	 2.59683e-07
     1.193 	 2.17903e-07 	 1.69253e-07
     1.194 	 1.76575e-07 	 1.37134e-07
     1.195 	 1.68261e-07 	 1.30688e-07
     1.196 	 1.72543e-07 	 1.33996e-07
     1.197 	 2.31713e-07 	 1.79961e-07
     1.198 	 3.30688e-07 	 2.56797e-07
     1.199 	 3.90487e-07 	 3.03195e-07
     1.200 	 3.99481e-07 	 3.10205e-07
     1.201 	 4.27884e-07 	 3.32175e-07
     1.202 	   5.035e-07 	 3.90776e-07
     1.203 	 6.12621e-07 	 4.75446e-07
     1.204 	 9.15886e-07 	 7.10623e-07
     1.205 	 1.21879e-06 	 9.45295e-07
     1.206 	 1.40717e-06 	 1.09136e-06
     1.207 	 1.59557e-06 	 1.23702e-06
     1.208 	 1.61807e-06 	 1.25401e-06
     1.209 	 1.61334e-06 	 1.25041e-06
     1.210 	 1.66438e-06 	 1.2896e-06
     1.211 	 1.73765e-06 	 1.34594e-06
     1.212 	 1.91277e-06 	 1.48144e-06
     1.213 	  2.1645e-06 	 1.67587e-06
     1.214 	 2.27283e-06 	 1.75918e-06
     1.215 	  2.1885e-06 	 1.69374e-06
     1.216 	 2.13619e-06 	 1.65273e-06
     1.217 	 2.16521e-06 	 1.67465e-06
     1.218 	 2.20826e-06 	 1.70758e-06
     1.219 	  2.3386e-06 	 1.80795e-06
     1.220 	 2.46895e-06 	 1.9079e-06
     1.221 	 2.45895e-06 	 1.89977e-06
     1.222 	 2.44813e-06 	 1.89101e-06
     1.223 	 2.49397e-06 	 1.92602e-06
     1.224 	 2.54978e-06 	 1.96828e-06
     1.225 	 2.68286e-06 	 2.0703e-06
     1.226 	 2.84808e-06 	 2.19734e-06
     1.227 	 3.02343e-06 	 2.33189e-06
     1.228 	 3.20666e-06 	 2.47215e-06
     1.229 	 3.34595e-06 	 2.57872e-06
     1.230 	 3.42403e-06 	 2.638e-06
     1.231 	 3.50962e-06 	 2.70352e-06
     1.232 	 3.61518e-06 	 2.7835e-06
     1.233 	 3.71088e-06 	 2.85642e-06
     1.234 	 3.74024e-06 	 2.87853e-06
     1.235 	 3.76961e-06 	 2.89975e-06
     1.236 	 3.67694e-06 	 2.82802e-06
     1.237 	 3.58244e-06 	 2.75402e-06
     1.238 	  3.4111e-06 	 2.6221e-06
     1.239 	 3.22528e-06 	 2.4781e-06
     1.240 	 3.01898e-06 	 2.31847e-06
     1.241 	 2.80378e-06 	 2.15265e-06
     1.242 	 2.65634e-06 	 2.03866e-06
     1.243 	 2.56361e-06 	 1.96701e-06
     1.244 	 2.46551e-06 	 1.89103e-06
     1.245 	 2.35962e-06 	 1.80931e-06
     1.246 	 2.31371e-06 	 1.77326e-06
     1.247 	 2.43437e-06 	 1.86487e-06
     1.248 	  2.5938e-06 	 1.98644e-06
     1.249 	 3.03575e-06 	 2.32404e-06
     1.250 	 3.47776e-06 	 2.66147e-06
     1.251 	  3.8325e-06 	 2.93156e-06
     1.252 	 4.18511e-06 	 3.19985e-06
     1.253 	 4.43845e-06 	 3.39132e-06
     1.254 	 4.67176e-06 	 3.56867e-06
     1.255 	 4.89061e-06 	 3.73336e-06
     1.256 	 5.10288e-06 	 3.89407e-06
     1.257 	 5.41661e-06 	 4.13112e-06
     1.258 	 5.81536e-06 	 4.43326e-06
     1.259 	 6.12345e-06 	 4.66551e-06
     1.260 	 6.29565e-06 	 4.79342e-06
     1.261 	 6.40104e-06 	 4.87109e-06
     1.262 	 6.31226e-06 	 4.80036e-06
     1.263 	 6.18255e-06 	 4.69923e-06
     1.264 	 5.72787e-06 	 4.35074e-06
     1.265 	 5.27325e-06 	 4.00331e-06
     1.266 	 4.75346e-06 	 3.606e-06
     1.267 	 4.23156e-06 	 3.20831e-06
     1.268 	 3.83142e-06 	 2.90307e-06
     1.269 	 3.45741e-06 	 2.61823e-06
     1.270 	 3.15995e-06 	 2.39092e-06
     1.271 	 2.89856e-06 	 2.19224e-06
     1.272 	 2.80537e-06 	 2.12046e-06
     1.273 	 2.85819e-06 	 2.15901e-06
     1.274 	 2.83372e-06 	 2.13945e-06
     1.275 	 2.68901e-06 	 2.02852e-06
     1.276 	 2.58278e-06 	 1.94736e-06
     1.277 	 2.59385e-06 	 1.95429e-06
     1.278 	 2.62652e-06 	 1.97786e-06
     1.279 	 2.84755e-06 	 2.14253e-06
     1.280 	 3.06856e-06 	 2.3076e-06
     1.281 	 3.36505e-06 	 2.52856e-06
     1.282 	 3.66474e-06 	 2.75238e-06
     1.283 	 3.91465e-06 	 2.93773e-06
     1.284 	 4.15322e-06 	 3.11523e-06
     1.285 	  4.3056e-06 	 3.22794e-06
     1.286 	 4.41565e-06 	 3.30778e-06
     1.287 	  4.4626e-06 	 3.34131e-06
     1.288 	  4.4528e-06 	 3.33131e-06
     1.289 	 4.38349e-06 	 3.27748e-06
     1.290 	 4.21803e-06 	 3.15157e-06
     1.291 	 4.05697e-06 	 3.02962e-06
     1.292 	 3.91004e-06 	 2.9184e-06
     1.293 	 3.75816e-06 	 2.80293e-06
     1.294 	 3.55837e-06 	 2.65307e-06
     1.295 	  3.3586e-06 	 2.50203e-06
     1.296 	 3.09246e-06 	 2.30253e-06
     1.297 	 2.82281e-06 	 2.10045e-06
     1.298 	 2.56006e-06 	 1.90391e-06
     1.299 	 2.29894e-06 	 1.7088e-06
     1.300 	 2.12789e-06 	 1.58033e-06
     1.301 	 2.00284e-06 	 1.48651e-06
     1.302 	 2.04064e-06 	 1.51363e-06
     1.303 	  2.2302e-06 	 1.65282e-06
     1.304 	 2.54592e-06 	 1.8856e-06
     1.305 	 3.07319e-06 	 2.27447e-06
     1.306 	 3.56329e-06 	 2.63521e-06
     1.307 	 3.92831e-06 	 2.90331e-06
     1.308 	 4.27833e-06 	 3.1597e-06
     1.309 	 4.46767e-06 	 3.29671e-06
     1.310 	 4.65699e-06 	 3.43458e-06
     1.311 	 4.83814e-06 	 3.56552e-06
     1.312 	 5.01878e-06 	 3.69543e-06
     1.313 	 5.31015e-06 	 3.90781e-06
     1.314 	 5.62976e-06 	 4.13947e-06
     1.315 	 5.99584e-06 	 4.40479e-06
     1.316 	 6.38656e-06 	 4.68875e-06
     1.317 	 6.73543e-06 	 4.94114e-06
     1.318 	 7.04377e-06 	 5.16283e-06
     1.319 	 7.25927e-06 	 5.31728e-06
     1.320 	 7.31295e-06 	 5.35255e-06
     1.321 	 7.30019e-06 	 5.33944e-06
     1.322 	 7.05245e-06 	 5.15347e-06
     1.323 	 6.78616e-06 	 4.95482e-06
     1.324 	  6.2953e-06 	 4.59324e-06
     1.325 	 5.80445e-06 	 4.23071e-06
     1.326 	 5.66795e-06 	 4.12829e-06
     1.327 	 5.55717e-06 	 4.04469e-06
     1.328 	 5.70984e-06 	 4.15249e-06
     1.329 	 5.93333e-06 	 4.31055e-06
     1.330 	 6.08823e-06 	 4.41943e-06
     1.331 	  6.2052e-06 	 4.50171e-06
     1.332 	 6.25146e-06 	 4.53124e-06
     1.333 	 6.22694e-06 	 4.50939e-06
     1.334 	 6.15523e-06 	 4.45435e-06
     1.335 	 5.99807e-06 	 4.33714e-06
     1.336 	 5.79517e-06 	 4.18754e-06
     1.337 	 5.42182e-06 	 3.91383e-06
     1.338 	 5.05087e-06 	 3.64312e-06
     1.339 	 4.71303e-06 	 3.39671e-06
     1.340 	 4.37514e-06 	 3.15101e-06
     1.341 	 4.40292e-06 	 3.1683e-06
     1.342 	 4.46106e-06 	 3.20747e-06
     1.343 	 4.40826e-06 	 3.16715e-06
     1.344 	 4.32406e-06 	 3.10501e-06
     1.345 	 4.24599e-06 	 3.04603e-06
     1.346 	 4.17146e-06 	 2.99033e-06
     1.347 	 4.15635e-06 	 2.97758e-06
     1.348 	 4.20284e-06 	 3.00837e-06
     1.349 	 4.22428e-06 	 3.02115e-06
     1.350 	 4.19855e-06 	 3.0005e-06
     1.351 	 4.17534e-06 	 2.98187e-06
     1.352 	 4.16199e-06 	 2.96999e-06
     1.353 	 4.15596e-06 	 2.96271e-06
     1.354 	 4.26728e-06 	 3.03997e-06
     1.355 	  4.3786e-06 	 3.11653e-06
     1.356 	 4.55032e-06 	 3.23657e-06
     1.357 	 4.72771e-06 	 3.35971e-06
     1.358 	 4.73542e-06 	 3.36251e-06
     1.359 	 4.69257e-06 	 3.32944e-06
     1.360 	 4.69166e-06 	 3.32616e-06
     1.361 	 4.71578e-06 	 3.33993e-06
     1.362 	 4.59634e-06 	 3.25245e-06
     1.363 	 4.32273e-06 	 3.05613e-06
     1.364 	 4.00908e-06 	 2.83217e-06
     1.365 	  3.6169e-06 	 2.5523e-06
     1.366 	 3.25727e-06 	 2.29628e-06
     1.367 	 3.03294e-06 	 2.1367e-06
     1.368 	 2.81267e-06 	 1.97976e-06
     1.369 	 2.67049e-06 	 1.87761e-06
     1.370 	 2.52829e-06 	 1.77605e-06
     1.371 	 2.66034e-06 	 1.86747e-06
     1.372 	 2.82096e-06 	 1.97816e-06
     1.373 	 2.92674e-06 	 2.05064e-06
     1.374 	 3.01534e-06 	 2.1112e-06
     1.375 	 3.11811e-06 	 2.18135e-06
     1.376 	 3.22967e-06 	 2.25705e-06
     1.377 	 3.27942e-06 	 2.28992e-06
     1.378 	  3.2604e-06 	 2.27526e-06
     1.379 	 3.22868e-06 	 2.25078e-06
     1.380 	 3.17106e-06 	 2.20878e-06
     1.381 	 3.10544e-06 	 2.16175e-06
     1.382 	 3.00462e-06 	 2.09006e-06
     1.383 	 2.90295e-06 	 2.01746e-06
     1.384 	 2.78185e-06 	 1.93191e-06
     1.385 	 2.66074e-06 	 1.84666e-06
     1.386 	 2.53255e-06 	 1.75605e-06
     1.387 	 2.40356e-06 	 1.66561e-06
     1.388 	 2.13127e-06 	 1.47585e-06
     1.389 	  1.8119e-06 	 1.25365e-06
     1.390 	 1.51598e-06 	 1.04815e-06
     1.391 	 1.23507e-06 	 8.53305e-07
     1.392 	 9.85687e-07 	 6.80433e-07
     1.393 	 7.72574e-07 	 5.32928e-07
     1.394 	 5.79075e-07 	 3.99205e-07
     1.395 	 4.27218e-07 	 2.94239e-07
     1.396 	 2.93581e-07 	 2.02071e-07
     1.397 	  2.4523e-07 	 1.68647e-07
     1.398 	 2.05093e-07 	 1.4094e-07
     1.399 	 4.13096e-07 	 2.83672e-07
     1.400 	 6.21075e-07 	 4.2618e-07
     1.401 	  8.5435e-07 	 5.85772e-07
     1.402 	 1.09079e-06 	 7.4711e-07
     1.403 	 1.28927e-06 	 8.82329e-07
     1.404 	 1.47466e-06 	 1.0086e-06
     1.405 	 1.64817e-06 	 1.1261e-06
     1.406 	  1.8138e-06 	 1.23825e-06
     1.407 	 1.91697e-06 	 1.30733e-06
     1.408 	 1.94553e-06 	 1.32599e-06
     1.409 	 1.97041e-06 	 1.34169e-06
     1.410 	 1.98715e-06 	 1.35197e-06
     1.411 	 2.01314e-06 	 1.36829e-06
     1.412 	 2.08512e-06 	 1.41627e-06
     1.413 	 2.15711e-06 	 1.46417e-06
     1.414 	  2.2294e-06 	 1.51172e-06
     1.415 	 2.30168e-06 	 1.55969e-06
     1.416 	 2.19569e-06 	 1.48652e-06
     1.417 	 2.06515e-06 	 1.39718e-06
     1.418 	 1.85265e-06 	 1.25231e-06
     1.419 	 1.61055e-06 	 1.0878e-06
     1.420 	 1.39011e-06 	 9.38081e-07
     1.421 	 1.18462e-06 	 7.98812e-07
     1.422 	 9.96715e-07 	 6.71586e-07
     1.423 	 8.30624e-07 	 5.59322e-07
     1.424 	  7.0615e-07 	 4.75045e-07
     1.425 	 6.77612e-07 	 4.55559e-07
     1.426 	 6.66336e-07 	 4.47545e-07
     1.427 	  7.4678e-07 	 5.0131e-07
     1.428 	 8.27381e-07 	 5.54931e-07
     1.429 	 9.19403e-07 	 6.16259e-07
     1.430 	 1.01141e-06 	 6.77274e-07
     1.431 	 1.03089e-06 	 6.89888e-07
     1.432 	 1.03955e-06 	 6.95089e-07
     1.433 	 1.03137e-06 	 6.89104e-07
     1.434 	 1.01683e-06 	 6.78881e-07
     1.435 	 1.00708e-06 	 6.71808e-07
     1.436 	 1.00078e-06 	 6.67107e-07
     1.437 	 1.00854e-06 	 6.71847e-07
     1.438 	 1.03435e-06 	 6.88609e-07
     1.439 	 1.05655e-06 	 7.02711e-07
     1.440 	 1.07008e-06 	 7.11263e-07
     1.441 	 1.08153e-06 	 7.18142e-07
     1.442 	  1.0812e-06 	 7.17418e-07
     1.443 	 1.08036e-06 	 7.16371e-07
     1.444 	 9.87421e-07 	 6.54076e-07
     1.445 	 8.94482e-07 	 5.92107e-07
     1.446 	 7.92399e-07 	 5.24109e-07
     1.447 	 6.88829e-07 	 4.55341e-07
     1.448 	 7.52603e-07 	 4.96989e-07
     1.449 	 8.82328e-07 	 5.82183e-07
     1.450 	  9.5445e-07 	 6.29338e-07
     1.451 	 9.83666e-07 	 6.48014e-07
     1.452 	 1.04288e-06 	 6.86463e-07
     1.453 	 1.14199e-06 	 7.51165e-07
     1.454 	 1.23898e-06 	 8.14222e-07
     1.455 	 1.33061e-06 	 8.74073e-07
     1.456 	 1.40756e-06 	 9.2416e-07
     1.457 	 1.39482e-06 	 9.15175e-07
     1.458 	 1.38208e-06 	 9.0591e-07
     1.459 	 1.38998e-06 	 9.09793e-07
     1.460 	 1.39795e-06 	 9.13856e-07
     1.461 	 1.46672e-06 	 9.58417e-07
     1.462 	 1.54603e-06 	 1.00999e-06
     1.463 	   1.629e-06 	 1.0633e-06
     1.464 	 1.71347e-06 	 1.11751e-06
     1.465 	 1.73565e-06 	 1.13169e-06
     1.466 	  1.7097e-06 	 1.11434e-06
     1.467 	 1.75688e-06 	 1.14365e-06
     1.468 	 1.90497e-06 	 1.2383e-06
     1.469 	 2.04881e-06 	 1.3306e-06
     1.470 	  2.1816e-06 	 1.4158e-06
     1.471 	 2.28481e-06 	 1.48155e-06
     1.472 	 2.19335e-06 	 1.42109e-06
     1.473 	 2.10189e-06 	 1.3607e-06
     1.474 	 2.17926e-06 	 1.40965e-06
     1.475 	 2.25872e-06 	 1.45987e-06
     1.476 	 2.34185e-06 	 1.51237e-06
     1.477 	 2.42566e-06 	 1.56512e-06
     1.478 	 2.39223e-06 	 1.54241e-06
     1.479 	 2.30847e-06 	 1.48807e-06
     1.480 	 2.19287e-06 	 1.41302e-06
     1.481 	 2.05182e-06 	 1.32041e-06
     1.482 	 1.90227e-06 	 1.22258e-06
     1.483 	 1.74061e-06 	 1.11834e-06
     1.484 	 1.55907e-06 	 1.00143e-06
     1.485 	 1.32295e-06 	 8.48706e-07
     1.486 	 1.08764e-06 	 6.96796e-07
     1.487 	 8.57955e-07 	 5.49169e-07
     1.488 	 6.28265e-07 	 4.01863e-07
     1.489 	 6.52177e-07 	 4.16825e-07
     1.490 	 6.81559e-07 	 4.35265e-07
     1.491 	 6.55761e-07 	 4.18463e-07
     1.492 	 6.19055e-07 	 3.94731e-07
     1.493 	 6.07725e-07 	 3.87203e-07
     1.494 	 6.07764e-07 	 3.86924e-07
     1.495 	  7.1746e-07 	 4.5641e-07
     1.496 	  9.1818e-07 	 5.83642e-07
     1.497 	 1.22521e-06 	 7.78147e-07
     1.498 	 1.69015e-06 	 1.07268e-06
     1.499 	 2.07928e-06 	 1.31932e-06
     1.500 	  2.2508e-06 	 1.42779e-06
     1.501 	 2.41878e-06 	 1.53327e-06
     1.502 	 2.55932e-06 	 1.62099e-06
     1.503 	 2.69987e-06 	 1.70869e-06
     1.504 	  2.8823e-06 	 1.82276e-06
     1.505 	 3.06603e-06 	 1.93746e-06
     1.506 	 3.21795e-06 	 2.03192e-06
     1.507 	 3.36315e-06 	 2.122e-06
     1.508 	 3.58401e-06 	 2.25964e-06
     1.509 	 3.84014e-06 	 2.4193e-06
     1.510 	 4.07631e-06 	 2.56619e-06
     1.511 	 4.29529e-06 	 2.7022e-06
     1.512 	 4.39418e-06 	 2.76213e-06
     1.513 	 4.30802e-06 	 2.70438e-06
     1.514 	 4.14034e-06 	 2.59606e-06
     1.515 	 3.72746e-06 	 2.33644e-06
     1.516 	 3.34393e-06 	 2.09573e-06
     1.517 	 3.21009e-06 	 2.01054e-06
     1.518 	 3.07623e-06 	 1.92513e-06
     1.519 	 3.04037e-06 	 1.90115e-06
     1.520 	 3.00848e-06 	 1.87998e-06
     1.521 	 2.86256e-06 	 1.78855e-06
     1.522 	 2.69112e-06 	 1.68092e-06
     1.523 	 2.51411e-06 	 1.56856e-06
     1.524 	  2.3344e-06 	 1.45453e-06
     1.525 	 2.11389e-06 	 1.3161e-06
     1.526 	 1.85698e-06 	 1.15541e-06
     1.527 	 1.58452e-06 	 9.8509e-07
     1.528 	 1.28708e-06 	 7.99671e-07
     1.529 	 1.03347e-06 	 6.41967e-07
     1.530 	 9.18149e-07 	 5.70223e-07
     1.531 	 8.09066e-07 	 5.02193e-07
     1.532 	 7.58585e-07 	 4.70462e-07
     1.533 	 7.08098e-07 	 4.38611e-07
     1.534 	 6.81917e-07 	 4.21888e-07
     1.535 	 6.56952e-07 	 4.06131e-07
     1.536 	 6.26137e-07 	 3.86836e-07
     1.537 	 5.93937e-07 	 3.66662e-07
     1.538 	 6.09834e-07 	 3.76244e-07
     1.539 	 6.50073e-07 	 4.01021e-07
     1.540 	 6.98162e-07 	 4.30579e-07
     1.541 	 7.53507e-07 	 4.6419e-07
     1.542 	 8.20449e-07 	 5.04782e-07
     1.543 	 9.06639e-07 	 5.57348e-07
     1.544 	 9.72199e-07 	 5.97334e-07
     1.545 	  9.6933e-07 	 5.95465e-07
     1.546 	  9.6674e-07 	 5.93771e-07
     1.547 	 9.67054e-07 	 5.93607e-07
     1.548 	 9.67368e-07 	 5.9335e-07
     1.549 	 1.01259e-06 	 6.20718e-07
     1.550 	 1.06049e-06 	 6.49588e-07
     1.551 	 1.10244e-06 	 6.74437e-07
     1.552 	 1.14288e-06 	 6.98404e-07
     1.553 	 1.13553e-06 	 6.93742e-07
     1.554 	 1.10305e-06 	 6.73846e-07
     1.555 	 1.07892e-06 	 6.58661e-07
     1.556 	 1.06278e-06 	 6.48379e-07
     1.557 	 1.02782e-06 	 6.26949e-07
     1.558 	 9.60388e-07 	 5.85731e-07
     1.559 	 8.89651e-07 	 5.42312e-07
     1.560 	 8.07419e-07 	 4.91786e-07
     1.561 	  7.4225e-07 	 4.51532e-07
     1.562 	 8.77009e-07 	 5.3293e-07
     1.563 	 1.01175e-06 	 6.14676e-07
     1.564 	 1.47229e-06 	 8.94405e-07
     1.565 	 1.95565e-06 	 1.18747e-06
     1.566 	 2.48996e-06 	 1.51068e-06
     1.567 	 3.03785e-06 	 1.84084e-06
     1.568 	 3.46739e-06 	 2.09886e-06
     1.569 	 3.83227e-06 	 2.31926e-06
     1.570 	 4.13434e-06 	 2.50199e-06
     1.571 	 4.37414e-06 	 2.6456e-06
     1.572 	 4.61605e-06 	 2.78996e-06
     1.573 	 4.86167e-06 	 2.93654e-06
     1.574 	 5.09138e-06 	 3.07339e-06
     1.575 	  5.2626e-06 	 3.17475e-06
     1.576 	 5.42422e-06 	 3.27022e-06
     1.577 	 5.45872e-06 	 3.28922e-06
     1.578 	 5.49322e-06 	 3.30773e-06
     1.579 	 5.49796e-06 	 3.30688e-06
     1.580 	 5.50032e-06 	 3.30458e-06
     1.581 	 5.27201e-06 	 3.16496e-06
     1.582 	 4.97921e-06 	 2.98782e-06
     1.583 	 4.57824e-06 	 2.74697e-06
     1.584 	 4.11573e-06 	 2.4692e-06
     1.585 	 3.74923e-06 	 2.24817e-06
     1.586 	 3.48135e-06 	 2.08611e-06
     1.587 	 3.29323e-06 	 1.97224e-06
     1.588 	 3.25379e-06 	 1.94744e-06
     1.589 	 3.21486e-06 	 1.92286e-06
     1.590 	 3.17785e-06 	 1.89976e-06
     1.591 	 3.14245e-06 	 1.87844e-06
     1.592 	 3.13173e-06 	 1.87189e-06
     1.593 	 3.12102e-06 	 1.86457e-06
     1.594 	 3.20757e-06 	 1.91501e-06
     1.595 	 3.30294e-06 	 1.9708e-06
     1.596 	 3.37571e-06 	 2.01308e-06
     1.597 	 3.44185e-06 	 2.05131e-06
     1.598 	 3.35873e-06 	 2.00064e-06
     1.599 	 3.18747e-06 	 1.89754e-06
     1.600 	 3.03199e-06 	 1.80395e-06
     1.601 	 2.89335e-06 	 1.72061e-06
     1.602 	  2.7363e-06 	 1.62618e-06
     1.603 	 2.54363e-06 	 1.50992e-06
     1.604 	 2.34251e-06 	 1.38916e-06
     1.605 	 2.10664e-06 	 1.24914e-06
     1.606 	 1.86956e-06 	 1.10859e-06
     1.607 	 1.61005e-06 	 9.54255e-07
     1.608 	 1.35054e-06 	 7.99944e-07
     1.609 	 1.21474e-06 	 7.19061e-07
     1.610 	 1.09145e-06 	 6.45776e-07
     1.611 	 1.07933e-06 	 6.38582e-07
     1.612 	 1.10157e-06 	 6.51721e-07
     1.613 	 1.06748e-06 	 6.3127e-07
     1.614 	 9.98857e-07 	 5.90325e-07
     1.615 	 1.02298e-06 	 6.04306e-07
     1.616 	 1.14931e-06 	 6.78526e-07
     1.617 	 1.27773e-06 	 7.5349e-07
     1.618 	 1.41039e-06 	 8.30929e-07
     1.619 	 1.52526e-06 	 8.98524e-07
     1.620 	 1.56299e-06 	 9.20811e-07
     1.621 	 1.61433e-06 	 9.50637e-07
     1.622 	 1.96563e-06 	 1.15684e-06
     1.623 	 2.31698e-06 	 1.36293e-06
     1.624 	 2.58139e-06 	 1.5177e-06
     1.625 	 2.83608e-06 	 1.66658e-06
     1.626 	 3.09792e-06 	 1.81954e-06
     1.627 	 3.36205e-06 	 1.97369e-06
     1.628 	  3.5954e-06 	 2.10963e-06
     1.629 	 3.80909e-06 	 2.2339e-06
     1.630 	  4.0113e-06 	 2.35135e-06
     1.631 	 4.20035e-06 	 2.46098e-06
     1.632 	 4.39625e-06 	 2.5745e-06
     1.633 	 4.60657e-06 	 2.69636e-06
     1.634 	 4.83104e-06 	 2.82637e-06
     1.635 	 5.12076e-06 	 2.99445e-06
     1.636 	 5.41237e-06 	 3.16345e-06
     1.637 	 5.75681e-06 	 3.36318e-06
     1.638 	 6.10129e-06 	 3.56271e-06
     1.639 	 6.08075e-06 	 3.54907e-06
     1.640 	 6.01532e-06 	 3.50931e-06
     1.641 	  6.0245e-06 	 3.51271e-06
     1.642 	 6.05906e-06 	 3.53153e-06
     1.643 	 6.02902e-06 	 3.51418e-06
     1.644 	 5.95625e-06 	 3.47197e-06
     1.645 	 5.83407e-06 	 3.39944e-06
     1.646 	 5.65337e-06 	 3.29245e-06
     1.647 	 5.50029e-06 	 3.20209e-06
     1.648 	 5.40753e-06 	 3.14647e-06
     1.649 	 5.30615e-06 	 3.08429e-06
     1.650 	 5.16262e-06 	 2.99823e-06
     1.651 	 5.01774e-06 	 2.91408e-06
     1.652 	  4.8227e-06 	 2.80122e-06
     1.653 	 4.62764e-06 	 2.68698e-06
     1.654 	 4.36769e-06 	 2.53474e-06
     1.655 	 4.09904e-06 	 2.37784e-06
     1.656 	  3.8117e-06 	 2.21019e-06
     1.657 	 3.51775e-06 	 2.03892e-06
     1.658 	 3.25203e-06 	 1.88413e-06
     1.659 	 3.00569e-06 	 1.74053e-06
     1.660 	 2.81543e-06 	 1.62981e-06
     1.661 	 2.69394e-06 	 1.55976e-06
     1.662 	 2.55565e-06 	 1.47972e-06
     1.663 	 2.37901e-06 	 1.37619e-06
     1.664 	 2.19711e-06 	 1.2698e-06
     1.665 	 1.98775e-06 	 1.14892e-06
     1.666 	 1.78097e-06 	 1.02954e-06
     1.667 	 1.72767e-06 	 9.97817e-07
     1.668 	 1.67438e-06 	 9.66164e-07
     1.669 	  1.9344e-06 	 1.11633e-06
     1.670 	 2.24013e-06 	 1.29294e-06
     1.671 	 2.73592e-06 	 1.57766e-06
     1.672 	 3.30255e-06 	 1.9027e-06
     1.673 	   3.733e-06 	 2.15065e-06
     1.674 	 4.06669e-06 	 2.34358e-06
     1.675 	 4.35715e-06 	 2.51173e-06
     1.676 	 4.59272e-06 	 2.64744e-06
     1.677 	  4.7807e-06 	 2.7536e-06
     1.678 	 4.85562e-06 	 2.79406e-06
     1.679 	 4.92542e-06 	 2.833e-06
     1.680 	 4.96668e-06 	 2.8559e-06
     1.681 	 5.00745e-06 	 2.87833e-06
     1.682 	 4.98747e-06 	 2.86575e-06
     1.683 	 4.96748e-06 	 2.85328e-06
     1.684 	 4.83035e-06 	 2.77356e-06
     1.685 	 4.67475e-06 	 2.68325e-06
     1.686 	 4.36277e-06 	 2.50333e-06
     1.687 	 3.98983e-06 	 2.28853e-06
     1.688 	 3.53419e-06 	 2.02651e-06
     1.689 	 3.01747e-06 	 1.72962e-06
     1.690 	 2.62317e-06 	 1.50309e-06
     1.691 	 2.39027e-06 	 1.36917e-06
     1.692 	 2.16319e-06 	 1.23869e-06
     1.693 	 1.95065e-06 	 1.11662e-06
     1.694 	 1.75249e-06 	 1.00286e-06
     1.695 	  1.6406e-06 	 9.38528e-07
     1.696 	 1.52872e-06 	 8.7424e-07
     1.697 	 1.47653e-06 	 8.44115e-07
     1.698 	 1.42441e-06 	 8.14058e-07
     1.699 	 1.41028e-06 	 8.0573e-07
     1.700 	  1.4026e-06 	 8.0109e-07
     1.701 	 1.39762e-06 	 7.97935e-07
     1.702 	 1.39373e-06 	 7.95528e-07
     1.703 	 1.30452e-06 	 7.44755e-07
     1.704 	 1.15005e-06 	 6.56712e-07
     1.705 	 1.01159e-06 	 5.7751e-07
     1.706 	 8.95033e-07 	 5.10777e-07
     1.707 	 7.80298e-07 	 4.45164e-07
     1.708 	 6.70343e-07 	 3.82322e-07
     1.709 	 5.65005e-07 	 3.22146e-07
     1.710 	 4.89533e-07 	 2.79038e-07
     1.711 	 4.14071e-07 	 2.35935e-07
     1.712 	 3.34618e-07 	 1.90624e-07
     1.713 	 2.55125e-07 	 1.4538e-07
     1.714 	 2.05361e-07 	 1.17042e-07
     1.715 	 1.60999e-07 	 9.1692e-08
     1.716 	 1.44605e-07 	 8.2284e-08
     1.717 	 1.40085e-07 	 7.96768e-08
     1.718 	 1.40416e-07 	 7.98553e-08
     1.719 	 1.44592e-07 	 8.22501e-08
     1.720 	 1.80725e-07 	 1.02829e-07
     1.721 	 2.62126e-07 	 1.49117e-07
     1.722 	 3.46999e-07 	 1.97326e-07
     1.723 	 4.41256e-07 	 2.50861e-07
     1.724 	 5.45974e-07 	 3.10311e-07
     1.725 	 7.23745e-07 	 4.11239e-07
     1.726 	 9.01495e-07 	 5.12093e-07
     1.727 	 1.12059e-06 	 6.3638e-07
     1.728 	 1.34047e-06 	 7.6105e-07
     1.729 	 1.59329e-06 	 9.04343e-07
     1.730 	 1.85256e-06 	 1.05123e-06
     1.731 	 2.15706e-06 	 1.22369e-06
     1.732 	 2.48163e-06 	 1.40746e-06
     1.733 	 2.75601e-06 	 1.56266e-06
     1.734 	 2.98911e-06 	 1.69438e-06
     1.735 	 3.22009e-06 	 1.82485e-06
     1.736 	 3.44786e-06 	 1.95345e-06
     1.737 	 3.61349e-06 	 2.0468e-06
     1.738 	 3.60279e-06 	 2.0402e-06
     1.739 	  3.5831e-06 	 2.02857e-06
     1.740 	  3.4953e-06 	 1.97835e-06
     1.741 	  3.4075e-06 	 1.9282e-06
     1.742 	 3.23298e-06 	 1.82902e-06
     1.743 	 3.05598e-06 	 1.72846e-06
     1.744 	 2.84348e-06 	 1.6079e-06
     1.745 	  2.6236e-06 	 1.48322e-06
     1.746 	 2.37679e-06 	 1.34338e-06
     1.747 	 2.11758e-06 	 1.19659e-06
     1.748 	 1.82304e-06 	 1.02993e-06
     1.749 	 1.49847e-06 	 8.46371e-07
     1.750 	 1.21009e-06 	 6.8334e-07
     1.751 	 9.76968e-07 	 5.51581e-07
     1.752 	 7.44479e-07 	 4.20226e-07
     1.753 	 5.13749e-07 	 2.8993e-07
     1.754 	 3.01768e-07 	 1.70267e-07
     1.755 	 2.44958e-07 	 1.38185e-07
     1.756 	 1.88148e-07 	 1.06117e-07
     1.757 	 1.79594e-07 	 1.01264e-07
     1.758 	  1.7286e-07 	 9.74566e-08
     1.759 	 2.80618e-07 	 1.5826e-07
     1.760 	 4.13609e-07 	 2.33341e-07
     1.761 	 4.90155e-07 	 2.7649e-07
     1.762 	 5.39555e-07 	 3.04284e-07
     1.763 	 5.83583e-07 	 3.29058e-07
     1.764 	 6.22865e-07 	 3.51143e-07
     1.765 	 6.86423e-07 	 3.8691e-07
     1.766 	 7.88436e-07 	 4.44332e-07
     1.767 	 8.89816e-07 	 5.01386e-07
     1.768 	 9.89273e-07 	 5.5734e-07
     1.769 	 1.08308e-06 	 6.10094e-07
     1.770 	  1.1254e-06 	 6.33826e-07
     1.771 	 1.16773e-06 	 6.5758e-07
     1.772 	 1.19512e-06 	 6.72903e-07
     1.773 	  1.2218e-06 	 6.87829e-07
     1.774 	 1.24308e-06 	 6.99718e-07
     1.775 	 1.26309e-06 	 7.10887e-07
     1.776 	  1.1842e-06 	 6.66403e-07
     1.777 	 1.05583e-06 	 5.94039e-07
     1.778 	 9.69964e-07 	 5.45717e-07
     1.779 	 9.22985e-07 	 5.19528e-07
     1.780 	  8.8719e-07 	 4.99548e-07
     1.781 	 8.69768e-07 	 4.89472e-07
     1.782 	 8.74935e-07 	 4.92034e-07
     1.783 	 9.53995e-07 	 5.36403e-07
     1.784 	 1.02256e-06 	 5.7494e-07
     1.785 	 9.85003e-07 	 5.53774e-07
     1.786 	 9.47442e-07 	 5.32604e-07
     1.787 	  9.4512e-07 	 5.31255e-07
     1.788 	 9.44815e-07 	 5.31034e-07
     1.789 	 9.09162e-07 	 5.10961e-07
     1.790 	 8.64774e-07 	 4.85969e-07
     1.791 	 8.02155e-07 	 4.50741e-07
     1.792 	 7.30043e-07 	 4.10184e-07
     1.793 	 6.96013e-07 	 3.9104e-07
     1.794 	 6.98042e-07 	 3.92147e-07
     1.795 	 7.11903e-07 	 3.99906e-07
     1.796 	 7.45969e-07 	 4.19009e-07
     1.797 	 7.73353e-07 	 4.34363e-07
     1.798 	 7.77754e-07 	 4.36808e-07
     1.799 	 7.70543e-07 	 4.32727e-07
     1.800 	 6.31896e-07 	 3.54839e-07
     1.801 	 4.93233e-07 	 2.76933e-07
     1.802 	 5.59211e-07 	 3.13987e-07
     1.803 	 6.38923e-07 	 3.58932e-07
     1.804 	 6.38946e-07 	 3.59082e-07
     1.805 	 6.18145e-07 	 3.47191e-07
     1.806 	  6.1616e-07 	 3.45882e-07
     1.807 	 6.24362e-07 	 3.50646e-07
     1.808 	 6.47201e-07 	 3.6364e-07
     1.809 	 6.84413e-07 	 3.84329e-07
     1.810 	 7.44377e-07 	 4.17758e-07
     1.811 	 8.44741e-07 	 4.74258e-07
     1.812 	 9.16728e-07 	 5.14935e-07
     1.813 	 8.86008e-07 	 4.97686e-07
     1.814 	 8.55607e-07 	 4.8054e-07
     1.815 	 8.29351e-07 	 4.65765e-07
     1.816 	 8.03097e-07 	 4.50991e-07
     1.817 	 7.72022e-07 	 4.33504e-07
     1.818 	 7.40578e-07 	 4.15824e-07
     1.819 	 8.32244e-07 	 4.67257e-07
     1.820 	  9.5783e-07 	 5.37729e-07
     1.821 	 1.18412e-06 	 6.64731e-07
     1.822 	 1.46711e-06 	 8.23538e-07
     1.823 	  1.7406e-06 	 9.76994e-07
     1.824 	  2.0045e-06 	 1.12506e-06
     1.825 	 2.21653e-06 	 1.24397e-06
     1.826 	 2.33297e-06 	 1.30924e-06
     1.827 	 2.42858e-06 	 1.36283e-06
     1.828 	 2.44458e-06 	 1.37171e-06
     1.829 	 2.46445e-06 	 1.38279e-06
     1.830 	 2.54155e-06 	 1.42597e-06
     1.831 	 2.61865e-06 	 1.46913e-06
     1.832 	 2.69024e-06 	 1.50924e-06
     1.833 	 2.76134e-06 	 1.54906e-06
     1.834 	 2.77071e-06 	 1.55422e-06
     1.835 	 2.76215e-06 	 1.54935e-06
     1.836 	 2.59055e-06 	 1.45302e-06
     1.837 	 2.32365e-06 	 1.30327e-06
     1.838 	  2.0403e-06 	 1.14429e-06
     1.839 	 1.73968e-06 	 9.75594e-07
     1.840 	 1.45613e-06 	 8.16603e-07
     1.841 	 1.20544e-06 	 6.7635e-07
     1.842 	 9.81462e-07 	 5.50947e-07
     1.843 	 8.65372e-07 	 4.85804e-07
     1.844 	 7.51954e-07 	 4.2209e-07
     1.845 	 6.84537e-07 	 3.84235e-07
     1.846 	 6.17128e-07 	 3.46393e-07
     1.847 	 6.18281e-07 	 3.47056e-07
     1.848 	 6.26186e-07 	 3.51467e-07
     1.849 	 6.49429e-07 	 3.64321e-07
     1.850 	 6.77352e-07 	 3.79784e-07
     1.851 	 7.39324e-07 	 4.145e-07
     1.852 	 8.21983e-07 	 4.60878e-07
     1.853 	 8.71837e-07 	 4.88839e-07
     1.854 	 8.85865e-07 	 4.96712e-07
     1.855 	  8.9623e-07 	 5.02492e-07
     1.856 	 8.99286e-07 	 5.0425e-07
     1.857 	 9.01718e-07 	 5.05887e-07
     1.858 	  9.0148e-07 	 5.06026e-07
     1.859 	 9.04234e-07 	 5.0767e-07
     1.860 	 9.69531e-07 	 5.44264e-07
     1.861 	 1.03482e-06 	 5.80646e-07
     1.862 	 1.07732e-06 	 6.04215e-07
     1.863 	 1.11734e-06 	 6.26642e-07
     1.864 	 1.10988e-06 	 6.22547e-07
     1.865 	 1.08721e-06 	 6.09869e-07
     1.866 	 1.06367e-06 	 5.96702e-07
     1.867 	 1.03957e-06 	 5.83222e-07
     1.868 	 1.03741e-06 	 5.82053e-07
     1.869 	 1.06007e-06 	 5.94767e-07
     1.870 	 1.07624e-06 	 6.03927e-07
     1.871 	 1.07893e-06 	 6.05796e-07
     1.872 	 1.07981e-06 	 6.06656e-07
     1.873 	 1.07248e-06 	 6.02628e-07
     1.874 	 1.06466e-06 	 5.98244e-07
     1.875 	 1.04398e-06 	 5.86679e-07
     1.876 	  1.0233e-06 	 5.75106e-07
     1.877 	 9.73206e-07 	 5.47005e-07
     1.878 	 9.19572e-07 	 5.16905e-07
     1.879 	 9.61362e-07 	 5.4045e-07
     1.880 	 1.03519e-06 	 5.82009e-07
     1.881 	 1.23418e-06 	 6.9396e-07
     1.882 	 1.51504e-06 	 8.51963e-07
     1.883 	 1.83891e-06 	 1.03418e-06
     1.884 	  2.2131e-06 	 1.24477e-06
     1.885 	 2.59555e-06 	 1.46003e-06
     1.886 	 2.99576e-06 	 1.68533e-06
     1.887 	 3.38942e-06 	 1.90698e-06
     1.888 	 3.75191e-06 	 2.11116e-06
     1.889 	  4.1123e-06 	 2.31417e-06
     1.890 	 4.39987e-06 	 2.47626e-06
     1.891 	 4.68747e-06 	 2.63839e-06
     1.892 	 4.74411e-06 	 2.67057e-06
     1.893 	 4.77042e-06 	 2.68588e-06
     1.894 	 4.74118e-06 	 2.66952e-06
     1.895 	  4.6924e-06 	 2.64077e-06
     1.896 	 4.57175e-06 	 2.57197e-06
     1.897 	 4.40231e-06 	 2.47817e-06
     1.898 	 4.17497e-06 	 2.35165e-06
     1.899 	 3.87733e-06 	 2.18326e-06
     1.900 	 3.59497e-06 	 2.02325e-06
     1.901 	 3.34694e-06 	 1.88374e-06
     1.902 	  3.0998e-06 	 1.74496e-06
     1.903 	  2.8571e-06 	 1.60837e-06
     1.904 	 2.61843e-06 	 1.47429e-06
     1.905 	 2.58606e-06 	 1.45696e-06
     1.906 	 2.55368e-06 	 1.43961e-06
     1.907 	 2.69562e-06 	 1.5199e-06
     1.908 	 2.86247e-06 	 1.61403e-06
     1.909 	 3.24666e-06 	 1.83085e-06
     1.910 	 3.71085e-06 	 2.09286e-06
     1.911 	 4.16384e-06 	 2.34877e-06
     1.912 	 4.60886e-06 	 2.59986e-06
     1.913 	 5.07769e-06 	 2.86315e-06
     1.914 	 5.57644e-06 	 3.1431e-06
     1.915 	 6.12566e-06 	 3.45249e-06
     1.916 	 6.79376e-06 	 3.83008e-06
     1.917 	 7.49528e-06 	 4.22821e-06
     1.918 	 8.37966e-06 	 4.73002e-06
     1.919 	  9.2683e-06 	 5.23271e-06
     1.920 	 1.05587e-05 	 5.96134e-06
     1.921 	 1.18493e-05 	 6.69139e-06
     1.922 	 1.34953e-05 	 7.62103e-06
     1.923 	  1.5196e-05 	 8.57809e-06
     1.924 	 1.70476e-05 	 9.61944e-06
     1.925 	 1.89569e-05 	 1.06972e-05
     1.926 	  2.1124e-05 	 1.19223e-05
     1.927 	 2.34793e-05 	 1.32523e-05
     1.928 	 2.62419e-05 	 1.48146e-05
     1.929 	 2.95367e-05 	 1.66849e-05
     1.930 	 3.31378e-05 	 1.87312e-05
     1.931 	 3.74914e-05 	 2.11959e-05
     1.932 	 4.19847e-05 	 2.37378e-05
     1.933 	 4.72979e-05 	 2.67447e-05
     1.934 	 5.26132e-05 	 2.97539e-05
     1.935 	 5.90332e-05 	 3.33891e-05
     1.936 	 6.54539e-05 	 3.70254e-05
     1.937 	 7.30698e-05 	 4.13386e-05
     1.938 	 8.08837e-05 	 4.57648e-05
     1.939 	 8.99486e-05 	 5.09011e-05
     1.940 	 9.95165e-05 	 5.63226e-05
     1.941 	 0.000109843 	 6.2175e-05
     1.942 	 0.000120746 	 6.83555e-05
     1.943 	 0.000132249 	 7.48773e-05
     1.944 	 0.000144567 	 8.18629e-05
     1.945 	 0.000156939 	 8.88828e-05
     1.946 	 0.000169446 	 9.59792e-05
     1.947 	 0.000181962 	 0.000103083
     1.948 	 0.000194524 	 0.000110215
     1.949 	 0.000207088 	 0.000117359
     1.950 	  0.00021902 	 0.000124129
     1.951 	 0.000230945 	 0.000130831
     1.952 	 0.000242024 	 0.000137068
     1.953 	  0.00025295 	 0.000143342
     1.954 	 0.000262526 	 0.000148879
     1.955 	 0.000271535 	 0.000154025
     1.956 	 0.000279174 	 0.000158371
     1.957 	 0.000285738 	 0.00016212
     1.958 	 0.000291552 	 0.000165445
     1.959 	 0.000296314 	 0.000168173
     1.960 	 0.000300527 	 0.000170592
     1.961 	 0.000303268 	 0.000172175
     1.962 	 0.000305855 	 0.000173673
     1.963 	 0.000307386 	 0.000174572
     1.964 	 0.000308918 	 0.000175471
     1.965 	 0.000309172 	 0.000175645
     1.966 	 0.000309404 	 0.000175806
     1.967 	 0.000309197 	 0.000175729
     1.968 	 0.000308906 	 0.00017558
     1.969 	 0.000308444 	 0.000175258
     1.970 	 0.000307907 	 0.00017489
     1.971 	 0.000307447 	 0.000174647
     1.972 	  0.00030705 	 0.000174463
     1.973 	 0.000306626 	 0.000174253
     1.974 	 0.000306161 	 0.000174017
     1.975 	 0.000305666 	 0.000173767
     1.976 	 0.000305086 	 0.000173466
     1.977 	 0.000304486 	 0.000173153
     1.978 	 0.000303738 	 0.000172757
     1.979 	 0.000302991 	 0.000172361
     1.980 	  0.00030209 	 0.000171879
     1.981 	 0.000301185 	 0.000171394
     1.982 	 0.000300179 	 0.00017085
     1.983 	 0.000299152 	 0.000170296
     1.984 	 0.000297942 	 0.000169637
     1.985 	 0.000296648 	 0.00016893
     1.986 	 0.000295108 	 0.000168084
     1.987 	 0.000293362 	 0.000167119
     1.988 	 0.000291494 	 0.000166082
     1.989 	 0.000289445 	 0.000164946
     1.990 	 0.000287455 	 0.000163842
     1.991 	 0.000285639 	 0.000162834
     1.992 	 0.000283859 	 0.000161846
     1.993 	  0.00028236 	 0.000161022
     1.994 	 0.000280862 	 0.000160195
     1.995 	 0.000279539 	 0.000159468
     1.996 	 0.000278222 	 0.000158747
     1.997 	 0.000276923 	 0.000158068
     1.998 	 0.000275628 	 0.000157323
     1.999 	 0.000274371 	 0.000156412
     2.000 	 0.000273131 	 0.000155471
     2.001 	 0.000271988 	 0.000154882
     2.002 	 0.000270927 	 0.000154311
     2.003 	 0.000269931 	 0.000153775
     2.004 	 0.000269033 	 0.000153296
     2.005 	 0.000268171 	 0.000152837
     2.006 	 0.000267419 	 0.000152422
     2.007 	 0.000266664 	 0.000152023
     2.008 	  0.00026588 	 0.000151608
     2.009 	 0.000265096 	 0.000151193
     2.010 	 0.000264437 	 0.00015083
     2.011 	 0.000263782 	 0.000150486
     2.012 	  0.00026338 	 0.000150285
     2.013 	 0.000263037 	 0.000150118
     2.014 	 0.000262768 	 0.000149975
     2.015 	 0.000262535 	 0.000149871
     2.016 	 0.000262271 	 0.000149749
     2.017 	 0.000261978 	 0.00014961
     2.018 	 0.000261611 	 0.000149429
     2.019 	 0.000261125 	 0.000149162
     2.020 	 0.000260592 	 0.000148886
     2.021 	 0.000259906 	 0.000148523
     2.022 	 0.000259211 	 0.000148154
     2.023 	 0.000258435 	 0.000147721
     2.024 	 0.000257658 	 0.000147306
     2.025 	 0.000256973 	 0.000146942
     2.026 	 0.000256294 	 0.000146582
     2.027 	 0.000255463 	 0.000146135
     2.028 	 0.000254595 	 0.000145649
     2.029 	 0.000253395 	 0.000144991
     2.030 	 0.000252024 	 0.000144234
     2.031 	 0.000250579 	 0.000143437
     2.032 	 0.000249066 	 0.000142601
     2.033 	 0.000247579 	 0.000141762
     2.034 	 0.000246138 	 0.000140967
     2.035 	 0.000244716 	 0.000140182
     2.036 	 0.000243364 	 0.000139437
     2.037 	 0.000242005 	 0.000138688
     2.038 	 0.000240576 	 0.000137881
     2.039 	 0.000239148 	 0.000137091
     2.040 	 0.000237478 	 0.000136162
     2.041 	 0.000235793 	 0.000135222
     2.042 	  0.00023387 	 0.000134144
     2.043 	 0.000231886 	 0.000133031
     2.044 	  0.00022986 	 0.000131877
     2.045 	 0.000227813 	 0.000130727
     2.046 	 0.000225865 	 0.000129634
     2.047 	 0.000224015 	 0.000128596
     2.048 	 0.000222164 	 0.000127557
     2.049 	 0.000220312 	 0.000126502
     2.050 	 0.000218438 	 0.000125449
     2.051 	 0.000216487 	 0.000124356
     2.052 	 0.000214533 	 0.000123261
     2.053 	 0.000212544 	 0.000122145
     2.054 	 0.000210554 	 0.000121028
     2.055 	 0.000208698 	 0.000119973
     2.056 	 0.000206852 	 0.000118938
     2.057 	 0.000205226 	 0.000118029
     2.058 	 0.000203659 	 0.000117153
     2.059 	 0.000202196 	 0.000116337
     2.060 	 0.000200791 	 0.000115554
     2.061 	 0.000199323 	 0.000114727
     2.062 	 0.000197792 	 0.000113849
     2.063 	 0.000196176 	 0.000112936
     2.064 	 0.000194403 	 0.000111933
     2.065 	 0.000192626 	 0.000110927
     2.066 	 0.000190836 	 0.000109913
     2.067 	 0.000189062 	 0.000108908
     2.068 	 0.000187516 	 0.000108034
     2.069 	  0.00018597 	 0.000107147
     2.070 	  0.00018459 	 0.000106368
     2.071 	 0.000183223 	 0.000105601
     2.072 	  0.00018177 	 0.000104784
     2.073 	 0.000180291 	 0.000103952
     2.074 	 0.000178673 	 0.00010304
     2.075 	 0.000176973 	 0.00010208
     2.076 	 0.000175188 	 0.00010107
     2.077 	 0.000173313 	 9.99963e-05
     2.078 	 0.000171443 	 9.8937e-05
     2.079 	 0.000169582 	 9.78824e-05
     2.080 	 0.000167745 	 9.68413e-05
     2.081 	 0.000166004 	 9.58623e-05
     2.082 	 0.000164251 	 9.48757e-05
     2.083 	 0.000162298 	 9.37731e-05
     2.084 	 0.000160345 	 9.26698e-05
     2.085 	 0.000158021 	 9.13516e-05
     2.086 	 0.000155661 	 9.00008e-05
     2.087 	  0.00015275 	 8.83417e-05
     2.088 	 0.000149673 	 8.65856e-05
     2.089 	 0.000146351 	 8.46869e-05
     2.090 	  0.00014288 	 8.27009e-05
     2.091 	 0.000139124 	 8.05537e-05
     2.092 	 0.000135059 	 7.82262e-05
     2.093 	 0.000130751 	 7.57563e-05
     2.094 	 0.000125961 	 7.30053e-05
     2.095 	 0.000121032 	 7.0172e-05
     2.096 	 0.000115509 	 6.69922e-05
     2.097 	 0.000109952 	 6.37828e-05
     2.098 	 0.000103697 	 6.01744e-05
     2.099 	 9.74436e-05 	 5.65645e-05
     2.100 	 9.10601e-05 	 5.28766e-05
     2.101 	 8.46613e-05 	 4.91785e-05
     2.102 	 7.84095e-05 	 4.55633e-05
     2.103 	 7.22038e-05 	 4.19722e-05
     2.104 	 6.63349e-05 	 3.85744e-05
     2.105 	 6.06785e-05 	 3.52978e-05
     2.106 	 5.52104e-05 	 3.21284e-05
     2.107 	 4.99519e-05 	 2.90788e-05
     2.108 	 4.49053e-05 	 2.61503e-05
     2.109 	 4.02912e-05 	 2.34717e-05
     2.110 	 3.58309e-05 	 2.08808e-05
     2.111 	 3.20544e-05 	 1.86874e-05
     2.112 	 2.83172e-05 	 1.65152e-05
     2.113 	   2.552e-05 	 1.48897e-05
     2.114 	 2.27222e-05 	 1.32609e-05
     2.115 	  2.0844e-05 	 1.21696e-05
     2.116 	 1.90735e-05 	 1.11403e-05
     2.117 	 1.77569e-05 	 1.03755e-05
     2.118 	 1.65912e-05 	 9.69815e-06
     2.119 	 1.55388e-05 	 9.08658e-06
     2.120 	 1.45598e-05 	 8.51745e-06
     2.121 	 1.36627e-05 	 7.99265e-06
     2.122 	 1.28614e-05 	 7.52863e-06
     2.123 	 1.21751e-05 	 7.13066e-06
     2.124 	 1.17349e-05 	 6.87509e-06
     2.125 	 1.13585e-05 	 6.65808e-06
     2.126 	 1.12828e-05 	 6.61721e-06
     2.127 	 1.12076e-05 	 6.57725e-06
     2.128 	  1.1145e-05 	 6.54263e-06
     2.129 	 1.10825e-05 	 6.50939e-06
     2.130 	 1.09121e-05 	 6.4127e-06
     2.131 	 1.07279e-05 	 6.30727e-06
     2.132 	 1.03638e-05 	 6.09717e-06
     2.133 	 9.93718e-06 	 5.84879e-06
     2.134 	 9.48097e-06 	 5.58391e-06
     2.135 	 9.00504e-06 	 5.30598e-06
     2.136 	 8.54384e-06 	 5.03802e-06
     2.137 	 8.10026e-06 	 4.77859e-06
     2.138 	 7.67668e-06 	 4.53166e-06
     2.139 	 7.29737e-06 	 4.30967e-06
     2.140 	 6.95785e-06 	 4.11099e-06
     2.141 	 6.81919e-06 	 4.03134e-06
     2.142 	 6.66924e-06 	 3.94413e-06
     2.143 	  6.0045e-06 	 3.5523e-06
     2.144 	 5.33961e-06 	 3.16009e-06
     2.145 	  4.7821e-06 	 2.83175e-06
     2.146 	 4.23956e-06 	 2.51139e-06
     2.147 	 3.73968e-06 	 2.21608e-06
     2.148 	 3.25548e-06 	 1.92965e-06
     2.149 	   2.878e-06 	 1.70673e-06
     2.150 	 2.57486e-06 	 1.52782e-06
     2.151 	 2.34448e-06 	 1.39147e-06
     2.152 	  2.2047e-06 	 1.30884e-06
     2.153 	 2.06032e-06 	 1.22344e-06
     2.154 	 1.90539e-06 	 1.13172e-06
     2.155 	 1.74677e-06 	 1.03777e-06
     2.156 	 1.56831e-06 	 9.31978e-07
     2.157 	 1.38683e-06 	 8.24339e-07
     2.158 	 9.77068e-07 	 5.80919e-07
     2.159 	 5.67302e-07 	 3.37342e-07
     2.160 	 6.56039e-07 	 3.90206e-07
     2.161 	 8.20128e-07 	 4.87965e-07
     2.162 	 1.11472e-06 	 6.63462e-07
     2.163 	 1.45906e-06 	 8.68692e-07
     2.164 	 1.74373e-06 	 1.03831e-06
     2.165 	 1.98531e-06 	 1.18269e-06
     2.166 	  2.2042e-06 	 1.31338e-06
     2.167 	  2.3938e-06 	 1.42682e-06
     2.168 	 2.56377e-06 	 1.52864e-06
     2.169 	 2.68628e-06 	 1.60221e-06
     2.170 	  2.8154e-06 	 1.67977e-06
     2.171 	 2.98244e-06 	 1.77959e-06
     2.172 	 3.14912e-06 	 1.87959e-06
     2.173 	 3.22371e-06 	 1.92447e-06
     2.174 	 3.29827e-06 	 1.96954e-06
     2.175 	 3.26238e-06 	 1.94891e-06
     2.176 	 3.20843e-06 	 1.91684e-06
     2.177 	 3.24388e-06 	 1.93858e-06
     2.178 	 3.31482e-06 	 1.98135e-06
     2.179 	 3.25388e-06 	 1.94549e-06
     2.180 	 3.09404e-06 	 1.85008e-06
     2.181 	  2.9586e-06 	 1.76955e-06
     2.182 	 2.85584e-06 	 1.70853e-06
     2.183 	 2.77087e-06 	 1.65833e-06
     2.184 	 2.73102e-06 	 1.6344e-06
     2.185 	 2.70989e-06 	 1.62218e-06
     2.186 	 2.80475e-06 	 1.6794e-06
     2.187 	 2.89958e-06 	 1.73664e-06
     2.188 	  3.2991e-06 	 1.97603e-06
     2.189 	 3.70016e-06 	 2.21683e-06
     2.190 	 4.11401e-06 	 2.46546e-06
     2.191 	    4.53e-06 	 2.71557e-06
     2.192 	 4.93869e-06 	 2.96145e-06
     2.193 	 5.34446e-06 	 3.20508e-06
     2.194 	 5.60719e-06 	 3.36366e-06
     2.195 	 5.75874e-06 	 3.45561e-06
     2.196 	  5.9571e-06 	 3.57577e-06
     2.197 	 6.22037e-06 	 3.73416e-06
     2.198 	 6.51043e-06 	 3.90946e-06
     2.199 	 6.87131e-06 	 4.12741e-06
     2.200 	 7.18964e-06 	 4.31992e-06
     2.201 	 7.22303e-06 	 4.34159e-06
     2.202 	 7.25643e-06 	 4.36276e-06
     2.203 	 7.08431e-06 	 4.26036e-06
     2.204 	 6.90931e-06 	 4.15616e-06
     2.205 	 6.41837e-06 	 3.86182e-06
     2.206 	 5.86798e-06 	 3.53226e-06
     2.207 	 5.34478e-06 	 3.21851e-06
     2.208 	  4.8333e-06 	 2.91124e-06
     2.209 	 4.38577e-06 	 2.64234e-06
     2.210 	 3.98998e-06 	 2.40449e-06
     2.211 	 3.58821e-06 	 2.16287e-06
     2.212 	 3.17785e-06 	 1.91574e-06
     2.213 	 2.76861e-06 	 1.66922e-06
     2.214 	 2.36286e-06 	 1.42476e-06
     2.215 	 1.95274e-06 	 1.1776e-06
     2.216 	 1.51081e-06 	 9.11486e-07
     2.217 	 1.06898e-06 	 6.45e-07
     2.218 	 8.76497e-07 	 5.28919e-07
     2.219 	  6.8975e-07 	 4.16275e-07
     2.220 	 5.72741e-07 	 3.45698e-07
     2.221 	 4.69696e-07 	 2.83599e-07
     2.222 	 4.22612e-07 	 2.55228e-07
     2.223 	 4.00802e-07 	 2.42111e-07
     2.224 	 4.12146e-07 	 2.4902e-07
     2.225 	 4.51184e-07 	 2.72702e-07
     2.226 	 5.05953e-07 	 3.05874e-07
     2.227 	 5.84213e-07 	 3.53267e-07
     2.228 	 6.52591e-07 	 3.94704e-07
     2.229 	  6.9234e-07 	 4.18889e-07
     2.230 	 7.25773e-07 	 4.39217e-07
     2.231 	 7.09465e-07 	 4.29448e-07
     2.232 	 6.93154e-07 	 4.19674e-07
     2.233 	 6.82202e-07 	 4.13189e-07
     2.234 	 6.71425e-07 	 4.06757e-07
     2.235 	 7.53961e-07 	 4.56866e-07
     2.236 	 8.56414e-07 	 5.19069e-07
     2.237 	 9.79296e-07 	 5.93757e-07
     2.238 	 1.11179e-06 	 6.74249e-07
     2.239 	 1.18836e-06 	 7.21001e-07
     2.240 	 1.21646e-06 	 7.38309e-07
     2.241 	  1.2183e-06 	 7.3958e-07
     2.242 	 1.17937e-06 	 7.16097e-07
     2.243 	 1.12065e-06 	 6.80585e-07
     2.244 	  1.0018e-06 	 6.08666e-07
     2.245 	 8.93353e-07 	 5.42889e-07
     2.246 	 8.75023e-07 	 5.31861e-07
     2.247 	 8.56698e-07 	 5.20832e-07
     2.248 	 9.17264e-07 	 5.57834e-07
     2.249 	 9.81179e-07 	 5.96829e-07
     2.250 	 1.05145e-06 	 6.39706e-07
     2.251 	 1.12316e-06 	 6.83597e-07
     2.252 	 1.21684e-06 	 7.40812e-07
     2.253 	 1.32125e-06 	 8.04592e-07
     2.254 	 1.41347e-06 	 8.60981e-07
     2.255 	 1.49478e-06 	 9.10858e-07
     2.256 	 1.58555e-06 	 9.66427e-07
     2.257 	 1.69159e-06 	 1.03113e-06
     2.258 	 1.80663e-06 	 1.10167e-06
     2.259 	 1.95036e-06 	 1.18964e-06
     2.260 	 2.09089e-06 	 1.27569e-06
     2.261 	  2.2012e-06 	 1.34353e-06
     2.262 	 2.31154e-06 	 1.41128e-06
     2.263 	 2.38264e-06 	 1.4551e-06
     2.264 	 2.45172e-06 	 1.49771e-06
     2.265 	 2.42672e-06 	 1.48303e-06
     2.266 	 2.37917e-06 	 1.45438e-06
     2.267 	 2.28718e-06 	 1.39854e-06
     2.268 	 2.17254e-06 	 1.32897e-06
     2.269 	 2.00774e-06 	 1.2285e-06
     2.270 	  1.7964e-06 	 1.0995e-06
     2.271 	 1.58472e-06 	 9.70308e-07
     2.272 	  1.3724e-06 	 8.40529e-07
     2.273 	 1.18184e-06 	 7.24012e-07
     2.274 	 1.06391e-06 	 6.52014e-07
     2.275 	  9.5601e-07 	 5.86042e-07
     2.276 	 9.54983e-07 	 5.85568e-07
     2.277 	 9.53957e-07 	 5.85093e-07
     2.278 	 9.42097e-07 	 5.78038e-07
     2.279 	 9.29572e-07 	 5.70504e-07
     2.280 	 9.18114e-07 	 5.6362e-07
     2.281 	 9.06927e-07 	 5.5699e-07
     2.282 	 9.27212e-07 	 5.69625e-07
     2.283 	 9.64166e-07 	 5.92572e-07
     2.284 	 1.02352e-06 	 6.29319e-07
     2.285 	 1.10446e-06 	 6.79296e-07
     2.286 	  1.2224e-06 	 7.52068e-07
     2.287 	 1.40468e-06 	 8.64756e-07
     2.288 	 1.56771e-06 	 9.65421e-07
     2.289 	 1.66277e-06 	 1.02428e-06
     2.290 	 1.75234e-06 	 1.07991e-06
     2.291 	   1.776e-06 	 1.09475e-06
     2.292 	 1.79966e-06 	 1.1096e-06
     2.293 	 1.67712e-06 	 1.03429e-06
     2.294 	 1.54409e-06 	 9.52582e-07
     2.295 	 1.43291e-06 	 8.84201e-07
     2.296 	 1.32762e-06 	 8.19423e-07
     2.297 	 1.23301e-06 	 7.61295e-07
     2.298 	 1.14425e-06 	 7.06658e-07
     2.299 	 1.06025e-06 	 6.54936e-07
     2.300 	 9.80958e-07 	 6.06168e-07
     2.301 	 9.04276e-07 	 5.58891e-07
     2.302 	 8.32348e-07 	 5.14535e-07
     2.303 	   7.681e-07 	 4.75013e-07
     2.304 	 7.32316e-07 	 4.53063e-07
     2.305 	 6.96247e-07 	 4.30832e-07
     2.306 	 6.56423e-07 	 4.06313e-07
     2.307 	 6.16599e-07 	 3.81737e-07
     2.308 	 5.91128e-07 	 3.66038e-07
     2.309 	 5.66845e-07 	 3.51069e-07
     2.310 	 5.56301e-07 	 3.44715e-07
     2.311 	 5.49632e-07 	 3.40632e-07
     2.312 	 5.62353e-07 	 3.48567e-07
     2.313 	 5.86174e-07 	 3.63427e-07
     2.314 	 6.32002e-07 	 3.91898e-07
     2.315 	 7.00599e-07 	 4.34543e-07
     2.316 	 7.58396e-07 	 4.70609e-07
     2.317 	 7.95959e-07 	 4.93991e-07
     2.318 	 8.23954e-07 	 5.1144e-07
     2.319 	 8.14433e-07 	 5.05662e-07
     2.320 	 7.96775e-07 	 4.94771e-07
     2.321 	 6.50181e-07 	 4.03764e-07
     2.322 	 5.03622e-07 	 3.12832e-07
     2.323 	 4.39462e-07 	 2.73025e-07
     2.324 	 3.82921e-07 	 2.37911e-07
     2.325 	 3.56562e-07 	 2.21569e-07
     2.326 	  3.3918e-07 	 2.10804e-07
     2.327 	 3.29987e-07 	 2.05144e-07
     2.328 	 3.25667e-07 	 2.0247e-07
     2.329 	  3.2116e-07 	 1.99702e-07
     2.330 	 3.16449e-07 	 1.96784e-07
     2.331 	 3.15957e-07 	 1.96506e-07
     2.332 	 3.23699e-07 	 2.01392e-07
     2.333 	 3.54361e-07 	 2.20526e-07
     2.334 	 4.79935e-07 	 2.98716e-07
     2.335 	 6.06664e-07 	 3.77688e-07
     2.336 	 7.55667e-07 	 4.70573e-07
     2.337 	 9.04671e-07 	 5.63559e-07
     2.338 	 1.07024e-06 	 6.66797e-07
     2.339 	 1.23748e-06 	 7.71105e-07
     2.340 	 1.42829e-06 	 8.90235e-07
     2.341 	  1.6265e-06 	 1.01396e-06
     2.342 	  1.8252e-06 	 1.13827e-06
     2.343 	 2.02424e-06 	 1.26277e-06
     2.344 	 2.22377e-06 	 1.38749e-06
     2.345 	 2.42375e-06 	 1.5127e-06
     2.346 	 2.58535e-06 	 1.61417e-06
     2.347 	 2.66897e-06 	 1.66687e-06
     2.348 	 2.73825e-06 	 1.71045e-06
     2.349 	 2.74458e-06 	 1.71472e-06
     2.350 	 2.74677e-06 	 1.7164e-06
     2.351 	 2.65396e-06 	 1.65923e-06
     2.352 	 2.56118e-06 	 1.60152e-06
     2.353 	 2.46549e-06 	 1.54197e-06
     2.354 	 2.36944e-06 	 1.48249e-06
     2.355 	 2.25557e-06 	 1.4115e-06
     2.356 	 2.13586e-06 	 1.3371e-06
     2.357 	 1.98155e-06 	 1.24073e-06
     2.358 	  1.8051e-06 	 1.13058e-06
     2.359 	 1.61899e-06 	 1.0142e-06
     2.360 	 1.42175e-06 	 8.90808e-07
     2.361 	 1.22176e-06 	 7.6579e-07
     2.362 	 1.01606e-06 	 6.3704e-07
     2.363 	 8.28278e-07 	 5.19395e-07
     2.364 	 7.23816e-07 	 4.54014e-07
     2.365 	 6.20523e-07 	 3.8929e-07
     2.366 	 5.51085e-07 	 3.45857e-07
     2.367 	  4.8163e-07 	 3.02354e-07
     2.368 	 5.70523e-07 	 3.58219e-07
     2.369 	 6.79256e-07 	 4.26564e-07
     2.370 	 6.87037e-07 	 4.31524e-07
     2.371 	 6.60193e-07 	 4.14769e-07
     2.372 	 6.22148e-07 	 3.91002e-07
     2.373 	 5.76644e-07 	 3.62456e-07
     2.374 	 5.41847e-07 	 3.40632e-07
     2.375 	 5.19826e-07 	 3.26905e-07
     2.376 	 5.04068e-07 	 3.1704e-07
     2.377 	  5.0211e-07 	 3.15917e-07
     2.378 	 5.02561e-07 	 3.16245e-07
     2.379 	 5.14936e-07 	 3.24079e-07
     2.380 	 5.28234e-07 	 3.32532e-07
     2.381 	 5.78817e-07 	 3.64439e-07
     2.382 	   6.294e-07 	 3.96357e-07
     2.383 	 6.52162e-07 	 4.10846e-07
     2.384 	 6.71127e-07 	 4.22868e-07
     2.385 	 5.72089e-07 	 3.60569e-07
     2.386 	 4.30633e-07 	 2.71461e-07
     2.387 	 3.81909e-07 	 2.40789e-07
     2.388 	 3.97205e-07 	 2.50502e-07
     2.389 	 4.25767e-07 	 2.68562e-07
     2.390 	 4.70715e-07 	 2.97026e-07
     2.391 	 5.33028e-07 	 3.36466e-07
     2.392 	 6.35256e-07 	 4.01094e-07
     2.393 	 7.40712e-07 	 4.67791e-07
     2.394 	 8.63258e-07 	 5.45317e-07
     2.395 	 9.85337e-07 	 6.22586e-07
     2.396 	 1.07874e-06 	 6.81769e-07
     2.397 	 1.17216e-06 	 7.41073e-07
     2.398 	 1.24014e-06 	 7.84243e-07
     2.399 	 1.30435e-06 	 8.25216e-07
     2.400 	 1.31794e-06 	 8.34017e-07
     2.401 	  1.3125e-06 	 8.30699e-07
     2.402 	 1.28982e-06 	 8.16466e-07
     2.403 	 1.25479e-06 	 7.94411e-07
     2.404 	 1.21514e-06 	 7.6951e-07
     2.405 	 1.16955e-06 	 7.4075e-07
     2.406 	 1.12403e-06 	 7.12026e-07
     2.407 	 1.07869e-06 	 6.83408e-07
     2.408 	 1.02697e-06 	 6.50737e-07
     2.409 	 9.39201e-07 	 5.95272e-07
     2.410 	 8.51649e-07 	 5.39972e-07
     2.411 	 8.02952e-07 	 5.09212e-07
     2.412 	 7.54255e-07 	 4.78438e-07
     2.413 	 6.89191e-07 	 4.37315e-07
     2.414 	 6.21524e-07 	 3.94467e-07
     2.415 	 5.64852e-07 	 3.58581e-07
     2.416 	   5.125e-07 	 3.2542e-07
     2.417 	 5.35488e-07 	 3.40095e-07
     2.418 	 6.14433e-07 	 3.90322e-07
     2.419 	 7.03293e-07 	 4.46872e-07
     2.420 	 8.05338e-07 	 5.11828e-07
     2.421 	 9.21563e-07 	 5.85884e-07
     2.422 	 1.07331e-06 	 6.82578e-07
     2.423 	 1.24593e-06 	 7.92613e-07
     2.424 	 1.54503e-06 	 9.83209e-07
     2.425 	 1.84414e-06 	 1.17393e-06
     2.426 	 2.12953e-06 	 1.3562e-06
     2.427 	 2.41483e-06 	 1.5387e-06
     2.428 	 2.68044e-06 	 1.7085e-06
     2.429 	 2.94268e-06 	 1.87625e-06
     2.430 	 3.16367e-06 	 2.01781e-06
     2.431 	 3.36764e-06 	 2.14882e-06
     2.432 	 3.51544e-06 	 2.24408e-06
     2.433 	 3.61998e-06 	 2.31179e-06
     2.434 	  3.6951e-06 	 2.36076e-06
     2.435 	 3.72977e-06 	 2.38392e-06
     2.436 	 3.76706e-06 	 2.40877e-06
     2.437 	 3.81116e-06 	 2.438e-06
     2.438 	 3.85428e-06 	 2.46663e-06
     2.439 	 3.89105e-06 	 2.49121e-06
     2.440 	 3.92782e-06 	 2.51582e-06
     2.441 	 3.87448e-06 	 2.48273e-06
     2.442 	 3.82009e-06 	 2.44895e-06
     2.443 	 3.60686e-06 	 2.31326e-06
     2.444 	 3.36434e-06 	 2.15866e-06
     2.445 	 3.06061e-06 	 1.96463e-06
     2.446 	 2.73059e-06 	 1.75355e-06
     2.447 	 2.45551e-06 	 1.57758e-06
     2.448 	  2.2242e-06 	 1.42929e-06
     2.449 	 2.02913e-06 	 1.30451e-06
     2.450 	 1.88575e-06 	 1.21286e-06
     2.451 	 1.75585e-06 	 1.12977e-06
     2.452 	  1.6627e-06 	 1.07028e-06
     2.453 	 1.57815e-06 	 1.01607e-06
     2.454 	 1.55474e-06 	 1.00141e-06
     2.455 	 1.53133e-06 	 9.86739e-07
     2.456 	 1.43714e-06 	 9.26429e-07
     2.457 	  1.3415e-06 	 8.65133e-07
     2.458 	 1.18834e-06 	 7.66677e-07
     2.459 	 1.02382e-06 	 6.60806e-07
     2.460 	 9.90946e-07 	 6.39852e-07
     2.461 	  1.0168e-06 	 6.5678e-07
     2.462 	 1.08463e-06 	 7.00919e-07
     2.463 	 1.18721e-06 	 7.67566e-07
     2.464 	 1.30743e-06 	 8.45683e-07
     2.465 	 1.45378e-06 	 9.40783e-07
     2.466 	 1.62672e-06 	 1.05318e-06
     2.467 	  1.8755e-06 	 1.21481e-06
     2.468 	 2.11796e-06 	 1.37249e-06
     2.469 	 2.31177e-06 	 1.49831e-06
     2.470 	 2.50553e-06 	 1.62464e-06
     2.471 	 2.61577e-06 	 1.69703e-06
     2.472 	 2.72348e-06 	 1.76785e-06
     2.473 	 2.88452e-06 	 1.87338e-06
     2.474 	 3.05671e-06 	 1.98627e-06
     2.475 	 3.17205e-06 	 2.06188e-06
     2.476 	 3.26097e-06 	 2.12081e-06
     2.477 	 3.31822e-06 	 2.15919e-06
     2.478 	 3.34833e-06 	 2.17994e-06
     2.479 	 3.35474e-06 	 2.18482e-06
     2.480 	 3.32473e-06 	 2.16619e-06
     2.481 	 3.29371e-06 	 2.1471e-06
     2.482 	 3.25964e-06 	 2.12599e-06
     2.483 	 3.22063e-06 	 2.10164e-06
     2.484 	 3.13995e-06 	 2.05006e-06
     2.485 	 3.05928e-06 	 1.99821e-06
     2.486 	 3.11404e-06 	 2.03503e-06
     2.487 	 3.17417e-06 	 2.07497e-06
     2.488 	 3.18562e-06 	 2.08353e-06
     2.489 	 3.18624e-06 	 2.08479e-06
     2.490 	  3.3498e-06 	 2.19293e-06
     2.491 	 3.59231e-06 	 2.35269e-06
     2.492 	 3.83982e-06 	 2.51559e-06
     2.493 	 4.09166e-06 	 2.68087e-06
     2.494 	 4.34377e-06 	 2.84724e-06
     2.495 	 4.59633e-06 	 3.01406e-06
     2.496 	 4.82168e-06 	 3.16281e-06
     2.497 	 4.96126e-06 	 3.25573e-06
     2.498 	 5.12462e-06 	 3.36434e-06
     2.499 	 5.50939e-06 	 3.61771e-06
     2.500 	 5.89406e-06 	 3.8715e-06
     2.501 	 5.84623e-06 	 3.84145e-06
     2.502 	 5.77707e-06 	 3.79735e-06
     2.503 	   5.447e-06 	 3.58128e-06
     2.504 	 5.12301e-06 	 3.36877e-06
     2.505 	 5.13396e-06 	 3.37717e-06
     2.506 	 4.55592e-06 	 2.99735e-06
     2.507 	 4.01254e-06 	 2.64079e-06
     2.508 	 3.64671e-06 	 2.40039e-06
     2.509 	 3.17462e-06 	 2.09015e-06
     2.510 	 2.81829e-06 	 1.8562e-06
     2.511 	 2.36502e-06 	 1.55826e-06
     2.512 	 1.76482e-06 	 1.16289e-06
     2.513 	 1.82803e-06 	 1.20501e-06
     2.514 	 2.25902e-06 	 1.48952e-06
     2.515 	  2.7193e-06 	 1.7937e-06
     2.516 	 2.96782e-06 	 1.95799e-06
     2.517 	 4.02271e-06 	 2.65468e-06
     2.518 	 4.41503e-06 	 2.9144e-06
     2.519 	 4.44509e-06 	 2.93477e-06
     2.520 	 4.44241e-06 	 2.93381e-06
     2.521 	 4.98556e-06 	 3.29381e-06
     2.522 	 5.41437e-06 	 3.5774e-06
     2.523 	 5.64537e-06 	 3.73149e-06
     2.524 	 5.56517e-06 	 3.67953e-06
     2.525 	 5.15384e-06 	 3.4089e-06
     2.526 	 4.81247e-06 	 3.18371e-06
     2.527 	 4.39722e-06 	 2.90982e-06
     2.528 	 3.32289e-06 	 2.19953e-06
     2.529 	 3.12691e-06 	 2.06996e-06
     2.530 	 3.48406e-06 	 2.30729e-06
     2.531 	 4.10811e-06 	 2.72147e-06
     2.532 	 3.92839e-06 	 2.60304e-06
     2.533 	 4.04234e-06 	 2.67944e-06
     2.534 	 4.10973e-06 	 2.72532e-06
     2.535 	 4.01636e-06 	 2.66404e-06
     2.536 	 3.88044e-06 	 2.57474e-06
     2.537 	 4.00869e-06 	 2.66101e-06
     2.538 	 4.32358e-06 	 2.87012e-06
     2.539 	 4.80193e-06 	 3.18907e-06
     2.540 	 5.72256e-06 	 3.80174e-06
     2.541 	 5.49981e-06 	 3.6545e-06
     2.542 	 5.01499e-06 	 3.33334e-06
     2.543 	 5.05806e-06 	 3.36334e-06
     2.544 	 5.61103e-06 	 3.73139e-06
     2.545 	 6.24261e-06 	 4.15308e-06
     2.546 	 6.85754e-06 	 4.5626e-06
     2.547 	 7.32593e-06 	 4.87572e-06
     2.548 	 7.60359e-06 	 5.06201e-06
     2.549 	 7.40441e-06 	 4.92987e-06
     2.550 	 6.71819e-06 	 4.47479e-06
     2.551 	 5.52242e-06 	 3.67939e-06
     2.552 	 5.30755e-06 	 3.53691e-06
     2.553 	 5.03048e-06 	 3.35324e-06
     2.554 	 4.43396e-06 	 2.95678e-06
     2.555 	 3.18702e-06 	 2.12544e-06
     2.556 	 2.61993e-06 	 1.74793e-06
     2.557 	 2.37536e-06 	 1.58506e-06
     2.558 	 2.28822e-06 	 1.5272e-06
     2.559 	 1.90876e-06 	 1.27431e-06
     2.560 	 1.83969e-06 	 1.22855e-06
     2.561 	 2.16489e-06 	 1.446e-06
     2.562 	 2.91019e-06 	 1.94438e-06
     2.563 	 3.64895e-06 	 2.43894e-06
     2.564 	 3.89237e-06 	 2.60186e-06
     2.565 	 3.91922e-06 	 2.62057e-06
     2.566 	 3.91154e-06 	 2.61621e-06
     2.567 	 3.65581e-06 	 2.44538e-06
     2.568 	 3.37105e-06 	 2.2558e-06
     2.569 	 3.13338e-06 	 2.09736e-06
     2.570 	 3.03421e-06 	 2.03115e-06
     2.571 	 3.31616e-06 	 2.22076e-06
     2.572 	  3.1401e-06 	 2.10345e-06
     2.573 	 2.93245e-06 	 1.96472e-06
     2.574 	 3.52959e-06 	 2.36546e-06
     2.575 	 4.14854e-06 	 2.78105e-06
     2.576 	 4.65666e-06 	 3.12194e-06
     2.577 	  5.0565e-06 	 3.39095e-06
     2.578 	 5.38932e-06 	 3.61515e-06
     2.579 	 5.42905e-06 	 3.64247e-06
     2.580 	 5.66493e-06 	 3.80179e-06
     2.581 	  6.0918e-06 	 4.08942e-06
     2.582 	  6.1877e-06 	 4.15542e-06
     2.583 	 6.27105e-06 	 4.21171e-06
     2.584 	 5.88514e-06 	 3.95364e-06
     2.585 	 4.96211e-06 	 3.33484e-06
     2.586 	 4.44948e-06 	 2.99055e-06
     2.587 	 4.12374e-06 	 2.77211e-06
     2.588 	 3.80086e-06 	 2.55605e-06
     2.589 	  3.4102e-06 	 2.29397e-06
     2.590 	 3.68077e-06 	 2.47616e-06
     2.591 	 3.41653e-06 	 2.29937e-06
     2.592 	 3.00127e-06 	 2.02052e-06
     2.593 	 2.76189e-06 	 1.85995e-06
     2.594 	 2.37257e-06 	 1.59811e-06
     2.595 	 1.96964e-06 	 1.32712e-06
     2.596 	 1.63358e-06 	 1.10103e-06
     2.597 	 1.48261e-06 	 9.99696e-07
     2.598 	  1.3283e-06 	 8.95742e-07
     2.599 	  1.2634e-06 	 8.52154e-07
     2.600 	 1.25647e-06 	 8.47741e-07
     2.601 	 1.22822e-06 	 8.28975e-07
     2.602 	 1.32137e-06 	 8.92067e-07
     2.603 	  1.3672e-06 	 9.23234e-07
     2.604 	 1.36313e-06 	 9.20624e-07
     2.605 	 1.39261e-06 	 9.40765e-07
     2.606 	 1.55001e-06 	 1.04735e-06
     2.607 	 1.74707e-06 	 1.1808e-06
     2.608 	  1.9334e-06 	 1.30719e-06
     2.609 	 1.94442e-06 	 1.31496e-06
     2.610 	 2.13371e-06 	 1.44333e-06
     2.611 	 2.56918e-06 	 1.73836e-06
     2.612 	 3.21657e-06 	 2.17721e-06
     2.613 	 3.14311e-06 	 2.12806e-06
     2.614 	 3.40164e-06 	 2.30371e-06
     2.615 	 3.77344e-06 	 2.55619e-06
     2.616 	 4.11128e-06 	 2.78608e-06
     2.617 	 4.12824e-06 	 2.79832e-06
     2.618 	 3.99161e-06 	 2.70642e-06
     2.619 	 3.84081e-06 	 2.60486e-06
     2.620 	 3.82854e-06 	 2.59751e-06
     2.621 	 3.91138e-06 	 2.65447e-06
     2.622 	 3.30153e-06 	 2.24123e-06
     2.623 	 2.42474e-06 	 1.6465e-06
     2.624 	  2.0503e-06 	 1.39264e-06
     2.625 	 1.61581e-06 	 1.09795e-06
     2.626 	  1.3943e-06 	 9.477e-07
     2.627 	 1.34323e-06 	 9.13248e-07
     2.628 	 1.27832e-06 	 8.69363e-07
     2.629 	 1.68535e-06 	 1.1465e-06
     2.630 	 2.44577e-06 	 1.66445e-06
     2.631 	 3.38615e-06 	 2.30502e-06
     2.632 	   3.832e-06 	 2.60921e-06
     2.633 	 4.45858e-06 	 3.03664e-06
     2.634 	 5.11125e-06 	 3.48207e-06
     2.635 	  5.6987e-06 	 3.88372e-06
     2.636 	 5.90335e-06 	 4.02424e-06
     2.637 	 5.96559e-06 	 4.06773e-06
     2.638 	 6.16713e-06 	 4.20625e-06
     2.639 	 6.64427e-06 	 4.53287e-06
     2.640 	 6.91003e-06 	 4.7159e-06
     2.641 	 6.50943e-06 	 4.4437e-06
     2.642 	 5.81714e-06 	 3.97216e-06
     2.643 	 5.12931e-06 	 3.50342e-06
     2.644 	 5.05202e-06 	 3.45155e-06
     2.645 	 5.45752e-06 	 3.72958e-06
     2.646 	 6.10095e-06 	 4.17084e-06
     2.647 	 6.66982e-06 	 4.56095e-06
     2.648 	 6.89267e-06 	 4.71459e-06
     2.649 	 6.81672e-06 	 4.66387e-06
     2.650 	 6.59177e-06 	 4.51116e-06
     2.651 	 6.51517e-06 	 4.4597e-06
     2.652 	  7.4497e-06 	 5.10106e-06
     2.653 	 8.35842e-06 	 5.72452e-06
     2.654 	 8.96325e-06 	 6.14009e-06
     2.655 	 8.82538e-06 	 6.04695e-06
     2.656 	 7.82232e-06 	 5.36084e-06
     2.657 	 6.87173e-06 	 4.71039e-06
     2.658 	 6.28026e-06 	 4.30587e-06
     2.659 	 6.43319e-06 	 4.41215e-06
     2.660 	 7.01842e-06 	 4.81456e-06
     2.661 	 7.59169e-06 	 5.2088e-06
     2.662 	  7.8551e-06 	 5.39056e-06
     2.663 	 6.53977e-06 	 4.48877e-06
     2.664 	 6.28246e-06 	 4.31298e-06
     2.665 	  6.4804e-06 	 4.44971e-06
     2.666 	 6.76782e-06 	 4.64844e-06
     2.667 	 7.29936e-06 	 5.01447e-06
     2.668 	 7.95696e-06 	 5.46726e-06
     2.669 	 8.38868e-06 	 5.76498e-06
     2.670 	 8.20176e-06 	 5.63758e-06
     2.671 	 8.06953e-06 	 5.54791e-06
     2.672 	  7.6206e-06 	 5.23988e-06
     2.673 	 7.28672e-06 	 5.0114e-06
     2.674 	 7.82833e-06 	 5.38507e-06
     2.675 	 7.31527e-06 	 5.03377e-06
     2.676 	 6.63897e-06 	 4.56938e-06
     2.677 	 5.97301e-06 	 4.11108e-06
     2.678 	 5.52896e-06 	 3.80628e-06
     2.679 	 5.02103e-06 	 3.45735e-06
     2.680 	 4.81292e-06 	 3.31477e-06
     2.681 	 4.79733e-06 	 3.30469e-06
     2.682 	 4.19975e-06 	 2.89362e-06
     2.683 	 4.25043e-06 	 2.92912e-06
     2.684 	 4.08421e-06 	 2.81543e-06
     2.685 	 3.51466e-06 	 2.42329e-06
     2.686 	 3.33405e-06 	 2.29922e-06
     2.687 	 3.57667e-06 	 2.46702e-06
     2.688 	 3.80856e-06 	 2.62749e-06
     2.689 	 3.81379e-06 	 2.63161e-06
     2.690 	 3.78363e-06 	 2.61052e-06
     2.691 	 3.64699e-06 	 2.51649e-06
     2.692 	 3.41477e-06 	 2.35649e-06
     2.693 	 3.08911e-06 	 2.13197e-06
     2.694 	 2.61031e-06 	 1.8017e-06
     2.695 	 2.54983e-06 	 1.76032e-06
     2.696 	 2.75692e-06 	 1.90347e-06
     2.697 	 3.05178e-06 	 2.10683e-06
     2.698 	 2.93754e-06 	 2.02816e-06
     2.699 	 2.90382e-06 	 2.00507e-06
     2.700 	 2.86195e-06 	 1.97616e-06
     2.701 	 2.56198e-06 	 1.7695e-06
     2.702 	 2.15755e-06 	 1.49042e-06
     2.703 	 1.98608e-06 	 1.37219e-06
     2.704 	 2.11733e-06 	 1.46311e-06
     2.705 	 2.64545e-06 	 1.82835e-06
     2.706 	 3.23251e-06 	 2.23445e-06
     2.707 	 3.43222e-06 	 2.37289e-06
     2.708 	 3.28932e-06 	 2.2747e-06
     2.709 	  3.6945e-06 	 2.55532e-06
     2.710 	 3.95051e-06 	 2.73283e-06
     2.711 	 4.37053e-06 	 3.02357e-06
     2.712 	 5.03326e-06 	 3.48226e-06
     2.713 	 5.33821e-06 	 3.69347e-06
     2.714 	 5.50211e-06 	 3.80709e-06
     2.715 	 5.49765e-06 	 3.80423e-06
     2.716 	  5.2928e-06 	 3.6627e-06
     2.717 	 4.74801e-06 	 3.28622e-06
     2.718 	 4.43945e-06 	 3.07284e-06
     2.719 	 4.09395e-06 	 2.83386e-06
     2.720 	 3.43032e-06 	 2.37463e-06
     2.721 	 3.06185e-06 	 2.11977e-06
     2.722 	 2.62131e-06 	 1.81497e-06
     2.723 	 2.18091e-06 	 1.51019e-06
     2.724 	 1.87634e-06 	 1.29956e-06
     2.725 	 1.94828e-06 	 1.34952e-06
     2.726 	 1.88825e-06 	 1.30807e-06
     2.727 	 1.75585e-06 	 1.21647e-06
     2.728 	 1.82336e-06 	 1.26337e-06
     2.729 	 1.82548e-06 	 1.26497e-06
     2.730 	 1.91481e-06 	 1.327e-06
     2.731 	 2.07379e-06 	 1.43738e-06
     2.732 	 2.11239e-06 	 1.46404e-06
     2.733 	 1.91123e-06 	 1.3248e-06
     2.734 	 1.77301e-06 	 1.22917e-06
     2.735 	 1.74631e-06 	 1.21082e-06
     2.736 	  1.4788e-06 	 1.02549e-06
     2.737 	 1.19449e-06 	 8.28443e-07
     2.738 	 9.70858e-07 	 6.73435e-07
     2.739 	 8.55389e-07 	 5.93421e-07
     2.740 	 9.32656e-07 	 6.46982e-07
     2.741 	 1.02145e-06 	 7.08676e-07
     2.742 	 1.03932e-06 	 7.21173e-07
     2.743 	 9.17303e-07 	 6.36662e-07
     2.744 	 9.20909e-07 	 6.39252e-07
     2.745 	 9.52132e-07 	 6.60881e-07
     2.746 	  1.0363e-06 	 7.194e-07
     2.747 	 1.21014e-06 	 8.4011e-07
     2.748 	 1.48674e-06 	 1.03227e-06
     2.749 	 1.51449e-06 	 1.05147e-06
     2.750 	 1.42766e-06 	 9.91318e-07
     2.751 	 1.52221e-06 	 1.05711e-06
     2.752 	 1.31294e-06 	 9.11718e-07
     2.753 	 1.23834e-06 	 8.60028e-07
     2.754 	 1.36713e-06 	 9.496e-07
     2.755 	 1.74462e-06 	 1.21159e-06
     2.756 	 2.40197e-06 	 1.66832e-06
     2.757 	 2.82696e-06 	 1.96377e-06
     2.758 	 2.89604e-06 	 2.01161e-06
     2.759 	 2.61332e-06 	 1.81547e-06
     2.760 	 2.60763e-06 	 1.8112e-06
     2.761 	 2.55917e-06 	 1.77804e-06
     2.762 	 2.37257e-06 	 1.64852e-06
     2.763 	 2.36653e-06 	 1.64478e-06
     2.764 	 2.27862e-06 	 1.58363e-06
     2.765 	 2.10292e-06 	 1.46193e-06
     2.766 	 1.81907e-06 	 1.26469e-06
     2.767 	  1.0661e-06 	 7.41328e-07
     2.768 	 6.22357e-07 	 4.32796e-07
     2.769 	  4.3516e-07 	 3.02701e-07
     2.770 	 4.74111e-07 	 3.29786e-07
     2.771 	 3.92884e-07 	 2.73302e-07
     2.772 	 4.73066e-07 	 3.29166e-07
     2.773 	 5.95774e-07 	 4.14531e-07
     2.774 	 5.68551e-07 	 3.95655e-07
     2.775 	 5.71022e-07 	 3.97439e-07
     2.776 	 6.47337e-07 	 4.50582e-07
     2.777 	 7.53493e-07 	 5.24449e-07
     2.778 	 7.74813e-07 	 5.39321e-07
     2.779 	 9.09599e-07 	 6.33112e-07
     2.780 	 1.21276e-06 	 8.44345e-07
     2.781 	 1.67739e-06 	 1.16798e-06
     2.782 	 2.24389e-06 	 1.5628e-06
     2.783 	 2.48695e-06 	 1.73232e-06
     2.784 	 2.70655e-06 	 1.88572e-06
     2.785 	 3.00949e-06 	 2.09706e-06
     2.786 	 3.51133e-06 	 2.44706e-06
     2.787 	 3.74706e-06 	 2.61195e-06
     2.788 	  3.8291e-06 	 2.66948e-06
     2.789 	 3.80226e-06 	 2.65112e-06
     2.790 	 3.64898e-06 	 2.54483e-06
     2.791 	  3.2624e-06 	 2.27569e-06
     2.792 	 2.74238e-06 	 1.91296e-06
     2.793 	 2.15706e-06 	 1.50513e-06
     2.794 	 1.76328e-06 	 1.23061e-06
     2.795 	 1.44523e-06 	 1.00885e-06
     2.796 	 1.12264e-06 	 7.83824e-07
     2.797 	 6.96624e-07 	 4.86382e-07
     2.798 	 2.94056e-07 	 2.05351e-07
     2.799 	 1.46581e-07 	 1.02395e-07
     2.800 	 2.70082e-07 	 1.88667e-07
     2.801 	 7.00878e-07 	 4.89743e-07
     2.802 	 7.54663e-07 	 5.27369e-07
     2.803 	 7.59374e-07 	 5.30814e-07
     2.804 	 7.59216e-07 	 5.30747e-07
     2.805 	 7.59216e-07 	 5.30901e-07
     2.806 	 7.66572e-07 	 5.36032e-07
     2.807 	 9.25544e-07 	 6.47314e-07
     2.808 	 1.22754e-06 	 8.58597e-07
     2.809 	 1.45581e-06 	 1.01834e-06
     2.810 	 1.57156e-06 	 1.09962e-06
     2.811 	 1.62359e-06 	 1.13624e-06
     2.812 	 1.66402e-06 	 1.16475e-06
     2.813 	 2.03377e-06 	 1.42396e-06
     2.814 	 2.24142e-06 	 1.56964e-06
     2.815 	 2.33339e-06 	 1.63434e-06
     2.816 	  2.3331e-06 	 1.63444e-06
     2.817 	 2.32437e-06 	 1.62845e-06
     2.818 	  2.0617e-06 	 1.44469e-06
     2.819 	 1.77036e-06 	 1.24102e-06
     2.820 	 1.65962e-06 	 1.16348e-06
     2.821 	 1.86389e-06 	 1.30706e-06
     2.822 	 1.66523e-06 	 1.16808e-06
     2.823 	 1.24149e-06 	 8.71009e-07
     2.824 	 8.61011e-07 	 6.04243e-07
     2.825 	 7.20265e-07 	 5.05614e-07
     2.826 	 6.68577e-07 	 4.69416e-07
     2.827 	 6.71355e-07 	 4.71501e-07
     2.828 	 6.83767e-07 	 4.80206e-07
     2.829 	 7.86212e-07 	 5.52252e-07
     2.830 	 7.89363e-07 	 5.54566e-07
     2.831 	 6.91809e-07 	 4.86199e-07
     2.832 	 6.06444e-07 	 4.2631e-07
     2.833 	 7.86648e-07 	 5.5318e-07
     2.834 	 1.11228e-06 	 7.82198e-07
     2.835 	  1.5741e-06 	 1.10735e-06
     2.836 	 2.32188e-06 	 1.6338e-06
     2.837 	 2.73162e-06 	 1.92259e-06
     2.838 	 2.92916e-06 	 2.06192e-06
     2.839 	 3.00016e-06 	 2.11241e-06
     2.840 	 3.47512e-06 	 2.44768e-06
     2.841 	 4.15633e-06 	 2.92745e-06
     2.842 	  4.8582e-06 	 3.42284e-06
     2.843 	 5.44637e-06 	 3.83878e-06
     2.844 	 5.79919e-06 	 4.08785e-06
     2.845 	 6.06805e-06 	 4.27866e-06
     2.846 	 6.20359e-06 	 4.37599e-06
     2.847 	 6.13632e-06 	 4.32894e-06
     2.848 	 6.37288e-06 	 4.49718e-06
     2.849 	 6.51951e-06 	 4.6006e-06
     2.850 	  6.4253e-06 	 4.53595e-06
     2.851 	 5.82057e-06 	 4.10953e-06
     2.852 	 5.05584e-06 	 3.57077e-06
     2.853 	 4.40629e-06 	 3.11239e-06
     2.854 	 3.96333e-06 	 2.8007e-06
     2.855 	 3.91596e-06 	 2.76756e-06
     2.856 	 3.45557e-06 	 2.44298e-06
     2.857 	 2.83453e-06 	 2.00395e-06
     2.858 	 2.16965e-06 	 1.53424e-06
     2.859 	 1.76048e-06 	 1.2453e-06
     2.860 	  1.8376e-06 	 1.30001e-06
     2.861 	 2.07358e-06 	 1.46754e-06
     2.862 	 2.33269e-06 	 1.65125e-06
     2.863 	 2.41322e-06 	 1.7084e-06
     2.864 	 2.59737e-06 	 1.8397e-06
     2.865 	  2.6364e-06 	 1.8677e-06
     2.866 	 2.39696e-06 	 1.69841e-06
     2.867 	 2.30963e-06 	 1.63718e-06
     2.868 	 2.30771e-06 	 1.63597e-06
     2.869 	 2.28274e-06 	 1.61858e-06
     2.870 	 2.13519e-06 	 1.51457e-06
     2.871 	 1.80017e-06 	 1.27717e-06
     2.872 	 1.50073e-06 	 1.06504e-06
     2.873 	 1.27899e-06 	 9.07945e-07
     2.874 	 1.19842e-06 	 8.50912e-07
     2.875 	 7.44736e-07 	 5.28885e-07
     2.876 	 3.74587e-07 	 2.66069e-07
     2.877 	 1.50405e-07 	 1.06876e-07
     2.878 	 1.46795e-07 	 1.04319e-07
     2.879 	 1.17675e-07 	 8.36414e-08
     2.880 	 4.51808e-07 	 3.21199e-07
     2.881 	 1.17431e-06 	 8.35188e-07
     2.882 	 2.17001e-06 	 1.54366e-06
     2.883 	 2.82923e-06 	 2.01303e-06
     2.884 	 3.42403e-06 	 2.43674e-06
     2.885 	 3.99851e-06 	 2.84676e-06
     2.886 	 4.36326e-06 	 3.10677e-06
     2.887 	 4.76635e-06 	 3.39449e-06
     2.888 	 5.01459e-06 	 3.57202e-06
     2.889 	 5.03049e-06 	 3.58484e-06
     2.890 	  5.0273e-06 	 3.58294e-06
     2.891 	 4.95571e-06 	 3.53272e-06
     2.892 	 4.64466e-06 	 3.31173e-06
     2.893 	 3.96981e-06 	 2.8309e-06
     2.894 	 3.73509e-06 	 2.66468e-06
     2.895 	 3.35129e-06 	 2.39166e-06
     2.896 	 2.91176e-06 	 2.07846e-06
     2.897 	  2.5171e-06 	 1.79696e-06
     2.898 	  2.0943e-06 	 1.49546e-06
     2.899 	 1.90363e-06 	 1.3599e-06
     2.900 	 2.01605e-06 	 1.44039e-06
     2.901 	 2.56998e-06 	 1.83658e-06
     2.902 	 2.53491e-06 	 1.81195e-06
     2.903 	 2.83313e-06 	 2.02538e-06
     2.904 	 3.42555e-06 	 2.44947e-06
     2.905 	 3.93218e-06 	 2.8124e-06
     2.906 	 4.43732e-06 	 3.1741e-06
     2.907 	 5.01329e-06 	 3.58657e-06
     2.908 	  5.5629e-06 	 3.97945e-06
     2.909 	 5.56389e-06 	 3.9811e-06
     2.910 	 5.56372e-06 	 3.98191e-06
     2.911 	 5.36165e-06 	 3.83771e-06
     2.912 	 4.97168e-06 	 3.55935e-06
     2.913 	 5.15528e-06 	 3.69159e-06
     2.914 	  5.1302e-06 	 3.67289e-06
     2.915 	 5.06031e-06 	 3.62363e-06
     2.916 	 5.02721e-06 	 3.60033e-06
     2.917 	 4.90123e-06 	 3.51086e-06
     2.918 	 4.42197e-06 	 3.16824e-06
     2.919 	   4.203e-06 	 3.01105e-06
     2.920 	 4.79546e-06 	 3.43587e-06
     2.921 	 4.80667e-06 	 3.44419e-06
     2.922 	 4.76884e-06 	 3.41771e-06
     2.923 	 4.66518e-06 	 3.34369e-06
     2.924 	 4.45777e-06 	 3.19495e-06
     2.925 	 3.78488e-06 	 2.71262e-06
     2.926 	 3.19942e-06 	 2.29344e-06
     2.927 	 2.77106e-06 	 1.98654e-06
     2.928 	 2.57876e-06 	 1.84863e-06
     2.929 	 2.63482e-06 	 1.88916e-06
     2.930 	 2.41388e-06 	 1.73089e-06
     2.931 	  2.0065e-06 	 1.43884e-06
     2.932 	 2.00503e-06 	 1.43755e-06
     2.933 	 1.97053e-06 	 1.41304e-06
     2.934 	 1.79772e-06 	 1.28918e-06
     2.935 	 1.52079e-06 	 1.09075e-06
     2.936 	 1.52501e-06 	 1.09383e-06
     2.937 	 1.78158e-06 	 1.27752e-06
     2.938 	 2.25371e-06 	 1.61631e-06
     2.939 	 2.88299e-06 	 2.06772e-06
     2.940 	 3.03606e-06 	 2.17783e-06
     2.941 	 3.52455e-06 	 2.52828e-06
     2.942 	 4.03032e-06 	 2.89143e-06
     2.943 	 4.34238e-06 	 3.11469e-06
     2.944 	 4.60481e-06 	 3.30332e-06
     2.945 	 4.76944e-06 	 3.42111e-06
     2.946 	 4.95234e-06 	 3.55236e-06
     2.947 	 5.28093e-06 	 3.78851e-06
     2.948 	 5.44028e-06 	 3.90289e-06
     2.949 	 4.89842e-06 	 3.51457e-06
     2.950 	 4.20499e-06 	 3.01709e-06
     2.951 	 4.32204e-06 	 3.10099e-06
     2.952 	 3.88318e-06 	 2.78633e-06
     2.953 	 3.57073e-06 	 2.56207e-06
     2.954 	 3.45464e-06 	 2.47897e-06
     2.955 	 3.54268e-06 	 2.54208e-06
     2.956 	 3.68624e-06 	 2.64502e-06
     2.957 	 3.78897e-06 	 2.71895e-06
     2.958 	 3.80362e-06 	 2.72939e-06
     2.959 	 3.60355e-06 	 2.58658e-06
     2.960 	 4.21188e-06 	 3.02347e-06
     2.961 	 4.53687e-06 	 3.25637e-06
     2.962 	 4.29075e-06 	 3.07936e-06
     2.963 	  4.1592e-06 	 2.9849e-06
     2.964 	 4.03533e-06 	 2.89628e-06
     2.965 	 3.87538e-06 	 2.78144e-06
     2.966 	 3.64869e-06 	 2.61843e-06
     2.967 	 3.25409e-06 	 2.33572e-06
     2.968 	 2.99797e-06 	 2.15162e-06
     2.969 	 2.95716e-06 	 2.12276e-06
     2.970 	 3.21092e-06 	 2.30488e-06
     2.971 	 2.84265e-06 	 2.04052e-06
     2.972 	 2.64803e-06 	 1.90061e-06
     2.973 	 2.55377e-06 	 1.83295e-06
     2.974 	 2.46259e-06 	 1.76712e-06
     2.975 	 2.43355e-06 	 1.74664e-06
     2.976 	 2.34506e-06 	 1.68313e-06
     2.977 	 2.24453e-06 	 1.61079e-06
     2.978 	 2.24804e-06 	 1.6133e-06
     2.979 	  1.9755e-06 	 1.41801e-06
     2.980 	 1.41386e-06 	 1.01497e-06
     2.981 	 6.92685e-07 	 4.97119e-07
     2.982 	 2.43304e-07 	 1.74619e-07
     2.983 	 1.55248e-07 	 1.11414e-07
     2.984 	  2.0092e-07 	 1.44197e-07
     2.985 	 3.52294e-07 	 2.52845e-07
     2.986 	 7.71864e-07 	 5.54056e-07
     2.987 	 1.17248e-06 	 8.4175e-07
     2.988 	 1.39828e-06 	 1.0039e-06
     2.989 	 1.40653e-06 	 1.00986e-06
     2.990 	 1.53067e-06 	 1.09903e-06
     2.991 	 1.71711e-06 	 1.23285e-06
     2.992 	 2.00226e-06 	 1.43782e-06
     2.993 	 2.40544e-06 	 1.72727e-06
     2.994 	 2.47388e-06 	 1.77672e-06
     2.995 	 2.62768e-06 	 1.88728e-06
     2.996 	 2.84007e-06 	 2.04018e-06
     2.997 	 3.08789e-06 	 2.2181e-06
     2.998 	 3.45306e-06 	 2.48083e-06
     2.999 	  3.9677e-06 	 2.85106e-06
     3.000 	 4.37891e-06 	 3.14639e-06
     3.001 	 4.25643e-06 	 3.05887e-06
     3.002 	 4.23493e-06 	 3.04358e-06
     3.003 	 4.10539e-06 	 2.94999e-06
     3.004 	 3.99535e-06 	 2.87107e-06
     3.005 	 4.29438e-06 	 3.08643e-06
     3.006 	 4.20053e-06 	 3.01914e-06
     3.007 	 3.84547e-06 	 2.76437e-06
     3.008 	 3.26548e-06 	 2.34755e-06
     3.009 	 2.50159e-06 	 1.79848e-06
     3.010 	 1.86663e-06 	 1.3422e-06
     3.011 	 1.54574e-06 	 1.11137e-06
     3.012 	 1.59848e-06 	 1.14932e-06
     3.013 	 1.95724e-06 	 1.40702e-06
     3.014 	 2.04386e-06 	 1.46932e-06
     3.015 	 1.98437e-06 	 1.42659e-06
     3.016 	 1.84552e-06 	 1.32695e-06
     3.017 	 1.80969e-06 	 1.30123e-06
     3.018 	 2.13528e-06 	 1.53537e-06
     3.019 	 2.83598e-06 	 2.03949e-06
     3.020 	 3.94707e-06 	 2.8386e-06
     3.021 	 4.52766e-06 	 3.25591e-06
     3.022 	 4.84615e-06 	 3.48509e-06
     3.023 	 4.78099e-06 	 3.43799e-06
     3.024 	 4.14079e-06 	 2.97774e-06
     3.025 	 4.28683e-06 	 3.08321e-06
     3.026 	 4.46308e-06 	 3.20975e-06
     3.027 	 4.75754e-06 	 3.42202e-06
     3.028 	 5.45881e-06 	 3.92659e-06
     3.029 	 5.68268e-06 	 4.08733e-06
     3.030 	 5.59439e-06 	 4.02441e-06
     3.031 	 5.30767e-06 	 3.81836e-06
     3.032 	     5.1e-06 	 3.66916e-06
     3.033 	 5.84204e-06 	 4.2028e-06
     3.034 	 6.82457e-06 	 4.91041e-06
     3.035 	 7.82126e-06 	 5.62785e-06
     3.036 	   8.531e-06 	 6.13887e-06
     3.037 	 9.43983e-06 	 6.79252e-06
     3.038 	 1.00891e-05 	 7.26009e-06
     3.039 	 1.02935e-05 	 7.40835e-06
     3.040 	 1.01531e-05 	 7.30768e-06
     3.041 	 1.01158e-05 	 7.28139e-06
     3.042 	 1.03306e-05 	 7.43651e-06
     3.043 	 1.08729e-05 	 7.82659e-06
     3.044 	 1.05313e-05 	 7.57964e-06
     3.045 	 1.05745e-05 	 7.61289e-06
     3.046 	 1.06932e-05 	 7.69805e-06
     3.047 	 1.05842e-05 	 7.62096e-06
     3.048 	 9.98223e-06 	 7.18726e-06
     3.049 	 9.76412e-06 	 7.03223e-06
     3.050 	 9.85683e-06 	 7.09799e-06
     3.051 	 1.01361e-05 	 7.30004e-06
     3.052 	 9.68659e-06 	 6.97496e-06
     3.053 	 9.40963e-06 	 6.77571e-06
     3.054 	 9.32849e-06 	 6.71815e-06
     3.055 	 9.30602e-06 	 6.70144e-06
     3.056 	 8.90182e-06 	 6.4098e-06
     3.057 	 8.17745e-06 	 5.88898e-06
     3.058 	 7.26404e-06 	 5.23077e-06
     3.059 	 6.64621e-06 	 4.78649e-06
     3.060 	 5.88995e-06 	 4.24195e-06
     3.061 	  5.5189e-06 	 3.9749e-06
     3.062 	 5.71796e-06 	 4.11802e-06
     3.063 	 6.57998e-06 	 4.73905e-06
     3.064 	 7.22557e-06 	 5.2037e-06
     3.065 	  7.5488e-06 	 5.43616e-06
     3.066 	 7.53764e-06 	 5.42835e-06
     3.067 	  8.1199e-06 	 5.84733e-06
     3.068 	 9.12587e-06 	 6.57345e-06
     3.069 	 1.03149e-05 	 7.42948e-06
     3.070 	 1.15142e-05 	 8.29366e-06
     3.071 	 1.24999e-05 	 9.00189e-06
     3.072 	 1.29854e-05 	 9.35267e-06
     3.073 	 1.30139e-05 	 9.37135e-06
     3.074 	 1.26014e-05 	 9.07541e-06
     3.075 	 1.14962e-05 	 8.27782e-06
     3.076 	 1.06803e-05 	 7.69129e-06
     3.077 	  1.0048e-05 	 7.23527e-06
     3.078 	 9.30204e-06 	 6.69824e-06
     3.079 	 9.34976e-06 	 6.73198e-06
     3.080 	 9.33727e-06 	 6.72311e-06
     3.081 	 9.10919e-06 	 6.55979e-06
     3.082 	 8.51772e-06 	 6.1321e-06
     3.083 	 7.94425e-06 	 5.71884e-06
     3.084 	 7.95771e-06 	 5.72872e-06
     3.085 	 8.62533e-06 	 6.20955e-06
     3.086 	 9.58167e-06 	 6.89826e-06
     3.087 	  1.0171e-05 	 7.32203e-06
     3.088 	 1.06532e-05 	 7.66942e-06
     3.089 	 1.11114e-05 	 7.99955e-06
     3.090 	 1.14278e-05 	 8.22761e-06
     3.091 	 1.19181e-05 	 8.57981e-06
     3.092 	 1.26264e-05 	 9.08888e-06
     3.093 	 1.35611e-05 	 9.75978e-06
     3.094 	 1.37667e-05 	 9.90787e-06
     3.095 	 1.39208e-05 	 1.00168e-05
     3.096 	 1.41909e-05 	 1.02102e-05
     3.097 	 1.47471e-05 	 1.06117e-05
     3.098 	 1.57206e-05 	 1.13111e-05
     3.099 	 1.64042e-05 	 1.18007e-05
     3.100 	 1.69045e-05 	 1.21633e-05
     3.101 	 1.73927e-05 	 1.25121e-05
     3.102 	 1.70798e-05 	 1.22858e-05
     3.103 	 1.71003e-05 	 1.22981e-05
     3.104 	 1.77513e-05 	 1.27677e-05
     3.105 	 1.95693e-05 	 1.40755e-05
     3.106 	 2.03202e-05 	 1.46142e-05
     3.107 	 2.04444e-05 	 1.47052e-05
     3.108 	 2.02191e-05 	 1.45402e-05
     3.109 	 2.04094e-05 	 1.46773e-05
     3.110 	 2.06357e-05 	 1.48402e-05
     3.111 	 2.07475e-05 	 1.49208e-05
     3.112 	 2.06926e-05 	 1.48832e-05
     3.113 	 2.04361e-05 	 1.46974e-05
     3.114 	 1.97047e-05 	 1.41701e-05
     3.115 	 1.87921e-05 	 1.3514e-05
     3.116 	 1.79238e-05 	 1.28885e-05
     3.117 	 1.84895e-05 	 1.32969e-05
     3.118 	 1.88912e-05 	 1.35846e-05
     3.119 	 1.91468e-05 	 1.37672e-05
     3.120 	 1.92596e-05 	 1.38529e-05
     3.121 	 1.92102e-05 	 1.38151e-05
     3.122 	 1.88752e-05 	 1.35749e-05
     3.123 	 1.86873e-05 	 1.34376e-05
     3.124 	 1.91796e-05 	 1.37924e-05
     3.125 	 2.02638e-05 	 1.45758e-05
     3.126 	 2.06799e-05 	 1.48727e-05
     3.127 	 2.03438e-05 	 1.46318e-05
     3.128 	 1.91399e-05 	 1.37681e-05
     3.129 	 1.90333e-05 	 1.36892e-05
     3.130 	 1.92232e-05 	 1.38265e-05
     3.131 	 1.96244e-05 	 1.41179e-05
     3.132 	 2.03037e-05 	 1.46064e-05
     3.133 	 2.13717e-05 	 1.53713e-05
     3.134 	 2.22385e-05 	 1.59962e-05
     3.135 	 2.27239e-05 	 1.63452e-05
     3.136 	 2.25951e-05 	 1.6254e-05
     3.137 	 2.28425e-05 	 1.64335e-05
     3.138 	  2.3748e-05 	 1.70848e-05
     3.139 	 2.53351e-05 	 1.82283e-05
     3.140 	 2.66346e-05 	 1.9163e-05
     3.141 	 2.79455e-05 	 2.01075e-05
     3.142 	 2.92735e-05 	 2.10623e-05
     3.143 	 3.06128e-05 	 2.20274e-05
     3.144 	 3.17053e-05 	 2.28151e-05
     3.145 	 3.31454e-05 	 2.38529e-05
     3.146 	 3.49619e-05 	 2.51593e-05
     3.147 	 3.72116e-05 	 2.678e-05
     3.148 	 3.98932e-05 	 2.87088e-05
     3.149 	 4.19649e-05 	 3.02017e-05
     3.150 	 4.36407e-05 	 3.14066e-05
     3.151 	 4.52261e-05 	 3.25499e-05
     3.152 	 4.63504e-05 	 3.33581e-05
     3.153 	 4.74948e-05 	 3.41878e-05
     3.154 	 4.86479e-05 	 3.50168e-05
     3.155 	 4.96921e-05 	 3.5771e-05
     3.156 	 5.11246e-05 	 3.68089e-05
     3.157 	 5.22136e-05 	 3.75956e-05
     3.158 	 5.28427e-05 	 3.80475e-05
     3.159 	 5.30095e-05 	 3.81703e-05
     3.160 	 5.27963e-05 	 3.80156e-05
     3.161 	 5.26509e-05 	 3.79139e-05
     3.162 	 5.26653e-05 	 3.79234e-05
     3.163 	 5.26028e-05 	 3.78814e-05
     3.164 	 5.23007e-05 	 3.76629e-05
     3.165 	  5.1664e-05 	 3.72112e-05
     3.166 	 5.06309e-05 	 3.64662e-05
     3.167 	 4.91772e-05 	 3.5422e-05
     3.168 	 4.77502e-05 	 3.43933e-05
     3.169 	  4.6357e-05 	 3.33924e-05
     3.170 	 4.49979e-05 	 3.24126e-05
     3.171 	 4.30446e-05 	 3.10091e-05
     3.172 	 4.06769e-05 	 2.93038e-05
     3.173 	 3.79932e-05 	 2.7365e-05
     3.174 	 3.50818e-05 	 2.52709e-05
     3.175 	 3.24944e-05 	 2.34073e-05
     3.176 	 3.01238e-05 	 2.16998e-05
     3.177 	 2.78866e-05 	 2.00905e-05
     3.178 	 2.56528e-05 	 1.84776e-05
     3.179 	 2.28535e-05 	 1.64631e-05
     3.180 	 2.00355e-05 	 1.44347e-05
     3.181 	 1.74752e-05 	 1.25885e-05
     3.182 	 1.57983e-05 	 1.13813e-05
     3.183 	 1.44188e-05 	 1.03883e-05
     3.184 	 1.29729e-05 	 9.34629e-06
     3.185 	 1.13519e-05 	 8.17905e-06
     3.186 	 9.41049e-06 	 6.77937e-06
     3.187 	 8.45879e-06 	 6.09421e-06
     3.188 	 7.84686e-06 	 5.65259e-06
     3.189 	 7.43608e-06 	 5.35707e-06
     3.190 	 7.92395e-06 	 5.70777e-06
     3.191 	 8.44597e-06 	 6.08423e-06
     3.192 	 9.08497e-06 	 6.54432e-06
     3.193 	 9.87105e-06 	 7.1118e-06
     3.194 	 1.02583e-05 	 7.39054e-06
     3.195 	 1.09828e-05 	 7.91224e-06
     3.196 	 1.17983e-05 	 8.49859e-06
     3.197 	  1.2493e-05 	 8.99964e-06
     3.198 	  1.2416e-05 	 8.94387e-06
     3.199 	 1.21252e-05 	 8.73409e-06
     3.200 	 1.16191e-05 	 8.36925e-06
     3.201 	  1.0864e-05 	 7.82342e-06
     3.202 	 9.61163e-06 	 6.92058e-06
     3.203 	 8.26642e-06 	 5.95177e-06
     3.204 	 6.99403e-06 	 5.03493e-06
     3.205 	 6.09982e-06 	 4.39012e-06
     3.206 	 5.98864e-06 	 4.30949e-06
     3.207 	  5.8565e-06 	 4.21336e-06
     3.208 	 5.64761e-06 	 4.0625e-06
     3.209 	 5.61841e-06 	 4.0405e-06
     3.210 	 5.82195e-06 	 4.18585e-06
     3.211 	  5.8864e-06 	 4.23198e-06
     3.212 	 5.78508e-06 	 4.15851e-06
     3.213 	 5.99238e-06 	 4.30732e-06
     3.214 	 6.22923e-06 	 4.47735e-06
     3.215 	 6.79088e-06 	 4.88029e-06
     3.216 	 7.73134e-06 	 5.55532e-06
     3.217 	 7.90108e-06 	 5.67701e-06
     3.218 	 8.26675e-06 	 5.93762e-06
     3.219 	 8.33641e-06 	 5.98673e-06
     3.220 	  7.7669e-06 	 5.5769e-06
     3.221 	 7.53009e-06 	 5.40518e-06
     3.222 	 7.69207e-06 	 5.52087e-06
     3.223 	 8.06224e-06 	 5.78654e-06
     3.224 	 8.44675e-06 	 6.06062e-06
     3.225 	 8.28255e-06 	 5.9428e-06
     3.226 	 7.61341e-06 	 5.461e-06
     3.227 	 6.67675e-06 	 4.78864e-06
     3.228 	 5.85562e-06 	 4.19841e-06
     3.229 	 5.29507e-06 	 3.7961e-06
     3.230 	 5.40233e-06 	 3.8718e-06
     3.231 	  5.9875e-06 	 4.29041e-06
     3.232 	 6.44842e-06 	 4.6208e-06
     3.233 	  6.6717e-06 	 4.77994e-06
     3.234 	 6.98845e-06 	 5.00597e-06
     3.235 	 7.53534e-06 	 5.39843e-06
     3.236 	 8.63005e-06 	 6.18158e-06
     3.237 	 9.21118e-06 	 6.59665e-06
     3.238 	 9.67553e-06 	 6.92795e-06
     3.239 	 1.01439e-05 	 7.26127e-06
     3.240 	 1.05263e-05 	 7.53364e-06
     3.241 	 1.07051e-05 	 7.66219e-06
     3.242 	 1.05065e-05 	 7.51906e-06
     3.243 	 9.87216e-06 	 7.06492e-06
     3.244 	 9.99891e-06 	 7.15469e-06
     3.245 	 9.95156e-06 	 7.11917e-06
     3.246 	 9.59754e-06 	 6.86501e-06
     3.247 	 8.80203e-06 	 6.29518e-06
     3.248 	 8.47939e-06 	 6.06364e-06
     3.249 	 8.17933e-06 	 5.8483e-06
     3.250 	 7.86299e-06 	 5.62025e-06
     3.251 	 7.48075e-06 	 5.34676e-06
     3.252 	  7.4402e-06 	 5.31749e-06
     3.253 	 8.24339e-06 	 5.89063e-06
     3.254 	 9.35147e-06 	 6.68209e-06
     3.255 	 9.56295e-06 	 6.83284e-06
     3.256 	 9.64258e-06 	 6.88799e-06
     3.257 	 9.66205e-06 	 6.90154e-06
     3.258 	 9.58273e-06 	 6.84452e-06
     3.259 	 9.22599e-06 	 6.5887e-06
     3.260 	 8.74187e-06 	 6.24136e-06
     3.261 	 8.50807e-06 	 6.07435e-06
     3.262 	 8.50096e-06 	 6.06919e-06
     3.263 	 7.98283e-06 	 5.69802e-06
     3.264 	 6.88207e-06 	 4.91174e-06
     3.265 	   5.799e-06 	 4.13869e-06
     3.266 	 4.97652e-06 	 3.55092e-06
     3.267 	 4.26003e-06 	 3.03963e-06
     3.268 	 3.98987e-06 	 2.84653e-06
     3.269 	 4.24926e-06 	 3.03092e-06
     3.270 	 5.13715e-06 	 3.66419e-06
     3.271 	  7.1002e-06 	 5.06345e-06
     3.272 	 8.44822e-06 	 6.02427e-06
     3.273 	 9.60801e-06 	 6.85002e-06
     3.274 	 1.10195e-05 	 7.85654e-06
     3.275 	 1.16096e-05 	 8.27571e-06
     3.276 	 1.23076e-05 	 8.77255e-06
     3.277 	 1.31362e-05 	 9.3614e-06
     3.278 	 1.40903e-05 	 1.00416e-05
     3.279 	 1.49729e-05 	 1.06686e-05
     3.280 	 1.52486e-05 	 1.08641e-05
     3.281 	 1.48369e-05 	 1.05684e-05
     3.282 	 1.36025e-05 	 9.6889e-06
     3.283 	 1.33527e-05 	 9.51072e-06
     3.284 	 1.30789e-05 	 9.31452e-06
     3.285 	  1.2793e-05 	 9.11165e-06
     3.286 	 1.34126e-05 	 9.55076e-06
     3.287 	 1.34722e-05 	 9.59198e-06
     3.288 	 1.36288e-05 	 9.70427e-06
     3.289 	 1.39772e-05 	 9.95107e-06
     3.290 	 1.35596e-05 	 9.65154e-06
     3.291 	 1.35182e-05 	 9.62312e-06
     3.292 	  1.3472e-05 	 9.58927e-06
     3.293 	 1.32301e-05 	 9.41519e-06
     3.294 	 1.29518e-05 	 9.21814e-06
     3.295 	 1.29559e-05 	 9.22013e-06
     3.296 	 1.29274e-05 	 9.19799e-06
     3.297 	 1.26064e-05 	 8.97057e-06
     3.298 	 1.38133e-05 	 9.8274e-06
     3.299 	 1.43003e-05 	 1.01739e-05
     3.300 	 1.45057e-05 	 1.03201e-05
     3.301 	 1.50016e-05 	 1.06719e-05
     3.302 	 1.50612e-05 	 1.07156e-05
     3.303 	  1.5455e-05 	 1.09937e-05
     3.304 	 1.57764e-05 	 1.12248e-05
     3.305 	  1.5069e-05 	 1.07194e-05
     3.306 	 1.43637e-05 	 1.02189e-05
     3.307 	  1.3942e-05 	 9.91801e-06
     3.308 	 1.35641e-05 	 9.64931e-06
     3.309 	 1.23046e-05 	 8.75346e-06
     3.310 	 1.18995e-05 	 8.46537e-06
     3.311 	 1.15149e-05 	 8.19131e-06
     3.312 	 1.10899e-05 	 7.89011e-06
     3.313 	 1.14487e-05 	 8.14492e-06
     3.314 	 1.13711e-05 	 8.09006e-06
     3.315 	 1.14878e-05 	 8.17259e-06
     3.316 	 1.19748e-05 	 8.51857e-06
     3.317 	 1.18525e-05 	 8.43192e-06
     3.318 	 1.17033e-05 	 8.32615e-06
     3.319 	 1.16871e-05 	 8.31328e-06
     3.320 	 1.18911e-05 	 8.45964e-06
     3.321 	 1.13937e-05 	 8.10468e-06
     3.322 	 1.15448e-05 	 8.21275e-06
     3.323 	 1.17055e-05 	 8.32764e-06
     3.324 	 1.12228e-05 	 7.98399e-06
     3.325 	 1.12676e-05 	 8.01562e-06
     3.326 	 1.10307e-05 	 7.84842e-06
     3.327 	 1.07279e-05 	 7.63276e-06
     3.328 	 1.07437e-05 	 7.64295e-06
     3.329 	 1.02541e-05 	 7.29444e-06
     3.330 	  9.6487e-06 	 6.86425e-06
     3.331 	  9.0749e-06 	 6.45655e-06
     3.332 	 8.81503e-06 	 6.27087e-06
     3.333 	 8.06107e-06 	 5.73438e-06
     3.334 	  7.7211e-06 	 5.49354e-06
     3.335 	 7.75864e-06 	 5.51955e-06
     3.336 	 7.31817e-06 	 5.20661e-06
     3.337 	 7.58676e-06 	 5.39701e-06
     3.338 	 7.84174e-06 	 5.57942e-06
     3.339 	 7.90798e-06 	 5.62643e-06
     3.340 	 8.18144e-06 	 5.82025e-06
     3.341 	 8.49138e-06 	 6.04062e-06
     3.342 	 8.65201e-06 	 6.15476e-06
     3.343 	 8.58317e-06 	 6.10565e-06
     3.344 	 8.64623e-06 	 6.15164e-06
     3.345 	 8.44075e-06 	 6.00468e-06
     3.346 	 8.49132e-06 	 6.04054e-06
     3.347 	   9.226e-06 	 6.56305e-06
     3.348 	  8.8906e-06 	 6.32366e-06
     3.349 	 8.89038e-06 	 6.32338e-06
     3.350 	 8.95637e-06 	 6.3702e-06
     3.351 	 8.74899e-06 	 6.22393e-06
     3.352 	 8.21844e-06 	 5.84584e-06
     3.353 	 8.26701e-06 	 5.88094e-06
     3.354 	 8.54608e-06 	 6.07942e-06
     3.355 	 8.27595e-06 	 5.88659e-06
     3.356 	 8.18775e-06 	 5.82382e-06
     3.357 	 7.76257e-06 	 5.52136e-06
     3.358 	 7.14687e-06 	 5.08285e-06
     3.359 	 7.01574e-06 	 4.99058e-06
     3.360 	  6.6792e-06 	 4.75115e-06
     3.361 	 6.33104e-06 	 4.50353e-06
     3.362 	 6.02296e-06 	 4.28397e-06
     3.363 	 5.78173e-06 	 4.11243e-06
     3.364 	 5.08724e-06 	 3.61849e-06
     3.365 	 4.70329e-06 	 3.34543e-06
     3.366 	 4.83831e-06 	 3.4415e-06
     3.367 	 4.44209e-06 	 3.15936e-06
     3.368 	 3.93251e-06 	 2.79696e-06
     3.369 	 3.35958e-06 	 2.39023e-06
     3.370 	  2.7538e-06 	 1.95925e-06
     3.371 	 2.23143e-06 	 1.58745e-06
     3.372 	 2.15468e-06 	 1.53286e-06
     3.373 	 2.30225e-06 	 1.63786e-06
     3.374 	 2.47544e-06 	 1.76109e-06
     3.375 	 2.51108e-06 	 1.78646e-06
     3.376 	 2.36674e-06 	 1.68361e-06
     3.377 	 2.32398e-06 	 1.65321e-06
     3.378 	 2.83611e-06 	 2.01754e-06
     3.379 	 3.45212e-06 	 2.45578e-06
     3.380 	 4.05355e-06 	 2.88425e-06
     3.381 	 4.72207e-06 	 3.35996e-06
     3.382 	 5.69361e-06 	 4.05084e-06
     3.383 	 6.10511e-06 	 4.34365e-06
     3.384 	 6.45883e-06 	 4.59535e-06
     3.385 	 6.79731e-06 	 4.83621e-06
     3.386 	 6.92883e-06 	 4.92982e-06
     3.387 	 7.06769e-06 	 5.02866e-06
     3.388 	 6.93612e-06 	 4.9361e-06
     3.389 	 6.49803e-06 	 4.62436e-06
     3.390 	 6.13152e-06 	 4.3631e-06
     3.391 	 6.26289e-06 	 4.45661e-06
     3.392 	 6.06013e-06 	 4.31237e-06
     3.393 	 5.18096e-06 	 3.68678e-06
     3.394 	  4.8343e-06 	 3.44012e-06
     3.395 	  4.5851e-06 	 3.26348e-06
     3.396 	 4.37563e-06 	 3.11473e-06
     3.397 	 4.16442e-06 	 2.9644e-06
     3.398 	 3.87131e-06 	 2.75578e-06
     3.399 	 3.70433e-06 	 2.63693e-06
     3.400 	 3.69423e-06 	 2.62949e-06
     3.401 	 3.89193e-06 	 2.77081e-06
     3.402 	 3.32959e-06 	 2.37049e-06
     3.403 	 3.25629e-06 	 2.31881e-06
     3.404 	 3.44327e-06 	 2.452e-06
     3.405 	 3.34672e-06 	 2.38352e-06
     3.406 	  3.2554e-06 	 2.31898e-06
     3.407 	 3.58615e-06 	 2.55463e-06
     3.408 	 4.24104e-06 	 3.02119e-06
     3.409 	 4.78536e-06 	 3.4097e-06
     3.410 	 5.58196e-06 	 3.97735e-06
     3.411 	 6.20593e-06 	 4.42289e-06
     3.412 	 6.63393e-06 	 4.72844e-06
     3.413 	 7.24953e-06 	 5.16727e-06
     3.414 	 7.92331e-06 	 5.64872e-06
     3.415 	 8.49093e-06 	 6.05344e-06
     3.416 	 8.90086e-06 	 6.34704e-06
     3.417 	 9.29329e-06 	 6.62694e-06
     3.418 	 9.01843e-06 	 6.43296e-06
     3.419 	 8.66303e-06 	 6.17951e-06
     3.420 	 8.56204e-06 	 6.10752e-06
     3.421 	 8.44077e-06 	 6.02203e-06
     3.422 	 8.49945e-06 	 6.06302e-06
     3.423 	 8.74359e-06 	 6.23823e-06
     3.424 	 9.19287e-06 	 6.55921e-06
     3.425 	 9.50639e-06 	 6.78404e-06
     3.426 	 1.01721e-05 	 7.25885e-06
     3.427 	 1.07282e-05 	 7.6554e-06
     3.428 	 1.04512e-05 	 7.459e-06
     3.429 	 1.02473e-05 	 7.31321e-06
     3.430 	 1.02038e-05 	 7.28339e-06
     3.431 	 1.01742e-05 	 7.26318e-06
     3.432 	 9.79559e-06 	 6.9945e-06
     3.433 	 9.21078e-06 	 6.57708e-06
     3.434 	 8.30829e-06 	 5.934e-06
     3.435 	  7.1172e-06 	 5.08342e-06
     3.436 	 5.80729e-06 	 4.14836e-06
     3.437 	 4.63461e-06 	 3.31177e-06
     3.438 	 4.11539e-06 	 2.94082e-06
     3.439 	 4.36173e-06 	 3.11757e-06
     3.440 	 5.03046e-06 	 3.59564e-06
     3.441 	 5.21158e-06 	 3.72593e-06
     3.442 	 5.57221e-06 	 3.98383e-06
     3.443 	 6.43322e-06 	 4.60043e-06
     3.444 	 7.78624e-06 	 5.56866e-06
     3.445 	 8.90537e-06 	 6.36917e-06
     3.446 	 1.01283e-05 	 7.24544e-06
     3.447 	 1.16982e-05 	 8.36866e-06
     3.448 	 1.26304e-05 	 9.03754e-06
     3.449 	  1.3388e-05 	 9.57982e-06
     3.450 	 1.38156e-05 	 9.88901e-06
     3.451 	 1.37007e-05 	 9.80673e-06
     3.452 	 1.35917e-05 	 9.73066e-06
     3.453 	 1.32235e-05 	 9.46704e-06
     3.454 	 1.24246e-05 	 8.89505e-06
     3.455 	 1.08548e-05 	 7.77276e-06
     3.456 	 9.87566e-06 	 7.07161e-06
     3.457 	 8.83042e-06 	 6.32506e-06
     3.458 	 7.78155e-06 	 5.57376e-06
     3.459 	 7.15105e-06 	 5.12318e-06
     3.460 	 6.68186e-06 	 4.78702e-06
     3.461 	 6.17071e-06 	 4.42087e-06
     3.462 	 5.64495e-06 	 4.04505e-06
     3.463 	 5.45772e-06 	 3.91092e-06
     3.464 	 4.84026e-06 	 3.46919e-06
     3.465 	 4.39169e-06 	 3.14803e-06
     3.466 	 4.34049e-06 	 3.11136e-06
     3.467 	 4.72494e-06 	 3.38767e-06
     3.468 	 4.80014e-06 	 3.44161e-06
     3.469 	 4.72444e-06 	 3.38806e-06
     3.470 	 4.56797e-06 	 3.27587e-06
     3.471 	 4.04317e-06 	 2.89991e-06
     3.472 	 4.10241e-06 	 2.94308e-06
     3.473 	 4.39999e-06 	 3.15696e-06
     3.474 	 4.64095e-06 	 3.33062e-06
     3.475 	 4.70899e-06 	 3.37954e-06
     3.476 	 4.83539e-06 	 3.47035e-06
     3.477 	 4.76523e-06 	 3.42079e-06
     3.478 	 4.10314e-06 	 2.94558e-06
     3.479 	 3.77997e-06 	 2.71366e-06
     3.480 	 3.28952e-06 	 2.36211e-06
     3.481 	 2.70695e-06 	 1.944e-06
     3.482 	 2.28699e-06 	 1.64276e-06
     3.483 	 1.79865e-06 	 1.292e-06
     3.484 	 1.24025e-06 	 8.90903e-07
     3.485 	 7.20967e-07 	 5.18001e-07
     3.486 	 6.46112e-07 	 4.64224e-07
     3.487 	 5.11202e-07 	 3.67298e-07
     3.488 	 4.34959e-07 	 3.12585e-07
     3.489 	 4.16853e-07 	 2.99577e-07
     3.490 	 2.37613e-07 	 1.70766e-07
     3.491 	 1.85383e-07 	 1.3325e-07
     3.492 	 2.07918e-07 	 1.49485e-07
     3.493 	 2.86917e-07 	 2.06293e-07
     3.494 	 4.42282e-07 	 3.18015e-07
     3.495 	 4.86806e-07 	 3.50118e-07
     3.496 	 6.17136e-07 	 4.43875e-07
     3.497 	 9.68559e-07 	 6.9667e-07
     3.498 	 8.98773e-07 	 6.46506e-07
     3.499 	 1.02872e-06 	 7.40167e-07
     3.500 	 1.26947e-06 	 9.13433e-07
     3.501 	 1.52968e-06 	 1.10067e-06
     3.502 	 1.55923e-06 	 1.12193e-06
     3.503 	 1.89985e-06 	 1.36717e-06
     3.504 	 2.37284e-06 	 1.7079e-06
     3.505 	 2.63091e-06 	 1.89365e-06
     3.506 	 2.94849e-06 	 2.12225e-06
     3.507 	   3.026e-06 	 2.17804e-06
     3.508 	 2.97787e-06 	 2.14341e-06
     3.509 	  3.2135e-06 	 2.31302e-06
     3.510 	 3.51339e-06 	 2.52889e-06
     3.511 	 3.67119e-06 	 2.64308e-06
     3.512 	 3.70415e-06 	 2.6669e-06
     3.513 	 3.89612e-06 	 2.80519e-06
     3.514 	 3.57538e-06 	 2.57435e-06
     3.515 	 3.12926e-06 	 2.2532e-06
     3.516 	 2.70007e-06 	 1.94422e-06
     3.517 	 2.37947e-06 	 1.71342e-06
     3.518 	 2.12128e-06 	 1.52755e-06
     3.519 	 1.87658e-06 	 1.35138e-06
     3.520 	  1.6087e-06 	 1.15886e-06
     3.521 	 1.08629e-06 	 7.82554e-07
     3.522 	 7.41997e-07 	 5.34541e-07
     3.523 	 5.42802e-07 	 3.91049e-07
     3.524 	  4.7058e-07 	 3.38991e-07
     3.525 	 3.54743e-07 	 2.55552e-07
     3.526 	 3.12324e-07 	 2.25e-07
     3.527 	  3.1135e-07 	 2.24303e-07
     3.528 	 3.08865e-07 	 2.22519e-07
     3.529 	 3.12014e-07 	 2.24793e-07
     3.530 	 3.21575e-07 	 2.31687e-07
     3.531 	 3.26738e-07 	 2.35415e-07
     3.532 	 3.03109e-07 	 2.18397e-07
     3.533 	 2.99649e-07 	 2.15911e-07
     3.534 	   2.254e-07 	 1.62417e-07
     3.535 	 1.19731e-07 	 8.62775e-08
     3.536 	 1.69776e-07 	 1.2233e-07
     3.537 	 3.09407e-07 	 2.22948e-07
     3.538 	 4.03326e-07 	 2.90632e-07
     3.539 	 4.23001e-07 	 3.0482e-07
     3.540 	 4.19458e-07 	 3.02277e-07
     3.541 	 4.16083e-07 	 2.99847e-07
     3.542 	 4.14681e-07 	 2.9884e-07
     3.543 	 4.17774e-07 	 3.01072e-07
     3.544 	 4.45147e-07 	 3.20768e-07
     3.545 	 7.27695e-07 	 5.24373e-07
     3.546 	 9.34835e-07 	 6.73644e-07
     3.547 	  8.4178e-07 	 6.06595e-07
     3.548 	 6.83804e-07 	 4.92761e-07
     3.549 	  7.4668e-07 	 5.38076e-07
     3.550 	 9.14741e-07 	 6.59191e-07
     3.551 	 1.07123e-06 	 7.71907e-07
     3.552 	 1.25663e-06 	 9.05536e-07
     3.553 	 1.41051e-06 	 1.01646e-06
     3.554 	 1.57382e-06 	 1.13419e-06
     3.555 	 1.82228e-06 	 1.31329e-06
     3.556 	 2.36354e-06 	 1.70324e-06
     3.557 	 2.81628e-06 	 2.02958e-06
     3.558 	 3.19534e-06 	 2.30283e-06
     3.559 	 3.64648e-06 	 2.62806e-06
     3.560 	 3.84415e-06 	 2.77062e-06
     3.561 	 4.06865e-06 	 2.93222e-06
     3.562 	 4.44751e-06 	 3.20537e-06
     3.563 	 5.30265e-06 	 3.82181e-06
     3.564 	 5.68719e-06 	 4.0991e-06
     3.565 	 5.91744e-06 	 4.2652e-06
     3.566 	 5.98818e-06 	 4.31588e-06
     3.567 	 5.04981e-06 	 3.63969e-06
     3.568 	 4.53634e-06 	 3.26972e-06
     3.569 	 4.16001e-06 	 2.99857e-06
     3.570 	 3.77929e-06 	 2.72395e-06
     3.571 	 3.47646e-06 	 2.50526e-06
     3.572 	 3.39912e-06 	 2.44961e-06
     3.573 	 3.32349e-06 	 2.39493e-06
     3.574 	 3.06276e-06 	 2.20712e-06
     3.575 	  3.1173e-06 	 2.2465e-06
     3.576 	 3.19135e-06 	 2.29995e-06
     3.577 	 3.40755e-06 	 2.45558e-06
     3.578 	   3.948e-06 	 2.84514e-06
     3.579 	 4.48225e-06 	 3.23027e-06
     3.580 	 5.20221e-06 	 3.74885e-06
     3.581 	 5.93758e-06 	 4.27907e-06
     3.582 	 6.30093e-06 	 4.54125e-06
     3.583 	  6.0937e-06 	 4.39173e-06
     3.584 	 5.58394e-06 	 4.02462e-06
     3.585 	  4.9278e-06 	 3.55196e-06
     3.586 	 4.50748e-06 	 3.24887e-06
     3.587 	 4.43879e-06 	 3.19893e-06
     3.588 	 4.48378e-06 	 3.23158e-06
     3.589 	 4.55668e-06 	 3.284e-06
     3.590 	 4.50817e-06 	 3.24927e-06
     3.591 	 4.71368e-06 	 3.39754e-06
     3.592 	 5.12897e-06 	 3.69663e-06
     3.593 	 5.73843e-06 	 4.13606e-06
     3.594 	  6.4663e-06 	 4.66038e-06
     3.595 	 7.28363e-06 	 5.24966e-06
     3.596 	 7.91991e-06 	 5.7085e-06
     3.597 	 8.18236e-06 	 5.89729e-06
     3.598 	  7.9086e-06 	 5.70023e-06
     3.599 	 7.64889e-06 	 5.51268e-06
     3.600 	 7.44087e-06 	 5.36299e-06
     3.601 	 7.32839e-06 	 5.28144e-06
     3.602 	 7.26828e-06 	 5.23821e-06
     3.603 	 6.91967e-06 	 4.98652e-06
     3.604 	 6.47173e-06 	 4.6638e-06
     3.605 	 6.24753e-06 	 4.50232e-06
     3.606 	 6.57894e-06 	 4.74073e-06
     3.607 	 7.04653e-06 	 5.07775e-06
     3.608 	 7.65798e-06 	 5.51788e-06
     3.609 	 8.56153e-06 	 6.16903e-06
     3.610 	  9.0011e-06 	 6.48518e-06
     3.611 	 9.32011e-06 	 6.71541e-06
     3.612 	 9.56815e-06 	 6.89378e-06
     3.613 	 9.67288e-06 	 6.96962e-06
     3.614 	 1.03012e-05 	 7.42199e-06
     3.615 	 1.09283e-05 	 7.87425e-06
     3.616 	  1.1359e-05 	 8.18419e-06
     3.617 	 1.13978e-05 	 8.21173e-06
     3.618 	 1.13472e-05 	 8.17573e-06
     3.619 	 1.13059e-05 	 8.14557e-06
     3.620 	 1.13385e-05 	 8.16952e-06
     3.621 	 1.16755e-05 	 8.4118e-06
     3.622 	 1.18783e-05 	 8.55827e-06
     3.623 	 1.21588e-05 	 8.7598e-06
     3.624 	 1.26921e-05 	 9.14343e-06
     3.625 	 1.24609e-05 	 8.97725e-06
     3.626 	 1.19889e-05 	 8.63666e-06
     3.627 	 1.16373e-05 	 8.38372e-06
     3.628 	  1.1887e-05 	 8.56306e-06
     3.629 	 1.24525e-05 	 8.96986e-06
     3.630 	 1.28275e-05 	 9.24037e-06
     3.631 	 1.30368e-05 	 9.39058e-06
     3.632 	 1.31787e-05 	 9.49324e-06
     3.633 	 1.32916e-05 	 9.57399e-06
     3.634 	 1.29338e-05 	 9.31571e-06
     3.635 	 1.21605e-05 	 8.75915e-06
     3.636 	 1.13214e-05 	 8.15591e-06
     3.637 	 1.07716e-05 	 7.75937e-06
     3.638 	 9.90987e-06 	 7.13896e-06
     3.639 	 8.64746e-06 	 6.22916e-06
     3.640 	 7.32605e-06 	 5.27697e-06
     3.641 	 6.07164e-06 	 4.37361e-06
     3.642 	 5.03808e-06 	 3.62887e-06
     3.643 	 4.26065e-06 	 3.0687e-06
     3.644 	 3.35762e-06 	 2.41841e-06
     3.645 	 2.38887e-06 	 1.72053e-06
     3.646 	 1.70826e-06 	 1.23026e-06
     3.647 	 1.54524e-06 	 1.11279e-06
     3.648 	 1.47199e-06 	 1.06008e-06
     3.649 	 1.22215e-06 	 8.80099e-07
     3.650 	 1.02653e-06 	 7.39181e-07
     3.651 	 1.12161e-06 	 8.07577e-07
     3.652 	 1.07267e-06 	 7.72356e-07
     3.653 	 1.23654e-06 	 8.90271e-07
     3.654 	 1.47282e-06 	 1.06029e-06
     3.655 	 1.54821e-06 	 1.11447e-06
     3.656 	 1.53297e-06 	 1.10353e-06
     3.657 	 1.52402e-06 	 1.09699e-06
     3.658 	  1.5259e-06 	 1.09802e-06
     3.659 	 1.52762e-06 	 1.09917e-06
     3.660 	 1.64507e-06 	 1.18357e-06
     3.661 	 2.18061e-06 	 1.56895e-06
     3.662 	 3.06793e-06 	 2.20725e-06
     3.663 	 3.81968e-06 	 2.74793e-06
     3.664 	 4.19623e-06 	 3.01864e-06
     3.665 	 4.65588e-06 	 3.3491e-06
     3.666 	 5.32751e-06 	 3.83241e-06
     3.667 	 6.10229e-06 	 4.38949e-06
     3.668 	 7.38869e-06 	 5.3145e-06
     3.669 	 8.84177e-06 	 6.35928e-06
     3.670 	 1.02979e-05 	 7.40614e-06
     3.671 	 1.17239e-05 	 8.43144e-06
     3.672 	 1.25626e-05 	 9.03432e-06
     3.673 	 1.29008e-05 	 9.27825e-06
     3.674 	 1.27737e-05 	 9.18656e-06
     3.675 	  1.2544e-05 	 9.02018e-06
     3.676 	  1.2667e-05 	 9.10833e-06
     3.677 	 1.28413e-05 	 9.23339e-06
     3.678 	 1.26917e-05 	 9.12555e-06
     3.679 	 1.20352e-05 	 8.65324e-06
     3.680 	 1.10245e-05 	 7.92632e-06
     3.681 	 9.70812e-06 	 6.97802e-06
     3.682 	 8.12914e-06 	 5.84334e-06
     3.683 	  6.9579e-06 	 5.00112e-06
     3.684 	 6.27909e-06 	 4.51293e-06
     3.685 	 5.91427e-06 	 4.25046e-06
     3.686 	 5.29952e-06 	 3.80842e-06
     3.687 	 5.08171e-06 	 3.65166e-06
     3.688 	 4.90918e-06 	 3.52746e-06
     3.689 	 4.70798e-06 	 3.38268e-06
     3.690 	 4.52232e-06 	 3.24908e-06
     3.691 	 4.83549e-06 	 3.47396e-06
     3.692 	 5.27917e-06 	 3.79181e-06
     3.693 	  5.6854e-06 	 4.08346e-06
     3.694 	 5.75007e-06 	 4.12977e-06
     3.695 	 5.87476e-06 	 4.21918e-06
     3.696 	 6.02898e-06 	 4.32979e-06
     3.697 	 6.19608e-06 	 4.44965e-06
     3.698 	 6.37958e-06 	 4.58128e-06
     3.699 	 7.06055e-06 	 5.07013e-06
     3.700 	 7.90914e-06 	 5.67815e-06
     3.701 	 8.61956e-06 	 6.18849e-06
     3.702 	 9.95776e-06 	 7.14815e-06
     3.703 	  1.1236e-05 	 8.06529e-06
     3.704 	 1.23687e-05 	 8.87785e-06
     3.705 	 1.32359e-05 	 9.49784e-06
     3.706 	 1.46969e-05 	 1.05456e-05
     3.707 	 1.61194e-05 	 1.15657e-05
     3.708 	 1.72992e-05 	 1.24115e-05
     3.709 	 1.78533e-05 	 1.28058e-05
     3.710 	 1.86491e-05 	 1.33744e-05
     3.711 	 1.93961e-05 	 1.391e-05
     3.712 	 2.00035e-05 	 1.43455e-05
     3.713 	 2.03089e-05 	 1.45615e-05
     3.714 	 2.11353e-05 	 1.51539e-05
     3.715 	 2.19689e-05 	 1.57499e-05
     3.716 	 2.26617e-05 	 1.62465e-05
     3.717 	 2.32484e-05 	 1.66636e-05
     3.718 	 2.46384e-05 	 1.76599e-05
     3.719 	  2.6065e-05 	 1.86823e-05
     3.720 	 2.71446e-05 	 1.9452e-05
     3.721 	 2.76001e-05 	 1.97778e-05
     3.722 	 2.75207e-05 	 1.97203e-05
     3.723 	 2.69558e-05 	 1.9311e-05
     3.724 	 2.59173e-05 	 1.85664e-05
     3.725 	 2.54188e-05 	 1.82088e-05
     3.726 	 2.52855e-05 	 1.81127e-05
     3.727 	  2.5089e-05 	 1.79659e-05
     3.728 	 2.43066e-05 	 1.74051e-05
     3.729 	 2.32094e-05 	 1.66189e-05
     3.730 	 2.20019e-05 	 1.57506e-05
     3.731 	 2.07488e-05 	 1.48516e-05
     3.732 	 1.95475e-05 	 1.39914e-05
     3.733 	  1.9397e-05 	 1.38805e-05
     3.734 	 1.89335e-05 	 1.35485e-05
     3.735 	 1.79852e-05 	 1.28696e-05
     3.736 	 1.65091e-05 	 1.18107e-05
     3.737 	 1.54499e-05 	 1.10527e-05
     3.738 	  1.4545e-05 	 1.0404e-05
     3.739 	 1.37019e-05 	 9.79872e-06
     3.740 	 1.27523e-05 	 9.11941e-06
     3.741 	  1.2721e-05 	 9.09678e-06
     3.742 	 1.28239e-05 	 9.17011e-06
     3.743 	 1.28159e-05 	 9.16128e-06
     3.744 	 1.30797e-05 	 9.3496e-06
     3.745 	  1.4593e-05 	 1.0431e-05
     3.746 	 1.61629e-05 	 1.15505e-05
     3.747 	 1.71044e-05 	 1.2223e-05
     3.748 	 1.77139e-05 	 1.26582e-05
     3.749 	 1.79919e-05 	 1.28526e-05
     3.750 	 1.79025e-05 	 1.27884e-05
     3.751 	 1.73835e-05 	 1.24176e-05
     3.752 	 1.68236e-05 	 1.20152e-05
     3.753 	 1.65162e-05 	 1.17943e-05
     3.754 	 1.61844e-05 	 1.15574e-05
     3.755 	 1.54058e-05 	 1.09991e-05
     3.756 	 1.43084e-05 	 1.02156e-05
     3.757 	  1.3728e-05 	 9.80117e-06
     3.758 	 1.35092e-05 	 9.64296e-06
     3.759 	 1.31663e-05 	 9.39817e-06
     3.760 	 1.38105e-05 	 9.85699e-06
     3.761 	 1.47074e-05 	 1.04957e-05
     3.762 	 1.56108e-05 	 1.11378e-05
     3.763 	 1.60577e-05 	 1.14564e-05
     3.764 	 1.65909e-05 	 1.18365e-05
     3.765 	 1.68607e-05 	 1.20262e-05
     3.766 	 1.68042e-05 	 1.19855e-05
     3.767 	 1.66951e-05 	 1.19074e-05
     3.768 	   1.696e-05 	 1.2096e-05
     3.769 	 1.75633e-05 	 1.25221e-05
     3.770 	 1.84579e-05 	 1.31595e-05
     3.771 	 1.89961e-05 	 1.35427e-05
     3.772 	 1.98783e-05 	 1.41711e-05
     3.773 	 2.07941e-05 	 1.48189e-05
     3.774 	 2.15222e-05 	 1.53372e-05
     3.775 	 2.19322e-05 	 1.56288e-05
     3.776 	 2.29498e-05 	 1.63533e-05
     3.777 	 2.40534e-05 	 1.71337e-05
     3.778 	 2.46453e-05 	 1.75547e-05
     3.779 	 2.46786e-05 	 1.75778e-05
     3.780 	 2.48422e-05 	 1.76937e-05
     3.781 	 2.50138e-05 	 1.78114e-05
     3.782 	  2.4912e-05 	 1.77379e-05
     3.783 	 2.45097e-05 	 1.74506e-05
     3.784 	 2.47448e-05 	 1.76171e-05
     3.785 	 2.53831e-05 	 1.80687e-05
     3.786 	 2.54616e-05 	 1.81199e-05
     3.787 	 2.54026e-05 	 1.8077e-05
     3.788 	 2.59468e-05 	 1.84634e-05
     3.789 	 2.69725e-05 	 1.91923e-05
     3.790 	 2.71263e-05 	 1.93007e-05
     3.791 	 2.63579e-05 	 1.87516e-05
     3.792 	 2.57077e-05 	 1.82848e-05
     3.793 	 2.54558e-05 	 1.81033e-05
     3.794 	 2.47631e-05 	 1.76102e-05
     3.795 	 2.39368e-05 	 1.70221e-05
     3.796 	 2.36846e-05 	 1.68424e-05
     3.797 	  2.4337e-05 	 1.73059e-05
     3.798 	 2.34816e-05 	 1.66972e-05
     3.799 	 2.22653e-05 	 1.58319e-05
     3.800 	 2.12532e-05 	 1.51119e-05
     3.801 	 2.09638e-05 	 1.49038e-05
     3.802 	 2.04373e-05 	 1.45288e-05
     3.803 	 1.97191e-05 	 1.40176e-05
     3.804 	 1.91112e-05 	 1.35849e-05
     3.805 	 1.90568e-05 	 1.35456e-05
     3.806 	 1.81534e-05 	 1.29029e-05
     3.807 	 1.67771e-05 	 1.19241e-05
     3.808 	  1.5407e-05 	 1.09499e-05
     3.809 	  1.5053e-05 	 1.06978e-05
     3.810 	 1.42779e-05 	 1.01454e-05
     3.811 	 1.35339e-05 	 9.61594e-06
     3.812 	 1.29839e-05 	 9.2244e-06
     3.813 	 1.29661e-05 	 9.211e-06
     3.814 	 1.25195e-05 	 8.89301e-06
     3.815 	 1.19393e-05 	 8.48018e-06
     3.816 	 1.13743e-05 	 8.07819e-06
     3.817 	 1.12574e-05 	 7.99452e-06
     3.818 	 1.09095e-05 	 7.74682e-06
     3.819 	 1.05849e-05 	 7.51725e-06
     3.820 	 1.04172e-05 	 7.39829e-06
     3.821 	 1.06586e-05 	 7.56837e-06
     3.822 	 1.06456e-05 	 7.55861e-06
     3.823 	 1.06487e-05 	 7.56028e-06
     3.824 	 1.08665e-05 	 7.71436e-06
     3.825 	 1.19744e-05 	 8.50029e-06
     3.826 	 1.29605e-05 	 9.19965e-06
     3.827 	 1.39279e-05 	 9.88767e-06
     3.828 	 1.49903e-05 	 1.06411e-05
     3.829 	 1.68719e-05 	 1.1976e-05
     3.830 	 1.83696e-05 	 1.30382e-05
     3.831 	 1.97685e-05 	 1.403e-05
     3.832 	 2.16452e-05 	 1.53608e-05
     3.833 	 2.45934e-05 	 1.74554e-05
     3.834 	 2.70431e-05 	 1.91906e-05
     3.835 	 2.88531e-05 	 2.04735e-05
     3.836 	 3.00645e-05 	 2.13316e-05
     3.837 	 3.10622e-05 	 2.20379e-05
     3.838 	 3.15959e-05 	 2.24195e-05
     3.839 	 3.17342e-05 	 2.2516e-05
     3.840 	 3.20258e-05 	 2.27213e-05
     3.841 	  3.3536e-05 	 2.37932e-05
     3.842 	  3.4421e-05 	 2.44192e-05
     3.843 	 3.40926e-05 	 2.41893e-05
     3.844 	 3.30869e-05 	 2.34739e-05
     3.845 	 3.30685e-05 	 2.3459e-05
     3.846 	 3.30148e-05 	 2.3419e-05
     3.847 	 3.23925e-05 	 2.29758e-05
     3.848 	 3.17148e-05 	 2.24979e-05
     3.849 	  3.2043e-05 	 2.2729e-05
     3.850 	 3.23908e-05 	 2.29739e-05
     3.851 	 3.19164e-05 	 2.26355e-05
     3.852 	  3.0502e-05 	 2.16349e-05
     3.853 	 3.05542e-05 	 2.167e-05
     3.854 	 3.11273e-05 	 2.20746e-05
     3.855 	  3.0929e-05 	 2.19321e-05
     3.856 	 2.97494e-05 	 2.10938e-05
     3.857 	 2.97026e-05 	 2.10652e-05
     3.858 	 3.04162e-05 	 2.15694e-05
     3.859 	 3.08412e-05 	 2.18689e-05
     3.860 	 3.09429e-05 	 2.19391e-05
     3.861 	  3.1675e-05 	 2.24611e-05
     3.862 	 3.30364e-05 	 2.34247e-05
     3.863 	 3.45652e-05 	 2.45068e-05
     3.864 	 3.51655e-05 	 2.49305e-05
     3.865 	 3.61298e-05 	 2.56174e-05
     3.866 	 3.76219e-05 	 2.66734e-05
     3.867 	 3.85747e-05 	 2.73468e-05
     3.868 	 3.86099e-05 	 2.73697e-05
     3.869 	  3.9118e-05 	 2.77334e-05
     3.870 	 4.05593e-05 	 2.8756e-05
     3.871 	 4.11413e-05 	 2.91651e-05
     3.872 	 4.06906e-05 	 2.88421e-05
     3.873 	 4.00332e-05 	 2.83784e-05
     3.874 	 3.97025e-05 	 2.81405e-05
     3.875 	 3.94949e-05 	 2.799e-05
     3.876 	 3.84042e-05 	 2.72137e-05
     3.877 	 3.74738e-05 	 2.65566e-05
     3.878 	 3.78344e-05 	 2.68089e-05
     3.879 	 3.77115e-05 	 2.67215e-05
     3.880 	 3.63063e-05 	 2.57227e-05
     3.881 	 3.44882e-05 	 2.44378e-05
     3.882 	 3.37327e-05 	 2.39007e-05
     3.883 	 3.41874e-05 	 2.42211e-05
     3.884 	 3.42066e-05 	 2.42354e-05
     3.885 	 3.38726e-05 	 2.40019e-05
     3.886 	 3.38385e-05 	 2.39759e-05
     3.887 	  3.4624e-05 	 2.45307e-05
     3.888 	 3.47557e-05 	 2.46222e-05
     3.889 	 3.42442e-05 	 2.4263e-05
     3.890 	  3.4401e-05 	 2.4375e-05
     3.891 	 3.60393e-05 	 2.55344e-05
     3.892 	 3.73185e-05 	 2.64393e-05
     3.893 	 3.76762e-05 	 2.66913e-05
     3.894 	 3.75509e-05 	 2.66065e-05
     3.895 	  3.8445e-05 	 2.72385e-05
     3.896 	 3.89334e-05 	 2.7583e-05
     3.897 	  3.8297e-05 	 2.71306e-05
     3.898 	 3.75145e-05 	 2.65802e-05
     3.899 	 3.77659e-05 	 2.67626e-05
     3.900 	 3.81854e-05 	 2.70584e-05
     3.901 	 3.80736e-05 	 2.69766e-05
     3.902 	 3.73428e-05 	 2.64563e-05
     3.903 	 3.75357e-05 	 2.65905e-05
     3.904 	 3.81478e-05 	 2.70216e-05
     3.905 	 3.85328e-05 	 2.73004e-05
     3.906 	 3.74455e-05 	 2.65275e-05
     3.907 	 3.73085e-05 	 2.6428e-05
     3.908 	 3.78662e-05 	 2.68206e-05
     3.909 	 3.83268e-05 	 2.71443e-05
     3.910 	 3.72721e-05 	 2.63949e-05
     3.911 	 3.69051e-05 	 2.61367e-05
     3.912 	 3.72519e-05 	 2.63864e-05
     3.913 	 3.73932e-05 	 2.64853e-05
     3.914 	 3.58912e-05 	 2.54203e-05
     3.915 	 3.45907e-05 	 2.44981e-05
     3.916 	 3.39563e-05 	 2.40478e-05
     3.917 	 3.39733e-05 	 2.40613e-05
     3.918 	  3.3096e-05 	 2.34413e-05
     3.919 	 3.22059e-05 	 2.28098e-05
     3.920 	 3.17803e-05 	 2.2512e-05
     3.921 	 3.30867e-05 	 2.34357e-05
     3.922 	 3.33958e-05 	 2.36557e-05
     3.923 	 3.32355e-05 	 2.35405e-05
     3.924 	 3.29628e-05 	 2.33458e-05
     3.925 	 3.44639e-05 	 2.44072e-05
     3.926 	 3.46951e-05 	 2.4572e-05
     3.927 	 3.41079e-05 	 2.41545e-05
     3.928 	 3.30978e-05 	 2.34375e-05
     3.929 	 3.40689e-05 	 2.41284e-05
     3.930 	 3.46225e-05 	 2.45188e-05
     3.931 	 3.45962e-05 	 2.45022e-05
     3.932 	 3.37907e-05 	 2.3931e-05
     3.933 	 3.39007e-05 	 2.40083e-05
     3.934 	 3.38368e-05 	 2.39623e-05
     3.935 	 3.33105e-05 	 2.35916e-05
     3.936 	 3.18143e-05 	 2.25313e-05
     3.937 	 3.15871e-05 	 2.23698e-05
     3.938 	 3.20627e-05 	 2.27059e-05
     3.939 	 3.26279e-05 	 2.31128e-05
     3.940 	 3.11519e-05 	 2.20689e-05
     3.941 	 3.04372e-05 	 2.15615e-05
     3.942 	 3.02272e-05 	 2.1414e-05
     3.943 	 3.02256e-05 	 2.14118e-05
     3.944 	 2.87509e-05 	 2.03661e-05
     3.945 	 2.82837e-05 	 2.00341e-05
     3.946 	 2.86697e-05 	 2.03087e-05
     3.947 	 2.97858e-05 	 2.10983e-05
     3.948 	 3.00766e-05 	 2.13032e-05
     3.949 	 2.98752e-05 	 2.11661e-05
     3.950 	  3.0141e-05 	 2.13533e-05
     3.951 	 3.16596e-05 	 2.24276e-05
     3.952 	  3.1916e-05 	 2.26077e-05
     3.953 	 3.11254e-05 	 2.20486e-05
     3.954 	  3.0658e-05 	 2.17159e-05
     3.955 	 3.23017e-05 	 2.28786e-05
     3.956 	 3.33993e-05 	 2.3657e-05
     3.957 	 3.35889e-05 	 2.37896e-05
     3.958 	 3.34931e-05 	 2.37201e-05
     3.959 	 3.43712e-05 	 2.4343e-05
     3.960 	 3.57654e-05 	 2.53286e-05
     3.961 	 3.63411e-05 	 2.57401e-05
     3.962 	 3.63429e-05 	 2.57427e-05
     3.963 	 3.70911e-05 	 2.62711e-05
     3.964 	 3.99519e-05 	 2.82956e-05
     3.965 	 4.18771e-05 	 2.96607e-05
     3.966 	 4.23713e-05 	 3.00089e-05
     3.967 	 4.27606e-05 	 3.02829e-05
     3.968 	 4.50479e-05 	 3.1904e-05
     3.969 	 4.70507e-05 	 3.33242e-05
     3.970 	 4.79575e-05 	 3.39645e-05
     3.971 	  4.8406e-05 	 3.42817e-05
     3.972 	 5.01676e-05 	 3.55328e-05
     3.973 	  5.2298e-05 	 3.70413e-05
     3.974 	 5.41647e-05 	 3.8375e-05
     3.975 	 5.35071e-05 	 3.79087e-05
     3.976 	  5.3901e-05 	 3.81873e-05
     3.977 	 5.49734e-05 	 3.89509e-05
     3.978 	 5.64114e-05 	 3.99694e-05
     3.979 	 5.40472e-05 	 3.82938e-05
     3.980 	 5.27514e-05 	 3.73794e-05
     3.981 	 5.23609e-05 	 3.71006e-05
     3.982 	  5.2504e-05 	 3.71999e-05
     3.983 	 4.97577e-05 	 3.5256e-05
     3.984 	  4.6529e-05 	 3.29664e-05
     3.985 	  4.3389e-05 	 3.07399e-05
     3.986 	 4.12009e-05 	 2.91913e-05
     3.987 	  3.6704e-05 	 2.6009e-05
     3.988 	 3.15051e-05 	 2.23237e-05
     3.989 	 2.63836e-05 	 1.86958e-05
     3.990 	 2.33162e-05 	 1.65212e-05
     3.991 	 1.92712e-05 	 1.36546e-05
     3.992 	 1.46814e-05 	 1.04034e-05
     3.993 	 9.98175e-06 	 7.07294e-06
     3.994 	 7.36693e-06 	 5.22053e-06
     3.995 	 5.66964e-06 	 4.01763e-06
     3.996 	 4.12581e-06 	 2.92355e-06
     3.997 	 2.49728e-06 	 1.76972e-06
     3.998 	  2.7132e-06 	 1.92267e-06
     3.999 	 3.64728e-06 	 2.58452e-06
     4.000 	 4.52204e-06 	 3.20465e-06
     4.001 	  4.7468e-06 	 3.36445e-06
     4.002 	 5.05138e-06 	 3.58016e-06
     4.003 	 5.92573e-06 	 4.20011e-06
     4.004 	 7.25956e-06 	 5.14527e-06
     4.005 	 8.95278e-06 	 6.34575e-06
     4.006 	 1.00272e-05 	 7.10695e-06
     4.007 	 1.17969e-05 	 8.36084e-06
     4.008 	 1.44868e-05 	 1.02679e-05
     4.009 	  1.8493e-05 	 1.31068e-05
     4.010 	 2.09665e-05 	 1.48591e-05
     4.011 	 2.39061e-05 	 1.69435e-05
     4.012 	 2.76645e-05 	 1.96063e-05
     4.013 	 3.25915e-05 	 2.3097e-05
     4.014 	 3.46845e-05 	 2.45818e-05
     4.015 	 3.59344e-05 	 2.54664e-05
     4.016 	 3.70343e-05 	 2.62475e-05
     4.017 	 3.92131e-05 	 2.77903e-05
     4.018 	 4.05632e-05 	 2.87516e-05
     4.019 	 4.04761e-05 	 2.86916e-05
     4.020 	 3.90725e-05 	 2.76953e-05
     4.021 	 4.02657e-05 	 2.85398e-05
     4.022 	 4.15209e-05 	 2.94314e-05
     4.023 	 4.14736e-05 	 2.93966e-05
     4.024 	 3.93923e-05 	 2.79201e-05
     4.025 	 4.00632e-05 	 2.83975e-05
     4.026 	 4.13255e-05 	 2.9291e-05
     4.027 	 4.19389e-05 	 2.97277e-05
     4.028 	 4.06784e-05 	 2.8833e-05
     4.029 	 3.87852e-05 	 2.74899e-05
     4.030 	 3.95128e-05 	 2.80074e-05
     4.031 	 4.09822e-05 	 2.90483e-05
     4.032 	 4.03072e-05 	 2.85692e-05
     4.033 	 3.68062e-05 	 2.609e-05
     4.034 	 3.50225e-05 	 2.48251e-05
     4.035 	 3.50727e-05 	 2.48601e-05
     4.036 	 3.64859e-05 	 2.58667e-05
     4.037 	 3.66138e-05 	 2.59568e-05
     4.038 	   3.748e-05 	 2.65703e-05
     4.039 	 3.99109e-05 	 2.82961e-05
     4.040 	 4.58273e-05 	 3.24899e-05
     4.041 	 4.76099e-05 	 3.37521e-05
     4.042 	 4.86007e-05 	 3.44566e-05
     4.043 	 5.02471e-05 	 3.56221e-05
     4.044 	 5.57666e-05 	 3.95331e-05
     4.045 	   6.008e-05 	 4.25936e-05
     4.046 	 6.26584e-05 	 4.44194e-05
     4.047 	 6.33844e-05 	 4.49318e-05
     4.048 	   6.541e-05 	 4.63706e-05
     4.049 	 6.88035e-05 	 4.87739e-05
     4.050 	 7.04173e-05 	 4.99155e-05
     4.051 	 6.78899e-05 	 4.81269e-05
     4.052 	 6.86062e-05 	 4.86322e-05
     4.053 	 7.15921e-05 	 5.07462e-05
     4.054 	 7.50036e-05 	 5.31676e-05
     4.055 	 7.66921e-05 	 5.43728e-05
     4.056 	 7.77406e-05 	 5.51133e-05
     4.057 	 8.10833e-05 	 5.74866e-05
     4.058 	 8.65405e-05 	 6.13525e-05
     4.059 	 9.37313e-05 	 6.64471e-05
     4.060 	 9.74023e-05 	 6.9046e-05
     4.061 	 0.000103845 	 7.36177e-05
     4.062 	 0.000113049 	 8.01387e-05
     4.063 	 0.000122946 	 8.71502e-05
     4.064 	 0.000130148 	 9.22612e-05
     4.065 	 0.000137022 	 9.71295e-05
     4.066 	 0.000144875 	 0.000102691
     4.067 	 0.000157567 	 0.000111682
     4.068 	 0.000169017 	 0.000119793
     4.069 	 0.000177857 	 0.000126053
     4.070 	 0.000184204 	 0.000130545
     4.071 	 0.000194469 	 0.000137856
     4.072 	 0.000203781 	 0.00014445
     4.073 	 0.000211384 	 0.000149832
     4.074 	 0.000216816 	 0.000153675
     4.075 	 0.000222068 	 0.000157408
     4.076 	 0.000230836 	 0.000163615
     4.077 	 0.000239178 	 0.000169519
     4.078 	 0.000243483 	 0.000172562
     4.079 	 0.000245891 	 0.00017428
     4.080 	 0.000251593 	 0.000178313
     4.081 	 0.000259356 	 0.000183806
     4.082 	 0.000267448 	 0.000189531
     4.083 	 0.000273839 	 0.000194072
     4.084 	 0.000281942 	 0.000199805
     4.085 	 0.000292998 	 0.000207672
     4.086 	 0.000309531 	 0.00021938
     4.087 	  0.00032148 	 0.000227863
     4.088 	 0.000334244 	 0.000236898
     4.089 	 0.000349288 	 0.000247549
     4.090 	 0.000368812 	 0.000261373
     4.091 	 0.000389801 	 0.000276234
     4.092 	  0.00040953 	 0.000290233
     4.093 	 0.000428187 	 0.00030344
     4.094 	 0.000451988 	 0.000320291
     4.095 	  0.00047991 	 0.00034006
     4.096 	 0.000507576 	 0.000359719
     4.097 	 0.000533393 	 0.000378039
     4.098 	 0.000562975 	 0.000398984
     4.099 	 0.000597105 	 0.000423152
     4.100 	  0.00063385 	 0.000449124
     4.101 	 0.000671939 	 0.00047609
     4.102 	  0.00070558 	 0.000499902
     4.103 	 0.000745313 	 0.000528088
     4.104 	 0.000789451 	 0.000559449
     4.105 	 0.000836431 	 0.000592715
     4.106 	 0.000883014 	 0.000625696
     4.107 	  0.00093171 	 0.000660171
     4.108 	 0.000984385 	 0.000697461
     4.109 	  0.00104465 	 0.000740125
     4.110 	  0.00110704 	 0.00078438
     4.111 	  0.00117013 	 0.000829202
     4.112 	   0.0012364 	 0.000876115
     4.113 	  0.00131362 	 0.000930779
     4.114 	  0.00139739 	 0.000990078
     4.115 	  0.00148409 	 0.00105145
     4.116 	  0.00157349 	 0.00111472
     4.117 	  0.00166782 	 0.00118172
     4.118 	  0.00177669 	 0.00125879
     4.119 	    0.001892 	 0.00134041
     4.120 	  0.00201173 	 0.00142531
     4.121 	  0.00214107 	 0.00151687
     4.122 	  0.00228453 	 0.00161843
     4.123 	  0.00244076 	 0.00172938
     4.124 	  0.00260981 	 0.00184906
     4.125 	  0.00278982 	 0.00197651
     4.126 	  0.00298382 	 0.00211385
     4.127 	  0.00319457 	 0.00226304
     4.128 	  0.00342578 	 0.0024272
     4.129 	  0.00367839 	 0.00260605
     4.130 	  0.00394776 	 0.00279675
     4.131 	   0.0042369 	 0.00300145
     4.132 	  0.00455183 	 0.00322439
     4.133 	  0.00490807 	 0.00347656
     4.134 	  0.00528749 	 0.0037459
     4.135 	  0.00569385 	 0.00403359
     4.136 	  0.00614048 	 0.00434977
     4.137 	  0.00664334 	 0.00470575
     4.138 	  0.00718959 	 0.00509244
     4.139 	  0.00777976 	 0.00551131
     4.140 	  0.00842593 	 0.00596877
     4.141 	  0.00915166 	 0.00648247
     4.142 	  0.00994538 	 0.00704427
     4.143 	   0.0108087 	 0.00765529
     4.144 	   0.0117692 	 0.00833505
     4.145 	   0.0128343 	 0.00909066
     4.146 	       0.014 	 0.00991573
     4.147 	   0.0152746 	 0.0108178
     4.148 	   0.0167233 	 0.0118431
     4.149 	   0.0183202 	 0.0129732
     4.150 	   0.0200691 	 0.0142137
     4.151 	   0.0219868 	 0.0155714
     4.152 	   0.0241944 	 0.0171344
     4.153 	   0.0266274 	 0.0188568
     4.154 	   0.0292967 	 0.0207466
     4.155 	   0.0322361 	 0.0228274
     4.156 	   0.0356353 	 0.0252389
     4.157 	   0.0393863 	 0.0278947
     4.158 	   0.0435133 	 0.0308131
     4.159 	   0.0481058 	 0.0340642
     4.160 	   0.0533724 	 0.0377924
     4.161 	    0.059193 	 0.0419119
     4.162 	   0.0656075 	 0.046461
     4.163 	   0.0728054 	 0.0515559
     4.164 	   0.0809782 	 0.0573405
     4.165 	   0.0899743 	 0.0637076
     4.166 	   0.0998442 	 0.0706928
     4.167 	    0.110973 	 0.0785598
     4.168 	    0.123422 	 0.0873862
     4.169 	    0.136999 	 0.0969945
     4.170 	     0.15176 	  0.10744
     4.171 	    0.168301 	 0.119145
     4.172 	    0.186396 	  0.13195
     4.173 	    0.205878 	 0.145735
     4.174 	    0.226774 	 0.160502
     4.175 	    0.249802 	 0.176829
     4.176 	    0.274317 	 0.194174
     4.177 	    0.300174 	 0.212468
     4.178 	    0.327339 	 0.231686
     4.179 	    0.356283 	 0.252162
     4.180 	    0.386223 	 0.273309
     4.181 	    0.417048 	  0.29511
     4.182 	    0.448644 	 0.317518
     4.183 	    0.480714 	 0.340201
     4.184 	    0.512769 	 0.362871
     4.185 	    0.544645 	 0.385368
     4.186 	    0.576037 	 0.407562
     4.187 	     0.60641 	 0.429033
     4.188 	    0.635737 	 0.449763
     4.189 	    0.663817 	 0.469555
     4.190 	    0.690005 	 0.488058
     4.191 	    0.713948 	  0.50507
     4.192 	     0.73603 	 0.520665
     4.193 	    0.756208 	 0.534911
     4.194 	    0.773836 	  0.54729
     4.195 	    0.789168 	 0.558105
     4.196 	    0.802605 	 0.567578
     4.197 	    0.814182 	 0.575735
     4.198 	    0.823251 	 0.582052
     4.199 	    0.830576 	 0.587201
     4.200 	      0.8365 	 0.591358
     4.201 	    0.841151 	 0.594544
     4.202 	    0.844142 	 0.596623
     4.203 	    0.846191 	 0.598036
     4.204 	    0.847428 	 0.598875
     4.205 	    0.847918 	 0.599117
     4.206 	    0.847631 	 0.598879
     4.207 	    0.846989 	  0.59839
     4.208 	    0.846051 	 0.597624
     4.209 	    0.844859 	 0.596747
     4.210 	    0.843509 	 0.595758
     4.211 	    0.842122 	 0.594691
     4.212 	    0.840732 	 0.593689
     4.213 	    0.839392 	 0.592722
     4.214 	    0.838181 	 0.591846
     4.215 	    0.837102 	 0.590997
     4.216 	    0.836168 	 0.590318
     4.217 	    0.835445 	 0.589727
     4.218 	    0.834938 	 0.589282
     4.219 	     0.83461 	 0.589029
     4.220 	    0.834465 	 0.588906
     4.221 	    0.834567 	 0.588896
     4.222 	    0.834873 	 0.589096
     4.223 	    0.835347 	 0.589349
     4.224 	    0.835983 	 0.589782
     4.225 	    0.836848 	 0.590377
     4.226 	    0.837853 	 0.591003
     4.227 	     0.83898 	 0.591782
     4.228 	    0.840219 	  0.59264
     4.229 	    0.841609 	 0.593537
     4.230 	    0.843079 	 0.594558
     4.231 	    0.844621 	 0.595617
     4.232 	    0.846228 	 0.596653
     4.233 	    0.847887 	 0.597794
     4.234 	     0.84957 	 0.598883
     4.235 	     0.85127 	 0.600053
     4.236 	    0.852981 	 0.601108
     4.237 	    0.854681 	 0.602208
     4.238 	    0.856363 	 0.603364
     4.239 	     0.85802 	 0.604433
     4.240 	    0.859633 	  0.60554
     4.241 	    0.861179 	  0.60659
     4.242 	    0.862662 	 0.607527
     4.243 	    0.864076 	 0.608485
     4.244 	    0.865384 	 0.609298
     4.245 	    0.866585 	 0.610106
     4.246 	    0.867682 	 0.610839
     4.247 	    0.868665 	 0.611423
     4.248 	    0.869469 	  0.61195
     4.249 	    0.870117 	 0.612297
     4.250 	    0.870621 	 0.612488
     4.251 	    0.870978 	 0.612629
     4.252 	    0.871088 	 0.612589
     4.253 	    0.871011 	 0.612486
     4.254 	    0.870748 	 0.612182
     4.255 	    0.870286 	 0.611809
     4.256 	    0.869519 	 0.611152
     4.257 	    0.868543 	 0.610418
     4.258 	    0.867347 	 0.609529
     4.259 	    0.865887 	 0.608385
     4.260 	    0.864078 	 0.607065
     4.261 	    0.862012 	 0.605525
     4.262 	    0.859682 	 0.603747
     4.263 	    0.857027 	 0.601794
     4.264 	    0.853984 	 0.599637
     4.265 	    0.850642 	 0.597203
     4.266 	    0.847001 	 0.594628
     4.267 	    0.842979 	 0.591785
     4.268 	     0.83863 	 0.588645
     4.269 	    0.834085 	 0.585435
     4.270 	    0.829403 	 0.582063
     4.271 	    0.824736 	 0.578756
     4.272 	    0.820314 	 0.575556
     4.273 	    0.816225 	 0.572655
     4.274 	    0.812558 	 0.570052
     4.275 	    0.809781 	 0.567891
     4.276 	     0.80772 	 0.566415
     4.277 	    0.806276 	 0.565307
     4.278 	    0.805419 	 0.564674
     4.279 	    0.805293 	  0.56449
     4.280 	    0.805477 	 0.564588
     4.281 	    0.805854 	  0.56475
     4.282 	    0.806296 	 0.565022
     4.283 	    0.806554 	 0.565163
     4.284 	    0.806532 	 0.565045
     4.285 	    0.806161 	 0.564747
     4.286 	    0.805279 	 0.564027
     4.287 	     0.80379 	 0.562945
     4.288 	    0.801951 	 0.561384
     4.289 	    0.799814 	  0.55985
     4.290 	    0.797411 	 0.558129
     4.291 	    0.794904 	 0.556291
     4.292 	    0.792408 	 0.554524
     4.293 	    0.789957 	 0.552725
     4.294 	    0.787614 	 0.551066
     4.295 	    0.785398 	 0.549432
     4.296 	    0.783295 	  0.54794
     4.297 	    0.781311 	 0.546532
     4.298 	    0.779505 	 0.545186
     4.299 	    0.777857 	 0.544013
     4.300 	    0.776349 	 0.542876
     4.301 	    0.774987 	  0.54188
     4.302 	     0.77385 	 0.540979
     4.303 	    0.772877 	 0.540255
     4.304 	    0.772064 	 0.539643
     4.305 	     0.77142 	 0.539087
     4.306 	    0.771023 	 0.538766
     4.307 	    0.770792 	   0.5385
     4.308 	    0.770725 	 0.538409
     4.309 	    0.770842 	 0.538447
     4.310 	    0.771189 	 0.538583
     4.311 	    0.771692 	 0.538888
     4.312 	    0.772348 	 0.539237
     4.313 	    0.773182 	 0.539771
     4.314 	    0.774202 	 0.540436
     4.315 	    0.775351 	 0.541129
     4.316 	    0.776622 	 0.541968
     4.317 	    0.778039 	 0.542847
     4.318 	    0.779582 	 0.543875
     4.319 	    0.781213 	 0.544965
     4.320 	    0.782926 	 0.546049
     4.321 	    0.784716 	 0.547276
     4.322 	    0.786551 	 0.548534
     4.323 	     0.78841 	 0.549745
     4.324 	    0.790282 	 0.551029
     4.325 	     0.79214 	 0.552302
     4.326 	    0.793954 	 0.553481
     4.327 	     0.79571 	 0.554684
     4.328 	    0.797397 	 0.555773
     4.329 	    0.798937 	 0.556825
     4.330 	    0.800355 	  0.55779
     4.331 	    0.801634 	 0.558572
     4.332 	    0.802745 	   0.5593
     4.333 	    0.803596 	 0.559848
     4.334 	    0.804249 	 0.560193
     4.335 	    0.804695 	 0.560458
     4.336 	    0.804885 	 0.560544
     4.337 	    0.804741 	 0.560398
     4.338 	    0.804348 	 0.559956
     4.339 	    0.803701 	  0.55946
     4.340 	    0.802735 	 0.558856
     4.341 	    0.801423 	 0.557831
     4.342 	    0.799849 	 0.556687
     4.343 	    0.798015 	 0.555364
     4.344 	    0.795846 	 0.553807
     4.345 	    0.793382 	 0.551981
     4.346 	    0.790687 	 0.550059
     4.347 	    0.787773 	 0.547985
     4.348 	    0.784583 	 0.545719
     4.349 	    0.781198 	 0.543255
     4.350 	    0.777659 	 0.540748
     4.351 	    0.773981 	 0.538153
     4.352 	    0.770146 	  0.53545
     4.353 	     0.76625 	 0.532643
     4.354 	    0.762312 	  0.52987
     4.355 	    0.758351 	  0.52708
     4.356 	    0.754407 	 0.524303
     4.357 	    0.750531 	 0.521513
     4.358 	    0.746738 	 0.518842
     4.359 	    0.743061 	 0.516252
     4.360 	    0.739583 	 0.513799
     4.361 	    0.736273 	 0.511462
     4.362 	    0.733147 	 0.509253
     4.363 	    0.730268 	 0.507157
     4.364 	     0.72768 	 0.505424
     4.365 	    0.725312 	 0.503742
     4.366 	    0.723162 	 0.502212
     4.367 	    0.721296 	 0.500878
     4.368 	    0.719655 	 0.499701
     4.369 	    0.718157 	 0.498566
     4.370 	    0.716781 	 0.497624
     4.371 	    0.715505 	 0.496698
     4.372 	    0.714202 	 0.495753
     4.373 	    0.712791 	 0.494733
     4.374 	    0.711213 	 0.493598
     4.375 	    0.709243 	  0.49219
     4.376 	    0.706835 	 0.490479
     4.377 	    0.703907 	 0.488407
     4.378 	    0.700362 	 0.485907
     4.379 	    0.695652 	   0.4826
     4.380 	    0.690038 	  0.47861
     4.381 	    0.683457 	 0.474014
     4.382 	    0.675751 	 0.468637
     4.383 	    0.666258 	 0.462022
     4.384 	    0.655494 	 0.454619
     4.385 	    0.643434 	 0.446224
     4.386 	    0.629877 	 0.436792
     4.387 	    0.614379 	 0.426016
     4.388 	    0.597543 	 0.414313
     4.389 	     0.57941 	 0.401712
     4.390 	    0.559756 	 0.388059
     4.391 	    0.538644 	 0.373396
     4.392 	    0.516477 	 0.358003
     4.393 	    0.493356 	 0.341951
     4.394 	    0.469233 	 0.325207
     4.395 	    0.444464 	 0.308053
     4.396 	    0.419318 	 0.290603
     4.397 	    0.393901 	 0.272968
     4.398 	    0.368411 	 0.255285
     4.399 	    0.343194 	 0.237817
     4.400 	    0.318365 	 0.220595
     4.401 	    0.294004 	 0.203694
     4.402 	    0.270562 	 0.187434
     4.403 	    0.248075 	 0.171873
     4.404 	    0.226539 	 0.156936
     4.405 	    0.206016 	  0.14272
     4.406 	    0.187128 	 0.129622
     4.407 	    0.169359 	 0.117301
     4.408 	    0.152734 	 0.105775
     4.409 	    0.137402 	 0.0951566
     4.410 	    0.123659 	 0.0856301
     4.411 	    0.110976 	 0.0768502
     4.412 	   0.0993244 	 0.0687898
     4.413 	    0.088867 	 0.0615422
     4.414 	   0.0796334 	 0.0551433
     4.415 	   0.0712255 	 0.0493171
     4.416 	      0.0636 	 0.0440387
     4.417 	   0.0568853 	  0.03939
     4.418 	   0.0509632 	 0.0352864
     4.419 	    0.045612 	 0.0315787
     4.420 	   0.0407916 	 0.0282423
     4.421 	   0.0366028 	 0.0253453
     4.422 	   0.0328872 	 0.0227707
     4.423 	   0.0295314 	 0.0204455
     4.424 	   0.0265094 	 0.018354
     4.425 	   0.0239044 	 0.0165507
     4.426 	   0.0215727 	 0.0149351
     4.427 	   0.0194636 	 0.0134755
     4.428 	   0.0175581 	 0.0121552
     4.429 	   0.0159206 	 0.011023
     4.430 	   0.0144345 	 0.00999439
     4.431 	   0.0130861 	 0.00905967
     4.432 	   0.0118734 	 0.00821993
     4.433 	   0.0108145 	 0.00748682
     4.434 	  0.00984924 	 0.00681775
     4.435 	  0.00897029 	 0.00620929
     4.436 	  0.00817877 	 0.00566071
     4.437 	  0.00748133 	 0.00517737
     4.438 	  0.00684019 	 0.00473364
     4.439 	   0.0062526 	 0.0043278
     4.440 	  0.00572639 	 0.00396355
     4.441 	  0.00525685 	 0.00363824
     4.442 	  0.00482646 	 0.00334008
     4.443 	  0.00443229 	 0.00306739
     4.444 	  0.00407808 	 0.00282201
     4.445 	  0.00375705 	 0.0026002
     4.446 	  0.00346195 	 0.00239575
     4.447 	  0.00319133 	 0.00220854
     4.448 	  0.00294895 	 0.00204063
     4.449 	  0.00272773 	 0.0018876
     4.450 	  0.00252227 	 0.00174562
     4.451 	  0.00233088 	 0.00161315
     4.452 	   0.0021624 	 0.00149652
     4.453 	  0.00200552 	 0.00138794
     4.454 	  0.00185981 	 0.00128709
     4.455 	   0.0017257 	 0.00119413
     4.456 	  0.00160256 	 0.00110892
     4.457 	  0.00148967 	 0.00103067
     4.458 	  0.00138523 	 0.000958408
     4.459 	  0.00128774 	 0.000890847
     4.460 	  0.00119908 	 0.000829591
     4.461 	  0.00111492 	 0.000771384
     4.462 	  0.00103544 	 0.000716328
     4.463 	 0.000962311 	 0.000665754
     4.464 	 0.000895941 	 0.00061978
     4.465 	 0.000832817 	 0.000576127
     4.466 	 0.000772799 	 0.000534621
     4.467 	 0.000717643 	 0.000496418
     4.468 	 0.000665575 	 0.000460459
     4.469 	 0.000617972 	 0.000427536
     4.470 	 0.000574756 	 0.0003976
     4.471 	 0.000532855 	 0.000368613
     4.472 	 0.000495184 	 0.000342552
     4.473 	 0.000459826 	 0.000318091
     4.474 	 0.000426394 	 0.000294928
     4.475 	 0.000398583 	 0.00027569
     4.476 	 0.000371447 	 0.00025692
     4.477 	 0.000345372 	 0.000238907
     4.478 	  0.00032075 	 0.000221848
     4.479 	 0.000299275 	 0.000206994
     4.480 	 0.000280818 	 0.000194227
     4.481 	 0.000265032 	 0.000183312
     4.482 	 0.000251774 	 0.000174125
     4.483 	  0.00023797 	 0.000164582
     4.484 	 0.000226314 	 0.000156524
     4.485 	 0.000216001 	 0.000149394
     4.486 	 0.000205614 	 0.000142213
     4.487 	 0.000197503 	 0.00013659
     4.488 	 0.000188204 	 0.000130135
     4.489 	 0.000178211 	 0.000123228
     4.490 	 0.000169771 	 0.000117394
     4.491 	 0.000161441 	 0.000111646
     4.492 	 0.000153646 	 0.000106257
     4.493 	 0.000146055 	 0.000101008
     4.494 	 0.000136867 	 9.46441e-05
     4.495 	 0.000126676 	 8.7598e-05
     4.496 	  0.00011753 	 8.12578e-05
     4.497 	 0.000109981 	 7.60394e-05
     4.498 	 0.000102827 	 7.1094e-05
     4.499 	 9.64198e-05 	 6.66647e-05
     4.500 	 8.92807e-05 	 6.17294e-05
     4.501 	 8.08511e-05 	 5.5891e-05
     4.502 	  7.6054e-05 	 5.2576e-05
     4.503 	  7.0588e-05 	 4.87983e-05
     4.504 	 6.53051e-05 	 4.51381e-05
     4.505 	 6.09276e-05 	 4.21133e-05
     4.506 	 5.48589e-05 	 3.79155e-05
     4.507 	 4.96891e-05 	 3.43362e-05
     4.508 	  4.5024e-05 	 3.11132e-05
     4.509 	  4.0361e-05 	 2.78915e-05
     4.510 	 3.65163e-05 	 2.523e-05
     4.511 	 3.25094e-05 	 2.24626e-05
     4.512 	 2.78971e-05 	 1.92766e-05
     4.513 	 2.18307e-05 	 1.50824e-05
     4.514 	 1.81677e-05 	 1.25523e-05
     4.515 	 1.51923e-05 	 1.04949e-05
     4.516 	 1.26319e-05 	 8.72656e-06
     4.517 	 1.04427e-05 	 7.21377e-06
     4.518 	 7.11944e-06 	 4.91731e-06
     4.519 	 5.76047e-06 	 3.97886e-06
     4.520 	 6.59207e-06 	 4.55254e-06
     4.521 	 6.33997e-06 	 4.37854e-06
     4.522 	 6.10715e-06 	 4.21699e-06
     4.523 	 5.71116e-06 	 3.94411e-06
     4.524 	 5.18109e-06 	 3.57813e-06
     4.525 	 5.74263e-06 	 3.96522e-06
     4.526 	 5.95168e-06 	 4.10924e-06
     4.527 	   5.994e-06 	 4.13772e-06
     4.528 	 5.97494e-06 	 4.12465e-06
     4.529 	 5.75698e-06 	 3.97346e-06
     4.530 	 5.26341e-06 	 3.6333e-06
     4.531 	 5.12085e-06 	 3.53422e-06
     4.532 	 6.00478e-06 	 4.14433e-06
     4.533 	 6.03076e-06 	 4.16104e-06
     4.534 	 5.58222e-06 	 3.8516e-06
     4.535 	 5.07101e-06 	 3.49821e-06
     4.536 	 5.14615e-06 	 3.5505e-06
     4.537 	 5.86744e-06 	 4.04736e-06
     4.538 	 6.22207e-06 	 4.29203e-06
     4.539 	 6.20965e-06 	 4.2822e-06
     4.540 	 6.05245e-06 	 4.17385e-06
     4.541 	  5.2251e-06 	 3.60312e-06
     4.542 	 4.61841e-06 	 3.18488e-06
     4.543 	 4.38434e-06 	 3.02296e-06
     4.544 	 4.46257e-06 	 3.07702e-06
     4.545 	 4.45892e-06 	 3.07404e-06
     4.546 	 3.90206e-06 	 2.69023e-06
     4.547 	 2.78465e-06 	 1.91952e-06
     4.548 	 2.28011e-06 	 1.57179e-06
     4.549 	 2.13657e-06 	 1.47277e-06
     4.550 	 2.12021e-06 	 1.46154e-06
     4.551 	 2.09501e-06 	 1.4438e-06
     4.552 	 1.64838e-06 	 1.13619e-06
     4.553 	 1.37648e-06 	 9.48624e-07
     4.554 	 1.29626e-06 	 8.93381e-07
     4.555 	 1.43361e-06 	 9.88001e-07
     4.556 	 1.60736e-06 	 1.1078e-06
     4.557 	 1.92307e-06 	 1.32504e-06
     4.558 	 2.34771e-06 	 1.61737e-06
     4.559 	 2.84743e-06 	 1.96196e-06
     4.560 	 3.01968e-06 	 2.08031e-06
     4.561 	 3.08203e-06 	 2.1233e-06
     4.562 	 3.08665e-06 	 2.12632e-06
     4.563 	 3.10523e-06 	 2.13894e-06
     4.564 	 3.09272e-06 	 2.13017e-06
     4.565 	 3.65095e-06 	 2.5147e-06
     4.566 	 4.50075e-06 	 3.09943e-06
     4.567 	 4.50319e-06 	 3.10151e-06
     4.568 	 4.22248e-06 	 2.90762e-06
     4.569 	 3.87615e-06 	 2.6689e-06
     4.570 	 3.62963e-06 	 2.49898e-06
     4.571 	 4.09461e-06 	 2.81921e-06
     4.572 	 4.23466e-06 	 2.91608e-06
     4.573 	  4.2542e-06 	 2.92904e-06
     4.574 	 4.20495e-06 	 2.89524e-06
     4.575 	  3.8427e-06 	 2.64541e-06
     4.576 	 3.11447e-06 	 2.14415e-06
     4.577 	  2.7739e-06 	 1.90936e-06
     4.578 	 3.27102e-06 	 2.25189e-06
     4.579 	  3.1507e-06 	 2.16869e-06
     4.580 	 2.77935e-06 	 1.91337e-06
     4.581 	 2.45962e-06 	 1.69293e-06
     4.582 	 2.49587e-06 	 1.71792e-06
     4.583 	 3.15946e-06 	 2.1747e-06
     4.584 	 3.44868e-06 	 2.37331e-06
     4.585 	 3.47877e-06 	 2.39432e-06
     4.586 	 3.44765e-06 	 2.37244e-06
     4.587 	 3.13078e-06 	 2.15466e-06
     4.588 	 3.05956e-06 	 2.10566e-06
     4.589 	 3.33552e-06 	 2.29517e-06
     4.590 	 4.12189e-06 	 2.83629e-06
     4.591 	 4.71362e-06 	 3.24279e-06
     4.592 	 5.00749e-06 	 3.44534e-06
     4.593 	 5.16908e-06 	 3.55651e-06
     4.594 	  5.9382e-06 	 4.08531e-06
     4.595 	 6.87849e-06 	 4.73218e-06
     4.596 	 7.70425e-06 	 5.30086e-06
     4.597 	 8.31226e-06 	 5.71742e-06
     4.598 	 8.61953e-06 	 5.92942e-06
     4.599 	 8.60685e-06 	 5.92065e-06
     4.600 	 8.25447e-06 	 5.67887e-06
     4.601 	 7.56426e-06 	 5.20292e-06
     4.602 	 6.99826e-06 	 4.81413e-06
     4.603 	 6.33957e-06 	 4.36098e-06
     4.604 	 5.35817e-06 	 3.68585e-06
     4.605 	 3.86317e-06 	 2.65773e-06
     4.606 	  3.1925e-06 	 2.19632e-06
     4.607 	  2.5423e-06 	 1.74883e-06
     4.608 	 1.98397e-06 	 1.36475e-06
     4.609 	 1.61391e-06 	 1.11031e-06
     4.610 	 9.20433e-07 	 6.33216e-07
     4.611 	 5.79972e-07 	 3.9904e-07
     4.612 	 5.10536e-07 	 3.51265e-07
     4.613 	 5.10413e-07 	 3.51221e-07
     4.614 	   5.104e-07 	 3.51211e-07
     4.615 	 5.09199e-07 	 3.50353e-07
     4.616 	 4.37343e-07 	 3.00912e-07
     4.617 	  7.5412e-08 	 5.18927e-08
     4.618 	 1.31215e-08 	 9.02917e-09
     4.619 	           0 	        0
     4.620 	           0 	        0
     4.621 	           0 	        0
     4.622 	           0 	        0
     4.623 	           0 	        0
     4.624 	           0 	        0
     4.625 	           0 	        0
     4.626 	           0 	        0
     4.627 	 1.20205e-08 	 8.27438e-09
     4.628 	 2.51887e-08 	 1.73385e-08
     4.629 	 2.77986e-07 	 1.91368e-07
     4.630 	 6.24837e-07 	 4.30178e-07
     4.631 	 8.95297e-07 	 6.16443e-07
     4.632 	 9.21277e-07 	 6.34321e-07
     4.633 	 9.21946e-07 	 6.34846e-07
     4.634 	  9.4818e-07 	 6.529e-07
     4.635 	 9.86967e-07 	 6.79676e-07
     4.636 	 1.01789e-06 	 7.0096e-07
     4.637 	 1.02021e-06 	 7.02626e-07
     4.638 	 1.01719e-06 	 7.00534e-07
     4.639 	 9.58136e-07 	 6.59853e-07
     4.640 	 7.11328e-07 	 4.89929e-07
     4.641 	 1.44524e-06 	 9.95372e-07
     4.642 	 2.73295e-06 	 1.88239e-06
     4.643 	 4.37066e-06 	 3.01028e-06
     4.644 	 5.88247e-06 	 4.05183e-06
     4.645 	 7.08314e-06 	 4.87865e-06
     4.646 	 8.34312e-06 	 5.74691e-06
     4.647 	  9.7767e-06 	 6.7341e-06
     4.648 	  1.1412e-05 	 7.86106e-06
     4.649 	 1.27427e-05 	 8.77732e-06
     4.650 	 1.39644e-05 	 9.61955e-06
     4.651 	 1.50978e-05 	 1.04001e-05
     4.652 	 1.51851e-05 	 1.04612e-05
     4.653 	 1.53505e-05 	 1.05749e-05
     4.654 	 1.55034e-05 	 1.06834e-05
     4.655 	 1.55755e-05 	 1.07329e-05
     4.656 	 1.54775e-05 	 1.06651e-05
     4.657 	 1.52705e-05 	 1.05234e-05
     4.658 	 1.50435e-05 	 1.03668e-05
     4.659 	 1.49014e-05 	 1.02698e-05
     4.660 	 1.58754e-05 	 1.09408e-05
     4.661 	  1.6435e-05 	 1.13273e-05
     4.662 	 1.66055e-05 	 1.14443e-05
     4.663 	 1.65379e-05 	 1.13986e-05
     4.664 	 1.62666e-05 	 1.12111e-05
     4.665 	 1.64563e-05 	 1.13448e-05
     4.666 	 1.72165e-05 	 1.18698e-05
     4.667 	 1.86834e-05 	 1.28806e-05
     4.668 	 1.97193e-05 	 1.35958e-05
     4.669 	 2.06055e-05 	 1.42061e-05
     4.670 	 2.13591e-05 	 1.47268e-05
     4.671 	 2.17527e-05 	 1.49979e-05
     4.672 	 2.30019e-05 	 1.5859e-05
     4.673 	 2.43921e-05 	 1.68192e-05
     4.674 	 2.56074e-05 	 1.76605e-05
     4.675 	 2.61075e-05 	 1.80072e-05
     4.676 	  2.6434e-05 	 1.82321e-05
     4.677 	 2.66299e-05 	 1.8367e-05
     4.678 	 2.67315e-05 	 1.84389e-05
     4.679 	  2.7241e-05 	 1.879e-05
     4.680 	  2.7137e-05 	 1.87201e-05
     4.681 	 2.65662e-05 	 1.83253e-05
     4.682 	 2.56285e-05 	 1.7681e-05
     4.683 	 2.48269e-05 	 1.71289e-05
     4.684 	 2.42768e-05 	 1.675e-05
     4.685 	 2.39629e-05 	 1.65344e-05
     4.686 	 2.38816e-05 	 1.64772e-05
     4.687 	 2.29785e-05 	 1.58532e-05
     4.688 	 2.20178e-05 	 1.51912e-05
     4.689 	 2.11781e-05 	 1.46139e-05
     4.690 	 2.07342e-05 	 1.43067e-05
     4.691 	 2.08996e-05 	 1.44221e-05
     4.692 	 2.11904e-05 	 1.46223e-05
     4.693 	 2.14104e-05 	 1.47737e-05
     4.694 	 2.11239e-05 	 1.45773e-05
     4.695 	 2.12087e-05 	 1.46354e-05
     4.696 	 2.15642e-05 	 1.48803e-05
     4.697 	  2.2156e-05 	 1.52931e-05
     4.698 	 2.29134e-05 	 1.58154e-05
     4.699 	 2.33927e-05 	 1.61457e-05
     4.700 	 2.35774e-05 	 1.62746e-05
     4.701 	 2.35067e-05 	 1.62249e-05
     4.702 	 2.39911e-05 	 1.65584e-05
     4.703 	 2.44958e-05 	 1.69076e-05
     4.704 	 2.49342e-05 	 1.72113e-05
     4.705 	 2.52355e-05 	 1.74183e-05
     4.706 	 2.49764e-05 	 1.72386e-05
     4.707 	 2.47046e-05 	 1.70555e-05
     4.708 	 2.47316e-05 	 1.70733e-05
     4.709 	 2.54385e-05 	 1.75603e-05
     4.710 	 2.58913e-05 	 1.78719e-05
     4.711 	 2.60649e-05 	 1.79933e-05
     4.712 	  2.5843e-05 	 1.78396e-05
     4.713 	 2.49735e-05 	 1.72388e-05
     4.714 	 2.41294e-05 	 1.66556e-05
     4.715 	 2.34223e-05 	 1.61689e-05
     4.716 	 2.26827e-05 	 1.5661e-05
     4.717 	 2.13899e-05 	 1.4768e-05
     4.718 	 1.98153e-05 	 1.36804e-05
     4.719 	 1.79833e-05 	 1.24166e-05
     4.720 	  1.6072e-05 	 1.10966e-05
     4.721 	 1.48994e-05 	 1.02864e-05
     4.722 	 1.42527e-05 	 9.83929e-06
     4.723 	 1.37214e-05 	 9.47192e-06
     4.724 	 1.31813e-05 	 9.1005e-06
     4.725 	 1.27743e-05 	 8.82074e-06
     4.726 	 1.26104e-05 	 8.70702e-06
     4.727 	 1.28233e-05 	 8.85346e-06
     4.728 	 1.34718e-05 	 9.30059e-06
     4.729 	 1.37204e-05 	 9.47161e-06
     4.730 	 1.34769e-05 	 9.304e-06
     4.731 	 1.29286e-05 	 8.92515e-06
     4.732 	 1.22169e-05 	 8.43351e-06
     4.733 	 1.14269e-05 	 7.88788e-06
     4.734 	 1.08353e-05 	 7.48074e-06
     4.735 	 1.01911e-05 	 7.03573e-06
     4.736 	 9.12797e-06 	 6.30153e-06
     4.737 	 7.77382e-06 	 5.36709e-06
     4.738 	 6.60747e-06 	 4.56166e-06
     4.739 	 5.81861e-06 	 4.01689e-06
     4.740 	  5.7873e-06 	 3.99513e-06
     4.741 	 6.31571e-06 	 4.35975e-06
     4.742 	 6.77845e-06 	 4.67997e-06
     4.743 	 7.09504e-06 	 4.89888e-06
     4.744 	 7.32001e-06 	 5.05405e-06
     4.745 	 7.84842e-06 	 5.4187e-06
     4.746 	 8.48703e-06 	 5.8594e-06
     4.747 	 9.11658e-06 	 6.29382e-06
     4.748 	 9.31831e-06 	 6.43285e-06
     4.749 	 9.03015e-06 	 6.23442e-06
     4.750 	 8.40428e-06 	 5.80211e-06
     4.751 	 7.52143e-06 	 5.19348e-06
     4.752 	 6.75844e-06 	 4.66647e-06
     4.753 	 5.85881e-06 	 4.04515e-06
     4.754 	 4.88489e-06 	 3.37259e-06
     4.755 	 3.87054e-06 	 2.67217e-06
     4.756 	 2.51988e-06 	 1.73962e-06
     4.757 	 1.45006e-06 	 1.00102e-06
     4.758 	 7.93088e-07 	 5.47473e-07
     4.759 	 7.30588e-07 	 5.04309e-07
     4.760 	 7.30284e-07 	 5.04079e-07
     4.761 	 7.29347e-07 	 5.03505e-07
     4.762 	 6.55832e-07 	 4.52727e-07
     4.763 	 3.81616e-07 	 2.63417e-07
     4.764 	 3.65176e-07 	 2.52079e-07
     4.765 	  5.1008e-07 	 3.52044e-07
     4.766 	 7.10913e-07 	 4.90623e-07
     4.767 	 7.13619e-07 	 4.9246e-07
     4.768 	 7.09549e-07 	 4.89621e-07
     4.769 	 6.43045e-07 	 4.43703e-07
     4.770 	 5.92508e-07 	 4.08807e-07
     4.771 	 9.64888e-07 	 6.65843e-07
     4.772 	 1.24044e-06 	 8.5596e-07
     4.773 	 1.37953e-06 	 9.519e-07
     4.774 	 1.37969e-06 	 9.51972e-07
     4.775 	 1.36354e-06 	 9.4079e-07
     4.776 	 1.17077e-06 	 8.07659e-07
     4.777 	 1.04567e-06 	 7.21329e-07
     4.778 	 1.11703e-06 	 7.70522e-07
     4.779 	 1.25575e-06 	 8.66174e-07
     4.780 	 1.22183e-06 	 8.42741e-07
     4.781 	 1.02497e-06 	 7.06919e-07
     4.782 	 6.61702e-07 	 4.56348e-07
     4.783 	 9.94972e-07 	 6.86071e-07
     4.784 	  1.6784e-06 	 1.15749e-06
     4.785 	 2.33342e-06 	 1.60912e-06
     4.786 	 2.44403e-06 	 1.6853e-06
     4.787 	 2.45109e-06 	 1.69007e-06
     4.788 	 2.42675e-06 	 1.67299e-06
     4.789 	  2.5533e-06 	 1.76013e-06
     4.790 	 3.22418e-06 	 2.22247e-06
     4.791 	 3.92353e-06 	 2.70438e-06
     4.792 	 4.27171e-06 	 2.94387e-06
     4.793 	 4.19474e-06 	 2.89066e-06
     4.794 	 3.60418e-06 	 2.48355e-06
     4.795 	 2.77432e-06 	 1.9118e-06
     4.796 	 2.26445e-06 	 1.56017e-06
     4.797 	 2.16978e-06 	 1.49486e-06
     4.798 	 2.18023e-06 	 1.50197e-06
     4.799 	 2.16305e-06 	 1.49004e-06
     4.800 	 1.80281e-06 	 1.24167e-06
     4.801 	 1.00094e-06 	 6.89334e-07
     4.802 	  3.2503e-07 	 2.23826e-07
     4.803 	 1.58125e-07 	 1.08869e-07
     4.804 	 1.75585e-07 	 1.2088e-07
     4.805 	 1.76511e-07 	 1.21508e-07
     4.806 	 1.76511e-07 	 1.21484e-07
     4.807 	 1.76297e-07 	 1.21326e-07
     4.808 	 1.79305e-07 	 1.23386e-07
     4.809 	 1.89429e-07 	 1.30327e-07
     4.810 	  2.2469e-07 	 1.54574e-07
     4.811 	 2.38816e-07 	 1.6428e-07
     4.812 	 2.31621e-07 	 1.59284e-07
     4.813 	 2.03247e-07 	 1.39762e-07
     4.814 	 1.29254e-07 	 8.88639e-08
     4.815 	 9.44136e-08 	 6.49058e-08
     4.816 	 9.35745e-08 	 6.43111e-08
     4.817 	 9.35745e-08 	 6.42988e-08
     4.818 	 9.34873e-08 	 6.42342e-08
     4.819 	 8.27445e-08 	 5.6842e-08
     4.820 	 5.86914e-08 	 4.03155e-08
     4.821 	 1.84348e-08 	 1.26622e-08
     4.822 	 1.02584e-08 	 7.04487e-09
     4.823 	           0 	        0
     4.824 	           0 	        0
     4.825 	           0 	        0
     4.826 	           0 	        0
     4.827 	           0 	        0
     4.828 	           0 	        0
     4.829 	           0 	        0
     4.830 	           0 	        0
     4.831 	           0 	        0
     4.832 	           0 	        0
     4.833 	           0 	        0
     4.834 	           0 	        0
     4.835 	           0 	        0
     4.836 	           0 	        0
     4.837 	           0 	        0
     4.838 	           0 	        0
     4.839 	 1.10118e-08 	 7.54238e-09
     4.840 	 1.52214e-08 	 1.04249e-08
     4.841 	 1.04949e-07 	 7.18618e-08
     4.842 	 2.76007e-07 	 1.88948e-07
     4.843 	 5.36154e-07 	 3.67e-07
     4.844 	 9.19543e-07 	 6.2929e-07
     4.845 	 1.18641e-06 	 8.11833e-07
     4.846 	 1.50206e-06 	 1.02759e-06
     4.847 	 1.93907e-06 	 1.32626e-06
     4.848 	 2.67012e-06 	 1.82608e-06
     4.849 	 3.13939e-06 	 2.14586e-06
     4.850 	 3.38693e-06 	 2.31454e-06
     4.851 	 3.42572e-06 	 2.34089e-06
     4.852 	 3.32594e-06 	 2.2723e-06
     4.853 	 3.13392e-06 	 2.14072e-06
     4.854 	 2.95835e-06 	 2.02065e-06
     4.855 	 2.86864e-06 	 1.95902e-06
     4.856 	 2.84253e-06 	 1.94083e-06
     4.857 	 2.69418e-06 	 1.83941e-06
     4.858 	 2.38161e-06 	 1.62538e-06
     4.859 	 1.84772e-06 	 1.26078e-06
     4.860 	 1.83159e-06 	 1.24954e-06
     4.861 	  2.5787e-06 	 1.7591e-06
     4.862 	 3.66842e-06 	 2.50199e-06
     4.863 	  4.4475e-06 	 3.03278e-06
     4.864 	   4.998e-06 	 3.40751e-06
     4.865 	 5.26935e-06 	 3.59224e-06
     4.866 	 5.37259e-06 	 3.66192e-06
     4.867 	 5.58409e-06 	 3.80457e-06
     4.868 	 6.09557e-06 	 4.15225e-06
     4.869 	 6.27246e-06 	 4.27241e-06
     4.870 	 6.05326e-06 	 4.12231e-06
     4.871 	 5.65843e-06 	 3.85263e-06
     4.872 	 4.56222e-06 	 3.10563e-06
     4.873 	 3.52445e-06 	 2.3987e-06
     4.874 	 2.80201e-06 	 1.90684e-06
     4.875 	 2.52806e-06 	 1.72005e-06
     4.876 	 2.63353e-06 	 1.7909e-06
     4.877 	  2.8213e-06 	 1.91819e-06
     4.878 	 2.94651e-06 	 2.0029e-06
     4.879 	 2.99322e-06 	 2.03423e-06
     4.880 	 3.73158e-06 	 2.5355e-06
     4.881 	  4.8806e-06 	 3.31594e-06
     4.882 	 6.24823e-06 	 4.24428e-06
     4.883 	 7.10993e-06 	 4.82864e-06
     4.884 	 7.69759e-06 	 5.22669e-06
     4.885 	 8.06986e-06 	 5.47836e-06
     4.886 	  8.2828e-06 	 5.62178e-06
     4.887 	 8.14699e-06 	 5.52735e-06
     4.888 	 7.91206e-06 	 5.36686e-06
     4.889 	 7.50638e-06 	 5.09065e-06
     4.890 	 6.74081e-06 	 4.57052e-06
     4.891 	 5.72809e-06 	 3.88305e-06
     4.892 	 4.50865e-06 	 3.05612e-06
     4.893 	 3.23748e-06 	 2.19401e-06
     4.894 	 2.37628e-06 	 1.61005e-06
     4.895 	 1.91456e-06 	 1.29693e-06
     4.896 	 1.71101e-06 	 1.15881e-06
     4.897 	 1.69901e-06 	 1.15043e-06
     4.898 	 1.69273e-06 	 1.14594e-06
     4.899 	 1.97312e-06 	 1.33547e-06
     4.900 	 2.82631e-06 	 1.91253e-06
     4.901 	 4.33816e-06 	 2.93487e-06
     4.902 	 6.02127e-06 	 4.07255e-06
     4.903 	 7.41765e-06 	 5.01578e-06
     4.904 	 8.53551e-06 	 5.77026e-06
     4.905 	 9.37156e-06 	 6.33391e-06
     4.906 	 1.02105e-05 	 6.89782e-06
     4.907 	 1.11768e-05 	 7.54788e-06
     4.908 	 1.23462e-05 	 8.33553e-06
     4.909 	 1.38086e-05 	 9.32057e-06
     4.910 	 1.51404e-05 	 1.0217e-05
     4.911 	 1.56653e-05 	 1.05689e-05
     4.912 	 1.56534e-05 	 1.05586e-05
     4.913 	 1.54991e-05 	 1.04522e-05
     4.914 	 1.61804e-05 	 1.09093e-05
     4.915 	 1.69934e-05 	 1.14549e-05
     4.916 	 1.77122e-05 	 1.19368e-05
     4.917 	 1.79343e-05 	 1.20839e-05
     4.918 	 1.67016e-05 	 1.12508e-05
     4.919 	 1.50238e-05 	 1.01171e-05
     4.920 	 1.31413e-05 	 8.84929e-06
     4.921 	 1.12851e-05 	 7.59759e-06
     4.922 	 9.71403e-06 	 6.53838e-06
     4.923 	 8.21922e-06 	 5.53097e-06
     4.924 	 6.69301e-06 	 4.5029e-06
     4.925 	 4.81251e-06 	 3.23698e-06
     4.926 	 3.29466e-06 	 2.21528e-06
     4.927 	 2.21874e-06 	 1.4915e-06
     4.928 	 1.68695e-06 	 1.13375e-06
     4.929 	  2.2909e-06 	 1.53929e-06
     4.930 	 2.59806e-06 	 1.74526e-06
     4.931 	 2.73277e-06 	 1.8351e-06
     4.932 	 2.77848e-06 	 1.86536e-06
     4.933 	 2.93997e-06 	 1.97331e-06
     4.934 	 3.24752e-06 	 2.17921e-06
     4.935 	 3.66225e-06 	 2.45692e-06
     4.936 	 4.14565e-06 	 2.78023e-06
     4.937 	 3.90029e-06 	 2.61506e-06
     4.938 	  3.4779e-06 	 2.3313e-06
     4.939 	 2.93157e-06 	 1.96461e-06
     4.940 	 2.29151e-06 	 1.53512e-06
     4.941 	 2.05559e-06 	 1.37675e-06
     4.942 	 1.88967e-06 	 1.26532e-06
     4.943 	 1.72971e-06 	 1.15794e-06
     4.944 	 1.51191e-06 	 1.01177e-06
     4.945 	 1.11334e-06 	 7.4487e-07
     4.946 	 5.75516e-07 	 3.84952e-07
     4.947 	 1.91693e-08 	 1.28174e-08
     4.948 	 1.15873e-08 	 7.74589e-09
     4.949 	           0 	        0
     4.950 	           0 	        0
     4.951 	           0 	        0
     4.952 	           0 	        0
     4.953 	           0 	        0
     4.954 	 1.00512e-08 	 6.70911e-09
     4.955 	  1.1409e-08 	 7.61358e-09
     4.956 	 4.72187e-08 	 3.14991e-08
     4.957 	 4.80802e-07 	 3.2066e-07
     4.958 	  1.0315e-06 	 6.87767e-07
     4.959 	 1.44551e-06 	 9.63465e-07
     4.960 	 1.83732e-06 	 1.22432e-06
     4.961 	 2.28445e-06 	 1.52171e-06
     4.962 	 2.77442e-06 	 1.84763e-06
     4.963 	 3.29042e-06 	 2.19072e-06
     4.964 	 3.79644e-06 	 2.52669e-06
     4.965 	 4.09049e-06 	 2.72171e-06
     4.966 	 4.20691e-06 	 2.79815e-06
     4.967 	 4.24605e-06 	 2.82347e-06
     4.968 	 3.90323e-06 	 2.59486e-06
     4.969 	 3.69571e-06 	 2.45624e-06
     4.970 	 3.67181e-06 	 2.43974e-06
     4.971 	 3.69009e-06 	 2.45101e-06
     4.972 	 3.63618e-06 	 2.41463e-06
     4.973 	 3.54555e-06 	 2.35408e-06
     4.974 	 3.45907e-06 	 2.29611e-06
     4.975 	 3.58209e-06 	 2.37691e-06
     4.976 	 4.07494e-06 	 2.70329e-06
     4.977 	  4.5317e-06 	 3.00522e-06
     4.978 	 4.74995e-06 	 3.14919e-06
     4.979 	 4.56921e-06 	 3.02862e-06
     4.980 	 4.24588e-06 	 2.81329e-06
     4.981 	 3.85458e-06 	 2.55308e-06
     4.982 	 3.44508e-06 	 2.28127e-06
     4.983 	 3.03477e-06 	 2.00884e-06
     4.984 	 2.63001e-06 	 1.74047e-06
     4.985 	 2.15887e-06 	 1.42816e-06
     4.986 	  1.5308e-06 	 1.01241e-06
     4.987 	 7.90705e-07 	 5.2275e-07
     4.988 	 3.02747e-07 	 2.00101e-07
     4.989 	 5.38213e-08 	 3.55601e-08
     4.990 	 1.47759e-08 	 9.76005e-09
     4.991 	 1.03184e-08 	 6.81315e-09
     4.992 	           0 	        0
     4.993 	           0 	        0
     4.994 	           0 	        0
     4.995 	           0 	        0
     4.996 	 1.74018e-08 	 1.14738e-08
     4.997 	 5.05308e-08 	 3.33086e-08
     4.998 	 1.90005e-07 	 1.25199e-07
     4.999 	 2.20625e-07 	 1.45321e-07
     5.000 	 2.22038e-07 	 1.46213e-07
     5.001 	 2.22038e-07 	 1.46152e-07
     5.002 	 2.22038e-07 	 1.46108e-07
     5.003 	 2.22038e-07 	 1.46046e-07
     5.004 	 2.22038e-07 	 1.45984e-07
     5.005 	 2.22038e-07 	 1.4594e-07
     5.006 	 2.22038e-07 	 1.45878e-07
     5.007 	 2.11805e-07 	 1.39096e-07
     5.008 	 1.55036e-07 	 1.01772e-07
     5.009 	 1.55622e-08 	 1.02125e-08
     5.010 	 1.11388e-08 	 7.30658e-09
     5.011 	 1.24525e-08 	 8.16504e-09
     5.012 	 1.60046e-08 	 1.04912e-08
     5.013 	 1.98946e-08 	 1.30359e-08
     5.014 	 2.04211e-08 	 1.33755e-08
     5.015 	 2.13825e-08 	 1.39996e-08
     5.016 	 2.78219e-08 	 1.82141e-08
     5.017 	 5.10597e-08 	 3.34137e-08
     5.018 	 5.66126e-08 	 3.70325e-08
     5.019 	 5.80731e-08 	 3.79771e-08
     5.020 	  5.8036e-08 	 3.79374e-08
     5.021 	 5.78247e-08 	 3.77839e-08
     5.022 	 5.49717e-08 	 3.59051e-08
     5.023 	 5.13302e-08 	 3.3517e-08
     5.024 	 4.78775e-08 	 3.12497e-08
     5.025 	 4.75989e-08 	 3.10551e-08
     5.026 	 4.64137e-08 	 3.02694e-08
     5.027 	  3.5836e-08 	 2.33614e-08
     5.028 	 1.39579e-08 	 9.09648e-09
     5.029 	 1.08737e-08 	 7.08356e-09
     5.030 	           0 	        0
     5.031 	           0 	        0
     5.032 	           0 	        0
     5.033 	           0 	        0
     5.034 	           0 	        0
     5.035 	           0 	        0
     5.036 	           0 	        0
     5.037 	           0 	        0
     5.038 	           0 	        0
     5.039 	           0 	        0
     5.040 	           0 	        0
     5.041 	           0 	        0
     5.042 	           0 	        0
     5.043 	           0 	        0
     5.044 	           0 	        0
     5.045 	           0 	        0
     5.046 	           0 	        0
     5.047 	           0 	        0
     5.048 	           0 	        0
     5.049 	           0 	        0
     5.050 	           0 	        0
     5.051 	           0 	        0
     5.052 	           0 	        0
     5.053 	           0 	        0
     5.054 	           0 	        0
     5.055 	           0 	        0
     5.056 	           0 	        0
     5.057 	           0 	        0
     5.058 	 1.00065e-08 	 6.44301e-09
     5.059 	 1.00254e-08 	 6.45239e-09
     5.060 	 1.25815e-08 	 8.09399e-09
     5.061 	 2.48161e-08 	 1.59611e-08
     5.062 	 4.51279e-08 	 2.90125e-08
     5.063 	 7.19151e-08 	 4.62137e-08
     5.064 	 1.14527e-07 	 7.35645e-08
     5.065 	 1.80332e-07 	 1.15783e-07
     5.066 	 2.47441e-07 	 1.588e-07
     5.067 	 2.67184e-07 	 1.71416e-07
     5.068 	  2.6996e-07 	 1.73121e-07
     5.069 	 2.70189e-07 	 1.73192e-07
     5.070 	 2.69709e-07 	 1.72808e-07
     5.071 	 2.67125e-07 	 1.71076e-07
     5.072 	 2.58661e-07 	 1.65582e-07
     5.073 	 4.13975e-07 	 2.64889e-07
     5.074 	 7.45326e-07 	 4.76698e-07
     5.075 	 1.04222e-06 	 6.66291e-07
     5.076 	 1.17437e-06 	 7.50438e-07
     5.077 	 1.21608e-06 	 7.76745e-07
     5.078 	  1.2011e-06 	 7.66834e-07
     5.079 	 1.20227e-06 	 7.67237e-07
     5.080 	 1.28802e-06 	 8.2159e-07
     5.081 	 1.74559e-06 	 1.11296e-06
     5.082 	  2.7877e-06 	 1.77659e-06
     5.083 	 4.16106e-06 	 2.65063e-06
     5.084 	 5.13132e-06 	 3.26722e-06
     5.085 	 5.77454e-06 	 3.67511e-06
     5.086 	 6.14376e-06 	 3.90832e-06
     5.087 	 6.73058e-06 	 4.27967e-06
     5.088 	 7.55075e-06 	 4.79842e-06
     5.089 	 8.31513e-06 	 5.28176e-06
     5.090 	 8.52186e-06 	 5.41061e-06
     5.091 	  8.4829e-06 	 5.38341e-06
     5.092 	 7.87641e-06 	 4.99623e-06
     5.093 	 6.77108e-06 	 4.29311e-06
     5.094 	 5.39116e-06 	 3.41663e-06
     5.095 	 4.26887e-06 	 2.70413e-06
     5.096 	 3.48329e-06 	 2.20549e-06
     5.097 	 2.94698e-06 	 1.86505e-06
     5.098 	 2.20272e-06 	 1.39339e-06
     5.099 	 1.28163e-06 	 8.10353e-07
     5.100 	 6.59475e-07 	 4.16697e-07
     5.101 	  4.6676e-07 	 2.9479e-07
     5.102 	 4.11151e-07 	 2.59548e-07
     5.103 	 3.95298e-07 	 2.49394e-07
     5.104 	 3.93406e-07 	 2.48084e-07
     5.105 	 3.90099e-07 	 2.45884e-07
     5.106 	 3.36678e-07 	 2.12112e-07
     5.107 	  1.7312e-07 	 1.09017e-07
     5.108 	  2.9009e-08 	 1.82589e-08
     5.109 	 1.28945e-08 	 8.11226e-09
     5.110 	 1.09356e-08 	 6.87662e-09
     5.111 	  1.0139e-08 	 6.37189e-09
     5.112 	           0 	        0
     5.113 	           0 	        0
     5.114 	 1.06691e-08 	 6.69548e-09
     5.115 	 3.11135e-08 	 1.95162e-08
     5.116 	 1.20496e-07 	 7.5537e-08
     5.117 	 3.86386e-07 	 2.42103e-07
     5.118 	 7.57034e-07 	 4.74117e-07
     5.119 	 9.58906e-07 	 6.00258e-07
     5.120 	 9.94597e-07 	 6.223e-07
     5.121 	 9.95192e-07 	 6.22297e-07
     5.122 	 1.00031e-06 	 6.25196e-07
     5.123 	 1.10581e-06 	 6.90799e-07
     5.124 	 1.36472e-06 	 8.52128e-07
     5.125 	 1.93216e-06 	 1.20585e-06
     5.126 	 2.77534e-06 	 1.73102e-06
     5.127 	 3.31963e-06 	 2.0695e-06
     5.128 	 3.33564e-06 	 2.07846e-06
     5.129 	 3.06193e-06 	 1.90698e-06
     5.130 	 3.04118e-06 	 1.8929e-06
     5.131 	 3.14043e-06 	 1.95377e-06
     5.132 	 3.28308e-06 	 2.04157e-06
     5.133 	 3.52794e-06 	 2.19255e-06
     5.134 	  3.5389e-06 	 2.19833e-06
     5.135 	 3.28726e-06 	 2.04107e-06
     5.136 	 2.72115e-06 	 1.68878e-06
     5.137 	 1.77835e-06 	 1.10301e-06
     5.138 	 1.24056e-06 	 7.69092e-07
     5.139 	 1.01054e-06 	 6.26195e-07
     5.140 	 9.18399e-07 	 5.68761e-07
     5.141 	 8.02742e-07 	 4.96887e-07
     5.142 	 6.71856e-07 	 4.15663e-07
     5.143 	 5.07529e-07 	 3.13801e-07
     5.144 	 2.56812e-07 	 1.58705e-07
     5.145 	 1.28038e-07 	 7.90855e-08
     5.146 	 7.34661e-08 	 4.53496e-08
     5.147 	 7.14458e-08 	 4.40758e-08
     5.148 	 7.05635e-08 	 4.35006e-08
     5.149 	 4.97098e-08 	 3.06256e-08
     5.150 	 2.73415e-08 	 1.68362e-08
     5.151 	 1.06999e-08 	 6.58458e-09
     5.152 	  1.0138e-08 	 6.23563e-09
     5.153 	           0 	        0
     5.154 	           0 	        0
     5.155 	           0 	        0
     5.156 	           0 	        0
     5.157 	           0 	        0
     5.158 	           0 	        0
     5.159 	           0 	        0
     5.160 	 1.06428e-08 	 6.51696e-09
     5.161 	 2.20563e-08 	 1.34989e-08
     5.162 	  5.5014e-08 	 3.36481e-08
     5.163 	 1.25162e-07 	 7.65128e-08
     5.164 	 1.80313e-07 	 1.10156e-07
     5.165 	 2.42634e-07 	 1.48152e-07
     5.166 	  3.2315e-07 	 1.97188e-07
     5.167 	 4.43342e-07 	 2.7039e-07
     5.168 	  6.6511e-07 	 4.05432e-07
     5.169 	 1.03064e-06 	 6.27842e-07
     5.170 	 1.44935e-06 	 8.82447e-07
     5.171 	 1.61442e-06 	 9.82315e-07
     5.172 	 1.65401e-06 	 1.00587e-06
     5.173 	 1.62938e-06 	 9.9025e-07
     5.174 	 1.56425e-06 	 9.50166e-07
     5.175 	 1.50996e-06 	 9.16518e-07
     5.176 	 1.45539e-06 	 8.82817e-07
     5.177 	 1.52485e-06 	 9.2446e-07
     5.178 	 1.72057e-06 	 1.04243e-06
     5.179 	 1.49803e-06 	 9.07121e-07
     5.180 	  1.0893e-06 	 6.59185e-07
     5.181 	  7.2975e-07 	 4.41368e-07
     5.182 	 5.67778e-07 	 3.43178e-07
     5.183 	 5.35255e-07 	 3.23347e-07
     5.184 	 5.22483e-07 	 3.15422e-07
     5.185 	 5.20229e-07 	 3.13893e-07
     5.186 	 5.20177e-07 	 3.13653e-07
     5.187 	 5.07389e-07 	 3.05777e-07
     5.188 	  2.8267e-07 	 1.70237e-07
     5.189 	 2.25646e-08 	 1.35821e-08
     5.190 	 1.09319e-08 	 6.57574e-09
     5.191 	 1.11139e-08 	 6.68159e-09
     5.192 	    5.33e-08 	 3.20221e-08
     5.193 	 1.94603e-07 	 1.16852e-07
     5.194 	 5.80858e-07 	 3.48549e-07
     5.195 	  7.9728e-07 	 4.78153e-07
     5.196 	  9.8879e-07 	 5.92487e-07
     5.197 	 1.20752e-06 	 7.23153e-07
     5.198 	 1.55789e-06 	 9.3235e-07
     5.199 	 2.02307e-06 	 1.21008e-06
     5.200 	 2.56044e-06 	 1.53046e-06
     5.201 	 3.14348e-06 	 1.87793e-06
     5.202 	  3.6617e-06 	 2.1863e-06
     5.203 	 4.03304e-06 	 2.40638e-06
     5.204 	 4.29865e-06 	 2.56343e-06
     5.205 	 4.51715e-06 	 2.69189e-06
     5.206 	 5.37768e-06 	 3.20291e-06
     5.207 	 6.44487e-06 	 3.83637e-06
     5.208 	 7.66744e-06 	 4.56156e-06
     5.209 	  9.0122e-06 	 5.35791e-06
     5.210 	 9.76956e-06 	 5.8049e-06
     5.211 	 1.02485e-05 	 6.08604e-06
     5.212 	 1.06689e-05 	 6.33212e-06
     5.213 	    1.13e-05 	 6.70289e-06
     5.214 	 1.23667e-05 	 7.33147e-06
     5.215 	 1.33512e-05 	 7.90804e-06
     5.216 	 1.41421e-05 	 8.37173e-06
     5.217 	 1.45577e-05 	 8.61284e-06
     5.218 	 1.46171e-05 	 8.64305e-06
     5.219 	  1.4442e-05 	 8.53462e-06
     5.220 	 1.42735e-05 	 8.42936e-06
     5.221 	 1.48125e-05 	 8.74375e-06
     5.222 	 1.60776e-05 	 9.48508e-06
     5.223 	 1.72609e-05 	 1.01773e-05
     5.224 	 1.81322e-05 	 1.06849e-05
     5.225 	 1.84731e-05 	 1.08795e-05
     5.226 	 1.84893e-05 	 1.08827e-05
     5.227 	  1.8335e-05 	 1.07856e-05
     5.228 	 1.80762e-05 	 1.06272e-05
     5.229 	 1.78427e-05 	 1.04838e-05
     5.230 	 1.72574e-05 	 1.0134e-05
     5.231 	 1.61833e-05 	 9.49579e-06
     5.232 	 1.45083e-05 	 8.50798e-06
     5.233 	 1.22416e-05 	 7.17544e-06
     5.234 	 1.01608e-05 	 5.95227e-06
     5.235 	 8.38261e-06 	 4.90771e-06
     5.236 	 7.03966e-06 	 4.11904e-06
     5.237 	 6.57707e-06 	 3.8461e-06
     5.238 	 6.19203e-06 	 3.61879e-06
     5.239 	 5.69447e-06 	 3.32603e-06
     5.240 	 4.81088e-06 	 2.80828e-06
     5.241 	 4.17811e-06 	 2.43746e-06
     5.242 	 3.84264e-06 	 2.24042e-06
     5.243 	  3.7304e-06 	 2.17368e-06
     5.244 	 3.67916e-06 	 2.14254e-06
     5.245 	 3.73698e-06 	 2.17491e-06
     5.246 	 3.87959e-06 	 2.25655e-06
     5.247 	 3.98987e-06 	 2.31883e-06
     5.248 	 3.62773e-06 	 2.1071e-06
     5.249 	 3.47445e-06 	 2.01685e-06
     5.250 	 3.84552e-06 	 2.2309e-06
     5.251 	 4.82271e-06 	 2.79611e-06
     5.252 	 6.25434e-06 	 3.62348e-06
     5.253 	 7.84286e-06 	 4.54103e-06
     5.254 	   9.345e-06 	 5.40748e-06
     5.255 	 1.06202e-05 	 6.14163e-06
     5.256 	 1.13941e-05 	 6.58432e-06
     5.257 	 1.18736e-05 	 6.85721e-06
     5.258 	 1.24173e-05 	 7.16682e-06
     5.259 	 1.32941e-05 	 7.66719e-06
     5.260 	 1.44452e-05 	 8.32596e-06
     5.261 	 1.55573e-05 	 8.96182e-06
     5.262 	 1.65634e-05 	 9.53907e-06
     5.263 	 1.73733e-05 	 1.00018e-05
     5.264 	 1.79111e-05 	 1.03076e-05
     5.265 	 1.87912e-05 	 1.08115e-05
     5.266 	 2.01176e-05 	 1.15704e-05
     5.267 	 2.20765e-05 	 1.26923e-05
     5.268 	   2.408e-05 	 1.38376e-05
     5.269 	 2.58946e-05 	 1.48768e-05
     5.270 	  2.7357e-05 	 1.57112e-05
     5.271 	 2.80363e-05 	 1.60953e-05
     5.272 	 2.79141e-05 	 1.60192e-05
     5.273 	 2.76698e-05 	 1.58731e-05
     5.274 	 2.75167e-05 	 1.57763e-05
     5.275 	 2.77624e-05 	 1.59112e-05
     5.276 	 2.77731e-05 	 1.59095e-05
     5.277 	 2.74476e-05 	 1.57172e-05
     5.278 	 2.67615e-05 	 1.53186e-05
     5.279 	 2.59394e-05 	 1.48406e-05
     5.280 	  2.5078e-05 	 1.43406e-05
     5.281 	 2.46045e-05 	 1.40646e-05
     5.282 	 2.48166e-05 	 1.41788e-05
     5.283 	 2.64133e-05 	 1.50835e-05
     5.284 	 2.77465e-05 	 1.58369e-05
     5.285 	 2.86666e-05 	 1.63539e-05
     5.286 	 2.90036e-05 	 1.65378e-05
     5.287 	 2.86738e-05 	 1.63383e-05
     5.288 	 2.81196e-05 	 1.60144e-05
     5.289 	 2.74492e-05 	 1.56248e-05
     5.290 	 2.67988e-05 	 1.52489e-05
     5.291 	 2.62441e-05 	 1.49258e-05
     5.292 	 2.52777e-05 	 1.43708e-05
     5.293 	 2.37714e-05 	 1.35076e-05
     5.294 	 2.14729e-05 	 1.2197e-05
     5.295 	 1.95661e-05 	 1.11083e-05
     5.296 	 1.81146e-05 	 1.02777e-05
     5.297 	 1.72179e-05 	 9.76279e-06
     5.298 	 1.72418e-05 	 9.77013e-06
     5.299 	 1.83699e-05 	 1.04001e-05
     5.300 	 1.98427e-05 	 1.12216e-05
     5.301 	 2.13884e-05 	 1.20818e-05
     5.302 	 2.26164e-05 	 1.27607e-05
     5.303 	 2.41109e-05 	 1.35847e-05
     5.304 	 2.58619e-05 	 1.45487e-05
     5.305 	 2.78712e-05 	 1.56507e-05
     5.306 	  3.0042e-05 	 1.6839e-05
     5.307 	  3.2304e-05 	 1.80669e-05
     5.308 	  3.4336e-05 	 1.91589e-05
     5.309 	 3.58842e-05 	 1.99705e-05
     5.310 	 3.61439e-05 	 2.00571e-05
     5.311 	 3.63675e-05 	 2.01201e-05
     5.312 	  3.6789e-05 	 2.02821e-05
     5.313 	 3.76953e-05 	 2.07075e-05
     5.314 	 3.86234e-05 	 2.11356e-05
     5.315 	 3.94063e-05 	 2.14778e-05
     5.316 	 3.98502e-05 	 2.16266e-05
     5.317 	 3.95817e-05 	 2.13855e-05
     5.318 	 3.83289e-05 	 2.06107e-05
     5.319 	 3.70811e-05 	 1.98422e-05
     5.320 	 3.60241e-05 	 1.91793e-05
     5.321 	 3.53751e-05 	 1.8733e-05
     5.322 	 3.45053e-05 	 1.81716e-05
     5.323 	 3.32895e-05 	 1.7428e-05
     5.324 	 3.16644e-05 	 1.64801e-05
     5.325 	 2.94567e-05 	 1.52364e-05
     5.326 	 2.68103e-05 	 1.37814e-05
     5.327 	 2.43622e-05 	 1.24411e-05
     5.328 	 2.24196e-05 	 1.13737e-05
     5.329 	 2.16484e-05 	 1.09081e-05
     5.330 	 2.17236e-05 	 1.08682e-05
     5.331 	  2.2166e-05 	 1.10085e-05
     5.332 	 2.27177e-05 	 1.11995e-05
     5.333 	 2.31304e-05 	 1.13168e-05
     5.334 	 2.32822e-05 	 1.12986e-05
     5.335 	 2.35202e-05 	 1.1323e-05
     5.336 	 2.41554e-05 	 1.15334e-05
     5.337 	 2.59275e-05 	 1.22772e-05
     5.338 	 2.79355e-05 	 1.31137e-05
     5.339 	 2.99053e-05 	 1.39182e-05
     5.340 	 3.14579e-05 	 1.45097e-05
     5.341 	 3.20188e-05 	 1.4635e-05
     5.342 	 3.22814e-05 	 1.46182e-05
     5.343 	 3.24869e-05 	 1.45711e-05
     5.344 	 3.30474e-05 	 1.46785e-05
     5.345 	 3.48582e-05 	 1.53293e-05
     5.346 	 3.71316e-05 	 1.61663e-05
     5.347 	 3.94963e-05 	 1.70226e-05
     5.348 	 4.10848e-05 	 1.7524e-05
     5.349 	 4.20139e-05 	 1.7733e-05
     5.350 	 4.25669e-05 	 1.77766e-05
     5.351 	 4.28483e-05 	 1.7703e-05
     5.352 	 4.30684e-05 	 1.75988e-05
     5.353 	 4.38185e-05 	 1.77066e-05
     5.354 	  4.4805e-05 	 1.79022e-05
     5.355 	 4.58103e-05 	 1.80928e-05
     5.356 	 4.55915e-05 	 1.77961e-05
     5.357 	 4.46913e-05 	 1.72389e-05
     5.358 	 4.35595e-05 	 1.66049e-05
     5.359 	 4.24924e-05 	 1.60025e-05
     5.360 	 4.17074e-05 	 1.55178e-05
     5.361 	 4.16428e-05 	 1.53019e-05
     5.362 	 4.21988e-05 	 1.5315e-05
     5.363 	 4.33206e-05 	 1.55257e-05
     5.364 	 4.36199e-05 	 1.54352e-05
     5.365 	 4.34684e-05 	 1.51846e-05
     5.366 	 4.31764e-05 	 1.48839e-05
     5.367 	 4.32433e-05 	 1.47141e-05
     5.368 	 4.37061e-05 	 1.46766e-05
     5.369 	 4.45807e-05 	 1.47715e-05
     5.370 	 4.58909e-05 	 1.50043e-05
     5.371 	 4.77418e-05 	 1.54001e-05
     5.372 	 4.88293e-05 	 1.55403e-05
     5.373 	 4.92958e-05 	 1.54761e-05
     5.374 	 4.93418e-05 	 1.52777e-05
     5.375 	 4.97328e-05 	 1.51879e-05
     5.376 	 5.05455e-05 	 1.52254e-05
     5.377 	 5.15804e-05 	 1.53175e-05
     5.378 	 5.27873e-05 	 1.54599e-05
     5.379 	 5.42564e-05 	 1.56681e-05
     5.380 	 5.52498e-05 	 1.57369e-05
     5.381 	 5.56828e-05 	 1.56364e-05
     5.382 	 5.55185e-05 	 1.53751e-05
     5.383 	 5.55951e-05 	 1.51809e-05
     5.384 	 5.59813e-05 	 1.50777e-05
     5.385 	 5.64805e-05 	 1.50017e-05
     5.386 	 5.69339e-05 	 1.4914e-05
     5.387 	 5.70759e-05 	 1.47437e-05
     5.388 	 5.68836e-05 	 1.44945e-05
     5.389 	 5.62991e-05 	 1.41563e-05
     5.390 	 5.52088e-05 	 1.37005e-05
     5.391 	 5.43952e-05 	 1.33237e-05
     5.392 	 5.43342e-05 	 1.31381e-05
     5.393 	 5.49745e-05 	 1.31242e-05
     5.394 	 5.62084e-05 	 1.32544e-05
     5.395 	 5.74539e-05 	 1.33802e-05
     5.396 	 5.86478e-05 	 1.34953e-05
     5.397 	 5.96665e-05 	 1.35613e-05
     5.398 	 6.01066e-05 	 1.34988e-05
     5.399 	 6.02483e-05 	 1.33722e-05
     5.400 	 6.05162e-05 	 1.32769e-05
     5.401 	 6.09818e-05 	 1.3223e-05
     5.402 	 6.14086e-05 	 1.31675e-05
     5.403 	 6.11106e-05 	 1.29518e-05
     5.404 	 6.02499e-05 	 1.2624e-05
     5.405 	  5.8909e-05 	 1.22054e-05
     5.406 	 5.75744e-05 	 1.179e-05
     5.407 	 5.64267e-05 	 1.14207e-05
     5.408 	  5.5934e-05 	 1.1189e-05
     5.409 	  5.6462e-05 	 1.11626e-05
     5.410 	 5.85718e-05 	 1.14385e-05
     5.411 	 6.07888e-05 	 1.17293e-05
     5.412 	 6.30404e-05 	 1.20118e-05
     5.413 	  6.5249e-05 	 1.22801e-05
     5.414 	 6.75961e-05 	 1.25588e-05
     5.415 	 7.00395e-05 	 1.28439e-05
     5.416 	 7.25765e-05 	 1.31341e-05
     5.417 	 7.52153e-05 	 1.34275e-05
     5.418 	 7.81691e-05 	 1.37664e-05
     5.419 	 8.07216e-05 	 1.40213e-05
     5.420 	 8.26242e-05 	 1.41586e-05
     5.421 	 8.33493e-05 	 1.40819e-05
     5.422 	 8.38443e-05 	 1.39634e-05
     5.423 	 8.45468e-05 	 1.38827e-05
     5.424 	 8.55945e-05 	 1.38546e-05
     5.425 	 8.72241e-05 	 1.39145e-05
     5.426 	 8.98888e-05 	 1.41265e-05
     5.427 	 9.32059e-05 	 1.44299e-05
     5.428 	 9.69611e-05 	 1.47846e-05
     5.429 	 0.000100321 	 1.50624e-05
     5.430 	 0.000103763 	 1.53441e-05
     5.431 	 0.000107624 	 1.56636e-05
     5.432 	 0.000112095 	 1.60603e-05
     5.433 	 0.000117164 	 1.65213e-05
     5.434 	 0.000122614 	 1.7012e-05
     5.435 	 0.000128385 	 1.75219e-05
     5.436 	 0.000134447 	 1.80411e-05
     5.437 	 0.000139662 	 1.84347e-05
     5.438 	 0.000144327 	 1.87325e-05
     5.439 	 0.000148951 	 1.89952e-05
     5.440 	 0.000154207 	 1.93275e-05
     5.441 	 0.000160534 	 1.97805e-05
     5.442 	 0.000167448 	 2.02655e-05
     5.443 	 0.000174958 	 2.08038e-05
     5.444 	 0.000183212 	 2.1397e-05
     5.445 	 0.000191752 	 2.1984e-05
     5.446 	 0.000200287 	 2.2538e-05
     5.447 	 0.000209017 	 2.30777e-05
     5.448 	 0.000218736 	 2.37034e-05
     5.449 	 0.000230377 	 2.44938e-05
     5.450 	  0.00024331 	 2.53711e-05
     5.451 	 0.000257455 	 2.63387e-05
     5.452 	 0.000273083 	 2.73987e-05
     5.453 	 0.000290055 	 2.85294e-05
     5.454 	 0.000307823 	 2.96699e-05
     5.455 	 0.000326256 	 3.08207e-05
     5.456 	 0.000345949 	 3.20241e-05
     5.457 	  0.00036739 	 3.3311e-05
     5.458 	 0.000390287 	 3.46462e-05
     5.459 	 0.000414496 	 3.60383e-05
     5.460 	 0.000439271 	 3.73903e-05
     5.461 	 0.000464357 	 3.87116e-05
     5.462 	 0.000489604 	 3.9958e-05
     5.463 	 0.000514871 	 4.11176e-05
     5.464 	 0.000540095 	 4.21769e-05
     5.465 	 0.000566172 	 4.32618e-05
     5.466 	 0.000593287 	 4.43372e-05
     5.467 	  0.00062178 	 4.54675e-05
     5.468 	  0.00065111 	 4.65613e-05
     5.469 	 0.000680707 	 4.75847e-05
     5.470 	 0.000710602 	 4.85328e-05
     5.471 	 0.000741063 	 4.94768e-05
     5.472 	 0.000771548 	 5.03851e-05
     5.473 	 0.000802254 	 5.12185e-05
     5.474 	 0.000833213 	 5.19674e-05
     5.475 	 0.000864421 	 5.26521e-05
     5.476 	  0.00089519 	 5.32842e-05
     5.477 	 0.000924409 	 5.38083e-05
     5.478 	 0.000951571 	 5.41393e-05
     5.479 	  0.00097608 	 5.42507e-05
     5.480 	 0.000997704 	 5.42139e-05
     5.481 	  0.00101688 	 5.39943e-05
     5.482 	  0.00103365 	 5.36014e-05
     5.483 	  0.00104712 	 5.31419e-05
     5.484 	  0.00105804 	 5.24608e-05
     5.485 	  0.00106606 	 5.16908e-05
     5.486 	  0.00107076 	 5.0824e-05
     5.487 	  0.00106955 	 4.96739e-05
     5.488 	  0.00106542 	 4.83928e-05
     5.489 	  0.00105821 	 4.70615e-05
     5.490 	  0.00104745 	 4.55885e-05
     5.491 	  0.00103312 	 4.40601e-05
     5.492 	  0.00101643 	 4.2523e-05
     5.493 	 0.000997468 	 4.09293e-05
     5.494 	 0.000975989 	 3.93359e-05
     5.495 	 0.000951129 	 3.76393e-05
     5.496 	 0.000924761 	 3.59887e-05
     5.497 	 0.000897414 	 3.43317e-05
     5.498 	 0.000869942 	 3.27089e-05
     5.499 	           0 	        0
     5.500 	           0 	        0
