Wavelength 	 FilterTrans 	      PCE
     0.500 	           0 	        0
     0.501 	           0 	        0
     0.502 	 4.77507e-05 	 5.02177e-06
     0.503 	 2.95831e-05 	 3.12736e-06
     0.504 	 5.66107e-05 	 6.01614e-06
     0.505 	 7.61552e-06 	 8.13584e-07
     0.506 	 3.51606e-05 	 3.77572e-06
     0.507 	 7.82389e-05 	 8.44498e-06
     0.508 	 2.46304e-05 	 2.67297e-06
     0.509 	 4.90328e-05 	 5.35034e-06
     0.510 	 3.39538e-05 	 3.72589e-06
     0.511 	 8.99456e-06 	 9.92337e-07
     0.512 	 0.000168043 	 1.86428e-05
     0.513 	 0.000150086 	 1.6751e-05
     0.514 	 5.03128e-05 	 5.64691e-06
     0.515 	 8.54766e-05 	 9.64861e-06
     0.516 	 0.000158874 	 1.8042e-05
     0.517 	 0.000146209 	 1.67025e-05
     0.518 	  0.00010786 	 1.23974e-05
     0.519 	 0.000111117 	 1.28482e-05
     0.520 	 0.000174405 	 2.02889e-05
     0.521 	 0.000144796 	 1.69446e-05
     0.522 	 2.01046e-05 	 2.36807e-06
     0.523 	 4.18156e-05 	 4.95727e-06
     0.524 	 4.90749e-05 	 5.85285e-06
     0.525 	 2.68139e-05 	 3.21855e-06
     0.526 	 3.72029e-05 	 4.49495e-06
     0.527 	 3.49498e-05 	 4.25091e-06
     0.528 	 2.89176e-05 	 3.53992e-06
     0.529 	 7.01126e-05 	 8.63751e-06
     0.530 	 8.29394e-05 	 1.02886e-05
     0.531 	 3.20235e-06 	 3.99954e-07
     0.532 	 2.05434e-05 	 2.58304e-06
     0.533 	 4.49918e-05 	 5.69534e-06
     0.534 	 7.97869e-05 	 1.01695e-05
     0.535 	 2.64742e-05 	 3.39707e-06
     0.536 	 4.67599e-05 	 6.0426e-06
     0.537 	  0.00014519 	 1.88879e-05
     0.538 	 0.000125507 	 1.64444e-05
     0.539 	 9.12035e-05 	 1.20361e-05
     0.540 	 0.000122346 	 1.62591e-05
     0.541 	 7.44976e-05 	 9.97068e-06
     0.542 	  5.5681e-05 	 7.50566e-06
     0.543 	 2.42901e-05 	 3.29859e-06
     0.544 	 1.00952e-05 	 1.3805e-06
     0.545 	 4.91507e-05 	 6.77133e-06
     0.546 	 2.18329e-05 	 3.02949e-06
     0.547 	 1.51101e-05 	 2.1118e-06
     0.548 	 1.34298e-05 	 1.89082e-06
     0.549 	 1.15183e-05 	 1.63364e-06
     0.550 	 5.92434e-05 	 8.46529e-06
     0.551 	  3.5428e-05 	 5.10133e-06
     0.552 	  5.0247e-05 	 7.28855e-06
     0.553 	  4.6653e-05 	 6.81757e-06
     0.554 	 7.62721e-05 	 1.1231e-05
     0.555 	 0.000151318 	 2.24525e-05
     0.556 	 0.000161149 	 2.40959e-05
     0.557 	 8.06902e-05 	 1.21572e-05
     0.558 	  7.9341e-05 	 1.20442e-05
     0.559 	 0.000144173 	 2.20546e-05
     0.560 	 0.000201957 	 3.11275e-05
     0.561 	 0.000155981 	 2.42332e-05
     0.562 	 7.86361e-05 	 1.23105e-05
     0.563 	 0.000136529 	 2.15417e-05
     0.564 	 0.000105182 	 1.67222e-05
     0.565 	 9.49847e-06 	 1.52209e-06
     0.566 	 4.34514e-05 	 7.01718e-06
     0.567 	 5.90523e-05 	 9.6131e-06
     0.568 	 3.05399e-05 	 5.01039e-06
     0.569 	  3.5656e-06 	 5.89566e-07
     0.570 	 7.59334e-05 	 1.26536e-05
     0.571 	 4.07717e-06 	 6.84905e-07
     0.572 	  3.5239e-05 	 5.9664e-06
     0.573 	 1.22333e-05 	 2.08811e-06
     0.574 	 2.00894e-05 	 3.45513e-06
     0.575 	 2.59825e-05 	 4.50483e-06
     0.576 	 6.51436e-05 	 1.13858e-05
     0.577 	 0.000124539 	 2.19347e-05
     0.578 	 9.98129e-05 	 1.77197e-05
     0.579 	 6.84594e-05 	 1.22492e-05
     0.580 	 0.000118303 	 2.13363e-05
     0.581 	 0.000154801 	 2.81413e-05
     0.582 	 0.000110755 	 2.02984e-05
     0.583 	 0.000148854 	 2.7497e-05
     0.584 	  0.00016976 	 3.16085e-05
     0.585 	 7.54162e-05 	 1.41573e-05
     0.586 	 1.45133e-05 	 2.74552e-06
     0.587 	 3.79038e-06 	 7.22925e-07
     0.588 	 1.58985e-05 	 3.05592e-06
     0.589 	 1.37199e-05 	 2.65819e-06
     0.590 	  3.2724e-05 	 6.39097e-06
     0.591 	 5.75429e-05 	 1.1326e-05
     0.592 	 4.49936e-05 	 8.92614e-06
     0.593 	 2.07552e-05 	 4.15086e-06
     0.594 	 8.36683e-05 	 1.68658e-05
     0.595 	 0.000131618 	 2.67447e-05
     0.596 	 3.64843e-05 	 7.47077e-06
     0.597 	 3.47944e-05 	 7.18076e-06
     0.598 	 0.000195675 	 4.07047e-05
     0.599 	 0.000220686 	 4.62807e-05
     0.600 	 8.01257e-05 	 1.69344e-05
     0.601 	 9.49762e-05 	 2.0469e-05
     0.602 	 0.000227445 	 4.99684e-05
     0.603 	 0.000174255 	 3.90352e-05
     0.604 	 5.76996e-05 	 1.31734e-05
     0.605 	 6.73001e-05 	 1.56588e-05
     0.606 	 0.000120624 	 2.86044e-05
     0.607 	 7.83236e-05 	 1.89214e-05
     0.608 	 4.37922e-05 	 1.07774e-05
     0.609 	 1.46521e-05 	 3.67246e-06
     0.610 	 3.83082e-05 	 9.77989e-06
     0.611 	 3.84217e-05 	 9.97499e-06
     0.612 	 4.35455e-05 	 1.14955e-05
     0.613 	 1.95016e-05 	 5.2343e-06
     0.614 	 2.24743e-05 	 6.13353e-06
     0.615 	 5.11442e-06 	 1.41909e-06
     0.616 	 6.35863e-05 	 1.79286e-05
     0.617 	 9.37084e-05 	 2.68576e-05
     0.618 	 7.88596e-05 	 2.29656e-05
     0.619 	  7.6144e-05 	 2.25335e-05
     0.620 	 0.000153892 	 4.62794e-05
     0.621 	 0.000172148 	 5.25341e-05
     0.622 	 8.98041e-05 	 2.7813e-05
     0.623 	 7.15008e-05 	 2.24654e-05
     0.624 	 0.000165787 	 5.28661e-05
     0.625 	 0.000180389 	 5.83579e-05
     0.626 	 6.49374e-05 	 2.13104e-05
     0.627 	 9.32424e-05 	 3.10411e-05
     0.628 	  0.00018477 	 6.23811e-05
     0.629 	  6.7352e-05 	 2.30642e-05
     0.630 	 1.95623e-05 	 6.79273e-06
     0.631 	  7.2524e-05 	 2.55174e-05
     0.632 	 7.82073e-05 	 2.78733e-05
     0.633 	 9.22572e-05 	 3.33062e-05
     0.634 	 0.000160942 	 5.88647e-05
     0.635 	 0.000140642 	 5.20913e-05
     0.636 	 6.96825e-05 	 2.61406e-05
     0.637 	 0.000129764 	 4.93012e-05
     0.638 	 0.000241563 	 9.29352e-05
     0.639 	 0.000171663 	 6.68654e-05
     0.640 	 7.91472e-05 	 3.12113e-05
     0.641 	 0.000146086 	 5.83092e-05
     0.642 	 0.000194094 	 7.84099e-05
     0.643 	 0.000110569 	 4.52096e-05
     0.644 	  3.9295e-05 	 1.62601e-05
     0.645 	 0.000130831 	 5.47795e-05
     0.646 	  0.00017803 	 7.54312e-05
     0.647 	 8.67337e-05 	 3.71737e-05
     0.648 	 1.85166e-05 	 8.0301e-06
     0.649 	 3.82951e-05 	 1.68013e-05
     0.650 	 1.58062e-05 	 7.01392e-06
     0.651 	 4.52868e-05 	 2.03156e-05
     0.652 	 3.90335e-05 	 1.76995e-05
     0.653 	 2.51093e-05 	 1.15075e-05
     0.654 	 6.26558e-05 	 2.90199e-05
     0.655 	 6.20115e-06 	 2.90254e-06
     0.656 	 6.04409e-05 	 2.85868e-05
     0.657 	 0.000137527 	 6.57297e-05
     0.658 	 0.000144057 	 6.95721e-05
     0.659 	 0.000104734 	 5.11034e-05
     0.660 	 0.000162049 	 7.98661e-05
     0.661 	 0.000180484 	 8.97584e-05
     0.662 	 8.23992e-05 	 4.13387e-05
     0.663 	 6.43955e-05 	 3.25978e-05
     0.664 	 0.000194244 	 9.91876e-05
     0.665 	  0.00017553 	 9.04019e-05
     0.666 	 4.07178e-05 	 2.11528e-05
     0.667 	 0.000108491 	 5.6849e-05
     0.668 	 0.000263119 	 0.000139023
     0.669 	 8.90363e-05 	 4.74437e-05
     0.670 	 8.56868e-05 	 4.60396e-05
     0.671 	 6.16556e-05 	 3.34043e-05
     0.672 	 0.000167936 	 9.17359e-05
     0.673 	  1.0211e-05 	 5.62271e-06
     0.674 	 1.50269e-05 	 8.34196e-06
     0.675 	 1.29595e-05 	 7.25052e-06
     0.676 	 1.59913e-05 	 9.01918e-06
     0.677 	 1.65649e-05 	 9.41669e-06
     0.678 	 4.70003e-05 	 2.6924e-05
     0.679 	 7.04576e-05 	 4.06739e-05
     0.680 	  2.2889e-05 	 1.3313e-05
     0.681 	 2.30239e-05 	 1.34827e-05
     0.682 	 3.81276e-05 	 2.24761e-05
     0.683 	 6.72834e-05 	 3.99299e-05
     0.684 	 6.46715e-06 	 3.86301e-06
     0.685 	 4.94824e-05 	 2.97496e-05
     0.686 	 8.99209e-05 	 5.44129e-05
     0.687 	 0.000127668 	 7.77467e-05
     0.688 	 1.97686e-05 	 1.21165e-05
     0.689 	  3.3609e-05 	 2.07214e-05
     0.690 	 0.000198042 	 0.000122845
     0.691 	 0.000117394 	 7.32237e-05
     0.692 	 2.27209e-05 	 1.42491e-05
     0.693 	 6.44884e-05 	 4.06698e-05
     0.694 	 0.000120986 	 7.66951e-05
     0.695 	 4.47049e-05 	 2.84856e-05
     0.696 	 1.46088e-05 	 9.35659e-06
     0.697 	 7.10457e-05 	 4.57323e-05
     0.698 	  8.6672e-05 	 5.60778e-05
     0.699 	 6.90432e-05 	 4.48832e-05
     0.700 	 0.000109616 	 7.16061e-05
     0.701 	 0.000122303 	 8.02616e-05
     0.702 	 5.81061e-05 	 3.83142e-05
     0.703 	  8.3941e-05 	 5.56031e-05
     0.704 	 0.000109908 	 7.31248e-05
     0.705 	 4.80752e-05 	 3.21243e-05
     0.706 	 1.04834e-05 	 7.03509e-06
     0.707 	  3.7138e-05 	 2.50237e-05
     0.708 	 4.53481e-05 	 3.06863e-05
     0.709 	 7.24586e-05 	 4.92252e-05
     0.710 	 2.25832e-05 	 1.54036e-05
     0.711 	 6.17533e-06 	 4.228e-06
     0.712 	 7.07206e-05 	 4.85934e-05
     0.713 	 9.50671e-05 	 6.55452e-05
     0.714 	 4.62631e-05 	 3.20054e-05
     0.715 	 6.01558e-05 	 4.17558e-05
     0.716 	 0.000111208 	 7.74464e-05
     0.717 	 5.55961e-05 	 3.88449e-05
     0.718 	 2.35407e-05 	 1.64979e-05
     0.719 	 2.90636e-05 	 2.04329e-05
     0.720 	 5.70189e-05 	 4.02083e-05
     0.721 	 9.32039e-05 	 6.59109e-05
     0.722 	 0.000110904 	 7.86309e-05
     0.723 	 6.86856e-05 	 4.88355e-05
     0.724 	 2.98676e-05 	 2.12907e-05
     0.725 	 0.000123882 	 8.85558e-05
     0.726 	 0.000184958 	 0.000132527
     0.727 	 9.05289e-05 	 6.50329e-05
     0.728 	 6.18799e-05 	 4.45494e-05
     0.729 	 0.000170823 	 0.000123283
     0.730 	  0.00014061 	 0.00010168
     0.731 	 3.74926e-05 	 2.71764e-05
     0.732 	 7.57917e-05 	 5.50465e-05
     0.733 	 0.000114189 	 8.31017e-05
     0.734 	 3.59555e-05 	 2.62107e-05
     0.735 	 5.14025e-05 	 3.75447e-05
     0.736 	 0.000110271 	 8.06959e-05
     0.737 	  4.8646e-05 	 3.56565e-05
     0.738 	 1.75888e-05 	 1.29137e-05
     0.739 	  3.2667e-05 	 2.40228e-05
     0.740 	 4.88836e-05 	 3.59999e-05
     0.741 	 4.27229e-05 	 3.15068e-05
     0.742 	 8.11982e-05 	 5.99671e-05
     0.743 	 9.32475e-05 	 6.89457e-05
     0.744 	 3.59377e-05 	 2.66086e-05
     0.745 	 3.57491e-05 	 2.64948e-05
     0.746 	 5.62872e-05 	 4.17596e-05
     0.747 	 4.69131e-05 	 3.48412e-05
     0.748 	 4.73247e-05 	 3.51808e-05
     0.749 	 0.000101629 	 7.56202e-05
     0.750 	 7.08886e-05 	 5.2801e-05
     0.751 	 5.14761e-05 	 3.83402e-05
     0.752 	   0.0001496 	 0.000111457
     0.753 	 0.000195984 	 0.000146009
     0.754 	 7.17463e-05 	 5.34614e-05
     0.755 	 2.92656e-05 	 2.1807e-05
     0.756 	 7.49405e-05 	 5.58323e-05
     0.757 	 0.000112737 	 8.39781e-05
     0.758 	 8.98447e-05 	 6.69147e-05
     0.759 	 3.21538e-05 	 2.39453e-05
     0.760 	 2.14391e-05 	 1.59615e-05
     0.761 	 5.51744e-05 	 4.10567e-05
     0.762 	 6.56669e-05 	 4.88558e-05
     0.763 	 6.68376e-06 	 4.97127e-06
     0.764 	 3.38806e-05 	 2.5184e-05
     0.765 	 2.10702e-05 	 1.56573e-05
     0.766 	 3.12051e-05 	 2.31731e-05
     0.767 	   1.337e-05 	 9.92122e-06
     0.768 	 2.13428e-06 	 1.58274e-06
     0.769 	 1.66386e-06 	 1.23304e-06
     0.770 	 5.28489e-06 	 3.91444e-06
     0.771 	 1.37879e-05 	 1.02094e-05
     0.772 	 6.12487e-05 	 4.53416e-05
     0.773 	 4.18639e-05 	 3.09782e-05
     0.774 	 4.80431e-06 	 3.55237e-06
     0.775 	 4.17826e-05 	 3.08835e-05
     0.776 	 5.95624e-05 	 4.40064e-05
     0.777 	 6.23841e-05 	 4.60743e-05
     0.778 	 2.87885e-05 	 2.1248e-05
     0.779 	 1.67718e-05 	 1.237e-05
     0.780 	 9.43893e-05 	 6.95903e-05
     0.781 	 0.000102822 	 7.57279e-05
     0.782 	 5.40716e-05 	 3.97937e-05
     0.783 	 8.82713e-06 	 6.49165e-06
     0.784 	  4.4264e-05 	 3.25204e-05
     0.785 	  9.9675e-05 	 7.3175e-05
     0.786 	 4.64902e-06 	 3.4096e-06
     0.787 	 6.39065e-05 	 4.68296e-05
     0.788 	 6.96205e-05 	 5.09601e-05
     0.789 	 0.000104616 	 7.65159e-05
     0.790 	  2.2756e-05 	 1.66249e-05
     0.791 	 2.37693e-05 	 1.73493e-05
     0.792 	 5.71623e-05 	 4.16716e-05
     0.793 	 4.86474e-05 	 3.54352e-05
     0.794 	 3.88445e-05 	 2.82587e-05
     0.795 	  5.5728e-05 	 4.05077e-05
     0.796 	 1.14755e-05 	 8.33154e-06
     0.797 	 3.35707e-05 	 2.43475e-05
     0.798 	 2.18956e-05 	 1.58612e-05
     0.799 	 1.10196e-05 	 7.97498e-06
     0.800 	 7.98882e-05 	 5.77601e-05
     0.801 	 8.14715e-05 	 5.88519e-05
     0.802 	 8.71887e-05 	 6.29392e-05
     0.803 	 7.71947e-05 	 5.56803e-05
     0.804 	 2.90028e-05 	 2.09043e-05
     0.805 	 2.57059e-05 	 1.85172e-05
     0.806 	 1.43355e-05 	 1.03171e-05
     0.807 	 2.68711e-05 	 1.93274e-05
     0.808 	 5.46723e-05 	 3.92873e-05
     0.809 	 7.09729e-06 	 5.09508e-06
     0.810 	 4.63683e-06 	 3.32673e-06
     0.811 	 9.54204e-05 	 6.83852e-05
     0.812 	 9.57192e-05 	 6.85395e-05
     0.813 	 8.14771e-06 	 5.82875e-06
     0.814 	 1.89508e-05 	 1.35421e-05
     0.815 	 4.83779e-06 	 3.45346e-06
     0.816 	 2.56432e-05 	 1.82911e-05
     0.817 	 0.000130842 	 9.32241e-05
     0.818 	 0.000140837 	 0.00010024
     0.819 	 4.56086e-05 	 3.24285e-05
     0.820 	 7.40971e-05 	 5.26352e-05
     0.821 	  0.00016817 	 0.00011933
     0.822 	 0.000120769 	 8.56068e-05
     0.823 	 2.32983e-05 	 1.65005e-05
     0.824 	 3.45724e-05 	 2.44628e-05
     0.825 	 4.01406e-05 	 2.83712e-05
     0.826 	 5.11044e-05 	 3.60871e-05
     0.827 	 4.85012e-05 	 3.42174e-05
     0.828 	 6.71031e-06 	 4.72986e-06
     0.829 	 1.35942e-05 	 9.57438e-06
     0.830 	 3.51332e-05 	 2.47212e-05
     0.831 	 1.41013e-05 	 9.91022e-06
     0.832 	 8.79233e-05 	 6.17268e-05
     0.833 	 5.33872e-05 	 3.74459e-05
     0.834 	 3.91111e-05 	 2.74101e-05
     0.835 	 2.03597e-05 	 1.42511e-05
     0.836 	 1.12005e-05 	 7.83366e-06
     0.837 	 2.95808e-05 	 2.06695e-05
     0.838 	 2.28784e-05 	 1.59696e-05
     0.839 	 3.53478e-06 	 2.46535e-06
     0.840 	 6.81576e-05 	 4.74979e-05
     0.841 	 5.43659e-05 	 3.78422e-05
     0.842 	 6.36819e-05 	 4.42936e-05
     0.843 	  0.00015112 	 0.000105019
     0.844 	 0.000167833 	 0.000116545
     0.845 	 4.94267e-05 	 3.42889e-05
     0.846 	 6.41601e-05 	 4.4476e-05
     0.847 	 6.40394e-05 	 4.43543e-05
     0.848 	 1.36641e-05 	 9.45787e-06
     0.849 	 5.22724e-06 	 3.61502e-06
     0.850 	 8.90755e-05 	 6.1549e-05
     0.851 	 9.71489e-05 	 6.70974e-05
     0.852 	 6.71253e-05 	 4.63264e-05
     0.853 	 5.86622e-05 	 4.04553e-05
     0.854 	 9.99831e-05 	 6.8915e-05
     0.855 	 4.49409e-05 	 3.0957e-05
     0.856 	 6.33006e-05 	 4.35766e-05
     0.857 	 8.11325e-05 	 5.58172e-05
     0.858 	 7.56383e-05 	 5.20153e-05
     0.859 	 8.06293e-05 	 5.54191e-05
     0.860 	 8.88664e-05 	 6.10502e-05
     0.861 	 6.30345e-05 	 4.32835e-05
     0.862 	 5.51073e-05 	 3.78201e-05
     0.863 	 6.11808e-05 	 4.19684e-05
     0.864 	 9.64611e-05 	 6.61381e-05
     0.865 	 7.97244e-05 	 5.465e-05
     0.866 	 8.01964e-05 	 5.4958e-05
     0.867 	 7.70192e-05 	 5.27657e-05
     0.868 	 8.03982e-05 	 5.50692e-05
     0.869 	 9.93002e-05 	 6.79897e-05
     0.870 	 4.76928e-05 	 3.26478e-05
     0.871 	 8.23495e-05 	 5.6352e-05
     0.872 	  7.9001e-05 	 5.40456e-05
     0.873 	 5.14115e-05 	 3.51588e-05
     0.874 	 4.07353e-05 	 2.78498e-05
     0.875 	 3.03929e-05 	 2.07694e-05
     0.876 	 5.52332e-05 	 3.77372e-05
     0.877 	 8.40682e-05 	 5.74228e-05
     0.878 	 8.36021e-05 	 5.70934e-05
     0.879 	 8.63062e-05 	 5.89112e-05
     0.880 	 4.24472e-05 	 2.89652e-05
     0.881 	 4.29573e-05 	 2.93115e-05
     0.882 	  6.7068e-05 	 4.57572e-05
     0.883 	 5.39484e-05 	 3.67977e-05
     0.884 	 0.000117465 	 8.00769e-05
     0.885 	 3.28907e-06 	 2.24149e-06
     0.886 	 6.14626e-05 	 4.18767e-05
     0.887 	 6.70649e-05 	 4.56829e-05
     0.888 	 6.04264e-05 	 4.11345e-05
     0.889 	 0.000101251 	 6.89089e-05
     0.890 	 8.65033e-05 	 5.8858e-05
     0.891 	  2.9442e-05 	 2.00209e-05
     0.892 	 8.09851e-05 	 5.50405e-05
     0.893 	 9.69808e-05 	 6.58874e-05
     0.894 	 9.52022e-05 	 6.46408e-05
     0.895 	 4.93977e-05 	 3.35242e-05
     0.896 	 9.13446e-05 	 6.1969e-05
     0.897 	 2.78835e-05 	 1.89051e-05
     0.898 	 7.72222e-05 	 5.23319e-05
     0.899 	 7.21157e-05 	 4.88423e-05
     0.900 	 3.88635e-05 	 2.63095e-05
     0.901 	 6.14486e-05 	 4.15828e-05
     0.902 	 7.46616e-05 	 5.04991e-05
     0.903 	 6.84145e-05 	 4.62557e-05
     0.904 	 9.95684e-05 	 6.72779e-05
     0.905 	 0.000122372 	 8.2645e-05
     0.906 	 6.06163e-05 	 4.09216e-05
     0.907 	 0.000120118 	 8.10589e-05
     0.908 	 7.65423e-05 	 5.16325e-05
     0.909 	  6.7192e-05 	 4.52924e-05
     0.910 	 5.54712e-05 	 3.73797e-05
     0.911 	 9.48976e-05 	 6.39253e-05
     0.912 	 3.58488e-05 	 2.41377e-05
     0.913 	 7.09598e-05 	 4.77514e-05
     0.914 	 7.77633e-05 	 5.23114e-05
     0.915 	 7.30803e-05 	 4.91387e-05
     0.916 	 9.23547e-05 	 6.20632e-05
     0.917 	 8.51536e-05 	 5.72022e-05
     0.918 	 6.85102e-05 	 4.60057e-05
     0.919 	   5.796e-05 	 3.88987e-05
     0.920 	  7.8456e-05 	 5.26319e-05
     0.921 	 8.32301e-05 	 5.58282e-05
     0.922 	 4.59847e-05 	 3.08412e-05
     0.923 	 5.88289e-05 	 3.9447e-05
     0.924 	 4.22654e-05 	 2.83348e-05
     0.925 	 9.20869e-05 	 6.17344e-05
     0.926 	 6.40727e-05 	 4.29507e-05
     0.927 	 6.98062e-05 	 4.67901e-05
     0.928 	 3.87665e-05 	 2.59847e-05
     0.929 	 6.99837e-05 	 4.6911e-05
     0.930 	 3.65732e-05 	 2.45137e-05
     0.931 	 7.78772e-05 	 5.2211e-05
     0.932 	 8.58975e-05 	 5.75715e-05
     0.933 	 7.57792e-05 	 5.08022e-05
     0.934 	 9.05799e-05 	 6.0723e-05
     0.935 	 5.45212e-05 	 3.6548e-05
     0.936 	 5.46131e-05 	 3.66195e-05
     0.937 	 6.31338e-05 	 4.23362e-05
     0.938 	 7.94285e-05 	 5.32658e-05
     0.939 	 8.40532e-05 	 5.63839e-05
     0.940 	 3.82607e-05 	 2.5667e-05
     0.941 	 0.000101704 	 6.82442e-05
     0.942 	 4.46064e-05 	 2.99443e-05
     0.943 	  5.3874e-05 	 3.61773e-05
     0.944 	 7.95996e-05 	 5.34668e-05
     0.945 	  7.3649e-05 	 4.94965e-05
     0.946 	 5.89893e-05 	 3.9655e-05
     0.947 	 3.99463e-05 	 2.68628e-05
     0.948 	 8.58729e-05 	 5.77731e-05
     0.949 	 4.27505e-05 	 2.87755e-05
     0.950 	 4.15479e-05 	 2.79785e-05
     0.951 	  5.4624e-05 	 3.67952e-05
     0.952 	   4.177e-05 	 2.81503e-05
     0.953 	 8.76129e-05 	 5.90679e-05
     0.954 	   9.986e-05 	 6.73505e-05
     0.955 	  6.6573e-05 	 4.49281e-05
     0.956 	 4.66923e-05 	 3.15232e-05
     0.957 	 7.43119e-05 	 5.02006e-05
     0.958 	 8.26472e-05 	 5.58525e-05
     0.959 	  4.4987e-05 	 3.04183e-05
     0.960 	 8.54026e-05 	 5.77747e-05
     0.961 	   9.365e-05 	 6.339e-05
     0.962 	 8.03008e-05 	 5.43978e-05
     0.963 	 6.91755e-05 	 4.68842e-05
     0.964 	 7.52473e-05 	 5.10349e-05
     0.965 	  7.9419e-05 	 5.39003e-05
     0.966 	 5.61796e-05 	 3.81547e-05
     0.967 	 5.05756e-05 	 3.43761e-05
     0.968 	 6.85581e-05 	 4.6631e-05
     0.969 	 8.63344e-05 	 5.87625e-05
     0.970 	 2.68293e-05 	 1.8278e-05
     0.971 	 6.37411e-05 	 4.34563e-05
     0.972 	 8.63536e-05 	 5.89106e-05
     0.973 	 5.71358e-05 	 3.90155e-05
     0.974 	 3.67128e-05 	 2.50909e-05
     0.975 	 3.07157e-05 	 2.101e-05
     0.976 	   6.743e-05 	 4.61613e-05
     0.977 	 0.000108918 	 7.461e-05
     0.978 	 5.36896e-05 	 3.6809e-05
     0.979 	   8.893e-05 	 6.10352e-05
     0.980 	 6.58503e-05 	 4.52331e-05
     0.981 	 5.35659e-05 	 3.68241e-05
     0.982 	 5.16225e-05 	 3.55227e-05
     0.983 	 4.72045e-05 	 3.25054e-05
     0.984 	  4.8501e-05 	 3.34245e-05
     0.985 	 5.54569e-05 	 3.82572e-05
     0.986 	 6.86859e-05 	 4.74267e-05
     0.987 	 7.74678e-05 	 5.35326e-05
     0.988 	 5.15072e-05 	 3.56215e-05
     0.989 	 7.24695e-05 	 5.01644e-05
     0.990 	 7.42353e-05 	 5.14334e-05
     0.991 	 2.52812e-05 	 1.75329e-05
     0.992 	 4.15156e-05 	 2.88141e-05
     0.993 	  6.6819e-05 	 4.64173e-05
     0.994 	    7.83e-05 	 5.44411e-05
     0.995 	 4.37725e-05 	 3.04581e-05
     0.996 	 7.60899e-05 	 5.29964e-05
     0.997 	 3.52894e-05 	 2.46038e-05
     0.998 	 5.10421e-05 	 3.56139e-05
     0.999 	 5.34823e-05 	 3.73494e-05
     1.000 	 9.55445e-05 	 6.67876e-05
     1.001 	 7.43159e-05 	 5.19877e-05
     1.002 	 0.000106601 	 7.4644e-05
     1.003 	 6.00104e-05 	 4.20593e-05
     1.004 	 7.26205e-05 	 5.09357e-05
     1.005 	 7.24906e-05 	 5.08929e-05
     1.006 	 4.97066e-05 	 3.49337e-05
     1.007 	 6.24631e-05 	 4.39263e-05
     1.008 	 5.18004e-05 	 3.6467e-05
     1.009 	 5.22819e-05 	 3.68317e-05
     1.010 	 7.03241e-05 	 4.95899e-05
     1.011 	 7.44689e-05 	 5.25634e-05
     1.012 	 3.84966e-05 	 2.71955e-05
     1.013 	  8.3688e-05 	 5.91709e-05
     1.014 	 8.07682e-05 	 5.71606e-05
     1.015 	 9.21411e-05 	 6.52652e-05
     1.016 	 6.60404e-05 	 4.68167e-05
     1.017 	 0.000102901 	 7.30265e-05
     1.018 	 5.18577e-05 	 3.68255e-05
     1.019 	 4.68476e-05 	 3.33027e-05
     1.020 	 7.52883e-05 	 5.35663e-05
     1.021 	 5.51203e-05 	 3.92542e-05
     1.022 	 6.33466e-05 	 4.51475e-05
     1.023 	 7.22489e-05 	 5.15408e-05
     1.024 	 8.05786e-05 	 5.75377e-05
     1.025 	  6.9136e-05 	 4.94049e-05
     1.026 	 4.88561e-05 	 3.49457e-05
     1.027 	 7.46873e-05 	 5.34685e-05
     1.028 	 6.32261e-05 	 4.53114e-05
     1.029 	 7.31012e-05 	 5.2422e-05
     1.030 	 5.23093e-05 	 3.75433e-05
     1.031 	 8.66061e-05 	 6.22266e-05
     1.032 	 6.83943e-05 	 4.91693e-05
     1.033 	  7.1967e-05 	 5.17774e-05
     1.034 	 4.65232e-05 	 3.34978e-05
     1.035 	 5.17008e-05 	 3.72582e-05
     1.036 	 3.85866e-05 	 2.78286e-05
     1.037 	 5.12088e-05 	 3.69605e-05
     1.038 	 4.89472e-05 	 3.53588e-05
     1.039 	 7.60869e-05 	 5.50058e-05
     1.040 	 6.79095e-05 	 4.91361e-05
     1.041 	  6.8393e-05 	 4.95193e-05
     1.042 	 8.78554e-05 	 6.36513e-05
     1.043 	 2.55824e-05 	 1.85503e-05
     1.044 	 6.18296e-05 	 4.48738e-05
     1.045 	 5.39461e-05 	 3.91769e-05
     1.046 	 8.07463e-05 	 5.86838e-05
     1.047 	 5.52044e-05 	 4.01502e-05
     1.048 	 8.78195e-05 	 6.39328e-05
     1.049 	 6.81724e-05 	 4.96567e-05
     1.050 	 6.12022e-05 	 4.46128e-05
     1.051 	 7.13059e-05 	 5.20231e-05
     1.052 	 7.33611e-05 	 5.35571e-05
     1.053 	 5.73855e-05 	 4.19353e-05
     1.054 	 5.58653e-05 	 4.08474e-05
     1.055 	 7.42681e-05 	 5.43445e-05
     1.056 	 6.99877e-05 	 5.12505e-05
     1.057 	 5.36738e-05 	 3.93294e-05
     1.058 	 8.70003e-05 	 6.38116e-05
     1.059 	 7.32726e-05 	 5.37772e-05
     1.060 	 7.23315e-05 	 5.3132e-05
     1.061 	  5.7157e-05 	 4.20133e-05
     1.062 	 0.000102325 	 7.52639e-05
     1.063 	 6.40337e-05 	 4.71359e-05
     1.064 	 7.72068e-05 	 5.68781e-05
     1.065 	 6.45119e-05 	 4.75621e-05
     1.066 	 6.13627e-05 	 4.52753e-05
     1.067 	 5.35442e-05 	 3.95325e-05
     1.068 	 6.70993e-05 	 4.9573e-05
     1.069 	 9.12755e-05 	 6.74864e-05
     1.070 	 7.97342e-05 	 5.89978e-05
     1.071 	  5.0534e-05 	 3.74192e-05
     1.072 	 5.18254e-05 	 3.84121e-05
     1.073 	 7.48657e-05 	 5.55299e-05
     1.074 	 4.52622e-05 	 3.35969e-05
     1.075 	 5.48805e-05 	 4.07662e-05
     1.076 	 9.34216e-05 	 6.94611e-05
     1.077 	 6.92298e-05 	 5.15158e-05
     1.078 	  6.1934e-05 	 4.61204e-05
     1.079 	 8.19397e-05 	 6.10626e-05
     1.080 	 6.06293e-05 	 4.52245e-05
     1.081 	 6.95359e-05 	 5.19127e-05
     1.082 	 7.01892e-05 	 5.24339e-05
     1.083 	 6.12311e-05 	 4.57764e-05
     1.084 	 5.54026e-05 	 4.14502e-05
     1.085 	 8.48014e-05 	 6.34929e-05
     1.086 	 6.82934e-05 	 5.11755e-05
     1.087 	 6.38379e-05 	 4.78776e-05
     1.088 	 7.25985e-05 	 5.44824e-05
     1.089 	 5.61331e-05 	 4.21664e-05
     1.090 	 5.59168e-05 	 4.20353e-05
     1.091 	 6.00313e-05 	 4.5154e-05
     1.092 	 8.97047e-05 	 6.75252e-05
     1.093 	 9.10721e-05 	 6.86004e-05
     1.094 	 6.95835e-05 	 5.24497e-05
     1.095 	 5.64378e-05 	 4.25698e-05
     1.096 	 6.67091e-05 	 5.03456e-05
     1.097 	 7.42674e-05 	 5.60983e-05
     1.098 	 7.88603e-05 	 5.96079e-05
     1.099 	 7.94678e-05 	 6.01008e-05
     1.100 	 5.74891e-05 	 4.35074e-05
     1.101 	   2.799e-05 	 2.11987e-05
     1.102 	 9.17337e-05 	 6.95153e-05
     1.103 	 8.03877e-05 	 6.09649e-05
     1.104 	 5.40351e-05 	 4.10059e-05
     1.105 	 4.89845e-05 	 3.7194e-05
     1.106 	 5.15341e-05 	 3.91603e-05
     1.107 	 4.03271e-05 	 3.06639e-05
     1.108 	 9.77355e-05 	 7.43737e-05
     1.109 	 5.13615e-05 	 3.91063e-05
     1.110 	 5.78825e-05 	 4.40946e-05
     1.111 	 8.46998e-05 	 6.45557e-05
     1.112 	 4.71041e-05 	 3.59191e-05
     1.113 	 4.96622e-05 	 3.79037e-05
     1.114 	 3.41969e-05 	 2.61129e-05
     1.115 	 4.01916e-05 	 3.07021e-05
     1.116 	 9.66453e-05 	 7.38691e-05
     1.117 	 7.32049e-05 	 5.59802e-05
     1.118 	 4.07209e-05 	 3.11538e-05
     1.119 	 6.07259e-05 	 4.64916e-05
     1.120 	 7.84863e-05 	 6.01164e-05
     1.121 	 6.77937e-05 	 5.19526e-05
     1.122 	  5.3653e-05 	 4.11372e-05
     1.123 	 5.65242e-05 	 4.33595e-05
     1.124 	 8.96058e-05 	 6.87786e-05
     1.125 	 2.83201e-05 	 2.17505e-05
     1.126 	 3.79801e-05 	 2.91812e-05
     1.127 	 6.91544e-05 	 5.31587e-05
     1.128 	 4.17002e-05 	 3.20675e-05
     1.129 	 8.75723e-05 	 6.73754e-05
     1.130 	 3.64697e-05 	 2.80787e-05
     1.131 	 4.47676e-05 	 3.44823e-05
     1.132 	 4.45298e-05 	 3.43073e-05
     1.133 	  3.5823e-05 	 2.76111e-05
     1.134 	 8.12322e-05 	 6.26326e-05
     1.135 	 5.04779e-05 	 3.89452e-05
     1.136 	 6.45717e-05 	 4.98347e-05
     1.137 	 6.29135e-05 	 4.85717e-05
     1.138 	 7.29375e-05 	 5.63284e-05
     1.139 	 4.54384e-05 	 3.51069e-05
     1.140 	 7.11873e-05 	 5.50306e-05
     1.141 	 7.39687e-05 	 5.71944e-05
     1.142 	 5.48102e-05 	 4.23872e-05
     1.143 	 7.18276e-05 	 5.55668e-05
     1.144 	 8.14674e-05 	 6.30341e-05
     1.145 	 5.44849e-05 	 4.21668e-05
     1.146 	 8.40751e-05 	 6.50968e-05
     1.147 	 6.35488e-05 	 4.92114e-05
     1.148 	  6.5614e-05 	 5.08227e-05
     1.149 	 7.17622e-05 	 5.55977e-05
     1.150 	 3.90494e-05 	 3.02581e-05
     1.151 	 4.13257e-05 	 3.20348e-05
     1.152 	 7.75647e-05 	 6.0131e-05
     1.153 	 6.98679e-05 	 5.41697e-05
     1.154 	 3.72094e-05 	 2.88512e-05
     1.155 	 4.99911e-05 	 3.8769e-05
     1.156 	 2.61042e-05 	 2.02484e-05
     1.157 	 6.27702e-05 	 4.86931e-05
     1.158 	  8.6249e-05 	 6.69186e-05
     1.159 	   0.0001066 	 8.27231e-05
     1.160 	 8.55716e-05 	 6.6404e-05
     1.161 	 9.26272e-05 	 7.19021e-05
     1.162 	 6.75271e-05 	 5.24235e-05
     1.163 	 4.29233e-05 	 3.33225e-05
     1.164 	 8.77446e-05 	 6.81197e-05
     1.165 	 2.58242e-05 	 2.00504e-05
     1.166 	 5.15958e-05 	 4.00727e-05
     1.167 	 2.55468e-05 	 1.98411e-05
     1.168 	 3.10038e-05 	 2.40818e-05
     1.169 	 6.98666e-05 	 5.42685e-05
     1.170 	 8.00873e-05 	 6.22201e-05
     1.171 	 6.76389e-05 	 5.25519e-05
     1.172 	 6.58794e-05 	 5.11821e-05
     1.173 	 7.87139e-05 	 6.11495e-05
     1.174 	 5.53676e-05 	 4.30197e-05
     1.175 	 6.05266e-05 	 4.70213e-05
     1.176 	 3.21393e-05 	 2.49667e-05
     1.177 	 3.19517e-05 	 2.48169e-05
     1.178 	 7.18267e-05 	 5.57848e-05
     1.179 	 6.63823e-05 	 5.15695e-05
     1.180 	  3.1269e-05 	 2.42875e-05
     1.181 	 5.80441e-05 	 4.5086e-05
     1.182 	 7.12086e-05 	 5.53186e-05
     1.183 	 7.27131e-05 	 5.64782e-05
     1.184 	  8.1792e-05 	 6.35251e-05
     1.185 	 8.20896e-05 	 6.37581e-05
     1.186 	 5.71549e-05 	 4.43973e-05
     1.187 	   4.129e-05 	 3.20744e-05
     1.188 	 5.33023e-05 	 4.14024e-05
     1.189 	 4.74684e-05 	 3.68639e-05
     1.190 	 7.44208e-05 	 5.78031e-05
     1.191 	  4.6115e-05 	 3.58167e-05
     1.192 	 7.20411e-05 	 5.59458e-05
     1.193 	 4.89376e-05 	 3.80115e-05
     1.194 	 4.88097e-05 	 3.79072e-05
     1.195 	 2.87401e-05 	 2.23224e-05
     1.196 	 5.73927e-05 	 4.45709e-05
     1.197 	 6.38566e-05 	 4.95945e-05
     1.198 	 4.60449e-05 	 3.57564e-05
     1.199 	 2.03199e-05 	 1.57774e-05
     1.200 	 5.03952e-05 	 3.91329e-05
     1.201 	 6.72189e-05 	 5.21833e-05
     1.202 	 8.07112e-05 	 6.26416e-05
     1.203 	 8.17818e-05 	 6.34696e-05
     1.204 	 6.72276e-05 	 5.21609e-05
     1.205 	  4.8698e-05 	 3.77702e-05
     1.206 	 6.99011e-05 	 5.42132e-05
     1.207 	 8.92768e-05 	 6.9215e-05
     1.208 	 5.85837e-05 	 4.54024e-05
     1.209 	 6.61907e-05 	 5.13006e-05
     1.210 	 7.75863e-05 	 6.01157e-05
     1.211 	 6.13723e-05 	 4.75376e-05
     1.212 	 5.25483e-05 	 4.06986e-05
     1.213 	 6.75159e-05 	 5.22743e-05
     1.214 	 6.12405e-05 	 4.74004e-05
     1.215 	  8.4217e-05 	 6.51779e-05
     1.216 	 8.60667e-05 	 6.65882e-05
     1.217 	 6.65521e-05 	 5.14737e-05
     1.218 	 5.54323e-05 	 4.28641e-05
     1.219 	 4.61693e-05 	 3.5693e-05
     1.220 	 4.35958e-05 	 3.3689e-05
     1.221 	  8.5787e-05 	 6.62786e-05
     1.222 	 4.08876e-05 	 3.15828e-05
     1.223 	 7.78927e-05 	 6.01542e-05
     1.224 	 4.34096e-05 	 3.35096e-05
     1.225 	 5.89544e-05 	 4.54938e-05
     1.226 	 6.56376e-05 	 5.06404e-05
     1.227 	 6.88249e-05 	 5.30828e-05
     1.228 	 7.45668e-05 	 5.74868e-05
     1.229 	  7.5294e-05 	 5.80289e-05
     1.230 	  6.1052e-05 	 4.70366e-05
     1.231 	 5.21279e-05 	 4.0155e-05
     1.232 	 7.46205e-05 	 5.74538e-05
     1.233 	 7.30765e-05 	 5.625e-05
     1.234 	 6.67817e-05 	 5.1396e-05
     1.235 	 8.94254e-05 	 6.87899e-05
     1.236 	 8.58351e-05 	 6.60178e-05
     1.237 	  4.0205e-05 	 3.09078e-05
     1.238 	 0.000109778 	 8.4386e-05
     1.239 	 5.66504e-05 	 4.35265e-05
     1.240 	 6.40469e-05 	 4.91858e-05
     1.241 	 3.67419e-05 	 2.82092e-05
     1.242 	 9.38812e-05 	 7.2051e-05
     1.243 	 5.26667e-05 	 4.04101e-05
     1.244 	 7.55151e-05 	 5.79197e-05
     1.245 	 6.16414e-05 	 4.72654e-05
     1.246 	 3.48874e-05 	 2.67382e-05
     1.247 	 0.000108929 	 8.34459e-05
     1.248 	 6.49025e-05 	 4.9705e-05
     1.249 	 6.47183e-05 	 4.95455e-05
     1.250 	 6.45461e-05 	 4.9396e-05
     1.251 	 8.80438e-05 	 6.73467e-05
     1.252 	 4.93681e-05 	 3.77459e-05
     1.253 	 9.34684e-05 	 7.14172e-05
     1.254 	 5.35756e-05 	 4.09253e-05
     1.255 	 4.22132e-05 	 3.22244e-05
     1.256 	 5.64151e-05 	 4.30511e-05
     1.257 	 6.91846e-05 	 5.27655e-05
     1.258 	 5.45925e-05 	 4.16178e-05
     1.259 	 9.31251e-05 	 7.09528e-05
     1.260 	 7.55017e-05 	 5.7486e-05
     1.261 	 4.38288e-05 	 3.3353e-05
     1.262 	 9.26733e-05 	 7.04764e-05
     1.263 	 6.78796e-05 	 5.15939e-05
     1.264 	 7.69357e-05 	 5.84384e-05
     1.265 	 8.03701e-05 	 6.10148e-05
     1.266 	 6.47471e-05 	 4.91175e-05
     1.267 	 5.15192e-05 	 3.90612e-05
     1.268 	 5.04554e-05 	 3.82301e-05
     1.269 	 8.68112e-05 	 6.57404e-05
     1.270 	 6.95588e-05 	 5.26304e-05
     1.271 	 6.36918e-05 	 4.81713e-05
     1.272 	 5.77463e-05 	 4.3648e-05
     1.273 	 6.16243e-05 	 4.65495e-05
     1.274 	 3.38976e-05 	 2.55926e-05
     1.275 	  6.3434e-05 	 4.78529e-05
     1.276 	 5.12683e-05 	 3.86551e-05
     1.277 	 6.75036e-05 	 5.08593e-05
     1.278 	 0.000106935 	 8.05257e-05
     1.279 	  3.7047e-05 	 2.78746e-05
     1.280 	 7.52642e-05 	 5.65999e-05
     1.281 	 6.19496e-05 	 4.655e-05
     1.282 	 5.62624e-05 	 4.22555e-05
     1.283 	 5.72346e-05 	 4.29515e-05
     1.284 	 7.26447e-05 	 5.44891e-05
     1.285 	  7.0659e-05 	 5.29735e-05
     1.286 	  2.9168e-05 	 2.18499e-05
     1.287 	 5.31129e-05 	 3.97675e-05
     1.288 	  9.6726e-05 	 7.23644e-05
     1.289 	 6.89238e-05 	 5.15334e-05
     1.290 	 4.20238e-05 	 3.13987e-05
     1.291 	 8.52892e-05 	 6.36913e-05
     1.292 	 6.55547e-05 	 4.89291e-05
     1.293 	 6.40112e-05 	 4.77412e-05
     1.294 	 5.86008e-05 	 4.3692e-05
     1.295 	 4.71089e-05 	 3.50943e-05
     1.296 	 3.11446e-05 	 2.31891e-05
     1.297 	 4.27108e-05 	 3.1781e-05
     1.298 	 7.66086e-05 	 5.69736e-05
     1.299 	 7.96265e-05 	 5.91863e-05
     1.300 	 7.28136e-05 	 5.40768e-05
     1.301 	 5.58219e-05 	 4.14311e-05
     1.302 	 3.32169e-05 	 2.46383e-05
     1.303 	 8.25898e-05 	 6.12081e-05
     1.304 	 6.08985e-05 	 4.51037e-05
     1.305 	 9.30514e-05 	 6.88673e-05
     1.306 	  8.3784e-05 	 6.1962e-05
     1.307 	 6.25852e-05 	 4.6255e-05
     1.308 	  8.0205e-05 	 5.92343e-05
     1.309 	 8.21521e-05 	 6.06204e-05
     1.310 	 8.89034e-05 	 6.55671e-05
     1.311 	  7.1131e-05 	 5.24208e-05
     1.312 	 5.51393e-05 	 4.06002e-05
     1.313 	  8.0653e-05 	 5.93535e-05
     1.314 	 6.66503e-05 	 4.90068e-05
     1.315 	 4.04561e-05 	 2.97207e-05
     1.316 	 5.55994e-05 	 4.08188e-05
     1.317 	 5.51763e-05 	 4.04776e-05
     1.318 	 3.54366e-05 	 2.59737e-05
     1.319 	 3.11146e-05 	 2.27909e-05
     1.320 	 5.34154e-05 	 3.90962e-05
     1.321 	 6.32236e-05 	 4.62424e-05
     1.322 	 7.61687e-05 	 5.56591e-05
     1.323 	 6.55785e-05 	 4.78812e-05
     1.324 	 5.83817e-05 	 4.2597e-05
     1.325 	 6.52986e-05 	 4.75944e-05
     1.326 	 7.08475e-05 	 5.16023e-05
     1.327 	 3.48845e-05 	 2.53901e-05
     1.328 	 6.39555e-05 	 4.65118e-05
     1.329 	 6.40452e-05 	 4.65287e-05
     1.330 	  0.00010065 	 7.30616e-05
     1.331 	 3.99187e-05 	 2.896e-05
     1.332 	 6.88011e-05 	 4.9869e-05
     1.333 	 0.000103833 	 7.51932e-05
     1.334 	 4.35548e-05 	 3.15193e-05
     1.335 	 5.55668e-05 	 4.01798e-05
     1.336 	 3.57537e-05 	 2.58353e-05
     1.337 	 7.50855e-05 	 5.42017e-05
     1.338 	 7.73611e-05 	 5.57994e-05
     1.339 	 6.70901e-05 	 4.83522e-05
     1.340 	 8.19568e-05 	 5.90259e-05
     1.341 	 5.10592e-05 	 3.67418e-05
     1.342 	 7.54768e-05 	 5.42672e-05
     1.343 	 5.28792e-05 	 3.79915e-05
     1.344 	 8.15068e-05 	 5.85283e-05
     1.345 	 9.79996e-05 	 7.03038e-05
     1.346 	 6.29567e-05 	 4.51308e-05
     1.347 	 4.93492e-05 	 3.53534e-05
     1.348 	 3.08489e-05 	 2.20815e-05
     1.349 	 6.41831e-05 	 4.59028e-05
     1.350 	 5.07258e-05 	 3.62512e-05
     1.351 	 9.19409e-05 	 6.56606e-05
     1.352 	 9.24527e-05 	 6.5974e-05
     1.353 	 6.47071e-05 	 4.61285e-05
     1.354 	 6.97397e-05 	 4.9682e-05
     1.355 	 3.49833e-05 	 2.48999e-05
     1.356 	 8.26881e-05 	 5.88147e-05
     1.357 	 6.54703e-05 	 4.65259e-05
     1.358 	 4.02438e-05 	 2.85762e-05
     1.359 	 6.21059e-05 	 4.4065e-05
     1.360 	 8.15921e-05 	 5.78449e-05
     1.361 	 7.21067e-05 	 5.10692e-05
     1.362 	 8.25425e-05 	 5.84086e-05
     1.363 	 8.00099e-05 	 5.65663e-05
     1.364 	 8.77236e-05 	 6.19713e-05
     1.365 	 7.74753e-05 	 5.46712e-05
     1.366 	 6.17074e-05 	 4.35019e-05
     1.367 	 6.38225e-05 	 4.49629e-05
     1.368 	 4.45135e-05 	 3.13318e-05
     1.369 	 6.10156e-05 	 4.28998e-05
     1.370 	 7.66843e-05 	 5.38685e-05
     1.371 	 8.15824e-05 	 5.72681e-05
     1.372 	 3.75633e-05 	 2.63408e-05
     1.373 	 9.64584e-05 	 6.75844e-05
     1.374 	 6.52121e-05 	 4.56585e-05
     1.375 	 8.87699e-05 	 6.21013e-05
     1.376 	 9.74899e-05 	 6.81306e-05
     1.377 	 6.60053e-05 	 4.60895e-05
     1.378 	 9.01744e-05 	 6.29279e-05
     1.379 	 7.13164e-05 	 4.97161e-05
     1.380 	 7.89594e-05 	 5.49986e-05
     1.381 	 5.62039e-05 	 3.91244e-05
     1.382 	 3.22139e-05 	 2.24085e-05
     1.383 	 9.28789e-05 	 6.45479e-05
     1.384 	 8.97051e-05 	 6.22974e-05
     1.385 	 8.38501e-05 	 5.81955e-05
     1.386 	 6.82086e-05 	 4.72954e-05
     1.387 	 8.69024e-05 	 6.02212e-05
     1.388 	 9.22002e-05 	 6.38464e-05
     1.389 	 7.21614e-05 	 4.99284e-05
     1.390 	 0.000101261 	 7.0012e-05
     1.391 	 8.10269e-05 	 5.59812e-05
     1.392 	 7.40326e-05 	 5.11057e-05
     1.393 	 6.69612e-05 	 4.61904e-05
     1.394 	 4.84667e-05 	 3.34122e-05
     1.395 	 5.58021e-05 	 3.84327e-05
     1.396 	 6.07805e-05 	 4.18351e-05
     1.397 	 7.59468e-05 	 5.22292e-05
     1.398 	 7.39124e-05 	 5.07928e-05
     1.399 	 6.27254e-05 	 4.30734e-05
     1.400 	 5.25886e-05 	 3.60861e-05
     1.401 	 5.78214e-05 	 3.96443e-05
     1.402 	 6.07691e-05 	 4.16223e-05
     1.403 	 7.48547e-05 	 5.12278e-05
     1.404 	 8.62485e-05 	 5.899e-05
     1.405 	 5.94475e-05 	 4.06172e-05
     1.406 	 5.99679e-05 	 4.09391e-05
     1.407 	 5.20744e-05 	 3.55135e-05
     1.408 	 8.50481e-05 	 5.79652e-05
     1.409 	 0.000100294 	 6.82922e-05
     1.410 	 6.24355e-05 	 4.24785e-05
     1.411 	 0.000105115 	 7.14444e-05
     1.412 	 7.42783e-05 	 5.04518e-05
     1.413 	 7.79355e-05 	 5.28998e-05
     1.414 	 8.10603e-05 	 5.49657e-05
     1.415 	 5.64854e-05 	 3.82763e-05
     1.416 	 3.04371e-05 	 2.06064e-05
     1.417 	 5.58937e-05 	 3.7815e-05
     1.418 	 6.17178e-05 	 4.17184e-05
     1.419 	 2.59263e-05 	 1.75112e-05
     1.420 	   8.929e-05 	 6.02551e-05
     1.421 	 6.23378e-05 	 4.20356e-05
     1.422 	 6.08594e-05 	 4.1007e-05
     1.423 	 9.64433e-05 	 6.49426e-05
     1.424 	 9.84703e-05 	 6.62435e-05
     1.425 	 5.58605e-05 	 3.7555e-05
     1.426 	  8.4562e-05 	 5.67961e-05
     1.427 	  3.2657e-05 	 2.19225e-05
     1.428 	 9.69594e-05 	 6.50314e-05
     1.429 	 6.46963e-05 	 4.33648e-05
     1.430 	 9.10341e-05 	 6.09594e-05
     1.431 	 5.83844e-05 	 3.90718e-05
     1.432 	 9.11294e-05 	 6.09332e-05
     1.433 	 7.21707e-05 	 4.82204e-05
     1.434 	 5.60175e-05 	 3.73998e-05
     1.435 	 7.67531e-05 	 5.12009e-05
     1.436 	 7.17949e-05 	 4.78576e-05
     1.437 	 5.51704e-05 	 3.67522e-05
     1.438 	 4.93979e-05 	 3.28862e-05
     1.439 	 5.33883e-05 	 3.55086e-05
     1.440 	 5.15297e-05 	 3.42509e-05
     1.441 	 5.65997e-05 	 3.75825e-05
     1.442 	 0.000102665 	 6.81222e-05
     1.443 	 4.86334e-05 	 3.22481e-05
     1.444 	 6.42553e-05 	 4.25633e-05
     1.445 	 6.27113e-05 	 4.15121e-05
     1.446 	 7.51331e-05 	 4.96946e-05
     1.447 	 7.04409e-05 	 4.6564e-05
     1.448 	  6.3616e-05 	 4.20094e-05
     1.449 	 8.57118e-05 	 5.65548e-05
     1.450 	 5.03879e-05 	 3.32244e-05
     1.451 	 4.78555e-05 	 3.1526e-05
     1.452 	 6.37476e-05 	 4.19611e-05
     1.453 	 7.49178e-05 	 4.92786e-05
     1.454 	   6.754e-05 	 4.43854e-05
     1.455 	 6.53321e-05 	 4.29164e-05
     1.456 	 1.93552e-05 	 1.2708e-05
     1.457 	 7.02996e-05 	 4.61253e-05
     1.458 	 5.12835e-05 	 3.36147e-05
     1.459 	 6.16446e-05 	 4.03487e-05
     1.460 	 5.21809e-05 	 3.41113e-05
     1.461 	 6.23015e-05 	 4.07105e-05
     1.462 	 8.05411e-05 	 5.2616e-05
     1.463 	 7.49575e-05 	 4.89273e-05
     1.464 	 6.50606e-05 	 4.24318e-05
     1.465 	 8.11327e-05 	 5.29007e-05
     1.466 	  4.1383e-05 	 2.69725e-05
     1.467 	 5.62833e-05 	 3.6638e-05
     1.468 	 6.87698e-05 	 4.47029e-05
     1.469 	 8.42738e-05 	 5.47317e-05
     1.470 	 7.47836e-05 	 4.85324e-05
     1.471 	 8.59626e-05 	 5.5741e-05
     1.472 	 7.43368e-05 	 4.81635e-05
     1.473 	 7.02858e-05 	 4.55009e-05
     1.474 	 7.44089e-05 	 4.81311e-05
     1.475 	 6.09818e-05 	 3.94141e-05
     1.476 	 6.13925e-05 	 3.96474e-05
     1.477 	 9.50943e-05 	 6.1358e-05
     1.478 	  4.1986e-05 	 2.70709e-05
     1.479 	 7.88151e-05 	 5.08052e-05
     1.480 	 0.000105702 	 6.81112e-05
     1.481 	 6.19177e-05 	 3.9846e-05
     1.482 	 5.31114e-05 	 3.41344e-05
     1.483 	 7.89993e-05 	 5.0757e-05
     1.484 	 4.16331e-05 	 2.6742e-05
     1.485 	 5.62429e-05 	 3.60813e-05
     1.486 	 8.34643e-05 	 5.34714e-05
     1.487 	 4.84357e-05 	 3.10032e-05
     1.488 	 5.54681e-05 	 3.54796e-05
     1.489 	 3.56722e-05 	 2.27991e-05
     1.490 	 4.29477e-05 	 2.74277e-05
     1.491 	 5.58099e-05 	 3.56141e-05
     1.492 	 6.06566e-05 	 3.86767e-05
     1.493 	 9.70262e-06 	 6.18188e-06
     1.494 	 5.82996e-05 	 3.71156e-05
     1.495 	 2.54422e-05 	 1.6185e-05
     1.496 	 5.54885e-05 	 3.52713e-05
     1.497 	 5.88741e-05 	 3.73917e-05
     1.498 	 5.65124e-05 	 3.58665e-05
     1.499 	 6.54031e-05 	 4.14989e-05
     1.500 	 3.84593e-05 	 2.43966e-05
     1.501 	 5.08503e-05 	 3.22342e-05
     1.502 	 2.66849e-05 	 1.69014e-05
     1.503 	 8.68806e-05 	 5.49849e-05
     1.504 	  3.9643e-05 	 2.50702e-05
     1.505 	 6.86619e-05 	 4.33884e-05
     1.506 	 7.55427e-05 	 4.77003e-05
     1.507 	 7.20539e-05 	 4.54629e-05
     1.508 	 7.34896e-05 	 4.63336e-05
     1.509 	 0.000112103 	 7.06252e-05
     1.510 	 7.46309e-05 	 4.69829e-05
     1.511 	 7.65959e-05 	 4.81871e-05
     1.512 	  6.1529e-05 	 3.86764e-05
     1.513 	 4.46415e-05 	 2.80239e-05
     1.514 	 8.79676e-05 	 5.5157e-05
     1.515 	 7.78071e-05 	 4.8771e-05
     1.516 	 6.57456e-05 	 4.12046e-05
     1.517 	 3.97713e-05 	 2.49095e-05
     1.518 	 7.16933e-05 	 4.48662e-05
     1.519 	 8.44348e-05 	 5.27974e-05
     1.520 	 8.22549e-05 	 5.14007e-05
     1.521 	 4.08445e-05 	 2.552e-05
     1.522 	 6.10115e-05 	 3.81087e-05
     1.523 	 3.18468e-05 	 1.98693e-05
     1.524 	 7.07375e-05 	 4.40754e-05
     1.525 	 7.74734e-05 	 4.82345e-05
     1.526 	 4.38933e-05 	 2.73102e-05
     1.527 	 6.16875e-05 	 3.83509e-05
     1.528 	 7.63561e-05 	 4.74405e-05
     1.529 	 4.42041e-05 	 2.74586e-05
     1.530 	 8.46576e-05 	 5.25772e-05
     1.531 	 6.16679e-05 	 3.82777e-05
     1.532 	 8.04064e-05 	 4.98667e-05
     1.533 	 3.23901e-05 	 2.00631e-05
     1.534 	 5.10875e-05 	 3.16068e-05
     1.535 	 2.45473e-05 	 1.51753e-05
     1.536 	 6.19804e-05 	 3.82924e-05
     1.537 	 8.37149e-05 	 5.16807e-05
     1.538 	 5.68935e-05 	 3.5101e-05
     1.539 	 5.66036e-05 	 3.4918e-05
     1.540 	 3.83819e-05 	 2.36714e-05
     1.541 	 5.74204e-05 	 3.53733e-05
     1.542 	 0.000110814 	 6.81784e-05
     1.543 	 6.87463e-05 	 4.22611e-05
     1.544 	 7.51798e-05 	 4.61917e-05
     1.545 	 7.88476e-05 	 4.84366e-05
     1.546 	 7.43742e-05 	 4.56805e-05
     1.547 	 4.64082e-05 	 2.84868e-05
     1.548 	 4.67523e-05 	 2.86762e-05
     1.549 	 6.06976e-05 	 3.72076e-05
     1.550 	 6.25396e-05 	 3.83077e-05
     1.551 	 3.16424e-05 	 1.93578e-05
     1.552 	 2.57392e-05 	 1.5729e-05
     1.553 	 7.43867e-05 	 4.54459e-05
     1.554 	 8.72806e-05 	 5.33191e-05
     1.555 	 7.25017e-05 	 4.42609e-05
     1.556 	 8.54895e-05 	 5.21552e-05
     1.557 	  7.5561e-05 	 4.60906e-05
     1.558 	 9.84583e-05 	 6.00487e-05
     1.559 	 9.03392e-05 	 5.50688e-05
     1.560 	 3.37402e-05 	 2.05506e-05
     1.561 	 4.54884e-05 	 2.76719e-05
     1.562 	 8.23736e-05 	 5.00557e-05
     1.563 	 5.08522e-05 	 3.08946e-05
     1.564 	  6.3841e-05 	 3.87829e-05
     1.565 	 9.12661e-05 	 5.54166e-05
     1.566 	 5.91459e-05 	 3.58844e-05
     1.567 	 1.77557e-05 	 1.07594e-05
     1.568 	 6.03266e-05 	 3.65166e-05
     1.569 	 6.57292e-05 	 3.97787e-05
     1.570 	 7.54191e-05 	 4.56417e-05
     1.571 	 2.91724e-05 	 1.76442e-05
     1.572 	 2.01818e-05 	 1.21979e-05
     1.573 	 6.12116e-05 	 3.6973e-05
     1.574 	 4.47756e-05 	 2.70286e-05
     1.575 	 5.92525e-05 	 3.5745e-05
     1.576 	 5.18234e-05 	 3.12439e-05
     1.577 	 4.83621e-05 	 2.91412e-05
     1.578 	 8.15934e-05 	 4.91313e-05
     1.579 	 6.69689e-05 	 4.028e-05
     1.580 	 4.26645e-05 	 2.56327e-05
     1.581 	 7.84856e-05 	 4.71174e-05
     1.582 	 6.75253e-05 	 4.05192e-05
     1.583 	 7.25248e-05 	 4.35152e-05
     1.584 	 5.36976e-05 	 3.22155e-05
     1.585 	 1.87397e-05 	 1.1237e-05
     1.586 	 5.62211e-05 	 3.36891e-05
     1.587 	 6.45945e-05 	 3.86841e-05
     1.588 	 6.37668e-05 	 3.81654e-05
     1.589 	 5.26575e-05 	 3.14953e-05
     1.590 	 7.36081e-05 	 4.40038e-05
     1.591 	 9.97961e-05 	 5.96543e-05
     1.592 	 5.94534e-05 	 3.55364e-05
     1.593 	 8.08137e-05 	 4.828e-05
     1.594 	 5.65581e-05 	 3.37667e-05
     1.595 	  7.0637e-05 	 4.21476e-05
     1.596 	 6.58871e-05 	 3.92913e-05
     1.597 	   6.824e-05 	 4.06703e-05
     1.598 	 6.64567e-05 	 3.95851e-05
     1.599 	 6.29947e-05 	 3.75014e-05
     1.600 	 6.76952e-05 	 4.02767e-05
     1.601 	 8.06547e-05 	 4.79636e-05
     1.602 	 4.88917e-05 	 2.90564e-05
     1.603 	   6.839e-05 	 4.05968e-05
     1.604 	 8.49255e-05 	 5.03628e-05
     1.605 	 6.80848e-05 	 4.03713e-05
     1.606 	 6.73525e-05 	 3.99379e-05
     1.607 	 3.24995e-05 	 1.9262e-05
     1.608 	 4.78246e-05 	 2.83272e-05
     1.609 	 5.25412e-05 	 3.11016e-05
     1.610 	   6.717e-05 	 3.97423e-05
     1.611 	 6.26958e-05 	 3.70938e-05
     1.612 	  4.5269e-05 	 2.67825e-05
     1.613 	 0.000103361 	 6.11241e-05
     1.614 	 0.000106312 	 6.28305e-05
     1.615 	 8.69873e-06 	 5.13861e-06
     1.616 	 9.96124e-05 	 5.88088e-05
     1.617 	 7.30873e-05 	 4.31003e-05
     1.618 	 3.51044e-05 	 2.06817e-05
     1.619 	  5.6504e-05 	 3.32863e-05
     1.620 	 7.05112e-05 	 4.15406e-05
     1.621 	  6.8205e-05 	 4.01642e-05
     1.622 	 6.62606e-05 	 3.89965e-05
     1.623 	  7.8047e-05 	 4.59099e-05
     1.624 	 5.50311e-05 	 3.23549e-05
     1.625 	 7.75137e-05 	 4.55497e-05
     1.626 	 9.49834e-05 	 5.57876e-05
     1.627 	 6.49013e-05 	 3.81002e-05
     1.628 	 8.01602e-05 	 4.70346e-05
     1.629 	 4.79264e-05 	 2.81072e-05
     1.630 	 8.30213e-05 	 4.86655e-05
     1.631 	 8.51468e-05 	 4.98875e-05
     1.632 	 8.96934e-05 	 5.25255e-05
     1.633 	 7.30943e-05 	 4.27843e-05
     1.634 	   7.595e-05 	 4.44341e-05
     1.635 	 6.18793e-05 	 3.61849e-05
     1.636 	 7.38749e-05 	 4.31787e-05
     1.637 	 8.92888e-05 	 5.21633e-05
     1.638 	 5.45455e-05 	 3.18506e-05
     1.639 	 8.22485e-05 	 4.80049e-05
     1.640 	 5.32633e-05 	 3.10736e-05
     1.641 	 7.17576e-05 	 4.18397e-05
     1.642 	 9.07229e-05 	 5.2878e-05
     1.643 	 4.91385e-05 	 2.86418e-05
     1.644 	 4.62077e-05 	 2.6935e-05
     1.645 	 6.81606e-05 	 3.97163e-05
     1.646 	 4.37105e-05 	 2.54564e-05
     1.647 	 6.57603e-05 	 3.82835e-05
     1.648 	 4.79072e-05 	 2.78757e-05
     1.649 	  6.6256e-05 	 3.85124e-05
     1.650 	 9.29957e-05 	 5.40079e-05
     1.651 	 6.83505e-05 	 3.96949e-05
     1.652 	 6.67527e-05 	 3.87727e-05
     1.653 	 0.000113588 	 6.59535e-05
     1.654 	 6.65461e-05 	 3.86193e-05
     1.655 	 8.14424e-05 	 4.72445e-05
     1.656 	 0.000109103 	 6.32628e-05
     1.657 	 5.09014e-05 	 2.95029e-05
     1.658 	 9.84717e-05 	 5.70515e-05
     1.659 	 5.24948e-05 	 3.03987e-05
     1.660 	 6.02225e-05 	 3.48619e-05
     1.661 	  9.2575e-05 	 5.35997e-05
     1.662 	 6.72384e-05 	 3.89311e-05
     1.663 	 7.26869e-05 	 4.20472e-05
     1.664 	 5.33179e-05 	 3.08146e-05
     1.665 	 5.23792e-05 	 3.02752e-05
     1.666 	 4.48864e-05 	 2.59477e-05
     1.667 	 8.97951e-05 	 5.18612e-05
     1.668 	 7.52515e-05 	 4.34222e-05
     1.669 	 7.28766e-05 	 4.20566e-05
     1.670 	 9.94583e-05 	 5.74043e-05
     1.671 	 8.02446e-05 	 4.62728e-05
     1.672 	 7.89075e-05 	 4.54611e-05
     1.673 	 6.51846e-05 	 3.75541e-05
     1.674 	 7.83812e-05 	 4.517e-05
     1.675 	 5.32609e-05 	 3.07028e-05
     1.676 	 8.84027e-05 	 5.09591e-05
     1.677 	 6.37201e-05 	 3.67017e-05
     1.678 	 6.13466e-05 	 3.53005e-05
     1.679 	 4.33529e-05 	 2.49357e-05
     1.680 	 5.00793e-05 	 2.87962e-05
     1.681 	 5.59934e-05 	 3.21855e-05
     1.682 	 5.42553e-05 	 3.11745e-05
     1.683 	 3.64119e-05 	 2.09147e-05
     1.684 	 9.54353e-05 	 5.47984e-05
     1.685 	  5.6688e-05 	 3.25383e-05
     1.686 	 5.52563e-05 	 3.17057e-05
     1.687 	 7.54485e-05 	 4.32767e-05
     1.688 	 7.59947e-05 	 4.35754e-05
     1.689 	 8.21658e-05 	 4.70975e-05
     1.690 	 6.72776e-05 	 3.85503e-05
     1.691 	 7.96248e-05 	 4.56098e-05
     1.692 	 7.07504e-05 	 4.05133e-05
     1.693 	 4.73649e-05 	 2.71134e-05
     1.694 	 8.45964e-05 	 4.84101e-05
     1.695 	 7.62637e-05 	 4.36277e-05
     1.696 	 8.00289e-05 	 4.57667e-05
     1.697 	 7.27222e-05 	 4.15744e-05
     1.698 	 5.54419e-05 	 3.16854e-05
     1.699 	 7.13695e-05 	 4.07753e-05
     1.700 	  5.4698e-05 	 3.12406e-05
     1.701 	 4.56053e-05 	 2.60372e-05
     1.702 	 7.09365e-05 	 4.04899e-05
     1.703 	 7.57081e-05 	 4.3222e-05
     1.704 	 1.58939e-05 	 9.07587e-06
     1.705 	 5.68057e-05 	 3.243e-05
     1.706 	 6.11366e-05 	 3.48894e-05
     1.707 	 8.98609e-05 	 5.12661e-05
     1.708 	 8.11041e-05 	 4.62567e-05
     1.709 	 6.31431e-05 	 3.6002e-05
     1.710 	 4.10062e-05 	 2.33738e-05
     1.711 	   5.605e-05 	 3.19369e-05
     1.712 	 6.92022e-05 	 3.94229e-05
     1.713 	 9.56136e-05 	 5.44845e-05
     1.714 	 6.79235e-05 	 3.87118e-05
     1.715 	 8.05555e-05 	 4.58779e-05
     1.716 	 9.16108e-05 	 5.21289e-05
     1.717 	 6.57251e-05 	 3.73828e-05
     1.718 	 3.66809e-05 	 2.08606e-05
     1.719 	 5.28561e-05 	 3.00668e-05
     1.720 	  8.1194e-05 	 4.61979e-05
     1.721 	 7.09157e-05 	 4.03421e-05
     1.722 	  5.0908e-05 	 2.89496e-05
     1.723 	 5.51894e-05 	 3.13761e-05
     1.724 	 6.01588e-05 	 3.4192e-05
     1.725 	 5.98838e-05 	 3.40266e-05
     1.726 	 7.55083e-05 	 4.28924e-05
     1.727 	 7.24339e-05 	 4.1135e-05
     1.728 	 6.68854e-05 	 3.79741e-05
     1.729 	 0.000100101 	 5.68168e-05
     1.730 	 7.12267e-05 	 4.04174e-05
     1.731 	 6.57141e-05 	 3.72792e-05
     1.732 	 5.87618e-05 	 3.33268e-05
     1.733 	 6.27325e-05 	 3.55695e-05
     1.734 	  7.2842e-05 	 4.12907e-05
     1.735 	 6.64332e-05 	 3.76481e-05
     1.736 	  8.6887e-05 	 4.92275e-05
     1.737 	 6.37482e-05 	 3.6109e-05
     1.738 	 0.000114442 	 6.48066e-05
     1.739 	 7.87113e-05 	 4.45623e-05
     1.740 	 7.76061e-05 	 4.39252e-05
     1.741 	   9.282e-05 	 5.25239e-05
     1.742 	 7.52971e-05 	 4.25984e-05
     1.743 	 4.72072e-05 	 2.67003e-05
     1.744 	 4.02221e-05 	 2.27443e-05
     1.745 	 8.32556e-05 	 4.70674e-05
     1.746 	 7.68943e-05 	 4.34613e-05
     1.747 	 7.73363e-05 	 4.37009e-05
     1.748 	 4.22516e-05 	 2.38701e-05
     1.749 	 9.28892e-05 	 5.2466e-05
     1.750 	 6.80228e-05 	 3.84126e-05
     1.751 	 6.23573e-05 	 3.5206e-05
     1.752 	 6.82404e-05 	 3.85188e-05
     1.753 	 5.53059e-05 	 3.12114e-05
     1.754 	 6.88286e-05 	 3.88353e-05
     1.755 	 9.49446e-05 	 5.35597e-05
     1.756 	 4.62422e-05 	 2.6081e-05
     1.757 	 6.83363e-05 	 3.85315e-05
     1.758 	 3.50631e-05 	 1.97682e-05
     1.759 	 7.09717e-05 	 4.00258e-05
     1.760 	 5.25451e-05 	 2.96438e-05
     1.761 	  9.0032e-05 	 5.07859e-05
     1.762 	 8.35341e-05 	 4.71093e-05
     1.763 	   7.315e-05 	 4.12462e-05
     1.764 	 8.34556e-05 	 4.70484e-05
     1.765 	 8.72602e-05 	 4.91852e-05
     1.766 	 6.42524e-05 	 3.62102e-05
     1.767 	 7.76539e-05 	 4.37558e-05
     1.768 	 8.78769e-05 	 4.95083e-05
     1.769 	 6.98641e-05 	 3.93541e-05
     1.770 	 0.000106535 	 6.00006e-05
     1.771 	 5.36045e-05 	 3.01861e-05
     1.772 	  8.8343e-05 	 4.97408e-05
     1.773 	 4.21931e-05 	 2.37532e-05
     1.774 	  7.2501e-05 	 4.08101e-05
     1.775 	 6.97138e-05 	 3.9236e-05
     1.776 	 0.000103777 	 5.84e-05
     1.777 	 5.26808e-05 	 2.96397e-05
     1.778 	 9.99937e-05 	 5.6258e-05
     1.779 	 7.47279e-05 	 4.20627e-05
     1.780 	 7.75469e-05 	 4.36642e-05
     1.781 	 8.48378e-05 	 4.77435e-05
     1.782 	 6.90604e-05 	 3.88372e-05
     1.783 	 3.88945e-05 	 2.18692e-05
     1.784 	 7.26627e-05 	 4.0855e-05
     1.785 	 7.85514e-05 	 4.4162e-05
     1.786 	 8.84843e-05 	 4.97414e-05
     1.787 	 6.34908e-05 	 3.56884e-05
     1.788 	 8.75419e-05 	 4.9203e-05
     1.789 	 6.14826e-05 	 3.4554e-05
     1.790 	 7.11657e-05 	 3.99923e-05
     1.791 	 9.10962e-05 	 5.11881e-05
     1.792 	 4.44612e-05 	 2.49811e-05
     1.793 	 9.63738e-05 	 5.41455e-05
     1.794 	 7.37138e-05 	 4.1411e-05
     1.795 	 1.63432e-05 	 9.18067e-06
     1.796 	 7.97425e-05 	 4.47911e-05
     1.797 	  8.0521e-05 	 4.52256e-05
     1.798 	 4.29517e-05 	 2.41229e-05
     1.799 	 4.61989e-05 	 2.59447e-05
     1.800 	 7.55646e-05 	 4.2433e-05
     1.801 	 8.85535e-05 	 4.97197e-05
     1.802 	 0.000105754 	 5.93789e-05
     1.803 	 8.42535e-05 	 4.73317e-05
     1.804 	 8.48615e-05 	 4.76914e-05
     1.805 	 7.10859e-05 	 3.99265e-05
     1.806 	 7.95387e-05 	 4.46492e-05
     1.807 	 8.26433e-05 	 4.6413e-05
     1.808 	 5.59299e-05 	 3.14251e-05
     1.809 	 7.79771e-05 	 4.37877e-05
     1.810 	 8.20903e-05 	 4.60706e-05
     1.811 	 5.79563e-05 	 3.2538e-05
     1.812 	 8.36361e-05 	 4.69792e-05
     1.813 	  8.0748e-05 	 4.53575e-05
     1.814 	 4.12568e-05 	 2.31713e-05
     1.815 	 8.16721e-05 	 4.58672e-05
     1.816 	  6.4103e-05 	 3.5998e-05
     1.817 	 9.59146e-05 	 5.38578e-05
     1.818 	 5.33958e-05 	 2.9981e-05
     1.819 	 7.77261e-05 	 4.36387e-05
     1.820 	 6.31363e-05 	 3.54449e-05
     1.821 	 5.32124e-05 	 2.98719e-05
     1.822 	 0.000100565 	 5.64505e-05
     1.823 	 7.03618e-05 	 3.94939e-05
     1.824 	 5.07467e-05 	 2.84824e-05
     1.825 	 5.13294e-05 	 2.88073e-05
     1.826 	 6.35603e-05 	 3.56695e-05
     1.827 	 5.43155e-05 	 3.04798e-05
     1.828 	 5.74279e-05 	 3.22242e-05
     1.829 	 9.07207e-05 	 5.09031e-05
     1.830 	 7.38316e-05 	 4.14241e-05
     1.831 	 3.28413e-05 	 1.84248e-05
     1.832 	 5.24109e-05 	 2.94028e-05
     1.833 	 4.90018e-05 	 2.7489e-05
     1.834 	 8.49679e-05 	 4.76625e-05
     1.835 	 6.13119e-05 	 3.43911e-05
     1.836 	 6.17328e-05 	 3.46255e-05
     1.837 	 2.47447e-05 	 1.38786e-05
     1.838 	 7.88801e-05 	 4.42395e-05
     1.839 	 6.70086e-05 	 3.75777e-05
     1.840 	 6.43504e-05 	 3.60879e-05
     1.841 	 0.000101757 	 5.70939e-05
     1.842 	 3.10609e-05 	 1.74361e-05
     1.843 	 9.72252e-05 	 5.45805e-05
     1.844 	 4.21618e-05 	 2.36664e-05
     1.845 	 7.11598e-05 	 3.99424e-05
     1.846 	 9.45384e-05 	 5.30642e-05
     1.847 	 3.05921e-05 	 1.71721e-05
     1.848 	 6.21762e-05 	 3.48984e-05
     1.849 	 2.66562e-05 	 1.49538e-05
     1.850 	 8.02754e-05 	 4.50095e-05
     1.851 	 4.21454e-05 	 2.36287e-05
     1.852 	 4.62124e-05 	 2.59109e-05
     1.853 	 4.17467e-05 	 2.34074e-05
     1.854 	 6.31227e-05 	 3.53934e-05
     1.855 	 5.23659e-05 	 2.93601e-05
     1.856 	 4.34728e-05 	 2.43762e-05
     1.857 	  3.0572e-05 	 1.71517e-05
     1.858 	 7.45033e-05 	 4.18208e-05
     1.859 	 5.26663e-05 	 2.95688e-05
     1.860 	 8.50749e-05 	 4.77584e-05
     1.861 	 3.69588e-05 	 2.07379e-05
     1.862 	 6.03621e-05 	 3.38541e-05
     1.863 	 7.82498e-05 	 4.38851e-05
     1.864 	 7.33601e-05 	 4.11487e-05
     1.865 	 7.55339e-05 	 4.23706e-05
     1.866 	 0.000100423 	 5.63357e-05
     1.867 	 0.000112026 	 6.28491e-05
     1.868 	 9.52862e-05 	 5.34616e-05
     1.869 	 4.03118e-05 	 2.26175e-05
     1.870 	 6.26485e-05 	 3.51549e-05
     1.871 	 7.94906e-05 	 4.46323e-05
     1.872 	 5.09452e-05 	 2.86219e-05
     1.873 	 9.38876e-05 	 5.27556e-05
     1.874 	 5.30948e-05 	 2.98345e-05
     1.875 	 0.000115409 	 6.48557e-05
     1.876 	 9.11787e-05 	 5.12435e-05
     1.877 	 5.99665e-05 	 3.37051e-05
     1.878 	 6.20482e-05 	 3.48782e-05
     1.879 	 7.21764e-05 	 4.05755e-05
     1.880 	 6.74674e-05 	 3.79318e-05
     1.881 	 6.95214e-05 	 3.90908e-05
     1.882 	 4.93373e-05 	 2.77442e-05
     1.883 	 8.76545e-05 	 4.9296e-05
     1.884 	 6.12284e-05 	 3.44382e-05
     1.885 	 5.65071e-05 	 3.1786e-05
     1.886 	   8.269e-05 	 4.65189e-05
     1.887 	 7.03383e-05 	 3.95743e-05
     1.888 	 6.59114e-05 	 3.70876e-05
     1.889 	 7.51045e-05 	 4.22645e-05
     1.890 	 5.71649e-05 	 3.21725e-05
     1.891 	 8.75554e-05 	 4.92814e-05
     1.892 	 4.13374e-05 	 2.32698e-05
     1.893 	 6.85705e-05 	 3.86072e-05
     1.894 	 9.50357e-05 	 5.35097e-05
     1.895 	 7.27869e-05 	 4.09626e-05
     1.896 	 8.10989e-05 	 4.56245e-05
     1.897 	 7.15342e-05 	 4.02684e-05
     1.898 	  8.2236e-05 	 4.63213e-05
     1.899 	 6.71377e-05 	 3.7804e-05
     1.900 	 9.89776e-05 	 5.57045e-05
     1.901 	 6.78795e-05 	 3.82043e-05
     1.902 	 5.23617e-05 	 2.94758e-05
     1.903 	 7.95423e-05 	 4.47774e-05
     1.904 	 2.49288e-05 	 1.4036e-05
     1.905 	 6.10528e-05 	 3.43966e-05
     1.906 	 4.80537e-05 	 2.70899e-05
     1.907 	 7.47662e-05 	 4.21563e-05
     1.908 	 9.37289e-05 	 5.28499e-05
     1.909 	 9.06496e-05 	 5.11191e-05
     1.910 	 4.93607e-05 	 2.78387e-05
     1.911 	 9.87756e-05 	 5.5718e-05
     1.912 	 3.49577e-05 	 1.97197e-05
     1.913 	 7.17256e-05 	 4.04438e-05
     1.914 	 8.60551e-05 	 4.8504e-05
     1.915 	 6.95535e-05 	 3.92012e-05
     1.916 	 2.73751e-05 	 1.54331e-05
     1.917 	 5.85084e-05 	 3.30056e-05
     1.918 	 6.80357e-05 	 3.84038e-05
     1.919 	 3.52702e-05 	 1.99129e-05
     1.920 	 8.29115e-05 	 4.68111e-05
     1.921 	 4.83427e-05 	 2.72995e-05
     1.922 	 3.91372e-05 	 2.21015e-05
     1.923 	 6.66247e-05 	 3.76094e-05
     1.924 	 7.97708e-05 	 4.50122e-05
     1.925 	 4.57605e-05 	 2.58221e-05
     1.926 	 7.06938e-05 	 3.98992e-05
     1.927 	 6.76959e-05 	 3.82094e-05
     1.928 	 2.90691e-05 	 1.64107e-05
     1.929 	 4.19415e-05 	 2.36923e-05
     1.930 	 5.67531e-05 	 3.20799e-05
     1.931 	 7.08541e-05 	 4.00577e-05
     1.932 	 9.41487e-05 	 5.32309e-05
     1.933 	 4.97326e-05 	 2.81214e-05
     1.934 	 7.35074e-05 	 4.157e-05
     1.935 	 8.09835e-05 	 4.58042e-05
     1.936 	 5.27132e-05 	 2.98183e-05
     1.937 	 5.01497e-05 	 2.83717e-05
     1.938 	 8.36794e-05 	 4.73466e-05
     1.939 	 7.87911e-05 	 4.45872e-05
     1.940 	 4.91465e-05 	 2.78151e-05
     1.941 	 4.64063e-05 	 2.62676e-05
     1.942 	 5.82594e-05 	 3.29812e-05
     1.943 	 7.56293e-05 	 4.28201e-05
     1.944 	 0.000105605 	 5.98001e-05
     1.945 	 5.07817e-05 	 2.87603e-05
     1.946 	 7.02026e-05 	 3.97648e-05
     1.947 	 5.13658e-05 	 2.90991e-05
     1.948 	 5.42358e-05 	 3.07293e-05
     1.949 	 7.74584e-05 	 4.38965e-05
     1.950 	 4.73084e-05 	 2.6812e-05
     1.951 	 7.91183e-05 	 4.48208e-05
     1.952 	 4.23342e-05 	 2.39756e-05
     1.953 	 3.81782e-05 	 2.16349e-05
     1.954 	 0.000108115 	 6.13121e-05
     1.955 	 6.80017e-05 	 3.85731e-05
     1.956 	 4.64883e-05 	 2.63721e-05
     1.957 	 4.87483e-05 	 2.76584e-05
     1.958 	 9.96636e-05 	 5.65555e-05
     1.959 	 5.72014e-05 	 3.24647e-05
     1.960 	 5.21732e-05 	 2.96158e-05
     1.961 	 3.84702e-05 	 2.18408e-05
     1.962 	 3.77463e-05 	 2.14334e-05
     1.963 	 4.47256e-05 	 2.54008e-05
     1.964 	 7.61945e-05 	 4.32798e-05
     1.965 	 6.57192e-05 	 3.73361e-05
     1.966 	 7.61557e-05 	 4.32723e-05
     1.967 	 5.86602e-05 	 3.3339e-05
     1.968 	 8.16381e-05 	 4.64025e-05
     1.969 	 5.40321e-05 	 3.07011e-05
     1.970 	 7.82947e-05 	 4.44711e-05
     1.971 	 6.55244e-05 	 3.72215e-05
     1.972 	 6.70487e-05 	 3.80965e-05
     1.973 	  3.6636e-05 	 2.08199e-05
     1.974 	 4.56781e-05 	 2.59627e-05
     1.975 	 6.40134e-05 	 3.63908e-05
     1.976 	 6.74445e-05 	 3.83477e-05
     1.977 	  2.1228e-05 	 1.20718e-05
     1.978 	 3.71349e-05 	 2.11213e-05
     1.979 	 3.49885e-05 	 1.99038e-05
     1.980 	 7.69665e-05 	 4.37913e-05
     1.981 	 7.43123e-05 	 4.22885e-05
     1.982 	 6.35189e-05 	 3.61525e-05
     1.983 	 7.49264e-05 	 4.26528e-05
     1.984 	 6.78679e-05 	 3.86415e-05
     1.985 	 0.000107037 	 6.09538e-05
     1.986 	 7.79865e-05 	 4.44185e-05
     1.987 	  5.9614e-05 	 3.39602e-05
     1.988 	 8.92683e-05 	 5.08616e-05
     1.989 	 7.91705e-05 	 4.51168e-05
     1.990 	 6.76158e-05 	 3.85392e-05
     1.991 	 6.78732e-05 	 3.86924e-05
     1.992 	 4.22226e-05 	 2.40738e-05
     1.993 	 6.12281e-05 	 3.49167e-05
     1.994 	 8.27868e-05 	 4.72191e-05
     1.995 	 6.31161e-05 	 3.60058e-05
     1.996 	 6.41883e-05 	 3.66243e-05
     1.997 	 4.20987e-05 	 2.403e-05
     1.998 	  5.5196e-05 	 3.15049e-05
     1.999 	 5.01605e-05 	 2.85952e-05
     2.000 	 5.42404e-05 	 3.08745e-05
     2.001 	 5.34616e-05 	 3.04435e-05
     2.002 	 6.82828e-05 	 3.88915e-05
     2.003 	  5.9114e-05 	 3.36763e-05
     2.004 	 5.72708e-05 	 3.26331e-05
     2.005 	  7.9301e-05 	 4.51955e-05
     2.006 	  3.8474e-05 	 2.19292e-05
     2.007 	 3.66433e-05 	 2.08901e-05
     2.008 	 7.37426e-05 	 4.2049e-05
     2.009 	 4.13337e-05 	 2.3574e-05
     2.010 	 8.80635e-05 	 5.02298e-05
     2.011 	 5.43481e-05 	 3.10052e-05
     2.012 	 6.67979e-05 	 3.8115e-05
     2.013 	 5.25609e-05 	 2.99971e-05
     2.014 	 5.23805e-05 	 2.98962e-05
     2.015 	 2.78005e-05 	 1.58702e-05
     2.016 	 0.000100522 	 5.7395e-05
     2.017 	 7.88824e-05 	 4.5048e-05
     2.018 	 2.97972e-05 	 1.70198e-05
     2.019 	 7.27608e-05 	 4.15629e-05
     2.020 	 5.90992e-05 	 3.37655e-05
     2.021 	 6.42935e-05 	 3.67404e-05
     2.022 	 8.94138e-05 	 5.11052e-05
     2.023 	 4.05818e-05 	 2.31965e-05
     2.024 	 9.89014e-05 	 5.65429e-05
     2.025 	 5.62914e-05 	 3.21885e-05
     2.026 	 7.11044e-05 	 4.06668e-05
     2.027 	  5.9336e-05 	 3.39426e-05
     2.028 	 7.99537e-05 	 4.57401e-05
     2.029 	 8.00244e-05 	 4.57893e-05
     2.030 	 5.28297e-05 	 3.02346e-05
     2.031 	  5.4339e-05 	 3.11049e-05
     2.032 	 8.33946e-05 	 4.77471e-05
     2.033 	  6.2744e-05 	 3.59269e-05
     2.034 	 7.92675e-05 	 4.53977e-05
     2.035 	 6.25009e-05 	 3.58028e-05
     2.036 	 6.53359e-05 	 3.74346e-05
     2.037 	 9.62973e-05 	 5.51858e-05
     2.038 	 4.74234e-05 	 2.71797e-05
     2.039 	 8.41495e-05 	 4.82385e-05
     2.040 	 8.80006e-05 	 5.04568e-05
     2.041 	 5.37108e-05 	 3.08019e-05
     2.042 	 9.84055e-05 	 5.64438e-05
     2.043 	   5.768e-05 	 3.30905e-05
     2.044 	 9.75477e-05 	 5.59658e-05
     2.045 	 7.71333e-05 	 4.42618e-05
     2.046 	 7.02957e-05 	 4.03457e-05
     2.047 	 4.59584e-05 	 2.63824e-05
     2.048 	 0.000110789 	 6.36103e-05
     2.049 	 0.000120258 	 6.90515e-05
     2.050 	 8.92457e-05 	 5.1254e-05
     2.051 	  3.8889e-05 	 2.2339e-05
     2.052 	 8.18051e-05 	 4.70015e-05
     2.053 	 6.30163e-05 	 3.62143e-05
     2.054 	 8.48894e-05 	 4.8795e-05
     2.055 	 6.96866e-05 	 4.00602e-05
     2.056 	 8.92009e-05 	 5.12895e-05
     2.057 	 6.24472e-05 	 3.59143e-05
     2.058 	 8.01232e-05 	 4.60901e-05
     2.059 	 4.37711e-05 	 2.51844e-05
     2.060 	 6.23064e-05 	 3.58569e-05
     2.061 	 6.13038e-05 	 3.52853e-05
     2.062 	 5.86736e-05 	 3.37725e-05
     2.063 	 9.39062e-05 	 5.40607e-05
     2.064 	 3.72379e-05 	 2.14408e-05
     2.065 	 4.18104e-05 	 2.40772e-05
     2.066 	 3.77482e-05 	 2.17413e-05
     2.067 	  7.1255e-05 	 4.10459e-05
     2.068 	 9.04453e-05 	 5.21084e-05
     2.069 	 6.62621e-05 	 3.81769e-05
     2.070 	  6.8363e-05 	 3.93934e-05
     2.071 	 4.65445e-05 	 2.6826e-05
     2.072 	  5.6854e-05 	 3.27745e-05
     2.073 	 6.69941e-05 	 3.86276e-05
     2.074 	 5.27319e-05 	 3.04102e-05
     2.075 	 6.54335e-05 	 3.77427e-05
     2.076 	  8.5001e-05 	 4.90391e-05
     2.077 	 4.22557e-05 	 2.43803e-05
     2.078 	 8.41181e-05 	 4.85432e-05
     2.079 	 9.94916e-05 	 5.74264e-05
     2.080 	 2.67164e-05 	 1.54237e-05
     2.081 	 6.48528e-05 	 3.74505e-05
     2.082 	 6.31765e-05 	 3.64924e-05
     2.083 	 5.80055e-05 	 3.35146e-05
     2.084 	  8.1348e-05 	 4.70143e-05
     2.085 	 4.96725e-05 	 2.87156e-05
     2.086 	 9.59673e-05 	 5.54868e-05
     2.087 	 5.84813e-05 	 3.38222e-05
     2.088 	 8.95314e-05 	 5.17938e-05
     2.089 	 5.37035e-05 	 3.10759e-05
     2.090 	 7.24734e-05 	 4.19486e-05
     2.091 	 7.77293e-05 	 4.50058e-05
     2.092 	 7.11076e-05 	 4.11855e-05
     2.093 	 8.03674e-05 	 4.65644e-05
     2.094 	 7.30708e-05 	 4.23509e-05
     2.095 	 6.02167e-05 	 3.49125e-05
     2.096 	 7.97652e-05 	 4.62617e-05
     2.097 	  4.3017e-05 	 2.4954e-05
     2.098 	 8.47848e-05 	 4.91998e-05
     2.099 	 5.75863e-05 	 3.34279e-05
     2.100 	 6.05625e-05 	 3.51673e-05
     2.101 	  7.7652e-05 	 4.51069e-05
     2.102 	 7.95936e-05 	 4.62513e-05
     2.103 	 8.84593e-05 	 5.14215e-05
     2.104 	 4.39497e-05 	 2.55572e-05
     2.105 	  7.0298e-05 	 4.08936e-05
     2.106 	 5.77949e-05 	 3.36324e-05
     2.107 	 5.68731e-05 	 3.31078e-05
     2.108 	 9.24275e-05 	 5.38245e-05
     2.109 	 6.63655e-05 	 3.86613e-05
     2.110 	 5.19818e-05 	 3.02929e-05
     2.111 	 8.10466e-05 	 4.72493e-05
     2.112 	 5.72364e-05 	 3.33815e-05
     2.113 	 8.36543e-05 	 4.88082e-05
     2.114 	 6.41963e-05 	 3.74657e-05
     2.115 	 6.72444e-05 	 3.92601e-05
     2.116 	 6.77056e-05 	 3.9545e-05
     2.117 	 6.24507e-05 	 3.64903e-05
     2.118 	 8.35664e-05 	 4.88476e-05
     2.119 	  9.0676e-05 	 5.30244e-05
     2.120 	 6.69112e-05 	 3.91429e-05
     2.121 	 6.44183e-05 	 3.76846e-05
     2.122 	 5.37731e-05 	 3.1477e-05
     2.123 	 6.88023e-05 	 4.02959e-05
     2.124 	 8.05219e-05 	 4.71751e-05
     2.125 	 6.42702e-05 	 3.76737e-05
     2.126 	   4.799e-05 	 2.81455e-05
     2.127 	 5.17317e-05 	 3.03591e-05
     2.128 	 9.33686e-05 	 5.48117e-05
     2.129 	 7.64501e-05 	 4.49036e-05
     2.130 	 5.32449e-05 	 3.12903e-05
     2.131 	 6.25192e-05 	 3.6757e-05
     2.132 	 8.07401e-05 	 4.75005e-05
     2.133 	 6.37672e-05 	 3.75319e-05
     2.134 	  4.7503e-05 	 2.79774e-05
     2.135 	 8.95911e-05 	 5.27892e-05
     2.136 	   2.771e-05 	 1.63397e-05
     2.137 	 7.10513e-05 	 4.19153e-05
     2.138 	 8.67837e-05 	 5.12297e-05
     2.139 	 6.03702e-05 	 3.56533e-05
     2.140 	 4.14997e-05 	 2.45198e-05
     2.141 	 7.17123e-05 	 4.23946e-05
     2.142 	 8.32395e-05 	 4.92272e-05
     2.143 	 0.000102259 	 6.04971e-05
     2.144 	 6.09982e-05 	 3.61e-05
     2.145 	 4.68297e-05 	 2.77305e-05
     2.146 	 8.59598e-05 	 5.09201e-05
     2.147 	 7.52541e-05 	 4.45945e-05
     2.148 	 9.53159e-05 	 5.64976e-05
     2.149 	 6.01643e-05 	 3.5679e-05
     2.150 	 9.34504e-05 	 5.54499e-05
     2.151 	 7.88157e-05 	 4.6778e-05
     2.152 	 7.77182e-05 	 4.61382e-05
     2.153 	 4.76599e-05 	 2.83009e-05
     2.154 	 8.90566e-05 	 5.28959e-05
     2.155 	  5.2569e-05 	 3.12316e-05
     2.156 	 6.29413e-05 	 3.74033e-05
     2.157 	 7.08733e-05 	 4.21274e-05
     2.158 	 7.10997e-05 	 4.22726e-05
     2.159 	 8.78419e-05 	 5.22345e-05
     2.160 	 6.29527e-05 	 3.74437e-05
     2.161 	 2.93113e-05 	 1.74398e-05
     2.162 	 5.97966e-05 	 3.55899e-05
     2.163 	 6.98681e-05 	 4.15979e-05
     2.164 	  7.8802e-05 	 4.69228e-05
     2.165 	 2.61803e-05 	 1.55961e-05
     2.166 	 9.06448e-05 	 5.4011e-05
     2.167 	 6.22241e-05 	 3.70887e-05
     2.168 	 8.84393e-05 	 5.27315e-05
     2.169 	 7.04451e-05 	 4.20164e-05
     2.170 	 5.02714e-05 	 2.99938e-05
     2.171 	 5.46792e-05 	 3.26265e-05
     2.172 	 8.36154e-05 	 4.99068e-05
     2.173 	 7.44884e-05 	 4.44675e-05
     2.174 	 6.63894e-05 	 3.96441e-05
     2.175 	 7.90737e-05 	 4.72377e-05
     2.176 	 6.86172e-05 	 4.09946e-05
     2.177 	 8.79962e-05 	 5.25876e-05
     2.178 	  8.8761e-05 	 5.30546e-05
     2.179 	 4.36756e-05 	 2.61135e-05
     2.180 	 4.70562e-05 	 2.81372e-05
     2.181 	 5.05287e-05 	 3.02214e-05
     2.182 	 9.48787e-05 	 5.67621e-05
     2.183 	 7.79933e-05 	 4.66779e-05
     2.184 	 9.00757e-05 	 5.39066e-05
     2.185 	 8.02911e-05 	 4.80634e-05
     2.186 	  4.5027e-05 	 2.69608e-05
     2.187 	 6.22704e-05 	 3.72954e-05
     2.188 	  6.4383e-05 	 3.85629e-05
     2.189 	 9.69175e-05 	 5.80649e-05
     2.190 	 6.53454e-05 	 3.91604e-05
     2.191 	 8.98059e-05 	 5.38353e-05
     2.192 	 8.69824e-05 	 5.21584e-05
     2.193 	 7.20612e-05 	 4.32153e-05
     2.194 	 5.73839e-05 	 3.44236e-05
     2.195 	 7.53296e-05 	 4.52025e-05
     2.196 	 6.48959e-05 	 3.8954e-05
     2.197 	 8.71795e-05 	 5.23349e-05
     2.198 	  8.6096e-05 	 5.17e-05
     2.199 	   8.743e-05 	 5.25168e-05
     2.200 	 0.000121258 	 7.28584e-05
     2.201 	 0.000114332 	 6.87222e-05
     2.202 	 0.000161215 	 9.69268e-05
     2.203 	 8.61004e-05 	 5.1779e-05
     2.204 	 8.94988e-05 	 5.38363e-05
     2.205 	 9.42088e-05 	 5.66837e-05
     2.206 	 0.000147036 	 8.85092e-05
     2.207 	 0.000102381 	 6.16516e-05
     2.208 	 0.000123261 	 7.42437e-05
     2.209 	 0.000127436 	 7.67777e-05
     2.210 	 9.78847e-05 	 5.89884e-05
     2.211 	 0.000184757 	 0.000111366
     2.212 	 0.000150248 	 9.05756e-05
     2.213 	 0.000112783 	 6.79979e-05
     2.214 	 0.000120391 	 7.25933e-05
     2.215 	 0.000120807 	 7.28524e-05
     2.216 	 0.000141576 	 8.54142e-05
     2.217 	 0.000127673 	 7.70352e-05
     2.218 	 0.000103513 	 6.24646e-05
     2.219 	  0.00011735 	 7.08226e-05
     2.220 	 8.61281e-05 	 5.19856e-05
     2.221 	 9.87433e-05 	 5.96204e-05
     2.222 	 0.000110943 	 6.70018e-05
     2.223 	 0.000128822 	 7.78171e-05
     2.224 	 0.000115119 	 6.95554e-05
     2.225 	 0.000134369 	 8.12144e-05
     2.226 	 0.000131932 	 7.97595e-05
     2.227 	 4.40969e-05 	 2.66649e-05
     2.228 	 0.000133418 	 8.06946e-05
     2.229 	 0.000108481 	 6.56346e-05
     2.230 	 7.65599e-05 	 4.63318e-05
     2.231 	 0.000110236 	 6.67273e-05
     2.232 	 8.17782e-05 	 4.95131e-05
     2.233 	 2.86628e-05 	 1.73602e-05
     2.234 	 6.84869e-05 	 4.14901e-05
     2.235 	 0.000105081 	 6.36743e-05
     2.236 	 0.000113039 	 6.85125e-05
     2.237 	 0.000100274 	 6.07972e-05
     2.238 	 6.81447e-05 	 4.13266e-05
     2.239 	 8.70432e-05 	 5.28108e-05
     2.240 	 7.32941e-05 	 4.44846e-05
     2.241 	 3.39039e-05 	 2.05817e-05
     2.242 	  7.7167e-05 	 4.68547e-05
     2.243 	 1.39651e-05 	 8.48119e-06
     2.244 	 0.000101631 	 6.17482e-05
     2.245 	 4.85754e-05 	 2.95192e-05
     2.246 	 0.000103443 	 6.28753e-05
     2.247 	 0.000104482 	 6.35201e-05
     2.248 	 7.98263e-05 	 4.85464e-05
     2.249 	 9.31902e-05 	 5.66855e-05
     2.250 	  9.6591e-05 	 5.87664e-05
     2.251 	 0.000124998 	 7.60784e-05
     2.252 	  9.0502e-05 	 5.50976e-05
     2.253 	 3.16374e-05 	 1.9266e-05
     2.254 	   7.689e-05 	 4.68357e-05
     2.255 	 9.44549e-05 	 5.75569e-05
     2.256 	 0.000108967 	 6.64178e-05
     2.257 	 6.41766e-05 	 3.91195e-05
     2.258 	 9.76243e-05 	 5.95307e-05
     2.259 	 6.48543e-05 	 3.95584e-05
     2.260 	 0.000103479 	 6.31347e-05
     2.261 	 8.40792e-05 	 5.13189e-05
     2.262 	   9.309e-05 	 5.68348e-05
     2.263 	 7.65145e-05 	 4.6728e-05
     2.264 	 0.000123291 	 7.5316e-05
     2.265 	 7.70569e-05 	 4.70913e-05
     2.266 	 8.94826e-05 	 5.47004e-05
     2.267 	 0.000145038 	 8.86861e-05
     2.268 	 8.29388e-05 	 5.07346e-05
     2.269 	 9.80139e-05 	 5.99732e-05
     2.270 	 5.29861e-05 	 3.24305e-05
     2.271 	 8.89613e-05 	 5.44701e-05
     2.272 	 0.000103726 	 6.35272e-05
     2.273 	 9.98857e-05 	 6.11914e-05
     2.274 	  0.00010722 	 6.57094e-05
     2.275 	 5.53555e-05 	 3.39334e-05
     2.276 	 0.000127786 	 7.83546e-05
     2.277 	 9.39367e-05 	 5.76145e-05
     2.278 	 8.27776e-05 	 5.07895e-05
     2.279 	 8.63733e-05 	 5.30097e-05
     2.280 	 7.13983e-05 	 4.38306e-05
     2.281 	  6.5768e-05 	 4.03915e-05
     2.282 	 9.57006e-05 	 5.87929e-05
     2.283 	 4.89688e-05 	 3.0096e-05
     2.284 	 5.86556e-05 	 3.60648e-05
     2.285 	   8.309e-05 	 5.11044e-05
     2.286 	 8.49865e-05 	 5.2287e-05
     2.287 	 0.000120754 	 7.43392e-05
     2.288 	 4.06792e-05 	 2.50509e-05
     2.289 	 6.37402e-05 	 3.92644e-05
     2.290 	 8.38463e-05 	 5.16719e-05
     2.291 	 0.000115642 	 7.12833e-05
     2.292 	  8.4264e-05 	 5.19538e-05
     2.293 	 8.36071e-05 	 5.15609e-05
     2.294 	 7.00798e-05 	 4.32337e-05
     2.295 	 4.23781e-05 	 2.61501e-05
     2.296 	 0.000132605 	 8.18454e-05
     2.297 	 8.94932e-05 	 5.52556e-05
     2.298 	 5.73002e-05 	 3.53871e-05
     2.299 	 4.39184e-05 	 2.71292e-05
     2.300 	 6.20398e-05 	 3.83365e-05
     2.301 	  7.5835e-05 	 4.68701e-05
     2.302 	  0.00011138 	 6.88521e-05
     2.303 	 6.84476e-05 	 4.23298e-05
     2.304 	 8.50227e-05 	 5.26011e-05
     2.305 	 9.78622e-05 	 6.05563e-05
     2.306 	 9.51403e-05 	 5.889e-05
     2.307 	 6.47437e-05 	 4.00828e-05
     2.308 	 5.85881e-05 	 3.62789e-05
     2.309 	 4.58089e-05 	 2.83712e-05
     2.310 	 7.30602e-05 	 4.52721e-05
     2.311 	 5.14386e-05 	 3.18788e-05
     2.312 	 0.000104974 	 6.50667e-05
     2.313 	 9.33102e-05 	 5.78522e-05
     2.314 	 5.90726e-05 	 3.66303e-05
     2.315 	 8.91471e-05 	 5.5293e-05
     2.316 	 0.000100608 	 6.24305e-05
     2.317 	 0.000110796 	 6.87626e-05
     2.318 	 5.83614e-05 	 3.62258e-05
     2.319 	 0.000124333 	 7.71954e-05
     2.320 	 5.50855e-05 	 3.42063e-05
     2.321 	 6.64388e-05 	 4.12587e-05
     2.322 	 4.37829e-05 	 2.71964e-05
     2.323 	 6.17508e-05 	 3.8364e-05
     2.324 	 9.45019e-05 	 5.87146e-05
     2.325 	 7.50267e-05 	 4.66219e-05
     2.326 	 7.04172e-05 	 4.37651e-05
     2.327 	 9.70197e-05 	 6.03145e-05
     2.328 	 7.85817e-05 	 4.88549e-05
     2.329 	 5.46875e-05 	 3.40055e-05
     2.330 	 8.49617e-05 	 5.28334e-05
     2.331 	 5.28743e-05 	 3.28847e-05
     2.332 	 5.39943e-05 	 3.3593e-05
     2.333 	 8.19721e-05 	 5.10128e-05
     2.334 	 8.04204e-05 	 5.00545e-05
     2.335 	 8.40708e-05 	 5.23395e-05
     2.336 	  5.2488e-05 	 3.26856e-05
     2.337 	 7.06918e-05 	 4.4037e-05
     2.338 	 8.46462e-05 	 5.27375e-05
     2.339 	 2.94346e-05 	 1.83415e-05
     2.340 	 7.40134e-05 	 4.61316e-05
     2.341 	  7.4572e-05 	 4.64882e-05
     2.342 	 9.14946e-05 	 5.70597e-05
     2.343 	 5.31783e-05 	 3.31739e-05
     2.344 	  9.0751e-05 	 5.66229e-05
     2.345 	 8.49564e-05 	 5.30225e-05
     2.346 	 4.80495e-05 	 2.99999e-05
     2.347 	 3.88507e-05 	 2.42637e-05
     2.348 	 8.00956e-05 	 5.00319e-05
     2.349 	 8.49908e-05 	 5.30993e-05
     2.350 	 6.91652e-05 	 4.32198e-05
     2.351 	 7.46154e-05 	 4.66488e-05
     2.352 	 5.98529e-05 	 3.74263e-05
     2.353 	 5.23169e-05 	 3.27201e-05
     2.354 	 5.31566e-05 	 3.32585e-05
     2.355 	 5.49652e-05 	 3.43963e-05
     2.356 	 6.87177e-05 	 4.30191e-05
     2.357 	 8.15318e-05 	 5.10504e-05
     2.358 	 4.40137e-05 	 2.7567e-05
     2.359 	 4.54708e-05 	 2.84848e-05
     2.360 	 6.58349e-05 	 4.12493e-05
     2.361 	 7.76768e-05 	 4.86873e-05
     2.362 	 6.53797e-05 	 4.09912e-05
     2.363 	 8.91914e-05 	 5.593e-05
     2.364 	 6.78809e-05 	 4.25783e-05
     2.365 	 0.000107706 	 6.75702e-05
     2.366 	 0.000130324 	 8.17904e-05
     2.367 	 7.74234e-05 	 4.86042e-05
     2.368 	 0.000100651 	 6.31966e-05
     2.369 	 8.64813e-05 	 5.43091e-05
     2.370 	 5.69655e-05 	 3.57797e-05
     2.371 	 9.90731e-05 	 6.22431e-05
     2.372 	 5.54801e-05 	 3.48676e-05
     2.373 	 6.61125e-05 	 4.15557e-05
     2.374 	 5.70988e-05 	 3.58952e-05
     2.375 	 8.73756e-05 	 5.49482e-05
     2.376 	 7.90355e-05 	 4.97103e-05
     2.377 	 4.58423e-05 	 2.8843e-05
     2.378 	 4.01641e-05 	 2.5274e-05
     2.379 	 0.000103575 	 6.51857e-05
     2.380 	 7.95706e-05 	 5.0091e-05
     2.381 	 6.63024e-05 	 4.17458e-05
     2.382 	 7.87037e-05 	 4.95627e-05
     2.383 	 8.52935e-05 	 5.37329e-05
     2.384 	    5.72e-05 	 3.6041e-05
     2.385 	 6.58603e-05 	 4.15096e-05
     2.386 	 5.63057e-05 	 3.54939e-05
     2.387 	 7.19705e-05 	 4.53765e-05
     2.388 	 4.75363e-05 	 2.99794e-05
     2.389 	  5.6453e-05 	 3.5609e-05
     2.390 	 5.47699e-05 	 3.45604e-05
     2.391 	 6.84041e-05 	 4.31791e-05
     2.392 	  7.4655e-05 	 4.71363e-05
     2.393 	 6.88328e-05 	 4.34709e-05
     2.394 	 8.45694e-05 	 5.34222e-05
     2.395 	 7.69023e-05 	 4.85908e-05
     2.396 	 8.19372e-05 	 5.17847e-05
     2.397 	 7.67608e-05 	 4.85304e-05
     2.398 	 4.78195e-05 	 3.02402e-05
     2.399 	 5.87444e-05 	 3.71655e-05
     2.400 	 5.57241e-05 	 3.52632e-05
     2.401 	 6.09252e-05 	 3.85604e-05
     2.402 	 4.93114e-05 	 3.12145e-05
     2.403 	 8.32567e-05 	 5.271e-05
     2.404 	 5.81597e-05 	 3.68307e-05
     2.405 	 6.38448e-05 	 4.0437e-05
     2.406 	 8.09318e-05 	 5.12669e-05
     2.407 	 6.82979e-05 	 4.32704e-05
     2.408 	  8.1944e-05 	 5.19236e-05
     2.409 	 7.38434e-05 	 4.68024e-05
     2.410 	 8.64662e-05 	 5.48222e-05
     2.411 	 6.21692e-05 	 3.94261e-05
     2.412 	 8.99752e-05 	 5.70729e-05
     2.413 	 7.35594e-05 	 4.66759e-05
     2.414 	 7.09684e-05 	 4.50421e-05
     2.415 	 8.87389e-05 	 5.63334e-05
     2.416 	  8.6658e-05 	 5.50249e-05
     2.417 	    0.000102 	 6.47814e-05
     2.418 	 7.08709e-05 	 4.50211e-05
     2.419 	   8.437e-05 	 5.36087e-05
     2.420 	 5.96658e-05 	 3.79202e-05
     2.421 	 0.000101501 	 6.45293e-05
     2.422 	  3.2211e-05 	 2.04848e-05
     2.423 	 8.82815e-05 	 5.61613e-05
     2.424 	 8.41235e-05 	 5.35336e-05
     2.425 	 9.76775e-05 	 6.2179e-05
     2.426 	 7.56283e-05 	 4.8164e-05
     2.427 	 7.19286e-05 	 4.5832e-05
     2.428 	 5.57851e-05 	 3.55571e-05
     2.429 	 8.92088e-05 	 5.68796e-05
     2.430 	 6.78334e-05 	 4.32647e-05
     2.431 	 0.000104839 	 6.68954e-05
     2.432 	 5.89052e-05 	 3.7602e-05
     2.433 	 6.86733e-05 	 4.3856e-05
     2.434 	 5.14658e-05 	 3.28809e-05
     2.435 	 9.48391e-05 	 6.06173e-05
     2.436 	 6.63018e-05 	 4.23953e-05
     2.437 	 3.86869e-05 	 2.4748e-05
     2.438 	 7.98013e-05 	 5.10705e-05
     2.439 	 4.02061e-05 	 2.57416e-05
     2.440 	 7.30794e-05 	 4.68082e-05
     2.441 	 7.35471e-05 	 4.71283e-05
     2.442 	 2.82951e-05 	 1.81392e-05
     2.443 	 8.69741e-05 	 5.57808e-05
     2.444 	 8.01375e-05 	 5.14185e-05
     2.445 	 4.83913e-05 	 3.10628e-05
     2.446 	 9.60159e-05 	 6.16602e-05
     2.447 	 8.26857e-05 	 5.31228e-05
     2.448 	 6.94778e-05 	 4.46472e-05
     2.449 	 5.65837e-05 	 3.63771e-05
     2.450 	 9.26908e-05 	 5.96159e-05
     2.451 	 6.84361e-05 	 4.40342e-05
     2.452 	 8.04487e-05 	 5.17849e-05
     2.453 	 8.21875e-05 	 5.29152e-05
     2.454 	 2.94707e-05 	 1.89821e-05
     2.455 	 2.32487e-05 	 1.49807e-05
     2.456 	 5.34001e-05 	 3.44235e-05
     2.457 	 5.52226e-05 	 3.5613e-05
     2.458 	 4.27501e-05 	 2.75809e-05
     2.459 	 4.05306e-05 	 2.61597e-05
     2.460 	 5.25928e-05 	 3.39591e-05
     2.461 	 8.59629e-05 	 5.55259e-05
     2.462 	 0.000113399 	 7.32817e-05
     2.463 	 7.57932e-05 	 4.90025e-05
     2.464 	 7.11829e-05 	 4.60431e-05
     2.465 	 8.39342e-05 	 5.43162e-05
     2.466 	 7.00938e-05 	 4.53807e-05
     2.467 	 0.000114133 	 7.39271e-05
     2.468 	 6.74254e-05 	 4.36934e-05
     2.469 	 0.000104429 	 6.76827e-05
     2.470 	 9.18743e-05 	 5.95731e-05
     2.471 	 7.67206e-05 	 4.97738e-05
     2.472 	 7.44561e-05 	 4.83305e-05
     2.473 	 6.69015e-05 	 4.34498e-05
     2.474 	 6.71624e-05 	 4.36426e-05
     2.475 	 9.34471e-05 	 6.0742e-05
     2.476 	 7.87795e-05 	 5.12351e-05
     2.477 	 8.64058e-05 	 5.62248e-05
     2.478 	 8.37194e-05 	 5.45057e-05
     2.479 	 2.30778e-05 	 1.50298e-05
     2.480 	 7.05437e-05 	 4.5962e-05
     2.481 	 0.000105635 	 6.88611e-05
     2.482 	 8.09003e-05 	 5.27646e-05
     2.483 	 8.26609e-05 	 5.39409e-05
     2.484 	 6.67882e-05 	 4.36057e-05
     2.485 	 6.30361e-05 	 4.11728e-05
     2.486 	 7.07956e-05 	 4.62649e-05
     2.487 	 9.88495e-05 	 6.46184e-05
     2.488 	 8.06538e-05 	 5.27511e-05
     2.489 	 8.36815e-05 	 5.47536e-05
     2.490 	  9.5615e-05 	 6.2594e-05
     2.491 	 0.000139559 	 9.14003e-05
     2.492 	 9.01645e-05 	 5.90697e-05
     2.493 	 0.000102722 	 6.73037e-05
     2.494 	 7.80166e-05 	 5.11381e-05
     2.495 	 7.68975e-05 	 5.04258e-05
     2.496 	 8.48364e-05 	 5.56489e-05
     2.497 	 5.37544e-05 	 3.52753e-05
     2.498 	 0.000101303 	 6.65059e-05
     2.499 	 5.17716e-05 	 3.39955e-05
     2.500 	 1.47714e-05 	 9.70256e-06
     2.501 	 9.77932e-06 	 6.42581e-06
     2.502 	  4.7861e-06 	 3.14597e-06
     2.503 	 7.53285e-06 	 4.95267e-06
     2.504 	 1.54357e-05 	 1.01501e-05
     2.505 	 2.33405e-05 	 1.53536e-05
     2.506 	 1.58496e-05 	 1.04275e-05
     2.507 	 6.65008e-06 	 4.37665e-06
     2.508 	 1.87782e-07 	 1.23604e-07
     2.509 	 1.13691e-07 	 7.48534e-08
     2.510 	 3.96185e-08 	 2.60937e-08
     2.511 	 1.16164e-06 	 7.65381e-07
     2.512 	 3.08105e-06 	 2.03019e-06
     2.513 	       5e-06 	 3.29592e-06
     2.514 	 3.15929e-06 	 2.08313e-06
     2.515 	 1.31814e-06 	 8.69472e-07
     2.516 	 5.89755e-06 	 3.89086e-06
     2.517 	 2.54436e-05 	 1.67908e-05
     2.518 	 4.49897e-05 	 2.96981e-05
     2.519 	 5.47188e-05 	 3.61269e-05
     2.520 	 5.78994e-05 	 3.82373e-05
     2.521 	   6.108e-05 	 4.03537e-05
     2.522 	 6.71289e-05 	 4.43536e-05
     2.523 	 7.31765e-05 	 4.83684e-05
     2.524 	 8.07047e-05 	 5.33596e-05
     2.525 	 9.16913e-05 	 6.06474e-05
     2.526 	 0.000102675 	 6.79251e-05
     2.527 	  0.00010303 	 6.81791e-05
     2.528 	 9.88296e-05 	 6.54185e-05
     2.529 	   9.463e-05 	 6.26435e-05
     2.530 	 7.08082e-05 	 4.68921e-05
     2.531 	 4.69865e-05 	 3.11269e-05
     2.532 	 3.28826e-05 	 2.17888e-05
     2.533 	  3.3364e-05 	 2.21152e-05
     2.534 	 3.38455e-05 	 2.24442e-05
     2.535 	 2.48406e-05 	 1.64767e-05
     2.536 	 1.17709e-05 	 7.81019e-06
     2.537 	           0 	        0
     2.538 	           0 	        0
     2.539 	           0 	        0
     2.540 	           0 	        0
     2.541 	           0 	        0
     2.542 	           0 	        0
     2.543 	           0 	        0
     2.544 	           0 	        0
     2.545 	           0 	        0
     2.546 	           0 	        0
     2.547 	           0 	        0
     2.548 	 2.80363e-06 	 1.86649e-06
     2.549 	 8.38822e-06 	 5.58489e-06
     2.550 	 1.39728e-05 	 9.30687e-06
     2.551 	 1.06209e-05 	 7.07632e-06
     2.552 	 5.03578e-06 	 3.3558e-06
     2.553 	 2.19384e-08 	 1.46238e-08
     2.554 	 1.41152e-07 	 9.41271e-08
     2.555 	 2.60393e-07 	 1.73657e-07
     2.556 	 2.75556e-07 	 1.83842e-07
     2.557 	 1.86669e-07 	 1.24563e-07
     2.558 	 9.77605e-08 	 6.52473e-08
     2.559 	 8.89312e-06 	 5.93714e-06
     2.560 	 1.99069e-05 	 1.32939e-05
     2.561 	 2.88919e-05 	 1.92978e-05
     2.562 	 2.97511e-05 	 1.98775e-05
     2.563 	 3.06104e-05 	 2.04598e-05
     2.564 	 2.96017e-05 	 1.97873e-05
     2.565 	 2.67246e-05 	 1.78693e-05
     2.566 	 2.38481e-05 	 1.59507e-05
     2.567 	 1.57247e-05 	 1.05183e-05
     2.568 	 7.01539e-06 	 4.69448e-06
     2.569 	 4.69225e-08 	 3.14081e-08
     2.570 	 3.15387e-08 	 2.11125e-08
     2.571 	 1.61513e-08 	 1.08162e-08
     2.572 	           0 	        0
     2.573 	           0 	        0
     2.574 	           0 	        0
     2.575 	           0 	        0
     2.576 	           0 	        0
     2.577 	           0 	        0
     2.578 	           0 	        0
     2.579 	           0 	        0
     2.580 	           0 	        0
     2.581 	           0 	        0
     2.582 	           0 	        0
     2.583 	 1.74073e-08 	 1.16909e-08
     2.584 	 2.48163e-08 	 1.66716e-08
     2.585 	 2.77766e-08 	 1.86676e-08
     2.586 	   2.037e-08 	 1.36909e-08
     2.587 	 1.29634e-08 	 8.71441e-09
     2.588 	           0 	        0
     2.589 	           0 	        0
     2.590 	           0 	        0
     2.591 	           0 	        0
     2.592 	           0 	        0
     2.593 	           0 	        0
     2.594 	           0 	        0
     2.595 	           0 	        0
     2.596 	           0 	        0
     2.597 	           0 	        0
     2.598 	           0 	        0
     2.599 	 6.56118e-07 	 4.42547e-07
     2.600 	 1.30224e-06 	 8.78622e-07
     2.601 	 1.44108e-06 	 9.72643e-07
     2.602 	 8.18922e-07 	 5.52861e-07
     2.603 	 1.96766e-07 	 1.32871e-07
     2.604 	 8.00073e-08 	 5.40349e-08
     2.605 	 1.80011e-07 	 1.21605e-07
     2.606 	 2.60358e-07 	 1.75925e-07
     2.607 	 1.64058e-07 	 1.10882e-07
     2.608 	 6.77803e-08 	 4.58269e-08
     2.609 	           0 	        0
     2.610 	           0 	        0
     2.611 	           0 	        0
     2.612 	           0 	        0
     2.613 	           0 	        0
     2.614 	 1.96286e-08 	 1.32932e-08
     2.615 	 1.15777e-07 	 7.84291e-08
     2.616 	 2.11926e-07 	 1.43616e-07
     2.617 	 3.19257e-06 	 2.16408e-06
     2.618 	 9.05491e-06 	 6.13948e-06
     2.619 	 1.49173e-05 	 1.0117e-05
     2.620 	 2.30492e-05 	 1.56379e-05
     2.621 	 3.17508e-05 	 2.15478e-05
     2.622 	 4.01028e-05 	 2.72237e-05
     2.623 	  4.7065e-05 	 3.19591e-05
     2.624 	 5.40289e-05 	 3.66984e-05
     2.625 	   5.916e-05 	 4.01994e-05
     2.626 	 6.24599e-05 	 4.24538e-05
     2.627 	 6.57606e-05 	 4.47099e-05
     2.628 	 4.59843e-05 	 3.12731e-05
     2.629 	 2.04457e-05 	 1.39087e-05
     2.630 	           0 	        0
     2.631 	           0 	        0
     2.632 	           0 	        0
     2.633 	           0 	        0
     2.634 	           0 	        0
     2.635 	           0 	        0
     2.636 	 2.99965e-08 	 2.04482e-08
     2.637 	 5.22236e-08 	 3.56095e-08
     2.638 	 6.53838e-08 	 4.45946e-08
     2.639 	 4.23081e-08 	 2.88635e-08
     2.640 	  1.9227e-08 	 1.31219e-08
     2.641 	           0 	        0
     2.642 	           0 	        0
     2.643 	           0 	        0
     2.644 	           0 	        0
     2.645 	           0 	        0
     2.646 	           0 	        0
     2.647 	           0 	        0
     2.648 	           0 	        0
     2.649 	 3.52032e-06 	 2.40854e-06
     2.650 	 9.37086e-06 	 6.41306e-06
     2.651 	   1.522e-05 	 1.04183e-05
     2.652 	 9.58677e-06 	 6.56438e-06
     2.653 	 3.95219e-06 	 2.70678e-06
     2.654 	 5.79124e-07 	 3.96717e-07
     2.655 	   2.475e-06 	 1.69582e-06
     2.656 	 4.37088e-06 	 2.99548e-06
     2.657 	 5.83449e-06 	 3.99939e-06
     2.658 	 7.11224e-06 	 4.8763e-06
     2.659 	    8.39e-06 	 5.75421e-06
     2.660 	  1.0957e-05 	 7.51638e-06
     2.661 	 1.35234e-05 	 9.27867e-06
     2.662 	 1.35538e-05 	 9.3013e-06
     2.663 	  7.6643e-06 	 5.26063e-06
     2.664 	 1.77616e-06 	 1.21935e-06
     2.665 	           0 	        0
     2.666 	           0 	        0
     2.667 	           0 	        0
     2.668 	           0 	        0
     2.669 	           0 	        0
     2.670 	           0 	        0
     2.671 	           0 	        0
     2.672 	           0 	        0
     2.673 	           0 	        0
     2.674 	           0 	        0
     2.675 	           0 	        0
     2.676 	           0 	        0
     2.677 	           0 	        0
     2.678 	           0 	        0
     2.679 	           0 	        0
     2.680 	           0 	        0
     2.681 	           0 	        0
     2.682 	           0 	        0
     2.683 	           0 	        0
     2.684 	           0 	        0
     2.685 	           0 	        0
     2.686 	           0 	        0
     2.687 	           0 	        0
     2.688 	           0 	        0
     2.689 	           0 	        0
     2.690 	           0 	        0
     2.691 	 1.14817e-08 	 7.92259e-09
     2.692 	 1.88883e-08 	 1.30346e-08
     2.693 	 2.62967e-08 	 1.81488e-08
     2.694 	 8.41133e-06 	 5.80571e-06
     2.695 	  2.5174e-05 	 1.73793e-05
     2.696 	 4.19407e-05 	 2.89573e-05
     2.697 	 3.99018e-05 	 2.75467e-05
     2.698 	 3.31682e-05 	 2.29003e-05
     2.699 	 2.69216e-05 	 1.85892e-05
     2.700 	 2.26243e-05 	 1.56219e-05
     2.701 	 1.83281e-05 	 1.26588e-05
     2.702 	 2.59497e-05 	 1.79258e-05
     2.703 	 4.54938e-05 	 3.14319e-05
     2.704 	 6.50333e-05 	 4.49391e-05
     2.705 	 6.73999e-05 	 4.65821e-05
     2.706 	 6.78556e-05 	 4.69047e-05
     2.707 	  6.9184e-05 	 4.78308e-05
     2.708 	  7.4003e-05 	 5.11762e-05
     2.709 	 7.88231e-05 	 5.45183e-05
     2.710 	 7.46247e-05 	 5.16229e-05
     2.711 	 6.44184e-05 	 4.45652e-05
     2.712 	 5.42121e-05 	 3.75066e-05
     2.713 	 6.52056e-05 	 4.51152e-05
     2.714 	 7.85549e-05 	 5.43548e-05
     2.715 	 8.53527e-05 	 5.90619e-05
     2.716 	 7.68582e-05 	 5.31871e-05
     2.717 	 6.83658e-05 	 4.73178e-05
     2.718 	 4.99802e-05 	 3.45946e-05
     2.719 	 2.49971e-05 	 1.73032e-05
     2.720 	       2e-08 	 1.38449e-08
     2.721 	 3.26824e-05 	 2.26266e-05
     2.722 	 6.53448e-05 	 4.5244e-05
     2.723 	 9.22181e-05 	 6.38573e-05
     2.724 	  0.00010557 	 7.3118e-05
     2.725 	 0.000118922 	 8.2374e-05
     2.726 	 0.000112427 	 7.78829e-05
     2.727 	 9.74234e-05 	 6.74961e-05
     2.728 	   8.242e-05 	 5.71073e-05
     2.729 	 6.37144e-05 	 4.41509e-05
     2.730 	 4.50133e-05 	 3.11951e-05
     2.731 	 2.87919e-05 	 1.99561e-05
     2.732 	 1.62891e-05 	 1.12895e-05
     2.733 	 3.78934e-06 	 2.62665e-06
     2.734 	 1.86956e-05 	 1.2961e-05
     2.735 	 4.53446e-05 	 3.14402e-05
     2.736 	     7.2e-05 	 4.9929e-05
     2.737 	 4.69937e-05 	 3.25926e-05
     2.738 	 2.19874e-05 	 1.52515e-05
     2.739 	 8.20535e-06 	 5.69242e-06
     2.740 	  1.1268e-05 	 7.8166e-06
     2.741 	 1.43306e-05 	 9.94249e-06
     2.742 	 1.76195e-05 	 1.2226e-05
     2.743 	 2.10042e-05 	 1.45781e-05
     2.744 	 2.39488e-05 	 1.66241e-05
     2.745 	 2.29378e-05 	 1.59213e-05
     2.746 	 2.19267e-05 	 1.52215e-05
     2.747 	 2.25427e-05 	 1.56497e-05
     2.748 	 2.56005e-05 	 1.77749e-05
     2.749 	  2.8659e-05 	 1.98971e-05
     2.750 	 2.50917e-05 	 1.74228e-05
     2.751 	   1.987e-05 	 1.37989e-05
     2.752 	 1.66771e-05 	 1.15807e-05
     2.753 	 3.17262e-05 	 2.20339e-05
     2.754 	 4.67754e-05 	 3.24899e-05
     2.755 	 4.42778e-05 	 3.07498e-05
     2.756 	 2.42429e-05 	 1.68383e-05
     2.757 	 4.20794e-06 	 2.92307e-06
     2.758 	 5.67937e-06 	 3.94493e-06
     2.759 	 1.25306e-05 	 8.70497e-06
     2.760 	 1.95732e-05 	 1.35951e-05
     2.761 	 2.73872e-05 	 1.90278e-05
     2.762 	  3.5203e-05 	 2.44598e-05
     2.763 	 3.77908e-05 	 2.62652e-05
     2.764 	 3.51525e-05 	 2.44309e-05
     2.765 	 3.25136e-05 	 2.26031e-05
     2.766 	 3.54067e-05 	 2.46162e-05
     2.767 	 3.89137e-05 	 2.70592e-05
     2.768 	 4.11872e-05 	 2.86422e-05
     2.769 	 3.85199e-05 	 2.67947e-05
     2.770 	 3.58533e-05 	 2.49391e-05
     2.771 	 3.58102e-05 	 2.49106e-05
     2.772 	 3.83912e-05 	 2.67131e-05
     2.773 	 4.09716e-05 	 2.85074e-05
     2.774 	 3.78706e-05 	 2.63541e-05
     2.775 	 3.41364e-05 	 2.37594e-05
     2.776 	 2.90758e-05 	 2.02383e-05
     2.777 	 1.87071e-05 	 1.30206e-05
     2.778 	 8.33598e-06 	 5.80239e-06
     2.779 	 3.26766e-06 	 2.2744e-06
     2.780 	 1.73078e-06 	 1.205e-06
     2.781 	 1.93907e-07 	 1.35019e-07
     2.782 	 2.96149e-08 	 2.06259e-08
     2.783 	  1.8077e-08 	 1.25918e-08
     2.784 	           0 	        0
     2.785 	           0 	        0
     2.786 	           0 	        0
     2.787 	           0 	        0
     2.788 	           0 	        0
     2.789 	           0 	        0
     2.790 	           0 	        0
     2.791 	           0 	        0
     2.792 	           0 	        0
     2.793 	           0 	        0
     2.794 	           0 	        0
     2.795 	           0 	        0
     2.796 	           0 	        0
     2.797 	           0 	        0
     2.798 	           0 	        0
     2.799 	           0 	        0
     2.800 	           0 	        0
     2.801 	           0 	        0
     2.802 	           0 	        0
     2.803 	 4.53317e-07 	 3.16876e-07
     2.804 	 1.08658e-06 	 7.59599e-07
     2.805 	    1.72e-06 	 1.20275e-06
     2.806 	 1.27771e-05 	 8.93449e-06
     2.807 	 2.38342e-05 	 1.66693e-05
     2.808 	 2.94773e-05 	 2.06178e-05
     2.809 	 2.69961e-05 	 1.88838e-05
     2.810 	 2.45148e-05 	 1.71531e-05
     2.811 	 3.35737e-05 	 2.34959e-05
     2.812 	 4.75781e-05 	 3.33027e-05
     2.813 	 6.07993e-05 	 4.25692e-05
     2.814 	 6.69833e-05 	 4.69076e-05
     2.815 	 7.31687e-05 	 5.12485e-05
     2.816 	 8.11832e-05 	 5.68724e-05
     2.817 	 9.19452e-05 	 6.44168e-05
     2.818 	  0.00010271 	 7.19717e-05
     2.819 	 0.000106478 	 7.46409e-05
     2.820 	   0.0001085 	 7.60644e-05
     2.821 	  0.00011054 	 7.75168e-05
     2.822 	 0.000112732 	 7.90765e-05
     2.823 	 0.000114924 	 8.06288e-05
     2.824 	 0.000115576 	 8.11093e-05
     2.825 	 0.000114687 	 8.05084e-05
     2.826 	 0.000113798 	 7.98989e-05
     2.827 	 0.000106978 	 7.51319e-05
     2.828 	 9.86723e-05 	 6.92971e-05
     2.829 	 8.95845e-05 	 6.29261e-05
     2.830 	 7.73599e-05 	 5.43491e-05
     2.831 	 6.51323e-05 	 4.57745e-05
     2.832 	 6.90137e-05 	 4.85143e-05
     2.833 	  8.9001e-05 	 6.25865e-05
     2.834 	 0.000108993 	 7.66481e-05
     2.835 	 9.33733e-05 	 6.56865e-05
     2.836 	 7.38013e-05 	 5.19307e-05
     2.837 	 5.71099e-05 	 4.01956e-05
     2.838 	 5.19532e-05 	 3.65713e-05
     2.839 	 4.67977e-05 	 3.29502e-05
     2.840 	 4.67139e-05 	 3.29026e-05
     2.841 	 5.17028e-05 	 3.64161e-05
     2.842 	 5.66905e-05 	 3.99412e-05
     2.843 	 5.61302e-05 	 3.95624e-05
     2.844 	 5.49522e-05 	 3.87358e-05
     2.845 	 5.25467e-05 	 3.70513e-05
     2.846 	 4.52317e-05 	 3.19063e-05
     2.847 	 3.79167e-05 	 2.67488e-05
     2.848 	 4.29399e-05 	 3.03016e-05
     2.849 	 5.61867e-05 	 3.96491e-05
     2.850 	 6.94334e-05 	 4.90166e-05
     2.851 	 5.58712e-05 	 3.94471e-05
     2.852 	 3.93298e-05 	 2.77773e-05
     2.853 	  2.4675e-05 	 1.74292e-05
     2.854 	 1.44209e-05 	 1.01906e-05
     2.855 	  4.1692e-06 	 2.94653e-06
     2.856 	 7.03756e-06 	 4.97533e-06
     2.857 	 1.86502e-05 	 1.31853e-05
     2.858 	   3.026e-05 	 2.13979e-05
     2.859 	 2.99156e-05 	 2.11613e-05
     2.860 	 2.95711e-05 	 2.09201e-05
     2.861 	 2.82483e-05 	 1.99923e-05
     2.862 	  2.4645e-05 	 1.74455e-05
     2.863 	 2.10417e-05 	 1.48962e-05
     2.864 	 1.70147e-05 	 1.20514e-05
     2.865 	 1.28073e-05 	 9.07307e-06
     2.866 	     8.6e-06 	 6.09368e-06
     2.867 	  2.1705e-05 	 1.53856e-05
     2.868 	  3.4807e-05 	 2.46752e-05
     2.869 	 3.97585e-05 	 2.81909e-05
     2.870 	 3.24771e-05 	 2.30372e-05
     2.871 	 2.51941e-05 	 1.78745e-05
     2.872 	 1.70411e-05 	 1.20938e-05
     2.873 	 8.51462e-06 	 6.04446e-06
     2.874 	 8.09219e-07 	 5.74569e-07
     2.875 	 5.01844e-07 	 3.56392e-07
     2.876 	 1.94469e-07 	 1.38132e-07
     2.877 	 2.48588e-06 	 1.76643e-06
     2.878 	 8.67412e-06 	 6.16423e-06
     2.879 	 1.48623e-05 	 1.05639e-05
     2.880 	  2.0013e-05 	 1.42276e-05
     2.881 	 2.47171e-05 	 1.75792e-05
     2.882 	 2.99483e-05 	 2.13041e-05
     2.883 	 3.99167e-05 	 2.84012e-05
     2.884 	 4.98875e-05 	 3.55029e-05
     2.885 	 5.17975e-05 	 3.68775e-05
     2.886 	 4.16125e-05 	 2.96293e-05
     2.887 	 3.14251e-05 	 2.23803e-05
     2.888 	 2.06837e-05 	 1.47335e-05
     2.889 	 9.80333e-06 	 6.98608e-06
     2.890 	           0 	        0
     2.891 	           0 	        0
     2.892 	           0 	        0
     2.893 	           0 	        0
     2.894 	           0 	        0
     2.895 	           0 	        0
     2.896 	           0 	        0
     2.897 	           0 	        0
     2.898 	           0 	        0
     2.899 	           0 	        0
     2.900 	           0 	        0
     2.901 	           0 	        0
     2.902 	           0 	        0
     2.903 	           0 	        0
     2.904 	           0 	        0
     2.905 	           0 	        0
     2.906 	           0 	        0
     2.907 	           0 	        0
     2.908 	           0 	        0
     2.909 	           0 	        0
     2.910 	           0 	        0
     2.911 	           0 	        0
     2.912 	           0 	        0
     2.913 	           0 	        0
     2.914 	           0 	        0
     2.915 	           0 	        0
     2.916 	           0 	        0
     2.917 	           0 	        0
     2.918 	           0 	        0
     2.919 	           0 	        0
     2.920 	 1.41545e-07 	 1.01415e-07
     2.921 	 2.87691e-07 	 2.06143e-07
     2.922 	 2.69737e-06 	 1.93314e-06
     2.923 	 1.03917e-05 	 7.44808e-06
     2.924 	 1.80841e-05 	 1.29611e-05
     2.925 	 1.62903e-05 	 1.16752e-05
     2.926 	 8.17419e-06 	 5.8595e-06
     2.927 	       6e-08 	 4.30132e-08
     2.928 	 1.04228e-05 	 7.47176e-06
     2.929 	 2.07856e-05 	 1.49033e-05
     2.930 	 3.17918e-05 	 2.27965e-05
     2.931 	   4.429e-05 	 3.176e-05
     2.932 	 5.67882e-05 	 4.07157e-05
     2.933 	 5.94951e-05 	 4.2663e-05
     2.934 	 5.80026e-05 	 4.15948e-05
     2.935 	   5.651e-05 	 4.05305e-05
     2.936 	 6.90227e-05 	 4.95074e-05
     2.937 	 8.15324e-05 	 5.84644e-05
     2.938 	 8.50978e-05 	 6.10303e-05
     2.939 	 7.52387e-05 	 5.39621e-05
     2.940 	 6.53773e-05 	 4.68966e-05
     2.941 	   6.333e-05 	 4.54287e-05
     2.942 	 6.46299e-05 	 4.63667e-05
     2.943 	 6.47056e-05 	 4.64118e-05
     2.944 	 5.37771e-05 	 3.85777e-05
     2.945 	 4.28486e-05 	 3.07352e-05
     2.946 	 3.75539e-05 	 2.69378e-05
     2.947 	 4.07128e-05 	 2.92071e-05
     2.948 	 4.38717e-05 	 3.14738e-05
     2.949 	 5.90724e-05 	 4.23838e-05
     2.950 	 7.94434e-05 	 5.70007e-05
     2.951 	 9.67402e-05 	 6.94095e-05
     2.952 	  8.6457e-05 	 6.20363e-05
     2.953 	 7.61714e-05 	 5.46546e-05
     2.954 	 6.65919e-05 	 4.77848e-05
     2.955 	 5.80685e-05 	 4.16676e-05
     2.956 	 4.95431e-05 	 3.55492e-05
     2.957 	 5.12538e-05 	 3.67795e-05
     2.958 	   5.552e-05 	 3.98399e-05
     2.959 	 5.91713e-05 	 4.24724e-05
     2.960 	 5.72868e-05 	 4.11229e-05
     2.961 	 5.54023e-05 	 3.97654e-05
     2.962 	 5.87984e-05 	 4.2198e-05
     2.963 	 6.74774e-05 	 4.8426e-05
     2.964 	 7.61542e-05 	 5.46583e-05
     2.965 	 6.53099e-05 	 4.68743e-05
     2.966 	 4.95801e-05 	 3.55805e-05
     2.967 	 3.49457e-05 	 2.50833e-05
     2.968 	 2.46764e-05 	 1.77101e-05
     2.969 	 1.44046e-05 	 1.03402e-05
     2.970 	  1.0743e-05 	 7.71161e-06
     2.971 	  1.3689e-05 	 9.82629e-06
     2.972 	  1.6635e-05 	 1.19397e-05
     2.973 	   1.129e-05 	 8.10331e-06
     2.974 	   5.024e-06 	 3.60515e-06
     2.975 	 2.99817e-08 	 2.15189e-08
     2.976 	 1.30009e-07 	 9.33117e-08
     2.977 	 2.30013e-07 	 1.65069e-07
     2.978 	 1.73229e-06 	 1.24318e-06
     2.979 	 4.16943e-06 	 2.9928e-06
     2.980 	   6.606e-06 	 4.74224e-06
     2.981 	 4.57707e-06 	 3.28482e-06
     2.982 	 2.05058e-06 	 1.4717e-06
     2.983 	 3.23081e-08 	 2.3186e-08
     2.984 	 4.38459e-08 	 3.14674e-08
     2.985 	 5.53838e-08 	 3.97496e-08
     2.986 	 5.11099e-08 	 3.66875e-08
     2.987 	 3.62967e-08 	 2.60582e-08
     2.988 	 2.14834e-08 	 1.5424e-08
     2.989 	 1.65383e-08 	 1.18742e-08
     2.990 	 1.26923e-08 	 9.11319e-09
     2.991 	           0 	        0
     2.992 	           0 	        0
     2.993 	           0 	        0
     2.994 	           0 	        0
     2.995 	           0 	        0
     2.996 	           0 	        0
     2.997 	           0 	        0
     2.998 	           0 	        0
     2.999 	           0 	        0
     3.000 	           0 	        0
     3.001 	           0 	        0
     3.002 	           0 	        0
     3.003 	           0 	        0
     3.004 	           0 	        0
     3.005 	 2.67716e-07 	 1.92411e-07
     3.006 	  5.2537e-07 	 3.7761e-07
     3.007 	 5.80778e-07 	 4.175e-07
     3.008 	 3.32634e-07 	 2.3913e-07
     3.009 	 8.44313e-08 	 6.07006e-08
     3.010 	           0 	        0
     3.011 	           0 	        0
     3.012 	 1.43139e-07 	 1.02918e-07
     3.013 	 1.47263e-06 	 1.05864e-06
     3.014 	 2.80212e-06 	 2.01443e-06
     3.015 	 3.04759e-06 	 2.19096e-06
     3.016 	  1.6669e-06 	 1.19852e-06
     3.017 	 2.86204e-07 	 2.0579e-07
     3.018 	           0 	        0
     3.019 	           0 	        0
     3.020 	           0 	        0
     3.021 	           0 	        0
     3.022 	           0 	        0
     3.023 	           0 	        0
     3.024 	           0 	        0
     3.025 	           0 	        0
     3.026 	           0 	        0
     3.027 	           0 	        0
     3.028 	           0 	        0
     3.029 	           0 	        0
     3.030 	           0 	        0
     3.031 	           0 	        0
     3.032 	           0 	        0
     3.033 	           0 	        0
     3.034 	           0 	        0
     3.035 	           0 	        0
     3.036 	           0 	        0
     3.037 	           0 	        0
     3.038 	           0 	        0
     3.039 	           0 	        0
     3.040 	           0 	        0
     3.041 	           0 	        0
     3.042 	           0 	        0
     3.043 	           0 	        0
     3.044 	           0 	        0
     3.045 	           0 	        0
     3.046 	           0 	        0
     3.047 	           0 	        0
     3.048 	           0 	        0
     3.049 	           0 	        0
     3.050 	           0 	        0
     3.051 	           0 	        0
     3.052 	           0 	        0
     3.053 	           0 	        0
     3.054 	           0 	        0
     3.055 	 1.22225e-08 	 8.80165e-09
     3.056 	 1.59258e-08 	 1.14675e-08
     3.057 	 1.96291e-08 	 1.41359e-08
     3.058 	 3.35709e-06 	 2.41741e-06
     3.059 	 7.06458e-06 	 5.0878e-06
     3.060 	 1.20951e-05 	 8.71092e-06
     3.061 	 2.02154e-05 	 1.45598e-05
     3.062 	 2.83338e-05 	 2.04057e-05
     3.063 	  3.0223e-05 	 2.17673e-05
     3.064 	 2.79617e-05 	 2.01374e-05
     3.065 	    2.57e-05 	 1.85075e-05
     3.066 	 1.61891e-05 	 1.16588e-05
     3.067 	 6.67811e-06 	 4.80906e-06
     3.068 	 1.28408e-06 	 9.24936e-07
     3.069 	   5.495e-06 	 3.95787e-06
     3.070 	 9.70592e-06 	 6.99116e-06
     3.071 	 1.90204e-05 	 1.36977e-05
     3.072 	 3.05202e-05 	 2.1982e-05
     3.073 	   4.202e-05 	 3.02587e-05
     3.074 	 3.68708e-05 	 2.6554e-05
     3.075 	 3.17203e-05 	 2.28402e-05
     3.076 	 2.67566e-05 	 1.92684e-05
     3.077 	 2.20715e-05 	 1.5893e-05
     3.078 	 1.73853e-05 	 1.25189e-05
     3.079 	 1.48977e-05 	 1.07266e-05
     3.080 	 1.33516e-05 	 9.61355e-06
     3.081 	 1.19263e-05 	 8.58847e-06
     3.082 	 1.15893e-05 	 8.3434e-06
     3.083 	 1.12522e-05 	 8.10014e-06
     3.084 	 9.35123e-06 	 6.73191e-06
     3.085 	 5.10531e-06 	 3.67542e-06
     3.086 	 8.59387e-07 	 6.1871e-07
     3.087 	           0 	        0
     3.088 	           0 	        0
     3.089 	           0 	        0
     3.090 	           0 	        0
     3.091 	           0 	        0
     3.092 	           0 	        0
     3.093 	           0 	        0
     3.094 	           0 	        0
     3.095 	           0 	        0
     3.096 	           0 	        0
     3.097 	           0 	        0
     3.098 	           0 	        0
     3.099 	           0 	        0
     3.100 	           0 	        0
     3.101 	           0 	        0
     3.102 	           0 	        0
     3.103 	           0 	        0
     3.104 	           0 	        0
     3.105 	           0 	        0
     3.106 	           0 	        0
     3.107 	           0 	        0
     3.108 	           0 	        0
     3.109 	           0 	        0
     3.110 	           0 	        0
     3.111 	           0 	        0
     3.112 	           0 	        0
     3.113 	           0 	        0
     3.114 	           0 	        0
     3.115 	           0 	        0
     3.116 	           0 	        0
     3.117 	           0 	        0
     3.118 	           0 	        0
     3.119 	           0 	        0
     3.120 	           0 	        0
     3.121 	           0 	        0
     3.122 	           0 	        0
     3.123 	           0 	        0
     3.124 	           0 	        0
     3.125 	           0 	        0
     3.126 	           0 	        0
     3.127 	           0 	        0
     3.128 	           0 	        0
     3.129 	           0 	        0
     3.130 	           0 	        0
     3.131 	           0 	        0
     3.132 	           0 	        0
     3.133 	           0 	        0
     3.134 	           0 	        0
     3.135 	           0 	        0
     3.136 	           0 	        0
     3.137 	           0 	        0
     3.138 	           0 	        0
     3.139 	           0 	        0
     3.140 	           0 	        0
     3.141 	           0 	        0
     3.142 	           0 	        0
     3.143 	           0 	        0
     3.144 	           0 	        0
     3.145 	           0 	        0
     3.146 	           0 	        0
     3.147 	           0 	        0
     3.148 	           0 	        0
     3.149 	           0 	        0
     3.150 	           0 	        0
     3.151 	           0 	        0
     3.152 	           0 	        0
     3.153 	           0 	        0
     3.154 	           0 	        0
     3.155 	           0 	        0
     3.156 	           0 	        0
     3.157 	           0 	        0
     3.158 	           0 	        0
     3.159 	           0 	        0
     3.160 	           0 	        0
     3.161 	           0 	        0
     3.162 	           0 	        0
     3.163 	           0 	        0
     3.164 	           0 	        0
     3.165 	           0 	        0
     3.166 	           0 	        0
     3.167 	           0 	        0
     3.168 	           0 	        0
     3.169 	           0 	        0
     3.170 	           0 	        0
     3.171 	           0 	        0
     3.172 	           0 	        0
     3.173 	           0 	        0
     3.174 	           0 	        0
     3.175 	           0 	        0
     3.176 	           0 	        0
     3.177 	           0 	        0
     3.178 	           0 	        0
     3.179 	           0 	        0
     3.180 	           0 	        0
     3.181 	           0 	        0
     3.182 	           0 	        0
     3.183 	           0 	        0
     3.184 	           0 	        0
     3.185 	           0 	        0
     3.186 	           0 	        0
     3.187 	           0 	        0
     3.188 	           0 	        0
     3.189 	           0 	        0
     3.190 	           0 	        0
     3.191 	           0 	        0
     3.192 	           0 	        0
     3.193 	           0 	        0
     3.194 	           0 	        0
     3.195 	           0 	        0
     3.196 	           0 	        0
     3.197 	           0 	        0
     3.198 	           0 	        0
     3.199 	           0 	        0
     3.200 	           0 	        0
     3.201 	 7.95842e-06 	 5.73105e-06
     3.202 	 2.12026e-05 	 1.52663e-05
     3.203 	   3.445e-05 	 2.48038e-05
     3.204 	 3.75574e-05 	 2.70372e-05
     3.205 	 4.06647e-05 	 2.92669e-05
     3.206 	 4.14039e-05 	 2.97947e-05
     3.207 	   3.662e-05 	 2.63457e-05
     3.208 	 3.18361e-05 	 2.29007e-05
     3.209 	 3.79993e-05 	 2.73273e-05
     3.210 	 4.88546e-05 	 3.51254e-05
     3.211 	   5.971e-05 	 4.2928e-05
     3.212 	 6.04137e-05 	 4.34274e-05
     3.213 	 6.11177e-05 	 4.39314e-05
     3.214 	 5.86255e-05 	 4.21379e-05
     3.215 	 5.13368e-05 	 3.68934e-05
     3.216 	 4.40463e-05 	 3.16493e-05
     3.217 	 3.72453e-05 	 2.67611e-05
     3.218 	 3.06534e-05 	 2.20169e-05
     3.219 	 2.46506e-05 	 1.77026e-05
     3.220 	 2.39581e-05 	 1.72027e-05
     3.221 	 2.32656e-05 	 1.67003e-05
     3.222 	 2.47077e-05 	 1.77336e-05
     3.223 	 2.93547e-05 	 2.10688e-05
     3.224 	 3.40006e-05 	 2.43957e-05
     3.225 	 2.70136e-05 	 1.93825e-05
     3.226 	 1.71151e-05 	 1.22764e-05
     3.227 	   8.086e-06 	 5.79937e-06
     3.228 	 6.84772e-06 	 4.90973e-06
     3.229 	 5.60914e-06 	 4.02126e-06
     3.230 	 5.67703e-06 	 4.06867e-06
     3.231 	 7.05107e-06 	 5.05252e-06
     3.232 	 8.42545e-06 	 6.0375e-06
     3.233 	 6.12484e-06 	 4.38814e-06
     3.234 	 2.90667e-06 	 2.08211e-06
     3.235 	 1.65319e-08 	 1.18437e-08
     3.236 	 8.19285e-08 	 5.86842e-08
     3.237 	 1.47309e-07 	 1.05496e-07
     3.238 	 1.80575e-06 	 1.29297e-06
     3.239 	 5.05804e-06 	 3.62068e-06
     3.240 	 8.30954e-06 	 5.94711e-06
     3.241 	 6.30184e-06 	 4.51055e-06
     3.242 	 2.97816e-06 	 2.13134e-06
     3.243 	 2.97034e-07 	 2.1257e-07
     3.244 	 1.82231e-07 	 1.30395e-07
     3.245 	 6.74287e-08 	 4.82373e-08
     3.246 	           0 	        0
     3.247 	           0 	        0
     3.248 	           0 	        0
     3.249 	           0 	        0
     3.250 	           0 	        0
     3.251 	           0 	        0
     3.252 	           0 	        0
     3.253 	           0 	        0
     3.254 	           0 	        0
     3.255 	           0 	        0
     3.256 	           0 	        0
     3.257 	           0 	        0
     3.258 	           0 	        0
     3.259 	           0 	        0
     3.260 	           0 	        0
     3.261 	           0 	        0
     3.262 	           0 	        0
     3.263 	           0 	        0
     3.264 	           0 	        0
     3.265 	 2.46218e-06 	 1.75723e-06
     3.266 	 4.91377e-06 	 3.50615e-06
     3.267 	 6.26085e-06 	 4.46726e-06
     3.268 	 5.03015e-06 	 3.58871e-06
     3.269 	 3.79915e-06 	 2.70987e-06
     3.270 	 2.54337e-06 	 1.81412e-06
     3.271 	 1.27683e-06 	 9.1056e-07
     3.272 	           0 	        0
     3.273 	           0 	        0
     3.274 	           0 	        0
     3.275 	           0 	        0
     3.276 	           0 	        0
     3.277 	           0 	        0
     3.278 	           0 	        0
     3.279 	           0 	        0
     3.280 	           0 	        0
     3.281 	 3.75331e-07 	 2.6735e-07
     3.282 	 7.40749e-07 	 5.27627e-07
     3.283 	 4.44314e-06 	 3.16471e-06
     3.284 	 1.31541e-05 	 9.36808e-06
     3.285 	 2.18671e-05 	 1.55746e-05
     3.286 	 1.78918e-05 	 1.27403e-05
     3.287 	 8.48082e-06 	 6.0382e-06
     3.288 	           0 	        0
     3.289 	           0 	        0
     3.290 	           0 	        0
     3.291 	           0 	        0
     3.292 	           0 	        0
     3.293 	           0 	        0
     3.294 	           0 	        0
     3.295 	           0 	        0
     3.296 	           0 	        0
     3.297 	           0 	        0
     3.298 	           0 	        0
     3.299 	           0 	        0
     3.300 	           0 	        0
     3.301 	           0 	        0
     3.302 	 2.44646e-05 	 1.74059e-05
     3.303 	 5.50255e-05 	 3.91416e-05
     3.304 	  7.8774e-05 	 5.60471e-05
     3.305 	 7.52399e-05 	 5.35223e-05
     3.306 	 7.17066e-05 	 5.10148e-05
     3.307 	 6.25963e-05 	 4.45295e-05
     3.308 	 4.79055e-05 	 3.40793e-05
     3.309 	 3.32182e-05 	 2.36313e-05
     3.310 	 2.10564e-05 	 1.49796e-05
     3.311 	 9.52356e-06 	 6.77474e-06
     3.312 	 2.78516e-07 	 1.98155e-07
     3.313 	  1.7112e-07 	 1.2174e-07
     3.314 	 6.37236e-08 	 4.53367e-08
     3.315 	           0 	        0
     3.316 	           0 	        0
     3.317 	           0 	        0
     3.318 	           0 	        0
     3.319 	           0 	        0
     3.320 	           0 	        0
     3.321 	           0 	        0
     3.322 	           0 	        0
     3.323 	           0 	        0
     3.324 	           0 	        0
     3.325 	           0 	        0
     3.326 	           0 	        0
     3.327 	           0 	        0
     3.328 	 1.44468e-08 	 1.02773e-08
     3.329 	   2.926e-08 	 2.08146e-08
     3.330 	 4.40733e-08 	 3.13545e-08
     3.331 	 8.23136e-08 	 5.8564e-08
     3.332 	 1.36157e-07 	 9.68598e-08
     3.333 	     1.9e-07 	 1.3516e-07
     3.334 	 1.23324e-07 	 8.77446e-08
     3.335 	 5.66649e-08 	 4.03118e-08
     3.336 	           0 	        0
     3.337 	           0 	        0
     3.338 	           0 	        0
     3.339 	           0 	        0
     3.340 	           0 	        0
     3.341 	           0 	        0
     3.342 	           0 	        0
     3.343 	           0 	        0
     3.344 	           0 	        0
     3.345 	           0 	        0
     3.346 	           0 	        0
     3.347 	           0 	        0
     3.348 	           0 	        0
     3.349 	           0 	        0
     3.350 	           0 	        0
     3.351 	           0 	        0
     3.352 	           0 	        0
     3.353 	           0 	        0
     3.354 	           0 	        0
     3.355 	           0 	        0
     3.356 	           0 	        0
     3.357 	           0 	        0
     3.358 	           0 	        0
     3.359 	           0 	        0
     3.360 	           0 	        0
     3.361 	           0 	        0
     3.362 	           0 	        0
     3.363 	           0 	        0
     3.364 	           0 	        0
     3.365 	           0 	        0
     3.366 	           0 	        0
     3.367 	           0 	        0
     3.368 	           0 	        0
     3.369 	           0 	        0
     3.370 	           0 	        0
     3.371 	           0 	        0
     3.372 	           0 	        0
     3.373 	   1.074e-08 	 7.64063e-09
     3.374 	 1.44445e-08 	 1.02762e-08
     3.375 	 1.81482e-08 	 1.29112e-08
     3.376 	 1.67201e-05 	 1.18941e-05
     3.377 	 5.01282e-05 	 3.56597e-05
     3.378 	 8.35284e-05 	 5.94202e-05
     3.379 	 0.000123102 	 8.75729e-05
     3.380 	 0.000164228 	 0.000116854
     3.381 	 0.000203981 	 0.000145141
     3.382 	 0.000238277 	 0.000169527
     3.383 	 0.000272574 	 0.00019393
     3.384 	 0.000297172 	 0.000211433
     3.385 	 0.000312056 	 0.000222024
     3.386 	  0.00032694 	 0.000232616
     3.387 	 0.000327027 	 0.00023268
     3.388 	 0.000325468 	 0.00023162
     3.389 	 0.000324173 	 0.000230699
     3.390 	 0.000323938 	 0.00023051
     3.391 	 0.000323704 	 0.000230345
     3.392 	 0.000321434 	 0.000228731
     3.393 	 0.000317809 	 0.000226153
     3.394 	 0.000314183 	 0.000223575
     3.395 	 0.000302426 	 0.000215254
     3.396 	 0.000289764 	 0.000206264
     3.397 	 0.000274951 	 0.000195721
     3.398 	 0.000255135 	 0.000181617
     3.399 	 0.000235318 	 0.000167512
     3.400 	 0.000211969 	 0.000150876
     3.401 	 0.000186275 	 0.000132616
     3.402 	  0.00016058 	 0.000114325
     3.403 	 0.000137351 	 9.7808e-05
     3.404 	 0.000114128 	 8.1272e-05
     3.405 	 9.33225e-05 	 6.64638e-05
     3.406 	 7.81618e-05 	 5.56786e-05
     3.407 	 6.29975e-05 	 4.48769e-05
     3.408 	 5.13362e-05 	 3.65704e-05
     3.409 	 4.11743e-05 	 2.93378e-05
     3.410 	   3.101e-05 	 2.20958e-05
     3.411 	 2.29181e-05 	 1.63335e-05
     3.412 	 1.48263e-05 	 1.05677e-05
     3.413 	 1.36623e-05 	 9.73811e-06
     3.414 	  2.2891e-05 	 1.63195e-05
     3.415 	 3.21196e-05 	 2.2899e-05
     3.416 	 4.19217e-05 	 2.98936e-05
     3.417 	  5.1972e-05 	 3.70606e-05
     3.418 	   6.202e-05 	 4.42396e-05
     3.419 	 6.55272e-05 	 4.67418e-05
     3.420 	 6.90352e-05 	 4.92445e-05
     3.421 	 7.17546e-05 	 5.1193e-05
     3.422 	 7.32916e-05 	 5.2282e-05
     3.423 	  7.4829e-05 	 5.33877e-05
     3.424 	 7.51877e-05 	 5.36472e-05
     3.425 	 7.50415e-05 	 5.35518e-05
     3.426 	 7.53624e-05 	 5.37789e-05
     3.427 	 7.98805e-05 	 5.70009e-05
     3.428 	 8.43985e-05 	 6.0235e-05
     3.429 	 9.22356e-05 	 6.58259e-05
     3.430 	 0.000105057 	 7.49888e-05
     3.431 	 0.000117876 	 8.41496e-05
     3.432 	 0.000120541 	 8.60718e-05
     3.433 	 0.000120667 	 8.61639e-05
     3.434 	 0.000121494 	 8.67742e-05
     3.435 	 0.000128628 	 9.18718e-05
     3.436 	 0.000135763 	 9.69806e-05
     3.437 	 0.000142378 	 0.000101739
     3.438 	 0.000148474 	 0.000106098
     3.439 	  0.00015457 	 0.00011048
     3.440 	 0.000165157 	 0.00011805
     3.441 	 0.000176863 	 0.000126445
     3.442 	 0.000188424 	 0.000134713
     3.443 	 0.000199408 	 0.000142598
     3.444 	 0.000210389 	 0.000150469
     3.445 	 0.000219328 	 0.000156865
     3.446 	 0.000226224 	 0.000161833
     3.447 	 0.000233119 	 0.000166769
     3.448 	 0.000244775 	 0.000175146
     3.449 	  0.00025696 	 0.000183868
     3.450 	 0.000268579 	 0.000192245
     3.451 	 0.000277923 	 0.000198933
     3.452 	 0.000287266 	 0.000205661
     3.453 	 0.000298103 	 0.000213419
     3.454 	 0.000310429 	 0.000222243
     3.455 	 0.000322756 	 0.000231115
     3.456 	 0.000332643 	 0.000238194
     3.457 	 0.000342257 	 0.000245152
     3.458 	 0.000349228 	 0.000250145
     3.459 	 0.000345611 	 0.000247604
     3.460 	 0.000341996 	 0.000245013
     3.461 	 0.000341114 	 0.000244383
     3.462 	 0.000342055 	 0.000245109
     3.463 	 0.000342996 	 0.000245786
     3.464 	 0.000348832 	 0.000250021
     3.465 	 0.000355213 	 0.000254622
     3.466 	 0.000360667 	 0.000258534
     3.467 	 0.000363956 	 0.000260948
     3.468 	 0.000367244 	 0.000263307
     3.469 	 0.000362845 	 0.000260208
     3.470 	 0.000353323 	 0.000253382
     3.471 	   0.0003438 	 0.000246586
     3.472 	 0.000343426 	 0.000246375
     3.473 	 0.000343052 	 0.000246138
     3.474 	  0.00034465 	 0.000247342
     3.475 	 0.000350849 	 0.000251797
     3.476 	  0.00035705 	 0.000256254
     3.477 	 0.000357759 	 0.000256823
     3.478 	 0.000356115 	 0.000255649
     3.479 	  0.00035447 	 0.000254476
     3.480 	 0.000358401 	 0.000257357
     3.481 	 0.000362331 	 0.000260209
     3.482 	 0.000369221 	 0.000265214
     3.483 	 0.000380546 	 0.000273353
     3.484 	  0.00039187 	 0.00028149
     3.485 	 0.000393782 	 0.000282925
     3.486 	 0.000391656 	 0.000281401
     3.487 	  0.00038953 	 0.000279877
     3.488 	 0.000397948 	 0.000285987
     3.489 	 0.000406368 	 0.000292042
     3.490 	 0.000418118 	 0.000300489
     3.491 	  0.00043487 	 0.000312576
     3.492 	 0.000451625 	 0.000324701
     3.493 	 0.000461908 	 0.000332111
     3.494 	 0.000469419 	 0.000337527
     3.495 	 0.000477159 	 0.00034318
     3.496 	 0.000486964 	 0.000350249
     3.497 	 0.000496767 	 0.000357317
     3.498 	 0.000504351 	 0.00036279
     3.499 	 0.000508605 	 0.000365943
     3.500 	 0.000512859 	 0.000369022
     3.501 	 0.000517559 	 0.000372405
     3.502 	 0.000522371 	 0.000375869
     3.503 	 0.000527571 	 0.000379651
     3.504 	 0.000536266 	 0.000385987
     3.505 	 0.000544963 	 0.000392249
     3.506 	 0.000544564 	 0.000391963
     3.507 	 0.000535071 	 0.000385131
     3.508 	 0.000525579 	 0.000378301
     3.509 	 0.000524951 	 0.00037785
     3.510 	 0.000526539 	 0.000378995
     3.511 	 0.000530342 	 0.000381821
     3.512 	 0.000543015 	 0.000390958
     3.513 	 0.000555685 	 0.000400091
     3.514 	 0.000562703 	 0.000405158
     3.515 	 0.000564068 	 0.000406153
     3.516 	 0.000565433 	 0.000407148
     3.517 	 0.000560544 	 0.00040364
     3.518 	 0.000554959 	 0.000399631
     3.519 	   0.0005474 	 0.0003942
     3.520 	 0.000531955 	 0.000383206
     3.521 	  0.00051651 	 0.000372089
     3.522 	 0.000499164 	 0.000359602
     3.523 	 0.000480559 	 0.000346208
     3.524 	 0.000461953 	 0.000332776
     3.525 	 0.000448917 	 0.000323393
     3.526 	 0.000436503 	 0.000314459
     3.527 	 0.000423949 	 0.000305422
     3.528 	 0.000410826 	 0.000295975
     3.529 	 0.000397706 	 0.000286531
     3.530 	 0.000383064 	 0.000275988
     3.531 	 0.000367408 	 0.000264717
     3.532 	 0.000351748 	 0.000253443
     3.533 	 0.000345248 	 0.000248767
     3.534 	 0.000339767 	 0.000244826
     3.535 	 0.000339112 	 0.000244362
     3.536 	 0.000349711 	 0.000251981
     3.537 	 0.000360309 	 0.000259626
     3.538 	 0.000384127 	 0.000276797
     3.539 	 0.000416749 	 0.000300315
     3.540 	  0.00044937 	 0.000323832
     3.541 	 0.000497739 	 0.000358692
     3.542 	 0.000546119 	 0.000393561
     3.543 	 0.000599821 	 0.000432265
     3.544 	 0.000665967 	 0.000479888
     3.545 	 0.000732129 	 0.000527568
     3.546 	 0.000801489 	 0.000577554
     3.547 	 0.000872226 	 0.000628535
     3.548 	  0.00094298 	 0.000679527
     3.549 	   0.0010097 	 0.000727615
     3.550 	  0.00107642 	 0.000775702
     3.551 	  0.00113613 	 0.000818673
     3.552 	  0.00118528 	 0.000854121
     3.553 	  0.00123443 	 0.00088957
     3.554 	  0.00126073 	 0.000908555
     3.555 	  0.00127722 	 0.000920472
     3.556 	  0.00129045 	 0.000929941
     3.557 	  0.00127436 	 0.00091838
     3.558 	  0.00125827 	 0.000906816
     3.559 	  0.00123847 	 0.000892579
     3.560 	  0.00121308 	 0.000874312
     3.561 	  0.00118769 	 0.000855951
     3.562 	  0.00115202 	 0.000830273
     3.563 	  0.00111195 	 0.000801421
     3.564 	  0.00107127 	 0.000772129
     3.565 	  0.00102511 	 0.000738884
     3.566 	 0.000978957 	 0.000705567
     3.567 	 0.000934722 	 0.000673709
     3.568 	 0.000893353 	 0.000643914
     3.569 	 0.000851994 	 0.000614125
     3.570 	 0.000820273 	 0.000591218
     3.571 	 0.000790955 	 0.00056999
     3.572 	  0.00076204 	 0.000549172
     3.573 	 0.000736674 	 0.000530853
     3.574 	 0.000711309 	 0.000512592
     3.575 	 0.000689848 	 0.000497144
     3.576 	 0.000672304 	 0.000484517
     3.577 	  0.00065476 	 0.00047184
     3.578 	 0.000643342 	 0.000463627
     3.579 	 0.000633458 	 0.00045652
     3.580 	 0.000624721 	 0.000450191
     3.581 	 0.000620572 	 0.000447232
     3.582 	 0.000616424 	 0.000444273
     3.583 	 0.000614742 	 0.000443045
     3.584 	 0.000615527 	 0.000443641
     3.585 	 0.000616311 	 0.000444237
     3.586 	 0.000605632 	 0.000436524
     3.587 	 0.000593677 	 0.000427849
     3.588 	 0.000581383 	 0.000419019
     3.589 	 0.000567753 	 0.00040918
     3.590 	 0.000554123 	 0.000399385
     3.591 	 0.000544078 	 0.000392162
     3.592 	 0.000536427 	 0.000386622
     3.593 	 0.000528776 	 0.000381123
     3.594 	 0.000531103 	 0.000382776
     3.595 	  0.00053454 	 0.000385269
     3.596 	 0.000538152 	 0.000387889
     3.597 	 0.000542468 	 0.000390974
     3.598 	 0.000546784 	 0.000394102
     3.599 	 0.000545852 	 0.000393405
     3.600 	 0.000541423 	 0.000390229
     3.601 	 0.000536993 	 0.000387001
     3.602 	 0.000541368 	 0.000390161
     3.603 	 0.000546722 	 0.000393984
     3.604 	 0.000551793 	 0.000397646
     3.605 	   0.0005562 	 0.000400829
     3.606 	 0.000560607 	 0.000403969
     3.607 	 0.000565015 	 0.000407152
     3.608 	 0.000569423 	 0.000410292
     3.609 	  0.00057383 	 0.000413474
     3.610 	 0.000584436 	 0.000421079
     3.611 	 0.000595045 	 0.000428747
     3.612 	 0.000606489 	 0.000436971
     3.613 	 0.000619888 	 0.000446649
     3.614 	 0.000633291 	 0.000456284
     3.615 	 0.000648717 	 0.000467425
     3.616 	 0.000665012 	 0.000479143
     3.617 	  0.00068131 	 0.000490861
     3.618 	 0.000699494 	 0.00050399
     3.619 	 0.000717677 	 0.000517065
     3.620 	 0.000732002 	 0.000527416
     3.621 	 0.000740536 	 0.000533531
     3.622 	 0.000749069 	 0.000539701
     3.623 	 0.000755083 	 0.000543999
     3.624 	 0.000760019 	 0.00054752
     3.625 	 0.000765862 	 0.000551753
     3.626 	 0.000779867 	 0.000561807
     3.627 	 0.000793875 	 0.000571922
     3.628 	 0.000807998 	 0.000582059
     3.629 	 0.000822298 	 0.000592323
     3.630 	 0.000836601 	 0.000602651
     3.631 	 0.000849072 	 0.000611598
     3.632 	  0.00086076 	 0.000620046
     3.633 	 0.000872863 	 0.000628727
     3.634 	 0.000888717 	 0.000640108
     3.635 	 0.000904568 	 0.000651556
     3.636 	 0.000924703 	 0.000666154
     3.637 	 0.000951277 	 0.000685257
     3.638 	 0.000977845 	 0.000704429
     3.639 	  0.00101059 	 0.000727974
     3.640 	  0.00104488 	 0.000752629
     3.641 	  0.00107982 	 0.00077783
     3.642 	  0.00112067 	 0.000807206
     3.643 	  0.00116152 	 0.000836576
     3.644 	  0.00120385 	 0.000867103
     3.645 	  0.00124763 	 0.000898578
     3.646 	  0.00129141 	 0.000930052
     3.647 	  0.00134055 	 0.00096538
     3.648 	  0.00139101 	 0.00100176
     3.649 	  0.00144321 	 0.00103929
     3.650 	  0.00150236 	 0.00108182
     3.651 	  0.00156151 	 0.00112431
     3.652 	  0.00163123 	 0.00117454
     3.653 	  0.00171154 	 0.00123226
     3.654 	  0.00179183 	 0.00128995
     3.655 	  0.00188876 	 0.00135962
     3.656 	  0.00198754 	 0.00143075
     3.657 	  0.00209215 	 0.00150593
     3.658 	  0.00221991 	 0.00159743
     3.659 	  0.00234767 	 0.00168922
     3.660 	  0.00248873 	 0.00179056
     3.661 	  0.00263859 	 0.00189847
     3.662 	  0.00278845 	 0.00200617
     3.663 	  0.00296588 	 0.0021337
     3.664 	  0.00314634 	 0.00226338
     3.665 	  0.00333438 	 0.00239851
     3.666 	  0.00354013 	 0.00254663
     3.667 	  0.00374594 	 0.00269453
     3.668 	  0.00398592 	 0.00286697
     3.669 	   0.0042487 	 0.0030558
     3.670 	  0.00451154 	 0.00324465
     3.671 	  0.00484955 	 0.00348763
     3.672 	  0.00519593 	 0.00373662
     3.673 	  0.00555969 	 0.00399853
     3.674 	  0.00596369 	 0.00428895
     3.675 	   0.0063677 	 0.00457891
     3.676 	  0.00684141 	 0.00491938
     3.677 	   0.0073614 	 0.00529313
     3.678 	  0.00788139 	 0.00566685
     3.679 	  0.00851296 	 0.00612077
     3.680 	  0.00914467 	 0.00657477
     3.681 	  0.00982927 	 0.0070651
     3.682 	   0.0106376 	 0.00764645
     3.683 	   0.0114461 	 0.0082271
     3.684 	   0.0123722 	 0.00889219
     3.685 	   0.0133487 	 0.00959342
     3.686 	   0.0143254 	 0.0102947
     3.687 	   0.0156374 	 0.0112369
     3.688 	   0.0169494 	 0.0121789
     3.689 	   0.0183924 	 0.0132149
     3.690 	   0.0200326 	 0.0143925
     3.691 	   0.0216723 	  0.01557
     3.692 	   0.0237055 	 0.0170267
     3.693 	    0.025908 	 0.018608
     3.694 	   0.0281643 	 0.0202279
     3.695 	   0.0309085 	 0.0221981
     3.696 	   0.0336534 	 0.0241686
     3.697 	   0.0367801 	 0.0264132
     3.698 	   0.0404807 	 0.0290698
     3.699 	   0.0441814 	 0.0317263
     3.700 	   0.0486151 	 0.0349019
     3.701 	   0.0532308 	 0.0382175
     3.702 	   0.0579809 	 0.0416214
     3.703 	   0.0639434 	 0.0458991
     3.704 	   0.0699044 	 0.0501751
     3.705 	   0.0766724 	 0.0550187
     3.706 	   0.0846534 	 0.0607424
     3.707 	   0.0926324 	 0.066464
     3.708 	    0.102116 	 0.0732644
     3.709 	    0.111978 	 0.0803192
     3.710 	    0.122154 	 0.0876039
     3.711 	    0.135182 	 0.0969465
     3.712 	    0.148209 	 0.106288
     3.713 	    0.162601 	 0.116585
     3.714 	    0.178352 	 0.127878
     3.715 	    0.194104 	 0.139157
     3.716 	    0.213372 	  0.15297
     3.717 	    0.233514 	 0.167375
     3.718 	     0.25428 	 0.182258
     3.719 	    0.277551 	 0.198937
     3.720 	    0.300816 	 0.215567
     3.721 	    0.326422 	 0.233909
     3.722 	    0.354369 	 0.253928
     3.723 	    0.382323 	 0.273894
     3.724 	    0.411883 	 0.295062
     3.725 	    0.441622 	 0.316356
     3.726 	    0.471881 	 0.338022
     3.727 	    0.504179 	 0.361036
     3.728 	    0.536478 	 0.384154
     3.729 	    0.567739 	 0.406526
     3.730 	    0.598297 	 0.428306
     3.731 	    0.628855 	 0.450123
     3.732 	    0.658147 	 0.471078
     3.733 	    0.687291 	 0.491827
     3.734 	    0.714902 	 0.511573
     3.735 	    0.738938 	  0.52876
     3.736 	     0.76298 	  0.54584
     3.737 	    0.784098 	 0.560934
     3.738 	    0.803272 	  0.57458
     3.739 	    0.822451 	 0.588164
     3.740 	     0.83766 	 0.599027
     3.741 	    0.852429 	 0.609571
     3.742 	    0.865693 	  0.61904
     3.743 	    0.875439 	 0.625796
     3.744 	    0.885185 	 0.632746
     3.745 	    0.892873 	 0.638223
     3.746 	    0.899191 	 0.642591
     3.747 	    0.905509 	 0.647088
     3.748 	    0.908803 	 0.649424
     3.749 	    0.912098 	 0.651562
     3.750 	    0.914795 	 0.653471
     3.751 	    0.916098 	   0.6544
     3.752 	    0.917402 	 0.655195
     3.753 	    0.917671 	 0.655315
     3.754 	    0.917496 	 0.655188
     3.755 	    0.917322 	  0.65493
     3.756 	    0.916144 	 0.654087
     3.757 	    0.914966 	 0.653244
     3.758 	    0.913568 	 0.652111
     3.759 	    0.911839 	 0.650875
     3.760 	     0.91011 	 0.649574
     3.761 	    0.908081 	 0.648038
     3.762 	    0.905922 	 0.646348
     3.763 	    0.903755 	 0.644785
     3.764 	    0.901506 	 0.643162
     3.765 	    0.899256 	 0.641409
     3.766 	    0.896954 	 0.639749
     3.767 	    0.894572 	 0.638033
     3.768 	    0.892191 	 0.636318
     3.769 	    0.889925 	 0.634487
     3.770 	    0.887689 	 0.632876
     3.771 	     0.88547 	  0.63127
     3.772 	    0.883404 	 0.629774
     3.773 	    0.881338 	 0.628085
     3.774 	    0.879338 	 0.626637
     3.775 	    0.877438 	  0.62526
     3.776 	    0.875539 	 0.623883
     3.777 	    0.873933 	 0.622521
     3.778 	    0.872401 	 0.621407
     3.779 	    0.870897 	 0.620313
     3.780 	    0.869641 	 0.619395
     3.781 	    0.868385 	 0.618343
     3.782 	    0.867316 	  0.61755
     3.783 	    0.866436 	 0.616892
     3.784 	    0.865555 	 0.616234
     3.785 	    0.864922 	 0.615685
     3.786 	    0.864351 	 0.615122
     3.787 	    0.863851 	 0.614735
     3.788 	    0.863637 	 0.614552
     3.789 	    0.863422 	 0.614367
     3.790 	    0.863383 	 0.614309
     3.791 	    0.863518 	 0.614327
     3.792 	    0.863653 	 0.614282
     3.793 	    0.864058 	 0.614487
     3.794 	    0.864493 	 0.614781
     3.795 	    0.864985 	 0.615116
     3.796 	    0.865708 	 0.615614
     3.797 	    0.866432 	 0.616113
     3.798 	    0.867266 	 0.616691
     3.799 	    0.868175 	 0.617322
     3.800 	    0.869084 	 0.617953
     3.801 	    0.870195 	 0.618648
     3.802 	    0.871328 	 0.619425
     3.803 	    0.872492 	 0.620224
     3.804 	    0.873732 	 0.621079
     3.805 	    0.874972 	 0.621932
     3.806 	    0.876292 	 0.622842
     3.807 	    0.877667 	 0.623792
     3.808 	    0.879042 	 0.624741
     3.809 	    0.880385 	 0.625668
     3.810 	    0.881728 	 0.626526
     3.811 	    0.883063 	 0.627423
     3.812 	    0.884377 	 0.628305
     3.813 	    0.885691 	 0.629187
     3.814 	    0.886995 	 0.630061
     3.815 	    0.888291 	  0.63093
     3.816 	    0.889587 	 0.631798
     3.817 	     0.89074 	 0.632565
     3.818 	    0.891892 	 0.633331
     3.819 	    0.893021 	 0.634211
     3.820 	    0.894095 	 0.634986
     3.821 	    0.895169 	 0.635634
     3.822 	    0.896125 	 0.636268
     3.823 	    0.897032 	 0.636868
     3.824 	    0.897939 	 0.637466
     3.825 	    0.898735 	 0.637987
     3.826 	     0.89953 	 0.638506
     3.827 	    0.900257 	 0.639109
     3.828 	     0.90088 	 0.639506
     3.829 	    0.901503 	 0.639903
     3.830 	     0.90204 	 0.640239
     3.831 	     0.90254 	 0.640548
     3.832 	    0.903028 	 0.640848
     3.833 	    0.903404 	 0.641199
     3.834 	     0.90378 	 0.641349
     3.835 	    0.904152 	 0.641566
     3.836 	    0.904516 	 0.641779
     3.837 	     0.90488 	  0.64199
     3.838 	    0.905225 	 0.642321
     3.839 	    0.905564 	 0.642515
     3.840 	    0.905905 	  0.64271
     3.841 	    0.906257 	 0.642974
     3.842 	    0.906609 	 0.643173
     3.843 	    0.906959 	 0.643503
     3.844 	    0.907308 	   0.6437
     3.845 	    0.907657 	 0.643897
     3.846 	    0.908042 	  0.64412
     3.847 	    0.908436 	 0.644349
     3.848 	    0.908841 	 0.644716
     3.849 	    0.909344 	 0.645023
     3.850 	    0.909846 	 0.645329
     3.851 	    0.910392 	  0.64566
     3.852 	    0.910981 	 0.646154
     3.853 	     0.91157 	 0.646515
     3.854 	    0.912241 	 0.646935
     3.855 	    0.912931 	 0.647369
     3.856 	    0.913622 	 0.647803
     3.857 	    0.914315 	 0.648435
     3.858 	    0.915008 	 0.648871
     3.859 	    0.915711 	 0.649314
     3.860 	    0.916425 	 0.649764
     3.861 	    0.917139 	 0.650353
     3.862 	    0.917819 	 0.650786
     3.863 	    0.918496 	 0.651216
     3.864 	    0.919173 	 0.651647
     3.865 	    0.919847 	 0.652207
     3.866 	    0.920522 	 0.652636
     3.867 	    0.921146 	 0.653029
     3.868 	    0.921737 	 0.653398
     3.869 	    0.922328 	 0.653901
     3.870 	      0.9228 	 0.654253
     3.871 	     0.92326 	 0.654499
     3.872 	    0.923653 	 0.654699
     3.873 	    0.923893 	 0.654921
     3.874 	    0.924133 	 0.655012
     3.875 	    0.924238 	 0.655007
     3.876 	    0.924254 	 0.654938
     3.877 	     0.92427 	 0.655003
     3.878 	    0.924078 	 0.654788
     3.879 	    0.923886 	 0.654644
     3.880 	    0.923643 	 0.654393
     3.881 	    0.923283 	 0.654223
     3.882 	    0.922923 	  0.65392
     3.883 	    0.922456 	 0.653541
     3.884 	    0.921918 	 0.653179
     3.885 	     0.92138 	 0.652882
     3.886 	    0.920724 	  0.65237
     3.887 	    0.920067 	 0.651857
     3.888 	     0.91937 	 0.651316
     3.889 	    0.918575 	 0.650837
     3.890 	    0.917781 	 0.650299
     3.891 	    0.916947 	 0.649672
     3.892 	    0.916096 	 0.649033
     3.893 	    0.915246 	 0.648396
     3.894 	    0.914307 	 0.647827
     3.895 	    0.913368 	 0.647126
     3.896 	    0.912436 	  0.64643
     3.897 	    0.911514 	 0.645741
     3.898 	    0.910593 	 0.645184
     3.899 	    0.909579 	 0.644567
     3.900 	    0.908527 	 0.643787
     3.901 	    0.907444 	 0.642959
     3.902 	    0.906087 	 0.641938
     3.903 	    0.904729 	 0.640916
     3.904 	    0.903029 	 0.639651
     3.905 	    0.900815 	 0.638224
     3.906 	      0.8986 	 0.636595
     3.907 	    0.895374 	 0.634251
     3.908 	    0.891896 	 0.631728
     3.909 	    0.888191 	 0.629046
     3.910 	    0.882442 	 0.624916
     3.911 	    0.876695 	 0.620887
     3.912 	    0.869612 	 0.615968
     3.913 	    0.861192 	 0.609976
     3.914 	    0.852775 	 0.603987
     3.915 	    0.841019 	 0.595634
     3.916 	    0.828429 	 0.586691
     3.917 	    0.815066 	 0.577264
     3.918 	    0.798629 	 0.565654
     3.919 	    0.782193 	 0.553988
     3.920 	    0.763516 	 0.540846
     3.921 	    0.742606 	 0.525998
     3.922 	    0.721696 	 0.511208
     3.923 	    0.696792 	 0.493534
     3.924 	    0.670897 	  0.47516
     3.925 	    0.644502 	 0.456434
     3.926 	    0.616099 	 0.436338
     3.927 	    0.587702 	 0.416198
     3.928 	    0.558033 	 0.395159
     3.929 	    0.527092 	 0.373299
     3.930 	    0.496144 	 0.351357
     3.931 	    0.466794 	 0.330599
     3.932 	    0.437622 	  0.30993
     3.933 	    0.408657 	 0.289408
     3.934 	     0.38056 	 0.269503
     3.935 	    0.352463 	 0.249626
     3.936 	    0.326844 	 0.231475
     3.937 	    0.302886 	 0.214502
     3.938 	    0.278927 	 0.197529
     3.939 	    0.257447 	 0.182369
     3.940 	    0.236237 	 0.167357
     3.941 	    0.216331 	 0.153247
     3.942 	    0.199457 	 0.141302
     3.943 	    0.182579 	 0.129339
     3.944 	    0.167347 	 0.118542
     3.945 	    0.153209 	 0.108522
     3.946 	    0.139067 	 0.0985108
     3.947 	    0.128258 	 0.0908494
     3.948 	    0.117449 	 0.0831888
     3.949 	    0.107237 	 0.0759757
     3.950 	   0.0984145 	 0.0697215
     3.951 	   0.0895945 	 0.0634686
     3.952 	   0.0822943 	 0.0582931
     3.953 	   0.0756444 	 0.0535849
     3.954 	   0.0689962 	 0.048872
     3.955 	   0.0637935 	 0.0451836
     3.956 	   0.0585895 	 0.0414994
     3.957 	    0.053677 	 0.0380172
     3.958 	   0.0494409 	 0.0350145
     3.959 	   0.0452038 	 0.032015
     3.960 	   0.0416902 	 0.0295245
     3.961 	   0.0384862 	 0.0272594
     3.962 	   0.0352821 	 0.0249913
     3.963 	   0.0326627 	 0.0231345
     3.964 	   0.0300439 	 0.0212784
     3.965 	   0.0276759 	 0.0196023
     3.966 	   0.0256838 	 0.0181902
     3.967 	   0.0236921 	 0.0167786
     3.968 	   0.0219493 	 0.015545
     3.969 	   0.0203126 	 0.0143866
     3.970 	   0.0187164 	 0.0132553
     3.971 	   0.0174796 	 0.0123793
     3.972 	   0.0162428 	 0.0115045
     3.973 	   0.0150927 	 0.0106898
     3.974 	   0.0140735 	 0.0099709
     3.975 	   0.0130544 	 0.00924878
     3.976 	   0.0122144 	 0.00865355
     3.977 	   0.0114195 	 0.00809119
     3.978 	   0.0106367 	 0.00753646
     3.979 	  0.00996266 	 0.0070588
     3.980 	  0.00928879 	 0.006582
     3.981 	  0.00868707 	 0.00615527
     3.982 	  0.00815737 	 0.00577962
     3.983 	   0.0076278 	 0.00540471
     3.984 	  0.00716253 	 0.00507475
     3.985 	  0.00671331 	 0.0047562
     3.986 	   0.0062824 	 0.00445115
     3.987 	  0.00592524 	 0.00419872
     3.988 	  0.00556808 	 0.00394541
     3.989 	  0.00523916 	 0.00371254
     3.990 	  0.00493867 	 0.00349941
     3.991 	  0.00463817 	 0.00328638
     3.992 	  0.00436767 	 0.00309497
     3.993 	  0.00410473 	 0.00290856
     3.994 	  0.00385308 	 0.00273046
     3.995 	  0.00364658 	 0.00258405
     3.996 	  0.00344003 	 0.00243761
     3.997 	  0.00324855 	 0.00230211
     3.998 	  0.00307209 	 0.002177
     3.999 	  0.00289558 	 0.00205185
     4.000 	  0.00274775 	 0.00194725
     4.001 	  0.00260311 	 0.00184504
     4.002 	  0.00246186 	 0.00174484
     4.003 	   0.0023342 	 0.00165446
     4.004 	  0.00220648 	 0.00156386
     4.005 	  0.00209514 	 0.00148504
     4.006 	  0.00199466 	 0.00141375
     4.007 	  0.00189418 	 0.00134247
     4.008 	  0.00180988 	 0.0012828
     4.009 	  0.00172738 	 0.00122427
     4.010 	  0.00164957 	 0.00116906
     4.011 	  0.00158285 	 0.00112185
     4.012 	  0.00151612 	 0.0010745
     4.013 	  0.00145377 	 0.00103026
     4.014 	  0.00139432 	 0.00098819
     4.015 	  0.00133487 	 0.00094601
     4.016 	  0.00129397 	 0.000917081
     4.017 	  0.00125304 	 0.000888029
     4.018 	   0.0012157 	 0.000861699
     4.019 	  0.00118663 	 0.000841146
     4.020 	  0.00115756 	 0.0008205
     4.021 	  0.00113227 	 0.000802538
     4.022 	   0.0011086 	 0.000785814
     4.023 	  0.00108493 	 0.000769002
     4.024 	  0.00105855 	 0.00075027
     4.025 	  0.00103218 	 0.000731628
     4.026 	  0.00100631 	 0.00071326
     4.027 	 0.000981606 	 0.000695796
     4.028 	 0.000956902 	 0.000678256
     4.029 	 0.000934631 	 0.000662441
     4.030 	 0.000913396 	 0.000647432
     4.031 	  0.00089217 	 0.000632373
     4.032 	 0.000867216 	 0.000614671
     4.033 	 0.000842262 	 0.000597037
     4.034 	 0.000818175 	 0.00057995
     4.035 	  0.00079539 	 0.000563785
     4.036 	 0.000772605 	 0.000547739
     4.037 	   0.0007514 	 0.000532694
     4.038 	 0.000730888 	 0.00051814
     4.039 	  0.00071077 	 0.000503922
     4.040 	 0.000694192 	 0.000492157
     4.041 	 0.000677613 	 0.00048038
     4.042 	 0.000661807 	 0.000469204
     4.043 	 0.000647153 	 0.000458792
     4.044 	 0.000632507 	 0.000448387
     4.045 	 0.000617773 	 0.000437969
     4.046 	 0.000603018 	 0.000427487
     4.047 	 0.000587859 	 0.000416721
     4.048 	 0.000569082 	 0.000403435
     4.049 	 0.000550303 	 0.000390103
     4.050 	 0.000532875 	 0.00037773
     4.051 	 0.000516812 	 0.000366366
     4.052 	 0.000500749 	 0.000354961
     4.053 	 0.000486093 	 0.000344554
     4.054 	 0.000471787 	 0.000334434
     4.055 	 0.000457557 	 0.000324396
     4.056 	 0.000443621 	 0.0003145
     4.057 	 0.000429691 	 0.000304643
     4.058 	 0.000414025 	 0.000293521
     4.059 	 0.000396624 	 0.000281171
     4.060 	 0.000379223 	 0.000268821
     4.061 	 0.000363206 	 0.000257484
     4.062 	 0.000347343 	 0.000246226
     4.063 	  0.00033252 	 0.000235707
     4.064 	 0.000321887 	 0.000228184
     4.065 	 0.000311254 	 0.000220636
     4.066 	 0.000299596 	 0.000212361
     4.067 	 0.000286913 	 0.000203362
     4.068 	  0.00027423 	 0.000194365
     4.069 	 0.000259859 	 0.00018417
     4.070 	 0.000245293 	 0.000173838
     4.071 	 0.000231231 	 0.000163916
     4.072 	 0.000219152 	 0.000155346
     4.073 	 0.000207073 	 0.000146777
     4.074 	   0.0002011 	 0.000142536
     4.075 	   0.0001992 	 0.000141198
     4.076 	 0.000197299 	 0.000139844
     4.077 	 0.000202522 	 0.000143539
     4.078 	 0.000208532 	 0.000147792
     4.079 	 0.000214006 	 0.000151681
     4.080 	 0.000218229 	 0.000154666
     4.081 	 0.000222451 	 0.000157651
     4.082 	 0.000227833 	 0.000161457
     4.083 	 0.000233993 	 0.000165833
     4.084 	  0.00024015 	 0.000170188
     4.085 	 0.000246391 	 0.000174638
     4.086 	 0.000252631 	 0.000179052
     4.087 	 0.000257944 	 0.000182829
     4.088 	 0.000261089 	 0.000185049
     4.089 	 0.000264236 	 0.00018727
     4.090 	 0.000262471 	 0.00018601
     4.091 	   0.0002586 	 0.000183258
     4.092 	  0.00025473 	 0.000180526
     4.093 	 0.000248715 	 0.000176255
     4.094 	 0.000242701 	 0.000171984
     4.095 	 0.000236383 	 0.000167499
     4.096 	 0.000229604 	 0.00016272
     4.097 	 0.000222829 	 0.000157929
     4.098 	 0.000209161 	 0.000148234
     4.099 	 0.000192545 	 0.000136451
     4.100 	  0.00017593 	 0.000124658
     4.101 	 0.000148615 	 0.000105298
     4.102 	 0.000121287 	 8.59316e-05
     4.103 	 9.25062e-05 	 6.55448e-05
     4.104 	 6.15289e-05 	 4.36028e-05
     4.105 	 3.05517e-05 	 2.16497e-05
     4.106 	 1.55409e-05 	 1.10121e-05
     4.107 	 7.37141e-06 	 5.22307e-06
     4.108 	 1.96292e-08 	 1.39078e-08
     4.109 	 1.59244e-08 	 1.12823e-08
     4.110 	 1.22214e-08 	 8.65933e-09
     4.111 	           0 	        0
     4.112 	           0 	        0
     4.113 	           0 	        0
     4.114 	           0 	        0
     4.115 	           0 	        0
     4.116 	           0 	        0
     4.117 	           0 	        0
     4.118 	           0 	        0
     4.119 	           0 	        0
     4.120 	           0 	        0
     4.121 	           0 	        0
     4.122 	           0 	        0
     4.123 	           0 	        0
     4.124 	 1.58331e-07 	 1.12178e-07
     4.125 	 8.98928e-07 	 6.36864e-07
     4.126 	 1.63953e-06 	 1.1615e-06
     4.127 	 2.36869e-05 	 1.67798e-05
     4.128 	 6.70613e-05 	 4.75136e-05
     4.129 	 0.000110456 	 7.82553e-05
     4.130 	  0.00016009 	 0.000113414
     4.131 	  0.00021042 	 0.000149063
     4.132 	 0.000260394 	 0.000184456
     4.133 	 0.000308944 	 0.000218836
     4.134 	 0.000357494 	 0.000253265
     4.135 	 0.000398611 	 0.00028238
     4.136 	 0.000432256 	 0.0003062
     4.137 	 0.000465901 	 0.000330017
     4.138 	 0.000479447 	 0.000339596
     4.139 	 0.000490756 	 0.00034766
     4.140 	  0.00049782 	 0.000352646
     4.141 	 0.000487933 	 0.000345622
     4.142 	 0.000478041 	 0.000338594
     4.143 	 0.000458654 	 0.000324843
     4.144 	 0.000432945 	 0.000306615
     4.145 	 0.000407235 	 0.000288448
     4.146 	 0.000371595 	 0.000263188
     4.147 	 0.000334851 	 0.000237149
     4.148 	 0.000294057 	 0.000208245
     4.149 	  0.00024377 	 0.000172623
     4.150 	 0.000193506 	 0.000137048
     4.151 	 0.000133466 	 9.45229e-05
     4.152 	 6.69179e-05 	 4.7391e-05
     4.153 	     3.7e-07 	 2.62025e-07
     4.154 	 2.36693e-07 	 1.67615e-07
     4.155 	 1.03322e-07 	 7.31656e-08
     4.156 	           0 	        0
     4.157 	           0 	        0
     4.158 	           0 	        0
     4.159 	           0 	        0
     4.160 	           0 	        0
     4.161 	           0 	        0
     4.162 	           0 	        0
     4.163 	           0 	        0
     4.164 	           0 	        0
     4.165 	           0 	        0
     4.166 	           0 	        0
     4.167 	           0 	        0
     4.168 	           0 	        0
     4.169 	           0 	        0
     4.170 	           0 	        0
     4.171 	           0 	        0
     4.172 	           0 	        0
     4.173 	           0 	        0
     4.174 	           0 	        0
     4.175 	           0 	        0
     4.176 	           0 	        0
     4.177 	           0 	        0
     4.178 	           0 	        0
     4.179 	           0 	        0
     4.180 	           0 	        0
     4.181 	           0 	        0
     4.182 	           0 	        0
     4.183 	           0 	        0
     4.184 	           0 	        0
     4.185 	           0 	        0
     4.186 	           0 	        0
     4.187 	           0 	        0
     4.188 	           0 	        0
     4.189 	           0 	        0
     4.190 	           0 	        0
     4.191 	 1.69978e-07 	 1.20248e-07
     4.192 	 3.70022e-07 	 2.61752e-07
     4.193 	 4.64471e-06 	 3.28548e-06
     4.194 	 2.51889e-05 	 1.78147e-05
     4.195 	 4.57428e-05 	 3.23496e-05
     4.196 	 6.93317e-05 	 4.90293e-05
     4.197 	 9.59624e-05 	 6.78582e-05
     4.198 	 0.000122593 	 8.66753e-05
     4.199 	 0.000139587 	 9.86853e-05
     4.200 	 0.000155509 	 0.000109936
     4.201 	 0.000170861 	 0.000120768
     4.202 	 0.000183898 	 0.000129975
     4.203 	 0.000196934 	 0.000139181
     4.204 	  0.00020928 	 0.000147898
     4.205 	 0.000221165 	 0.00015627
     4.206 	  0.00023305 	 0.000164657
     4.207 	 0.000246454 	 0.000174118
     4.208 	 0.000260035 	 0.000183681
     4.209 	 0.000274242 	 0.000193705
     4.210 	 0.000290978 	 0.000205514
     4.211 	 0.000307714 	 0.000217302
     4.212 	 0.000319987 	 0.000225961
     4.213 	 0.000329283 	 0.000232518
     4.214 	 0.000338583 	 0.000239076
     4.215 	 0.000337592 	 0.000238341
     4.216 	 0.000335461 	 0.000236829
     4.217 	 0.000331403 	 0.000233932
     4.218 	 0.000322844 	 0.000227857
     4.219 	 0.000314284 	 0.000221807
     4.220 	 0.000305672 	 0.000215722
     4.221 	 0.000297019 	 0.000209586
     4.222 	  0.00028837 	 0.000203477
     4.223 	 0.000285952 	 0.000201743
     4.224 	 0.000283533 	 0.000200031
     4.225 	 0.000280805 	 0.000198101
     4.226 	 0.000277355 	 0.00019564
     4.227 	 0.000273903 	 0.0001932
     4.228 	  0.00027018 	 0.000190569
     4.229 	  0.00026634 	 0.000187834
     4.230 	   0.0002625 	 0.000185121
     4.231 	 0.000258139 	 0.000182037
     4.232 	 0.000253778 	 0.000178932
     4.233 	 0.000249203 	 0.000175698
     4.234 	 0.000244304 	 0.000172216
     4.235 	 0.000239407 	 0.000168756
     4.236 	  0.00023232 	 0.000163719
     4.237 	 0.000224299 	 0.000158041
     4.238 	 0.000216421 	 0.000152483
     4.239 	 0.000209841 	 0.000147823
     4.240 	 0.000203261 	 0.00014318
     4.241 	 0.000197779 	 0.00013931
     4.242 	 0.000193953 	 0.000136591
     4.243 	 0.000190128 	 0.000133889
     4.244 	 0.000189815 	 0.000133645
     4.245 	 0.000191007 	 0.000134476
     4.246 	 0.000192093 	 0.000135231
     4.247 	 0.000192219 	 0.000135296
     4.248 	 0.000192344 	 0.000135376
     4.249 	 0.000191823 	 0.000134985
     4.250 	 0.000190331 	 0.000133899
     4.251 	 0.000188839 	 0.000132826
     4.252 	 0.000187361 	 0.000131761
     4.253 	 0.000185887 	 0.000130714
     4.254 	 0.000184637 	 0.00012981
     4.255 	 0.000185411 	 0.000130344
     4.256 	 0.000186184 	 0.000130862
     4.257 	 0.000190077 	 0.000133587
     4.258 	 0.000197086 	 0.000138502
     4.259 	 0.000204096 	 0.000143401
     4.260 	 0.000209757 	 0.000147367
     4.261 	 0.000215076 	 0.000151081
     4.262 	 0.000219837 	 0.00015439
     4.263 	 0.000222366 	 0.000156143
     4.264 	 0.000224895 	 0.000157913
     4.265 	 0.000226079 	 0.000158721
     4.266 	 0.000225918 	 0.000158603
     4.267 	 0.000225756 	 0.000158484
     4.268 	  0.00022632 	 0.000158857
     4.269 	 0.000226965 	 0.000159304
     4.270 	  0.00022725 	 0.000159481
     4.271 	   0.0002261 	 0.000158665
     4.272 	  0.00022495 	 0.000157831
     4.273 	 0.000223461 	 0.000156778
     4.274 	 0.000221746 	 0.000155566
     4.275 	 0.000220032 	 0.000154306
     4.276 	 0.000218503 	 0.000153226
     4.277 	 0.000216996 	 0.000152143
     4.278 	 0.000214877 	 0.000150649
     4.279 	 0.000210316 	 0.000147426
     4.280 	 0.000205753 	 0.00014422
     4.281 	 0.000201529 	 0.000141233
     4.282 	  0.00019753 	 0.000138421
     4.283 	 0.000193531 	 0.00013561
     4.284 	 0.000189157 	 0.000132521
     4.285 	 0.000184743 	 0.00012942
     4.286 	 0.000180188 	 0.000126206
     4.287 	 0.000175303 	 0.000122776
     4.288 	 0.000170421 	 0.000119299
     4.289 	 0.000165104 	 0.000115569
     4.290 	 0.000159497 	 0.000111636
     4.291 	  0.00015389 	 0.000107696
     4.292 	 0.000152242 	 0.000106538
     4.293 	 0.000150594 	 0.000105369
     4.294 	 0.000149071 	 0.0001043
     4.295 	  0.00014784 	 0.000103423
     4.296 	 0.000146609 	 0.000102558
     4.297 	 0.000144106 	 0.000100803
     4.298 	 0.000141058 	 9.8656e-05
     4.299 	  0.00013801 	 9.65206e-05
     4.300 	 0.000131631 	 9.20453e-05
     4.301 	 0.000125255 	 8.75797e-05
     4.302 	 0.000118729 	 8.30004e-05
     4.303 	 0.000111977 	 7.82739e-05
     4.304 	 0.000105225 	 7.35482e-05
     4.305 	 0.000100225 	 7.00397e-05
     4.306 	 9.59738e-05 	 6.70635e-05
     4.307 	 9.22516e-05 	 6.44499e-05
     4.308 	 9.32664e-05 	 6.51535e-05
     4.309 	 9.42812e-05 	 6.58571e-05
     4.310 	 9.66963e-05 	 6.75308e-05
     4.311 	 0.000101211 	 7.06776e-05
     4.312 	 0.000105726 	 7.38157e-05
     4.313 	 0.000108656 	 7.58546e-05
     4.314 	 0.000110906 	 7.74186e-05
     4.315 	 0.000112927 	 7.88134e-05
     4.316 	 0.000112893 	 7.87827e-05
     4.317 	  0.00011286 	 7.87437e-05
     4.318 	  0.00011233 	 7.83669e-05
     4.319 	 0.000111053 	 7.74692e-05
     4.320 	 0.000109775 	 7.65622e-05
     4.321 	 0.000103101 	 7.19046e-05
     4.322 	 9.50787e-05 	 6.63071e-05
     4.323 	  8.7161e-05 	 6.07759e-05
     4.324 	 8.01813e-05 	 5.59069e-05
     4.325 	 7.32015e-05 	 5.10382e-05
     4.326 	 6.78317e-05 	 4.72869e-05
     4.327 	 6.40769e-05 	 4.46675e-05
     4.328 	  6.0322e-05 	 4.20435e-05
     4.329 	 6.20804e-05 	 4.32674e-05
     4.330 	 6.52196e-05 	 4.54534e-05
     4.331 	 6.89908e-05 	 4.80722e-05
     4.332 	 7.52859e-05 	 5.24543e-05
     4.333 	  8.1584e-05 	 5.68378e-05
     4.334 	 8.79695e-05 	 6.12744e-05
     4.335 	 9.44455e-05 	 6.57799e-05
     4.336 	 0.000100921 	 7.02842e-05
     4.337 	 0.000105153 	 7.32254e-05
     4.338 	 0.000109134 	 7.59749e-05
     4.339 	 0.000112478 	 7.82965e-05
     4.340 	 0.000113266 	 7.88546e-05
     4.341 	 0.000114055 	 7.9388e-05
     4.342 	 0.000117085 	 8.149e-05
     4.343 	 0.000121606 	 8.46294e-05
     4.344 	 0.000126127 	 8.77682e-05
     4.345 	 0.000130829 	 9.10219e-05
     4.346 	 0.000135554 	 9.43011e-05
     4.347 	 0.000139187 	 9.68202e-05
     4.348 	 0.000140275 	 9.75686e-05
     4.349 	 0.000141364 	 9.83063e-05
     4.350 	 0.000137181 	 9.53892e-05
     4.351 	 0.000129481 	 9.00289e-05
     4.352 	 0.000121777 	 8.46663e-05
     4.353 	  0.00011635 	 8.08784e-05
     4.354 	 0.000111174 	 7.72751e-05
     4.355 	 0.000106893 	 7.42944e-05
     4.356 	 0.000104705 	 7.27686e-05
     4.357 	 0.000102516 	 7.12341e-05
     4.358 	  0.00010299 	 7.15586e-05
     4.359 	  0.00010524 	 7.31169e-05
     4.360 	  0.00010749 	 7.46748e-05
     4.361 	 0.000103097 	 7.16177e-05
     4.362 	  9.8705e-05 	 6.85617e-05
     4.363 	 9.19578e-05 	 6.38629e-05
     4.364 	  7.9715e-05 	 5.53676e-05
     4.365 	 6.74722e-05 	 4.68606e-05
     4.366 	 5.51671e-05 	 3.83117e-05
     4.367 	 4.28435e-05 	 2.97511e-05
     4.368 	   3.052e-05 	 2.11919e-05
     4.369 	 2.24404e-05 	 1.55788e-05
     4.370 	 1.43608e-05 	 9.96997e-06
     4.371 	 9.66987e-06 	 6.71275e-06
     4.372 	 1.00701e-05 	 6.99002e-06
     4.373 	 1.04702e-05 	 7.26714e-06
     4.374 	 1.28745e-05 	 8.93519e-06
     4.375 	 1.61355e-05 	 1.11975e-05
     4.376 	 1.94015e-05 	 1.34629e-05
     4.377 	  2.2712e-05 	 1.57588e-05
     4.378 	 2.60225e-05 	 1.80543e-05
     4.379 	 3.02917e-05 	 2.10145e-05
     4.380 	 3.59948e-05 	 2.4966e-05
     4.381 	 4.16978e-05 	 2.89196e-05
     4.382 	 4.88625e-05 	 3.38864e-05
     4.383 	 5.63933e-05 	 3.91064e-05
     4.384 	 6.40885e-05 	 4.44487e-05
     4.385 	 7.32652e-05 	 5.08097e-05
     4.386 	 8.24375e-05 	 5.71668e-05
     4.387 	  9.0728e-05 	 6.29116e-05
     4.388 	 9.76962e-05 	 6.77388e-05
     4.389 	 0.000104664 	 7.25649e-05
     4.390 	  0.00011515 	 7.98295e-05
     4.391 	 0.000126516 	 8.77027e-05
     4.392 	 0.000138444 	 9.59643e-05
     4.393 	  0.00015536 	 0.000107682
     4.394 	 0.000172276 	 0.000119398
     4.395 	 0.000191352 	 0.000132624
     4.396 	 0.000212584 	 0.000147329
     4.397 	 0.000233817 	 0.000162032
     4.398 	 0.000251404 	 0.000174207
     4.399 	 0.000268086 	 0.000185771
     4.400 	 0.000283873 	 0.000196696
     4.401 	 0.000296123 	 0.000205162
     4.402 	 0.000308372 	 0.000213627
     4.403 	  0.00031821 	 0.000220464
     4.404 	 0.000325633 	 0.000225583
     4.405 	  0.00033306 	 0.000230731
     4.406 	  0.00033325 	 0.000230839
     4.407 	 0.000332639 	 0.000230392
     4.408 	 0.000330582 	 0.000228943
     4.409 	 0.000322752 	 0.000223519
     4.410 	 0.000314923 	 0.000218075
     4.411 	 0.000304339 	 0.000210753
     4.412 	 0.000291914 	 0.000202173
     4.413 	 0.000279494 	 0.000193555
     4.414 	 0.000262568 	 0.000181819
     4.415 	  0.00024514 	 0.000169737
     4.416 	 0.000227906 	 0.000157809
     4.417 	 0.000211125 	 0.000146193
     4.418 	 0.000194336 	 0.000134556
     4.419 	 0.000178599 	 0.00012365
     4.420 	 0.000163558 	 0.00011324
     4.421 	 0.000148516 	 0.000102839
     4.422 	 0.000134656 	 9.3234e-05
     4.423 	 0.000120927 	 8.37216e-05
     4.424 	 0.000104709 	 7.24961e-05
     4.425 	 8.26583e-05 	 5.72303e-05
     4.426 	 6.06178e-05 	 4.19667e-05
     4.427 	 4.01366e-05 	 2.77882e-05
     4.428 	 2.06933e-05 	 1.43257e-05
     4.429 	    1.25e-06 	 8.65463e-07
     4.430 	  7.9083e-07 	 5.47567e-07
     4.431 	 3.31441e-07 	 2.29461e-07
     4.432 	           0 	        0
     4.433 	           0 	        0
     4.434 	           0 	        0
     4.435 	           0 	        0
     4.436 	           0 	        0
     4.437 	           0 	        0
     4.438 	           0 	        0
     4.439 	           0 	        0
     4.440 	           0 	        0
     4.441 	           0 	        0
     4.442 	           0 	        0
     4.443 	           0 	        0
     4.444 	           0 	        0
     4.445 	           0 	        0
     4.446 	           0 	        0
     4.447 	           0 	        0
     4.448 	           0 	        0
     4.449 	           0 	        0
     4.450 	           0 	        0
     4.451 	           0 	        0
     4.452 	           0 	        0
     4.453 	           0 	        0
     4.454 	           0 	        0
     4.455 	           0 	        0
     4.456 	           0 	        0
     4.457 	           0 	        0
     4.458 	           0 	        0
     4.459 	           0 	        0
     4.460 	           0 	        0
     4.461 	           0 	        0
     4.462 	           0 	        0
     4.463 	           0 	        0
     4.464 	           0 	        0
     4.465 	           0 	        0
     4.466 	           0 	        0
     4.467 	           0 	        0
     4.468 	           0 	        0
     4.469 	           0 	        0
     4.470 	           0 	        0
     4.471 	           0 	        0
     4.472 	           0 	        0
     4.473 	           0 	        0
     4.474 	           0 	        0
     4.475 	           0 	        0
     4.476 	           0 	        0
     4.477 	           0 	        0
     4.478 	           0 	        0
     4.479 	           0 	        0
     4.480 	           0 	        0
     4.481 	           0 	        0
     4.482 	           0 	        0
     4.483 	           0 	        0
     4.484 	           0 	        0
     4.485 	           0 	        0
     4.486 	           0 	        0
     4.487 	           0 	        0
     4.488 	           0 	        0
     4.489 	           0 	        0
     4.490 	           0 	        0
     4.491 	           0 	        0
     4.492 	           0 	        0
     4.493 	           0 	        0
     4.494 	           0 	        0
     4.495 	           0 	        0
     4.496 	           0 	        0
     4.497 	           0 	        0
     4.498 	           0 	        0
     4.499 	           0 	        0
     4.500 	           0 	        0
     4.501 	           0 	        0
     4.502 	           0 	        0
     4.503 	           0 	        0
     4.504 	           0 	        0
     4.505 	           0 	        0
     4.506 	           0 	        0
     4.507 	           0 	        0
     4.508 	           0 	        0
     4.509 	           0 	        0
     4.510 	           0 	        0
     4.511 	           0 	        0
     4.512 	           0 	        0
     4.513 	           0 	        0
     4.514 	           0 	        0
     4.515 	           0 	        0
     4.516 	           0 	        0
     4.517 	           0 	        0
     4.518 	           0 	        0
     4.519 	           0 	        0
     4.520 	           0 	        0
     4.521 	           0 	        0
     4.522 	           0 	        0
     4.523 	           0 	        0
     4.524 	           0 	        0
     4.525 	           0 	        0
     4.526 	           0 	        0
     4.527 	           0 	        0
     4.528 	           0 	        0
     4.529 	           0 	        0
     4.530 	           0 	        0
     4.531 	           0 	        0
     4.532 	           0 	        0
     4.533 	           0 	        0
     4.534 	           0 	        0
     4.535 	           0 	        0
     4.536 	           0 	        0
     4.537 	           0 	        0
     4.538 	           0 	        0
     4.539 	           0 	        0
     4.540 	           0 	        0
     4.541 	           0 	        0
     4.542 	           0 	        0
     4.543 	           0 	        0
     4.544 	           0 	        0
     4.545 	           0 	        0
     4.546 	           0 	        0
     4.547 	           0 	        0
     4.548 	           0 	        0
     4.549 	           0 	        0
     4.550 	           0 	        0
     4.551 	           0 	        0
     4.552 	           0 	        0
     4.553 	           0 	        0
     4.554 	           0 	        0
     4.555 	           0 	        0
     4.556 	           0 	        0
     4.557 	           0 	        0
     4.558 	           0 	        0
     4.559 	           0 	        0
     4.560 	           0 	        0
     4.561 	           0 	        0
     4.562 	           0 	        0
     4.563 	           0 	        0
     4.564 	           0 	        0
     4.565 	           0 	        0
     4.566 	           0 	        0
     4.567 	           0 	        0
     4.568 	           0 	        0
     4.569 	           0 	        0
     4.570 	           0 	        0
     4.571 	           0 	        0
     4.572 	           0 	        0
     4.573 	           0 	        0
     4.574 	           0 	        0
     4.575 	           0 	        0
     4.576 	           0 	        0
     4.577 	           0 	        0
     4.578 	           0 	        0
     4.579 	           0 	        0
     4.580 	           0 	        0
     4.581 	           0 	        0
     4.582 	           0 	        0
     4.583 	           0 	        0
     4.584 	           0 	        0
     4.585 	           0 	        0
     4.586 	           0 	        0
     4.587 	           0 	        0
     4.588 	           0 	        0
     4.589 	           0 	        0
     4.590 	           0 	        0
     4.591 	           0 	        0
     4.592 	           0 	        0
     4.593 	           0 	        0
     4.594 	           0 	        0
     4.595 	           0 	        0
     4.596 	           0 	        0
     4.597 	           0 	        0
     4.598 	           0 	        0
     4.599 	           0 	        0
     4.600 	           0 	        0
     4.601 	           0 	        0
     4.602 	           0 	        0
     4.603 	           0 	        0
     4.604 	           0 	        0
     4.605 	           0 	        0
     4.606 	           0 	        0
     4.607 	           0 	        0
     4.608 	           0 	        0
     4.609 	           0 	        0
     4.610 	           0 	        0
     4.611 	           0 	        0
     4.612 	           0 	        0
     4.613 	           0 	        0
     4.614 	           0 	        0
     4.615 	           0 	        0
     4.616 	           0 	        0
     4.617 	           0 	        0
     4.618 	           0 	        0
     4.619 	           0 	        0
     4.620 	           0 	        0
     4.621 	           0 	        0
     4.622 	           0 	        0
     4.623 	           0 	        0
     4.624 	           0 	        0
     4.625 	           0 	        0
     4.626 	           0 	        0
     4.627 	           0 	        0
     4.628 	           0 	        0
     4.629 	           0 	        0
     4.630 	           0 	        0
     4.631 	           0 	        0
     4.632 	           0 	        0
     4.633 	           0 	        0
     4.634 	           0 	        0
     4.635 	           0 	        0
     4.636 	           0 	        0
     4.637 	           0 	        0
     4.638 	           0 	        0
     4.639 	           0 	        0
     4.640 	           0 	        0
     4.641 	           0 	        0
     4.642 	           0 	        0
     4.643 	           0 	        0
     4.644 	           0 	        0
     4.645 	           0 	        0
     4.646 	           0 	        0
     4.647 	           0 	        0
     4.648 	           0 	        0
     4.649 	           0 	        0
     4.650 	           0 	        0
     4.651 	           0 	        0
     4.652 	           0 	        0
     4.653 	           0 	        0
     4.654 	           0 	        0
     4.655 	           0 	        0
     4.656 	           0 	        0
     4.657 	           0 	        0
     4.658 	           0 	        0
     4.659 	           0 	        0
     4.660 	           0 	        0
     4.661 	           0 	        0
     4.662 	           0 	        0
     4.663 	           0 	        0
     4.664 	           0 	        0
     4.665 	           0 	        0
     4.666 	           0 	        0
     4.667 	           0 	        0
     4.668 	           0 	        0
     4.669 	           0 	        0
     4.670 	           0 	        0
     4.671 	           0 	        0
     4.672 	           0 	        0
     4.673 	           0 	        0
     4.674 	           0 	        0
     4.675 	           0 	        0
     4.676 	           0 	        0
     4.677 	           0 	        0
     4.678 	           0 	        0
     4.679 	           0 	        0
     4.680 	           0 	        0
     4.681 	           0 	        0
     4.682 	           0 	        0
     4.683 	           0 	        0
     4.684 	           0 	        0
     4.685 	           0 	        0
     4.686 	           0 	        0
     4.687 	           0 	        0
     4.688 	           0 	        0
     4.689 	           0 	        0
     4.690 	           0 	        0
     4.691 	           0 	        0
     4.692 	 5.88803e-08 	 4.063e-08
     4.693 	  2.2184e-07 	 1.53075e-07
     4.694 	   3.848e-07 	 2.65545e-07
     4.695 	 2.42173e-06 	 1.67115e-06
     4.696 	 5.70587e-06 	 3.93731e-06
     4.697 	    8.99e-06 	 6.2053e-06
     4.698 	 1.38002e-05 	 9.52522e-06
     4.699 	 1.86104e-05 	 1.28449e-05
     4.700 	 2.35157e-05 	 1.6232e-05
     4.701 	 2.86462e-05 	 1.97723e-05
     4.702 	 3.37743e-05 	 2.33107e-05
     4.703 	 3.84903e-05 	 2.6567e-05
     4.704 	 4.30301e-05 	 2.97023e-05
     4.705 	   4.757e-05 	 3.28343e-05
     4.706 	 5.01806e-05 	 3.46344e-05
     4.707 	 5.27912e-05 	 3.6446e-05
     4.708 	   5.492e-05 	 3.79136e-05
     4.709 	   5.592e-05 	 3.86018e-05
     4.710 	   5.692e-05 	 3.929e-05
     4.711 	  5.6647e-05 	 3.91049e-05
     4.712 	 5.58285e-05 	 3.85387e-05
     4.713 	   5.501e-05 	 3.79726e-05
     4.714 	 5.20513e-05 	 3.59291e-05
     4.715 	 4.90941e-05 	 3.38907e-05
     4.716 	  4.1738e-05 	 2.88176e-05
     4.717 	 2.77864e-05 	 1.91842e-05
     4.718 	 1.38348e-05 	 9.5515e-06
     4.719 	 7.06828e-06 	 4.88033e-06
     4.720 	 3.38036e-06 	 2.3339e-06
     4.721 	 5.81455e-08 	 4.0143e-08
     4.722 	 3.96273e-08 	 2.73565e-08
     4.723 	 2.11092e-08 	 1.45717e-08
     4.724 	           0 	        0
     4.725 	           0 	        0
     4.726 	           0 	        0
     4.727 	           0 	        0
     4.728 	           0 	        0
     4.729 	           0 	        0
     4.730 	           0 	        0
     4.731 	           0 	        0
     4.732 	           0 	        0
     4.733 	           0 	        0
     4.734 	           0 	        0
     4.735 	           0 	        0
     4.736 	           0 	        0
     4.737 	           0 	        0
     4.738 	           0 	        0
     4.739 	           0 	        0
     4.740 	           0 	        0
     4.741 	           0 	        0
     4.742 	           0 	        0
     4.743 	           0 	        0
     4.744 	           0 	        0
     4.745 	           0 	        0
     4.746 	           0 	        0
     4.747 	           0 	        0
     4.748 	           0 	        0
     4.749 	           0 	        0
     4.750 	           0 	        0
     4.751 	           0 	        0
     4.752 	           0 	        0
     4.753 	           0 	        0
     4.754 	           0 	        0
     4.755 	           0 	        0
     4.756 	           0 	        0
     4.757 	           0 	        0
     4.758 	           0 	        0
     4.759 	           0 	        0
     4.760 	           0 	        0
     4.761 	           0 	        0
     4.762 	           0 	        0
     4.763 	           0 	        0
     4.764 	           0 	        0
     4.765 	           0 	        0
     4.766 	           0 	        0
     4.767 	           0 	        0
     4.768 	           0 	        0
     4.769 	           0 	        0
     4.770 	           0 	        0
     4.771 	           0 	        0
     4.772 	           0 	        0
     4.773 	           0 	        0
     4.774 	           0 	        0
     4.775 	           0 	        0
     4.776 	           0 	        0
     4.777 	           0 	        0
     4.778 	           0 	        0
     4.779 	           0 	        0
     4.780 	           0 	        0
     4.781 	           0 	        0
     4.782 	           0 	        0
     4.783 	           0 	        0
     4.784 	           0 	        0
     4.785 	           0 	        0
     4.786 	           0 	        0
     4.787 	           0 	        0
     4.788 	           0 	        0
     4.789 	           0 	        0
     4.790 	           0 	        0
     4.791 	           0 	        0
     4.792 	           0 	        0
     4.793 	           0 	        0
     4.794 	           0 	        0
     4.795 	           0 	        0
     4.796 	           0 	        0
     4.797 	           0 	        0
     4.798 	           0 	        0
     4.799 	           0 	        0
     4.800 	           0 	        0
     4.801 	           0 	        0
     4.802 	           0 	        0
     4.803 	           0 	        0
     4.804 	           0 	        0
     4.805 	           0 	        0
     4.806 	           0 	        0
     4.807 	           0 	        0
     4.808 	           0 	        0
     4.809 	           0 	        0
     4.810 	           0 	        0
     4.811 	           0 	        0
     4.812 	           0 	        0
     4.813 	           0 	        0
     4.814 	           0 	        0
     4.815 	           0 	        0
     4.816 	           0 	        0
     4.817 	           0 	        0
     4.818 	           0 	        0
     4.819 	           0 	        0
     4.820 	           0 	        0
     4.821 	           0 	        0
     4.822 	           0 	        0
     4.823 	           0 	        0
     4.824 	           0 	        0
     4.825 	           0 	        0
     4.826 	           0 	        0
     4.827 	           0 	        0
     4.828 	           0 	        0
     4.829 	           0 	        0
     4.830 	           0 	        0
     4.831 	           0 	        0
     4.832 	           0 	        0
     4.833 	           0 	        0
     4.834 	           0 	        0
     4.835 	           0 	        0
     4.836 	           0 	        0
     4.837 	           0 	        0
     4.838 	           0 	        0
     4.839 	           0 	        0
     4.840 	           0 	        0
     4.841 	           0 	        0
     4.842 	           0 	        0
     4.843 	           0 	        0
     4.844 	           0 	        0
     4.845 	           0 	        0
     4.846 	           0 	        0
     4.847 	           0 	        0
     4.848 	           0 	        0
     4.849 	           0 	        0
     4.850 	           0 	        0
     4.851 	           0 	        0
     4.852 	           0 	        0
     4.853 	           0 	        0
     4.854 	           0 	        0
     4.855 	           0 	        0
     4.856 	           0 	        0
     4.857 	           0 	        0
     4.858 	           0 	        0
     4.859 	           0 	        0
     4.860 	           0 	        0
     4.861 	           0 	        0
     4.862 	           0 	        0
     4.863 	           0 	        0
     4.864 	           0 	        0
     4.865 	           0 	        0
     4.866 	           0 	        0
     4.867 	           0 	        0
     4.868 	           0 	        0
     4.869 	           0 	        0
     4.870 	           0 	        0
     4.871 	           0 	        0
     4.872 	           0 	        0
     4.873 	           0 	        0
     4.874 	           0 	        0
     4.875 	           0 	        0
     4.876 	           0 	        0
     4.877 	           0 	        0
     4.878 	           0 	        0
     4.879 	           0 	        0
     4.880 	           0 	        0
     4.881 	           0 	        0
     4.882 	           0 	        0
     4.883 	           0 	        0
     4.884 	           0 	        0
     4.885 	           0 	        0
     4.886 	           0 	        0
     4.887 	           0 	        0
     4.888 	           0 	        0
     4.889 	           0 	        0
     4.890 	           0 	        0
     4.891 	           0 	        0
     4.892 	           0 	        0
     4.893 	           0 	        0
     4.894 	           0 	        0
     4.895 	           0 	        0
     4.896 	           0 	        0
     4.897 	           0 	        0
     4.898 	           0 	        0
     4.899 	           0 	        0
     4.900 	           0 	        0
     4.901 	           0 	        0
     4.902 	           0 	        0
     4.903 	           0 	        0
     4.904 	           0 	        0
     4.905 	           0 	        0
     4.906 	           0 	        0
     4.907 	           0 	        0
     4.908 	           0 	        0
     4.909 	           0 	        0
     4.910 	           0 	        0
     4.911 	           0 	        0
     4.912 	           0 	        0
     4.913 	           0 	        0
     4.914 	           0 	        0
     4.915 	           0 	        0
     4.916 	           0 	        0
     4.917 	           0 	        0
     4.918 	           0 	        0
     4.919 	           0 	        0
     4.920 	           0 	        0
     4.921 	           0 	        0
     4.922 	           0 	        0
     4.923 	           0 	        0
     4.924 	           0 	        0
     4.925 	           0 	        0
     4.926 	           0 	        0
     4.927 	           0 	        0
     4.928 	           0 	        0
     4.929 	           0 	        0
     4.930 	           0 	        0
     4.931 	           0 	        0
     4.932 	           0 	        0
     4.933 	           0 	        0
     4.934 	           0 	        0
     4.935 	           0 	        0
     4.936 	           0 	        0
     4.937 	           0 	        0
     4.938 	           0 	        0
     4.939 	           0 	        0
     4.940 	           0 	        0
     4.941 	           0 	        0
     4.942 	           0 	        0
     4.943 	           0 	        0
     4.944 	           0 	        0
     4.945 	           0 	        0
     4.946 	           0 	        0
     4.947 	           0 	        0
     4.948 	           0 	        0
     4.949 	           0 	        0
     4.950 	           0 	        0
     4.951 	           0 	        0
     4.952 	           0 	        0
     4.953 	           0 	        0
     4.954 	           0 	        0
     4.955 	           0 	        0
     4.956 	           0 	        0
     4.957 	           0 	        0
     4.958 	           0 	        0
     4.959 	           0 	        0
     4.960 	           0 	        0
     4.961 	           0 	        0
     4.962 	           0 	        0
     4.963 	           0 	        0
     4.964 	           0 	        0
     4.965 	           0 	        0
     4.966 	           0 	        0
     4.967 	           0 	        0
     4.968 	           0 	        0
     4.969 	           0 	        0
     4.970 	           0 	        0
     4.971 	           0 	        0
     4.972 	           0 	        0
     4.973 	           0 	        0
     4.974 	           0 	        0
     4.975 	           0 	        0
     4.976 	           0 	        0
     4.977 	           0 	        0
     4.978 	           0 	        0
     4.979 	           0 	        0
     4.980 	           0 	        0
     4.981 	           0 	        0
     4.982 	           0 	        0
     4.983 	           0 	        0
     4.984 	           0 	        0
     4.985 	           0 	        0
     4.986 	           0 	        0
     4.987 	           0 	        0
     4.988 	           0 	        0
     4.989 	           0 	        0
     4.990 	           0 	        0
     4.991 	           0 	        0
     4.992 	           0 	        0
     4.993 	           0 	        0
     4.994 	           0 	        0
     4.995 	           0 	        0
     4.996 	           0 	        0
     4.997 	           0 	        0
     4.998 	           0 	        0
     4.999 	           0 	        0
     5.000 	           0 	        0
     5.001 	           0 	        0
     5.002 	           0 	        0
     5.003 	           0 	        0
     5.004 	           0 	        0
     5.005 	           0 	        0
     5.006 	           0 	        0
     5.007 	           0 	        0
     5.008 	           0 	        0
     5.009 	           0 	        0
     5.010 	           0 	        0
     5.011 	           0 	        0
     5.012 	           0 	        0
     5.013 	           0 	        0
     5.014 	           0 	        0
     5.015 	           0 	        0
     5.016 	           0 	        0
     5.017 	           0 	        0
     5.018 	           0 	        0
     5.019 	           0 	        0
     5.020 	           0 	        0
     5.021 	           0 	        0
     5.022 	           0 	        0
     5.023 	           0 	        0
     5.024 	           0 	        0
     5.025 	           0 	        0
     5.026 	           0 	        0
     5.027 	           0 	        0
     5.028 	           0 	        0
     5.029 	           0 	        0
     5.030 	           0 	        0
     5.031 	           0 	        0
     5.032 	           0 	        0
     5.033 	           0 	        0
     5.034 	           0 	        0
     5.035 	           0 	        0
     5.036 	           0 	        0
     5.037 	 1.44437e-08 	 9.38009e-09
     5.038 	 2.92582e-08 	 1.89953e-08
     5.039 	 4.40728e-08 	 2.86014e-08
     5.040 	 1.33753e-06 	 8.67638e-07
     5.041 	 3.48377e-06 	 2.25893e-06
     5.042 	    5.63e-06 	 3.64904e-06
     5.043 	 2.74954e-05 	 1.78134e-05
     5.044 	 4.93504e-05 	 3.19591e-05
     5.045 	 6.68467e-05 	 4.32765e-05
     5.046 	   7.417e-05 	 4.79973e-05
     5.047 	 8.14933e-05 	 5.2714e-05
     5.048 	  8.5489e-05 	 5.52751e-05
     5.049 	 8.80589e-05 	 5.69125e-05
     5.050 	   9.063e-05 	 5.85492e-05
     5.051 	 9.01415e-05 	 5.82087e-05
     5.052 	  8.9653e-05 	 5.78684e-05
     5.053 	 8.80412e-05 	 5.68106e-05
     5.054 	  8.4745e-05 	 5.46601e-05
     5.055 	 8.14487e-05 	 5.25114e-05
     5.056 	 7.78684e-05 	 5.01815e-05
     5.057 	  7.4169e-05 	 4.77769e-05
     5.058 	 7.05893e-05 	 4.54512e-05
     5.059 	 6.80861e-05 	 4.38205e-05
     5.060 	 6.55829e-05 	 4.21911e-05
     5.061 	 6.31532e-05 	 4.06186e-05
     5.062 	 6.08338e-05 	 3.91097e-05
     5.063 	 5.85134e-05 	 3.76016e-05
     5.064 	 5.64022e-05 	 3.6229e-05
     5.065 	  5.4343e-05 	 3.48911e-05
     5.066 	 5.21589e-05 	 3.34741e-05
     5.067 	 4.88521e-05 	 3.13419e-05
     5.068 	 4.55453e-05 	 2.92075e-05
     5.069 	 4.09383e-05 	 2.62415e-05
     5.070 	 3.43746e-05 	 2.20245e-05
     5.071 	  2.7814e-05 	 1.78131e-05
     5.072 	 2.00391e-05 	 1.28281e-05
     5.073 	   1.196e-05 	 7.65282e-06
     5.074 	 4.51246e-06 	 2.8861e-06
     5.075 	 2.73965e-06 	 1.75146e-06
     5.076 	 9.65986e-07 	 6.17278e-07
     5.077 	 6.70334e-08 	 4.28161e-08
     5.078 	 4.11125e-08 	 2.6248e-08
     5.079 	 1.51916e-08 	 9.69462e-09
     5.080 	           0 	        0
     5.081 	           0 	        0
     5.082 	           0 	        0
     5.083 	           0 	        0
     5.084 	           0 	        0
     5.085 	           0 	        0
     5.086 	           0 	        0
     5.087 	           0 	        0
     5.088 	           0 	        0
     5.089 	           0 	        0
     5.090 	           0 	        0
     5.091 	           0 	        0
     5.092 	           0 	        0
     5.093 	           0 	        0
     5.094 	           0 	        0
     5.095 	           0 	        0
     5.096 	           0 	        0
     5.097 	           0 	        0
     5.098 	           0 	        0
     5.099 	           0 	        0
     5.100 	           0 	        0
     5.101 	           0 	        0
     5.102 	           0 	        0
     5.103 	           0 	        0
     5.104 	           0 	        0
     5.105 	           0 	        0
     5.106 	           0 	        0
     5.107 	           0 	        0
     5.108 	           0 	        0
     5.109 	           0 	        0
     5.110 	           0 	        0
     5.111 	           0 	        0
     5.112 	           0 	        0
     5.113 	           0 	        0
     5.114 	           0 	        0
     5.115 	           0 	        0
     5.116 	           0 	        0
     5.117 	           0 	        0
     5.118 	           0 	        0
     5.119 	           0 	        0
     5.120 	           0 	        0
     5.121 	           0 	        0
     5.122 	           0 	        0
     5.123 	           0 	        0
     5.124 	           0 	        0
     5.125 	           0 	        0
     5.126 	           0 	        0
     5.127 	           0 	        0
     5.128 	           0 	        0
     5.129 	           0 	        0
     5.130 	           0 	        0
     5.131 	           0 	        0
     5.132 	           0 	        0
     5.133 	           0 	        0
     5.134 	           0 	        0
     5.135 	           0 	        0
     5.136 	           0 	        0
     5.137 	           0 	        0
     5.138 	           0 	        0
     5.139 	           0 	        0
     5.140 	           0 	        0
     5.141 	           0 	        0
     5.142 	           0 	        0
     5.143 	           0 	        0
     5.144 	           0 	        0
     5.145 	           0 	        0
     5.146 	           0 	        0
     5.147 	           0 	        0
     5.148 	           0 	        0
     5.149 	           0 	        0
     5.150 	           0 	        0
     5.151 	           0 	        0
     5.152 	           0 	        0
     5.153 	           0 	        0
     5.154 	           0 	        0
     5.155 	           0 	        0
     5.156 	           0 	        0
     5.157 	           0 	        0
     5.158 	           0 	        0
     5.159 	           0 	        0
     5.160 	           0 	        0
     5.161 	           0 	        0
     5.162 	           0 	        0
     5.163 	           0 	        0
     5.164 	           0 	        0
     5.165 	           0 	        0
     5.166 	           0 	        0
     5.167 	 1.11093e-08 	 6.77545e-09
     5.168 	 1.48154e-08 	 9.03104e-09
     5.169 	 1.85197e-08 	 1.12818e-08
     5.170 	 2.02397e-07 	 1.23231e-07
     5.171 	 5.06198e-07 	 3.08003e-07
     5.172 	     8.1e-07 	 4.92595e-07
     5.173 	 7.35317e-06 	 4.46886e-06
     5.174 	 1.38963e-05 	 8.44097e-06
     5.175 	 1.85855e-05 	 1.12811e-05
     5.176 	 1.89374e-05 	 1.14871e-05
     5.177 	 1.92892e-05 	 1.16943e-05
     5.178 	 1.67465e-05 	 1.01461e-05
     5.179 	 1.22732e-05 	 7.43195e-06
     5.180 	     7.8e-06 	 4.72013e-06
     5.181 	 4.96957e-06 	 3.0057e-06
     5.182 	 2.14049e-06 	 1.29376e-06
     5.183 	 1.43848e-07 	 8.68984e-08
     5.184 	       9e-08 	 5.43329e-08
     5.185 	 3.61519e-08 	 2.18131e-08
     5.186 	 1.41836e-07 	 8.55234e-08
     5.187 	 3.15877e-07 	 1.90363e-07
     5.188 	     4.9e-07 	 2.95101e-07
     5.189 	 2.37084e-06 	 1.42706e-06
     5.190 	 4.25168e-06 	 2.55746e-06
     5.191 	 7.22337e-06 	 4.34263e-06
     5.192 	 1.18307e-05 	 7.10777e-06
     5.193 	  1.6438e-05 	 9.87038e-06
     5.194 	 2.26658e-05 	 1.36008e-05
     5.195 	 2.95911e-05 	 1.77467e-05
     5.196 	 3.56631e-05 	 2.13695e-05
     5.197 	 3.40968e-05 	 2.04197e-05
     5.198 	 3.25304e-05 	 1.94685e-05
     5.199 	 2.93167e-05 	 1.75355e-05
     5.200 	  2.3628e-05 	 1.41233e-05
     5.201 	 1.79367e-05 	 1.07155e-05
     5.202 	 1.31103e-05 	 7.8278e-06
     5.203 	 8.49927e-06 	 5.07122e-06
     5.204 	 4.20635e-06 	 2.50839e-06
     5.205 	 2.77195e-06 	 1.65188e-06
     5.206 	 1.33754e-06 	 7.96629e-07
     5.207 	 5.12665e-07 	 3.05169e-07
     5.208 	 2.97789e-07 	 1.77162e-07
     5.209 	 8.30161e-08 	 4.93545e-08
     5.210 	 3.11129e-08 	 1.84868e-08
     5.211 	       2e-08 	 1.18769e-08
     5.212 	           0 	        0
     5.213 	           0 	        0
     5.214 	           0 	        0
     5.215 	           0 	        0
     5.216 	           0 	        0
     5.217 	           0 	        0
     5.218 	           0 	        0
     5.219 	           0 	        0
     5.220 	           0 	        0
     5.221 	           0 	        0
     5.222 	           0 	        0
     5.223 	           0 	        0
     5.224 	           0 	        0
     5.225 	           0 	        0
     5.226 	           0 	        0
     5.227 	           0 	        0
     5.228 	           0 	        0
     5.229 	           0 	        0
     5.230 	           0 	        0
     5.231 	           0 	        0
     5.232 	           0 	        0
     5.233 	           0 	        0
     5.234 	           0 	        0
     5.235 	           0 	        0
     5.236 	           0 	        0
     5.237 	           0 	        0
     5.238 	           0 	        0
     5.239 	           0 	        0
     5.240 	           0 	        0
     5.241 	           0 	        0
     5.242 	           0 	        0
     5.243 	           0 	        0
     5.244 	           0 	        0
     5.245 	           0 	        0
     5.246 	           0 	        0
     5.247 	           0 	        0
     5.248 	           0 	        0
     5.249 	           0 	        0
     5.250 	           0 	        0
     5.251 	           0 	        0
     5.252 	           0 	        0
     5.253 	           0 	        0
     5.254 	           0 	        0
     5.255 	           0 	        0
     5.256 	           0 	        0
     5.257 	           0 	        0
     5.258 	           0 	        0
     5.259 	           0 	        0
     5.260 	           0 	        0
     5.261 	           0 	        0
     5.262 	           0 	        0
     5.263 	           0 	        0
     5.264 	           0 	        0
     5.265 	           0 	        0
     5.266 	           0 	        0
     5.267 	           0 	        0
     5.268 	           0 	        0
     5.269 	           0 	        0
     5.270 	           0 	        0
     5.271 	           0 	        0
     5.272 	           0 	        0
     5.273 	           0 	        0
     5.274 	           0 	        0
     5.275 	           0 	        0
     5.276 	           0 	        0
     5.277 	           0 	        0
     5.278 	           0 	        0
     5.279 	 2.23037e-08 	 1.27605e-08
     5.280 	 3.76963e-08 	 2.15563e-08
     5.281 	 1.51607e-07 	 8.66628e-08
     5.282 	 6.58916e-07 	 3.76467e-07
     5.283 	 1.16622e-06 	 6.65978e-07
     5.284 	  1.5181e-06 	 8.66487e-07
     5.285 	 1.71439e-06 	 9.78035e-07
     5.286 	 1.91069e-06 	 1.08947e-06
     5.287 	 1.37138e-06 	 7.81409e-07
     5.288 	 6.48276e-07 	 3.69201e-07
     5.289 	 6.55501e-08 	 3.73128e-08
     5.290 	 4.33322e-08 	 2.46566e-08
     5.291 	 2.11142e-08 	 1.20082e-08
     5.292 	           0 	        0
     5.293 	           0 	        0
     5.294 	           0 	        0
     5.295 	           0 	        0
     5.296 	           0 	        0
     5.297 	           0 	        0
     5.298 	           0 	        0
     5.299 	           0 	        0
     5.300 	           0 	        0
     5.301 	           0 	        0
     5.302 	           0 	        0
     5.303 	           0 	        0
     5.304 	           0 	        0
     5.305 	 1.22187e-08 	 6.86123e-09
     5.306 	 1.96308e-08 	 1.10034e-08
     5.307 	 2.70394e-08 	 1.51226e-08
     5.308 	 3.78632e-07 	 2.11271e-07
     5.309 	 9.59316e-07 	 5.33885e-07
     5.310 	    1.54e-06 	 8.5458e-07
     5.311 	 1.18676e-05 	 6.56568e-06
     5.312 	 2.21952e-05 	 1.22364e-05
     5.313 	 3.00299e-05 	 1.64966e-05
     5.314 	   3.203e-05 	 1.75276e-05
     5.315 	 3.40301e-05 	 1.85476e-05
     5.316 	 3.58252e-05 	 1.94423e-05
     5.317 	 3.75326e-05 	 2.02784e-05
     5.318 	   3.924e-05 	 2.11006e-05
     5.319 	 3.88142e-05 	 2.07696e-05
     5.320 	 3.83881e-05 	 2.04379e-05
     5.321 	 3.79135e-05 	 2.00772e-05
     5.322 	  3.7325e-05 	 1.96565e-05
     5.323 	 3.67365e-05 	 1.92326e-05
     5.324 	 3.55542e-05 	 1.85045e-05
     5.325 	 3.41174e-05 	 1.76471e-05
     5.326 	   3.268e-05 	 1.67986e-05
     5.327 	 3.14492e-05 	 1.60602e-05
     5.328 	 3.02184e-05 	 1.53301e-05
     5.329 	 2.95007e-05 	 1.48647e-05
     5.330 	 2.95526e-05 	 1.4785e-05
     5.331 	 2.96044e-05 	 1.47028e-05
     5.332 	 2.96523e-05 	 1.46182e-05
     5.333 	 2.96985e-05 	 1.45303e-05
     5.334 	 2.97022e-05 	 1.44141e-05
     5.335 	 2.93245e-05 	 1.41172e-05
     5.336 	 2.89468e-05 	 1.38212e-05
     5.337 	 2.85694e-05 	 1.35282e-05
     5.338 	 2.81924e-05 	 1.32343e-05
     5.339 	 2.78153e-05 	 1.29455e-05
     5.340 	 2.79652e-05 	 1.28987e-05
     5.341 	 2.82467e-05 	 1.29109e-05
     5.342 	 2.85347e-05 	 1.29215e-05
     5.343 	 2.88808e-05 	 1.29537e-05
     5.344 	 2.92269e-05 	 1.29815e-05
     5.345 	 2.97276e-05 	 1.30731e-05
     5.346 	 3.03833e-05 	 1.32282e-05
     5.347 	 3.10387e-05 	 1.33774e-05
     5.348 	 3.17884e-05 	 1.35588e-05
     5.349 	 3.25616e-05 	 1.37434e-05
     5.350 	  3.3404e-05 	 1.395e-05
     5.351 	 3.45223e-05 	 1.42631e-05
     5.352 	 3.56411e-05 	 1.45638e-05
     5.353 	 3.68576e-05 	 1.48938e-05
     5.354 	 3.81722e-05 	 1.5252e-05
     5.355 	 3.94867e-05 	 1.55953e-05
     5.356 	  4.0562e-05 	 1.58329e-05
     5.357 	 4.15775e-05 	 1.60378e-05
     5.358 	  4.2558e-05 	 1.62231e-05
     5.359 	 4.33991e-05 	 1.63439e-05
     5.360 	 4.42398e-05 	 1.646e-05
     5.361 	 4.44907e-05 	 1.63484e-05
     5.362 	 4.41523e-05 	 1.60239e-05
     5.363 	 4.38139e-05 	 1.57025e-05
     5.364 	 4.28702e-05 	 1.51699e-05
     5.365 	 4.18591e-05 	 1.46224e-05
     5.366 	 4.12341e-05 	 1.42143e-05
     5.367 	 4.21532e-05 	 1.43431e-05
     5.368 	 4.30723e-05 	 1.44638e-05
     5.369 	 4.51664e-05 	 1.49656e-05
     5.370 	 4.80441e-05 	 1.57083e-05
     5.371 	 5.09218e-05 	 1.64258e-05
     5.372 	 5.42915e-05 	 1.72787e-05
     5.373 	  5.7714e-05 	 1.8119e-05
     5.374 	 6.12254e-05 	 1.89572e-05
     5.375 	 6.49438e-05 	 1.98332e-05
     5.376 	 6.86623e-05 	 2.06826e-05
     5.377 	 7.24362e-05 	 2.15109e-05
     5.378 	 7.62472e-05 	 2.23306e-05
     5.379 	   8.006e-05 	 2.31197e-05
     5.380 	 8.27748e-05 	 2.35769e-05
     5.381 	 8.54895e-05 	 2.40064e-05
     5.382 	 8.79542e-05 	 2.43577e-05
     5.383 	  8.9835e-05 	 2.45305e-05
     5.384 	 9.17158e-05 	 2.47022e-05
     5.385 	 9.09259e-05 	 2.41506e-05
     5.386 	  8.8993e-05 	 2.3312e-05
     5.387 	   8.706e-05 	 2.24891e-05
     5.388 	 8.46834e-05 	 2.15782e-05
     5.389 	 8.23069e-05 	 2.06959e-05
     5.390 	 7.88209e-05 	 1.95601e-05
     5.391 	 7.36682e-05 	 1.80445e-05
     5.392 	 6.85131e-05 	 1.65666e-05
     5.393 	 6.39972e-05 	 1.52782e-05
     5.394 	 5.97536e-05 	 1.40904e-05
     5.395 	   5.551e-05 	 1.29275e-05
     5.396 	 5.55369e-05 	 1.27795e-05
     5.397 	 5.55638e-05 	 1.26288e-05
     5.398 	 5.55904e-05 	 1.24845e-05
     5.399 	 5.56163e-05 	 1.23441e-05
     5.400 	 5.56422e-05 	 1.22076e-05
     5.401 	  5.6517e-05 	 1.22549e-05
     5.402 	 5.77555e-05 	 1.23842e-05
     5.403 	  5.9012e-05 	 1.2507e-05
     5.404 	 6.04303e-05 	 1.26618e-05
     5.405 	 6.18492e-05 	 1.28146e-05
     5.406 	 6.26923e-05 	 1.2838e-05
     5.407 	 6.26731e-05 	 1.26849e-05
     5.408 	 6.26538e-05 	 1.25332e-05
     5.409 	 6.22798e-05 	 1.23128e-05
     5.410 	 6.18168e-05 	 1.20722e-05
     5.411 	 6.13298e-05 	 1.18337e-05
     5.412 	 6.06256e-05 	 1.15517e-05
     5.413 	 5.99218e-05 	 1.12775e-05
     5.414 	 5.91829e-05 	 1.09957e-05
     5.415 	 5.84089e-05 	 1.0711e-05
     5.416 	  5.7635e-05 	 1.04302e-05
     5.417 	 5.85597e-05 	 1.04541e-05
     5.418 	 5.99103e-05 	 1.05509e-05
     5.419 	 6.17302e-05 	 1.07225e-05
     5.420 	 6.54258e-05 	 1.12115e-05
     5.421 	 6.91213e-05 	 1.16781e-05
     5.422 	 7.32248e-05 	 1.21948e-05
     5.423 	 7.77365e-05 	 1.27644e-05
     5.424 	 8.22482e-05 	 1.33129e-05
     5.425 	  8.7345e-05 	 1.39338e-05
     5.426 	 9.25041e-05 	 1.45375e-05
     5.427 	 9.77388e-05 	 1.51317e-05
     5.428 	 0.000103275 	 1.57473e-05
     5.429 	 0.000108811 	 1.63371e-05
     5.430 	 0.000113975 	 1.68542e-05
     5.431 	 0.000118769 	 1.72856e-05
     5.432 	  0.00012356 	 1.7703e-05
     5.433 	 0.000128357 	 1.80996e-05
     5.434 	 0.000133154 	 1.84743e-05
     5.435 	 0.000137332 	 1.8743e-05
     5.436 	 0.000139039 	 1.86572e-05
     5.437 	 0.000140747 	 1.85779e-05
     5.438 	 0.000142448 	 1.84886e-05
     5.439 	 0.000144144 	 1.83821e-05
     5.440 	  0.00014584 	 1.82789e-05
     5.441 	 0.000144429 	 1.77961e-05
     5.442 	 0.000142671 	 1.72668e-05
     5.443 	 0.000140886 	 1.67524e-05
     5.444 	 0.000139038 	 1.6238e-05
     5.445 	 0.000137189 	 1.57284e-05
     5.446 	 0.000138119 	 1.55423e-05
     5.447 	   0.0001409 	 1.55568e-05
     5.448 	  0.00014368 	 1.557e-05
     5.449 	 0.000147846 	 1.57191e-05
     5.450 	 0.000152012 	 1.5851e-05
     5.451 	 0.000156166 	 1.59764e-05
     5.452 	 0.000160285 	 1.60815e-05
     5.453 	 0.000164404 	 1.61706e-05
     5.454 	 0.000168373 	 1.62289e-05
     5.455 	 0.000172276 	 1.62745e-05
     5.456 	  0.00017618 	 1.63088e-05
     5.457 	 0.000177211 	 1.60676e-05
     5.458 	 0.000178242 	 1.58227e-05
     5.459 	 0.000177861 	 1.54641e-05
     5.460 	 0.000175365 	 1.49269e-05
     5.461 	 0.000172869 	 1.44114e-05
     5.462 	 0.000170114 	 1.38835e-05
     5.463 	 0.000167247 	 1.33563e-05
     5.464 	  0.00016438 	 1.28367e-05
     5.465 	 0.000160461 	 1.2261e-05
     5.466 	 0.000156541 	 1.16985e-05
     5.467 	 0.000152766 	 1.1171e-05
     5.468 	 0.000149207 	 1.06699e-05
     5.469 	 0.000145648 	 1.01815e-05
     5.470 	 0.000142044 	 9.70135e-06
     5.471 	  0.00013842 	 9.24155e-06
     5.472 	 0.000134834 	 8.80519e-06
     5.473 	 0.000131575 	 8.40018e-06
     5.474 	 0.000128316 	 8.00305e-06
     5.475 	 0.000124797 	 7.60141e-06
     5.476 	 0.000120885 	 7.19541e-06
     5.477 	 0.000116972 	 6.80875e-06
     5.478 	 0.000113395 	 6.45157e-06
     5.479 	 0.000109903 	 6.10843e-06
     5.480 	 0.000106229 	 5.77235e-06
     5.481 	 0.000100922 	 5.35875e-06
     5.482 	 9.56147e-05 	 4.95824e-06
     5.483 	 9.04987e-05 	 4.59286e-06
     5.484 	 8.55714e-05 	 4.24289e-06
     5.485 	 8.06464e-05 	 3.91036e-06
     5.486 	 7.43346e-05 	 3.52832e-06
     5.487 	 6.76754e-05 	 3.1431e-06
     5.488 	 6.11189e-05 	 2.7761e-06
     5.489 	 5.49719e-05 	 2.44475e-06
     5.490 	 4.88249e-05 	 2.12502e-06
     5.491 	 4.39398e-05 	 1.87393e-06
     5.492 	 4.03211e-05 	 1.68686e-06
     5.493 	 3.67024e-05 	 1.50602e-06
     5.494 	 3.50936e-05 	 1.4144e-06
     5.495 	 3.37084e-05 	 1.33395e-06
     5.496 	 3.24098e-05 	 1.26128e-06
     5.497 	 3.14575e-05 	 1.20344e-06
     5.498 	 3.05057e-05 	 1.14698e-06
     5.499 	           0 	        0
     5.500 	           0 	        0
