Wavelength 	 FilterTrans 	      PCE
     0.500 	           0 	        0
     0.501 	           0 	        0
     0.502 	           0 	        0
     0.503 	           0 	        0
     0.504 	           0 	        0
     0.505 	           0 	        0
     0.506 	           0 	        0
     0.507 	           0 	        0
     0.508 	           0 	        0
     0.509 	           0 	        0
     0.510 	           0 	        0
     0.511 	           0 	        0
     0.512 	           0 	        0
     0.513 	           0 	        0
     0.514 	           0 	        0
     0.515 	           0 	        0
     0.516 	           0 	        0
     0.517 	           0 	        0
     0.518 	           0 	        0
     0.519 	           0 	        0
     0.520 	           0 	        0
     0.521 	           0 	        0
     0.522 	           0 	        0
     0.523 	           0 	        0
     0.524 	           0 	        0
     0.525 	           0 	        0
     0.526 	           0 	        0
     0.527 	           0 	        0
     0.528 	           0 	        0
     0.529 	           0 	        0
     0.530 	           0 	        0
     0.531 	           0 	        0
     0.532 	           0 	        0
     0.533 	           0 	        0
     0.534 	           0 	        0
     0.535 	           0 	        0
     0.536 	           0 	        0
     0.537 	           0 	        0
     0.538 	           0 	        0
     0.539 	           0 	        0
     0.540 	           0 	        0
     0.541 	           0 	        0
     0.542 	           0 	        0
     0.543 	           0 	        0
     0.544 	           0 	        0
     0.545 	           0 	        0
     0.546 	           0 	        0
     0.547 	           0 	        0
     0.548 	           0 	        0
     0.549 	           0 	        0
     0.550 	           0 	        0
     0.551 	           0 	        0
     0.552 	           0 	        0
     0.553 	           0 	        0
     0.554 	           0 	        0
     0.555 	           0 	        0
     0.556 	           0 	        0
     0.557 	           0 	        0
     0.558 	           0 	        0
     0.559 	           0 	        0
     0.560 	           0 	        0
     0.561 	           0 	        0
     0.562 	           0 	        0
     0.563 	           0 	        0
     0.564 	           0 	        0
     0.565 	           0 	        0
     0.566 	           0 	        0
     0.567 	           0 	        0
     0.568 	           0 	        0
     0.569 	           0 	        0
     0.570 	           0 	        0
     0.571 	           0 	        0
     0.572 	           0 	        0
     0.573 	           0 	        0
     0.574 	           0 	        0
     0.575 	           0 	        0
     0.576 	           0 	        0
     0.577 	           0 	        0
     0.578 	           0 	        0
     0.579 	           0 	        0
     0.580 	           0 	        0
     0.581 	           0 	        0
     0.582 	           0 	        0
     0.583 	           0 	        0
     0.584 	           0 	        0
     0.585 	           0 	        0
     0.586 	           0 	        0
     0.587 	           0 	        0
     0.588 	           0 	        0
     0.589 	           0 	        0
     0.590 	           0 	        0
     0.591 	           0 	        0
     0.592 	           0 	        0
     0.593 	           0 	        0
     0.594 	           0 	        0
     0.595 	           0 	        0
     0.596 	           0 	        0
     0.597 	           0 	        0
     0.598 	           0 	        0
     0.599 	           0 	        0
     0.600 	           0 	        0
     0.601 	           0 	        0
     0.602 	           0 	        0
     0.603 	           0 	        0
     0.604 	           0 	        0
     0.605 	           0 	        0
     0.606 	           0 	        0
     0.607 	           0 	        0
     0.608 	           0 	        0
     0.609 	           0 	        0
     0.610 	           0 	        0
     0.611 	           0 	        0
     0.612 	           0 	        0
     0.613 	           0 	        0
     0.614 	           0 	        0
     0.615 	           0 	        0
     0.616 	           0 	        0
     0.617 	           0 	        0
     0.618 	           0 	        0
     0.619 	           0 	        0
     0.620 	           0 	        0
     0.621 	           0 	        0
     0.622 	           0 	        0
     0.623 	           0 	        0
     0.624 	           0 	        0
     0.625 	           0 	        0
     0.626 	           0 	        0
     0.627 	           0 	        0
     0.628 	           0 	        0
     0.629 	           0 	        0
     0.630 	           0 	        0
     0.631 	           0 	        0
     0.632 	           0 	        0
     0.633 	           0 	        0
     0.634 	           0 	        0
     0.635 	           0 	        0
     0.636 	           0 	        0
     0.637 	           0 	        0
     0.638 	           0 	        0
     0.639 	           0 	        0
     0.640 	           0 	        0
     0.641 	           0 	        0
     0.642 	           0 	        0
     0.643 	           0 	        0
     0.644 	           0 	        0
     0.645 	           0 	        0
     0.646 	           0 	        0
     0.647 	           0 	        0
     0.648 	           0 	        0
     0.649 	           0 	        0
     0.650 	           0 	        0
     0.651 	           0 	        0
     0.652 	           0 	        0
     0.653 	           0 	        0
     0.654 	           0 	        0
     0.655 	           0 	        0
     0.656 	           0 	        0
     0.657 	           0 	        0
     0.658 	           0 	        0
     0.659 	           0 	        0
     0.660 	           0 	        0
     0.661 	           0 	        0
     0.662 	           0 	        0
     0.663 	           0 	        0
     0.664 	           0 	        0
     0.665 	           0 	        0
     0.666 	           0 	        0
     0.667 	           0 	        0
     0.668 	           0 	        0
     0.669 	           0 	        0
     0.670 	           0 	        0
     0.671 	           0 	        0
     0.672 	           0 	        0
     0.673 	           0 	        0
     0.674 	           0 	        0
     0.675 	           0 	        0
     0.676 	           0 	        0
     0.677 	           0 	        0
     0.678 	           0 	        0
     0.679 	           0 	        0
     0.680 	           0 	        0
     0.681 	           0 	        0
     0.682 	           0 	        0
     0.683 	           0 	        0
     0.684 	           0 	        0
     0.685 	           0 	        0
     0.686 	           0 	        0
     0.687 	           0 	        0
     0.688 	           0 	        0
     0.689 	           0 	        0
     0.690 	           0 	        0
     0.691 	           0 	        0
     0.692 	           0 	        0
     0.693 	           0 	        0
     0.694 	           0 	        0
     0.695 	           0 	        0
     0.696 	           0 	        0
     0.697 	           0 	        0
     0.698 	           0 	        0
     0.699 	           0 	        0
     0.700 	           0 	        0
     0.701 	           0 	        0
     0.702 	           0 	        0
     0.703 	           0 	        0
     0.704 	           0 	        0
     0.705 	           0 	        0
     0.706 	           0 	        0
     0.707 	           0 	        0
     0.708 	           0 	        0
     0.709 	           0 	        0
     0.710 	           0 	        0
     0.711 	           0 	        0
     0.712 	           0 	        0
     0.713 	           0 	        0
     0.714 	           0 	        0
     0.715 	           0 	        0
     0.716 	           0 	        0
     0.717 	           0 	        0
     0.718 	           0 	        0
     0.719 	           0 	        0
     0.720 	           0 	        0
     0.721 	           0 	        0
     0.722 	           0 	        0
     0.723 	           0 	        0
     0.724 	           0 	        0
     0.725 	           0 	        0
     0.726 	           0 	        0
     0.727 	           0 	        0
     0.728 	           0 	        0
     0.729 	           0 	        0
     0.730 	           0 	        0
     0.731 	           0 	        0
     0.732 	           0 	        0
     0.733 	           0 	        0
     0.734 	           0 	        0
     0.735 	           0 	        0
     0.736 	           0 	        0
     0.737 	           0 	        0
     0.738 	           0 	        0
     0.739 	           0 	        0
     0.740 	           0 	        0
     0.741 	           0 	        0
     0.742 	           0 	        0
     0.743 	           0 	        0
     0.744 	           0 	        0
     0.745 	           0 	        0
     0.746 	           0 	        0
     0.747 	           0 	        0
     0.748 	           0 	        0
     0.749 	           0 	        0
     0.750 	           0 	        0
     0.751 	           0 	        0
     0.752 	           0 	        0
     0.753 	           0 	        0
     0.754 	           0 	        0
     0.755 	           0 	        0
     0.756 	           0 	        0
     0.757 	           0 	        0
     0.758 	           0 	        0
     0.759 	           0 	        0
     0.760 	           0 	        0
     0.761 	           0 	        0
     0.762 	           0 	        0
     0.763 	           0 	        0
     0.764 	           0 	        0
     0.765 	           0 	        0
     0.766 	           0 	        0
     0.767 	           0 	        0
     0.768 	           0 	        0
     0.769 	           0 	        0
     0.770 	           0 	        0
     0.771 	           0 	        0
     0.772 	           0 	        0
     0.773 	           0 	        0
     0.774 	           0 	        0
     0.775 	           0 	        0
     0.776 	           0 	        0
     0.777 	           0 	        0
     0.778 	 1.05255e-08 	 9.24831e-09
     0.779 	           0 	        0
     0.780 	           0 	        0
     0.781 	           0 	        0
     0.782 	           0 	        0
     0.783 	           0 	        0
     0.784 	           0 	        0
     0.785 	           0 	        0
     0.786 	           0 	        0
     0.787 	           0 	        0
     0.788 	           0 	        0
     0.789 	           0 	        0
     0.790 	           0 	        0
     0.791 	           0 	        0
     0.792 	           0 	        0
     0.793 	           0 	        0
     0.794 	           0 	        0
     0.795 	           0 	        0
     0.796 	 1.02882e-08 	 8.89229e-09
     0.797 	 1.47005e-08 	 1.26925e-08
     0.798 	 1.83568e-08 	 1.58306e-08
     0.799 	 1.97974e-08 	 1.70566e-08
     0.800 	 2.12074e-08 	 1.82538e-08
     0.801 	 2.27463e-08 	 1.95608e-08
     0.802 	 2.36588e-08 	 2.03317e-08
     0.803 	 2.56709e-08 	 2.20433e-08
     0.804 	 2.81289e-08 	 2.41362e-08
     0.805 	 3.11666e-08 	 2.67271e-08
     0.806 	 3.19579e-08 	 2.73806e-08
     0.807 	 2.91252e-08 	 2.49389e-08
     0.808 	 2.46174e-08 	 2.10595e-08
     0.809 	 2.06219e-08 	 1.76241e-08
     0.810 	 1.65467e-08 	 1.41328e-08
     0.811 	 1.17464e-08 	 1.00218e-08
     0.812 	           0 	        0
     0.813 	           0 	        0
     0.814 	           0 	        0
     0.815 	           0 	        0
     0.816 	           0 	        0
     0.817 	           0 	        0
     0.818 	           0 	        0
     0.819 	           0 	        0
     0.820 	           0 	        0
     0.821 	           0 	        0
     0.822 	           0 	        0
     0.823 	           0 	        0
     0.824 	           0 	        0
     0.825 	           0 	        0
     0.826 	           0 	        0
     0.827 	           0 	        0
     0.828 	           0 	        0
     0.829 	           0 	        0
     0.830 	           0 	        0
     0.831 	           0 	        0
     0.832 	           0 	        0
     0.833 	           0 	        0
     0.834 	           0 	        0
     0.835 	           0 	        0
     0.836 	           0 	        0
     0.837 	           0 	        0
     0.838 	           0 	        0
     0.839 	           0 	        0
     0.840 	           0 	        0
     0.841 	           0 	        0
     0.842 	           0 	        0
     0.843 	           0 	        0
     0.844 	           0 	        0
     0.845 	           0 	        0
     0.846 	           0 	        0
     0.847 	           0 	        0
     0.848 	           0 	        0
     0.849 	           0 	        0
     0.850 	           0 	        0
     0.851 	           0 	        0
     0.852 	           0 	        0
     0.853 	           0 	        0
     0.854 	           0 	        0
     0.855 	           0 	        0
     0.856 	           0 	        0
     0.857 	           0 	        0
     0.858 	           0 	        0
     0.859 	           0 	        0
     0.860 	           0 	        0
     0.861 	           0 	        0
     0.862 	           0 	        0
     0.863 	           0 	        0
     0.864 	           0 	        0
     0.865 	           0 	        0
     0.866 	           0 	        0
     0.867 	           0 	        0
     0.868 	           0 	        0
     0.869 	           0 	        0
     0.870 	           0 	        0
     0.871 	           0 	        0
     0.872 	           0 	        0
     0.873 	           0 	        0
     0.874 	           0 	        0
     0.875 	           0 	        0
     0.876 	           0 	        0
     0.877 	           0 	        0
     0.878 	           0 	        0
     0.879 	           0 	        0
     0.880 	           0 	        0
     0.881 	           0 	        0
     0.882 	           0 	        0
     0.883 	           0 	        0
     0.884 	           0 	        0
     0.885 	           0 	        0
     0.886 	           0 	        0
     0.887 	           0 	        0
     0.888 	           0 	        0
     0.889 	           0 	        0
     0.890 	           0 	        0
     0.891 	           0 	        0
     0.892 	           0 	        0
     0.893 	           0 	        0
     0.894 	           0 	        0
     0.895 	 1.07576e-08 	 8.69137e-09
     0.896 	 1.72932e-08 	 1.39665e-08
     0.897 	 2.01506e-08 	 1.62645e-08
     0.898 	  1.5782e-08 	 1.27323e-08
     0.899 	 1.21511e-08 	 9.79721e-09
     0.900 	 1.42819e-08 	 1.151e-08
     0.901 	 1.43932e-08 	 1.15952e-08
     0.902 	 1.43558e-08 	 1.15594e-08
     0.903 	 1.56442e-08 	 1.25919e-08
     0.904 	  1.7936e-08 	 1.44277e-08
     0.905 	 2.13249e-08 	 1.71452e-08
     0.906 	 2.50048e-08 	 2.00959e-08
     0.907 	 2.92183e-08 	 2.3473e-08
     0.908 	 3.61694e-08 	 2.90458e-08
     0.909 	 4.64002e-08 	 3.72348e-08
     0.910 	 6.32378e-08 	 5.07301e-08
     0.911 	 7.28997e-08 	 5.84607e-08
     0.912 	 7.79911e-08 	 6.25153e-08
     0.913 	  8.2228e-08 	 6.58741e-08
     0.914 	  8.5475e-08 	 6.84512e-08
     0.915 	 8.70625e-08 	 6.96908e-08
     0.916 	  7.8403e-08 	 6.27233e-08
     0.917 	  7.4028e-08 	 5.92006e-08
     0.918 	 6.46835e-08 	 5.17095e-08
     0.919 	 5.35688e-08 	 4.27996e-08
     0.920 	 5.00031e-08 	 3.99338e-08
     0.921 	 5.64502e-08 	 4.50775e-08
     0.922 	 6.31838e-08 	 5.0448e-08
     0.923 	 6.61177e-08 	 5.27791e-08
     0.924 	 7.02449e-08 	 5.60622e-08
     0.925 	 8.05465e-08 	 6.42831e-08
     0.926 	 9.27776e-08 	 7.40392e-08
     0.927 	  1.0166e-07 	 8.11205e-08
     0.928 	 1.06497e-07 	 8.49804e-08
     0.929 	  1.1608e-07 	 9.26309e-08
     0.930 	 1.35033e-07 	 1.07747e-07
     0.931 	 1.70007e-07 	 1.35687e-07
     0.932 	  2.0565e-07 	 1.64088e-07
     0.933 	 2.32569e-07 	 1.85612e-07
     0.934 	 2.45523e-07 	 1.95945e-07
     0.935 	 2.55175e-07 	 2.03637e-07
     0.936 	 2.43611e-07 	 1.94462e-07
     0.937 	 2.22235e-07 	 1.77412e-07
     0.938 	 1.97438e-07 	 1.57624e-07
     0.939 	 1.72609e-07 	 1.37843e-07
     0.940 	 1.50428e-07 	 1.20135e-07
     0.941 	 1.34982e-07 	 1.07826e-07
     0.942 	 1.29036e-07 	 1.03121e-07
     0.943 	 1.26046e-07 	 1.00764e-07
     0.944 	 1.22158e-07 	 9.76823e-08
     0.945 	 1.17235e-07 	 9.37963e-08
     0.946 	  1.2373e-07 	 9.90194e-08
     0.947 	 1.48353e-07 	 1.18766e-07
     0.948 	 1.77148e-07 	 1.41882e-07
     0.949 	 1.97843e-07 	 1.58534e-07
     0.950 	 2.12962e-07 	 1.70726e-07
     0.951 	 2.38445e-07 	 1.91213e-07
     0.952 	 2.57847e-07 	 2.06872e-07
     0.953 	 2.57721e-07 	 2.06849e-07
     0.954 	 2.29649e-07 	 1.84389e-07
     0.955 	 1.90959e-07 	 1.53419e-07
     0.956 	 1.47827e-07 	 1.18812e-07
     0.957 	 1.11899e-07 	 8.99907e-08
     0.958 	 8.49812e-08 	 6.83688e-08
     0.959 	 6.60157e-08 	 5.31392e-08
     0.960 	 5.69554e-08 	 4.58693e-08
     0.961 	 4.75404e-08 	 3.83086e-08
     0.962 	 3.86554e-08 	 3.1174e-08
     0.963 	 3.32997e-08 	 2.6868e-08
     0.964 	 3.26688e-08 	 2.63773e-08
     0.965 	  3.4285e-08 	 2.77008e-08
     0.966 	 3.51894e-08 	 2.84513e-08
     0.967 	 3.75679e-08 	 3.03986e-08
     0.968 	  4.2112e-08 	 3.40991e-08
     0.969 	 4.79775e-08 	 3.88754e-08
     0.970 	 5.94854e-08 	 4.82447e-08
     0.971 	 7.74179e-08 	 6.2834e-08
     0.972 	  1.0189e-07 	 8.27495e-08
     0.973 	 1.32494e-07 	 1.07707e-07
     0.974 	 1.59148e-07 	 1.29485e-07
     0.975 	 1.56867e-07 	 1.27738e-07
     0.976 	 1.17428e-07 	 9.57011e-08
     0.977 	 7.60345e-08 	 6.20053e-08
     0.978 	  4.8872e-08 	 3.98883e-08
     0.979 	 3.31146e-08 	 2.70566e-08
     0.980 	 2.08641e-08 	 1.70616e-08
     0.981 	 1.33265e-08 	 1.09064e-08
     0.982 	           0 	        0
     0.983 	           0 	        0
     0.984 	           0 	        0
     0.985 	           0 	        0
     0.986 	           0 	        0
     0.987 	           0 	        0
     0.988 	           0 	        0
     0.989 	           0 	        0
     0.990 	           0 	        0
     0.991 	           0 	        0
     0.992 	           0 	        0
     0.993 	           0 	        0
     0.994 	           0 	        0
     0.995 	           0 	        0
     0.996 	           0 	        0
     0.997 	           0 	        0
     0.998 	           0 	        0
     0.999 	           0 	        0
     1.000 	           0 	        0
     1.001 	           0 	        0
     1.002 	           0 	        0
     1.003 	           0 	        0
     1.004 	           0 	        0
     1.005 	           0 	        0
     1.006 	           0 	        0
     1.007 	           0 	        0
     1.008 	           0 	        0
     1.009 	           0 	        0
     1.010 	           0 	        0
     1.011 	           0 	        0
     1.012 	           0 	        0
     1.013 	           0 	        0
     1.014 	           0 	        0
     1.015 	           0 	        0
     1.016 	           0 	        0
     1.017 	           0 	        0
     1.018 	           0 	        0
     1.019 	           0 	        0
     1.020 	           0 	        0
     1.021 	           0 	        0
     1.022 	           0 	        0
     1.023 	           0 	        0
     1.024 	           0 	        0
     1.025 	           0 	        0
     1.026 	           0 	        0
     1.027 	           0 	        0
     1.028 	           0 	        0
     1.029 	           0 	        0
     1.030 	           0 	        0
     1.031 	           0 	        0
     1.032 	           0 	        0
     1.033 	           0 	        0
     1.034 	           0 	        0
     1.035 	           0 	        0
     1.036 	           0 	        0
     1.037 	           0 	        0
     1.038 	           0 	        0
     1.039 	           0 	        0
     1.040 	           0 	        0
     1.041 	           0 	        0
     1.042 	           0 	        0
     1.043 	           0 	        0
     1.044 	           0 	        0
     1.045 	           0 	        0
     1.046 	           0 	        0
     1.047 	           0 	        0
     1.048 	           0 	        0
     1.049 	           0 	        0
     1.050 	           0 	        0
     1.051 	           0 	        0
     1.052 	           0 	        0
     1.053 	           0 	        0
     1.054 	           0 	        0
     1.055 	           0 	        0
     1.056 	           0 	        0
     1.057 	           0 	        0
     1.058 	           0 	        0
     1.059 	           0 	        0
     1.060 	           0 	        0
     1.061 	           0 	        0
     1.062 	           0 	        0
     1.063 	           0 	        0
     1.064 	           0 	        0
     1.065 	           0 	        0
     1.066 	           0 	        0
     1.067 	           0 	        0
     1.068 	           0 	        0
     1.069 	           0 	        0
     1.070 	           0 	        0
     1.071 	           0 	        0
     1.072 	           0 	        0
     1.073 	           0 	        0
     1.074 	           0 	        0
     1.075 	           0 	        0
     1.076 	           0 	        0
     1.077 	           0 	        0
     1.078 	           0 	        0
     1.079 	           0 	        0
     1.080 	           0 	        0
     1.081 	           0 	        0
     1.082 	           0 	        0
     1.083 	           0 	        0
     1.084 	           0 	        0
     1.085 	           0 	        0
     1.086 	           0 	        0
     1.087 	           0 	        0
     1.088 	           0 	        0
     1.089 	           0 	        0
     1.090 	           0 	        0
     1.091 	           0 	        0
     1.092 	           0 	        0
     1.093 	           0 	        0
     1.094 	           0 	        0
     1.095 	           0 	        0
     1.096 	           0 	        0
     1.097 	           0 	        0
     1.098 	           0 	        0
     1.099 	           0 	        0
     1.100 	           0 	        0
     1.101 	           0 	        0
     1.102 	           0 	        0
     1.103 	           0 	        0
     1.104 	           0 	        0
     1.105 	           0 	        0
     1.106 	           0 	        0
     1.107 	           0 	        0
     1.108 	           0 	        0
     1.109 	           0 	        0
     1.110 	           0 	        0
     1.111 	           0 	        0
     1.112 	           0 	        0
     1.113 	           0 	        0
     1.114 	           0 	        0
     1.115 	           0 	        0
     1.116 	           0 	        0
     1.117 	           0 	        0
     1.118 	           0 	        0
     1.119 	           0 	        0
     1.120 	           0 	        0
     1.121 	           0 	        0
     1.122 	           0 	        0
     1.123 	           0 	        0
     1.124 	           0 	        0
     1.125 	           0 	        0
     1.126 	           0 	        0
     1.127 	           0 	        0
     1.128 	           0 	        0
     1.129 	           0 	        0
     1.130 	           0 	        0
     1.131 	           0 	        0
     1.132 	           0 	        0
     1.133 	           0 	        0
     1.134 	           0 	        0
     1.135 	           0 	        0
     1.136 	           0 	        0
     1.137 	           0 	        0
     1.138 	           0 	        0
     1.139 	           0 	        0
     1.140 	           0 	        0
     1.141 	           0 	        0
     1.142 	           0 	        0
     1.143 	           0 	        0
     1.144 	           0 	        0
     1.145 	           0 	        0
     1.146 	           0 	        0
     1.147 	           0 	        0
     1.148 	           0 	        0
     1.149 	           0 	        0
     1.150 	           0 	        0
     1.151 	           0 	        0
     1.152 	 1.47708e-08 	 1.3632e-08
     1.153 	 2.45525e-08 	 2.26619e-08
     1.154 	 4.70679e-08 	 4.34467e-08
     1.155 	 1.14456e-07 	 1.0567e-07
     1.156 	 2.75173e-07 	 2.54102e-07
     1.157 	 3.61802e-07 	 3.34122e-07
     1.158 	 2.08333e-07 	 1.92429e-07
     1.159 	 9.40258e-08 	 8.68635e-08
     1.160 	 5.28956e-08 	 4.88658e-08
     1.161 	 3.71952e-08 	 3.43725e-08
     1.162 	 2.82673e-08 	 2.61248e-08
     1.163 	 2.27587e-08 	 2.10335e-08
     1.164 	 1.88018e-08 	 1.73769e-08
     1.165 	 1.64386e-08 	 1.51943e-08
     1.166 	 1.50814e-08 	 1.39443e-08
     1.167 	 1.41639e-08 	 1.30959e-08
     1.168 	 1.40318e-08 	 1.2975e-08
     1.169 	 1.43486e-08 	 1.32681e-08
     1.170 	 1.39628e-08 	 1.2914e-08
     1.171 	 1.43588e-08 	 1.3281e-08
     1.172 	 1.50784e-08 	 1.39458e-08
     1.173 	 1.60459e-08 	 1.48397e-08
     1.174 	 1.69024e-08 	 1.56344e-08
     1.175 	 1.95601e-08 	 1.80901e-08
     1.176 	  2.2527e-08 	 2.08329e-08
     1.177 	 2.43662e-08 	 2.253e-08
     1.178 	 2.40282e-08 	 2.22163e-08
     1.179 	 2.38996e-08 	 2.21031e-08
     1.180 	 2.59581e-08 	 2.40029e-08
     1.181 	 3.02312e-08 	 2.7955e-08
     1.182 	 3.70569e-08 	 3.42712e-08
     1.183 	 4.28241e-08 	 3.95984e-08
     1.184 	 5.08492e-08 	 4.70153e-08
     1.185 	 6.57948e-08 	 6.08358e-08
     1.186 	 9.13185e-08 	 8.44466e-08
     1.187 	 1.30839e-07 	 1.20996e-07
     1.188 	 1.86864e-07 	 1.72793e-07
     1.189 	 2.70667e-07 	 2.50238e-07
     1.190 	 4.07026e-07 	 3.76357e-07
     1.191 	 5.88996e-07 	 5.44599e-07
     1.192 	 7.76004e-07 	 7.17417e-07
     1.193 	 8.32293e-07 	 7.69608e-07
     1.194 	 7.15031e-07 	 6.6109e-07
     1.195 	 5.42001e-07 	 5.01156e-07
     1.196 	 3.92343e-07 	 3.62729e-07
     1.197 	 2.88123e-07 	 2.66395e-07
     1.198 	  2.2143e-07 	 2.04705e-07
     1.199 	 1.87616e-07 	 1.73422e-07
     1.200 	  1.5935e-07 	 1.47308e-07
     1.201 	 1.33087e-07 	 1.22998e-07
     1.202 	 1.09207e-07 	 1.00902e-07
     1.203 	 9.74731e-08 	 9.00564e-08
     1.204 	  9.0831e-08 	 8.38981e-08
     1.205 	  9.0661e-08 	 8.37104e-08
     1.206 	 8.80615e-08 	 8.1307e-08
     1.207 	 8.57237e-08 	 7.91195e-08
     1.208 	  8.3841e-08 	 7.73534e-08
     1.209 	 8.24693e-08 	 7.60919e-08
     1.210 	 8.18302e-08 	 7.5481e-08
     1.211 	 8.32754e-08 	 7.67896e-08
     1.212 	 8.60682e-08 	 7.93567e-08
     1.213 	 9.11858e-08 	 8.40485e-08
     1.214 	 9.42974e-08 	 8.68888e-08
     1.215 	 1.01436e-07 	 9.34574e-08
     1.216 	 1.10399e-07 	 1.01683e-07
     1.217 	 1.23523e-07 	 1.13734e-07
     1.218 	 1.34527e-07 	 1.2384e-07
     1.219 	 1.41855e-07 	 1.30555e-07
     1.220 	 1.51638e-07 	 1.39499e-07
     1.221 	 1.67806e-07 	 1.54341e-07
     1.222 	 1.93856e-07 	 1.78262e-07
     1.223 	  2.1376e-07 	 1.96524e-07
     1.224 	 2.23144e-07 	 2.05064e-07
     1.225 	 2.35917e-07 	 2.16728e-07
     1.226 	 2.51815e-07 	 2.31285e-07
     1.227 	 2.71359e-07 	 2.49157e-07
     1.228 	 2.83411e-07 	 2.60112e-07
     1.229 	 3.20562e-07 	 2.94115e-07
     1.230 	 3.61145e-07 	 3.31237e-07
     1.231 	 3.73793e-07 	 3.42784e-07
     1.232 	 3.69993e-07 	 3.39137e-07
     1.233 	 3.85226e-07 	 3.53005e-07
     1.234 	 4.28145e-07 	 3.92269e-07
     1.235 	  4.6633e-07 	 4.27049e-07
     1.236 	 4.84416e-07 	 4.43543e-07
     1.237 	 4.78624e-07 	 4.38029e-07
     1.238 	 4.46623e-07 	 4.08711e-07
     1.239 	 4.03093e-07 	 3.68703e-07
     1.240 	 3.94957e-07 	 3.61087e-07
     1.241 	 4.15316e-07 	 3.79603e-07
     1.242 	 4.16652e-07 	 3.80676e-07
     1.243 	   4.074e-07 	 3.72131e-07
     1.244 	 3.76853e-07 	 3.441e-07
     1.245 	 3.62849e-07 	 3.3122e-07
     1.246 	 3.48137e-07 	 3.1764e-07
     1.247 	 3.43982e-07 	 3.13703e-07
     1.248 	 3.42775e-07 	 3.12513e-07
     1.249 	 3.35491e-07 	 3.05759e-07
     1.250 	 3.23738e-07 	 2.94941e-07
     1.251 	  3.1925e-07 	 2.90716e-07
     1.252 	 2.96548e-07 	 2.69922e-07
     1.253 	 2.73133e-07 	 2.48446e-07
     1.254 	 2.60268e-07 	 2.36683e-07
     1.255 	 2.69568e-07 	 2.44977e-07
     1.256 	  2.7579e-07 	 2.50546e-07
     1.257 	  2.6841e-07 	 2.43703e-07
     1.258 	 2.51327e-07 	 2.2809e-07
     1.259 	 2.50618e-07 	 2.27319e-07
     1.260 	 2.72966e-07 	 2.4742e-07
     1.261 	 3.07326e-07 	 2.78417e-07
     1.262 	 3.47981e-07 	 3.1504e-07
     1.263 	 3.87374e-07 	 3.50518e-07
     1.264 	 4.58878e-07 	 4.14943e-07
     1.265 	 5.51987e-07 	 4.98873e-07
     1.266 	 6.58719e-07 	 5.9489e-07
     1.267 	 7.22676e-07 	 6.5229e-07
     1.268 	 6.41365e-07 	 5.78526e-07
     1.269 	  4.8529e-07 	 4.37501e-07
     1.270 	 3.23328e-07 	 2.91238e-07
     1.271 	 2.11831e-07 	 1.90728e-07
     1.272 	 1.37577e-07 	 1.23796e-07
     1.273 	 9.14618e-08 	 8.22477e-08
     1.274 	  6.4549e-08 	 5.80171e-08
     1.275 	  4.6247e-08 	 4.15328e-08
     1.276 	 3.18324e-08 	 2.85725e-08
     1.277 	 2.33646e-08 	 2.09567e-08
     1.278 	  1.8426e-08 	 1.65183e-08
     1.279 	 1.51121e-08 	 1.35363e-08
     1.280 	  1.2208e-08 	 1.09293e-08
     1.281 	 1.01312e-08 	 9.0628e-09
     1.282 	           0 	        0
     1.283 	           0 	        0
     1.284 	           0 	        0
     1.285 	           0 	        0
     1.286 	           0 	        0
     1.287 	           0 	        0
     1.288 	           0 	        0
     1.289 	           0 	        0
     1.290 	           0 	        0
     1.291 	           0 	        0
     1.292 	           0 	        0
     1.293 	           0 	        0
     1.294 	           0 	        0
     1.295 	           0 	        0
     1.296 	           0 	        0
     1.297 	           0 	        0
     1.298 	           0 	        0
     1.299 	           0 	        0
     1.300 	           0 	        0
     1.301 	           0 	        0
     1.302 	           0 	        0
     1.303 	           0 	        0
     1.304 	           0 	        0
     1.305 	           0 	        0
     1.306 	           0 	        0
     1.307 	           0 	        0
     1.308 	           0 	        0
     1.309 	           0 	        0
     1.310 	           0 	        0
     1.311 	           0 	        0
     1.312 	           0 	        0
     1.313 	           0 	        0
     1.314 	           0 	        0
     1.315 	           0 	        0
     1.316 	           0 	        0
     1.317 	           0 	        0
     1.318 	           0 	        0
     1.319 	           0 	        0
     1.320 	           0 	        0
     1.321 	           0 	        0
     1.322 	           0 	        0
     1.323 	           0 	        0
     1.324 	           0 	        0
     1.325 	           0 	        0
     1.326 	           0 	        0
     1.327 	           0 	        0
     1.328 	           0 	        0
     1.329 	           0 	        0
     1.330 	           0 	        0
     1.331 	           0 	        0
     1.332 	           0 	        0
     1.333 	           0 	        0
     1.334 	           0 	        0
     1.335 	           0 	        0
     1.336 	           0 	        0
     1.337 	           0 	        0
     1.338 	           0 	        0
     1.339 	           0 	        0
     1.340 	           0 	        0
     1.341 	           0 	        0
     1.342 	           0 	        0
     1.343 	           0 	        0
     1.344 	           0 	        0
     1.345 	           0 	        0
     1.346 	           0 	        0
     1.347 	           0 	        0
     1.348 	           0 	        0
     1.349 	           0 	        0
     1.350 	           0 	        0
     1.351 	           0 	        0
     1.352 	           0 	        0
     1.353 	           0 	        0
     1.354 	           0 	        0
     1.355 	           0 	        0
     1.356 	           0 	        0
     1.357 	           0 	        0
     1.358 	           0 	        0
     1.359 	           0 	        0
     1.360 	           0 	        0
     1.361 	           0 	        0
     1.362 	           0 	        0
     1.363 	           0 	        0
     1.364 	           0 	        0
     1.365 	           0 	        0
     1.366 	           0 	        0
     1.367 	           0 	        0
     1.368 	           0 	        0
     1.369 	           0 	        0
     1.370 	           0 	        0
     1.371 	           0 	        0
     1.372 	           0 	        0
     1.373 	           0 	        0
     1.374 	           0 	        0
     1.375 	           0 	        0
     1.376 	           0 	        0
     1.377 	           0 	        0
     1.378 	           0 	        0
     1.379 	           0 	        0
     1.380 	           0 	        0
     1.381 	           0 	        0
     1.382 	           0 	        0
     1.383 	           0 	        0
     1.384 	           0 	        0
     1.385 	           0 	        0
     1.386 	           0 	        0
     1.387 	           0 	        0
     1.388 	           0 	        0
     1.389 	           0 	        0
     1.390 	           0 	        0
     1.391 	           0 	        0
     1.392 	           0 	        0
     1.393 	           0 	        0
     1.394 	           0 	        0
     1.395 	           0 	        0
     1.396 	           0 	        0
     1.397 	           0 	        0
     1.398 	           0 	        0
     1.399 	           0 	        0
     1.400 	           0 	        0
     1.401 	           0 	        0
     1.402 	           0 	        0
     1.403 	           0 	        0
     1.404 	           0 	        0
     1.405 	           0 	        0
     1.406 	           0 	        0
     1.407 	           0 	        0
     1.408 	           0 	        0
     1.409 	           0 	        0
     1.410 	           0 	        0
     1.411 	           0 	        0
     1.412 	           0 	        0
     1.413 	           0 	        0
     1.414 	           0 	        0
     1.415 	           0 	        0
     1.416 	           0 	        0
     1.417 	           0 	        0
     1.418 	           0 	        0
     1.419 	           0 	        0
     1.420 	           0 	        0
     1.421 	           0 	        0
     1.422 	           0 	        0
     1.423 	           0 	        0
     1.424 	           0 	        0
     1.425 	           0 	        0
     1.426 	           0 	        0
     1.427 	           0 	        0
     1.428 	           0 	        0
     1.429 	           0 	        0
     1.430 	           0 	        0
     1.431 	           0 	        0
     1.432 	           0 	        0
     1.433 	           0 	        0
     1.434 	           0 	        0
     1.435 	           0 	        0
     1.436 	           0 	        0
     1.437 	           0 	        0
     1.438 	           0 	        0
     1.439 	           0 	        0
     1.440 	           0 	        0
     1.441 	           0 	        0
     1.442 	           0 	        0
     1.443 	           0 	        0
     1.444 	           0 	        0
     1.445 	           0 	        0
     1.446 	           0 	        0
     1.447 	           0 	        0
     1.448 	           0 	        0
     1.449 	           0 	        0
     1.450 	           0 	        0
     1.451 	           0 	        0
     1.452 	           0 	        0
     1.453 	           0 	        0
     1.454 	           0 	        0
     1.455 	           0 	        0
     1.456 	           0 	        0
     1.457 	           0 	        0
     1.458 	           0 	        0
     1.459 	           0 	        0
     1.460 	           0 	        0
     1.461 	           0 	        0
     1.462 	           0 	        0
     1.463 	           0 	        0
     1.464 	           0 	        0
     1.465 	           0 	        0
     1.466 	           0 	        0
     1.467 	           0 	        0
     1.468 	           0 	        0
     1.469 	           0 	        0
     1.470 	           0 	        0
     1.471 	           0 	        0
     1.472 	           0 	        0
     1.473 	           0 	        0
     1.474 	           0 	        0
     1.475 	           0 	        0
     1.476 	           0 	        0
     1.477 	           0 	        0
     1.478 	           0 	        0
     1.479 	           0 	        0
     1.480 	           0 	        0
     1.481 	 1.07149e-08 	 8.20878e-09
     1.482 	 1.25571e-08 	 9.6076e-09
     1.483 	 1.35471e-08 	 1.03619e-08
     1.484 	 1.49057e-08 	 1.1398e-08
     1.485 	  1.6323e-08 	 1.24662e-08
     1.486 	  1.7558e-08 	 1.33911e-08
     1.487 	  1.9425e-08 	 1.48021e-08
     1.488 	  2.2084e-08 	 1.68164e-08
     1.489 	 2.59658e-08 	 1.97565e-08
     1.490 	 3.17333e-08 	 2.4126e-08
     1.491 	 3.90995e-08 	 2.97032e-08
     1.492 	 4.68486e-08 	 3.55622e-08
     1.493 	 5.34378e-08 	 4.05322e-08
     1.494 	 6.14657e-08 	 4.65849e-08
     1.495 	 7.05749e-08 	 5.34476e-08
     1.496 	 8.60218e-08 	 6.50951e-08
     1.497 	 1.08466e-07 	 8.20097e-08
     1.498 	 1.30853e-07 	 9.88667e-08
     1.499 	  1.5315e-07 	 1.15685e-07
     1.500 	 1.80518e-07 	 1.36323e-07
     1.501 	 2.29055e-07 	 1.72856e-07
     1.502 	 3.10253e-07 	 2.33934e-07
     1.503 	 4.15131e-07 	 3.12771e-07
     1.504 	 5.49834e-07 	 4.13945e-07
     1.505 	  7.2311e-07 	 5.43979e-07
     1.506 	 9.69221e-07 	 7.28571e-07
     1.507 	 1.29088e-06 	 9.69631e-07
     1.508 	  1.7446e-06 	 1.30944e-06
     1.509 	 2.37385e-06 	 1.78039e-06
     1.510 	   3.329e-06 	 2.49491e-06
     1.511 	 4.30811e-06 	 3.22651e-06
     1.512 	 5.05247e-06 	 3.78086e-06
     1.513 	 5.51955e-06 	 4.12491e-06
     1.514 	 5.86484e-06 	 4.37779e-06
     1.515 	 6.03905e-06 	 4.50642e-06
     1.516 	  5.7606e-06 	 4.29801e-06
     1.517 	 5.10248e-06 	 3.8045e-06
     1.518 	 4.60224e-06 	 3.42871e-06
     1.519 	 4.26367e-06 	 3.17391e-06
     1.520 	 4.11959e-06 	 3.06466e-06
     1.521 	 3.83671e-06 	 2.85382e-06
     1.522 	 3.64299e-06 	 2.70889e-06
     1.523 	 3.45951e-06 	 2.56952e-06
     1.524 	 3.33805e-06 	 2.47605e-06
     1.525 	 3.16103e-06 	 2.3429e-06
     1.526 	 3.07133e-06 	 2.27496e-06
     1.527 	 3.01722e-06 	 2.23309e-06
     1.528 	 3.06872e-06 	 2.26978e-06
     1.529 	 3.24606e-06 	 2.40045e-06
     1.530 	 3.32638e-06 	 2.45937e-06
     1.531 	 3.34083e-06 	 2.46866e-06
     1.532 	 3.16404e-06 	 2.33605e-06
     1.533 	 3.08631e-06 	 2.27586e-06
     1.534 	 3.10634e-06 	 2.28789e-06
     1.535 	 3.22488e-06 	 2.37338e-06
     1.536 	  3.4182e-06 	 2.51406e-06
     1.537 	 3.55467e-06 	 2.61244e-06
     1.538 	 3.74023e-06 	 2.74711e-06
     1.539 	 3.97926e-06 	 2.92232e-06
     1.540 	 4.29533e-06 	 3.15366e-06
     1.541 	 4.43676e-06 	 3.25384e-06
     1.542 	 4.51715e-06 	 3.30855e-06
     1.543 	  4.5878e-06 	 3.35751e-06
     1.544 	 4.74499e-06 	 3.47071e-06
     1.545 	 4.90575e-06 	 3.58766e-06
     1.546 	 5.00168e-06 	 3.65717e-06
     1.547 	 4.95241e-06 	 3.61897e-06
     1.548 	 5.11253e-06 	 3.73315e-06
     1.549 	 5.39721e-06 	 3.93868e-06
     1.550 	 5.81825e-06 	 4.24272e-06
     1.551 	 6.17829e-06 	 4.49961e-06
     1.552 	  6.3677e-06 	 4.63243e-06
     1.553 	 6.58416e-06 	 4.78873e-06
     1.554 	 6.72971e-06 	 4.89421e-06
     1.555 	 6.93329e-06 	 5.03886e-06
     1.556 	 7.22923e-06 	 5.25047e-06
     1.557 	 7.29626e-06 	 5.29829e-06
     1.558 	 7.57167e-06 	 5.49748e-06
     1.559 	 7.63379e-06 	 5.53975e-06
     1.560 	 7.40731e-06 	 5.37104e-06
     1.561 	 7.06639e-06 	 5.11749e-06
     1.562 	 7.03273e-06 	 5.08757e-06
     1.563 	 7.34991e-06 	 5.31589e-06
     1.564 	 7.47951e-06 	 5.40922e-06
     1.565 	 7.51455e-06 	 5.43193e-06
     1.566 	 7.65504e-06 	 5.52903e-06
     1.567 	 7.81966e-06 	 5.64104e-06
     1.568 	 7.99092e-06 	 5.75836e-06
     1.569 	 8.17371e-06 	 5.88888e-06
     1.570 	 8.39663e-06 	 6.04931e-06
     1.571 	 8.28646e-06 	 5.96651e-06
     1.572 	 8.27976e-06 	 5.95752e-06
     1.573 	 8.27303e-06 	 5.9489e-06
     1.574 	 8.26496e-06 	 5.93941e-06
     1.575 	 8.02153e-06 	 5.76085e-06
     1.576 	 7.62978e-06 	 5.47611e-06
     1.577 	  7.6187e-06 	 5.46517e-06
     1.578 	 7.52213e-06 	 5.39219e-06
     1.579 	 7.60972e-06 	 5.44886e-06
     1.580 	 7.57643e-06 	 5.41893e-06
     1.581 	 7.61303e-06 	 5.44089e-06
     1.582 	 7.54583e-06 	 5.39041e-06
     1.583 	  7.4354e-06 	 5.31104e-06
     1.584 	 7.72639e-06 	 5.51833e-06
     1.585 	  8.0862e-06 	 5.77234e-06
     1.586 	 8.48712e-06 	 6.05439e-06
     1.587 	 8.40658e-06 	 5.99345e-06
     1.588 	 8.24225e-06 	 5.87275e-06
     1.589 	  8.5393e-06 	 6.08035e-06
     1.590 	 8.94678e-06 	 6.36725e-06
     1.591 	 9.21211e-06 	 6.55554e-06
     1.592 	 9.04354e-06 	 6.43511e-06
     1.593 	 8.53685e-06 	 6.07156e-06
     1.594 	 8.30356e-06 	 5.90173e-06
     1.595 	 8.34007e-06 	 5.92422e-06
     1.596 	 8.82197e-06 	 6.26299e-06
     1.597 	 9.15593e-06 	 6.49624e-06
     1.598 	 8.98536e-06 	 6.37162e-06
     1.599 	 9.07359e-06 	 6.43049e-06
     1.600 	 9.13297e-06 	 6.46887e-06
     1.601 	 9.03461e-06 	 6.39606e-06
     1.602 	 8.81202e-06 	 6.23451e-06
     1.603 	 8.84455e-06 	 6.25023e-06
     1.604 	  9.0734e-06 	 6.40565e-06
     1.605 	  9.0977e-06 	 6.42206e-06
     1.606 	 8.68949e-06 	 6.13404e-06
     1.607 	 8.37272e-06 	 5.90761e-06
     1.608 	 8.19741e-06 	 5.78029e-06
     1.609 	  8.4264e-06 	 5.93807e-06
     1.610 	 8.99341e-06 	 6.33465e-06
     1.611 	 9.51401e-06 	 6.70111e-06
     1.612 	 9.52163e-06 	 6.70628e-06
     1.613 	 9.26713e-06 	 6.52411e-06
     1.614 	 9.18177e-06 	 6.46004e-06
     1.615 	 9.18909e-06 	 6.46223e-06
     1.616 	 9.49367e-06 	 6.67243e-06
     1.617 	 9.69352e-06 	 6.8052e-06
     1.618 	 9.85306e-06 	 6.91061e-06
     1.619 	 9.86036e-06 	 6.91512e-06
     1.620 	 9.76168e-06 	 6.84636e-06
     1.621 	 1.00156e-05 	 7.02135e-06
     1.622 	 1.02643e-05 	 7.19152e-06
     1.623 	 1.05666e-05 	 7.39956e-06
     1.624 	  1.0612e-05 	 7.42762e-06
     1.625 	 1.03169e-05 	 7.21734e-06
     1.626 	 9.81534e-06 	 6.86304e-06
     1.627 	 9.39264e-06 	 6.56421e-06
     1.628 	 9.62107e-06 	 6.72051e-06
     1.629 	 1.02408e-05 	 7.14987e-06
     1.630 	 1.10908e-05 	 7.73954e-06
     1.631 	 1.14988e-05 	 8.02041e-06
     1.632 	 1.15407e-05 	 8.04568e-06
     1.633 	 1.15025e-05 	 8.01519e-06
     1.634 	 1.20471e-05 	 8.39058e-06
     1.635 	 1.25795e-05 	 8.75722e-06
     1.636 	 1.24848e-05 	 8.68711e-06
     1.637 	 1.24452e-05 	 8.65546e-06
     1.638 	  1.2856e-05 	 8.93687e-06
     1.639 	 1.37764e-05 	 9.57225e-06
     1.640 	 1.40979e-05 	 9.79125e-06
     1.641 	 1.40936e-05 	 9.78281e-06
     1.642 	 1.41568e-05 	 9.82299e-06
     1.643 	   1.442e-05 	 1.00061e-05
     1.644 	 1.50437e-05 	 1.04395e-05
     1.645 	   1.609e-05 	 1.11612e-05
     1.646 	 1.67825e-05 	 1.16356e-05
     1.647 	 1.75722e-05 	 1.21785e-05
     1.648 	    1.85e-05 	 1.2815e-05
     1.649 	 1.95591e-05 	 1.35346e-05
     1.650 	 2.03992e-05 	 1.41035e-05
     1.651 	 2.08086e-05 	 1.43866e-05
     1.652 	 2.15201e-05 	 1.48807e-05
     1.653 	 2.18808e-05 	 1.51248e-05
     1.654 	 2.25667e-05 	 1.55909e-05
     1.655 	 2.33288e-05 	 1.61107e-05
     1.656 	 2.46714e-05 	 1.70304e-05
     1.657 	 2.63649e-05 	 1.8192e-05
     1.658 	  2.7557e-05 	 1.90068e-05
     1.659 	 2.86555e-05 	 1.97545e-05
     1.660 	 3.00638e-05 	 2.07184e-05
     1.661 	 3.22831e-05 	 2.22518e-05
     1.662 	 3.46576e-05 	 2.3889e-05
     1.663 	 3.65945e-05 	 2.5201e-05
     1.664 	 3.88156e-05 	 2.67061e-05
     1.665 	 4.13332e-05 	 2.84412e-05
     1.666 	 4.42182e-05 	 3.04303e-05
     1.667 	 4.77215e-05 	 3.28114e-05
     1.668 	 5.17147e-05 	 3.55248e-05
     1.669 	 5.57191e-05 	 3.82799e-05
     1.670 	 5.90355e-05 	 4.05637e-05
     1.671 	 6.27724e-05 	 4.30923e-05
     1.672 	 6.75487e-05 	 4.63297e-05
     1.673 	 7.30562e-05 	 5.0106e-05
     1.674 	 7.92384e-05 	 5.43619e-05
     1.675 	 8.59601e-05 	 5.89913e-05
     1.676 	 9.36529e-05 	 6.42685e-05
     1.677 	 0.000101659 	 6.9707e-05
     1.678 	 0.000109646 	 7.5111e-05
     1.679 	 0.000117983 	 8.07874e-05
     1.680 	 0.000126635 	 8.66863e-05
     1.681 	 0.000136444 	 9.33681e-05
     1.682 	 0.000146798 	 0.000100415
     1.683 	 0.000158224 	 0.000108193
     1.684 	 0.000170614 	 0.000116626
     1.685 	 0.000184275 	 0.000125919
     1.686 	 0.000199136 	 0.000136027
     1.687 	 0.000215562 	 0.000147196
     1.688 	   0.0002347 	 0.000160211
     1.689 	 0.000255883 	 0.00017461
     1.690 	 0.000279355 	 0.000190561
     1.691 	 0.000304913 	 0.000207925
     1.692 	 0.000333865 	 0.000227594
     1.693 	 0.000366586 	 0.000249818
     1.694 	 0.000403409 	 0.000274821
     1.695 	 0.000446229 	 0.000303895
     1.696 	 0.000494853 	 0.000336899
     1.697 	 0.000551162 	 0.00037511
     1.698 	 0.000615466 	 0.000418741
     1.699 	 0.000690025 	 0.000469321
     1.700 	 0.000775931 	 0.000527584
     1.701 	 0.000874573 	 0.000594423
     1.702 	 0.000987957 	 0.000671329
     1.703 	  0.00111802 	 0.000759859
     1.704 	  0.00126655 	 0.000860996
     1.705 	  0.00143674 	 0.000976458
     1.706 	  0.00163091 	 0.00110801
     1.707 	  0.00185311 	 0.00125858
     1.708 	  0.00210546 	 0.00142955
     1.709 	  0.00239045 	 0.00162256
     1.710 	   0.0027133 	 0.00184119
     1.711 	  0.00307916 	 0.00208867
     1.712 	  0.00349271 	 0.00236871
     1.713 	  0.00396323 	 0.00268858
     1.714 	  0.00450134 	 0.00305412
     1.715 	  0.00511105 	 0.00346529
     1.716 	  0.00580208 	 0.0039304
     1.717 	  0.00659887 	 0.00446818
     1.718 	  0.00751153 	 0.00508553
     1.719 	  0.00856122 	 0.00579761
     1.720 	  0.00977127 	 0.00661866
     1.721 	   0.0111718 	 0.00756588
     1.722 	   0.0128015 	 0.00866638
     1.723 	   0.0147271 	 0.00996737
     1.724 	   0.0170096 	 0.0115091
     1.725 	   0.0197114 	 0.0133336
     1.726 	   0.0229133 	 0.0154951
     1.727 	   0.0267077 	 0.0180562
     1.728 	    0.031224 	 0.021104
     1.729 	   0.0366063 	 0.0247352
     1.730 	   0.0428415 	 0.0289408
     1.731 	   0.0495025 	 0.0334315
     1.732 	   0.0560319 	 0.0378316
     1.733 	   0.0621286 	 0.041937
     1.734 	   0.0681502 	 0.0459894
     1.735 	   0.0746267 	 0.0503469
     1.736 	   0.0819963 	 0.0553055
     1.737 	   0.0906187 	 0.0611064
     1.738 	    0.100757 	 0.067925
     1.739 	    0.112948 	 0.0761254
     1.740 	    0.126513 	 0.085246
     1.741 	    0.142057 	 0.0956972
     1.742 	    0.159276 	 0.107272
     1.743 	    0.179772 	 0.121046
     1.744 	    0.204411 	 0.137605
     1.745 	    0.234536 	 0.157847
     1.746 	    0.269898 	 0.181606
     1.747 	    0.309897 	 0.208471
     1.748 	    0.354033 	 0.238109
     1.749 	    0.401532 	 0.269994
     1.750 	    0.451298 	 0.303391
     1.751 	    0.502064 	 0.337449
     1.752 	    0.552019 	 0.370941
     1.753 	    0.598762 	 0.402269
     1.754 	    0.640929 	 0.430515
     1.755 	    0.678493 	 0.455653
     1.756 	     0.71128 	 0.477581
     1.757 	    0.740058 	 0.496765
     1.758 	    0.765238 	  0.51361
     1.759 	    0.786912 	 0.528326
     1.760 	     0.80663 	 0.541748
     1.761 	    0.824904 	 0.553949
     1.762 	    0.841703 	 0.565097
     1.763 	    0.857437 	 0.575563
     1.764 	     0.87252 	  0.58558
     1.765 	    0.887293 	 0.595396
     1.766 	    0.901867 	 0.605069
     1.767 	    0.914783 	 0.613636
     1.768 	    0.927631 	 0.622157
     1.769 	    0.938144 	  0.62911
     1.770 	    0.946758 	  0.63478
     1.771 	    0.953237 	 0.639039
     1.772 	    0.958752 	  0.64264
     1.773 	    0.962531 	 0.645084
     1.774 	    0.964254 	 0.646154
     1.775 	    0.965117 	 0.646646
     1.776 	    0.965904 	 0.647093
     1.777 	    0.965904 	 0.646958
     1.778 	     0.96467 	 0.646117
     1.779 	    0.963813 	 0.645844
     1.780 	    0.962787 	 0.645374
     1.781 	    0.962111 	  0.64457
     1.782 	    0.961666 	  0.64382
     1.783 	    0.962899 	 0.644535
     1.784 	    0.964683 	 0.645713
     1.785 	    0.965227 	 0.646019
     1.786 	    0.964718 	 0.645614
     1.787 	    0.964445 	 0.645378
     1.788 	    0.965008 	 0.645695
     1.789 	    0.965367 	 0.645891
     1.790 	     0.96462 	 0.645331
     1.791 	    0.962647 	 0.643956
     1.792 	    0.960669 	 0.642577
     1.793 	    0.959244 	 0.641584
     1.794 	    0.957878 	 0.640617
     1.795 	    0.956445 	 0.639614
     1.796 	    0.954399 	 0.638194
     1.797 	    0.951172 	 0.635997
     1.798 	    0.947698 	 0.633635
     1.799 	    0.944682 	 0.631572
     1.800 	    0.941773 	 0.629582
     1.801 	     0.93902 	 0.627651
     1.802 	    0.936917 	 0.626264
     1.803 	    0.934885 	 0.625235
     1.804 	     0.93262 	 0.623957
     1.805 	    0.930776 	 0.622363
     1.806 	    0.929847 	 0.621394
     1.807 	    0.929675 	 0.621561
     1.808 	    0.929496 	 0.621728
     1.809 	    0.929046 	 0.621073
     1.810 	    0.929327 	   0.6209
     1.811 	    0.930437 	 0.621868
     1.812 	    0.931853 	 0.623132
     1.813 	    0.934395 	  0.62484
     1.814 	    0.936808 	 0.626364
     1.815 	    0.939714 	 0.628268
     1.816 	    0.941888 	 0.629681
     1.817 	    0.944314 	  0.63125
     1.818 	    0.946509 	  0.63268
     1.819 	    0.948096 	 0.633692
     1.820 	    0.949821 	 0.634801
     1.821 	    0.951239 	 0.635712
     1.822 	    0.952628 	 0.636598
     1.823 	    0.955385 	 0.638399
     1.824 	    0.958545 	 0.640476
     1.825 	     0.96114 	 0.642161
     1.826 	    0.962677 	 0.643151
     1.827 	    0.964365 	 0.644243
     1.828 	    0.966269 	 0.645472
     1.829 	    0.967329 	 0.646149
     1.830 	    0.968342 	 0.646786
     1.831 	    0.969084 	  0.64724
     1.832 	    0.969054 	 0.647196
     1.833 	    0.969469 	 0.647443
     1.834 	    0.970724 	 0.648244
     1.835 	    0.971519 	 0.648745
     1.836 	    0.972673 	 0.649483
     1.837 	    0.973298 	 0.649874
     1.838 	    0.973284 	 0.649835
     1.839 	    0.973678 	 0.650034
     1.840 	    0.973657 	 0.650036
     1.841 	    0.974109 	  0.65066
     1.842 	    0.972875 	 0.650151
     1.843 	    0.971164 	 0.649041
     1.844 	    0.969866 	 0.648106
     1.845 	    0.970043 	 0.648204
     1.846 	    0.970398 	 0.648432
     1.847 	    0.969477 	 0.647847
     1.848 	    0.966595 	 0.645872
     1.849 	    0.964458 	 0.644105
     1.850 	    0.963496 	  0.64312
     1.851 	    0.963064 	 0.642785
     1.852 	    0.963209 	 0.642931
     1.853 	    0.962659 	 0.642575
     1.854 	    0.960641 	 0.641238
     1.855 	    0.958406 	 0.639705
     1.856 	    0.956209 	 0.638295
     1.857 	    0.954883 	 0.637755
     1.858 	    0.954348 	 0.637741
     1.859 	     0.95433 	 0.637852
     1.860 	    0.953693 	 0.637349
     1.861 	    0.953227 	 0.636742
     1.862 	     0.95192 	 0.635577
     1.863 	    0.950863 	 0.634852
     1.864 	    0.950099 	 0.634433
     1.865 	    0.949901 	  0.63434
     1.866 	    0.950271 	 0.634628
     1.867 	    0.950761 	 0.634998
     1.868 	    0.951164 	 0.635313
     1.869 	    0.951073 	 0.635254
     1.870 	    0.951463 	 0.635606
     1.871 	    0.952427 	 0.636628
     1.872 	    0.953982 	 0.638052
     1.873 	    0.955386 	 0.639086
     1.874 	    0.956446 	 0.639807
     1.875 	    0.958174 	 0.641023
     1.876 	    0.960267 	 0.642477
     1.877 	    0.961518 	 0.643375
     1.878 	    0.962419 	 0.644035
     1.879 	    0.963342 	 0.644718
     1.880 	    0.964131 	 0.645307
     1.881 	    0.964997 	 0.645956
     1.882 	    0.965783 	 0.646542
     1.883 	    0.967315 	 0.647628
     1.884 	    0.969775 	  0.64935
     1.885 	    0.971468 	 0.650552
     1.886 	    0.971649 	 0.650739
     1.887 	    0.971356 	  0.65061
     1.888 	    0.971325 	 0.650659
     1.889 	    0.971462 	 0.650814
     1.890 	    0.971265 	  0.65075
     1.891 	    0.971171 	 0.650753
     1.892 	    0.971243 	 0.650877
     1.893 	    0.971704 	 0.651306
     1.894 	    0.971471 	 0.651173
     1.895 	    0.971991 	 0.651205
     1.896 	    0.971603 	 0.650718
     1.897 	       0.972 	 0.651386
     1.898 	    0.972418 	 0.652068
     1.899 	    0.973907 	 0.652845
     1.900 	    0.975036 	 0.653273
     1.901 	     0.97527 	  0.65346
     1.902 	    0.975136 	 0.653488
     1.903 	    0.976062 	 0.654122
     1.904 	     0.97751 	 0.655214
     1.905 	    0.978905 	 0.656555
     1.906 	    0.978513 	   0.6567
     1.907 	    0.978647 	 0.656907
     1.908 	    0.979139 	 0.657258
     1.909 	    0.979932 	  0.65786
     1.910 	     0.98074 	 0.658479
     1.911 	     0.98201 	 0.659451
     1.912 	     0.98257 	 0.659844
     1.913 	    0.982643 	 0.659621
     1.914 	      0.9828 	 0.659457
     1.915 	    0.982961 	 0.659534
     1.916 	    0.982839 	  0.65963
     1.917 	    0.983876 	 0.660739
     1.918 	    0.984018 	 0.661242
     1.919 	    0.984842 	 0.661933
     1.920 	    0.984946 	 0.662014
     1.921 	    0.985694 	 0.662653
     1.922 	     0.98494 	 0.662158
     1.923 	    0.982717 	 0.660405
     1.924 	    0.980098 	  0.65838
     1.925 	    0.978015 	 0.657004
     1.926 	    0.976858 	 0.656349
     1.927 	    0.975219 	 0.655285
     1.928 	    0.974836 	  0.65516
     1.929 	    0.974161 	  0.65511
     1.930 	    0.974189 	 0.655551
     1.931 	    0.973493 	 0.655201
     1.932 	     0.97321 	 0.655053
     1.933 	    0.972186 	 0.654435
     1.934 	    0.971527 	 0.654071
     1.935 	    0.971048 	 0.653838
     1.936 	    0.970433 	 0.653507
     1.937 	    0.969884 	 0.653218
     1.938 	    0.969728 	 0.653192
     1.939 	    0.969761 	 0.653309
     1.940 	    0.970429 	 0.653841
     1.941 	    0.970479 	 0.653958
     1.942 	    0.970875 	 0.654312
     1.943 	     0.97137 	 0.654732
     1.944 	    0.971912 	 0.655187
     1.945 	    0.972916 	 0.655968
     1.946 	    0.973855 	 0.656691
     1.947 	    0.973402 	 0.656476
     1.948 	    0.973905 	 0.656907
     1.949 	    0.974065 	 0.657159
     1.950 	    0.973886 	 0.657083
     1.951 	    0.973657 	 0.656644
     1.952 	    0.973878 	 0.656603
     1.953 	    0.974677 	 0.657538
     1.954 	    0.975346 	 0.658475
     1.955 	    0.975076 	 0.658452
     1.956 	    0.974432 	 0.658072
     1.957 	    0.973716 	 0.657689
     1.958 	    0.974405 	 0.658261
     1.959 	    0.975111 	 0.658838
     1.960 	    0.975676 	 0.659329
     1.961 	    0.975602 	 0.659382
     1.962 	     0.97462 	 0.658828
     1.963 	    0.973811 	 0.658396
     1.964 	    0.972335 	 0.657504
     1.965 	    0.972237 	 0.657551
     1.966 	    0.970776 	  0.65667
     1.967 	    0.968263 	 0.655123
     1.968 	    0.966116 	  0.65373
     1.969 	    0.965032 	 0.652777
     1.970 	    0.965321 	 0.652736
     1.971 	    0.964378 	 0.652167
     1.972 	    0.962756 	 0.651225
     1.973 	    0.960985 	 0.650142
     1.974 	    0.960436 	 0.649877
     1.975 	    0.958862 	 0.648929
     1.976 	    0.957027 	 0.647795
     1.977 	    0.955523 	 0.646883
     1.978 	     0.95514 	 0.646734
     1.979 	    0.954306 	 0.646276
     1.980 	    0.952025 	 0.644845
     1.981 	    0.950434 	 0.643879
     1.982 	    0.949824 	 0.643576
     1.983 	    0.950193 	  0.64394
     1.984 	    0.951044 	  0.64463
     1.985 	    0.951194 	 0.644847
     1.986 	     0.95034 	 0.644383
     1.987 	    0.949121 	 0.643672
     1.988 	    0.947488 	 0.642669
     1.989 	    0.946595 	 0.642184
     1.990 	    0.946143 	 0.641995
     1.991 	    0.945388 	 0.641592
     1.992 	    0.944583 	 0.641151
     1.993 	    0.942715 	 0.640006
     1.994 	     0.94138 	 0.639208
     1.995 	    0.940133 	 0.638473
     1.996 	     0.93853 	 0.637504
     1.997 	    0.937569 	 0.637103
     1.998 	     0.93665 	 0.636456
     1.999 	    0.934924 	 0.634495
     2.000 	    0.932815 	 0.632112
     2.001 	    0.931954 	 0.631782
     2.002 	    0.931705 	 0.631746
     2.003 	    0.930471 	 0.631041
     2.004 	    0.928049 	 0.629531
     2.005 	     0.92529 	 0.627791
     2.006 	    0.922638 	 0.626047
     2.007 	     0.92029 	 0.624585
     2.008 	    0.916951 	 0.622449
     2.009 	    0.914596 	 0.620981
     2.010 	    0.913359 	 0.620195
     2.011 	    0.912632 	  0.61982
     2.012 	    0.911178 	 0.618951
     2.013 	    0.909546 	 0.617961
     2.014 	    0.908733 	 0.617452
     2.015 	     0.90884 	 0.617643
     2.016 	    0.908398 	 0.617461
     2.017 	    0.907561 	  0.61701
     2.018 	    0.907758 	 0.617262
     2.019 	    0.907819 	 0.617346
     2.020 	    0.908136 	  0.61768
     2.021 	    0.907746 	 0.617535
     2.022 	    0.906988 	 0.617139
     2.023 	    0.906207 	 0.616651
     2.024 	    0.906119 	 0.616711
     2.025 	    0.906979 	 0.617415
     2.026 	    0.907465 	 0.617866
     2.027 	    0.907244 	 0.617834
     2.028 	    0.905836 	 0.616919
     2.029 	    0.905188 	 0.616597
     2.030 	    0.904662 	 0.616358
     2.031 	    0.904605 	 0.616449
     2.032 	    0.903331 	  0.61571
     2.033 	    0.902453 	 0.615166
     2.034 	    0.902271 	 0.615171
     2.035 	    0.902092 	  0.61518
     2.036 	    0.900746 	 0.614391
     2.037 	    0.899157 	 0.613436
     2.038 	    0.897796 	 0.612562
     2.039 	    0.897047 	 0.612179
     2.040 	    0.896554 	 0.611971
     2.041 	    0.895303 	 0.611232
     2.042 	    0.894003 	 0.610459
     2.043 	    0.892399 	 0.609477
     2.044 	    0.891367 	 0.608812
     2.045 	    0.889893 	 0.607919
     2.046 	    0.887936 	 0.606696
     2.047 	    0.886428 	 0.605779
     2.048 	    0.885273 	 0.605102
     2.049 	    0.884634 	 0.604705
     2.050 	    0.884573 	 0.604776
     2.051 	    0.884546 	 0.604891
     2.052 	    0.885159 	 0.605443
     2.053 	    0.886118 	 0.606232
     2.054 	    0.885828 	 0.606166
     2.055 	     0.88586 	 0.606248
     2.056 	    0.885365 	 0.606041
     2.057 	    0.885771 	 0.606452
     2.058 	    0.885378 	 0.606316
     2.059 	    0.886741 	 0.607382
     2.060 	    0.888962 	 0.609037
     2.061 	    0.891586 	 0.610928
     2.062 	    0.893681 	 0.612384
     2.063 	    0.894922 	 0.613329
     2.064 	    0.896415 	 0.614447
     2.065 	    0.898165 	 0.615741
     2.066 	    0.900596 	 0.617503
     2.067 	    0.903058 	 0.619286
     2.068 	    0.905533 	 0.621079
     2.069 	    0.907758 	 0.622625
     2.070 	    0.909893 	 0.624185
     2.071 	    0.911976 	 0.625738
     2.072 	    0.914663 	 0.627706
     2.073 	     0.91732 	 0.629654
     2.074 	    0.919483 	 0.631264
     2.075 	    0.921482 	 0.632762
     2.076 	    0.922586 	 0.633645
     2.077 	     0.92377 	 0.634509
     2.078 	    0.924108 	 0.634866
     2.079 	    0.926284 	 0.636488
     2.080 	    0.928381 	 0.638054
     2.081 	    0.931047 	 0.640061
     2.082 	     0.93308 	 0.641633
     2.083 	    0.934681 	 0.642909
     2.084 	    0.934218 	 0.642765
     2.085 	     0.93452 	 0.643148
     2.086 	    0.935465 	 0.643895
     2.087 	    0.935909 	 0.644375
     2.088 	    0.936163 	 0.644725
     2.089 	    0.936419 	 0.645077
     2.090 	    0.937283 	 0.645848
     2.091 	    0.938753 	 0.647077
     2.092 	    0.939796 	 0.648012
     2.093 	    0.940398 	 0.648643
     2.094 	    0.940522 	 0.648946
     2.095 	    0.941222 	 0.649645
     2.096 	     0.94319 	 0.651221
     2.097 	    0.944588 	 0.652325
     2.098 	    0.944425 	  0.65243
     2.099 	    0.944588 	  0.65276
     2.100 	    0.945295 	 0.653466
     2.101 	    0.947001 	  0.65488
     2.102 	    0.948537 	 0.656177
     2.103 	    0.948959 	 0.656704
     2.104 	    0.949552 	  0.65735
     2.105 	    0.950139 	 0.657992
     2.106 	    0.952097 	 0.659584
     2.107 	    0.952515 	  0.66011
     2.108 	    0.952033 	 0.660012
     2.109 	    0.952517 	 0.660583
     2.110 	    0.953995 	 0.661845
     2.111 	    0.957045 	 0.664223
     2.112 	    0.957997 	 0.665147
     2.113 	    0.958168 	 0.665529
     2.114 	    0.957642 	 0.665347
     2.115 	    0.957961 	 0.665831
     2.116 	    0.957702 	 0.665915
     2.117 	    0.957487 	  0.66603
     2.118 	    0.956883 	 0.665872
     2.119 	    0.956547 	 0.665902
     2.120 	    0.956823 	 0.666356
     2.121 	    0.958099 	 0.667245
     2.122 	    0.958392 	  0.66787
     2.123 	    0.958761 	  0.66848
     2.124 	    0.957047 	 0.667502
     2.125 	    0.957027 	 0.667841
     2.126 	    0.957238 	 0.668342
     2.127 	    0.956791 	 0.668451
     2.128 	     0.95699 	 0.668807
     2.129 	    0.956934 	 0.669122
     2.130 	    0.958921 	 0.670866
     2.131 	     0.95991 	 0.671859
     2.132 	    0.960133 	 0.672452
     2.133 	    0.960828 	 0.673239
     2.134 	    0.961064 	 0.673843
     2.135 	     0.96149 	 0.674443
     2.136 	    0.961741 	 0.675127
     2.137 	    0.962574 	 0.676014
     2.138 	    0.963399 	 0.677034
     2.139 	    0.964236 	 0.677925
     2.140 	     0.96613 	  0.67956
     2.141 	    0.968594 	 0.681678
     2.142 	    0.970564 	 0.683314
     2.143 	    0.970593 	 0.683582
     2.144 	    0.971241 	 0.684286
     2.145 	     0.97209 	 0.685273
     2.146 	    0.973363 	 0.686419
     2.147 	    0.973569 	 0.686813
     2.148 	    0.974173 	 0.687419
     2.149 	    0.975532 	  0.68871
     2.150 	     0.97568 	 0.689204
     2.151 	    0.975107 	 0.688972
     2.152 	    0.974644 	 0.688818
     2.153 	    0.975762 	 0.689781
     2.154 	    0.976733 	 0.690641
     2.155 	    0.975916 	 0.690237
     2.156 	    0.974198 	 0.689194
     2.157 	    0.972045 	 0.687843
     2.158 	    0.970548 	 0.686956
     2.159 	     0.96924 	 0.686133
     2.160 	    0.968302 	  0.68564
     2.161 	    0.966885 	 0.684862
     2.162 	    0.965064 	 0.683797
     2.163 	    0.963474 	 0.682894
     2.164 	    0.961362 	 0.681482
     2.165 	    0.959219 	 0.680267
     2.166 	    0.956702 	 0.678636
     2.167 	    0.954103 	 0.677015
     2.168 	    0.952095 	 0.675812
     2.169 	    0.950609 	 0.674979
     2.170 	    0.949027 	 0.674077
     2.171 	     0.94754 	 0.673079
     2.172 	    0.945977 	 0.672163
     2.173 	    0.945536 	 0.671975
     2.174 	    0.945604 	 0.672217
     2.175 	    0.945519 	 0.672431
     2.176 	    0.944745 	 0.671937
     2.177 	    0.943907 	 0.671536
     2.178 	    0.944261 	 0.671914
     2.179 	    0.944971 	 0.672614
     2.180 	     0.94483 	 0.672571
     2.181 	    0.945149 	 0.672973
     2.182 	    0.945682 	 0.673528
     2.183 	    0.946588 	 0.674428
     2.184 	    0.946434 	 0.674288
     2.185 	    0.946164 	 0.674271
     2.186 	    0.947246 	 0.675218
     2.187 	    0.947575 	 0.675628
     2.188 	    0.947306 	 0.675475
     2.189 	    0.946253 	   0.6749
     2.190 	    0.946796 	 0.675475
     2.191 	    0.948132 	 0.676631
     2.192 	    0.949184 	 0.677586
     2.193 	    0.949726 	 0.678039
     2.194 	    0.950452 	 0.678761
     2.195 	    0.951001 	 0.679358
     2.196 	     0.95215 	 0.680395
     2.197 	     0.95354 	 0.681454
     2.198 	    0.954572 	 0.682397
     2.199 	     0.95601 	  0.68363
     2.200 	    0.956837 	 0.684428
     2.201 	     0.95803 	 0.685534
     2.202 	    0.958796 	 0.686255
     2.203 	    0.960074 	 0.687344
     2.204 	     0.96169 	 0.688674
     2.205 	    0.961746 	 0.688887
     2.206 	    0.960978 	  0.68865
     2.207 	    0.959099 	 0.687558
     2.208 	    0.957229 	  0.68639
     2.209 	    0.954203 	 0.684392
     2.210 	    0.950188 	 0.681683
     2.211 	    0.944972 	 0.678098
     2.212 	     0.93652 	  0.67211
     2.213 	    0.924728 	 0.663723
     2.214 	    0.910481 	 0.653573
     2.215 	    0.893217 	 0.641254
     2.216 	    0.873101 	 0.627084
     2.217 	    0.850282 	 0.610764
     2.218 	    0.823709 	 0.591744
     2.219 	     0.79358 	 0.570164
     2.220 	    0.759849 	 0.545992
     2.221 	    0.723843 	 0.520299
     2.222 	    0.685232 	 0.492657
     2.223 	    0.644153 	 0.463228
     2.224 	    0.599521 	  0.43123
     2.225 	    0.554273 	 0.398821
     2.226 	    0.510364 	  0.36731
     2.227 	    0.469115 	   0.3377
     2.228 	      0.4304 	 0.309901
     2.229 	    0.394334 	  0.28403
     2.230 	    0.360814 	 0.259945
     2.231 	    0.330052 	 0.237839
     2.232 	    0.301474 	 0.217297
     2.233 	    0.275072 	 0.198336
     2.234 	     0.25019 	 0.180438
     2.235 	    0.226851 	 0.163644
     2.236 	    0.205118 	 0.148001
     2.237 	    0.184742 	 0.133346
     2.238 	    0.165602 	 0.119559
     2.239 	    0.147806 	 0.106758
     2.240 	    0.131512 	 0.0950225
     2.241 	    0.116603 	 0.0842677
     2.242 	    0.103131 	 0.0745473
     2.243 	   0.0909174 	 0.0657325
     2.244 	   0.0798361 	 0.0577455
     2.245 	   0.0699579 	 0.0506111
     2.246 	   0.0611935 	 0.0442797
     2.247 	   0.0534495 	 0.0386842
     2.248 	   0.0466501 	 0.0337741
     2.249 	   0.0406929 	 0.0294673
     2.250 	   0.0354769 	 0.0256956
     2.251 	   0.0309411 	 0.0224189
     2.252 	    0.026988 	 0.0195599
     2.253 	     0.02354 	 0.0170655
     2.254 	   0.0205515 	 0.0149029
     2.255 	   0.0179541 	 0.0130244
     2.256 	   0.0156925 	 0.0113868
     2.257 	   0.0137094 	 0.00994846
     2.258 	   0.0119976 	 0.0087096
     2.259 	   0.0105029 	 0.00762657
     2.260 	  0.00920176 	 0.00668355
     2.261 	  0.00807446 	 0.00586709
     2.262 	  0.00709316 	 0.00515551
     2.263 	  0.00624099 	 0.00453741
     2.264 	  0.00549952 	 0.00399946
     2.265 	  0.00485384 	 0.00353131
     2.266 	  0.00428761 	 0.00312024
     2.267 	    0.003797 	 0.00276398
     2.268 	  0.00336361 	 0.00244948
     2.269 	  0.00298221 	 0.00217234
     2.270 	  0.00264892 	 0.00193011
     2.271 	   0.0023622 	 0.00172185
     2.272 	  0.00211204 	 0.00153991
     2.273 	  0.00189091 	 0.00137905
     2.274 	   0.0016998 	 0.00124014
     2.275 	  0.00153184 	 0.00111789
     2.276 	  0.00138349 	 0.0010099
     2.277 	  0.00125256 	 0.000914567
     2.278 	  0.00113736 	 0.000830768
     2.279 	  0.00103782 	 0.00075826
     2.280 	 0.000948155 	 0.000692931
     2.281 	 0.000865308 	 0.000632655
     2.282 	 0.000788279 	 0.000576515
     2.283 	 0.000719373 	 0.000526338
     2.284 	 0.000658432 	 0.000481954
     2.285 	 0.000603524 	 0.0004419
     2.286 	 0.000553947 	 0.000405726
     2.287 	 0.000510369 	 0.000374043
     2.288 	 0.000470498 	 0.000344929
     2.289 	 0.000435132 	 0.0003191
     2.290 	 0.000402528 	 0.000295316
     2.291 	 0.000371676 	 0.000272746
     2.292 	 0.000343998 	 0.000252495
     2.293 	 0.000317709 	 0.000233253
     2.294 	 0.000293717 	 0.000215715
     2.295 	 0.000271408 	 0.000199377
     2.296 	 0.000250506 	 0.000184066
     2.297 	 0.000234211 	 0.000172153
     2.298 	 0.000218879 	 0.000160921
     2.299 	 0.000205355 	 0.000151014
     2.300 	 0.000191862 	 0.000141141
     2.301 	 0.000179113 	 0.000131787
     2.302 	 0.000167944 	 0.000123593
     2.303 	 0.000157374 	 0.000115862
     2.304 	 0.000147408 	 0.000108568
     2.305 	 0.000136932 	 0.000100872
     2.306 	 0.000126984 	 9.35722e-05
     2.307 	 0.000118539 	 8.73661e-05
     2.308 	 0.000110961 	 8.17967e-05
     2.309 	 0.000104781 	 7.72558e-05
     2.310 	 0.000100111 	 7.38503e-05
     2.311 	 9.61812e-05 	 7.09617e-05
     2.312 	 9.09969e-05 	 6.71467e-05
     2.313 	 8.47209e-05 	 6.25319e-05
     2.314 	 8.01332e-05 	 5.91545e-05
     2.315 	 7.73887e-05 	 5.71428e-05
     2.316 	 7.34326e-05 	 5.42468e-05
     2.317 	 6.86103e-05 	 5.06918e-05
     2.318 	 6.39133e-05 	 4.72285e-05
     2.319 	 6.07626e-05 	 4.4912e-05
     2.320 	 5.84665e-05 	 4.32212e-05
     2.321 	 5.66235e-05 	 4.18611e-05
     2.322 	 5.45594e-05 	 4.03457e-05
     2.323 	 5.18349e-05 	 3.83375e-05
     2.324 	 4.86409e-05 	 3.59773e-05
     2.325 	 4.58713e-05 	 3.39341e-05
     2.326 	 4.38329e-05 	 3.24317e-05
     2.327 	 4.20102e-05 	 3.10912e-05
     2.328 	 4.12835e-05 	 3.05551e-05
     2.329 	 3.96116e-05 	 2.93227e-05
     2.330 	 3.81515e-05 	 2.82434e-05
     2.331 	 3.63904e-05 	 2.69436e-05
     2.332 	 3.60986e-05 	 2.67369e-05
     2.333 	 3.55933e-05 	 2.63695e-05
     2.334 	 3.46757e-05 	 2.56935e-05
     2.335 	 3.31517e-05 	 2.45703e-05
     2.336 	 3.20128e-05 	 2.37324e-05
     2.337 	 3.09199e-05 	 2.29302e-05
     2.338 	   3.005e-05 	 2.22883e-05
     2.339 	 2.87128e-05 	 2.12996e-05
     2.340 	 2.80365e-05 	 2.08033e-05
     2.341 	 2.80054e-05 	 2.0784e-05
     2.342 	 2.78005e-05 	 2.06399e-05
     2.343 	 2.74902e-05 	 2.04155e-05
     2.344 	 2.70785e-05 	 2.01134e-05
     2.345 	 2.72898e-05 	 2.02761e-05
     2.346 	 2.69516e-05 	 2.00325e-05
     2.347 	 2.59874e-05 	 1.93216e-05
     2.348 	 2.48658e-05 	 1.8491e-05
     2.349 	 2.42948e-05 	 1.80697e-05
     2.350 	 2.38384e-05 	 1.77334e-05
     2.351 	 2.34331e-05 	 1.74407e-05
     2.352 	 2.38272e-05 	 1.77372e-05
     2.353 	 2.40801e-05 	 1.79288e-05
     2.354 	 2.34069e-05 	 1.74345e-05
     2.355 	 2.24645e-05 	 1.67356e-05
     2.356 	  2.2356e-05 	 1.66612e-05
     2.357 	 2.25052e-05 	 1.67755e-05
     2.358 	 2.26582e-05 	 1.68946e-05
     2.359 	 2.28545e-05 	 1.70441e-05
     2.360 	 2.24829e-05 	 1.677e-05
     2.361 	  2.1834e-05 	 1.62921e-05
     2.362 	 2.13328e-05 	 1.59227e-05
     2.363 	 2.15751e-05 	 1.61063e-05
     2.364 	 2.14738e-05 	 1.60351e-05
     2.365 	  2.0851e-05 	 1.55727e-05
     2.366 	 2.03587e-05 	 1.52107e-05
     2.367 	 2.01589e-05 	 1.50657e-05
     2.368 	 2.02786e-05 	 1.51577e-05
     2.369 	 2.05541e-05 	 1.53663e-05
     2.370 	  1.9981e-05 	 1.49404e-05
     2.371 	 1.99386e-05 	 1.49125e-05
     2.372 	  1.9772e-05 	 1.4793e-05
     2.373 	 2.00514e-05 	 1.50042e-05
     2.374 	 2.03596e-05 	 1.5237e-05
     2.375 	 2.04981e-05 	 1.53461e-05
     2.376 	 2.04521e-05 	 1.53138e-05
     2.377 	 2.02356e-05 	 1.51569e-05
     2.378 	 2.09401e-05 	 1.56868e-05
     2.379 	 2.16139e-05 	 1.61939e-05
     2.380 	 2.15452e-05 	 1.61465e-05
     2.381 	 2.13206e-05 	 1.5981e-05
     2.382 	 2.10477e-05 	 1.57792e-05
     2.383 	 2.09942e-05 	 1.57451e-05
     2.384 	 2.12137e-05 	 1.59125e-05
     2.385 	 2.18408e-05 	 1.63875e-05
     2.386 	 2.14649e-05 	 1.61083e-05
     2.387 	 2.05819e-05 	 1.54484e-05
     2.388 	 1.93447e-05 	 1.45238e-05
     2.389 	 1.89002e-05 	 1.41925e-05
     2.390 	 2.03224e-05 	 1.52663e-05
     2.391 	 2.19112e-05 	 1.64656e-05
     2.392 	 2.27925e-05 	 1.71321e-05
     2.393 	 2.17488e-05 	 1.63515e-05
     2.394 	 2.09623e-05 	 1.57641e-05
     2.395 	 2.06914e-05 	 1.55641e-05
     2.396 	 1.96835e-05 	 1.48096e-05
     2.397 	 1.82095e-05 	 1.37054e-05
     2.398 	 1.78761e-05 	 1.34578e-05
     2.399 	 1.96315e-05 	 1.47859e-05
     2.400 	 2.13428e-05 	 1.60787e-05
     2.401 	 2.20991e-05 	 1.6651e-05
     2.402 	 2.10512e-05 	 1.58638e-05
     2.403 	 2.03581e-05 	 1.53438e-05
     2.404 	 2.10135e-05 	 1.58419e-05
     2.405 	 2.22335e-05 	 1.67641e-05
     2.406 	 2.24627e-05 	 1.69395e-05
     2.407 	 2.09173e-05 	 1.57765e-05
     2.408 	 2.00658e-05 	 1.51365e-05
     2.409 	  1.8745e-05 	 1.41437e-05
     2.410 	 1.85304e-05 	 1.39867e-05
     2.411 	 1.77013e-05 	 1.33639e-05
     2.412 	 1.87152e-05 	 1.41326e-05
     2.413 	 1.88653e-05 	 1.42508e-05
     2.414 	 1.85152e-05 	 1.39895e-05
     2.415 	 1.85176e-05 	 1.39945e-05
     2.416 	 1.83912e-05 	 1.39021e-05
     2.417 	 1.92181e-05 	 1.45305e-05
     2.418 	 1.94523e-05 	 1.47109e-05
     2.419 	 1.95984e-05 	 1.48248e-05
     2.420 	 1.88875e-05 	 1.42903e-05
     2.421 	 1.79014e-05 	 1.35486e-05
     2.422 	 1.71258e-05 	 1.29658e-05
     2.423 	 1.67637e-05 	 1.26958e-05
     2.424 	 1.63684e-05 	 1.24004e-05
     2.425 	 1.58381e-05 	 1.20025e-05
     2.426 	 1.55941e-05 	 1.18228e-05
     2.427 	 1.52923e-05 	 1.16001e-05
     2.428 	 1.48333e-05 	 1.12555e-05
     2.429 	 1.40678e-05 	 1.06781e-05
     2.430 	 1.38682e-05 	 1.05301e-05
     2.431 	  1.3568e-05 	 1.03065e-05
     2.432 	   1.317e-05 	 1.00084e-05
     2.433 	 1.27388e-05 	 9.6848e-06
     2.434 	  1.2038e-05 	 9.15589e-06
     2.435 	 1.20459e-05 	 9.16577e-06
     2.436 	 1.20925e-05 	 9.20512e-06
     2.437 	 1.23082e-05 	 9.37328e-06
     2.438 	 1.20627e-05 	 9.19021e-06
     2.439 	 1.10739e-05 	 8.44044e-06
     2.440 	 1.02509e-05 	 7.81646e-06
     2.441 	 9.72295e-06 	 7.41712e-06
     2.442 	 9.63766e-06 	 7.35526e-06
     2.443 	 8.94308e-06 	 6.82815e-06
     2.444 	 8.15356e-06 	 6.22805e-06
     2.445 	 7.77466e-06 	 5.94121e-06
     2.446 	 8.18989e-06 	 6.26124e-06
     2.447 	 7.97859e-06 	 6.10236e-06
     2.448 	  7.7298e-06 	 5.91339e-06
     2.449 	 7.57395e-06 	 5.79668e-06
     2.450 	 7.46165e-06 	 5.71322e-06
     2.451 	 7.17653e-06 	 5.49718e-06
     2.452 	 6.78767e-06 	 5.20146e-06
     2.453 	 6.63101e-06 	 5.08248e-06
     2.454 	 6.31207e-06 	 4.84002e-06
     2.455 	  5.7562e-06 	 4.4156e-06
     2.456 	 5.27591e-06 	 4.04885e-06
     2.457 	 4.83862e-06 	 3.71479e-06
     2.458 	 4.69451e-06 	 3.60564e-06
     2.459 	 4.46791e-06 	 3.43301e-06
     2.460 	 4.26272e-06 	 3.2767e-06
     2.461 	 4.35736e-06 	 3.35064e-06
     2.462 	 4.36885e-06 	 3.36104e-06
     2.463 	 4.12519e-06 	 3.17506e-06
     2.464 	  3.8582e-06 	 2.97094e-06
     2.465 	 3.77328e-06 	 2.9069e-06
     2.466 	  3.9356e-06 	 3.03335e-06
     2.467 	 3.69967e-06 	 2.85283e-06
     2.468 	 3.28076e-06 	 2.53097e-06
     2.469 	 2.94478e-06 	 2.27211e-06
     2.470 	 2.84161e-06 	 2.19352e-06
     2.471 	  2.8667e-06 	 2.21407e-06
     2.472 	 2.77406e-06 	 2.14367e-06
     2.473 	 2.58791e-06 	 2.00089e-06
     2.474 	 2.39415e-06 	 1.85207e-06
     2.475 	 2.33608e-06 	 1.80772e-06
     2.476 	 2.21333e-06 	 1.71365e-06
     2.477 	 2.05705e-06 	 1.59349e-06
     2.478 	 1.87437e-06 	 1.45275e-06
     2.479 	 1.77548e-06 	 1.37656e-06
     2.480 	 1.80677e-06 	 1.40141e-06
     2.481 	 1.82483e-06 	 1.41615e-06
     2.482 	 1.78911e-06 	 1.38915e-06
     2.483 	 1.75789e-06 	 1.36562e-06
     2.484 	 1.69989e-06 	 1.32125e-06
     2.485 	 1.62008e-06 	 1.25973e-06
     2.486 	 1.45493e-06 	 1.1319e-06
     2.487 	 1.33384e-06 	 1.03802e-06
     2.488 	  1.3027e-06 	 1.01431e-06
     2.489 	 1.28761e-06 	 1.00297e-06
     2.490 	 1.23541e-06 	 9.62806e-07
     2.491 	 1.12014e-06 	 8.73339e-07
     2.492 	 1.06638e-06 	 8.3169e-07
     2.493 	 1.04275e-06 	 8.13348e-07
     2.494 	 1.03781e-06 	 8.09835e-07
     2.495 	 9.82831e-07 	 7.67255e-07
     2.496 	 9.38948e-07 	 7.33224e-07
     2.497 	 9.19997e-07 	 7.18726e-07
     2.498 	 8.92481e-07 	 6.97521e-07
     2.499 	 8.57581e-07 	 6.70388e-07
     2.500 	 9.38817e-07 	 7.34118e-07
     2.501 	 9.06519e-07 	 7.09115e-07
     2.502 	 8.72427e-07 	 6.8269e-07
     2.503 	 8.61687e-07 	 6.74451e-07
     2.504 	 8.19394e-07 	 6.41445e-07
     2.505 	 7.87529e-07 	 6.16719e-07
     2.506 	 7.69566e-07 	 6.02738e-07
     2.507 	 7.61418e-07 	 5.96567e-07
     2.508 	 7.54977e-07 	 5.91608e-07
     2.509 	 7.27926e-07 	 5.7055e-07
     2.510 	 6.81465e-07 	 5.34321e-07
     2.511 	 6.32236e-07 	 4.95914e-07
     2.512 	  6.0264e-07 	 4.72734e-07
     2.513 	 6.26628e-07 	 4.91742e-07
     2.514 	 6.39324e-07 	 5.01844e-07
     2.515 	 5.99121e-07 	 4.70467e-07
     2.516 	 5.51687e-07 	 4.33298e-07
     2.517 	 5.32066e-07 	 4.18003e-07
     2.518 	 5.49169e-07 	 4.31561e-07
     2.519 	 5.45993e-07 	 4.29143e-07
     2.520 	 5.12344e-07 	 4.02806e-07
     2.521 	 4.71526e-07 	 3.70861e-07
     2.522 	 4.60848e-07 	 3.62492e-07
     2.523 	 4.63592e-07 	 3.64793e-07
     2.524 	 4.62203e-07 	 3.63804e-07
     2.525 	 4.40039e-07 	 3.46494e-07
     2.526 	 4.15419e-07 	 3.27169e-07
     2.527 	 4.01123e-07 	 3.15999e-07
     2.528 	 4.04361e-07 	 3.18642e-07
     2.529 	 4.01817e-07 	 3.16662e-07
     2.530 	 3.92557e-07 	 3.09485e-07
     2.531 	 3.70456e-07 	 2.92159e-07
     2.532 	 3.60634e-07 	 2.84481e-07
     2.533 	 3.50555e-07 	 2.76623e-07
     2.534 	 3.39037e-07 	 2.67653e-07
     2.535 	 3.32592e-07 	 2.62627e-07
     2.536 	  3.2814e-07 	 2.59198e-07
     2.537 	 3.14403e-07 	 2.48457e-07
     2.538 	 3.04399e-07 	 2.40558e-07
     2.539 	 3.17483e-07 	 2.51009e-07
     2.540 	 3.23757e-07 	 2.56054e-07
     2.541 	 3.05606e-07 	 2.41748e-07
     2.542 	 2.63821e-07 	 2.08757e-07
     2.543 	 2.48238e-07 	 1.96506e-07
     2.544 	 2.63622e-07 	 2.08704e-07
     2.545 	 2.84901e-07 	 2.25641e-07
     2.546 	 2.90729e-07 	 2.30278e-07
     2.547 	 2.73697e-07 	 2.16854e-07
     2.548 	 2.59563e-07 	 2.05716e-07
     2.549 	 2.39907e-07 	 1.90155e-07
     2.550 	  2.2714e-07 	 1.80109e-07
     2.551 	 2.18136e-07 	 1.73019e-07
     2.552 	 2.24231e-07 	 1.77888e-07
     2.553 	 2.27702e-07 	 1.80694e-07
     2.554 	 2.23859e-07 	 1.77715e-07
     2.555 	 2.18361e-07 	 1.73364e-07
     2.556 	 2.15232e-07 	 1.70948e-07
     2.557 	 2.13386e-07 	 1.69513e-07
     2.558 	 2.02939e-07 	 1.61245e-07
     2.559 	 1.82449e-07 	 1.45006e-07
     2.560 	 1.71406e-07 	 1.36268e-07
     2.561 	 1.80687e-07 	 1.43675e-07
     2.562 	  2.0044e-07 	 1.59428e-07
     2.563 	 2.02812e-07 	 1.61379e-07
     2.564 	   1.884e-07 	 1.49924e-07
     2.565 	 1.81135e-07 	 1.44185e-07
     2.566 	 1.74687e-07 	 1.39093e-07
     2.567 	 1.68082e-07 	 1.33846e-07
     2.568 	 1.68584e-07 	 1.34299e-07
     2.569 	 1.66684e-07 	 1.32824e-07
     2.570 	 1.62654e-07 	 1.29623e-07
     2.571 	 1.48582e-07 	 1.18455e-07
     2.572 	 1.41661e-07 	 1.12969e-07
     2.573 	   1.384e-07 	 1.10389e-07
     2.574 	 1.34114e-07 	 1.07001e-07
     2.575 	 1.35748e-07 	 1.08335e-07
     2.576 	 1.37632e-07 	 1.09847e-07
     2.577 	  1.3438e-07 	 1.07282e-07
     2.578 	 1.24452e-07 	 9.93838e-08
     2.579 	 1.18152e-07 	 9.437e-08
     2.580 	 1.12535e-07 	 8.99088e-08
     2.581 	 1.10796e-07 	 8.85443e-08
     2.582 	 1.05593e-07 	 8.44192e-08
     2.583 	 1.08607e-07 	 8.68354e-08
     2.584 	 1.08538e-07 	 8.68046e-08
     2.585 	 1.09373e-07 	 8.75064e-08
     2.586 	 1.02838e-07 	 8.22842e-08
     2.587 	 1.03036e-07 	 8.24573e-08
     2.588 	 1.03659e-07 	 8.29879e-08
     2.589 	 1.06825e-07 	 8.55464e-08
     2.590 	 1.02935e-07 	 8.24373e-08
     2.591 	 9.86066e-08 	 7.90041e-08
     2.592 	 9.70952e-08 	 7.78175e-08
     2.593 	 9.88409e-08 	 7.92414e-08
     2.594 	 9.72384e-08 	 7.79735e-08
     2.595 	  9.0755e-08 	 7.27972e-08
     2.596 	 7.98034e-08 	 6.40325e-08
     2.597 	 6.98851e-08 	 5.60979e-08
     2.598 	 0.000214926 	 0.000172543
     2.599 	 0.000207043 	 0.000166249
     2.600 	 0.000199163 	 0.000159971
     2.601 	 0.000191231 	 0.000153654
     2.602 	 0.000183225 	 0.000147258
     2.603 	 0.000175223 	 0.000140861
     2.604 	 0.000162069 	 0.000130306
     2.605 	 0.000146714 	 0.00011799
     2.606 	 0.000133283 	 0.000107214
     2.607 	 0.000137077 	 0.000110293
     2.608 	 0.000140869 	 0.000113384
     2.609 	 0.000139088 	 0.000111978
     2.610 	 0.000128945 	 0.000103837
     2.611 	 0.000118803 	 9.56958e-05
     2.612 	 0.000109811 	 8.84859e-05
     2.613 	 0.000101107 	 8.1494e-05
     2.614 	 9.27176e-05 	 7.4752e-05
     2.615 	 8.71435e-05 	 7.02766e-05
     2.616 	 8.15715e-05 	 6.58076e-05
     2.617 	 7.70797e-05 	 6.22004e-05
     2.618 	 7.36692e-05 	 5.9464e-05
     2.619 	 7.02599e-05 	 5.67271e-05
     2.620 	 6.70852e-05 	 5.4184e-05
     2.621 	  6.3963e-05 	 5.1677e-05
     2.622 	  5.9845e-05 	 4.83638e-05
     2.623 	  5.1738e-05 	 4.18241e-05
     2.624 	 4.36336e-05 	 3.52827e-05
     2.625 	 3.83392e-05 	 3.10138e-05
     2.626 	 3.58506e-05 	 2.90089e-05
     2.627 	 3.33628e-05 	 2.70036e-05
     2.628 	 3.59452e-05 	 2.9102e-05
     2.629 	 3.97914e-05 	 3.22251e-05
     2.630 	 4.35935e-05 	 3.5318e-05
     2.631 	  4.7221e-05 	 3.8267e-05
     2.632 	 5.08465e-05 	 4.12159e-05
     2.633 	 4.86583e-05 	 3.94525e-05
     2.634 	 4.06595e-05 	 3.29757e-05
     2.635 	 3.26671e-05 	 2.65035e-05
     2.636 	 3.07966e-05 	 2.49924e-05
     2.637 	 2.96074e-05 	 2.40337e-05
     2.638 	 2.64513e-05 	 2.14773e-05
     2.639 	 1.54299e-05 	 1.25317e-05
     2.640 	 4.41206e-06 	 3.58465e-06
     2.641 	           0 	        0
     2.642 	           0 	        0
     2.643 	           0 	        0
     2.644 	           0 	        0
     2.645 	           0 	        0
     2.646 	           0 	        0
     2.647 	           0 	        0
     2.648 	           0 	        0
     2.649 	           0 	        0
     2.650 	           0 	        0
     2.651 	           0 	        0
     2.652 	           0 	        0
     2.653 	           0 	        0
     2.654 	           0 	        0
     2.655 	           0 	        0
     2.656 	           0 	        0
     2.657 	           0 	        0
     2.658 	           0 	        0
     2.659 	           0 	        0
     2.660 	           0 	        0
     2.661 	           0 	        0
     2.662 	           0 	        0
     2.663 	           0 	        0
     2.664 	           0 	        0
     2.665 	           0 	        0
     2.666 	           0 	        0
     2.667 	           0 	        0
     2.668 	           0 	        0
     2.669 	           0 	        0
     2.670 	           0 	        0
     2.671 	           0 	        0
     2.672 	           0 	        0
     2.673 	           0 	        0
     2.674 	           0 	        0
     2.675 	           0 	        0
     2.676 	           0 	        0
     2.677 	           0 	        0
     2.678 	           0 	        0
     2.679 	           0 	        0
     2.680 	           0 	        0
     2.681 	           0 	        0
     2.682 	           0 	        0
     2.683 	           0 	        0
     2.684 	           0 	        0
     2.685 	           0 	        0
     2.686 	           0 	        0
     2.687 	           0 	        0
     2.688 	           0 	        0
     2.689 	           0 	        0
     2.690 	           0 	        0
     2.691 	           0 	        0
     2.692 	           0 	        0
     2.693 	           0 	        0
     2.694 	           0 	        0
     2.695 	           0 	        0
     2.696 	           0 	        0
     2.697 	           0 	        0
     2.698 	           0 	        0
     2.699 	           0 	        0
     2.700 	           0 	        0
     2.701 	           0 	        0
     2.702 	           0 	        0
     2.703 	           0 	        0
     2.704 	           0 	        0
     2.705 	           0 	        0
     2.706 	           0 	        0
     2.707 	           0 	        0
     2.708 	           0 	        0
     2.709 	           0 	        0
     2.710 	           0 	        0
     2.711 	           0 	        0
     2.712 	           0 	        0
     2.713 	           0 	        0
     2.714 	           0 	        0
     2.715 	           0 	        0
     2.716 	           0 	        0
     2.717 	           0 	        0
     2.718 	           0 	        0
     2.719 	           0 	        0
     2.720 	           0 	        0
     2.721 	           0 	        0
     2.722 	           0 	        0
     2.723 	 6.29371e-08 	 5.18826e-08
     2.724 	 2.43844e-07 	 2.01056e-07
     2.725 	 4.23764e-07 	 3.4944e-07
     2.726 	 3.92109e-07 	 3.2337e-07
     2.727 	 2.70575e-07 	 2.23164e-07
     2.728 	 1.49702e-07 	 1.23483e-07
     2.729 	  2.7371e-07 	 2.25795e-07
     2.730 	 3.97001e-07 	 3.27535e-07
     2.731 	 4.02854e-07 	 3.32411e-07
     2.732 	  2.3127e-07 	 1.90818e-07
     2.733 	 5.97259e-08 	 4.92859e-08
     2.734 	           0 	        0
     2.735 	           0 	        0
     2.736 	           0 	        0
     2.737 	           0 	        0
     2.738 	           0 	        0
     2.739 	           0 	        0
     2.740 	           0 	        0
     2.741 	           0 	        0
     2.742 	           0 	        0
     2.743 	           0 	        0
     2.744 	           0 	        0
     2.745 	           0 	        0
     2.746 	           0 	        0
     2.747 	           0 	        0
     2.748 	           0 	        0
     2.749 	           0 	        0
     2.750 	           0 	        0
     2.751 	           0 	        0
     2.752 	           0 	        0
     2.753 	           0 	        0
     2.754 	           0 	        0
     2.755 	 5.45577e-08 	 4.51058e-08
     2.756 	 1.47047e-07 	 1.21588e-07
     2.757 	 2.39609e-07 	 1.9815e-07
     2.758 	 1.81336e-07 	 1.49949e-07
     2.759 	 8.52416e-08 	 7.04966e-08
     2.760 	           0 	        0
     2.761 	           0 	        0
     2.762 	           0 	        0
     2.763 	           0 	        0
     2.764 	           0 	        0
     2.765 	           0 	        0
     2.766 	           0 	        0
     2.767 	           0 	        0
     2.768 	 8.75691e-08 	 7.24962e-08
     2.769 	 4.84266e-07 	 4.01023e-07
     2.770 	 8.81176e-07 	 7.29684e-07
     2.771 	 3.65228e-06 	 3.02456e-06
     2.772 	 8.80158e-06 	 7.29078e-06
     2.773 	 1.39536e-05 	 1.1558e-05
     2.774 	 1.03323e-05 	 8.55982e-06
     2.775 	 5.72992e-06 	 4.74774e-06
     2.776 	   2.168e-06 	 1.79648e-06
     2.777 	 2.77556e-06 	 2.29983e-06
     2.778 	 3.38373e-06 	 2.80393e-06
     2.779 	 5.28894e-06 	 4.38248e-06
     2.780 	 8.05991e-06 	 6.6803e-06
     2.781 	 1.08399e-05 	 8.98562e-06
     2.782 	 1.44801e-05 	 1.20059e-05
     2.783 	  1.8222e-05 	 1.51104e-05
     2.784 	 1.98384e-05 	 1.64546e-05
     2.785 	  1.6474e-05 	 1.36659e-05
     2.786 	 1.31035e-05 	 1.08713e-05
     2.787 	 1.44461e-05 	 1.1988e-05
     2.788 	 1.89404e-05 	 1.57196e-05
     2.789 	 2.34428e-05 	 1.94588e-05
     2.790 	 2.63961e-05 	 2.19153e-05
     2.791 	 2.93553e-05 	 2.43772e-05
     2.792 	 3.02246e-05 	 2.50991e-05
     2.793 	 2.62024e-05 	 2.17657e-05
     2.794 	  2.2172e-05 	 1.84215e-05
     2.795 	 2.44497e-05 	 2.03181e-05
     2.796 	 2.94424e-05 	 2.44721e-05
     2.797 	 3.44452e-05 	 2.86304e-05
     2.798 	 3.78202e-05 	 3.14421e-05
     2.799 	 4.12012e-05 	 3.42635e-05
     2.800 	 4.17362e-05 	 3.47084e-05
     2.801 	 3.79666e-05 	 3.15826e-05
     2.802 	 3.41941e-05 	 2.84468e-05
     2.803 	 2.86661e-05 	 2.38548e-05
     2.804 	 2.23817e-05 	 1.86267e-05
     2.805 	 1.60894e-05 	 1.33939e-05
     2.806 	 2.47722e-05 	 2.06216e-05
     2.807 	 3.34638e-05 	 2.78621e-05
     2.808 	 3.99292e-05 	 3.3248e-05
     2.809 	  4.3043e-05 	 3.58437e-05
     2.810 	   4.616e-05 	 3.84503e-05
     2.811 	 4.04858e-05 	 3.373e-05
     2.812 	 3.10347e-05 	 2.58607e-05
     2.813 	 2.25529e-05 	 1.87984e-05
     2.814 	 2.28616e-05 	 1.90592e-05
     2.815 	 2.31707e-05 	 1.93204e-05
     2.816 	 2.45865e-05 	 2.05047e-05
     2.817 	 2.76653e-05 	 2.30742e-05
     2.818 	 3.07479e-05 	 2.56499e-05
     2.819 	 3.58731e-05 	 2.99369e-05
     2.820 	 4.15132e-05 	 3.46465e-05
     2.821 	 4.62109e-05 	 3.85781e-05
     2.822 	 4.27368e-05 	 3.5688e-05
     2.823 	 3.92651e-05 	 3.27949e-05
     2.824 	 3.84524e-05 	 3.21253e-05
     2.825 	 4.02964e-05 	 3.36755e-05
     2.826 	 4.21387e-05 	 3.52215e-05
     2.827 	  4.2155e-05 	 3.52452e-05
     2.828 	 4.17152e-05 	 3.48767e-05
     2.829 	 4.12181e-05 	 3.44672e-05
     2.830 	 4.04911e-05 	 3.38654e-05
     2.831 	 3.97644e-05 	 3.32692e-05
     2.832 	 3.81059e-05 	 3.18895e-05
     2.833 	 3.55164e-05 	 2.97328e-05
     2.834 	 3.29281e-05 	 2.7567e-05
     2.835 	 3.90432e-05 	 3.26979e-05
     2.836 	 4.61194e-05 	 3.86335e-05
     2.837 	  5.0938e-05 	 4.26805e-05
     2.838 	 4.67343e-05 	 3.91638e-05
     2.839 	 4.25345e-05 	 3.5653e-05
     2.840 	 4.06882e-05 	 3.41172e-05
     2.841 	 4.11924e-05 	 3.45396e-05
     2.842 	  4.1696e-05 	 3.49725e-05
     2.843 	 4.63104e-05 	 3.88585e-05
     2.844 	   5.138e-05 	 4.31164e-05
     2.845 	  5.4402e-05 	 4.56661e-05
     2.846 	 4.92567e-05 	 4.13637e-05
     2.847 	 4.41152e-05 	 3.70495e-05
     2.848 	  4.4108e-05 	 3.70547e-05
     2.849 	 4.75199e-05 	 3.99205e-05
     2.850 	 5.09292e-05 	 4.28018e-05
     2.851 	 5.05626e-05 	 4.24988e-05
     2.852 	 4.97766e-05 	 4.18519e-05
     2.853 	 5.10743e-05 	 4.29481e-05
     2.854 	 5.72326e-05 	 4.81472e-05
     2.855 	 6.33848e-05 	 5.33291e-05
     2.856 	 6.51679e-05 	 5.48472e-05
     2.857 	 6.40424e-05 	 5.39008e-05
     2.858 	 6.29181e-05 	 5.29662e-05
     2.859 	 5.81031e-05 	 4.89288e-05
     2.860 	 5.32916e-05 	 4.48823e-05
     2.861 	 4.99722e-05 	 4.21036e-05
     2.862 	 5.01274e-05 	 4.22426e-05
     2.863 	 5.02826e-05 	 4.23772e-05
     2.864 	 4.91624e-05 	 4.1454e-05
     2.865 	 4.74968e-05 	 4.00573e-05
     2.866 	 4.58324e-05 	 3.86611e-05
     2.867 	 5.49068e-05 	 4.63342e-05
     2.868 	 6.39722e-05 	 5.39891e-05
     2.869 	 6.83773e-05 	 5.7718e-05
     2.870 	 6.57973e-05 	 5.55624e-05
     2.871 	 6.32185e-05 	 5.3395e-05
     2.872 	 6.23103e-05 	 5.26435e-05
     2.873 	 6.21171e-05 	 5.24957e-05
     2.874 	 6.18217e-05 	 5.22562e-05
     2.875 	 6.06071e-05 	 5.12393e-05
     2.876 	 5.93934e-05 	 5.02228e-05
     2.877 	 5.98243e-05 	 5.06075e-05
     2.878 	 6.27191e-05 	 5.30609e-05
     2.879 	 6.56117e-05 	 5.55187e-05
     2.880 	 6.44181e-05 	 5.45191e-05
     2.881 	  6.1484e-05 	 5.20576e-05
     2.882 	  5.9331e-05 	 5.02451e-05
     2.883 	 6.41836e-05 	 5.43659e-05
     2.884 	 6.90351e-05 	 5.84875e-05
     2.885 	 7.37086e-05 	 6.2473e-05
     2.886 	 7.81178e-05 	 6.62169e-05
     2.887 	 8.25262e-05 	 6.99683e-05
     2.888 	 7.88123e-05 	 6.68334e-05
     2.889 	 7.30733e-05 	 6.19925e-05
     2.890 	 6.79396e-05 	 5.76433e-05
     2.891 	 6.82361e-05 	 5.7908e-05
     2.892 	 6.85324e-05 	 5.81725e-05
     2.893 	 6.94736e-05 	 5.89787e-05
     2.894 	 7.10595e-05 	 6.03513e-05
     2.895 	 7.26443e-05 	 6.17176e-05
     2.896 	 7.52906e-05 	 6.39804e-05
     2.897 	  7.8202e-05 	 6.64625e-05
     2.898 	 7.98375e-05 	 6.78679e-05
     2.899 	 7.63794e-05 	 6.49565e-05
     2.900 	 7.29221e-05 	 6.20238e-05
     2.901 	 6.67061e-05 	 5.67501e-05
     2.902 	 5.77323e-05 	 4.91272e-05
     2.903 	 4.87604e-05 	 4.1498e-05
     2.904 	 4.64334e-05 	 3.95269e-05
     2.905 	  4.4844e-05 	 3.81828e-05
     2.906 	  4.4145e-05 	 3.75926e-05
     2.907 	 4.70084e-05 	 4.00362e-05
     2.908 	 4.98699e-05 	 4.24699e-05
     2.909 	 5.19755e-05 	 4.42735e-05
     2.910 	 5.35781e-05 	 4.56493e-05
     2.911 	 5.51827e-05 	 4.70216e-05
     2.912 	 5.58394e-05 	 4.75915e-05
     2.913 	 5.63906e-05 	 4.80716e-05
     2.914 	 5.67453e-05 	 4.83642e-05
     2.915 	 5.63151e-05 	 4.80079e-05
     2.916 	 5.58851e-05 	 4.76466e-05
     2.917 	 5.58736e-05 	 4.76471e-05
     2.918 	 5.61409e-05 	 4.78853e-05
     2.919 	 5.64082e-05 	 4.81085e-05
     2.920 	 5.77522e-05 	 4.92601e-05
     2.921 	 5.92152e-05 	 5.05122e-05
     2.922 	 5.93796e-05 	 5.06618e-05
     2.923 	  5.6514e-05 	 4.82208e-05
     2.924 	 5.36501e-05 	 4.57759e-05
     2.925 	 5.15216e-05 	 4.39588e-05
     2.926 	 4.98826e-05 	 4.25682e-05
     2.927 	 4.82445e-05 	 4.11736e-05
     2.928 	 5.43289e-05 	 4.6365e-05
     2.929 	 6.04112e-05 	 5.15652e-05
     2.930 	 6.32017e-05 	 5.39514e-05
     2.931 	 5.83187e-05 	 4.97855e-05
     2.932 	 5.34375e-05 	 4.56111e-05
     2.933 	 4.96757e-05 	 4.24067e-05
     2.934 	 4.63958e-05 	 3.96087e-05
     2.935 	  4.3117e-05 	 3.68151e-05
     2.936 	 4.74726e-05 	 4.05361e-05
     2.937 	 5.18257e-05 	 4.42413e-05
     2.938 	 5.52931e-05 	 4.72083e-05
     2.939 	 5.74325e-05 	 4.90373e-05
     2.940 	 5.95717e-05 	 5.08715e-05
     2.941 	 6.14632e-05 	 5.24876e-05
     2.942 	 6.32485e-05 	 5.40186e-05
     2.943 	 6.43678e-05 	 5.49637e-05
     2.944 	 5.95051e-05 	 5.08176e-05
     2.945 	  5.4644e-05 	 4.6662e-05
     2.946 	 5.01912e-05 	 4.28603e-05
     2.947 	 4.63521e-05 	 3.95866e-05
     2.948 	 4.25144e-05 	 3.63096e-05
     2.949 	 4.45344e-05 	 3.80393e-05
     2.950 	 4.90664e-05 	 4.1911e-05
     2.951 	 5.32501e-05 	 4.54834e-05
     2.952 	 5.42796e-05 	 4.63663e-05
     2.953 	 5.53093e-05 	 4.72447e-05
     2.954 	 5.48306e-05 	 4.68395e-05
     2.955 	 5.20889e-05 	 4.44962e-05
     2.956 	  4.9347e-05 	 4.21529e-05
     2.957 	 4.96182e-05 	 4.23879e-05
     2.958 	 5.06415e-05 	 4.3261e-05
     2.959 	  5.2314e-05 	 4.47027e-05
     2.960 	 5.98191e-05 	 5.11199e-05
     2.961 	 6.73231e-05 	 5.75258e-05
     2.962 	 7.18945e-05 	 6.14247e-05
     2.963 	 7.35345e-05 	 6.2825e-05
     2.964 	 7.51739e-05 	 6.42317e-05
     2.965 	 7.14498e-05 	 6.10489e-05
     2.966 	 6.63839e-05 	 5.67137e-05
     2.967 	 6.13056e-05 	 5.23855e-05
     2.968 	 5.61705e-05 	 4.79919e-05
     2.969 	 5.10348e-05 	 4.36127e-05
     2.970 	 4.83762e-05 	 4.13401e-05
     2.971 	  4.8193e-05 	 4.11834e-05
     2.972 	 4.80097e-05 	 4.10222e-05
     2.973 	 5.03909e-05 	 4.30568e-05
     2.974 	 5.30565e-05 	 4.53245e-05
     2.975 	 5.57621e-05 	 4.76457e-05
     2.976 	   5.863e-05 	 5.0096e-05
     2.977 	 6.14968e-05 	 5.25396e-05
     2.978 	 5.94135e-05 	 5.07595e-05
     2.979 	 5.40317e-05 	 4.61712e-05
     2.980 	 4.86519e-05 	 4.15782e-05
     2.981 	 4.79989e-05 	 4.10087e-05
     2.982 	 4.78718e-05 	 4.09018e-05
     2.983 	 4.88393e-05 	 4.17258e-05
     2.984 	 5.41834e-05 	 4.62934e-05
     2.985 	 5.95266e-05 	 5.08606e-05
     2.986 	 6.18764e-05 	 5.2876e-05
     2.987 	 6.22298e-05 	 5.3186e-05
     2.988 	 6.25832e-05 	 5.34901e-05
     2.989 	 6.32664e-05 	 5.40762e-05
     2.990 	  6.3986e-05 	 5.46935e-05
     2.991 	 6.41374e-05 	 5.48205e-05
     2.992 	  6.2963e-05 	 5.38259e-05
     2.993 	  6.1789e-05 	 5.28198e-05
     2.994 	 6.10209e-05 	 5.21722e-05
     2.995 	 6.05231e-05 	 5.17495e-05
     2.996 	 6.00252e-05 	 5.13326e-05
     2.997 	 5.93176e-05 	 5.07251e-05
     2.998 	   5.861e-05 	 5.01286e-05
     2.999 	 5.95053e-05 	 5.0903e-05
     3.000 	 6.41374e-05 	 5.48629e-05
     3.001 	 6.87687e-05 	 5.88339e-05
     3.002 	 6.78673e-05 	 5.80656e-05
     3.003 	 6.45942e-05 	 5.52561e-05
     3.004 	 6.13216e-05 	 5.24593e-05
     3.005 	 5.85254e-05 	 5.0075e-05
     3.006 	 5.57302e-05 	 4.76859e-05
     3.007 	 5.53601e-05 	 4.73766e-05
     3.008 	 5.86291e-05 	 5.01767e-05
     3.009 	 6.18983e-05 	 5.29772e-05
     3.010 	 6.22727e-05 	 5.3306e-05
     3.011 	 6.14074e-05 	 5.25611e-05
     3.012 	 6.00856e-05 	 5.14311e-05
     3.013 	 5.46625e-05 	 4.67806e-05
     3.014 	 4.92402e-05 	 4.21412e-05
     3.015 	 4.43278e-05 	 3.7938e-05
     3.016 	 4.01825e-05 	 3.43949e-05
     3.017 	 3.60378e-05 	 3.0848e-05
     3.018 	 3.87764e-05 	 3.31931e-05
     3.019 	 4.32367e-05 	 3.70162e-05
     3.020 	 4.70579e-05 	 4.02886e-05
     3.021 	 4.51474e-05 	 3.86502e-05
     3.022 	 4.32372e-05 	 3.70165e-05
     3.023 	 4.03107e-05 	 3.45086e-05
     3.024 	 3.58586e-05 	 3.06986e-05
     3.025 	  3.1407e-05 	 2.68914e-05
     3.026 	  2.7671e-05 	 2.36909e-05
     3.027 	 2.41144e-05 	 2.06489e-05
     3.028 	 2.14906e-05 	 1.84029e-05
     3.029 	 2.72461e-05 	 2.33298e-05
     3.030 	 3.29996e-05 	 2.82605e-05
     3.031 	  3.9242e-05 	 3.36082e-05
     3.032 	 4.59748e-05 	 3.93764e-05
     3.033 	 5.27035e-05 	 4.51372e-05
     3.034 	  5.3437e-05 	 4.57726e-05
     3.035 	 5.26717e-05 	 4.51194e-05
     3.036 	 5.23104e-05 	 4.48123e-05
     3.037 	 5.35629e-05 	 4.5883e-05
     3.038 	 5.48153e-05 	 4.69582e-05
     3.039 	 5.67398e-05 	 4.86146e-05
     3.040 	 5.93363e-05 	 5.08419e-05
     3.041 	 6.19319e-05 	 5.307e-05
     3.042 	  5.8513e-05 	 5.01437e-05
     3.043 	 5.44273e-05 	 4.66407e-05
     3.044 	 5.04172e-05 	 4.31982e-05
     3.045 	 4.67046e-05 	 4.00286e-05
     3.046 	 4.29943e-05 	 3.68472e-05
     3.047 	  3.9094e-05 	 3.35106e-05
     3.048 	 3.50667e-05 	 3.00574e-05
     3.049 	 3.10418e-05 	 2.66151e-05
     3.050 	 2.75653e-05 	 2.3631e-05
     3.051 	 2.41502e-05 	 2.0706e-05
     3.052 	 2.40342e-05 	 2.06026e-05
     3.053 	 3.16034e-05 	 2.70917e-05
     3.054 	   3.917e-05 	 3.35825e-05
     3.055 	 4.32059e-05 	 3.70397e-05
     3.056 	 4.48872e-05 	 3.84777e-05
     3.057 	  4.6568e-05 	 3.99237e-05
     3.058 	 4.48591e-05 	 3.84555e-05
     3.059 	 4.27742e-05 	 3.6673e-05
     3.060 	 4.01886e-05 	 3.4457e-05
     3.061 	 3.64389e-05 	 3.12435e-05
     3.062 	 3.26901e-05 	 2.80275e-05
     3.063 	 3.24354e-05 	 2.78103e-05
     3.064 	 3.45086e-05 	 2.95861e-05
     3.065 	 3.65823e-05 	 3.13622e-05
     3.066 	 3.87441e-05 	 3.32169e-05
     3.067 	  4.0906e-05 	 3.50683e-05
     3.068 	 4.30341e-05 	 3.69022e-05
     3.069 	 4.50819e-05 	 3.8656e-05
     3.070 	 4.71297e-05 	 4.04136e-05
     3.071 	  4.7053e-05 	 4.034e-05
     3.072 	 4.60654e-05 	 3.94981e-05
     3.073 	 4.50778e-05 	 3.86436e-05
     3.074 	 4.98465e-05 	 4.27369e-05
     3.075 	 5.46164e-05 	 4.68172e-05
     3.076 	  5.6922e-05 	 4.87996e-05
     3.077 	 5.55307e-05 	 4.76024e-05
     3.078 	 5.41391e-05 	 4.64103e-05
     3.079 	 5.40708e-05 	 4.63474e-05
     3.080 	 5.45693e-05 	 4.67756e-05
     3.081 	 5.49693e-05 	 4.7125e-05
     3.082 	 5.44832e-05 	 4.66949e-05
     3.083 	  5.3997e-05 	 4.62749e-05
     3.084 	 5.33356e-05 	 4.57096e-05
     3.085 	 5.24116e-05 	 4.49192e-05
     3.086 	 5.14876e-05 	 4.41287e-05
     3.087 	  5.0273e-05 	 4.30847e-05
     3.088 	 4.89854e-05 	 4.19827e-05
     3.089 	 4.80958e-05 	 4.12216e-05
     3.090 	   5.078e-05 	 4.35236e-05
     3.091 	 5.34649e-05 	 4.58205e-05
     3.092 	 5.56789e-05 	 4.77136e-05
     3.093 	 5.71873e-05 	 4.89965e-05
     3.094 	  5.8696e-05 	 5.02898e-05
     3.095 	 6.01228e-05 	 5.1502e-05
     3.096 	 6.15292e-05 	 5.27019e-05
     3.097 	 6.20957e-05 	 5.31936e-05
     3.098 	 5.50927e-05 	 4.71902e-05
     3.099 	 4.80913e-05 	 4.1185e-05
     3.100 	 4.49897e-05 	 3.85375e-05
     3.101 	 4.57878e-05 	 3.92132e-05
     3.102 	 4.65858e-05 	 3.98929e-05
     3.103 	 4.94633e-05 	 4.23484e-05
     3.104 	 5.28616e-05 	 4.52631e-05
     3.105 	 5.47213e-05 	 4.6856e-05
     3.106 	 5.04317e-05 	 4.3179e-05
     3.107 	  4.6141e-05 	 3.95099e-05
     3.108 	 4.23769e-05 	 3.62794e-05
     3.109 	 3.91382e-05 	 3.3507e-05
     3.110 	 3.58994e-05 	 3.07346e-05
     3.111 	 4.20038e-05 	 3.59613e-05
     3.112 	  4.9146e-05 	 4.20813e-05
     3.113 	 5.45591e-05 	 4.67121e-05
     3.114 	 5.30472e-05 	 4.54136e-05
     3.115 	 5.15357e-05 	 4.41203e-05
     3.116 	    5.27e-05 	 4.51131e-05
     3.117 	 5.56478e-05 	 4.76424e-05
     3.118 	 5.85949e-05 	 5.0161e-05
     3.119 	 5.35751e-05 	 4.58597e-05
     3.120 	 4.76687e-05 	 4.08175e-05
     3.121 	 4.19194e-05 	 3.58887e-05
     3.122 	 3.65414e-05 	 3.12861e-05
     3.123 	 3.11633e-05 	 2.66772e-05
     3.124 	  3.2575e-05 	 2.78871e-05
     3.125 	 3.85127e-05 	 3.2979e-05
     3.126 	 4.44503e-05 	 3.80573e-05
     3.127 	 4.38173e-05 	 3.75174e-05
     3.128 	 4.31844e-05 	 3.69812e-05
     3.129 	 4.22057e-05 	 3.61373e-05
     3.130 	 4.04195e-05 	 3.46098e-05
     3.131 	 3.86338e-05 	 3.30873e-05
     3.132 	 3.71767e-05 	 3.1839e-05
     3.133 	 3.59385e-05 	 3.07718e-05
     3.134 	    3.47e-05 	 2.9714e-05
     3.135 	 3.82836e-05 	 3.27824e-05
     3.136 	 4.18673e-05 	 3.58544e-05
     3.137 	 4.40901e-05 	 3.77615e-05
     3.138 	 4.31376e-05 	 3.69453e-05
     3.139 	 4.21851e-05 	 3.61329e-05
     3.140 	 4.00476e-05 	 3.43017e-05
     3.141 	 3.74027e-05 	 3.20384e-05
     3.142 	 3.47578e-05 	 2.97717e-05
     3.143 	 3.89741e-05 	 3.33855e-05
     3.144 	 4.31913e-05 	 3.70004e-05
     3.145 	 4.23729e-05 	 3.63018e-05
     3.146 	 3.39978e-05 	 2.91256e-05
     3.147 	 2.56207e-05 	 2.19505e-05
     3.148 	 1.98677e-05 	 1.7021e-05
     3.149 	 1.52382e-05 	 1.30557e-05
     3.150 	 1.18413e-05 	 1.01449e-05
     3.151 	 1.95308e-05 	 1.67341e-05
     3.152 	 2.72203e-05 	 2.33218e-05
     3.153 	 3.19723e-05 	 2.7398e-05
     3.154 	 3.23153e-05 	 2.76912e-05
     3.155 	 3.26582e-05 	 2.79871e-05
     3.156 	 2.87618e-05 	 2.46524e-05
     3.157 	  2.3804e-05 	 2.04044e-05
     3.158 	 1.93479e-05 	 1.65842e-05
     3.159 	 1.93892e-05 	 1.66208e-05
     3.160 	 1.94305e-05 	 1.66557e-05
     3.161 	 1.93579e-05 	 1.65948e-05
     3.162 	 1.91714e-05 	 1.64345e-05
     3.163 	 1.89848e-05 	 1.62758e-05
     3.164 	 1.41547e-05 	 1.21347e-05
     3.165 	 8.16518e-06 	 7.0012e-06
     3.166 	 2.77909e-06 	 2.38286e-06
     3.167 	 2.82991e-06 	 2.42663e-06
     3.168 	 2.88071e-06 	 2.47012e-06
     3.169 	 2.57285e-06 	 2.20632e-06
     3.170 	 1.90617e-06 	 1.63457e-06
     3.171 	 1.23964e-06 	 1.06313e-06
     3.172 	 1.00216e-06 	 8.59475e-07
     3.173 	 8.71949e-07 	 7.47655e-07
     3.174 	 1.14029e-06 	 9.77855e-07
     3.175 	 3.00228e-06 	 2.57463e-06
     3.176 	 4.86472e-06 	 4.17182e-06
     3.177 	 5.16702e-06 	 4.43156e-06
     3.178 	 3.90964e-06 	 3.35249e-06
     3.179 	 2.65225e-06 	 2.27454e-06
     3.180 	 1.73101e-06 	 1.48467e-06
     3.181 	 8.47404e-07 	 7.26711e-07
     3.182 	  3.9986e-07 	 3.42935e-07
     3.183 	 1.69895e-06 	 1.45719e-06
     3.184 	 2.99773e-06 	 2.57108e-06
     3.185 	  5.9591e-06 	 5.11135e-06
     3.186 	 1.00292e-05 	 8.6013e-06
     3.187 	 1.40983e-05 	 1.2092e-05
     3.188 	 1.02481e-05 	 8.78851e-06
     3.189 	 5.51663e-06 	 4.73127e-06
     3.190 	 3.65634e-06 	 3.1354e-06
     3.191 	 8.49323e-06 	 7.28366e-06
     3.192 	 1.33301e-05 	 1.14313e-05
     3.193 	 1.56998e-05 	 1.34658e-05
     3.194 	 1.64238e-05 	 1.40863e-05
     3.195 	 1.71477e-05 	 1.47066e-05
     3.196 	 1.98542e-05 	 1.70255e-05
     3.197 	   2.256e-05 	 1.93472e-05
     3.198 	 2.49431e-05 	 2.13902e-05
     3.199 	 2.65729e-05 	 2.27871e-05
     3.200 	  2.8203e-05 	 2.41841e-05
     3.201 	 2.29289e-05 	 1.96567e-05
     3.202 	 1.30549e-05 	 1.11903e-05
     3.203 	 3.17856e-06 	 2.72445e-06
     3.204 	  3.4507e-06 	 2.95729e-06
     3.205 	 3.72283e-06 	 3.18973e-06
     3.206 	 4.61291e-06 	 3.95178e-06
     3.207 	 6.94329e-06 	 5.94671e-06
     3.208 	 9.27369e-06 	 7.94149e-06
     3.209 	 1.12447e-05 	 9.62699e-06
     3.210 	  1.3061e-05 	 1.11793e-05
     3.211 	 1.48773e-05 	 1.27332e-05
     3.212 	  1.5906e-05 	 1.36116e-05
     3.213 	 1.69349e-05 	 1.44914e-05
     3.214 	 1.79814e-05 	 1.53862e-05
     3.215 	 1.90547e-05 	 1.63021e-05
     3.216 	 2.01282e-05 	 1.72179e-05
     3.217 	 2.04679e-05 	 1.75076e-05
     3.218 	 2.04933e-05 	 1.75231e-05
     3.219 	 1.97587e-05 	 1.68923e-05
     3.220 	 1.21945e-05 	 1.04239e-05
     3.221 	 4.63038e-06 	 3.95683e-06
     3.222 	 6.71037e-07 	 5.73365e-07
     3.223 	 2.12245e-06 	 1.81351e-06
     3.224 	 3.57352e-06 	 3.05242e-06
     3.225 	 6.46394e-06 	 5.52135e-06
     3.226 	 9.71508e-06 	 8.29583e-06
     3.227 	 1.28733e-05 	 1.09915e-05
     3.228 	 1.52037e-05 	 1.29772e-05
     3.229 	 1.75346e-05 	 1.49652e-05
     3.230 	 2.05406e-05 	 1.75253e-05
     3.231 	 2.42233e-05 	 2.06636e-05
     3.232 	 2.79073e-05 	 2.38069e-05
     3.233 	 2.75726e-05 	 2.35171e-05
     3.234 	 2.62346e-05 	 2.23719e-05
     3.235 	 2.46796e-05 	 2.10486e-05
     3.236 	 2.11703e-05 	 1.80524e-05
     3.237 	 1.76616e-05 	 1.50577e-05
     3.238 	 1.48965e-05 	 1.2698e-05
     3.239 	 1.28749e-05 	 1.09717e-05
     3.240 	 1.08536e-05 	 9.24749e-06
     3.241 	 8.79768e-06 	 7.49637e-06
     3.242 	  6.7325e-06 	 5.73591e-06
     3.243 	 4.70925e-06 	 4.01206e-06
     3.244 	  2.8523e-06 	 2.42971e-06
     3.245 	 9.95176e-07 	 8.47537e-07
     3.246 	 4.74443e-07 	 4.04004e-07
     3.247 	 1.29119e-06 	 1.09935e-06
     3.248 	 2.10802e-06 	 1.79459e-06
     3.249 	 4.67184e-06 	 3.97668e-06
     3.250 	 7.42961e-06 	 6.322e-06
     3.251 	 8.92843e-06 	 7.59698e-06
     3.252 	 5.38344e-06 	 4.58039e-06
     3.253 	 1.83894e-06 	 1.56439e-06
     3.254 	 3.29715e-07 	 2.80474e-07
     3.255 	 1.76644e-07 	 1.50255e-07
     3.256 	 2.35945e-08 	 2.00646e-08
     3.257 	           0 	        0
     3.258 	           0 	        0
     3.259 	           0 	        0
     3.260 	           0 	        0
     3.261 	           0 	        0
     3.262 	           0 	        0
     3.263 	           0 	        0
     3.264 	           0 	        0
     3.265 	           0 	        0
     3.266 	           0 	        0
     3.267 	 1.11339e-08 	 9.4575e-09
     3.268 	 2.06782e-08 	 1.75627e-08
     3.269 	 3.02258e-08 	 2.56661e-08
     3.270 	  2.4973e-06 	 2.12055e-06
     3.271 	 6.01767e-06 	 5.10887e-06
     3.272 	 9.53923e-06 	 8.09791e-06
     3.273 	 9.97484e-06 	 8.46613e-06
     3.274 	 1.04105e-05 	 8.83612e-06
     3.275 	 1.10318e-05 	 9.36171e-06
     3.276 	 1.20857e-05 	 1.02552e-05
     3.277 	 1.31397e-05 	 1.11475e-05
     3.278 	 1.33257e-05 	 1.13056e-05
     3.279 	 1.31394e-05 	 1.11454e-05
     3.280 	 1.29531e-05 	 1.09865e-05
     3.281 	 8.01681e-06 	 6.7981e-06
     3.282 	 3.07888e-06 	 2.61077e-06
     3.283 	 9.99546e-08 	 8.47555e-08
     3.284 	 6.01015e-08 	 5.0956e-08
     3.285 	 2.02349e-08 	 1.71572e-08
     3.286 	           0 	        0
     3.287 	           0 	        0
     3.288 	           0 	        0
     3.289 	           0 	        0
     3.290 	           0 	        0
     3.291 	           0 	        0
     3.292 	           0 	        0
     3.293 	           0 	        0
     3.294 	           0 	        0
     3.295 	           0 	        0
     3.296 	           0 	        0
     3.297 	           0 	        0
     3.298 	           0 	        0
     3.299 	           0 	        0
     3.300 	           0 	        0
     3.301 	           0 	        0
     3.302 	           0 	        0
     3.303 	           0 	        0
     3.304 	 2.85874e-07 	 2.42139e-07
     3.305 	 1.67528e-06 	 1.41871e-06
     3.306 	   3.064e-06 	 2.59506e-06
     3.307 	 3.15715e-06 	 2.67372e-06
     3.308 	 1.95497e-06 	 1.65564e-06
     3.309 	 7.53393e-07 	 6.3805e-07
     3.310 	  3.5772e-07 	 3.02957e-07
     3.311 	 1.63537e-07 	 1.38494e-07
     3.312 	           0 	        0
     3.313 	           0 	        0
     3.314 	           0 	        0
     3.315 	           0 	        0
     3.316 	           0 	        0
     3.317 	           0 	        0
     3.318 	           0 	        0
     3.319 	           0 	        0
     3.320 	           0 	        0
     3.321 	           0 	        0
     3.322 	           0 	        0
     3.323 	           0 	        0
     3.324 	           0 	        0
     3.325 	           0 	        0
     3.326 	           0 	        0
     3.327 	           0 	        0
     3.328 	           0 	        0
     3.329 	           0 	        0
     3.330 	           0 	        0
     3.331 	           0 	        0
     3.332 	           0 	        0
     3.333 	           0 	        0
     3.334 	           0 	        0
     3.335 	           0 	        0
     3.336 	           0 	        0
     3.337 	           0 	        0
     3.338 	           0 	        0
     3.339 	           0 	        0
     3.340 	           0 	        0
     3.341 	           0 	        0
     3.342 	           0 	        0
     3.343 	           0 	        0
     3.344 	           0 	        0
     3.345 	           0 	        0
     3.346 	           0 	        0
     3.347 	 7.59489e-07 	 6.43183e-07
     3.348 	 1.83302e-06 	 1.55212e-06
     3.349 	 2.90601e-06 	 2.46063e-06
     3.350 	 1.79141e-06 	 1.51683e-06
     3.351 	 6.76835e-07 	 5.73205e-07
     3.352 	           0 	        0
     3.353 	           0 	        0
     3.354 	           0 	        0
     3.355 	           0 	        0
     3.356 	           0 	        0
     3.357 	           0 	        0
     3.358 	           0 	        0
     3.359 	           0 	        0
     3.360 	           0 	        0
     3.361 	           0 	        0
     3.362 	           0 	        0
     3.363 	           0 	        0
     3.364 	           0 	        0
     3.365 	           0 	        0
     3.366 	           0 	        0
     3.367 	           0 	        0
     3.368 	           0 	        0
     3.369 	           0 	        0
     3.370 	           0 	        0
     3.371 	 1.06722e-07 	 9.03839e-08
     3.372 	 2.29804e-07 	 1.94625e-07
     3.373 	 3.04576e-07 	 2.57953e-07
     3.374 	 1.85987e-07 	 1.57519e-07
     3.375 	 6.74572e-08 	 5.71324e-08
     3.376 	           0 	        0
     3.377 	           0 	        0
     3.378 	           0 	        0
     3.379 	           0 	        0
     3.380 	           0 	        0
     3.381 	           0 	        0
     3.382 	           0 	        0
     3.383 	           0 	        0
     3.384 	           0 	        0
     3.385 	           0 	        0
     3.386 	           0 	        0
     3.387 	           0 	        0
     3.388 	           0 	        0
     3.389 	           0 	        0
     3.390 	           0 	        0
     3.391 	           0 	        0
     3.392 	           0 	        0
     3.393 	           0 	        0
     3.394 	           0 	        0
     3.395 	           0 	        0
     3.396 	           0 	        0
     3.397 	           0 	        0
     3.398 	           0 	        0
     3.399 	           0 	        0
     3.400 	           0 	        0
     3.401 	           0 	        0
     3.402 	           0 	        0
     3.403 	           0 	        0
     3.404 	           0 	        0
     3.405 	           0 	        0
     3.406 	           0 	        0
     3.407 	           0 	        0
     3.408 	           0 	        0
     3.409 	           0 	        0
     3.410 	           0 	        0
     3.411 	           0 	        0
     3.412 	           0 	        0
     3.413 	           0 	        0
     3.414 	           0 	        0
     3.415 	           0 	        0
     3.416 	           0 	        0
     3.417 	           0 	        0
     3.418 	           0 	        0
     3.419 	           0 	        0
     3.420 	           0 	        0
     3.421 	           0 	        0
     3.422 	           0 	        0
     3.423 	           0 	        0
     3.424 	           0 	        0
     3.425 	           0 	        0
     3.426 	           0 	        0
     3.427 	           0 	        0
     3.428 	           0 	        0
     3.429 	           0 	        0
     3.430 	           0 	        0
     3.431 	           0 	        0
     3.432 	           0 	        0
     3.433 	           0 	        0
     3.434 	           0 	        0
     3.435 	           0 	        0
     3.436 	           0 	        0
     3.437 	           0 	        0
     3.438 	           0 	        0
     3.439 	           0 	        0
     3.440 	           0 	        0
     3.441 	           0 	        0
     3.442 	           0 	        0
     3.443 	           0 	        0
     3.444 	           0 	        0
     3.445 	           0 	        0
     3.446 	           0 	        0
     3.447 	           0 	        0
     3.448 	           0 	        0
     3.449 	           0 	        0
     3.450 	           0 	        0
     3.451 	           0 	        0
     3.452 	           0 	        0
     3.453 	           0 	        0
     3.454 	           0 	        0
     3.455 	           0 	        0
     3.456 	           0 	        0
     3.457 	           0 	        0
     3.458 	           0 	        0
     3.459 	           0 	        0
     3.460 	           0 	        0
     3.461 	           0 	        0
     3.462 	           0 	        0
     3.463 	           0 	        0
     3.464 	           0 	        0
     3.465 	           0 	        0
     3.466 	           0 	        0
     3.467 	           0 	        0
     3.468 	           0 	        0
     3.469 	           0 	        0
     3.470 	           0 	        0
     3.471 	           0 	        0
     3.472 	           0 	        0
     3.473 	           0 	        0
     3.474 	           0 	        0
     3.475 	           0 	        0
     3.476 	           0 	        0
     3.477 	           0 	        0
     3.478 	           0 	        0
     3.479 	           0 	        0
     3.480 	           0 	        0
     3.481 	           0 	        0
     3.482 	           0 	        0
     3.483 	           0 	        0
     3.484 	           0 	        0
     3.485 	           0 	        0
     3.486 	           0 	        0
     3.487 	           0 	        0
     3.488 	           0 	        0
     3.489 	           0 	        0
     3.490 	           0 	        0
     3.491 	           0 	        0
     3.492 	           0 	        0
     3.493 	           0 	        0
     3.494 	           0 	        0
     3.495 	           0 	        0
     3.496 	           0 	        0
     3.497 	           0 	        0
     3.498 	           0 	        0
     3.499 	           0 	        0
     3.500 	           0 	        0
     3.501 	           0 	        0
     3.502 	           0 	        0
     3.503 	           0 	        0
     3.504 	           0 	        0
     3.505 	           0 	        0
     3.506 	           0 	        0
     3.507 	           0 	        0
     3.508 	           0 	        0
     3.509 	           0 	        0
     3.510 	           0 	        0
     3.511 	           0 	        0
     3.512 	           0 	        0
     3.513 	           0 	        0
     3.514 	           0 	        0
     3.515 	           0 	        0
     3.516 	           0 	        0
     3.517 	           0 	        0
     3.518 	           0 	        0
     3.519 	           0 	        0
     3.520 	           0 	        0
     3.521 	           0 	        0
     3.522 	           0 	        0
     3.523 	           0 	        0
     3.524 	           0 	        0
     3.525 	           0 	        0
     3.526 	           0 	        0
     3.527 	           0 	        0
     3.528 	           0 	        0
     3.529 	           0 	        0
     3.530 	           0 	        0
     3.531 	           0 	        0
     3.532 	           0 	        0
     3.533 	           0 	        0
     3.534 	           0 	        0
     3.535 	           0 	        0
     3.536 	           0 	        0
     3.537 	           0 	        0
     3.538 	           0 	        0
     3.539 	           0 	        0
     3.540 	           0 	        0
     3.541 	           0 	        0
     3.542 	           0 	        0
     3.543 	           0 	        0
     3.544 	           0 	        0
     3.545 	           0 	        0
     3.546 	           0 	        0
     3.547 	           0 	        0
     3.548 	           0 	        0
     3.549 	           0 	        0
     3.550 	           0 	        0
     3.551 	           0 	        0
     3.552 	           0 	        0
     3.553 	           0 	        0
     3.554 	           0 	        0
     3.555 	           0 	        0
     3.556 	           0 	        0
     3.557 	           0 	        0
     3.558 	           0 	        0
     3.559 	           0 	        0
     3.560 	           0 	        0
     3.561 	           0 	        0
     3.562 	           0 	        0
     3.563 	           0 	        0
     3.564 	 1.21169e-08 	 1.03969e-08
     3.565 	 2.04288e-08 	 1.75295e-08
     3.566 	  2.8701e-08 	 2.46259e-08
     3.567 	 2.93087e-08 	 2.51482e-08
     3.568 	   1.849e-08 	 1.58658e-08
     3.569 	           0 	        0
     3.570 	           0 	        0
     3.571 	           0 	        0
     3.572 	           0 	        0
     3.573 	           0 	        0
     3.574 	           0 	        0
     3.575 	 8.90309e-08 	 7.63818e-08
     3.576 	 2.55498e-07 	 2.19205e-07
     3.577 	 4.21191e-07 	 3.61337e-07
     3.578 	 3.23964e-07 	 2.77936e-07
     3.579 	 1.61832e-07 	 1.38844e-07
     3.580 	 3.06111e-08 	 2.62609e-08
     3.581 	 2.04919e-08 	 1.7581e-08
     3.582 	 1.04224e-08 	 8.9425e-09
     3.583 	           0 	        0
     3.584 	           0 	        0
     3.585 	           0 	        0
     3.586 	           0 	        0
     3.587 	           0 	        0
     3.588 	           0 	        0
     3.589 	           0 	        0
     3.590 	           0 	        0
     3.591 	           0 	        0
     3.592 	           0 	        0
     3.593 	           0 	        0
     3.594 	           0 	        0
     3.595 	           0 	        0
     3.596 	           0 	        0
     3.597 	           0 	        0
     3.598 	           0 	        0
     3.599 	           0 	        0
     3.600 	           0 	        0
     3.601 	           0 	        0
     3.602 	           0 	        0
     3.603 	           0 	        0
     3.604 	           0 	        0
     3.605 	           0 	        0
     3.606 	           0 	        0
     3.607 	 3.21306e-08 	 2.75636e-08
     3.608 	 7.69892e-08 	 6.60402e-08
     3.609 	 1.21622e-07 	 1.04327e-07
     3.610 	 1.56648e-06 	 1.34361e-06
     3.611 	 3.00439e-06 	 2.57708e-06
     3.612 	 3.55083e-06 	 3.04565e-06
     3.613 	 2.03693e-06 	 1.74723e-06
     3.614 	 5.30316e-07 	 4.54871e-07
     3.615 	 1.34204e-07 	 1.15118e-07
     3.616 	 2.11295e-07 	 1.81236e-07
     3.617 	 2.88008e-07 	 2.47024e-07
     3.618 	 7.90153e-07 	 6.77751e-07
     3.619 	 1.28971e-06 	 1.10619e-06
     3.620 	 1.35533e-06 	 1.16254e-06
     3.621 	 7.74731e-07 	 6.64485e-07
     3.622 	 1.97259e-07 	 1.69196e-07
     3.623 	 1.33675e-07 	 1.1465e-07
     3.624 	 2.89041e-07 	 2.47888e-07
     3.625 	 5.40371e-07 	 4.63454e-07
     3.626 	 1.65806e-06 	 1.42196e-06
     3.627 	 2.77013e-06 	 2.37577e-06
     3.628 	  3.4102e-06 	 2.92454e-06
     3.629 	  3.3495e-06 	 2.8723e-06
     3.630 	 3.28906e-06 	 2.82059e-06
     3.631 	 2.38617e-06 	 2.04618e-06
     3.632 	 1.13127e-06 	 9.70127e-07
     3.633 	 9.04779e-08 	 7.75852e-08
     3.634 	 8.97972e-07 	 7.69969e-07
     3.635 	 1.69936e-06 	 1.45719e-06
     3.636 	 1.90199e-06 	 1.63118e-06
     3.637 	 1.21644e-06 	 1.04318e-06
     3.638 	 5.36078e-07 	 4.59744e-07
     3.639 	 2.82433e-07 	 2.42202e-07
     3.640 	 1.35692e-07 	 1.16356e-07
     3.641 	           0 	        0
     3.642 	           0 	        0
     3.643 	           0 	        0
     3.644 	           0 	        0
     3.645 	           0 	        0
     3.646 	           0 	        0
     3.647 	 5.70496e-07 	 4.8909e-07
     3.648 	 1.26729e-06 	 1.0865e-06
     3.649 	 2.06505e-06 	 1.77035e-06
     3.650 	 3.28115e-06 	 2.81272e-06
     3.651 	 4.48744e-06 	 3.84646e-06
     3.652 	 4.50526e-06 	 3.86182e-06
     3.653 	 3.34821e-06 	 2.86977e-06
     3.654 	 2.20041e-06 	 1.88582e-06
     3.655 	 1.38727e-06 	 1.18883e-06
     3.656 	 6.16613e-07 	 5.28423e-07
     3.657 	           0 	        0
     3.658 	           0 	        0
     3.659 	           0 	        0
     3.660 	           0 	        0
     3.661 	           0 	        0
     3.662 	           0 	        0
     3.663 	           0 	        0
     3.664 	           0 	        0
     3.665 	           0 	        0
     3.666 	           0 	        0
     3.667 	           0 	        0
     3.668 	           0 	        0
     3.669 	           0 	        0
     3.670 	           0 	        0
     3.671 	           0 	        0
     3.672 	           0 	        0
     3.673 	           0 	        0
     3.674 	           0 	        0
     3.675 	           0 	        0
     3.676 	           0 	        0
     3.677 	           0 	        0
     3.678 	           0 	        0
     3.679 	           0 	        0
     3.680 	           0 	        0
     3.681 	  1.1876e-08 	 1.01622e-08
     3.682 	 2.52909e-08 	 2.16422e-08
     3.683 	 3.85866e-08 	 3.30177e-08
     3.684 	 5.16231e-07 	 4.41699e-07
     3.685 	  1.1876e-06 	 1.01607e-06
     3.686 	 1.85292e-06 	 1.5852e-06
     3.687 	 2.56391e-06 	 2.19333e-06
     3.688 	 3.26821e-06 	 2.79566e-06
     3.689 	    3.36e-06 	 2.874e-06
     3.690 	 2.54557e-06 	 2.17723e-06
     3.691 	 1.73886e-06 	 1.4872e-06
     3.692 	 1.25224e-06 	 1.07075e-06
     3.693 	 9.03527e-07 	 7.72554e-07
     3.694 	 5.72545e-07 	 4.89534e-07
     3.695 	 3.73203e-07 	 3.19083e-07
     3.696 	 1.75712e-07 	 1.50226e-07
     3.697 	 4.96513e-08 	 4.24483e-08
     3.698 	 2.85912e-08 	 2.44426e-08
     3.699 	           0 	        0
     3.700 	 1.52199e-08 	 1.3008e-08
     3.701 	 2.96478e-08 	 2.53404e-08
     3.702 	 4.26409e-08 	 3.64401e-08
     3.703 	 4.37637e-08 	 3.73975e-08
     3.704 	 4.48749e-08 	 3.83449e-08
     3.705 	 3.90043e-08 	 3.332e-08
     3.706 	  2.2763e-08 	 1.94445e-08
     3.707 	           0 	        0
     3.708 	           0 	        0
     3.709 	           0 	        0
     3.710 	           0 	        0
     3.711 	 4.51829e-08 	 3.85752e-08
     3.712 	 8.27851e-08 	 7.06778e-08
     3.713 	 7.68652e-07 	 6.561e-07
     3.714 	 2.09397e-06 	 1.78734e-06
     3.715 	 3.40721e-06 	 2.90797e-06
     3.716 	 3.40717e-06 	 2.90792e-06
     3.717 	 3.08318e-06 	 2.63085e-06
     3.718 	 2.74648e-06 	 2.34354e-06
     3.719 	 2.35066e-06 	 2.00578e-06
     3.720 	  1.9585e-06 	 1.6708e-06
     3.721 	  2.0298e-06 	 1.73158e-06
     3.722 	 2.55808e-06 	 2.18217e-06
     3.723 	 3.08142e-06 	 2.62799e-06
     3.724 	 4.64205e-06 	 3.95885e-06
     3.725 	 6.30315e-06 	 5.37532e-06
     3.726 	 7.61198e-06 	 6.49128e-06
     3.727 	 7.56812e-06 	 6.45171e-06
     3.728 	 7.52433e-06 	 6.41419e-06
     3.729 	 7.16558e-06 	 6.10817e-06
     3.730 	 6.60112e-06 	 5.62569e-06
     3.731 	 6.04186e-06 	 5.1484e-06
     3.732 	 5.94892e-06 	 5.06908e-06
     3.733 	 5.90769e-06 	 5.0328e-06
     3.734 	  5.8969e-06 	 5.02349e-06
     3.735 	 5.95635e-06 	 5.07401e-06
     3.736 	 6.01493e-06 	 5.12275e-06
     3.737 	 6.30661e-06 	 5.37104e-06
     3.738 	 6.75014e-06 	 5.74806e-06
     3.739 	 7.18893e-06 	 6.12031e-06
     3.740 	 7.13246e-06 	 6.07209e-06
     3.741 	 7.02204e-06 	 5.97792e-06
     3.742 	 6.86004e-06 	 5.83985e-06
     3.743 	 6.57804e-06 	 5.59789e-06
     3.744 	 6.29861e-06 	 5.35995e-06
     3.745 	  5.9109e-06 	 5.02987e-06
     3.746 	 5.45337e-06 	 4.63947e-06
     3.747 	 5.00047e-06 	 4.25405e-06
     3.748 	 4.30788e-06 	 3.66474e-06
     3.749 	 3.62228e-06 	 3.08047e-06
     3.750 	 2.97302e-06 	 2.52826e-06
     3.751 	 2.36901e-06 	 2.0146e-06
     3.752 	 1.78446e-06 	 1.51719e-06
     3.753 	 1.20655e-06 	 1.02572e-06
     3.754 	 6.43213e-07 	 5.46811e-07
     3.755 	 1.00035e-07 	 8.50248e-08
     3.756 	 6.52242e-08 	 5.54372e-08
     3.757 	  3.1695e-08 	 2.6939e-08
     3.758 	 2.15108e-07 	 1.82792e-07
     3.759 	 7.08304e-07 	 6.01894e-07
     3.760 	  1.1808e-06 	 1.0033e-06
     3.761 	 1.56099e-06 	 1.32616e-06
     3.762 	 1.89534e-06 	 1.60984e-06
     3.763 	 2.26474e-06 	 1.92355e-06
     3.764 	 2.96877e-06 	 2.52144e-06
     3.765 	 3.66757e-06 	 3.11423e-06
     3.766 	 4.08014e-06 	 3.46446e-06
     3.767 	 4.06979e-06 	 3.45558e-06
     3.768 	 4.05941e-06 	 3.44667e-06
     3.769 	 4.33187e-06 	 3.67676e-06
     3.770 	 4.67248e-06 	 3.96576e-06
     3.771 	 5.05025e-06 	 4.28622e-06
     3.772 	  5.7834e-06 	 4.90828e-06
     3.773 	  6.5105e-06 	 5.52346e-06
     3.774 	 6.44653e-06 	 5.46899e-06
     3.775 	 5.20873e-06 	 4.41872e-06
     3.776 	 3.98079e-06 	 3.3769e-06
     3.777 	 2.62163e-06 	 2.22314e-06
     3.778 	 1.23776e-06 	 1.04958e-06
     3.779 	           0 	        0
     3.780 	           0 	        0
     3.781 	           0 	        0
     3.782 	           0 	        0
     3.783 	           0 	        0
     3.784 	           0 	        0
     3.785 	 2.64506e-07 	 2.2415e-07
     3.786 	  5.9183e-07 	 5.01405e-07
     3.787 	 9.77203e-07 	 8.27855e-07
     3.788 	 1.59673e-06 	 1.35263e-06
     3.789 	 2.21492e-06 	 1.87622e-06
     3.790 	 2.31873e-06 	 1.96406e-06
     3.791 	 1.90961e-06 	 1.61731e-06
     3.792 	 1.50117e-06 	 1.2711e-06
     3.793 	  1.7227e-06 	 1.45848e-06
     3.794 	 2.01375e-06 	 1.70485e-06
     3.795 	 2.29402e-06 	 1.94208e-06
     3.796 	 2.53257e-06 	 2.14397e-06
     3.797 	 2.77065e-06 	 2.34546e-06
     3.798 	 2.83365e-06 	 2.39873e-06
     3.799 	 2.78018e-06 	 2.35341e-06
     3.800 	 2.72681e-06 	 2.30818e-06
     3.801 	 2.61348e-06 	 2.21191e-06
     3.802 	 2.49372e-06 	 2.11045e-06
     3.803 	 2.44969e-06 	 2.0731e-06
     3.804 	 2.58179e-06 	 2.18479e-06
     3.805 	 2.71367e-06 	 2.29629e-06
     3.806 	 2.97644e-06 	 2.51853e-06
     3.807 	 3.32601e-06 	 2.8142e-06
     3.808 	 3.67499e-06 	 3.10933e-06
     3.809 	 3.81918e-06 	 3.23119e-06
     3.810 	 3.96307e-06 	 3.35241e-06
     3.811 	 4.05574e-06 	 3.43052e-06
     3.812 	 4.02944e-06 	 3.40799e-06
     3.813 	 4.00319e-06 	 3.38551e-06
     3.814 	 3.90979e-06 	 3.30625e-06
     3.815 	 3.77182e-06 	 3.18932e-06
     3.816 	 3.63414e-06 	 3.07264e-06
     3.817 	 3.55001e-06 	 3.00127e-06
     3.818 	 3.46602e-06 	 2.93002e-06
     3.819 	 3.57182e-06 	 3.01983e-06
     3.820 	 4.11897e-06 	 3.48249e-06
     3.821 	 4.66518e-06 	 3.94359e-06
     3.822 	 4.96554e-06 	 4.19719e-06
     3.823 	 5.16058e-06 	 4.36175e-06
     3.824 	 5.35523e-06 	 4.52594e-06
     3.825 	 3.81883e-06 	 3.22724e-06
     3.826 	  2.2858e-06 	 1.93156e-06
     3.827 	  1.1646e-06 	 9.84251e-07
     3.828 	 6.58469e-07 	 5.5646e-07
     3.829 	 1.53454e-07 	 1.29672e-07
     3.830 	           0 	        0
     3.831 	           0 	        0
     3.832 	           0 	        0
     3.833 	           0 	        0
     3.834 	           0 	        0
     3.835 	 6.05884e-08 	 5.11812e-08
     3.836 	 2.06817e-07 	 1.74693e-07
     3.837 	 3.52754e-07 	 2.97941e-07
     3.838 	 1.22012e-06 	 1.03067e-06
     3.839 	 2.26575e-06 	 1.9138e-06
     3.840 	 3.25035e-06 	 2.74526e-06
     3.841 	 3.70254e-06 	 3.12725e-06
     3.842 	 4.15372e-06 	 3.50805e-06
     3.843 	 4.01738e-06 	 3.39333e-06
     3.844 	  3.2951e-06 	 2.78303e-06
     3.845 	 2.57444e-06 	 2.17419e-06
     3.846 	 2.16957e-06 	 1.83212e-06
     3.847 	 1.84405e-06 	 1.55711e-06
     3.848 	 1.57288e-06 	 1.3283e-06
     3.849 	 1.78516e-06 	 1.50746e-06
     3.850 	   1.997e-06 	 1.68621e-06
     3.851 	  2.4431e-06 	 2.06271e-06
     3.852 	 3.12264e-06 	 2.63675e-06
     3.853 	  3.8008e-06 	 3.20911e-06
     3.854 	 4.34434e-06 	 3.66772e-06
     3.855 	 4.85333e-06 	 4.09708e-06
     3.856 	 5.22694e-06 	 4.41209e-06
     3.857 	 5.06229e-06 	 4.27404e-06
     3.858 	   4.898e-06 	 4.13498e-06
     3.859 	 4.66488e-06 	 3.93783e-06
     3.860 	 4.36314e-06 	 3.6828e-06
     3.861 	 4.06192e-06 	 3.42899e-06
     3.862 	 3.85378e-06 	 3.25304e-06
     3.863 	 3.65632e-06 	 3.08612e-06
     3.864 	 3.60391e-06 	 3.04165e-06
     3.865 	 4.12973e-06 	 3.48588e-06
     3.866 	 4.65447e-06 	 3.92851e-06
     3.867 	 4.99125e-06 	 4.21245e-06
     3.868 	 5.20273e-06 	 4.39059e-06
     3.869 	 5.41376e-06 	 4.56927e-06
     3.870 	 5.64953e-06 	 4.76838e-06
     3.871 	 5.88765e-06 	 4.96876e-06
     3.872 	  6.1016e-06 	 5.14869e-06
     3.873 	 6.26002e-06 	 5.2828e-06
     3.874 	 6.41815e-06 	 5.41558e-06
     3.875 	 6.37437e-06 	 5.37799e-06
     3.876 	 6.19654e-06 	 5.22732e-06
     3.877 	 6.01902e-06 	 5.07798e-06
     3.878 	 6.23007e-06 	 5.2554e-06
     3.879 	 6.44066e-06 	 5.43298e-06
     3.880 	 6.48089e-06 	 5.46625e-06
     3.881 	 6.12813e-06 	 5.1694e-06
     3.882 	 5.77575e-06 	 4.87179e-06
     3.883 	 5.45249e-06 	 4.59878e-06
     3.884 	 5.14863e-06 	 4.34262e-06
     3.885 	 4.84518e-06 	 4.08721e-06
     3.886 	 4.94301e-06 	 4.16943e-06
     3.887 	 5.04076e-06 	 4.25157e-06
     3.888 	 5.18602e-06 	 4.37377e-06
     3.889 	 5.44213e-06 	 4.59037e-06
     3.890 	 5.69803e-06 	 4.8064e-06
     3.891 	 5.93385e-06 	 5.00504e-06
     3.892 	 6.16097e-06 	 5.19632e-06
     3.893 	 6.38783e-06 	 5.38737e-06
     3.894 	 6.31004e-06 	 5.32255e-06
     3.895 	 6.23235e-06 	 5.25673e-06
     3.896 	 5.92173e-06 	 4.99446e-06
     3.897 	 5.26177e-06 	 4.4376e-06
     3.898 	  4.6027e-06 	 3.88233e-06
     3.899 	 4.55007e-06 	 3.83854e-06
     3.900 	 4.75693e-06 	 4.01284e-06
     3.901 	 4.93222e-06 	 4.16032e-06
     3.902 	  4.8263e-06 	 4.0706e-06
     3.903 	 4.72047e-06 	 3.98097e-06
     3.904 	 4.60137e-06 	 3.88016e-06
     3.905 	 4.46231e-06 	 3.76373e-06
     3.906 	  4.3234e-06 	 3.64622e-06
     3.907 	 3.90815e-06 	 3.29571e-06
     3.908 	  3.4244e-06 	 2.8875e-06
     3.909 	 2.98416e-06 	 2.51605e-06
     3.910 	 2.93025e-06 	 2.47037e-06
     3.911 	 2.87641e-06 	 2.42513e-06
     3.912 	 3.05849e-06 	 2.57905e-06
     3.913 	 3.47622e-06 	 2.93117e-06
     3.914 	 3.89337e-06 	 3.28276e-06
     3.915 	 4.25782e-06 	 3.58989e-06
     3.916 	  4.6088e-06 	 3.88564e-06
     3.917 	 4.83729e-06 	 4.07854e-06
     3.918 	 4.57717e-06 	 3.85944e-06
     3.919 	 4.31735e-06 	 3.64019e-06
     3.920 	 4.11339e-06 	 3.46878e-06
     3.921 	 3.96533e-06 	 3.34369e-06
     3.922 	 3.81744e-06 	 3.21911e-06
     3.923 	 3.69033e-06 	 3.11171e-06
     3.924 	 3.56856e-06 	 3.00883e-06
     3.925 	  3.5257e-06 	 2.97249e-06
     3.926 	 3.79827e-06 	 3.20242e-06
     3.927 	 4.07046e-06 	 3.43168e-06
     3.928 	 3.99991e-06 	 3.37197e-06
     3.929 	 3.58721e-06 	 3.02446e-06
     3.930 	 3.17488e-06 	 2.67663e-06
     3.931 	 2.94493e-06 	 2.48297e-06
     3.932 	 2.73545e-06 	 2.30629e-06
     3.933 	  2.5269e-06 	 2.1304e-06
     3.934 	 2.32153e-06 	 1.9572e-06
     3.935 	  2.1164e-06 	 1.78441e-06
     3.936 	 1.59595e-06 	 1.34556e-06
     3.937 	 8.66044e-07 	 7.3015e-07
     3.938 	 1.36972e-07 	 1.15476e-07
     3.939 	 4.24848e-08 	 3.58276e-08
     3.940 	 1.85882e-08 	 1.56767e-08
     3.941 	           0 	        0
     3.942 	           0 	        0
     3.943 	           0 	        0
     3.944 	           0 	        0
     3.945 	           0 	        0
     3.946 	           0 	        0
     3.947 	           0 	        0
     3.948 	           0 	        0
     3.949 	           0 	        0
     3.950 	           0 	        0
     3.951 	           0 	        0
     3.952 	 7.54435e-08 	 6.36195e-08
     3.953 	 1.80502e-07 	 1.52219e-07
     3.954 	 2.85414e-07 	 2.40675e-07
     3.955 	 7.56859e-07 	 6.38175e-07
     3.956 	 1.22787e-06 	 1.03537e-06
     3.957 	 1.38204e-06 	 1.16529e-06
     3.958 	 7.99364e-07 	 6.73949e-07
     3.959 	 2.17218e-07 	 1.83145e-07
     3.960 	 3.21533e-08 	 2.71078e-08
     3.961 	 1.69989e-08 	 1.43335e-08
     3.962 	           0 	        0
     3.963 	           0 	        0
     3.964 	           0 	        0
     3.965 	           0 	        0
     3.966 	           0 	        0
     3.967 	           0 	        0
     3.968 	 2.77406e-07 	 2.33888e-07
     3.969 	 6.65541e-07 	 5.61163e-07
     3.970 	 9.94283e-07 	 8.38299e-07
     3.971 	 7.93088e-07 	 6.68659e-07
     3.972 	 5.92064e-07 	 4.99223e-07
     3.973 	 3.99737e-07 	 3.37051e-07
     3.974 	 2.20469e-07 	 1.85952e-07
     3.975 	  4.1354e-08 	 3.48791e-08
     3.976 	           0 	        0
     3.977 	           0 	        0
     3.978 	           0 	        0
     3.979 	           0 	        0
     3.980 	           0 	        0
     3.981 	           0 	        0
     3.982 	           0 	        0
     3.983 	           0 	        0
     3.984 	           0 	        0
     3.985 	           0 	        0
     3.986 	           0 	        0
     3.987 	           0 	        0
     3.988 	           0 	        0
     3.989 	 3.82439e-07 	 3.22621e-07
     3.990 	 1.13948e-06 	 9.61196e-07
     3.991 	 1.89587e-06 	 1.59919e-06
     3.992 	 1.95047e-06 	 1.64538e-06
     3.993 	 1.82981e-06 	 1.54355e-06
     3.994 	  1.7992e-06 	 1.51785e-06
     3.995 	 2.12874e-06 	 1.7958e-06
     3.996 	 2.45806e-06 	 2.07355e-06
     3.997 	 2.83733e-06 	 2.39369e-06
     3.998 	 3.26654e-06 	 2.7557e-06
     3.999 	 3.69549e-06 	 3.11748e-06
     4.000 	 4.18397e-06 	 3.52984e-06
     4.001 	 4.67871e-06 	 3.94784e-06
     4.002 	 5.17838e-06 	 4.36925e-06
     4.003 	 5.69909e-06 	 4.80889e-06
     4.004 	 6.21959e-06 	 5.24783e-06
     4.005 	 6.43299e-06 	 5.42823e-06
     4.006 	 6.44235e-06 	 5.43586e-06
     4.007 	  6.4517e-06 	 5.44349e-06
     4.008 	 6.25724e-06 	 5.27974e-06
     4.009 	 6.04029e-06 	 5.09643e-06
     4.010 	 6.06145e-06 	 5.11405e-06
     4.011 	 6.63674e-06 	 5.59976e-06
     4.012 	 7.21152e-06 	 6.08443e-06
     4.013 	 7.40263e-06 	 6.24536e-06
     4.014 	 7.33865e-06 	 6.19177e-06
     4.015 	 7.27471e-06 	 6.13752e-06
     4.016 	 7.43822e-06 	 6.27586e-06
     4.017 	 7.60167e-06 	 6.41345e-06
     4.018 	 7.86275e-06 	 6.63475e-06
     4.019 	 8.35136e-06 	 7.04748e-06
     4.020 	 8.83955e-06 	 7.45909e-06
     4.021 	 9.47047e-06 	 7.99112e-06
     4.022 	 1.01622e-05 	 8.57537e-06
     4.023 	 1.08532e-05 	 9.15807e-06
     4.024 	 1.16431e-05 	 9.82416e-06
     4.025 	 1.24318e-05 	 1.04903e-05
     4.026 	 1.30469e-05 	 1.10089e-05
     4.027 	 1.32579e-05 	 1.11877e-05
     4.028 	 1.34687e-05 	 1.13651e-05
     4.029 	  1.3252e-05 	 1.11817e-05
     4.030 	 1.28518e-05 	 1.08448e-05
     4.031 	 1.24523e-05 	 1.05074e-05
     4.032 	 1.22715e-05 	 1.03546e-05
     4.033 	 1.20908e-05 	 1.0203e-05
     4.034 	 1.19438e-05 	 1.00788e-05
     4.035 	 1.18473e-05 	 9.9971e-06
     4.036 	 1.17508e-05 	 9.91755e-06
     4.037 	 1.18475e-05 	 9.99894e-06
     4.038 	 1.20269e-05 	 1.01501e-05
     4.039 	 1.22283e-05 	 1.0321e-05
     4.040 	 1.26292e-05 	 1.06591e-05
     4.041 	 1.30297e-05 	 1.09966e-05
     4.042 	 1.32029e-05 	 1.11435e-05
     4.043 	 1.30349e-05 	 1.10011e-05
     4.044 	 1.28671e-05 	 1.0859e-05
     4.045 	 1.24038e-05 	 1.04686e-05
     4.046 	  1.1867e-05 	 1.00151e-05
     4.047 	 1.12987e-05 	 9.53501e-06
     4.048 	 1.04438e-05 	 8.8141e-06
     4.049 	 9.58977e-06 	 8.09294e-06
     4.050 	 9.04386e-06 	 7.63186e-06
     4.051 	 8.80622e-06 	 7.43178e-06
     4.052 	 8.56879e-06 	 7.23104e-06
     4.053 	 8.71395e-06 	 7.35316e-06
     4.054 	 8.95442e-06 	 7.55654e-06
     4.055 	 9.19221e-06 	 7.75839e-06
     4.056 	 9.42003e-06 	 7.95027e-06
     4.057 	 9.64755e-06 	 8.14279e-06
     4.058 	 9.54207e-06 	 8.05335e-06
     4.059 	 9.10437e-06 	 7.68355e-06
     4.060 	 8.66705e-06 	 7.31411e-06
     4.061 	 8.60323e-06 	 7.26071e-06
     4.062 	 8.58096e-06 	 7.24156e-06
     4.063 	 8.56081e-06 	 7.2242e-06
     4.064 	  8.5491e-06 	 7.21477e-06
     4.065 	 8.53741e-06 	 7.20456e-06
     4.066 	 8.63484e-06 	 7.28643e-06
     4.067 	 8.84116e-06 	 7.46017e-06
     4.068 	 9.04729e-06 	 7.63381e-06
     4.069 	 9.25276e-06 	 7.8068e-06
     4.070 	 9.45808e-06 	 7.97965e-06
     4.071 	 9.64058e-06 	 8.13578e-06
     4.072 	 9.74703e-06 	 8.22522e-06
     4.073 	 9.85329e-06 	 8.31448e-06
     4.074 	 9.97567e-06 	 8.41734e-06
     4.075 	 1.01087e-05 	 8.53014e-06
     4.076 	 1.02416e-05 	 8.64187e-06
     4.077 	 1.00685e-05 	 8.49539e-06
     4.078 	 9.86192e-06 	 8.32069e-06
     4.079 	 9.55837e-06 	 8.06508e-06
     4.080 	 9.02848e-06 	 7.61761e-06
     4.081 	 8.49945e-06 	 7.1709e-06
     4.082 	 8.12849e-06 	 6.85759e-06
     4.083 	 7.86279e-06 	 6.63385e-06
     4.084 	 7.59763e-06 	 6.40982e-06
     4.085 	 7.12203e-06 	 6.0095e-06
     4.086 	 6.64719e-06 	 5.60856e-06
     4.087 	 6.11131e-06 	 5.15674e-06
     4.088 	 5.43212e-06 	 4.5834e-06
     4.089 	 4.75373e-06 	 4.01081e-06
     4.090 	 4.37392e-06 	 3.69018e-06
     4.091 	 4.12195e-06 	 3.47742e-06
     4.092 	 3.87039e-06 	 3.2654e-06
     4.093 	 3.97484e-06 	 3.35335e-06
     4.094 	 4.07912e-06 	 3.44116e-06
     4.095 	 4.08964e-06 	 3.44986e-06
     4.096 	  3.9596e-06 	 3.34067e-06
     4.097 	 3.82984e-06 	 3.2314e-06
     4.098 	 3.53861e-06 	 2.98552e-06
     4.099 	 3.17881e-06 	 2.68183e-06
     4.100 	 2.81959e-06 	 2.37841e-06
     4.101 	 2.72358e-06 	 2.29731e-06
     4.102 	 2.62768e-06 	 2.21632e-06
     4.103 	 2.83003e-06 	 2.38715e-06
     4.104 	 3.47856e-06 	 2.93465e-06
     4.105 	   4.126e-06 	 3.48069e-06
     4.106 	 4.90658e-06 	 4.139e-06
     4.107 	 5.74332e-06 	 4.84462e-06
     4.108 	 6.42829e-06 	 5.42214e-06
     4.109 	 5.76181e-06 	 4.85975e-06
     4.110 	 5.09676e-06 	 4.29911e-06
     4.111 	  4.5489e-06 	 3.83755e-06
     4.112 	 4.17585e-06 	 3.52263e-06
     4.113 	 3.80342e-06 	 3.20828e-06
     4.114 	 3.66212e-06 	 3.08891e-06
     4.115 	 3.57873e-06 	 3.0184e-06
     4.116 	 3.51293e-06 	 2.96274e-06
     4.117 	 3.60434e-06 	 3.04027e-06
     4.118 	 3.69558e-06 	 3.11705e-06
     4.119 	 3.86335e-06 	 3.25837e-06
     4.120 	  4.1075e-06 	 3.46448e-06
     4.121 	 4.35124e-06 	 3.66988e-06
     4.122 	 4.56467e-06 	 3.84971e-06
     4.123 	 4.77014e-06 	 4.02361e-06
     4.124 	 4.94731e-06 	 4.17285e-06
     4.125 	 5.01268e-06 	 4.22778e-06
     4.126 	 5.07792e-06 	 4.2826e-06
     4.127 	 5.18758e-06 	 4.37487e-06
     4.128 	 5.34158e-06 	 4.50543e-06
     4.129 	 5.49539e-06 	 4.63494e-06
     4.130 	 5.68744e-06 	 4.79668e-06
     4.131 	 5.88345e-06 	 4.96175e-06
     4.132 	 6.01607e-06 	 5.07335e-06
     4.133 	   5.897e-06 	 4.97269e-06
     4.134 	 5.77811e-06 	 4.87318e-06
     4.135 	 5.65298e-06 	 4.76742e-06
     4.136 	 5.52174e-06 	 4.65651e-06
     4.137 	 5.39071e-06 	 4.54579e-06
     4.138 	 5.23952e-06 	 4.41808e-06
     4.139 	 5.08631e-06 	 4.28955e-06
     4.140 	 4.96235e-06 	 4.1848e-06
     4.141 	 4.95421e-06 	 4.17769e-06
     4.142 	 4.94608e-06 	 4.17058e-06
     4.143 	 4.90581e-06 	 4.13637e-06
     4.144 	 4.84422e-06 	 4.08419e-06
     4.145 	 4.78272e-06 	 4.03291e-06
     4.146 	 4.33103e-06 	 3.65181e-06
     4.147 	 3.83671e-06 	 3.23482e-06
     4.148 	 3.25623e-06 	 2.74524e-06
     4.149 	 2.47297e-06 	 2.08476e-06
     4.150 	 1.69145e-06 	 1.42613e-06
     4.151 	 1.39829e-06 	 1.17892e-06
     4.152 	 1.42951e-06 	 1.20521e-06
     4.153 	 1.46067e-06 	 1.23144e-06
     4.154 	 1.82375e-06 	 1.53749e-06
     4.155 	 2.18636e-06 	 1.84313e-06
     4.156 	 2.61532e-06 	 2.20513e-06
     4.157 	 3.20012e-06 	 2.69813e-06
     4.158 	 3.78389e-06 	 3.18987e-06
     4.159 	 3.92824e-06 	 3.31146e-06
     4.160 	 3.88465e-06 	 3.27462e-06
     4.161 	 3.84113e-06 	 3.23778e-06
     4.162 	  3.5514e-06 	 2.99402e-06
     4.163 	 3.26232e-06 	 2.75018e-06
     4.164 	 3.21172e-06 	 2.7074e-06
     4.165 	 3.51772e-06 	 2.9652e-06
     4.166 	 3.82319e-06 	 3.22254e-06
     4.167 	 4.05783e-06 	 3.41977e-06
     4.168 	 4.26207e-06 	 3.59246e-06
     4.169 	 4.46584e-06 	 3.76403e-06
     4.170 	 4.24463e-06 	 3.57741e-06
     4.171 	  4.0238e-06 	 3.39115e-06
     4.172 	 3.79478e-06 	 3.19801e-06
     4.173 	  3.5533e-06 	 2.99438e-06
     4.174 	 3.31225e-06 	 2.79081e-06
     4.175 	 3.18955e-06 	 2.68786e-06
     4.176 	 3.11759e-06 	 2.62711e-06
     4.177 	 3.09149e-06 	 2.60501e-06
     4.178 	 3.47598e-06 	 2.92887e-06
     4.179 	 3.85977e-06 	 3.25212e-06
     4.180 	 4.39709e-06 	 3.70427e-06
     4.181 	  5.1653e-06 	 4.35125e-06
     4.182 	 5.93177e-06 	 4.99772e-06
     4.183 	 6.64132e-06 	 5.5953e-06
     4.184 	 7.33571e-06 	 6.18006e-06
     4.185 	 7.92932e-06 	 6.67912e-06
     4.186 	 7.62845e-06 	 6.42541e-06
     4.187 	 7.32811e-06 	 6.17216e-06
     4.188 	 6.97039e-06 	 5.87062e-06
     4.189 	 6.55579e-06 	 5.52057e-06
     4.190 	 6.14192e-06 	 5.17183e-06
     4.191 	 5.56486e-06 	 4.68662e-06
     4.192 	 4.95073e-06 	 4.1692e-06
     4.193 	 4.39872e-06 	 3.70414e-06
     4.194 	 4.08671e-06 	 3.44083e-06
     4.195 	 3.77578e-06 	 3.17888e-06
     4.196 	 3.72206e-06 	 3.13349e-06
     4.197 	 3.92357e-06 	 3.30296e-06
     4.198 	 4.12422e-06 	 3.4713e-06
     4.199 	 3.92836e-06 	 3.30628e-06
     4.200 	 3.68933e-06 	 3.10494e-06
     4.201 	 3.48309e-06 	 2.93086e-06
     4.202 	 3.40508e-06 	 2.86505e-06
     4.203 	 3.32736e-06 	 2.79949e-06
     4.204 	 3.44654e-06 	 2.8996e-06
     4.205 	 3.69604e-06 	 3.10896e-06
     4.206 	 3.94447e-06 	 3.31774e-06
     4.207 	 4.48409e-06 	 3.77139e-06
     4.208 	 5.05415e-06 	 4.25011e-06
     4.209 	 5.50479e-06 	 4.62879e-06
     4.210 	 5.48848e-06 	 4.6148e-06
     4.211 	 5.47219e-06 	 4.60043e-06
     4.212 	 5.72317e-06 	 4.81126e-06
     4.213 	 6.15089e-06 	 5.17065e-06
     4.214 	 6.57695e-06 	 5.52861e-06
     4.215 	 6.80528e-06 	 5.71971e-06
     4.216 	 7.01097e-06 	 5.89239e-06
     4.217 	  7.1258e-06 	 5.98808e-06
     4.218 	 7.03065e-06 	 5.90725e-06
     4.219 	 6.93585e-06 	 5.82738e-06
     4.220 	 6.74046e-06 	 5.66302e-06
     4.221 	 6.47857e-06 	 5.44223e-06
     4.222 	 6.21787e-06 	 5.2231e-06
     4.223 	 5.84906e-06 	 4.91261e-06
     4.224 	 5.48179e-06 	 4.60402e-06
     4.225 	 5.08815e-06 	 4.2733e-06
     4.226 	 4.63118e-06 	 3.88896e-06
     4.227 	 4.17593e-06 	 3.50658e-06
     4.228 	 3.62034e-06 	 3.03996e-06
     4.229 	 3.02342e-06 	 2.53838e-06
     4.230 	 2.42908e-06 	 2.03934e-06
     4.231 	 1.96193e-06 	 1.64706e-06
     4.232 	 1.49681e-06 	 1.25638e-06
     4.233 	 1.21228e-06 	 1.01751e-06
     4.234 	 1.19663e-06 	 1.00421e-06
     4.235 	 1.18105e-06 	 9.91085e-07
     4.236 	 1.60309e-06 	 1.34491e-06
     4.237 	 2.20988e-06 	 1.85367e-06
     4.238 	 2.79759e-06 	 2.34653e-06
     4.239 	 3.23614e-06 	 2.71393e-06
     4.240 	  3.6727e-06 	 3.07989e-06
     4.241 	 3.69975e-06 	 3.10238e-06
     4.242 	  3.1165e-06 	 2.61284e-06
     4.243 	 2.53585e-06 	 2.1259e-06
     4.244 	 1.87181e-06 	 1.56893e-06
     4.245 	   1.174e-06 	 9.83972e-07
     4.246 	  5.2862e-07 	 4.43027e-07
     4.247 	  3.2776e-07 	 2.74641e-07
     4.248 	 1.27909e-07 	 1.07172e-07
     4.249 	           0 	        0
     4.250 	           0 	        0
     4.251 	           0 	        0
     4.252 	           0 	        0
     4.253 	           0 	        0
     4.254 	 8.86596e-08 	 7.42053e-08
     4.255 	 9.02394e-07 	 7.55216e-07
     4.256 	 1.71233e-06 	 1.43278e-06
     4.257 	 2.22637e-06 	 1.86275e-06
     4.258 	 2.44683e-06 	 2.04704e-06
     4.259 	 2.66624e-06 	 2.23017e-06
     4.260 	 2.99471e-06 	 2.50471e-06
     4.261 	  3.3489e-06 	 2.80054e-06
     4.262 	 3.73404e-06 	 3.12188e-06
     4.263 	 4.24745e-06 	 3.5506e-06
     4.264 	 4.75837e-06 	 3.97757e-06
     4.265 	 5.17855e-06 	 4.32817e-06
     4.266 	 5.50854e-06 	 4.60382e-06
     4.267 	 5.83704e-06 	 4.87821e-06
     4.268 	 5.67674e-06 	 4.74354e-06
     4.269 	 5.46306e-06 	 4.56484e-06
     4.270 	 5.11559e-06 	 4.27386e-06
     4.271 	 4.20971e-06 	 3.51685e-06
     4.272 	 3.31759e-06 	 2.77109e-06
     4.273 	  2.6189e-06 	 2.18737e-06
     4.274 	 2.04966e-06 	 1.71184e-06
     4.275 	  1.4896e-06 	 1.24362e-06
     4.276 	 1.22256e-06 	 1.02062e-06
     4.277 	 9.91082e-07 	 8.27238e-07
     4.278 	 8.51554e-07 	 7.10737e-07
     4.279 	 1.06365e-06 	 8.8761e-07
     4.280 	 1.27212e-06 	 1.06152e-06
     4.281 	 1.25894e-06 	 1.05033e-06
     4.282 	 1.10207e-06 	 9.19391e-07
     4.283 	 9.47738e-07 	 7.90587e-07
     4.284 	 8.53268e-07 	 7.11652e-07
     4.285 	 7.66647e-07 	 6.39364e-07
     4.286 	 7.65566e-07 	 6.38347e-07
     4.287 	 9.59482e-07 	 7.99984e-07
     4.288 	 1.14965e-06 	 9.58073e-07
     4.289 	 1.41406e-06 	 1.17834e-06
     4.290 	 1.72474e-06 	 1.43713e-06
     4.291 	 2.02936e-06 	 1.6907e-06
     4.292 	 2.22836e-06 	 1.85642e-06
     4.293 	  2.4233e-06 	 2.01852e-06
     4.294 	 2.56131e-06 	 2.1334e-06
     4.295 	 2.57447e-06 	 2.14404e-06
     4.296 	 2.58688e-06 	 2.15429e-06
     4.297 	  2.4871e-06 	 2.07112e-06
     4.298 	 2.34153e-06 	 1.9496e-06
     4.299 	 2.19841e-06 	 1.83037e-06
     4.300 	  2.3062e-06 	 1.91982e-06
     4.301 	 2.36092e-06 	 1.96522e-06
     4.302 	 2.33297e-06 	 1.94157e-06
     4.303 	  2.1937e-06 	 1.82552e-06
     4.304 	 2.05868e-06 	 1.71302e-06
     4.305 	  1.8854e-06 	 1.56853e-06
     4.306 	 1.70185e-06 	 1.41571e-06
     4.307 	 1.53091e-06 	 1.27326e-06
     4.308 	 1.40138e-06 	 1.16544e-06
     4.309 	 1.27752e-06 	 1.06235e-06
     4.310 	 1.22798e-06 	 1.02095e-06
     4.311 	  1.2681e-06 	 1.05421e-06
     4.312 	 1.29718e-06 	 1.07817e-06
     4.313 	 1.25857e-06 	 1.04599e-06
     4.314 	 1.19297e-06 	 9.91381e-07
     4.315 	 1.12428e-06 	 9.34108e-07
     4.316 	 1.03953e-06 	 8.63618e-07
     4.317 	 9.55939e-07 	 7.94012e-07
     4.318 	 9.08724e-07 	 7.54727e-07
     4.319 	 9.04966e-07 	 7.5154e-07
     4.320 	 8.87156e-07 	 7.366e-07
     4.321 	 8.73975e-07 	 7.25627e-07
     4.322 	 8.46256e-07 	 7.02585e-07
     4.323 	   8.203e-07 	 6.8093e-07
     4.324 	 8.07176e-07 	 6.7001e-07
     4.325 	  7.9365e-07 	 6.58756e-07
     4.326 	 7.86457e-07 	 6.52685e-07
     4.327 	 7.85047e-07 	 6.51489e-07
     4.328 	 7.82495e-07 	 6.4927e-07
     4.329 	 7.69751e-07 	 6.38671e-07
     4.330 	 7.54209e-07 	 6.2575e-07
     4.331 	 7.41034e-07 	 6.14698e-07
     4.332 	 7.38166e-07 	 6.12269e-07
     4.333 	 7.33929e-07 	 6.08705e-07
     4.334 	 7.15152e-07 	 5.93016e-07
     4.335 	 6.83239e-07 	 5.66507e-07
     4.336 	 6.51816e-07 	 5.40408e-07
     4.337 	 5.88156e-07 	 4.87588e-07
     4.338 	 5.24067e-07 	 4.34328e-07
     4.339 	 4.53684e-07 	 3.75966e-07
     4.340 	 3.50732e-07 	 2.90686e-07
     4.341 	  2.5525e-07 	 2.11508e-07
     4.342 	 2.27994e-07 	 1.88907e-07
     4.343 	 2.40697e-07 	 1.99415e-07
     4.344 	 2.50932e-07 	 2.07877e-07
     4.345 	 2.81333e-07 	 2.33015e-07
     4.346 	 3.09045e-07 	 2.55945e-07
     4.347 	 3.19909e-07 	 2.6492e-07
     4.348 	 3.01874e-07 	 2.49963e-07
     4.349 	 2.83452e-07 	 2.34662e-07
     4.350 	 2.62084e-07 	 2.16953e-07
     4.351 	 2.60085e-07 	 2.15284e-07
     4.352 	 2.58087e-07 	 2.13615e-07
     4.353 	 2.63324e-07 	 2.1791e-07
     4.354 	 2.69357e-07 	 2.22887e-07
     4.355 	   2.746e-07 	 2.2721e-07
     4.356 	 2.78006e-07 	 2.30012e-07
     4.357 	  2.8141e-07 	 2.32786e-07
     4.358 	 2.69411e-07 	 2.22845e-07
     4.359 	 2.47149e-07 	 2.04417e-07
     4.360 	 2.24919e-07 	 1.86017e-07
     4.361 	 1.87455e-07 	 1.55021e-07
     4.362 	 1.50029e-07 	 1.24062e-07
     4.363 	 1.17974e-07 	 9.75364e-08
     4.364 	 9.83943e-08 	 8.13591e-08
     4.365 	 7.88343e-08 	 6.51807e-08
     4.366 	 6.84229e-08 	 5.65683e-08
     4.367 	 6.19359e-08 	 5.12013e-08
     4.368 	 5.54554e-08 	 4.58406e-08
     4.369 	 8.47457e-08 	 7.00392e-08
     4.370 	 1.14007e-07 	 9.42252e-08
     4.371 	 1.40245e-07 	 1.15901e-07
     4.372 	 1.61888e-07 	 1.33776e-07
     4.373 	 1.83521e-07 	 1.5164e-07
     4.374 	 2.00452e-07 	 1.65617e-07
     4.375 	 2.15373e-07 	 1.7793e-07
     4.376 	 2.31533e-07 	 1.91265e-07
     4.377 	 2.58824e-07 	 2.13792e-07
     4.378 	 2.86115e-07 	 2.36315e-07
     4.379 	 3.04793e-07 	 2.51722e-07
     4.380 	 3.10522e-07 	 2.56402e-07
     4.381 	 3.16252e-07 	 2.61116e-07
     4.382 	 3.06972e-07 	 2.53437e-07
     4.383 	 2.93933e-07 	 2.42655e-07
     4.384 	 2.80053e-07 	 2.31228e-07
     4.385 	 2.58602e-07 	 2.13502e-07
     4.386 	 2.37162e-07 	 1.95787e-07
     4.387 	 2.22223e-07 	 1.83442e-07
     4.388 	 2.17031e-07 	 1.79144e-07
     4.389 	  2.1184e-07 	 1.74847e-07
     4.390 	 2.25935e-07 	 1.86468e-07
     4.391 	 2.44861e-07 	 2.02073e-07
     4.392 	 2.65243e-07 	 2.18877e-07
     4.393 	 2.98629e-07 	 2.46409e-07
     4.394 	 3.32015e-07 	 2.73936e-07
     4.395 	 3.62908e-07 	 2.99438e-07
     4.396 	  3.9131e-07 	 3.22848e-07
     4.397 	 4.19711e-07 	 3.46255e-07
     4.398 	 4.22755e-07 	 3.4874e-07
     4.399 	 4.19445e-07 	 3.46019e-07
     4.400 	 4.15969e-07 	 3.43125e-07
     4.401 	 4.11822e-07 	 3.39669e-07
     4.402 	 4.07675e-07 	 3.36214e-07
     4.403 	 4.01909e-07 	 3.31491e-07
     4.404 	 3.94524e-07 	 3.25366e-07
     4.405 	 3.87136e-07 	 3.19277e-07
     4.406 	 3.45419e-07 	 2.84843e-07
     4.407 	 2.99901e-07 	 2.47282e-07
     4.408 	 2.53426e-07 	 2.08939e-07
     4.409 	 2.03125e-07 	 1.67467e-07
     4.410 	 1.52825e-07 	 1.25984e-07
     4.411 	 1.12818e-07 	 9.30069e-08
     4.412 	 7.96606e-08 	 6.56799e-08
     4.413 	 4.65189e-08 	 3.83515e-08
     4.414 	 3.04285e-08 	 2.50841e-08
     4.415 	 1.62357e-08 	 1.3383e-08
     4.416 	           0 	        0
     4.417 	  1.8529e-08 	 1.52742e-08
     4.418 	 2.79407e-08 	 2.30308e-08
     4.419 	 5.26648e-08 	 4.34066e-08
     4.420 	 8.75839e-08 	 7.21896e-08
     4.421 	 1.22503e-07 	 1.00983e-07
     4.422 	 1.40638e-07 	 1.15924e-07
     4.423 	 1.56905e-07 	 1.29322e-07
     4.424 	 1.60901e-07 	 1.3262e-07
     4.425 	 1.36181e-07 	 1.12247e-07
     4.426 	 1.11474e-07 	 9.18753e-08
     4.427 	 1.06056e-07 	 8.74131e-08
     4.428 	 1.13478e-07 	 9.35229e-08
     4.429 	   1.209e-07 	 9.96519e-08
     4.430 	 1.53042e-07 	 1.2615e-07
     4.431 	 1.85199e-07 	 1.52638e-07
     4.432 	 2.08219e-07 	 1.71607e-07
     4.433 	  2.0995e-07 	 1.73032e-07
     4.434 	 2.11681e-07 	 1.74438e-07
     4.435 	 2.09892e-07 	 1.72963e-07
     4.436 	 2.06596e-07 	 1.70226e-07
     4.437 	   2.033e-07 	 1.6749e-07
     4.438 	 2.01492e-07 	 1.65999e-07
     4.439 	 1.99684e-07 	 1.6454e-07
     4.440 	 2.00793e-07 	 1.65452e-07
     4.441 	 2.06274e-07 	 1.69954e-07
     4.442 	 2.11756e-07 	 1.74455e-07
     4.443 	 1.96924e-07 	 1.62241e-07
     4.444 	 1.73389e-07 	 1.42839e-07
     4.445 	 1.50672e-07 	 1.2414e-07
     4.446 	 1.35413e-07 	 1.11558e-07
     4.447 	 1.20154e-07 	 9.89904e-08
     4.448 	 1.07769e-07 	 8.87791e-08
     4.449 	 9.96932e-08 	 8.21287e-08
     4.450 	 9.16175e-08 	 7.54845e-08
     4.451 	 1.12435e-07 	 9.26357e-08
     4.452 	 1.40471e-07 	 1.15732e-07
     4.453 	 1.68635e-07 	 1.38935e-07
     4.454 	 1.97938e-07 	 1.63076e-07
     4.455 	 2.27241e-07 	 1.87195e-07
     4.456 	 2.48822e-07 	 2.04972e-07
     4.457 	 2.62674e-07 	 2.16356e-07
     4.458 	 2.76532e-07 	 2.27769e-07
     4.459 	   2.622e-07 	 2.15938e-07
     4.460 	  2.4083e-07 	 1.98357e-07
     4.461 	 2.21103e-07 	 1.82114e-07
     4.462 	 2.16142e-07 	 1.78011e-07
     4.463 	 2.11182e-07 	 1.73931e-07
     4.464 	 2.10256e-07 	 1.73152e-07
     4.465 	 2.13367e-07 	 1.75718e-07
     4.466 	 2.16477e-07 	 1.78284e-07
     4.467 	 2.23376e-07 	 1.83949e-07
     4.468 	 2.31224e-07 	 1.90435e-07
     4.469 	 2.38879e-07 	 1.96744e-07
     4.470 	 2.45767e-07 	 2.02399e-07
     4.471 	 2.52658e-07 	 2.08073e-07
     4.472 	 2.55042e-07 	 2.10035e-07
     4.473 	 2.52927e-07 	 2.08292e-07
     4.474 	 2.50812e-07 	 2.06526e-07
     4.475 	  2.3397e-07 	 1.92656e-07
     4.476 	 2.15488e-07 	 1.77437e-07
     4.477 	 2.04182e-07 	 1.68144e-07
     4.478 	 2.21567e-07 	 1.82438e-07
     4.479 	 2.38953e-07 	 1.96752e-07
     4.480 	  2.6184e-07 	 2.15596e-07
     4.481 	 2.88391e-07 	 2.37463e-07
     4.482 	 3.14941e-07 	 2.59299e-07
     4.483 	 3.46391e-07 	 2.85198e-07
     4.484 	 3.78402e-07 	 3.11561e-07
     4.485 	 3.93279e-07 	 3.23817e-07
     4.486 	 3.68205e-07 	 3.03178e-07
     4.487 	 3.43132e-07 	 2.82505e-07
     4.488 	 3.26847e-07 	 2.69048e-07
     4.489 	 3.16423e-07 	 2.60473e-07
     4.490 	    3.06e-07 	 2.51898e-07
     4.491 	 3.11854e-07 	 2.56745e-07
     4.492 	 3.17704e-07 	 2.61565e-07
     4.493 	 3.17923e-07 	 2.61748e-07
     4.494 	 3.04997e-07 	 2.51079e-07
     4.495 	 2.92071e-07 	 2.40441e-07
     4.496 	 2.76196e-07 	 2.27329e-07
     4.497 	 2.58344e-07 	 2.12638e-07
     4.498 	   2.405e-07 	 1.97953e-07
     4.499 	 2.15463e-07 	 1.77347e-07
     4.500 	 1.90427e-07 	 1.56741e-07
     4.501 	 1.56852e-07 	 1.29082e-07
     4.502 	  1.0335e-07 	 8.50543e-08
     4.503 	  4.9848e-08 	 4.10244e-08
     4.504 	 2.56029e-08 	 2.10672e-08
     4.505 	 1.39014e-08 	 1.14389e-08
     4.506 	           0 	        0
     4.507 	           0 	        0
     4.508 	           0 	        0
     4.509 	           0 	        0
     4.510 	           0 	        0
     4.511 	 1.54919e-08 	 1.27431e-08
     4.512 	 4.40969e-08 	 3.62743e-08
     4.513 	 8.22066e-08 	 6.7613e-08
     4.514 	 1.18603e-07 	 9.75526e-08
     4.515 	 1.39599e-07 	 1.14804e-07
     4.516 	 1.60594e-07 	 1.32076e-07
     4.517 	 1.81078e-07 	 1.48914e-07
     4.518 	 2.00767e-07 	 1.6508e-07
     4.519 	 2.20456e-07 	 1.81277e-07
     4.520 	 2.31273e-07 	 1.90142e-07
     4.521 	 2.39867e-07 	 1.97212e-07
     4.522 	 2.48101e-07 	 2.03945e-07
     4.523 	   2.531e-07 	 2.08084e-07
     4.524 	 2.58102e-07 	 2.12201e-07
     4.525 	 2.69473e-07 	 2.2151e-07
     4.526 	  2.8721e-07 	 2.36071e-07
     4.527 	 3.04947e-07 	 2.50605e-07
     4.528 	 2.86523e-07 	 2.35469e-07
     4.529 	 2.59042e-07 	 2.12846e-07
     4.530 	 2.30159e-07 	 1.8914e-07
     4.531 	 1.88812e-07 	 1.55132e-07
     4.532 	 1.47464e-07 	 1.21161e-07
     4.533 	 1.10555e-07 	 9.0809e-08
     4.534 	 7.80795e-08 	 6.41346e-08
     4.535 	 4.56043e-08 	 3.74523e-08
     4.536 	 4.56825e-08 	 3.75213e-08
     4.537 	 5.39175e-08 	 4.42766e-08
     4.538 	 6.66261e-08 	 5.47134e-08
     4.539 	 9.72127e-08 	 7.98076e-08
     4.540 	 1.27799e-07 	 1.04919e-07
     4.541 	 1.47098e-07 	 1.20757e-07
     4.542 	 1.55099e-07 	 1.2733e-07
     4.543 	 1.63103e-07 	 1.33879e-07
     4.544 	 1.72136e-07 	 1.41299e-07
     4.545 	 1.81284e-07 	 1.48785e-07
     4.546 	 1.89609e-07 	 1.55623e-07
     4.547 	 1.94647e-07 	 1.59732e-07
     4.548 	 1.99684e-07 	 1.63871e-07
     4.549 	 1.93747e-07 	 1.58991e-07
     4.550 	 1.80484e-07 	 1.48113e-07
     4.551 	 1.67228e-07 	 1.37199e-07
     4.552 	 1.68738e-07 	 1.38461e-07
     4.553 	 1.71892e-07 	 1.41026e-07
     4.554 	 1.76711e-07 	 1.44987e-07
     4.555 	 1.85414e-07 	 1.52121e-07
     4.556 	 1.94122e-07 	 1.59273e-07
     4.557 	 2.00371e-07 	 1.64358e-07
     4.558 	 2.04985e-07 	 1.68116e-07
     4.559 	   2.096e-07 	 1.71929e-07
     4.560 	 2.07008e-07 	 1.69775e-07
     4.561 	 2.04416e-07 	 1.67652e-07
     4.562 	 2.01125e-07 	 1.64941e-07
     4.563 	 1.96196e-07 	 1.60885e-07
     4.564 	 1.91269e-07 	 1.56833e-07
     4.565 	 1.87268e-07 	 1.53555e-07
     4.566 	 1.83884e-07 	 1.50751e-07
     4.567 	   1.805e-07 	 1.47996e-07
     4.568 	 1.80241e-07 	 1.47756e-07
     4.569 	 1.79982e-07 	 1.4753e-07
     4.570 	 1.81346e-07 	 1.48638e-07
     4.571 	   1.865e-07 	 1.52867e-07
     4.572 	 1.91654e-07 	 1.57116e-07
     4.573 	  2.1586e-07 	 1.7693e-07
     4.574 	  2.4823e-07 	 2.03469e-07
     4.575 	   2.806e-07 	 2.29967e-07
     4.576 	 2.97606e-07 	 2.43912e-07
     4.577 	 3.14603e-07 	 2.57799e-07
     4.578 	 3.24148e-07 	 2.65661e-07
     4.579 	 3.22518e-07 	 2.6428e-07
     4.580 	 3.20889e-07 	 2.62985e-07
     4.581 	 3.02013e-07 	 2.47467e-07
     4.582 	 2.75748e-07 	 2.25951e-07
     4.583 	 2.48966e-07 	 2.04008e-07
     4.584 	  2.1767e-07 	 1.78328e-07
     4.585 	 1.86374e-07 	 1.52708e-07
     4.586 	 1.57353e-07 	 1.28904e-07
     4.587 	 1.31741e-07 	 1.07936e-07
     4.588 	  1.0613e-07 	 8.69538e-08
     4.589 	 9.73251e-08 	 7.97254e-08
     4.590 	 9.27326e-08 	 7.5964e-08
     4.591 	 8.89427e-08 	 7.28442e-08
     4.592 	 9.23653e-08 	 7.56557e-08
     4.593 	 9.57879e-08 	 7.84588e-08
     4.594 	 1.03867e-07 	 8.50685e-08
     4.595 	 1.16608e-07 	 9.5503e-08
     4.596 	 1.29354e-07 	 1.05954e-07
     4.597 	 1.50059e-07 	 1.22875e-07
     4.598 	 1.72752e-07 	 1.41473e-07
     4.599 	 1.93496e-07 	 1.58459e-07
     4.600 	 2.06456e-07 	 1.69091e-07
     4.601 	 2.19417e-07 	 1.79669e-07
     4.602 	 2.22844e-07 	 1.82494e-07
     4.603 	 2.16734e-07 	 1.77489e-07
     4.604 	 2.10624e-07 	 1.72484e-07
     4.605 	 2.03185e-07 	 1.6641e-07
     4.606 	 1.95415e-07 	 1.60045e-07
     4.607 	 1.90646e-07 	 1.56124e-07
     4.608 	 1.97867e-07 	 1.62036e-07
     4.609 	 2.05091e-07 	 1.6797e-07
     4.610 	 2.30919e-07 	 1.89121e-07
     4.611 	 2.75335e-07 	 2.25523e-07
     4.612 	 3.19752e-07 	 2.61904e-07
     4.613 	 3.22834e-07 	 2.64459e-07
     4.614 	 3.21315e-07 	 2.63214e-07
     4.615 	 3.18209e-07 	 2.60646e-07
     4.616 	 3.08743e-07 	 2.52892e-07
     4.617 	 2.99281e-07 	 2.45169e-07
     4.618 	 2.95033e-07 	 2.41688e-07
     4.619 	 2.94255e-07 	 2.41078e-07
     4.620 	 2.93478e-07 	 2.40441e-07
     4.621 	 3.02363e-07 	 2.47744e-07
     4.622 	 3.12328e-07 	 2.55905e-07
     4.623 	 3.24244e-07 	 2.65667e-07
     4.624 	 3.40725e-07 	 2.79166e-07
     4.625 	 3.57206e-07 	 2.92698e-07
     4.626 	 3.80736e-07 	 3.11972e-07
     4.627 	 4.08968e-07 	 3.35138e-07
     4.628 	   4.372e-07 	 3.58266e-07
     4.629 	 4.52167e-07 	 3.70566e-07
     4.630 	 4.67127e-07 	 3.82858e-07
     4.631 	 4.77438e-07 	 3.91348e-07
     4.632 	   4.769e-07 	 3.90901e-07
     4.633 	 4.76362e-07 	 3.90499e-07
     4.634 	 4.26299e-07 	 3.49454e-07
     4.635 	 3.54982e-07 	 2.91022e-07
     4.636 	   2.837e-07 	 2.3258e-07
     4.637 	 2.57219e-07 	 2.10891e-07
     4.638 	 2.30738e-07 	 1.89176e-07
     4.639 	 2.10735e-07 	 1.72774e-07
     4.640 	  2.0585e-07 	 1.68785e-07
     4.641 	 2.00965e-07 	 1.64773e-07
     4.642 	 2.13793e-07 	 1.75304e-07
     4.643 	 2.34197e-07 	 1.92027e-07
     4.644 	   2.546e-07 	 2.08771e-07
     4.645 	 2.75597e-07 	 2.25979e-07
     4.646 	 2.96594e-07 	 2.43214e-07
     4.647 	  3.1256e-07 	 2.56296e-07
     4.648 	 3.20969e-07 	 2.6321e-07
     4.649 	 3.29382e-07 	 2.70098e-07
     4.650 	  3.2495e-07 	 2.66483e-07
     4.651 	 3.15028e-07 	 2.58341e-07
     4.652 	 3.04902e-07 	 2.5006e-07
     4.653 	 2.92942e-07 	 2.40246e-07
     4.654 	 2.80981e-07 	 2.30505e-07
     4.655 	 2.70538e-07 	 2.21933e-07
     4.656 	 2.62385e-07 	 2.1524e-07
     4.657 	 2.54233e-07 	 2.08572e-07
     4.658 	  2.5497e-07 	 2.09172e-07
     4.659 	 2.57933e-07 	 2.11622e-07
     4.660 	  2.6157e-07 	 2.14601e-07
     4.661 	 2.71261e-07 	 2.22569e-07
     4.662 	 2.80957e-07 	 2.30515e-07
     4.663 	 2.91153e-07 	 2.38898e-07
     4.664 	 3.01855e-07 	 2.47669e-07
     4.665 	 3.12557e-07 	 2.56517e-07
     4.666 	 3.18699e-07 	 2.61577e-07
     4.667 	 3.23699e-07 	 2.6567e-07
     4.668 	 3.27262e-07 	 2.68614e-07
     4.669 	 3.25077e-07 	 2.66808e-07
     4.670 	 3.22892e-07 	 2.65034e-07
     4.671 	  3.0787e-07 	 2.527e-07
     4.672 	 2.80024e-07 	 2.29841e-07
     4.673 	 2.52177e-07 	 2.07005e-07
     4.674 	 2.21777e-07 	 1.82085e-07
     4.675 	 1.90723e-07 	 1.56605e-07
     4.676 	 1.60211e-07 	 1.31549e-07
     4.677 	  1.3181e-07 	 1.08227e-07
     4.678 	 1.03408e-07 	 8.49152e-08
     4.679 	 7.27649e-08 	 5.97511e-08
     4.680 	 3.98791e-08 	 3.27501e-08
     4.681 	           0 	        0
     4.682 	           0 	        0
     4.683 	           0 	        0
     4.684 	           0 	        0
     4.685 	           0 	        0
     4.686 	           0 	        0
     4.687 	 1.99177e-08 	 1.63589e-08
     4.688 	 4.12941e-08 	 3.39177e-08
     4.689 	 6.26603e-08 	 5.14744e-08
     4.690 	   9.595e-08 	 7.88165e-08
     4.691 	 1.30567e-07 	 1.07261e-07
     4.692 	 1.56089e-07 	 1.28224e-07
     4.693 	 1.60385e-07 	 1.31749e-07
     4.694 	 1.64681e-07 	 1.3529e-07
     4.695 	 1.70048e-07 	 1.39695e-07
     4.696 	 1.76124e-07 	 1.44683e-07
     4.697 	   1.822e-07 	 1.49717e-07
     4.698 	 1.99604e-07 	 1.64013e-07
     4.699 	 2.17008e-07 	 1.78309e-07
     4.700 	 2.34983e-07 	 1.93095e-07
     4.701 	 2.54305e-07 	 2.08962e-07
     4.702 	 2.73617e-07 	 2.24819e-07
     4.703 	 2.95094e-07 	 2.42478e-07
     4.704 	 3.17497e-07 	 2.60903e-07
     4.705 	   3.399e-07 	 2.79297e-07
     4.706 	 3.77744e-07 	 3.10377e-07
     4.707 	 4.15589e-07 	 3.41564e-07
     4.708 	 4.45907e-07 	 3.66462e-07
     4.709 	   4.586e-07 	 3.76873e-07
     4.710 	 4.71293e-07 	 3.87283e-07
     4.711 	 4.62551e-07 	 3.80132e-07
     4.712 	 4.44626e-07 	 3.6539e-07
     4.713 	   4.267e-07 	 3.50648e-07
     4.714 	 4.02731e-07 	 3.30941e-07
     4.715 	 3.78773e-07 	 3.1128e-07
     4.716 	 3.58028e-07 	 2.94282e-07
     4.717 	 3.42103e-07 	 2.81183e-07
     4.718 	 3.26177e-07 	 2.68085e-07
     4.719 	 3.18681e-07 	 2.61946e-07
     4.720 	 3.14797e-07 	 2.58745e-07
     4.721 	 3.10554e-07 	 2.55242e-07
     4.722 	  3.0311e-07 	 2.49108e-07
     4.723 	 2.95666e-07 	 2.42975e-07
     4.724 	 2.87384e-07 	 2.36206e-07
     4.725 	 2.77847e-07 	 2.28399e-07
     4.726 	  2.6831e-07 	 2.20545e-07
     4.727 	  2.5333e-07 	 2.08219e-07
     4.728 	 2.36997e-07 	 1.94782e-07
     4.729 	 2.21557e-07 	 1.8208e-07
     4.730 	 2.14135e-07 	 1.7599e-07
     4.731 	 2.06713e-07 	 1.69884e-07
     4.732 	 2.04259e-07 	 1.67861e-07
     4.733 	 2.06777e-07 	 1.69924e-07
     4.734 	 2.09297e-07 	 1.72023e-07
     4.735 	 2.14694e-07 	 1.76453e-07
     4.736 	 2.20809e-07 	 1.81472e-07
     4.737 	  2.2596e-07 	 1.85719e-07
     4.738 	 2.27256e-07 	 1.86777e-07
     4.739 	 2.28552e-07 	 1.87835e-07
     4.740 	 2.16496e-07 	 1.7792e-07
     4.741 	 1.91065e-07 	 1.57015e-07
     4.742 	 1.65646e-07 	 1.36149e-07
     4.743 	   1.712e-07 	 1.40723e-07
     4.744 	 1.80201e-07 	 1.48117e-07
     4.745 	 1.98006e-07 	 1.62747e-07
     4.746 	 2.50958e-07 	 2.06262e-07
     4.747 	 3.03936e-07 	 2.49796e-07
     4.748 	  3.4679e-07 	 2.85006e-07
     4.749 	 3.79554e-07 	 3.11958e-07
     4.750 	 4.12319e-07 	 3.38875e-07
     4.751 	 4.33097e-07 	 3.56011e-07
     4.752 	 4.52541e-07 	 3.71981e-07
     4.753 	 4.65103e-07 	 3.82292e-07
     4.754 	 4.50095e-07 	 3.69942e-07
     4.755 	 4.35094e-07 	 3.57599e-07
     4.756 	 4.18718e-07 	 3.44126e-07
     4.757 	 4.01425e-07 	 3.29901e-07
     4.758 	 3.84132e-07 	 3.15677e-07
     4.759 	 3.65859e-07 	 3.00648e-07
     4.760 	 3.47468e-07 	 2.85524e-07
     4.761 	 3.35233e-07 	 2.7551e-07
     4.762 	 3.37344e-07 	 2.77228e-07
     4.763 	 3.39455e-07 	 2.78946e-07
     4.764 	 3.43876e-07 	 2.8259e-07
     4.765 	 3.49838e-07 	 2.87439e-07
     4.766 	   3.558e-07 	 2.9232e-07
     4.767 	  3.6847e-07 	 3.0271e-07
     4.768 	 3.81134e-07 	 3.13095e-07
     4.769 	 3.85743e-07 	 3.16862e-07
     4.770 	  3.7155e-07 	 3.05184e-07
     4.771 	 3.57357e-07 	 2.93574e-07
     4.772 	 3.36872e-07 	 2.76734e-07
     4.773 	 3.13692e-07 	 2.57682e-07
     4.774 	   2.905e-07 	 2.38621e-07
     4.775 	 3.20424e-07 	 2.63191e-07
     4.776 	 3.50348e-07 	 2.87724e-07
     4.777 	 3.75279e-07 	 3.08187e-07
     4.778 	 3.92723e-07 	 3.22498e-07
     4.779 	 4.10168e-07 	 3.36809e-07
     4.780 	 4.05257e-07 	 3.32763e-07
     4.781 	 3.90779e-07 	 3.20856e-07
     4.782 	   3.763e-07 	 3.0895e-07
     4.783 	 3.48189e-07 	 2.85821e-07
     4.784 	 3.20077e-07 	 2.62782e-07
     4.785 	 2.92867e-07 	 2.40429e-07
     4.786 	 2.67012e-07 	 2.1919e-07
     4.787 	 2.41143e-07 	 1.97943e-07
     4.788 	 2.37225e-07 	 1.94692e-07
     4.789 	 2.42686e-07 	 1.99162e-07
     4.790 	 2.48301e-07 	 2.03758e-07
     4.791 	   2.553e-07 	 2.0949e-07
     4.792 	 2.62298e-07 	 2.15195e-07
     4.793 	 2.70839e-07 	 2.22189e-07
     4.794 	 2.81683e-07 	 2.31072e-07
     4.795 	 2.92528e-07 	 2.39979e-07
     4.796 	 3.07971e-07 	 2.52604e-07
     4.797 	 3.24567e-07 	 2.66201e-07
     4.798 	 3.41722e-07 	 2.80254e-07
     4.799 	 3.63911e-07 	 2.98434e-07
     4.800 	 3.86111e-07 	 3.16584e-07
     4.801 	  3.8779e-07 	 3.17936e-07
     4.802 	 3.68979e-07 	 3.02489e-07
     4.803 	 3.50168e-07 	 2.87011e-07
     4.804 	 3.41509e-07 	 2.79891e-07
     4.805 	 3.35394e-07 	 2.74858e-07
     4.806 	 3.33949e-07 	 2.73619e-07
     4.807 	 3.51171e-07 	 2.87707e-07
     4.808 	 3.68393e-07 	 3.01791e-07
     4.809 	 3.87484e-07 	 3.17368e-07
     4.810 	 4.08443e-07 	 3.34507e-07
     4.811 	 4.29401e-07 	 3.51646e-07
     4.812 	 4.52596e-07 	 3.70533e-07
     4.813 	 4.76051e-07 	 3.89707e-07
     4.814 	 5.00837e-07 	 4.09919e-07
     4.815 	 5.30979e-07 	 4.34558e-07
     4.816 	 5.61122e-07 	 4.59099e-07
     4.817 	 5.87656e-07 	 4.80717e-07
     4.818 	  6.1058e-07 	 4.99433e-07
     4.819 	 6.33504e-07 	 5.18084e-07
     4.820 	 6.28264e-07 	 5.1376e-07
     4.821 	 6.19894e-07 	 5.06884e-07
     4.822 	 6.08186e-07 	 4.97222e-07
     4.823 	 5.83151e-07 	 4.76726e-07
     4.824 	 5.58116e-07 	 4.56178e-07
     4.825 	 5.29751e-07 	 4.32967e-07
     4.826 	  4.9915e-07 	 4.07883e-07
     4.827 	 4.68563e-07 	 3.82865e-07
     4.828 	 4.57712e-07 	 3.73931e-07
     4.829 	 4.49058e-07 	 3.66763e-07
     4.830 	 4.40145e-07 	 3.59418e-07
     4.831 	 4.30627e-07 	 3.5162e-07
     4.832 	 4.21108e-07 	 3.43782e-07
     4.833 	 4.04417e-07 	 3.30132e-07
     4.834 	 3.82958e-07 	 3.12555e-07
     4.835 	   3.615e-07 	 2.9502e-07
     4.836 	 3.69239e-07 	 3.01278e-07
     4.837 	 3.76978e-07 	 3.07533e-07
     4.838 	 3.94716e-07 	 3.21979e-07
     4.839 	  4.3586e-07 	 3.55401e-07
     4.840 	 4.76984e-07 	 3.88903e-07
     4.841 	 5.09923e-07 	 4.15667e-07
     4.842 	 5.39361e-07 	 4.39565e-07
     4.843 	   5.688e-07 	 4.63507e-07
     4.844 	 5.96988e-07 	 4.86368e-07
     4.845 	 6.25176e-07 	 5.09278e-07
     4.846 	 6.48487e-07 	 5.28148e-07
     4.847 	 6.64449e-07 	 5.41026e-07
     4.848 	 6.80412e-07 	 5.53963e-07
     4.849 	 6.84096e-07 	 5.56666e-07
     4.850 	 6.82519e-07 	 5.55257e-07
     4.851 	 6.78386e-07 	 5.51858e-07
     4.852 	 6.51267e-07 	 5.29701e-07
     4.853 	 6.24161e-07 	 5.07562e-07
     4.854 	 5.98713e-07 	 4.86835e-07
     4.855 	  5.7575e-07 	 4.68076e-07
     4.856 	 5.52788e-07 	 4.49326e-07
     4.857 	 5.31282e-07 	 4.31815e-07
     4.858 	   5.104e-07 	 4.14682e-07
     4.859 	  4.9535e-07 	 4.02379e-07
     4.860 	 5.32794e-07 	 4.32715e-07
     4.861 	 5.70237e-07 	 4.63091e-07
     4.862 	 6.06024e-07 	 4.9206e-07
     4.863 	 6.39327e-07 	 5.19001e-07
     4.864 	  6.7263e-07 	 5.45931e-07
     4.865 	 6.71658e-07 	 5.45101e-07
     4.866 	 6.62098e-07 	 5.37239e-07
     4.867 	 6.53535e-07 	 5.30081e-07
     4.868 	 6.53881e-07 	 5.3026e-07
     4.869 	 6.54227e-07 	 5.30499e-07
     4.870 	 6.58935e-07 	 5.34213e-07
     4.871 	 6.68009e-07 	 5.41458e-07
     4.872 	 6.77087e-07 	 5.48704e-07
     4.873 	 6.77423e-07 	 5.48864e-07
     4.874 	 6.75576e-07 	 5.47318e-07
     4.875 	 6.72817e-07 	 5.44969e-07
     4.876 	 6.66411e-07 	 5.39505e-07
     4.877 	 6.60005e-07 	 5.34208e-07
     4.878 	 6.42002e-07 	 5.19528e-07
     4.879 	 6.12376e-07 	 4.9545e-07
     4.880 	 5.82765e-07 	 4.71394e-07
     4.881 	 5.65133e-07 	 4.57094e-07
     4.882 	 5.48834e-07 	 4.43822e-07
     4.883 	 5.36046e-07 	 4.33394e-07
     4.884 	 5.37277e-07 	 4.34301e-07
     4.885 	 5.38508e-07 	 4.35208e-07
     4.886 	 5.37177e-07 	 4.34045e-07
     4.887 	  5.3414e-07 	 4.31415e-07
     4.888 	 5.31104e-07 	 4.28876e-07
     4.889 	 5.25801e-07 	 4.24507e-07
     4.890 	 5.20245e-07 	 4.19935e-07
     4.891 	 5.15178e-07 	 4.15759e-07
     4.892 	  5.1206e-07 	 4.13204e-07
     4.893 	 5.08945e-07 	 4.10604e-07
     4.894 	 5.08678e-07 	 4.10303e-07
     4.895 	 5.10307e-07 	 4.1153e-07
     4.896 	 5.11937e-07 	 4.12758e-07
     4.897 	 5.40891e-07 	 4.3601e-07
     4.898 	 5.72887e-07 	 4.61704e-07
     4.899 	  6.0311e-07 	 4.85958e-07
     4.900 	 6.29146e-07 	 5.06829e-07
     4.901 	 6.55183e-07 	 5.27675e-07
     4.902 	 6.73837e-07 	 5.42567e-07
     4.903 	 6.87569e-07 	 5.53489e-07
     4.904 	   7.013e-07 	 5.64405e-07
     4.905 	 6.98484e-07 	 5.62001e-07
     4.906 	  6.9567e-07 	 5.59485e-07
     4.907 	  6.9017e-07 	 5.54861e-07
     4.908 	   6.784e-07 	 5.45264e-07
     4.909 	  6.6663e-07 	 5.35671e-07
     4.910 	 6.68829e-07 	 5.37305e-07
     4.911 	 6.77013e-07 	 5.43762e-07
     4.912 	   6.852e-07 	 5.50218e-07
     4.913 	 6.92739e-07 	 5.5615e-07
     4.914 	 7.00277e-07 	 5.6208e-07
     4.915 	  6.9954e-07 	 5.61364e-07
     4.916 	 6.86392e-07 	 5.50693e-07
     4.917 	 6.73244e-07 	 5.40025e-07
     4.918 	 6.71725e-07 	 5.38688e-07
     4.919 	 6.75186e-07 	 5.4128e-07
     4.920 	   6.814e-07 	 5.46252e-07
     4.921 	 7.12357e-07 	 5.70938e-07
     4.922 	 7.43314e-07 	 5.95612e-07
     4.923 	 7.63854e-07 	 6.1193e-07
     4.924 	 7.68744e-07 	 6.15705e-07
     4.925 	 7.73636e-07 	 6.19479e-07
     4.926 	 7.66533e-07 	 6.13577e-07
     4.927 	 7.54304e-07 	 6.03647e-07
     4.928 	 7.36462e-07 	 5.89231e-07
     4.929 	 6.68179e-07 	 5.34474e-07
     4.930 	 5.99896e-07 	 4.79742e-07
     4.931 	 5.36283e-07 	 4.28719e-07
     4.932 	 4.79752e-07 	 3.83435e-07
     4.933 	 4.23222e-07 	 3.38174e-07
     4.934 	 3.96792e-07 	 3.1698e-07
     4.935 	   3.779e-07 	 3.01815e-07
     4.936 	 3.59568e-07 	 2.87072e-07
     4.937 	 3.46262e-07 	 2.76382e-07
     4.938 	  3.3295e-07 	 2.65693e-07
     4.939 	 3.24114e-07 	 2.58579e-07
     4.940 	 3.19745e-07 	 2.55002e-07
     4.941 	 3.15375e-07 	 2.51458e-07
     4.942 	 3.30956e-07 	 2.63818e-07
     4.943 	 3.51534e-07 	 2.80155e-07
     4.944 	 3.78049e-07 	 3.01179e-07
     4.945 	 4.28369e-07 	 3.41186e-07
     4.946 	 4.78664e-07 	 3.81154e-07
     4.947 	 5.14804e-07 	 4.09785e-07
     4.948 	   5.368e-07 	 4.27191e-07
     4.949 	 5.58797e-07 	 4.4459e-07
     4.950 	 5.70132e-07 	 4.53445e-07
     4.951 	 5.80285e-07 	 4.61409e-07
     4.952 	  5.8364e-07 	 4.63965e-07
     4.953 	 5.59874e-07 	 4.45003e-07
     4.954 	 5.36109e-07 	 4.26011e-07
     4.955 	 5.17957e-07 	 4.11487e-07
     4.956 	  5.0355e-07 	 3.99897e-07
     4.957 	 4.89143e-07 	 3.88361e-07
     4.958 	 4.96803e-07 	 3.94346e-07
     4.959 	 5.06914e-07 	 4.02226e-07
     4.960 	 5.18166e-07 	 4.11053e-07
     4.961 	 5.33971e-07 	 4.23436e-07
     4.962 	 5.49776e-07 	 4.35862e-07
     4.963 	 5.70028e-07 	 4.51805e-07
     4.964 	 5.93257e-07 	 4.70044e-07
     4.965 	 6.16475e-07 	 4.88319e-07
     4.966 	 6.26864e-07 	 4.96366e-07
     4.967 	 6.35826e-07 	 5.03336e-07
     4.968 	 6.41811e-07 	 5.07946e-07
     4.969 	 6.40848e-07 	 5.07048e-07
     4.970 	 6.39885e-07 	 5.06159e-07
     4.971 	 6.32643e-07 	 5.00251e-07
     4.972 	 6.21221e-07 	 4.91101e-07
     4.973 	   6.098e-07 	 4.81998e-07
     4.974 	 5.99135e-07 	 4.73454e-07
     4.975 	 5.88471e-07 	 4.6486e-07
     4.976 	 5.90124e-07 	 4.66054e-07
     4.977 	 6.20607e-07 	 4.89951e-07
     4.978 	 6.51076e-07 	 5.1388e-07
     4.979 	 6.77009e-07 	 5.34218e-07
     4.980 	 7.01005e-07 	 5.52953e-07
     4.981 	    7.25e-07 	 5.7167e-07
     4.982 	 7.20924e-07 	 5.68314e-07
     4.983 	 7.16847e-07 	 5.64893e-07
     4.984 	 7.11244e-07 	 5.60337e-07
     4.985 	 7.03355e-07 	 5.53918e-07
     4.986 	 6.95466e-07 	 5.47566e-07
     4.987 	 6.83972e-07 	 5.38317e-07
     4.988 	 6.70933e-07 	 5.27922e-07
     4.989 	 6.56986e-07 	 5.16755e-07
     4.990 	 6.34879e-07 	 4.99241e-07
     4.991 	 6.12762e-07 	 4.81669e-07
     4.992 	 5.88961e-07 	 4.62841e-07
     4.993 	 5.62618e-07 	 4.42064e-07
     4.994 	 5.36276e-07 	 4.21208e-07
     4.995 	 5.13377e-07 	 4.0312e-07
     4.996 	  4.9134e-07 	 3.8567e-07
     4.997 	 4.69549e-07 	 3.6847e-07
     4.998 	 4.50068e-07 	 3.5305e-07
     4.999 	 4.30587e-07 	 3.37641e-07
     5.000 	 4.28147e-07 	 3.3564e-07
     5.001 	 4.51259e-07 	 3.53609e-07
     5.002 	 4.74371e-07 	 3.71608e-07
     5.003 	 4.98607e-07 	 3.90428e-07
     5.004 	 5.23137e-07 	 4.09464e-07
     5.005 	 5.47584e-07 	 4.28468e-07
     5.006 	 5.71388e-07 	 4.46905e-07
     5.007 	 5.95192e-07 	 4.65325e-07
     5.008 	  6.1654e-07 	 4.8181e-07
     5.009 	 6.35428e-07 	 4.96419e-07
     5.010 	 6.54326e-07 	 5.10965e-07
     5.011 	 6.64933e-07 	 5.1904e-07
     5.012 	 6.73471e-07 	 5.25557e-07
     5.013 	 6.80589e-07 	 5.30898e-07
     5.014 	 6.82033e-07 	 5.31811e-07
     5.015 	 6.83478e-07 	 5.32723e-07
     5.016 	 6.81836e-07 	 5.31401e-07
     5.017 	 6.77104e-07 	 5.275e-07
     5.018 	 6.72374e-07 	 5.23603e-07
     5.019 	 6.76867e-07 	 5.26951e-07
     5.020 	 6.82386e-07 	 5.31032e-07
     5.021 	 6.88887e-07 	 5.35873e-07
     5.022 	 6.99309e-07 	 5.43759e-07
     5.023 	  7.0973e-07 	 5.51703e-07
     5.024 	  6.9587e-07 	 5.40708e-07
     5.025 	 6.65839e-07 	 5.17162e-07
     5.026 	 6.35807e-07 	 4.93633e-07
     5.027 	 6.04666e-07 	 4.69263e-07
     5.028 	 5.73402e-07 	 4.4487e-07
     5.029 	 5.53175e-07 	 4.29e-07
     5.030 	 5.58771e-07 	 4.33161e-07
     5.031 	 5.64365e-07 	 4.37317e-07
     5.032 	 5.72091e-07 	 4.43121e-07
     5.033 	 5.81238e-07 	 4.50073e-07
     5.034 	 5.90384e-07 	 4.57012e-07
     5.035 	 6.14416e-07 	 4.75417e-07
     5.036 	 6.40105e-07 	 4.95088e-07
     5.037 	 6.62433e-07 	 5.12143e-07
     5.038 	 6.76877e-07 	 5.23154e-07
     5.039 	 6.91321e-07 	 5.34094e-07
     5.040 	 6.91954e-07 	 5.34359e-07
     5.041 	 6.83377e-07 	 5.27514e-07
     5.042 	   6.748e-07 	 5.20674e-07
     5.043 	 6.77023e-07 	 5.22169e-07
     5.044 	 6.79245e-07 	 5.23662e-07
     5.045 	 6.84792e-07 	 5.27778e-07
     5.046 	   6.981e-07 	 5.37807e-07
     5.047 	 7.11408e-07 	 5.47827e-07
     5.048 	 7.12911e-07 	 5.48751e-07
     5.049 	 7.09357e-07 	 5.45783e-07
     5.050 	   7.058e-07 	 5.42815e-07
     5.051 	 6.93453e-07 	 5.33091e-07
     5.052 	 6.81107e-07 	 5.23375e-07
     5.053 	  6.7413e-07 	 5.17854e-07
     5.054 	 6.75204e-07 	 5.18457e-07
     5.055 	 6.76278e-07 	 5.19058e-07
     5.056 	 6.79725e-07 	 5.21478e-07
     5.057 	 6.84186e-07 	 5.24675e-07
     5.058 	 6.86828e-07 	 5.26472e-07
     5.059 	 6.73127e-07 	 5.15747e-07
     5.060 	 6.59426e-07 	 5.0503e-07
     5.061 	 6.46235e-07 	 4.94812e-07
     5.062 	 6.33812e-07 	 4.85089e-07
     5.063 	 6.21382e-07 	 4.75368e-07
     5.064 	 6.27969e-07 	 4.80197e-07
     5.065 	 6.39302e-07 	 4.88649e-07
     5.066 	 6.51072e-07 	 4.97427e-07
     5.067 	 6.66773e-07 	 5.09261e-07
     5.068 	 6.82474e-07 	 5.21024e-07
     5.069 	 7.05208e-07 	 5.38142e-07
     5.070 	 7.38527e-07 	 5.63319e-07
     5.071 	  7.7183e-07 	 5.88461e-07
     5.072 	 7.90794e-07 	 6.02653e-07
     5.073 	 8.06167e-07 	 6.14095e-07
     5.074 	 8.17843e-07 	 6.22713e-07
     5.075 	 7.96308e-07 	 6.06047e-07
     5.076 	 7.74762e-07 	 5.89385e-07
     5.077 	 7.55794e-07 	 5.74699e-07
     5.078 	  7.3939e-07 	 5.61974e-07
     5.079 	 7.22986e-07 	 5.4926e-07
     5.080 	 7.09396e-07 	 5.38694e-07
     5.081 	 6.96511e-07 	 5.28671e-07
     5.082 	 6.87073e-07 	 5.21273e-07
     5.083 	 6.91446e-07 	 5.24354e-07
     5.084 	 6.95816e-07 	 5.27429e-07
     5.085 	  7.0633e-07 	 5.35157e-07
     5.086 	 7.22981e-07 	 5.47524e-07
     5.087 	 7.39632e-07 	 5.59879e-07
     5.088 	 7.69662e-07 	 5.82276e-07
     5.089 	 8.01195e-07 	 6.05855e-07
     5.090 	  8.3505e-07 	 6.31168e-07
     5.091 	 8.78235e-07 	 6.63506e-07
     5.092 	 9.21422e-07 	 6.95814e-07
     5.093 	 9.43033e-07 	 7.11807e-07
     5.094 	 9.50255e-07 	 7.16929e-07
     5.095 	 9.57477e-07 	 7.22044e-07
     5.096 	 9.58165e-07 	 7.22231e-07
     5.097 	 9.58127e-07 	 7.21868e-07
     5.098 	 9.52023e-07 	 7.16937e-07
     5.099 	 9.31764e-07 	 7.01356e-07
     5.100 	 9.11506e-07 	 6.85649e-07
     5.101 	 8.91626e-07 	 6.70383e-07
     5.102 	 8.71991e-07 	 6.55314e-07
     5.103 	 8.52365e-07 	 6.40189e-07
     5.104 	 8.38736e-07 	 6.29657e-07
     5.105 	 8.25774e-07 	 6.19636e-07
     5.106 	 8.14723e-07 	 6.11057e-07
     5.107 	  8.0813e-07 	 6.05827e-07
     5.108 	 8.01538e-07 	 6.00602e-07
     5.109 	 8.12684e-07 	 6.08667e-07
     5.110 	 8.35642e-07 	 6.25566e-07
     5.111 	   8.586e-07 	 6.42369e-07
     5.112 	 8.83225e-07 	 6.6048e-07
     5.113 	  9.0785e-07 	 6.78572e-07
     5.114 	 9.34121e-07 	 6.97875e-07
     5.115 	 9.64243e-07 	 7.20036e-07
     5.116 	 9.94379e-07 	 7.42095e-07
     5.117 	 1.01523e-06 	 7.57293e-07
     5.118 	 1.03211e-06 	 7.69515e-07
     5.119 	   1.049e-06 	 7.81733e-07
     5.120 	 1.04108e-06 	 7.75457e-07
     5.121 	 1.03316e-06 	 7.69094e-07
     5.122 	 1.02382e-06 	 7.61774e-07
     5.123 	 1.01238e-06 	 7.52897e-07
     5.124 	 1.00093e-06 	 7.44022e-07
     5.125 	 9.86191e-07 	 7.32711e-07
     5.126 	 9.70037e-07 	 7.2027e-07
     5.127 	 9.52989e-07 	 7.07267e-07
     5.128 	  9.2792e-07 	 6.88326e-07
     5.129 	 9.02839e-07 	 6.69394e-07
     5.130 	 8.74983e-07 	 6.48345e-07
     5.131 	  8.4295e-07 	 6.2432e-07
     5.132 	 8.10916e-07 	 6.00315e-07
     5.133 	 7.96414e-07 	 5.89234e-07
     5.134 	 7.86303e-07 	 5.81482e-07
     5.135 	 7.77265e-07 	 5.7453e-07
     5.136 	 7.77919e-07 	 5.74746e-07
     5.137 	 7.78573e-07 	 5.74889e-07
     5.138 	 7.74547e-07 	 5.71648e-07
     5.139 	 7.65845e-07 	 5.6496e-07
     5.140 	 7.57143e-07 	 5.5821e-07
     5.141 	 7.45892e-07 	 5.4964e-07
     5.142 	 7.33998e-07 	 5.40605e-07
     5.143 	  7.2449e-07 	 5.3327e-07
     5.144 	 7.36373e-07 	 5.41745e-07
     5.145 	 7.48256e-07 	 5.50211e-07
     5.146 	 7.63325e-07 	 5.6094e-07
     5.147 	 7.81584e-07 	 5.74011e-07
     5.148 	 7.99843e-07 	 5.87004e-07
     5.149 	 8.29384e-07 	 6.08302e-07
     5.150 	 8.61731e-07 	 6.31706e-07
     5.151 	 8.94868e-07 	 6.55584e-07
     5.152 	 9.31157e-07 	 6.81824e-07
     5.153 	 9.67447e-07 	 7.08036e-07
     5.154 	 9.84985e-07 	 7.20415e-07
     5.155 	 9.83754e-07 	 7.19148e-07
     5.156 	 9.82523e-07 	 7.1788e-07
     5.157 	 9.79533e-07 	 7.15241e-07
     5.158 	 9.76348e-07 	 7.1255e-07
     5.159 	 9.78521e-07 	 7.1368e-07
     5.160 	 1.00209e-06 	 7.30494e-07
     5.161 	 1.02567e-06 	 7.47297e-07
     5.162 	 1.04842e-06 	 7.63384e-07
     5.163 	  1.0706e-06 	 7.7913e-07
     5.164 	 1.09278e-06 	 7.94761e-07
     5.165 	 1.09448e-06 	 7.95584e-07
     5.166 	  1.0939e-06 	 7.9465e-07
     5.167 	 1.09326e-06 	 7.93771e-07
     5.168 	 1.09244e-06 	 7.92762e-07
     5.169 	 1.09163e-06 	 7.91661e-07
     5.170 	 1.08975e-06 	 7.89884e-07
     5.171 	 1.08718e-06 	 7.8751e-07
     5.172 	  1.0846e-06 	 7.85228e-07
     5.173 	 1.08016e-06 	 7.81504e-07
     5.174 	 1.07571e-06 	 7.77874e-07
     5.175 	 1.06886e-06 	 7.72355e-07
     5.176 	 1.05637e-06 	 7.62831e-07
     5.177 	 1.04389e-06 	 7.53419e-07
     5.178 	 1.03013e-06 	 7.43e-07
     5.179 	 1.01552e-06 	 7.32072e-07
     5.180 	  1.0009e-06 	 7.21059e-07
     5.181 	 9.81302e-07 	 7.06562e-07
     5.182 	 9.61713e-07 	 6.92001e-07
     5.183 	 9.42105e-07 	 6.77529e-07
     5.184 	  9.2245e-07 	 6.62955e-07
     5.185 	 9.02795e-07 	 6.4848e-07
     5.186 	 8.83809e-07 	 6.34421e-07
     5.187 	 8.65109e-07 	 6.20663e-07
     5.188 	   8.464e-07 	 6.06836e-07
     5.189 	 8.36823e-07 	 5.99645e-07
     5.190 	 8.27245e-07 	 5.92385e-07
     5.191 	 8.24597e-07 	 5.90168e-07
     5.192 	 8.32337e-07 	 5.95309e-07
     5.193 	 8.40078e-07 	 6.00517e-07
     5.194 	 8.54218e-07 	 6.10215e-07
     5.195 	 8.71108e-07 	 6.2194e-07
     5.196 	 8.89511e-07 	 6.34522e-07
     5.197 	 9.21579e-07 	 6.57036e-07
     5.198 	 9.53647e-07 	 6.79439e-07
     5.199 	 9.77281e-07 	 6.95894e-07
     5.200 	 9.88243e-07 	 7.03223e-07
     5.201 	  9.9921e-07 	 7.10633e-07
     5.202 	   9.835e-07 	 6.99072e-07
     5.203 	  9.6113e-07 	 6.82706e-07
     5.204 	 9.39537e-07 	 6.66997e-07
     5.205 	 9.24923e-07 	 6.56173e-07
     5.206 	  9.1031e-07 	 6.45445e-07
     5.207 	 9.00502e-07 	 6.38134e-07
     5.208 	   8.955e-07 	 6.34233e-07
     5.209 	 8.90501e-07 	 6.3026e-07
     5.210 	 8.90596e-07 	 6.29972e-07
     5.211 	 8.91967e-07 	 6.30586e-07
     5.212 	 8.94086e-07 	 6.31727e-07
     5.213 	 9.02931e-07 	 6.37616e-07
     5.214 	  9.1178e-07 	 6.43499e-07
     5.215 	 9.21572e-07 	 6.49828e-07
     5.216 	 9.32311e-07 	 6.57026e-07
     5.217 	 9.43049e-07 	 6.64215e-07
     5.218 	 9.56089e-07 	 6.73015e-07
     5.219 	 9.69705e-07 	 6.82208e-07
     5.220 	 9.81577e-07 	 6.90095e-07
     5.221 	 9.86468e-07 	 6.93224e-07
     5.222 	 9.91357e-07 	 6.96258e-07
     5.223 	 9.92261e-07 	 6.96492e-07
     5.224 	 9.89185e-07 	 6.93933e-07
     5.225 	 9.86108e-07 	 6.91374e-07
     5.226 	 9.79334e-07 	 6.86228e-07
     5.227 	 9.72146e-07 	 6.80796e-07
     5.228 	 9.64205e-07 	 6.74843e-07
     5.229 	 9.53245e-07 	 6.66784e-07
     5.230 	 9.42285e-07 	 6.58733e-07
     5.231 	 9.35923e-07 	 6.5377e-07
     5.232 	 9.32626e-07 	 6.51086e-07
     5.233 	  9.2933e-07 	 6.48486e-07
     5.234 	 9.31285e-07 	 6.49469e-07
     5.235 	 9.33823e-07 	 6.50856e-07
     5.236 	 9.32645e-07 	 6.49652e-07
     5.237 	 9.22793e-07 	 6.42411e-07
     5.238 	 9.12942e-07 	 6.35177e-07
     5.239 	  8.9728e-07 	 6.2391e-07
     5.240 	 8.77745e-07 	 6.09965e-07
     5.241 	   8.582e-07 	 5.96029e-07
     5.242 	 8.52533e-07 	 5.9174e-07
     5.243 	 8.46867e-07 	 5.87456e-07
     5.244 	 8.44146e-07 	 5.8522e-07
     5.245 	   8.483e-07 	 5.87747e-07
     5.246 	 8.52454e-07 	 5.90271e-07
     5.247 	 8.51703e-07 	 5.89277e-07
     5.248 	 8.48851e-07 	 5.86951e-07
     5.249 	    8.46e-07 	 5.84626e-07
     5.250 	 8.37927e-07 	 5.78698e-07
     5.251 	 8.29855e-07 	 5.72777e-07
     5.252 	 8.25283e-07 	 5.69204e-07
     5.253 	 8.28899e-07 	 5.71351e-07
     5.254 	 8.32517e-07 	 5.73495e-07
     5.255 	 8.42549e-07 	 5.80052e-07
     5.256 	 8.55325e-07 	 5.88414e-07
     5.257 	   8.681e-07 	 5.96837e-07
     5.258 	 8.85059e-07 	 6.08124e-07
     5.259 	 9.02018e-07 	 6.19317e-07
     5.260 	 9.20098e-07 	 6.31343e-07
     5.261 	 9.39838e-07 	 6.44519e-07
     5.262 	 9.59579e-07 	 6.57897e-07
     5.263 	 9.61919e-07 	 6.59258e-07
     5.264 	 9.56803e-07 	 6.5551e-07
     5.265 	 9.49682e-07 	 6.50474e-07
     5.266 	 9.24539e-07 	 6.33019e-07
     5.267 	 8.99384e-07 	 6.15568e-07
     5.268 	 8.72007e-07 	 5.96549e-07
     5.269 	  8.4128e-07 	 5.75389e-07
     5.270 	 8.10554e-07 	 5.54169e-07
     5.271 	  7.7881e-07 	 5.32269e-07
     5.272 	  7.4681e-07 	 5.1021e-07
     5.273 	 7.16735e-07 	 4.89482e-07
     5.274 	 7.04036e-07 	 4.80534e-07
     5.275 	 6.91343e-07 	 4.71695e-07
     5.276 	 6.87315e-07 	 4.68714e-07
     5.277 	 6.91944e-07 	 4.71695e-07
     5.278 	 6.96573e-07 	 4.74675e-07
     5.279 	 7.11865e-07 	 4.84853e-07
     5.280 	 7.29835e-07 	 4.96844e-07
     5.281 	 7.50956e-07 	 5.11032e-07
     5.282 	 7.84691e-07 	 5.33723e-07
     5.283 	 8.18425e-07 	 5.5639e-07
     5.284 	 8.48423e-07 	 5.76494e-07
     5.285 	 8.74682e-07 	 5.9404e-07
     5.286 	 9.00941e-07 	 6.11567e-07
     5.287 	  9.1768e-07 	 6.2249e-07
     5.288 	 9.32027e-07 	 6.31905e-07
     5.289 	 9.47438e-07 	 6.42031e-07
     5.290 	 9.67101e-07 	 6.55112e-07
     5.291 	 9.86764e-07 	 6.68096e-07
     5.292 	 1.01146e-06 	 6.8456e-07
     5.293 	  1.0412e-06 	 7.04334e-07
     5.294 	 1.07092e-06 	 7.24168e-07
     5.295 	  1.0902e-06 	 7.36834e-07
     5.296 	 1.10831e-06 	 7.48601e-07
     5.297 	 1.12248e-06 	 7.57693e-07
     5.298 	 1.12086e-06 	 7.56119e-07
     5.299 	 1.11925e-06 	 7.5436e-07
     5.300 	  1.1154e-06 	 7.50941e-07
     5.301 	 1.11007e-06 	 7.46491e-07
     5.302 	 1.10473e-06 	 7.42042e-07
     5.303 	 1.09275e-06 	 7.32956e-07
     5.304 	 1.08002e-06 	 7.23296e-07
     5.305 	 1.06869e-06 	 7.14413e-07
     5.306 	 1.06065e-06 	 7.07752e-07
     5.307 	 1.05261e-06 	 7.00836e-07
     5.308 	 1.05012e-06 	 6.97559e-07
     5.309 	 1.05131e-06 	 6.96526e-07
     5.310 	  1.0525e-06 	 6.95304e-07
     5.311 	 1.04924e-06 	 6.91055e-07
     5.312 	 1.04598e-06 	 6.86497e-07
     5.313 	 1.03872e-06 	 6.79298e-07
     5.314 	  1.0221e-06 	 6.65853e-07
     5.315 	 1.00548e-06 	 6.52406e-07
     5.316 	 9.90259e-07 	 6.39775e-07
     5.317 	 9.75629e-07 	 6.27525e-07
     5.318 	    9.61e-07 	 6.15191e-07
     5.319 	 9.49484e-07 	 6.04848e-07
     5.320 	 9.37962e-07 	 5.94492e-07
     5.321 	 9.26923e-07 	 5.84352e-07
     5.322 	    9.17e-07 	 5.74905e-07
     5.323 	 9.07077e-07 	 5.65335e-07
     5.324 	 9.04307e-07 	 5.60305e-07
     5.325 	 9.04604e-07 	 5.57027e-07
     5.326 	   9.049e-07 	 5.53748e-07
     5.327 	 9.07169e-07 	 5.51507e-07
     5.328 	 9.09439e-07 	 5.49248e-07
     5.329 	 9.21099e-07 	 5.52524e-07
     5.330 	 9.46839e-07 	 5.63928e-07
     5.331 	 9.72579e-07 	 5.75027e-07
     5.332 	 1.00017e-06 	 5.86988e-07
     5.333 	 1.02856e-06 	 5.99088e-07
     5.334 	 1.05468e-06 	 6.09314e-07
     5.335 	  1.0605e-06 	 6.07785e-07
     5.336 	 1.06631e-06 	 6.06106e-07
     5.337 	 1.07224e-06 	 6.04438e-07
     5.338 	 1.07836e-06 	 6.02634e-07
     5.339 	 1.08448e-06 	 6.00865e-07
     5.340 	 1.09625e-06 	 6.01949e-07
     5.341 	 1.10944e-06 	 6.03688e-07
     5.342 	 1.12277e-06 	 6.05274e-07
     5.343 	 1.13742e-06 	 6.07332e-07
     5.344 	 1.15207e-06 	 6.09177e-07
     5.345 	 1.16158e-06 	 6.08117e-07
     5.346 	 1.16596e-06 	 6.04325e-07
     5.347 	 1.17032e-06 	 6.00475e-07
     5.348 	 1.17357e-06 	 5.95913e-07
     5.349 	 1.17653e-06 	 5.91171e-07
     5.350 	 1.17728e-06 	 5.85297e-07
     5.351 	 1.16917e-06 	 5.75058e-07
     5.352 	 1.16105e-06 	 5.64801e-07
     5.353 	 1.15161e-06 	 5.53994e-07
     5.354 	 1.14083e-06 	 5.42652e-07
     5.355 	 1.13006e-06 	 5.31332e-07
     5.356 	 1.12446e-06 	 5.22524e-07
     5.357 	 1.12015e-06 	 5.14379e-07
     5.358 	 1.11641e-06 	 5.06637e-07
     5.359 	 1.11497e-06 	 4.99873e-07
     5.360 	 1.11352e-06 	 4.93213e-07
     5.361 	 1.11099e-06 	 4.86001e-07
     5.362 	 1.10738e-06 	 4.78446e-07
     5.363 	 1.10376e-06 	 4.70924e-07
     5.364 	  1.0992e-06 	 4.63048e-07
     5.365 	 1.09453e-06 	 4.55173e-07
     5.366 	 1.09224e-06 	 4.48237e-07
     5.367 	 1.09943e-06 	 4.4535e-07
     5.368 	 1.10662e-06 	 4.42388e-07
     5.369 	 1.12016e-06 	 4.41855e-07
     5.370 	 1.13794e-06 	 4.42924e-07
     5.371 	 1.15572e-06 	 4.4381e-07
     5.372 	 1.16623e-06 	 4.4186e-07
     5.373 	 1.17592e-06 	 4.39492e-07
     5.374 	 1.18192e-06 	 4.35665e-07
     5.375 	 1.17933e-06 	 4.28757e-07
     5.376 	 1.17674e-06 	 4.21976e-07
     5.377 	 1.17757e-06 	 4.16304e-07
     5.378 	 1.18068e-06 	 4.11651e-07
     5.379 	  1.1838e-06 	 4.06973e-07
     5.380 	 1.19847e-06 	 4.06384e-07
     5.381 	 1.21313e-06 	 4.05549e-07
     5.382 	 1.22643e-06 	 4.04338e-07
     5.383 	 1.23655e-06 	 4.0197e-07
     5.384 	 1.24667e-06 	 3.99727e-07
     5.385 	 1.24389e-06 	 3.93318e-07
     5.386 	 1.23559e-06 	 3.85317e-07
     5.387 	  1.2273e-06 	 3.7742e-07
     5.388 	 1.21703e-06 	 3.69181e-07
     5.389 	 1.20676e-06 	 3.61236e-07
     5.390 	 1.19167e-06 	 3.52052e-07
     5.391 	 1.16934e-06 	 3.40978e-07
     5.392 	 1.14699e-06 	 3.30172e-07
     5.393 	 1.12554e-06 	 3.19885e-07
     5.394 	 1.10447e-06 	 3.10052e-07
     5.395 	  1.0834e-06 	 3.00367e-07
     5.396 	  1.0949e-06 	 2.99935e-07
     5.397 	  1.1064e-06 	 2.99366e-07
     5.398 	 1.11783e-06 	 2.9886e-07
     5.399 	 1.12917e-06 	 2.98359e-07
     5.400 	  1.1405e-06 	 2.97879e-07
     5.401 	 1.15672e-06 	 2.98593e-07
     5.402 	 1.17503e-06 	 2.99947e-07
     5.403 	 1.19342e-06 	 3.01111e-07
     5.404 	 1.21256e-06 	 3.02458e-07
     5.405 	 1.23172e-06 	 3.0381e-07
     5.406 	 1.24905e-06 	 3.04498e-07
     5.407 	 1.26366e-06 	 3.04479e-07
     5.408 	 1.27827e-06 	 3.0441e-07
     5.409 	 1.29127e-06 	 3.03912e-07
     5.410 	 1.30386e-06 	 3.03133e-07
     5.411 	  1.3127e-06 	 3.01533e-07
     5.412 	 1.28765e-06 	 2.92085e-07
     5.413 	 1.26261e-06 	 2.8289e-07
     5.414 	 1.22928e-06 	 2.71893e-07
     5.415 	 1.18766e-06 	 2.59278e-07
     5.416 	 1.14604e-06 	 2.46902e-07
     5.417 	 1.11875e-06 	 2.37762e-07
     5.418 	 1.09505e-06 	 2.29584e-07
     5.419 	 1.07464e-06 	 2.22219e-07
     5.420 	 1.06734e-06 	 2.1774e-07
     5.421 	 1.06005e-06 	 2.1321e-07
     5.422 	 1.05367e-06 	 2.08902e-07
     5.423 	 1.04821e-06 	 2.04902e-07
     5.424 	 1.04275e-06 	 2.00931e-07
     5.425 	  1.0403e-06 	 1.97566e-07
     5.426 	 1.03819e-06 	 1.94234e-07
     5.427 	 1.03599e-06 	 1.9094e-07
     5.428 	 1.03343e-06 	 1.87592e-07
     5.429 	 1.03088e-06 	 1.8426e-07
     5.430 	 1.02747e-06 	 1.80879e-07
     5.431 	  1.0232e-06 	 1.77281e-07
     5.432 	 1.01893e-06 	 1.73794e-07
     5.433 	 1.01667e-06 	 1.70667e-07
     5.434 	 1.01463e-06 	 1.67588e-07
     5.435 	 1.01697e-06 	 1.65233e-07
     5.436 	 1.03677e-06 	 1.65621e-07
     5.437 	 1.05658e-06 	 1.66028e-07
     5.438 	 1.07651e-06 	 1.66336e-07
     5.439 	  1.0965e-06 	 1.66467e-07
     5.440 	  1.1165e-06 	 1.66591e-07
     5.441 	 1.12328e-06 	 1.6477e-07
     5.442 	 1.12858e-06 	 1.62604e-07
     5.443 	 1.13354e-06 	 1.6046e-07
     5.444 	 1.13769e-06 	 1.58177e-07
     5.445 	 1.14184e-06 	 1.55845e-07
     5.446 	 1.15606e-06 	 1.54869e-07
     5.447 	 1.17698e-06 	 1.54704e-07
     5.448 	  1.1979e-06 	 1.54537e-07
     5.449 	 1.22367e-06 	 1.54882e-07
     5.450 	 1.24945e-06 	 1.55102e-07
     5.451 	  1.2713e-06 	 1.54832e-07
     5.452 	 1.28395e-06 	 1.53357e-07
     5.453 	  1.2966e-06 	 1.51824e-07
     5.454 	 1.30289e-06 	 1.49501e-07
     5.455 	 1.30644e-06 	 1.46924e-07
     5.456 	    1.31e-06 	 1.44363e-07
     5.457 	 1.30704e-06 	 1.41081e-07
     5.458 	 1.30408e-06 	 1.37815e-07
     5.459 	 1.29824e-06 	 1.34375e-07
     5.460 	 1.28809e-06 	 1.30525e-07
     5.461 	 1.27794e-06 	 1.26829e-07
     5.462 	  1.2673e-06 	 1.23129e-07
     5.463 	 1.25645e-06 	 1.19452e-07
     5.464 	  1.2456e-06 	 1.15799e-07
     5.465 	 1.23225e-06 	 1.12092e-07
     5.466 	 1.21891e-06 	 1.08442e-07
     5.467 	 1.20685e-06 	 1.0506e-07
     5.468 	 1.19674e-06 	 1.01881e-07
     5.469 	 1.18663e-06 	 9.87514e-08
     5.470 	 1.18831e-06 	 9.66183e-08
     5.471 	 1.19504e-06 	 9.49837e-08
     5.472 	 1.20176e-06 	 9.34282e-08
     5.473 	 1.20831e-06 	 9.18362e-08
     5.474 	 1.21486e-06 	 9.02031e-08
     5.475 	 1.21688e-06 	 8.82386e-08
     5.476 	 1.21207e-06 	 8.58878e-08
     5.477 	 1.20726e-06 	 8.36579e-08
     5.478 	 1.20215e-06 	 8.14237e-08
     5.479 	 1.19697e-06 	 7.91997e-08
     5.480 	 1.19055e-06 	 7.70154e-08
     5.481 	 1.17305e-06 	 7.41507e-08
     5.482 	 1.15555e-06 	 7.13365e-08
     5.483 	 1.13707e-06 	 6.86987e-08
     5.484 	 1.11758e-06 	 6.59679e-08
     5.485 	  1.0981e-06 	 6.33862e-08
     5.486 	 1.09629e-06 	 6.19474e-08
     5.487 	 1.09891e-06 	 6.07589e-08
     5.488 	 1.10469e-06 	 5.9734e-08
     5.489 	 1.12309e-06 	 5.94606e-08
     5.490 	 1.14149e-06 	 5.91446e-08
     5.491 	 1.15901e-06 	 5.88441e-08
     5.492 	 1.17562e-06 	 5.8551e-08
     5.493 	 1.19224e-06 	 5.82397e-08
     5.494 	 1.20426e-06 	 5.7781e-08
     5.495 	 1.21578e-06 	 5.72767e-08
     5.496 	  1.2271e-06 	 5.68508e-08
     5.497 	 1.23762e-06 	 5.63651e-08
     5.498 	 1.24814e-06 	 5.58675e-08
     5.499 	           0 	        0
     5.500 	           0 	        0
