Wavelength 	 FilterTrans 	      PCE
     0.500 	           0 	        0
     0.501 	           0 	        0
     0.502 	           0 	        0
     0.503 	           0 	        0
     0.504 	           0 	        0
     0.505 	           0 	        0
     0.506 	           0 	        0
     0.507 	           0 	        0
     0.508 	           0 	        0
     0.509 	           0 	        0
     0.510 	           0 	        0
     0.511 	           0 	        0
     0.512 	           0 	        0
     0.513 	           0 	        0
     0.514 	           0 	        0
     0.515 	           0 	        0
     0.516 	           0 	        0
     0.517 	           0 	        0
     0.518 	           0 	        0
     0.519 	           0 	        0
     0.520 	           0 	        0
     0.521 	           0 	        0
     0.522 	           0 	        0
     0.523 	           0 	        0
     0.524 	           0 	        0
     0.525 	           0 	        0
     0.526 	           0 	        0
     0.527 	           0 	        0
     0.528 	           0 	        0
     0.529 	           0 	        0
     0.530 	           0 	        0
     0.531 	           0 	        0
     0.532 	           0 	        0
     0.533 	           0 	        0
     0.534 	           0 	        0
     0.535 	           0 	        0
     0.536 	           0 	        0
     0.537 	           0 	        0
     0.538 	           0 	        0
     0.539 	           0 	        0
     0.540 	           0 	        0
     0.541 	           0 	        0
     0.542 	           0 	        0
     0.543 	           0 	        0
     0.544 	           0 	        0
     0.545 	           0 	        0
     0.546 	           0 	        0
     0.547 	           0 	        0
     0.548 	           0 	        0
     0.549 	           0 	        0
     0.550 	           0 	        0
     0.551 	           0 	        0
     0.552 	           0 	        0
     0.553 	           0 	        0
     0.554 	           0 	        0
     0.555 	           0 	        0
     0.556 	           0 	        0
     0.557 	           0 	        0
     0.558 	           0 	        0
     0.559 	           0 	        0
     0.560 	           0 	        0
     0.561 	           0 	        0
     0.562 	           0 	        0
     0.563 	           0 	        0
     0.564 	           0 	        0
     0.565 	           0 	        0
     0.566 	           0 	        0
     0.567 	           0 	        0
     0.568 	           0 	        0
     0.569 	           0 	        0
     0.570 	           0 	        0
     0.571 	           0 	        0
     0.572 	           0 	        0
     0.573 	           0 	        0
     0.574 	           0 	        0
     0.575 	           0 	        0
     0.576 	           0 	        0
     0.577 	           0 	        0
     0.578 	           0 	        0
     0.579 	           0 	        0
     0.580 	           0 	        0
     0.581 	           0 	        0
     0.582 	           0 	        0
     0.583 	           0 	        0
     0.584 	           0 	        0
     0.585 	           0 	        0
     0.586 	           0 	        0
     0.587 	           0 	        0
     0.588 	           0 	        0
     0.589 	           0 	        0
     0.590 	           0 	        0
     0.591 	           0 	        0
     0.592 	           0 	        0
     0.593 	           0 	        0
     0.594 	           0 	        0
     0.595 	           0 	        0
     0.596 	           0 	        0
     0.597 	           0 	        0
     0.598 	           0 	        0
     0.599 	           0 	        0
     0.600 	           0 	        0
     0.601 	           0 	        0
     0.602 	           0 	        0
     0.603 	           0 	        0
     0.604 	           0 	        0
     0.605 	           0 	        0
     0.606 	           0 	        0
     0.607 	           0 	        0
     0.608 	           0 	        0
     0.609 	           0 	        0
     0.610 	           0 	        0
     0.611 	           0 	        0
     0.612 	           0 	        0
     0.613 	           0 	        0
     0.614 	           0 	        0
     0.615 	           0 	        0
     0.616 	           0 	        0
     0.617 	           0 	        0
     0.618 	           0 	        0
     0.619 	           0 	        0
     0.620 	           0 	        0
     0.621 	           0 	        0
     0.622 	           0 	        0
     0.623 	           0 	        0
     0.624 	           0 	        0
     0.625 	           0 	        0
     0.626 	           0 	        0
     0.627 	           0 	        0
     0.628 	           0 	        0
     0.629 	           0 	        0
     0.630 	           0 	        0
     0.631 	           0 	        0
     0.632 	           0 	        0
     0.633 	           0 	        0
     0.634 	           0 	        0
     0.635 	           0 	        0
     0.636 	           0 	        0
     0.637 	           0 	        0
     0.638 	           0 	        0
     0.639 	           0 	        0
     0.640 	           0 	        0
     0.641 	           0 	        0
     0.642 	           0 	        0
     0.643 	           0 	        0
     0.644 	           0 	        0
     0.645 	 1.05157e-08 	 5.24163e-09
     0.646 	           0 	        0
     0.647 	           0 	        0
     0.648 	           0 	        0
     0.649 	           0 	        0
     0.650 	           0 	        0
     0.651 	           0 	        0
     0.652 	           0 	        0
     0.653 	           0 	        0
     0.654 	           0 	        0
     0.655 	           0 	        0
     0.656 	           0 	        0
     0.657 	           0 	        0
     0.658 	           0 	        0
     0.659 	           0 	        0
     0.660 	           0 	        0
     0.661 	           0 	        0
     0.662 	           0 	        0
     0.663 	           0 	        0
     0.664 	           0 	        0
     0.665 	           0 	        0
     0.666 	           0 	        0
     0.667 	           0 	        0
     0.668 	           0 	        0
     0.669 	           0 	        0
     0.670 	           0 	        0
     0.671 	           0 	        0
     0.672 	           0 	        0
     0.673 	           0 	        0
     0.674 	           0 	        0
     0.675 	           0 	        0
     0.676 	           0 	        0
     0.677 	           0 	        0
     0.678 	           0 	        0
     0.679 	           0 	        0
     0.680 	           0 	        0
     0.681 	           0 	        0
     0.682 	           0 	        0
     0.683 	           0 	        0
     0.684 	           0 	        0
     0.685 	           0 	        0
     0.686 	           0 	        0
     0.687 	           0 	        0
     0.688 	           0 	        0
     0.689 	  1.1012e-08 	 8.08259e-09
     0.690 	 3.36734e-08 	 2.4866e-08
     0.691 	 4.92337e-08 	 3.65586e-08
     0.692 	 3.94023e-08 	 2.94173e-08
     0.693 	           0 	        0
     0.694 	           0 	        0
     0.695 	           0 	        0
     0.696 	           0 	        0
     0.697 	           0 	        0
     0.698 	           0 	        0
     0.699 	 2.06937e-08 	 1.60148e-08
     0.700 	 3.21147e-08 	 2.49747e-08
     0.701 	 3.14176e-08 	 2.45451e-08
     0.702 	 2.44272e-08 	 1.91749e-08
     0.703 	 2.61748e-08 	 2.06409e-08
     0.704 	 2.90496e-08 	 2.30089e-08
     0.705 	 3.75801e-08 	 2.98945e-08
     0.706 	 4.21804e-08 	 3.36976e-08
     0.707 	  2.1771e-08 	 1.74636e-08
     0.708 	           0 	        0
     0.709 	           0 	        0
     0.710 	           0 	        0
     0.711 	           0 	        0
     0.712 	           0 	        0
     0.713 	           0 	        0
     0.714 	           0 	        0
     0.715 	           0 	        0
     0.716 	           0 	        0
     0.717 	           0 	        0
     0.718 	           0 	        0
     0.719 	           0 	        0
     0.720 	           0 	        0
     0.721 	           0 	        0
     0.722 	           0 	        0
     0.723 	           0 	        0
     0.724 	           0 	        0
     0.725 	           0 	        0
     0.726 	           0 	        0
     0.727 	           0 	        0
     0.728 	           0 	        0
     0.729 	           0 	        0
     0.730 	           0 	        0
     0.731 	           0 	        0
     0.732 	           0 	        0
     0.733 	           0 	        0
     0.734 	           0 	        0
     0.735 	           0 	        0
     0.736 	           0 	        0
     0.737 	           0 	        0
     0.738 	           0 	        0
     0.739 	           0 	        0
     0.740 	           0 	        0
     0.741 	           0 	        0
     0.742 	           0 	        0
     0.743 	           0 	        0
     0.744 	           0 	        0
     0.745 	           0 	        0
     0.746 	           0 	        0
     0.747 	           0 	        0
     0.748 	           0 	        0
     0.749 	           0 	        0
     0.750 	           0 	        0
     0.751 	           0 	        0
     0.752 	           0 	        0
     0.753 	           0 	        0
     0.754 	           0 	        0
     0.755 	           0 	        0
     0.756 	           0 	        0
     0.757 	           0 	        0
     0.758 	           0 	        0
     0.759 	           0 	        0
     0.760 	           0 	        0
     0.761 	           0 	        0
     0.762 	           0 	        0
     0.763 	           0 	        0
     0.764 	           0 	        0
     0.765 	           0 	        0
     0.766 	           0 	        0
     0.767 	           0 	        0
     0.768 	           0 	        0
     0.769 	           0 	        0
     0.770 	           0 	        0
     0.771 	           0 	        0
     0.772 	           0 	        0
     0.773 	           0 	        0
     0.774 	           0 	        0
     0.775 	           0 	        0
     0.776 	           0 	        0
     0.777 	           0 	        0
     0.778 	           0 	        0
     0.779 	           0 	        0
     0.780 	           0 	        0
     0.781 	           0 	        0
     0.782 	           0 	        0
     0.783 	           0 	        0
     0.784 	           0 	        0
     0.785 	           0 	        0
     0.786 	           0 	        0
     0.787 	           0 	        0
     0.788 	           0 	        0
     0.789 	           0 	        0
     0.790 	           0 	        0
     0.791 	           0 	        0
     0.792 	           0 	        0
     0.793 	           0 	        0
     0.794 	           0 	        0
     0.795 	           0 	        0
     0.796 	           0 	        0
     0.797 	           0 	        0
     0.798 	           0 	        0
     0.799 	           0 	        0
     0.800 	           0 	        0
     0.801 	           0 	        0
     0.802 	           0 	        0
     0.803 	           0 	        0
     0.804 	           0 	        0
     0.805 	           0 	        0
     0.806 	           0 	        0
     0.807 	           0 	        0
     0.808 	           0 	        0
     0.809 	           0 	        0
     0.810 	           0 	        0
     0.811 	           0 	        0
     0.812 	           0 	        0
     0.813 	           0 	        0
     0.814 	           0 	        0
     0.815 	           0 	        0
     0.816 	           0 	        0
     0.817 	           0 	        0
     0.818 	           0 	        0
     0.819 	           0 	        0
     0.820 	           0 	        0
     0.821 	           0 	        0
     0.822 	           0 	        0
     0.823 	           0 	        0
     0.824 	           0 	        0
     0.825 	           0 	        0
     0.826 	           0 	        0
     0.827 	           0 	        0
     0.828 	           0 	        0
     0.829 	           0 	        0
     0.830 	           0 	        0
     0.831 	           0 	        0
     0.832 	           0 	        0
     0.833 	           0 	        0
     0.834 	           0 	        0
     0.835 	           0 	        0
     0.836 	           0 	        0
     0.837 	           0 	        0
     0.838 	           0 	        0
     0.839 	           0 	        0
     0.840 	           0 	        0
     0.841 	           0 	        0
     0.842 	           0 	        0
     0.843 	           0 	        0
     0.844 	           0 	        0
     0.845 	           0 	        0
     0.846 	           0 	        0
     0.847 	           0 	        0
     0.848 	           0 	        0
     0.849 	           0 	        0
     0.850 	           0 	        0
     0.851 	           0 	        0
     0.852 	           0 	        0
     0.853 	           0 	        0
     0.854 	           0 	        0
     0.855 	           0 	        0
     0.856 	  1.0115e-08 	 8.28958e-09
     0.857 	 1.03323e-08 	 8.46235e-09
     0.858 	           0 	        0
     0.859 	 1.16476e-08 	 9.53068e-09
     0.860 	 2.54054e-08 	 2.07776e-08
     0.861 	 5.53762e-08 	 4.52676e-08
     0.862 	  8.4494e-08 	 6.90335e-08
     0.863 	 9.17919e-08 	 7.49604e-08
     0.864 	   9.079e-08 	 7.41068e-08
     0.865 	 8.07718e-08 	 6.59143e-08
     0.866 	 7.96366e-08 	 6.49695e-08
     0.867 	 5.91518e-08 	 4.82438e-08
     0.868 	 6.00012e-08 	 4.89264e-08
     0.869 	   3.225e-08 	 2.62872e-08
     0.870 	 2.49308e-08 	 2.03169e-08
     0.871 	           0 	        0
     0.872 	  3.5765e-08 	 2.91277e-08
     0.873 	 4.65957e-08 	 3.7935e-08
     0.874 	 1.08567e-07 	 8.8363e-08
     0.875 	 2.36757e-07 	 1.92609e-07
     0.876 	 3.92937e-07 	 3.19605e-07
     0.877 	 3.27278e-07 	 2.66128e-07
     0.878 	 1.97716e-07 	 1.60743e-07
     0.879 	 2.03427e-07 	 1.65305e-07
     0.880 	 2.32989e-07 	 1.8927e-07
     0.881 	 2.42007e-07 	 1.96585e-07
     0.882 	  2.2849e-07 	 1.8558e-07
     0.883 	 3.11464e-07 	 2.52913e-07
     0.884 	 3.87105e-07 	 3.14158e-07
     0.885 	 5.05707e-07 	 4.10283e-07
     0.886 	 5.35579e-07 	 4.34416e-07
     0.887 	 4.95156e-07 	 4.01533e-07
     0.888 	 5.09416e-07 	 4.12832e-07
     0.889 	 5.00541e-07 	 4.05542e-07
     0.890 	 9.79955e-07 	 7.93779e-07
     0.891 	 7.06078e-07 	 5.71596e-07
     0.892 	 7.54422e-07 	 6.10397e-07
     0.893 	 7.19726e-07 	 5.82109e-07
     0.894 	 9.82649e-07 	 7.94289e-07
     0.895 	 1.74812e-06 	 1.41236e-06
     0.896 	 1.12782e-06 	 9.1086e-07
     0.897 	 8.73212e-07 	 7.04812e-07
     0.898 	 1.17739e-07 	 9.49873e-08
     0.899 	 1.45591e-07 	 1.17387e-07
     0.900 	 9.77395e-08 	 7.877e-08
     0.901 	 1.05035e-07 	 8.46167e-08
     0.902 	 8.00189e-08 	 6.44317e-08
     0.903 	 1.23117e-07 	 9.90959e-08
     0.904 	 1.70295e-07 	 1.36985e-07
     0.905 	 2.21565e-07 	 1.78138e-07
     0.906 	 2.10646e-07 	 1.69292e-07
     0.907 	 1.67125e-07 	 1.34262e-07
     0.908 	 1.55161e-07 	 1.24602e-07
     0.909 	 1.71447e-07 	 1.37581e-07
     0.910 	  1.6404e-07 	 1.31595e-07
     0.911 	 1.94409e-07 	 1.55903e-07
     0.912 	 2.55241e-07 	 2.04594e-07
     0.913 	 3.05191e-07 	 2.44493e-07
     0.914 	 3.07828e-07 	 2.46519e-07
     0.915 	   2.571e-07 	 2.058e-07
     0.916 	 2.96328e-07 	 2.37066e-07
     0.917 	 2.87362e-07 	 2.29805e-07
     0.918 	 2.79597e-07 	 2.23516e-07
     0.919 	 2.88492e-07 	 2.30495e-07
     0.920 	 2.90796e-07 	 2.32237e-07
     0.921 	 3.28084e-07 	 2.61987e-07
     0.922 	 3.46543e-07 	 2.76691e-07
     0.923 	 3.66675e-07 	 2.92702e-07
     0.924 	 3.95396e-07 	 3.15564e-07
     0.925 	 3.69612e-07 	 2.94982e-07
     0.926 	 3.39644e-07 	 2.71046e-07
     0.927 	 3.68932e-07 	 2.94392e-07
     0.928 	 4.71206e-07 	 3.76004e-07
     0.929 	 5.95594e-07 	 4.75279e-07
     0.930 	 5.72014e-07 	 4.56428e-07
     0.931 	 5.68457e-07 	 4.53701e-07
     0.932 	 5.83697e-07 	 4.65731e-07
     0.933 	 6.01381e-07 	 4.79958e-07
     0.934 	 5.94196e-07 	 4.74211e-07
     0.935 	 5.93359e-07 	 4.73518e-07
     0.936 	 6.60061e-07 	 5.26891e-07
     0.937 	 6.52035e-07 	 5.20526e-07
     0.938 	 6.53427e-07 	 5.21662e-07
     0.939 	 5.89713e-07 	 4.70936e-07
     0.940 	 5.59723e-07 	 4.47008e-07
     0.941 	 5.00193e-07 	 3.99563e-07
     0.942 	 5.52772e-07 	 4.41758e-07
     0.943 	 5.77237e-07 	 4.61458e-07
     0.944 	 5.61833e-07 	 4.49264e-07
     0.945 	 4.85358e-07 	 3.88321e-07
     0.946 	 5.17292e-07 	 4.13982e-07
     0.947 	 6.00543e-07 	 4.80772e-07
     0.948 	 6.69726e-07 	 5.36398e-07
     0.949 	 6.07116e-07 	 4.8649e-07
     0.950 	 6.17609e-07 	 4.9512e-07
     0.951 	 6.35894e-07 	 5.09933e-07
     0.952 	 7.33369e-07 	 5.88386e-07
     0.953 	 7.83231e-07 	 6.28629e-07
     0.954 	 7.90322e-07 	 6.34562e-07
     0.955 	 7.64509e-07 	 6.14219e-07
     0.956 	 7.43623e-07 	 5.97666e-07
     0.957 	 8.32067e-07 	 6.6916e-07
     0.958 	 8.49761e-07 	 6.83647e-07
     0.959 	 7.83403e-07 	 6.30599e-07
     0.960 	 6.88276e-07 	 5.54306e-07
     0.961 	 6.51617e-07 	 5.25081e-07
     0.962 	 6.00541e-07 	 4.84312e-07
     0.963 	 5.86202e-07 	 4.72979e-07
     0.964 	 5.84614e-07 	 4.72027e-07
     0.965 	 6.86912e-07 	 5.54995e-07
     0.966 	 6.93083e-07 	 5.60371e-07
     0.967 	 6.87711e-07 	 5.56471e-07
     0.968 	 7.36831e-07 	 5.9663e-07
     0.969 	 7.84456e-07 	 6.35632e-07
     0.970 	 8.26215e-07 	 6.70088e-07
     0.971 	 8.07925e-07 	 6.55729e-07
     0.972 	  8.3947e-07 	 6.81772e-07
     0.973 	 8.07624e-07 	 6.56536e-07
     0.974 	 7.54101e-07 	 6.13548e-07
     0.975 	 7.20835e-07 	 5.86979e-07
     0.976 	  7.1381e-07 	 5.81738e-07
     0.977 	  6.4127e-07 	 5.22949e-07
     0.978 	 5.10825e-07 	 4.16924e-07
     0.979 	 5.05132e-07 	 4.12722e-07
     0.980 	 5.42311e-07 	 4.43474e-07
     0.981 	 6.16585e-07 	 5.04611e-07
     0.982 	 5.50596e-07 	 4.51046e-07
     0.983 	 5.18195e-07 	 4.24801e-07
     0.984 	 5.09983e-07 	 4.184e-07
     0.985 	 6.05292e-07 	 4.971e-07
     0.986 	 7.00406e-07 	 5.75739e-07
     0.987 	 6.66849e-07 	 5.48587e-07
     0.988 	 6.83093e-07 	 5.624e-07
     0.989 	 7.09788e-07 	 5.8491e-07
     0.990 	 7.83328e-07 	 6.461e-07
     0.991 	 7.28639e-07 	 6.01575e-07
     0.992 	 6.57656e-07 	 5.43392e-07
     0.993 	 6.54249e-07 	 5.41057e-07
     0.994 	  7.0913e-07 	 5.86964e-07
     0.995 	 7.40681e-07 	 6.13554e-07
     0.996 	 7.40182e-07 	 6.13732e-07
     0.997 	 1.02756e-06 	 8.52874e-07
     0.998 	 2.54807e-06 	 2.11653e-06
     0.999 	 4.28166e-06 	 3.55965e-06
     1.000 	 5.09931e-06 	 4.24348e-06
     1.001 	 4.68646e-06 	 3.90288e-06
     1.002 	 4.14436e-06 	 3.45471e-06
     1.003 	 4.20942e-06 	 3.51219e-06
     1.004 	    4.61e-06 	 3.84933e-06
     1.005 	  4.6223e-06 	 3.86326e-06
     1.006 	 4.90634e-06 	 4.10496e-06
     1.007 	 4.58631e-06 	 3.8396e-06
     1.008 	 4.50602e-06 	 3.77642e-06
     1.009 	  4.2945e-06 	 3.60167e-06
     1.010 	 4.12564e-06 	 3.46339e-06
     1.011 	 4.19808e-06 	 3.5276e-06
     1.012 	  4.4934e-06 	 3.77894e-06
     1.013 	 4.47951e-06 	 3.77048e-06
     1.014 	 4.21751e-06 	 3.55331e-06
     1.015 	 3.99581e-06 	 3.36941e-06
     1.016 	 4.19975e-06 	 3.54434e-06
     1.017 	 4.62362e-06 	 3.90628e-06
     1.018 	 4.52427e-06 	 3.82477e-06
     1.019 	 4.35333e-06 	 3.68412e-06
     1.020 	 4.22383e-06 	 3.5776e-06
     1.021 	 4.22777e-06 	 3.58432e-06
     1.022 	 4.37003e-06 	 3.70779e-06
     1.023 	 4.09892e-06 	 3.48105e-06
     1.024 	 3.86303e-06 	 3.28384e-06
     1.025 	 4.11791e-06 	 3.50319e-06
     1.026 	 4.64114e-06 	 3.95203e-06
     1.027 	 4.58641e-06 	 3.90881e-06
     1.028 	 3.99336e-06 	 3.40699e-06
     1.029 	 3.84458e-06 	 3.28215e-06
     1.030 	 4.05268e-06 	 3.46271e-06
     1.031 	 4.25298e-06 	 3.63782e-06
     1.032 	 4.07101e-06 	 3.48415e-06
     1.033 	 3.90121e-06 	 3.34139e-06
     1.034 	 3.54091e-06 	 3.03517e-06
     1.035 	 3.40662e-06 	 2.92259e-06
     1.036 	 3.34025e-06 	 2.86784e-06
     1.037 	 3.71871e-06 	 3.19526e-06
     1.038 	 3.63154e-06 	 3.12306e-06
     1.039 	  3.6643e-06 	 3.15363e-06
     1.040 	 3.21928e-06 	 2.773e-06
     1.041 	 3.12417e-06 	 2.69289e-06
     1.042 	 3.01997e-06 	 2.60473e-06
     1.043 	 3.14055e-06 	 2.71105e-06
     1.044 	 3.16543e-06 	 2.73495e-06
     1.045 	 3.27768e-06 	 2.83372e-06
     1.046 	 3.69407e-06 	 3.19611e-06
     1.047 	 3.51382e-06 	 3.04238e-06
     1.048 	 3.36973e-06 	 2.92044e-06
     1.049 	 3.09017e-06 	 2.67962e-06
     1.050 	 3.17754e-06 	 2.75743e-06
     1.051 	 3.22014e-06 	 2.79683e-06
     1.052 	 3.25506e-06 	 2.82899e-06
     1.053 	 3.53163e-06 	 3.07237e-06
     1.054 	 3.55519e-06 	 3.09461e-06
     1.055 	 3.37036e-06 	 2.93596e-06
     1.056 	 3.30253e-06 	 2.87901e-06
     1.057 	 3.20326e-06 	 2.79427e-06
     1.058 	 3.15169e-06 	 2.75197e-06
     1.059 	 2.78486e-06 	 2.43321e-06
     1.060 	 2.68675e-06 	 2.34951e-06
     1.061 	 2.80422e-06 	 2.45386e-06
     1.062 	 2.85466e-06 	 2.49965e-06
     1.063 	  3.3272e-06 	 2.9157e-06
     1.064 	  3.3669e-06 	 2.95284e-06
     1.065 	 3.57632e-06 	 3.1389e-06
     1.066 	 3.21107e-06 	 2.82051e-06
     1.067 	 3.08268e-06 	 2.70951e-06
     1.068 	 3.00331e-06 	 2.64148e-06
     1.069 	 2.93502e-06 	 2.58341e-06
     1.070 	 3.06001e-06 	 2.69547e-06
     1.071 	 3.18329e-06 	 2.80613e-06
     1.072 	 3.68479e-06 	 3.25131e-06
     1.073 	 3.79291e-06 	 3.34917e-06
     1.074 	 3.97744e-06 	 3.51469e-06
     1.075 	  3.5709e-06 	 3.15777e-06
     1.076 	 3.38726e-06 	 2.99822e-06
     1.077 	  3.2429e-06 	 2.87277e-06
     1.078 	 3.03394e-06 	 2.68963e-06
     1.079 	 3.15978e-06 	 2.80323e-06
     1.080 	 2.97882e-06 	 2.64519e-06
     1.081 	 3.14251e-06 	 2.79294e-06
     1.082 	 3.07873e-06 	 2.73801e-06
     1.083 	 2.94444e-06 	 2.62055e-06
     1.084 	 3.11355e-06 	 2.77315e-06
     1.085 	 2.93418e-06 	 2.61535e-06
     1.086 	 3.08108e-06 	 2.74857e-06
     1.087 	 3.01861e-06 	 2.69514e-06
     1.088 	 3.04728e-06 	 2.72246e-06
     1.089 	 2.93208e-06 	 2.62207e-06
     1.090 	  3.1962e-06 	 2.8604e-06
     1.091 	 3.36082e-06 	 3.00943e-06
     1.092 	 3.71183e-06 	 3.32628e-06
     1.093 	 3.27318e-06 	 2.93516e-06
     1.094 	 3.24886e-06 	 2.91533e-06
     1.095 	 2.84944e-06 	 2.55865e-06
     1.096 	 3.01585e-06 	 2.70961e-06
     1.097 	 3.00795e-06 	 2.70485e-06
     1.098 	 3.42529e-06 	 3.08222e-06
     1.099 	  3.3651e-06 	 3.02976e-06
     1.100 	 3.47462e-06 	 3.13044e-06
     1.101 	 3.43806e-06 	 3.09985e-06
     1.102 	 3.36566e-06 	 3.03629e-06
     1.103 	 3.39045e-06 	 3.06104e-06
     1.104 	 3.34222e-06 	 3.01944e-06
     1.105 	 3.52473e-06 	 3.18611e-06
     1.106 	 3.58848e-06 	 3.24626e-06
     1.107 	 3.67303e-06 	 3.32488e-06
     1.108 	 3.47552e-06 	 3.14853e-06
     1.109 	 3.46389e-06 	 3.13974e-06
     1.110 	 3.18846e-06 	 2.89161e-06
     1.111 	 3.31876e-06 	 3.01126e-06
     1.112 	 3.14523e-06 	 2.85522e-06
     1.113 	 3.42234e-06 	 3.10956e-06
     1.114 	 3.48618e-06 	 3.16913e-06
     1.115 	 3.10882e-06 	 2.82716e-06
     1.116 	 2.64552e-06 	 2.40721e-06
     1.117 	 2.56492e-06 	 2.33501e-06
     1.118 	 2.96007e-06 	 2.69598e-06
     1.119 	 3.01741e-06 	 2.75014e-06
     1.120 	 2.81356e-06 	 2.56552e-06
     1.121 	 2.64301e-06 	 2.41123e-06
     1.122 	 2.42671e-06 	 2.21503e-06
     1.123 	  2.5472e-06 	 2.32613e-06
     1.124 	 2.61815e-06 	 2.39239e-06
     1.125 	 2.96427e-06 	 2.71027e-06
     1.126 	 2.96537e-06 	 2.71235e-06
     1.127 	 2.80146e-06 	 2.56366e-06
     1.128 	 2.64582e-06 	 2.42219e-06
     1.129 	 2.64067e-06 	 2.41863e-06
     1.130 	 2.91671e-06 	 2.67337e-06
     1.131 	 3.08191e-06 	 2.82601e-06
     1.132 	 2.80356e-06 	 2.57138e-06
     1.133 	 2.50786e-06 	 2.30116e-06
     1.134 	 2.67796e-06 	 2.45808e-06
     1.135 	 3.12967e-06 	 2.87456e-06
     1.136 	 3.47465e-06 	 3.19243e-06
     1.137 	 3.18729e-06 	 2.92942e-06
     1.138 	 2.83848e-06 	 2.60966e-06
     1.139 	 2.73861e-06 	 2.51896e-06
     1.140 	 2.78582e-06 	 2.56375e-06
     1.141 	 2.70989e-06 	 2.49447e-06
     1.142 	   2.683e-06 	 2.4701e-06
     1.143 	 2.71419e-06 	 2.49969e-06
     1.144 	 2.76315e-06 	 2.54517e-06
     1.145 	 2.62286e-06 	 2.41652e-06
     1.146 	 2.76795e-06 	 2.55136e-06
     1.147 	 3.11058e-06 	 2.86762e-06
     1.148 	 3.59367e-06 	 3.31375e-06
     1.149 	 3.47889e-06 	 3.20865e-06
     1.150 	 3.13387e-06 	 2.89087e-06
     1.151 	 2.52642e-06 	 2.33146e-06
     1.152 	 2.51171e-06 	 2.31806e-06
     1.153 	 2.58175e-06 	 2.38294e-06
     1.154 	 2.81265e-06 	 2.59626e-06
     1.155 	 2.89753e-06 	 2.6751e-06
     1.156 	 3.07722e-06 	 2.84158e-06
     1.157 	 3.16599e-06 	 2.92377e-06
     1.158 	 2.92248e-06 	 2.69939e-06
     1.159 	 2.85245e-06 	 2.63517e-06
     1.160 	 2.73344e-06 	 2.5252e-06
     1.161 	 2.95665e-06 	 2.73227e-06
     1.162 	 3.04372e-06 	 2.81302e-06
     1.163 	 3.36624e-06 	 3.11107e-06
     1.164 	 3.36352e-06 	 3.10862e-06
     1.165 	 3.46935e-06 	 3.20675e-06
     1.166 	 3.10554e-06 	 2.87139e-06
     1.167 	 2.83857e-06 	 2.62452e-06
     1.168 	 2.71966e-06 	 2.51483e-06
     1.169 	 2.86724e-06 	 2.65132e-06
     1.170 	 2.86762e-06 	 2.65222e-06
     1.171 	 2.85172e-06 	 2.63766e-06
     1.172 	 2.68105e-06 	 2.47967e-06
     1.173 	  2.9984e-06 	 2.77301e-06
     1.174 	 2.96252e-06 	 2.74027e-06
     1.175 	 3.13739e-06 	 2.9016e-06
     1.176 	 2.99067e-06 	 2.76576e-06
     1.177 	 2.79167e-06 	 2.5813e-06
     1.178 	 2.55224e-06 	 2.35978e-06
     1.179 	 2.37027e-06 	 2.1921e-06
     1.180 	 2.67824e-06 	 2.47651e-06
     1.181 	 2.96812e-06 	 2.74464e-06
     1.182 	 3.33227e-06 	 3.08177e-06
     1.183 	 3.28129e-06 	 3.03413e-06
     1.184 	 3.40595e-06 	 3.14915e-06
     1.185 	 3.44876e-06 	 3.18883e-06
     1.186 	 3.31712e-06 	 3.0675e-06
     1.187 	 3.17958e-06 	 2.94038e-06
     1.188 	 3.10527e-06 	 2.87144e-06
     1.189 	 2.98981e-06 	 2.76415e-06
     1.190 	 2.87029e-06 	 2.65401e-06
     1.191 	 3.15332e-06 	 2.91563e-06
     1.192 	 3.59583e-06 	 3.32435e-06
     1.193 	 3.79879e-06 	 3.51268e-06
     1.194 	 3.49558e-06 	 3.23188e-06
     1.195 	 3.13459e-06 	 2.89837e-06
     1.196 	 2.85441e-06 	 2.63896e-06
     1.197 	 2.70865e-06 	 2.50439e-06
     1.198 	 2.84951e-06 	 2.63428e-06
     1.199 	 3.19754e-06 	 2.95564e-06
     1.200 	 3.45097e-06 	 3.19017e-06
     1.201 	 3.48426e-06 	 3.22012e-06
     1.202 	 3.27321e-06 	 3.02429e-06
     1.203 	 3.14489e-06 	 2.9056e-06
     1.204 	 2.94408e-06 	 2.71937e-06
     1.205 	 2.99008e-06 	 2.76084e-06
     1.206 	  2.9178e-06 	 2.694e-06
     1.207 	 3.42219e-06 	 3.15854e-06
     1.208 	 3.54043e-06 	 3.26647e-06
     1.209 	 3.52733e-06 	 3.25456e-06
     1.210 	 3.38523e-06 	 3.12257e-06
     1.211 	 3.61691e-06 	 3.33521e-06
     1.212 	 3.73978e-06 	 3.44816e-06
     1.213 	 3.69704e-06 	 3.40766e-06
     1.214 	 3.56157e-06 	 3.28175e-06
     1.215 	 3.86409e-06 	 3.56015e-06
     1.216 	 3.92865e-06 	 3.61848e-06
     1.217 	 3.94223e-06 	 3.62983e-06
     1.218 	 3.94314e-06 	 3.6299e-06
     1.219 	 4.04418e-06 	 3.72204e-06
     1.220 	 4.18602e-06 	 3.85093e-06
     1.221 	 3.93441e-06 	 3.6187e-06
     1.222 	 4.02299e-06 	 3.69938e-06
     1.223 	 3.78287e-06 	 3.47785e-06
     1.224 	 3.72415e-06 	 3.42241e-06
     1.225 	 3.65837e-06 	 3.36081e-06
     1.226 	 4.22563e-06 	 3.88111e-06
     1.227 	 4.91783e-06 	 4.51546e-06
     1.228 	 5.25758e-06 	 4.82536e-06
     1.229 	 5.21006e-06 	 4.78022e-06
     1.230 	 5.35765e-06 	 4.91396e-06
     1.231 	 5.65595e-06 	 5.18675e-06
     1.232 	  5.8463e-06 	 5.35874e-06
     1.233 	 5.88063e-06 	 5.38877e-06
     1.234 	 6.02698e-06 	 5.52195e-06
     1.235 	 6.41179e-06 	 5.8717e-06
     1.236 	 6.74611e-06 	 6.1769e-06
     1.237 	 6.79064e-06 	 6.21468e-06
     1.238 	 6.90003e-06 	 6.31432e-06
     1.239 	 6.99093e-06 	 6.3945e-06
     1.240 	 7.40927e-06 	 6.77389e-06
     1.241 	 7.52334e-06 	 6.8764e-06
     1.242 	 8.20572e-06 	 7.49719e-06
     1.243 	 8.43629e-06 	 7.70595e-06
     1.244 	 8.94276e-06 	 8.16554e-06
     1.245 	 9.05386e-06 	 8.26466e-06
     1.246 	 9.79341e-06 	 8.93549e-06
     1.247 	 1.04241e-05 	 9.50651e-06
     1.248 	 1.11124e-05 	 1.01313e-05
     1.249 	 1.19741e-05 	 1.09129e-05
     1.250 	 1.32194e-05 	 1.20435e-05
     1.251 	 1.44596e-05 	 1.31672e-05
     1.252 	 1.57803e-05 	 1.43635e-05
     1.253 	 1.70721e-05 	 1.55291e-05
     1.254 	 1.89296e-05 	 1.72142e-05
     1.255 	 2.06774e-05 	 1.87911e-05
     1.256 	 2.28254e-05 	 2.07361e-05
     1.257 	 2.48091e-05 	 2.25254e-05
     1.258 	 2.69462e-05 	 2.44548e-05
     1.259 	 2.92605e-05 	 2.65403e-05
     1.260 	  3.1939e-05 	 2.89499e-05
     1.261 	 3.51473e-05 	 3.18411e-05
     1.262 	 3.81282e-05 	 3.45189e-05
     1.263 	 4.19289e-05 	 3.79397e-05
     1.264 	 4.64177e-05 	 4.19735e-05
     1.265 	 5.16209e-05 	 4.66538e-05
     1.266 	 5.72735e-05 	 5.17238e-05
     1.267 	 6.32634e-05 	 5.71018e-05
     1.268 	 7.02873e-05 	 6.34008e-05
     1.269 	 7.80152e-05 	 7.03326e-05
     1.270 	 8.70528e-05 	 7.8413e-05
     1.271 	 9.72594e-05 	 8.75704e-05
     1.272 	 0.000109211 	 9.82713e-05
     1.273 	 0.000122916 	 0.000110533
     1.274 	 0.000139247 	 0.000125156
     1.275 	 0.000157979 	 0.000141875
     1.276 	 0.000179855 	 0.000161436
     1.277 	 0.000204737 	 0.000183637
     1.278 	 0.000233552 	 0.000209372
     1.279 	 0.000266738 	 0.000238924
     1.280 	 0.000305579 	 0.000273572
     1.281 	 0.000350231 	 0.000313297
     1.282 	 0.000401838 	 0.000359283
     1.283 	 0.000461314 	 0.000412133
     1.284 	 0.000530277 	 0.00047351
     1.285 	   0.0006107 	 0.000545055
     1.286 	 0.000704685 	 0.000628432
     1.287 	 0.000813411 	 0.000725035
     1.288 	 0.000939451 	 0.000836713
     1.289 	  0.00108789 	 0.000968334
     1.290 	  0.00125973 	 0.00112051
     1.291 	  0.00146113 	 0.00129896
     1.292 	   0.0017004 	 0.0015109
     1.293 	  0.00198488 	 0.00176235
     1.294 	  0.00232297 	 0.00206188
     1.295 	  0.00272763 	 0.00241902
     1.296 	   0.0032175 	 0.00285194
     1.297 	  0.00381672 	 0.00338097
     1.298 	  0.00454715 	 0.00402584
     1.299 	  0.00544829 	 0.00482108
     1.300 	  0.00655382 	 0.00579447
     1.301 	  0.00791709 	 0.00699533
     1.302 	   0.0096022 	 0.00847898
     1.303 	    0.011674 	 0.0102997
     1.304 	   0.0141982 	 0.0125187
     1.305 	   0.0170703 	 0.0150402
     1.306 	    0.019955 	 0.0175686
     1.307 	   0.0228469 	 0.0201018
     1.308 	   0.0253775 	 0.0223121
     1.309 	   0.0275602 	 0.0242105
     1.310 	   0.0298206 	 0.0261821
     1.311 	   0.0328783 	 0.0288453
     1.312 	   0.0367585 	 0.0322215
     1.313 	   0.0411224 	 0.0360268
     1.314 	   0.0460551 	 0.0403137
     1.315 	   0.0517646 	 0.0452719
     1.316 	   0.0586666 	 0.0512746
     1.317 	   0.0664055 	 0.0579945
     1.318 	   0.0762218 	 0.0665093
     1.319 	    0.088225 	 0.0769324
     1.320 	    0.103626 	 0.0902938
     1.321 	    0.121925 	 0.106163
     1.322 	    0.143655 	 0.124969
     1.323 	    0.168711 	 0.146645
     1.324 	    0.198185 	 0.172145
     1.325 	     0.23109 	 0.200518
     1.326 	    0.269183 	 0.233406
     1.327 	    0.312372 	  0.27066
     1.328 	    0.361197 	 0.312716
     1.329 	    0.414519 	 0.358508
     1.330 	    0.471957 	 0.407848
     1.331 	    0.531333 	 0.458891
     1.332 	    0.589897 	 0.509017
     1.333 	    0.646932 	 0.557728
     1.334 	    0.700945 	 0.603872
     1.335 	    0.749645 	  0.64531
     1.336 	    0.791434 	 0.680813
     1.337 	    0.826787 	 0.710511
     1.338 	    0.855889 	 0.734929
     1.339 	    0.877549 	 0.752922
     1.340 	    0.892708 	 0.765399
     1.341 	    0.904096 	   0.7745
     1.342 	    0.913013 	 0.781487
     1.343 	    0.918519 	 0.785616
     1.344 	    0.921479 	 0.787731
     1.345 	      0.9235 	 0.788701
     1.346 	    0.926393 	 0.790582
     1.347 	    0.930518 	 0.793591
     1.348 	    0.932027 	 0.794214
     1.349 	    0.933485 	  0.79478
     1.350 	    0.932801 	 0.793603
     1.351 	    0.933691 	 0.793817
     1.352 	    0.933832 	  0.79331
     1.353 	    0.933952 	 0.792616
     1.354 	    0.933803 	 0.791944
     1.355 	    0.933361 	 0.790873
     1.356 	    0.932732 	 0.789806
     1.357 	     0.93109 	 0.787704
     1.358 	    0.930193 	  0.78632
     1.359 	    0.930466 	 0.785927
     1.360 	    0.931271 	 0.785984
     1.361 	    0.931331 	 0.785251
     1.362 	    0.931342 	 0.784565
     1.363 	    0.930954 	 0.783543
     1.364 	    0.930578 	 0.782614
     1.365 	    0.931039 	 0.782139
     1.366 	    0.931256 	 0.781557
     1.367 	    0.930674 	 0.780546
     1.368 	     0.92936 	 0.778751
     1.369 	      0.9273 	 0.776167
     1.370 	    0.926016 	 0.774403
     1.371 	    0.925974 	 0.773812
     1.372 	      0.9256 	 0.772696
     1.373 	    0.924457 	 0.771105
     1.374 	    0.922451 	 0.768878
     1.375 	    0.920929 	 0.766976
     1.376 	    0.920454 	 0.765783
     1.377 	    0.920273 	 0.764999
     1.378 	    0.919901 	 0.764226
     1.379 	    0.918425 	 0.762206
     1.380 	     0.91766 	  0.76094
     1.381 	     0.91682 	 0.759778
     1.382 	    0.916544 	 0.759003
     1.383 	     0.91488 	  0.75692
     1.384 	    0.913185 	 0.754975
     1.385 	    0.912023 	  0.75355
     1.386 	    0.911185 	 0.752155
     1.387 	    0.909471 	 0.750286
     1.388 	    0.907959 	 0.748499
     1.389 	    0.906844 	 0.746958
     1.390 	    0.908503 	 0.747786
     1.391 	    0.909556 	 0.748105
     1.392 	    0.910796 	 0.748494
     1.393 	    0.911183 	 0.748264
     1.394 	    0.911607 	 0.748152
     1.395 	    0.912919 	  0.74852
     1.396 	    0.913216 	 0.748291
     1.397 	    0.913896 	 0.748207
     1.398 	    0.913963 	 0.747712
     1.399 	    0.913706 	 0.746952
     1.400 	     0.91361 	 0.746329
     1.401 	    0.913231 	 0.745408
     1.402 	    0.913851 	 0.745143
     1.403 	    0.913793 	 0.744484
     1.404 	    0.914822 	 0.744876
     1.405 	    0.916217 	 0.745239
     1.406 	    0.916503 	 0.744859
     1.407 	    0.916963 	  0.74446
     1.408 	    0.917963 	 0.744815
     1.409 	    0.921088 	 0.746652
     1.410 	    0.923301 	 0.747827
     1.411 	    0.924697 	  0.74821
     1.412 	    0.926098 	 0.748846
     1.413 	    0.927934 	 0.749819
     1.414 	    0.928343 	 0.749399
     1.415 	        0.93 	 0.750235
     1.416 	    0.931905 	 0.751088
     1.417 	     0.93341 	 0.751787
     1.418 	    0.933135 	 0.750901
     1.419 	    0.933301 	 0.750442
     1.420 	    0.933719 	 0.750115
     1.421 	    0.935537 	 0.751013
     1.422 	    0.936748 	 0.751405
     1.423 	    0.939324 	 0.752997
     1.424 	    0.941037 	 0.753643
     1.425 	    0.942136 	 0.754046
     1.426 	    0.941984 	 0.753195
     1.427 	    0.942333 	 0.753076
     1.428 	    0.943102 	 0.753031
     1.429 	    0.944515 	  0.75368
     1.430 	    0.944254 	 0.752742
     1.431 	    0.943479 	 0.751656
     1.432 	    0.943201 	 0.750793
     1.433 	    0.942728 	 0.749855
     1.434 	     0.94116 	 0.748049
     1.435 	    0.939248 	 0.745903
     1.436 	    0.936746 	 0.743361
     1.437 	    0.935121 	 0.741593
     1.438 	    0.933539 	 0.739875
     1.439 	    0.932806 	 0.738583
     1.440 	    0.933261 	 0.738479
     1.441 	    0.934583 	 0.738772
     1.442 	     0.93656 	 0.739814
     1.443 	    0.938688 	 0.740988
     1.444 	    0.938295 	 0.739923
     1.445 	    0.937639 	 0.738899
     1.446 	    0.936729 	 0.737585
     1.447 	    0.937971 	 0.738134
     1.448 	    0.939224 	 0.738364
     1.449 	    0.941015 	 0.739174
     1.450 	    0.941868 	 0.739336
     1.451 	    0.943449 	 0.739905
     1.452 	    0.943511 	  0.73935
     1.453 	    0.944304 	 0.739445
     1.454 	    0.945015 	  0.73933
     1.455 	    0.946593 	 0.740254
     1.456 	    0.946846 	 0.740083
     1.457 	    0.945786 	 0.738754
     1.458 	    0.945312 	 0.737646
     1.459 	    0.944679 	 0.736104
     1.460 	    0.943223 	 0.734043
     1.461 	    0.940886 	 0.731923
     1.462 	    0.938887 	 0.730187
     1.463 	    0.935017 	 0.726567
     1.464 	     0.93204 	 0.723649
     1.465 	    0.927675 	 0.720082
     1.466 	    0.924729 	  0.71752
     1.467 	    0.921348 	 0.713998
     1.468 	    0.917022 	 0.709641
     1.469 	    0.911858 	 0.705008
     1.470 	    0.907142 	 0.700845
     1.471 	    0.903068 	 0.697118
     1.472 	    0.899697 	 0.693954
     1.473 	    0.898881 	 0.692749
     1.474 	    0.898671 	 0.692026
     1.475 	    0.898412 	  0.69127
     1.476 	    0.898094 	 0.690466
     1.477 	    0.899444 	 0.690895
     1.478 	    0.901009 	 0.691588
     1.479 	    0.902707 	 0.692734
     1.480 	    0.905566 	 0.694666
     1.481 	    0.910457 	 0.697509
     1.482 	    0.915547 	 0.700497
     1.483 	    0.918891 	 0.702842
     1.484 	    0.922376 	 0.705317
     1.485 	     0.92633 	 0.707458
     1.486 	    0.930266 	 0.709493
     1.487 	     0.93343 	 0.711285
     1.488 	    0.936761 	  0.71332
     1.489 	    0.939136 	 0.714559
     1.490 	    0.942093 	 0.716249
     1.491 	    0.944019 	 0.717154
     1.492 	    0.945436 	 0.717669
     1.493 	    0.944378 	 0.716305
     1.494 	     0.94186 	 0.713836
     1.495 	     0.94101 	 0.712644
     1.496 	    0.942429 	 0.713162
     1.497 	    0.945016 	 0.714514
     1.498 	    0.946065 	 0.714805
     1.499 	    0.946693 	 0.715101
     1.500 	    0.947286 	 0.715367
     1.501 	    0.947062 	 0.714698
     1.502 	    0.946277 	 0.713502
     1.503 	    0.946998 	 0.713494
     1.504 	     0.94983 	 0.715085
     1.505 	    0.951461 	 0.715763
     1.506 	    0.952225 	 0.715795
     1.507 	     0.95229 	 0.715303
     1.508 	    0.953328 	 0.715539
     1.509 	    0.955063 	   0.7163
     1.510 	    0.956487 	 0.716838
     1.511 	     0.95856 	 0.717902
     1.512 	    0.959759 	 0.718207
     1.513 	    0.961765 	 0.718754
     1.514 	    0.962306 	  0.71831
     1.515 	    0.962883 	 0.718517
     1.516 	    0.963756 	 0.719062
     1.517 	    0.964314 	  0.71901
     1.518 	    0.963833 	 0.718064
     1.519 	    0.963504 	 0.717241
     1.520 	    0.963543 	 0.716801
     1.521 	    0.962103 	 0.715631
     1.522 	    0.960096 	 0.713918
     1.523 	    0.956681 	 0.710567
     1.524 	    0.954306 	 0.707872
     1.525 	    0.953791 	 0.706934
     1.526 	    0.952821 	 0.705764
     1.527 	    0.951736 	 0.704393
     1.528 	    0.950312 	 0.702898
     1.529 	    0.947334 	  0.70055
     1.530 	    0.945921 	  0.69937
     1.531 	    0.946099 	 0.699107
     1.532 	    0.946667 	 0.698937
     1.533 	    0.946067 	 0.697635
     1.534 	    0.945126 	 0.696107
     1.535 	    0.944453 	 0.695078
     1.536 	    0.944004 	 0.694308
     1.537 	    0.945029 	 0.694531
     1.538 	    0.945035 	 0.694106
     1.539 	    0.946038 	  0.69476
     1.540 	    0.944292 	 0.693305
     1.541 	    0.944338 	  0.69256
     1.542 	    0.943592 	 0.691126
     1.543 	    0.943869 	 0.690755
     1.544 	    0.941836 	 0.688903
     1.545 	    0.939536 	 0.687098
     1.546 	    0.937543 	 0.685521
     1.547 	    0.935108 	  0.68333
     1.548 	    0.932583 	 0.680969
     1.549 	    0.931112 	  0.67949
     1.550 	    0.929988 	 0.678156
     1.551 	    0.929648 	 0.677057
     1.552 	    0.927508 	 0.674752
     1.553 	    0.926784 	  0.67406
     1.554 	    0.926761 	 0.673991
     1.555 	    0.926903 	 0.673639
     1.556 	    0.926969 	 0.673242
     1.557 	    0.927879 	 0.673794
     1.558 	    0.929995 	 0.675231
     1.559 	    0.931896 	 0.676266
     1.560 	    0.931559 	 0.675474
     1.561 	    0.931379 	 0.674506
     1.562 	    0.931394 	 0.673783
     1.563 	     0.93149 	 0.673709
     1.564 	    0.932409 	 0.674323
     1.565 	    0.934084 	 0.675208
     1.566 	    0.936767 	 0.676601
     1.567 	    0.937274 	 0.676142
     1.568 	    0.937263 	 0.675403
     1.569 	    0.936422 	  0.67466
     1.570 	    0.936315 	 0.674563
     1.571 	    0.936181 	  0.67408
     1.572 	    0.937671 	  0.67468
     1.573 	    0.938999 	 0.675207
     1.574 	    0.939094 	 0.674857
     1.575 	     0.93878 	 0.674207
     1.576 	    0.939737 	 0.674476
     1.577 	    0.941947 	 0.675693
     1.578 	    0.944283 	 0.676903
     1.579 	    0.946573 	 0.677784
     1.580 	    0.949425 	 0.679062
     1.581 	    0.952107 	 0.680452
     1.582 	     0.95456 	 0.681896
     1.583 	    0.956578 	 0.683276
     1.584 	    0.958663 	 0.684694
     1.585 	    0.960989 	 0.686002
     1.586 	    0.962412 	 0.686549
     1.587 	     0.96357 	 0.686975
     1.588 	     0.96519 	 0.687715
     1.589 	    0.967656 	 0.689013
     1.590 	     0.96877 	 0.689455
     1.591 	    0.968753 	 0.689386
     1.592 	    0.967659 	 0.688557
     1.593 	    0.968147 	 0.688563
     1.594 	    0.967746 	 0.687823
     1.595 	    0.968402 	 0.687888
     1.596 	    0.967931 	 0.687165
     1.597 	      0.9666 	 0.685814
     1.598 	    0.965579 	 0.684703
     1.599 	    0.964915 	 0.683839
     1.600 	    0.966064 	 0.684262
     1.601 	    0.964436 	 0.682773
     1.602 	    0.963662 	 0.681792
     1.603 	      0.9639 	 0.681165
     1.604 	    0.966131 	  0.68207
     1.605 	    0.966142 	 0.681999
     1.606 	    0.963948 	 0.680465
     1.607 	    0.963993 	 0.680173
     1.608 	    0.964145 	 0.679853
     1.609 	    0.965599 	 0.680455
     1.610 	    0.965956 	 0.680387
     1.611 	     0.96815 	 0.681908
     1.612 	    0.969732 	 0.683003
     1.613 	    0.970353 	 0.683134
     1.614 	    0.970037 	 0.682491
     1.615 	    0.970378 	 0.682419
     1.616 	     0.96908 	 0.681098
     1.617 	    0.968124 	 0.679658
     1.618 	    0.966672 	 0.677992
     1.619 	    0.965813 	 0.677329
     1.620 	    0.965048 	 0.676837
     1.621 	    0.962857 	 0.675002
     1.622 	     0.96125 	 0.673485
     1.623 	    0.959832 	  0.67215
     1.624 	    0.959073 	  0.67128
     1.625 	    0.959034 	 0.670907
     1.626 	    0.958895 	 0.670474
     1.627 	    0.959194 	 0.670349
     1.628 	    0.960099 	 0.670649
     1.629 	    0.960161 	  0.67036
     1.630 	    0.959436 	 0.669527
     1.631 	    0.958557 	 0.668593
     1.632 	    0.958332 	 0.668108
     1.633 	    0.959694 	 0.668735
     1.634 	    0.962218 	 0.670167
     1.635 	    0.962353 	 0.669942
     1.636 	    0.961274 	 0.668869
     1.637 	    0.959667 	 0.667435
     1.638 	    0.959151 	 0.666755
     1.639 	    0.959489 	 0.666681
     1.640 	    0.959079 	 0.666098
     1.641 	    0.957826 	 0.664857
     1.642 	     0.95663 	 0.663778
     1.643 	    0.953866 	  0.66189
     1.644 	    0.952502 	 0.660981
     1.645 	    0.950832 	 0.659569
     1.646 	    0.950007 	 0.658656
     1.647 	    0.949064 	 0.657754
     1.648 	      0.9473 	 0.656195
     1.649 	    0.945917 	  0.65456
     1.650 	    0.945178 	 0.653474
     1.651 	    0.945054 	 0.653388
     1.652 	    0.945972 	 0.654119
     1.653 	     0.94774 	 0.655112
     1.654 	    0.950016 	 0.656348
     1.655 	    0.951314 	  0.65697
     1.656 	    0.954226 	 0.658694
     1.657 	    0.954796 	 0.658818
     1.658 	    0.953347 	 0.657548
     1.659 	     0.94851 	 0.653884
     1.660 	    0.940755 	  0.64832
     1.661 	    0.928727 	 0.640144
     1.662 	    0.909015 	 0.626572
     1.663 	    0.881781 	 0.607242
     1.664 	    0.846939 	 0.582715
     1.665 	    0.805639 	 0.554357
     1.666 	    0.755709 	 0.520068
     1.667 	    0.700178 	 0.481414
     1.668 	    0.640351 	 0.439881
     1.669 	    0.579633 	 0.398217
     1.670 	    0.517734 	 0.355739
     1.671 	    0.457332 	 0.313951
     1.672 	    0.399207 	 0.273804
     1.673 	    0.345219 	  0.23677
     1.674 	    0.296428 	 0.203366
     1.675 	     0.25332 	 0.173844
     1.676 	    0.216961 	 0.148888
     1.677 	    0.187184 	 0.128351
     1.678 	    0.162825 	  0.11154
     1.679 	     0.14284 	 0.097808
     1.680 	    0.125035 	 0.0855911
     1.681 	      0.1096 	 0.0749989
     1.682 	   0.0958532 	 0.065567
     1.683 	   0.0847551 	 0.0579555
     1.684 	   0.0752838 	 0.0514613
     1.685 	    0.067352 	 0.0460229
     1.686 	   0.0595861 	 0.0407025
     1.687 	   0.0519896 	 0.035501
     1.688 	   0.0443704 	 0.0302881
     1.689 	   0.0374943 	 0.0255854
     1.690 	   0.0315148 	 0.0214977
     1.691 	   0.0265166 	 0.0180821
     1.692 	   0.0222416 	 0.015162
     1.693 	   0.0186749 	 0.0127264
     1.694 	   0.0156564 	 0.0106659
     1.695 	   0.0131649 	 0.00896567
     1.696 	   0.0110804 	 0.00754361
     1.697 	  0.00936017 	 0.00637035
     1.698 	  0.00792179 	 0.0053897
     1.699 	  0.00672386 	 0.00457323
     1.700 	  0.00571537 	 0.00388609
     1.701 	  0.00487741 	 0.00331504
     1.702 	  0.00417705 	 0.00283836
     1.703 	   0.0035877 	 0.00243837
     1.704 	  0.00309022 	 0.00210072
     1.705 	  0.00266811 	 0.00181334
     1.706 	   0.0023121 	 0.0015708
     1.707 	   0.0020114 	 0.00136609
     1.708 	  0.00175399 	 0.00119091
     1.709 	  0.00153504 	 0.00104194
     1.710 	  0.00134681 	 0.000913919
     1.711 	  0.00118478 	 0.000803667
     1.712 	  0.00104378 	 0.000707878
     1.713 	 0.000921549 	 0.000625161
     1.714 	 0.000816747 	 0.000554156
     1.715 	 0.000726493 	 0.000492561
     1.716 	 0.000648754 	 0.000439473
     1.717 	 0.000579911 	 0.000392665
     1.718 	 0.000517476 	 0.000350347
     1.719 	  0.00046373 	 0.000314035
     1.720 	 0.000416321 	 0.000281999
     1.721 	 0.000376577 	 0.000255029
     1.722 	 0.000339019 	 0.00022951
     1.723 	  0.00030608 	 0.000207156
     1.724 	 0.000276793 	 0.000187284
     1.725 	 0.000251109 	 0.00016986
     1.726 	 0.000227579 	 0.0001539
     1.727 	 0.000206032 	 0.000139292
     1.728 	 0.000187622 	 0.000126812
     1.729 	 0.000171771 	 0.000116067
     1.730 	  0.00015717 	 0.000106173
     1.731 	  0.00014323 	 9.67305e-05
     1.732 	 0.000130545 	 8.81414e-05
     1.733 	 0.000119633 	 8.07526e-05
     1.734 	 0.000110637 	 7.46605e-05
     1.735 	 0.000101741 	 6.86396e-05
     1.736 	 9.38334e-05 	 6.32895e-05
     1.737 	 8.63809e-05 	 5.82487e-05
     1.738 	 7.93913e-05 	 5.35214e-05
     1.739 	 7.35584e-05 	 4.95774e-05
     1.740 	 6.72727e-05 	 4.53292e-05
     1.741 	 6.22809e-05 	 4.19557e-05
     1.742 	  5.7193e-05 	 3.85193e-05
     1.743 	 5.36826e-05 	 3.61462e-05
     1.744 	 5.03384e-05 	 3.38866e-05
     1.745 	 4.63036e-05 	 3.11632e-05
     1.746 	 4.26247e-05 	 2.86808e-05
     1.747 	 3.93493e-05 	 2.64707e-05
     1.748 	 3.75524e-05 	 2.52563e-05
     1.749 	 3.55733e-05 	 2.39198e-05
     1.750 	 3.31834e-05 	 2.2308e-05
     1.751 	 3.08959e-05 	 2.07659e-05
     1.752 	 2.92877e-05 	 1.96805e-05
     1.753 	 2.84313e-05 	 1.91011e-05
     1.754 	 2.72272e-05 	 1.82886e-05
     1.755 	 2.48397e-05 	 1.66815e-05
     1.756 	 2.26495e-05 	 1.52078e-05
     1.757 	  2.1603e-05 	 1.45011e-05
     1.758 	 2.13981e-05 	 1.43619e-05
     1.759 	 2.15725e-05 	 1.44836e-05
     1.760 	 2.12824e-05 	 1.42937e-05
     1.761 	  2.0158e-05 	 1.35367e-05
     1.762 	 1.79659e-05 	 1.20618e-05
     1.763 	 1.69141e-05 	 1.13538e-05
     1.764 	 1.70049e-05 	 1.14126e-05
     1.765 	 1.78299e-05 	 1.19643e-05
     1.766 	 1.71654e-05 	 1.15164e-05
     1.767 	 1.59424e-05 	 1.06942e-05
     1.768 	 1.42353e-05 	 9.54753e-06
     1.769 	 1.36353e-05 	 9.1437e-06
     1.770 	  1.4044e-05 	 9.41618e-06
     1.771 	 1.45153e-05 	 9.73089e-06
     1.772 	 1.43447e-05 	 9.61508e-06
     1.773 	 1.32759e-05 	 8.89744e-06
     1.774 	 1.26138e-05 	 8.4526e-06
     1.775 	 1.25417e-05 	 8.40317e-06
     1.776 	 1.22164e-05 	 8.18419e-06
     1.777 	 1.17192e-05 	 7.84946e-06
     1.778 	 1.10945e-05 	 7.43088e-06
     1.779 	  1.1671e-05 	 7.82065e-06
     1.780 	 1.23198e-05 	 8.25819e-06
     1.781 	 1.26296e-05 	 8.46125e-06
     1.782 	 1.25252e-05 	 8.38542e-06
     1.783 	  1.2111e-05 	 8.10674e-06
     1.784 	 1.16716e-05 	 7.81241e-06
     1.785 	 1.02222e-05 	 6.84164e-06
     1.786 	 1.00909e-05 	 6.75309e-06
     1.787 	 9.31289e-06 	 6.23191e-06
     1.788 	 1.02611e-05 	 6.86578e-06
     1.789 	 1.06236e-05 	 7.10786e-06
     1.790 	 1.13427e-05 	 7.58827e-06
     1.791 	 1.15468e-05 	 7.72415e-06
     1.792 	 1.10757e-05 	 7.40837e-06
     1.793 	 1.03492e-05 	 6.92199e-06
     1.794 	 9.99295e-06 	 6.68316e-06
     1.795 	 1.01831e-05 	 6.80986e-06
     1.796 	 1.06432e-05 	 7.11697e-06
     1.797 	 1.04142e-05 	 6.96341e-06
     1.798 	 9.57589e-06 	 6.40248e-06
     1.799 	 9.00628e-06 	 6.0212e-06
     1.800 	 9.06661e-06 	 6.0611e-06
     1.801 	 9.92937e-06 	 6.63689e-06
     1.802 	 1.07116e-05 	 7.15996e-06
     1.803 	 1.02451e-05 	 6.85174e-06
     1.804 	 9.95246e-06 	 6.65856e-06
     1.805 	 9.91436e-06 	 6.62924e-06
     1.806 	 9.96361e-06 	 6.65844e-06
     1.807 	 9.75715e-06 	 6.52343e-06
     1.808 	 9.46783e-06 	 6.33291e-06
     1.809 	 1.06281e-05 	 7.10495e-06
     1.810 	  1.1516e-05 	 7.69404e-06
     1.811 	 1.24831e-05 	 8.34322e-06
     1.812 	 1.17734e-05 	 7.8729e-06
     1.813 	 1.14273e-05 	 7.64156e-06
     1.814 	 1.02218e-05 	 6.83445e-06
     1.815 	 1.09456e-05 	 7.31794e-06
     1.816 	 1.13475e-05 	 7.58615e-06
     1.817 	 1.27069e-05 	 8.49423e-06
     1.818 	 1.15294e-05 	 7.70665e-06
     1.819 	 1.09911e-05 	 7.34627e-06
     1.820 	 1.04118e-05 	 6.95859e-06
     1.821 	 1.02288e-05 	 6.8359e-06
     1.822 	  1.0016e-05 	 6.69324e-06
     1.823 	 1.07242e-05 	 7.16603e-06
     1.824 	 1.23656e-05 	 8.26238e-06
     1.825 	 1.24829e-05 	 8.34013e-06
     1.826 	 1.13402e-05 	 7.57623e-06
     1.827 	 9.66497e-06 	 6.45668e-06
     1.828 	  9.6348e-06 	 6.43609e-06
     1.829 	 9.79069e-06 	 6.53991e-06
     1.830 	 1.06236e-05 	 7.09584e-06
     1.831 	 1.13808e-05 	 7.60111e-06
     1.832 	  1.1135e-05 	 7.43666e-06
     1.833 	  1.0447e-05 	 6.97685e-06
     1.834 	 9.44557e-06 	 6.3077e-06
     1.835 	 9.15359e-06 	 6.11243e-06
     1.836 	 1.03296e-05 	 6.89739e-06
     1.837 	 1.03952e-05 	 6.94091e-06
     1.838 	 1.08862e-05 	 7.26841e-06
     1.839 	 1.01349e-05 	 6.76612e-06
     1.840 	  1.0905e-05 	 7.28043e-06
     1.841 	 1.07914e-05 	 7.20816e-06
     1.842 	 1.12954e-05 	 7.54846e-06
     1.843 	 1.08787e-05 	 7.27037e-06
     1.844 	  1.1681e-05 	 7.80574e-06
     1.845 	 1.09854e-05 	 7.34068e-06
     1.846 	 1.16233e-05 	 7.76683e-06
     1.847 	 1.20683e-05 	 8.06456e-06
     1.848 	 1.29547e-05 	 8.65623e-06
     1.849 	 1.15033e-05 	 7.68238e-06
     1.850 	 9.81517e-06 	 6.55149e-06
     1.851 	 9.47108e-06 	 6.32136e-06
     1.852 	 1.05098e-05 	 7.01517e-06
     1.853 	 1.11973e-05 	 7.4742e-06
     1.854 	 1.08109e-05 	 7.21639e-06
     1.855 	  1.1824e-05 	 7.89214e-06
     1.856 	 1.23893e-05 	 8.27019e-06
     1.857 	  1.2335e-05 	 8.2384e-06
     1.858 	 9.95558e-06 	 6.6528e-06
     1.859 	 9.59926e-06 	 6.41592e-06
     1.860 	  1.0006e-05 	 6.68697e-06
     1.861 	 1.13276e-05 	 7.56667e-06
     1.862 	 1.23229e-05 	 8.22774e-06
     1.863 	  1.2385e-05 	 8.26895e-06
     1.864 	 1.19057e-05 	 7.95009e-06
     1.865 	 9.20528e-06 	 6.14725e-06
     1.866 	  8.5642e-06 	 5.7195e-06
     1.867 	 8.87636e-06 	 5.92838e-06
     1.868 	 1.06816e-05 	 7.13459e-06
     1.869 	 1.09983e-05 	 7.34613e-06
     1.870 	 1.04328e-05 	 6.96942e-06
     1.871 	 1.00961e-05 	 6.74851e-06
     1.872 	 1.01589e-05 	 6.79458e-06
     1.873 	 1.08135e-05 	 7.23348e-06
     1.874 	 1.07142e-05 	 7.16717e-06
     1.875 	  1.0723e-05 	 7.17374e-06
     1.876 	 1.15374e-05 	 7.71923e-06
     1.877 	 1.21537e-05 	 8.13234e-06
     1.878 	 1.18326e-05 	 7.91818e-06
     1.879 	 1.04867e-05 	 7.01824e-06
     1.880 	 1.02163e-05 	 6.83791e-06
     1.881 	 1.07802e-05 	 7.21612e-06
     1.882 	 1.06289e-05 	 7.1155e-06
     1.883 	 1.12826e-05 	 7.55383e-06
     1.884 	 1.13918e-05 	 7.62782e-06
     1.885 	 1.38478e-05 	 9.2733e-06
     1.886 	 1.32356e-05 	 8.86423e-06
     1.887 	 1.19391e-05 	 7.99676e-06
     1.888 	 1.03334e-05 	 6.92201e-06
     1.889 	 9.96252e-06 	 6.67421e-06
     1.890 	 1.08867e-05 	 7.29412e-06
     1.891 	 1.02436e-05 	 6.86394e-06
     1.892 	 1.15121e-05 	 7.71481e-06
     1.893 	 1.35552e-05 	 9.08567e-06
     1.894 	 1.39299e-05 	 9.33716e-06
     1.895 	 1.28966e-05 	 8.64034e-06
     1.896 	  1.0816e-05 	 7.24387e-06
     1.897 	 9.95263e-06 	 6.66975e-06
     1.898 	 1.05153e-05 	 7.05117e-06
     1.899 	 1.01007e-05 	 6.77086e-06
     1.900 	   1.136e-05 	 7.61119e-06
     1.901 	 1.09192e-05 	 7.31619e-06
     1.902 	 1.16568e-05 	 7.81181e-06
     1.903 	 1.18878e-05 	 7.96678e-06
     1.904 	 1.17951e-05 	 7.90612e-06
     1.905 	 1.02553e-05 	 6.87827e-06
     1.906 	 9.53727e-06 	 6.40066e-06
     1.907 	 8.74461e-06 	 5.86973e-06
     1.908 	 9.85946e-06 	 6.61827e-06
     1.909 	 1.10858e-05 	 7.44226e-06
     1.910 	 1.24516e-05 	 8.36014e-06
     1.911 	 1.34228e-05 	 9.01384e-06
     1.912 	 1.39454e-05 	 9.36502e-06
     1.913 	 1.37111e-05 	 9.20387e-06
     1.914 	 1.24762e-05 	 8.37151e-06
     1.915 	 1.11952e-05 	 7.5116e-06
     1.916 	 1.20763e-05 	 8.10498e-06
     1.917 	 1.32174e-05 	 8.87638e-06
     1.918 	 1.32215e-05 	 8.88461e-06
     1.919 	 1.16068e-05 	 7.80117e-06
     1.920 	 1.04996e-05 	 7.05712e-06
     1.921 	 9.96612e-06 	 6.69993e-06
     1.922 	 1.09406e-05 	 7.35518e-06
     1.923 	 1.15515e-05 	 7.76284e-06
     1.924 	 1.31081e-05 	 8.80536e-06
     1.925 	 1.21925e-05 	 8.19059e-06
     1.926 	 1.19278e-05 	 8.01427e-06
     1.927 	 1.11814e-05 	 7.51319e-06
     1.928 	 1.08445e-05 	 7.28829e-06
     1.929 	   1.073e-05 	 7.21577e-06
     1.930 	 1.02291e-05 	 6.88337e-06
     1.931 	 1.03268e-05 	 6.95037e-06
     1.932 	 1.06705e-05 	 7.18215e-06
     1.933 	 1.05171e-05 	 7.07967e-06
     1.934 	 1.13979e-05 	 7.67352e-06
     1.935 	 1.14022e-05 	 7.67747e-06
     1.936 	 1.09336e-05 	 7.36288e-06
     1.937 	 1.04641e-05 	 7.04758e-06
     1.938 	 1.02715e-05 	 6.91871e-06
     1.939 	 1.18189e-05 	 7.96216e-06
     1.940 	 1.13251e-05 	 7.63046e-06
     1.941 	 1.16496e-05 	 7.85009e-06
     1.942 	 1.07302e-05 	 7.23151e-06
     1.943 	  1.0928e-05 	 7.36579e-06
     1.944 	 1.02563e-05 	 6.914e-06
     1.945 	 1.00475e-05 	 6.77432e-06
     1.946 	 1.04487e-05 	 7.04578e-06
     1.947 	 1.08669e-05 	 7.3288e-06
     1.948 	 1.08564e-05 	 7.32274e-06
     1.949 	 1.04998e-05 	 7.08375e-06
     1.950 	 9.87373e-06 	 6.66182e-06
     1.951 	 9.67714e-06 	 6.52636e-06
     1.952 	 9.80092e-06 	 6.60792e-06
     1.953 	 9.85724e-06 	 6.6499e-06
     1.954 	 9.81651e-06 	 6.62732e-06
     1.955 	 9.98962e-06 	 6.74582e-06
     1.956 	 1.13073e-05 	 7.63627e-06
     1.957 	  1.1232e-05 	 7.58657e-06
     1.958 	 1.04784e-05 	 7.0787e-06
     1.959 	 8.86513e-06 	 5.98977e-06
     1.960 	  1.0136e-05 	 6.84957e-06
     1.961 	 1.16699e-05 	 7.88736e-06
     1.962 	 1.32976e-05 	 8.98898e-06
     1.963 	 1.23514e-05 	 8.35081e-06
     1.964 	 1.13369e-05 	 7.66614e-06
     1.965 	 9.75457e-06 	 6.59729e-06
     1.966 	  9.8837e-06 	 6.68571e-06
     1.967 	 1.04802e-05 	 7.09086e-06
     1.968 	  1.0847e-05 	 7.33971e-06
     1.969 	 1.14757e-05 	 7.76251e-06
     1.970 	 1.11196e-05 	 7.51892e-06
     1.971 	 1.05719e-05 	 7.14932e-06
     1.972 	 9.56489e-06 	 6.46986e-06
     1.973 	 8.98568e-06 	 6.07914e-06
     1.974 	 9.62514e-06 	 6.51283e-06
     1.975 	 1.03049e-05 	 6.97405e-06
     1.976 	 1.15991e-05 	 7.85122e-06
     1.977 	  1.2124e-05 	 8.20787e-06
     1.978 	  1.2465e-05 	 8.44016e-06
     1.979 	 1.20129e-05 	 8.13539e-06
     1.980 	 1.14707e-05 	 7.76957e-06
     1.981 	 1.01121e-05 	 6.85052e-06
     1.982 	 9.34486e-06 	 6.33183e-06
     1.983 	 1.04712e-05 	 7.09627e-06
     1.984 	  1.2293e-05 	 8.33235e-06
     1.985 	 1.27921e-05 	 8.6722e-06
     1.986 	 1.27252e-05 	 8.62839e-06
     1.987 	 1.25171e-05 	 8.4888e-06
     1.988 	 1.29377e-05 	 8.77548e-06
     1.989 	 1.29663e-05 	 8.79654e-06
     1.990 	 1.26048e-05 	 8.55285e-06
     1.991 	 1.32368e-05 	 8.98321e-06
     1.992 	 1.19132e-05 	 8.08628e-06
     1.993 	 1.22686e-05 	 8.32911e-06
     1.994 	 1.11341e-05 	 7.56018e-06
     1.995 	 1.25576e-05 	 8.52825e-06
     1.996 	 1.17121e-05 	 7.95554e-06
     1.997 	 1.19336e-05 	 8.10919e-06
     1.998 	 1.22873e-05 	 8.34925e-06
     1.999 	 1.31942e-05 	 8.95437e-06
     2.000 	  1.3086e-05 	 8.86758e-06
     2.001 	 1.24976e-05 	 8.47226e-06
     2.002 	 1.23372e-05 	 8.36528e-06
     2.003 	 1.18674e-05 	 8.04842e-06
     2.004 	 1.06087e-05 	 7.19629e-06
     2.005 	 9.53535e-06 	 6.46955e-06
     2.006 	 1.02784e-05 	 6.9743e-06
     2.007 	 1.09297e-05 	 7.4178e-06
     2.008 	 1.03951e-05 	 7.05645e-06
     2.009 	 9.30229e-06 	 6.31595e-06
     2.010 	 9.18865e-06 	 6.23934e-06
     2.011 	 1.06112e-05 	 7.20667e-06
     2.012 	 1.17216e-05 	 7.96233e-06
     2.013 	 1.15789e-05 	 7.8669e-06
     2.014 	 1.04906e-05 	 7.12799e-06
     2.015 	 9.81607e-06 	 6.67095e-06
     2.016 	 1.11843e-05 	 7.60225e-06
     2.017 	 1.18523e-05 	 8.05785e-06
     2.018 	 1.11947e-05 	 7.61223e-06
     2.019 	 9.40619e-06 	 6.39651e-06
     2.020 	 9.31033e-06 	 6.33253e-06
     2.021 	 1.04369e-05 	 7.10017e-06
     2.022 	 9.88647e-06 	 6.72702e-06
     2.023 	 8.51601e-06 	 5.79493e-06
     2.024 	 9.46287e-06 	 6.44049e-06
     2.025 	 1.15863e-05 	 7.88723e-06
     2.026 	 1.27036e-05 	 8.6495e-06
     2.027 	 1.10854e-05 	 7.54917e-06
     2.028 	 1.09065e-05 	 7.42787e-06
     2.029 	 1.16946e-05 	 7.96614e-06
     2.030 	 1.23329e-05 	 8.40257e-06
     2.031 	  1.1362e-05 	 7.74271e-06
     2.032 	 1.13404e-05 	 7.72961e-06
     2.033 	 1.12082e-05 	 7.64018e-06
     2.034 	 1.17098e-05 	 7.98378e-06
     2.035 	 1.22657e-05 	 8.36457e-06
     2.036 	 1.22141e-05 	 8.33113e-06
     2.037 	 1.12139e-05 	 7.65051e-06
     2.038 	  1.0001e-05 	 6.82363e-06
     2.039 	 1.06966e-05 	 7.29976e-06
     2.040 	 1.10836e-05 	 7.56546e-06
     2.041 	 1.06089e-05 	 7.2428e-06
     2.042 	 9.54691e-06 	 6.51899e-06
     2.043 	 9.18567e-06 	 6.27349e-06
     2.044 	 9.77611e-06 	 6.67717e-06
     2.045 	 8.82909e-06 	 6.03148e-06
     2.046 	 9.31845e-06 	 6.36697e-06
     2.047 	 9.77533e-06 	 6.68039e-06
     2.048 	 1.12436e-05 	 7.68523e-06
     2.049 	 1.21878e-05 	 8.33116e-06
     2.050 	  1.2187e-05 	 8.33217e-06
     2.051 	 1.21662e-05 	 8.31978e-06
     2.052 	 1.19222e-05 	 8.15471e-06
     2.053 	 1.15375e-05 	 7.89331e-06
     2.054 	 1.17231e-05 	 8.02204e-06
     2.055 	 1.04895e-05 	 7.1786e-06
     2.056 	 9.85547e-06 	 6.74617e-06
     2.057 	 9.50308e-06 	 6.50638e-06
     2.058 	 1.06337e-05 	 7.28207e-06
     2.059 	 1.06883e-05 	 7.32106e-06
     2.060 	  1.1424e-05 	 7.8267e-06
     2.061 	 1.13022e-05 	 7.74444e-06
     2.062 	 1.06093e-05 	 7.26989e-06
     2.063 	 1.01292e-05 	 6.94198e-06
     2.064 	 1.09035e-05 	 7.4738e-06
     2.065 	 1.25603e-05 	 8.61077e-06
     2.066 	 1.18835e-05 	 8.14805e-06
     2.067 	 1.03664e-05 	 7.10892e-06
     2.068 	 1.08727e-05 	 7.45727e-06
     2.069 	 1.15913e-05 	 7.95039e-06
     2.070 	 1.32166e-05 	 9.06657e-06
     2.071 	 1.19379e-05 	 8.191e-06
     2.072 	 1.24105e-05 	 8.51696e-06
     2.073 	 1.01603e-05 	 6.9741e-06
     2.074 	 9.96015e-06 	 6.83806e-06
     2.075 	 1.04209e-05 	 7.15581e-06
     2.076 	 1.10888e-05 	 7.61595e-06
     2.077 	 1.20178e-05 	 8.25465e-06
     2.078 	 1.19801e-05 	 8.23038e-06
     2.079 	 1.29442e-05 	 8.89449e-06
     2.080 	 1.29296e-05 	 8.88621e-06
     2.081 	 1.15536e-05 	 7.94268e-06
     2.082 	   1.024e-05 	 7.04154e-06
     2.083 	   9.889e-06 	 6.80203e-06
     2.084 	 1.07428e-05 	 7.39131e-06
     2.085 	 1.18804e-05 	 8.17623e-06
     2.086 	 1.23907e-05 	 8.5287e-06
     2.087 	 1.20796e-05 	 8.31683e-06
     2.088 	 1.11345e-05 	 7.66821e-06
     2.089 	 1.10838e-05 	 7.63537e-06
     2.090 	 1.16929e-05 	 8.05715e-06
     2.091 	 1.23493e-05 	 8.5123e-06
     2.092 	  1.1864e-05 	 8.18051e-06
     2.093 	  1.1539e-05 	 7.95907e-06
     2.094 	 1.18604e-05 	 8.18349e-06
     2.095 	 1.13426e-05 	 7.82883e-06
     2.096 	 1.11468e-05 	 7.69625e-06
     2.097 	  1.0883e-05 	 7.51571e-06
     2.098 	 1.13288e-05 	 7.82619e-06
     2.099 	 1.16992e-05 	 8.08476e-06
     2.100 	 1.16578e-05 	 8.05884e-06
     2.101 	 1.10936e-05 	 7.67156e-06
     2.102 	 1.01544e-05 	 7.02459e-06
     2.103 	 1.06742e-05 	 7.38682e-06
     2.104 	 1.19692e-05 	 8.28597e-06
     2.105 	 1.12818e-05 	 7.81289e-06
     2.106 	 1.10907e-05 	 7.68331e-06
     2.107 	 9.83705e-06 	 6.81725e-06
     2.108 	 1.03182e-05 	 7.15325e-06
     2.109 	  1.0122e-05 	 7.01974e-06
     2.110 	 1.03798e-05 	 7.2011e-06
     2.111 	 1.16844e-05 	 8.10939e-06
     2.112 	  1.2211e-05 	 8.47822e-06
     2.113 	 1.18196e-05 	 8.20971e-06
     2.114 	 1.16956e-05 	 8.12582e-06
     2.115 	 1.20231e-05 	 8.35666e-06
     2.116 	 1.34735e-05 	 9.36847e-06
     2.117 	 1.26277e-05 	 8.78385e-06
     2.118 	  1.2011e-05 	 8.35817e-06
     2.119 	 1.14595e-05 	 7.97755e-06
     2.120 	  1.2057e-05 	 8.39681e-06
     2.121 	 1.19959e-05 	 8.35425e-06
     2.122 	 1.25063e-05 	 8.7152e-06
     2.123 	 1.30087e-05 	 9.0701e-06
     2.124 	 1.24497e-05 	 8.68317e-06
     2.125 	 1.18983e-05 	 8.30298e-06
     2.126 	 1.04723e-05 	 7.31174e-06
     2.127 	 1.01646e-05 	 7.10138e-06
     2.128 	 9.72882e-06 	 6.79913e-06
     2.129 	 9.58017e-06 	 6.69879e-06
     2.130 	 9.98051e-06 	 6.98242e-06
     2.131 	 1.07185e-05 	 7.50208e-06
     2.132 	 1.23903e-05 	 8.67784e-06
     2.133 	 1.25046e-05 	 8.7618e-06
     2.134 	  1.2697e-05 	 8.90241e-06
     2.135 	  1.1473e-05 	 8.04781e-06
     2.136 	 1.10562e-05 	 7.76128e-06
     2.137 	 1.19972e-05 	 8.42561e-06
     2.138 	 1.17421e-05 	 8.25182e-06
     2.139 	 1.22274e-05 	 8.59671e-06
     2.140 	 1.15839e-05 	 8.14793e-06
     2.141 	 1.28298e-05 	 9.02937e-06
     2.142 	 1.34032e-05 	 9.43636e-06
     2.143 	  1.2694e-05 	 8.9403e-06
     2.144 	  1.2863e-05 	 9.06261e-06
     2.145 	 1.17501e-05 	 8.28321e-06
     2.146 	 1.31038e-05 	 9.24084e-06
     2.147 	 1.26695e-05 	 8.93781e-06
     2.148 	  1.3773e-05 	 9.71883e-06
     2.149 	 1.27939e-05 	 9.03228e-06
     2.150 	 1.18888e-05 	 8.39804e-06
     2.151 	 1.25797e-05 	 8.88832e-06
     2.152 	 1.26874e-05 	 8.96666e-06
     2.153 	 1.31548e-05 	 9.29932e-06
     2.154 	 1.16961e-05 	 8.27023e-06
     2.155 	 1.19915e-05 	 8.48124e-06
     2.156 	 1.24441e-05 	 8.80355e-06
     2.157 	 1.24908e-05 	 8.8388e-06
     2.158 	 1.08253e-05 	 7.66217e-06
     2.159 	 1.03478e-05 	 7.32529e-06
     2.160 	 1.15049e-05 	 8.14645e-06
     2.161 	  1.1895e-05 	 8.42544e-06
     2.162 	 1.26554e-05 	 8.96699e-06
     2.163 	 1.20322e-05 	 8.52822e-06
     2.164 	 1.17808e-05 	 8.35107e-06
     2.165 	 1.09282e-05 	 7.75015e-06
     2.166 	 1.07409e-05 	 7.61905e-06
     2.167 	 1.13249e-05 	 8.03596e-06
     2.168 	 1.06294e-05 	 7.54492e-06
     2.169 	 1.00834e-05 	 7.15971e-06
     2.170 	 9.64644e-06 	 6.85169e-06
     2.171 	  1.0318e-05 	 7.32932e-06
     2.172 	 1.03282e-05 	 7.33869e-06
     2.173 	 9.90824e-06 	 7.0416e-06
     2.174 	 9.61331e-06 	 6.83397e-06
     2.175 	 1.10043e-05 	 7.826e-06
     2.176 	 1.14594e-05 	 8.15035e-06
     2.177 	 1.10091e-05 	 7.83234e-06
     2.178 	 8.88649e-06 	 6.32342e-06
     2.179 	  8.2055e-06 	 5.84053e-06
     2.180 	 9.30169e-06 	 6.62134e-06
     2.181 	 1.11555e-05 	 7.94303e-06
     2.182 	 1.21253e-05 	 8.6358e-06
     2.183 	 1.07404e-05 	 7.65235e-06
     2.184 	  8.7659e-06 	 6.24528e-06
     2.185 	 8.79662e-06 	 6.26879e-06
     2.186 	  9.8068e-06 	 6.9905e-06
     2.187 	 1.09622e-05 	 7.81613e-06
     2.188 	 1.09349e-05 	 7.79711e-06
     2.189 	 1.17546e-05 	 8.38378e-06
     2.190 	 1.16289e-05 	 8.29643e-06
     2.191 	 1.19199e-05 	 8.5066e-06
     2.192 	 1.16287e-05 	 8.30128e-06
     2.193 	 1.14246e-05 	 8.15638e-06
     2.194 	  1.1033e-05 	 7.87917e-06
     2.195 	 1.03374e-05 	 7.38463e-06
     2.196 	 1.08832e-05 	 7.777e-06
     2.197 	 1.12457e-05 	 8.03682e-06
     2.198 	 1.22284e-05 	 8.74174e-06
     2.199 	 1.34416e-05 	 9.61191e-06
     2.200 	 1.46885e-05 	 1.05067e-05
     2.201 	 1.39753e-05 	 1.00003e-05
     2.202 	 1.36299e-05 	 9.75555e-06
     2.203 	 1.27544e-05 	 9.13123e-06
     2.204 	 1.35162e-05 	 9.67906e-06
     2.205 	 1.31643e-05 	 9.42943e-06
     2.206 	 1.37324e-05 	 9.84083e-06
     2.207 	 1.33812e-05 	 9.5927e-06
     2.208 	 1.28569e-05 	 9.21916e-06
     2.209 	 1.31908e-05 	 9.46096e-06
     2.210 	 1.42782e-05 	 1.02435e-05
     2.211 	 1.31774e-05 	 9.45591e-06
     2.212 	 1.32574e-05 	 9.51441e-06
     2.213 	  1.3294e-05 	 9.54176e-06
     2.214 	 1.69669e-05 	 1.21794e-05
     2.215 	 1.66631e-05 	 1.19627e-05
     2.216 	 1.60796e-05 	 1.15488e-05
     2.217 	 1.56777e-05 	 1.12614e-05
     2.218 	 1.63701e-05 	 1.17601e-05
     2.219 	 1.73967e-05 	 1.2499e-05
     2.220 	 1.54988e-05 	 1.11367e-05
     2.221 	 1.36478e-05 	 9.81004e-06
     2.222 	 1.26982e-05 	 9.12955e-06
     2.223 	 1.45225e-05 	 1.04435e-05
     2.224 	 1.61265e-05 	 1.15996e-05
     2.225 	 1.46384e-05 	 1.05329e-05
     2.226 	 1.42373e-05 	 1.02466e-05
     2.227 	 1.40253e-05 	 1.00963e-05
     2.228 	 1.61552e-05 	 1.16322e-05
     2.229 	   1.626e-05 	 1.17117e-05
     2.230 	 1.63907e-05 	 1.18085e-05
     2.231 	 1.66677e-05 	 1.20109e-05
     2.232 	 1.70048e-05 	 1.22567e-05
     2.233 	 1.63781e-05 	 1.18092e-05
     2.234 	 1.62352e-05 	 1.17089e-05
     2.235 	 1.50929e-05 	 1.08876e-05
     2.236 	 1.58981e-05 	 1.14712e-05
     2.237 	  1.5336e-05 	 1.10695e-05
     2.238 	 1.39838e-05 	 1.00959e-05
     2.239 	 1.37809e-05 	 9.95373e-06
     2.240 	 1.43572e-05 	 1.03736e-05
     2.241 	 1.51136e-05 	 1.09224e-05
     2.242 	 1.55528e-05 	 1.12422e-05
     2.243 	 1.62294e-05 	 1.17337e-05
     2.244 	 1.73657e-05 	 1.25606e-05
     2.245 	 1.65255e-05 	 1.19554e-05
     2.246 	 1.65262e-05 	 1.19584e-05
     2.247 	 1.62335e-05 	 1.1749e-05
     2.248 	 1.50413e-05 	 1.08897e-05
     2.249 	 1.32722e-05 	 9.61092e-06
     2.250 	 1.33194e-05 	 9.64711e-06
     2.251 	 1.69097e-05 	 1.22522e-05
     2.252 	 1.69157e-05 	 1.22598e-05
     2.253 	 1.78917e-05 	 1.29707e-05
     2.254 	 1.58258e-05 	 1.14761e-05
     2.255 	 1.74591e-05 	 1.26653e-05
     2.256 	 1.72178e-05 	 1.24936e-05
     2.257 	 1.89912e-05 	 1.37813e-05
     2.258 	 1.89921e-05 	 1.37872e-05
     2.259 	 1.92351e-05 	 1.39674e-05
     2.260 	 1.62601e-05 	 1.18103e-05
     2.261 	 1.56478e-05 	 1.13701e-05
     2.262 	 1.52909e-05 	 1.11139e-05
     2.263 	 1.94638e-05 	 1.41508e-05
     2.264 	 2.06862e-05 	 1.50438e-05
     2.265 	  2.1085e-05 	 1.53399e-05
     2.266 	 1.73796e-05 	 1.26477e-05
     2.267 	 1.49975e-05 	 1.09173e-05
     2.268 	 1.27174e-05 	 9.26117e-06
     2.269 	 1.24317e-05 	 9.05567e-06
     2.270 	 1.25853e-05 	 9.17014e-06
     2.271 	 1.27465e-05 	 9.29114e-06
     2.272 	 1.38986e-05 	 1.01336e-05
     2.273 	  1.4496e-05 	 1.0572e-05
     2.274 	 1.37042e-05 	 9.9983e-06
     2.275 	 1.21318e-05 	 8.85345e-06
     2.276 	 1.02293e-05 	 7.46703e-06
     2.277 	 1.03297e-05 	 7.54231e-06
     2.278 	 1.05656e-05 	 7.71749e-06
     2.279 	 1.03245e-05 	 7.54337e-06
     2.280 	 1.02808e-05 	 7.51342e-06
     2.281 	 9.43051e-06 	 6.89495e-06
     2.282 	 1.01514e-05 	 7.42432e-06
     2.283 	 1.00536e-05 	 7.35583e-06
     2.284 	 9.76481e-06 	 7.14758e-06
     2.285 	 8.89033e-06 	 6.5095e-06
     2.286 	 8.44927e-06 	 6.18848e-06
     2.287 	 8.29955e-06 	 6.08263e-06
     2.288 	 8.06296e-06 	 5.91107e-06
     2.289 	  7.7327e-06 	 5.67071e-06
     2.290 	 6.56491e-06 	 4.81637e-06
     2.291 	 6.47802e-06 	 4.75374e-06
     2.292 	 6.15563e-06 	 4.51823e-06
     2.293 	 7.25768e-06 	 5.32839e-06
     2.294 	 6.90275e-06 	 5.06959e-06
     2.295 	 6.52418e-06 	 4.79268e-06
     2.296 	 6.16922e-06 	 4.533e-06
     2.297 	  5.7984e-06 	 4.26202e-06
     2.298 	 5.71925e-06 	 4.20483e-06
     2.299 	 4.87696e-06 	 3.58642e-06
     2.300 	 5.07466e-06 	 3.7331e-06
     2.301 	 5.22143e-06 	 3.84181e-06
     2.302 	 5.61817e-06 	 4.13453e-06
     2.303 	 5.67885e-06 	 4.18089e-06
     2.304 	 5.28562e-06 	 3.89293e-06
     2.305 	 5.11888e-06 	 3.77085e-06
     2.306 	 4.51647e-06 	 3.32811e-06
     2.307 	 4.70944e-06 	 3.47097e-06
     2.308 	  5.0243e-06 	 3.70374e-06
     2.309 	 5.30138e-06 	 3.90875e-06
     2.310 	  5.3428e-06 	 3.9413e-06
     2.311 	 5.11045e-06 	 3.77045e-06
     2.312 	 5.16842e-06 	 3.81378e-06
     2.313 	 5.14785e-06 	 3.79959e-06
     2.314 	 4.80893e-06 	 3.54996e-06
     2.315 	 4.61002e-06 	 3.40398e-06
     2.316 	 3.89124e-06 	 2.87457e-06
     2.317 	 4.06652e-06 	 3.0045e-06
     2.318 	 4.15992e-06 	 3.07396e-06
     2.319 	  4.1266e-06 	 3.05013e-06
     2.320 	 3.41094e-06 	 2.52153e-06
     2.321 	  2.9975e-06 	 2.21602e-06
     2.322 	 3.10187e-06 	 2.29378e-06
     2.323 	 3.28376e-06 	 2.4287e-06
     2.324 	 3.15787e-06 	 2.33572e-06
     2.325 	  2.7095e-06 	 2.0044e-06
     2.326 	 2.53962e-06 	 1.87905e-06
     2.327 	 2.60946e-06 	 1.93123e-06
     2.328 	 2.89665e-06 	 2.14389e-06
     2.329 	 2.61886e-06 	 1.93862e-06
     2.330 	 2.34295e-06 	 1.73448e-06
     2.331 	 1.98049e-06 	 1.46637e-06
     2.332 	 2.16701e-06 	 1.60503e-06
     2.333 	  2.1042e-06 	 1.55891e-06
     2.334 	 2.01415e-06 	 1.49241e-06
     2.335 	 1.78516e-06 	 1.32307e-06
     2.336 	 1.64858e-06 	 1.22216e-06
     2.337 	 1.61134e-06 	 1.19497e-06
     2.338 	 1.63464e-06 	 1.21243e-06
     2.339 	 1.61806e-06 	 1.2003e-06
     2.340 	 1.63806e-06 	 1.21545e-06
     2.341 	 1.46257e-06 	 1.08544e-06
     2.342 	 1.36311e-06 	 1.01201e-06
     2.343 	 1.31402e-06 	 9.75853e-07
     2.344 	 1.14961e-06 	 8.5391e-07
     2.345 	 1.03054e-06 	 7.65684e-07
     2.346 	 8.82766e-07 	 6.56141e-07
     2.347 	 8.33304e-07 	 6.19559e-07
     2.348 	 7.43192e-07 	 5.52662e-07
     2.349 	 7.02752e-07 	 5.22684e-07
     2.350 	 6.51265e-07 	 4.84478e-07
     2.351 	 5.77664e-07 	 4.2994e-07
     2.352 	 4.62877e-07 	 3.44571e-07
     2.353 	 4.05015e-07 	 3.01553e-07
     2.354 	 3.72687e-07 	 2.77594e-07
     2.355 	  2.9743e-07 	 2.2158e-07
     2.356 	  2.4507e-07 	 1.82643e-07
     2.357 	 2.02238e-07 	 1.50749e-07
     2.358 	 1.89277e-07 	 1.4113e-07
     2.359 	  1.6124e-07 	 1.20247e-07
     2.360 	 1.37796e-07 	 1.02782e-07
     2.361 	 1.30364e-07 	 9.72753e-08
     2.362 	 1.25522e-07 	 9.36888e-08
     2.363 	 1.17532e-07 	 8.77402e-08
     2.364 	 1.02894e-07 	 7.68337e-08
     2.365 	 8.62801e-08 	 6.44387e-08
     2.366 	 6.60417e-08 	 4.9342e-08
     2.367 	 6.03626e-08 	 4.51118e-08
     2.368 	 5.54185e-08 	 4.14239e-08
     2.369 	 5.92879e-08 	 4.43238e-08
     2.370 	 4.91801e-08 	 3.67735e-08
     2.371 	 4.49157e-08 	 3.35934e-08
     2.372 	 3.28745e-08 	 2.4596e-08
     2.373 	 2.88099e-08 	 2.15581e-08
     2.374 	 3.04551e-08 	 2.27924e-08
     2.375 	 3.12295e-08 	 2.33802e-08
     2.376 	 2.87214e-08 	 2.15056e-08
     2.377 	 2.42314e-08 	 1.81499e-08
     2.378 	 2.57565e-08 	 1.92949e-08
     2.379 	 2.62126e-08 	 1.96394e-08
     2.380 	 2.53607e-08 	 1.90059e-08
     2.381 	 2.45096e-08 	 1.83713e-08
     2.382 	 2.37793e-08 	 1.78271e-08
     2.383 	  2.3318e-08 	 1.74878e-08
     2.384 	 2.26204e-08 	 1.69676e-08
     2.385 	 2.16319e-08 	 1.62308e-08
     2.386 	 2.01247e-08 	 1.51026e-08
     2.387 	 2.23694e-08 	 1.679e-08
     2.388 	 2.37995e-08 	 1.78684e-08
     2.389 	 2.50745e-08 	 1.88289e-08
     2.390 	 2.45181e-08 	 1.84181e-08
     2.391 	 1.83407e-08 	 1.37825e-08
     2.392 	 1.79387e-08 	 1.34837e-08
     2.393 	 1.76949e-08 	 1.33037e-08
     2.394 	 1.94121e-08 	 1.45983e-08
     2.395 	 1.79887e-08 	 1.35312e-08
     2.396 	 1.71901e-08 	 1.29336e-08
     2.397 	 1.66352e-08 	 1.25205e-08
     2.398 	 1.74522e-08 	 1.31386e-08
     2.399 	  1.7472e-08 	 1.31594e-08
     2.400 	 1.69156e-08 	 1.27435e-08
     2.401 	 1.46345e-08 	 1.10266e-08
     2.402 	 1.15148e-08 	 8.67733e-09
     2.403 	 1.07104e-08 	 8.07236e-09
     2.404 	           0 	        0
     2.405 	           0 	        0
     2.406 	           0 	        0
     2.407 	           0 	        0
     2.408 	           0 	        0
     2.409 	           0 	        0
     2.410 	           0 	        0
     2.411 	           0 	        0
     2.412 	           0 	        0
     2.413 	           0 	        0
     2.414 	           0 	        0
     2.415 	           0 	        0
     2.416 	           0 	        0
     2.417 	           0 	        0
     2.418 	           0 	        0
     2.419 	           0 	        0
     2.420 	           0 	        0
     2.421 	           0 	        0
     2.422 	           0 	        0
     2.423 	           0 	        0
     2.424 	           0 	        0
     2.425 	           0 	        0
     2.426 	           0 	        0
     2.427 	           0 	        0
     2.428 	           0 	        0
     2.429 	           0 	        0
     2.430 	           0 	        0
     2.431 	           0 	        0
     2.432 	           0 	        0
     2.433 	           0 	        0
     2.434 	           0 	        0
     2.435 	           0 	        0
     2.436 	           0 	        0
     2.437 	           0 	        0
     2.438 	           0 	        0
     2.439 	           0 	        0
     2.440 	           0 	        0
     2.441 	           0 	        0
     2.442 	           0 	        0
     2.443 	           0 	        0
     2.444 	           0 	        0
     2.445 	           0 	        0
     2.446 	           0 	        0
     2.447 	           0 	        0
     2.448 	           0 	        0
     2.449 	           0 	        0
     2.450 	           0 	        0
     2.451 	           0 	        0
     2.452 	           0 	        0
     2.453 	           0 	        0
     2.454 	           0 	        0
     2.455 	           0 	        0
     2.456 	           0 	        0
     2.457 	           0 	        0
     2.458 	           0 	        0
     2.459 	           0 	        0
     2.460 	           0 	        0
     2.461 	           0 	        0
     2.462 	           0 	        0
     2.463 	           0 	        0
     2.464 	           0 	        0
     2.465 	           0 	        0
     2.466 	           0 	        0
     2.467 	           0 	        0
     2.468 	           0 	        0
     2.469 	           0 	        0
     2.470 	           0 	        0
     2.471 	           0 	        0
     2.472 	           0 	        0
     2.473 	           0 	        0
     2.474 	           0 	        0
     2.475 	           0 	        0
     2.476 	           0 	        0
     2.477 	           0 	        0
     2.478 	           0 	        0
     2.479 	           0 	        0
     2.480 	           0 	        0
     2.481 	           0 	        0
     2.482 	           0 	        0
     2.483 	           0 	        0
     2.484 	           0 	        0
     2.485 	           0 	        0
     2.486 	           0 	        0
     2.487 	           0 	        0
     2.488 	           0 	        0
     2.489 	           0 	        0
     2.490 	           0 	        0
     2.491 	           0 	        0
     2.492 	           0 	        0
     2.493 	           0 	        0
     2.494 	           0 	        0
     2.495 	           0 	        0
     2.496 	           0 	        0
     2.497 	           0 	        0
     2.498 	           0 	        0
     2.499 	           0 	        0
     2.500 	           0 	        0
     2.501 	           0 	        0
     2.502 	           0 	        0
     2.503 	           0 	        0
     2.504 	           0 	        0
     2.505 	           0 	        0
     2.506 	           0 	        0
     2.507 	           0 	        0
     2.508 	           0 	        0
     2.509 	           0 	        0
     2.510 	           0 	        0
     2.511 	           0 	        0
     2.512 	           0 	        0
     2.513 	           0 	        0
     2.514 	           0 	        0
     2.515 	           0 	        0
     2.516 	           0 	        0
     2.517 	           0 	        0
     2.518 	           0 	        0
     2.519 	           0 	        0
     2.520 	           0 	        0
     2.521 	           0 	        0
     2.522 	           0 	        0
     2.523 	           0 	        0
     2.524 	           0 	        0
     2.525 	           0 	        0
     2.526 	           0 	        0
     2.527 	           0 	        0
     2.528 	           0 	        0
     2.529 	           0 	        0
     2.530 	           0 	        0
     2.531 	           0 	        0
     2.532 	           0 	        0
     2.533 	           0 	        0
     2.534 	           0 	        0
     2.535 	           0 	        0
     2.536 	           0 	        0
     2.537 	           0 	        0
     2.538 	           0 	        0
     2.539 	           0 	        0
     2.540 	           0 	        0
     2.541 	           0 	        0
     2.542 	           0 	        0
     2.543 	           0 	        0
     2.544 	           0 	        0
     2.545 	           0 	        0
     2.546 	           0 	        0
     2.547 	           0 	        0
     2.548 	           0 	        0
     2.549 	           0 	        0
     2.550 	           0 	        0
     2.551 	           0 	        0
     2.552 	           0 	        0
     2.553 	           0 	        0
     2.554 	           0 	        0
     2.555 	           0 	        0
     2.556 	           0 	        0
     2.557 	           0 	        0
     2.558 	           0 	        0
     2.559 	           0 	        0
     2.560 	           0 	        0
     2.561 	           0 	        0
     2.562 	           0 	        0
     2.563 	           0 	        0
     2.564 	           0 	        0
     2.565 	           0 	        0
     2.566 	           0 	        0
     2.567 	           0 	        0
     2.568 	           0 	        0
     2.569 	           0 	        0
     2.570 	           0 	        0
     2.571 	           0 	        0
     2.572 	           0 	        0
     2.573 	           0 	        0
     2.574 	           0 	        0
     2.575 	           0 	        0
     2.576 	           0 	        0
     2.577 	           0 	        0
     2.578 	           0 	        0
     2.579 	           0 	        0
     2.580 	           0 	        0
     2.581 	           0 	        0
     2.582 	           0 	        0
     2.583 	           0 	        0
     2.584 	           0 	        0
     2.585 	           0 	        0
     2.586 	           0 	        0
     2.587 	           0 	        0
     2.588 	           0 	        0
     2.589 	           0 	        0
     2.590 	           0 	        0
     2.591 	           0 	        0
     2.592 	           0 	        0
     2.593 	           0 	        0
     2.594 	           0 	        0
     2.595 	           0 	        0
     2.596 	           0 	        0
     2.597 	           0 	        0
     2.598 	           0 	        0
     2.599 	           0 	        0
     2.600 	           0 	        0
     2.601 	           0 	        0
     2.602 	           0 	        0
     2.603 	           0 	        0
     2.604 	           0 	        0
     2.605 	           0 	        0
     2.606 	           0 	        0
     2.607 	           0 	        0
     2.608 	           0 	        0
     2.609 	           0 	        0
     2.610 	           0 	        0
     2.611 	           0 	        0
     2.612 	           0 	        0
     2.613 	           0 	        0
     2.614 	           0 	        0
     2.615 	           0 	        0
     2.616 	           0 	        0
     2.617 	           0 	        0
     2.618 	           0 	        0
     2.619 	           0 	        0
     2.620 	           0 	        0
     2.621 	           0 	        0
     2.622 	           0 	        0
     2.623 	           0 	        0
     2.624 	           0 	        0
     2.625 	           0 	        0
     2.626 	           0 	        0
     2.627 	           0 	        0
     2.628 	           0 	        0
     2.629 	           0 	        0
     2.630 	           0 	        0
     2.631 	           0 	        0
     2.632 	           0 	        0
     2.633 	           0 	        0
     2.634 	           0 	        0
     2.635 	           0 	        0
     2.636 	           0 	        0
     2.637 	           0 	        0
     2.638 	           0 	        0
     2.639 	           0 	        0
     2.640 	           0 	        0
     2.641 	           0 	        0
     2.642 	           0 	        0
     2.643 	           0 	        0
     2.644 	           0 	        0
     2.645 	           0 	        0
     2.646 	           0 	        0
     2.647 	           0 	        0
     2.648 	           0 	        0
     2.649 	           0 	        0
     2.650 	           0 	        0
     2.651 	           0 	        0
     2.652 	 1.03381e-06 	 8.42719e-07
     2.653 	 2.05805e-06 	 1.678e-06
     2.654 	 3.08149e-06 	 2.51299e-06
     2.655 	 1.13482e-05 	 9.25659e-06
     2.656 	 1.96103e-05 	 1.59993e-05
     2.657 	 1.98996e-05 	 1.62389e-05
     2.658 	 2.01886e-05 	 1.64782e-05
     2.659 	 2.04775e-05 	 1.67194e-05
     2.660 	 2.45357e-05 	 2.00372e-05
     2.661 	 2.85906e-05 	 2.3353e-05
     2.662 	 3.26432e-05 	 2.66683e-05
     2.663 	 2.11048e-05 	 1.72452e-05
     2.664 	 9.57569e-06 	 7.82597e-06
     2.665 	 1.95943e-05 	 1.6017e-05
     2.666 	 2.96073e-05 	 2.42091e-05
     2.667 	  3.9617e-05 	 3.23998e-05
     2.668 	 3.76824e-05 	 3.08235e-05
     2.669 	 3.57489e-05 	 2.92474e-05
     2.670 	  3.3816e-05 	 2.76712e-05
     2.671 	   1.804e-05 	 1.47652e-05
     2.672 	 2.28224e-06 	 1.86816e-06
     2.673 	 5.18066e-06 	 4.24163e-06
     2.674 	 8.07504e-06 	 6.61283e-06
     2.675 	 1.09661e-05 	 8.98329e-06
     2.676 	 1.21733e-05 	 9.97438e-06
     2.677 	 1.33788e-05 	 1.09623e-05
     2.678 	 1.45829e-05 	 1.19515e-05
     2.679 	 2.13416e-05 	 1.74944e-05
     2.680 	 2.80941e-05 	 2.30346e-05
     2.681 	 2.00721e-05 	 1.64606e-05
     2.682 	 1.20594e-05 	 9.89155e-06
     2.683 	 4.05416e-06 	 3.32602e-06
     2.684 	 2.70434e-06 	 2.21931e-06
     2.685 	  1.3561e-06 	 1.1131e-06
     2.686 	           0 	        0
     2.687 	           0 	        0
     2.688 	           0 	        0
     2.689 	           0 	        0
     2.690 	           0 	        0
     2.691 	           0 	        0
     2.692 	           0 	        0
     2.693 	           0 	        0
     2.694 	           0 	        0
     2.695 	           0 	        0
     2.696 	           0 	        0
     2.697 	           0 	        0
     2.698 	           0 	        0
     2.699 	           0 	        0
     2.700 	           0 	        0
     2.701 	           0 	        0
     2.702 	           0 	        0
     2.703 	           0 	        0
     2.704 	           0 	        0
     2.705 	           0 	        0
     2.706 	           0 	        0
     2.707 	           0 	        0
     2.708 	           0 	        0
     2.709 	           0 	        0
     2.710 	 3.20231e-08 	 2.6372e-08
     2.711 	 5.50514e-08 	 4.53393e-08
     2.712 	 7.79194e-08 	 6.41768e-08
     2.713 	 5.39509e-06 	 4.44383e-06
     2.714 	 1.06739e-05 	 8.79242e-06
     2.715 	 1.59156e-05 	 1.31109e-05
     2.716 	 1.07301e-05 	 8.83975e-06
     2.717 	 5.58196e-06 	 4.59931e-06
     2.718 	 3.71212e-06 	 3.05882e-06
     2.719 	 1.85497e-06 	 1.5286e-06
     2.720 	 1.14138e-08 	 9.40616e-09
     2.721 	 8.15071e-06 	 6.71772e-06
     2.722 	  1.6246e-05 	 1.33911e-05
     2.723 	 2.42993e-05 	 2.00313e-05
     2.724 	 2.49279e-05 	 2.05537e-05
     2.725 	 2.55527e-05 	 2.1071e-05
     2.726 	 3.16485e-05 	 2.61003e-05
     2.727 	  3.7709e-05 	 3.11015e-05
     2.728 	 4.37358e-05 	 3.60759e-05
     2.729 	 5.11023e-05 	 4.21564e-05
     2.730 	 5.84257e-05 	 4.82026e-05
     2.731 	 6.58902e-05 	 5.43686e-05
     2.732 	 6.32177e-05 	 5.216e-05
     2.733 	 6.05458e-05 	 4.99624e-05
     2.734 	 5.73026e-05 	 4.72927e-05
     2.735 	 5.40594e-05 	 4.46222e-05
     2.736 	 5.08154e-05 	 4.19504e-05
     2.737 	 4.93691e-05 	 4.0762e-05
     2.738 	 4.79228e-05 	 3.95734e-05
     2.739 	 4.64762e-05 	 3.83841e-05
     2.740 	 4.30225e-05 	 3.55293e-05
     2.741 	 3.95844e-05 	 3.26946e-05
     2.742 	 3.83319e-05 	 3.16644e-05
     2.743 	 3.70788e-05 	 3.06367e-05
     2.744 	 3.58247e-05 	 2.96045e-05
     2.745 	 3.52939e-05 	 2.91639e-05
     2.746 	 3.47624e-05 	 2.87287e-05
     2.747 	 3.42307e-05 	 2.82903e-05
     2.748 	 4.17139e-05 	 3.44795e-05
     2.749 	 4.92048e-05 	 4.06685e-05
     2.750 	 4.18297e-05 	 3.45775e-05
     2.751 	 3.44488e-05 	 2.84801e-05
     2.752 	 2.70603e-05 	 2.23701e-05
     2.753 	 2.84848e-05 	 2.35509e-05
     2.754 	 2.99104e-05 	 2.47328e-05
     2.755 	 3.13374e-05 	 2.59083e-05
     2.756 	  2.7211e-05 	 2.24998e-05
     2.757 	 2.30813e-05 	 1.90876e-05
     2.758 	 2.33798e-05 	 1.9333e-05
     2.759 	 2.36786e-05 	 1.95827e-05
     2.760 	 2.39775e-05 	 1.98264e-05
     2.761 	 1.26795e-05 	 1.04873e-05
     2.762 	 1.36995e-06 	 1.13318e-06
     2.763 	 9.17447e-07 	 7.59096e-07
     2.764 	 4.64596e-07 	 3.84396e-07
     2.765 	 1.12839e-08 	 9.33864e-09
     2.766 	 7.97701e-06 	 6.60233e-06
     2.767 	 1.59489e-05 	 1.32027e-05
     2.768 	 2.39271e-05 	 1.98086e-05
     2.769 	 2.21577e-05 	 1.83489e-05
     2.770 	 2.03873e-05 	 1.68823e-05
     2.771 	  1.6969e-05 	 1.40525e-05
     2.772 	 1.35473e-05 	 1.12219e-05
     2.773 	 1.01236e-05 	 8.38553e-06
     2.774 	 1.34497e-05 	 1.11424e-05
     2.775 	 1.67791e-05 	 1.39029e-05
     2.776 	 2.01103e-05 	 1.66641e-05
     2.777 	 2.98957e-05 	 2.47716e-05
     2.778 	 3.96911e-05 	 3.289e-05
     2.779 	 3.63202e-05 	 3.00954e-05
     2.780 	 3.29467e-05 	 2.73072e-05
     2.781 	 2.95894e-05 	 2.45278e-05
     2.782 	  2.5622e-05 	 2.1244e-05
     2.783 	 2.16473e-05 	 1.79508e-05
     2.784 	 1.76645e-05 	 1.46515e-05
     2.785 	 2.16329e-05 	 1.79454e-05
     2.786 	 2.56083e-05 	 2.12459e-05
     2.787 	 3.25309e-05 	 2.69955e-05
     2.788 	 3.94692e-05 	 3.27574e-05
     2.789 	 4.64199e-05 	 3.85311e-05
     2.790 	 4.23358e-05 	 3.51492e-05
     2.791 	 3.82433e-05 	 3.17579e-05
     2.792 	 3.41415e-05 	 2.83518e-05
     2.793 	 3.00502e-05 	 2.4962e-05
     2.794 	 2.59506e-05 	 2.1561e-05
     2.795 	 3.00471e-05 	 2.49697e-05
     2.796 	 3.41507e-05 	 2.83856e-05
     2.797 	 3.82625e-05 	 3.18033e-05
     2.798 	 3.34015e-05 	 2.77686e-05
     2.799 	 2.85318e-05 	 2.37274e-05
     2.800 	 2.36523e-05 	 1.96696e-05
     2.801 	 2.51201e-05 	 2.08962e-05
     2.802 	  2.6589e-05 	 2.212e-05
     2.803 	 2.44034e-05 	 2.03076e-05
     2.804 	 2.22155e-05 	 1.84884e-05
     2.805 	 2.00248e-05 	 1.667e-05
     2.806 	 2.26104e-05 	 1.8822e-05
     2.807 	 2.51987e-05 	 2.09805e-05
     2.808 	 2.77901e-05 	 2.31401e-05
     2.809 	 3.03926e-05 	 2.53092e-05
     2.810 	 3.29976e-05 	 2.74863e-05
     2.811 	 3.42925e-05 	 2.85702e-05
     2.812 	 3.55883e-05 	 2.96552e-05
     2.813 	 3.68854e-05 	 3.07448e-05
     2.814 	 4.42733e-05 	 3.69096e-05
     2.815 	 5.16705e-05 	 4.30843e-05
     2.816 	 5.90733e-05 	 4.9266e-05
     2.817 	 6.44271e-05 	 5.37353e-05
     2.818 	 6.97875e-05 	 5.82167e-05
     2.819 	 6.76003e-05 	 5.64139e-05
     2.820 	 6.54109e-05 	 5.45912e-05
     2.821 	 6.31651e-05 	 5.2732e-05
     2.822 	 6.67654e-05 	 5.57535e-05
     2.823 	 7.03632e-05 	 5.87686e-05
     2.824 	 7.39584e-05 	 6.1789e-05
     2.825 	 7.00831e-05 	 5.85681e-05
     2.826 	 6.62113e-05 	 5.53425e-05
     2.827 	 7.14123e-05 	 5.97068e-05
     2.828 	 7.66109e-05 	 6.40518e-05
     2.829 	 8.18046e-05 	 6.84063e-05
     2.830 	  8.0757e-05 	 6.75425e-05
     2.831 	 7.97098e-05 	 6.66899e-05
     2.832 	 7.73218e-05 	 6.47079e-05
     2.833 	 7.49353e-05 	 6.27326e-05
     2.834 	   7.255e-05 	 6.0738e-05
     2.835 	 7.44662e-05 	 6.2364e-05
     2.836 	  7.6381e-05 	 6.39832e-05
     2.837 	 7.82944e-05 	 6.56022e-05
     2.838 	 7.10913e-05 	 5.95752e-05
     2.839 	  6.3895e-05 	 5.35576e-05
     2.840 	 6.49219e-05 	 5.44373e-05
     2.841 	  6.5947e-05 	 5.52963e-05
     2.842 	 6.69711e-05 	 5.61719e-05
     2.843 	 7.24351e-05 	 6.07794e-05
     2.844 	 7.78963e-05 	 6.5368e-05
     2.845 	 8.33522e-05 	 6.99674e-05
     2.846 	 8.53037e-05 	 7.16345e-05
     2.847 	 8.72537e-05 	 7.32788e-05
     2.848 	 8.45865e-05 	 7.10603e-05
     2.849 	 8.19219e-05 	 6.88209e-05
     2.850 	 7.92593e-05 	 6.6611e-05
     2.851 	 8.04493e-05 	 6.76192e-05
     2.852 	  8.1638e-05 	 6.86407e-05
     2.853 	 8.28259e-05 	 6.96478e-05
     2.854 	  8.1661e-05 	 6.86977e-05
     2.855 	 8.04972e-05 	 6.77267e-05
     2.856 	 7.79087e-05 	 6.55703e-05
     2.857 	 7.53214e-05 	 6.33937e-05
     2.858 	 7.27367e-05 	 6.12318e-05
     2.859 	 7.36666e-05 	 6.20348e-05
     2.860 	 7.45959e-05 	 6.28248e-05
     2.861 	 7.55246e-05 	 6.36325e-05
     2.862 	 8.11125e-05 	 6.83539e-05
     2.863 	 8.66962e-05 	 7.30658e-05
     2.864 	 8.30011e-05 	 6.9987e-05
     2.865 	 7.93096e-05 	 6.68872e-05
     2.866 	 7.56209e-05 	 6.37887e-05
     2.867 	 7.57005e-05 	 6.38814e-05
     2.868 	 7.57801e-05 	 6.39543e-05
     2.869 	 7.58596e-05 	 6.40339e-05
     2.870 	 8.05344e-05 	 6.80071e-05
     2.871 	 8.52068e-05 	 7.19666e-05
     2.872 	 9.04495e-05 	 7.64171e-05
     2.873 	 9.56882e-05 	 8.0867e-05
     2.874 	 0.000100924 	 8.53082e-05
     2.875 	 0.000102627 	 8.67644e-05
     2.876 	 0.000104329 	 8.82202e-05
     2.877 	 0.000106029 	 8.96936e-05
     2.878 	 0.000105772 	 8.9484e-05
     2.879 	 0.000105516 	 8.92845e-05
     2.880 	 0.000106862 	 9.04408e-05
     2.881 	 0.000108222 	 9.163e-05
     2.882 	 0.000109582 	 9.28007e-05
     2.883 	 0.000110323 	 9.34476e-05
     2.884 	 0.000111065 	 9.40958e-05
     2.885 	 0.000111805 	 9.47622e-05
     2.886 	 0.000105645 	 8.95504e-05
     2.887 	 9.94858e-05 	 8.43472e-05
     2.888 	 9.86391e-05 	 8.36467e-05
     2.889 	 9.77928e-05 	 8.29636e-05
     2.890 	 9.69467e-05 	 8.22543e-05
     2.891 	 9.83285e-05 	 8.34456e-05
     2.892 	 9.97095e-05 	 8.46367e-05
     2.893 	  0.00010109 	 8.5819e-05
     2.894 	 0.000100687 	 8.55142e-05
     2.895 	 0.000100285 	 8.52008e-05
     2.896 	 0.000101104 	 8.59161e-05
     2.897 	 0.000101924 	 8.66234e-05
     2.898 	 0.000102742 	 8.73384e-05
     2.899 	 0.000105487 	 8.97109e-05
     2.900 	 0.000108232 	 9.20567e-05
     2.901 	 0.000108815 	 9.25742e-05
     2.902 	 0.000109398 	 9.30921e-05
     2.903 	 0.000109981 	 9.36004e-05
     2.904 	  0.00011165 	 9.50432e-05
     2.905 	 0.000113317 	 9.64848e-05
     2.906 	 0.000114984 	 9.7917e-05
     2.907 	 0.000104299 	 8.88296e-05
     2.908 	 9.36211e-05 	 7.97291e-05
     2.909 	 8.86596e-05 	 7.55215e-05
     2.910 	 8.36991e-05 	 7.13128e-05
     2.911 	 7.87467e-05 	 6.71007e-05
     2.912 	 7.94938e-05 	 6.77519e-05
     2.913 	 8.02409e-05 	 6.84034e-05
     2.914 	 8.09874e-05 	 6.90259e-05
     2.915 	 9.00152e-05 	 7.67367e-05
     2.916 	 9.90398e-05 	 8.44395e-05
     2.917 	 0.000100797 	 8.59562e-05
     2.918 	 0.000102554 	 8.74733e-05
     2.919 	 0.000104309 	 8.89613e-05
     2.920 	 9.65344e-05 	 8.23397e-05
     2.921 	  8.8764e-05 	 7.57181e-05
     2.922 	 8.09963e-05 	 6.91048e-05
     2.923 	 8.02632e-05 	 6.84849e-05
     2.924 	 7.95306e-05 	 6.7858e-05
     2.925 	  7.9038e-05 	 6.74362e-05
     2.926 	 7.85455e-05 	 6.70282e-05
     2.927 	 7.80533e-05 	 6.66136e-05
     2.928 	 7.71401e-05 	 6.58324e-05
     2.929 	 7.62272e-05 	 6.50653e-05
     2.930 	 7.53144e-05 	 6.42912e-05
     2.931 	 8.38551e-05 	 7.15855e-05
     2.932 	 9.23929e-05 	 7.88611e-05
     2.933 	 8.94296e-05 	 7.63435e-05
     2.934 	  8.6468e-05 	 7.38188e-05
     2.935 	 8.35075e-05 	 7.13022e-05
     2.936 	 7.86938e-05 	 6.71953e-05
     2.937 	 7.38829e-05 	 6.30705e-05
     2.938 	 6.90737e-05 	 5.8974e-05
     2.939 	 7.35631e-05 	 6.281e-05
     2.940 	  7.8052e-05 	 6.66529e-05
     2.941 	 7.97099e-05 	 6.80697e-05
     2.942 	 8.13671e-05 	 6.94932e-05
     2.943 	 8.30242e-05 	 7.08944e-05
     2.944 	 8.05305e-05 	 6.87734e-05
     2.945 	 7.80376e-05 	 6.66384e-05
     2.946 	  7.5545e-05 	 6.45109e-05
     2.947 	 7.98134e-05 	 6.81639e-05
     2.948 	 8.40803e-05 	 7.18091e-05
     2.949 	 8.01155e-05 	 6.8431e-05
     2.950 	 7.61511e-05 	 6.50458e-05
     2.951 	 7.21962e-05 	 6.16661e-05
     2.952 	 6.92409e-05 	 5.91465e-05
     2.953 	 6.62853e-05 	 5.66203e-05
     2.954 	 6.33309e-05 	 5.41009e-05
     2.955 	 6.72148e-05 	 5.74173e-05
     2.956 	  7.1099e-05 	 6.07338e-05
     2.957 	 7.26873e-05 	 6.20954e-05
     2.958 	 7.42753e-05 	 6.34504e-05
     2.959 	 7.58635e-05 	 6.4826e-05
     2.960 	 7.79519e-05 	 6.66157e-05
     2.961 	 8.00399e-05 	 6.8392e-05
     2.962 	 8.21276e-05 	 7.01676e-05
     2.963 	 7.66065e-05 	 6.54496e-05
     2.964 	 7.10875e-05 	 6.07401e-05
     2.965 	 7.07024e-05 	 6.04103e-05
     2.966 	 7.03173e-05 	 6.00741e-05
     2.967 	 6.99324e-05 	 5.97571e-05
     2.968 	 7.49698e-05 	 6.4054e-05
     2.969 	 8.00076e-05 	 6.83719e-05
     2.970 	 8.04334e-05 	 6.87348e-05
     2.971 	  8.0859e-05 	 6.90982e-05
     2.972 	 8.12846e-05 	 6.94542e-05
     2.973 	 7.87587e-05 	 6.72958e-05
     2.974 	 7.62338e-05 	 6.51242e-05
     2.975 	 7.37092e-05 	 6.29805e-05
     2.976 	 7.28767e-05 	 6.2269e-05
     2.977 	 7.20446e-05 	 6.15511e-05
     2.978 	 7.24522e-05 	 6.18991e-05
     2.979 	 7.28599e-05 	 6.22602e-05
     2.980 	 7.32674e-05 	 6.26148e-05
     2.981 	 7.10087e-05 	 6.06676e-05
     2.982 	 6.87499e-05 	 5.87401e-05
     2.983 	 6.64919e-05 	 5.68073e-05
     2.984 	 6.91378e-05 	 5.90702e-05
     2.985 	 7.17833e-05 	 6.13329e-05
     2.986 	 6.93283e-05 	 5.92439e-05
     2.987 	 6.68742e-05 	 5.71554e-05
     2.988 	 6.44204e-05 	 5.50604e-05
     2.989 	 6.41758e-05 	 5.48535e-05
     2.990 	 6.39312e-05 	 5.46466e-05
     2.991 	 6.36867e-05 	 5.44352e-05
     2.992 	 6.55066e-05 	 5.60004e-05
     2.993 	 6.73258e-05 	 5.75529e-05
     2.994 	 6.40383e-05 	 5.47521e-05
     2.995 	 6.07513e-05 	 5.19447e-05
     2.996 	 5.74639e-05 	 4.91423e-05
     2.997 	 5.75848e-05 	 4.92434e-05
     2.998 	 5.77056e-05 	 4.93551e-05
     2.999 	 5.78264e-05 	 4.94668e-05
     3.000 	 5.33451e-05 	 4.56312e-05
     3.001 	 4.88644e-05 	 4.18051e-05
     3.002 	 4.40069e-05 	 3.76512e-05
     3.003 	 3.91512e-05 	 3.34913e-05
     3.004 	 3.42963e-05 	 2.93397e-05
     3.005 	 3.35562e-05 	 2.87111e-05
     3.006 	 3.28165e-05 	 2.80796e-05
     3.007 	 3.20768e-05 	 2.7451e-05
     3.008 	 3.43859e-05 	 2.94286e-05
     3.009 	 3.66952e-05 	 3.14065e-05
     3.010 	 4.04605e-05 	 3.46346e-05
     3.011 	 4.42252e-05 	 3.78542e-05
     3.012 	 4.79902e-05 	 4.10779e-05
     3.013 	 4.93578e-05 	 4.22408e-05
     3.014 	 5.07252e-05 	 4.34121e-05
     3.015 	 5.20928e-05 	 4.45837e-05
     3.016 	 5.73625e-05 	 4.91005e-05
     3.017 	 6.26314e-05 	 5.36119e-05
     3.018 	 6.78009e-05 	 5.80384e-05
     3.019 	 7.29709e-05 	 6.24725e-05
     3.020 	 7.81389e-05 	 6.68987e-05
     3.021 	 7.59386e-05 	 6.50103e-05
     3.022 	 7.37385e-05 	 6.31294e-05
     3.023 	 7.15398e-05 	 6.12427e-05
     3.024 	 7.82002e-05 	 6.69472e-05
     3.025 	 8.48598e-05 	 7.26591e-05
     3.026 	  8.4591e-05 	 7.24238e-05
     3.027 	 8.43222e-05 	 7.22042e-05
     3.028 	 8.40535e-05 	 7.19771e-05
     3.029 	 8.21012e-05 	 7.03003e-05
     3.030 	 8.01497e-05 	 6.86392e-05
     3.031 	 7.81988e-05 	 6.69721e-05
     3.032 	 7.89201e-05 	 6.75934e-05
     3.033 	 7.96409e-05 	 6.82073e-05
     3.034 	 8.05996e-05 	 6.90393e-05
     3.035 	 8.15582e-05 	 6.98641e-05
     3.036 	 8.25162e-05 	 7.06885e-05
     3.037 	 8.84182e-05 	 7.57406e-05
     3.038 	 9.43195e-05 	 8.08e-05
     3.039 	 9.54452e-05 	 8.17773e-05
     3.040 	 9.65704e-05 	 8.27457e-05
     3.041 	 9.76953e-05 	 8.3716e-05
     3.042 	 9.75122e-05 	 8.35648e-05
     3.043 	 9.73292e-05 	 8.34048e-05
     3.044 	 9.71463e-05 	 8.32364e-05
     3.045 	 9.76238e-05 	 8.36693e-05
     3.046 	  9.8101e-05 	 8.40751e-05
     3.047 	 9.62146e-05 	 8.24733e-05
     3.048 	 9.43284e-05 	 8.08536e-05
     3.049 	 9.24434e-05 	 7.92604e-05
     3.050 	 9.07267e-05 	 7.77775e-05
     3.051 	 8.90101e-05 	 7.63158e-05
     3.052 	 8.72946e-05 	 7.48306e-05
     3.053 	 8.31226e-05 	 7.12562e-05
     3.054 	  7.8952e-05 	 6.76897e-05
     3.055 	 7.83242e-05 	 6.71461e-05
     3.056 	 7.76968e-05 	 6.66023e-05
     3.057 	 7.70697e-05 	 6.60734e-05
     3.058 	  7.2003e-05 	 6.17247e-05
     3.059 	 6.69394e-05 	 5.73913e-05
     3.060 	 6.18775e-05 	 5.30528e-05
     3.061 	 6.84217e-05 	 5.86662e-05
     3.062 	 7.49643e-05 	 6.42721e-05
     3.063 	 7.69969e-05 	 6.60177e-05
     3.064 	 7.90295e-05 	 6.77563e-05
     3.065 	 8.10626e-05 	 6.94953e-05
     3.066 	 7.66495e-05 	 6.57147e-05
     3.067 	 7.22365e-05 	 6.19276e-05
     3.068 	 6.78223e-05 	 5.81584e-05
     3.069 	  6.0925e-05 	 5.22408e-05
     3.070 	 5.40277e-05 	 4.63287e-05
     3.071 	 5.15723e-05 	 4.42145e-05
     3.072 	 4.91174e-05 	 4.2115e-05
     3.073 	 4.66626e-05 	 4.00022e-05
     3.074 	 4.95042e-05 	 4.24434e-05
     3.075 	 5.23466e-05 	 4.48716e-05
     3.076 	 5.51883e-05 	 4.73133e-05
     3.077 	  6.1001e-05 	 5.22917e-05
     3.078 	 6.68151e-05 	 5.72767e-05
     3.079 	 6.46793e-05 	 5.54407e-05
     3.080 	 6.25434e-05 	 5.36108e-05
     3.081 	 6.04071e-05 	 5.17868e-05
     3.082 	 5.61723e-05 	 4.81425e-05
     3.083 	 5.19376e-05 	 4.451e-05
     3.084 	 4.77018e-05 	 4.08813e-05
     3.085 	 4.87042e-05 	 4.17418e-05
     3.086 	 4.97067e-05 	 4.26024e-05
     3.087 	 5.24985e-05 	 4.4992e-05
     3.088 	 5.52911e-05 	 4.73869e-05
     3.089 	  5.8083e-05 	 4.97814e-05
     3.090 	 5.85104e-05 	 5.01493e-05
     3.091 	  5.8938e-05 	 5.05111e-05
     3.092 	 5.93654e-05 	 5.08727e-05
     3.093 	 5.34208e-05 	 4.57695e-05
     3.094 	 4.74746e-05 	 4.06755e-05
     3.095 	 4.55513e-05 	 3.90199e-05
     3.096 	  4.3628e-05 	 3.73689e-05
     3.097 	 4.17047e-05 	 3.57259e-05
     3.098 	  4.4635e-05 	 3.82326e-05
     3.099 	 4.75646e-05 	 4.07339e-05
     3.100 	 5.04942e-05 	 4.32526e-05
     3.101 	 5.39496e-05 	 4.62031e-05
     3.102 	 5.74042e-05 	 4.9157e-05
     3.103 	  5.6281e-05 	 4.81854e-05
     3.104 	 5.51575e-05 	 4.7229e-05
     3.105 	 5.40343e-05 	 4.62678e-05
     3.106 	 5.02377e-05 	 4.30129e-05
     3.107 	 4.64402e-05 	 3.97661e-05
     3.108 	 4.75102e-05 	 4.06741e-05
     3.109 	 4.85803e-05 	 4.15906e-05
     3.110 	 4.96504e-05 	 4.25072e-05
     3.111 	  5.2035e-05 	 4.45494e-05
     3.112 	  5.4419e-05 	 4.65963e-05
     3.113 	  5.6803e-05 	 4.86333e-05
     3.114 	 5.93573e-05 	 5.08157e-05
     3.115 	  6.1911e-05 	 5.30028e-05
     3.116 	 5.95555e-05 	 5.09816e-05
     3.117 	 5.71995e-05 	 4.89708e-05
     3.118 	 5.48441e-05 	 4.69501e-05
     3.119 	 5.37702e-05 	 4.60268e-05
     3.120 	 5.26964e-05 	 4.51226e-05
     3.121 	 5.16223e-05 	 4.41958e-05
     3.122 	 5.34857e-05 	 4.57935e-05
     3.123 	 5.53491e-05 	 4.73814e-05
     3.124 	 5.30465e-05 	 4.54126e-05
     3.125 	 5.07445e-05 	 4.34533e-05
     3.126 	 4.84425e-05 	 4.14753e-05
     3.127 	 4.56257e-05 	 3.90658e-05
     3.128 	 4.28096e-05 	 3.66603e-05
     3.129 	 3.99934e-05 	 3.42431e-05
     3.130 	  4.3255e-05 	 3.70377e-05
     3.131 	 4.65157e-05 	 3.98376e-05
     3.132 	 4.49615e-05 	 3.85061e-05
     3.133 	 4.34073e-05 	 3.71668e-05
     3.134 	 4.18527e-05 	 3.5839e-05
     3.135 	 3.95927e-05 	 3.39034e-05
     3.136 	 3.73327e-05 	 3.19711e-05
     3.137 	 3.50722e-05 	 3.0038e-05
     3.138 	 3.29518e-05 	 2.82216e-05
     3.139 	 3.08314e-05 	 2.64081e-05
     3.140 	  2.7886e-05 	 2.3885e-05
     3.141 	 2.49413e-05 	 2.13642e-05
     3.142 	 2.19966e-05 	 1.88411e-05
     3.143 	 2.39973e-05 	 2.05563e-05
     3.144 	 2.59986e-05 	 2.22721e-05
     3.145 	 2.79993e-05 	 2.39876e-05
     3.146 	 2.79524e-05 	 2.39466e-05
     3.147 	 2.79056e-05 	 2.39081e-05
     3.148 	 2.85348e-05 	 2.44462e-05
     3.149 	 2.91641e-05 	 2.49871e-05
     3.150 	 2.97936e-05 	 2.55254e-05
     3.151 	 2.62525e-05 	 2.24933e-05
     3.152 	 2.27114e-05 	 1.94586e-05
     3.153 	 1.91695e-05 	 1.64269e-05
     3.154 	 9.59748e-06 	 8.22414e-06
     3.155 	 2.54632e-08 	 2.18212e-08
     3.156 	  2.4572e-06 	 2.10612e-06
     3.157 	 4.88952e-06 	 4.19122e-06
     3.158 	 7.32126e-06 	 6.27548e-06
     3.159 	 7.53005e-06 	 6.45491e-06
     3.160 	 7.73889e-06 	 6.63374e-06
     3.161 	 7.94768e-06 	 6.81325e-06
     3.162 	 3.97892e-06 	 3.4109e-06
     3.163 	           0 	        0
     3.164 	 4.61395e-08 	 3.95549e-08
     3.165 	 8.30686e-08 	 7.12268e-08
     3.166 	 1.19998e-07 	 1.02889e-07
     3.167 	 2.85865e-06 	 2.45127e-06
     3.168 	 5.59665e-06 	 4.79896e-06
     3.169 	 8.33466e-06 	 7.14729e-06
     3.170 	 5.02837e-06 	 4.31191e-06
     3.171 	 1.72287e-06 	 1.47756e-06
     3.172 	 1.17425e-06 	 1.00706e-06
     3.173 	 6.25504e-07 	 5.3634e-07
     3.174 	  7.6884e-08 	 6.59318e-08
     3.175 	 4.25741e-08 	 3.65098e-08
     3.176 	           0 	        0
     3.177 	           0 	        0
     3.178 	           0 	        0
     3.179 	           0 	        0
     3.180 	           0 	        0
     3.181 	           0 	        0
     3.182 	           0 	        0
     3.183 	           0 	        0
     3.184 	           0 	        0
     3.185 	           0 	        0
     3.186 	           0 	        0
     3.187 	           0 	        0
     3.188 	           0 	        0
     3.189 	           0 	        0
     3.190 	           0 	        0
     3.191 	           0 	        0
     3.192 	           0 	        0
     3.193 	 2.93818e-06 	 2.52008e-06
     3.194 	 5.86741e-06 	 5.03232e-06
     3.195 	 8.79664e-06 	 7.54439e-06
     3.196 	 9.52822e-06 	 8.17071e-06
     3.197 	 1.02596e-05 	 8.79851e-06
     3.198 	  1.0991e-05 	 9.42544e-06
     3.199 	 7.37675e-06 	 6.32579e-06
     3.200 	 3.76161e-06 	 3.22558e-06
     3.201 	 2.63655e-06 	 2.26029e-06
     3.202 	  1.5115e-06 	 1.29561e-06
     3.203 	  3.8617e-07 	 3.31e-07
     3.204 	 4.78587e-06 	 4.10155e-06
     3.205 	 9.18557e-06 	 7.87021e-06
     3.206 	 1.35863e-05 	 1.16391e-05
     3.207 	 1.40431e-05 	 1.20275e-05
     3.208 	    1.45e-05 	 1.2417e-05
     3.209 	 2.05949e-05 	 1.7632e-05
     3.210 	 2.66883e-05 	 2.28432e-05
     3.211 	 3.27818e-05 	 2.80574e-05
     3.212 	 3.16229e-05 	 2.70614e-05
     3.213 	 3.04637e-05 	 2.60682e-05
     3.214 	 2.93049e-05 	 2.50754e-05
     3.215 	 2.21095e-05 	 1.89156e-05
     3.216 	 1.49123e-05 	 1.27561e-05
     3.217 	 1.14945e-05 	 9.83205e-06
     3.218 	  8.0767e-06 	 6.90609e-06
     3.219 	 4.65807e-06 	 3.98233e-06
     3.220 	 8.06157e-06 	 6.89105e-06
     3.221 	 1.14651e-05 	 9.79734e-06
     3.222 	 1.48686e-05 	 1.27044e-05
     3.223 	 2.22647e-05 	 1.90239e-05
     3.224 	 2.96591e-05 	 2.53341e-05
     3.225 	 3.46511e-05 	 2.95982e-05
     3.226 	 3.96442e-05 	 3.38527e-05
     3.227 	 4.46361e-05 	 3.81113e-05
     3.228 	 4.35018e-05 	 3.71313e-05
     3.229 	 4.23671e-05 	 3.61589e-05
     3.230 	 4.12328e-05 	 3.51799e-05
     3.231 	 3.49667e-05 	 2.98283e-05
     3.232 	 2.86984e-05 	 2.44818e-05
     3.233 	 2.70999e-05 	 2.3114e-05
     3.234 	 2.55011e-05 	 2.17464e-05
     3.235 	 2.39022e-05 	 2.03856e-05
     3.236 	 2.26695e-05 	 1.93308e-05
     3.237 	 2.14369e-05 	 1.82764e-05
     3.238 	 2.02042e-05 	 1.72224e-05
     3.239 	 1.62526e-05 	 1.385e-05
     3.240 	 1.23015e-05 	 1.04811e-05
     3.241 	 1.30301e-05 	 1.11028e-05
     3.242 	 1.37589e-05 	 1.17222e-05
     3.243 	 1.44876e-05 	 1.23428e-05
     3.244 	 1.55422e-05 	 1.32395e-05
     3.245 	 1.65969e-05 	 1.41347e-05
     3.246 	 1.14041e-05 	 9.71098e-06
     3.247 	 6.21208e-06 	 5.28912e-06
     3.248 	  1.0195e-06 	 8.67914e-07
     3.249 	 6.82403e-07 	 5.80863e-07
     3.250 	 3.45351e-07 	 2.93866e-07
     3.251 	           0 	        0
     3.252 	  4.8559e-08 	 4.13155e-08
     3.253 	 8.88478e-08 	 7.55828e-08
     3.254 	 1.77295e-06 	 1.50817e-06
     3.255 	 3.45762e-06 	 2.94108e-06
     3.256 	 5.14206e-06 	 4.37277e-06
     3.257 	 5.95678e-06 	 5.06535e-06
     3.258 	 6.77158e-06 	 5.7579e-06
     3.259 	 7.58665e-06 	 6.44997e-06
     3.260 	 7.42522e-06 	 6.3111e-06
     3.261 	 7.26376e-06 	 6.17378e-06
     3.262 	 4.87654e-06 	 4.14472e-06
     3.263 	 2.48964e-06 	 2.11556e-06
     3.264 	 1.02503e-07 	 8.7091e-08
     3.265 	 7.10904e-08 	 6.04006e-08
     3.266 	 3.96825e-08 	 3.37082e-08
     3.267 	           0 	        0
     3.268 	           0 	        0
     3.269 	           0 	        0
     3.270 	           0 	        0
     3.271 	           0 	        0
     3.272 	           0 	        0
     3.273 	           0 	        0
     3.274 	           0 	        0
     3.275 	           0 	        0
     3.276 	           0 	        0
     3.277 	           0 	        0
     3.278 	           0 	        0
     3.279 	           0 	        0
     3.280 	           0 	        0
     3.281 	           0 	        0
     3.282 	           0 	        0
     3.283 	           0 	        0
     3.284 	           0 	        0
     3.285 	           0 	        0
     3.286 	           0 	        0
     3.287 	           0 	        0
     3.288 	           0 	        0
     3.289 	           0 	        0
     3.290 	           0 	        0
     3.291 	           0 	        0
     3.292 	           0 	        0
     3.293 	           0 	        0
     3.294 	           0 	        0
     3.295 	           0 	        0
     3.296 	           0 	        0
     3.297 	           0 	        0
     3.298 	           0 	        0
     3.299 	           0 	        0
     3.300 	           0 	        0
     3.301 	           0 	        0
     3.302 	 2.05474e-07 	 1.74035e-07
     3.303 	 4.02614e-07 	 3.40945e-07
     3.304 	 5.99702e-07 	 5.07956e-07
     3.305 	 1.56496e-06 	 1.32529e-06
     3.306 	 2.52974e-06 	 2.14256e-06
     3.307 	 3.49427e-06 	 2.95922e-06
     3.308 	 1.75084e-06 	 1.48277e-06
     3.309 	           0 	        0
     3.310 	           0 	        0
     3.311 	           0 	        0
     3.312 	           0 	        0
     3.313 	           0 	        0
     3.314 	           0 	        0
     3.315 	           0 	        0
     3.316 	           0 	        0
     3.317 	           0 	        0
     3.318 	           0 	        0
     3.319 	           0 	        0
     3.320 	           0 	        0
     3.321 	           0 	        0
     3.322 	           0 	        0
     3.323 	           0 	        0
     3.324 	           0 	        0
     3.325 	           0 	        0
     3.326 	           0 	        0
     3.327 	           0 	        0
     3.328 	           0 	        0
     3.329 	           0 	        0
     3.330 	           0 	        0
     3.331 	           0 	        0
     3.332 	           0 	        0
     3.333 	           0 	        0
     3.334 	           0 	        0
     3.335 	           0 	        0
     3.336 	           0 	        0
     3.337 	           0 	        0
     3.338 	           0 	        0
     3.339 	           0 	        0
     3.340 	           0 	        0
     3.341 	           0 	        0
     3.342 	           0 	        0
     3.343 	           0 	        0
     3.344 	           0 	        0
     3.345 	           0 	        0
     3.346 	           0 	        0
     3.347 	           0 	        0
     3.348 	           0 	        0
     3.349 	           0 	        0
     3.350 	           0 	        0
     3.351 	           0 	        0
     3.352 	           0 	        0
     3.353 	           0 	        0
     3.354 	           0 	        0
     3.355 	           0 	        0
     3.356 	           0 	        0
     3.357 	           0 	        0
     3.358 	           0 	        0
     3.359 	           0 	        0
     3.360 	           0 	        0
     3.361 	           0 	        0
     3.362 	           0 	        0
     3.363 	           0 	        0
     3.364 	           0 	        0
     3.365 	           0 	        0
     3.366 	           0 	        0
     3.367 	           0 	        0
     3.368 	           0 	        0
     3.369 	           0 	        0
     3.370 	           0 	        0
     3.371 	           0 	        0
     3.372 	           0 	        0
     3.373 	           0 	        0
     3.374 	           0 	        0
     3.375 	           0 	        0
     3.376 	           0 	        0
     3.377 	           0 	        0
     3.378 	           0 	        0
     3.379 	           0 	        0
     3.380 	           0 	        0
     3.381 	           0 	        0
     3.382 	           0 	        0
     3.383 	           0 	        0
     3.384 	           0 	        0
     3.385 	           0 	        0
     3.386 	           0 	        0
     3.387 	           0 	        0
     3.388 	           0 	        0
     3.389 	           0 	        0
     3.390 	           0 	        0
     3.391 	           0 	        0
     3.392 	           0 	        0
     3.393 	           0 	        0
     3.394 	           0 	        0
     3.395 	           0 	        0
     3.396 	           0 	        0
     3.397 	           0 	        0
     3.398 	           0 	        0
     3.399 	           0 	        0
     3.400 	           0 	        0
     3.401 	           0 	        0
     3.402 	           0 	        0
     3.403 	           0 	        0
     3.404 	           0 	        0
     3.405 	           0 	        0
     3.406 	           0 	        0
     3.407 	           0 	        0
     3.408 	           0 	        0
     3.409 	           0 	        0
     3.410 	           0 	        0
     3.411 	           0 	        0
     3.412 	           0 	        0
     3.413 	           0 	        0
     3.414 	           0 	        0
     3.415 	           0 	        0
     3.416 	           0 	        0
     3.417 	           0 	        0
     3.418 	           0 	        0
     3.419 	           0 	        0
     3.420 	           0 	        0
     3.421 	           0 	        0
     3.422 	           0 	        0
     3.423 	           0 	        0
     3.424 	           0 	        0
     3.425 	           0 	        0
     3.426 	           0 	        0
     3.427 	           0 	        0
     3.428 	           0 	        0
     3.429 	           0 	        0
     3.430 	           0 	        0
     3.431 	           0 	        0
     3.432 	           0 	        0
     3.433 	           0 	        0
     3.434 	           0 	        0
     3.435 	           0 	        0
     3.436 	           0 	        0
     3.437 	           0 	        0
     3.438 	           0 	        0
     3.439 	           0 	        0
     3.440 	           0 	        0
     3.441 	           0 	        0
     3.442 	           0 	        0
     3.443 	           0 	        0
     3.444 	           0 	        0
     3.445 	           0 	        0
     3.446 	           0 	        0
     3.447 	           0 	        0
     3.448 	           0 	        0
     3.449 	           0 	        0
     3.450 	           0 	        0
     3.451 	           0 	        0
     3.452 	           0 	        0
     3.453 	           0 	        0
     3.454 	           0 	        0
     3.455 	           0 	        0
     3.456 	           0 	        0
     3.457 	           0 	        0
     3.458 	           0 	        0
     3.459 	           0 	        0
     3.460 	           0 	        0
     3.461 	           0 	        0
     3.462 	           0 	        0
     3.463 	           0 	        0
     3.464 	           0 	        0
     3.465 	           0 	        0
     3.466 	           0 	        0
     3.467 	           0 	        0
     3.468 	           0 	        0
     3.469 	           0 	        0
     3.470 	           0 	        0
     3.471 	           0 	        0
     3.472 	           0 	        0
     3.473 	           0 	        0
     3.474 	           0 	        0
     3.475 	           0 	        0
     3.476 	           0 	        0
     3.477 	           0 	        0
     3.478 	           0 	        0
     3.479 	           0 	        0
     3.480 	           0 	        0
     3.481 	           0 	        0
     3.482 	           0 	        0
     3.483 	           0 	        0
     3.484 	           0 	        0
     3.485 	           0 	        0
     3.486 	           0 	        0
     3.487 	           0 	        0
     3.488 	           0 	        0
     3.489 	           0 	        0
     3.490 	           0 	        0
     3.491 	           0 	        0
     3.492 	           0 	        0
     3.493 	           0 	        0
     3.494 	           0 	        0
     3.495 	           0 	        0
     3.496 	           0 	        0
     3.497 	           0 	        0
     3.498 	           0 	        0
     3.499 	           0 	        0
     3.500 	           0 	        0
     3.501 	           0 	        0
     3.502 	           0 	        0
     3.503 	           0 	        0
     3.504 	           0 	        0
     3.505 	           0 	        0
     3.506 	           0 	        0
     3.507 	           0 	        0
     3.508 	           0 	        0
     3.509 	           0 	        0
     3.510 	           0 	        0
     3.511 	           0 	        0
     3.512 	           0 	        0
     3.513 	           0 	        0
     3.514 	           0 	        0
     3.515 	           0 	        0
     3.516 	           0 	        0
     3.517 	           0 	        0
     3.518 	           0 	        0
     3.519 	           0 	        0
     3.520 	           0 	        0
     3.521 	           0 	        0
     3.522 	           0 	        0
     3.523 	           0 	        0
     3.524 	           0 	        0
     3.525 	           0 	        0
     3.526 	           0 	        0
     3.527 	           0 	        0
     3.528 	           0 	        0
     3.529 	           0 	        0
     3.530 	           0 	        0
     3.531 	           0 	        0
     3.532 	           0 	        0
     3.533 	           0 	        0
     3.534 	           0 	        0
     3.535 	           0 	        0
     3.536 	           0 	        0
     3.537 	           0 	        0
     3.538 	           0 	        0
     3.539 	           0 	        0
     3.540 	           0 	        0
     3.541 	           0 	        0
     3.542 	           0 	        0
     3.543 	           0 	        0
     3.544 	           0 	        0
     3.545 	           0 	        0
     3.546 	           0 	        0
     3.547 	           0 	        0
     3.548 	           0 	        0
     3.549 	           0 	        0
     3.550 	           0 	        0
     3.551 	           0 	        0
     3.552 	           0 	        0
     3.553 	           0 	        0
     3.554 	           0 	        0
     3.555 	           0 	        0
     3.556 	           0 	        0
     3.557 	           0 	        0
     3.558 	           0 	        0
     3.559 	           0 	        0
     3.560 	           0 	        0
     3.561 	           0 	        0
     3.562 	           0 	        0
     3.563 	           0 	        0
     3.564 	           0 	        0
     3.565 	           0 	        0
     3.566 	           0 	        0
     3.567 	           0 	        0
     3.568 	           0 	        0
     3.569 	           0 	        0
     3.570 	           0 	        0
     3.571 	           0 	        0
     3.572 	           0 	        0
     3.573 	           0 	        0
     3.574 	           0 	        0
     3.575 	           0 	        0
     3.576 	           0 	        0
     3.577 	           0 	        0
     3.578 	           0 	        0
     3.579 	           0 	        0
     3.580 	           0 	        0
     3.581 	           0 	        0
     3.582 	           0 	        0
     3.583 	           0 	        0
     3.584 	           0 	        0
     3.585 	           0 	        0
     3.586 	           0 	        0
     3.587 	           0 	        0
     3.588 	           0 	        0
     3.589 	           0 	        0
     3.590 	           0 	        0
     3.591 	           0 	        0
     3.592 	           0 	        0
     3.593 	           0 	        0
     3.594 	           0 	        0
     3.595 	           0 	        0
     3.596 	           0 	        0
     3.597 	           0 	        0
     3.598 	           0 	        0
     3.599 	           0 	        0
     3.600 	           0 	        0
     3.601 	           0 	        0
     3.602 	           0 	        0
     3.603 	           0 	        0
     3.604 	           0 	        0
     3.605 	           0 	        0
     3.606 	           0 	        0
     3.607 	           0 	        0
     3.608 	           0 	        0
     3.609 	           0 	        0
     3.610 	           0 	        0
     3.611 	           0 	        0
     3.612 	           0 	        0
     3.613 	           0 	        0
     3.614 	           0 	        0
     3.615 	           0 	        0
     3.616 	           0 	        0
     3.617 	           0 	        0
     3.618 	           0 	        0
     3.619 	           0 	        0
     3.620 	           0 	        0
     3.621 	           0 	        0
     3.622 	           0 	        0
     3.623 	           0 	        0
     3.624 	           0 	        0
     3.625 	           0 	        0
     3.626 	           0 	        0
     3.627 	           0 	        0
     3.628 	           0 	        0
     3.629 	           0 	        0
     3.630 	           0 	        0
     3.631 	           0 	        0
     3.632 	           0 	        0
     3.633 	           0 	        0
     3.634 	           0 	        0
     3.635 	           0 	        0
     3.636 	           0 	        0
     3.637 	           0 	        0
     3.638 	           0 	        0
     3.639 	           0 	        0
     3.640 	           0 	        0
     3.641 	           0 	        0
     3.642 	           0 	        0
     3.643 	           0 	        0
     3.644 	           0 	        0
     3.645 	           0 	        0
     3.646 	           0 	        0
     3.647 	 8.35578e-07 	 7.16346e-07
     3.648 	 1.65678e-06 	 1.42043e-06
     3.649 	 2.47161e-06 	 2.11889e-06
     3.650 	 2.88677e-06 	 2.47464e-06
     3.651 	 3.29852e-06 	 2.82737e-06
     3.652 	 2.40568e-06 	 2.0621e-06
     3.653 	 1.51952e-06 	 1.30239e-06
     3.654 	 6.40485e-07 	 5.48917e-07
     3.655 	 4.26774e-07 	 3.65728e-07
     3.656 	  2.1474e-07 	 1.84027e-07
     3.657 	           0 	        0
     3.658 	           0 	        0
     3.659 	           0 	        0
     3.660 	           0 	        0
     3.661 	           0 	        0
     3.662 	           0 	        0
     3.663 	 1.33569e-08 	 1.14395e-08
     3.664 	 2.23906e-08 	 1.91752e-08
     3.665 	 3.13479e-08 	 2.68445e-08
     3.666 	 1.68083e-06 	 1.43943e-06
     3.667 	 3.31672e-06 	 2.84021e-06
     3.668 	 3.01165e-06 	 2.57881e-06
     3.669 	 2.70906e-06 	 2.31957e-06
     3.670 	 2.40888e-06 	 2.06243e-06
     3.671 	 2.48377e-06 	 2.12648e-06
     3.672 	 2.55793e-06 	 2.18991e-06
     3.673 	 2.63136e-06 	 2.25294e-06
     3.674 	 2.66979e-06 	 2.28578e-06
     3.675 	 2.70779e-06 	 2.31801e-06
     3.676 	 2.25636e-06 	 1.9315e-06
     3.677 	 1.80892e-06 	 1.54843e-06
     3.678 	 1.36538e-06 	 1.16873e-06
     3.679 	 9.32987e-07 	 7.98587e-07
     3.680 	 5.04316e-07 	 4.31654e-07
     3.681 	 7.95688e-08 	 6.80864e-08
     3.682 	  6.0577e-08 	 5.18376e-08
     3.683 	 4.17499e-08 	 3.57244e-08
     3.684 	  4.5265e-07 	 3.87298e-07
     3.685 	 8.59782e-07 	 7.35603e-07
     3.686 	 1.26324e-06 	 1.08072e-06
     3.687 	 1.02926e-06 	 8.80494e-07
     3.688 	 7.97392e-07 	 6.82097e-07
     3.689 	 5.67648e-07 	 4.85541e-07
     3.690 	 2.95837e-07 	 2.5303e-07
     3.691 	 2.66284e-08 	 2.27746e-08
     3.692 	 1.89069e-08 	 1.61667e-08
     3.693 	 1.12559e-08 	 9.62427e-09
     3.694 	           0 	        0
     3.695 	           0 	        0
     3.696 	           0 	        0
     3.697 	           0 	        0
     3.698 	           0 	        0
     3.699 	           0 	        0
     3.700 	 1.11518e-08 	 9.5311e-09
     3.701 	 1.86489e-08 	 1.59395e-08
     3.702 	 2.60812e-08 	 2.22885e-08
     3.703 	 1.93098e-07 	 1.65009e-07
     3.704 	 3.58629e-07 	 3.06443e-07
     3.705 	 5.22715e-07 	 4.46537e-07
     3.706 	 7.89449e-07 	 6.7436e-07
     3.707 	 1.05376e-06 	 9.0009e-07
     3.708 	 8.36776e-07 	 7.14709e-07
     3.709 	 6.21618e-07 	 5.308e-07
     3.710 	  4.0839e-07 	 3.48668e-07
     3.711 	 4.32038e-07 	 3.68855e-07
     3.712 	 4.55458e-07 	 3.88847e-07
     3.713 	 4.78655e-07 	 4.08567e-07
     3.714 	 2.70051e-07 	 2.30507e-07
     3.715 	 6.33222e-08 	 5.40439e-08
     3.716 	 4.31286e-08 	 3.6809e-08
     3.717 	 2.31222e-08 	 1.973e-08
     3.718 	           0 	        0
     3.719 	           0 	        0
     3.720 	           0 	        0
     3.721 	           0 	        0
     3.722 	           0 	        0
     3.723 	           0 	        0
     3.724 	           0 	        0
     3.725 	           0 	        0
     3.726 	           0 	        0
     3.727 	           0 	        0
     3.728 	           0 	        0
     3.729 	           0 	        0
     3.730 	           0 	        0
     3.731 	           0 	        0
     3.732 	           0 	        0
     3.733 	           0 	        0
     3.734 	           0 	        0
     3.735 	 1.58445e-08 	 1.34974e-08
     3.736 	 2.85093e-08 	 2.42806e-08
     3.737 	 4.20207e-08 	 3.5787e-08
     3.738 	 5.53935e-08 	 4.71701e-08
     3.739 	  6.8631e-08 	 5.84292e-08
     3.740 	 5.48818e-08 	 4.67226e-08
     3.741 	 4.12707e-08 	 3.51341e-08
     3.742 	 2.77943e-08 	 2.36609e-08
     3.743 	 2.70448e-07 	 2.3015e-07
     3.744 	 5.10562e-07 	 4.34475e-07
     3.745 	 3.53154e-07 	 3.00516e-07
     3.746 	 1.97345e-07 	 1.67892e-07
     3.747 	 4.32094e-08 	 3.67595e-08
     3.748 	 3.84555e-08 	 3.27143e-08
     3.749 	 3.37491e-08 	 2.8701e-08
     3.750 	 2.90925e-08 	 2.47403e-08
     3.751 	 1.80448e-06 	 1.53453e-06
     3.752 	 3.51723e-06 	 2.99042e-06
     3.753 	 3.86309e-06 	 3.28412e-06
     3.754 	 4.19388e-06 	 3.56532e-06
     3.755 	 4.50969e-06 	 3.83301e-06
     3.756 	 4.22267e-06 	 3.58905e-06
     3.757 	 3.94348e-06 	 3.35174e-06
     3.758 	 3.67211e-06 	 3.12045e-06
     3.759 	 3.48958e-06 	 2.96533e-06
     3.760 	 3.31156e-06 	 2.81377e-06
     3.761 	 3.47562e-06 	 2.95277e-06
     3.762 	 3.63839e-06 	 3.09033e-06
     3.763 	  3.7998e-06 	 3.22735e-06
     3.764 	  3.4734e-06 	 2.95004e-06
     3.765 	 3.14928e-06 	 2.67414e-06
     3.766 	  2.8276e-06 	 2.40092e-06
     3.767 	 2.72428e-06 	 2.31313e-06
     3.768 	 2.62166e-06 	 2.22594e-06
     3.769 	 3.34521e-06 	 2.83931e-06
     3.770 	 4.06292e-06 	 3.44839e-06
     3.771 	 4.77498e-06 	 4.0526e-06
     3.772 	 4.48371e-06 	 3.80525e-06
     3.773 	 4.19463e-06 	 3.55869e-06
     3.774 	 3.90768e-06 	 3.31513e-06
     3.775 	  4.3367e-06 	 3.67895e-06
     3.776 	 4.76212e-06 	 4.0397e-06
     3.777 	 4.89842e-06 	 4.15386e-06
     3.778 	 5.03352e-06 	 4.26828e-06
     3.779 	 5.16735e-06 	 4.3816e-06
     3.780 	  4.4256e-06 	 3.7525e-06
     3.781 	 3.70109e-06 	 3.13738e-06
     3.782 	 2.97777e-06 	 2.5241e-06
     3.783 	 2.55036e-06 	 2.1617e-06
     3.784 	 2.12376e-06 	 1.80002e-06
     3.785 	 2.21856e-06 	 1.88007e-06
     3.786 	 2.31316e-06 	 1.95974e-06
     3.787 	 2.40758e-06 	 2.03963e-06
     3.788 	 2.80929e-06 	 2.37982e-06
     3.789 	 3.21013e-06 	 2.71924e-06
     3.790 	 3.48979e-06 	 2.95599e-06
     3.791 	 3.76892e-06 	 3.19202e-06
     3.792 	 4.04757e-06 	 3.42723e-06
     3.793 	 4.79446e-06 	 4.0591e-06
     3.794 	 5.53992e-06 	 4.69011e-06
     3.795 	 6.28413e-06 	 5.32003e-06
     3.796 	  6.6841e-06 	 5.65849e-06
     3.797 	  7.0833e-06 	 5.99629e-06
     3.798 	 6.49832e-06 	 5.50094e-06
     3.799 	 5.91459e-06 	 5.00668e-06
     3.800 	 5.33196e-06 	 4.51337e-06
     3.801 	 4.88585e-06 	 4.13512e-06
     3.802 	 4.44068e-06 	 3.75818e-06
     3.803 	 3.99636e-06 	 3.38199e-06
     3.804 	 3.71363e-06 	 3.14259e-06
     3.805 	 3.43136e-06 	 2.90359e-06
     3.806 	 3.59566e-06 	 3.04249e-06
     3.807 	 3.75963e-06 	 3.18109e-06
     3.808 	 3.92332e-06 	 3.31944e-06
     3.809 	 4.47975e-06 	 3.79005e-06
     3.810 	 5.03509e-06 	 4.25924e-06
     3.811 	 5.58949e-06 	 4.72783e-06
     3.812 	 6.35773e-06 	 5.37719e-06
     3.813 	 7.12448e-06 	 6.0252e-06
     3.814 	 7.01884e-06 	 5.93537e-06
     3.815 	 6.91336e-06 	 5.84569e-06
     3.816 	 6.80811e-06 	 5.75621e-06
     3.817 	 6.51472e-06 	 5.5077e-06
     3.818 	 6.22182e-06 	 5.25965e-06
     3.819 	 5.92955e-06 	 5.01319e-06
     3.820 	 5.88304e-06 	 4.97396e-06
     3.821 	 5.83659e-06 	 4.93381e-06
     3.822 	 5.57243e-06 	 4.71017e-06
     3.823 	 5.30877e-06 	 4.487e-06
     3.824 	 5.04561e-06 	 4.26427e-06
     3.825 	 4.62804e-06 	 3.91109e-06
     3.826 	 4.21138e-06 	 3.55873e-06
     3.827 	 3.79554e-06 	 3.20776e-06
     3.828 	 3.35954e-06 	 2.83908e-06
     3.829 	 2.92449e-06 	 2.47126e-06
     3.830 	 2.45615e-06 	 2.07535e-06
     3.831 	 1.98862e-06 	 1.68019e-06
     3.832 	 1.52212e-06 	 1.28595e-06
     3.833 	 1.48986e-06 	 1.25886e-06
     3.834 	 1.45766e-06 	 1.23143e-06
     3.835 	 1.42553e-06 	 1.2042e-06
     3.836 	 2.11787e-06 	 1.78891e-06
     3.837 	 2.80883e-06 	 2.37238e-06
     3.838 	 3.47585e-06 	 2.93614e-06
     3.839 	 4.14139e-06 	 3.49809e-06
     3.840 	 4.80559e-06 	 4.05882e-06
     3.841 	 4.63868e-06 	 3.91794e-06
     3.842 	 4.47214e-06 	 3.77697e-06
     3.843 	 4.30593e-06 	 3.63706e-06
     3.844 	 2.51877e-06 	 2.12734e-06
     3.845 	 7.35619e-07 	 6.21252e-07
     3.846 	 4.94755e-07 	 4.17803e-07
     3.847 	 2.54372e-07 	 2.14791e-07
     3.848 	 1.44147e-08 	 1.21733e-08
     3.849 	 1.02697e-08 	 8.67212e-09
     3.850 	           0 	        0
     3.851 	           0 	        0
     3.852 	 2.28887e-08 	 1.93272e-08
     3.853 	 4.37317e-08 	 3.69238e-08
     3.854 	 8.07141e-07 	 6.8143e-07
     3.855 	 1.56882e-06 	 1.32436e-06
     3.856 	 2.32896e-06 	 1.96589e-06
     3.857 	 3.77765e-06 	 3.18943e-06
     3.858 	 5.22305e-06 	 4.40939e-06
     3.859 	 5.08634e-06 	 4.29361e-06
     3.860 	 4.94991e-06 	 4.17808e-06
     3.861 	 4.81371e-06 	 4.06363e-06
     3.862 	 4.25938e-06 	 3.59541e-06
     3.863 	 3.70617e-06 	 3.1282e-06
     3.864 	 3.15395e-06 	 2.66189e-06
     3.865 	 3.28078e-06 	 2.76929e-06
     3.866 	 3.40733e-06 	 2.87589e-06
     3.867 	  3.7358e-06 	 3.15289e-06
     3.868 	  4.0635e-06 	 3.42919e-06
     3.869 	 4.39053e-06 	 3.70565e-06
     3.870 	 4.35573e-06 	 3.67637e-06
     3.871 	 4.32098e-06 	 3.6466e-06
     3.872 	 4.28631e-06 	 3.6169e-06
     3.873 	 3.88297e-06 	 3.27682e-06
     3.874 	 3.48037e-06 	 2.93671e-06
     3.875 	 3.47034e-06 	 2.92789e-06
     3.876 	 3.46032e-06 	 2.91908e-06
     3.877 	 3.45031e-06 	 2.91087e-06
     3.878 	 3.44392e-06 	 2.90513e-06
     3.879 	 3.43755e-06 	 2.89973e-06
     3.880 	 3.43117e-06 	 2.89399e-06
     3.881 	 3.03447e-06 	 2.55973e-06
     3.882 	  2.6382e-06 	 2.22529e-06
     3.883 	 2.55145e-06 	 2.15196e-06
     3.884 	 2.46476e-06 	 2.07891e-06
     3.885 	 2.37819e-06 	 2.00615e-06
     3.886 	 2.48159e-06 	 2.09322e-06
     3.887 	  2.5849e-06 	 2.1802e-06
     3.888 	 2.68807e-06 	 2.26706e-06
     3.889 	 2.80681e-06 	 2.36751e-06
     3.890 	 2.92546e-06 	 2.46768e-06
     3.891 	  2.9878e-06 	 2.52013e-06
     3.892 	 3.05008e-06 	 2.57251e-06
     3.893 	 3.11228e-06 	 2.62483e-06
     3.894 	 3.20954e-06 	 2.70726e-06
     3.895 	 3.30667e-06 	 2.78904e-06
     3.896 	 3.40369e-06 	 2.87071e-06
     3.897 	 3.46406e-06 	 2.92147e-06
     3.898 	 3.52435e-06 	 2.97276e-06
     3.899 	 3.22528e-06 	 2.72092e-06
     3.900 	 2.92647e-06 	 2.4687e-06
     3.901 	 2.62807e-06 	 2.21677e-06
     3.902 	 2.84049e-06 	 2.39572e-06
     3.903 	 3.05273e-06 	 2.57449e-06
     3.904 	 3.26467e-06 	 2.75297e-06
     3.905 	 3.97992e-06 	 3.35686e-06
     3.906 	 4.69436e-06 	 3.95908e-06
     3.907 	 4.20649e-06 	 3.5473e-06
     3.908 	 3.71929e-06 	 3.13615e-06
     3.909 	 3.23262e-06 	 2.72553e-06
     3.910 	 2.79306e-06 	 2.35471e-06
     3.911 	  2.3541e-06 	 1.98477e-06
     3.912 	 1.91563e-06 	 1.61534e-06
     3.913 	 2.01148e-06 	 1.69609e-06
     3.914 	 2.10721e-06 	 1.77673e-06
     3.915 	 2.52998e-06 	 2.1331e-06
     3.916 	 2.95227e-06 	 2.48904e-06
     3.917 	 3.37419e-06 	 2.84493e-06
     3.918 	 3.64843e-06 	 3.07633e-06
     3.919 	 3.92235e-06 	 3.30715e-06
     3.920 	 4.19603e-06 	 3.53847e-06
     3.921 	 4.55774e-06 	 3.84322e-06
     3.922 	 4.91903e-06 	 4.14805e-06
     3.923 	 5.09749e-06 	 4.29824e-06
     3.924 	 5.27571e-06 	 4.44821e-06
     3.925 	 5.45372e-06 	 4.59799e-06
     3.926 	 5.16774e-06 	 4.35706e-06
     3.927 	 4.88215e-06 	 4.11599e-06
     3.928 	 4.19608e-06 	 3.53734e-06
     3.929 	 3.51079e-06 	 2.96003e-06
     3.930 	 2.82611e-06 	 2.3826e-06
     3.931 	  2.4179e-06 	 2.03862e-06
     3.932 	 2.01016e-06 	 1.69479e-06
     3.933 	 1.60278e-06 	 1.35128e-06
     3.934 	 1.69442e-06 	 1.4285e-06
     3.935 	 1.78596e-06 	 1.5058e-06
     3.936 	 2.33689e-06 	 1.97026e-06
     3.937 	 2.88705e-06 	 2.43403e-06
     3.938 	 3.43658e-06 	 2.89725e-06
     3.939 	 4.12255e-06 	 3.47656e-06
     3.940 	  4.8079e-06 	 4.05482e-06
     3.941 	  5.4923e-06 	 4.63179e-06
     3.942 	 5.18814e-06 	 4.37554e-06
     3.943 	 4.88425e-06 	 4.11904e-06
     3.944 	 4.47577e-06 	 3.77437e-06
     3.945 	 4.06775e-06 	 3.43011e-06
     3.946 	 3.66009e-06 	 3.08654e-06
     3.947 	 3.41717e-06 	 2.88154e-06
     3.948 	 3.17453e-06 	 2.6768e-06
     3.949 	 2.93216e-06 	 2.47308e-06
     3.950 	 1.86049e-06 	 1.56912e-06
     3.951 	 7.90296e-07 	 6.66482e-07
     3.952 	 1.13357e-06 	 9.55909e-07
     3.953 	 1.47653e-06 	 1.24517e-06
     3.954 	 1.81902e-06 	 1.53389e-06
     3.955 	 1.98707e-06 	 1.67548e-06
     3.956 	 2.15497e-06 	 1.81712e-06
     3.957 	 2.32264e-06 	 1.95837e-06
     3.958 	 2.06753e-06 	 1.74315e-06
     3.959 	 1.81265e-06 	 1.52832e-06
     3.960 	 1.67684e-06 	 1.41371e-06
     3.961 	 1.54143e-06 	 1.29974e-06
     3.962 	 1.40613e-06 	 1.18571e-06
     3.963 	 1.37162e-06 	 1.15655e-06
     3.964 	 1.33716e-06 	 1.12742e-06
     3.965 	 1.30272e-06 	 1.09844e-06
     3.966 	 1.43362e-06 	 1.20874e-06
     3.967 	 1.56438e-06 	 1.31891e-06
     3.968 	 2.32058e-06 	 1.95654e-06
     3.969 	 3.07632e-06 	 2.59386e-06
     3.970 	 3.83123e-06 	 3.23018e-06
     3.971 	 3.69783e-06 	 3.11767e-06
     3.972 	 3.56455e-06 	 3.0056e-06
     3.973 	 3.43136e-06 	 2.89326e-06
     3.974 	 2.88898e-06 	 2.43667e-06
     3.975 	 2.34706e-06 	 1.97958e-06
     3.976 	 1.90501e-06 	 1.60672e-06
     3.977 	 1.46344e-06 	 1.23441e-06
     3.978 	 1.02224e-06 	 8.62252e-07
     3.979 	 1.05682e-06 	 8.91409e-07
     3.980 	 1.09137e-06 	 9.20643e-07
     3.981 	 1.12588e-06 	 9.49701e-07
     3.982 	 1.64473e-06 	 1.38728e-06
     3.983 	 2.16301e-06 	 1.82454e-06
     3.984 	 2.29334e-06 	 1.93436e-06
     3.985 	 2.42356e-06 	 2.04408e-06
     3.986 	  2.5537e-06 	 2.15396e-06
     3.987 	 2.07939e-06 	 1.75415e-06
     3.988 	 1.60548e-06 	 1.35429e-06
     3.989 	 1.80042e-06 	 1.51881e-06
     3.990 	 1.99515e-06 	 1.68299e-06
     3.991 	  2.1897e-06 	 1.84704e-06
     3.992 	 2.22827e-06 	 1.87973e-06
     3.993 	  2.2668e-06 	 1.91217e-06
     3.994 	 2.30529e-06 	 1.9448e-06
     3.995 	 2.38338e-06 	 2.01061e-06
     3.996 	 2.46143e-06 	 2.0764e-06
     3.997 	 2.47983e-06 	 2.09209e-06
     3.998 	 2.49821e-06 	 2.10753e-06
     3.999 	 2.51659e-06 	 2.12297e-06
     4.000 	 2.19042e-06 	 1.84796e-06
     4.001 	 1.86454e-06 	 1.57328e-06
     4.002 	 1.53894e-06 	 1.29848e-06
     4.003 	 1.20456e-06 	 1.01641e-06
     4.004 	 8.70303e-07 	 7.34326e-07
     4.005 	 9.51937e-07 	 8.03256e-07
     4.006 	  1.0335e-06 	 8.72036e-07
     4.007 	 1.11499e-06 	 9.40749e-07
     4.008 	 1.39222e-06 	 1.17473e-06
     4.009 	 1.66921e-06 	 1.40838e-06
     4.010 	 1.94608e-06 	 1.64191e-06
     4.011 	 1.51647e-06 	 1.27952e-06
     4.012 	 1.08722e-06 	 9.17298e-07
     4.013 	 1.22657e-06 	 1.03482e-06
     4.014 	 1.36579e-06 	 1.15235e-06
     4.015 	 1.50489e-06 	 1.26964e-06
     4.016 	 1.82359e-06 	 1.53862e-06
     4.017 	 2.14216e-06 	 1.80732e-06
     4.018 	  2.4603e-06 	 2.07605e-06
     4.019 	 2.73633e-06 	 2.30911e-06
     4.020 	 3.01211e-06 	 2.54171e-06
     4.021 	 3.06148e-06 	 2.58326e-06
     4.022 	  3.1108e-06 	 2.62505e-06
     4.023 	 3.16008e-06 	 2.66652e-06
     4.024 	 3.53611e-06 	 2.98368e-06
     4.025 	 3.91163e-06 	 3.30075e-06
     4.026 	 4.28682e-06 	 3.61719e-06
     4.027 	 4.60095e-06 	 3.88251e-06
     4.028 	 4.91481e-06 	 4.14719e-06
     4.029 	 5.14674e-06 	 4.3427e-06
     4.030 	 5.37858e-06 	 4.53862e-06
     4.031 	  5.6101e-06 	 4.73388e-06
     4.032 	 5.53038e-06 	 4.6665e-06
     4.033 	 5.45073e-06 	 4.5997e-06
     4.034 	 5.37115e-06 	 4.53244e-06
     4.035 	 5.01279e-06 	 4.22994e-06
     4.036 	 4.65474e-06 	 3.92855e-06
     4.037 	 4.62623e-06 	 3.9044e-06
     4.038 	 4.59775e-06 	 3.88027e-06
     4.039 	 4.56929e-06 	 3.85659e-06
     4.040 	 4.84028e-06 	 4.08522e-06
     4.041 	 5.11102e-06 	 4.31352e-06
     4.042 	 5.38153e-06 	 4.5421e-06
     4.043 	 5.50142e-06 	 4.64306e-06
     4.044 	 5.62115e-06 	 4.74387e-06
     4.045 	 5.74052e-06 	 4.84492e-06
     4.046 	 5.85977e-06 	 4.94532e-06
     4.047 	 5.97891e-06 	 5.04562e-06
     4.048 	 5.55517e-06 	 4.68831e-06
     4.049 	  5.1318e-06 	 4.3308e-06
     4.050 	  4.7086e-06 	 3.97346e-06
     4.051 	 4.15659e-06 	 3.50784e-06
     4.052 	 3.60506e-06 	 3.04224e-06
     4.053 	 3.45659e-06 	 2.9168e-06
     4.054 	 3.30825e-06 	 2.7918e-06
     4.055 	 3.16003e-06 	 2.66712e-06
     4.056 	 3.17632e-06 	 2.68073e-06
     4.057 	 3.19258e-06 	 2.69462e-06
     4.058 	 3.22464e-06 	 2.72154e-06
     4.059 	 3.25667e-06 	 2.74844e-06
     4.060 	 3.28867e-06 	 2.7753e-06
     4.061 	 3.52867e-06 	 2.97803e-06
     4.062 	 3.76845e-06 	 3.18023e-06
     4.063 	 4.00814e-06 	 3.38234e-06
     4.064 	 3.71638e-06 	 3.13634e-06
     4.065 	 3.42488e-06 	 2.89019e-06
     4.066 	  3.3568e-06 	 2.8326e-06
     4.067 	 3.28877e-06 	 2.77506e-06
     4.068 	  3.2208e-06 	 2.71761e-06
     4.069 	 3.35893e-06 	 2.83402e-06
     4.070 	 3.49701e-06 	 2.95038e-06
     4.071 	 3.63356e-06 	 3.0664e-06
     4.072 	  4.1733e-06 	 3.52172e-06
     4.073 	 4.71217e-06 	 3.97626e-06
     4.074 	 5.23894e-06 	 4.42055e-06
     4.075 	 5.76484e-06 	 4.86461e-06
     4.076 	 6.29013e-06 	 5.30762e-06
     4.077 	 6.71483e-06 	 5.6657e-06
     4.078 	 7.13883e-06 	 6.02316e-06
     4.079 	 7.56213e-06 	 6.38071e-06
     4.080 	 7.90237e-06 	 6.66748e-06
     4.081 	 8.24204e-06 	 6.95373e-06
     4.082 	 8.06906e-06 	 6.80745e-06
     4.083 	 7.89628e-06 	 6.6621e-06
     4.084 	 7.72385e-06 	 6.5163e-06
     4.085 	 7.22965e-06 	 6.10031e-06
     4.086 	 6.73626e-06 	 5.68371e-06
     4.087 	 6.24367e-06 	 5.26842e-06
     4.088 	 5.44522e-06 	 4.59446e-06
     4.089 	 4.64769e-06 	 3.92134e-06
     4.090 	 4.30922e-06 	 3.63559e-06
     4.091 	 3.97131e-06 	 3.35034e-06
     4.092 	 3.63395e-06 	 3.06592e-06
     4.093 	 3.51077e-06 	 2.96184e-06
     4.094 	 3.38779e-06 	 2.85795e-06
     4.095 	   3.265e-06 	 2.75423e-06
     4.096 	 4.04915e-06 	 3.41623e-06
     4.097 	 4.83162e-06 	 4.07664e-06
     4.098 	 5.29636e-06 	 4.46853e-06
     4.099 	 5.76032e-06 	 4.85974e-06
     4.100 	 6.22349e-06 	 5.2497e-06
     4.101 	 6.22763e-06 	 5.25295e-06
     4.102 	 6.23174e-06 	 5.25616e-06
     4.103 	 6.23584e-06 	 5.25997e-06
     4.104 	 6.08673e-06 	 5.135e-06
     4.105 	 5.93785e-06 	 5.00917e-06
     4.106 	 6.29125e-06 	 5.30705e-06
     4.107 	 6.64404e-06 	 5.60439e-06
     4.108 	 6.99623e-06 	 5.90119e-06
     4.109 	 6.90402e-06 	 5.82314e-06
     4.110 	 6.81201e-06 	 5.74592e-06
     4.111 	 6.72013e-06 	 5.66924e-06
     4.112 	 6.42997e-06 	 5.42415e-06
     4.113 	  6.1403e-06 	 5.17949e-06
     4.114 	 6.00784e-06 	 5.06747e-06
     4.115 	  5.8756e-06 	 4.95564e-06
     4.116 	 5.74351e-06 	 4.84396e-06
     4.117 	 5.68879e-06 	 4.79851e-06
     4.118 	 5.63416e-06 	 4.75215e-06
     4.119 	 5.57961e-06 	 4.70587e-06
     4.120 	  5.3957e-06 	 4.55101e-06
     4.121 	 5.21209e-06 	 4.39593e-06
     4.122 	 4.57194e-06 	 3.85584e-06
     4.123 	 3.93317e-06 	 3.31763e-06
     4.124 	 3.29547e-06 	 2.77959e-06
     4.125 	 3.07736e-06 	 2.5955e-06
     4.126 	 2.85961e-06 	 2.41173e-06
     4.127 	 2.90447e-06 	 2.44944e-06
     4.128 	 2.94924e-06 	 2.48758e-06
     4.129 	 2.99396e-06 	 2.52517e-06
     4.130 	 3.15895e-06 	 2.6642e-06
     4.131 	 3.32366e-06 	 2.80298e-06
     4.132 	 3.48808e-06 	 2.94149e-06
     4.133 	 3.98308e-06 	 3.35876e-06
     4.134 	 4.47723e-06 	 3.77604e-06
     4.135 	 4.75644e-06 	 4.01133e-06
     4.136 	 5.03502e-06 	 4.24606e-06
     4.137 	 5.31312e-06 	 4.48036e-06
     4.138 	 4.75918e-06 	 4.01305e-06
     4.139 	 4.20619e-06 	 3.5473e-06
     4.140 	 3.65415e-06 	 3.08158e-06
     4.141 	 3.23071e-06 	 2.72433e-06
     4.142 	 2.80779e-06 	 2.36755e-06
     4.143 	 2.85436e-06 	 2.40668e-06
     4.144 	 2.90085e-06 	 2.44572e-06
     4.145 	 2.94726e-06 	 2.48521e-06
     4.146 	 3.19599e-06 	 2.69478e-06
     4.147 	 3.44429e-06 	 2.90396e-06
     4.148 	 3.69215e-06 	 3.11275e-06
     4.149 	 3.31102e-06 	 2.79126e-06
     4.150 	 2.93073e-06 	 2.47101e-06
     4.151 	 1.96111e-06 	 1.65344e-06
     4.152 	 9.93176e-07 	 8.37337e-07
     4.153 	 2.69276e-08 	 2.27017e-08
     4.154 	 2.10259e-08 	 1.77257e-08
     4.155 	 1.51317e-08 	 1.27562e-08
     4.156 	           0 	        0
     4.157 	 9.70367e-08 	 8.18149e-08
     4.158 	 1.84669e-07 	 1.55679e-07
     4.159 	 7.04361e-07 	 5.93768e-07
     4.160 	 1.22314e-06 	 1.03106e-06
     4.161 	 1.74101e-06 	 1.46754e-06
     4.162 	 1.47571e-06 	 1.2441e-06
     4.163 	   1.211e-06 	 1.02089e-06
     4.164 	 9.46755e-07 	 7.9809e-07
     4.165 	  1.3551e-06 	 1.14226e-06
     4.166 	 1.76271e-06 	 1.48578e-06
     4.167 	 2.40181e-06 	 2.02415e-06
     4.168 	 3.04008e-06 	 2.56245e-06
     4.169 	 3.67691e-06 	 3.09908e-06
     4.170 	 4.29595e-06 	 3.62066e-06
     4.171 	 4.91388e-06 	 4.14129e-06
     4.172 	 5.53071e-06 	 4.66094e-06
     4.173 	 6.39859e-06 	 5.39212e-06
     4.174 	 7.26492e-06 	 6.12122e-06
     4.175 	 7.01967e-06 	 5.91554e-06
     4.176 	 6.77497e-06 	 5.70909e-06
     4.177 	 6.53069e-06 	 5.50301e-06
     4.178 	 5.93061e-06 	 4.99715e-06
     4.179 	 5.33159e-06 	 4.49223e-06
     4.180 	 4.73363e-06 	 3.98778e-06
     4.181 	 4.16101e-06 	 3.50524e-06
     4.182 	 3.58968e-06 	 3.02443e-06
     4.183 	 3.41276e-06 	 2.87525e-06
     4.184 	 3.23615e-06 	 2.72634e-06
     4.185 	 3.05985e-06 	 2.57741e-06
     4.186 	 2.68091e-06 	 2.25812e-06
     4.187 	 2.30266e-06 	 1.93943e-06
     4.188 	 1.92489e-06 	 1.62119e-06
     4.189 	 2.07514e-06 	 1.74746e-06
     4.190 	 2.22511e-06 	 1.87366e-06
     4.191 	  2.3497e-06 	 1.97887e-06
     4.192 	 2.47376e-06 	 2.08325e-06
     4.193 	  2.5973e-06 	 2.18717e-06
     4.194 	 2.43707e-06 	 2.05191e-06
     4.195 	  2.2774e-06 	 1.91737e-06
     4.196 	  1.9093e-06 	 1.60738e-06
     4.197 	 1.54268e-06 	 1.29867e-06
     4.198 	 1.17756e-06 	 9.91136e-07
     4.199 	 9.03337e-07 	 7.60288e-07
     4.200 	 6.30237e-07 	 5.30407e-07
     4.201 	 3.58128e-07 	 3.01348e-07
     4.202 	 8.22802e-07 	 6.9231e-07
     4.203 	 1.28554e-06 	 1.0816e-06
     4.204 	 2.25869e-06 	 1.90025e-06
     4.205 	 3.22776e-06 	 2.71506e-06
     4.206 	 4.19278e-06 	 3.52659e-06
     4.207 	 4.42387e-06 	 3.72074e-06
     4.208 	 4.65406e-06 	 3.91367e-06
     4.209 	 4.88314e-06 	 4.10607e-06
     4.210 	 4.06366e-06 	 3.41679e-06
     4.211 	 3.24759e-06 	 2.73022e-06
     4.212 	 3.24886e-06 	 2.7312e-06
     4.213 	  3.2501e-06 	 2.73215e-06
     4.214 	  3.2513e-06 	 2.73306e-06
     4.215 	 3.21893e-06 	 2.70545e-06
     4.216 	 3.18668e-06 	 2.67825e-06
     4.217 	 3.15453e-06 	 2.65087e-06
     4.218 	 3.10278e-06 	 2.607e-06
     4.219 	 3.05122e-06 	 2.56358e-06
     4.220 	 3.08775e-06 	 2.59419e-06
     4.221 	 3.12411e-06 	 2.62437e-06
     4.222 	 3.16027e-06 	 2.65467e-06
     4.223 	 2.92823e-06 	 2.45941e-06
     4.224 	 2.69717e-06 	 2.26529e-06
     4.225 	 2.46708e-06 	 2.07198e-06
     4.226 	 2.18118e-06 	 1.83161e-06
     4.227 	 1.89638e-06 	 1.59242e-06
     4.228 	 1.88691e-06 	 1.58442e-06
     4.229 	 1.87746e-06 	 1.57626e-06
     4.230 	 1.86804e-06 	 1.56831e-06
     4.231 	 2.08334e-06 	 1.74898e-06
     4.232 	 2.29768e-06 	 1.92861e-06
     4.233 	 2.51105e-06 	 2.10761e-06
     4.234 	 2.75619e-06 	 2.31299e-06
     4.235 	 3.00011e-06 	 2.51756e-06
     4.236 	 2.98872e-06 	 2.50737e-06
     4.237 	 2.97734e-06 	 2.49742e-06
     4.238 	 2.96599e-06 	 2.48778e-06
     4.239 	 2.70497e-06 	 2.26847e-06
     4.240 	 2.44509e-06 	 2.05043e-06
     4.241 	 2.18623e-06 	 1.83324e-06
     4.242 	 1.86856e-06 	 1.56658e-06
     4.243 	  1.5523e-06 	 1.30135e-06
     4.244 	 1.74875e-06 	 1.46578e-06
     4.245 	 1.94429e-06 	 1.62958e-06
     4.246 	 2.13892e-06 	 1.79259e-06
     4.247 	 2.16215e-06 	 1.81174e-06
     4.248 	 2.18524e-06 	 1.83097e-06
     4.249 	  2.2082e-06 	 1.84988e-06
     4.250 	 2.35878e-06 	 1.9755e-06
     4.251 	 2.50865e-06 	 2.10064e-06
     4.252 	  2.7485e-06 	 2.30104e-06
     4.253 	  2.9872e-06 	 2.50067e-06
     4.254 	 3.22489e-06 	 2.69913e-06
     4.255 	 3.69817e-06 	 3.09501e-06
     4.256 	 4.16922e-06 	 3.48856e-06
     4.257 	 4.63802e-06 	 3.88051e-06
     4.258 	 5.00032e-06 	 4.18331e-06
     4.259 	 5.36086e-06 	 4.48407e-06
     4.260 	 5.29003e-06 	 4.42447e-06
     4.261 	 5.21952e-06 	 4.36486e-06
     4.262 	 5.14927e-06 	 4.3051e-06
     4.263 	 4.74284e-06 	 3.96472e-06
     4.264 	 4.33828e-06 	 3.62641e-06
     4.265 	 4.01929e-06 	 3.35927e-06
     4.266 	 3.70177e-06 	 3.09379e-06
     4.267 	 3.38558e-06 	 2.82944e-06
     4.268 	 3.82485e-06 	 3.19608e-06
     4.269 	 4.26196e-06 	 3.56122e-06
     4.270 	 4.69693e-06 	 3.92409e-06
     4.271 	 4.82716e-06 	 4.03267e-06
     4.272 	 4.95474e-06 	 4.13856e-06
     4.273 	 4.77467e-06 	 3.98793e-06
     4.274 	 4.59678e-06 	 3.83914e-06
     4.275 	 4.42124e-06 	 3.69116e-06
     4.276 	 4.17169e-06 	 3.48263e-06
     4.277 	 3.92567e-06 	 3.27669e-06
     4.278 	 3.68318e-06 	 3.07411e-06
     4.279 	 3.30947e-06 	 2.76173e-06
     4.280 	 2.94141e-06 	 2.45445e-06
     4.281 	 2.73778e-06 	 2.28412e-06
     4.282 	 2.53724e-06 	 2.11667e-06
     4.283 	 2.33977e-06 	 1.9518e-06
     4.284 	 2.26092e-06 	 1.88568e-06
     4.285 	 2.18309e-06 	 1.82064e-06
     4.286 	 2.10631e-06 	 1.75629e-06
     4.287 	  2.2242e-06 	 1.85446e-06
     4.288 	 2.33956e-06 	 1.9497e-06
     4.289 	 2.16751e-06 	 1.80619e-06
     4.290 	 1.99826e-06 	 1.66504e-06
     4.291 	  1.8318e-06 	 1.52611e-06
     4.292 	 1.85858e-06 	 1.54836e-06
     4.293 	 1.88454e-06 	 1.56975e-06
     4.294 	 1.90964e-06 	 1.5906e-06
     4.295 	  1.9634e-06 	 1.63514e-06
     4.296 	 2.01575e-06 	 1.67867e-06
     4.297 	 1.90233e-06 	 1.58416e-06
     4.298 	 1.79078e-06 	 1.49104e-06
     4.299 	  1.6811e-06 	 1.39966e-06
     4.300 	 1.77059e-06 	 1.47395e-06
     4.301 	 1.81905e-06 	 1.51417e-06
     4.302 	 1.86091e-06 	 1.54871e-06
     4.303 	   1.909e-06 	 1.5886e-06
     4.304 	  1.9496e-06 	 1.62226e-06
     4.305 	 1.85315e-06 	 1.5417e-06
     4.306 	 1.75866e-06 	 1.46297e-06
     4.307 	 1.66624e-06 	 1.38582e-06
     4.308 	 1.45409e-06 	 1.20927e-06
     4.309 	 1.25398e-06 	 1.04277e-06
     4.310 	 1.06592e-06 	 8.86212e-07
     4.311 	 1.05908e-06 	 8.80448e-07
     4.312 	 1.04714e-06 	 8.70346e-07
     4.313 	 9.82571e-07 	 8.16607e-07
     4.314 	  9.1865e-07 	 7.63416e-07
     4.315 	  8.5534e-07 	 7.1066e-07
     4.316 	 7.67617e-07 	 6.37719e-07
     4.317 	 6.84183e-07 	 5.68289e-07
     4.318 	 6.05037e-07 	 5.02504e-07
     4.319 	  5.0404e-07 	 4.18586e-07
     4.320 	 4.12216e-07 	 3.4226e-07
     4.321 	  4.2067e-07 	 3.49266e-07
     4.322 	 4.28246e-07 	 3.55542e-07
     4.323 	 4.34942e-07 	 3.61045e-07
     4.324 	 4.81012e-07 	 3.99272e-07
     4.325 	 5.24104e-07 	 4.35024e-07
     4.326 	 5.64238e-07 	 4.68264e-07
     4.327 	 6.60654e-07 	 5.48258e-07
     4.328 	 7.50741e-07 	 6.22922e-07
     4.329 	 6.72878e-07 	 5.58294e-07
     4.330 	 5.98372e-07 	 4.96455e-07
     4.331 	 5.27223e-07 	 4.37339e-07
     4.332 	 4.24883e-07 	 3.52418e-07
     4.333 	 3.28131e-07 	 2.72145e-07
     4.334 	 3.12615e-07 	 2.59225e-07
     4.335 	 2.97405e-07 	 2.46593e-07
     4.336 	 2.82502e-07 	 2.34217e-07
     4.337 	 3.14879e-07 	 2.61039e-07
     4.338 	 3.43859e-07 	 2.84978e-07
     4.339 	 3.69453e-07 	 3.06165e-07
     4.340 	 3.85164e-07 	 3.19223e-07
     4.341 	 3.98056e-07 	 3.29842e-07
     4.342 	 3.90235e-07 	 3.23333e-07
     4.343 	 3.81353e-07 	 3.15947e-07
     4.344 	  3.7141e-07 	 3.07683e-07
     4.345 	 3.49316e-07 	 2.89322e-07
     4.346 	 3.27427e-07 	 2.71169e-07
     4.347 	 3.05765e-07 	 2.53207e-07
     4.348 	  2.6748e-07 	 2.21484e-07
     4.349 	 2.31755e-07 	 1.91863e-07
     4.350 	 2.24161e-07 	 1.85561e-07
     4.351 	 2.33787e-07 	 1.93516e-07
     4.352 	 2.43409e-07 	 2.01467e-07
     4.353 	 2.36006e-07 	 1.95303e-07
     4.354 	 2.28611e-07 	 1.89171e-07
     4.355 	 2.21223e-07 	 1.83045e-07
     4.356 	 2.02687e-07 	 1.67696e-07
     4.357 	  1.8417e-07 	 1.52348e-07
     4.358 	 1.84917e-07 	 1.52955e-07
     4.359 	 1.85663e-07 	 1.53562e-07
     4.360 	 1.86409e-07 	 1.54168e-07
     4.361 	  1.9587e-07 	 1.6198e-07
     4.362 	 2.05321e-07 	 1.69784e-07
     4.363 	 2.14763e-07 	 1.77558e-07
     4.364 	  2.1837e-07 	 1.80563e-07
     4.365 	 2.21974e-07 	 1.8353e-07
     4.366 	 2.15325e-07 	 1.78019e-07
     4.367 	 2.08685e-07 	 1.72516e-07
     4.368 	 2.02051e-07 	 1.6702e-07
     4.369 	 2.17296e-07 	 1.79587e-07
     4.370 	 2.32526e-07 	 1.9218e-07
     4.371 	 2.47864e-07 	 2.0484e-07
     4.372 	 2.53342e-07 	 2.0935e-07
     4.373 	 2.58817e-07 	 2.13856e-07
     4.374 	 2.60347e-07 	 2.15103e-07
     4.375 	 2.61876e-07 	 2.16349e-07
     4.376 	 2.63406e-07 	 2.17595e-07
     4.377 	 2.75148e-07 	 2.27276e-07
     4.378 	  2.8689e-07 	 2.36956e-07
     4.379 	 2.98637e-07 	 2.46638e-07
     4.380 	 3.15188e-07 	 2.60255e-07
     4.381 	 3.31739e-07 	 2.73903e-07
     4.382 	 3.48448e-07 	 2.8768e-07
     4.383 	 3.65158e-07 	 3.01454e-07
     4.384 	 3.81868e-07 	 3.15292e-07
     4.385 	 4.06571e-07 	 3.35665e-07
     4.386 	 4.31262e-07 	 3.56025e-07
     4.387 	 4.55954e-07 	 3.76384e-07
     4.388 	 5.02323e-07 	 4.14633e-07
     4.389 	 5.48692e-07 	 4.52875e-07
     4.390 	 5.84109e-07 	 4.82074e-07
     4.391 	 6.19525e-07 	 5.11266e-07
     4.392 	 6.54959e-07 	 5.40468e-07
     4.393 	 6.93285e-07 	 5.72052e-07
     4.394 	 7.31612e-07 	 6.03632e-07
     4.395 	 7.69938e-07 	 6.3528e-07
     4.396 	 8.25822e-07 	 6.81341e-07
     4.397 	 8.81706e-07 	 7.27393e-07
     4.398 	  8.9195e-07 	 7.35789e-07
     4.399 	 9.02198e-07 	 7.44263e-07
     4.400 	 9.12441e-07 	 7.52655e-07
     4.401 	 9.28023e-07 	 7.65429e-07
     4.402 	 9.43604e-07 	 7.782e-07
     4.403 	 9.51368e-07 	 7.84681e-07
     4.404 	 9.59132e-07 	 7.91002e-07
     4.405 	 9.66899e-07 	 7.97418e-07
     4.406 	 9.22291e-07 	 7.60549e-07
     4.407 	 8.77683e-07 	 7.23689e-07
     4.408 	 8.33075e-07 	 6.86835e-07
     4.409 	 7.99052e-07 	 6.58782e-07
     4.410 	 7.65029e-07 	 6.30666e-07
     4.411 	 7.62781e-07 	 6.28835e-07
     4.412 	 7.60532e-07 	 6.27056e-07
     4.413 	 7.58284e-07 	 6.25151e-07
     4.414 	 7.89908e-07 	 6.51171e-07
     4.415 	 8.21533e-07 	 6.77186e-07
     4.416 	 8.53157e-07 	 7.03278e-07
     4.417 	 8.44874e-07 	 6.96464e-07
     4.418 	 8.36587e-07 	 6.89576e-07
     4.419 	 8.22457e-07 	 6.77874e-07
     4.420 	 8.08328e-07 	 6.66251e-07
     4.421 	 7.94198e-07 	 6.54685e-07
     4.422 	 7.77825e-07 	 6.41137e-07
     4.423 	 7.61452e-07 	 6.27592e-07
     4.424 	 7.45078e-07 	 6.14119e-07
     4.425 	 7.11629e-07 	 5.86562e-07
     4.426 	 6.78196e-07 	 5.5896e-07
     4.427 	 6.49127e-07 	 5.35021e-07
     4.428 	 6.20058e-07 	 5.11021e-07
     4.429 	 5.90988e-07 	 4.87122e-07
     4.430 	 5.61128e-07 	 4.62527e-07
     4.431 	 5.31253e-07 	 4.37849e-07
     4.432 	 5.01393e-07 	 4.1323e-07
     4.433 	 4.67149e-07 	 3.85006e-07
     4.434 	 4.32905e-07 	 3.5674e-07
     4.435 	 4.45006e-07 	 3.6671e-07
     4.436 	 4.57107e-07 	 3.76636e-07
     4.437 	 4.69208e-07 	 3.86559e-07
     4.438 	 4.88126e-07 	 4.02142e-07
     4.439 	 5.07035e-07 	 4.17797e-07
     4.440 	 5.25945e-07 	 4.33376e-07
     4.441 	 5.27231e-07 	 4.34398e-07
     4.442 	 5.28518e-07 	 4.3542e-07
     4.443 	 5.12182e-07 	 4.21975e-07
     4.444 	 4.95846e-07 	 4.0848e-07
     4.445 	 4.79502e-07 	 3.95067e-07
     4.446 	 4.66278e-07 	 3.84138e-07
     4.447 	 4.53055e-07 	 3.73255e-07
     4.448 	 4.39831e-07 	 3.62329e-07
     4.449 	 4.28542e-07 	 3.53039e-07
     4.450 	 4.17253e-07 	 3.43779e-07
     4.451 	 3.93872e-07 	 3.24513e-07
     4.452 	 3.70502e-07 	 3.05252e-07
     4.453 	 3.47132e-07 	 2.85996e-07
     4.454 	 3.51916e-07 	 2.89935e-07
     4.455 	   3.567e-07 	 2.9384e-07
     4.456 	 3.61484e-07 	 2.9778e-07
     4.457 	 4.04592e-07 	 3.33249e-07
     4.458 	 4.47721e-07 	 3.68771e-07
     4.459 	  4.7583e-07 	 3.91875e-07
     4.460 	 5.03939e-07 	 4.15063e-07
     4.461 	 5.32048e-07 	 4.38226e-07
     4.462 	 5.44523e-07 	 4.4846e-07
     4.463 	 5.56997e-07 	 4.58746e-07
     4.464 	 5.69478e-07 	 4.68981e-07
     4.465 	 5.69822e-07 	 4.69276e-07
     4.466 	 5.70167e-07 	 4.69572e-07
     4.467 	 5.60647e-07 	 4.61689e-07
     4.468 	 5.51128e-07 	 4.53907e-07
     4.469 	 5.41608e-07 	 4.46077e-07
     4.470 	  5.0187e-07 	 4.13309e-07
     4.471 	 4.62114e-07 	 3.80567e-07
     4.472 	 4.34211e-07 	 3.57587e-07
     4.473 	 4.06307e-07 	 3.34605e-07
     4.474 	 3.78404e-07 	 3.11589e-07
     4.475 	 3.53578e-07 	 2.91144e-07
     4.476 	 3.28752e-07 	 2.70701e-07
     4.477 	 3.03914e-07 	 2.50273e-07
     4.478 	 2.96142e-07 	 2.43843e-07
     4.479 	  2.8837e-07 	 2.37442e-07
     4.480 	 2.89113e-07 	 2.38052e-07
     4.481 	 2.89857e-07 	 2.3867e-07
     4.482 	   2.906e-07 	 2.39258e-07
     4.483 	 2.96271e-07 	 2.43933e-07
     4.484 	 3.01944e-07 	 2.48608e-07
     4.485 	 3.07615e-07 	 2.53283e-07
     4.486 	 3.12978e-07 	 2.57704e-07
     4.487 	 3.18341e-07 	 2.62094e-07
     4.488 	 3.29047e-07 	 2.70859e-07
     4.489 	 3.39753e-07 	 2.79678e-07
     4.490 	 3.50459e-07 	 2.88496e-07
     4.491 	  3.7098e-07 	 3.05423e-07
     4.492 	 3.91492e-07 	 3.22314e-07
     4.493 	 4.12004e-07 	 3.39206e-07
     4.494 	 3.90771e-07 	 3.2169e-07
     4.495 	 3.69538e-07 	 3.04214e-07
     4.496 	 3.46096e-07 	 2.84861e-07
     4.497 	 3.22643e-07 	 2.65561e-07
     4.498 	 2.99202e-07 	 2.4627e-07
     4.499 	 2.75129e-07 	 2.26458e-07
     4.500 	 2.51055e-07 	 2.06644e-07
     4.501 	 2.26982e-07 	 1.86796e-07
     4.502 	 2.25348e-07 	 1.85455e-07
     4.503 	 2.23713e-07 	 1.84114e-07
     4.504 	 2.31903e-07 	 1.9082e-07
     4.505 	 2.40089e-07 	 1.9756e-07
     4.506 	 2.48275e-07 	 2.04279e-07
     4.507 	 2.64788e-07 	 2.17826e-07
     4.508 	 2.81301e-07 	 2.31416e-07
     4.509 	 2.97814e-07 	 2.45005e-07
     4.510 	 3.25797e-07 	 2.67977e-07
     4.511 	 3.53768e-07 	 2.90998e-07
     4.512 	 3.54064e-07 	 2.91255e-07
     4.513 	  3.5436e-07 	 2.91453e-07
     4.514 	 3.54657e-07 	 2.9171e-07
     4.515 	  3.4003e-07 	 2.79636e-07
     4.516 	 3.25404e-07 	 2.6762e-07
     4.517 	 3.10771e-07 	 2.55571e-07
     4.518 	 2.65659e-07 	 2.18437e-07
     4.519 	 2.20547e-07 	 1.81352e-07
     4.520 	 2.09129e-07 	 1.71936e-07
     4.521 	  1.9771e-07 	 1.62552e-07
     4.522 	 1.86291e-07 	 1.53136e-07
     4.523 	 1.87259e-07 	 1.53953e-07
     4.524 	 1.88228e-07 	 1.54753e-07
     4.525 	 1.89196e-07 	 1.55521e-07
     4.526 	 2.41674e-07 	 1.98643e-07
     4.527 	 2.94152e-07 	 2.41733e-07
     4.528 	 3.28179e-07 	 2.69702e-07
     4.529 	 3.62206e-07 	 2.97612e-07
     4.530 	 3.96249e-07 	 3.25629e-07
     4.531 	 4.21926e-07 	 3.46664e-07
     4.532 	 4.47604e-07 	 3.67766e-07
     4.533 	 4.73281e-07 	 3.88749e-07
     4.534 	 4.63023e-07 	 3.80327e-07
     4.535 	 4.52765e-07 	 3.71831e-07
     4.536 	  4.1032e-07 	 3.37016e-07
     4.537 	 3.67854e-07 	 3.02078e-07
     4.538 	 3.25409e-07 	 2.67226e-07
     4.539 	 2.71074e-07 	 2.2254e-07
     4.540 	  2.1674e-07 	 1.77936e-07
     4.541 	 1.98931e-07 	 1.63308e-07
     4.542 	 1.81122e-07 	 1.48694e-07
     4.543 	 1.63305e-07 	 1.34045e-07
     4.544 	  1.7435e-07 	 1.43116e-07
     4.545 	 1.85395e-07 	 1.52159e-07
     4.546 	  1.9644e-07 	 1.6123e-07
     4.547 	 2.31252e-07 	 1.89771e-07
     4.548 	 2.66064e-07 	 2.18346e-07
     4.549 	 2.74548e-07 	 2.25298e-07
     4.550 	 2.83036e-07 	 2.32271e-07
     4.551 	  2.9152e-07 	 2.39172e-07
     4.552 	 3.00466e-07 	 2.46552e-07
     4.553 	 3.09412e-07 	 2.53853e-07
     4.554 	 3.18357e-07 	 2.61204e-07
     4.555 	 3.23808e-07 	 2.65665e-07
     4.556 	 3.29262e-07 	 2.70152e-07
     4.557 	 3.12407e-07 	 2.56257e-07
     4.558 	 2.95553e-07 	 2.42394e-07
     4.559 	 2.78699e-07 	 2.28609e-07
     4.560 	 2.74274e-07 	 2.24943e-07
     4.561 	  2.6985e-07 	 2.21318e-07
     4.562 	 2.65425e-07 	 2.17673e-07
     4.563 	 2.75197e-07 	 2.25668e-07
     4.564 	 2.84963e-07 	 2.33659e-07
     4.565 	 3.27792e-07 	 2.68781e-07
     4.566 	  3.7062e-07 	 3.03841e-07
     4.567 	 4.13449e-07 	 3.38997e-07
     4.568 	 4.49578e-07 	 3.6855e-07
     4.569 	 4.85707e-07 	 3.98132e-07
     4.570 	 5.21854e-07 	 4.2773e-07
     4.571 	 5.58825e-07 	 4.58049e-07
     4.572 	 5.95797e-07 	 4.88428e-07
     4.573 	 5.87095e-07 	 4.81212e-07
     4.574 	 5.78393e-07 	 4.74097e-07
     4.575 	 5.69691e-07 	 4.66892e-07
     4.576 	 5.47481e-07 	 4.48706e-07
     4.577 	 5.25282e-07 	 4.30438e-07
     4.578 	 5.03083e-07 	 4.1231e-07
     4.579 	  4.6573e-07 	 3.81632e-07
     4.580 	 4.28377e-07 	 3.51077e-07
     4.581 	 4.17051e-07 	 3.41728e-07
     4.582 	 4.05724e-07 	 3.32455e-07
     4.583 	 3.94393e-07 	 3.23174e-07
     4.584 	 3.92659e-07 	 3.2169e-07
     4.585 	 3.90924e-07 	 3.20309e-07
     4.586 	  3.8919e-07 	 3.18826e-07
     4.587 	 3.96941e-07 	 3.25216e-07
     4.588 	 4.04691e-07 	 3.31569e-07
     4.589 	 4.17254e-07 	 3.418e-07
     4.590 	 4.29811e-07 	 3.52089e-07
     4.591 	 4.42367e-07 	 3.62299e-07
     4.592 	 4.43389e-07 	 3.63177e-07
     4.593 	  4.4441e-07 	 3.64011e-07
     4.594 	 4.45432e-07 	 3.64815e-07
     4.595 	 4.30852e-07 	 3.52872e-07
     4.596 	 4.16266e-07 	 3.40963e-07
     4.597 	 4.08191e-07 	 3.34245e-07
     4.598 	 4.00115e-07 	 3.27668e-07
     4.599 	  3.9204e-07 	 3.21053e-07
     4.600 	 3.88714e-07 	 3.18364e-07
     4.601 	 3.85389e-07 	 3.15574e-07
     4.602 	 3.82062e-07 	 3.12883e-07
     4.603 	 3.85026e-07 	 3.15308e-07
     4.604 	  3.8799e-07 	 3.17733e-07
     4.605 	  3.9758e-07 	 3.25621e-07
     4.606 	 4.07169e-07 	 3.33472e-07
     4.607 	 4.16758e-07 	 3.41292e-07
     4.608 	  4.4667e-07 	 3.65784e-07
     4.609 	 4.76596e-07 	 3.90333e-07
     4.610 	  5.1795e-07 	 4.24197e-07
     4.611 	 5.59304e-07 	 4.58119e-07
     4.612 	 6.00658e-07 	 4.9199e-07
     4.613 	 6.25813e-07 	 5.12653e-07
     4.614 	 6.50969e-07 	 5.33259e-07
     4.615 	 6.76125e-07 	 5.53816e-07
     4.616 	 6.94644e-07 	 5.68984e-07
     4.617 	 7.13155e-07 	 5.84212e-07
     4.618 	 7.00769e-07 	 5.74064e-07
     4.619 	 6.88383e-07 	 5.63981e-07
     4.620 	 6.75997e-07 	 5.53831e-07
     4.621 	 6.55302e-07 	 5.36929e-07
     4.622 	 6.34597e-07 	 5.19954e-07
     4.623 	 6.13902e-07 	 5.02997e-07
     4.624 	 5.86841e-07 	 4.80816e-07
     4.625 	 5.59779e-07 	 4.58688e-07
     4.626 	 5.60318e-07 	 4.5912e-07
     4.627 	 5.60856e-07 	 4.59605e-07
     4.628 	 5.61394e-07 	 4.60038e-07
     4.629 	 5.56998e-07 	 4.56479e-07
     4.630 	 5.52603e-07 	 4.52914e-07
     4.631 	 5.48209e-07 	 4.49358e-07
     4.632 	 5.37375e-07 	 4.4047e-07
     4.633 	 5.26542e-07 	 4.31635e-07
     4.634 	 5.19305e-07 	 4.25695e-07
     4.635 	 5.12065e-07 	 4.19802e-07
     4.636 	 5.04827e-07 	 4.13862e-07
     4.637 	 4.99119e-07 	 4.09223e-07
     4.638 	  4.9341e-07 	 4.04535e-07
     4.639 	 4.87701e-07 	 3.99847e-07
     4.640 	 4.81242e-07 	 3.94591e-07
     4.641 	 4.74783e-07 	 3.89279e-07
     4.642 	 4.50322e-07 	 3.69251e-07
     4.643 	 4.25873e-07 	 3.49189e-07
     4.644 	 4.01424e-07 	 3.29167e-07
     4.645 	  3.8897e-07 	 3.18941e-07
     4.646 	 3.76516e-07 	 3.08752e-07
     4.647 	 3.64062e-07 	 2.98527e-07
     4.648 	 3.71742e-07 	 3.04847e-07
     4.649 	 3.79426e-07 	 3.11135e-07
     4.650 	 3.85233e-07 	 3.1592e-07
     4.651 	  3.9104e-07 	 3.20675e-07
     4.652 	 3.96847e-07 	 3.25468e-07
     4.653 	 4.05378e-07 	 3.32457e-07
     4.654 	  4.1391e-07 	 3.39555e-07
     4.655 	 4.22446e-07 	 3.4655e-07
     4.656 	 4.49585e-07 	 3.68805e-07
     4.657 	 4.76725e-07 	 3.91105e-07
     4.658 	  4.9189e-07 	 4.03537e-07
     4.659 	 5.07055e-07 	 4.16016e-07
     4.660 	 5.22219e-07 	 4.28447e-07
     4.661 	 5.33876e-07 	 4.38044e-07
     4.662 	 5.45537e-07 	 4.47593e-07
     4.663 	 5.57193e-07 	 4.5719e-07
     4.664 	  5.3771e-07 	 4.41186e-07
     4.665 	 5.18227e-07 	 4.25312e-07
     4.666 	 5.04292e-07 	 4.13905e-07
     4.667 	 4.90358e-07 	 4.02452e-07
     4.668 	 4.76417e-07 	 3.91039e-07
     4.669 	 4.54537e-07 	 3.73063e-07
     4.670 	 4.32658e-07 	 3.55132e-07
     4.671 	 4.27079e-07 	 3.50547e-07
     4.672 	   4.215e-07 	 3.45963e-07
     4.673 	  4.1592e-07 	 3.41418e-07
     4.674 	 4.14472e-07 	 3.40293e-07
     4.675 	 4.13023e-07 	 3.39138e-07
     4.676 	 4.11574e-07 	 3.37943e-07
     4.677 	 4.19738e-07 	 3.44641e-07
     4.678 	 4.27902e-07 	 3.51379e-07
     4.679 	 4.15806e-07 	 3.4144e-07
     4.680 	 4.03709e-07 	 3.3154e-07
     4.681 	 3.91608e-07 	 3.21583e-07
     4.682 	 3.79414e-07 	 3.11614e-07
     4.683 	 3.67221e-07 	 3.01617e-07
     4.684 	 3.55028e-07 	 2.91613e-07
     4.685 	 3.84643e-07 	 3.15956e-07
     4.686 	 4.14258e-07 	 3.40261e-07
     4.687 	 4.30699e-07 	 3.53744e-07
     4.688 	 4.47147e-07 	 3.67273e-07
     4.689 	 4.63588e-07 	 3.8083e-07
     4.690 	 4.75878e-07 	 3.90902e-07
     4.691 	 4.88169e-07 	 4.01033e-07
     4.692 	  5.0046e-07 	 4.11119e-07
     4.693 	 4.85263e-07 	 3.98623e-07
     4.694 	 4.70066e-07 	 3.86173e-07
     4.695 	 4.63709e-07 	 3.8094e-07
     4.696 	 4.57355e-07 	 3.75709e-07
     4.697 	 4.51002e-07 	 3.70597e-07
     4.698 	 4.53768e-07 	 3.72858e-07
     4.699 	 4.56534e-07 	 3.7512e-07
     4.700 	   4.593e-07 	 3.77425e-07
     4.701 	  4.5183e-07 	 3.71268e-07
     4.702 	 4.44364e-07 	 3.65114e-07
     4.703 	 4.39888e-07 	 3.61454e-07
     4.704 	 4.35412e-07 	 3.57799e-07
     4.705 	 4.30936e-07 	 3.54102e-07
     4.706 	 4.48646e-07 	 3.68635e-07
     4.707 	 4.66357e-07 	 3.8329e-07
     4.708 	 4.84075e-07 	 3.9783e-07
     4.709 	 5.10866e-07 	 4.19825e-07
     4.710 	 5.37657e-07 	 4.41818e-07
     4.711 	 5.55389e-07 	 4.56428e-07
     4.712 	  5.7312e-07 	 4.70986e-07
     4.713 	 5.90852e-07 	 4.85543e-07
     4.714 	 5.96426e-07 	 4.90108e-07
     4.715 	 6.01996e-07 	 4.94727e-07
     4.716 	 6.07567e-07 	 4.99391e-07
     4.717 	 6.00874e-07 	 4.93874e-07
     4.718 	 5.94181e-07 	 4.88358e-07
     4.719 	 5.70128e-07 	 4.68628e-07
     4.720 	 5.46075e-07 	 4.48842e-07
     4.721 	  5.2201e-07 	 4.29035e-07
     4.722 	  5.0657e-07 	 4.1632e-07
     4.723 	 4.91129e-07 	 4.03605e-07
     4.724 	 4.75689e-07 	 3.90977e-07
     4.725 	 4.59776e-07 	 3.7795e-07
     4.726 	 4.43863e-07 	 3.64846e-07
     4.727 	 4.50759e-07 	 3.70491e-07
     4.728 	 4.57652e-07 	 3.76133e-07
     4.729 	 4.64544e-07 	 3.81773e-07
     4.730 	 4.64282e-07 	 3.81577e-07
     4.731 	  4.6402e-07 	 3.81348e-07
     4.732 	 4.63758e-07 	 3.81118e-07
     4.733 	 4.48757e-07 	 3.68777e-07
     4.734 	  4.3375e-07 	 3.56504e-07
     4.735 	 4.34085e-07 	 3.56766e-07
     4.736 	 4.34421e-07 	 3.57029e-07
     4.737 	 4.34756e-07 	 3.57331e-07
     4.738 	 4.37001e-07 	 3.59163e-07
     4.739 	 4.39245e-07 	 3.60993e-07
     4.740 	 4.33083e-07 	 3.55915e-07
     4.741 	 4.26917e-07 	 3.50836e-07
     4.742 	 4.20755e-07 	 3.4583e-07
     4.743 	 4.19665e-07 	 3.44957e-07
     4.744 	 4.18576e-07 	 3.44051e-07
     4.745 	 4.17486e-07 	 3.43143e-07
     4.746 	 4.22501e-07 	 3.47253e-07
     4.747 	 4.27519e-07 	 3.51365e-07
     4.748 	 4.32318e-07 	 3.55296e-07
     4.749 	 4.37116e-07 	 3.59268e-07
     4.750 	 4.41915e-07 	 3.63199e-07
     4.751 	 4.49518e-07 	 3.6951e-07
     4.752 	 4.57122e-07 	 3.75746e-07
     4.753 	 4.64725e-07 	 3.81981e-07
     4.754 	 4.88768e-07 	 4.01728e-07
     4.755 	   5.128e-07 	 4.21464e-07
     4.756 	 5.24968e-07 	 4.31449e-07
     4.757 	 5.37136e-07 	 4.41432e-07
     4.758 	 5.49304e-07 	 4.51414e-07
     4.759 	 5.58611e-07 	 4.59044e-07
     4.760 	 5.67923e-07 	 4.66678e-07
     4.761 	  5.7723e-07 	 4.74394e-07
     4.762 	 5.69428e-07 	 4.67954e-07
     4.763 	 5.61626e-07 	 4.61514e-07
     4.764 	 5.61196e-07 	 4.6118e-07
     4.765 	 5.60765e-07 	 4.60744e-07
     4.766 	 5.60335e-07 	 4.60362e-07
     4.767 	 5.71814e-07 	 4.69764e-07
     4.768 	 5.83287e-07 	 4.7916e-07
     4.769 	  5.9476e-07 	 4.88555e-07
     4.770 	 6.05461e-07 	 4.97314e-07
     4.771 	 6.16162e-07 	 5.06186e-07
     4.772 	 6.21006e-07 	 5.10145e-07
     4.773 	 6.25851e-07 	 5.14105e-07
     4.774 	 6.30697e-07 	 5.18065e-07
     4.775 	 6.53311e-07 	 5.36618e-07
     4.776 	 6.75925e-07 	 5.55106e-07
     4.777 	  6.9854e-07 	 5.73655e-07
     4.778 	 7.21398e-07 	 5.92401e-07
     4.779 	 7.44257e-07 	 6.11147e-07
     4.780 	 7.41975e-07 	 6.09247e-07
     4.781 	 7.39694e-07 	 6.0734e-07
     4.782 	 7.37413e-07 	 6.05432e-07
     4.783 	 7.20365e-07 	 5.91332e-07
     4.784 	 7.03317e-07 	 5.77422e-07
     4.785 	 6.86268e-07 	 5.63392e-07
     4.786 	 6.53552e-07 	 5.36502e-07
     4.787 	 6.20819e-07 	 5.09601e-07
     4.788 	 6.02658e-07 	 4.94606e-07
     4.789 	 5.84496e-07 	 4.79672e-07
     4.790 	 5.66334e-07 	 4.64739e-07
     4.791 	 5.59976e-07 	 4.59496e-07
     4.792 	 5.53617e-07 	 4.54199e-07
     4.793 	 5.47255e-07 	 4.48954e-07
     4.794 	 5.67156e-07 	 4.65253e-07
     4.795 	 5.87057e-07 	 4.816e-07
     4.796 	 6.23242e-07 	 5.11195e-07
     4.797 	 6.59428e-07 	 5.40844e-07
     4.798 	 6.95613e-07 	 5.70488e-07
     4.799 	 7.50677e-07 	 6.15611e-07
     4.800 	 8.05767e-07 	 6.60673e-07
     4.801 	 8.60831e-07 	 7.05766e-07
     4.802 	 8.67137e-07 	 7.10879e-07
     4.803 	 8.73442e-07 	 7.15907e-07
     4.804 	 8.74212e-07 	 7.1648e-07
     4.805 	 8.74981e-07 	 7.17053e-07
     4.806 	 8.75752e-07 	 7.17543e-07
     4.807 	 8.66655e-07 	 7.10031e-07
     4.808 	 8.57559e-07 	 7.02521e-07
     4.809 	 8.44076e-07 	 6.91339e-07
     4.810 	 8.30594e-07 	 6.8024e-07
     4.811 	 8.17111e-07 	 6.6915e-07
     4.812 	 8.00569e-07 	 6.55412e-07
     4.813 	  7.8402e-07 	 6.41817e-07
     4.814 	 7.67478e-07 	 6.28157e-07
     4.815 	 7.25605e-07 	 5.93841e-07
     4.816 	 6.83732e-07 	 5.59416e-07
     4.817 	 6.64027e-07 	 5.4319e-07
     4.818 	 6.44321e-07 	 5.27031e-07
     4.819 	 6.24616e-07 	 5.10816e-07
     4.820 	 6.19621e-07 	 5.06693e-07
     4.821 	 6.14629e-07 	 5.02579e-07
     4.822 	 6.09637e-07 	 4.98409e-07
     4.823 	 6.09609e-07 	 4.98355e-07
     4.824 	 6.09582e-07 	 4.98244e-07
     4.825 	 6.12899e-07 	 5.00924e-07
     4.826 	 6.16217e-07 	 5.03545e-07
     4.827 	 6.19534e-07 	 5.06224e-07
     4.828 	   6.376e-07 	 5.20892e-07
     4.829 	 6.55666e-07 	 5.35507e-07
     4.830 	 6.73732e-07 	 5.50163e-07
     4.831 	 7.05142e-07 	 5.7577e-07
     4.832 	 7.36551e-07 	 6.01302e-07
     4.833 	 7.57688e-07 	 6.18512e-07
     4.834 	 7.78816e-07 	 6.35638e-07
     4.835 	 7.99943e-07 	 6.52832e-07
     4.836 	 8.19215e-07 	 6.68432e-07
     4.837 	 8.38488e-07 	 6.84026e-07
     4.838 	  8.5776e-07 	 6.99695e-07
     4.839 	 8.83189e-07 	 7.20153e-07
     4.840 	 9.08605e-07 	 7.4082e-07
     4.841 	 9.10879e-07 	 7.42508e-07
     4.842 	 9.13153e-07 	 7.44196e-07
     4.843 	 9.15428e-07 	 7.45969e-07
     4.844 	 9.11803e-07 	 7.42849e-07
     4.845 	 9.08178e-07 	 7.39816e-07
     4.846 	 9.04551e-07 	 7.36694e-07
     4.847 	 8.70869e-07 	 7.09103e-07
     4.848 	 8.37188e-07 	 6.81604e-07
     4.849 	 8.08142e-07 	 6.57605e-07
     4.850 	 7.79096e-07 	 6.33826e-07
     4.851 	  7.5005e-07 	 6.10156e-07
     4.852 	 7.13207e-07 	 5.80079e-07
     4.853 	 6.76383e-07 	 5.50028e-07
     4.854 	 6.39558e-07 	 5.20048e-07
     4.855 	 6.07002e-07 	 4.93484e-07
     4.856 	 5.74446e-07 	 4.6693e-07
     4.857 	 5.59112e-07 	 4.54435e-07
     4.858 	 5.43778e-07 	 4.418e-07
     4.859 	 5.28437e-07 	 4.29256e-07
     4.860 	 5.44784e-07 	 4.42453e-07
     4.861 	 5.61132e-07 	 4.55696e-07
     4.862 	  5.7748e-07 	 4.68884e-07
     4.863 	 6.06359e-07 	 4.92238e-07
     4.864 	 6.35237e-07 	 5.15582e-07
     4.865 	 6.57435e-07 	 5.33558e-07
     4.866 	 6.79643e-07 	 5.51475e-07
     4.867 	  7.0184e-07 	 5.69261e-07
     4.868 	 7.24326e-07 	 5.87386e-07
     4.869 	 7.46812e-07 	 6.05574e-07
     4.870 	 7.69299e-07 	 6.23687e-07
     4.871 	 8.03333e-07 	 6.51146e-07
     4.872 	 8.37383e-07 	 6.78606e-07
     4.873 	 8.45133e-07 	 6.84746e-07
     4.874 	 8.52884e-07 	 6.90964e-07
     4.875 	 8.60635e-07 	 6.97099e-07
     4.876 	 8.65637e-07 	 7.00792e-07
     4.877 	 8.70639e-07 	 7.04695e-07
     4.878 	 8.66718e-07 	 7.01375e-07
     4.879 	 8.62796e-07 	 6.98055e-07
     4.880 	 8.58875e-07 	 6.94738e-07
     4.881 	 8.60412e-07 	 6.95923e-07
     4.882 	  8.6195e-07 	 6.97027e-07
     4.883 	 8.63487e-07 	 6.9813e-07
     4.884 	 8.81316e-07 	 7.12401e-07
     4.885 	 8.99154e-07 	 7.26673e-07
     4.886 	 9.13207e-07 	 7.37881e-07
     4.887 	  9.2726e-07 	 7.48931e-07
     4.888 	 9.41313e-07 	 7.60126e-07
     4.889 	 9.57113e-07 	 7.72728e-07
     4.890 	 9.72913e-07 	 7.85323e-07
     4.891 	 9.88712e-07 	 7.9791e-07
     4.892 	 9.62528e-07 	 7.76707e-07
     4.893 	 9.36356e-07 	 7.55429e-07
     4.894 	 9.14948e-07 	 7.38003e-07
     4.895 	  8.9354e-07 	 7.20583e-07
     4.896 	 8.72131e-07 	 7.0317e-07
     4.897 	 8.48045e-07 	 6.83606e-07
     4.898 	 8.23959e-07 	 6.64049e-07
     4.899 	 7.99862e-07 	 6.44491e-07
     4.900 	 7.77673e-07 	 6.26479e-07
     4.901 	 7.55483e-07 	 6.08456e-07
     4.902 	 7.52444e-07 	 6.05861e-07
     4.903 	 7.49404e-07 	 6.03266e-07
     4.904 	 7.46364e-07 	 6.00672e-07
     4.905 	 7.44518e-07 	 5.9904e-07
     4.906 	 7.42672e-07 	 5.97286e-07
     4.907 	 7.40826e-07 	 5.95586e-07
     4.908 	 7.39015e-07 	 5.93983e-07
     4.909 	 7.37205e-07 	 5.92382e-07
     4.910 	 7.50412e-07 	 6.02845e-07
     4.911 	  7.6362e-07 	 6.13323e-07
     4.912 	 7.76834e-07 	 6.238e-07
     4.913 	 7.91397e-07 	 6.35356e-07
     4.914 	 8.05961e-07 	 6.46907e-07
     4.915 	 8.20525e-07 	 6.58452e-07
     4.916 	 8.33144e-07 	 6.68432e-07
     4.917 	 8.45762e-07 	 6.78406e-07
     4.918 	 8.50033e-07 	 6.81682e-07
     4.919 	 8.54303e-07 	 6.84874e-07
     4.920 	 8.58573e-07 	 6.88285e-07
     4.921 	 8.55988e-07 	 6.86055e-07
     4.922 	 8.53403e-07 	 6.83826e-07
     4.923 	 8.50819e-07 	 6.81599e-07
     4.924 	  8.4725e-07 	 6.78583e-07
     4.925 	  8.4368e-07 	 6.75566e-07
     4.926 	  8.4143e-07 	 6.73528e-07
     4.927 	 8.39179e-07 	 6.7157e-07
     4.928 	 8.36928e-07 	 6.69613e-07
     4.929 	 8.53375e-07 	 6.82612e-07
     4.930 	 8.69823e-07 	 6.95605e-07
     4.931 	 8.86278e-07 	 7.08514e-07
     4.932 	 9.15264e-07 	 7.31513e-07
     4.933 	  9.4425e-07 	 7.545e-07
     4.934 	 9.51751e-07 	 7.60312e-07
     4.935 	 9.59253e-07 	 7.66121e-07
     4.936 	 9.66754e-07 	 7.71837e-07
     4.937 	 9.69106e-07 	 7.73529e-07
     4.938 	  9.7146e-07 	 7.75222e-07
     4.939 	 9.73812e-07 	 7.76911e-07
     4.940 	 9.61141e-07 	 7.66526e-07
     4.941 	 9.48471e-07 	 7.56244e-07
     4.942 	 9.48718e-07 	 7.56261e-07
     4.943 	 9.48966e-07 	 7.5628e-07
     4.944 	 9.49214e-07 	 7.56208e-07
     4.945 	 9.60153e-07 	 7.6474e-07
     4.946 	 9.71087e-07 	 7.73264e-07
     4.947 	 9.80388e-07 	 7.80391e-07
     4.948 	  9.8969e-07 	 7.87606e-07
     4.949 	 9.98992e-07 	 7.94817e-07
     4.950 	  1.0091e-06 	 8.02571e-07
     4.951 	 1.01922e-06 	 8.10425e-07
     4.952 	 1.02933e-06 	 8.18267e-07
     4.953 	 1.05117e-06 	 8.35498e-07
     4.954 	   1.073e-06 	 8.52643e-07
     4.955 	 1.08052e-06 	 8.58411e-07
     4.956 	 1.08804e-06 	 8.64072e-07
     4.957 	 1.09556e-06 	 8.69833e-07
     4.958 	 1.07527e-06 	 8.53514e-07
     4.959 	 1.05498e-06 	 8.37105e-07
     4.960 	  1.0347e-06 	 8.20812e-07
     4.961 	 1.01841e-06 	 8.07594e-07
     4.962 	 1.00211e-06 	 7.94472e-07
     4.963 	 1.00286e-06 	 7.94869e-07
     4.964 	  1.0036e-06 	 7.95164e-07
     4.965 	 1.00435e-06 	 7.9556e-07
     4.966 	 1.01342e-06 	 8.0245e-07
     4.967 	  1.0225e-06 	 8.09437e-07
     4.968 	 1.03158e-06 	 8.1642e-07
     4.969 	 1.05315e-06 	 8.33267e-07
     4.970 	 1.07473e-06 	 8.50127e-07
     4.971 	 1.07174e-06 	 8.47459e-07
     4.972 	 1.06876e-06 	 8.449e-07
     4.973 	 1.06578e-06 	 8.42414e-07
     4.974 	 1.06021e-06 	 8.3781e-07
     4.975 	 1.05464e-06 	 8.33109e-07
     4.976 	 1.04907e-06 	 8.28509e-07
     4.977 	 1.06712e-06 	 8.42459e-07
     4.978 	 1.08516e-06 	 8.56493e-07
     4.979 	 1.09501e-06 	 8.64057e-07
     4.980 	 1.10487e-06 	 8.71521e-07
     4.981 	 1.11472e-06 	 8.78968e-07
     4.982 	 1.11654e-06 	 8.80183e-07
     4.983 	 1.11835e-06 	 8.81287e-07
     4.984 	 1.12017e-06 	 8.825e-07
     4.985 	 1.12055e-06 	 8.82474e-07
     4.986 	 1.12093e-06 	 8.8255e-07
     4.987 	 1.11915e-06 	 8.80823e-07
     4.988 	 1.11736e-06 	 8.79191e-07
     4.989 	 1.11558e-06 	 8.77465e-07
     4.990 	 1.09645e-06 	 8.622e-07
     4.991 	 1.07731e-06 	 8.46832e-07
     4.992 	 1.05818e-06 	 8.31582e-07
     4.993 	 1.01682e-06 	 7.98943e-07
     4.994 	 9.75461e-07 	 7.66159e-07
     4.995 	 9.59447e-07 	 7.53388e-07
     4.996 	 9.43432e-07 	 7.40533e-07
     4.997 	  9.2741e-07 	 7.27769e-07
     4.998 	 9.14259e-07 	 7.17178e-07
     4.999 	 9.01107e-07 	 7.06594e-07
     5.000 	 8.87955e-07 	 6.961e-07
     5.001 	 8.99661e-07 	 7.04979e-07
     5.002 	 9.11366e-07 	 7.13936e-07
     5.003 	 9.17617e-07 	 7.18529e-07
     5.004 	 9.23871e-07 	 7.23122e-07
     5.005 	 9.30122e-07 	 7.27793e-07
     5.006 	 9.28575e-07 	 7.26275e-07
     5.007 	 9.27029e-07 	 7.24757e-07
     5.008 	 9.25482e-07 	 7.23241e-07
     5.009 	 9.32585e-07 	 7.28568e-07
     5.010 	 9.39691e-07 	 7.33807e-07
     5.011 	 9.56166e-07 	 7.46373e-07
     5.012 	 9.72642e-07 	 7.59021e-07
     5.013 	 9.89118e-07 	 7.71569e-07
     5.014 	 1.00412e-06 	 7.82957e-07
     5.015 	 1.01911e-06 	 7.94325e-07
     5.016 	 1.02295e-06 	 7.97254e-07
     5.017 	 1.02679e-06 	 7.99924e-07
     5.018 	 1.03063e-06 	 8.0259e-07
     5.019 	 1.02875e-06 	 8.00898e-07
     5.020 	 1.02687e-06 	 7.9911e-07
     5.021 	   1.025e-06 	 7.9733e-07
     5.022 	 1.01865e-06 	 7.92068e-07
     5.023 	 1.01231e-06 	 7.86911e-07
     5.024 	 1.01237e-06 	 7.86636e-07
     5.025 	 1.01244e-06 	 7.86369e-07
     5.026 	  1.0125e-06 	 7.86093e-07
     5.027 	 1.01407e-06 	 7.86989e-07
     5.028 	 1.01564e-06 	 7.87978e-07
     5.029 	  1.0172e-06 	 7.88863e-07
     5.030 	 1.05632e-06 	 8.18863e-07
     5.031 	 1.09543e-06 	 8.48831e-07
     5.032 	 1.11973e-06 	 8.67302e-07
     5.033 	 1.14404e-06 	 8.8587e-07
     5.034 	 1.16835e-06 	 9.0441e-07
     5.035 	 1.17829e-06 	 9.11725e-07
     5.036 	 1.18823e-06 	 9.19034e-07
     5.037 	 1.19818e-06 	 9.26342e-07
     5.038 	 1.19074e-06 	 9.20316e-07
     5.039 	  1.1833e-06 	 9.14183e-07
     5.040 	  1.1524e-06 	 8.89937e-07
     5.041 	  1.1215e-06 	 8.65711e-07
     5.042 	  1.0906e-06 	 8.41504e-07
     5.043 	 1.06515e-06 	 8.21521e-07
     5.044 	  1.0397e-06 	 8.01554e-07
     5.045 	 1.01426e-06 	 7.81703e-07
     5.046 	 9.82927e-07 	 7.57234e-07
     5.047 	 9.51592e-07 	 7.32783e-07
     5.048 	 9.55496e-07 	 7.35476e-07
     5.049 	   9.594e-07 	 7.38167e-07
     5.050 	 9.63305e-07 	 7.40856e-07
     5.051 	 9.80494e-07 	 7.53753e-07
     5.052 	 9.97683e-07 	 7.66638e-07
     5.053 	 1.01487e-06 	 7.79605e-07
     5.054 	 1.06031e-06 	 8.14161e-07
     5.055 	 1.10575e-06 	 8.48686e-07
     5.056 	  1.1421e-06 	 8.76208e-07
     5.057 	 1.17843e-06 	 9.0369e-07
     5.058 	 1.21476e-06 	 9.31146e-07
     5.059 	 1.21024e-06 	 9.2728e-07
     5.060 	 1.20573e-06 	 9.23424e-07
     5.061 	 1.20122e-06 	 9.19756e-07
     5.062 	 1.18976e-06 	 9.10584e-07
     5.063 	 1.17831e-06 	 9.01428e-07
     5.064 	 1.16333e-06 	 8.89579e-07
     5.065 	 1.14836e-06 	 8.77747e-07
     5.066 	 1.13338e-06 	 8.65917e-07
     5.067 	 1.12252e-06 	 8.57346e-07
     5.068 	 1.11167e-06 	 8.48686e-07
     5.069 	 1.10081e-06 	 8.40025e-07
     5.070 	   1.104e-06 	 8.42088e-07
     5.071 	 1.10719e-06 	 8.44147e-07
     5.072 	 1.11478e-06 	 8.49558e-07
     5.073 	 1.12236e-06 	 8.54954e-07
     5.074 	 1.12994e-06 	 8.60346e-07
     5.075 	 1.14827e-06 	 8.73915e-07
     5.076 	 1.16661e-06 	 8.87475e-07
     5.077 	 1.18494e-06 	 9.01018e-07
     5.078 	 1.19757e-06 	 9.10215e-07
     5.079 	 1.21021e-06 	 9.19409e-07
     5.080 	 1.20702e-06 	 9.16574e-07
     5.081 	 1.20383e-06 	 9.13741e-07
     5.082 	 1.20065e-06 	 9.10917e-07
     5.083 	 1.18236e-06 	 8.96635e-07
     5.084 	 1.16409e-06 	 8.82381e-07
     5.085 	 1.14657e-06 	 8.68708e-07
     5.086 	 1.12904e-06 	 8.55039e-07
     5.087 	 1.11152e-06 	 8.41388e-07
     5.088 	 1.10525e-06 	 8.36161e-07
     5.089 	 1.09897e-06 	 8.31029e-07
     5.090 	  1.0927e-06 	 8.25911e-07
     5.091 	 1.08956e-06 	 8.23162e-07
     5.092 	 1.08642e-06 	 8.20412e-07
     5.093 	 1.08414e-06 	 8.18315e-07
     5.094 	 1.08186e-06 	 8.1622e-07
     5.095 	 1.07958e-06 	 8.14124e-07
     5.096 	 1.07728e-06 	 8.12015e-07
     5.097 	 1.07498e-06 	 8.09907e-07
     5.098 	 1.07268e-06 	 8.078e-07
     5.099 	 1.10713e-06 	 8.33357e-07
     5.100 	 1.14157e-06 	 8.58707e-07
     5.101 	 1.16554e-06 	 8.7633e-07
     5.102 	 1.18952e-06 	 8.93942e-07
     5.103 	  1.2135e-06 	 9.11428e-07
     5.104 	 1.20793e-06 	 9.06819e-07
     5.105 	 1.20236e-06 	 9.02215e-07
     5.106 	  1.1968e-06 	 8.97622e-07
     5.107 	  1.1888e-06 	 8.91202e-07
     5.108 	 1.18081e-06 	 8.84795e-07
     5.109 	 1.17633e-06 	 8.81023e-07
     5.110 	 1.17185e-06 	 8.77253e-07
     5.111 	 1.16737e-06 	 8.73379e-07
     5.112 	 1.16426e-06 	 8.70639e-07
     5.113 	 1.16114e-06 	 8.67893e-07
     5.114 	 1.15803e-06 	 8.65156e-07
     5.115 	  1.1588e-06 	 8.65319e-07
     5.116 	 1.15956e-06 	 8.65368e-07
     5.117 	  1.1582e-06 	 8.63939e-07
     5.118 	 1.15683e-06 	 8.62503e-07
     5.119 	 1.15547e-06 	 8.61076e-07
     5.120 	 1.15087e-06 	 8.57235e-07
     5.121 	 1.14627e-06 	 8.53294e-07
     5.122 	 1.14166e-06 	 8.49453e-07
     5.123 	 1.15095e-06 	 8.5595e-07
     5.124 	 1.16025e-06 	 8.62449e-07
     5.125 	 1.17981e-06 	 8.76564e-07
     5.126 	 1.19938e-06 	 8.90561e-07
     5.127 	 1.21895e-06 	 9.04652e-07
     5.128 	 1.21515e-06 	 9.01392e-07
     5.129 	 1.21135e-06 	 8.98134e-07
     5.130 	 1.20756e-06 	 8.94778e-07
     5.131 	 1.17377e-06 	 8.69338e-07
     5.132 	 1.13999e-06 	 8.43927e-07
     5.133 	 1.12124e-06 	 8.29559e-07
     5.134 	 1.10248e-06 	 8.15299e-07
     5.135 	 1.08372e-06 	 8.01052e-07
     5.136 	 1.06727e-06 	 7.88525e-07
     5.137 	 1.05081e-06 	 7.75905e-07
     5.138 	 1.03436e-06 	 7.63401e-07
     5.139 	 1.03393e-06 	 7.62725e-07
     5.140 	  1.0335e-06 	 7.61956e-07
     5.141 	 1.03943e-06 	 7.65945e-07
     5.142 	 1.04537e-06 	 7.69937e-07
     5.143 	  1.0513e-06 	 7.73822e-07
     5.144 	 1.07198e-06 	 7.88649e-07
     5.145 	 1.09266e-06 	 8.03459e-07
     5.146 	 1.11334e-06 	 8.18154e-07
     5.147 	 1.15221e-06 	 8.46206e-07
     5.148 	 1.19109e-06 	 8.7414e-07
     5.149 	 1.18864e-06 	 8.71794e-07
     5.150 	 1.18619e-06 	 8.69556e-07
     5.151 	 1.18374e-06 	 8.67213e-07
     5.152 	 1.17382e-06 	 8.59509e-07
     5.153 	 1.16391e-06 	 8.51819e-07
     5.154 	 1.14414e-06 	 8.36821e-07
     5.155 	 1.12437e-06 	 8.21941e-07
     5.156 	 1.10461e-06 	 8.07083e-07
     5.157 	 1.08569e-06 	 7.92755e-07
     5.158 	 1.06676e-06 	 7.78533e-07
     5.159 	 1.04783e-06 	 7.6423e-07
     5.160 	 1.08893e-06 	 7.93798e-07
     5.161 	 1.13002e-06 	 8.23326e-07
     5.162 	 1.15631e-06 	 8.41942e-07
     5.163 	 1.18259e-06 	 8.6063e-07
     5.164 	 1.20887e-06 	 8.79191e-07
     5.165 	 1.19694e-06 	 8.70062e-07
     5.166 	 1.18501e-06 	 8.60835e-07
     5.167 	 1.17308e-06 	 8.51726e-07
     5.168 	  1.1562e-06 	 8.39032e-07
     5.169 	 1.13933e-06 	 8.26254e-07
     5.170 	 1.13038e-06 	 8.19334e-07
     5.171 	 1.12144e-06 	 8.12327e-07
     5.172 	 1.11249e-06 	 8.0542e-07
     5.173 	 1.10492e-06 	 7.99418e-07
     5.174 	 1.09734e-06 	 7.93515e-07
     5.175 	 1.08977e-06 	 7.87464e-07
     5.176 	 1.08586e-06 	 7.84126e-07
     5.177 	 1.08195e-06 	 7.80888e-07
     5.178 	 1.07919e-06 	 7.78386e-07
     5.179 	 1.07642e-06 	 7.75974e-07
     5.180 	 1.07366e-06 	 7.73476e-07
     5.181 	 1.07038e-06 	 7.707e-07
     5.182 	 1.06709e-06 	 7.67826e-07
     5.183 	 1.06381e-06 	 7.65055e-07
     5.184 	 1.06843e-06 	 7.67869e-07
     5.185 	 1.07305e-06 	 7.70774e-07
     5.186 	  1.0921e-06 	 7.83938e-07
     5.187 	 1.11116e-06 	 7.97189e-07
     5.188 	 1.13022e-06 	 8.10323e-07
     5.189 	 1.14608e-06 	 8.2125e-07
     5.190 	 1.16194e-06 	 8.32058e-07
     5.191 	  1.1778e-06 	 8.42957e-07
     5.192 	 1.18985e-06 	 8.51012e-07
     5.193 	 1.20191e-06 	 8.59167e-07
     5.194 	 1.20659e-06 	 8.61934e-07
     5.195 	 1.21128e-06 	 8.64811e-07
     5.196 	 1.21597e-06 	 8.67398e-07
     5.197 	 1.21491e-06 	 8.66165e-07
     5.198 	 1.21385e-06 	 8.64824e-07
     5.199 	 1.21279e-06 	 8.63593e-07
     5.200 	 1.21151e-06 	 8.62098e-07
     5.201 	 1.21024e-06 	 8.60717e-07
     5.202 	 1.20968e-06 	 8.59841e-07
     5.203 	 1.20912e-06 	 8.58857e-07
     5.204 	 1.20857e-06 	 8.57989e-07
     5.205 	 1.21084e-06 	 8.59013e-07
     5.206 	 1.21311e-06 	 8.60142e-07
     5.207 	 1.21538e-06 	 8.6127e-07
     5.208 	 1.22415e-06 	 8.66998e-07
     5.209 	 1.23291e-06 	 8.72603e-07
     5.210 	 1.22778e-06 	 8.68483e-07
     5.211 	 1.22264e-06 	 8.64358e-07
     5.212 	 1.21751e-06 	 8.60246e-07
     5.213 	  1.2007e-06 	 8.47889e-07
     5.214 	 1.18388e-06 	 8.35537e-07
     5.215 	 1.16707e-06 	 8.22936e-07
     5.216 	 1.16063e-06 	 8.17929e-07
     5.217 	  1.1542e-06 	 8.12934e-07
     5.218 	 1.16205e-06 	 8.17996e-07
     5.219 	  1.1699e-06 	 8.2305e-07
     5.220 	 1.17776e-06 	 8.28021e-07
     5.221 	 1.19043e-06 	 8.36554e-07
     5.222 	  1.2031e-06 	 8.44972e-07
     5.223 	 1.21213e-06 	 8.50823e-07
     5.224 	 1.22117e-06 	 8.56675e-07
     5.225 	 1.23021e-06 	 8.62517e-07
     5.226 	 1.22412e-06 	 8.57751e-07
     5.227 	 1.21804e-06 	 8.52996e-07
     5.228 	 1.21195e-06 	 8.48238e-07
     5.229 	 1.18408e-06 	 8.2825e-07
     5.230 	 1.15621e-06 	 8.08284e-07
     5.231 	 1.15053e-06 	 8.03679e-07
     5.232 	 1.14486e-06 	 7.99251e-07
     5.233 	 1.13918e-06 	 7.94919e-07
     5.234 	 1.14362e-06 	 7.97549e-07
     5.235 	 1.14806e-06 	 8.00175e-07
     5.236 	  1.1525e-06 	 8.02796e-07
     5.237 	 1.16645e-06 	 8.12035e-07
     5.238 	  1.1804e-06 	 8.2126e-07
     5.239 	 1.19387e-06 	 8.3014e-07
     5.240 	 1.20734e-06 	 8.39008e-07
     5.241 	 1.22082e-06 	 8.47872e-07
     5.242 	 1.22995e-06 	 8.53703e-07
     5.243 	 1.23908e-06 	 8.59527e-07
     5.244 	 1.24821e-06 	 8.65344e-07
     5.245 	 1.25655e-06 	 8.70603e-07
     5.246 	 1.26489e-06 	 8.75857e-07
     5.247 	 1.25759e-06 	 8.70103e-07
     5.248 	  1.2503e-06 	 8.64538e-07
     5.249 	   1.243e-06 	 8.58973e-07
     5.250 	 1.22625e-06 	 8.46885e-07
     5.251 	 1.20949e-06 	 8.34806e-07
     5.252 	 1.19273e-06 	 8.22634e-07
     5.253 	  1.1742e-06 	 8.09363e-07
     5.254 	 1.15565e-06 	 7.96091e-07
     5.255 	 1.14654e-06 	 7.89334e-07
     5.256 	 1.13743e-06 	 7.82485e-07
     5.257 	 1.12832e-06 	 7.75744e-07
     5.258 	 1.12464e-06 	 7.7274e-07
     5.259 	 1.12097e-06 	 7.69648e-07
     5.260 	 1.11729e-06 	 7.6665e-07
     5.261 	 1.11821e-06 	 7.66843e-07
     5.262 	 1.11913e-06 	 7.67287e-07
     5.263 	 1.12584e-06 	 7.71603e-07
     5.264 	 1.13256e-06 	 7.75922e-07
     5.265 	 1.13927e-06 	 7.8033e-07
     5.266 	 1.15147e-06 	 7.88396e-07
     5.267 	 1.16367e-06 	 7.96454e-07
     5.268 	 1.17586e-06 	 8.04418e-07
     5.269 	 1.19214e-06 	 8.15358e-07
     5.270 	 1.20842e-06 	 8.26187e-07
     5.271 	 1.21796e-06 	 8.32401e-07
     5.272 	 1.22751e-06 	 8.38617e-07
     5.273 	 1.23705e-06 	 8.44822e-07
     5.274 	 1.24077e-06 	 8.46877e-07
     5.275 	 1.24448e-06 	 8.49094e-07
     5.276 	  1.2482e-06 	 8.51208e-07
     5.277 	 1.24497e-06 	 8.48691e-07
     5.278 	 1.24174e-06 	 8.46175e-07
     5.279 	 1.24115e-06 	 8.4535e-07
     5.280 	 1.24056e-06 	 8.44527e-07
     5.281 	 1.23996e-06 	 8.43804e-07
     5.282 	 1.24105e-06 	 8.44124e-07
     5.283 	 1.24214e-06 	 8.44444e-07
     5.284 	 1.24322e-06 	 8.44755e-07
     5.285 	  1.2412e-06 	 8.4296e-07
     5.286 	 1.23917e-06 	 8.41159e-07
     5.287 	  1.2349e-06 	 8.3767e-07
     5.288 	 1.23063e-06 	 8.34355e-07
     5.289 	 1.22637e-06 	 8.3105e-07
     5.290 	 1.23225e-06 	 8.34723e-07
     5.291 	 1.23813e-06 	 8.38285e-07
     5.292 	 1.25367e-06 	 8.48489e-07
     5.293 	 1.26922e-06 	 8.58581e-07
     5.294 	 1.28477e-06 	 8.68775e-07
     5.295 	 1.29439e-06 	 8.7484e-07
     5.296 	 1.30402e-06 	 8.80792e-07
     5.297 	 1.31364e-06 	 8.86729e-07
     5.298 	 1.31272e-06 	 8.85545e-07
     5.299 	 1.31181e-06 	 8.84143e-07
     5.300 	   1.312e-06 	 8.83301e-07
     5.301 	 1.31219e-06 	 8.82411e-07
     5.302 	 1.31238e-06 	 8.81519e-07
     5.303 	 1.31411e-06 	 8.81432e-07
     5.304 	 1.31584e-06 	 8.81226e-07
     5.305 	 1.31757e-06 	 8.80788e-07
     5.306 	 1.31827e-06 	 8.79657e-07
     5.307 	 1.31898e-06 	 8.78188e-07
     5.308 	  1.3165e-06 	 8.74507e-07
     5.309 	 1.31402e-06 	 8.70579e-07
     5.310 	 1.31154e-06 	 8.66432e-07
     5.311 	 1.30582e-06 	 8.60045e-07
     5.312 	  1.3001e-06 	 8.53281e-07
     5.313 	 1.29437e-06 	 8.46487e-07
     5.314 	 1.27166e-06 	 8.28431e-07
     5.315 	 1.24894e-06 	 8.10374e-07
     5.316 	 1.23891e-06 	 8.00421e-07
     5.317 	 1.22887e-06 	 7.90409e-07
     5.318 	 1.21884e-06 	 7.80249e-07
     5.319 	 1.22774e-06 	 7.82104e-07
     5.320 	 1.23664e-06 	 7.83798e-07
     5.321 	 1.24554e-06 	 7.85214e-07
     5.322 	 1.25744e-06 	 7.88341e-07
     5.323 	 1.26934e-06 	 7.91115e-07
     5.324 	 1.27028e-06 	 7.8706e-07
     5.325 	 1.27122e-06 	 7.82778e-07
     5.326 	 1.27216e-06 	 7.7849e-07
     5.327 	  1.2731e-06 	 7.73973e-07
     5.328 	 1.27405e-06 	 7.69451e-07
     5.329 	 1.27499e-06 	 7.64806e-07
     5.330 	 1.27642e-06 	 7.60223e-07
     5.331 	 1.27786e-06 	 7.55521e-07
     5.332 	 1.27864e-06 	 7.50419e-07
     5.333 	 1.27943e-06 	 7.45208e-07
     5.334 	 1.28021e-06 	 7.39608e-07
     5.335 	 1.26724e-06 	 7.26271e-07
     5.336 	 1.25427e-06 	 7.12945e-07
     5.337 	 1.24129e-06 	 6.99734e-07
     5.338 	 1.22245e-06 	 6.83157e-07
     5.339 	  1.2036e-06 	 6.66865e-07
     5.340 	 1.20512e-06 	 6.61729e-07
     5.341 	 1.20664e-06 	 6.56578e-07
     5.342 	 1.20816e-06 	 6.51307e-07
     5.343 	 1.21055e-06 	 6.4638e-07
     5.344 	 1.21293e-06 	 6.41357e-07
     5.345 	 1.21531e-06 	 6.36246e-07
     5.346 	  1.2238e-06 	 6.34304e-07
     5.347 	  1.2323e-06 	 6.32276e-07
     5.348 	 1.23854e-06 	 6.28903e-07
     5.349 	 1.24478e-06 	 6.25464e-07
     5.350 	 1.25103e-06 	 6.21963e-07
     5.351 	 1.25979e-06 	 6.19629e-07
     5.352 	 1.26855e-06 	 6.17095e-07
     5.353 	 1.27433e-06 	 6.1303e-07
     5.354 	 1.28012e-06 	 6.08908e-07
     5.355 	  1.2859e-06 	 6.04605e-07
     5.356 	 1.30412e-06 	 6.0601e-07
     5.357 	 1.32234e-06 	 6.07225e-07
     5.358 	 1.34056e-06 	 6.08358e-07
     5.359 	 1.37721e-06 	 6.17442e-07
     5.360 	 1.41385e-06 	 6.26239e-07
     5.361 	 1.41969e-06 	 6.21041e-07
     5.362 	 1.42553e-06 	 6.15904e-07
     5.363 	 1.43137e-06 	 6.10701e-07
     5.364 	 1.42531e-06 	 6.00424e-07
     5.365 	 1.41925e-06 	 5.90212e-07
     5.366 	 1.41318e-06 	 5.79945e-07
     5.367 	 1.39924e-06 	 5.66796e-07
     5.368 	  1.3853e-06 	 5.53794e-07
     5.369 	 1.37332e-06 	 5.41715e-07
     5.370 	 1.36133e-06 	 5.29875e-07
     5.371 	 1.34934e-06 	 5.18162e-07
     5.372 	 1.33776e-06 	 5.06849e-07
     5.373 	 1.32618e-06 	 4.95651e-07
     5.374 	  1.3146e-06 	 4.84571e-07
     5.375 	 1.29785e-06 	 4.71846e-07
     5.376 	 1.28109e-06 	 4.59396e-07
     5.377 	 1.27952e-06 	 4.52346e-07
     5.378 	 1.27794e-06 	 4.45561e-07
     5.379 	 1.27637e-06 	 4.38797e-07
     5.380 	 1.29406e-06 	 4.38798e-07
     5.381 	 1.31175e-06 	 4.38517e-07
     5.382 	 1.32945e-06 	 4.38302e-07
     5.383 	 1.35458e-06 	 4.40339e-07
     5.384 	  1.3797e-06 	 4.42382e-07
     5.385 	 1.39127e-06 	 4.39919e-07
     5.386 	 1.40283e-06 	 4.37471e-07
     5.387 	 1.41438e-06 	 4.34951e-07
     5.388 	 1.42283e-06 	 4.31609e-07
     5.389 	 1.43128e-06 	 4.28444e-07
     5.390 	 1.43972e-06 	 4.25332e-07
     5.391 	 1.41524e-06 	 4.12682e-07
     5.392 	 1.39074e-06 	 4.00338e-07
     5.393 	 1.37505e-06 	 3.90797e-07
     5.394 	 1.35936e-06 	 3.81605e-07
     5.395 	 1.34366e-06 	 3.72522e-07
     5.396 	 1.34015e-06 	 3.67118e-07
     5.397 	 1.33663e-06 	 3.61661e-07
     5.398 	 1.33311e-06 	 3.56417e-07
     5.399 	 1.32788e-06 	 3.50863e-07
     5.400 	 1.32266e-06 	 3.45457e-07
     5.401 	 1.31666e-06 	 3.3988e-07
     5.402 	 1.31065e-06 	 3.34566e-07
     5.403 	 1.30465e-06 	 3.29176e-07
     5.404 	 1.29842e-06 	 3.23874e-07
     5.405 	 1.29219e-06 	 3.18725e-07
     5.406 	 1.28596e-06 	 3.13496e-07
     5.407 	 1.29782e-06 	 3.1271e-07
     5.408 	 1.30968e-06 	 3.1189e-07
     5.409 	  1.3222e-06 	 3.11192e-07
     5.410 	 1.33473e-06 	 3.1031e-07
     5.411 	 1.34725e-06 	 3.0947e-07
     5.412 	 1.34896e-06 	 3.05992e-07
     5.413 	 1.35067e-06 	 3.0262e-07
     5.414 	 1.35237e-06 	 2.99119e-07
     5.415 	 1.34563e-06 	 2.93764e-07
     5.416 	 1.33888e-06 	 2.88448e-07
     5.417 	  1.3298e-06 	 2.82616e-07
     5.418 	 1.32071e-06 	 2.76895e-07
     5.419 	 1.31163e-06 	 2.71225e-07
     5.420 	 1.29177e-06 	 2.63524e-07
     5.421 	 1.27191e-06 	 2.55822e-07
     5.422 	 1.26108e-06 	 2.50023e-07
     5.423 	 1.25026e-06 	 2.44398e-07
     5.424 	 1.23944e-06 	 2.38832e-07
     5.425 	 1.23222e-06 	 2.34014e-07
     5.426 	 1.22499e-06 	 2.29182e-07
     5.427 	 1.21777e-06 	 2.24443e-07
     5.428 	 1.20576e-06 	 2.18874e-07
     5.429 	 1.19375e-06 	 2.13372e-07
     5.430 	 1.18294e-06 	 2.08248e-07
     5.431 	 1.17213e-06 	 2.03085e-07
     5.432 	 1.16132e-06 	 1.9808e-07
     5.433 	 1.15311e-06 	 1.93571e-07
     5.434 	 1.14491e-06 	 1.89107e-07
     5.435 	  1.1367e-06 	 1.84686e-07
     5.436 	 1.16089e-06 	 1.85448e-07
     5.437 	 1.18508e-06 	 1.8622e-07
     5.438 	 1.20188e-06 	 1.85708e-07
     5.439 	 1.21867e-06 	 1.85015e-07
     5.440 	 1.23546e-06 	 1.84341e-07
     5.441 	 1.24927e-06 	 1.83251e-07
     5.442 	 1.26308e-06 	 1.81982e-07
     5.443 	 1.27689e-06 	 1.80752e-07
     5.444 	 1.29791e-06 	 1.80453e-07
     5.445 	 1.31893e-06 	 1.80015e-07
     5.446 	  1.3162e-06 	 1.76321e-07
     5.447 	 1.31346e-06 	 1.72643e-07
     5.448 	 1.31073e-06 	 1.69093e-07
     5.449 	 1.30347e-06 	 1.64983e-07
     5.450 	 1.29621e-06 	 1.60907e-07
     5.451 	 1.28895e-06 	 1.56982e-07
     5.452 	 1.27775e-06 	 1.52616e-07
     5.453 	 1.26654e-06 	 1.48304e-07
     5.454 	 1.25901e-06 	 1.44466e-07
     5.455 	 1.25149e-06 	 1.40745e-07
     5.456 	 1.24396e-06 	 1.37086e-07
     5.457 	 1.24342e-06 	 1.34214e-07
     5.458 	 1.24289e-06 	 1.31348e-07
     5.459 	 1.24235e-06 	 1.28591e-07
     5.460 	 1.25355e-06 	 1.27025e-07
     5.461 	 1.26476e-06 	 1.25521e-07
     5.462 	 1.27363e-06 	 1.23744e-07
     5.463 	 1.28251e-06 	 1.2193e-07
     5.464 	 1.29139e-06 	 1.20056e-07
     5.465 	 1.30353e-06 	 1.18576e-07
     5.466 	 1.31567e-06 	 1.1705e-07
     5.467 	 1.32781e-06 	 1.1559e-07
     5.468 	  1.3469e-06 	 1.14664e-07
     5.469 	 1.36599e-06 	 1.13678e-07
     5.470 	 1.38088e-06 	 1.12276e-07
     5.471 	 1.39577e-06 	 1.10938e-07
     5.472 	 1.41066e-06 	 1.09669e-07
     5.473 	 1.42603e-06 	 1.08384e-07
     5.474 	 1.44139e-06 	 1.07023e-07
     5.475 	 1.45675e-06 	 1.05632e-07
     5.476 	 1.45865e-06 	 1.03361e-07
     5.477 	 1.46055e-06 	 1.0121e-07
     5.478 	 1.46107e-06 	 9.89608e-08
     5.479 	 1.46158e-06 	 9.67082e-08
     5.480 	  1.4621e-06 	 9.45817e-08
     5.481 	  1.4609e-06 	 9.23462e-08
     5.482 	 1.45969e-06 	 9.01123e-08
     5.483 	 1.45849e-06 	 8.81181e-08
     5.484 	 1.45592e-06 	 8.59392e-08
     5.485 	 1.45335e-06 	 8.38924e-08
     5.486 	 1.45298e-06 	 8.21026e-08
     5.487 	  1.4526e-06 	 8.03145e-08
     5.488 	 1.45223e-06 	 7.85265e-08
     5.489 	 1.45309e-06 	 7.6932e-08
     5.490 	 1.45394e-06 	 7.53337e-08
     5.491 	 1.44972e-06 	 7.36038e-08
     5.492 	 1.44549e-06 	 7.19917e-08
     5.493 	 1.44127e-06 	 7.04046e-08
     5.494 	 1.42987e-06 	 6.86059e-08
     5.495 	 1.41848e-06 	 6.68261e-08
     5.496 	 1.40708e-06 	 6.51892e-08
     5.497 	 1.39402e-06 	 6.3488e-08
     5.498 	 1.38098e-06 	 6.18135e-08
     5.499 	           0 	        0
     5.500 	           0 	        0
