Wavelength 	 FilterTrans 	      PCE
     0.500 	           0 	        0
     0.501 	           0 	        0
     0.502 	           0 	        0
     0.503 	           0 	        0
     0.504 	           0 	        0
     0.505 	           0 	        0
     0.506 	           0 	        0
     0.507 	           0 	        0
     0.508 	           0 	        0
     0.509 	           0 	        0
     0.510 	           0 	        0
     0.511 	           0 	        0
     0.512 	           0 	        0
     0.513 	           0 	        0
     0.514 	           0 	        0
     0.515 	           0 	        0
     0.516 	           0 	        0
     0.517 	           0 	        0
     0.518 	           0 	        0
     0.519 	           0 	        0
     0.520 	           0 	        0
     0.521 	           0 	        0
     0.522 	           0 	        0
     0.523 	           0 	        0
     0.524 	           0 	        0
     0.525 	           0 	        0
     0.526 	           0 	        0
     0.527 	           0 	        0
     0.528 	           0 	        0
     0.529 	           0 	        0
     0.530 	           0 	        0
     0.531 	           0 	        0
     0.532 	           0 	        0
     0.533 	           0 	        0
     0.534 	           0 	        0
     0.535 	           0 	        0
     0.536 	           0 	        0
     0.537 	           0 	        0
     0.538 	           0 	        0
     0.539 	           0 	        0
     0.540 	           0 	        0
     0.541 	           0 	        0
     0.542 	           0 	        0
     0.543 	           0 	        0
     0.544 	           0 	        0
     0.545 	           0 	        0
     0.546 	           0 	        0
     0.547 	           0 	        0
     0.548 	           0 	        0
     0.549 	           0 	        0
     0.550 	           0 	        0
     0.551 	           0 	        0
     0.552 	           0 	        0
     0.553 	           0 	        0
     0.554 	           0 	        0
     0.555 	           0 	        0
     0.556 	           0 	        0
     0.557 	           0 	        0
     0.558 	           0 	        0
     0.559 	           0 	        0
     0.560 	           0 	        0
     0.561 	           0 	        0
     0.562 	           0 	        0
     0.563 	           0 	        0
     0.564 	           0 	        0
     0.565 	           0 	        0
     0.566 	           0 	        0
     0.567 	           0 	        0
     0.568 	           0 	        0
     0.569 	           0 	        0
     0.570 	           0 	        0
     0.571 	           0 	        0
     0.572 	           0 	        0
     0.573 	           0 	        0
     0.574 	           0 	        0
     0.575 	           0 	        0
     0.576 	           0 	        0
     0.577 	           0 	        0
     0.578 	           0 	        0
     0.579 	           0 	        0
     0.580 	           0 	        0
     0.581 	           0 	        0
     0.582 	           0 	        0
     0.583 	           0 	        0
     0.584 	           0 	        0
     0.585 	           0 	        0
     0.586 	           0 	        0
     0.587 	           0 	        0
     0.588 	           0 	        0
     0.589 	           0 	        0
     0.590 	           0 	        0
     0.591 	           0 	        0
     0.592 	           0 	        0
     0.593 	           0 	        0
     0.594 	           0 	        0
     0.595 	           0 	        0
     0.596 	           0 	        0
     0.597 	           0 	        0
     0.598 	           0 	        0
     0.599 	           0 	        0
     0.600 	           0 	        0
     0.601 	           0 	        0
     0.602 	           0 	        0
     0.603 	           0 	        0
     0.604 	           0 	        0
     0.605 	           0 	        0
     0.606 	           0 	        0
     0.607 	           0 	        0
     0.608 	           0 	        0
     0.609 	           0 	        0
     0.610 	           0 	        0
     0.611 	           0 	        0
     0.612 	           0 	        0
     0.613 	           0 	        0
     0.614 	           0 	        0
     0.615 	           0 	        0
     0.616 	           0 	        0
     0.617 	           0 	        0
     0.618 	           0 	        0
     0.619 	           0 	        0
     0.620 	           0 	        0
     0.621 	           0 	        0
     0.622 	           0 	        0
     0.623 	           0 	        0
     0.624 	           0 	        0
     0.625 	           0 	        0
     0.626 	           0 	        0
     0.627 	           0 	        0
     0.628 	           0 	        0
     0.629 	           0 	        0
     0.630 	           0 	        0
     0.631 	           0 	        0
     0.632 	           0 	        0
     0.633 	           0 	        0
     0.634 	           0 	        0
     0.635 	           0 	        0
     0.636 	           0 	        0
     0.637 	           0 	        0
     0.638 	           0 	        0
     0.639 	           0 	        0
     0.640 	           0 	        0
     0.641 	           0 	        0
     0.642 	           0 	        0
     0.643 	           0 	        0
     0.644 	           0 	        0
     0.645 	           0 	        0
     0.646 	           0 	        0
     0.647 	           0 	        0
     0.648 	           0 	        0
     0.649 	           0 	        0
     0.650 	           0 	        0
     0.651 	           0 	        0
     0.652 	           0 	        0
     0.653 	           0 	        0
     0.654 	           0 	        0
     0.655 	           0 	        0
     0.656 	           0 	        0
     0.657 	           0 	        0
     0.658 	           0 	        0
     0.659 	           0 	        0
     0.660 	           0 	        0
     0.661 	           0 	        0
     0.662 	           0 	        0
     0.663 	           0 	        0
     0.664 	           0 	        0
     0.665 	           0 	        0
     0.666 	           0 	        0
     0.667 	           0 	        0
     0.668 	           0 	        0
     0.669 	           0 	        0
     0.670 	           0 	        0
     0.671 	           0 	        0
     0.672 	           0 	        0
     0.673 	           0 	        0
     0.674 	           0 	        0
     0.675 	           0 	        0
     0.676 	           0 	        0
     0.677 	           0 	        0
     0.678 	           0 	        0
     0.679 	           0 	        0
     0.680 	           0 	        0
     0.681 	           0 	        0
     0.682 	           0 	        0
     0.683 	           0 	        0
     0.684 	           0 	        0
     0.685 	           0 	        0
     0.686 	           0 	        0
     0.687 	           0 	        0
     0.688 	           0 	        0
     0.689 	           0 	        0
     0.690 	           0 	        0
     0.691 	           0 	        0
     0.692 	           0 	        0
     0.693 	           0 	        0
     0.694 	           0 	        0
     0.695 	           0 	        0
     0.696 	           0 	        0
     0.697 	           0 	        0
     0.698 	           0 	        0
     0.699 	           0 	        0
     0.700 	           0 	        0
     0.701 	           0 	        0
     0.702 	           0 	        0
     0.703 	           0 	        0
     0.704 	           0 	        0
     0.705 	           0 	        0
     0.706 	           0 	        0
     0.707 	           0 	        0
     0.708 	           0 	        0
     0.709 	           0 	        0
     0.710 	           0 	        0
     0.711 	           0 	        0
     0.712 	           0 	        0
     0.713 	           0 	        0
     0.714 	           0 	        0
     0.715 	           0 	        0
     0.716 	           0 	        0
     0.717 	           0 	        0
     0.718 	           0 	        0
     0.719 	           0 	        0
     0.720 	           0 	        0
     0.721 	           0 	        0
     0.722 	           0 	        0
     0.723 	           0 	        0
     0.724 	           0 	        0
     0.725 	           0 	        0
     0.726 	           0 	        0
     0.727 	           0 	        0
     0.728 	           0 	        0
     0.729 	           0 	        0
     0.730 	           0 	        0
     0.731 	           0 	        0
     0.732 	           0 	        0
     0.733 	           0 	        0
     0.734 	           0 	        0
     0.735 	           0 	        0
     0.736 	           0 	        0
     0.737 	           0 	        0
     0.738 	           0 	        0
     0.739 	           0 	        0
     0.740 	           0 	        0
     0.741 	           0 	        0
     0.742 	           0 	        0
     0.743 	           0 	        0
     0.744 	           0 	        0
     0.745 	           0 	        0
     0.746 	           0 	        0
     0.747 	           0 	        0
     0.748 	           0 	        0
     0.749 	           0 	        0
     0.750 	           0 	        0
     0.751 	           0 	        0
     0.752 	           0 	        0
     0.753 	           0 	        0
     0.754 	           0 	        0
     0.755 	           0 	        0
     0.756 	           0 	        0
     0.757 	           0 	        0
     0.758 	           0 	        0
     0.759 	           0 	        0
     0.760 	           0 	        0
     0.761 	           0 	        0
     0.762 	           0 	        0
     0.763 	           0 	        0
     0.764 	           0 	        0
     0.765 	           0 	        0
     0.766 	           0 	        0
     0.767 	           0 	        0
     0.768 	           0 	        0
     0.769 	           0 	        0
     0.770 	           0 	        0
     0.771 	           0 	        0
     0.772 	           0 	        0
     0.773 	           0 	        0
     0.774 	           0 	        0
     0.775 	           0 	        0
     0.776 	           0 	        0
     0.777 	           0 	        0
     0.778 	           0 	        0
     0.779 	           0 	        0
     0.780 	           0 	        0
     0.781 	           0 	        0
     0.782 	           0 	        0
     0.783 	           0 	        0
     0.784 	           0 	        0
     0.785 	           0 	        0
     0.786 	           0 	        0
     0.787 	           0 	        0
     0.788 	           0 	        0
     0.789 	           0 	        0
     0.790 	           0 	        0
     0.791 	           0 	        0
     0.792 	           0 	        0
     0.793 	           0 	        0
     0.794 	           0 	        0
     0.795 	           0 	        0
     0.796 	           0 	        0
     0.797 	           0 	        0
     0.798 	           0 	        0
     0.799 	           0 	        0
     0.800 	           0 	        0
     0.801 	           0 	        0
     0.802 	           0 	        0
     0.803 	           0 	        0
     0.804 	           0 	        0
     0.805 	           0 	        0
     0.806 	           0 	        0
     0.807 	           0 	        0
     0.808 	           0 	        0
     0.809 	           0 	        0
     0.810 	           0 	        0
     0.811 	           0 	        0
     0.812 	           0 	        0
     0.813 	           0 	        0
     0.814 	           0 	        0
     0.815 	           0 	        0
     0.816 	           0 	        0
     0.817 	           0 	        0
     0.818 	           0 	        0
     0.819 	           0 	        0
     0.820 	           0 	        0
     0.821 	           0 	        0
     0.822 	           0 	        0
     0.823 	           0 	        0
     0.824 	           0 	        0
     0.825 	           0 	        0
     0.826 	           0 	        0
     0.827 	           0 	        0
     0.828 	           0 	        0
     0.829 	           0 	        0
     0.830 	           0 	        0
     0.831 	           0 	        0
     0.832 	           0 	        0
     0.833 	 0.000175554 	 0.000123134
     0.834 	 0.000194177 	 0.000136084
     0.835 	 0.000177078 	 0.000123949
     0.836 	  0.00015328 	 0.000107204
     0.837 	 0.000135662 	 9.47934e-05
     0.838 	 0.000104126 	 7.26823e-05
     0.839 	 0.000112216 	 7.82655e-05
     0.840 	 9.60733e-05 	 6.69519e-05
     0.841 	 8.06752e-05 	 5.61553e-05
     0.842 	 6.48221e-05 	 4.50866e-05
     0.843 	 5.86431e-05 	 4.07533e-05
     0.844 	 5.38998e-05 	 3.74287e-05
     0.845 	 3.26067e-05 	 2.26203e-05
     0.846 	 2.38518e-05 	 1.65342e-05
     0.847 	 2.38518e-05 	 1.652e-05
     0.848 	 1.81943e-05 	 1.25935e-05
     0.849 	 1.40209e-05 	 9.69648e-06
     0.850 	 1.73726e-05 	 1.2004e-05
     0.851 	 1.22631e-05 	 8.46971e-06
     0.852 	 1.22631e-05 	 8.46336e-06
     0.853 	 2.87076e-05 	 1.97977e-05
     0.854 	 2.83174e-05 	 1.95182e-05
     0.855 	 2.93843e-05 	 2.0241e-05
     0.856 	 2.68869e-05 	 1.85092e-05
     0.857 	 4.89749e-05 	 3.36936e-05
     0.858 	 5.90667e-05 	 4.06192e-05
     0.859 	 5.66499e-05 	 3.89373e-05
     0.860 	 7.50776e-05 	 5.15774e-05
     0.861 	 9.60663e-05 	 6.59652e-05
     0.862 	 0.000104769 	 7.19028e-05
     0.863 	 0.000104172 	 7.14591e-05
     0.864 	 0.000109245 	 7.49033e-05
     0.865 	 0.000104796 	 7.18363e-05
     0.866 	 9.14691e-05 	 6.26831e-05
     0.867 	 7.76384e-05 	 5.319e-05
     0.868 	 6.39266e-05 	 4.37869e-05
     0.869 	 4.67363e-05 	 3.19998e-05
     0.870 	 3.60352e-05 	 2.46677e-05
     0.871 	 2.99064e-05 	 2.0465e-05
     0.872 	  2.9663e-05 	 2.02928e-05
     0.873 	   2.063e-05 	 1.41082e-05
     0.874 	 2.30591e-05 	 1.5765e-05
     0.875 	 2.20191e-05 	 1.50471e-05
     0.876 	 2.29116e-05 	 1.5654e-05
     0.877 	 1.99422e-05 	 1.36215e-05
     0.878 	 1.63955e-05 	 1.11968e-05
     0.879 	 1.37122e-05 	 9.35973e-06
     0.880 	 8.72637e-06 	 5.95471e-06
     0.881 	 6.72855e-06 	 4.59117e-06
     0.882 	 5.06806e-06 	 3.45769e-06
     0.883 	 1.77137e-06 	 1.20824e-06
     0.884 	 1.11256e-05 	 7.58442e-06
     0.885 	 2.22376e-05 	 1.51549e-05
     0.886 	 2.77401e-05 	 1.89003e-05
     0.887 	 3.38636e-05 	 2.3067e-05
     0.888 	 4.40467e-05 	 2.99843e-05
     0.889 	 4.89916e-05 	 3.33425e-05
     0.890 	 5.33385e-05 	 3.62922e-05
     0.891 	 5.34659e-05 	 3.63574e-05
     0.892 	 6.45602e-05 	 4.38775e-05
     0.893 	 7.02817e-05 	 4.77484e-05
     0.894 	 6.36828e-05 	 4.32396e-05
     0.895 	 6.68942e-05 	 4.53984e-05
     0.896 	 5.47416e-05 	 3.71372e-05
     0.897 	 4.92884e-05 	 3.34178e-05
     0.898 	 3.93677e-05 	 2.66787e-05
     0.899 	 3.64059e-05 	 2.46569e-05
     0.900 	 3.84274e-05 	 2.60142e-05
     0.901 	 3.78106e-05 	 2.55867e-05
     0.902 	 4.15791e-05 	 2.8123e-05
     0.903 	 3.76597e-05 	 2.54621e-05
     0.904 	 3.65488e-05 	 2.46958e-05
     0.905 	 2.88361e-05 	 1.94747e-05
     0.906 	 2.26348e-05 	 1.52806e-05
     0.907 	 1.45336e-05 	 9.80767e-06
     0.908 	 1.22204e-05 	 8.24341e-06
     0.909 	 6.88194e-06 	 4.63894e-06
     0.910 	 3.16333e-06 	 2.13164e-06
     0.911 	 3.66422e-06 	 2.46831e-06
     0.912 	 2.73529e-06 	 1.84172e-06
     0.913 	 1.56824e-06 	 1.05533e-06
     0.914 	  4.5547e-06 	 3.06395e-06
     0.915 	 5.04231e-06 	 3.39042e-06
     0.916 	 6.79127e-06 	 4.5638e-06
     0.917 	 5.68154e-06 	 3.81659e-06
     0.918 	 9.25801e-06 	 6.2169e-06
     0.919 	 1.20621e-05 	 8.09524e-06
     0.920 	 1.08048e-05 	 7.24835e-06
     0.921 	 1.22417e-05 	 8.21136e-06
     0.922 	 1.22474e-05 	 8.21413e-06
     0.923 	 1.73036e-05 	 1.16027e-05
     0.924 	 1.91354e-05 	 1.28284e-05
     0.925 	 2.39693e-05 	 1.60688e-05
     0.926 	 3.22758e-05 	 2.16359e-05
     0.927 	 4.07482e-05 	 2.73129e-05
     0.928 	 4.69423e-05 	 3.14648e-05
     0.929 	  5.2479e-05 	 3.51774e-05
     0.930 	 6.42266e-05 	 4.30487e-05
     0.931 	 7.04171e-05 	 4.72095e-05
     0.932 	 7.58409e-05 	 5.08312e-05
     0.933 	 7.11155e-05 	 4.76757e-05
     0.934 	 7.45684e-05 	 4.99892e-05
     0.935 	 6.88328e-05 	 4.61417e-05
     0.936 	  5.6424e-05 	 3.78338e-05
     0.937 	 4.85047e-05 	 3.25263e-05
     0.938 	 4.04475e-05 	 2.71246e-05
     0.939 	  4.2153e-05 	 2.82767e-05
     0.940 	 3.72765e-05 	 2.50067e-05
     0.941 	 3.20622e-05 	 2.1514e-05
     0.942 	  2.7197e-05 	 1.82574e-05
     0.943 	 2.09714e-05 	 1.40826e-05
     0.944 	 1.72083e-05 	 1.15588e-05
     0.945 	 1.13522e-05 	 7.62936e-06
     0.946 	 7.70861e-06 	 5.18204e-06
     0.947 	  7.7078e-06 	 5.18328e-06
     0.948 	 8.35049e-06 	 5.61799e-06
     0.949 	 8.34338e-06 	 5.61595e-06
     0.950 	 8.14933e-06 	 5.48779e-06
     0.951 	 1.17807e-05 	 7.93558e-06
     0.952 	 1.44757e-05 	 9.7557e-06
     0.953 	 1.26157e-05 	 8.5054e-06
     0.954 	 1.27998e-05 	 8.63281e-06
     0.955 	 1.12969e-05 	 7.62393e-06
     0.956 	 8.70437e-06 	 5.87655e-06
     0.957 	 4.93873e-06 	 3.33631e-06
     0.958 	 7.05808e-06 	 4.76981e-06
     0.959 	 1.06388e-05 	 7.1935e-06
     0.960 	 1.23278e-05 	 8.33973e-06
     0.961 	 1.72022e-05 	 1.16439e-05
     0.962 	 1.93892e-05 	 1.31347e-05
     0.963 	 1.89757e-05 	 1.28609e-05
     0.964 	 2.02752e-05 	 1.37512e-05
     0.965 	 2.66093e-05 	 1.80593e-05
     0.966 	 3.46752e-05 	 2.35499e-05
     0.967 	 3.77781e-05 	 2.56777e-05
     0.968 	 4.28294e-05 	 2.91312e-05
     0.969 	 5.06705e-05 	 3.44883e-05
     0.970 	 4.91875e-05 	 3.35099e-05
     0.971 	 4.39578e-05 	 2.99688e-05
     0.972 	 4.50644e-05 	 3.0743e-05
     0.973 	 4.95803e-05 	 3.38562e-05
     0.974 	 5.30565e-05 	 3.62607e-05
     0.975 	 5.08381e-05 	 3.47741e-05
     0.976 	 5.34027e-05 	 3.65584e-05
     0.977 	 5.28088e-05 	 3.61746e-05
     0.978 	 4.98559e-05 	 3.41807e-05
     0.979 	 4.32773e-05 	 2.97025e-05
     0.980 	 3.61444e-05 	 2.48279e-05
     0.981 	 3.57041e-05 	 2.45449e-05
     0.982 	 3.33607e-05 	 2.29563e-05
     0.983 	  2.8384e-05 	 1.95454e-05
     0.984 	 2.51848e-05 	 1.73561e-05
     0.985 	 2.54175e-05 	 1.75344e-05
     0.986 	 2.52703e-05 	 1.74488e-05
     0.987 	 2.05663e-05 	 1.42119e-05
     0.988 	 1.87769e-05 	 1.29858e-05
     0.989 	 1.55692e-05 	 1.07772e-05
     0.990 	 1.13986e-05 	 7.89745e-06
     0.991 	 6.70116e-06 	 4.64736e-06
     0.992 	 5.01739e-06 	 3.48234e-06
     0.993 	 4.19089e-06 	 2.91129e-06
     0.994 	 3.51233e-06 	 2.44208e-06
     0.995 	 3.78208e-06 	 2.63167e-06
     0.996 	 3.88977e-06 	 2.70921e-06
     0.997 	 4.44394e-06 	 3.09831e-06
     0.998 	 4.13422e-06 	 2.8846e-06
     0.999 	 3.91776e-06 	 2.73597e-06
     1.000 	 4.00248e-06 	 2.79782e-06
     1.001 	 4.04809e-06 	 2.83184e-06
     1.002 	 3.72437e-06 	 2.60787e-06
     1.003 	 1.72188e-06 	 1.20681e-06
     1.004 	 9.38198e-07 	 6.58048e-07
     1.005 	 9.35851e-07 	 6.57025e-07
     1.006 	 4.26484e-07 	 2.99732e-07
     1.007 	 2.15523e-06 	 1.51564e-06
     1.008 	 3.82963e-06 	 2.69602e-06
     1.009 	 4.91148e-06 	 3.46006e-06
     1.010 	 5.48397e-06 	 3.86709e-06
     1.011 	 5.66313e-06 	 3.99728e-06
     1.012 	 5.88126e-06 	 4.15474e-06
     1.013 	 5.19005e-06 	 3.66958e-06
     1.014 	 3.84847e-06 	 2.72361e-06
     1.015 	 3.75413e-06 	 2.65912e-06
     1.016 	 3.53741e-06 	 2.50771e-06
     1.017 	 3.33679e-06 	 2.36804e-06
     1.018 	 2.95225e-06 	 2.09647e-06
     1.019 	 3.86464e-06 	 2.74727e-06
     1.020 	 3.13471e-06 	 2.23029e-06
     1.021 	 5.12731e-06 	 3.65144e-06
     1.022 	 9.81923e-06 	 6.99822e-06
     1.023 	 1.11772e-05 	 7.97358e-06
     1.024 	 1.15779e-05 	 8.26729e-06
     1.025 	 1.26957e-05 	 9.07241e-06
     1.026 	  1.5212e-05 	 1.08808e-05
     1.027 	 1.13926e-05 	 8.15594e-06
     1.028 	  7.9554e-06 	 5.70129e-06
     1.029 	 8.29655e-06 	 5.94959e-06
     1.030 	 7.78124e-06 	 5.58473e-06
     1.031 	 5.63057e-06 	 4.04557e-06
     1.032 	 5.72936e-06 	 4.11889e-06
     1.033 	 8.72633e-06 	 6.27825e-06
     1.034 	 1.02866e-05 	 7.4066e-06
     1.035 	 1.05089e-05 	 7.57324e-06
     1.036 	 1.12325e-05 	 8.10087e-06
     1.037 	   1.229e-05 	 8.87045e-06
     1.038 	  9.9854e-06 	 7.21331e-06
     1.039 	 7.77297e-06 	 5.61934e-06
     1.040 	 6.58003e-06 	 4.761e-06
     1.041 	 6.53324e-06 	 4.73033e-06
     1.042 	 4.97562e-06 	 3.60484e-06
     1.043 	 4.40964e-06 	 3.19752e-06
     1.044 	 5.80024e-06 	 4.20962e-06
     1.045 	 7.42788e-06 	 5.3943e-06
     1.046 	 7.42488e-06 	 5.39617e-06
     1.047 	 7.36272e-06 	 5.35491e-06
     1.048 	    9.87e-06 	 7.18538e-06
     1.049 	   1.156e-05 	 8.42029e-06
     1.050 	 1.02006e-05 	 7.43563e-06
     1.051 	 7.97954e-06 	 5.82168e-06
     1.052 	 7.59735e-06 	 5.54643e-06
     1.053 	 7.01836e-06 	 5.12877e-06
     1.054 	 4.75295e-06 	 3.47525e-06
     1.055 	 3.17872e-06 	 2.32598e-06
     1.056 	 3.00301e-06 	 2.19904e-06
     1.057 	 2.97897e-06 	 2.18284e-06
     1.058 	 3.45929e-06 	 2.53727e-06
     1.059 	 3.75284e-06 	 2.75433e-06
     1.060 	 3.09269e-06 	 2.27177e-06
     1.061 	 3.83457e-06 	 2.8186e-06
     1.062 	 5.98895e-06 	 4.4051e-06
     1.063 	 6.06806e-06 	 4.46676e-06
     1.064 	 5.88259e-06 	 4.33369e-06
     1.065 	 5.81475e-06 	 4.28698e-06
     1.066 	 5.56582e-06 	 4.10663e-06
     1.067 	 5.59202e-06 	 4.12867e-06
     1.068 	 4.51917e-06 	 3.33877e-06
     1.069 	 5.79775e-06 	 4.28668e-06
     1.070 	 5.39079e-06 	 3.98881e-06
     1.071 	 6.00287e-06 	 4.44498e-06
     1.072 	 7.90925e-06 	 5.8622e-06
     1.073 	 9.15731e-06 	 6.79223e-06
     1.074 	 8.53789e-06 	 6.33744e-06
     1.075 	 7.12883e-06 	 5.29542e-06
     1.076 	 6.93296e-06 	 5.15482e-06
     1.077 	 6.58508e-06 	 4.90014e-06
     1.078 	 4.47234e-06 	 3.33042e-06
     1.079 	 5.23013e-06 	 3.89757e-06
     1.080 	 7.90811e-06 	 5.89881e-06
     1.081 	 1.03808e-05 	 7.74989e-06
     1.082 	 1.22181e-05 	 9.12737e-06
     1.083 	 1.42551e-05 	 1.06571e-05
     1.084 	 1.49861e-05 	 1.1212e-05
     1.085 	 1.31473e-05 	 9.84371e-06
     1.086 	 1.19527e-05 	 8.95673e-06
     1.087 	 1.09683e-05 	 8.22608e-06
     1.088 	 9.91884e-06 	 7.44371e-06
     1.089 	 8.47671e-06 	 6.36758e-06
     1.090 	 7.50392e-06 	 5.64105e-06
     1.091 	 6.90211e-06 	 5.19159e-06
     1.092 	 6.40105e-06 	 4.81839e-06
     1.093 	 5.50681e-06 	 4.14802e-06
     1.094 	 6.30961e-06 	 4.75597e-06
     1.095 	 7.48595e-06 	 5.64648e-06
     1.096 	 7.58357e-06 	 5.72334e-06
     1.097 	 6.85547e-06 	 5.17832e-06
     1.098 	 6.08269e-06 	 4.5977e-06
     1.099 	 5.49956e-06 	 4.15927e-06
     1.100 	 3.33803e-06 	 2.5262e-06
     1.101 	 2.05365e-06 	 1.55537e-06
     1.102 	 4.62691e-06 	 3.50625e-06
     1.103 	 6.11667e-06 	 4.6388e-06
     1.104 	 7.27797e-06 	 5.52307e-06
     1.105 	 8.27574e-06 	 6.28378e-06
     1.106 	 8.04362e-06 	 6.11228e-06
     1.107 	 7.15096e-06 	 5.43744e-06
     1.108 	 5.37332e-06 	 4.08893e-06
     1.109 	 3.84837e-06 	 2.93012e-06
     1.110 	 2.46097e-06 	 1.87475e-06
     1.111 	 1.94604e-06 	 1.48321e-06
     1.112 	 2.41951e-06 	 1.84499e-06
     1.113 	 2.63769e-06 	 2.01316e-06
     1.114 	 2.42979e-06 	 1.8554e-06
     1.115 	 2.24643e-06 	 1.71604e-06
     1.116 	 2.47505e-06 	 1.89176e-06
     1.117 	 2.70364e-06 	 2.06749e-06
     1.118 	 2.85761e-06 	 2.18624e-06
     1.119 	 3.00437e-06 	 2.30014e-06
     1.120 	 3.03843e-06 	 2.32728e-06
     1.121 	 3.03843e-06 	 2.32845e-06
     1.122 	 3.03778e-06 	 2.32915e-06
     1.123 	 3.03673e-06 	 2.32946e-06
     1.124 	 2.98257e-06 	 2.28933e-06
     1.125 	  2.8708e-06 	 2.20484e-06
     1.126 	 2.71986e-06 	 2.08974e-06
     1.127 	 2.49144e-06 	 1.91516e-06
     1.128 	 2.26123e-06 	 1.73889e-06
     1.129 	 2.02358e-06 	 1.55688e-06
     1.130 	  1.7886e-06 	 1.37708e-06
     1.131 	 1.60791e-06 	 1.2385e-06
     1.132 	 1.42724e-06 	 1.09959e-06
     1.133 	 1.02063e-06 	 7.86666e-07
     1.134 	 5.89886e-07 	 4.5482e-07
     1.135 	 4.69673e-07 	 3.62366e-07
     1.136 	 4.48028e-07 	 3.45776e-07
     1.137 	 5.42053e-07 	 4.18486e-07
     1.138 	 7.08495e-07 	 5.47159e-07
     1.139 	 9.58019e-07 	 7.40191e-07
     1.140 	 1.30082e-06 	 1.00558e-06
     1.141 	 1.63053e-06 	 1.26077e-06
     1.142 	 1.93314e-06 	 1.49498e-06
     1.143 	 2.18154e-06 	 1.68767e-06
     1.144 	 2.18717e-06 	 1.69229e-06
     1.145 	 2.19277e-06 	 1.69702e-06
     1.146 	 2.19735e-06 	 1.70134e-06
     1.147 	 2.20194e-06 	 1.70516e-06
     1.148 	  2.3844e-06 	 1.84689e-06
     1.149 	 2.58787e-06 	 2.00495e-06
     1.150 	 2.63435e-06 	 2.04127e-06
     1.151 	 2.62857e-06 	 2.03761e-06
     1.152 	 2.53129e-06 	 1.96235e-06
     1.153 	 2.37455e-06 	 1.84103e-06
     1.154 	 2.25062e-06 	 1.74507e-06
     1.155 	 2.16489e-06 	 1.67891e-06
     1.156 	 2.07888e-06 	 1.61254e-06
     1.157 	 1.99231e-06 	 1.54551e-06
     1.158 	 1.92107e-06 	 1.49051e-06
     1.159 	 1.92271e-06 	 1.49205e-06
     1.160 	 1.92774e-06 	 1.49594e-06
     1.161 	 2.04331e-06 	 1.58612e-06
     1.162 	 2.15887e-06 	 1.676e-06
     1.163 	 2.16824e-06 	 1.68326e-06
     1.164 	 2.16388e-06 	 1.67991e-06
     1.165 	 2.00096e-06 	 1.55358e-06
     1.166 	 1.78271e-06 	 1.38457e-06
     1.167 	 1.68141e-06 	 1.30588e-06
     1.168 	 1.65895e-06 	 1.28857e-06
     1.169 	 1.64636e-06 	 1.2788e-06
     1.170 	  1.6457e-06 	 1.27855e-06
     1.171 	  1.6203e-06 	 1.25889e-06
     1.172 	  1.5396e-06 	 1.19612e-06
     1.173 	 1.43035e-06 	 1.11118e-06
     1.174 	 1.17647e-06 	 9.14098e-07
     1.175 	 9.22809e-07 	 7.16903e-07
     1.176 	 6.78309e-07 	 5.2693e-07
     1.177 	  4.3381e-07 	 3.3694e-07
     1.178 	 3.09042e-07 	 2.4002e-07
     1.179 	 2.01092e-07 	 1.5622e-07
     1.180 	 1.72518e-07 	 1.34e-07
     1.181 	 1.72912e-07 	 1.3431e-07
     1.182 	 2.39149e-07 	 1.85784e-07
     1.183 	  3.5141e-07 	 2.7295e-07
     1.184 	 5.82397e-07 	 4.52328e-07
     1.185 	 9.61832e-07 	 7.47044e-07
     1.186 	 1.22756e-06 	 9.53555e-07
     1.187 	 1.22804e-06 	 9.53951e-07
     1.188 	 1.23117e-06 	 9.56307e-07
     1.189 	 1.24858e-06 	 9.69647e-07
     1.190 	 1.26615e-06 	 9.83426e-07
     1.191 	 1.29698e-06 	 1.00734e-06
     1.192 	  1.3278e-06 	 1.03115e-06
     1.193 	 1.28107e-06 	 9.95051e-07
     1.194 	 1.22252e-06 	 9.49448e-07
     1.195 	  1.1991e-06 	 9.31338e-07
     1.196 	 1.18907e-06 	 9.23427e-07
     1.197 	 1.30853e-06 	 1.01628e-06
     1.198 	  1.5219e-06 	 1.18184e-06
     1.199 	 1.79296e-06 	 1.39215e-06
     1.200 	 2.13879e-06 	 1.66081e-06
     1.201 	 2.63032e-06 	 2.04197e-06
     1.202 	 3.47643e-06 	 2.69813e-06
     1.203 	  4.3562e-06 	 3.38078e-06
     1.204 	 5.43165e-06 	 4.21434e-06
     1.205 	 6.50691e-06 	 5.04677e-06
     1.206 	  7.5207e-06 	 5.83283e-06
     1.207 	 8.53461e-06 	 6.61676e-06
     1.208 	 9.69058e-06 	 7.51021e-06
     1.209 	   1.087e-05 	 8.42471e-06
     1.210 	 1.24749e-05 	 9.66585e-06
     1.211 	 1.42491e-05 	 1.1037e-05
     1.212 	  1.6555e-05 	 1.28218e-05
     1.213 	 1.92608e-05 	 1.49127e-05
     1.214 	 2.21313e-05 	 1.71297e-05
     1.215 	 2.52238e-05 	 1.95214e-05
     1.216 	 2.84047e-05 	 2.19762e-05
     1.217 	 3.18118e-05 	 2.46043e-05
     1.218 	 3.52545e-05 	 2.72612e-05
     1.219 	 3.89188e-05 	 3.00877e-05
     1.220 	 4.25836e-05 	 3.29068e-05
     1.221 	 4.74126e-05 	 3.66307e-05
     1.222 	 5.22489e-05 	 4.03587e-05
     1.223 	  5.8328e-05 	 4.5045e-05
     1.224 	 6.46253e-05 	 4.98869e-05
     1.225 	 7.16298e-05 	 5.52751e-05
     1.226 	 7.89277e-05 	 6.08939e-05
     1.227 	 8.69076e-05 	 6.70295e-05
     1.228 	 9.54189e-05 	 7.35626e-05
     1.229 	 0.000104439 	 8.04909e-05
     1.230 	 0.000114169 	 8.79599e-05
     1.231 	 0.000124381 	 9.58127e-05
     1.232 	 0.000135873 	 0.000104615
     1.233 	 0.000147657 	 0.000113658
     1.234 	 0.000161397 	 0.000124213
     1.235 	 0.000175138 	 0.000134724
     1.236 	 0.000191255 	 0.000147099
     1.237 	 0.000207409 	 0.000159447
     1.238 	  0.00022537 	 0.000173241
     1.239 	  0.00024367 	 0.00018722
     1.240 	 0.000263943 	 0.000202699
     1.241 	 0.000285073 	 0.00021887
     1.242 	 0.000307925 	 0.000236323
     1.243 	 0.000332172 	 0.000254869
     1.244 	 0.000357506 	 0.000274205
     1.245 	 0.000384419 	 0.000294765
     1.246 	 0.000411975 	 0.000315744
     1.247 	 0.000441314 	 0.000338072
     1.248 	 0.000470911 	 0.000360643
     1.249 	 0.000502353 	 0.000384579
     1.250 	 0.000533799 	 0.000408507
     1.251 	  0.00056661 	 0.000433413
     1.252 	 0.000599451 	 0.000458328
     1.253 	  0.00063264 	 0.000483386
     1.254 	 0.000665894 	 0.000508663
     1.255 	 0.000699251 	 0.000533789
     1.256 	 0.000732652 	 0.000559096
     1.257 	  0.00076555 	 0.000583867
     1.258 	 0.000798035 	 0.00060837
     1.259 	 0.000829946 	 0.000632343
     1.260 	 0.000861005 	 0.000655557
     1.261 	 0.000891497 	 0.000678415
     1.262 	 0.000920333 	 0.000699897
     1.263 	 0.000948918 	 0.000721254
     1.264 	 0.000975479 	 0.000740949
     1.265 	  0.00100204 	 0.000760722
     1.266 	  0.00102621 	 0.000778489
     1.267 	   0.0010503 	 0.000796324
     1.268 	  0.00107217 	 0.000812383
     1.269 	  0.00109355 	 0.000828124
     1.270 	  0.00111322 	 0.000842298
     1.271 	  0.00113208 	 0.000856214
     1.272 	  0.00114984 	 0.000869115
     1.273 	  0.00116664 	 0.000881252
     1.274 	  0.00118266 	 0.000892905
     1.275 	  0.00119745 	 0.000903325
     1.276 	  0.00121193 	 0.000913767
     1.277 	  0.00122548 	 0.000923314
     1.278 	  0.00123886 	 0.000932904
     1.279 	  0.00125068 	 0.000941025
     1.280 	  0.00126251 	 0.000949427
     1.281 	  0.00127229 	 0.00095602
     1.282 	  0.00128198 	 0.000962823
     1.283 	  0.00128995 	 0.000968038
     1.284 	  0.00129752 	 0.000973239
     1.285 	    0.001304 	 0.000977618
     1.286 	  0.00130994 	 0.000981282
     1.287 	  0.00131529 	 0.000984804
     1.288 	   0.0013201 	 0.000987617
     1.289 	  0.00132468 	 0.000990445
     1.290 	  0.00132888 	 0.000992894
     1.291 	   0.0013329 	 0.000995368
     1.292 	  0.00133633 	 0.000997419
     1.293 	  0.00133964 	 0.000999139
     1.294 	  0.00134195 	 0.00100054
     1.295 	  0.00134426 	 0.00100142
     1.296 	  0.00134618 	 0.00100232
     1.297 	  0.00134807 	 0.0010031
     1.298 	  0.00134951 	 0.00100363
     1.299 	  0.00135084 	 0.00100408
     1.300 	  0.00135202 	 0.00100411
     1.301 	  0.00135313 	 0.0010043
     1.302 	  0.00135415 	 0.00100443
     1.303 	   0.0013551 	 0.00100428
     1.304 	  0.00135592 	 0.00100424
     1.305 	  0.00135653 	 0.00100397
     1.306 	  0.00135695 	 0.00100353
     1.307 	  0.00135672 	 0.00100272
     1.308 	  0.00135642 	 0.00100176
     1.309 	  0.00135537 	 0.00100013
     1.310 	  0.00135433 	 0.000998832
     1.311 	  0.00135262 	 0.000996829
     1.312 	  0.00135087 	 0.000994673
     1.313 	  0.00134919 	 0.000992886
     1.314 	  0.00134753 	 0.000990816
     1.315 	  0.00134598 	 0.000988813
     1.316 	  0.00134449 	 0.00098707
     1.317 	  0.00134303 	 0.000985252
     1.318 	  0.00134158 	 0.00098333
     1.319 	  0.00134014 	 0.000981628
     1.320 	  0.00133873 	 0.000979854
     1.321 	  0.00133729 	 0.000978109
     1.322 	  0.00133576 	 0.000976087
     1.323 	  0.00133425 	 0.000974184
     1.324 	  0.00133306 	 0.000972641
     1.325 	  0.00133187 	 0.000970765
     1.326 	  0.00133115 	 0.000969552
     1.327 	  0.00133046 	 0.000968352
     1.328 	  0.00133014 	 0.000967347
     1.329 	  0.00132992 	 0.000966183
     1.330 	  0.00132969 	 0.000965219
     1.331 	  0.00132946 	 0.000964489
     1.332 	  0.00132902 	 0.000963311
     1.333 	  0.00132837 	 0.000961972
     1.334 	  0.00132743 	 0.000960621
     1.335 	  0.00132595 	 0.000958781
     1.336 	  0.00132438 	 0.000956985
     1.337 	  0.00132244 	 0.000954625
     1.338 	  0.00132049 	 0.00095245
     1.339 	  0.00131844 	 0.000950207
     1.340 	  0.00131639 	 0.000948074
     1.341 	  0.00131393 	 0.000945493
     1.342 	  0.00131143 	 0.000942908
     1.343 	   0.0013091 	 0.000940534
     1.344 	  0.00130681 	 0.000938392
     1.345 	  0.00130445 	 0.000935798
     1.346 	  0.00130206 	 0.000933387
     1.347 	  0.00129956 	 0.000930995
     1.348 	  0.00129695 	 0.000928349
     1.349 	  0.00129449 	 0.000925801
     1.350 	  0.00129228 	 0.000923529
     1.351 	  0.00129021 	 0.000921418
     1.352 	  0.00128865 	 0.000919578
     1.353 	  0.00128711 	 0.000917557
     1.354 	  0.00128575 	 0.000915957
     1.355 	  0.00128439 	 0.000914183
     1.356 	  0.00128326 	 0.000912762
     1.357 	  0.00128215 	 0.000911149
     1.358 	  0.00128134 	 0.00090985
     1.359 	  0.00128062 	 0.000908618
     1.360 	  0.00127946 	 0.000907075
     1.361 	  0.00127805 	 0.000905173
     1.362 	  0.00127655 	 0.00090331
     1.363 	  0.00127497 	 0.000901393
     1.364 	  0.00127334 	 0.000899535
     1.365 	  0.00127161 	 0.000897324
     1.366 	  0.00126987 	 0.000895221
     1.367 	  0.00126804 	 0.000893332
     1.368 	  0.00126623 	 0.000891264
     1.369 	  0.00126454 	 0.000889092
     1.370 	  0.00126286 	 0.000887122
     1.371 	  0.00126178 	 0.000885726
     1.372 	  0.00126077 	 0.000884099
     1.373 	  0.00126004 	 0.000882857
     1.374 	   0.0012594 	 0.000881774
     1.375 	  0.00125881 	 0.000880633
     1.376 	  0.00125826 	 0.000879333
     1.377 	  0.00125783 	 0.000878305
     1.378 	  0.00125753 	 0.000877563
     1.379 	  0.00125712 	 0.000876364
     1.380 	  0.00125648 	 0.000875192
     1.381 	  0.00125586 	 0.000874224
     1.382 	  0.00125537 	 0.000873256
     1.383 	  0.00125489 	 0.000872109
     1.384 	  0.00125467 	 0.000871329
     1.385 	  0.00125445 	 0.000870641
     1.386 	  0.00125416 	 0.000869627
     1.387 	  0.00125386 	 0.000868893
     1.388 	  0.00125297 	 0.000867651
     1.389 	  0.00125189 	 0.000866182
     1.390 	  0.00125029 	 0.000864452
     1.391 	  0.00124835 	 0.00086248
     1.392 	  0.00124604 	 0.000860158
     1.393 	  0.00124331 	 0.000857646
     1.394 	  0.00124039 	 0.000855106
     1.395 	  0.00123709 	 0.000852024
     1.396 	  0.00123373 	 0.000849174
     1.397 	  0.00123014 	 0.000845977
     1.398 	  0.00122652 	 0.000842868
     1.399 	  0.00122203 	 0.000839165
     1.400 	  0.00121754 	 0.000835472
     1.401 	  0.00121213 	 0.000831078
     1.402 	  0.00120661 	 0.000826439
     1.403 	  0.00120064 	 0.000821674
     1.404 	  0.00119452 	 0.000816997
     1.405 	  0.00118831 	 0.000811907
     1.406 	  0.00118203 	 0.000806952
     1.407 	  0.00117587 	 0.000801915
     1.408 	  0.00116984 	 0.000797313
     1.409 	  0.00116398 	 0.000792577
     1.410 	   0.0011585 	 0.000788194
     1.411 	  0.00115308 	 0.000783724
     1.412 	  0.00114791 	 0.000779691
     1.413 	  0.00114275 	 0.000775657
     1.414 	  0.00113794 	 0.00077162
     1.415 	  0.00113313 	 0.000767845
     1.416 	    0.001129 	 0.00076435
     1.417 	  0.00112496 	 0.000761095
     1.418 	  0.00112171 	 0.000758225
     1.419 	  0.00111875 	 0.000755628
     1.420 	  0.00111617 	 0.000753219
     1.421 	  0.00111387 	 0.000751104
     1.422 	  0.00111159 	 0.000748989
     1.423 	  0.00110934 	 0.000747002
     1.424 	  0.00110693 	 0.000744661
     1.425 	  0.00110414 	 0.000742314
     1.426 	  0.00110122 	 0.000739635
     1.427 	  0.00109761 	 0.000736821
     1.428 	    0.001094 	 0.000733754
     1.429 	  0.00109008 	 0.000730661
     1.430 	  0.00108616 	 0.000727329
     1.431 	  0.00108172 	 0.000723904
     1.432 	   0.0010772 	 0.000720264
     1.433 	  0.00107191 	 0.00071619
     1.434 	  0.00106632 	 0.000711923
     1.435 	  0.00106026 	 0.000707284
     1.436 	  0.00105386 	 0.00070249
     1.437 	  0.00104717 	 0.00069758
     1.438 	  0.00104013 	 0.000692457
     1.439 	  0.00103302 	 0.000687062
     1.440 	  0.00102572 	 0.000681778
     1.441 	  0.00101845 	 0.000676256
     1.442 	  0.00101136 	 0.000671076
     1.443 	  0.00100428 	 0.000665923
     1.444 	 0.000999073 	 0.000661795
     1.445 	  0.00099387 	 0.000657897
     1.446 	  0.00099037 	 0.000655051
     1.447 	 0.000987143 	 0.000652537
     1.448 	 0.000985613 	 0.000650859
     1.449 	  0.00098475 	 0.000649763
     1.450 	 0.000984978 	 0.000649468
     1.451 	 0.000986018 	 0.000649563
     1.452 	 0.000987645 	 0.000650105
     1.453 	 0.000990054 	 0.000651226
     1.454 	 0.000992892 	 0.0006525
     1.455 	 0.000996807 	 0.000654799
     1.456 	  0.00100098 	 0.000657212
     1.457 	  0.00100673 	 0.00066054
     1.458 	  0.00101247 	 0.000663642
     1.459 	  0.00101922 	 0.000667117
     1.460 	  0.00102596 	 0.000670682
     1.461 	  0.00103191 	 0.000674294
     1.462 	  0.00103771 	 0.000677916
     1.463 	  0.00104255 	 0.000680507
     1.464 	  0.00104698 	 0.000682828
     1.465 	  0.00105057 	 0.000684999
     1.466 	   0.0010535 	 0.000686647
     1.467 	  0.00105609 	 0.00068747
     1.468 	  0.00105821 	 0.000687876
     1.469 	  0.00106009 	 0.000688477
     1.470 	  0.00106138 	 0.000688806
     1.471 	  0.00106263 	 0.000689045
     1.472 	  0.00106356 	 0.00068909
     1.473 	   0.0010645 	 0.000689126
     1.474 	  0.00106425 	 0.000688406
     1.475 	  0.00106399 	 0.000687684
     1.476 	  0.00106286 	 0.000686398
     1.477 	  0.00106158 	 0.000684967
     1.478 	  0.00105971 	 0.000683258
     1.479 	  0.00105759 	 0.000681736
     1.480 	  0.00105505 	 0.000679842
     1.481 	  0.00105216 	 0.000677098
     1.482 	  0.00104899 	 0.00067418
     1.483 	  0.00104541 	 0.000671676
     1.484 	  0.00104172 	 0.000669124
     1.485 	  0.00103772 	 0.000665724
     1.486 	   0.0010337 	 0.000662239
     1.487 	  0.00102947 	 0.000658954
     1.488 	  0.00102524 	 0.000655783
     1.489 	  0.00102027 	 0.000652084
     1.490 	  0.00101529 	 0.000648395
     1.491 	  0.00100986 	 0.000644425
     1.492 	  0.00100434 	 0.000640401
     1.493 	 0.000998794 	 0.000636366
     1.494 	 0.000993243 	 0.000632334
     1.495 	 0.000987723 	 0.000628337
     1.496 	 0.000982228 	 0.000624354
     1.497 	 0.000976779 	 0.000620365
     1.498 	 0.000971396 	 0.000616513
     1.499 	 0.000966408 	 0.000613195
     1.500 	 0.000962551 	 0.000610592
     1.501 	   0.0009589 	 0.00060785
     1.502 	 0.000956842 	 0.000606034
     1.503 	 0.000954785 	 0.000604263
     1.504 	 0.000954673 	 0.000603734
     1.505 	 0.000954621 	 0.000603237
     1.506 	 0.000955501 	 0.000603336
     1.507 	 0.000956578 	 0.00060356
     1.508 	 0.000958414 	 0.00060426
     1.509 	 0.000960605 	 0.000605184
     1.510 	 0.000963199 	 0.000606369
     1.511 	  0.00096614 	 0.000607806
     1.512 	 0.000969303 	 0.000609293
     1.513 	 0.000972809 	 0.000610686
     1.514 	  0.00097645 	 0.000612249
     1.515 	 0.000980496 	 0.000614594
     1.516 	 0.000984454 	 0.000616984
     1.517 	 0.000987671 	 0.000618598
     1.518 	 0.000990887 	 0.000620105
     1.519 	 0.000992842 	 0.000620828
     1.520 	 0.000994745 	 0.000621611
     1.521 	 0.000995325 	 0.000621887
     1.522 	 0.000995609 	 0.000621873
     1.523 	 0.000995401 	 0.000621034
     1.524 	 0.000994954 	 0.000619939
     1.525 	 0.000994175 	 0.000618968
     1.526 	   0.0009931 	 0.000617903
     1.527 	 0.000991881 	 0.000616648
     1.528 	 0.000990431 	 0.000615361
     1.529 	 0.000988934 	 0.000614303
     1.530 	 0.000987291 	 0.000613164
     1.531 	 0.000985617 	 0.000611779
     1.532 	 0.000983656 	 0.000610047
     1.533 	 0.000981695 	 0.000608083
     1.534 	 0.000979422 	 0.000605948
     1.535 	 0.000977135 	 0.000604069
     1.536 	 0.000974802 	 0.000602246
     1.537 	 0.000972458 	 0.000600339
     1.538 	 0.000970177 	 0.000598561
     1.539 	 0.000967927 	 0.000597101
     1.540 	 0.000965745 	 0.000595607
     1.541 	 0.000963625 	 0.000593632
     1.542 	  0.00096156 	 0.0005916
     1.543 	 0.000959583 	 0.000589894
     1.544 	 0.000957606 	 0.000588368
     1.545 	 0.000955626 	 0.000587047
     1.546 	 0.000953631 	 0.000585719
     1.547 	 0.000951486 	 0.000584051
     1.548 	 0.000949341 	 0.000582292
     1.549 	 0.000946915 	 0.000580459
     1.550 	 0.000944472 	 0.000578523
     1.551 	 0.000942026 	 0.000576301
     1.552 	 0.000939579 	 0.000574168
     1.553 	 0.000937117 	 0.000572523
     1.554 	 0.000934648 	 0.00057097
     1.555 	 0.000931973 	 0.000568952
     1.556 	 0.000929103 	 0.000566825
     1.557 	 0.000926105 	 0.000564905
     1.558 	 0.000922889 	 0.000562861
     1.559 	 0.000919637 	 0.000560591
     1.560 	 0.000916263 	 0.000558081
     1.561 	 0.000912913 	 0.000555351
     1.562 	 0.000909857 	 0.00055289
     1.563 	 0.000906801 	 0.000550916
     1.564 	 0.000904024 	 0.000549188
     1.565 	 0.000901266 	 0.000547247
     1.566 	 0.000898781 	 0.000545299
     1.567 	 0.000896369 	 0.000543172
     1.568 	 0.000893904 	 0.000541093
     1.569 	 0.000891409 	 0.000539473
     1.570 	 0.000888795 	 0.000537875
     1.571 	 0.000886063 	 0.000535915
     1.572 	 0.000883367 	 0.00053391
     1.573 	 0.000880737 	 0.000531982
     1.574 	 0.000878184 	 0.000530112
     1.575 	 0.000875911 	 0.000528407
     1.576 	 0.000873668 	 0.000526727
     1.577 	 0.000871808 	 0.000525319
     1.578 	 0.000869947 	 0.000523837
     1.579 	 0.000867929 	 0.000522036
     1.580 	 0.000865899 	 0.00052023
     1.581 	 0.000863875 	 0.000518612
     1.582 	 0.000861853 	 0.000517163
     1.583 	 0.000859973 	 0.000515988
     1.584 	 0.000858173 	 0.000514855
     1.585 	 0.000856449 	 0.000513556
     1.586 	 0.000854803 	 0.000512219
     1.587 	 0.000853177 	 0.000510948
     1.588 	 0.000851587 	 0.000509687
     1.589 	 0.000849971 	 0.000508381
     1.590 	 0.000848254 	 0.000507096
     1.591 	 0.000846512 	 0.000506013
     1.592 	 0.000844385 	 0.000504705
     1.593 	 0.000842258 	 0.000503184
     1.594 	 0.000839703 	 0.000501326
     1.595 	 0.000837108 	 0.000499485
     1.596 	 0.000834374 	 0.000497573
     1.597 	 0.000831599 	 0.000495625
     1.598 	 0.000828819 	 0.000493689
     1.599 	 0.000826037 	 0.000491749
     1.600 	 0.000823313 	 0.000489847
     1.601 	 0.000820651 	 0.000488023
     1.602 	 0.000817963 	 0.000486116
     1.603 	 0.000815226 	 0.000483924
     1.604 	 0.000812513 	 0.00048184
     1.605 	 0.000809901 	 0.000480235
     1.606 	 0.000807314 	 0.000478712
     1.607 	 0.000805198 	 0.00047723
     1.608 	 0.000803081 	 0.000475676
     1.609 	  0.00080128 	 0.000474315
     1.610 	  0.00079951 	 0.000473044
     1.611 	 0.000797946 	 0.000472102
     1.612 	 0.000796444 	 0.0004712
     1.613 	 0.000795036 	 0.000470156
     1.614 	 0.000793686 	 0.000469069
     1.615 	 0.000792351 	 0.000468066
     1.616 	 0.000791033 	 0.000467007
     1.617 	  0.00078971 	 0.0004657
     1.618 	 0.000788378 	 0.000464472
     1.619 	 0.000787013 	 0.000463626
     1.620 	 0.000785502 	 0.000462766
     1.621 	 0.000783975 	 0.000461663
     1.622 	 0.000782097 	 0.00046029
     1.623 	 0.000780219 	 0.000458951
     1.624 	 0.000777846 	 0.000457325
     1.625 	 0.000775417 	 0.000455662
     1.626 	 0.000772793 	 0.000453893
     1.627 	 0.000770106 	 0.00045209
     1.628 	 0.000767366 	 0.000450257
     1.629 	 0.000764592 	 0.000448408
     1.630 	 0.000762022 	 0.000446683
     1.631 	 0.000759682 	 0.000445097
     1.632 	 0.000757418 	 0.000443553
     1.633 	 0.000755312 	 0.000442107
     1.634 	 0.000753161 	 0.000440633
     1.635 	 0.000750802 	 0.000439044
     1.636 	 0.000748444 	 0.000437454
     1.637 	 0.000746121 	 0.00043589
     1.638 	 0.000743798 	 0.000434324
     1.639 	 0.000741462 	 0.000432759
     1.640 	 0.000739126 	 0.000431203
     1.641 	 0.000736843 	 0.000429631
     1.642 	 0.000734579 	 0.00042815
     1.643 	 0.000732292 	 0.000426837
     1.644 	 0.000729989 	 0.000425519
     1.645 	 0.000727633 	 0.000423983
     1.646 	 0.000725213 	 0.000422354
     1.647 	  0.00072266 	 0.000420709
     1.648 	 0.000719816 	 0.000418838
     1.649 	 0.000716931 	 0.000416728
     1.650 	  0.00071384 	 0.000414567
     1.651 	 0.000710745 	 0.000412769
     1.652 	 0.000707516 	 0.000410955
     1.653 	 0.000704286 	 0.000408935
     1.654 	 0.000701155 	 0.000406908
     1.655 	 0.000698038 	 0.00040493
     1.656 	  0.00069525 	 0.000403137
     1.657 	 0.000692579 	 0.000401424
     1.658 	 0.000690012 	 0.000399772
     1.659 	 0.000687515 	 0.000398126
     1.660 	 0.000685045 	 0.000396562
     1.661 	 0.000682604 	 0.000395219
     1.662 	  0.00068014 	 0.000393801
     1.663 	 0.000677618 	 0.000391981
     1.664 	 0.000675062 	 0.000390146
     1.665 	  0.00067233 	 0.000388608
     1.666 	 0.000669595 	 0.000387077
     1.667 	 0.000666671 	 0.000385036
     1.668 	 0.000663748 	 0.000383001
     1.669 	 0.000660965 	 0.000381438
     1.670 	 0.000658202 	 0.000379894
     1.671 	 0.000655592 	 0.000378045
     1.672 	 0.000653039 	 0.000376236
     1.673 	 0.000650611 	 0.000374829
     1.674 	 0.000648271 	 0.000373589
     1.675 	 0.000646101 	 0.000372452
     1.676 	 0.000644147 	 0.000371314
     1.677 	 0.000642237 	 0.000369918
     1.678 	 0.000640433 	 0.000368523
     1.679 	 0.000638671 	 0.000367351
     1.680 	 0.000637149 	 0.000366368
     1.681 	 0.000635629 	 0.000365365
     1.682 	  0.00063441 	 0.000364525
     1.683 	  0.00063319 	 0.000363699
     1.684 	 0.000632134 	 0.000362967
     1.685 	 0.000631103 	 0.000362246
     1.686 	 0.000630135 	 0.000361568
     1.687 	 0.000629191 	 0.000360899
     1.688 	 0.000628353 	 0.000360298
     1.689 	 0.000627593 	 0.000359737
     1.690 	 0.000626816 	 0.000359168
     1.691 	 0.000626018 	 0.000358588
     1.692 	 0.000625161 	 0.000357981
     1.693 	 0.000624158 	 0.000357291
     1.694 	 0.000623167 	 0.000356606
     1.695 	 0.000622243 	 0.000355963
     1.696 	 0.000621319 	 0.000355318
     1.697 	 0.000620389 	 0.000354669
     1.698 	 0.000619461 	 0.000354025
     1.699 	 0.000618563 	 0.000353401
     1.700 	 0.000617671 	 0.000352781
     1.701 	  0.00061683 	 0.000352163
     1.702 	 0.000616011 	 0.000351613
     1.703 	  0.00061519 	 0.000351214
     1.704 	 0.000614369 	 0.000350822
     1.705 	 0.000613469 	 0.000350225
     1.706 	 0.000612462 	 0.00034952
     1.707 	 0.000611427 	 0.000348822
     1.708 	 0.000610321 	 0.000348089
     1.709 	 0.000609203 	 0.000347347
     1.710 	 0.000608017 	 0.000346574
     1.711 	  0.00060683 	 0.000345768
     1.712 	 0.000605486 	 0.000344931
     1.713 	 0.000604141 	 0.000344264
     1.714 	 0.000602859 	 0.000343589
     1.715 	 0.000601589 	 0.000342616
     1.716 	 0.000600374 	 0.000341628
     1.717 	 0.000599184 	 0.000340801
     1.718 	 0.000597929 	 0.000340045
     1.719 	 0.000596624 	 0.000339385
     1.720 	 0.000595289 	 0.000338709
     1.721 	 0.000593913 	 0.000337861
     1.722 	 0.000592484 	 0.000336925
     1.723 	 0.000590912 	 0.000335943
     1.724 	 0.000589318 	 0.000334946
     1.725 	  0.00058757 	 0.000333863
     1.726 	 0.000585822 	 0.000332776
     1.727 	 0.000584171 	 0.000331749
     1.728 	 0.000582522 	 0.000330726
     1.729 	 0.000581099 	 0.000329829
     1.730 	 0.000579721 	 0.000328961
     1.731 	 0.000578434 	 0.000328142
     1.732 	 0.000577189 	 0.000327354
     1.733 	 0.000575959 	 0.00032657
     1.734 	 0.000574742 	 0.000325794
     1.735 	 0.000573599 	 0.000325062
     1.736 	 0.000572567 	 0.000324399
     1.737 	 0.000571567 	 0.000323754
     1.738 	 0.000570658 	 0.000323154
     1.739 	 0.000569777 	 0.000322578
     1.740 	 0.000569104 	 0.000322114
     1.741 	  0.00056843 	 0.000321657
     1.742 	 0.000567881 	 0.000321271
     1.743 	 0.000567336 	 0.000320884
     1.744 	 0.000566691 	 0.000320446
     1.745 	 0.000566027 	 0.000319995
     1.746 	 0.000565175 	 0.000319442
     1.747 	 0.000564238 	 0.000318838
     1.748 	  0.00056324 	 0.000318204
     1.749 	 0.000562191 	 0.000317539
     1.750 	 0.000561161 	 0.000316889
     1.751 	 0.000560158 	 0.000316257
     1.752 	 0.000559087 	 0.00031558
     1.753 	 0.000557811 	 0.000314796
     1.754 	 0.000556507 	 0.000313999
     1.755 	 0.000554962 	 0.000313063
     1.756 	 0.000553417 	 0.000312132
     1.757 	 0.000551578 	 0.000311008
     1.758 	 0.000549727 	 0.00030993
     1.759 	 0.000547668 	 0.000308868
     1.760 	 0.000545562 	 0.000307784
     1.761 	 0.000543525 	 0.000306595
     1.762 	 0.000541523 	 0.000305394
     1.763 	 0.000539628 	 0.000304274
     1.764 	 0.000537829 	 0.000303203
     1.765 	 0.000536023 	 0.000302135
     1.766 	 0.000534208 	 0.000301059
     1.767 	 0.000532399 	 0.000299992
     1.768 	  0.00053061 	 0.000298937
     1.769 	 0.000528876 	 0.000297914
     1.770 	 0.000527642 	 0.000297168
     1.771 	 0.000526409 	 0.000296435
     1.772 	 0.000525626 	 0.00029595
     1.773 	 0.000524864 	 0.000295479
     1.774 	 0.000524425 	 0.000295194
     1.775 	 0.000524063 	 0.000294951
     1.776 	 0.000523913 	 0.00029483
     1.777 	  0.00052387 	 0.000294744
     1.778 	 0.000523841 	 0.000294721
     1.779 	 0.000523826 	 0.00029485
     1.780 	 0.000523706 	 0.000294882
     1.781 	 0.000523416 	 0.000294558
     1.782 	 0.000523067 	 0.000294155
     1.783 	 0.000522526 	 0.000293801
     1.784 	 0.000521971 	 0.000293481
     1.785 	 0.000521269 	 0.00029306
     1.786 	 0.000520567 	 0.000292636
     1.787 	 0.000519568 	 0.000292051
     1.788 	 0.000518552 	 0.000291453
     1.789 	 0.000517577 	 0.000290885
     1.790 	 0.000516613 	 0.000290316
     1.791 	 0.000515687 	 0.000289771
     1.792 	  0.00051478 	 0.000289236
     1.793 	 0.000513815 	 0.000288676
     1.794 	 0.000512795 	 0.000288079
     1.795 	 0.000511745 	 0.000287469
     1.796 	 0.000510644 	 0.000286827
     1.797 	 0.000509603 	 0.000286225
     1.798 	 0.000508765 	 0.000285736
     1.799 	 0.000507934 	 0.000285249
     1.800 	 0.000507177 	 0.000284803
     1.801 	  0.00050642 	 0.000284337
     1.802 	 0.000505364 	 0.000283753
     1.803 	 0.000504288 	 0.000283298
     1.804 	 0.000503153 	 0.000282767
     1.805 	 0.000502003 	 0.000281958
     1.806 	 0.000500765 	 0.000281105
     1.807 	  0.00049948 	 0.000280511
     1.808 	 0.000498065 	 0.000279846
     1.809 	 0.000496521 	 0.000278819
     1.810 	 0.000494938 	 0.000277768
     1.811 	 0.000493284 	 0.000276941
     1.812 	   0.0004916 	 0.000276137
     1.813 	 0.000489808 	 0.000275134
     1.814 	 0.000488004 	 0.000274081
     1.815 	 0.000486046 	 0.000272964
     1.816 	 0.000484089 	 0.000271848
     1.817 	 0.000482223 	 0.000270777
     1.818 	 0.000480365 	 0.000269718
     1.819 	 0.000478684 	 0.000268753
     1.820 	 0.000477052 	 0.000267819
     1.821 	 0.000475293 	 0.000266816
     1.822 	 0.000473463 	 0.000265771
     1.823 	 0.000471491 	 0.000264647
     1.824 	 0.000469374 	 0.000263444
     1.825 	  0.00046731 	 0.000262266
     1.826 	 0.000465342 	 0.000261146
     1.827 	 0.000463399 	 0.000260042
     1.828 	  0.00046155 	 0.000258987
     1.829 	 0.000459692 	 0.000257932
     1.830 	 0.000457696 	 0.000256796
     1.831 	   0.0004557 	 0.00025566
     1.832 	 0.000453621 	 0.000254484
     1.833 	 0.000451535 	 0.000253302
     1.834 	 0.000449411 	 0.000252096
     1.835 	 0.000447276 	 0.000250886
     1.836 	  0.00044503 	 0.000249614
     1.837 	 0.000442719 	 0.000248308
     1.838 	  0.00044028 	 0.000246929
     1.839 	 0.000437706 	 0.000245461
     1.840 	  0.00043502 	 0.000243961
     1.841 	 0.000432119 	 0.000242454
     1.842 	 0.000429105 	 0.000240879
     1.843 	 0.000425636 	 0.000238944
     1.844 	 0.000422138 	 0.000236956
     1.845 	 0.000418133 	 0.000234701
     1.846 	 0.000414128 	 0.000232449
     1.847 	  0.00040983 	 0.000230048
     1.848 	 0.000405503 	 0.000227601
     1.849 	 0.000400865 	 0.00022488
     1.850 	 0.000396131 	 0.000222106
     1.851 	 0.000391059 	 0.000219246
     1.852 	 0.000385782 	 0.000216304
     1.853 	  0.00038036 	 0.000213268
     1.854 	 0.000374782 	 0.000210143
     1.855 	 0.000369202 	 0.000207002
     1.856 	 0.000363619 	 0.000203889
     1.857 	 0.000358001 	 0.000200848
     1.858 	 0.000352234 	 0.000197719
     1.859 	 0.000346456 	 0.000194513
     1.860 	  0.00034044 	 0.000191112
     1.861 	 0.000334425 	 0.000187648
     1.862 	 0.000328404 	 0.000184185
     1.863 	 0.000322382 	 0.000180803
     1.864 	 0.000316477 	 0.000177516
     1.865 	 0.000310608 	 0.000174235
     1.866 	 0.000304599 	 0.000170875
     1.867 	 0.000298501 	 0.000167466
     1.868 	 0.000292241 	 0.000163966
     1.869 	 0.000285799 	 0.000160352
     1.870 	 0.000279245 	 0.000156697
     1.871 	  0.00027246 	 0.000152981
     1.872 	 0.000265616 	 0.000149228
     1.873 	 0.000258502 	 0.000145253
     1.874 	 0.000251386 	 0.000141257
     1.875 	 0.000244173 	 0.000137216
     1.876 	 0.000236961 	 0.000133175
     1.877 	 0.000229797 	 0.000129161
     1.878 	 0.000222637 	 0.000125147
     1.879 	 0.000215296 	 0.000121033
     1.880 	 0.000207892 	 0.000116882
     1.881 	 0.000200297 	 0.000112624
     1.882 	 0.000192577 	 0.000108293
     1.883 	 0.000184919 	 0.000103997
     1.884 	 0.000177335 	 9.97428e-05
     1.885 	  0.00016986 	 9.55485e-05
     1.886 	 0.000162619 	 9.14846e-05
     1.887 	 0.000155387 	 8.74252e-05
     1.888 	  0.00014819 	 8.33848e-05
     1.889 	 0.000140993 	 7.93428e-05
     1.890 	 0.000133813 	 7.53103e-05
     1.891 	 0.000126632 	 7.1276e-05
     1.892 	 0.000119902 	 6.74958e-05
     1.893 	 0.000113231 	 6.37523e-05
     1.894 	 0.000107059 	 6.02794e-05
     1.895 	 0.000101065 	 5.68769e-05
     1.896 	 9.53323e-05 	 5.36319e-05
     1.897 	 8.97796e-05 	 5.05393e-05
     1.898 	 8.43885e-05 	 4.75338e-05
     1.899 	 7.91946e-05 	 4.45931e-05
     1.900 	 7.40889e-05 	 4.16972e-05
     1.901 	 6.91799e-05 	 3.89362e-05
     1.902 	 6.43266e-05 	 3.62112e-05
     1.903 	 5.97556e-05 	 3.36387e-05
     1.904 	 5.51985e-05 	 3.10791e-05
     1.905 	 5.13527e-05 	 2.89317e-05
     1.906 	 4.75064e-05 	 2.67813e-05
     1.907 	 4.43279e-05 	 2.49939e-05
     1.908 	 4.12444e-05 	 2.3256e-05
     1.909 	 3.83902e-05 	 2.1649e-05
     1.910 	 3.56208e-05 	 2.00896e-05
     1.911 	 3.29443e-05 	 1.85835e-05
     1.912 	 3.03338e-05 	 1.71113e-05
     1.913 	 2.79735e-05 	 1.57734e-05
     1.914 	 2.59285e-05 	 1.46143e-05
     1.915 	  2.4082e-05 	 1.35729e-05
     1.916 	 2.27012e-05 	 1.27981e-05
     1.917 	 2.14013e-05 	 1.20728e-05
     1.918 	 2.05443e-05 	 1.15965e-05
     1.919 	 1.96896e-05 	 1.11164e-05
     1.920 	 1.90588e-05 	 1.07604e-05
     1.921 	  1.8428e-05 	 1.04064e-05
     1.922 	  1.7909e-05 	 1.01135e-05
     1.923 	 1.74073e-05 	 9.82636e-06
     1.924 	 1.69843e-05 	 9.58372e-06
     1.925 	 1.65917e-05 	 9.36251e-06
     1.926 	 1.62106e-05 	 9.14917e-06
     1.927 	 1.58378e-05 	 8.93928e-06
     1.928 	 1.54309e-05 	 8.71137e-06
     1.929 	 1.49793e-05 	 8.46163e-06
     1.930 	 1.44925e-05 	 8.19193e-06
     1.931 	 1.39191e-05 	 7.86923e-06
     1.932 	 1.33267e-05 	 7.5348e-06
     1.933 	 1.26235e-05 	 7.13799e-06
     1.934 	 1.19202e-05 	 6.74113e-06
     1.935 	 1.12411e-05 	 6.35796e-06
     1.936 	 1.05618e-05 	 5.9745e-06
     1.937 	 9.99294e-06 	 5.65341e-06
     1.938 	 9.44246e-06 	 5.34264e-06
     1.939 	 8.96967e-06 	 5.07586e-06
     1.940 	 8.52816e-06 	 4.82662e-06
     1.941 	 8.12318e-06 	 4.598e-06
     1.942 	 7.74575e-06 	 4.38494e-06
     1.943 	 7.40163e-06 	 4.19069e-06
     1.944 	 7.10247e-06 	 4.02186e-06
     1.945 	 6.83881e-06 	 3.87318e-06
     1.946 	 6.66607e-06 	 3.77586e-06
     1.947 	 6.50924e-06 	 3.68754e-06
     1.948 	 6.45304e-06 	 3.65621e-06
     1.949 	 6.39683e-06 	 3.62515e-06
     1.950 	 6.32164e-06 	 3.58279e-06
     1.951 	 6.24633e-06 	 3.53857e-06
     1.952 	 6.17285e-06 	 3.49593e-06
     1.953 	  6.0997e-06 	 3.45659e-06
     1.954 	 6.12864e-06 	 3.47555e-06
     1.955 	 6.20046e-06 	 3.51713e-06
     1.956 	 6.33524e-06 	 3.59389e-06
     1.957 	 6.51949e-06 	 3.69897e-06
     1.958 	 6.68446e-06 	 3.79319e-06
     1.959 	 6.82241e-06 	 3.87206e-06
     1.960 	 6.93271e-06 	 3.93531e-06
     1.961 	 6.96903e-06 	 3.95654e-06
     1.962 	 6.99761e-06 	 3.97343e-06
     1.963 	 6.97327e-06 	 3.9603e-06
     1.964 	 6.94894e-06 	 3.94712e-06
     1.965 	 6.89717e-06 	 3.91839e-06
     1.966 	 6.84496e-06 	 3.88936e-06
     1.967 	 6.79454e-06 	 3.86161e-06
     1.968 	 6.74446e-06 	 3.8335e-06
     1.969 	 6.64964e-06 	 3.77833e-06
     1.970 	 6.53521e-06 	 3.71197e-06
     1.971 	 6.30706e-06 	 3.58276e-06
     1.972 	 5.98629e-06 	 3.40136e-06
     1.973 	 5.59957e-06 	 3.18219e-06
     1.974 	 5.11688e-06 	 2.90835e-06
     1.975 	  4.6409e-06 	 2.63829e-06
     1.976 	  4.1839e-06 	 2.37889e-06
     1.977 	 3.73658e-06 	 2.1249e-06
     1.978 	 3.36125e-06 	 1.91178e-06
     1.979 	 2.98597e-06 	 1.69862e-06
     1.980 	 2.63041e-06 	 1.49661e-06
     1.981 	  2.2754e-06 	 1.29485e-06
     1.982 	  1.9014e-06 	 1.0822e-06
     1.983 	 1.52352e-06 	 8.67284e-07
     1.984 	 1.17338e-06 	 6.68079e-07
     1.985 	 8.35819e-07 	 4.75969e-07
     1.986 	 5.55884e-07 	 3.16613e-07
     1.987 	 3.24494e-07 	 1.84854e-07
     1.988 	 2.07614e-07 	 1.1829e-07
     1.989 	 2.63657e-07 	 1.5025e-07
     1.990 	 4.04831e-07 	 2.30743e-07
     1.991 	 7.95668e-07 	 4.53586e-07
     1.992 	 1.19345e-06 	 6.80462e-07
     1.993 	 1.64781e-06 	 9.39702e-07
     1.994 	 2.10212e-06 	 1.19899e-06
     1.995 	 2.61716e-06 	 1.49301e-06
     1.996 	 3.13434e-06 	 1.78838e-06
     1.997 	 3.69274e-06 	 2.10782e-06
     1.998 	 4.26016e-06 	 2.43162e-06
     1.999 	 4.83952e-06 	 2.75888e-06
     2.000 	 5.42466e-06 	 3.08781e-06
     2.001 	 5.98125e-06 	 3.406e-06
     2.002 	 6.51307e-06 	 3.70962e-06
     2.003 	 7.02976e-06 	 4.00474e-06
     2.004 	 7.52291e-06 	 4.28659e-06
     2.005 	 7.99942e-06 	 4.55906e-06
     2.006 	 8.42431e-06 	 4.80163e-06
     2.007 	 8.83159e-06 	 5.03483e-06
     2.008 	 9.08229e-06 	 5.17884e-06
     2.009 	 9.33306e-06 	 5.32295e-06
     2.010 	  9.5376e-06 	 5.44008e-06
     2.011 	 9.74008e-06 	 5.55664e-06
     2.012 	 9.90066e-06 	 5.64933e-06
     2.013 	 1.00516e-05 	 5.73655e-06
     2.014 	 1.01959e-05 	 5.81931e-06
     2.015 	  1.0337e-05 	 5.90097e-06
     2.016 	 1.04978e-05 	 5.99392e-06
     2.017 	 1.06765e-05 	 6.09712e-06
     2.018 	 1.08909e-05 	 6.22074e-06
     2.019 	 1.11633e-05 	 6.37678e-06
     2.020 	 1.14501e-05 	 6.54186e-06
     2.021 	 1.17837e-05 	 6.73377e-06
     2.022 	 1.20866e-05 	 6.9082e-06
     2.023 	 1.20871e-05 	 6.90898e-06
     2.024 	 1.20877e-05 	 6.91065e-06
     2.025 	 1.17621e-05 	 6.7258e-06
     2.026 	 1.14189e-05 	 6.53082e-06
     2.027 	 1.09398e-05 	 6.25801e-06
     2.028 	 1.04275e-05 	 5.96538e-06
     2.029 	 9.81653e-06 	 5.61694e-06
     2.030 	 9.15471e-06 	 5.23927e-06
     2.031 	 8.46886e-06 	 4.84777e-06
     2.032 	 7.76028e-06 	 4.4431e-06
     2.033 	  7.0313e-06 	 4.02608e-06
     2.034 	 6.26759e-06 	 3.58954e-06
     2.035 	 5.49452e-06 	 3.14746e-06
     2.036 	  4.6905e-06 	 2.68745e-06
     2.037 	 3.88416e-06 	 2.22592e-06
     2.038 	 3.05209e-06 	 1.74924e-06
     2.039 	 2.22021e-06 	 1.27273e-06
     2.040 	 1.64812e-06 	 9.4498e-07
     2.041 	 1.09277e-06 	 6.26678e-07
     2.042 	 7.39576e-07 	 4.24209e-07
     2.043 	 4.38534e-07 	 2.51583e-07
     2.044 	 2.39304e-07 	 1.37295e-07
     2.045 	 9.45798e-08 	 5.42732e-08
     2.046 	 2.02043e-08 	 1.15961e-08
     2.047 	 1.41593e-08 	 8.12815e-09
     2.048 	 1.07382e-08 	 6.16542e-09
     2.049 	 1.19228e-08 	 6.84601e-09
     2.050 	  1.4616e-08 	 8.394e-09
     2.051 	  2.2702e-08 	 1.30407e-08
     2.052 	 3.05434e-08 	 1.75488e-08
     2.053 	 3.53847e-08 	 2.03349e-08
     2.054 	 4.02261e-08 	 2.31222e-08
     2.055 	 1.05679e-07 	 6.07509e-08
     2.056 	 1.75632e-07 	 1.00986e-07
     2.057 	 3.38031e-07 	 1.94407e-07
     2.058 	  5.2559e-07 	 3.02341e-07
     2.059 	 6.90476e-07 	 3.97277e-07
     2.060 	 8.42762e-07 	 4.85003e-07
     2.061 	 9.80089e-07 	 5.64121e-07
     2.062 	 1.10228e-06 	 6.34472e-07
     2.063 	 1.21517e-06 	 6.99559e-07
     2.064 	  1.3111e-06 	 7.54902e-07
     2.065 	 1.40221e-06 	 8.07485e-07
     2.066 	 1.47513e-06 	 8.49608e-07
     2.067 	 1.54587e-06 	 8.90487e-07
     2.068 	 1.58577e-06 	 9.13612e-07
     2.069 	 1.62566e-06 	 9.36624e-07
     2.070 	 1.65292e-06 	 9.52476e-07
     2.071 	  1.6791e-06 	 9.67754e-07
     2.072 	 1.67585e-06 	 9.66073e-07
     2.073 	 1.66419e-06 	 9.59541e-07
     2.074 	 1.63208e-06 	 9.41213e-07
     2.075 	 1.58812e-06 	 9.16044e-07
     2.076 	 1.58625e-06 	 9.15146e-07
     2.077 	 1.62831e-06 	 9.39485e-07
     2.078 	 1.66696e-06 	 9.61975e-07
     2.079 	 1.69909e-06 	 9.80712e-07
     2.080 	  1.7389e-06 	 1.00389e-06
     2.081 	 1.80923e-06 	 1.04478e-06
     2.082 	 1.87754e-06 	 1.08452e-06
     2.083 	 1.91273e-06 	 1.10514e-06
     2.084 	 1.94793e-06 	 1.12579e-06
     2.085 	  1.9986e-06 	 1.15539e-06
     2.086 	 2.05075e-06 	 1.18571e-06
     2.087 	 2.13664e-06 	 1.23571e-06
     2.088 	  2.2327e-06 	 1.29161e-06
     2.089 	 2.33704e-06 	 1.35234e-06
     2.090 	 2.44637e-06 	 1.41599e-06
     2.091 	 2.51364e-06 	 1.45541e-06
     2.092 	 2.53541e-06 	 1.46851e-06
     2.093 	 2.52838e-06 	 1.46493e-06
     2.094 	  2.4645e-06 	 1.42839e-06
     2.095 	  2.4048e-06 	 1.39426e-06
     2.096 	 2.36253e-06 	 1.37021e-06
     2.097 	 2.32036e-06 	 1.34603e-06
     2.098 	 2.28012e-06 	 1.32313e-06
     2.099 	 2.23989e-06 	 1.30022e-06
     2.100 	  2.2653e-06 	 1.31541e-06
     2.101 	  2.2977e-06 	 1.3347e-06
     2.102 	 2.30231e-06 	 1.33786e-06
     2.103 	 2.29814e-06 	 1.33591e-06
     2.104 	 2.25616e-06 	 1.31198e-06
     2.105 	 2.19059e-06 	 1.27431e-06
     2.106 	  2.1126e-06 	 1.22938e-06
     2.107 	 2.02069e-06 	 1.17631e-06
     2.108 	 1.95566e-06 	 1.13887e-06
     2.109 	 1.94582e-06 	 1.13354e-06
     2.110 	 1.96521e-06 	 1.14524e-06
     2.111 	 2.11484e-06 	 1.23293e-06
     2.112 	 2.26628e-06 	 1.32174e-06
     2.113 	 2.46268e-06 	 1.43685e-06
     2.114 	 2.65913e-06 	 1.5519e-06
     2.115 	 2.87099e-06 	 1.67621e-06
     2.116 	 3.08466e-06 	 1.80167e-06
     2.117 	 3.31422e-06 	 1.93652e-06
     2.118 	 3.54899e-06 	 2.07451e-06
     2.119 	    3.84e-06 	 2.24551e-06
     2.120 	 4.16745e-06 	 2.43795e-06
     2.121 	 4.49614e-06 	 2.63023e-06
     2.122 	  4.8261e-06 	 2.82504e-06
     2.123 	  5.1196e-06 	 2.99843e-06
     2.124 	 5.33514e-06 	 3.12568e-06
     2.125 	 5.51471e-06 	 3.23259e-06
     2.126 	 5.52433e-06 	 3.23994e-06
     2.127 	 5.52543e-06 	 3.24263e-06
     2.128 	 5.25366e-06 	 3.08414e-06
     2.129 	 4.98188e-06 	 2.92615e-06
     2.130 	 4.67771e-06 	 2.74894e-06
     2.131 	 4.36947e-06 	 2.56895e-06
     2.132 	 4.03788e-06 	 2.37554e-06
     2.133 	 3.69819e-06 	 2.17667e-06
     2.134 	 3.33638e-06 	 1.96499e-06
     2.135 	 2.95984e-06 	 1.74401e-06
     2.136 	 2.56201e-06 	 1.51073e-06
     2.137 	 2.13846e-06 	 1.26154e-06
     2.138 	 1.72494e-06 	 1.01826e-06
     2.139 	 1.33352e-06 	 7.87548e-07
     2.140 	 9.58621e-07 	 5.66394e-07
     2.141 	 6.67402e-07 	 3.94552e-07
     2.142 	 3.78925e-07 	 2.24093e-07
     2.143 	 2.15441e-07 	 1.27456e-07
     2.144 	 5.19177e-08 	 3.0726e-08
     2.145 	 4.21203e-08 	 2.49418e-08
     2.146 	 5.37889e-08 	 3.1863e-08
     2.147 	 6.98825e-08 	 4.14113e-08
     2.148 	 8.75807e-08 	 5.19126e-08
     2.149 	 9.57101e-08 	 5.67586e-08
     2.150 	 9.71678e-08 	 5.76556e-08
     2.151 	 9.80021e-08 	 5.81653e-08
     2.152 	 9.80599e-08 	 5.82142e-08
     2.153 	 9.89303e-08 	 5.87457e-08
     2.154 	 1.01687e-07 	 6.03978e-08
     2.155 	 1.09374e-07 	 6.49799e-08
     2.156 	 1.43609e-07 	 8.53405e-08
     2.157 	 1.78499e-07 	 1.06101e-07
     2.158 	  2.6291e-07 	 1.56314e-07
     2.159 	 3.47321e-07 	 2.06532e-07
     2.160 	 4.43866e-07 	 2.64008e-07
     2.161 	  5.4222e-07 	 3.22614e-07
     2.162 	 6.45353e-07 	 3.84103e-07
     2.163 	  7.5033e-07 	 4.4673e-07
     2.164 	 8.90606e-07 	 5.30313e-07
     2.165 	 1.05642e-06 	 6.29329e-07
     2.166 	 1.26708e-06 	 7.54994e-07
     2.167 	 1.53576e-06 	 9.15389e-07
     2.168 	 1.82048e-06 	 1.08545e-06
     2.169 	 2.14424e-06 	 1.27891e-06
     2.170 	 2.47536e-06 	 1.47689e-06
     2.171 	 2.84834e-06 	 1.69957e-06
     2.172 	 3.22131e-06 	 1.92267e-06
     2.173 	 3.59126e-06 	 2.14388e-06
     2.174 	 3.96113e-06 	 2.36537e-06
     2.175 	  4.2514e-06 	 2.53974e-06
     2.176 	 4.52874e-06 	 2.70565e-06
     2.177 	 4.77468e-06 	 2.85341e-06
     2.178 	  5.0082e-06 	 2.99352e-06
     2.179 	 5.24348e-06 	 3.13506e-06
     2.180 	 5.48015e-06 	 3.27685e-06
     2.181 	 5.70778e-06 	 3.41384e-06
     2.182 	 5.92334e-06 	 3.54369e-06
     2.183 	  6.0991e-06 	 3.65022e-06
     2.184 	 6.17396e-06 	 3.69486e-06
     2.185 	 6.22321e-06 	 3.7253e-06
     2.186 	 6.11385e-06 	 3.66079e-06
     2.187 	 6.00451e-06 	 3.59626e-06
     2.188 	 5.76286e-06 	 3.45173e-06
     2.189 	 5.52055e-06 	 3.30745e-06
     2.190 	 5.27268e-06 	 3.15983e-06
     2.191 	 5.02391e-06 	 3.01165e-06
     2.192 	  4.8274e-06 	 2.89472e-06
     2.193 	 4.65253e-06 	 2.79013e-06
     2.194 	 4.48021e-06 	 2.6876e-06
     2.195 	 4.30984e-06 	 2.58618e-06
     2.196 	 4.10073e-06 	 2.46148e-06
     2.197 	 3.83795e-06 	 2.30397e-06
     2.198 	 3.55412e-06 	 2.13422e-06
     2.199 	 3.21468e-06 	 1.93097e-06
     2.200 	 2.88731e-06 	 1.73485e-06
     2.201 	 2.64122e-06 	 1.58757e-06
     2.202 	 2.39512e-06 	 1.44001e-06
     2.203 	 2.34567e-06 	 1.41064e-06
     2.204 	 2.29904e-06 	 1.38294e-06
     2.205 	 2.38426e-06 	 1.43457e-06
     2.206 	 2.49426e-06 	 1.50143e-06
     2.207 	 2.62748e-06 	 1.58221e-06
     2.208 	 2.77076e-06 	 1.66891e-06
     2.209 	 2.95107e-06 	 1.77796e-06
     2.210 	 3.16115e-06 	 1.90501e-06
     2.211 	 3.22894e-06 	 1.94631e-06
     2.212 	 3.09164e-06 	 1.86377e-06
     2.213 	 2.96486e-06 	 1.78754e-06
     2.214 	 2.86736e-06 	 1.72896e-06
     2.215 	  2.7745e-06 	 1.67316e-06
     2.216 	 2.71524e-06 	 1.63813e-06
     2.217 	   2.656e-06 	 1.60257e-06
     2.218 	 2.56626e-06 	 1.5486e-06
     2.219 	 2.47579e-06 	 1.49418e-06
     2.220 	 2.38725e-06 	 1.44091e-06
     2.221 	  2.2991e-06 	 1.38818e-06
     2.222 	 2.11282e-06 	 1.276e-06
     2.223 	 1.88216e-06 	 1.13695e-06
     2.224 	 1.61509e-06 	 9.75845e-07
     2.225 	 1.31756e-06 	 7.96351e-07
     2.226 	  9.8013e-07 	 5.92538e-07
     2.227 	 5.83234e-07 	 3.52675e-07
     2.228 	 2.81534e-07 	 1.70279e-07
     2.229 	 2.55685e-07 	 1.54698e-07
     2.230 	 2.32604e-07 	 1.40765e-07
     2.231 	 2.31298e-07 	 1.40008e-07
     2.232 	 2.29991e-07 	 1.39249e-07
     2.233 	 2.30888e-07 	 1.39842e-07
     2.234 	 2.31856e-07 	 1.40461e-07
     2.235 	 2.46282e-07 	 1.49236e-07
     2.236 	 2.63582e-07 	 1.59756e-07
     2.237 	 3.48604e-07 	 2.11362e-07
     2.238 	  4.6546e-07 	 2.8228e-07
     2.239 	 6.47433e-07 	 3.9281e-07
     2.240 	 8.85721e-07 	 5.37573e-07
     2.241 	  1.1767e-06 	 7.14326e-07
     2.242 	 1.54959e-06 	 9.40889e-07
     2.243 	 1.93419e-06 	 1.17466e-06
     2.244 	 2.35463e-06 	 1.43061e-06
     2.245 	 2.76965e-06 	 1.68311e-06
     2.246 	 3.13788e-06 	 1.90728e-06
     2.247 	 3.50601e-06 	 2.13149e-06
     2.248 	 3.82631e-06 	 2.32697e-06
     2.249 	 4.14466e-06 	 2.5211e-06
     2.250 	 4.39341e-06 	 2.67297e-06
     2.251 	 4.62642e-06 	 2.81581e-06
     2.252 	 4.81045e-06 	 2.9286e-06
     2.253 	 4.97044e-06 	 3.02681e-06
     2.254 	 5.04625e-06 	 3.0738e-06
     2.255 	 5.04657e-06 	 3.07517e-06
     2.256 	 5.05207e-06 	 3.07935e-06
     2.257 	 5.06594e-06 	 3.088e-06
     2.258 	  5.0723e-06 	 3.09306e-06
     2.259 	 5.05478e-06 	 3.0832e-06
     2.260 	 5.02757e-06 	 3.06742e-06
     2.261 	 4.90775e-06 	 2.99551e-06
     2.262 	 4.78791e-06 	 2.92319e-06
     2.263 	 4.68941e-06 	 2.86386e-06
     2.264 	 4.59201e-06 	 2.80517e-06
     2.265 	 4.60489e-06 	 2.81416e-06
     2.266 	  4.6442e-06 	 2.83898e-06
     2.267 	 4.75034e-06 	 2.90468e-06
     2.268 	 4.89055e-06 	 2.99161e-06
     2.269 	 5.07233e-06 	 3.10368e-06
     2.270 	 5.29267e-06 	 3.23941e-06
     2.271 	 5.42062e-06 	 3.31899e-06
     2.272 	 5.39398e-06 	 3.30355e-06
     2.273 	 5.33922e-06 	 3.27088e-06
     2.274 	 5.19031e-06 	 3.18086e-06
     2.275 	 5.03244e-06 	 3.08493e-06
     2.276 	 4.77983e-06 	 2.93085e-06
     2.277 	 4.52723e-06 	 2.7767e-06
     2.278 	 4.39601e-06 	 2.69724e-06
     2.279 	 4.27233e-06 	 2.62205e-06
     2.280 	 4.27517e-06 	 2.62448e-06
     2.281 	 4.31012e-06 	 2.64706e-06
     2.282 	 4.34439e-06 	 2.66894e-06
     2.283 	 4.37829e-06 	 2.69088e-06
     2.284 	 4.39138e-06 	 2.70007e-06
     2.285 	 4.38442e-06 	 2.69663e-06
     2.286 	 4.36001e-06 	 2.68245e-06
     2.287 	 4.30526e-06 	 2.65043e-06
     2.288 	 4.27564e-06 	 2.63301e-06
     2.289 	 4.33453e-06 	 2.6701e-06
     2.290 	 4.39066e-06 	 2.70583e-06
     2.291 	  4.4137e-06 	 2.72067e-06
     2.292 	 4.43674e-06 	 2.73552e-06
     2.293 	 4.43248e-06 	 2.73353e-06
     2.294 	 4.42626e-06 	 2.73065e-06
     2.295 	 4.38512e-06 	 2.70591e-06
     2.296 	 4.33464e-06 	 2.67539e-06
     2.297 	 4.22527e-06 	 2.6088e-06
     2.298 	 4.08341e-06 	 2.52181e-06
     2.299 	 3.90593e-06 	 2.41277e-06
     2.300 	 3.69285e-06 	 2.28194e-06
     2.301 	 3.48399e-06 	 2.15329e-06
     2.302 	 3.28289e-06 	 2.02939e-06
     2.303 	 3.08301e-06 	 1.90661e-06
     2.304 	 2.88763e-06 	 1.7865e-06
     2.305 	 2.70064e-06 	 1.67113e-06
     2.306 	 2.62902e-06 	 1.62731e-06
     2.307 	  2.5574e-06 	 1.58329e-06
     2.308 	 2.57503e-06 	 1.59451e-06
     2.309 	     2.6e-06 	 1.61028e-06
     2.310 	 2.66594e-06 	 1.65196e-06
     2.311 	 2.74345e-06 	 1.70024e-06
     2.312 	 2.79091e-06 	 1.72991e-06
     2.313 	 2.82117e-06 	 1.74912e-06
     2.314 	 2.82819e-06 	 1.75373e-06
     2.315 	 2.81115e-06 	 1.7436e-06
     2.316 	 2.80789e-06 	 1.74239e-06
     2.317 	 2.83048e-06 	 1.75666e-06
     2.318 	 2.89361e-06 	 1.79611e-06
     2.319 	 3.11548e-06 	 1.93433e-06
     2.320 	 3.35959e-06 	 2.0862e-06
     2.321 	 3.95621e-06 	 2.45682e-06
     2.322 	 4.55269e-06 	 2.82797e-06
     2.323 	 5.18644e-06 	 3.22218e-06
     2.324 	 5.82363e-06 	 3.61826e-06
     2.325 	 6.39685e-06 	 3.97503e-06
     2.326 	  6.9509e-06 	 4.32006e-06
     2.327 	 7.45283e-06 	 4.63322e-06
     2.328 	 7.92385e-06 	 4.92632e-06
     2.329 	 8.36298e-06 	 5.20022e-06
     2.330 	 8.76808e-06 	 5.45243e-06
     2.331 	  9.1565e-06 	 5.6948e-06
     2.332 	  9.5121e-06 	 5.91803e-06
     2.333 	 9.85001e-06 	 6.12985e-06
     2.334 	 1.01148e-05 	 6.29555e-06
     2.335 	 1.03693e-05 	 6.45556e-06
     2.336 	 1.04326e-05 	 6.49665e-06
     2.337 	 1.04958e-05 	 6.5383e-06
     2.338 	  1.0229e-05 	 6.37302e-06
     2.339 	 9.92797e-06 	 6.18637e-06
     2.340 	 9.46522e-06 	 5.89955e-06
     2.341 	 8.95191e-06 	 5.58062e-06
     2.342 	 8.40931e-06 	 5.24438e-06
     2.343 	 7.84855e-06 	 4.89611e-06
     2.344 	 7.29943e-06 	 4.55439e-06
     2.345 	 6.76349e-06 	 4.22119e-06
     2.346 	 6.27466e-06 	 3.91761e-06
     2.347 	 5.88157e-06 	 3.67326e-06
     2.348 	  5.5221e-06 	 3.44939e-06
     2.349 	 5.31049e-06 	 3.31781e-06
     2.350 	 5.11124e-06 	 3.1939e-06
     2.351 	 5.19577e-06 	 3.24835e-06
     2.352 	 5.28028e-06 	 3.30179e-06
     2.353 	 5.23713e-06 	 3.27541e-06
     2.354 	 5.17938e-06 	 3.24058e-06
     2.355 	 5.06799e-06 	 3.17147e-06
     2.356 	 4.93903e-06 	 3.09196e-06
     2.357 	 4.89801e-06 	 3.06684e-06
     2.358 	 4.91339e-06 	 3.07739e-06
     2.359 	 4.99938e-06 	 3.13182e-06
     2.360 	 5.16653e-06 	 3.23713e-06
     2.361 	 5.36078e-06 	 3.3601e-06
     2.362 	 5.61217e-06 	 3.51867e-06
     2.363 	 5.83951e-06 	 3.66183e-06
     2.364 	 5.95494e-06 	 3.73524e-06
     2.365 	 6.06555e-06 	 3.80527e-06
     2.366 	 6.03422e-06 	 3.78703e-06
     2.367 	 6.00289e-06 	 3.76844e-06
     2.368 	 5.74012e-06 	 3.6041e-06
     2.369 	 5.44836e-06 	 3.4215e-06
     2.370 	 5.31281e-06 	 3.33695e-06
     2.371 	 5.23083e-06 	 3.28629e-06
     2.372 	 5.24237e-06 	 3.29468e-06
     2.373 	 5.31617e-06 	 3.34153e-06
     2.374 	 5.46819e-06 	 3.43758e-06
     2.375 	 5.71337e-06 	 3.59299e-06
     2.376 	 5.95147e-06 	 3.74325e-06
     2.377 	 6.17404e-06 	 3.88458e-06
     2.378 	 6.39115e-06 	 4.02174e-06
     2.379 	 6.58151e-06 	 4.14212e-06
     2.380 	 6.77237e-06 	 4.26332e-06
     2.381 	 6.98104e-06 	 4.39545e-06
     2.382 	 7.18971e-06 	 4.52763e-06
     2.383 	 7.29075e-06 	 4.593e-06
     2.384 	 7.37711e-06 	 4.64822e-06
     2.385 	 7.39952e-06 	 4.66367e-06
     2.386 	 7.39896e-06 	 4.66414e-06
     2.387 	 7.35334e-06 	 4.63619e-06
     2.388 	 7.27664e-06 	 4.5891e-06
     2.389 	 7.18266e-06 	 4.53062e-06
     2.390 	 7.06731e-06 	 4.45955e-06
     2.391 	 6.95315e-06 	 4.38907e-06
     2.392 	 6.84167e-06 	 4.31975e-06
     2.393 	 6.75181e-06 	 4.26406e-06
     2.394 	  6.7763e-06 	 4.28057e-06
     2.395 	 6.79965e-06 	 4.29636e-06
     2.396 	 6.74929e-06 	 4.26558e-06
     2.397 	 6.69891e-06 	 4.23524e-06
     2.398 	 6.68385e-06 	 4.22675e-06
     2.399 	 6.67402e-06 	 4.22241e-06
     2.400 	 6.86552e-06 	 4.34463e-06
     2.401 	 7.13261e-06 	 4.51432e-06
     2.402 	 7.57469e-06 	 4.79484e-06
     2.403 	 8.14219e-06 	 5.15484e-06
     2.404 	 8.84976e-06 	 5.60427e-06
     2.405 	 9.73687e-06 	 6.16698e-06
     2.406 	 1.05538e-05 	 6.68539e-06
     2.407 	 1.12029e-05 	 7.09763e-06
     2.408 	 1.18047e-05 	 7.48002e-06
     2.409 	 1.21409e-05 	 7.69498e-06
     2.410 	 1.24756e-05 	 7.90991e-06
     2.411 	 1.25613e-05 	 7.96606e-06
     2.412 	  1.2647e-05 	 8.02223e-06
     2.413 	 1.28236e-05 	 8.13701e-06
     2.414 	 1.30147e-05 	 8.26014e-06
     2.415 	 1.32725e-05 	 8.42568e-06
     2.416 	 1.35564e-05 	 8.60785e-06
     2.417 	 1.38127e-05 	 8.7726e-06
     2.418 	 1.40484e-05 	 8.92432e-06
     2.419 	 1.42007e-05 	 9.02312e-06
     2.420 	 1.42422e-05 	 9.05154e-06
     2.421 	 1.42096e-05 	 9.03376e-06
     2.422 	 1.39914e-05 	 8.89792e-06
     2.423 	 1.37941e-05 	 8.77528e-06
     2.424 	 1.37236e-05 	 8.73327e-06
     2.425 	 1.36531e-05 	 8.69122e-06
     2.426 	 1.35517e-05 	 8.63043e-06
     2.427 	 1.34503e-05 	 8.57036e-06
     2.428 	  1.3322e-05 	 8.49137e-06
     2.429 	 1.31892e-05 	 8.40944e-06
     2.430 	 1.30104e-05 	 8.29814e-06
     2.431 	 1.28128e-05 	 8.17556e-06
     2.432 	 1.26141e-05 	 8.05219e-06
     2.433 	 1.24145e-05 	 7.92813e-06
     2.434 	 1.22172e-05 	 7.80544e-06
     2.435 	  1.2023e-05 	 7.68461e-06
     2.436 	 1.18159e-05 	 7.55543e-06
     2.437 	 1.15754e-05 	 7.40479e-06
     2.438 	 1.13181e-05 	 7.24325e-06
     2.439 	 1.09518e-05 	 7.0118e-06
     2.440 	 1.05854e-05 	 6.78008e-06
     2.441 	 1.02074e-05 	 6.54081e-06
     2.442 	 9.82925e-06 	 6.30124e-06
     2.443 	 9.70447e-06 	 6.22396e-06
     2.444 	 9.62653e-06 	 6.17666e-06
     2.445 	 9.82285e-06 	 6.30537e-06
     2.446 	 1.01366e-05 	 6.5096e-06
     2.447 	 1.06736e-05 	 6.85744e-06
     2.448 	 1.13887e-05 	 7.3185e-06
     2.449 	 1.20745e-05 	 7.76257e-06
     2.450 	 1.27186e-05 	 8.18021e-06
     2.451 	 1.33016e-05 	 8.55871e-06
     2.452 	 1.37174e-05 	 8.8299e-06
     2.453 	 1.41216e-05 	 9.09199e-06
     2.454 	 1.44424e-05 	 9.30237e-06
     2.455 	 1.47633e-05 	 9.51298e-06
     2.456 	 1.52316e-05 	 9.81881e-06
     2.457 	 1.57029e-05 	 1.01268e-05
     2.458 	 1.63184e-05 	 1.05281e-05
     2.459 	 1.69625e-05 	 1.09481e-05
     2.460 	 1.76259e-05 	 1.1381e-05
     2.461 	  1.8298e-05 	 1.18192e-05
     2.462 	 1.87536e-05 	 1.21191e-05
     2.463 	 1.90301e-05 	 1.23035e-05
     2.464 	  1.9117e-05 	 1.23654e-05
     2.465 	 1.89234e-05 	 1.22459e-05
     2.466 	 1.87151e-05 	 1.21167e-05
     2.467 	 1.84653e-05 	 1.19605e-05
     2.468 	 1.82154e-05 	 1.18041e-05
     2.469 	 1.79653e-05 	 1.16437e-05
     2.470 	 1.77154e-05 	 1.1487e-05
     2.471 	 1.74877e-05 	 1.13455e-05
     2.472 	 1.72607e-05 	 1.12042e-05
     2.473 	  1.6923e-05 	 1.09908e-05
     2.474 	 1.65621e-05 	 1.07622e-05
     2.475 	 1.61465e-05 	 1.04955e-05
     2.476 	 1.57054e-05 	 1.02142e-05
     2.477 	 1.52167e-05 	 9.9016e-06
     2.478 	  1.4687e-05 	 9.562e-06
     2.479 	 1.42357e-05 	 9.27121e-06
     2.480 	 1.39051e-05 	 9.05971e-06
     2.481 	 1.36073e-05 	 8.8703e-06
     2.482 	 1.34076e-05 	 8.74467e-06
     2.483 	 1.32185e-05 	 8.62582e-06
     2.484 	 1.31173e-05 	 8.56422e-06
     2.485 	 1.30161e-05 	 8.50162e-06
     2.486 	  1.3106e-05 	 8.56477e-06
     2.487 	 1.32036e-05 	 8.63126e-06
     2.488 	 1.34894e-05 	 8.82266e-06
     2.489 	 1.38173e-05 	 9.04079e-06
     2.490 	  1.4918e-05 	 9.76602e-06
     2.491 	 1.63932e-05 	 1.07363e-05
     2.492 	 1.75382e-05 	 1.14898e-05
     2.493 	 1.83891e-05 	 1.20486e-05
     2.494 	 1.92423e-05 	 1.26129e-05
     2.495 	 2.00989e-05 	 1.31799e-05
     2.496 	 2.09574e-05 	 1.37471e-05
     2.497 	 2.18207e-05 	 1.43194e-05
     2.498 	 2.26805e-05 	 1.48898e-05
     2.499 	 2.35086e-05 	 1.54368e-05
     2.500 	 2.43365e-05 	 1.59854e-05
     2.501 	 2.46643e-05 	 1.62064e-05
     2.502 	 2.49674e-05 	 1.64114e-05
     2.503 	 2.49315e-05 	 1.63919e-05
     2.504 	 2.48008e-05 	 1.63084e-05
     2.505 	 2.45961e-05 	 1.61795e-05
     2.506 	 2.37121e-05 	 1.56003e-05
     2.507 	 2.37146e-05 	 1.56074e-05
     2.508 	 2.47672e-05 	 1.63026e-05
     2.509 	 2.47219e-05 	 1.62767e-05
     2.510 	 2.42964e-05 	 1.60022e-05
     2.511 	 2.40176e-05 	 1.58247e-05
     2.512 	 2.41279e-05 	 1.58986e-05
     2.513 	 2.44143e-05 	 1.60935e-05
     2.514 	 2.55992e-05 	 1.68793e-05
     2.515 	 2.70086e-05 	 1.78154e-05
     2.516 	 2.81555e-05 	 1.85753e-05
     2.517 	 2.86686e-05 	 1.8919e-05
     2.518 	 2.86138e-05 	 1.88882e-05
     2.519 	 2.85945e-05 	 1.88789e-05
     2.520 	  2.9337e-05 	 1.93744e-05
     2.521 	 3.03968e-05 	 2.00823e-05
     2.522 	 3.10407e-05 	 2.05093e-05
     2.523 	 3.14659e-05 	 2.07984e-05
     2.524 	 3.20907e-05 	 2.12174e-05
     2.525 	 3.28076e-05 	 2.16999e-05
     2.526 	 3.37334e-05 	 2.23165e-05
     2.527 	 3.45101e-05 	 2.28367e-05
     2.528 	  3.4014e-05 	 2.2515e-05
     2.529 	 3.31783e-05 	 2.19635e-05
     2.530 	 3.26638e-05 	 2.16313e-05
     2.531 	  3.2483e-05 	 2.15188e-05
     2.532 	 3.19601e-05 	 2.11775e-05
     2.533 	 3.17309e-05 	 2.10327e-05
     2.534 	 3.25318e-05 	 2.15731e-05
     2.535 	 3.43839e-05 	 2.28067e-05
     2.536 	 3.46502e-05 	 2.2991e-05
     2.537 	 3.44667e-05 	 2.28794e-05
     2.538 	 3.45461e-05 	 2.29327e-05
     2.539 	 3.52826e-05 	 2.34319e-05
     2.540 	 3.57539e-05 	 2.37528e-05
     2.541 	 3.62461e-05 	 2.40847e-05
     2.542 	 3.73213e-05 	 2.48066e-05
     2.543 	 3.95404e-05 	 2.62922e-05
     2.544 	 4.07815e-05 	 2.71201e-05
     2.545 	 3.97814e-05 	 2.64657e-05
     2.546 	 3.77957e-05 	 2.5147e-05
     2.547 	 3.66177e-05 	 2.43706e-05
     2.548 	 3.55288e-05 	 2.36529e-05
     2.549 	  3.4865e-05 	 2.32132e-05
     2.550 	 3.43497e-05 	 2.28793e-05
     2.551 	 3.32965e-05 	 2.21843e-05
     2.552 	 3.11526e-05 	 2.07599e-05
     2.553 	 2.85985e-05 	 1.90633e-05
     2.554 	 2.58808e-05 	 1.72586e-05
     2.555 	 2.34866e-05 	 1.56633e-05
     2.556 	 2.36258e-05 	 1.57624e-05
     2.557 	 2.37913e-05 	 1.58758e-05
     2.558 	 2.32981e-05 	 1.55496e-05
     2.559 	 2.23047e-05 	 1.48909e-05
     2.560 	 2.13483e-05 	 1.42564e-05
     2.561 	 2.11131e-05 	 1.41021e-05
     2.562 	 2.18335e-05 	 1.45875e-05
     2.563 	 2.19886e-05 	 1.46971e-05
     2.564 	 2.17564e-05 	 1.45431e-05
     2.565 	 2.12302e-05 	 1.41955e-05
     2.566 	 2.04519e-05 	 1.36792e-05
     2.567 	 1.88895e-05 	 1.26352e-05
     2.568 	 1.79087e-05 	 1.19839e-05
     2.569 	 1.75794e-05 	 1.1767e-05
     2.570 	 1.80364e-05 	 1.20739e-05
     2.571 	  1.7565e-05 	 1.17629e-05
     2.572 	 1.70287e-05 	 1.1407e-05
     2.573 	  1.6835e-05 	 1.12793e-05
     2.574 	 1.76855e-05 	 1.18525e-05
     2.575 	 1.80021e-05 	 1.2068e-05
     2.576 	 1.83878e-05 	 1.23276e-05
     2.577 	 1.89311e-05 	 1.26954e-05
     2.578 	 1.96961e-05 	 1.32121e-05
     2.579 	 2.00978e-05 	 1.34841e-05
     2.580 	 2.01933e-05 	 1.35519e-05
     2.581 	 2.02425e-05 	 1.35888e-05
     2.582 	 2.14232e-05 	 1.4387e-05
     2.583 	 2.14351e-05 	 1.43961e-05
     2.584 	 2.15468e-05 	 1.44751e-05
     2.585 	 2.21287e-05 	 1.48718e-05
     2.586 	 2.24687e-05 	 1.51015e-05
     2.587 	 2.24171e-05 	 1.50695e-05
     2.588 	 2.19272e-05 	 1.47459e-05
     2.589 	 2.10112e-05 	 1.41338e-05
     2.590 	 2.11247e-05 	 1.42112e-05
     2.591 	 2.20746e-05 	 1.48565e-05
     2.592 	 2.27452e-05 	 1.53126e-05
     2.593 	 2.21322e-05 	 1.49046e-05
     2.594 	 2.32253e-05 	 1.56441e-05
     2.595 	 2.33597e-05 	 1.57395e-05
     2.596 	 2.32455e-05 	 1.56674e-05
     2.597 	 2.39194e-05 	 1.61284e-05
     2.598 	 2.53573e-05 	 1.70997e-05
     2.599 	 2.61741e-05 	 1.76542e-05
     2.600 	 2.63029e-05 	 1.77466e-05
     2.601 	 2.57546e-05 	 1.73828e-05
     2.602 	 2.45276e-05 	 1.65588e-05
     2.603 	 2.38999e-05 	 1.6139e-05
     2.604 	  2.3651e-05 	 1.59733e-05
     2.605 	 2.22895e-05 	 1.50575e-05
     2.606 	 2.12946e-05 	 1.43889e-05
     2.607 	 2.04155e-05 	 1.37983e-05
     2.608 	 1.95163e-05 	 1.31952e-05
     2.609 	 1.81688e-05 	 1.22871e-05
     2.610 	 1.75602e-05 	 1.18784e-05
     2.611 	 1.74073e-05 	 1.17781e-05
     2.612 	 1.75861e-05 	 1.19036e-05
     2.613 	 1.78328e-05 	 1.20738e-05
     2.614 	 1.76916e-05 	 1.19814e-05
     2.615 	  1.7396e-05 	 1.17843e-05
     2.616 	 1.70948e-05 	 1.15846e-05
     2.617 	 1.67078e-05 	 1.13253e-05
     2.618 	 1.58389e-05 	 1.07392e-05
     2.619 	  1.4932e-05 	 1.0127e-05
     2.620 	 1.44738e-05 	 9.81988e-06
     2.621 	 1.43975e-05 	 9.77091e-06
     2.622 	 1.39483e-05 	 9.46876e-06
     2.623 	 1.32546e-05 	 9.00043e-06
     2.624 	  1.2568e-05 	 8.53664e-06
     2.625 	 1.21125e-05 	 8.23047e-06
     2.626 	 1.19186e-05 	 8.10103e-06
     2.627 	 1.18832e-05 	 8.07926e-06
     2.628 	  1.1729e-05 	 7.97668e-06
     2.629 	 1.15763e-05 	 7.87507e-06
     2.630 	 1.18366e-05 	 8.05529e-06
     2.631 	 1.23836e-05 	 8.42977e-06
     2.632 	  1.2263e-05 	 8.34987e-06
     2.633 	 1.28269e-05 	 8.73613e-06
     2.634 	 1.33489e-05 	 9.09403e-06
     2.635 	 1.36296e-05 	 9.2887e-06
     2.636 	 1.40737e-05 	 9.59386e-06
     2.637 	 1.48241e-05 	 1.0108e-05
     2.638 	   1.524e-05 	 1.03943e-05
     2.639 	 1.50254e-05 	 1.02507e-05
     2.640 	 1.55782e-05 	 1.06317e-05
     2.641 	 1.62761e-05 	 1.1111e-05
     2.642 	 1.67426e-05 	 1.14325e-05
     2.643 	 1.66423e-05 	 1.1367e-05
     2.644 	 1.51333e-05 	 1.03391e-05
     2.645 	 1.47347e-05 	 1.00694e-05
     2.646 	  1.4903e-05 	 1.01883e-05
     2.647 	 1.49136e-05 	 1.01982e-05
     2.648 	 1.40425e-05 	 9.60507e-06
     2.649 	 1.36808e-05 	 9.36014e-06
     2.650 	 1.36871e-05 	 9.36693e-06
     2.651 	 1.35867e-05 	 9.30024e-06
     2.652 	  1.2233e-05 	 8.37634e-06
     2.653 	  1.1701e-05 	 8.01379e-06
     2.654 	 1.21635e-05 	 8.33236e-06
     2.655 	  1.3211e-05 	 9.05188e-06
     2.656 	 1.29409e-05 	 8.86873e-06
     2.657 	 1.23824e-05 	 8.48781e-06
     2.658 	 1.19365e-05 	 8.18391e-06
     2.659 	 1.23973e-05 	 8.50258e-06
     2.660 	 1.29737e-05 	 8.89982e-06
     2.661 	 1.31562e-05 	 9.02672e-06
     2.662 	 1.28028e-05 	 8.78592e-06
     2.663 	 1.29612e-05 	 8.89632e-06
     2.664 	 1.27213e-05 	 8.73331e-06
     2.665 	 1.22524e-05 	 8.41301e-06
     2.666 	 1.16593e-05 	 8.00813e-06
     2.667 	 1.13109e-05 	 7.77029e-06
     2.668 	 1.11564e-05 	 7.66561e-06
     2.669 	 1.10673e-05 	 7.60582e-06
     2.670 	 1.09131e-05 	 7.50125e-06
     2.671 	  1.1288e-05 	 7.76064e-06
     2.672 	 1.11683e-05 	 7.67926e-06
     2.673 	 1.06719e-05 	 7.33953e-06
     2.674 	 1.00192e-05 	 6.89215e-06
     2.675 	 1.04653e-05 	 7.20136e-06
     2.676 	  1.0748e-05 	 7.39749e-06
     2.677 	 1.07031e-05 	 7.36669e-06
     2.678 	 1.02128e-05 	 7.03075e-06
     2.679 	 1.02992e-05 	 7.09177e-06
     2.680 	 1.02331e-05 	 7.04778e-06
     2.681 	 9.71309e-06 	 6.69097e-06
     2.682 	 8.03768e-06 	 5.53794e-06
     2.683 	 7.56721e-06 	 5.21482e-06
     2.684 	 7.65427e-06 	 5.27643e-06
     2.685 	 7.92953e-06 	 5.46726e-06
     2.686 	 7.05398e-06 	 4.86455e-06
     2.687 	 6.52411e-06 	 4.50003e-06
     2.688 	    6.17e-06 	 4.25662e-06
     2.689 	 5.89334e-06 	 4.06655e-06
     2.690 	 5.32451e-06 	 3.67365e-06
     2.691 	 4.39103e-06 	 3.02989e-06
     2.692 	 3.79793e-06 	 2.62091e-06
     2.693 	 4.14226e-06 	 2.85881e-06
     2.694 	 4.25923e-06 	 2.93983e-06
     2.695 	 4.03572e-06 	 2.78613e-06
     2.696 	 3.70864e-06 	 2.56058e-06
     2.697 	 3.58368e-06 	 2.47403e-06
     2.698 	 4.19397e-06 	 2.89564e-06
     2.699 	 5.04967e-06 	 3.48678e-06
     2.700 	 5.67569e-06 	 3.91903e-06
     2.701 	 5.13203e-06 	 3.54458e-06
     2.702 	 5.09414e-06 	 3.51898e-06
     2.703 	 4.91558e-06 	 3.3962e-06
     2.704 	 4.55323e-06 	 3.14636e-06
     2.705 	 4.15644e-06 	 2.87264e-06
     2.706 	  3.7942e-06 	 2.62272e-06
     2.707 	 3.63226e-06 	 2.51119e-06
     2.708 	 3.61258e-06 	 2.49825e-06
     2.709 	 3.17078e-06 	 2.19308e-06
     2.710 	 2.28722e-06 	 1.58222e-06
     2.711 	 1.71255e-06 	 1.18476e-06
     2.712 	 1.71004e-06 	 1.18309e-06
     2.713 	  1.6815e-06 	 1.16342e-06
     2.714 	 1.58199e-06 	 1.09463e-06
     2.715 	  1.6492e-06 	 1.1412e-06
     2.716 	 2.03238e-06 	 1.40644e-06
     2.717 	 2.22153e-06 	 1.53758e-06
     2.718 	 1.89551e-06 	 1.31201e-06
     2.719 	 1.34993e-06 	 9.34432e-07
     2.720 	  8.6809e-07 	 6.00933e-07
     2.721 	 8.54189e-07 	 5.91371e-07
     2.722 	 8.54189e-07 	 5.91431e-07
     2.723 	 8.54189e-07 	 5.91491e-07
     2.724 	 8.54189e-07 	 5.91613e-07
     2.725 	 8.54366e-07 	 5.91796e-07
     2.726 	 6.70192e-07 	 4.6427e-07
     2.727 	 3.69765e-07 	 2.56177e-07
     2.728 	 1.60531e-07 	 1.11229e-07
     2.729 	 1.30816e-07 	 9.06491e-08
     2.730 	 1.27066e-07 	 8.80593e-08
     2.731 	 1.23041e-07 	 8.52818e-08
     2.732 	 1.29389e-07 	 8.96759e-08
     2.733 	 1.32252e-07 	 9.16729e-08
     2.734 	  3.7368e-07 	 2.59059e-07
     2.735 	  8.9722e-07 	 6.22097e-07
     2.736 	 1.41825e-06 	 9.83496e-07
     2.737 	 1.91745e-06 	 1.32985e-06
     2.738 	 2.32478e-06 	 1.61258e-06
     2.739 	 2.60256e-06 	 1.80551e-06
     2.740 	 2.79504e-06 	 1.93892e-06
     2.741 	 3.16121e-06 	 2.19323e-06
     2.742 	 3.53485e-06 	 2.45279e-06
     2.743 	 3.78636e-06 	 2.62796e-06
     2.744 	 4.08907e-06 	 2.83844e-06
     2.745 	 4.18142e-06 	 2.90235e-06
     2.746 	 4.21009e-06 	 2.92265e-06
     2.747 	 4.35721e-06 	 3.02489e-06
     2.748 	  3.9219e-06 	 2.72305e-06
     2.749 	 3.71166e-06 	 2.5769e-06
     2.750 	 3.72576e-06 	 2.58704e-06
     2.751 	 3.89119e-06 	 2.70227e-06
     2.752 	  3.5956e-06 	 2.49682e-06
     2.753 	  3.6559e-06 	 2.53903e-06
     2.754 	 3.92853e-06 	 2.72873e-06
     2.755 	 3.62371e-06 	 2.51657e-06
     2.756 	 3.22622e-06 	 2.24082e-06
     2.757 	 2.77569e-06 	 1.92815e-06
     2.758 	  2.3429e-06 	 1.62739e-06
     2.759 	 2.25626e-06 	 1.56742e-06
     2.760 	 2.18415e-06 	 1.51706e-06
     2.761 	 1.98314e-06 	 1.37783e-06
     2.762 	 1.63218e-06 	 1.13408e-06
     2.763 	 1.53968e-06 	 1.0701e-06
     2.764 	 1.61931e-06 	 1.12542e-06
     2.765 	 1.86612e-06 	 1.29731e-06
     2.766 	 2.26771e-06 	 1.57661e-06
     2.767 	 2.18844e-06 	 1.52176e-06
     2.768 	 2.29607e-06 	 1.59672e-06
     2.769 	 2.45218e-06 	 1.70575e-06
     2.770 	 2.52502e-06 	 1.75637e-06
     2.771 	 2.98018e-06 	 2.0731e-06
     2.772 	 3.62469e-06 	 2.52211e-06
     2.773 	 4.30389e-06 	 2.99458e-06
     2.774 	 4.78821e-06 	 3.33211e-06
     2.775 	 4.31961e-06 	 3.0065e-06
     2.776 	 4.18812e-06 	 2.91516e-06
     2.777 	 4.51758e-06 	 3.14434e-06
     2.778 	 5.36856e-06 	 3.73687e-06
     2.779 	 5.57534e-06 	 3.88063e-06
     2.780 	 6.01785e-06 	 4.18973e-06
     2.781 	 6.73717e-06 	 4.69115e-06
     2.782 	 7.28186e-06 	 5.0716e-06
     2.783 	 7.44423e-06 	 5.18537e-06
     2.784 	 7.48077e-06 	 5.21203e-06
     2.785 	 7.54123e-06 	 5.25484e-06
     2.786 	 8.14754e-06 	 5.67806e-06
     2.787 	 9.41457e-06 	 6.56258e-06
     2.788 	 1.07538e-05 	 7.49708e-06
     2.789 	 1.19229e-05 	 8.31321e-06
     2.790 	 1.35107e-05 	 9.42247e-06
     2.791 	 1.46334e-05 	 1.02076e-05
     2.792 	 1.50537e-05 	 1.05008e-05
     2.793 	 1.45532e-05 	 1.01548e-05
     2.794 	 1.44828e-05 	 1.01077e-05
     2.795 	 1.48306e-05 	 1.03526e-05
     2.796 	 1.52581e-05 	 1.06532e-05
     2.797 	 1.53579e-05 	 1.07229e-05
     2.798 	 1.43216e-05 	 1.00014e-05
     2.799 	 1.35403e-05 	 9.45865e-06
     2.800 	 1.28736e-05 	 8.99291e-06
     2.801 	 1.19201e-05 	 8.32925e-06
     2.802 	 1.15371e-05 	 8.06229e-06
     2.803 	 1.15219e-05 	 8.05399e-06
     2.804 	 1.17946e-05 	 8.24529e-06
     2.805 	 1.22183e-05 	 8.54395e-06
     2.806 	 1.25778e-05 	 8.79513e-06
     2.807 	 1.28133e-05 	 8.96146e-06
     2.808 	 1.28531e-05 	 8.99004e-06
     2.809 	 1.24037e-05 	 8.67642e-06
     2.810 	 1.15832e-05 	 8.10479e-06
     2.811 	   1.099e-05 	 7.69113e-06
     2.812 	 1.07681e-05 	 7.53723e-06
     2.813 	 1.00694e-05 	 7.05019e-06
     2.814 	 9.72877e-06 	 6.81294e-06
     2.815 	 9.41718e-06 	 6.59594e-06
     2.816 	 8.94181e-06 	 6.26413e-06
     2.817 	 8.31302e-06 	 5.8241e-06
     2.818 	 7.97143e-06 	 5.5858e-06
     2.819 	  8.0596e-06 	 5.64977e-06
     2.820 	 8.74462e-06 	 6.13046e-06
     2.821 	 9.29489e-06 	 6.51809e-06
     2.822 	 9.44544e-06 	 6.62556e-06
     2.823 	 9.41871e-06 	 6.60801e-06
     2.824 	  9.5404e-06 	 6.6953e-06
     2.825 	 1.00062e-05 	 7.02419e-06
     2.826 	 1.10156e-05 	 7.73418e-06
     2.827 	 1.23201e-05 	 8.65255e-06
     2.828 	  1.3324e-05 	 9.35738e-06
     2.829 	 1.39391e-05 	 9.79112e-06
     2.830 	 1.42925e-05 	 1.00412e-05
     2.831 	  1.4472e-05 	 1.01708e-05
     2.832 	 1.47206e-05 	 1.03481e-05
     2.833 	 1.54159e-05 	 1.08406e-05
     2.834 	 1.63528e-05 	 1.14999e-05
     2.835 	 1.73642e-05 	 1.22154e-05
     2.836 	 1.77142e-05 	 1.24647e-05
     2.837 	 1.74239e-05 	 1.22634e-05
     2.838 	 1.71324e-05 	 1.206e-05
     2.839 	  1.7098e-05 	 1.20387e-05
     2.840 	 1.67689e-05 	 1.18111e-05
     2.841 	 1.66706e-05 	 1.17417e-05
     2.842 	 1.65592e-05 	 1.16668e-05
     2.843 	 1.62528e-05 	 1.14555e-05
     2.844 	 1.53551e-05 	 1.08238e-05
     2.845 	  1.4158e-05 	 9.98298e-06
     2.846 	 1.31948e-05 	 9.30757e-06
     2.847 	 1.31127e-05 	 9.25052e-06
     2.848 	 1.34421e-05 	 9.48576e-06
     2.849 	 1.33668e-05 	 9.43251e-06
     2.850 	 1.30993e-05 	 9.24747e-06
     2.851 	  1.3085e-05 	 9.23848e-06
     2.852 	 1.28834e-05 	 9.09912e-06
     2.853 	 1.30965e-05 	 9.25072e-06
     2.854 	 1.38245e-05 	 9.76914e-06
     2.855 	 1.51932e-05 	 1.07376e-05
     2.856 	 1.62005e-05 	 1.14532e-05
     2.857 	  1.6708e-05 	 1.18122e-05
     2.858 	 1.66823e-05 	 1.17967e-05
     2.859 	 1.61148e-05 	 1.13991e-05
     2.860 	 1.62451e-05 	 1.14926e-05
     2.861 	 1.66982e-05 	 1.18179e-05
     2.862 	 1.73063e-05 	 1.22506e-05
     2.863 	 1.76843e-05 	 1.25193e-05
     2.864 	 1.73876e-05 	 1.23155e-05
     2.865 	 1.66581e-05 	 1.18011e-05
     2.866 	 1.56235e-05 	 1.10703e-05
     2.867 	 1.46602e-05 	 1.03919e-05
     2.868 	 1.41923e-05 	 1.00611e-05
     2.869 	  1.4211e-05 	 1.00763e-05
     2.870 	  1.4746e-05 	 1.04599e-05
     2.871 	 1.47862e-05 	 1.04904e-05
     2.872 	 1.51411e-05 	 1.07454e-05
     2.873 	 1.57872e-05 	 1.12072e-05
     2.874 	 1.66998e-05 	 1.18573e-05
     2.875 	 1.76326e-05 	 1.25221e-05
     2.876 	 1.82418e-05 	 1.29572e-05
     2.877 	 1.86221e-05 	 1.32326e-05
     2.878 	 1.90259e-05 	 1.35207e-05
     2.879 	 1.94783e-05 	 1.38448e-05
     2.880 	 1.95591e-05 	 1.39049e-05
     2.881 	 1.92962e-05 	 1.37238e-05
     2.882 	 1.90216e-05 	 1.35313e-05
     2.883 	 1.85476e-05 	 1.31968e-05
     2.884 	 1.83222e-05 	 1.30392e-05
     2.885 	  1.8508e-05 	 1.31769e-05
     2.886 	  1.9316e-05 	 1.37536e-05
     2.887 	 2.06221e-05 	 1.46866e-05
     2.888 	 2.20112e-05 	 1.56792e-05
     2.889 	 2.32505e-05 	 1.65688e-05
     2.890 	 2.36813e-05 	 1.68776e-05
     2.891 	 2.45708e-05 	 1.75155e-05
     2.892 	 2.58361e-05 	 1.84216e-05
     2.893 	 2.74295e-05 	 1.95602e-05
     2.894 	 2.83001e-05 	 2.01898e-05
     2.895 	  2.8378e-05 	 2.0252e-05
     2.896 	 2.80516e-05 	 2.00236e-05
     2.897 	 2.77242e-05 	 1.97923e-05
     2.898 	  2.7141e-05 	 1.93804e-05
     2.899 	 2.68015e-05 	 1.91463e-05
     2.900 	 2.67002e-05 	 1.90763e-05
     2.901 	 2.68149e-05 	 1.91627e-05
     2.902 	 2.68012e-05 	 1.91574e-05
     2.903 	 2.68782e-05 	 1.9215e-05
     2.904 	 2.69593e-05 	 1.92775e-05
     2.905 	 2.67303e-05 	 1.91182e-05
     2.906 	  2.6195e-05 	 1.87378e-05
     2.907 	  2.5386e-05 	 1.81615e-05
     2.908 	 2.43341e-05 	 1.74075e-05
     2.909 	 2.31478e-05 	 1.65628e-05
     2.910 	 2.23007e-05 	 1.59604e-05
     2.911 	 2.15632e-05 	 1.54343e-05
     2.912 	 2.08875e-05 	 1.49539e-05
     2.913 	 2.05154e-05 	 1.46907e-05
     2.914 	 1.95853e-05 	 1.40218e-05
     2.915 	 1.87466e-05 	 1.34242e-05
     2.916 	 1.83876e-05 	 1.31686e-05
     2.917 	 1.90598e-05 	 1.3653e-05
     2.918 	 1.96574e-05 	 1.40841e-05
     2.919 	 2.03689e-05 	 1.45924e-05
     2.920 	  2.1366e-05 	 1.53084e-05
     2.921 	 2.27307e-05 	 1.62875e-05
     2.922 	 2.39056e-05 	 1.71325e-05
     2.923 	 2.47711e-05 	 1.77543e-05
     2.924 	 2.51402e-05 	 1.80183e-05
     2.925 	 2.53292e-05 	 1.81534e-05
     2.926 	 2.56087e-05 	 1.83571e-05
     2.927 	 2.60999e-05 	 1.87107e-05
     2.928 	 2.70479e-05 	 1.93897e-05
     2.929 	 2.85187e-05 	 2.04479e-05
     2.930 	 2.98789e-05 	 2.14248e-05
     2.931 	 3.09379e-05 	 2.21853e-05
     2.932 	 3.13538e-05 	 2.24799e-05
     2.933 	 3.25969e-05 	 2.33747e-05
     2.934 	 3.40917e-05 	 2.44478e-05
     2.935 	 3.56038e-05 	 2.5536e-05
     2.936 	 3.66233e-05 	 2.62685e-05
     2.937 	  3.7847e-05 	 2.7139e-05
     2.938 	 3.88232e-05 	 2.78431e-05
     2.939 	 3.93269e-05 	 2.82057e-05
     2.940 	 3.91396e-05 	 2.80757e-05
     2.941 	 3.90012e-05 	 2.79769e-05
     2.942 	 3.92521e-05 	 2.81602e-05
     2.943 	 4.01326e-05 	 2.87862e-05
     2.944 	 4.08165e-05 	 2.92803e-05
     2.945 	 4.14465e-05 	 2.97295e-05
     2.946 	 4.23844e-05 	 3.04027e-05
     2.947 	 4.40488e-05 	 3.16004e-05
     2.948 	 4.53138e-05 	 3.25084e-05
     2.949 	 4.65831e-05 	 3.34229e-05
     2.950 	 4.80024e-05 	 3.44418e-05
     2.951 	 4.98095e-05 	 3.57375e-05
     2.952 	 5.29799e-05 	 3.80151e-05
     2.953 	 5.60463e-05 	 4.02144e-05
     2.954 	 5.86394e-05 	 4.20783e-05
     2.955 	 6.01496e-05 	 4.31609e-05
     2.956 	 6.17373e-05 	 4.4299e-05
     2.957 	 6.37366e-05 	 4.57372e-05
     2.958 	 6.60935e-05 	 4.74272e-05
     2.959 	 6.82725e-05 	 4.90051e-05
     2.960 	 7.00803e-05 	 5.03066e-05
     2.961 	 7.22846e-05 	 5.18828e-05
     2.962 	 7.50192e-05 	 5.38393e-05
     2.963 	 7.72085e-05 	 5.54097e-05
     2.964 	 7.89129e-05 	 5.66383e-05
     2.965 	 8.07787e-05 	 5.79766e-05
     2.966 	  8.3184e-05 	 5.96958e-05
     2.967 	 8.66146e-05 	 6.21701e-05
     2.968 	 9.02113e-05 	 6.47441e-05
     2.969 	 9.41873e-05 	 6.76111e-05
     2.970 	 9.87443e-05 	 7.08812e-05
     2.971 	 0.000104381 	 7.49272e-05
     2.972 	 0.000109624 	 7.86819e-05
     2.973 	 0.000114657 	 8.22942e-05
     2.974 	  0.00011972 	 8.59094e-05
     2.975 	 0.000125265 	 8.9907e-05
     2.976 	 0.000130531 	 9.36864e-05
     2.977 	 0.000135476 	 9.72245e-05
     2.978 	 0.000140087 	 0.000100533
     2.979 	 0.000145646 	 0.000104544
     2.980 	 0.000151493 	 0.000108752
     2.981 	 0.000157339 	 0.000112917
     2.982 	 0.000162524 	 0.000116643
     2.983 	 0.000168352 	 0.000120818
     2.984 	 0.000174175 	 0.000125002
     2.985 	 0.000179926 	 0.000129135
     2.986 	 0.000186178 	 0.000133641
     2.987 	 0.000193893 	 0.0001392
     2.988 	 0.000202522 	 0.000145401
     2.989 	 0.000211731 	 0.000152019
     2.990 	 0.000219879 	 0.000157875
     2.991 	 0.000227808 	 0.000163561
     2.992 	 0.000236174 	 0.000169597
     2.993 	 0.000245428 	 0.000176234
     2.994 	 0.000255595 	 0.000183566
     2.995 	 0.000266416 	 0.000191348
     2.996 	 0.000277801 	 0.00019956
     2.997 	 0.000289695 	 0.000208094
     2.998 	  0.00030118 	 0.000216381
     2.999 	 0.000312351 	 0.000224445
     3.000 	 0.000323751 	 0.000232626
     3.001 	 0.000336306 	 0.000241685
     3.002 	 0.000350675 	 0.000252024
     3.003 	 0.000365567 	 0.000262684
     3.004 	 0.000380879 	 0.0002737
     3.005 	 0.000396716 	 0.000285125
     3.006 	 0.000412642 	 0.000296587
     3.007 	 0.000429032 	 0.000308415
     3.008 	 0.000446218 	 0.000320786
     3.009 	 0.000465344 	 0.000334552
     3.010 	 0.000486119 	 0.000349543
     3.011 	 0.000507741 	 0.000365061
     3.012 	 0.000529959 	 0.000381046
     3.013 	 0.000552617 	 0.000397264
     3.014 	 0.000577491 	 0.000415156
     3.015 	 0.000603912 	 0.000434161
     3.016 	 0.000631656 	 0.000454169
     3.017 	 0.000661516 	 0.000475651
     3.018 	 0.000692727 	 0.000498106
     3.019 	 0.000725523 	 0.000521758
     3.020 	 0.000760174 	 0.000546692
     3.021 	  0.00079734 	 0.00057338
     3.022 	 0.000835893 	 0.000601129
     3.023 	 0.000876495 	 0.000630283
     3.024 	 0.000920219 	 0.000661752
     3.025 	 0.000966373 	 0.000695043
     3.026 	  0.00101408 	 0.000729304
     3.027 	  0.00106378 	 0.000765159
     3.028 	  0.00111668 	 0.000803242
     3.029 	  0.00117335 	 0.000843945
     3.030 	  0.00123247 	 0.000886597
     3.031 	  0.00129425 	 0.000931089
     3.032 	  0.00136014 	 0.000978542
     3.033 	  0.00143014 	 0.00102885
     3.034 	  0.00150303 	 0.00108146
     3.035 	  0.00157895 	 0.00113615
     3.036 	  0.00165992 	 0.00119447
     3.037 	  0.00174598 	 0.00125634
     3.038 	  0.00183664 	 0.00132164
     3.039 	  0.00193206 	 0.00139053
     3.040 	  0.00203467 	 0.00146445
     3.041 	  0.00214269 	 0.00154232
     3.042 	  0.00225514 	 0.00162337
     3.043 	  0.00237179 	 0.00170728
     3.044 	  0.00249786 	 0.00179777
     3.045 	  0.00263159 	 0.00189456
     3.046 	  0.00277201 	 0.00199557
     3.047 	  0.00291881 	 0.00210164
     3.048 	  0.00307584 	 0.00221462
     3.049 	  0.00324014 	 0.00233358
     3.050 	  0.00341187 	 0.00245692
     3.051 	  0.00359215 	 0.00258707
     3.052 	  0.00378492 	 0.00272538
     3.053 	  0.00398732 	 0.0028712
     3.054 	  0.00419958 	 0.00302444
     3.055 	  0.00442406 	 0.00318585
     3.056 	  0.00466169 	 0.00335667
     3.057 	  0.00491064 	 0.00353639
     3.058 	  0.00517149 	 0.00372394
     3.059 	  0.00544809 	 0.00392363
     3.060 	  0.00573967 	 0.00413372
     3.061 	  0.00604494 	 0.00435377
     3.062 	  0.00636463 	 0.00458374
     3.063 	  0.00670558 	 0.00482951
     3.064 	   0.0070652 	 0.0050882
     3.065 	  0.00744177 	 0.00535908
     3.066 	  0.00783582 	 0.00564309
     3.067 	  0.00825757 	 0.00594647
     3.068 	  0.00870148 	 0.00626776
     3.069 	  0.00916682 	 0.00660256
     3.070 	  0.00965473 	 0.00695429
     3.071 	   0.0101814 	 0.00733221
     3.072 	   0.0107336 	 0.00773082
     3.073 	   0.0113123 	 0.00814602
     3.074 	   0.0119207 	 0.00858518
     3.075 	   0.0125748 	 0.00905447
     3.076 	   0.0132613 	 0.00954997
     3.077 	   0.0139817 	 0.0100678
     3.078 	   0.0147434 	 0.0106165
     3.079 	   0.0155586 	 0.0112024
     3.080 	   0.0164153 	 0.0118195
     3.081 	   0.0173158 	 0.0124696
     3.082 	   0.0182742 	 0.013156
     3.083 	   0.0192991 	 0.0138929
     3.084 	   0.0203783 	 0.0146703
     3.085 	   0.0215132 	 0.0154878
     3.086 	   0.0227283 	 0.0163631
     3.087 	   0.0240239 	 0.0172946
     3.088 	   0.0253903 	 0.0182789
     3.089 	   0.0268296 	 0.0193157
     3.090 	   0.0283812 	 0.0204335
     3.091 	    0.030031 	 0.0216192
     3.092 	   0.0317714 	 0.0228701
     3.093 	   0.0336064 	 0.0241862
     3.094 	   0.0355965 	 0.0256187
     3.095 	   0.0377052 	 0.027131
     3.096 	   0.0399321 	 0.0287307
     3.097 	   0.0422862 	 0.0304282
     3.098 	   0.0448452 	 0.0322666
     3.099 	   0.0475512 	 0.0342068
     3.100 	   0.0504108 	 0.0362722
     3.101 	   0.0534505 	 0.0384515
     3.102 	   0.0567398 	 0.040814
     3.103 	    0.060218 	 0.0433071
     3.104 	    0.063893 	 0.0459554
     3.105 	    0.067814 	 0.0487762
     3.106 	   0.0720366 	 0.0518085
     3.107 	   0.0764991 	 0.0550243
     3.108 	   0.0812077 	 0.0583992
     3.109 	    0.086252 	 0.0620274
     3.110 	   0.0916517 	 0.0659113
     3.111 	   0.0973494 	 0.0700099
     3.112 	    0.103352 	 0.074336
     3.113 	    0.109796 	 0.0789639
     3.114 	    0.116649 	 0.0838849
     3.115 	     0.12386 	 0.089072
     3.116 	    0.131437 	 0.0945124
     3.117 	     0.13958 	  0.10038
     3.118 	    0.148164 	 0.106544
     3.119 	    0.157164 	 0.113006
     3.120 	    0.166587 	 0.119821
     3.121 	    0.176683 	 0.127062
     3.122 	    0.187234 	 0.134657
     3.123 	    0.198241 	 0.142551
     3.124 	    0.209739 	 0.150827
     3.125 	    0.221914 	 0.159624
     3.126 	    0.234552 	 0.168687
     3.127 	    0.247652 	 0.178118
     3.128 	    0.261268 	  0.18794
     3.129 	      0.2755 	 0.198146
     3.130 	    0.290157 	 0.208699
     3.131 	     0.30522 	 0.219577
     3.132 	    0.320765 	 0.230757
     3.133 	     0.33678 	 0.242224
     3.134 	     0.35312 	    0.254
     3.135 	     0.36976 	 0.265967
     3.136 	    0.386759 	  0.27822
     3.137 	    0.404017 	 0.290661
     3.138 	    0.421444 	 0.303195
     3.139 	    0.439021 	  0.31587
     3.140 	    0.456719 	   0.3286
     3.141 	    0.474447 	 0.341378
     3.142 	    0.492162 	 0.354111
     3.143 	    0.509833 	  0.36685
     3.144 	    0.527346 	 0.379477
     3.145 	    0.544686 	 0.391981
     3.146 	    0.561828 	 0.404303
     3.147 	    0.578734 	 0.416496
     3.148 	     0.59522 	 0.428345
     3.149 	    0.611377 	 0.440002
     3.150 	    0.627191 	 0.451366
     3.151 	    0.642594 	 0.462485
     3.152 	    0.657434 	 0.473151
     3.153 	    0.671845 	 0.483609
     3.154 	    0.685815 	  0.49365
     3.155 	    0.699259 	 0.503364
     3.156 	    0.712076 	 0.512683
     3.157 	    0.724429 	 0.521614
     3.158 	    0.736315 	 0.530157
     3.159 	    0.747609 	 0.538327
     3.160 	    0.758313 	 0.546019
     3.161 	    0.768557 	 0.553438
     3.162 	    0.778351 	 0.560477
     3.163 	     0.78754 	 0.567139
     3.164 	    0.796226 	  0.57338
     3.165 	    0.804496 	 0.579442
     3.166 	    0.812355 	 0.585088
     3.167 	    0.819657 	 0.590393
     3.168 	    0.826546 	  0.59534
     3.169 	    0.833072 	 0.600088
     3.170 	    0.839243 	 0.604518
     3.171 	    0.844907 	 0.608667
     3.172 	    0.850256 	 0.612527
     3.173 	    0.855303 	  0.61604
     3.174 	    0.860034 	 0.619518
     3.175 	    0.864371 	 0.622649
     3.176 	     0.86845 	 0.625592
     3.177 	    0.872279 	 0.628422
     3.178 	    0.875839 	 0.630862
     3.179 	    0.879094 	 0.633278
     3.180 	    0.882151 	 0.635552
     3.181 	    0.885014 	  0.63753
     3.182 	    0.887648 	 0.639476
     3.183 	    0.890061 	 0.641262
     3.184 	     0.89231 	 0.642862
     3.185 	    0.894403 	 0.644418
     3.186 	    0.896308 	 0.645705
     3.187 	    0.898049 	 0.647007
     3.188 	    0.899667 	 0.648087
     3.189 	    0.901168 	 0.649216
     3.190 	    0.902513 	 0.650098
     3.191 	    0.903744 	 0.651031
     3.192 	    0.904882 	 0.651828
     3.193 	    0.905933 	 0.652698
     3.194 	    0.906864 	 0.653346
     3.195 	    0.907722 	 0.653942
     3.196 	    0.908511 	 0.654421
     3.197 	     0.90923 	 0.654986
     3.198 	    0.909865 	 0.655422
     3.199 	    0.910451 	 0.655821
     3.200 	    0.910991 	 0.656188
     3.201 	    0.911486 	 0.656383
     3.202 	    0.911915 	 0.656599
     3.203 	    0.912311 	 0.656858
     3.204 	    0.912675 	 0.657025
     3.205 	    0.912997 	 0.657096
     3.206 	    0.913288 	 0.657211
     3.207 	    0.913551 	 0.657239
     3.208 	     0.91379 	 0.657317
     3.209 	    0.914008 	 0.657312
     3.210 	    0.914195 	 0.657286
     3.211 	    0.914367 	 0.657377
     3.212 	    0.914526 	 0.657392
     3.213 	    0.914666 	 0.657461
     3.214 	    0.914796 	 0.657522
     3.215 	    0.914915 	 0.657508
     3.216 	    0.915026 	 0.657488
     3.217 	    0.915128 	 0.657529
     3.218 	    0.915226 	 0.657364
     3.219 	    0.915319 	  0.65733
     3.220 	    0.915406 	 0.657293
     3.221 	    0.915493 	 0.657151
     3.222 	    0.915574 	  0.65714
     3.223 	    0.915651 	 0.657193
     3.224 	    0.915729 	 0.657044
     3.225 	    0.915796 	 0.657092
     3.226 	    0.915866 	 0.656938
     3.227 	    0.915935 	 0.656919
     3.228 	    0.915997 	 0.656759
     3.229 	    0.916063 	 0.656737
     3.230 	    0.916124 	 0.656577
     3.231 	    0.916179 	 0.656498
     3.232 	    0.916236 	 0.656556
     3.233 	    0.916283 	 0.656471
     3.234 	     0.91633 	 0.656386
     3.235 	    0.916377 	 0.656506
     3.236 	    0.916418 	 0.656417
     3.237 	    0.916456 	 0.656326
     3.238 	    0.916491 	 0.656233
     3.239 	    0.916524 	 0.656072
     3.240 	    0.916552 	 0.655974
     3.241 	     0.91658 	 0.656043
     3.242 	    0.916602 	 0.655974
     3.243 	    0.916617 	 0.655969
     3.244 	    0.916631 	 0.655893
     3.245 	    0.916633 	 0.655743
     3.246 	    0.916629 	 0.655654
     3.247 	    0.916623 	 0.655566
     3.248 	    0.916597 	 0.655461
     3.249 	     0.91657 	 0.655356
     3.250 	    0.916537 	 0.655116
     3.251 	     0.91649 	 0.655048
     3.252 	    0.916437 	 0.654975
     3.253 	    0.916377 	 0.654832
     3.254 	    0.916312 	  0.65475
     3.255 	    0.916244 	 0.654667
     3.256 	    0.916169 	 0.654447
     3.257 	    0.916089 	 0.654357
     3.258 	    0.916004 	 0.654261
     3.259 	    0.915917 	 0.654098
     3.260 	    0.915817 	 0.653859
     3.261 	    0.915715 	 0.653777
     3.262 	    0.915611 	 0.653693
     3.263 	    0.915492 	 0.653464
     3.264 	    0.915372 	 0.653301
     3.265 	    0.915246 	 0.653202
     3.266 	    0.915109 	 0.652963
     3.267 	    0.914977 	 0.652857
     3.268 	    0.914836 	 0.652681
     3.269 	    0.914692 	 0.652433
     3.270 	    0.914547 	 0.652322
     3.271 	    0.914398 	 0.652095
     3.272 	    0.914245 	 0.651931
     3.273 	    0.914092 	 0.651701
     3.274 	    0.913939 	 0.651608
     3.275 	    0.913776 	  0.65137
     3.276 	    0.913616 	 0.651202
     3.277 	    0.913456 	 0.650967
     3.278 	    0.913287 	 0.650862
     3.279 	    0.913132 	 0.650631
     3.280 	    0.912974 	 0.650464
     3.281 	    0.912817 	 0.650203
     3.282 	    0.912665 	  0.65008
     3.283 	    0.912509 	 0.649953
     3.284 	    0.912357 	 0.649762
     3.285 	    0.912209 	 0.649709
     3.286 	    0.912066 	 0.649458
     3.287 	    0.911924 	 0.649275
     3.288 	    0.911789 	 0.649231
     3.289 	    0.911661 	 0.649057
     3.290 	    0.911533 	 0.648817
     3.291 	    0.911418 	 0.648806
     3.292 	    0.911306 	 0.648661
     3.293 	    0.911196 	 0.648452
     3.294 	    0.911107 	 0.648459
     3.295 	    0.911023 	 0.648334
     3.296 	    0.910948 	  0.64815
     3.297 	    0.910888 	 0.648177
     3.298 	     0.91084 	 0.648013
     3.299 	      0.9108 	 0.647988
     3.300 	    0.910769 	 0.647968
     3.301 	    0.910751 	 0.647897
     3.302 	    0.910746 	  0.64797
     3.303 	    0.910759 	 0.647855
     3.304 	    0.910786 	 0.648017
     3.305 	    0.910822 	 0.647918
     3.306 	    0.910884 	 0.648038
     3.307 	    0.910955 	 0.648032
     3.308 	    0.911036 	 0.648098
     3.309 	    0.911141 	 0.648183
     3.310 	    0.911262 	 0.648277
     3.311 	    0.911397 	 0.648337
     3.312 	    0.911547 	 0.648537
     3.313 	    0.911718 	 0.648622
     3.314 	      0.9119 	 0.648779
     3.315 	    0.912096 	 0.648879
     3.316 	    0.912307 	 0.648992
     3.317 	    0.912525 	 0.649174
     3.318 	     0.91276 	  0.64937
     3.319 	    0.913005 	  0.64944
     3.320 	    0.913256 	 0.649714
     3.321 	    0.913526 	 0.649818
     3.322 	    0.913804 	 0.650062
     3.323 	    0.914088 	 0.650309
     3.324 	    0.914381 	 0.650498
     3.325 	    0.914692 	   0.6507
     3.326 	    0.915008 	 0.651035
     3.327 	    0.915333 	 0.651247
     3.328 	    0.915674 	 0.651401
     3.329 	    0.916016 	 0.651624
     3.330 	    0.916367 	 0.651919
     3.331 	    0.916725 	 0.652226
     3.332 	    0.917081 	 0.652396
     3.333 	    0.917441 	 0.652637
     3.334 	    0.917802 	 0.653013
     3.335 	    0.918161 	 0.653186
     3.336 	    0.918518 	 0.653492
     3.337 	    0.918878 	 0.653664
     3.338 	    0.919231 	 0.654035
     3.339 	    0.919575 	 0.654267
     3.340 	    0.919921 	 0.654428
     3.341 	    0.920254 	 0.654653
     3.342 	    0.920583 	 0.654873
     3.343 	     0.92091 	 0.655091
     3.344 	    0.921227 	 0.655437
     3.345 	    0.921532 	 0.655571
     3.346 	    0.921828 	 0.655769
     3.347 	    0.922113 	 0.655959
     3.348 	    0.922373 	 0.656061
     3.349 	    0.922632 	 0.656232
     3.350 	    0.922884 	 0.656399
     3.351 	    0.923119 	 0.656696
     3.352 	    0.923339 	 0.656778
     3.353 	     0.92354 	 0.656983
     3.354 	    0.923723 	 0.657108
     3.355 	    0.923888 	 0.657152
     3.356 	    0.924036 	 0.657253
     3.357 	    0.924169 	 0.657342
     3.358 	    0.924288 	 0.657353
     3.359 	    0.924394 	 0.657558
     3.360 	    0.924468 	 0.657606
     3.361 	    0.924527 	 0.657655
     3.362 	    0.924576 	 0.657627
     3.363 	    0.924603 	 0.657653
     3.364 	    0.924619 	 0.657671
     3.365 	    0.924624 	  0.65768
     3.366 	    0.924616 	 0.657681
     3.367 	    0.924581 	 0.657593
     3.368 	    0.924535 	 0.657567
     3.369 	    0.924474 	 0.657732
     3.370 	    0.924395 	 0.657681
     3.371 	     0.92431 	 0.657558
     3.372 	     0.92421 	 0.657493
     3.373 	    0.924101 	 0.657422
     3.374 	    0.923984 	 0.657346
     3.375 	    0.923859 	 0.657262
     3.376 	    0.923724 	 0.657104
     3.377 	    0.923584 	  0.65701
     3.378 	    0.923444 	 0.656917
     3.379 	    0.923291 	 0.656815
     3.380 	    0.923139 	 0.656847
     3.381 	    0.922986 	 0.656744
     3.382 	    0.922828 	 0.656566
     3.383 	    0.922669 	 0.656459
     3.384 	    0.922508 	 0.656348
     3.385 	    0.922343 	 0.656237
     3.386 	    0.922171 	 0.656119
     3.387 	    0.922006 	 0.656007
     3.388 	     0.92184 	 0.656028
     3.389 	    0.921673 	 0.655914
     3.390 	    0.921515 	 0.655737
     3.391 	    0.921355 	 0.655627
     3.392 	    0.921195 	 0.655519
     3.393 	    0.921037 	 0.655411
     3.394 	    0.920883 	 0.655307
     3.395 	    0.920727 	 0.655335
     3.396 	    0.920576 	 0.655298
     3.397 	    0.920434 	 0.655203
     3.398 	    0.920295 	 0.655109
     3.399 	    0.920165 	 0.655021
     3.400 	    0.920042 	  0.65487
     3.401 	    0.919925 	 0.654929
     3.402 	    0.919817 	 0.654861
     3.403 	    0.919721 	 0.654936
     3.404 	    0.919635 	 0.654884
     3.405 	    0.919556 	 0.654903
     3.406 	    0.919502 	 0.655007
     3.407 	    0.919456 	 0.654984
     3.408 	    0.919418 	 0.654966
     3.409 	    0.919395 	 0.655093
     3.410 	    0.919385 	 0.655096
     3.411 	    0.919383 	 0.655233
     3.412 	     0.91939 	  0.65531
     3.413 	    0.919418 	 0.655336
     3.414 	    0.919454 	 0.655501
     3.415 	    0.919502 	 0.655541
     3.416 	    0.919564 	 0.655724
     3.417 	    0.919637 	 0.655783
     3.418 	    0.919718 	 0.656046
     3.419 	    0.919808 	 0.656117
     3.420 	    0.919908 	 0.656193
     3.421 	    0.920017 	 0.656382
     3.422 	    0.920143 	 0.656377
     3.423 	    0.920279 	 0.656585
     3.424 	    0.920419 	 0.656728
     3.425 	    0.920572 	 0.656947
     3.426 	    0.920734 	 0.657039
     3.427 	    0.920906 	 0.657138
     3.428 	    0.921089 	 0.657379
     3.429 	    0.921299 	 0.657505
     3.430 	    0.921515 	  0.65777
     3.431 	    0.921735 	  0.65801
     3.432 	    0.921959 	 0.658321
     3.433 	    0.922172 	 0.658489
     3.434 	     0.92238 	 0.658788
     3.435 	    0.922585 	 0.658951
     3.436 	    0.922789 	 0.659183
     3.437 	    0.922977 	 0.659535
     3.438 	    0.923157 	 0.659681
     3.439 	    0.923329 	 0.659955
     3.440 	    0.923479 	 0.660079
     3.441 	    0.923621 	 0.660327
     3.442 	    0.923759 	 0.660438
     3.443 	    0.923895 	 0.660682
     3.444 	    0.924024 	 0.660855
     3.445 	    0.924156 	 0.660962
     3.446 	    0.924284 	 0.661201
     3.447 	    0.924404 	   0.6613
     3.448 	     0.92452 	  0.66153
     3.449 	    0.924627 	 0.661619
     3.450 	    0.924725 	 0.661905
     3.451 	    0.924808 	 0.661962
     3.452 	    0.924881 	 0.662147
     3.453 	    0.924941 	 0.662189
     3.454 	    0.924989 	  0.66222
     3.455 	    0.925031 	 0.662384
     3.456 	    0.925057 	 0.662401
     3.457 	    0.925072 	 0.662611
     3.458 	    0.925078 	 0.662614
     3.459 	    0.925077 	 0.662746
     3.460 	    0.925058 	 0.662731
     3.461 	    0.925034 	  0.66272
     3.462 	    0.925005 	 0.662839
     3.463 	    0.924963 	 0.662815
     3.464 	    0.924911 	 0.662918
     3.465 	    0.924853 	 0.662949
     3.466 	    0.924786 	 0.662908
     3.467 	    0.924698 	 0.662986
     3.468 	    0.924601 	 0.662922
     3.469 	    0.924494 	 0.662986
     3.470 	    0.924377 	 0.662908
     3.471 	    0.924251 	 0.662907
     3.472 	    0.924119 	 0.662965
     3.473 	    0.923981 	  0.66295
     3.474 	    0.923835 	 0.662999
     3.475 	     0.92369 	 0.662913
     3.476 	    0.923538 	 0.662822
     3.477 	    0.923382 	 0.662863
     3.478 	    0.923221 	 0.662766
     3.479 	     0.92306 	 0.662669
     3.480 	    0.922898 	 0.662706
     3.481 	    0.922737 	 0.662666
     3.482 	    0.922581 	 0.662697
     3.483 	    0.922423 	 0.662592
     3.484 	    0.922265 	 0.662487
     3.485 	    0.922108 	 0.662516
     3.486 	    0.921952 	 0.662412
     3.487 	    0.921796 	 0.662309
     3.488 	    0.921647 	 0.662345
     3.489 	    0.921505 	 0.662251
     3.490 	    0.921366 	 0.662159
     3.491 	    0.921229 	 0.662161
     3.492 	    0.921095 	 0.662232
     3.493 	    0.920965 	 0.662171
     3.494 	    0.920834 	  0.66211
     3.495 	    0.920711 	 0.662189
     3.496 	    0.920591 	 0.662135
     3.497 	    0.920472 	 0.662082
     3.498 	    0.920361 	 0.662035
     3.499 	    0.920257 	 0.662128
     3.500 	    0.920157 	 0.662089
     3.501 	    0.920061 	 0.662022
     3.502 	    0.919977 	 0.661964
     3.503 	    0.919896 	 0.661975
     3.504 	    0.919819 	 0.662057
     3.505 	    0.919748 	 0.662008
     3.506 	    0.919686 	 0.661966
     3.507 	    0.919629 	 0.661927
     3.508 	    0.919578 	 0.661893
     3.509 	    0.919543 	 0.661871
     3.510 	    0.919529 	 0.661863
     3.511 	    0.919531 	 0.662019
     3.512 	    0.919546 	 0.662051
     3.513 	    0.919571 	 0.662088
     3.514 	     0.91959 	 0.662123
     3.515 	     0.91961 	 0.662158
     3.516 	    0.919634 	 0.662195
     3.517 	    0.919667 	  0.66224
     3.518 	    0.919706 	 0.662288
     3.519 	    0.919749 	  0.66234
     3.520 	    0.919794 	 0.662595
     3.521 	    0.919824 	 0.662633
     3.522 	    0.919849 	 0.662667
     3.523 	    0.919871 	   0.6627
     3.524 	    0.919895 	 0.662663
     3.525 	     0.91993 	 0.662704
     3.526 	    0.919973 	 0.662753
     3.527 	    0.920022 	 0.662804
     3.528 	    0.920072 	 0.662857
     3.529 	    0.920124 	 0.662911
     3.530 	    0.920176 	 0.662965
     3.531 	    0.920227 	 0.663023
     3.532 	    0.920277 	 0.663081
     3.533 	    0.920329 	  0.66314
     3.534 	     0.92038 	 0.663199
     3.535 	     0.92043 	 0.663257
     3.536 	    0.920479 	 0.663242
     3.537 	    0.920525 	 0.663298
     3.538 	    0.920565 	 0.663348
     3.539 	      0.9206 	 0.663396
     3.540 	    0.920633 	 0.663441
     3.541 	    0.920664 	  0.66347
     3.542 	    0.920695 	 0.663499
     3.543 	    0.920726 	 0.663528
     3.544 	    0.920757 	 0.663487
     3.545 	    0.920784 	 0.663512
     3.546 	     0.92081 	 0.663537
     3.547 	    0.920837 	 0.663564
     3.548 	    0.920864 	  0.66359
     3.549 	    0.920888 	 0.663614
     3.550 	     0.92091 	 0.663637
     3.551 	     0.92093 	 0.663604
     3.552 	    0.920944 	 0.663638
     3.553 	    0.920954 	 0.663669
     3.554 	    0.920962 	 0.663699
     3.555 	    0.920967 	 0.663726
     3.556 	    0.920969 	 0.663681
     3.557 	     0.92097 	 0.663706
     3.558 	    0.920971 	  0.66373
     3.559 	    0.920968 	 0.663752
     3.560 	    0.920964 	 0.663773
     3.561 	     0.92096 	 0.663722
     3.562 	    0.920955 	 0.663742
     3.563 	    0.920947 	 0.663759
     3.564 	    0.920938 	 0.663775
     3.565 	    0.920929 	 0.663792
     3.566 	    0.920921 	 0.663739
     3.567 	    0.920915 	 0.663757
     3.568 	    0.920911 	 0.663778
     3.569 	    0.920906 	 0.663797
     3.570 	    0.920899 	 0.663745
     3.571 	    0.920893 	 0.663628
     3.572 	    0.920889 	 0.663648
     3.573 	    0.920885 	 0.663597
     3.574 	     0.92088 	 0.663616
     3.575 	    0.920877 	 0.663636
     3.576 	    0.920873 	 0.663656
     3.577 	     0.92087 	 0.663606
     3.578 	    0.920865 	 0.663625
     3.579 	    0.920863 	 0.663647
     3.580 	    0.920864 	 0.663599
     3.581 	    0.920868 	 0.663648
     3.582 	    0.920878 	 0.663701
     3.583 	    0.920891 	 0.663686
     3.584 	    0.920908 	 0.663744
     3.585 	    0.920929 	 0.663806
     3.586 	    0.920954 	   0.6638
     3.587 	    0.920982 	 0.663731
     3.588 	    0.921012 	 0.663799
     3.589 	    0.921044 	 0.663797
     3.590 	     0.92108 	 0.663869
     3.591 	    0.921118 	 0.663925
     3.592 	    0.921158 	 0.663911
     3.593 	    0.921201 	 0.663969
     3.594 	    0.921247 	  0.66396
     3.595 	    0.921298 	 0.664024
     3.596 	    0.921355 	 0.664093
     3.597 	    0.921416 	 0.664095
     3.598 	    0.921485 	 0.664173
     3.599 	    0.921559 	 0.664183
     3.600 	    0.921638 	 0.664268
     3.601 	    0.921719 	 0.664266
     3.602 	    0.921802 	 0.664337
     3.603 	    0.921887 	  0.66434
     3.604 	    0.921976 	 0.664415
     3.605 	    0.922069 	 0.664494
     3.606 	    0.922164 	 0.664504
     3.607 	    0.922261 	 0.664584
     3.608 	    0.922359 	 0.664596
     3.609 	     0.92246 	  0.66468
     3.610 	    0.922563 	 0.664695
     3.611 	    0.922667 	 0.664808
     3.612 	    0.922775 	 0.664853
     3.613 	    0.922889 	 0.664972
     3.614 	    0.923006 	 0.665023
     3.615 	    0.923123 	 0.665145
     3.616 	    0.923241 	 0.665197
     3.617 	     0.92336 	  0.66525
     3.618 	     0.92348 	 0.665374
     3.619 	    0.923601 	 0.665428
     3.620 	    0.923722 	 0.665553
     3.621 	    0.923846 	   0.6656
     3.622 	    0.923972 	 0.665718
     3.623 	    0.924099 	 0.665766
     3.624 	    0.924227 	 0.665816
     3.625 	    0.924352 	 0.665934
     3.626 	    0.924478 	 0.665983
     3.627 	    0.924603 	   0.6661
     3.628 	    0.924727 	 0.666147
     3.629 	    0.924848 	 0.666192
     3.630 	    0.924968 	 0.666307
     3.631 	    0.925086 	 0.666352
     3.632 	    0.925201 	 0.666466
     3.633 	    0.925312 	 0.666506
     3.634 	    0.925421 	 0.666545
     3.635 	     0.92553 	 0.666655
     3.636 	     0.92564 	 0.666829
     3.637 	    0.925749 	 0.666868
     3.638 	    0.925857 	 0.666977
     3.639 	    0.925965 	 0.667015
     3.640 	    0.926071 	 0.667051
     3.641 	    0.926175 	 0.667155
     3.642 	    0.926277 	 0.667187
     3.643 	    0.926377 	 0.667216
     3.644 	    0.926472 	 0.667314
     3.645 	    0.926564 	 0.667337
     3.646 	    0.926652 	 0.667359
     3.647 	    0.926735 	 0.667376
     3.648 	    0.926816 	 0.667465
     3.649 	    0.926896 	  0.66748
     3.650 	    0.926973 	 0.667493
     3.651 	    0.927045 	 0.667487
     3.652 	    0.927118 	 0.667554
     3.653 	    0.927191 	 0.667549
     3.654 	    0.927265 	 0.667545
     3.655 	    0.927336 	 0.667539
     3.656 	    0.927406 	 0.667603
     3.657 	    0.927475 	 0.667595
     3.658 	    0.927542 	 0.667451
     3.659 	    0.927603 	 0.667438
     3.660 	    0.927663 	 0.667423
     3.661 	    0.927723 	 0.667498
     3.662 	    0.927783 	 0.667501
     3.663 	    0.927839 	 0.667501
     3.664 	    0.927895 	 0.667501
     3.665 	    0.927951 	 0.667501
     3.666 	    0.928006 	 0.667572
     3.667 	    0.928061 	 0.667572
     3.668 	    0.928115 	 0.667569
     3.669 	     0.92817 	 0.667569
     3.670 	    0.928224 	 0.667568
     3.671 	    0.928278 	 0.667587
     3.672 	    0.928331 	 0.667604
     3.673 	    0.928382 	 0.667692
     3.674 	    0.928432 	 0.667708
     3.675 	    0.928479 	 0.667654
     3.676 	    0.928523 	 0.667664
     3.677 	    0.928566 	 0.667675
     3.678 	    0.928609 	 0.667686
     3.679 	    0.928656 	 0.667699
     3.680 	    0.928702 	 0.667712
     3.681 	    0.928748 	 0.667567
     3.682 	    0.928797 	 0.667632
     3.683 	    0.928849 	 0.667628
     3.684 	    0.928899 	 0.667622
     3.685 	    0.928947 	 0.667614
     3.686 	    0.928994 	 0.667607
     3.687 	    0.929041 	 0.667599
     3.688 	    0.929086 	 0.667589
     3.689 	    0.929128 	 0.667577
     3.690 	    0.929172 	 0.667568
     3.691 	    0.929217 	 0.667578
     3.692 	    0.929261 	  0.66745
     3.693 	    0.929302 	 0.667458
     3.694 	    0.929343 	 0.667465
     3.695 	    0.929386 	 0.667473
     3.696 	    0.929427 	  0.66748
     3.697 	    0.929467 	 0.667487
     3.698 	    0.929505 	 0.667492
     3.699 	    0.929541 	 0.667496
     3.700 	    0.929572 	  0.66736
     3.701 	      0.9296 	 0.667415
     3.702 	    0.929624 	 0.667328
     3.703 	    0.929645 	 0.667307
     3.704 	    0.929661 	  0.66728
     3.705 	    0.929673 	 0.667116
     3.706 	    0.929683 	 0.667087
     3.707 	     0.92969 	 0.667055
     3.708 	    0.929697 	 0.667023
     3.709 	    0.929705 	 0.666855
     3.710 	    0.929713 	 0.666752
     3.711 	    0.929718 	 0.666752
     3.712 	    0.929718 	 0.666748
     3.713 	    0.929716 	 0.666607
     3.714 	    0.929708 	 0.666598
     3.715 	    0.929694 	 0.666516
     3.716 	    0.929674 	 0.666498
     3.717 	    0.929649 	  0.66634
     3.718 	    0.929618 	 0.666314
     3.719 	    0.929582 	 0.666285
     3.720 	    0.929541 	 0.666116
     3.721 	    0.929497 	 0.666063
     3.722 	     0.92945 	  0.66601
     3.723 	    0.929399 	 0.665816
     3.724 	    0.929345 	 0.665757
     3.725 	     0.92929 	 0.665698
     3.726 	    0.929231 	 0.665634
     3.727 	    0.929169 	 0.665366
     3.728 	    0.929104 	   0.6653
     3.729 	    0.929036 	  0.66523
     3.730 	    0.928961 	 0.665021
     3.731 	     0.92888 	 0.664876
     3.732 	    0.928795 	 0.664798
     3.733 	    0.928707 	 0.664585
     3.734 	    0.928617 	 0.664504
     3.735 	    0.928525 	 0.664422
     3.736 	    0.928434 	 0.664206
     3.737 	     0.92834 	 0.664123
     3.738 	    0.928245 	 0.663973
     3.739 	    0.928148 	 0.663752
     3.740 	    0.928051 	 0.663667
     3.741 	    0.927953 	 0.663579
     3.742 	     0.92785 	 0.663487
     3.743 	    0.927743 	 0.663185
     3.744 	    0.927633 	 0.663088
     3.745 	    0.927518 	 0.662987
     3.746 	      0.9274 	  0.66275
     3.747 	    0.927278 	 0.662645
     3.748 	    0.927158 	  0.66254
     3.749 	    0.927036 	 0.662233
     3.750 	    0.926914 	 0.662128
     3.751 	    0.926792 	 0.662039
     3.752 	    0.926676 	 0.661819
     3.753 	    0.926561 	 0.661664
     3.754 	    0.926448 	 0.661581
     3.755 	    0.926338 	 0.661367
     3.756 	    0.926232 	 0.661289
     3.757 	    0.926125 	 0.661211
     3.758 	    0.926019 	 0.660999
     3.759 	    0.925916 	 0.660923
     3.760 	    0.925816 	 0.660784
     3.761 	    0.925716 	 0.660623
     3.762 	    0.925616 	 0.660399
     3.763 	    0.925521 	 0.660314
     3.764 	    0.925431 	 0.660231
     3.765 	    0.925345 	 0.660018
     3.766 	    0.925262 	  0.65994
     3.767 	    0.925187 	 0.659869
     3.768 	    0.925119 	 0.659803
     3.769 	    0.925054 	 0.659533
     3.770 	    0.924992 	 0.659471
     3.771 	    0.924936 	 0.659406
     3.772 	    0.924884 	 0.659345
     3.773 	    0.924833 	 0.659082
     3.774 	    0.924782 	 0.659022
     3.775 	    0.924736 	 0.658964
     3.776 	    0.924696 	 0.658911
     3.777 	    0.924659 	 0.658654
     3.778 	    0.924625 	 0.658606
     3.779 	      0.9246 	 0.658564
     3.780 	    0.924581 	 0.658525
     3.781 	    0.924565 	 0.658347
     3.782 	    0.924552 	 0.658303
     3.783 	    0.924549 	 0.658268
     3.784 	    0.924552 	 0.658237
     3.785 	    0.924559 	 0.658137
     3.786 	    0.924567 	 0.657975
     3.787 	    0.924579 	  0.65795
     3.788 	    0.924592 	 0.657926
     3.789 	    0.924605 	 0.657902
     3.790 	    0.924615 	 0.657876
     3.791 	    0.924632 	 0.657805
     3.792 	    0.924651 	 0.657667
     3.793 	    0.924672 	 0.657594
     3.794 	    0.924693 	 0.657592
     3.795 	    0.924722 	 0.657596
     3.796 	    0.924755 	 0.657603
     3.797 	    0.924789 	  0.65761
     3.798 	    0.924824 	 0.657619
     3.799 	    0.924865 	 0.657632
     3.800 	    0.924907 	 0.657645
     3.801 	    0.924946 	 0.657572
     3.802 	    0.924981 	 0.657567
     3.803 	    0.925017 	 0.657563
     3.804 	    0.925053 	 0.657559
     3.805 	    0.925086 	 0.657553
     3.806 	    0.925113 	 0.657543
     3.807 	     0.92514 	 0.657533
     3.808 	    0.925167 	 0.657522
     3.809 	    0.925189 	 0.657509
     3.810 	    0.925205 	 0.657419
     3.811 	    0.925223 	 0.657378
     3.812 	    0.925242 	 0.657337
     3.813 	    0.925257 	 0.657294
     3.814 	    0.925267 	 0.657247
     3.815 	    0.925275 	 0.657199
     3.816 	     0.92528 	 0.657147
     3.817 	    0.925277 	 0.657092
     3.818 	    0.925265 	 0.657029
     3.819 	     0.92525 	 0.657099
     3.820 	    0.925232 	 0.657099
     3.821 	    0.925207 	 0.656963
     3.822 	    0.925175 	 0.656894
     3.823 	    0.925138 	 0.656822
     3.824 	    0.925099 	 0.656747
     3.825 	    0.925053 	 0.656669
     3.826 	    0.925003 	 0.656588
     3.827 	    0.924951 	 0.656639
     3.828 	    0.924901 	 0.656558
     3.829 	    0.924844 	 0.656471
     3.830 	    0.924782 	 0.656381
     3.831 	    0.924716 	 0.656287
     3.832 	    0.924648 	 0.656191
     3.833 	    0.924569 	 0.656221
     3.834 	    0.924482 	  0.65604
     3.835 	     0.92439 	 0.655927
     3.836 	    0.924295 	 0.655813
     3.837 	     0.92419 	  0.65569
     3.838 	    0.924077 	 0.655697
     3.839 	     0.92396 	 0.655567
     3.840 	     0.92384 	 0.655434
     3.841 	    0.923717 	 0.655362
     3.842 	     0.92359 	  0.65522
     3.843 	     0.92346 	 0.655211
     3.844 	    0.923335 	  0.65507
     3.845 	    0.923208 	 0.654929
     3.846 	    0.923078 	 0.654785
     3.847 	    0.922943 	 0.654638
     3.848 	    0.922811 	 0.654627
     3.849 	    0.922677 	  0.65448
     3.850 	     0.92254 	 0.654332
     3.851 	    0.922399 	 0.654176
     3.852 	     0.92226 	 0.654154
     3.853 	     0.92212 	 0.653998
     3.854 	    0.921978 	 0.653841
     3.855 	    0.921833 	 0.653681
     3.856 	    0.921696 	 0.653527
     3.857 	    0.921562 	 0.653575
     3.858 	    0.921428 	 0.653424
     3.859 	    0.921295 	 0.653273
     3.860 	     0.92117 	 0.653128
     3.861 	    0.921049 	 0.653125
     3.862 	     0.92093 	 0.652992
     3.863 	    0.920811 	 0.652858
     3.864 	    0.920698 	 0.652728
     3.865 	     0.92059 	 0.652734
     3.866 	    0.920485 	  0.65261
     3.867 	     0.92038 	 0.652486
     3.868 	    0.920283 	 0.652368
     3.869 	    0.920193 	 0.652388
     3.870 	    0.920109 	 0.652345
     3.871 	    0.920026 	 0.652207
     3.872 	    0.919951 	 0.652075
     3.873 	    0.919883 	 0.652079
     3.874 	    0.919822 	 0.651956
     3.875 	    0.919762 	 0.651835
     3.876 	     0.91971 	 0.651718
     3.877 	    0.919663 	 0.651739
     3.878 	    0.919625 	 0.651633
     3.879 	    0.919586 	 0.651598
     3.880 	    0.919552 	 0.651494
     3.881 	    0.919524 	  0.65156
     3.882 	    0.919503 	 0.651497
     3.883 	    0.919484 	 0.651436
     3.884 	     0.91947 	 0.651445
     3.885 	    0.919461 	 0.651523
     3.886 	    0.919463 	 0.651477
     3.887 	    0.919466 	 0.651431
     3.888 	    0.919472 	 0.651388
     3.889 	    0.919482 	  0.65148
     3.890 	    0.919501 	 0.651518
     3.891 	     0.91952 	 0.651495
     3.892 	    0.919539 	 0.651472
     3.893 	    0.919557 	  0.65145
     3.894 	    0.919579 	 0.651562
     3.895 	    0.919599 	 0.651541
     3.896 	    0.919617 	 0.651517
     3.897 	    0.919634 	 0.651494
     3.898 	    0.919655 	 0.651605
     3.899 	    0.919674 	 0.651721
     3.900 	     0.91969 	 0.651697
     3.901 	    0.919701 	 0.651644
     3.902 	    0.919712 	 0.651591
     3.903 	    0.919722 	 0.651537
     3.904 	     0.91973 	 0.651481
     3.905 	    0.919733 	 0.651628
     3.906 	    0.919733 	 0.651567
     3.907 	    0.919729 	 0.651503
     3.908 	    0.919719 	 0.651435
     3.909 	    0.919697 	  0.65136
     3.910 	    0.919672 	 0.651282
     3.911 	    0.919642 	 0.651302
     3.912 	    0.919607 	  0.65138
     3.913 	    0.919558 	 0.651316
     3.914 	    0.919501 	 0.651246
     3.915 	    0.919437 	 0.651172
     3.916 	    0.919365 	 0.651092
     3.917 	    0.919278 	 0.651071
     3.918 	    0.919182 	  0.65104
     3.919 	    0.919079 	 0.650938
     3.920 	     0.91897 	 0.650964
     3.921 	    0.918844 	 0.650829
     3.922 	    0.918706 	 0.650759
     3.923 	    0.918559 	  0.65061
     3.924 	    0.918406 	 0.650457
     3.925 	    0.918235 	 0.650291
     3.926 	    0.918052 	 0.650189
     3.927 	    0.917861 	 0.650009
     3.928 	    0.917666 	 0.649826
     3.929 	    0.917457 	 0.649765
     3.930 	    0.917235 	 0.649563
     3.931 	    0.917004 	 0.649453
     3.932 	    0.916763 	 0.649264
     3.933 	     0.91651 	 0.649067
     3.934 	    0.916247 	 0.648862
     3.935 	    0.915977 	 0.648725
     3.936 	    0.915701 	 0.648512
     3.937 	     0.91542 	 0.648294
     3.938 	     0.91513 	 0.648071
     3.939 	    0.914829 	 0.648043
     3.940 	    0.914519 	 0.647871
     3.941 	    0.914207 	 0.647617
     3.942 	     0.91389 	 0.647431
     3.943 	    0.913568 	 0.647171
     3.944 	    0.913245 	 0.646908
     3.945 	    0.912922 	 0.646647
     3.946 	    0.912596 	 0.646455
     3.947 	    0.912266 	 0.646189
     3.948 	    0.911932 	 0.645919
     3.949 	    0.911602 	 0.645855
     3.950 	    0.911275 	 0.645591
     3.951 	     0.91095 	 0.645316
     3.952 	    0.910626 	 0.645041
     3.953 	    0.910308 	 0.644842
     3.954 	    0.909994 	 0.644575
     3.955 	    0.909681 	 0.644308
     3.956 	    0.909368 	 0.644113
     3.957 	    0.909061 	  0.64385
     3.958 	    0.908761 	 0.643593
     3.959 	    0.908469 	 0.643412
     3.960 	    0.908182 	 0.643164
     3.961 	    0.907902 	 0.643059
     3.962 	    0.907628 	 0.642898
     3.963 	    0.907366 	 0.642674
     3.964 	    0.907109 	 0.642453
     3.965 	    0.906858 	 0.642309
     3.966 	    0.906614 	 0.642097
     3.967 	    0.906388 	   0.6419
     3.968 	    0.906167 	  0.64177
     3.969 	    0.905951 	  0.64165
     3.970 	     0.90574 	 0.641463
     3.971 	    0.905541 	 0.641314
     3.972 	    0.905347 	  0.64124
     3.973 	    0.905156 	 0.641098
     3.974 	    0.904968 	 0.641159
     3.975 	    0.904789 	 0.641025
     3.976 	    0.904616 	 0.640894
     3.977 	    0.904445 	 0.640837
     3.978 	    0.904271 	 0.640707
     3.979 	    0.904101 	 0.640579
     3.980 	    0.903932 	 0.640522
     3.981 	    0.903761 	 0.640365
     3.982 	    0.903583 	 0.640202
     3.983 	    0.903396 	 0.640105
     3.984 	    0.903202 	 0.639931
     3.985 	    0.902998 	 0.639749
     3.986 	    0.902779 	 0.639629
     3.987 	    0.902536 	 0.639551
     3.988 	    0.902278 	 0.639332
     3.989 	    0.902005 	 0.639173
     3.990 	    0.901706 	 0.638925
     3.991 	    0.901371 	 0.638668
     3.992 	    0.901009 	 0.638463
     3.993 	    0.900621 	 0.638168
     3.994 	    0.900189 	 0.637913
     3.995 	    0.899712 	 0.637556
     3.996 	    0.899195 	 0.637171
     3.997 	    0.898636 	 0.636826
     3.998 	    0.898014 	 0.636366
     3.999 	    0.897331 	 0.635863
     4.000 	     0.89659 	 0.635389
     4.001 	    0.895787 	 0.634918
     4.002 	     0.89489 	 0.634252
     4.003 	    0.893921 	 0.633604
     4.004 	    0.892878 	 0.632834
     4.005 	    0.891754 	 0.632077
     4.006 	    0.890511 	 0.631165
     4.007 	    0.889182 	 0.630192
     4.008 	    0.887762 	 0.629225
     4.009 	    0.886228 	 0.628107
     4.010 	    0.884556 	 0.626892
     4.011 	    0.882781 	 0.625672
     4.012 	    0.880899 	 0.624307
     4.013 	    0.878869 	 0.622838
     4.014 	    0.876682 	 0.621327
     4.015 	     0.87437 	 0.619658
     4.016 	    0.871929 	 0.617966
     4.017 	    0.869306 	 0.616077
     4.018 	    0.866511 	 0.614191
     4.019 	     0.86357 	 0.612144
     4.020 	    0.860483 	 0.609926
     4.021 	    0.857178 	 0.607556
     4.022 	    0.853686 	 0.605122
     4.023 	    0.850029 	 0.602503
     4.024 	    0.846204 	 0.599765
     4.025 	    0.842124 	 0.596913
     4.026 	    0.837856 	 0.593862
     4.027 	    0.833408 	 0.590748
     4.028 	    0.828773 	 0.587437
     4.029 	    0.823861 	  0.58393
     4.030 	    0.818756 	  0.58035
     4.031 	    0.813458 	 0.576582
     4.032 	    0.807938 	 0.572656
     4.033 	    0.802136 	 0.568593
     4.034 	    0.796133 	 0.564326
     4.035 	    0.789928 	 0.559914
     4.036 	    0.783477 	 0.555447
     4.037 	    0.776745 	 0.550662
     4.038 	    0.769812 	 0.545734
     4.039 	    0.762673 	  0.54072
     4.040 	    0.755269 	 0.535459
     4.041 	    0.747601 	 0.529996
     4.042 	    0.739728 	 0.524448
     4.043 	    0.731648 	 0.518693
     4.044 	    0.723293 	 0.512745
     4.045 	    0.714702 	 0.506687
     4.046 	    0.705915 	 0.500432
     4.047 	    0.696935 	 0.494042
     4.048 	    0.687677 	 0.487509
     4.049 	    0.678216 	 0.480779
     4.050 	    0.668566 	 0.473915
     4.051 	    0.658739 	 0.466977
     4.052 	    0.648641 	 0.459796
     4.053 	    0.638377 	 0.452497
     4.054 	    0.627955 	 0.445137
     4.055 	    0.617368 	 0.437698
     4.056 	    0.606568 	  0.43002
     4.057 	    0.595638 	 0.422297
     4.058 	    0.584581 	 0.414436
     4.059 	    0.573388 	 0.406481
     4.060 	    0.562043 	 0.398418
     4.061 	    0.550603 	 0.390333
     4.062 	    0.539074 	 0.382141
     4.063 	    0.527444 	 0.373879
     4.064 	    0.515746 	  0.36561
     4.065 	    0.504002 	 0.357267
     4.066 	    0.492218 	 0.348897
     4.067 	    0.480393 	 0.340499
     4.068 	    0.468554 	 0.332094
     4.069 	     0.45671 	 0.323684
     4.070 	    0.444864 	 0.315273
     4.071 	    0.433054 	 0.306985
     4.072 	    0.421288 	  0.29863
     4.073 	    0.409573 	 0.290312
     4.074 	    0.397914 	 0.282034
     4.075 	     0.38637 	 0.273869
     4.076 	    0.374915 	 0.265737
     4.077 	    0.363561 	 0.257677
     4.078 	    0.352311 	 0.249691
     4.079 	    0.341236 	 0.241857
     4.080 	    0.330298 	 0.234093
     4.081 	    0.319501 	  0.22643
     4.082 	    0.308864 	 0.218881
     4.083 	    0.298455 	 0.211518
     4.084 	    0.288217 	 0.204252
     4.085 	    0.278148 	 0.197147
     4.086 	    0.268286 	 0.190147
     4.087 	     0.25867 	 0.183344
     4.088 	    0.249244 	 0.176654
     4.089 	    0.240008 	 0.170099
     4.090 	    0.231031 	 0.163729
     4.091 	    0.222312 	 0.157542
     4.092 	    0.213798 	 0.151518
     4.093 	    0.205489 	 0.145622
     4.094 	    0.197456 	 0.139923
     4.095 	    0.189668 	 0.134397
     4.096 	    0.182083 	 0.129042
     4.097 	     0.17471 	 0.123825
     4.098 	    0.167637 	 0.118806
     4.099 	    0.160786 	 0.113945
     4.100 	    0.154136 	 0.109215
     4.101 	    0.147689 	 0.104642
     4.102 	    0.141538 	 0.100279
     4.103 	    0.135586 	 0.0960688
     4.104 	    0.129823 	 0.0919999
     4.105 	     0.12426 	 0.0880536
     4.106 	    0.118971 	 0.0843017
     4.107 	    0.113861 	 0.0806772
     4.108 	    0.108925 	 0.077176
     4.109 	    0.104182 	 0.073812
     4.110 	   0.0996744 	 0.0706231
     4.111 	   0.0953273 	 0.0675529
     4.112 	   0.0911372 	  0.06458
     4.113 	   0.0871333 	 0.0617392
     4.114 	   0.0833231 	 0.059036
     4.115 	   0.0796546 	 0.0564336
     4.116 	   0.0761229 	 0.0539285
     4.117 	    0.072767 	 0.0515585
     4.118 	   0.0695651 	 0.0492869
     4.119 	   0.0664865 	 0.0471031
     4.120 	   0.0635288 	 0.0450101
     4.121 	   0.0607279 	 0.0430236
     4.122 	   0.0580483 	 0.0411232
     4.123 	   0.0554745 	 0.0393059
     4.124 	   0.0530028 	 0.0375528
     4.125 	   0.0506725 	   0.0359
     4.126 	   0.0484394 	 0.0343162
     4.127 	   0.0462947 	 0.0327952
     4.128 	   0.0442376 	 0.0313428
     4.129 	   0.0423035 	 0.029971
     4.130 	   0.0404473 	 0.0286545
     4.131 	   0.0386657 	 0.027391
     4.132 	    0.036963 	 0.0261835
     4.133 	   0.0353588 	 0.0250459
     4.134 	   0.0338197 	 0.0239594
     4.135 	   0.0323433 	 0.0229123
     4.136 	   0.0309391 	 0.0219165
     4.137 	   0.0296102 	 0.0209741
     4.138 	   0.0283347 	 0.0200697
     4.139 	   0.0271113 	 0.0192061
     4.140 	   0.0259511 	 0.0183833
     4.141 	    0.024848 	 0.0176008
     4.142 	   0.0237884 	 0.0168492
     4.143 	   0.0227724 	 0.0161286
     4.144 	   0.0218117 	 0.0154472
     4.145 	   0.0208956 	 0.0148006
     4.146 	   0.0200159 	 0.0141766
     4.147 	   0.0191714 	 0.0135776
     4.148 	   0.0183748 	 0.0130127
     4.149 	   0.0176123 	 0.0124719
     4.150 	   0.0168796 	 0.0119548
     4.151 	   0.0161753 	 0.0114556
     4.152 	   0.0155141 	 0.010987
     4.153 	   0.0148805 	 0.010538
     4.154 	   0.0142722 	 0.0101069
     4.155 	   0.0136886 	 0.00969334
     4.156 	   0.0131372 	 0.00930448
     4.157 	   0.0126073 	 0.0089289
     4.158 	   0.0120983 	 0.00856719
     4.159 	   0.0116127 	 0.00822307
     4.160 	   0.0111541 	 0.0078981
     4.161 	   0.0107136 	 0.00758583
     4.162 	   0.0102903 	 0.00728724
     4.163 	  0.00988763 	 0.00700175
     4.164 	  0.00950406 	 0.00672981
     4.165 	   0.0091351 	 0.00646824
     4.166 	  0.00878069 	 0.006217
     4.167 	  0.00844508 	 0.00597842
     4.168 	  0.00812594 	 0.00575339
     4.169 	  0.00781869 	 0.00553559
     4.170 	  0.00752228 	 0.00532547
     4.171 	  0.00723986 	 0.00512532
     4.172 	  0.00696939 	 0.00493363
     4.173 	  0.00670871 	 0.0047489
     4.174 	  0.00645741 	 0.0045703
     4.175 	  0.00621898 	 0.00440226
     4.176 	   0.0059902 	 0.00424014
     4.177 	  0.00577006 	 0.00408414
     4.178 	  0.00555841 	 0.00393417
     4.179 	  0.00535701 	 0.00379146
     4.180 	  0.00516234 	 0.00365311
     4.181 	  0.00497444 	  0.00352
     4.182 	  0.00479426 	 0.00339304
     4.183 	  0.00462342 	 0.00327199
     4.184 	  0.00445839 	 0.00315506
     4.185 	  0.00429922 	 0.00304195
     4.186 	  0.00414723 	 0.00293428
     4.187 	  0.00400284 	 0.002832
     4.188 	   0.0038635 	 0.0027333
     4.189 	  0.00372905 	 0.00263777
     4.190 	   0.0036001 	 0.00254644
     4.191 	  0.00347762 	 0.00246018
     4.192 	  0.00335961 	 0.00237657
     4.193 	  0.00324568 	 0.00229586
     4.194 	  0.00313631 	 0.00221813
     4.195 	   0.0030305 	 0.00214319
     4.196 	  0.00292807 	 0.00207064
     4.197 	   0.0028291 	 0.00200055
     4.198 	  0.00273439 	 0.00193326
     4.199 	  0.00264277 	 0.00186839
     4.200 	  0.00255418 	 0.00180566
     4.201 	  0.00246883 	 0.00174502
     4.202 	  0.00238822 	 0.00168795
     4.203 	  0.00230983 	 0.00163245
     4.204 	  0.00223366 	 0.00157852
     4.205 	  0.00215993 	 0.00152615
     4.206 	   0.0020909 	 0.00147729
     4.207 	  0.00202445 	 0.00143026
     4.208 	  0.00196021 	 0.00138463
     4.209 	  0.00189809 	 0.00134067
     4.210 	  0.00183894 	 0.00129882
     4.211 	  0.00178212 	 0.0012585
     4.212 	  0.00172735 	 0.00121978
     4.213 	  0.00167432 	 0.00118229
     4.214 	  0.00162292 	 0.00114596
     4.215 	  0.00157309 	 0.00111061
     4.216 	  0.00152496 	 0.00107659
     4.217 	  0.00147922 	 0.00104416
     4.218 	  0.00143452 	 0.00101245
     4.219 	  0.00139068 	 0.000981478
     4.220 	  0.00134773 	 0.000951133
     4.221 	  0.00130618 	 0.00092168
     4.222 	  0.00126551 	 0.000892959
     4.223 	  0.00122532 	 0.00086448
     4.224 	  0.00118554 	 0.000836393
     4.225 	  0.00114807 	 0.000809936
     4.226 	  0.00111274 	 0.000784902
     4.227 	  0.00107885 	 0.000760977
     4.228 	  0.00104596 	 0.000737757
     4.229 	  0.00101296 	 0.000714381
     4.230 	 0.000980934 	 0.000691777
     4.231 	  0.00095002 	 0.000669943
     4.232 	 0.000920486 	 0.00064901
     4.233 	 0.000893003 	 0.000629602
     4.234 	 0.000866676 	 0.000610942
     4.235 	  0.00084163 	 0.000593257
     4.236 	 0.000818319 	 0.000576681
     4.237 	 0.000795627 	 0.000560599
     4.238 	  0.00077301 	 0.000544636
     4.239 	 0.000750633 	 0.000528784
     4.240 	 0.000729315 	 0.000513742
     4.241 	 0.000709778 	 0.000499948
     4.242 	 0.000690745 	 0.000486455
     4.243 	 0.000671772 	 0.000473064
     4.244 	 0.000652204 	 0.000459203
     4.245 	 0.000633185 	 0.000445784
     4.246 	 0.000615287 	 0.000433155
     4.247 	 0.000598748 	 0.000421438
     4.248 	 0.000583234 	 0.000410492
     4.249 	 0.000568362 	 0.000399954
     4.250 	 0.000554058 	 0.000389784
     4.251 	 0.000540288 	 0.000380028
     4.252 	 0.000526209 	 0.000370054
     4.253 	 0.000511822 	 0.000359908
     4.254 	 0.000497415 	 0.000349709
     4.255 	 0.000483299 	 0.000339758
     4.256 	 0.000470204 	 0.000330489
     4.257 	 0.000456642 	 0.000320931
     4.258 	 0.000442485 	 0.000310957
     4.259 	 0.000427543 	 0.000300398
     4.260 	 0.000413355 	 0.000290406
     4.261 	 0.000400441 	 0.000281292
     4.262 	 0.000388767 	 0.000273028
     4.263 	 0.000378275 	 0.00026562
     4.264 	  0.00036788 	 0.000258312
     4.265 	 0.000358084 	 0.000251397
     4.266 	 0.000349055 	 0.00024505
     4.267 	 0.000341131 	 0.000239479
     4.268 	 0.000333627 	 0.000234177
     4.269 	  0.00032613 	 0.000228907
     4.270 	 0.000318506 	 0.000223523
     4.271 	 0.000310729 	 0.000218053
     4.272 	 0.000302454 	 0.00021221
     4.273 	 0.000294063 	 0.000206312
     4.274 	  0.00028582 	 0.000200518
     4.275 	 0.000279161 	 0.000195773
     4.276 	 0.000273448 	 0.000191756
     4.277 	  0.00026816 	 0.000188016
     4.278 	 0.000262919 	 0.000184331
     4.279 	 0.000256884 	 0.000180069
     4.280 	 0.000251127 	 0.000176024
     4.281 	  0.00024587 	 0.000172308
     4.282 	 0.000241423 	 0.00016918
     4.283 	 0.000237966 	 0.000166746
     4.284 	 0.000234252 	 0.000164114
     4.285 	 0.000230158 	 0.000161235
     4.286 	 0.000225543 	 0.000157973
     4.287 	 0.000220282 	 0.000154278
     4.288 	 0.000214983 	 0.000150493
     4.289 	 0.000209913 	 0.000146934
     4.290 	 0.000205689 	 0.000143967
     4.291 	 0.000203279 	 0.000142259
     4.292 	 0.000201683 	 0.000141137
     4.293 	 0.000200544 	 0.000140319
     4.294 	  0.00019921 	 0.00013938
     4.295 	 0.000197494 	 0.000138159
     4.296 	 0.000195603 	 0.000136831
     4.297 	 0.000193542 	 0.000135384
     4.298 	 0.000190657 	 0.000133346
     4.299 	 0.000186829 	 0.000130663
     4.300 	 0.000182395 	 0.000127543
     4.301 	 0.000177541 	 0.000124139
     4.302 	 0.000172635 	 0.000120685
     4.303 	 0.000167678 	 0.00011721
     4.304 	 0.000162583 	 0.000113639
     4.305 	 0.000157256 	 0.000109894
     4.306 	 0.000152359 	 0.000106464
     4.307 	 0.000148166 	 0.000103513
     4.308 	 0.000144749 	 0.000101118
     4.309 	 0.000142287 	 9.939e-05
     4.310 	 0.000140345 	 9.80142e-05
     4.311 	 0.000138489 	 9.67096e-05
     4.312 	 0.000136604 	 9.5374e-05
     4.313 	 0.000134498 	 9.38953e-05
     4.314 	  0.00013202 	 9.21573e-05
     4.315 	 0.000129669 	 9.04979e-05
     4.316 	 0.000127589 	 8.90384e-05
     4.317 	 0.000126007 	 8.79166e-05
     4.318 	 0.000124807 	 8.70715e-05
     4.319 	 0.000123611 	 8.62296e-05
     4.320 	 0.000122316 	 8.53089e-05
     4.321 	 0.000120999 	 8.4387e-05
     4.322 	 0.000119771 	 8.35273e-05
     4.323 	 0.000118609 	 8.27041e-05
     4.324 	 0.000117494 	 8.19234e-05
     4.325 	 0.000116219 	 8.10312e-05
     4.326 	 0.000115059 	 8.021e-05
     4.327 	 0.000113954 	 7.94365e-05
     4.328 	 0.000112861 	 7.86624e-05
     4.329 	 0.000111605 	 7.77839e-05
     4.330 	 0.000110041 	 7.66907e-05
     4.331 	 0.000108484 	 7.55907e-05
     4.332 	 0.000107316 	 7.47708e-05
     4.333 	 0.000106766 	 7.43815e-05
     4.334 	 0.000106521 	 7.41963e-05
     4.335 	 0.000106311 	 7.4044e-05
     4.336 	 0.000105654 	 7.35804e-05
     4.337 	 0.000104583 	 7.28285e-05
     4.338 	 0.000103431 	 7.20047e-05
     4.339 	 0.000102314 	 7.12213e-05
     4.340 	 0.000101465 	 7.06388e-05
     4.341 	 0.000100808 	 7.01674e-05
     4.342 	 0.000100132 	 6.96909e-05
     4.343 	  9.9349e-05 	 6.91401e-05
     4.344 	  9.8257e-05 	 6.83743e-05
     4.345 	 9.69134e-05 	 6.74258e-05
     4.346 	 9.55338e-05 	 6.64602e-05
     4.347 	 9.42504e-05 	 6.55618e-05
     4.348 	 9.35407e-05 	 6.50625e-05
     4.349 	 9.30289e-05 	 6.46935e-05
     4.350 	   9.256e-05 	 6.43619e-05
     4.351 	 9.20274e-05 	 6.39872e-05
     4.352 	 9.09464e-05 	 6.32311e-05
     4.353 	 8.99059e-05 	 6.24963e-05
     4.354 	 8.89859e-05 	 6.18525e-05
     4.355 	 8.82703e-05 	 6.13509e-05
     4.356 	  8.8155e-05 	 6.12665e-05
     4.357 	 8.81595e-05 	 6.12584e-05
     4.358 	 8.82006e-05 	 6.12827e-05
     4.359 	 8.81717e-05 	 6.12585e-05
     4.360 	 8.79807e-05 	 6.11215e-05
     4.361 	 8.77258e-05 	 6.09399e-05
     4.362 	  8.7517e-05 	 6.07904e-05
     4.363 	 8.75966e-05 	 6.08341e-05
     4.364 	 8.76628e-05 	 6.08879e-05
     4.365 	 8.76233e-05 	 6.08559e-05
     4.366 	 8.73865e-05 	 6.0687e-05
     4.367 	 8.66579e-05 	 6.01764e-05
     4.368 	 8.62343e-05 	 5.98778e-05
     4.369 	 8.60406e-05 	 5.97319e-05
     4.370 	 8.60772e-05 	 5.9759e-05
     4.371 	 8.64572e-05 	 6.00179e-05
     4.372 	 8.66204e-05 	 6.01263e-05
     4.373 	 8.68301e-05 	 6.02669e-05
     4.374 	 8.72147e-05 	 6.05289e-05
     4.375 	 8.78342e-05 	 6.09539e-05
     4.376 	 8.88005e-05 	 6.16194e-05
     4.377 	  8.9686e-05 	 6.22288e-05
     4.378 	 9.01748e-05 	 6.25628e-05
     4.379 	 9.00911e-05 	 6.24995e-05
     4.380 	 8.96346e-05 	 6.21706e-05
     4.381 	 8.89913e-05 	 6.17202e-05
     4.382 	 8.83619e-05 	 6.12795e-05
     4.383 	 8.78038e-05 	 6.08882e-05
     4.384 	 8.72482e-05 	 6.05111e-05
     4.385 	  8.6632e-05 	 6.00796e-05
     4.386 	 8.58408e-05 	 5.95268e-05
     4.387 	 8.48243e-05 	 5.88179e-05
     4.388 	 8.39848e-05 	 5.82318e-05
     4.389 	 8.34136e-05 	 5.78317e-05
     4.390 	 8.32607e-05 	 5.77217e-05
     4.391 	 8.34993e-05 	 5.78829e-05
     4.392 	 8.38098e-05 	 5.80939e-05
     4.393 	 8.41241e-05 	 5.83074e-05
     4.394 	 8.44505e-05 	 5.85293e-05
     4.395 	 8.47916e-05 	 5.87681e-05
     4.396 	 8.53266e-05 	 5.91346e-05
     4.397 	 8.60728e-05 	 5.96473e-05
     4.398 	 8.65594e-05 	 5.998e-05
     4.399 	 8.65548e-05 	 5.99784e-05
     4.400 	 8.59277e-05 	 5.95393e-05
     4.401 	 8.45758e-05 	 5.85965e-05
     4.402 	 8.27253e-05 	 5.73085e-05
     4.403 	  8.0869e-05 	 5.60281e-05
     4.404 	 7.92181e-05 	 5.48786e-05
     4.405 	 7.79764e-05 	 5.40191e-05
     4.406 	 7.70829e-05 	 5.33945e-05
     4.407 	 7.60944e-05 	 5.27043e-05
     4.408 	 7.50194e-05 	 5.19542e-05
     4.409 	 7.38712e-05 	 5.11589e-05
     4.410 	 7.33033e-05 	 5.07603e-05
     4.411 	 7.33731e-05 	 5.08104e-05
     4.412 	  7.4072e-05 	 5.13006e-05
     4.413 	 7.54359e-05 	 5.22409e-05
     4.414 	 7.67738e-05 	 5.31632e-05
     4.415 	 7.77738e-05 	 5.38512e-05
     4.416 	 7.83432e-05 	 5.42474e-05
     4.417 	 7.82984e-05 	 5.42175e-05
     4.418 	 7.81659e-05 	 5.41213e-05
     4.419 	 7.81833e-05 	 5.41288e-05
     4.420 	  7.8396e-05 	 5.4278e-05
     4.421 	 7.86649e-05 	 5.44708e-05
     4.422 	 7.88236e-05 	 5.45764e-05
     4.423 	 7.87154e-05 	 5.44972e-05
     4.424 	  7.8273e-05 	 5.41929e-05
     4.425 	 7.76924e-05 	 5.3792e-05
     4.426 	 7.67874e-05 	 5.31612e-05
     4.427 	 7.57672e-05 	 5.24568e-05
     4.428 	 7.47651e-05 	 5.17588e-05
     4.429 	 7.34491e-05 	 5.0854e-05
     4.430 	 7.22868e-05 	 5.00511e-05
     4.431 	 7.12981e-05 	 4.93606e-05
     4.432 	 7.05217e-05 	 4.8822e-05
     4.433 	 7.02765e-05 	 4.8652e-05
     4.434 	 7.02591e-05 	 4.86341e-05
     4.435 	 7.04322e-05 	 4.87536e-05
     4.436 	 7.07734e-05 	 4.89839e-05
     4.437 	 7.15228e-05 	 4.94965e-05
     4.438 	 7.24043e-05 	 5.01062e-05
     4.439 	 7.34175e-05 	 5.08166e-05
     4.440 	 7.46663e-05 	 5.16807e-05
     4.441 	  7.5816e-05 	 5.24719e-05
     4.442 	 7.69921e-05 	 5.32812e-05
     4.443 	 7.81525e-05 	 5.40859e-05
     4.444 	 7.89821e-05 	 5.46552e-05
     4.445 	 7.96123e-05 	 5.50985e-05
     4.446 	 8.00101e-05 	 5.53689e-05
     4.447 	 8.01954e-05 	 5.54988e-05
     4.448 	 8.04841e-05 	 5.56937e-05
     4.449 	 8.07852e-05 	 5.59037e-05
     4.450 	 8.11563e-05 	 5.6167e-05
     4.451 	  8.1625e-05 	 5.6491e-05
     4.452 	 8.20232e-05 	 5.67654e-05
     4.453 	 8.23834e-05 	 5.70143e-05
     4.454 	 8.26222e-05 	 5.71792e-05
     4.455 	 8.26593e-05 	 5.71978e-05
     4.456 	 8.24312e-05 	 5.70397e-05
     4.457 	  8.2177e-05 	 5.68567e-05
     4.458 	 8.19043e-05 	 5.66677e-05
     4.459 	  8.1619e-05 	 5.64633e-05
     4.460 	 8.12741e-05 	 5.623e-05
     4.461 	 8.05032e-05 	 5.56981e-05
     4.462 	 7.93042e-05 	 5.48635e-05
     4.463 	 7.76831e-05 	 5.37434e-05
     4.464 	 7.56824e-05 	 5.23544e-05
     4.465 	 7.38385e-05 	 5.10801e-05
     4.466 	 7.22058e-05 	 4.99519e-05
     4.467 	 7.07062e-05 	 4.89099e-05
     4.468 	 6.95532e-05 	 4.81184e-05
     4.469 	  6.8623e-05 	 4.74759e-05
     4.470 	 6.79347e-05 	 4.69954e-05
     4.471 	  6.7772e-05 	 4.68826e-05
     4.472 	 6.79248e-05 	 4.69881e-05
     4.473 	 6.81767e-05 	 4.71621e-05
     4.474 	 6.84388e-05 	 4.73377e-05
     4.475 	 6.86976e-05 	 4.75164e-05
     4.476 	 6.87412e-05 	 4.75464e-05
     4.477 	 6.87699e-05 	 4.75708e-05
     4.478 	 6.89116e-05 	 4.7663e-05
     4.479 	 6.89172e-05 	 4.76666e-05
     4.480 	  6.8927e-05 	 4.76731e-05
     4.481 	 6.87193e-05 	 4.75305e-05
     4.482 	 6.80365e-05 	 4.70536e-05
     4.483 	 6.71301e-05 	 4.64277e-05
     4.484 	 6.62512e-05 	 4.58208e-05
     4.485 	 6.55029e-05 	 4.53042e-05
     4.486 	 6.50568e-05 	 4.49966e-05
     4.487 	 6.48467e-05 	 4.48468e-05
     4.488 	 6.43865e-05 	 4.45205e-05
     4.489 	 6.36191e-05 	 4.39907e-05
     4.490 	 6.24994e-05 	 4.32173e-05
     4.491 	 6.10259e-05 	 4.22031e-05
     4.492 	 5.96748e-05 	 4.12693e-05
     4.493 	 5.84744e-05 	 4.04396e-05
     4.494 	 5.71412e-05 	 3.95134e-05
     4.495 	 5.59632e-05 	 3.86993e-05
     4.496 	  5.4863e-05 	 3.79311e-05
     4.497 	 5.38897e-05 	 3.72586e-05
     4.498 	 5.36162e-05 	 3.70699e-05
     4.499 	 5.37968e-05 	 3.71952e-05
     4.500 	 5.42547e-05 	 3.75121e-05
     4.501 	 5.49159e-05 	 3.79624e-05
     4.502 	 5.58507e-05 	 3.86095e-05
     4.503 	 5.67732e-05 	 3.9248e-05
     4.504 	 5.78054e-05 	 3.99544e-05
     4.505 	 5.90541e-05 	 4.08184e-05
     4.506 	 6.00683e-05 	 4.1516e-05
     4.507 	 6.12321e-05 	 4.23127e-05
     4.508 	 6.23735e-05 	 4.31023e-05
     4.509 	 6.32575e-05 	 4.37141e-05
     4.510 	  6.3985e-05 	 4.42087e-05
     4.511 	 6.44144e-05 	 4.45075e-05
     4.512 	 6.46212e-05 	 4.46525e-05
     4.513 	 6.47579e-05 	 4.47399e-05
     4.514 	 6.52119e-05 	 4.50557e-05
     4.515 	 6.57772e-05 	 4.54391e-05
     4.516 	 6.64605e-05 	 4.59133e-05
     4.517 	 6.73937e-05 	 4.65553e-05
     4.518 	 6.82473e-05 	 4.71375e-05
     4.519 	 6.94492e-05 	 4.79698e-05
     4.520 	 7.10284e-05 	 4.90529e-05
     4.521 	 7.25161e-05 	 5.00815e-05
     4.522 	 7.38147e-05 	 5.09691e-05
     4.523 	 7.46087e-05 	 5.15246e-05
     4.524 	 7.47577e-05 	 5.16287e-05
     4.525 	 7.43985e-05 	 5.13713e-05
     4.526 	 7.38276e-05 	 5.09731e-05
     4.527 	 7.29991e-05 	 5.0392e-05
     4.528 	 7.18679e-05 	 4.96122e-05
     4.529 	 7.05134e-05 	 4.86683e-05
     4.530 	 6.87978e-05 	 4.74908e-05
     4.531 	 6.71196e-05 	 4.63235e-05
     4.532 	 6.58906e-05 	 4.54758e-05
     4.533 	 6.50841e-05 	 4.4906e-05
     4.534 	 6.49189e-05 	 4.47925e-05
     4.535 	 6.53253e-05 	 4.50644e-05
     4.536 	 6.62373e-05 	 4.56993e-05
     4.537 	 6.77684e-05 	 4.67467e-05
     4.538 	  6.9259e-05 	 4.77754e-05
     4.539 	 7.04851e-05 	 4.86069e-05
     4.540 	 7.10122e-05 	 4.89709e-05
     4.541 	 7.09128e-05 	 4.89e-05
     4.542 	 7.04752e-05 	 4.86e-05
     4.543 	 6.98372e-05 	 4.81521e-05
     4.544 	  6.9343e-05 	 4.78132e-05
     4.545 	 6.85367e-05 	 4.72501e-05
     4.546 	 6.76137e-05 	 4.66155e-05
     4.547 	 6.66501e-05 	 4.59435e-05
     4.548 	 6.57727e-05 	 4.53403e-05
     4.549 	 6.55775e-05 	 4.52035e-05
     4.550 	  6.5874e-05 	 4.54095e-05
     4.551 	 6.65882e-05 	 4.58901e-05
     4.552 	 6.76393e-05 	 4.66221e-05
     4.553 	 6.88239e-05 	 4.74311e-05
     4.554 	   6.986e-05 	 4.81474e-05
     4.555 	 7.05146e-05 	 4.85965e-05
     4.556 	  7.0724e-05 	 4.87431e-05
     4.557 	 7.02678e-05 	 4.84162e-05
     4.558 	 6.94946e-05 	 4.78759e-05
     4.559 	 6.88277e-05 	 4.74242e-05
     4.560 	 6.83418e-05 	 4.70818e-05
     4.561 	 6.80953e-05 	 4.69128e-05
     4.562 	  6.7894e-05 	 4.67707e-05
     4.563 	 6.73452e-05 	 4.63886e-05
     4.564 	 6.64194e-05 	 4.57476e-05
     4.565 	 6.57943e-05 	 4.53177e-05
     4.566 	 6.55299e-05 	 4.5127e-05
     4.567 	 6.55481e-05 	 4.51454e-05
     4.568 	 6.58783e-05 	 4.53641e-05
     4.569 	  6.5811e-05 	 4.53138e-05
     4.570 	 6.52392e-05 	 4.49168e-05
     4.571 	 6.45415e-05 	 4.4438e-05
     4.572 	 6.37803e-05 	 4.39205e-05
     4.573 	 6.32334e-05 	 4.35366e-05
     4.574 	  6.2993e-05 	 4.33726e-05
     4.575 	 6.27786e-05 	 4.32184e-05
     4.576 	 6.24086e-05 	 4.29651e-05
     4.577 	 6.20703e-05 	 4.2725e-05
     4.578 	 6.18818e-05 	 4.26016e-05
     4.579 	 6.18339e-05 	 4.25614e-05
     4.580 	 6.21393e-05 	 4.27781e-05
     4.581 	 6.26474e-05 	 4.31195e-05
     4.582 	 6.32254e-05 	 4.35184e-05
     4.583 	 6.40338e-05 	 4.40753e-05
     4.584 	 6.48199e-05 	 4.46077e-05
     4.585 	 6.55381e-05 	 4.51076e-05
     4.586 	 6.61197e-05 	 4.5499e-05
     4.587 	 6.67949e-05 	 4.59694e-05
     4.588 	 6.75155e-05 	 4.64658e-05
     4.589 	 6.83011e-05 	 4.6998e-05
     4.590 	 6.92172e-05 	 4.76287e-05
     4.591 	 6.95191e-05 	 4.78264e-05
     4.592 	 6.93745e-05 	 4.77323e-05
     4.593 	 6.88562e-05 	 4.73754e-05
     4.594 	 6.81219e-05 	 4.68659e-05
     4.595 	 6.75126e-05 	 4.64465e-05
     4.596 	 6.70946e-05 	 4.6164e-05
     4.597 	 6.68363e-05 	 4.5972e-05
     4.598 	 6.63368e-05 	 4.56334e-05
     4.599 	 6.59983e-05 	 4.54002e-05
     4.600 	 6.57367e-05 	 4.52252e-05
     4.601 	 6.55303e-05 	 4.50737e-05
     4.602 	 6.56189e-05 	 4.51395e-05
     4.603 	 6.53792e-05 	 4.49742e-05
     4.604 	 6.48464e-05 	 4.46074e-05
     4.605 	 6.40296e-05 	 4.40503e-05
     4.606 	 6.32874e-05 	 4.35393e-05
     4.607 	 6.25172e-05 	 4.30052e-05
     4.608 	 6.17623e-05 	 4.24855e-05
     4.609 	 6.10776e-05 	 4.2019e-05
     4.610 	 5.99177e-05 	 4.12206e-05
     4.611 	 5.88323e-05 	 4.04786e-05
     4.612 	 5.78981e-05 	 3.98357e-05
     4.613 	 5.72204e-05 	 3.9374e-05
     4.614 	 5.68907e-05 	 3.9147e-05
     4.615 	 5.67293e-05 	 3.90324e-05
     4.616 	 5.66739e-05 	 3.89942e-05
     4.617 	 5.66137e-05 	 3.89572e-05
     4.618 	 5.72104e-05 	 3.93676e-05
     4.619 	 5.79067e-05 	 3.98513e-05
     4.620 	 5.85504e-05 	 4.02941e-05
     4.621 	 5.90217e-05 	 4.06225e-05
     4.622 	 5.88755e-05 	 4.05211e-05
     4.623 	 5.84932e-05 	 4.02579e-05
     4.624 	 5.80482e-05 	 3.99509e-05
     4.625 	 5.78965e-05 	 3.98503e-05
     4.626 	 5.75794e-05 	 3.96313e-05
     4.627 	 5.72212e-05 	 3.93886e-05
     4.628 	 5.68921e-05 	 3.91613e-05
     4.629 	 5.65352e-05 	 3.89193e-05
     4.630 	 5.70096e-05 	 3.92491e-05
     4.631 	 5.81096e-05 	 4.00105e-05
     4.632 	 5.96908e-05 	 4.10985e-05
     4.633 	 6.14757e-05 	 4.23317e-05
     4.634 	 6.30275e-05 	 4.33996e-05
     4.635 	 6.43087e-05 	 4.42862e-05
     4.636 	 6.52495e-05 	 4.49334e-05
     4.637 	 6.60696e-05 	 4.55026e-05
     4.638 	 6.61744e-05 	 4.5574e-05
     4.639 	 6.55314e-05 	 4.51304e-05
     4.640 	 6.41077e-05 	 4.41543e-05
     4.641 	 6.19876e-05 	 4.26924e-05
     4.642 	 5.98607e-05 	 4.12306e-05
     4.643 	 5.79065e-05 	 3.98829e-05
     4.644 	 5.63524e-05 	 3.88154e-05
     4.645 	 5.48098e-05 	 3.77513e-05
     4.646 	 5.34521e-05 	 3.68189e-05
     4.647 	 5.23468e-05 	 3.6056e-05
     4.648 	 5.15786e-05 	 3.55295e-05
     4.649 	 5.15025e-05 	 3.54755e-05
     4.650 	 5.16803e-05 	 3.56006e-05
     4.651 	 5.18985e-05 	 3.57502e-05
     4.652 	 5.18772e-05 	 3.57388e-05
     4.653 	 5.22125e-05 	 3.5969e-05
     4.654 	 5.29447e-05 	 3.64843e-05
     4.655 	 5.41348e-05 	 3.73036e-05
     4.656 	  5.6299e-05 	 3.8794e-05
     4.657 	 5.82017e-05 	 4.01088e-05
     4.658 	 5.99193e-05 	 4.12915e-05
     4.659 	  6.1527e-05 	 4.24033e-05
     4.660 	 6.32437e-05 	 4.35854e-05
     4.661 	  6.5012e-05 	 4.48074e-05
     4.662 	 6.67731e-05 	 4.60193e-05
     4.663 	 6.84178e-05 	 4.71563e-05
     4.664 	 6.88894e-05 	 4.74794e-05
     4.665 	 6.88094e-05 	 4.74367e-05
     4.666 	 6.82345e-05 	 4.70438e-05
     4.667 	 6.70542e-05 	 4.62281e-05
     4.668 	 6.56468e-05 	 4.52611e-05
     4.669 	 6.38365e-05 	 4.40111e-05
     4.670 	 6.15643e-05 	 4.24476e-05
     4.671 	 5.87372e-05 	 4.04978e-05
     4.672 	 5.62826e-05 	 3.88048e-05
     4.673 	 5.41682e-05 	 3.73508e-05
     4.674 	 5.24272e-05 	 3.61571e-05
     4.675 	 5.13521e-05 	 3.54193e-05
     4.676 	  5.0362e-05 	 3.47358e-05
     4.677 	 4.95313e-05 	 3.41623e-05
     4.678 	 4.89393e-05 	 3.37574e-05
     4.679 	 4.92384e-05 	 3.39631e-05
     4.680 	 4.99938e-05 	 3.44876e-05
     4.681 	 5.11168e-05 	 3.52602e-05
     4.682 	 5.25521e-05 	 3.62554e-05
     4.683 	 5.37693e-05 	 3.70972e-05
     4.684 	 5.48759e-05 	 3.78622e-05
     4.685 	 5.58459e-05 	 3.85336e-05
     4.686 	 5.66256e-05 	 3.90691e-05
     4.687 	 5.70548e-05 	 3.93628e-05
     4.688 	 5.73817e-05 	 3.95905e-05
     4.689 	 5.76048e-05 	 3.975e-05
     4.690 	 5.76634e-05 	 3.97879e-05
     4.691 	 5.76307e-05 	 3.97689e-05
     4.692 	 5.73543e-05 	 3.9577e-05
     4.693 	 5.67448e-05 	 3.91553e-05
     4.694 	 5.55426e-05 	 3.83291e-05
     4.695 	 5.45622e-05 	 3.76515e-05
     4.696 	 5.38292e-05 	 3.71446e-05
     4.697 	 5.34075e-05 	 3.68642e-05
     4.698 	 5.36334e-05 	 3.7019e-05
     4.699 	 5.38034e-05 	 3.71352e-05
     4.700 	 5.38885e-05 	 3.71972e-05
     4.701 	 5.39094e-05 	 3.72097e-05
     4.702 	 5.43672e-05 	 3.75237e-05
     4.703 	 5.50918e-05 	 3.80257e-05
     4.704 	 5.60348e-05 	 3.8679e-05
     4.705 	 5.71598e-05 	 3.94535e-05
     4.706 	 5.71245e-05 	 3.9427e-05
     4.707 	 5.66115e-05 	 3.90834e-05
     4.708 	 5.57631e-05 	 3.84956e-05
     4.709 	 5.47148e-05 	 3.77698e-05
     4.710 	 5.39105e-05 	 3.72126e-05
     4.711 	 5.32418e-05 	 3.67542e-05
     4.712 	 5.25863e-05 	 3.63006e-05
     4.713 	 5.17337e-05 	 3.5711e-05
     4.714 	 5.10598e-05 	 3.52447e-05
     4.715 	  5.0606e-05 	 3.49344e-05
     4.716 	 5.03574e-05 	 3.47688e-05
     4.717 	 5.02811e-05 	 3.4715e-05
     4.718 	 5.01183e-05 	 3.46015e-05
     4.719 	 4.97168e-05 	 3.43272e-05
     4.720 	 4.91238e-05 	 3.39166e-05
     4.721 	 4.87154e-05 	 3.36326e-05
     4.722 	 4.83453e-05 	 3.3375e-05
     4.723 	 4.78415e-05 	 3.30251e-05
     4.724 	 4.71135e-05 	 3.25276e-05
     4.725 	 4.59421e-05 	 3.17233e-05
     4.726 	 4.45026e-05 	 3.07274e-05
     4.727 	 4.31722e-05 	 2.98069e-05
     4.728 	 4.21519e-05 	 2.91006e-05
     4.729 	 4.10556e-05 	 2.83419e-05
     4.730 	 3.97075e-05 	 2.74127e-05
     4.731 	 3.80458e-05 	 2.62646e-05
     4.732 	 3.59933e-05 	 2.48467e-05
     4.733 	 3.37445e-05 	 2.32935e-05
     4.734 	 3.18132e-05 	 2.1964e-05
     4.735 	 3.00223e-05 	 2.07268e-05
     4.736 	 2.81214e-05 	 1.94137e-05
     4.737 	 2.61121e-05 	 1.8028e-05
     4.738 	 2.41471e-05 	 1.66707e-05
     4.739 	 2.23823e-05 	 1.54517e-05
     4.740 	 2.11594e-05 	 1.46069e-05
     4.741 	 2.08956e-05 	 1.44243e-05
     4.742 	 2.05414e-05 	 1.41822e-05
     4.743 	 1.99557e-05 	 1.37787e-05
     4.744 	 1.92106e-05 	 1.32638e-05
     4.745 	 1.82546e-05 	 1.26033e-05
     4.746 	 1.76484e-05 	 1.21844e-05
     4.747 	 1.75862e-05 	 1.2141e-05
     4.748 	 1.82856e-05 	 1.26234e-05
     4.749 	 1.89287e-05 	 1.30684e-05
     4.750 	 1.94635e-05 	 1.34371e-05
     4.751 	 1.98475e-05 	 1.37045e-05
     4.752 	  1.9905e-05 	 1.37437e-05
     4.753 	 2.02333e-05 	 1.39698e-05
     4.754 	 2.04434e-05 	 1.41144e-05
     4.755 	 2.02664e-05 	 1.39916e-05
     4.756 	 2.00049e-05 	 1.38106e-05
     4.757 	 1.95524e-05 	 1.34977e-05
     4.758 	 1.88435e-05 	 1.30078e-05
     4.759 	 1.77837e-05 	 1.22757e-05
     4.760 	 1.61498e-05 	 1.11474e-05
     4.761 	 1.42233e-05 	 9.81905e-06
     4.762 	 1.20786e-05 	 8.33797e-06
     4.763 	 9.80366e-06 	 6.76715e-06
     4.764 	 7.72276e-06 	 5.33099e-06
     4.765 	 6.34713e-06 	 4.38062e-06
     4.766 	 5.56264e-06 	 3.83895e-06
     4.767 	 4.96108e-06 	 3.42358e-06
     4.768 	 4.29585e-06 	 2.96433e-06
     4.769 	 3.58505e-06 	 2.47369e-06
     4.770 	 2.95991e-06 	 2.04222e-06
     4.771 	 2.99996e-06 	 2.07019e-06
     4.772 	 3.51454e-06 	 2.42519e-06
     4.773 	 4.18081e-06 	 2.88483e-06
     4.774 	 4.89407e-06 	 3.37686e-06
     4.775 	 5.65169e-06 	 3.89945e-06
     4.776 	 6.15389e-06 	 4.24528e-06
     4.777 	 6.65839e-06 	 4.59312e-06
     4.778 	 7.31541e-06 	 5.04613e-06
     4.779 	 8.35866e-06 	 5.76552e-06
     4.780 	 9.23406e-06 	 6.36907e-06
     4.781 	 9.91009e-06 	 6.83497e-06
     4.782 	 1.03472e-05 	 7.13603e-06
     4.783 	 1.05672e-05 	 7.28648e-06
     4.784 	 1.09683e-05 	 7.56416e-06
     4.785 	 1.14825e-05 	 7.91831e-06
     4.786 	 1.20226e-05 	 8.29027e-06
     4.787 	  1.2269e-05 	 8.45967e-06
     4.788 	 1.24254e-05 	 8.566e-06
     4.789 	 1.25117e-05 	 8.62498e-06
     4.790 	 1.25322e-05 	 8.63859e-06
     4.791 	 1.31138e-05 	 9.03899e-06
     4.792 	 1.34759e-05 	 9.28697e-06
     4.793 	 1.35589e-05 	 9.34363e-06
     4.794 	 1.35401e-05 	 9.33013e-06
     4.795 	 1.31415e-05 	 9.05587e-06
     4.796 	 1.25347e-05 	 8.63621e-06
     4.797 	 1.17913e-05 	 8.12355e-06
     4.798 	 1.10856e-05 	 7.6369e-06
     4.799 	 1.01547e-05 	 6.99519e-06
     4.800 	 9.01501e-06 	 6.20901e-06
     4.801 	 7.68771e-06 	 5.29443e-06
     4.802 	 6.43447e-06 	 4.43098e-06
     4.803 	  6.1449e-06 	 4.23075e-06
     4.804 	 6.29455e-06 	 4.33343e-06
     4.805 	 6.56036e-06 	 4.51606e-06
     4.806 	 6.60236e-06 	 4.54407e-06
     4.807 	  6.7147e-06 	 4.62101e-06
     4.808 	 7.02242e-06 	 4.83239e-06
     4.809 	 7.67392e-06 	 5.27966e-06
     4.810 	 8.67343e-06 	 5.96683e-06
     4.811 	 9.72353e-06 	 6.68876e-06
     4.812 	 1.05762e-05 	 7.27319e-06
     4.813 	 1.08133e-05 	 7.4357e-06
     4.814 	 1.01836e-05 	 7.00136e-06
     4.815 	 9.36795e-06 	 6.44012e-06
     4.816 	 8.62061e-06 	 5.9247e-06
     4.817 	 8.43132e-06 	 5.7935e-06
     4.818 	 8.18444e-06 	 5.62345e-06
     4.819 	 7.54278e-06 	 5.18157e-06
     4.820 	 6.48875e-06 	 4.45717e-06
     4.821 	  5.2218e-06 	 3.58667e-06
     4.822 	 4.03577e-06 	 2.77153e-06
     4.823 	 3.45795e-06 	 2.37457e-06
     4.824 	 3.65298e-06 	 2.50805e-06
     4.825 	 4.42911e-06 	 3.04074e-06
     4.826 	 5.36194e-06 	 3.68049e-06
     4.827 	 6.28592e-06 	 4.31445e-06
     4.828 	 7.15277e-06 	 4.90854e-06
     4.829 	 8.62337e-06 	 5.91615e-06
     4.830 	 1.05832e-05 	 7.25939e-06
     4.831 	 1.27026e-05 	 8.71252e-06
     4.832 	 1.47256e-05 	 1.00982e-05
     4.833 	 1.64776e-05 	 1.12988e-05
     4.834 	 1.76354e-05 	 1.20904e-05
     4.835 	 1.84586e-05 	 1.26538e-05
     4.836 	 1.92609e-05 	 1.32013e-05
     4.837 	 1.99853e-05 	 1.36951e-05
     4.838 	 2.04761e-05 	 1.40304e-05
     4.839 	 2.06497e-05 	 1.41437e-05
     4.840 	 2.03208e-05 	 1.39174e-05
     4.841 	   1.977e-05 	 1.35371e-05
     4.842 	 1.92534e-05 	 1.31805e-05
     4.843 	 1.87776e-05 	 1.28533e-05
     4.844 	 1.82463e-05 	 1.24869e-05
     4.845 	 1.74681e-05 	 1.1953e-05
     4.846 	 1.64153e-05 	 1.12301e-05
     4.847 	 1.51744e-05 	 1.03788e-05
     4.848 	 1.42736e-05 	 9.76162e-06
     4.849 	 1.38568e-05 	 9.47152e-06
     4.850 	 1.36606e-05 	 9.33529e-06
     4.851 	 1.35278e-05 	 9.24394e-06
     4.852 	 1.28157e-05 	 8.75575e-06
     4.853 	 1.18835e-05 	 8.11738e-06
     4.854 	 1.09051e-05 	 7.44856e-06
     4.855 	 9.99657e-06 	 6.82673e-06
     4.856 	 9.48164e-06 	 6.47389e-06
     4.857 	 9.09302e-06 	 6.20812e-06
     4.858 	 8.66765e-06 	 5.91541e-06
     4.859 	  8.0365e-06 	 5.48365e-06
     4.860 	 7.26727e-06 	 4.95785e-06
     4.861 	 6.86387e-06 	 4.6823e-06
     4.862 	 6.91646e-06 	 4.71728e-06
     4.863 	 7.59459e-06 	 5.1788e-06
     4.864 	  8.7141e-06 	 5.94105e-06
     4.865 	 9.88332e-06 	 6.73769e-06
     4.866 	 1.10534e-05 	 7.53391e-06
     4.867 	 1.21956e-05 	 8.30914e-06
     4.868 	 1.33705e-05 	 9.10787e-06
     4.869 	 1.43384e-05 	 9.76643e-06
     4.870 	 1.49949e-05 	 1.02116e-05
     4.871 	 1.50818e-05 	 1.02687e-05
     4.872 	 1.42704e-05 	 9.71424e-06
     4.873 	 1.30999e-05 	 8.91562e-06
     4.874 	 1.17526e-05 	 7.99795e-06
     4.875 	 1.03941e-05 	 7.07199e-06
     4.876 	 9.16239e-06 	 6.23076e-06
     4.877 	 7.95954e-06 	 5.41166e-06
     4.878 	 6.73365e-06 	 4.57723e-06
     4.879 	 5.41106e-06 	 3.67742e-06
     4.880 	 4.36426e-06 	 2.96538e-06
     4.881 	 3.68159e-06 	 2.50132e-06
     4.882 	 3.45635e-06 	 2.34782e-06
     4.883 	 3.81356e-06 	 2.58994e-06
     4.884 	 4.18605e-06 	 2.84234e-06
     4.885 	 4.46937e-06 	 3.03411e-06
     4.886 	 4.52313e-06 	 3.06998e-06
     4.887 	 4.47957e-06 	 3.03918e-06
     4.888 	  4.5214e-06 	 3.06693e-06
     4.889 	 4.64696e-06 	 3.15146e-06
     4.890 	 4.84081e-06 	 3.28225e-06
     4.891 	 4.94335e-06 	 3.35108e-06
     4.892 	 4.91422e-06 	 3.33103e-06
     4.893 	 4.78474e-06 	 3.24257e-06
     4.894 	 4.66236e-06 	 3.15898e-06
     4.895 	 4.60769e-06 	 3.12128e-06
     4.896 	 4.43136e-06 	 3.0012e-06
     4.897 	 4.11446e-06 	 2.78599e-06
     4.898 	 3.80042e-06 	 2.5728e-06
     4.899 	 3.42766e-06 	 2.31995e-06
     4.900 	 3.03652e-06 	 2.05478e-06
     4.901 	 2.64596e-06 	 1.79006e-06
     4.902 	 2.29909e-06 	 1.55501e-06
     4.903 	 1.89022e-06 	 1.27816e-06
     4.904 	 1.41498e-06 	 9.56569e-07
     4.905 	  8.6803e-07 	 5.86671e-07
     4.906 	 3.07708e-07 	 2.07876e-07
     4.907 	 3.03688e-07 	 2.05085e-07
     4.908 	 7.41765e-07 	 5.00802e-07
     4.909 	 1.54641e-06 	 1.0438e-06
     4.910 	 2.54726e-06 	 1.71893e-06
     4.911 	   3.306e-06 	 2.23046e-06
     4.912 	 3.80663e-06 	 2.56766e-06
     4.913 	 4.01562e-06 	 2.70804e-06
     4.914 	 4.05673e-06 	 2.73516e-06
     4.915 	 4.06991e-06 	 2.74345e-06
     4.916 	 4.07133e-06 	 2.7438e-06
     4.917 	 4.06773e-06 	 2.74077e-06
     4.918 	 3.76996e-06 	 2.53958e-06
     4.919 	 3.18791e-06 	 2.14676e-06
     4.920 	 2.34921e-06 	 1.58195e-06
     4.921 	 1.34358e-06 	 9.04553e-07
     4.922 	 6.60035e-07 	 4.4426e-07
     4.923 	 2.35848e-07 	 1.5871e-07
     4.924 	 4.72872e-08 	 3.18137e-08
     4.925 	 2.03194e-08 	 1.36672e-08
     4.926 	 1.17655e-08 	 7.91093e-09
     4.927 	 1.97467e-08 	 1.32743e-08
     4.928 	 6.08498e-08 	 4.08954e-08
     4.929 	 3.82391e-07 	 2.56934e-07
     4.930 	 7.04916e-07 	 4.73531e-07
     4.931 	 9.84406e-07 	 6.61046e-07
     4.932 	 1.18476e-06 	 7.95399e-07
     4.933 	 1.32268e-06 	 8.87782e-07
     4.934 	 1.55929e-06 	 1.04634e-06
     4.935 	 1.97791e-06 	 1.32694e-06
     4.936 	 2.69523e-06 	 1.80753e-06
     4.937 	 3.37044e-06 	 2.25981e-06
     4.938 	 3.96608e-06 	 2.65853e-06
     4.939 	 4.38907e-06 	 2.94136e-06
     4.940 	 4.44919e-06 	 2.98058e-06
     4.941 	 4.50241e-06 	 3.01552e-06
     4.942 	 4.68105e-06 	 3.13442e-06
     4.943 	 4.95438e-06 	 3.31666e-06
     4.944 	 5.18634e-06 	 3.4707e-06
     4.945 	 5.20085e-06 	 3.47958e-06
     4.946 	 4.97287e-06 	 3.32626e-06
     4.947 	 4.56034e-06 	 3.04923e-06
     4.948 	 4.28995e-06 	 2.86775e-06
     4.949 	 4.24584e-06 	 2.83758e-06
     4.950 	 4.37614e-06 	 2.92361e-06
     4.951 	 4.64169e-06 	 3.10028e-06
     4.952 	 4.79265e-06 	 3.20033e-06
     4.953 	 4.66674e-06 	 3.11577e-06
     4.954 	 4.43378e-06 	 2.95952e-06
     4.955 	 4.19154e-06 	 2.79715e-06
     4.956 	 4.05257e-06 	 2.70343e-06
     4.957 	 3.84412e-06 	 2.56375e-06
     4.958 	  3.5498e-06 	 2.36688e-06
     4.959 	 3.14816e-06 	 2.09832e-06
     4.960 	 2.56882e-06 	 1.71176e-06
     4.961 	 1.93849e-06 	 1.29126e-06
     4.962 	 1.31915e-06 	 8.7849e-07
     4.963 	 8.00891e-07 	 5.33222e-07
     4.964 	 9.00169e-07 	 5.991e-07
     4.965 	 1.25907e-06 	 8.37755e-07
     4.966 	 1.88035e-06 	 1.25068e-06
     4.967 	 2.87204e-06 	 1.90981e-06
     4.968 	 4.36287e-06 	 2.90043e-06
     4.969 	 5.85476e-06 	 3.89119e-06
     4.970 	 7.24894e-06 	 4.81658e-06
     4.971 	 8.48734e-06 	 5.63742e-06
     4.972 	 9.15952e-06 	 6.08243e-06
     4.973 	  9.5372e-06 	 6.33225e-06
     4.974 	 9.65286e-06 	 6.4075e-06
     4.975 	 9.25064e-06 	 6.13831e-06
     4.976 	 8.66815e-06 	 5.7504e-06
     4.977 	 7.84526e-06 	 5.20262e-06
     4.978 	 6.74522e-06 	 4.47204e-06
     4.979 	 5.39754e-06 	 3.57766e-06
     4.980 	 4.14934e-06 	 2.74932e-06
     4.981 	 2.99499e-06 	 1.98373e-06
     4.982 	 1.94173e-06 	 1.28578e-06
     4.983 	 1.53518e-06 	 1.0162e-06
     4.984 	 1.32884e-06 	 8.79392e-07
     4.985 	 1.26894e-06 	 8.39442e-07
     4.986 	 1.30504e-06 	 8.63106e-07
     4.987 	 1.30799e-06 	 8.64737e-07
     4.988 	 1.28886e-06 	 8.51874e-07
     4.989 	 1.19961e-06 	 7.92589e-07
     4.990 	 9.43142e-07 	 6.22982e-07
     4.991 	 7.20034e-07 	 4.75432e-07
     4.992 	 5.23286e-07 	 3.45433e-07
     4.993 	 3.52337e-07 	 2.32546e-07
     4.994 	 2.10943e-07 	 1.39172e-07
     4.995 	 1.13192e-07 	 7.46608e-08
     4.996 	 5.54486e-08 	 3.65598e-08
     4.997 	 8.27475e-08 	 5.45451e-08
     4.998 	 4.16208e-07 	 2.7425e-07
     4.999 	  6.7319e-07 	 4.43415e-07
     5.000 	 8.83732e-07 	 5.81943e-07
     5.001 	 1.06587e-06 	 7.01586e-07
     5.002 	 1.29788e-06 	 8.54044e-07
     5.003 	  1.7142e-06 	 1.12752e-06
     5.004 	 2.17975e-06 	 1.43313e-06
     5.005 	 2.60466e-06 	 1.71198e-06
     5.006 	 2.62138e-06 	 1.72224e-06
     5.007 	 2.61575e-06 	 1.71781e-06
     5.008 	 2.49802e-06 	 1.6398e-06
     5.009 	 2.17904e-06 	 1.42997e-06
     5.010 	 2.23728e-06 	 1.46756e-06
     5.011 	 2.46095e-06 	 1.61363e-06
     5.012 	 2.64642e-06 	 1.73476e-06
     5.013 	 2.50104e-06 	 1.6388e-06
     5.014 	 2.04439e-06 	 1.33904e-06
     5.015 	  1.5868e-06 	 1.03891e-06
     5.016 	 1.24244e-06 	 8.13386e-07
     5.017 	 1.22572e-06 	 8.02117e-07
     5.018 	 1.22361e-06 	 8.00411e-07
     5.019 	 1.21498e-06 	 7.9454e-07
     5.020 	 1.14868e-06 	 7.50878e-07
     5.021 	 8.47557e-07 	 5.53812e-07
     5.022 	 3.88681e-07 	 2.53869e-07
     5.023 	 9.75998e-08 	 6.37295e-08
     5.024 	 4.24933e-08 	 2.77354e-08
     5.025 	 6.70223e-08 	 4.37276e-08
     5.026 	 7.31376e-08 	 4.76979e-08
     5.027 	 7.35065e-08 	 4.79188e-08
     5.028 	 7.35065e-08 	 4.79048e-08
     5.029 	 7.35065e-08 	 4.78851e-08
     5.030 	 7.35065e-08 	 4.78653e-08
     5.031 	 7.35065e-08 	 4.78456e-08
     5.032 	 7.35001e-08 	 4.78216e-08
     5.033 	 7.30508e-08 	 4.75152e-08
     5.034 	 5.93394e-08 	 3.85847e-08
     5.035 	 3.73249e-08 	 2.42599e-08
     5.036 	 1.18656e-08 	 7.70903e-09
     5.037 	 1.12145e-08 	 7.28297e-09
     5.038 	  3.6119e-08 	 2.34496e-08
     5.039 	 7.12483e-08 	 4.62372e-08
     5.040 	 9.05669e-08 	 5.87496e-08
     5.041 	 9.26665e-08 	 6.00863e-08
     5.042 	 9.28106e-08 	 6.01544e-08
     5.043 	 9.28106e-08 	 6.01291e-08
     5.044 	 9.28106e-08 	 6.01037e-08
     5.045 	 9.28106e-08 	 6.00855e-08
     5.046 	 9.28106e-08 	 6.00601e-08
     5.047 	 9.26594e-08 	 5.99368e-08
     5.048 	 9.16531e-08 	 5.92606e-08
     5.049 	 5.89809e-08 	 3.81194e-08
     5.050 	 2.78866e-08 	 1.80154e-08
     5.051 	 1.04067e-08 	 6.72011e-09
     5.052 	 1.00824e-08 	 6.5079e-09
     5.053 	           0 	        0
     5.054 	           0 	        0
     5.055 	           0 	        0
     5.056 	           0 	        0
     5.057 	           0 	        0
     5.058 	           0 	        0
     5.059 	           0 	        0
     5.060 	           0 	        0
     5.061 	           0 	        0
     5.062 	           0 	        0
     5.063 	           0 	        0
     5.064 	           0 	        0
     5.065 	           0 	        0
     5.066 	           0 	        0
     5.067 	           0 	        0
     5.068 	           0 	        0
     5.069 	           0 	        0
     5.070 	           0 	        0
     5.071 	           0 	        0
     5.072 	           0 	        0
     5.073 	           0 	        0
     5.074 	           0 	        0
     5.075 	           0 	        0
     5.076 	           0 	        0
     5.077 	           0 	        0
     5.078 	           0 	        0
     5.079 	           0 	        0
     5.080 	           0 	        0
     5.081 	           0 	        0
     5.082 	           0 	        0
     5.083 	           0 	        0
     5.084 	           0 	        0
     5.085 	           0 	        0
     5.086 	           0 	        0
     5.087 	           0 	        0
     5.088 	           0 	        0
     5.089 	           0 	        0
     5.090 	           0 	        0
     5.091 	           0 	        0
     5.092 	           0 	        0
     5.093 	           0 	        0
     5.094 	           0 	        0
     5.095 	           0 	        0
     5.096 	           0 	        0
     5.097 	           0 	        0
     5.098 	           0 	        0
     5.099 	           0 	        0
     5.100 	           0 	        0
     5.101 	           0 	        0
     5.102 	           0 	        0
     5.103 	           0 	        0
     5.104 	           0 	        0
     5.105 	           0 	        0
     5.106 	           0 	        0
     5.107 	           0 	        0
     5.108 	           0 	        0
     5.109 	           0 	        0
     5.110 	           0 	        0
     5.111 	           0 	        0
     5.112 	           0 	        0
     5.113 	           0 	        0
     5.114 	           0 	        0
     5.115 	           0 	        0
     5.116 	           0 	        0
     5.117 	           0 	        0
     5.118 	           0 	        0
     5.119 	           0 	        0
     5.120 	           0 	        0
     5.121 	           0 	        0
     5.122 	           0 	        0
     5.123 	           0 	        0
     5.124 	           0 	        0
     5.125 	           0 	        0
     5.126 	           0 	        0
     5.127 	           0 	        0
     5.128 	           0 	        0
     5.129 	           0 	        0
     5.130 	           0 	        0
     5.131 	           0 	        0
     5.132 	           0 	        0
     5.133 	           0 	        0
     5.134 	           0 	        0
     5.135 	           0 	        0
     5.136 	           0 	        0
     5.137 	           0 	        0
     5.138 	           0 	        0
     5.139 	           0 	        0
     5.140 	           0 	        0
     5.141 	           0 	        0
     5.142 	           0 	        0
     5.143 	           0 	        0
     5.144 	           0 	        0
     5.145 	           0 	        0
     5.146 	           0 	        0
     5.147 	           0 	        0
     5.148 	           0 	        0
     5.149 	           0 	        0
     5.150 	           0 	        0
     5.151 	           0 	        0
     5.152 	           0 	        0
     5.153 	           0 	        0
     5.154 	           0 	        0
     5.155 	           0 	        0
     5.156 	           0 	        0
     5.157 	 1.02828e-08 	 6.30702e-09
     5.158 	 1.49471e-08 	 9.16319e-09
     5.159 	 2.75398e-08 	 1.68723e-08
     5.160 	 1.25935e-07 	 7.71144e-08
     5.161 	 2.85863e-07 	 1.74954e-07
     5.162 	 4.84429e-07 	 2.9629e-07
     5.163 	 6.94756e-07 	 4.24712e-07
     5.164 	 8.20914e-07 	 5.01511e-07
     5.165 	 8.80145e-07 	 5.37417e-07
     5.166 	 8.92918e-07 	 5.44865e-07
     5.167 	 8.93446e-07 	 5.44904e-07
     5.168 	 8.93145e-07 	 5.44436e-07
     5.169 	 8.86163e-07 	 5.3983e-07
     5.170 	 8.57376e-07 	 5.2202e-07
     5.171 	 7.58789e-07 	 4.61695e-07
     5.172 	  5.8079e-07 	 3.53203e-07
     5.173 	 3.79192e-07 	 2.30453e-07
     5.174 	 1.80894e-07 	 1.0988e-07
     5.175 	 5.94753e-08 	 3.61004e-08
     5.176 	 2.54725e-08 	 1.54512e-08
     5.177 	 9.70107e-08 	 5.8814e-08
     5.178 	  2.6165e-07 	 1.58525e-07
     5.179 	 2.67628e-07 	 1.6206e-07
     5.180 	 2.69242e-07 	 1.6293e-07
     5.181 	 2.69242e-07 	 1.62843e-07
     5.182 	 2.69242e-07 	 1.62736e-07
     5.183 	 2.69242e-07 	 1.62649e-07
     5.184 	 2.69242e-07 	 1.62541e-07
     5.185 	 2.69242e-07 	 1.62454e-07
     5.186 	 2.69242e-07 	 1.62346e-07
     5.187 	 2.62673e-07 	 1.58299e-07
     5.188 	 1.48542e-07 	 8.9459e-08
     5.189 	 1.64534e-08 	 9.90365e-09
     5.190 	 1.04787e-08 	 6.30313e-09
     5.191 	           0 	        0
     5.192 	           0 	        0
     5.193 	           0 	        0
     5.194 	           0 	        0
     5.195 	           0 	        0
     5.196 	           0 	        0
     5.197 	           0 	        0
     5.198 	           0 	        0
     5.199 	           0 	        0
     5.200 	           0 	        0
     5.201 	           0 	        0
     5.202 	           0 	        0
     5.203 	           0 	        0
     5.204 	           0 	        0
     5.205 	           0 	        0
     5.206 	           0 	        0
     5.207 	           0 	        0
     5.208 	           0 	        0
     5.209 	           0 	        0
     5.210 	           0 	        0
     5.211 	           0 	        0
     5.212 	           0 	        0
     5.213 	           0 	        0
     5.214 	           0 	        0
     5.215 	           0 	        0
     5.216 	           0 	        0
     5.217 	           0 	        0
     5.218 	           0 	        0
     5.219 	           0 	        0
     5.220 	           0 	        0
     5.221 	           0 	        0
     5.222 	           0 	        0
     5.223 	           0 	        0
     5.224 	           0 	        0
     5.225 	           0 	        0
     5.226 	           0 	        0
     5.227 	           0 	        0
     5.228 	           0 	        0
     5.229 	           0 	        0
     5.230 	           0 	        0
     5.231 	           0 	        0
     5.232 	           0 	        0
     5.233 	           0 	        0
     5.234 	           0 	        0
     5.235 	           0 	        0
     5.236 	           0 	        0
     5.237 	           0 	        0
     5.238 	           0 	        0
     5.239 	           0 	        0
     5.240 	           0 	        0
     5.241 	           0 	        0
     5.242 	           0 	        0
     5.243 	           0 	        0
     5.244 	           0 	        0
     5.245 	           0 	        0
     5.246 	           0 	        0
     5.247 	           0 	        0
     5.248 	           0 	        0
     5.249 	           0 	        0
     5.250 	           0 	        0
     5.251 	           0 	        0
     5.252 	           0 	        0
     5.253 	           0 	        0
     5.254 	           0 	        0
     5.255 	           0 	        0
     5.256 	           0 	        0
     5.257 	           0 	        0
     5.258 	           0 	        0
     5.259 	           0 	        0
     5.260 	           0 	        0
     5.261 	           0 	        0
     5.262 	           0 	        0
     5.263 	           0 	        0
     5.264 	           0 	        0
     5.265 	           0 	        0
     5.266 	           0 	        0
     5.267 	           0 	        0
     5.268 	           0 	        0
     5.269 	           0 	        0
     5.270 	           0 	        0
     5.271 	           0 	        0
     5.272 	           0 	        0
     5.273 	           0 	        0
     5.274 	           0 	        0
     5.275 	           0 	        0
     5.276 	           0 	        0
     5.277 	           0 	        0
     5.278 	           0 	        0
     5.279 	           0 	        0
     5.280 	           0 	        0
     5.281 	           0 	        0
     5.282 	           0 	        0
     5.283 	           0 	        0
     5.284 	           0 	        0
     5.285 	           0 	        0
     5.286 	           0 	        0
     5.287 	           0 	        0
     5.288 	           0 	        0
     5.289 	           0 	        0
     5.290 	           0 	        0
     5.291 	           0 	        0
     5.292 	           0 	        0
     5.293 	           0 	        0
     5.294 	           0 	        0
     5.295 	           0 	        0
     5.296 	           0 	        0
     5.297 	           0 	        0
     5.298 	           0 	        0
     5.299 	           0 	        0
     5.300 	           0 	        0
     5.301 	           0 	        0
     5.302 	           0 	        0
     5.303 	           0 	        0
     5.304 	           0 	        0
     5.305 	           0 	        0
     5.306 	           0 	        0
     5.307 	           0 	        0
     5.308 	           0 	        0
     5.309 	           0 	        0
     5.310 	           0 	        0
     5.311 	           0 	        0
     5.312 	           0 	        0
     5.313 	           0 	        0
     5.314 	           0 	        0
     5.315 	           0 	        0
     5.316 	           0 	        0
     5.317 	           0 	        0
     5.318 	           0 	        0
     5.319 	           0 	        0
     5.320 	           0 	        0
     5.321 	           0 	        0
     5.322 	           0 	        0
     5.323 	           0 	        0
     5.324 	           0 	        0
     5.325 	           0 	        0
     5.326 	           0 	        0
     5.327 	           0 	        0
     5.328 	           0 	        0
     5.329 	           0 	        0
     5.330 	           0 	        0
     5.331 	           0 	        0
     5.332 	           0 	        0
     5.333 	           0 	        0
     5.334 	           0 	        0
     5.335 	           0 	        0
     5.336 	           0 	        0
     5.337 	           0 	        0
     5.338 	           0 	        0
     5.339 	           0 	        0
     5.340 	           0 	        0
     5.341 	           0 	        0
     5.342 	           0 	        0
     5.343 	           0 	        0
     5.344 	           0 	        0
     5.345 	           0 	        0
     5.346 	           0 	        0
     5.347 	           0 	        0
     5.348 	           0 	        0
     5.349 	           0 	        0
     5.350 	           0 	        0
     5.351 	           0 	        0
     5.352 	           0 	        0
     5.353 	           0 	        0
     5.354 	           0 	        0
     5.355 	           0 	        0
     5.356 	           0 	        0
     5.357 	           0 	        0
     5.358 	           0 	        0
     5.359 	           0 	        0
     5.360 	           0 	        0
     5.361 	           0 	        0
     5.362 	           0 	        0
     5.363 	           0 	        0
     5.364 	           0 	        0
     5.365 	           0 	        0
     5.366 	           0 	        0
     5.367 	           0 	        0
     5.368 	           0 	        0
     5.369 	           0 	        0
     5.370 	           0 	        0
     5.371 	           0 	        0
     5.372 	           0 	        0
     5.373 	           0 	        0
     5.374 	           0 	        0
     5.375 	           0 	        0
     5.376 	           0 	        0
     5.377 	           0 	        0
     5.378 	           0 	        0
     5.379 	           0 	        0
     5.380 	           0 	        0
     5.381 	           0 	        0
     5.382 	           0 	        0
     5.383 	           0 	        0
     5.384 	           0 	        0
     5.385 	           0 	        0
     5.386 	           0 	        0
     5.387 	           0 	        0
     5.388 	           0 	        0
     5.389 	           0 	        0
     5.390 	           0 	        0
     5.391 	           0 	        0
     5.392 	           0 	        0
     5.393 	           0 	        0
     5.394 	           0 	        0
     5.395 	           0 	        0
     5.396 	           0 	        0
     5.397 	           0 	        0
     5.398 	           0 	        0
     5.399 	           0 	        0
     5.400 	           0 	        0
     5.401 	           0 	        0
     5.402 	           0 	        0
     5.403 	           0 	        0
     5.404 	           0 	        0
     5.405 	           0 	        0
     5.406 	           0 	        0
     5.407 	           0 	        0
     5.408 	           0 	        0
     5.409 	           0 	        0
     5.410 	           0 	        0
     5.411 	           0 	        0
     5.412 	           0 	        0
     5.413 	           0 	        0
     5.414 	 1.13903e-08 	 2.11623e-09
     5.415 	 2.45331e-08 	 4.49889e-09
     5.416 	  6.9165e-08 	 1.25167e-08
     5.417 	 1.81147e-07 	 3.23385e-08
     5.418 	 5.21973e-07 	 9.19251e-08
     5.419 	  7.3802e-07 	 1.28194e-07
     5.420 	 8.18975e-07 	 1.40341e-07
     5.421 	 8.21345e-07 	 1.38767e-07
     5.422 	 8.21678e-07 	 1.36842e-07
     5.423 	 8.21678e-07 	 1.34921e-07
     5.424 	  8.2149e-07 	 1.32969e-07
     5.425 	 8.20289e-07 	 1.30858e-07
     5.426 	 8.06201e-07 	 1.26698e-07
     5.427 	 7.50795e-07 	 1.16236e-07
     5.428 	 6.22639e-07 	 9.49398e-08
     5.429 	 2.61634e-07 	 3.92823e-08
     5.430 	 9.54326e-08 	 1.41122e-08
     5.431 	 3.33598e-08 	 4.85518e-09
     5.432 	 3.11066e-08 	 4.45678e-09
     5.433 	 3.11066e-08 	 4.38633e-09
     5.434 	 3.11066e-08 	 4.31586e-09
     5.435 	 3.10242e-08 	 4.23417e-09
     5.436 	  3.0787e-08 	 4.13122e-09
     5.437 	 2.75399e-08 	 3.63513e-09
     5.438 	 1.94555e-08 	 2.52517e-09
     5.439 	 1.14632e-08 	 1.46186e-09
     5.440 	 1.00798e-08 	 1.26335e-09
     5.441 	           0 	        0
     5.442 	 1.12806e-08 	 1.36524e-09
     5.443 	 2.79823e-08 	 3.3273e-09
     5.444 	 9.08633e-08 	 1.06118e-08
     5.445 	 1.45394e-07 	 1.66691e-08
     5.446 	  1.7109e-07 	 1.92525e-08
     5.447 	  1.7256e-07 	 1.90524e-08
     5.448 	  1.7256e-07 	 1.86996e-08
     5.449 	  1.7256e-07 	 1.83467e-08
     5.450 	  1.7256e-07 	 1.79936e-08
     5.451 	  1.7256e-07 	 1.76536e-08
     5.452 	  1.7256e-07 	 1.73131e-08
     5.453 	 1.70867e-07 	 1.68062e-08
     5.454 	 1.42613e-07 	 1.3746e-08
     5.455 	 8.04738e-08 	 7.60219e-09
     5.456 	 2.70206e-08 	 2.50127e-09
     5.457 	 1.11271e-08 	 1.00889e-09
     5.458 	           0 	        0
     5.459 	 1.01048e-08 	 8.78561e-10
     5.460 	 1.43293e-08 	 1.2197e-09
     5.461 	 7.55294e-08 	 6.29658e-09
     5.462 	 1.41286e-07 	 1.15308e-08
     5.463 	 1.58749e-07 	 1.26777e-08
     5.464 	 1.59839e-07 	 1.24821e-08
     5.465 	 1.60067e-07 	 1.22309e-08
     5.466 	 1.60067e-07 	 1.1962e-08
     5.467 	 1.60067e-07 	 1.17049e-08
     5.468 	 1.60067e-07 	 1.14465e-08
     5.469 	 1.60067e-07 	 1.11895e-08
     5.470 	 1.59159e-07 	 1.08703e-08
     5.471 	 1.54934e-07 	 1.03441e-08
     5.472 	 7.76722e-08 	 5.0723e-09
     5.473 	 2.54601e-08 	 1.62546e-09
     5.474 	 1.07126e-08 	 6.68143e-10
     5.475 	 1.01139e-08 	 6.1604e-10
     5.476 	           0 	        0
     5.477 	           0 	        0
     5.478 	           0 	        0
     5.479 	           0 	        0
     5.480 	           0 	        0
     5.481 	           0 	        0
     5.482 	           0 	        0
     5.483 	           0 	        0
     5.484 	           0 	        0
     5.485 	           0 	        0
     5.486 	           0 	        0
     5.487 	           0 	        0
     5.488 	           0 	        0
     5.489 	           0 	        0
     5.490 	           0 	        0
     5.491 	           0 	        0
     5.492 	           0 	        0
     5.493 	 1.00519e-08 	 4.12461e-10
     5.494 	 1.02644e-08 	 4.13693e-10
     5.495 	 1.89716e-08 	 7.50769e-10
     5.496 	 1.16949e-07 	 4.55127e-09
     5.497 	 2.58512e-07 	 9.88969e-09
     5.498 	 2.67208e-07 	 1.00467e-08
     5.499 	           0 	        0
     5.500 	           0 	        0
