Wavelength 	 FilterTrans 	      PCE
     0.500 	           0 	        0
     0.501 	           0 	        0
     0.502 	           0 	        0
     0.503 	           0 	        0
     0.504 	           0 	        0
     0.505 	           0 	        0
     0.506 	           0 	        0
     0.507 	           0 	        0
     0.508 	           0 	        0
     0.509 	           0 	        0
     0.510 	           0 	        0
     0.511 	           0 	        0
     0.512 	           0 	        0
     0.513 	           0 	        0
     0.514 	           0 	        0
     0.515 	           0 	        0
     0.516 	           0 	        0
     0.517 	           0 	        0
     0.518 	           0 	        0
     0.519 	           0 	        0
     0.520 	           0 	        0
     0.521 	           0 	        0
     0.522 	           0 	        0
     0.523 	           0 	        0
     0.524 	           0 	        0
     0.525 	           0 	        0
     0.526 	           0 	        0
     0.527 	           0 	        0
     0.528 	           0 	        0
     0.529 	           0 	        0
     0.530 	           0 	        0
     0.531 	 2.34868e-08 	 3.4921e-09
     0.532 	 2.41247e-08 	 3.61111e-09
     0.533 	           0 	        0
     0.534 	           0 	        0
     0.535 	           0 	        0
     0.536 	 1.47264e-08 	 2.26552e-09
     0.537 	  1.2138e-08 	 1.87981e-09
     0.538 	           0 	        0
     0.539 	 1.17724e-08 	 1.84953e-09
     0.540 	 2.98854e-08 	 4.72808e-09
     0.541 	 3.36492e-08 	 5.3614e-09
     0.542 	 2.91538e-08 	 4.6784e-09
     0.543 	 2.45491e-08 	 3.96876e-09
     0.544 	 1.18794e-08 	 1.93391e-09
     0.545 	 2.39366e-08 	 3.9258e-09
     0.546 	 1.11433e-08 	 1.84074e-09
     0.547 	           0 	        0
     0.548 	           0 	        0
     0.549 	           0 	        0
     0.550 	           0 	        0
     0.551 	           0 	        0
     0.552 	           0 	        0
     0.553 	           0 	        0
     0.554 	           0 	        0
     0.555 	           0 	        0
     0.556 	           0 	        0
     0.557 	           0 	        0
     0.558 	           0 	        0
     0.559 	           0 	        0
     0.560 	           0 	        0
     0.561 	           0 	        0
     0.562 	           0 	        0
     0.563 	           0 	        0
     0.564 	           0 	        0
     0.565 	           0 	        0
     0.566 	           0 	        0
     0.567 	           0 	        0
     0.568 	           0 	        0
     0.569 	           0 	        0
     0.570 	           0 	        0
     0.571 	           0 	        0
     0.572 	           0 	        0
     0.573 	           0 	        0
     0.574 	           0 	        0
     0.575 	           0 	        0
     0.576 	           0 	        0
     0.577 	           0 	        0
     0.578 	           0 	        0
     0.579 	           0 	        0
     0.580 	           0 	        0
     0.581 	           0 	        0
     0.582 	           0 	        0
     0.583 	           0 	        0
     0.584 	           0 	        0
     0.585 	           0 	        0
     0.586 	 1.92395e-08 	 4.33285e-09
     0.587 	 1.85253e-08 	 4.20626e-09
     0.588 	 2.44192e-08 	 5.58776e-09
     0.589 	           0 	        0
     0.590 	           0 	        0
     0.591 	           0 	        0
     0.592 	           0 	        0
     0.593 	           0 	        0
     0.594 	 1.39334e-08 	 3.34367e-09
     0.595 	 2.14094e-08 	 5.17902e-09
     0.596 	 1.25793e-08 	 3.06645e-09
     0.597 	           0 	        0
     0.598 	           0 	        0
     0.599 	           0 	        0
     0.600 	           0 	        0
     0.601 	           0 	        0
     0.602 	           0 	        0
     0.603 	           0 	        0
     0.604 	           0 	        0
     0.605 	           0 	        0
     0.606 	           0 	        0
     0.607 	           0 	        0
     0.608 	           0 	        0
     0.609 	           0 	        0
     0.610 	 1.66931e-08 	 5.07341e-09
     0.611 	 1.78537e-08 	 5.51804e-09
     0.612 	           0 	        0
     0.613 	           0 	        0
     0.614 	           0 	        0
     0.615 	           0 	        0
     0.616 	           0 	        0
     0.617 	           0 	        0
     0.618 	           0 	        0
     0.619 	           0 	        0
     0.620 	           0 	        0
     0.621 	           0 	        0
     0.622 	           0 	        0
     0.623 	           0 	        0
     0.624 	           0 	        0
     0.625 	           0 	        0
     0.626 	           0 	        0
     0.627 	           0 	        0
     0.628 	           0 	        0
     0.629 	           0 	        0
     0.630 	           0 	        0
     0.631 	           0 	        0
     0.632 	           0 	        0
     0.633 	           0 	        0
     0.634 	           0 	        0
     0.635 	           0 	        0
     0.636 	           0 	        0
     0.637 	           0 	        0
     0.638 	           0 	        0
     0.639 	           0 	        0
     0.640 	           0 	        0
     0.641 	           0 	        0
     0.642 	           0 	        0
     0.643 	           0 	        0
     0.644 	           0 	        0
     0.645 	           0 	        0
     0.646 	           0 	        0
     0.647 	           0 	        0
     0.648 	           0 	        0
     0.649 	           0 	        0
     0.650 	           0 	        0
     0.651 	           0 	        0
     0.652 	           0 	        0
     0.653 	           0 	        0
     0.654 	           0 	        0
     0.655 	           0 	        0
     0.656 	           0 	        0
     0.657 	  1.0172e-08 	 5.78763e-09
     0.658 	 2.40457e-08 	 1.38248e-08
     0.659 	 6.65912e-08 	 3.86811e-08
     0.660 	       1e-07 	 5.86728e-08
     0.661 	 9.08876e-08 	 5.38098e-08
     0.662 	 7.13856e-08 	 4.26349e-08
     0.663 	  6.4375e-08 	 3.87945e-08
     0.664 	 1.08454e-07 	 6.5929e-08
     0.665 	 8.00876e-08 	 4.91035e-08
     0.666 	 4.58182e-08 	 2.83362e-08
     0.667 	 2.94069e-08 	 1.83442e-08
     0.668 	 1.89527e-08 	 1.19213e-08
     0.669 	 1.87194e-08 	 1.18747e-08
     0.670 	 1.55384e-08 	 9.93905e-09
     0.671 	 1.41402e-08 	 9.12022e-09
     0.672 	 1.79036e-08 	 1.16428e-08
     0.673 	  1.6986e-08 	 1.1135e-08
     0.674 	 1.80141e-08 	 1.19051e-08
     0.675 	 2.09165e-08 	 1.39313e-08
     0.676 	 2.27117e-08 	 1.52494e-08
     0.677 	  2.1697e-08 	 1.46835e-08
     0.678 	 1.78778e-08 	 1.21919e-08
     0.679 	 1.66003e-08 	 1.14084e-08
     0.680 	 2.07219e-08 	 1.43483e-08
     0.681 	 2.74038e-08 	 1.91043e-08
     0.682 	 3.83025e-08 	 2.68801e-08
     0.683 	 4.79853e-08 	 3.39015e-08
     0.684 	   3.584e-08 	 2.5486e-08
     0.685 	 2.66891e-08 	 1.91023e-08
     0.686 	 2.03014e-08 	 1.46247e-08
     0.687 	 1.25409e-08 	 9.09179e-09
     0.688 	           0 	        0
     0.689 	           0 	        0
     0.690 	           0 	        0
     0.691 	           0 	        0
     0.692 	           0 	        0
     0.693 	           0 	        0
     0.694 	           0 	        0
     0.695 	           0 	        0
     0.696 	           0 	        0
     0.697 	           0 	        0
     0.698 	 1.25631e-08 	 9.67675e-09
     0.699 	 1.86541e-08 	 1.44364e-08
     0.700 	 2.54892e-08 	 1.98222e-08
     0.701 	 3.20022e-08 	 2.50018e-08
     0.702 	 3.39204e-08 	 2.66268e-08
     0.703 	 2.88742e-08 	 2.27696e-08
     0.704 	 2.79437e-08 	 2.2133e-08
     0.705 	 2.60286e-08 	 2.07054e-08
     0.706 	 2.29733e-08 	 1.83532e-08
     0.707 	 2.34439e-08 	 1.88055e-08
     0.708 	 2.59678e-08 	 2.0919e-08
     0.709 	 2.73762e-08 	 2.21407e-08
     0.710 	 3.25853e-08 	 2.64593e-08
     0.711 	  3.7684e-08 	 3.07152e-08
     0.712 	 4.21202e-08 	 3.44542e-08
     0.713 	 4.68932e-08 	 3.84894e-08
     0.714 	 5.21426e-08 	 4.29439e-08
     0.715 	 6.11679e-08 	 5.05456e-08
     0.716 	  6.2581e-08 	 5.18834e-08
     0.717 	 5.89704e-08 	 4.90506e-08
     0.718 	 5.77796e-08 	 4.82063e-08
     0.719 	 6.68871e-08 	 5.59814e-08
     0.720 	   7.867e-08 	 6.6043e-08
     0.721 	  9.4662e-08 	 7.96929e-08
     0.722 	 1.25237e-07 	 1.05706e-07
     0.723 	 1.59432e-07 	 1.34948e-07
     0.724 	 1.99026e-07 	 1.68896e-07
     0.725 	 2.88897e-07 	 2.45851e-07
     0.726 	 3.89359e-07 	 3.32125e-07
     0.727 	 4.16662e-07 	 3.56328e-07
     0.728 	 4.05699e-07 	 3.4771e-07
     0.729 	 3.86959e-07 	 3.32462e-07
     0.730 	  3.1926e-07 	 2.74843e-07
     0.731 	 2.96133e-07 	 2.55537e-07
     0.732 	 3.11209e-07 	 2.6908e-07
     0.733 	 3.14416e-07 	 2.72402e-07
     0.734 	 3.47049e-07 	 3.01179e-07
     0.735 	 3.84238e-07 	 3.34107e-07
     0.736 	 3.70819e-07 	 3.23052e-07
     0.737 	  3.9568e-07 	 3.45268e-07
     0.738 	 4.81834e-07 	 4.21146e-07
     0.739 	 5.50995e-07 	 4.82373e-07
     0.740 	   6.205e-07 	 5.44003e-07
     0.741 	 6.88977e-07 	 6.0488e-07
     0.742 	 7.40021e-07 	 6.50626e-07
     0.743 	 7.42938e-07 	 6.53948e-07
     0.744 	 7.03755e-07 	 6.20317e-07
     0.745 	 6.53472e-07 	 5.76559e-07
     0.746 	 6.80816e-07 	 6.01309e-07
     0.747 	 7.35507e-07 	 6.50289e-07
     0.748 	 7.91633e-07 	 7.00588e-07
     0.749 	 8.00367e-07 	 7.08973e-07
     0.750 	 8.58953e-07 	 7.61651e-07
     0.751 	 8.85324e-07 	 7.85005e-07
     0.752 	 8.45449e-07 	 7.4987e-07
     0.753 	 8.78673e-07 	 7.79307e-07
     0.754 	 8.75157e-07 	 7.76333e-07
     0.755 	 8.35332e-07 	 7.40999e-07
     0.756 	 8.25228e-07 	 7.3192e-07
     0.757 	 8.10766e-07 	 7.18978e-07
     0.758 	 9.32183e-07 	 8.26515e-07
     0.759 	 9.64398e-07 	 8.54997e-07
     0.760 	 1.01189e-06 	 8.96852e-07
     0.761 	 9.41785e-07 	 8.34293e-07
     0.762 	 9.76553e-07 	 8.6494e-07
     0.763 	 1.08512e-06 	 9.60827e-07
     0.764 	 1.07566e-06 	 9.51851e-07
     0.765 	 1.03532e-06 	 9.15891e-07
     0.766 	 9.33219e-07 	 8.25015e-07
     0.767 	 1.00193e-06 	 8.85099e-07
     0.768 	 1.01028e-06 	 8.91907e-07
     0.769 	 1.09337e-06 	 9.64604e-07
     0.770 	  1.1598e-06 	 1.02267e-06
     0.771 	 1.08847e-06 	 9.59487e-07
     0.772 	 1.21571e-06 	 1.0714e-06
     0.773 	 1.24239e-06 	 1.09445e-06
     0.774 	 1.23393e-06 	 1.08617e-06
     0.775 	  1.2674e-06 	 1.11523e-06
     0.776 	 1.41866e-06 	 1.24779e-06
     0.777 	 1.53566e-06 	 1.35021e-06
     0.778 	 1.66572e-06 	 1.4636e-06
     0.779 	 2.44896e-06 	 2.15026e-06
     0.780 	 3.98711e-06 	 3.49949e-06
     0.781 	 7.02614e-06 	 6.16038e-06
     0.782 	  1.4387e-05 	 1.26048e-05
     0.783 	 3.30647e-05 	 2.89481e-05
     0.784 	 7.88892e-05 	 6.8999e-05
     0.785 	 0.000188359 	 0.00016462
     0.786 	 0.000468187 	 0.000408773
     0.787 	    0.001248 	 0.00108871
     0.788 	  0.00349741 	 0.00304762
     0.789 	  0.00972894 	 0.0084711
     0.790 	   0.0253918 	 0.022084
     0.791 	   0.0585776 	 0.0508999
     0.792 	    0.116005 	 0.100677
     0.793 	     0.19934 	 0.172858
     0.794 	    0.303442 	 0.262796
     0.795 	    0.415515 	  0.35956
     0.796 	    0.524289 	 0.453153
     0.797 	    0.623563 	 0.538388
     0.798 	    0.707472 	 0.610113
     0.799 	    0.764076 	 0.658296
     0.800 	     0.81023 	 0.697388
     0.801 	    0.840402 	 0.722707
     0.802 	    0.862077 	 0.740846
     0.803 	    0.881172 	 0.756651
     0.804 	    0.893117 	 0.766345
     0.805 	    0.905565 	 0.776573
     0.806 	    0.897031 	 0.768549
     0.807 	    0.880671 	 0.754087
     0.808 	    0.850257 	  0.72737
     0.809 	    0.829965 	 0.709315
     0.810 	     0.81409 	 0.695328
     0.811 	    0.807657 	 0.689078
     0.812 	    0.811454 	 0.691714
     0.813 	    0.816558 	 0.695421
     0.814 	    0.813233 	 0.691822
     0.815 	    0.805295 	 0.684357
     0.816 	    0.795825 	 0.675779
     0.817 	    0.794306 	 0.673735
     0.818 	    0.807019 	   0.6838
     0.819 	    0.833528 	  0.70554
     0.820 	     0.85949 	 0.726837
     0.821 	    0.886699 	 0.749025
     0.822 	    0.902411 	 0.761514
     0.823 	    0.912851 	 0.769651
     0.824 	    0.908123 	 0.764966
     0.825 	      0.8941 	 0.752317
     0.826 	    0.878477 	 0.738491
     0.827 	    0.865341 	 0.726779
     0.828 	    0.860034 	 0.721676
     0.829 	    0.863133 	 0.723695
     0.830 	    0.865251 	 0.724794
     0.831 	    0.865947 	 0.724497
     0.832 	    0.865795 	 0.723612
     0.833 	     0.85784 	 0.716299
     0.834 	    0.844666 	 0.704719
     0.835 	    0.836182 	 0.696784
     0.836 	    0.829632 	  0.69077
     0.837 	    0.834214 	 0.693934
     0.838 	     0.84037 	  0.69833
     0.839 	    0.846818 	 0.703115
     0.840 	    0.849443 	 0.704717
     0.841 	    0.853072 	 0.706898
     0.842 	    0.862252 	 0.713969
     0.843 	    0.865193 	  0.71578
     0.844 	    0.879981 	 0.727465
     0.845 	    0.887617 	 0.733058
     0.846 	    0.890521 	 0.734896
     0.847 	    0.902488 	 0.744134
     0.848 	    0.899627 	 0.741303
     0.849 	    0.908965 	 0.748352
     0.850 	    0.912041 	 0.750236
     0.851 	    0.915201 	 0.752498
     0.852 	    0.914591 	 0.751433
     0.853 	    0.910001 	 0.747102
     0.854 	    0.899554 	 0.738134
     0.855 	    0.889493 	 0.729424
     0.856 	    0.882735 	 0.723431
     0.857 	     0.87468 	  0.71638
     0.858 	    0.869102 	 0.711509
     0.859 	    0.861184 	 0.704666
     0.860 	    0.852895 	 0.697535
     0.861 	    0.843274 	  0.68934
     0.862 	    0.835518 	 0.682637
     0.863 	    0.832222 	 0.679621
     0.864 	    0.839377 	 0.685137
     0.865 	    0.846269 	 0.690603
     0.866 	    0.854108 	 0.696802
     0.867 	    0.866993 	 0.707114
     0.868 	    0.877476 	 0.715514
     0.869 	     0.89299 	 0.727881
     0.870 	    0.905857 	 0.738213
     0.871 	    0.913026 	 0.743794
     0.872 	    0.918143 	 0.747753
     0.873 	    0.918922 	 0.748122
     0.874 	    0.915723 	  0.74531
     0.875 	    0.910128 	 0.740415
     0.876 	    0.899133 	 0.731331
     0.877 	    0.888305 	  0.72233
     0.878 	    0.875968 	 0.712161
     0.879 	    0.866738 	 0.704311
     0.880 	     0.86537 	  0.70299
     0.881 	    0.864324 	   0.7021
     0.882 	    0.856103 	  0.69533
     0.883 	    0.839307 	 0.681528
     0.884 	    0.826099 	 0.670427
     0.885 	    0.813083 	 0.659659
     0.886 	    0.800774 	  0.64952
     0.887 	    0.795051 	 0.644724
     0.888 	    0.793389 	 0.642964
     0.889 	    0.804867 	  0.65211
     0.890 	    0.818851 	 0.663282
     0.891 	    0.832044 	 0.673571
     0.892 	    0.849849 	 0.687606
     0.893 	    0.877222 	 0.709491
     0.894 	    0.897561 	 0.725511
     0.895 	    0.899142 	 0.726442
     0.896 	    0.899664 	 0.726595
     0.897 	    0.890979 	 0.719152
     0.898 	    0.883662 	 0.712904
     0.899 	     0.87616 	 0.706432
     0.900 	    0.866088 	 0.697996
     0.901 	    0.855429 	 0.689138
     0.902 	    0.842188 	 0.678135
     0.903 	    0.828226 	 0.666632
     0.904 	    0.815694 	 0.656143
     0.905 	    0.809362 	 0.650726
     0.906 	    0.804254 	 0.646365
     0.907 	    0.799732 	 0.642477
     0.908 	    0.800157 	 0.642565
     0.909 	    0.802836 	 0.644252
     0.910 	    0.811037 	 0.650624
     0.911 	    0.820744 	 0.658182
     0.912 	     0.83302 	 0.667724
     0.913 	    0.846923 	 0.678482
     0.914 	     0.86285 	 0.690999
     0.915 	    0.880822 	  0.70507
     0.916 	    0.895049 	 0.716049
     0.917 	    0.909865 	 0.727624
     0.918 	    0.921417 	 0.736602
     0.919 	    0.927669 	 0.741175
     0.920 	    0.931237 	  0.74371
     0.921 	    0.932868 	 0.744928
     0.922 	    0.931945 	 0.744096
     0.923 	    0.930176 	 0.742522
     0.924 	    0.919227 	 0.733632
     0.925 	    0.905737 	 0.722857
     0.926 	    0.897425 	 0.716171
     0.927 	    0.887458 	 0.708155
     0.928 	    0.879972 	 0.702183
     0.929 	    0.873032 	 0.696672
     0.930 	    0.868337 	 0.692874
     0.931 	     0.86572 	 0.690955
     0.932 	    0.864055 	 0.689429
     0.933 	    0.862601 	 0.688436
     0.934 	    0.860682 	 0.686887
     0.935 	    0.858079 	 0.684773
     0.936 	    0.858486 	 0.685283
     0.937 	    0.858665 	  0.68548
     0.938 	    0.860262 	 0.686789
     0.939 	    0.865739 	 0.691367
     0.940 	       0.875 	 0.698796
     0.941 	    0.885041 	 0.706987
     0.942 	    0.896212 	 0.716224
     0.943 	    0.909348 	 0.726955
     0.944 	    0.919539 	 0.735299
     0.945 	    0.925121 	 0.740163
     0.946 	     0.92932 	 0.743722
     0.947 	    0.928514 	 0.743334
     0.948 	    0.924867 	 0.740746
     0.949 	    0.920177 	 0.737349
     0.950 	    0.913179 	  0.73207
     0.951 	    0.907713 	 0.727909
     0.952 	    0.904228 	 0.725467
     0.953 	    0.900549 	 0.722789
     0.954 	    0.893716 	 0.717578
     0.955 	     0.88678 	 0.712453
     0.956 	    0.882755 	 0.709489
     0.957 	     0.87884 	 0.706775
     0.958 	    0.876582 	 0.705225
     0.959 	    0.879317 	 0.707805
     0.960 	    0.882296 	 0.710561
     0.961 	    0.886662 	 0.714483
     0.962 	    0.889028 	 0.716965
     0.963 	    0.892731 	 0.720303
     0.964 	      0.8999 	 0.726594
     0.965 	      0.9093 	 0.734675
     0.966 	    0.920172 	 0.743977
     0.967 	    0.925283 	 0.748706
     0.968 	    0.927967 	 0.751397
     0.969 	    0.931677 	 0.754923
     0.970 	    0.934062 	 0.757556
     0.971 	    0.933199 	 0.757404
     0.972 	    0.931826 	 0.756778
     0.973 	    0.931783 	 0.757468
     0.974 	    0.930897 	 0.757391
     0.975 	    0.930894 	 0.758032
     0.976 	     0.92744 	 0.755842
     0.977 	    0.923857 	 0.753395
     0.978 	    0.916844 	 0.748308
     0.979 	    0.906402 	 0.740583
     0.980 	    0.901217 	 0.736968
     0.981 	    0.900595 	 0.737044
     0.982 	     0.90023 	 0.737465
     0.983 	    0.904792 	 0.741722
     0.984 	    0.914165 	 0.749998
     0.985 	     0.92718 	 0.761452
     0.986 	    0.941462 	 0.773889
     0.987 	    0.951447 	 0.782713
     0.988 	    0.955086 	 0.786336
     0.989 	    0.960379 	 0.791413
     0.990 	    0.958847 	  0.79087
     0.991 	    0.954676 	 0.788194
     0.992 	    0.950403 	 0.785276
     0.993 	    0.945506 	 0.781924
     0.994 	    0.939987 	  0.77805
     0.995 	    0.933425 	 0.773216
     0.996 	    0.927766 	  0.76927
     0.997 	    0.923187 	 0.766245
     0.998 	    0.918419 	 0.762875
     0.999 	    0.913397 	 0.759371
     1.000 	    0.905514 	  0.75354
     1.001 	    0.877657 	 0.730911
     1.002 	    0.818117 	 0.681977
     1.003 	    0.727267 	 0.606807
     1.004 	    0.603887 	 0.504243
     1.005 	     0.47261 	 0.395001
     1.006 	    0.371467 	 0.310793
     1.007 	    0.296752 	 0.248437
     1.008 	    0.237436 	 0.198991
     1.009 	    0.192182 	 0.161177
     1.010 	    0.157495 	 0.132214
     1.011 	    0.131236 	 0.110276
     1.012 	    0.110342 	 0.0927973
     1.013 	   0.0968202 	 0.0814952
     1.014 	   0.0829644 	 0.0698987
     1.015 	   0.0712997 	 0.0601224
     1.016 	   0.0624009 	 0.0526627
     1.017 	   0.0564349 	 0.0476792
     1.018 	   0.0488414 	  0.04129
     1.019 	   0.0416585 	 0.0352546
     1.020 	   0.0339347 	 0.0287428
     1.021 	   0.0259439 	 0.0219954
     1.022 	   0.0191611 	 0.0162574
     1.023 	   0.0138011 	 0.0117207
     1.024 	  0.00960284 	 0.00816307
     1.025 	  0.00662765 	 0.00563827
     1.026 	  0.00457419 	 0.00389502
     1.027 	  0.00315531 	 0.00268914
     1.028 	  0.00220914 	 0.00188476
     1.029 	  0.00157701 	 0.00134631
     1.030 	  0.00113539 	 0.000970106
     1.031 	 0.000824415 	 0.000705171
     1.032 	 0.000611557 	 0.000523397
     1.033 	 0.000456439 	 0.00039094
     1.034 	  0.00034212 	 0.000293255
     1.035 	  0.00026185 	 0.000224645
     1.036 	 0.000202762 	 0.000174085
     1.037 	 0.000158005 	 0.000135764
     1.038 	  0.00012475 	 0.000107283
     1.039 	 9.98331e-05 	 8.59199e-05
     1.040 	 8.05189e-05 	 6.93567e-05
     1.041 	 6.58139e-05 	 5.67285e-05
     1.042 	 5.43294e-05 	 4.68591e-05
     1.043 	 4.56988e-05 	 3.9449e-05
     1.044 	 3.90843e-05 	 3.37691e-05
     1.045 	 3.33876e-05 	 2.88653e-05
     1.046 	 2.92962e-05 	 2.53471e-05
     1.047 	 2.62133e-05 	 2.26964e-05
     1.048 	 2.34167e-05 	 2.02945e-05
     1.049 	 2.17539e-05 	 1.88637e-05
     1.050 	 1.99841e-05 	 1.73419e-05
     1.051 	 1.76658e-05 	 1.53435e-05
     1.052 	 1.62472e-05 	 1.41205e-05
     1.053 	 1.43763e-05 	 1.25068e-05
     1.054 	 1.27065e-05 	 1.10604e-05
     1.055 	 1.25928e-05 	 1.09697e-05
     1.056 	 1.22356e-05 	 1.06665e-05
     1.057 	 1.15469e-05 	 1.00726e-05
     1.058 	 1.11394e-05 	 9.72661e-06
     1.059 	 1.05382e-05 	 9.20754e-06
     1.060 	 1.02926e-05 	 9.00067e-06
     1.061 	 1.00045e-05 	 8.75454e-06
     1.062 	 9.13165e-06 	 7.99604e-06
     1.063 	  8.3886e-06 	 7.35112e-06
     1.064 	 7.88635e-06 	 6.9165e-06
     1.065 	 7.57702e-06 	 6.65028e-06
     1.066 	  7.0637e-06 	 6.20454e-06
     1.067 	 6.94871e-06 	 6.10755e-06
     1.068 	 6.92275e-06 	 6.08873e-06
     1.069 	 6.62548e-06 	 5.83176e-06
     1.070 	 6.55279e-06 	 5.77216e-06
     1.071 	  6.3541e-06 	 5.60126e-06
     1.072 	 6.41432e-06 	 5.65975e-06
     1.073 	 6.55928e-06 	 5.7919e-06
     1.074 	 6.11832e-06 	 5.4065e-06
     1.075 	 6.27829e-06 	 5.55193e-06
     1.076 	 6.39938e-06 	 5.66439e-06
     1.077 	 6.81092e-06 	 6.03356e-06
     1.078 	 6.74891e-06 	 5.98299e-06
     1.079 	 6.05811e-06 	 5.37451e-06
     1.080 	 6.30924e-06 	 5.6026e-06
     1.081 	 6.60618e-06 	 5.87132e-06
     1.082 	 6.39522e-06 	 5.68746e-06
     1.083 	 6.15263e-06 	 5.47584e-06
     1.084 	  5.7387e-06 	 5.11129e-06
     1.085 	  5.5964e-06 	 4.98829e-06
     1.086 	 5.85879e-06 	 5.22651e-06
     1.087 	 5.44722e-06 	 4.8635e-06
     1.088 	 5.00442e-06 	 4.47098e-06
     1.089 	 4.66626e-06 	 4.17289e-06
     1.090 	 4.18918e-06 	 3.74905e-06
     1.091 	 4.02891e-06 	 3.60767e-06
     1.092 	 3.86806e-06 	 3.46629e-06
     1.093 	 3.31864e-06 	 2.97593e-06
     1.094 	  3.1682e-06 	 2.84295e-06
     1.095 	  3.2615e-06 	 2.92866e-06
     1.096 	 3.12324e-06 	 2.80609e-06
     1.097 	 3.04882e-06 	 2.7416e-06
     1.098 	 2.79153e-06 	 2.51193e-06
     1.099 	 2.62878e-06 	 2.36681e-06
     1.100 	 2.73035e-06 	 2.45989e-06
     1.101 	 2.62306e-06 	 2.36503e-06
     1.102 	  2.5835e-06 	 2.33067e-06
     1.103 	 2.63946e-06 	 2.38301e-06
     1.104 	  2.5715e-06 	 2.32315e-06
     1.105 	 2.41179e-06 	 2.18009e-06
     1.106 	 2.33338e-06 	 2.11085e-06
     1.107 	  2.4032e-06 	 2.17541e-06
     1.108 	 2.32144e-06 	 2.10303e-06
     1.109 	 2.07114e-06 	 1.87732e-06
     1.110 	  1.8119e-06 	 1.64321e-06
     1.111 	 1.57433e-06 	 1.42846e-06
     1.112 	 1.44295e-06 	 1.3099e-06
     1.113 	 1.34663e-06 	 1.22356e-06
     1.114 	 1.23839e-06 	 1.12576e-06
     1.115 	  1.1288e-06 	 1.02653e-06
     1.116 	 1.04395e-06 	 9.4991e-07
     1.117 	 9.28756e-07 	 8.45506e-07
     1.118 	 8.17884e-07 	 7.44914e-07
     1.119 	 8.25143e-07 	 7.52056e-07
     1.120 	 8.21036e-07 	 7.48655e-07
     1.121 	 7.64897e-07 	 6.97818e-07
     1.122 	 6.46286e-07 	 5.89911e-07
     1.123 	  6.5188e-07 	 5.95303e-07
     1.124 	 6.79958e-07 	 6.21326e-07
     1.125 	 7.00454e-07 	 6.40434e-07
     1.126 	 7.65597e-07 	 7.00273e-07
     1.127 	  7.2562e-07 	 6.64025e-07
     1.128 	 7.25679e-07 	 6.64343e-07
     1.129 	 8.34853e-07 	 7.64654e-07
     1.130 	 9.43599e-07 	 8.64876e-07
     1.131 	  1.0373e-06 	 9.51169e-07
     1.132 	 1.37127e-06 	 1.25771e-06
     1.133 	 1.79677e-06 	 1.64868e-06
     1.134 	 2.08459e-06 	 1.91343e-06
     1.135 	 3.11778e-06 	 2.86364e-06
     1.136 	 4.64809e-06 	 4.27056e-06
     1.137 	 5.57167e-06 	 5.12089e-06
     1.138 	 6.44369e-06 	 5.92423e-06
     1.139 	 5.77072e-06 	 5.30787e-06
     1.140 	 3.99472e-06 	 3.67628e-06
     1.141 	 2.51821e-06 	 2.31803e-06
     1.142 	 1.56596e-06 	 1.4417e-06
     1.143 	  9.7677e-07 	 8.99575e-07
     1.144 	 6.71384e-07 	 6.1842e-07
     1.145 	 5.00071e-07 	 4.60731e-07
     1.146 	 3.92226e-07 	 3.61534e-07
     1.147 	 3.16407e-07 	 2.91693e-07
     1.148 	 2.43014e-07 	 2.24085e-07
     1.149 	 1.97818e-07 	 1.82452e-07
     1.150 	 1.69255e-07 	 1.56131e-07
     1.151 	 1.38069e-07 	 1.27415e-07
     1.152 	 1.18901e-07 	 1.09734e-07
     1.153 	 1.05408e-07 	 9.72912e-08
     1.154 	 9.06632e-08 	 8.3688e-08
     1.155 	 8.28896e-08 	 7.65266e-08
     1.156 	 7.42527e-08 	 6.85668e-08
     1.157 	 6.58003e-08 	 6.07662e-08
     1.158 	 5.87312e-08 	 5.42478e-08
     1.159 	 4.97588e-08 	 4.59685e-08
     1.160 	 4.44654e-08 	 4.10778e-08
     1.161 	 4.09535e-08 	 3.78456e-08
     1.162 	 3.81605e-08 	 3.52681e-08
     1.163 	 3.40116e-08 	 3.14334e-08
     1.164 	 3.09639e-08 	 2.86173e-08
     1.165 	 2.65726e-08 	 2.45613e-08
     1.166 	  2.0644e-08 	 1.90875e-08
     1.167 	 1.85335e-08 	 1.7136e-08
     1.168 	 1.77801e-08 	 1.6441e-08
     1.169 	 1.49219e-08 	 1.37982e-08
     1.170 	 1.21547e-08 	 1.12417e-08
     1.171 	           0 	        0
     1.172 	           0 	        0
     1.173 	           0 	        0
     1.174 	           0 	        0
     1.175 	           0 	        0
     1.176 	           0 	        0
     1.177 	           0 	        0
     1.178 	           0 	        0
     1.179 	           0 	        0
     1.180 	           0 	        0
     1.181 	           0 	        0
     1.182 	           0 	        0
     1.183 	           0 	        0
     1.184 	           0 	        0
     1.185 	           0 	        0
     1.186 	           0 	        0
     1.187 	           0 	        0
     1.188 	           0 	        0
     1.189 	           0 	        0
     1.190 	           0 	        0
     1.191 	           0 	        0
     1.192 	           0 	        0
     1.193 	           0 	        0
     1.194 	           0 	        0
     1.195 	           0 	        0
     1.196 	           0 	        0
     1.197 	           0 	        0
     1.198 	           0 	        0
     1.199 	           0 	        0
     1.200 	           0 	        0
     1.201 	           0 	        0
     1.202 	           0 	        0
     1.203 	           0 	        0
     1.204 	           0 	        0
     1.205 	           0 	        0
     1.206 	           0 	        0
     1.207 	           0 	        0
     1.208 	           0 	        0
     1.209 	           0 	        0
     1.210 	           0 	        0
     1.211 	           0 	        0
     1.212 	           0 	        0
     1.213 	           0 	        0
     1.214 	           0 	        0
     1.215 	           0 	        0
     1.216 	           0 	        0
     1.217 	           0 	        0
     1.218 	           0 	        0
     1.219 	           0 	        0
     1.220 	           0 	        0
     1.221 	           0 	        0
     1.222 	           0 	        0
     1.223 	           0 	        0
     1.224 	           0 	        0
     1.225 	           0 	        0
     1.226 	           0 	        0
     1.227 	           0 	        0
     1.228 	           0 	        0
     1.229 	           0 	        0
     1.230 	           0 	        0
     1.231 	           0 	        0
     1.232 	           0 	        0
     1.233 	           0 	        0
     1.234 	           0 	        0
     1.235 	           0 	        0
     1.236 	           0 	        0
     1.237 	           0 	        0
     1.238 	           0 	        0
     1.239 	           0 	        0
     1.240 	           0 	        0
     1.241 	           0 	        0
     1.242 	           0 	        0
     1.243 	           0 	        0
     1.244 	           0 	        0
     1.245 	           0 	        0
     1.246 	           0 	        0
     1.247 	           0 	        0
     1.248 	           0 	        0
     1.249 	           0 	        0
     1.250 	           0 	        0
     1.251 	           0 	        0
     1.252 	           0 	        0
     1.253 	           0 	        0
     1.254 	           0 	        0
     1.255 	           0 	        0
     1.256 	           0 	        0
     1.257 	           0 	        0
     1.258 	           0 	        0
     1.259 	           0 	        0
     1.260 	           0 	        0
     1.261 	           0 	        0
     1.262 	           0 	        0
     1.263 	           0 	        0
     1.264 	           0 	        0
     1.265 	           0 	        0
     1.266 	           0 	        0
     1.267 	           0 	        0
     1.268 	           0 	        0
     1.269 	           0 	        0
     1.270 	           0 	        0
     1.271 	           0 	        0
     1.272 	           0 	        0
     1.273 	           0 	        0
     1.274 	           0 	        0
     1.275 	           0 	        0
     1.276 	           0 	        0
     1.277 	           0 	        0
     1.278 	           0 	        0
     1.279 	           0 	        0
     1.280 	           0 	        0
     1.281 	           0 	        0
     1.282 	           0 	        0
     1.283 	           0 	        0
     1.284 	           0 	        0
     1.285 	           0 	        0
     1.286 	           0 	        0
     1.287 	           0 	        0
     1.288 	           0 	        0
     1.289 	           0 	        0
     1.290 	           0 	        0
     1.291 	           0 	        0
     1.292 	           0 	        0
     1.293 	           0 	        0
     1.294 	           0 	        0
     1.295 	           0 	        0
     1.296 	           0 	        0
     1.297 	           0 	        0
     1.298 	           0 	        0
     1.299 	           0 	        0
     1.300 	           0 	        0
     1.301 	           0 	        0
     1.302 	           0 	        0
     1.303 	           0 	        0
     1.304 	           0 	        0
     1.305 	           0 	        0
     1.306 	           0 	        0
     1.307 	           0 	        0
     1.308 	           0 	        0
     1.309 	           0 	        0
     1.310 	           0 	        0
     1.311 	           0 	        0
     1.312 	           0 	        0
     1.313 	           0 	        0
     1.314 	           0 	        0
     1.315 	           0 	        0
     1.316 	           0 	        0
     1.317 	           0 	        0
     1.318 	 1.18979e-08 	 1.03818e-08
     1.319 	 1.59444e-08 	 1.39035e-08
     1.320 	 1.87739e-08 	 1.63585e-08
     1.321 	 2.02449e-08 	 1.76278e-08
     1.322 	   2.453e-08 	 2.13392e-08
     1.323 	 3.05996e-08 	 2.65975e-08
     1.324 	 3.56021e-08 	 3.09242e-08
     1.325 	 4.27996e-08 	 3.71375e-08
     1.326 	 4.39379e-08 	 3.80982e-08
     1.327 	  4.2882e-08 	 3.71559e-08
     1.328 	 4.66544e-08 	 4.03923e-08
     1.329 	 5.04081e-08 	 4.35968e-08
     1.330 	 5.68796e-08 	 4.91533e-08
     1.331 	 5.97417e-08 	 5.15965e-08
     1.332 	 6.06845e-08 	 5.23641e-08
     1.333 	 6.29428e-08 	 5.42638e-08
     1.334 	 6.21912e-08 	 5.35784e-08
     1.335 	 6.29793e-08 	 5.42139e-08
     1.336 	 6.78028e-08 	 5.83258e-08
     1.337 	 6.91864e-08 	 5.94563e-08
     1.338 	 6.79897e-08 	 5.83809e-08
     1.339 	 7.21139e-08 	 6.18725e-08
     1.340 	 7.74465e-08 	 6.64018e-08
     1.341 	 8.03933e-08 	 6.88695e-08
     1.342 	 8.74772e-08 	 7.48755e-08
     1.343 	  9.2738e-08 	 7.93195e-08
     1.344 	 1.01451e-07 	 8.67259e-08
     1.345 	 1.15924e-07 	 9.90031e-08
     1.346 	 1.19524e-07 	 1.02002e-07
     1.347 	  1.4122e-07 	 1.20439e-07
     1.348 	 1.80809e-07 	 1.54074e-07
     1.349 	   2.142e-07 	 1.82372e-07
     1.350 	 2.77571e-07 	 2.3615e-07
     1.351 	 3.40732e-07 	 2.89688e-07
     1.352 	 4.24909e-07 	 3.60969e-07
     1.353 	 5.38921e-07 	 4.57365e-07
     1.354 	 6.83051e-07 	 5.79285e-07
     1.355 	 7.69997e-07 	 6.52448e-07
     1.356 	 8.73394e-07 	 7.39561e-07
     1.357 	 8.80407e-07 	 7.44826e-07
     1.358 	 8.00746e-07 	 6.76895e-07
     1.359 	 7.05813e-07 	 5.96172e-07
     1.360 	 5.12187e-07 	 4.32281e-07
     1.361 	 3.86248e-07 	 3.25665e-07
     1.362 	 2.98137e-07 	 2.51151e-07
     1.363 	 2.55395e-07 	 2.14955e-07
     1.364 	 2.46789e-07 	 2.07549e-07
     1.365 	 2.02601e-07 	 1.70199e-07
     1.366 	 1.71304e-07 	 1.43767e-07
     1.367 	 1.67626e-07 	 1.40586e-07
     1.368 	 1.43332e-07 	 1.20104e-07
     1.369 	 1.20486e-07 	 1.00849e-07
     1.370 	 1.11283e-07 	 9.30631e-08
     1.371 	 9.72034e-08 	 8.12303e-08
     1.372 	 9.73305e-08 	 8.12521e-08
     1.373 	 9.02415e-08 	 7.5272e-08
     1.374 	 8.55393e-08 	 7.12984e-08
     1.375 	  8.4355e-08 	 7.02532e-08
     1.376 	 7.67843e-08 	 6.38816e-08
     1.377 	 7.66885e-08 	 6.37492e-08
     1.378 	 7.38009e-08 	 6.13116e-08
     1.379 	 6.73651e-08 	 5.59066e-08
     1.380 	 7.42435e-08 	 6.1564e-08
     1.381 	 7.05651e-08 	 5.8478e-08
     1.382 	 6.29573e-08 	 5.21359e-08
     1.383 	 6.58137e-08 	 5.44505e-08
     1.384 	  7.3964e-08 	 6.11497e-08
     1.385 	 7.08927e-08 	 5.85744e-08
     1.386 	  6.5448e-08 	 5.40253e-08
     1.387 	 6.79114e-08 	 5.60249e-08
     1.388 	 7.51812e-08 	 6.19776e-08
     1.389 	 7.64967e-08 	 6.30096e-08
     1.390 	 7.43689e-08 	 6.12128e-08
     1.391 	 8.22209e-08 	 6.76263e-08
     1.392 	  8.9133e-08 	 7.32497e-08
     1.393 	 9.13596e-08 	 7.50246e-08
     1.394 	 9.27832e-08 	 7.61468e-08
     1.395 	  1.0301e-07 	 8.44599e-08
     1.396 	 1.17399e-07 	 9.6197e-08
     1.397 	 1.13293e-07 	 9.2753e-08
     1.398 	 1.20336e-07 	 9.84467e-08
     1.399 	 1.29058e-07 	 1.05505e-07
     1.400 	 1.33334e-07 	 1.08921e-07
     1.401 	 1.63171e-07 	 1.33185e-07
     1.402 	 1.81553e-07 	 1.48036e-07
     1.403 	 1.85744e-07 	 1.51329e-07
     1.404 	 2.30957e-07 	 1.88052e-07
     1.405 	 2.52488e-07 	 2.05371e-07
     1.406 	 2.90894e-07 	 2.36415e-07
     1.407 	 3.15511e-07 	 2.56156e-07
     1.408 	 3.64384e-07 	 2.95653e-07
     1.409 	 4.80222e-07 	 3.89277e-07
     1.410 	 5.48525e-07 	 4.44277e-07
     1.411 	 5.95427e-07 	 4.81784e-07
     1.412 	 7.03575e-07 	 5.68913e-07
     1.413 	 8.05782e-07 	 6.51114e-07
     1.414 	 9.14558e-07 	 7.38271e-07
     1.415 	 1.02599e-06 	 8.27671e-07
     1.416 	 1.00338e-06 	 8.08695e-07
     1.417 	 1.00588e-06 	 8.10156e-07
     1.418 	 1.08704e-06 	 8.74749e-07
     1.419 	 1.12309e-06 	 9.03047e-07
     1.420 	 1.12053e-06 	 9.00192e-07
     1.421 	 1.07892e-06 	 8.66115e-07
     1.422 	 9.84763e-07 	 7.8992e-07
     1.423 	 9.20394e-07 	 7.37822e-07
     1.424 	 8.15277e-07 	 6.52926e-07
     1.425 	  7.3525e-07 	 5.88463e-07
     1.426 	 6.69173e-07 	 5.3506e-07
     1.427 	 6.27854e-07 	 5.01757e-07
     1.428 	 6.40137e-07 	 5.11125e-07
     1.429 	 5.77274e-07 	 4.60639e-07
     1.430 	 5.59148e-07 	 4.45743e-07
     1.431 	 5.78117e-07 	 4.60577e-07
     1.432 	 5.86131e-07 	 4.66563e-07
     1.433 	 5.67824e-07 	 4.51653e-07
     1.434 	 5.51898e-07 	 4.38657e-07
     1.435 	 5.38903e-07 	 4.27969e-07
     1.436 	 5.03003e-07 	 3.99161e-07
     1.437 	 4.71856e-07 	 3.74203e-07
     1.438 	 4.62292e-07 	 3.66389e-07
     1.439 	 4.88439e-07 	 3.86739e-07
     1.440 	 5.20339e-07 	 4.11738e-07
     1.441 	 5.03044e-07 	 3.97648e-07
     1.442 	 5.18446e-07 	 4.09534e-07
     1.443 	 5.29231e-07 	 4.17768e-07
     1.444 	 5.89516e-07 	 4.64882e-07
     1.445 	 6.23646e-07 	 4.91459e-07
     1.446 	 5.98966e-07 	 4.71629e-07
     1.447 	 6.65941e-07 	 5.24061e-07
     1.448 	  6.6504e-07 	 5.22816e-07
     1.449 	  6.6546e-07 	 5.22723e-07
     1.450 	 7.70403e-07 	 6.04741e-07
     1.451 	  7.9253e-07 	 6.21546e-07
     1.452 	  7.9325e-07 	 6.21603e-07
     1.453 	 9.01934e-07 	 7.06267e-07
     1.454 	 1.03397e-06 	 8.08923e-07
     1.455 	 1.13765e-06 	 8.89664e-07
     1.456 	 1.10259e-06 	 8.61817e-07
     1.457 	 1.14103e-06 	 8.91259e-07
     1.458 	 1.24556e-06 	 9.71935e-07
     1.459 	 1.24871e-06 	 9.73008e-07
     1.460 	 1.34592e-06 	 1.04743e-06
     1.461 	 1.58941e-06 	 1.23641e-06
     1.462 	 1.70211e-06 	 1.32376e-06
     1.463 	 1.73335e-06 	 1.34692e-06
     1.464 	 1.82209e-06 	 1.4147e-06
     1.465 	 2.04449e-06 	 1.58698e-06
     1.466 	 2.11309e-06 	 1.6396e-06
     1.467 	 2.01832e-06 	 1.5641e-06
     1.468 	 2.20399e-06 	 1.70557e-06
     1.469 	 2.35851e-06 	 1.8235e-06
     1.470 	  2.4023e-06 	 1.85598e-06
     1.471 	 2.38419e-06 	 1.84046e-06
     1.472 	 2.28146e-06 	 1.75974e-06
     1.473 	 2.25432e-06 	 1.73736e-06
     1.474 	 2.37779e-06 	 1.83103e-06
     1.475 	 2.34603e-06 	 1.80512e-06
     1.476 	 2.33833e-06 	 1.79774e-06
     1.477 	 2.39292e-06 	 1.83809e-06
     1.478 	 2.38296e-06 	 1.82909e-06
     1.479 	 2.24655e-06 	 1.72399e-06
     1.480 	 2.23612e-06 	 1.71534e-06
     1.481 	 2.41719e-06 	 1.85183e-06
     1.482 	 2.47205e-06 	 1.8914e-06
     1.483 	 2.39041e-06 	 1.82838e-06
     1.484 	 2.42986e-06 	 1.85805e-06
     1.485 	 2.58356e-06 	 1.97312e-06
     1.486 	 2.62914e-06 	 2.00519e-06
     1.487 	 2.68007e-06 	 2.04225e-06
     1.488 	 2.66119e-06 	 2.02643e-06
     1.489 	  2.6046e-06 	 1.98176e-06
     1.490 	 2.61756e-06 	 1.99006e-06
     1.491 	   2.809e-06 	 2.13395e-06
     1.492 	 2.84878e-06 	 2.16247e-06
     1.493 	 2.84797e-06 	 2.16017e-06
     1.494 	 2.89327e-06 	 2.19281e-06
     1.495 	 3.04364e-06 	 2.305e-06
     1.496 	 3.38699e-06 	 2.56303e-06
     1.497 	 3.49484e-06 	 2.6424e-06
     1.498 	 3.65184e-06 	 2.75917e-06
     1.499 	 3.85122e-06 	 2.90909e-06
     1.500 	 3.73133e-06 	 2.81781e-06
     1.501 	 4.02136e-06 	 3.03471e-06
     1.502 	 4.45623e-06 	 3.36004e-06
     1.503 	 4.42782e-06 	 3.33604e-06
     1.504 	 4.63851e-06 	 3.49213e-06
     1.505 	 4.99856e-06 	 3.7603e-06
     1.506 	 5.22209e-06 	 3.92548e-06
     1.507 	 5.82122e-06 	 4.37255e-06
     1.508 	 6.40576e-06 	 4.80797e-06
     1.509 	 6.67603e-06 	 5.00704e-06
     1.510 	 6.74875e-06 	 5.05784e-06
     1.511 	 6.69597e-06 	 5.01486e-06
     1.512 	 7.43919e-06 	 5.56689e-06
     1.513 	 7.90348e-06 	 5.90649e-06
     1.514 	  8.1908e-06 	 6.114e-06
     1.515 	 8.10106e-06 	 6.04512e-06
     1.516 	 8.28045e-06 	 6.17807e-06
     1.517 	 9.24482e-06 	 6.89311e-06
     1.518 	 8.69585e-06 	 6.47849e-06
     1.519 	 8.70206e-06 	 6.47789e-06
     1.520 	 9.76369e-06 	 7.26343e-06
     1.521 	 1.01422e-05 	 7.54397e-06
     1.522 	 9.52456e-06 	 7.08237e-06
     1.523 	 8.89842e-06 	 6.60923e-06
     1.524 	 9.31483e-06 	 6.90943e-06
     1.525 	 9.27147e-06 	 6.87186e-06
     1.526 	  9.2881e-06 	 6.87978e-06
     1.527 	 9.21155e-06 	 6.8176e-06
     1.528 	 8.78028e-06 	 6.49434e-06
     1.529 	 8.65497e-06 	 6.40032e-06
     1.530 	 8.46644e-06 	 6.25969e-06
     1.531 	 8.61856e-06 	 6.36857e-06
     1.532 	  8.4085e-06 	 6.20811e-06
     1.533 	 8.10172e-06 	 5.97426e-06
     1.534 	 8.08431e-06 	 5.95428e-06
     1.535 	 8.07075e-06 	 5.93973e-06
     1.536 	 8.50915e-06 	 6.25842e-06
     1.537 	 7.63628e-06 	 5.61214e-06
     1.538 	 7.14911e-06 	 5.25086e-06
     1.539 	 7.29042e-06 	 5.354e-06
     1.540 	 8.13789e-06 	 5.97489e-06
     1.541 	 8.47778e-06 	 6.21744e-06
     1.542 	 7.73535e-06 	 5.66569e-06
     1.543 	 8.50974e-06 	 6.22772e-06
     1.544 	 8.34607e-06 	 6.10471e-06
     1.545 	 7.85414e-06 	 5.74386e-06
     1.546 	 8.59271e-06 	 6.2829e-06
     1.547 	 8.73503e-06 	 6.38312e-06
     1.548 	 8.61158e-06 	 6.28814e-06
     1.549 	  8.3036e-06 	 6.05965e-06
     1.550 	 8.28641e-06 	 6.04253e-06
     1.551 	 8.39615e-06 	 6.11487e-06
     1.552 	 8.44052e-06 	 6.14039e-06
     1.553 	 8.58026e-06 	 6.24051e-06
     1.554 	 8.76631e-06 	 6.37533e-06
     1.555 	 9.30717e-06 	 6.76411e-06
     1.556 	 9.68355e-06 	 7.033e-06
     1.557 	 9.86107e-06 	 7.16077e-06
     1.558 	 9.84565e-06 	 7.14853e-06
     1.559 	 1.02095e-05 	 7.40891e-06
     1.560 	 1.03202e-05 	 7.48318e-06
     1.561 	 9.86655e-06 	 7.14536e-06
     1.562 	 1.01193e-05 	 7.32044e-06
     1.563 	 1.03739e-05 	 7.50302e-06
     1.564 	    1.02e-05 	 7.37669e-06
     1.565 	 1.02101e-05 	 7.38043e-06
     1.566 	 1.00001e-05 	 7.2228e-06
     1.567 	 9.96862e-06 	 7.19128e-06
     1.568 	 1.00292e-05 	 7.22717e-06
     1.569 	 1.05109e-05 	 7.57274e-06
     1.570 	 1.07763e-05 	 7.76373e-06
     1.571 	 1.06948e-05 	 7.7006e-06
     1.572 	 1.05739e-05 	 7.60821e-06
     1.573 	  9.9681e-06 	 7.16777e-06
     1.574 	 9.82013e-06 	 7.057e-06
     1.575 	 1.03075e-05 	 7.40258e-06
     1.576 	 1.07502e-05 	 7.71572e-06
     1.577 	 1.05285e-05 	 7.55248e-06
     1.578 	 1.00404e-05 	 7.19739e-06
     1.579 	 9.56581e-06 	 6.8495e-06
     1.580 	 1.03443e-05 	 7.39861e-06
     1.581 	 1.07283e-05 	 7.66731e-06
     1.582 	 9.68543e-06 	 6.91885e-06
     1.583 	 9.92303e-06 	 7.08794e-06
     1.584 	 1.00515e-05 	 7.17896e-06
     1.585 	 9.81833e-06 	 7.00882e-06
     1.586 	  9.9165e-06 	 7.07406e-06
     1.587 	 9.54094e-06 	 6.80219e-06
     1.588 	 9.51727e-06 	 6.78122e-06
     1.589 	 9.93645e-06 	 7.07518e-06
     1.590 	 1.00002e-05 	 7.11695e-06
     1.591 	  9.9005e-06 	 7.04541e-06
     1.592 	 9.74481e-06 	 6.93412e-06
     1.593 	  9.7338e-06 	 6.92285e-06
     1.594 	 9.43859e-06 	 6.70845e-06
     1.595 	 9.04164e-06 	 6.42257e-06
     1.596 	 8.97447e-06 	 6.37126e-06
     1.597 	 9.75914e-06 	 6.92422e-06
     1.598 	 9.84263e-06 	 6.97952e-06
     1.599 	 9.12879e-06 	 6.46961e-06
     1.600 	 9.75618e-06 	 6.91029e-06
     1.601 	  1.0714e-05 	 7.58498e-06
     1.602 	  1.0517e-05 	 7.44079e-06
     1.603 	 9.52073e-06 	 6.72807e-06
     1.604 	  9.7676e-06 	 6.89574e-06
     1.605 	 1.03211e-05 	 7.28566e-06
     1.606 	 1.05631e-05 	 7.45665e-06
     1.607 	 1.04372e-05 	 7.36427e-06
     1.608 	 1.03767e-05 	 7.31698e-06
     1.609 	 1.00075e-05 	 7.05226e-06
     1.610 	 1.09206e-05 	 7.6921e-06
     1.611 	 1.15336e-05 	 8.12359e-06
     1.612 	 1.05622e-05 	 7.43918e-06
     1.613 	  1.0538e-05 	 7.41881e-06
     1.614 	 1.05874e-05 	 7.449e-06
     1.615 	 1.11156e-05 	 7.81705e-06
     1.616 	 1.03574e-05 	 7.27948e-06
     1.617 	 1.02788e-05 	 7.21609e-06
     1.618 	  1.1283e-05 	 7.91353e-06
     1.619 	 1.13112e-05 	 7.9326e-06
     1.620 	 1.09698e-05 	 7.69367e-06
     1.621 	  1.0861e-05 	 7.614e-06
     1.622 	 1.15649e-05 	 8.10276e-06
     1.623 	  1.2135e-05 	 8.49788e-06
     1.624 	 1.19631e-05 	 8.37329e-06
     1.625 	 1.16972e-05 	 8.18295e-06
     1.626 	 1.13086e-05 	 7.90715e-06
     1.627 	 1.09937e-05 	 7.68314e-06
     1.628 	 1.08328e-05 	 7.56693e-06
     1.629 	 1.08579e-05 	 7.58071e-06
     1.630 	 1.08066e-05 	 7.54122e-06
     1.631 	 1.19686e-05 	 8.34809e-06
     1.632 	 1.24697e-05 	 8.69334e-06
     1.633 	 1.15772e-05 	 8.06724e-06
     1.634 	 1.12845e-05 	 7.85944e-06
     1.635 	 1.20057e-05 	 8.35777e-06
     1.636 	 1.14735e-05 	 7.98343e-06
     1.637 	 1.09295e-05 	 7.60131e-06
     1.638 	 1.11861e-05 	 7.77603e-06
     1.639 	 1.11369e-05 	 7.73825e-06
     1.640 	 1.16436e-05 	 8.08669e-06
     1.641 	 1.21224e-05 	 8.41453e-06
     1.642 	 1.22571e-05 	 8.50484e-06
     1.643 	  1.2238e-05 	 8.49198e-06
     1.644 	 1.24471e-05 	 8.63757e-06
     1.645 	 1.27025e-05 	 8.81141e-06
     1.646 	 1.19341e-05 	 8.27412e-06
     1.647 	 1.19616e-05 	 8.29006e-06
     1.648 	 1.22334e-05 	 8.47408e-06
     1.649 	 1.18595e-05 	 8.20659e-06
     1.650 	 1.23392e-05 	 8.53104e-06
     1.651 	 1.25079e-05 	 8.64766e-06
     1.652 	 1.21537e-05 	 8.40402e-06
     1.653 	  1.2232e-05 	 8.45519e-06
     1.654 	  1.1724e-05 	 8.09988e-06
     1.655 	  1.2366e-05 	 8.53986e-06
     1.656 	 1.29187e-05 	 8.91766e-06
     1.657 	 1.32948e-05 	 9.17354e-06
     1.658 	 1.34832e-05 	 9.29971e-06
     1.659 	 1.24716e-05 	 8.59768e-06
     1.660 	 1.18042e-05 	 8.13484e-06
     1.661 	 1.22338e-05 	 8.43239e-06
     1.662 	 1.28442e-05 	 8.85333e-06
     1.663 	 1.28165e-05 	 8.82614e-06
     1.664 	  1.2583e-05 	 8.65742e-06
     1.665 	 1.24302e-05 	 8.55318e-06
     1.666 	 1.23784e-05 	 8.51863e-06
     1.667 	 1.25671e-05 	 8.64064e-06
     1.668 	 1.21519e-05 	 8.3476e-06
     1.669 	 1.25389e-05 	 8.61442e-06
     1.670 	 1.26445e-05 	 8.68812e-06
     1.671 	  1.3095e-05 	 8.98951e-06
     1.672 	  1.3569e-05 	 9.30658e-06
     1.673 	 1.33467e-05 	 9.15391e-06
     1.674 	 1.28616e-05 	 8.82376e-06
     1.675 	 1.29291e-05 	 8.87277e-06
     1.676 	 1.23856e-05 	 8.49951e-06
     1.677 	 1.24119e-05 	 8.51077e-06
     1.678 	 1.26305e-05 	 8.6523e-06
     1.679 	 1.23491e-05 	 8.4559e-06
     1.680 	 1.22588e-05 	 8.3916e-06
     1.681 	 1.24928e-05 	 8.54878e-06
     1.682 	   1.243e-05 	 8.50256e-06
     1.683 	 1.23544e-05 	 8.44793e-06
     1.684 	 1.32049e-05 	 9.0264e-06
     1.685 	 1.32983e-05 	 9.08699e-06
     1.686 	 1.25628e-05 	 8.5815e-06
     1.687 	 1.19519e-05 	 8.16133e-06
     1.688 	 1.23794e-05 	 8.45043e-06
     1.689 	 1.20597e-05 	 8.22932e-06
     1.690 	 1.23926e-05 	 8.45358e-06
     1.691 	 1.21268e-05 	 8.26945e-06
     1.692 	 1.13177e-05 	 7.7152e-06
     1.693 	 1.15683e-05 	 7.88348e-06
     1.694 	 1.19249e-05 	 8.1238e-06
     1.695 	  1.1708e-05 	 7.97348e-06
     1.696 	 1.12683e-05 	 7.67153e-06
     1.697 	 1.16815e-05 	 7.95021e-06
     1.698 	 1.13461e-05 	 7.71948e-06
     1.699 	 1.18034e-05 	 8.02809e-06
     1.700 	  1.2383e-05 	 8.41965e-06
     1.701 	 1.18331e-05 	 8.04262e-06
     1.702 	 1.09447e-05 	 7.43706e-06
     1.703 	 1.08497e-05 	 7.37397e-06
     1.704 	 1.14852e-05 	 7.80759e-06
     1.705 	 1.12958e-05 	 7.67702e-06
     1.706 	 1.04791e-05 	 7.1193e-06
     1.707 	 1.05044e-05 	 7.1343e-06
     1.708 	 1.11824e-05 	 7.59255e-06
     1.709 	 1.16302e-05 	 7.89421e-06
     1.710 	 1.17294e-05 	 7.95934e-06
     1.711 	  1.2224e-05 	 8.29185e-06
     1.712 	  1.2772e-05 	 8.6618e-06
     1.713 	 1.22122e-05 	 8.28453e-06
     1.714 	 1.18626e-05 	 8.04867e-06
     1.715 	 1.23712e-05 	 8.38766e-06
     1.716 	 1.29043e-05 	 8.74152e-06
     1.717 	 1.28785e-05 	 8.7202e-06
     1.718 	 1.23814e-05 	 8.38258e-06
     1.719 	 1.20985e-05 	 8.19303e-06
     1.720 	 1.13583e-05 	 7.69365e-06
     1.721 	 1.17149e-05 	 7.93368e-06
     1.722 	 1.22543e-05 	 8.29593e-06
     1.723 	 1.24432e-05 	 8.42162e-06
     1.724 	 1.31948e-05 	 8.92789e-06
     1.725 	  1.2939e-05 	 8.75247e-06
     1.726 	 1.20908e-05 	 8.17639e-06
     1.727 	 1.16181e-05 	 7.85463e-06
     1.728 	  1.2579e-05 	 8.50204e-06
     1.729 	 1.40564e-05 	 9.49802e-06
     1.730 	 1.46128e-05 	 9.87142e-06
     1.731 	 1.40323e-05 	 9.47672e-06
     1.732 	 1.44559e-05 	 9.76034e-06
     1.733 	 1.51143e-05 	 1.02022e-05
     1.734 	  1.5046e-05 	 1.01534e-05
     1.735 	  1.4875e-05 	 1.00354e-05
     1.736 	 1.50027e-05 	 1.01191e-05
     1.737 	 1.55609e-05 	 1.04931e-05
     1.738 	 1.57588e-05 	 1.06237e-05
     1.739 	 1.51929e-05 	 1.02398e-05
     1.740 	  1.4567e-05 	 9.81543e-06
     1.741 	 1.49333e-05 	 1.00599e-05
     1.742 	 1.52037e-05 	 1.02396e-05
     1.743 	 1.56927e-05 	 1.05664e-05
     1.744 	 1.66261e-05 	 1.11923e-05
     1.745 	 1.69591e-05 	 1.14138e-05
     1.746 	 1.60313e-05 	 1.07869e-05
     1.747 	 1.63797e-05 	 1.10188e-05
     1.748 	 1.65328e-05 	 1.11193e-05
     1.749 	 1.52432e-05 	 1.02497e-05
     1.750 	 1.56688e-05 	 1.05336e-05
     1.751 	 1.62421e-05 	 1.09167e-05
     1.752 	 1.61074e-05 	 1.08237e-05
     1.753 	 1.54166e-05 	 1.03574e-05
     1.754 	 1.49748e-05 	 1.00586e-05
     1.755 	 1.55728e-05 	 1.04582e-05
     1.756 	 1.63491e-05 	 1.09774e-05
     1.757 	 1.64227e-05 	 1.10238e-05
     1.758 	 1.52814e-05 	 1.02565e-05
     1.759 	 1.49025e-05 	 1.00054e-05
     1.760 	 1.46441e-05 	 9.83525e-06
     1.761 	 1.49424e-05 	 1.00343e-05
     1.762 	 1.46676e-05 	 9.84743e-06
     1.763 	 1.40481e-05 	 9.42993e-06
     1.764 	 1.46464e-05 	 9.82973e-06
     1.765 	 1.47179e-05 	 9.87608e-06
     1.766 	 1.42357e-05 	 9.55083e-06
     1.767 	 1.48623e-05 	 9.96962e-06
     1.768 	 1.50648e-05 	 1.01039e-05
     1.769 	 1.43095e-05 	 9.59581e-06
     1.770 	 1.42376e-05 	 9.54599e-06
     1.771 	 1.49078e-05 	 9.99402e-06
     1.772 	 1.35033e-05 	 9.0511e-06
     1.773 	 1.29298e-05 	 8.66549e-06
     1.774 	 1.46906e-05 	 9.84428e-06
     1.775 	 1.54261e-05 	 1.03358e-05
     1.776 	 1.42911e-05 	 9.57411e-06
     1.777 	 1.28377e-05 	 8.59863e-06
     1.778 	 1.39549e-05 	 9.34672e-06
     1.779 	 1.47507e-05 	 9.88433e-06
     1.780 	 1.44993e-05 	 9.71915e-06
     1.781 	 1.43806e-05 	 9.63434e-06
     1.782 	 1.47648e-05 	 9.88479e-06
     1.783 	 1.54124e-05 	 1.03166e-05
     1.784 	 1.43929e-05 	 9.63392e-06
     1.785 	 1.41867e-05 	 9.49505e-06
     1.786 	 1.44617e-05 	 9.67814e-06
     1.787 	  1.4466e-05 	 9.68022e-06
     1.788 	 1.39807e-05 	 9.3546e-06
     1.789 	 1.44769e-05 	 9.68596e-06
     1.790 	 1.48086e-05 	 9.90696e-06
     1.791 	 1.52019e-05 	 1.01692e-05
     1.792 	 1.60011e-05 	 1.07029e-05
     1.793 	 1.55323e-05 	 1.03887e-05
     1.794 	 1.53525e-05 	 1.02676e-05
     1.795 	 1.50889e-05 	 1.00906e-05
     1.796 	 1.55497e-05 	 1.03979e-05
     1.797 	  1.5633e-05 	 1.04529e-05
     1.798 	 1.44908e-05 	 9.68861e-06
     1.799 	 1.48465e-05 	 9.92571e-06
     1.800 	 1.52561e-05 	 1.01988e-05
     1.801 	 1.68213e-05 	 1.12435e-05
     1.802 	 1.77033e-05 	 1.18334e-05
     1.803 	  1.7041e-05 	 1.13967e-05
     1.804 	 1.62682e-05 	 1.0884e-05
     1.805 	 1.59252e-05 	 1.06484e-05
     1.806 	  1.6198e-05 	 1.08247e-05
     1.807 	 1.64982e-05 	 1.10304e-05
     1.808 	 1.69709e-05 	 1.13516e-05
     1.809 	 1.58077e-05 	 1.05675e-05
     1.810 	 1.62492e-05 	 1.08564e-05
     1.811 	 1.86851e-05 	 1.24884e-05
     1.812 	 1.81894e-05 	 1.21633e-05
     1.813 	 1.81573e-05 	 1.2142e-05
     1.814 	 1.80974e-05 	 1.21002e-05
     1.815 	  1.7862e-05 	 1.19421e-05
     1.816 	 1.80962e-05 	 1.20979e-05
     1.817 	 1.84464e-05 	 1.23309e-05
     1.818 	 1.97997e-05 	 1.32348e-05
     1.819 	  2.0269e-05 	 1.35475e-05
     1.820 	 1.94532e-05 	 1.30013e-05
     1.821 	 1.92269e-05 	 1.28493e-05
     1.822 	 2.00118e-05 	 1.3373e-05
     1.823 	 1.93847e-05 	 1.29531e-05
     1.824 	 1.97802e-05 	 1.32166e-05
     1.825 	 1.99647e-05 	 1.33389e-05
     1.826 	 2.08379e-05 	 1.39215e-05
     1.827 	 2.10073e-05 	 1.40339e-05
     1.828 	 2.10779e-05 	 1.40801e-05
     1.829 	 2.13776e-05 	 1.42796e-05
     1.830 	 2.01602e-05 	 1.34656e-05
     1.831 	 2.29764e-05 	 1.53457e-05
     1.832 	 2.37184e-05 	 1.58407e-05
     1.833 	 2.19938e-05 	 1.46882e-05
     1.834 	 2.31526e-05 	 1.54612e-05
     1.835 	 2.38943e-05 	 1.59557e-05
     1.836 	 2.19935e-05 	 1.46857e-05
     1.837 	 2.05952e-05 	 1.37515e-05
     1.838 	 2.10453e-05 	 1.40514e-05
     1.839 	 2.20645e-05 	 1.47304e-05
     1.840 	 2.30224e-05 	 1.53703e-05
     1.841 	  2.3099e-05 	 1.54291e-05
     1.842 	 2.15688e-05 	 1.44139e-05
     1.843 	 2.16906e-05 	 1.44961e-05
     1.844 	 2.37309e-05 	 1.5858e-05
     1.845 	 2.56487e-05 	 1.7139e-05
     1.846 	 2.25122e-05 	 1.50429e-05
     1.847 	 2.02898e-05 	 1.35585e-05
     1.848 	 2.18827e-05 	 1.46219e-05
     1.849 	 2.30547e-05 	 1.53969e-05
     1.850 	 2.28128e-05 	 1.52272e-05
     1.851 	 2.22148e-05 	 1.4827e-05
     1.852 	 2.35245e-05 	 1.57023e-05
     1.853 	 2.37675e-05 	 1.58648e-05
     1.854 	 2.24135e-05 	 1.49612e-05
     1.855 	  2.1858e-05 	 1.45895e-05
     1.856 	 2.28898e-05 	 1.52795e-05
     1.857 	 2.23849e-05 	 1.49506e-05
     1.858 	 2.09001e-05 	 1.39665e-05
     1.859 	 2.24172e-05 	 1.49831e-05
     1.860 	 2.26007e-05 	 1.5104e-05
     1.861 	 2.37635e-05 	 1.58737e-05
     1.862 	 2.53443e-05 	 1.69219e-05
     1.863 	 2.30553e-05 	 1.53931e-05
     1.864 	 2.20407e-05 	 1.47178e-05
     1.865 	 2.27106e-05 	 1.51661e-05
     1.866 	 2.35107e-05 	 1.57014e-05
     1.867 	 2.33555e-05 	 1.55988e-05
     1.868 	 2.40179e-05 	 1.60423e-05
     1.869 	  2.4038e-05 	 1.60558e-05
     1.870 	 2.37732e-05 	 1.58812e-05
     1.871 	  2.3497e-05 	 1.5706e-05
     1.872 	 2.34903e-05 	 1.5711e-05
     1.873 	 2.30057e-05 	 1.53892e-05
     1.874 	  2.4283e-05 	 1.62439e-05
     1.875 	 2.46654e-05 	 1.65013e-05
     1.876 	 2.35904e-05 	 1.57834e-05
     1.877 	 2.43511e-05 	 1.62939e-05
     1.878 	 2.25521e-05 	 1.50915e-05
     1.879 	 2.08699e-05 	 1.39672e-05
     1.880 	 2.26435e-05 	 1.51556e-05
     1.881 	 2.34589e-05 	 1.57031e-05
     1.882 	 2.29406e-05 	 1.53576e-05
     1.883 	 2.32992e-05 	 1.55991e-05
     1.884 	 2.36701e-05 	 1.58492e-05
     1.885 	  2.2664e-05 	 1.51771e-05
     1.886 	 2.28169e-05 	 1.52811e-05
     1.887 	 2.36014e-05 	 1.58081e-05
     1.888 	  2.2353e-05 	 1.49735e-05
     1.889 	 2.09939e-05 	 1.40645e-05
     1.890 	 2.26128e-05 	 1.51506e-05
     1.891 	 2.29608e-05 	 1.53854e-05
     1.892 	 2.22455e-05 	 1.49078e-05
     1.893 	  2.3447e-05 	 1.57159e-05
     1.894 	 2.37489e-05 	 1.59188e-05
     1.895 	 2.20067e-05 	 1.47438e-05
     1.896 	 2.16135e-05 	 1.44753e-05
     1.897 	 2.24987e-05 	 1.50775e-05
     1.898 	 2.28409e-05 	 1.53163e-05
     1.899 	 2.17571e-05 	 1.45846e-05
     1.900 	 2.14748e-05 	 1.43881e-05
     1.901 	  2.2072e-05 	 1.47889e-05
     1.902 	 2.23769e-05 	 1.49959e-05
     1.903 	 2.20442e-05 	 1.47732e-05
     1.904 	 2.04923e-05 	 1.37357e-05
     1.905 	 2.08114e-05 	 1.39583e-05
     1.906 	 2.15133e-05 	 1.4438e-05
     1.907 	 2.16706e-05 	 1.45462e-05
     1.908 	  2.1909e-05 	 1.47067e-05
     1.909 	 2.17666e-05 	 1.46126e-05
     1.910 	 1.98165e-05 	 1.3305e-05
     1.911 	 2.03622e-05 	 1.36739e-05
     1.912 	 2.25114e-05 	 1.51175e-05
     1.913 	  2.2542e-05 	 1.51318e-05
     1.914 	 2.09152e-05 	 1.40341e-05
     1.915 	 2.01061e-05 	 1.34905e-05
     1.916 	 2.12276e-05 	 1.42469e-05
     1.917 	  2.0785e-05 	 1.39585e-05
     1.918 	 1.81007e-05 	 1.21633e-05
     1.919 	 1.91452e-05 	 1.28679e-05
     1.920 	 2.07695e-05 	 1.39598e-05
     1.921 	 2.02827e-05 	 1.36355e-05
     1.922 	 1.94112e-05 	 1.30498e-05
     1.923 	 1.95529e-05 	 1.31399e-05
     1.924 	 1.97179e-05 	 1.32455e-05
     1.925 	  1.8735e-05 	 1.25857e-05
     1.926 	  1.8287e-05 	 1.2287e-05
     1.927 	 1.94011e-05 	 1.30363e-05
     1.928 	 2.02076e-05 	 1.3581e-05
     1.929 	  1.9611e-05 	 1.31881e-05
     1.930 	 1.87736e-05 	 1.26331e-05
     1.931 	 1.81421e-05 	 1.22104e-05
     1.932 	 1.79499e-05 	 1.20818e-05
     1.933 	 1.86098e-05 	 1.25273e-05
     1.934 	 1.95537e-05 	 1.31643e-05
     1.935 	 1.95109e-05 	 1.31373e-05
     1.936 	 1.98151e-05 	 1.33438e-05
     1.937 	 1.92283e-05 	 1.29503e-05
     1.938 	 2.01406e-05 	 1.35664e-05
     1.939 	 2.04839e-05 	 1.37996e-05
     1.940 	 1.95042e-05 	 1.31412e-05
     1.941 	 1.91518e-05 	 1.29055e-05
     1.942 	 1.99117e-05 	 1.34193e-05
     1.943 	 2.01895e-05 	 1.36083e-05
     1.944 	 2.01337e-05 	 1.35726e-05
     1.945 	 2.01144e-05 	 1.35617e-05
     1.946 	 1.90937e-05 	 1.28753e-05
     1.947 	 1.96008e-05 	 1.32191e-05
     1.948 	 2.00282e-05 	 1.35092e-05
     1.949 	 2.06374e-05 	 1.39231e-05
     1.950 	  2.0996e-05 	 1.4166e-05
     1.951 	 2.15311e-05 	 1.45208e-05
     1.952 	 2.15574e-05 	 1.45343e-05
     1.953 	 2.15775e-05 	 1.45566e-05
     1.954 	 2.16483e-05 	 1.46152e-05
     1.955 	 2.19973e-05 	 1.48544e-05
     1.956 	 2.27573e-05 	 1.53689e-05
     1.957 	 2.24202e-05 	 1.51436e-05
     1.958 	 2.18315e-05 	 1.47483e-05
     1.959 	 2.16766e-05 	 1.46459e-05
     1.960 	 2.23956e-05 	 1.51342e-05
     1.961 	 2.29991e-05 	 1.55444e-05
     1.962 	 2.18474e-05 	 1.47685e-05
     1.963 	  2.1372e-05 	 1.44497e-05
     1.964 	 2.03228e-05 	 1.37425e-05
     1.965 	 1.98423e-05 	 1.34199e-05
     1.966 	 2.36407e-05 	 1.59915e-05
     1.967 	 2.35298e-05 	 1.59202e-05
     1.968 	 2.14857e-05 	 1.45385e-05
     1.969 	 2.28849e-05 	 1.548e-05
     1.970 	 2.38997e-05 	 1.61606e-05
     1.971 	  2.2739e-05 	 1.53774e-05
     1.972 	 2.32005e-05 	 1.56932e-05
     1.973 	 2.37151e-05 	 1.60441e-05
     1.974 	 2.28772e-05 	 1.54798e-05
     1.975 	 2.28718e-05 	 1.5479e-05
     1.976 	 2.27665e-05 	 1.54102e-05
     1.977 	  2.1158e-05 	 1.43238e-05
     1.978 	 2.16676e-05 	 1.46713e-05
     1.979 	 2.17488e-05 	 1.47288e-05
     1.980 	 2.06537e-05 	 1.39896e-05
     1.981 	 1.98415e-05 	 1.34418e-05
     1.982 	 1.99487e-05 	 1.35167e-05
     1.983 	 1.97435e-05 	 1.33801e-05
     1.984 	 1.93996e-05 	 1.31493e-05
     1.985 	 1.88991e-05 	 1.28123e-05
     1.986 	 1.79309e-05 	 1.21581e-05
     1.987 	 1.74437e-05 	 1.18299e-05
     1.988 	  1.6915e-05 	 1.14732e-05
     1.989 	 1.60955e-05 	 1.09194e-05
     1.990 	 1.58084e-05 	 1.07266e-05
     1.991 	  1.6208e-05 	 1.09996e-05
     1.992 	 1.65182e-05 	 1.1212e-05
     1.993 	 1.57842e-05 	 1.07158e-05
     1.994 	 1.54265e-05 	 1.04748e-05
     1.995 	 1.57608e-05 	 1.07036e-05
     1.996 	 1.48977e-05 	 1.01194e-05
     1.997 	 1.55323e-05 	 1.05546e-05
     1.998 	 1.43663e-05 	 9.76193e-06
     1.999 	 1.33371e-05 	 9.05135e-06
     2.000 	 1.40801e-05 	 9.54122e-06
     2.001 	 1.40879e-05 	 9.55035e-06
     2.002 	 1.38159e-05 	 9.36792e-06
     2.003 	 1.31946e-05 	 8.94852e-06
     2.004 	 1.29807e-05 	 8.80531e-06
     2.005 	  1.3039e-05 	 8.84671e-06
     2.006 	 1.27035e-05 	 8.61983e-06
     2.007 	 1.19952e-05 	 8.14094e-06
     2.008 	 1.23116e-05 	 8.35742e-06
     2.009 	 1.34811e-05 	 9.15323e-06
     2.010 	 1.29954e-05 	 8.82422e-06
     2.011 	 1.19104e-05 	 8.08903e-06
     2.012 	 1.17596e-05 	 7.98814e-06
     2.013 	 1.09172e-05 	 7.41733e-06
     2.014 	 1.03205e-05 	 7.01241e-06
     2.015 	 1.10603e-05 	 7.51652e-06
     2.016 	 1.16968e-05 	 7.95061e-06
     2.017 	 1.11475e-05 	 7.57868e-06
     2.018 	 1.03735e-05 	 7.05382e-06
     2.019 	 1.12288e-05 	 7.63595e-06
     2.020 	 1.12361e-05 	 7.64237e-06
     2.021 	 1.11862e-05 	 7.60992e-06
     2.022 	 1.09542e-05 	 7.45353e-06
     2.023 	 1.07386e-05 	 7.30735e-06
     2.024 	 1.06958e-05 	 7.27963e-06
     2.025 	 1.08674e-05 	 7.39785e-06
     2.026 	 1.06664e-05 	 7.26243e-06
     2.027 	 1.08355e-05 	 7.37899e-06
     2.028 	 1.16908e-05 	 7.96202e-06
     2.029 	 1.13586e-05 	 7.73726e-06
     2.030 	 1.08022e-05 	 7.35968e-06
     2.031 	  1.1237e-05 	 7.65753e-06
     2.032 	 1.09696e-05 	 7.47687e-06
     2.033 	 1.03079e-05 	 7.02648e-06
     2.034 	 1.03691e-05 	 7.06969e-06
     2.035 	   1.107e-05 	 7.54916e-06
     2.036 	 1.17202e-05 	 7.99424e-06
     2.037 	 1.13245e-05 	 7.72597e-06
     2.038 	  1.2148e-05 	 8.28852e-06
     2.039 	 1.24391e-05 	 8.48891e-06
     2.040 	 1.20352e-05 	 8.21501e-06
     2.041 	 1.19157e-05 	 8.13496e-06
     2.042 	 1.14578e-05 	 7.82382e-06
     2.043 	 1.19026e-05 	 8.12906e-06
     2.044 	 1.24449e-05 	 8.49998e-06
     2.045 	 1.20913e-05 	 8.26002e-06
     2.046 	 1.19522e-05 	 8.16652e-06
     2.047 	 1.09537e-05 	 7.48568e-06
     2.048 	 1.10855e-05 	 7.57717e-06
     2.049 	 1.21688e-05 	 8.31817e-06
     2.050 	 1.12976e-05 	 7.72409e-06
     2.051 	 1.07272e-05 	 7.33573e-06
     2.052 	 1.14606e-05 	 7.83897e-06
     2.053 	 1.11553e-05 	 7.63183e-06
     2.054 	 1.07265e-05 	 7.34007e-06
     2.055 	 1.08397e-05 	 7.41826e-06
     2.056 	 1.20806e-05 	 8.26929e-06
     2.057 	 1.30495e-05 	 8.93448e-06
     2.058 	 1.28743e-05 	 8.81645e-06
     2.059 	 1.30632e-05 	 8.94777e-06
     2.060 	 1.25679e-05 	 8.6104e-06
     2.061 	 1.14648e-05 	 7.85586e-06
     2.062 	 1.20742e-05 	 8.2737e-06
     2.063 	  1.3051e-05 	 8.94441e-06
     2.064 	 1.33775e-05 	 9.1696e-06
     2.065 	 1.30874e-05 	 8.97213e-06
     2.066 	 1.22533e-05 	 8.4016e-06
     2.067 	 1.19344e-05 	 8.1842e-06
     2.068 	 1.15476e-05 	 7.92016e-06
     2.069 	 1.19936e-05 	 8.22632e-06
     2.070 	 1.22847e-05 	 8.42728e-06
     2.071 	 1.17246e-05 	 8.04465e-06
     2.072 	 1.14178e-05 	 7.8357e-06
     2.073 	  1.1863e-05 	 8.14284e-06
     2.074 	 1.21128e-05 	 8.31595e-06
     2.075 	  1.1836e-05 	 8.12753e-06
     2.076 	 1.13617e-05 	 7.80338e-06
     2.077 	 1.14711e-05 	 7.87914e-06
     2.078 	 1.17504e-05 	 8.07258e-06
     2.079 	 1.17956e-05 	 8.10524e-06
     2.080 	 1.08864e-05 	 7.48197e-06
     2.081 	 1.06081e-05 	 7.29268e-06
     2.082 	 1.10803e-05 	 7.61937e-06
     2.083 	 1.10691e-05 	 7.61374e-06
     2.084 	 1.07786e-05 	 7.41594e-06
     2.085 	 1.23259e-05 	 8.48283e-06
     2.086 	  1.2543e-05 	 8.63353e-06
     2.087 	 1.23261e-05 	 8.48655e-06
     2.088 	 1.23599e-05 	 8.51213e-06
     2.089 	 1.17438e-05 	 8.09003e-06
     2.090 	  1.2735e-05 	 8.77523e-06
     2.091 	 1.22993e-05 	 8.47783e-06
     2.092 	 1.14805e-05 	 7.91608e-06
     2.093 	 1.21533e-05 	 8.38279e-06
     2.094 	 1.25805e-05 	 8.68035e-06
     2.095 	 1.24284e-05 	 8.57826e-06
     2.096 	 1.30868e-05 	 9.03571e-06
     2.097 	 1.34014e-05 	 9.2549e-06
     2.098 	 1.48143e-05 	 1.0234e-05
     2.099 	 1.62007e-05 	 1.11955e-05
     2.100 	 1.60568e-05 	 1.10998e-05
     2.101 	 1.51638e-05 	 1.04862e-05
     2.102 	 1.50178e-05 	 1.0389e-05
     2.103 	 1.78069e-05 	 1.23228e-05
     2.104 	 1.83604e-05 	 1.27104e-05
     2.105 	 1.72074e-05 	 1.19165e-05
     2.106 	  1.6754e-05 	 1.16067e-05
     2.107 	 1.79371e-05 	 1.24307e-05
     2.108 	 1.97791e-05 	 1.37122e-05
     2.109 	 2.09193e-05 	 1.45078e-05
     2.110 	 2.13385e-05 	 1.48038e-05
     2.111 	 2.17886e-05 	 1.51221e-05
     2.112 	 2.17563e-05 	 1.51056e-05
     2.113 	 2.28474e-05 	 1.58695e-05
     2.114 	 2.35605e-05 	 1.63693e-05
     2.115 	 2.39415e-05 	 1.66406e-05
     2.116 	 2.70402e-05 	 1.88017e-05
     2.117 	 2.74269e-05 	 1.90782e-05
     2.118 	 2.50358e-05 	 1.74218e-05
     2.119 	 2.44096e-05 	 1.69928e-05
     2.120 	 2.51128e-05 	 1.74892e-05
     2.121 	  2.4467e-05 	 1.70394e-05
     2.122 	 2.38575e-05 	 1.66255e-05
     2.123 	 2.20946e-05 	 1.54051e-05
     2.124 	  2.0069e-05 	 1.39973e-05
     2.125 	 1.78918e-05 	 1.24854e-05
     2.126 	 1.68525e-05 	 1.17664e-05
     2.127 	 1.53315e-05 	 1.07112e-05
     2.128 	 1.45082e-05 	 1.01393e-05
     2.129 	 1.33503e-05 	 9.335e-06
     2.130 	 1.12523e-05 	 7.87217e-06
     2.131 	 9.94046e-06 	 6.95751e-06
     2.132 	 8.77332e-06 	 6.1446e-06
     2.133 	 8.18296e-06 	 5.73369e-06
     2.134 	 7.34823e-06 	 5.15216e-06
     2.135 	   6.145e-06 	 4.31045e-06
     2.136 	 5.61986e-06 	 3.94505e-06
     2.137 	 5.04351e-06 	 3.54205e-06
     2.138 	 4.51267e-06 	 3.1713e-06
     2.139 	 4.09705e-06 	 2.88051e-06
     2.140 	 3.73397e-06 	 2.62641e-06
     2.141 	 3.40235e-06 	 2.39451e-06
     2.142 	 2.99801e-06 	 2.11071e-06
     2.143 	 2.68042e-06 	 1.8878e-06
     2.144 	 2.38412e-06 	 1.67973e-06
     2.145 	 2.35539e-06 	 1.66043e-06
     2.146 	 2.24121e-06 	 1.58051e-06
     2.147 	 2.03705e-06 	 1.43705e-06
     2.148 	 1.73442e-06 	 1.22388e-06
     2.149 	  1.5255e-06 	 1.07698e-06
     2.150 	 1.49376e-06 	 1.05517e-06
     2.151 	 1.36145e-06 	 9.61947e-07
     2.152 	 1.16256e-06 	 8.21625e-07
     2.153 	 1.09275e-06 	 7.72481e-07
     2.154 	 1.04185e-06 	 7.36685e-07
     2.155 	 9.81871e-07 	 6.94449e-07
     2.156 	 8.88608e-07 	 6.28644e-07
     2.157 	 7.65602e-07 	 5.41759e-07
     2.158 	 7.53492e-07 	 5.33323e-07
     2.159 	 7.34334e-07 	 5.19841e-07
     2.160 	 6.97746e-07 	 4.94064e-07
     2.161 	  6.6809e-07 	 4.7322e-07
     2.162 	 6.12503e-07 	 4.33989e-07
     2.163 	 5.51625e-07 	 3.90983e-07
     2.164 	 5.49748e-07 	 3.89701e-07
     2.165 	 4.84618e-07 	 3.43685e-07
     2.166 	 4.49071e-07 	 3.18548e-07
     2.167 	 4.36396e-07 	 3.09659e-07
     2.168 	 4.20476e-07 	 2.98461e-07
     2.169 	 3.86458e-07 	 2.74404e-07
     2.170 	 3.37723e-07 	 2.39879e-07
     2.171 	 3.09874e-07 	 2.20117e-07
     2.172 	 3.01504e-07 	 2.14233e-07
     2.173 	 2.89438e-07 	 2.05698e-07
     2.174 	 2.66566e-07 	 1.89498e-07
     2.175 	 2.71723e-07 	 1.93243e-07
     2.176 	 2.75334e-07 	 1.95828e-07
     2.177 	 2.44547e-07 	 1.73981e-07
     2.178 	 2.22741e-07 	 1.58497e-07
     2.179 	 2.01678e-07 	 1.43551e-07
     2.180 	 1.76852e-07 	 1.25891e-07
     2.181 	 1.85927e-07 	 1.32385e-07
     2.182 	 1.74907e-07 	 1.24571e-07
     2.183 	 1.67608e-07 	 1.19418e-07
     2.184 	 1.72816e-07 	 1.23123e-07
     2.185 	  1.7211e-07 	 1.22652e-07
     2.186 	 1.64654e-07 	 1.17369e-07
     2.187 	  1.4285e-07 	 1.01853e-07
     2.188 	  1.3821e-07 	 9.85504e-08
     2.189 	 1.31458e-07 	 9.37603e-08
     2.190 	 1.19904e-07 	 8.55434e-08
     2.191 	 1.24287e-07 	 8.8697e-08
     2.192 	 1.11423e-07 	 7.95406e-08
     2.193 	 1.05425e-07 	 7.52662e-08
     2.194 	 1.11237e-07 	 7.94395e-08
     2.195 	 1.18273e-07 	 8.44896e-08
     2.196 	 1.27533e-07 	 9.11335e-08
     2.197 	 1.17301e-07 	 8.383e-08
     2.198 	 1.05594e-07 	 7.54862e-08
     2.199 	  1.1755e-07 	 8.40585e-08
     2.200 	 9.20825e-08 	 6.58668e-08
     2.201 	 1.12453e-07 	 8.04676e-08
     2.202 	  1.0347e-07 	 7.40583e-08
     2.203 	 9.96878e-08 	 7.13693e-08
     2.204 	 1.22058e-07 	 8.74067e-08
     2.205 	 1.18791e-07 	 8.50885e-08
     2.206 	 1.25978e-07 	 9.02776e-08
     2.207 	 1.19897e-07 	 8.59516e-08
     2.208 	 1.04813e-07 	 7.51571e-08
     2.209 	 1.04785e-07 	 7.51559e-08
     2.210 	 1.02822e-07 	 7.37665e-08
     2.211 	 1.03352e-07 	 7.41639e-08
     2.212 	 1.04497e-07 	 7.49941e-08
     2.213 	 1.01396e-07 	 7.27769e-08
     2.214 	 8.73147e-08 	 6.26773e-08
     2.215 	 7.94166e-08 	 5.70143e-08
     2.216 	 8.62212e-08 	 6.19263e-08
     2.217 	 7.26465e-08 	 5.21826e-08
     2.218 	 6.79875e-08 	 4.88415e-08
     2.219 	 7.38133e-08 	 5.30327e-08
     2.220 	 7.57503e-08 	 5.44306e-08
     2.221 	 9.96516e-08 	 7.16296e-08
     2.222 	 9.06072e-08 	 6.51433e-08
     2.223 	 7.76886e-08 	 5.5868e-08
     2.224 	 8.32926e-08 	 5.99116e-08
     2.225 	 8.87373e-08 	 6.385e-08
     2.226 	 8.06289e-08 	 5.80288e-08
     2.227 	 8.04638e-08 	 5.79232e-08
     2.228 	 9.36252e-08 	 6.7413e-08
     2.229 	 7.44927e-08 	 5.36554e-08
     2.230 	 9.16016e-08 	 6.59936e-08
     2.231 	 7.83411e-08 	 5.64534e-08
     2.232 	 7.47368e-08 	 5.38688e-08
     2.233 	 7.33444e-08 	 5.28839e-08
     2.234 	 7.26594e-08 	 5.24022e-08
     2.235 	 8.75448e-08 	 6.31525e-08
     2.236 	 7.71558e-08 	 5.56712e-08
     2.237 	 7.40237e-08 	 5.34302e-08
     2.238 	 7.69399e-08 	 5.55482e-08
     2.239 	 8.82772e-08 	 6.37613e-08
     2.240 	 6.41259e-08 	 4.63335e-08
     2.241 	 8.68426e-08 	 6.27602e-08
     2.242 	 9.03852e-08 	 6.53341e-08
     2.243 	 9.51973e-08 	 6.88269e-08
     2.244 	 9.01055e-08 	 6.51733e-08
     2.245 	 7.59373e-08 	 5.49369e-08
     2.246 	 7.96385e-08 	 5.76266e-08
     2.247 	 8.16456e-08 	 5.90912e-08
     2.248 	 8.65396e-08 	 6.26537e-08
     2.249 	 9.55216e-08 	 6.9171e-08
     2.250 	 7.72374e-08 	 5.59423e-08
     2.251 	 8.59485e-08 	 6.22755e-08
     2.252 	 9.20771e-08 	 6.67339e-08
     2.253 	 7.16228e-08 	 5.19233e-08
     2.254 	 9.66325e-08 	 7.0073e-08
     2.255 	 8.78632e-08 	 6.37384e-08
     2.256 	 6.70194e-08 	 4.86307e-08
     2.257 	 8.32583e-08 	 6.04178e-08
     2.258 	 1.05552e-07 	 7.6625e-08
     2.259 	  9.5247e-08 	 6.91626e-08
     2.260 	 1.12166e-07 	 8.147e-08
     2.261 	 9.04712e-08 	 6.57385e-08
     2.262 	 7.31158e-08 	 5.31426e-08
     2.263 	  9.0807e-08 	 6.60197e-08
     2.264 	 9.32847e-08 	 6.78402e-08
     2.265 	  5.3715e-08 	 3.90792e-08
     2.266 	 7.66002e-08 	 5.57445e-08
     2.267 	 8.16604e-08 	 5.94438e-08
     2.268 	 5.97286e-08 	 4.34961e-08
     2.269 	 7.41574e-08 	 5.40188e-08
     2.270 	  7.6601e-08 	 5.58145e-08
     2.271 	 6.80734e-08 	 4.96198e-08
     2.272 	 7.52071e-08 	 5.48342e-08
     2.273 	  6.8199e-08 	 4.97377e-08
     2.274 	 6.05767e-08 	 4.41955e-08
     2.275 	 7.02952e-08 	 5.12995e-08
     2.276 	 5.39791e-08 	 3.94029e-08
     2.277 	 5.30538e-08 	 3.87377e-08
     2.278 	 5.39257e-08 	 3.93892e-08
     2.279 	 5.40856e-08 	 3.95165e-08
     2.280 	 4.53614e-08 	 3.3151e-08
     2.281 	 4.35373e-08 	 3.18315e-08
     2.282 	 5.59894e-08 	 4.09484e-08
     2.283 	 4.43683e-08 	 3.24626e-08
     2.284 	 3.35906e-08 	 2.45874e-08
     2.285 	 3.97091e-08 	 2.9075e-08
     2.286 	 2.72508e-08 	 1.99592e-08
     2.287 	 3.51217e-08 	 2.57402e-08
     2.288 	 3.33972e-08 	 2.4484e-08
     2.289 	 1.80714e-08 	 1.32525e-08
     2.290 	 3.06442e-08 	 2.24822e-08
     2.291 	   2.224e-08 	 1.63203e-08
     2.292 	 2.61864e-08 	 1.92208e-08
     2.293 	 1.37421e-08 	 1.00891e-08
     2.294 	 1.17508e-08 	 8.63014e-09
     2.295 	 2.45533e-08 	 1.80369e-08
     2.296 	 2.22795e-08 	 1.63704e-08
     2.297 	 1.06735e-08 	 7.84538e-09
     2.298 	 1.65127e-08 	 1.21402e-08
     2.299 	 1.07134e-08 	 7.87841e-09
     2.300 	 1.43157e-08 	 1.05311e-08
     2.301 	           0 	        0
     2.302 	           0 	        0
     2.303 	 1.49577e-08 	 1.10122e-08
     2.304 	 1.51467e-08 	 1.11558e-08
     2.305 	           0 	        0
     2.306 	           0 	        0
     2.307 	 1.19519e-08 	 8.80884e-09
     2.308 	           0 	        0
     2.309 	           0 	        0
     2.310 	  1.4334e-08 	 1.0574e-08
     2.311 	           0 	        0
     2.312 	           0 	        0
     2.313 	           0 	        0
     2.314 	           0 	        0
     2.315 	           0 	        0
     2.316 	           0 	        0
     2.317 	           0 	        0
     2.318 	           0 	        0
     2.319 	           0 	        0
     2.320 	           0 	        0
     2.321 	 1.02686e-08 	 7.59146e-09
     2.322 	           0 	        0
     2.323 	           0 	        0
     2.324 	           0 	        0
     2.325 	           0 	        0
     2.326 	           0 	        0
     2.327 	           0 	        0
     2.328 	           0 	        0
     2.329 	           0 	        0
     2.330 	           0 	        0
     2.331 	           0 	        0
     2.332 	           0 	        0
     2.333 	           0 	        0
     2.334 	           0 	        0
     2.335 	           0 	        0
     2.336 	           0 	        0
     2.337 	           0 	        0
     2.338 	           0 	        0
     2.339 	           0 	        0
     2.340 	           0 	        0
     2.341 	           0 	        0
     2.342 	           0 	        0
     2.343 	           0 	        0
     2.344 	           0 	        0
     2.345 	           0 	        0
     2.346 	           0 	        0
     2.347 	           0 	        0
     2.348 	           0 	        0
     2.349 	           0 	        0
     2.350 	           0 	        0
     2.351 	           0 	        0
     2.352 	           0 	        0
     2.353 	           0 	        0
     2.354 	           0 	        0
     2.355 	           0 	        0
     2.356 	           0 	        0
     2.357 	           0 	        0
     2.358 	           0 	        0
     2.359 	           0 	        0
     2.360 	 1.14041e-08 	 8.50633e-09
     2.361 	           0 	        0
     2.362 	           0 	        0
     2.363 	           0 	        0
     2.364 	           0 	        0
     2.365 	           0 	        0
     2.366 	           0 	        0
     2.367 	 1.06238e-08 	 7.93967e-09
     2.368 	           0 	        0
     2.369 	           0 	        0
     2.370 	           0 	        0
     2.371 	           0 	        0
     2.372 	           0 	        0
     2.373 	           0 	        0
     2.374 	           0 	        0
     2.375 	   1.463e-08 	 1.09529e-08
     2.376 	 1.18479e-08 	 8.87129e-09
     2.377 	           0 	        0
     2.378 	 1.78595e-08 	 1.33791e-08
     2.379 	 1.29449e-08 	 9.69877e-09
     2.380 	 1.29364e-08 	 9.69486e-09
     2.381 	           0 	        0
     2.382 	 1.17345e-08 	 8.79722e-09
     2.383 	           0 	        0
     2.384 	 1.15314e-08 	 8.64974e-09
     2.385 	 1.03572e-08 	 7.77119e-09
     2.386 	  1.0447e-08 	 7.83995e-09
     2.387 	 3.49714e-08 	 2.62489e-08
     2.388 	 1.58299e-08 	 1.18849e-08
     2.389 	           0 	        0
     2.390 	           0 	        0
     2.391 	           0 	        0
     2.392 	           0 	        0
     2.393 	 2.26039e-08 	 1.69944e-08
     2.394 	           0 	        0
     2.395 	           0 	        0
     2.396 	 9.50508e-08 	 7.15149e-08
     2.397 	 1.94457e-08 	 1.46359e-08
     2.398 	 2.66057e-08 	 2.00297e-08
     2.399 	           0 	        0
     2.400 	 3.34858e-08 	 2.52267e-08
     2.401 	           0 	        0
     2.402 	           0 	        0
     2.403 	 1.11699e-08 	 8.41868e-09
     2.404 	 1.23162e-08 	 9.28507e-09
     2.405 	 4.87504e-08 	 3.6758e-08
     2.406 	 2.73617e-08 	 2.06339e-08
     2.407 	 3.25087e-08 	 2.4519e-08
     2.408 	 2.10683e-08 	 1.58927e-08
     2.409 	 3.89976e-08 	 2.94249e-08
     2.410 	 2.50535e-08 	 1.89103e-08
     2.411 	           0 	        0
     2.412 	 5.42551e-08 	 4.09703e-08
     2.413 	 4.44401e-08 	 3.35699e-08
     2.414 	 2.59749e-08 	 1.96258e-08
     2.415 	 1.11555e-08 	 8.43066e-09
     2.416 	  1.7422e-08 	 1.31695e-08
     2.417 	 6.86947e-08 	 5.1939e-08
     2.418 	 2.84523e-08 	 2.15172e-08
     2.419 	   2.172e-08 	 1.64296e-08
     2.420 	           0 	        0
     2.421 	 2.80522e-08 	 2.12312e-08
     2.422 	           0 	        0
     2.423 	 5.61184e-08 	 4.25005e-08
     2.424 	 4.51587e-08 	 3.42114e-08
     2.425 	 3.58504e-08 	 2.71684e-08
     2.426 	 3.59371e-08 	 2.7246e-08
     2.427 	 4.65065e-08 	 3.52778e-08
     2.428 	 3.76532e-08 	 2.85714e-08
     2.429 	 7.50268e-08 	 5.69489e-08
     2.430 	 6.97116e-08 	 5.29317e-08
     2.431 	 5.31736e-08 	 4.03915e-08
     2.432 	           0 	        0
     2.433 	 1.11258e-07 	 8.4585e-08
     2.434 	 2.20382e-08 	 1.67619e-08
     2.435 	 6.25244e-08 	 4.75751e-08
     2.436 	 1.30066e-08 	 9.90095e-09
     2.437 	 2.81689e-08 	 2.1452e-08
     2.438 	 3.23824e-08 	 2.46712e-08
     2.439 	           0 	        0
     2.440 	 7.51623e-08 	 5.73123e-08
     2.441 	 2.52096e-08 	 1.92311e-08
     2.442 	 4.08623e-08 	 3.11853e-08
     2.443 	  6.5102e-08 	 4.97062e-08
     2.444 	 2.53732e-08 	 1.93812e-08
     2.445 	 1.26066e-08 	 9.63367e-09
     2.446 	   3.321e-08 	 2.53893e-08
     2.447 	 3.58181e-08 	 2.73952e-08
     2.448 	 3.58515e-08 	 2.74268e-08
     2.449 	 1.73184e-07 	 1.32545e-07
     2.450 	 1.04828e-08 	 8.02645e-09
     2.451 	 1.11872e-07 	 8.56932e-08
     2.452 	 1.53198e-08 	 1.17397e-08
     2.453 	 3.60462e-08 	 2.76284e-08
     2.454 	  8.7469e-08 	 6.70701e-08
     2.455 	           0 	        0
     2.456 	 7.98927e-08 	 6.13114e-08
     2.457 	 1.71114e-07 	 1.31371e-07
     2.458 	 1.00879e-07 	 7.74806e-08
     2.459 	 7.13702e-08 	 5.48388e-08
     2.460 	 6.31596e-08 	 4.85501e-08
     2.461 	 1.37445e-07 	 1.0569e-07
     2.462 	 4.55948e-08 	 3.5077e-08
     2.463 	 5.58717e-08 	 4.30032e-08
     2.464 	           0 	        0
     2.465 	 8.46167e-08 	 6.5188e-08
     2.466 	 1.25708e-07 	 9.68891e-08
     2.467 	 1.59221e-07 	 1.22776e-07
     2.468 	 4.62755e-08 	 3.56997e-08
     2.469 	 2.01519e-07 	 1.55487e-07
     2.470 	 7.27627e-08 	 5.61676e-08
     2.471 	 2.58778e-07 	 1.99865e-07
     2.472 	 5.90252e-08 	 4.5612e-08
     2.473 	 7.13457e-08 	 5.51621e-08
     2.474 	 1.00659e-07 	 7.78677e-08
     2.475 	 3.71261e-07 	 2.87292e-07
     2.476 	 2.07045e-07 	 1.60302e-07
     2.477 	 1.22842e-07 	 9.51596e-08
     2.478 	 6.35153e-08 	 4.92283e-08
     2.479 	 5.74746e-07 	 4.45609e-07
     2.480 	 2.84525e-07 	 2.20689e-07
     2.481 	 3.55864e-07 	 2.76167e-07
     2.482 	 3.18097e-07 	 2.46986e-07
     2.483 	 2.03276e-07 	 1.57916e-07
     2.484 	 5.78005e-07 	 4.49258e-07
     2.485 	 6.64059e-08 	 5.16355e-08
     2.486 	  6.8071e-07 	 5.29576e-07
     2.487 	 7.09921e-08 	 5.52475e-08
     2.488 	 4.11201e-08 	 3.20171e-08
     2.489 	 2.60906e-07 	 2.0323e-07
     2.490 	 2.99448e-07 	 2.33372e-07
     2.491 	 2.85903e-07 	 2.2291e-07
     2.492 	 3.01216e-07 	 2.34924e-07
     2.493 	 3.34565e-08 	 2.60962e-08
     2.494 	 6.79425e-07 	 5.30176e-07
     2.495 	 8.55575e-07 	 6.67912e-07
     2.496 	  1.6937e-06 	 1.32261e-06
     2.497 	 8.95736e-07 	 6.99773e-07
     2.498 	 2.72552e-06 	 2.13014e-06
     2.499 	 9.50124e-08 	 7.42731e-08
     2.500 	 2.21024e-06 	 1.72832e-06
     2.501 	  2.0364e-06 	 1.59295e-06
     2.502 	 1.79765e-06 	 1.40669e-06
     2.503 	 2.78699e-06 	 2.18141e-06
     2.504 	  2.1425e-06 	 1.67721e-06
     2.505 	 2.36297e-06 	 1.85046e-06
     2.506 	  3.1751e-06 	 2.4868e-06
     2.507 	 2.85604e-06 	 2.23769e-06
     2.508 	 2.36519e-06 	 1.85339e-06
     2.509 	   4.038e-06 	 3.16499e-06
     2.510 	  3.1888e-06 	 2.50026e-06
     2.511 	 3.46911e-06 	 2.7211e-06
     2.512 	 2.67839e-06 	 2.10103e-06
     2.513 	 3.58179e-06 	 2.81078e-06
     2.514 	 3.81509e-06 	 2.99469e-06
     2.515 	 3.64734e-06 	 2.86412e-06
     2.516 	 4.24581e-06 	 3.33468e-06
     2.517 	 2.91286e-06 	 2.28841e-06
     2.518 	 2.54794e-06 	 2.00228e-06
     2.519 	 2.18665e-06 	 1.71868e-06
     2.520 	  4.8623e-06 	 3.82275e-06
     2.521 	 4.42097e-06 	 3.47714e-06
     2.522 	  4.5205e-06 	 3.55571e-06
     2.523 	 4.50227e-06 	 3.54277e-06
     2.524 	 5.26075e-06 	 4.14078e-06
     2.525 	 7.01853e-06 	 5.52651e-06
     2.526 	 5.10205e-06 	 4.01819e-06
     2.527 	 5.50126e-06 	 4.33382e-06
     2.528 	 6.79856e-06 	 5.35736e-06
     2.529 	 6.62778e-06 	 5.22319e-06
     2.530 	 6.95416e-06 	 5.48254e-06
     2.531 	 5.39716e-06 	 4.25646e-06
     2.532 	  3.2178e-06 	 2.53832e-06
     2.533 	 4.88454e-06 	 3.8544e-06
     2.534 	 7.27561e-06 	 5.74373e-06
     2.535 	 4.87038e-06 	 3.84584e-06
     2.536 	 5.95547e-06 	 4.70423e-06
     2.537 	 6.51976e-06 	 5.15225e-06
     2.538 	  3.6222e-06 	 2.86252e-06
     2.539 	 4.14625e-06 	 3.27811e-06
     2.540 	 8.49902e-06 	 6.72173e-06
     2.541 	  6.4343e-06 	 5.08982e-06
     2.542 	 7.05612e-06 	 5.58337e-06
     2.543 	 6.05828e-06 	 4.79575e-06
     2.544 	 5.21088e-06 	 4.12534e-06
     2.545 	 4.36394e-06 	 3.45623e-06
     2.546 	 2.97138e-06 	 2.35355e-06
     2.547 	 6.35284e-06 	 5.03343e-06
     2.548 	 5.89806e-06 	 4.67449e-06
     2.549 	 5.12409e-06 	 4.06146e-06
     2.550 	 6.31286e-06 	 5.00573e-06
     2.551 	 7.58005e-06 	 6.01228e-06
     2.552 	 9.10131e-06 	 7.22029e-06
     2.553 	 7.17405e-06 	 5.69299e-06
     2.554 	 9.29341e-06 	 7.37774e-06
     2.555 	 1.34227e-05 	 1.06567e-05
     2.556 	 1.40747e-05 	 1.11788e-05
     2.557 	 8.86042e-06 	 7.03868e-06
     2.558 	 3.24315e-06 	 2.57684e-06
     2.559 	 1.05715e-05 	 8.40196e-06
     2.560 	  1.4708e-05 	 1.16929e-05
     2.561 	 6.33094e-07 	 5.0341e-07
     2.562 	 1.27744e-05 	 1.01606e-05
     2.563 	 7.43425e-06 	 5.91549e-06
     2.564 	  1.1817e-05 	 9.40369e-06
     2.565 	 6.44273e-06 	 5.12847e-06
     2.566 	 1.83243e-05 	 1.45906e-05
     2.567 	 1.16157e-05 	 9.24972e-06
     2.568 	 1.52803e-05 	 1.21727e-05
     2.569 	 2.15016e-05 	 1.71337e-05
     2.570 	  2.1958e-05 	 1.74989e-05
     2.571 	           0 	        0
     2.572 	 1.22581e-05 	 9.77536e-06
     2.573 	 2.69083e-05 	 2.14623e-05
     2.574 	 1.00397e-05 	 8.01001e-06
     2.575 	 2.04245e-05 	 1.62999e-05
     2.576 	 2.40799e-05 	 1.92188e-05
     2.577 	 2.04937e-05 	 1.63611e-05
     2.578 	 2.39268e-05 	 1.91073e-05
     2.579 	 3.08531e-05 	 2.46429e-05
     2.580 	 1.92386e-05 	 1.53705e-05
     2.581 	  2.5813e-06 	 2.06289e-06
     2.582 	 2.85139e-05 	 2.27962e-05
     2.583 	 3.88321e-05 	 3.10477e-05
     2.584 	 3.38939e-05 	 2.71071e-05
     2.585 	 2.13326e-05 	 1.70676e-05
     2.586 	 1.19306e-05 	 9.54608e-06
     2.587 	 1.50371e-05 	 1.20338e-05
     2.588 	 1.62487e-05 	 1.30085e-05
     2.589 	 1.67821e-05 	 1.34393e-05
     2.590 	 1.43315e-05 	 1.14776e-05
     2.591 	 1.18205e-05 	 9.47064e-06
     2.592 	 6.62356e-06 	 5.30849e-06
     2.593 	 1.47579e-05 	 1.18315e-05
     2.594 	 2.59528e-05 	 2.0811e-05
     2.595 	  2.4725e-05 	 1.98326e-05
     2.596 	 3.35543e-06 	 2.69232e-06
     2.597 	 1.87358e-05 	 1.50395e-05
     2.598 	 2.16464e-05 	 1.73777e-05
     2.599 	 6.78794e-05 	 5.45049e-05
     2.600 	 1.94774e-05 	 1.56445e-05
     2.601 	 1.96127e-05 	 1.57588e-05
     2.602 	 1.97478e-05 	 1.58713e-05
     2.603 	  1.9883e-05 	 1.59839e-05
     2.604 	 2.00181e-05 	 1.60949e-05
     2.605 	 2.01532e-05 	 1.62075e-05
     2.606 	 2.02882e-05 	 1.63201e-05
     2.607 	 2.04231e-05 	 1.64326e-05
     2.608 	  2.0558e-05 	 1.6547e-05
     2.609 	 2.06929e-05 	 1.66596e-05
     2.610 	 2.08277e-05 	 1.67722e-05
     2.611 	 2.09624e-05 	 1.68852e-05
     2.612 	 2.10971e-05 	 1.70001e-05
     2.613 	 2.12318e-05 	 1.71132e-05
     2.614 	 2.13664e-05 	 1.72263e-05
     2.615 	 2.15009e-05 	 1.73393e-05
     2.616 	 2.16354e-05 	 1.74543e-05
     2.617 	 2.17699e-05 	 1.75675e-05
     2.618 	 2.19043e-05 	 1.76806e-05
     2.619 	 2.20387e-05 	 1.77938e-05
     2.620 	 2.21729e-05 	 1.79088e-05
     2.621 	 2.23051e-05 	 1.80207e-05
     2.622 	 2.24371e-05 	 1.81326e-05
     2.623 	  2.2569e-05 	 1.82444e-05
     2.624 	 2.27009e-05 	 1.83563e-05
     2.625 	 2.28327e-05 	 1.84701e-05
     2.626 	 2.29644e-05 	 1.85819e-05
     2.627 	 2.30961e-05 	 1.86938e-05
     2.628 	 2.32277e-05 	 1.88056e-05
     2.629 	 2.33591e-05 	 1.89174e-05
     2.630 	 2.34906e-05 	 1.90313e-05
     2.631 	 2.36219e-05 	 1.91427e-05
     2.632 	 2.37532e-05 	 1.92542e-05
     2.633 	 2.38843e-05 	 1.93656e-05
     2.634 	 2.40155e-05 	 1.94771e-05
     2.635 	 2.41465e-05 	 1.95905e-05
     2.636 	 2.42774e-05 	 1.97019e-05
     2.637 	 2.44083e-05 	 1.98133e-05
     2.638 	 2.45391e-05 	 1.99247e-05
     2.639 	 2.46698e-05 	 2.0036e-05
     2.640 	 2.48005e-05 	 2.01496e-05
     2.641 	 2.49311e-05 	 2.02611e-05
     2.642 	 2.50615e-05 	 2.03725e-05
     2.643 	  2.5192e-05 	 2.04841e-05
     2.644 	 2.53223e-05 	 2.05955e-05
     2.645 	 2.54526e-05 	 2.0707e-05
     2.646 	 2.55827e-05 	 2.08206e-05
     2.647 	 2.57129e-05 	 2.09321e-05
     2.648 	 2.58429e-05 	 2.10435e-05
     2.649 	 2.59729e-05 	 2.1155e-05
     2.650 	 2.61028e-05 	 2.12664e-05
     2.651 	 2.62326e-05 	 2.13768e-05
     2.652 	 2.63623e-05 	 2.14894e-05
     2.653 	 2.64919e-05 	 2.15998e-05
     2.654 	 2.66215e-05 	 2.17101e-05
     2.655 	  2.6751e-05 	 2.18205e-05
     2.656 	 2.68804e-05 	 2.19308e-05
     2.657 	 2.70098e-05 	 2.20411e-05
     2.658 	  2.7139e-05 	 2.21513e-05
     2.659 	 2.72682e-05 	 2.22639e-05
     2.660 	 2.73974e-05 	 2.23742e-05
     2.661 	 2.75264e-05 	 2.24838e-05
     2.662 	 2.76553e-05 	 2.25934e-05
     2.663 	 2.77842e-05 	 2.2703e-05
     2.664 	  2.7913e-05 	 2.28126e-05
     2.665 	 2.80418e-05 	 2.29222e-05
     2.666 	 2.81704e-05 	 2.30341e-05
     2.667 	  2.8299e-05 	 2.31437e-05
     2.668 	 2.84275e-05 	 2.32532e-05
     2.669 	 2.85559e-05 	 2.33626e-05
     2.670 	 2.86843e-05 	 2.3472e-05
     2.671 	  2.8804e-05 	 2.35751e-05
     2.672 	 2.89236e-05 	 2.36758e-05
     2.673 	  2.9043e-05 	 2.37787e-05
     2.674 	 2.91623e-05 	 2.38817e-05
     2.675 	 2.92813e-05 	 2.39869e-05
     2.676 	 2.94003e-05 	 2.40896e-05
     2.677 	 2.95191e-05 	 2.41873e-05
     2.678 	 2.96377e-05 	 2.42897e-05
     2.679 	 2.97562e-05 	 2.43921e-05
     2.680 	 2.98745e-05 	 2.44944e-05
     2.681 	 2.99926e-05 	 2.45961e-05
     2.682 	 3.01106e-05 	 2.46978e-05
     2.683 	 3.02285e-05 	 2.47994e-05
     2.684 	 3.03462e-05 	 2.49036e-05
     2.685 	 3.04637e-05 	 2.50049e-05
     2.686 	 3.05811e-05 	 2.51063e-05
     2.687 	 3.06983e-05 	 2.52075e-05
     2.688 	 3.08153e-05 	 2.53085e-05
     2.689 	 3.09322e-05 	 2.54095e-05
     2.690 	  3.1049e-05 	 2.55027e-05
     2.691 	 3.11655e-05 	 2.56009e-05
     2.692 	  3.1282e-05 	 2.56992e-05
     2.693 	 3.13982e-05 	 2.57972e-05
     2.694 	 3.15143e-05 	 2.58952e-05
     2.695 	 3.16303e-05 	 2.59959e-05
     2.696 	 3.17461e-05 	 2.60936e-05
     2.697 	 3.18617e-05 	 2.61858e-05
     2.698 	 3.19772e-05 	 2.62833e-05
     2.699 	 3.20925e-05 	 2.63806e-05
     2.700 	 3.22077e-05 	 2.64752e-05
     2.701 	 3.22642e-05 	 2.65287e-05
     2.702 	 3.23202e-05 	 2.65792e-05
     2.703 	 3.23755e-05 	 2.6629e-05
     2.704 	 3.24301e-05 	 2.66783e-05
     2.705 	 3.24841e-05 	 2.67271e-05
     2.706 	 3.25374e-05 	 2.67753e-05
     2.707 	 3.25901e-05 	 2.68231e-05
     2.708 	 3.26422e-05 	 2.68732e-05
     2.709 	 3.26936e-05 	 2.69198e-05
     2.710 	 3.27444e-05 	 2.6966e-05
     2.711 	 3.27617e-05 	 2.69819e-05
     2.712 	 3.27781e-05 	 2.69971e-05
     2.713 	 3.27936e-05 	 2.70115e-05
     2.714 	 3.28081e-05 	 2.7025e-05
     2.715 	 3.28218e-05 	 2.70379e-05
     2.716 	 3.28346e-05 	 2.70501e-05
     2.717 	 3.28464e-05 	 2.70641e-05
     2.718 	 3.28574e-05 	 2.70748e-05
     2.719 	 3.28675e-05 	 2.70847e-05
     2.720 	 3.28766e-05 	 2.70937e-05
     2.721 	  3.2914e-05 	 2.71273e-05
     2.722 	 3.29507e-05 	 2.71604e-05
     2.723 	 3.29867e-05 	 2.71928e-05
     2.724 	  3.3022e-05 	 2.72275e-05
     2.725 	 3.30567e-05 	 2.72589e-05
     2.726 	 3.30906e-05 	 2.72896e-05
     2.727 	 3.31239e-05 	 2.73198e-05
     2.728 	 3.31565e-05 	 2.73494e-05
     2.729 	 3.31884e-05 	 2.73785e-05
     2.730 	 3.32197e-05 	 2.7407e-05
     2.731 	 3.33426e-05 	 2.75123e-05
     2.732 	 3.34655e-05 	 2.76119e-05
     2.733 	 3.35883e-05 	 2.77171e-05
     2.734 	 3.37112e-05 	 2.78224e-05
     2.735 	 3.38341e-05 	 2.79277e-05
     2.736 	  3.3957e-05 	 2.8033e-05
     2.737 	 3.40799e-05 	 2.81384e-05
     2.738 	 3.42027e-05 	 2.82437e-05
     2.739 	 3.43256e-05 	 2.8349e-05
     2.740 	 3.44485e-05 	 2.84487e-05
     2.741 	  3.4585e-05 	 2.85653e-05
     2.742 	 3.47216e-05 	 2.86821e-05
     2.743 	 3.48582e-05 	 2.88019e-05
     2.744 	 3.49949e-05 	 2.89188e-05
     2.745 	 3.51318e-05 	 2.903e-05
     2.746 	 3.52688e-05 	 2.91472e-05
     2.747 	 3.54058e-05 	 2.92614e-05
     2.748 	 3.55429e-05 	 2.93787e-05
     2.749 	 3.56802e-05 	 2.94902e-05
     2.750 	 3.58175e-05 	 2.96077e-05
     2.751 	 3.59549e-05 	 2.97252e-05
     2.752 	 3.60925e-05 	 2.98369e-05
     2.753 	 3.62301e-05 	 2.99546e-05
     2.754 	 3.63678e-05 	 3.00724e-05
     2.755 	 3.65057e-05 	 3.01812e-05
     2.756 	 3.66436e-05 	 3.02992e-05
     2.757 	 3.67816e-05 	 3.04174e-05
     2.758 	 3.69197e-05 	 3.05294e-05
     2.759 	 3.70579e-05 	 3.06476e-05
     2.760 	 3.71962e-05 	 3.07567e-05
     2.761 	 3.73346e-05 	 3.08797e-05
     2.762 	 3.74731e-05 	 3.09966e-05
     2.763 	 3.76117e-05 	 3.11199e-05
     2.764 	 3.77503e-05 	 3.12337e-05
     2.765 	 3.78891e-05 	 3.13573e-05
     2.766 	  3.8028e-05 	 3.14746e-05
     2.767 	  3.8167e-05 	 3.15952e-05
     2.768 	 3.89861e-05 	 3.22756e-05
     2.769 	 4.25309e-05 	 3.522e-05
     2.770 	 4.60776e-05 	 3.81559e-05
     2.771 	 4.73076e-05 	 3.91769e-05
     2.772 	 4.62177e-05 	 3.82844e-05
     2.773 	 4.51273e-05 	 3.73796e-05
     2.774 	 3.73074e-05 	 3.09074e-05
     2.775 	 2.87303e-05 	 2.38055e-05
     2.776 	 2.05581e-05 	 1.70352e-05
     2.777 	  1.4018e-05 	 1.16153e-05
     2.778 	 7.47132e-06 	 6.19111e-06
     2.779 	 1.73122e-05 	 1.43451e-05
     2.780 	 3.80859e-05 	 3.15668e-05
     2.781 	  5.8913e-05 	 4.88353e-05
     2.782 	 5.55058e-05 	 4.60216e-05
     2.783 	 4.93886e-05 	 4.0955e-05
     2.784 	 4.39149e-05 	 3.64245e-05
     2.785 	  3.9962e-05 	 3.31501e-05
     2.786 	 3.60018e-05 	 2.98688e-05
     2.787 	 3.49507e-05 	 2.90035e-05
     2.788 	  3.5843e-05 	 2.97478e-05
     2.789 	 3.67369e-05 	 3.04937e-05
     2.790 	 4.94793e-05 	 4.10801e-05
     2.791 	 6.22474e-05 	 5.16914e-05
     2.792 	 6.33001e-05 	 5.25657e-05
     2.793 	 3.69456e-05 	 3.06898e-05
     2.794 	 1.05376e-05 	 8.75514e-06
     2.795 	 8.53093e-06 	 7.08935e-06
     2.796 	 1.70179e-05 	 1.41451e-05
     2.797 	 2.55219e-05 	 2.12135e-05
     2.798 	 3.24488e-05 	 2.69766e-05
     2.799 	  3.9388e-05 	 3.27556e-05
     2.800 	 4.37353e-05 	 3.63708e-05
     2.801 	 4.41546e-05 	 3.67301e-05
     2.802 	 4.45743e-05 	 3.70823e-05
     2.803 	  4.0823e-05 	 3.39713e-05
     2.804 	 3.52796e-05 	 2.93607e-05
     2.805 	 2.97292e-05 	 2.47487e-05
     2.806 	 3.08456e-05 	 2.56774e-05
     2.807 	  3.1963e-05 	 2.66125e-05
     2.808 	  3.1021e-05 	 2.58303e-05
     2.809 	 2.69862e-05 	 2.24725e-05
     2.810 	 2.29473e-05 	 1.91146e-05
     2.811 	 2.49381e-05 	 2.07767e-05
     2.812 	 2.95189e-05 	 2.45976e-05
     2.813 	 3.29221e-05 	 2.74413e-05
     2.814 	 2.57004e-05 	 2.14258e-05
     2.815 	 1.84697e-05 	 1.54006e-05
     2.816 	 1.66335e-05 	 1.3872e-05
     2.817 	 2.29045e-05 	 1.91034e-05
     2.818 	 2.91833e-05 	 2.43447e-05
     2.819 	 2.56772e-05 	 2.14282e-05
     2.820 	 1.97217e-05 	 1.64595e-05
     2.821 	 1.46284e-05 	 1.22122e-05
     2.822 	 1.74557e-05 	 1.45767e-05
     2.823 	  2.0281e-05 	 1.69391e-05
     2.824 	 2.29366e-05 	 1.91625e-05
     2.825 	 2.54232e-05 	 2.1246e-05
     2.826 	 2.79075e-05 	 2.33264e-05
     2.827 	 3.25878e-05 	 2.72462e-05
     2.828 	 3.78155e-05 	 3.16162e-05
     2.829 	 4.19289e-05 	 3.50616e-05
     2.830 	 4.16043e-05 	 3.47965e-05
     2.831 	 4.12799e-05 	 3.45372e-05
     2.832 	 4.61753e-05 	 3.86425e-05
     2.833 	  5.6285e-05 	 4.71193e-05
     2.834 	 6.63901e-05 	 5.5581e-05
     2.835 	 5.99145e-05 	 5.01772e-05
     2.836 	 5.16046e-05 	 4.32284e-05
     2.837 	 4.40936e-05 	 3.69456e-05
     2.838 	 3.97615e-05 	 3.33205e-05
     2.839 	 3.54335e-05 	 2.97008e-05
     2.840 	 3.44719e-05 	 2.89048e-05
     2.841 	 3.68731e-05 	 3.09179e-05
     2.842 	  3.9272e-05 	 3.29393e-05
     2.843 	 4.94937e-05 	 4.15295e-05
     2.844 	 6.05809e-05 	 5.08375e-05
     2.845 	 6.74081e-05 	 5.65837e-05
     2.846 	  5.7245e-05 	 4.80719e-05
     2.847 	 4.70894e-05 	 3.95474e-05
     2.848 	 4.38287e-05 	 3.682e-05
     2.849 	 4.51615e-05 	 3.79393e-05
     2.850 	 4.64934e-05 	 3.90739e-05
     2.851 	 3.49528e-05 	 2.93785e-05
     2.852 	 2.19923e-05 	 1.8491e-05
     2.853 	 1.51134e-05 	 1.27088e-05
     2.854 	 2.24069e-05 	 1.88499e-05
     2.855 	 2.96934e-05 	 2.49827e-05
     2.856 	 3.21759e-05 	 2.70802e-05
     2.857 	 3.14604e-05 	 2.64784e-05
     2.858 	 3.07457e-05 	 2.58826e-05
     2.859 	 2.29001e-05 	 1.92842e-05
     2.860 	 1.50602e-05 	 1.26837e-05
     2.861 	 1.30587e-05 	 1.10025e-05
     2.862 	 2.46564e-05 	 2.07781e-05
     2.863 	 3.62455e-05 	 3.0547e-05
     2.864 	  3.7909e-05 	 3.19651e-05
     2.865 	 3.53198e-05 	 2.97876e-05
     2.866 	 3.27326e-05 	 2.7611e-05
     2.867 	 4.51163e-05 	 3.80723e-05
     2.868 	 5.74879e-05 	 4.85167e-05
     2.869 	 6.43806e-05 	 5.43443e-05
     2.870 	  6.3062e-05 	 5.32526e-05
     2.871 	  6.1744e-05 	 5.21497e-05
     2.872 	 5.09085e-05 	 4.30105e-05
     2.873 	 3.60041e-05 	 3.04274e-05
     2.874 	 2.41056e-05 	 2.03758e-05
     2.875 	 3.91517e-05 	 3.31002e-05
     2.876 	 5.41866e-05 	 4.582e-05
     2.877 	 6.03204e-05 	 5.10271e-05
     2.878 	 5.31163e-05 	 4.49368e-05
     2.879 	 4.59175e-05 	 3.8854e-05
     2.880 	 4.29704e-05 	 3.63672e-05
     2.881 	 4.18528e-05 	 3.54361e-05
     2.882 	  4.1356e-05 	 3.50228e-05
     2.883 	 4.64322e-05 	 3.93298e-05
     2.884 	 5.15072e-05 	 4.36376e-05
     2.885 	 5.35374e-05 	 4.53765e-05
     2.886 	 5.10029e-05 	 4.32328e-05
     2.887 	  4.8469e-05 	 4.10935e-05
     2.888 	 3.76284e-05 	 3.19092e-05
     2.889 	 2.47185e-05 	 2.09702e-05
     2.890 	 1.29121e-05 	 1.09553e-05
     2.891 	 1.10011e-05 	 9.33599e-06
     2.892 	 9.09096e-06 	 7.7167e-06
     2.893 	 1.84297e-05 	 1.56456e-05
     2.894 	 3.90143e-05 	 3.31351e-05
     2.895 	 5.95847e-05 	 5.06224e-05
     2.896 	 6.86373e-05 	 5.83265e-05
     2.897 	   7.481e-05 	 6.35797e-05
     2.898 	 7.89427e-05 	 6.71072e-05
     2.899 	  7.4935e-05 	 6.37281e-05
     2.900 	 7.09282e-05 	 6.03279e-05
     2.901 	 6.56133e-05 	 5.58204e-05
     2.902 	 5.89905e-05 	 5.01979e-05
     2.903 	 5.23691e-05 	 4.45692e-05
     2.904 	 4.77339e-05 	 4.0634e-05
     2.905 	 4.33207e-05 	 3.68858e-05
     2.906 	 3.96576e-05 	 3.37713e-05
     2.907 	 3.89908e-05 	 3.32078e-05
     2.908 	 3.83245e-05 	 3.26377e-05
     2.909 	 4.51403e-05 	 3.84511e-05
     2.910 	 5.69395e-05 	 4.85133e-05
     2.911 	 6.87345e-05 	 5.85693e-05
     2.912 	 7.48276e-05 	 6.3775e-05
     2.913 	 8.02859e-05 	 6.84418e-05
     2.914 	  8.2138e-05 	 7.00065e-05
     2.915 	 6.95841e-05 	 5.93195e-05
     2.916 	 5.70344e-05 	 4.86265e-05
     2.917 	 4.61419e-05 	 3.93482e-05
     2.918 	  3.6359e-05 	 3.10124e-05
     2.919 	 2.65795e-05 	 2.26687e-05
     2.920 	 3.61175e-05 	 3.08067e-05
     2.921 	 4.77982e-05 	 4.07732e-05
     2.922 	 5.46733e-05 	 4.66464e-05
     2.923 	 5.03404e-05 	 4.29531e-05
     2.924 	 4.60101e-05 	 3.92572e-05
     2.925 	 4.57195e-05 	 3.90084e-05
     2.926 	 4.81196e-05 	 4.10637e-05
     2.927 	 5.05183e-05 	 4.31142e-05
     2.928 	 4.56006e-05 	 3.89161e-05
     2.929 	 4.06846e-05 	 3.47272e-05
     2.930 	  3.6247e-05 	 3.09418e-05
     2.931 	 3.29261e-05 	 2.81084e-05
     2.932 	 2.96064e-05 	 2.52703e-05
     2.933 	 2.85305e-05 	 2.43557e-05
     2.934 	 2.84169e-05 	 2.42599e-05
     2.935 	 2.83034e-05 	 2.41666e-05
     2.936 	 2.95875e-05 	 2.52643e-05
     2.937 	 3.08707e-05 	 2.63529e-05
     2.938 	 3.21122e-05 	 2.74169e-05
     2.939 	 3.32913e-05 	 2.84249e-05
     2.940 	 3.44702e-05 	 2.9436e-05
     2.941 	 3.30279e-05 	 2.82048e-05
     2.942 	 3.04634e-05 	 2.60179e-05
     2.943 	 2.77732e-05 	 2.37156e-05
     2.944 	 2.39515e-05 	 2.04547e-05
     2.945 	 2.01312e-05 	 1.71906e-05
     2.946 	  2.0098e-05 	 1.71625e-05
     2.947 	 2.57424e-05 	 2.19851e-05
     2.948 	  3.1385e-05 	 2.68045e-05
     2.949 	 3.17807e-05 	 2.71456e-05
     2.950 	 2.99265e-05 	 2.55623e-05
     2.951 	 2.93174e-05 	 2.50414e-05
     2.952 	   3.986e-05 	 3.40489e-05
     2.953 	 5.04036e-05 	 4.30543e-05
     2.954 	 5.40226e-05 	 4.61492e-05
     2.955 	 4.72549e-05 	 4.03669e-05
     2.956 	 4.04866e-05 	 3.45842e-05
     2.957 	 3.26375e-05 	 2.78816e-05
     2.958 	 2.45189e-05 	 2.09455e-05
     2.959 	 1.81908e-05 	 1.55442e-05
     2.960 	 2.79595e-05 	 2.38935e-05
     2.961 	 3.77267e-05 	 3.22365e-05
     2.962 	 4.18042e-05 	 3.57164e-05
     2.963 	  4.0193e-05 	 3.43393e-05
     2.964 	 3.85823e-05 	 3.29663e-05
     2.965 	 3.43593e-05 	 2.93576e-05
     2.966 	 2.94824e-05 	 2.51877e-05
     2.967 	 2.72375e-05 	 2.32744e-05
     2.968 	 3.55095e-05 	 3.03392e-05
     2.969 	 4.37822e-05 	 3.74149e-05
     2.970 	 5.49743e-05 	 4.69786e-05
     2.971 	  6.9087e-05 	 5.90384e-05
     2.972 	 8.31977e-05 	 7.10888e-05
     2.973 	 7.80893e-05 	 6.67238e-05
     2.974 	 7.08451e-05 	 6.05208e-05
     2.975 	 6.37448e-05 	 5.44665e-05
     2.976 	 5.72163e-05 	 4.88881e-05
     2.977 	 5.06903e-05 	 4.33071e-05
     2.978 	 4.10769e-05 	 3.50938e-05
     2.979 	 2.94047e-05 	 2.51269e-05
     2.980 	  1.7737e-05 	 1.51581e-05
     2.981 	 2.31394e-05 	 1.97696e-05
     2.982 	 3.04423e-05 	 2.601e-05
     2.983 	 3.81794e-05 	 3.26185e-05
     2.984 	 4.76632e-05 	 4.07227e-05
     2.985 	 5.71456e-05 	 4.88262e-05
     2.986 	  5.5153e-05 	 4.71305e-05
     2.987 	 4.55131e-05 	 3.88987e-05
     2.988 	 3.58746e-05 	 3.06622e-05
     2.989 	 3.18003e-05 	 2.71809e-05
     2.990 	 2.83466e-05 	 2.42299e-05
     2.991 	 2.72078e-05 	 2.32554e-05
     2.992 	 3.14711e-05 	 2.69041e-05
     2.993 	 3.57327e-05 	 3.05458e-05
     2.994 	 3.93824e-05 	 3.36715e-05
     2.995 	 4.26242e-05 	 3.64453e-05
     2.996 	 4.58664e-05 	 3.92243e-05
     2.997 	 5.20072e-05 	 4.44737e-05
     2.998 	 5.81471e-05 	 4.97327e-05
     2.999 	   6.017e-05 	 5.14716e-05
     3.000 	  5.2593e-05 	 4.49879e-05
     3.001 	 4.50171e-05 	 3.85136e-05
     3.002 	  3.8329e-05 	 3.27934e-05
     3.003 	 3.20243e-05 	 2.73947e-05
     3.004 	 2.57206e-05 	 2.20034e-05
     3.005 	 2.82127e-05 	 2.41391e-05
     3.006 	 3.07039e-05 	 2.6272e-05
     3.007 	 3.57841e-05 	 3.06236e-05
     3.008 	 4.47499e-05 	 3.82984e-05
     3.009 	 5.37165e-05 	 4.59746e-05
     3.010 	 6.15701e-05 	 5.27046e-05
     3.011 	 6.89471e-05 	 5.90146e-05
     3.012 	 7.52037e-05 	 6.43716e-05
     3.013 	 7.13845e-05 	 6.10914e-05
     3.014 	 6.75658e-05 	 5.78248e-05
     3.015 	 6.28728e-05 	 5.38097e-05
     3.016 	  5.6871e-05 	 4.86797e-05
     3.017 	 5.08702e-05 	 4.35444e-05
     3.018 	 4.74817e-05 	 4.06449e-05
     3.019 	 4.47461e-05 	 3.83084e-05
     3.020 	 4.30407e-05 	 3.68493e-05
     3.021 	 5.05776e-05 	 4.3299e-05
     3.022 	 5.81138e-05 	 4.97527e-05
     3.023 	 6.11307e-05 	 5.23319e-05
     3.024 	 5.73717e-05 	 4.91159e-05
     3.025 	  5.3613e-05 	 4.59048e-05
     3.026 	 4.83338e-05 	 4.13817e-05
     3.027 	 4.26762e-05 	 3.65432e-05
     3.028 	 3.83322e-05 	 3.28248e-05
     3.029 	 4.57864e-05 	 3.92052e-05
     3.030 	  5.3238e-05 	 4.55924e-05
     3.031 	 5.69855e-05 	 4.88043e-05
     3.032 	 5.70308e-05 	 4.88457e-05
     3.033 	 5.70762e-05 	 4.88821e-05
     3.034 	 5.57555e-05 	 4.77585e-05
     3.035 	 5.40934e-05 	 4.63373e-05
     3.036 	 5.22897e-05 	 4.47946e-05
     3.037 	 4.99168e-05 	 4.27596e-05
     3.038 	 4.75442e-05 	 4.07294e-05
     3.039 	 4.63687e-05 	 3.97287e-05
     3.040 	 4.63893e-05 	 3.97484e-05
     3.041 	 4.64099e-05 	 3.97691e-05
     3.042 	 4.74233e-05 	 4.06402e-05
     3.043 	 4.85466e-05 	 4.16013e-05
     3.044 	 5.05314e-05 	 4.32961e-05
     3.045 	 5.59683e-05 	 4.79681e-05
     3.046 	 6.14019e-05 	 5.2623e-05
     3.047 	 6.25155e-05 	 5.35871e-05
     3.048 	 6.07518e-05 	 5.20734e-05
     3.049 	  5.8989e-05 	 5.05768e-05
     3.050 	 5.90752e-05 	 5.06435e-05
     3.051 	 5.93671e-05 	 5.09004e-05
     3.052 	 5.59762e-05 	 4.79839e-05
     3.053 	 4.40031e-05 	 3.77213e-05
     3.054 	 3.20343e-05 	 2.74647e-05
     3.055 	  2.4783e-05 	 2.12461e-05
     3.056 	 2.06788e-05 	 1.7726e-05
     3.057 	  1.6576e-05 	 1.42109e-05
     3.058 	 2.82391e-05 	 2.4208e-05
     3.059 	 4.16485e-05 	 3.57078e-05
     3.060 	 5.07231e-05 	 4.34892e-05
     3.061 	 4.96985e-05 	 4.26126e-05
     3.062 	 4.86742e-05 	 4.17318e-05
     3.063 	 4.74376e-05 	 4.06733e-05
     3.064 	 4.60597e-05 	 3.94895e-05
     3.065 	 4.46815e-05 	 3.83056e-05
     3.066 	 4.63632e-05 	 3.97491e-05
     3.067 	  4.8045e-05 	 4.11885e-05
     3.068 	 5.07806e-05 	 4.3545e-05
     3.069 	 5.59716e-05 	 4.79935e-05
     3.070 	 6.11625e-05 	 5.24468e-05
     3.071 	 6.32902e-05 	 5.42606e-05
     3.072 	 6.41036e-05 	 5.49647e-05
     3.073 	 6.49169e-05 	 5.5651e-05
     3.074 	 6.76728e-05 	 5.80206e-05
     3.075 	 7.04292e-05 	 6.0372e-05
     3.076 	 7.12957e-05 	 6.11223e-05
     3.077 	 6.93266e-05 	 5.94286e-05
     3.078 	 6.73569e-05 	 5.77412e-05
     3.079 	 7.06495e-05 	 6.05581e-05
     3.080 	 7.61966e-05 	 6.53141e-05
     3.081 	 8.16733e-05 	 7.00182e-05
     3.082 	  8.6504e-05 	 7.41384e-05
     3.083 	 9.13348e-05 	 7.82731e-05
     3.084 	 9.27565e-05 	 7.94941e-05
     3.085 	 8.90638e-05 	 7.63319e-05
     3.086 	  8.5371e-05 	 7.31694e-05
     3.087 	 7.67462e-05 	 6.57727e-05
     3.088 	 6.68858e-05 	 5.73241e-05
     3.089 	 5.82179e-05 	 4.9897e-05
     3.090 	 6.02448e-05 	 5.16359e-05
     3.091 	 6.22722e-05 	 5.33686e-05
     3.092 	 6.73271e-05 	 5.76954e-05
     3.093 	 7.69266e-05 	 6.59086e-05
     3.094 	 8.65285e-05 	 7.41362e-05
     3.095 	 9.43965e-05 	 8.08613e-05
     3.096 	 0.000101832 	 8.72227e-05
     3.097 	 0.000107952 	 9.2476e-05
     3.098 	 0.000102216 	 8.75542e-05
     3.099 	  9.6482e-05 	 8.26264e-05
     3.100 	 9.09212e-05 	 7.78817e-05
     3.101 	 8.55326e-05 	 7.32511e-05
     3.102 	 8.01454e-05 	 6.86311e-05
     3.103 	  7.9977e-05 	 6.84729e-05
     3.104 	  8.1114e-05 	 6.94544e-05
     3.105 	 8.23836e-05 	 7.05423e-05
     3.106 	 8.41845e-05 	 7.20777e-05
     3.107 	 8.59857e-05 	 7.36283e-05
     3.108 	 8.33887e-05 	 7.13901e-05
     3.109 	 7.63937e-05 	 6.54023e-05
     3.110 	 6.93987e-05 	 5.94144e-05
     3.111 	 7.15245e-05 	 6.12353e-05
     3.112 	 7.46645e-05 	 6.39316e-05
     3.113 	 7.91745e-05 	 6.77872e-05
     3.114 	 8.91733e-05 	 7.63411e-05
     3.115 	 9.91698e-05 	 8.49005e-05
     3.116 	 0.000101253 	 8.66762e-05
     3.117 	 9.80639e-05 	 8.39565e-05
     3.118 	 9.48753e-05 	 8.12194e-05
     3.119 	 9.33301e-05 	 7.98896e-05
     3.120 	 9.19678e-05 	 7.87497e-05
     3.121 	 8.83332e-05 	 7.56253e-05
     3.122 	 7.94024e-05 	 6.79829e-05
     3.123 	 7.04715e-05 	 6.03268e-05
     3.124 	 7.42577e-05 	 6.35713e-05
     3.125 	 8.65204e-05 	 7.40887e-05
     3.126 	  9.8783e-05 	 8.45757e-05
     3.127 	 0.000106013 	 9.07707e-05
     3.128 	  0.00011324 	 9.69738e-05
     3.129 	 0.000114368 	 9.79241e-05
     3.130 	 0.000101257 	 8.67027e-05
     3.131 	 8.81483e-05 	 7.54931e-05
     3.132 	 8.29106e-05 	 7.10067e-05
     3.133 	 8.29169e-05 	 7.09962e-05
     3.134 	 8.29233e-05 	 7.10083e-05
     3.135 	 8.10795e-05 	 6.94287e-05
     3.136 	 7.92357e-05 	 6.78561e-05
     3.137 	  7.9365e-05 	 6.79731e-05
     3.138 	 8.40956e-05 	 7.20239e-05
     3.139 	 8.88262e-05 	 7.60824e-05
     3.140 	 0.000100294 	 8.5904e-05
     3.141 	 0.000114647 	 9.82043e-05
     3.142 	    0.000129 	 0.000110495
     3.143 	 0.000125431 	 0.000107445
     3.144 	 0.000121862 	 0.000104395
     3.145 	 0.000115741 	 9.91577e-05
     3.146 	 0.000105788 	 9.06276e-05
     3.147 	 9.58324e-05 	 8.21042e-05
     3.148 	 9.68236e-05 	 8.29504e-05
     3.149 	 0.000102504 	 8.78228e-05
     3.150 	 0.000107926 	 9.24647e-05
     3.151 	 0.000111011 	 9.51147e-05
     3.152 	 0.000114096 	 9.7755e-05
     3.153 	 0.000116109 	 9.94974e-05
     3.154 	 0.000116512 	 9.98398e-05
     3.155 	 0.000116915 	 0.000100192
     3.156 	 0.000115359 	 9.88768e-05
     3.157 	 0.000113313 	 9.71302e-05
     3.158 	 0.000111391 	 9.54798e-05
     3.159 	 0.000110578 	 9.47897e-05
     3.160 	 0.000109765 	 9.409e-05
     3.161 	 0.000105123 	 9.0118e-05
     3.162 	 9.66495e-05 	 8.2852e-05
     3.163 	 8.81746e-05 	 7.55929e-05
     3.164 	 9.18493e-05 	 7.87413e-05
     3.165 	 9.85574e-05 	 8.45076e-05
     3.166 	 0.000105282 	 9.02714e-05
     3.167 	 0.000112155 	 9.6172e-05
     3.168 	 0.000119026 	 0.000102061
     3.169 	 0.000116496 	 9.98997e-05
     3.170 	 0.000104563 	 8.96644e-05
     3.171 	 9.26329e-05 	 7.94432e-05
     3.172 	 8.91109e-05 	 7.64235e-05
     3.173 	 8.76913e-05 	 7.51911e-05
     3.174 	 8.84128e-05 	 7.58183e-05
     3.175 	 9.76953e-05 	 8.37794e-05
     3.176 	  0.00010698 	 9.17424e-05
     3.177 	 0.000112099 	 9.61432e-05
     3.178 	 0.000113055 	 9.69439e-05
     3.179 	  0.00011401 	 9.77739e-05
     3.180 	 0.000112485 	 9.6477e-05
     3.181 	 0.000110684 	 9.49196e-05
     3.182 	 0.000107357 	 9.20734e-05
     3.183 	  9.7914e-05 	 8.3981e-05
     3.184 	 8.84733e-05 	 7.58813e-05
     3.185 	 8.83072e-05 	 7.57445e-05
     3.186 	 9.43222e-05 	 8.08931e-05
     3.187 	 0.000100336 	 8.60571e-05
     3.188 	 0.000107101 	 9.18471e-05
     3.189 	 0.000113951 	 9.77287e-05
     3.190 	 0.000119751 	 0.000102689
     3.191 	 0.000123099 	 0.000105568
     3.192 	 0.000126447 	 0.000108435
     3.193 	 0.000128712 	 0.000110397
     3.194 	 0.000130256 	 0.000111717
     3.195 	 0.000131799 	 0.000113037
     3.196 	 0.000132998 	 0.000114049
     3.197 	 0.000134196 	 0.000115085
     3.198 	 0.000134142 	 0.000115035
     3.199 	 0.000131164 	 0.000112477
     3.200 	 0.000128185 	 0.000109919
     3.201 	 0.000127173 	 0.000109024
     3.202 	 0.000127471 	 0.000109264
     3.203 	  0.00012777 	 0.000109516
     3.204 	 0.000120019 	 0.000102858
     3.205 	 0.000112267 	 9.61906e-05
     3.206 	 0.000103893 	 8.90029e-05
     3.207 	  9.4073e-05 	 8.05706e-05
     3.208 	  8.4253e-05 	 7.21497e-05
     3.209 	 8.51452e-05 	 7.28958e-05
     3.210 	 9.06308e-05 	 7.75733e-05
     3.211 	 9.61163e-05 	 8.22643e-05
     3.212 	 9.37034e-05 	 8.0187e-05
     3.213 	 9.12899e-05 	 7.8118e-05
     3.214 	 9.11085e-05 	 7.79589e-05
     3.215 	 9.42763e-05 	 8.06572e-05
     3.216 	 9.74448e-05 	 8.33553e-05
     3.217 	  9.4225e-05 	 8.05972e-05
     3.218 	 8.82683e-05 	 7.5475e-05
     3.219 	 8.17301e-05 	 6.98736e-05
     3.220 	 6.99803e-05 	 5.98194e-05
     3.221 	 5.82305e-05 	 4.97601e-05
     3.222 	 5.18671e-05 	 4.43177e-05
     3.223 	 5.35885e-05 	 4.57884e-05
     3.224 	 5.53094e-05 	 4.7244e-05
     3.225 	 6.53131e-05 	 5.5789e-05
     3.226 	 7.73909e-05 	 6.60851e-05
     3.227 	 8.82417e-05 	 7.53428e-05
     3.228 	 8.80925e-05 	 7.5192e-05
     3.229 	 8.79432e-05 	 7.50566e-05
     3.230 	  8.6248e-05 	 7.3587e-05
     3.231 	  8.3011e-05 	 7.08124e-05
     3.232 	 7.97729e-05 	 6.80519e-05
     3.233 	 8.34773e-05 	 7.11992e-05
     3.234 	 8.89157e-05 	 7.5824e-05
     3.235 	 9.39097e-05 	 8.00932e-05
     3.236 	 9.48961e-05 	 8.09199e-05
     3.237 	 9.58824e-05 	 8.17462e-05
     3.238 	 9.58518e-05 	 8.17055e-05
     3.239 	 9.48042e-05 	 8.07897e-05
     3.240 	 9.37566e-05 	 7.98825e-05
     3.241 	 9.30857e-05 	 7.93169e-05
     3.242 	 9.25088e-05 	 7.88151e-05
     3.243 	 9.14333e-05 	 7.78969e-05
     3.244 	 8.83629e-05 	 7.52713e-05
     3.245 	 8.52923e-05 	 7.26388e-05
     3.246 	 8.21058e-05 	 6.99159e-05
     3.247 	 7.88049e-05 	 6.70964e-05
     3.248 	 7.55037e-05 	 6.42773e-05
     3.249 	 7.15183e-05 	 6.08765e-05
     3.250 	 6.74575e-05 	 5.74009e-05
     3.251 	  6.5569e-05 	 5.5791e-05
     3.252 	 7.23833e-05 	 6.15859e-05
     3.253 	 7.91967e-05 	 6.73726e-05
     3.254 	 8.18852e-05 	 6.9656e-05
     3.255 	  8.1825e-05 	 6.96011e-05
     3.256 	 8.17648e-05 	 6.95322e-05
     3.257 	  7.6014e-05 	 6.46385e-05
     3.258 	 6.96292e-05 	 5.9206e-05
     3.259 	 6.79186e-05 	 5.77426e-05
     3.260 	 7.71112e-05 	 6.5541e-05
     3.261 	 8.63048e-05 	 7.33542e-05
     3.262 	 9.02151e-05 	 7.66766e-05
     3.263 	 9.06013e-05 	 7.69879e-05
     3.264 	 9.09875e-05 	 7.73069e-05
     3.265 	 9.43405e-05 	 8.01546e-05
     3.266 	 9.76931e-05 	 8.29851e-05
     3.267 	 0.000101994 	 8.6637e-05
     3.268 	 0.000108508 	 9.21595e-05
     3.269 	 0.000115024 	 9.76721e-05
     3.270 	 0.000109581 	 9.30491e-05
     3.271 	 9.90137e-05 	 8.40604e-05
     3.272 	 8.84426e-05 	 7.50795e-05
     3.273 	 8.58853e-05 	 7.2895e-05
     3.274 	 8.33277e-05 	 7.07261e-05
     3.275 	 8.37564e-05 	 7.10767e-05
     3.276 	 9.11497e-05 	 7.73443e-05
     3.277 	 9.85439e-05 	 8.36029e-05
     3.278 	 9.55638e-05 	 8.10766e-05
     3.279 	 8.81354e-05 	 7.47605e-05
     3.280 	 8.07062e-05 	 6.8453e-05
     3.281 	 7.71835e-05 	 6.54501e-05
     3.282 	 7.36595e-05 	 6.24605e-05
     3.283 	 7.03499e-05 	 5.96525e-05
     3.284 	  6.7361e-05 	 5.71108e-05
     3.285 	 6.43711e-05 	 5.45804e-05
     3.286 	 6.09489e-05 	 5.16668e-05
     3.287 	 5.73409e-05 	 4.86021e-05
     3.288 	 5.45024e-05 	 4.61999e-05
     3.289 	 5.85898e-05 	 4.96584e-05
     3.290 	 6.26775e-05 	 5.31107e-05
     3.291 	 6.77263e-05 	 5.73951e-05
     3.292 	 7.42193e-05 	 6.28914e-05
     3.293 	 8.07114e-05 	 6.83788e-05
     3.294 	 8.22171e-05 	 6.9662e-05
     3.295 	 8.24759e-05 	 6.98743e-05
     3.296 	 8.24948e-05 	 6.98762e-05
     3.297 	 8.03582e-05 	 6.80737e-05
     3.298 	 7.82209e-05 	 6.62499e-05
     3.299 	  7.8937e-05 	 6.68568e-05
     3.300 	 8.25065e-05 	 6.98802e-05
     3.301 	 8.60618e-05 	 7.28849e-05
     3.302 	 9.12742e-05 	 7.73084e-05
     3.303 	 9.68995e-05 	 8.20572e-05
     3.304 	 0.000101547 	 8.60118e-05
     3.305 	 0.000102282 	 8.66177e-05
     3.306 	 0.000103017 	 8.72503e-05
     3.307 	 9.84727e-05 	 8.33942e-05
     3.308 	 8.86496e-05 	 7.50763e-05
     3.309 	 7.88313e-05 	 6.67623e-05
     3.310 	 7.68748e-05 	 6.51062e-05
     3.311 	 7.68839e-05 	 6.51102e-05
     3.312 	  7.7233e-05 	 6.54153e-05
     3.313 	 7.89413e-05 	 6.68584e-05
     3.314 	 8.06491e-05 	 6.83077e-05
     3.315 	 8.15044e-05 	 6.90279e-05
     3.316 	 8.15065e-05 	 6.90258e-05
     3.317 	 8.15086e-05 	 6.90305e-05
     3.318 	 8.30312e-05 	 7.03231e-05
     3.319 	 8.47221e-05 	 7.17436e-05
     3.320 	  8.4417e-05 	 7.14958e-05
     3.321 	 7.61191e-05 	 6.44593e-05
     3.322 	 6.78253e-05 	 5.744e-05
     3.323 	 6.45228e-05 	 5.46469e-05
     3.324 	  6.4545e-05 	 5.46641e-05
     3.325 	 6.45672e-05 	 5.46812e-05
     3.326 	 6.59479e-05 	 5.586e-05
     3.327 	 6.74795e-05 	 5.71557e-05
     3.328 	 6.64958e-05 	 5.63148e-05
     3.329 	 5.96494e-05 	 5.05151e-05
     3.330 	 5.28048e-05 	 4.47217e-05
     3.331 	 4.74327e-05 	 4.01751e-05
     3.332 	 4.30444e-05 	 3.64537e-05
     3.333 	 3.86573e-05 	 3.27375e-05
     3.334 	 3.76531e-05 	 3.18929e-05
     3.335 	 3.66495e-05 	 3.10389e-05
     3.336 	 3.96909e-05 	 3.36174e-05
     3.337 	 5.21702e-05 	 4.41815e-05
     3.338 	 6.46492e-05 	 5.47596e-05
     3.339 	 6.84401e-05 	 5.79694e-05
     3.340 	 6.85105e-05 	 5.80216e-05
     3.341 	  6.8581e-05 	 5.80802e-05
     3.342 	 6.92587e-05 	 5.86529e-05
     3.343 	 6.99362e-05 	 5.92253e-05
     3.344 	 7.36067e-05 	 6.23451e-05
     3.345 	 8.42524e-05 	 7.1353e-05
     3.346 	 9.48954e-05 	 8.03649e-05
     3.347 	 9.95492e-05 	 8.43045e-05
     3.348 	 0.000101635 	 8.606e-05
     3.349 	 0.000103719 	 8.7823e-05
     3.350 	 9.14238e-05 	 7.74107e-05
     3.351 	 7.91287e-05 	 6.70134e-05
     3.352 	 7.14241e-05 	 6.04815e-05
     3.353 	 7.06012e-05 	 5.97904e-05
     3.354 	 6.97782e-05 	 5.90929e-05
     3.355 	 7.32967e-05 	 6.20657e-05
     3.356 	 7.86741e-05 	 6.66187e-05
     3.357 	 8.31273e-05 	 7.0389e-05
     3.358 	 7.92766e-05 	 6.71208e-05
     3.359 	 7.54269e-05 	 6.3874e-05
     3.360 	 7.46314e-05 	 6.31999e-05
     3.361 	 7.84191e-05 	 6.64081e-05
     3.362 	 8.22049e-05 	 6.96074e-05
     3.363 	 8.82145e-05 	 7.46968e-05
     3.364 	 9.47804e-05 	 8.02574e-05
     3.365 	  0.00010093 	 8.54655e-05
     3.366 	 0.000103365 	 8.75283e-05
     3.367 	 0.000105799 	 8.95807e-05
     3.368 	 0.000103109 	 8.73039e-05
     3.369 	  9.5295e-05 	 8.07132e-05
     3.370 	 8.74834e-05 	 7.40976e-05
     3.371 	 8.29086e-05 	 7.02161e-05
     3.372 	 7.91449e-05 	 6.70292e-05
     3.373 	 7.51815e-05 	 6.36732e-05
     3.374 	 7.04145e-05 	 5.96365e-05
     3.375 	 6.56499e-05 	 5.56017e-05
     3.376 	 6.22796e-05 	 5.27422e-05
     3.377 	 6.03026e-05 	 5.10684e-05
     3.378 	 5.83266e-05 	 4.93955e-05
     3.379 	 5.57961e-05 	 4.7253e-05
     3.380 	 5.31268e-05 	 4.5002e-05
     3.381 	 5.20688e-05 	 4.41062e-05
     3.382 	 5.74657e-05 	 4.86729e-05
     3.383 	 6.28603e-05 	 5.32425e-05
     3.384 	 6.78916e-05 	 5.75044e-05
     3.385 	 7.25573e-05 	 6.14568e-05
     3.386 	  7.7221e-05 	 6.54074e-05
     3.387 	 7.55114e-05 	 6.39599e-05
     3.388 	 7.30942e-05 	 6.19256e-05
     3.389 	 7.17412e-05 	 6.07798e-05
     3.390 	 7.46462e-05 	 6.32347e-05
     3.391 	 7.75493e-05 	 6.56944e-05
     3.392 	 8.36895e-05 	 7.08966e-05
     3.393 	 9.19844e-05 	 7.79241e-05
     3.394 	 0.000100278 	 8.49507e-05
     3.395 	 9.23422e-05 	 7.82444e-05
     3.396 	 8.26052e-05 	 7.00015e-05
     3.397 	 7.41709e-05 	 6.28546e-05
     3.398 	 6.87743e-05 	 5.82819e-05
     3.399 	   6.338e-05 	 5.37109e-05
     3.400 	 6.60301e-05 	 5.59513e-05
     3.401 	 7.40382e-05 	 6.27507e-05
     3.402 	 8.20428e-05 	 6.95359e-05
     3.403 	 8.05924e-05 	 6.83215e-05
     3.404 	 7.91429e-05 	 6.70937e-05
     3.405 	 7.42602e-05 	 6.29616e-05
     3.406 	 6.13672e-05 	 5.20416e-05
     3.407 	 4.84768e-05 	 4.11107e-05
     3.408 	 4.32175e-05 	 3.6651e-05
     3.409 	 4.12258e-05 	 3.49696e-05
     3.410 	 3.92345e-05 	 3.3281e-05
     3.411 	 4.29621e-05 	 3.64507e-05
     3.412 	  4.6688e-05 	 3.96162e-05
     3.413 	 4.84523e-05 	 4.11136e-05
     3.414 	 4.72753e-05 	 4.01235e-05
     3.415 	 4.60988e-05 	 3.91253e-05
     3.416 	 4.33816e-05 	 3.68269e-05
     3.417 	 4.00038e-05 	 3.39598e-05
     3.418 	 3.66284e-05 	 3.11041e-05
     3.419 	 3.75237e-05 	 3.18647e-05
     3.420 	 3.84188e-05 	 3.26251e-05
     3.421 	 3.92527e-05 	 3.33389e-05
     3.422 	 4.00135e-05 	 3.39802e-05
     3.423 	 4.07735e-05 	 3.46314e-05
     3.424 	  3.9665e-05 	 3.36921e-05
     3.425 	 3.77578e-05 	 3.20775e-05
     3.426 	 3.60139e-05 	 3.05948e-05
     3.427 	 3.57247e-05 	 3.0348e-05
     3.428 	 3.54358e-05 	 3.01077e-05
     3.429 	 3.61704e-05 	 3.07307e-05
     3.430 	 3.84396e-05 	 3.26641e-05
     3.431 	 4.07058e-05 	 3.45942e-05
     3.432 	 4.53899e-05 	 3.85839e-05
     3.433 	 5.06752e-05 	 4.30777e-05
     3.434 	   5.573e-05 	 4.73855e-05
     3.435 	 5.87723e-05 	 4.99735e-05
     3.436 	  6.1812e-05 	 5.2565e-05
     3.437 	 6.04782e-05 	 5.14477e-05
     3.438 	 5.47787e-05 	 4.66005e-05
     3.439 	 4.90854e-05 	 4.17667e-05
     3.440 	 4.36785e-05 	 3.7167e-05
     3.441 	 3.83215e-05 	 3.26158e-05
     3.442 	 3.40966e-05 	 2.90205e-05
     3.443 	 3.43563e-05 	 2.92481e-05
     3.444 	 3.46152e-05 	 2.94721e-05
     3.445 	 3.61726e-05 	 3.07986e-05
     3.446 	 3.90242e-05 	 3.3234e-05
     3.447 	 4.18679e-05 	 3.56565e-05
     3.448 	 4.30432e-05 	 3.66656e-05
     3.449 	 4.40308e-05 	 3.75076e-05
     3.450 	 4.53029e-05 	 3.86038e-05
     3.451 	 4.77066e-05 	 4.06519e-05
     3.452 	 5.01027e-05 	 4.27022e-05
     3.453 	 5.01139e-05 	 4.27117e-05
     3.454 	 4.77498e-05 	 4.06966e-05
     3.455 	 4.53927e-05 	 3.86955e-05
     3.456 	 4.60158e-05 	 3.92265e-05
     3.457 	  4.6967e-05 	 4.00495e-05
     3.458 	   4.753e-05 	 4.05294e-05
     3.459 	 4.65507e-05 	 3.97024e-05
     3.460 	 4.55743e-05 	 3.88695e-05
     3.461 	 4.16939e-05 	 3.55603e-05
     3.462 	 3.58913e-05 	 3.06178e-05
     3.463 	  3.0105e-05 	 2.56819e-05
     3.464 	 2.97252e-05 	 2.53633e-05
     3.465 	 2.99452e-05 	 2.55538e-05
     3.466 	 3.00985e-05 	 2.56849e-05
     3.467 	 3.00979e-05 	 2.56898e-05
     3.468 	 3.00972e-05 	 2.56894e-05
     3.469 	  2.7171e-05 	 2.31967e-05
     3.470 	 2.23078e-05 	 1.9045e-05
     3.471 	 1.74501e-05 	 1.48998e-05
     3.472 	 1.89101e-05 	 1.61502e-05
     3.473 	  2.0364e-05 	 1.73941e-05
     3.474 	 2.53846e-05 	 2.16875e-05
     3.475 	 3.87055e-05 	 3.30692e-05
     3.476 	  5.1973e-05 	 4.44059e-05
     3.477 	  5.6196e-05 	 4.80252e-05
     3.478 	 5.65591e-05 	 4.83368e-05
     3.479 	 5.69201e-05 	 4.86467e-05
     3.480 	 4.15042e-05 	 3.54797e-05
     3.481 	 2.61536e-05 	 2.23599e-05
     3.482 	 1.48701e-05 	 1.27158e-05
     3.483 	 9.63137e-06 	 8.23616e-06
     3.484 	 4.41499e-06 	 3.77548e-06
     3.485 	 5.27522e-06 	 4.51207e-06
     3.486 	 8.72393e-06 	 7.46196e-06
     3.487 	 1.21569e-05 	 1.03985e-05
     3.488 	 1.34271e-05 	 1.14874e-05
     3.489 	  1.4692e-05 	 1.25698e-05
     3.490 	 1.61537e-05 	 1.38205e-05
     3.491 	 1.78989e-05 	 1.53159e-05
     3.492 	  1.9634e-05 	 1.68049e-05
     3.493 	 2.25105e-05 	 1.92678e-05
     3.494 	  2.5862e-05 	 2.21376e-05
     3.495 	 2.89301e-05 	 2.47702e-05
     3.496 	 2.96169e-05 	 2.53595e-05
     3.497 	  3.0299e-05 	 2.59448e-05
     3.498 	 2.97252e-05 	 2.54547e-05
     3.499 	 2.72815e-05 	 2.3368e-05
     3.500 	 2.48526e-05 	 2.12886e-05
     3.501 	  2.3225e-05 	 1.98945e-05
     3.502 	 2.17902e-05 	 1.86655e-05
     3.503 	 2.02185e-05 	 1.7321e-05
     3.504 	 1.73819e-05 	 1.4894e-05
     3.505 	 1.45534e-05 	 1.24704e-05
     3.506 	 1.37079e-05 	 1.17459e-05
     3.507 	 1.48357e-05 	 1.27124e-05
     3.508 	   1.596e-05 	 1.36758e-05
     3.509 	 1.94542e-05 	 1.667e-05
     3.510 	 2.35289e-05 	 2.01616e-05
     3.511 	 2.64175e-05 	 2.26421e-05
     3.512 	 2.46055e-05 	 2.10897e-05
     3.513 	 2.27995e-05 	 1.95423e-05
     3.514 	 2.21199e-05 	 1.89604e-05
     3.515 	 2.25613e-05 	 1.93394e-05
     3.516 	 2.30011e-05 	 1.9717e-05
     3.517 	 2.42882e-05 	 2.0821e-05
     3.518 	 2.56655e-05 	 2.20023e-05
     3.519 	 2.67398e-05 	 2.2924e-05
     3.520 	 2.66172e-05 	 2.28266e-05
     3.521 	  2.6495e-05 	 2.27223e-05
     3.522 	 2.05795e-05 	 1.76496e-05
     3.523 	  1.0829e-05 	 9.2875e-06
     3.524 	 1.10953e-06 	 9.51512e-07
     3.525 	 9.40973e-08 	 8.0698e-08
     3.526 	 4.55781e-08 	 3.90889e-08
     3.527 	 7.84847e-07 	 6.7312e-07
     3.528 	 4.67188e-06 	 4.00692e-06
     3.529 	 8.54547e-06 	 7.32936e-06
     3.530 	  1.2798e-05 	 1.0977e-05
     3.531 	 1.72521e-05 	 1.47978e-05
     3.532 	 2.16691e-05 	 1.8587e-05
     3.533 	 2.06779e-05 	 1.77374e-05
     3.534 	 1.90993e-05 	 1.63838e-05
     3.535 	 1.73669e-05 	 1.48982e-05
     3.536 	 1.52631e-05 	 1.30925e-05
     3.537 	 1.31769e-05 	 1.13033e-05
     3.538 	 1.18899e-05 	 1.01997e-05
     3.539 	 1.11329e-05 	 9.55061e-06
     3.540 	 1.03822e-05 	 8.90689e-06
     3.541 	 8.60219e-06 	 7.37989e-06
     3.542 	 6.83715e-06 	 5.86571e-06
     3.543 	 5.59825e-06 	 4.80288e-06
     3.544 	 5.55597e-06 	 4.76615e-06
     3.545 	 5.51384e-06 	 4.73005e-06
     3.546 	 6.37388e-06 	 5.46789e-06
     3.547 	 7.61066e-06 	 6.52895e-06
     3.548 	 8.83623e-06 	 7.5804e-06
     3.549 	 8.65577e-06 	 7.42567e-06
     3.550 	 8.47659e-06 	 7.27202e-06
     3.551 	 8.45702e-06 	 7.25472e-06
     3.552 	 8.72605e-06 	 7.48577e-06
     3.553 	 8.98876e-06 	 7.71142e-06
     3.554 	 9.78985e-06 	 8.39897e-06
     3.555 	 1.08062e-05 	 9.27125e-06
     3.556 	 1.18009e-05 	 1.01239e-05
     3.557 	 1.27695e-05 	 1.09553e-05
     3.558 	 1.37177e-05 	 1.17692e-05
     3.559 	 1.23261e-05 	 1.05757e-05
     3.560 	 7.51296e-06 	 6.44627e-06
     3.561 	 2.81288e-06 	 2.41333e-06
     3.562 	 1.02847e-06 	 8.82416e-07
     3.563 	 4.89076e-07 	 4.19636e-07
     3.564 	           0 	        0
     3.565 	           0 	        0
     3.566 	           0 	        0
     3.567 	           0 	        0
     3.568 	           0 	        0
     3.569 	           0 	        0
     3.570 	           0 	        0
     3.571 	           0 	        0
     3.572 	           0 	        0
     3.573 	           0 	        0
     3.574 	           0 	        0
     3.575 	 5.23592e-08 	 4.49202e-08
     3.576 	 1.45737e-07 	 1.25036e-07
     3.577 	 2.38682e-07 	 2.04764e-07
     3.578 	 7.27413e-07 	 6.24064e-07
     3.579 	 1.31254e-06 	 1.1261e-06
     3.580 	 1.64758e-06 	 1.41344e-06
     3.581 	 9.92648e-07 	 8.51641e-07
     3.582 	 3.40929e-07 	 2.9252e-07
     3.583 	 1.41205e-08 	 1.21151e-08
     3.584 	           0 	        0
     3.585 	           0 	        0
     3.586 	           0 	        0
     3.587 	           0 	        0
     3.588 	           0 	        0
     3.589 	           0 	        0
     3.590 	           0 	        0
     3.591 	           0 	        0
     3.592 	           0 	        0
     3.593 	           0 	        0
     3.594 	           0 	        0
     3.595 	           0 	        0
     3.596 	           0 	        0
     3.597 	           0 	        0
     3.598 	           0 	        0
     3.599 	           0 	        0
     3.600 	           0 	        0
     3.601 	           0 	        0
     3.602 	           0 	        0
     3.603 	           0 	        0
     3.604 	           0 	        0
     3.605 	           0 	        0
     3.606 	           0 	        0
     3.607 	           0 	        0
     3.608 	           0 	        0
     3.609 	           0 	        0
     3.610 	           0 	        0
     3.611 	           0 	        0
     3.612 	           0 	        0
     3.613 	           0 	        0
     3.614 	           0 	        0
     3.615 	           0 	        0
     3.616 	           0 	        0
     3.617 	           0 	        0
     3.618 	           0 	        0
     3.619 	           0 	        0
     3.620 	           0 	        0
     3.621 	           0 	        0
     3.622 	           0 	        0
     3.623 	           0 	        0
     3.624 	           0 	        0
     3.625 	           0 	        0
     3.626 	           0 	        0
     3.627 	           0 	        0
     3.628 	           0 	        0
     3.629 	           0 	        0
     3.630 	           0 	        0
     3.631 	           0 	        0
     3.632 	           0 	        0
     3.633 	 5.69207e-08 	 4.88098e-08
     3.634 	 5.77155e-07 	 4.94884e-07
     3.635 	 1.09345e-06 	 9.37627e-07
     3.636 	 1.18493e-06 	 1.01622e-06
     3.637 	 6.46006e-07 	 5.53992e-07
     3.638 	 1.11174e-07 	 9.53435e-08
     3.639 	           0 	        0
     3.640 	           0 	        0
     3.641 	           0 	        0
     3.642 	           0 	        0
     3.643 	           0 	        0
     3.644 	 2.09634e-07 	 1.79755e-07
     3.645 	 6.17429e-07 	 5.29393e-07
     3.646 	 1.02211e-06 	 8.76317e-07
     3.647 	  7.6241e-07 	 6.53619e-07
     3.648 	 3.40083e-07 	 2.91568e-07
     3.649 	           0 	        0
     3.650 	           0 	        0
     3.651 	           0 	        0
     3.652 	           0 	        0
     3.653 	           0 	        0
     3.654 	           0 	        0
     3.655 	           0 	        0
     3.656 	           0 	        0
     3.657 	           0 	        0
     3.658 	           0 	        0
     3.659 	           0 	        0
     3.660 	 1.09387e-08 	 9.3691e-09
     3.661 	 2.19428e-08 	 1.87951e-08
     3.662 	 3.28553e-08 	 2.81405e-08
     3.663 	 3.17397e-06 	 2.71833e-06
     3.664 	  6.6348e-06 	 5.682e-06
     3.665 	 8.80665e-06 	 7.54151e-06
     3.666 	 8.03213e-06 	 6.87858e-06
     3.667 	 7.26367e-06 	 6.22011e-06
     3.668 	 5.47898e-06 	 4.69154e-06
     3.669 	 3.03082e-06 	 2.59507e-06
     3.670 	 6.02868e-07 	 5.16162e-07
     3.671 	 2.36507e-07 	 2.02486e-07
     3.672 	 9.93607e-08 	 8.50651e-08
     3.673 	           0 	        0
     3.674 	           0 	        0
     3.675 	           0 	        0
     3.676 	           0 	        0
     3.677 	           0 	        0
     3.678 	           0 	        0
     3.679 	           0 	        0
     3.680 	           0 	        0
     3.681 	 1.65346e-08 	 1.41485e-08
     3.682 	 5.83623e-08 	 4.99424e-08
     3.683 	 9.98191e-08 	 8.54129e-08
     3.684 	 3.39055e-06 	 2.90103e-06
     3.685 	 8.03713e-06 	 6.87632e-06
     3.686 	 1.26419e-05 	 1.08154e-05
     3.687 	 1.26448e-05 	 1.08172e-05
     3.688 	 1.26472e-05 	 1.08185e-05
     3.689 	 1.07909e-05 	 9.23006e-06
     3.690 	 6.17469e-06 	 5.28123e-06
     3.691 	 1.60261e-06 	 1.37067e-06
     3.692 	 1.74735e-07 	 1.49411e-07
     3.693 	 8.43039e-08 	 7.20834e-08
     3.694 	           0 	        0
     3.695 	 4.84087e-08 	 4.13887e-08
     3.696 	 8.86623e-08 	 7.58024e-08
     3.697 	   1.119e-06 	 9.56664e-07
     3.698 	 3.61867e-06 	 3.0936e-06
     3.699 	  6.0938e-06 	 5.20942e-06
     3.700 	 4.67429e-06 	 3.99497e-06
     3.701 	 2.30779e-06 	 1.9725e-06
     3.702 	 1.87759e-07 	 1.60455e-07
     3.703 	 1.16396e-07 	 9.94643e-08
     3.704 	 4.56611e-08 	 3.90167e-08
     3.705 	           0 	        0
     3.706 	 2.41025e-08 	 2.05888e-08
     3.707 	 3.86607e-08 	 3.30228e-08
     3.708 	 5.91471e-07 	 5.05189e-07
     3.709 	 1.27359e-06 	 1.08752e-06
     3.710 	 2.17404e-06 	 1.85611e-06
     3.711 	 5.07531e-06 	 4.33308e-06
     3.712 	 7.95049e-06 	 6.78773e-06
     3.713 	 8.86726e-06 	 7.56885e-06
     3.714 	 7.85048e-06 	 6.70092e-06
     3.715 	 6.84257e-06 	 5.83997e-06
     3.716 	 4.61615e-06 	 3.93975e-06
     3.717 	 2.10507e-06 	 1.79624e-06
     3.718 	 1.04088e-07 	 8.8817e-08
     3.719 	 6.34714e-08 	 5.4159e-08
     3.720 	 2.32373e-08 	 1.98238e-08
     3.721 	 1.57605e-08 	 1.34449e-08
     3.722 	 4.05851e-08 	 3.46212e-08
     3.723 	 6.51808e-08 	 5.55895e-08
     3.724 	 1.00248e-06 	 8.5494e-07
     3.725 	 2.03198e-06 	 1.73287e-06
     3.726 	 2.99718e-06 	 2.55591e-06
     3.727 	 3.73529e-06 	 3.18428e-06
     3.728 	 4.46614e-06 	 3.8072e-06
     3.729 	  4.5694e-06 	 3.89511e-06
     3.730 	 4.25987e-06 	 3.6304e-06
     3.731 	 3.95315e-06 	 3.36856e-06
     3.732 	 3.81764e-06 	 3.25301e-06
     3.733 	 3.70196e-06 	 3.15373e-06
     3.734 	 3.81631e-06 	 3.25106e-06
     3.735 	 4.46129e-06 	 3.80042e-06
     3.736 	 5.09975e-06 	 4.34332e-06
     3.737 	 5.67652e-06 	 4.83442e-06
     3.738 	 6.21082e-06 	 5.2888e-06
     3.739 	 6.73951e-06 	 5.7377e-06
     3.740 	 6.70937e-06 	 5.7119e-06
     3.741 	 6.61814e-06 	 5.63408e-06
     3.742 	 6.86387e-06 	 5.84311e-06
     3.743 	 7.88683e-06 	 6.71166e-06
     3.744 	 8.89871e-06 	 7.57256e-06
     3.745 	 1.09634e-05 	 9.32929e-06
     3.746 	 1.37116e-05 	 1.16652e-05
     3.747 	 1.64293e-05 	 1.39769e-05
     3.748 	 1.74797e-05 	 1.48701e-05
     3.749 	 1.85181e-05 	 1.57482e-05
     3.750 	 1.93548e-05 	 1.64593e-05
     3.751 	 1.95037e-05 	 1.65859e-05
     3.752 	 1.96353e-05 	 1.66943e-05
     3.753 	 1.95932e-05 	 1.66567e-05
     3.754 	 1.94737e-05 	 1.65551e-05
     3.755 	 1.93452e-05 	 1.64425e-05
     3.756 	 1.90666e-05 	 1.62056e-05
     3.757 	 1.87845e-05 	 1.59658e-05
     3.758 	 1.83421e-05 	 1.55866e-05
     3.759 	  1.7672e-05 	 1.50171e-05
     3.760 	 1.70144e-05 	 1.44568e-05
     3.761 	 1.59659e-05 	 1.35641e-05
     3.762 	 1.46278e-05 	 1.24244e-05
     3.763 	 1.33847e-05 	 1.13682e-05
     3.764 	 1.29128e-05 	 1.09671e-05
     3.765 	  1.2444e-05 	 1.05665e-05
     3.766 	 1.24425e-05 	 1.0565e-05
     3.767 	 1.31346e-05 	 1.11523e-05
     3.768 	 1.38211e-05 	 1.17349e-05
     3.769 	 1.44211e-05 	 1.22402e-05
     3.770 	 1.49957e-05 	 1.27276e-05
     3.771 	 1.54967e-05 	 1.31523e-05
     3.772 	 1.53757e-05 	 1.30491e-05
     3.773 	 1.52552e-05 	 1.29424e-05
     3.774 	 1.51518e-05 	 1.28542e-05
     3.775 	 1.50736e-05 	 1.27874e-05
     3.776 	 1.49956e-05 	 1.27207e-05
     3.777 	 1.39823e-05 	 1.1857e-05
     3.778 	 1.27432e-05 	 1.08059e-05
     3.779 	  1.1525e-05 	 9.77249e-06
     3.780 	 1.04162e-05 	 8.83197e-06
     3.781 	 9.34478e-06 	 7.92149e-06
     3.782 	 9.55822e-06 	 8.102e-06
     3.783 	 1.10534e-05 	 9.36892e-06
     3.784 	 1.25457e-05 	 1.06333e-05
     3.785 	 1.35733e-05 	 1.15024e-05
     3.786 	 1.44833e-05 	 1.22704e-05
     3.787 	 1.52138e-05 	 1.28886e-05
     3.788 	 1.52317e-05 	 1.29032e-05
     3.789 	 1.52496e-05 	 1.29177e-05
     3.790 	 1.47659e-05 	 1.25073e-05
     3.791 	 1.37819e-05 	 1.16723e-05
     3.792 	 1.27996e-05 	 1.08379e-05
     3.793 	 1.27937e-05 	 1.08315e-05
     3.794 	 1.28961e-05 	 1.09179e-05
     3.795 	 1.31428e-05 	 1.11265e-05
     3.796 	 1.39663e-05 	 1.18233e-05
     3.797 	 1.47882e-05 	 1.25188e-05
     3.798 	 1.51342e-05 	 1.28114e-05
     3.799 	 1.51635e-05 	 1.28358e-05
     3.800 	 1.51926e-05 	 1.28602e-05
     3.801 	 1.51322e-05 	 1.28071e-05
     3.802 	 1.50618e-05 	 1.27469e-05
     3.803 	 1.45225e-05 	 1.22899e-05
     3.804 	 1.28904e-05 	 1.09083e-05
     3.805 	  1.1261e-05 	 9.52898e-06
     3.806 	 9.48966e-06 	 8.02972e-06
     3.807 	 7.62493e-06 	 6.45159e-06
     3.808 	 5.76334e-06 	 4.87624e-06
     3.809 	 5.74076e-06 	 4.85692e-06
     3.810 	  5.7182e-06 	 4.83709e-06
     3.811 	 6.11838e-06 	 5.17519e-06
     3.812 	  7.5022e-06 	 6.34515e-06
     3.813 	 8.88334e-06 	 7.51267e-06
     3.814 	 9.92674e-06 	 8.39439e-06
     3.815 	 1.07453e-05 	 9.08585e-06
     3.816 	  1.1562e-05 	 9.7756e-06
     3.817 	 1.11801e-05 	 9.45193e-06
     3.818 	 1.07988e-05 	 9.12882e-06
     3.819 	 1.05814e-05 	 8.94614e-06
     3.820 	 1.07442e-05 	 9.08396e-06
     3.821 	 1.09068e-05 	 9.21977e-06
     3.822 	 1.23665e-05 	 1.0453e-05
     3.823 	 1.43786e-05 	 1.21529e-05
     3.824 	 1.63868e-05 	 1.38492e-05
     3.825 	 1.70026e-05 	 1.43687e-05
     3.826 	  1.7617e-05 	 1.48868e-05
     3.827 	 1.80064e-05 	 1.52179e-05
     3.828 	 1.80593e-05 	 1.52616e-05
     3.829 	  1.8112e-05 	 1.5305e-05
     3.830 	 1.75618e-05 	 1.48391e-05
     3.831 	 1.67542e-05 	 1.41556e-05
     3.832 	 1.57749e-05 	 1.33273e-05
     3.833 	 1.32408e-05 	 1.11878e-05
     3.834 	 1.07111e-05 	 9.04871e-06
     3.835 	 9.15671e-06 	 7.735e-06
     3.836 	 9.05922e-06 	 7.6521e-06
     3.837 	 8.96191e-06 	 7.56935e-06
     3.838 	 9.73777e-06 	 8.22575e-06
     3.839 	 1.07299e-05 	 9.06317e-06
     3.840 	 1.16243e-05 	 9.81793e-06
     3.841 	 1.16564e-05 	 9.84526e-06
     3.842 	 1.16883e-05 	 9.87143e-06
     3.843 	 1.10416e-05 	 9.32644e-06
     3.844 	 9.71813e-06 	 8.2079e-06
     3.845 	 8.39759e-06 	 7.09202e-06
     3.846 	 7.55448e-06 	 6.37949e-06
     3.847 	 6.83165e-06 	 5.76863e-06
     3.848 	 6.21903e-06 	 5.25199e-06
     3.849 	 6.58568e-06 	 5.5612e-06
     3.850 	 6.95158e-06 	 5.86972e-06
     3.851 	 7.58562e-06 	 6.40453e-06
     3.852 	 8.48681e-06 	 7.16624e-06
     3.853 	 9.38617e-06 	 7.92498e-06
     3.854 	 1.00542e-05 	 8.48828e-06
     3.855 	 1.06633e-05 	 9.00173e-06
     3.856 	 1.11829e-05 	 9.43955e-06
     3.857 	 1.13487e-05 	 9.58159e-06
     3.858 	  1.1514e-05 	 9.72032e-06
     3.859 	 1.14145e-05 	 9.63549e-06
     3.860 	 1.10509e-05 	 9.32775e-06
     3.861 	 1.06879e-05 	 9.0225e-06
     3.862 	 9.63025e-06 	 8.12904e-06
     3.863 	 8.49736e-06 	 7.17221e-06
     3.864 	 7.41872e-06 	 6.2613e-06
     3.865 	 6.55117e-06 	 5.5298e-06
     3.866 	 5.68539e-06 	 4.79864e-06
     3.867 	 6.16731e-06 	 5.205e-06
     3.868 	 7.54441e-06 	 6.36674e-06
     3.869 	 8.91868e-06 	 7.52745e-06
     3.870 	 8.95461e-06 	 7.55797e-06
     3.871 	 8.84194e-06 	 7.46197e-06
     3.872 	 8.40233e-06 	 7.09011e-06
     3.873 	  7.2008e-06 	 6.07672e-06
     3.874 	 6.00144e-06 	 5.06397e-06
     3.875 	  5.1321e-06 	 4.3299e-06
     3.876 	 4.48238e-06 	 3.78128e-06
     3.877 	 3.83383e-06 	 3.23443e-06
     3.878 	 3.51802e-06 	 2.96764e-06
     3.879 	 3.20286e-06 	 2.70175e-06
     3.880 	 3.16744e-06 	 2.67155e-06
     3.881 	 3.78413e-06 	 3.19211e-06
     3.882 	 4.40014e-06 	 3.71147e-06
     3.883 	 5.51457e-06 	 4.65114e-06
     3.884 	 6.96046e-06 	 5.87082e-06
     3.885 	  8.4044e-06 	 7.08963e-06
     3.886 	 9.18232e-06 	 7.74529e-06
     3.887 	 9.95957e-06 	 8.40029e-06
     3.888 	 1.04378e-05 	 8.803e-06
     3.889 	 1.02214e-05 	 8.62162e-06
     3.890 	 1.00052e-05 	 8.43957e-06
     3.891 	 9.79868e-06 	 8.26492e-06
     3.892 	 9.59645e-06 	 8.09389e-06
     3.893 	 9.39444e-06 	 7.92308e-06
     3.894 	 1.00855e-05 	 8.50717e-06
     3.895 	 1.07757e-05 	 9.08885e-06
     3.896 	 1.13189e-05 	 9.5465e-06
     3.897 	 1.16424e-05 	 9.8188e-06
     3.898 	 1.19654e-05 	 1.00927e-05
     3.899 	 1.20922e-05 	 1.02013e-05
     3.900 	  1.2135e-05 	 1.02368e-05
     3.901 	 1.22442e-05 	 1.0328e-05
     3.902 	 1.29495e-05 	 1.09219e-05
     3.903 	 1.36542e-05 	 1.15152e-05
     3.904 	 1.37187e-05 	 1.15685e-05
     3.905 	 1.28242e-05 	 1.08165e-05
     3.906 	 1.19307e-05 	 1.0062e-05
     3.907 	 1.04829e-05 	 8.84014e-06
     3.908 	 8.89829e-06 	 7.50315e-06
     3.909 	 7.41136e-06 	 6.24877e-06
     3.910 	 6.78696e-06 	 5.72179e-06
     3.911 	 6.16342e-06 	 5.19644e-06
     3.912 	  6.0742e-06 	 5.12203e-06
     3.913 	 6.51852e-06 	 5.49645e-06
     3.914 	 6.96223e-06 	 5.87032e-06
     3.915 	 7.87869e-06 	 6.64276e-06
     3.916 	 8.91239e-06 	 7.51396e-06
     3.917 	 9.80027e-06 	 8.26305e-06
     3.918 	 1.01078e-05 	 8.52282e-06
     3.919 	 1.04151e-05 	 8.78154e-06
     3.920 	 1.04564e-05 	 8.81776e-06
     3.921 	 1.02323e-05 	 8.62818e-06
     3.922 	 1.00084e-05 	 8.43973e-06
     3.923 	 1.03044e-05 	 8.68875e-06
     3.924 	 1.07299e-05 	 9.04691e-06
     3.925 	 1.11013e-05 	 9.35941e-06
     3.926 	 1.12579e-05 	 9.49184e-06
     3.927 	 1.14143e-05 	 9.62304e-06
     3.928 	 1.16239e-05 	 9.79908e-06
     3.929 	 1.18865e-05 	 1.00218e-05
     3.930 	 1.21489e-05 	 1.02423e-05
     3.931 	 1.22508e-05 	 1.03291e-05
     3.932 	 1.23348e-05 	 1.03996e-05
     3.933 	 1.21545e-05 	 1.02473e-05
     3.934 	 1.09182e-05 	 9.20474e-06
     3.935 	 9.68333e-06 	 8.16434e-06
     3.936 	 7.96836e-06 	 6.71821e-06
     3.937 	 5.93518e-06 	 5.00387e-06
     3.938 	 3.90433e-06 	 3.2916e-06
     3.939 	 3.03042e-06 	 2.55557e-06
     3.940 	 2.28575e-06 	 1.92773e-06
     3.941 	 1.83117e-06 	 1.54427e-06
     3.942 	 2.05135e-06 	 1.73006e-06
     3.943 	 2.27133e-06 	 1.91549e-06
     3.944 	 3.05423e-06 	 2.5756e-06
     3.945 	 4.21128e-06 	 3.55114e-06
     3.946 	 5.36728e-06 	 4.52621e-06
     3.947 	 5.61878e-06 	 4.73806e-06
     3.948 	 5.86999e-06 	 4.94964e-06
     3.949 	 6.00946e-06 	 5.06858e-06
     3.950 	 5.88878e-06 	 4.96654e-06
     3.951 	 5.76826e-06 	 4.86456e-06
     3.952 	 5.64896e-06 	 4.76361e-06
     3.953 	 5.53023e-06 	 4.66368e-06
     3.954 	 5.41167e-06 	 4.56338e-06
     3.955 	 5.60258e-06 	 4.72404e-06
     3.956 	 5.79331e-06 	 4.88506e-06
     3.957 	 6.09006e-06 	 5.13493e-06
     3.958 	 6.63407e-06 	 5.59323e-06
     3.959 	 7.17758e-06 	 6.0517e-06
     3.960 	  7.6204e-06 	 6.42462e-06
     3.961 	 8.02114e-06 	 6.76345e-06
     3.962 	 8.42153e-06 	 7.10143e-06
     3.963 	 8.34368e-06 	 7.03536e-06
     3.964 	  8.2659e-06 	 6.96936e-06
     3.965 	 8.08571e-06 	 6.81779e-06
     3.966 	 7.75186e-06 	 6.5359e-06
     3.967 	 7.41837e-06 	 6.25435e-06
     3.968 	 6.89671e-06 	 5.81479e-06
     3.969 	 6.29464e-06 	 5.30744e-06
     3.970 	 5.76109e-06 	 4.85728e-06
     3.971 	 5.83742e-06 	 4.92158e-06
     3.972 	  5.9137e-06 	 4.98638e-06
     3.973 	 6.38968e-06 	 5.38767e-06
     3.974 	 7.46437e-06 	 6.29573e-06
     3.975 	 8.53814e-06 	 7.20131e-06
     3.976 	 9.51151e-06 	 8.02218e-06
     3.977 	 1.04589e-05 	 8.8221e-06
     3.978 	 1.14239e-05 	 9.63598e-06
     3.979 	 1.25539e-05 	 1.0589e-05
     3.980 	 1.36826e-05 	 1.15422e-05
     3.981 	 1.46239e-05 	 1.23355e-05
     3.982 	 1.53783e-05 	 1.29711e-05
     3.983 	 1.61319e-05 	 1.36075e-05
     3.984 	 1.56058e-05 	 1.3163e-05
     3.985 	  1.4761e-05 	 1.24497e-05
     3.986 	 1.37022e-05 	 1.15573e-05
     3.987 	 1.17874e-05 	 9.94373e-06
     3.988 	 9.87426e-06 	 8.32936e-06
     3.989 	  8.4117e-06 	 7.096e-06
     3.990 	 7.40005e-06 	 6.24223e-06
     3.991 	 6.38927e-06 	 5.38944e-06
     3.992 	 7.02015e-06 	 5.92207e-06
     3.993 	 8.06031e-06 	 6.79932e-06
     3.994 	 9.20374e-06 	 7.76449e-06
     3.995 	 1.07631e-05 	 9.07973e-06
     3.996 	 1.23216e-05 	 1.03942e-05
     3.997 	 1.33629e-05 	 1.12735e-05
     3.998 	 1.38881e-05 	 1.17162e-05
     3.999 	  1.4413e-05 	 1.21587e-05
     4.000 	 1.34124e-05 	 1.13155e-05
     4.001 	  1.2243e-05 	 1.03305e-05
     4.002 	 1.10283e-05 	 9.3051e-06
     4.003 	 9.62872e-06 	 8.12471e-06
     4.004 	 8.22972e-06 	 6.9439e-06
     4.005 	 7.28293e-06 	 6.14542e-06
     4.006 	 6.63658e-06 	 5.59975e-06
     4.007 	 5.99079e-06 	 5.0546e-06
     4.008 	 5.69126e-06 	 4.80218e-06
     4.009 	 5.43044e-06 	 4.58188e-06
     4.010 	 5.29468e-06 	 4.46712e-06
     4.011 	 5.44999e-06 	 4.59843e-06
     4.012 	 5.60517e-06 	 4.72914e-06
     4.013 	 6.19427e-06 	 5.22591e-06
     4.014 	 7.07165e-06 	 5.9665e-06
     4.015 	 7.94826e-06 	 6.70578e-06
     4.016 	 8.64782e-06 	 7.29644e-06
     4.017 	 9.34709e-06 	 7.88605e-06
     4.018 	 9.95087e-06 	 8.39674e-06
     4.019 	  1.0334e-05 	 8.72058e-06
     4.020 	 1.07169e-05 	 9.04326e-06
     4.021 	 1.10025e-05 	 9.28384e-06
     4.022 	 1.12464e-05 	 9.49028e-06
     4.023 	 1.14901e-05 	 9.6955e-06
     4.024 	 1.14797e-05 	 9.68629e-06
     4.025 	 1.14693e-05 	 9.67815e-06
     4.026 	 1.11269e-05 	 9.38882e-06
     4.027 	 1.00101e-05 	 8.44703e-06
     4.028 	 8.89425e-06 	 7.50509e-06
     4.029 	 8.40559e-06 	 7.09244e-06
     4.030 	 8.18603e-06 	 6.90763e-06
     4.031 	 7.96677e-06 	 6.72247e-06
     4.032 	 8.41511e-06 	 7.10062e-06
     4.033 	 8.86305e-06 	 7.47924e-06
     4.034 	 9.01508e-06 	 7.60737e-06
     4.035 	 8.72318e-06 	 7.36087e-06
     4.036 	 8.43153e-06 	 7.11612e-06
     4.037 	 7.58659e-06 	 6.40285e-06
     4.038 	 6.50552e-06 	 5.49034e-06
     4.039 	 5.45613e-06 	 4.60511e-06
     4.040 	 4.68371e-06 	 3.95307e-06
     4.041 	 3.91197e-06 	 3.30156e-06
     4.042 	 3.43291e-06 	 2.89743e-06
     4.043 	 3.39275e-06 	 2.86339e-06
     4.044 	 3.35264e-06 	 2.8294e-06
     4.045 	 4.08527e-06 	 3.44791e-06
     4.046 	 5.01012e-06 	 4.22826e-06
     4.047 	 5.93205e-06 	 5.00607e-06
     4.048 	 6.83432e-06 	 5.76786e-06
     4.049 	 7.73579e-06 	 6.52834e-06
     4.050 	 8.41285e-06 	 7.09937e-06
     4.051 	 8.86514e-06 	 7.4815e-06
     4.052 	 9.31703e-06 	 7.86247e-06
     4.053 	 9.23197e-06 	 7.79028e-06
     4.054 	 9.01307e-06 	 7.60603e-06
     4.055 	 8.74261e-06 	 7.37892e-06
     4.056 	 8.26501e-06 	 6.97546e-06
     4.057 	 7.78806e-06 	 6.57333e-06
     4.058 	 7.50123e-06 	 6.33091e-06
     4.059 	 7.40408e-06 	 6.2486e-06
     4.060 	 7.30702e-06 	 6.16638e-06
     4.061 	 7.90214e-06 	 6.66902e-06
     4.062 	 8.57372e-06 	 7.23545e-06
     4.063 	 8.91525e-06 	 7.5233e-06
     4.064 	 7.94002e-06 	 6.70076e-06
     4.065 	 6.96565e-06 	 5.87818e-06
     4.066 	 6.16921e-06 	 5.20583e-06
     4.067 	 5.55029e-06 	 4.68333e-06
     4.068 	 4.93193e-06 	 4.1614e-06
     4.069 	 5.18949e-06 	 4.37851e-06
     4.070 	 5.54437e-06 	 4.67771e-06
     4.071 	 6.11152e-06 	 5.15757e-06
     4.072 	 7.53523e-06 	 6.35875e-06
     4.073 	 8.95662e-06 	 7.55785e-06
     4.074 	  9.8308e-06 	 8.2951e-06
     4.075 	 1.03404e-05 	 8.72565e-06
     4.076 	 1.08495e-05 	 9.15481e-06
     4.077 	 1.05731e-05 	 8.92115e-06
     4.078 	 1.02103e-05 	 8.61462e-06
     4.079 	 9.67957e-06 	 8.16735e-06
     4.080 	 8.75641e-06 	 7.38806e-06
     4.081 	 7.83475e-06 	 6.6101e-06
     4.082 	 7.41862e-06 	 6.25871e-06
     4.083 	 7.33899e-06 	 6.19192e-06
     4.084 	 7.25953e-06 	 6.12457e-06
     4.085 	 7.87071e-06 	 6.64123e-06
     4.086 	 8.48088e-06 	 7.15573e-06
     4.087 	 9.19105e-06 	 7.75543e-06
     4.088 	 1.01356e-05 	 8.55201e-06
     4.089 	  1.1079e-05 	 9.34756e-06
     4.090 	  1.1491e-05 	 9.6947e-06
     4.091 	 1.16757e-05 	 9.85004e-06
     4.092 	   1.186e-05 	 1.00061e-05
     4.093 	 1.17479e-05 	 9.91106e-06
     4.094 	 1.16359e-05 	 9.81608e-06
     4.095 	  1.1272e-05 	 9.50862e-06
     4.096 	 1.05298e-05 	 8.88389e-06
     4.097 	 9.78921e-06 	 8.25956e-06
     4.098 	 9.50908e-06 	 8.0228e-06
     4.099 	 9.42556e-06 	 7.95194e-06
     4.100 	 9.34217e-06 	 7.88039e-06
     4.101 	  9.6851e-06 	 8.16929e-06
     4.102 	 1.00276e-05 	 8.45778e-06
     4.103 	 1.01473e-05 	 8.55931e-06
     4.104 	 9.93394e-06 	 8.38065e-06
     4.105 	 9.72096e-06 	 8.2006e-06
     4.106 	 8.61912e-06 	 7.27075e-06
     4.107 	 7.13842e-06 	 6.02141e-06
     4.108 	 5.87303e-06 	 4.95379e-06
     4.109 	 6.52091e-06 	 5.50001e-06
     4.110 	 7.16738e-06 	 6.04567e-06
     4.111 	 8.01756e-06 	 6.76378e-06
     4.112 	 9.17311e-06 	 7.73819e-06
     4.113 	 1.03267e-05 	 8.71082e-06
     4.114 	 1.12219e-05 	 9.4654e-06
     4.115 	 1.20515e-05 	 1.01646e-05
     4.116 	 1.27909e-05 	 1.07876e-05
     4.117 	  1.2729e-05 	 1.07369e-05
     4.118 	 1.26671e-05 	 1.06841e-05
     4.119 	 1.23198e-05 	 1.03906e-05
     4.120 	 1.16873e-05 	 9.85767e-06
     4.121 	 1.10559e-05 	 9.32466e-06
     4.122 	 1.01036e-05 	 8.52107e-06
     4.123 	 9.07311e-06 	 7.65317e-06
     4.124 	 8.18775e-06 	 6.90603e-06
     4.125 	 7.87616e-06 	 6.64289e-06
     4.126 	 7.56508e-06 	 6.38021e-06
     4.127 	 7.39741e-06 	 6.2385e-06
     4.128 	 7.37292e-06 	 6.2188e-06
     4.129 	 7.34845e-06 	 6.19785e-06
     4.130 	 7.46676e-06 	 6.29733e-06
     4.131 	 7.60074e-06 	 6.41001e-06
     4.132 	 7.77327e-06 	 6.55519e-06
     4.133 	 8.10029e-06 	 6.83063e-06
     4.134 	 8.42674e-06 	 7.10701e-06
     4.135 	 8.82796e-06 	 7.44503e-06
     4.136 	 9.30337e-06 	 7.84558e-06
     4.137 	 9.77794e-06 	 8.24538e-06
     4.138 	 1.01186e-05 	 8.53224e-06
     4.139 	 1.04438e-05 	 8.80781e-06
     4.140 	 1.06665e-05 	 8.99518e-06
     4.141 	  1.0482e-05 	 8.83906e-06
     4.142 	 1.02977e-05 	 8.68311e-06
     4.143 	 9.90874e-06 	 8.35464e-06
     4.144 	 9.38402e-06 	 7.91172e-06
     4.145 	  8.8602e-06 	 7.47115e-06
     4.146 	 8.41779e-06 	 7.09766e-06
     4.147 	 7.98508e-06 	 6.73241e-06
     4.148 	 7.84756e-06 	 6.61606e-06
     4.149 	 8.39871e-06 	 7.08028e-06
     4.150 	 8.94863e-06 	 7.54494e-06
     4.151 	 9.55772e-06 	 8.05826e-06
     4.152 	 1.02057e-05 	 8.60432e-06
     4.153 	 1.08526e-05 	 9.14945e-06
     4.154 	 1.14697e-05 	 9.66941e-06
     4.155 	 1.20861e-05 	 1.01888e-05
     4.156 	 1.26022e-05 	 1.06257e-05
     4.157 	 1.28869e-05 	 1.08654e-05
     4.158 	 1.31711e-05 	 1.11034e-05
     4.159 	 1.28842e-05 	 1.08612e-05
     4.160 	 1.23535e-05 	 1.04135e-05
     4.161 	 1.18237e-05 	 9.96648e-06
     4.162 	 1.11043e-05 	 9.36153e-06
     4.163 	 1.03866e-05 	 8.75606e-06
     4.164 	 9.56898e-06 	 8.0664e-06
     4.165 	 8.60134e-06 	 7.25036e-06
     4.166 	  7.6354e-06 	 6.43583e-06
     4.167 	 6.29555e-06 	 5.30563e-06
     4.168 	 4.79655e-06 	 4.04296e-06
     4.169 	 3.30091e-06 	 2.78217e-06
     4.170 	 2.17224e-06 	 1.83078e-06
     4.171 	 1.04556e-06 	 8.81171e-07
     4.172 	  3.1583e-07 	 2.66162e-07
     4.173 	 1.79057e-07 	 1.50892e-07
     4.174 	  4.2527e-08 	 3.58321e-08
     4.175 	           0 	        0
     4.176 	           0 	        0
     4.177 	           0 	        0
     4.178 	 5.95599e-08 	 5.01854e-08
     4.179 	 1.12129e-07 	 9.44763e-08
     4.180 	 1.06471e-06 	 8.96951e-07
     4.181 	 3.36778e-06 	 2.83702e-06
     4.182 	 5.66564e-06 	 4.7735e-06
     4.183 	 6.41414e-06 	 5.40391e-06
     4.184 	 6.77464e-06 	 5.70738e-06
     4.185 	 7.06029e-06 	 5.94711e-06
     4.186 	 6.67935e-06 	 5.62598e-06
     4.187 	  6.2991e-06 	 5.30547e-06
     4.188 	 6.25771e-06 	 5.27038e-06
     4.189 	 6.55433e-06 	 5.51934e-06
     4.190 	  6.8504e-06 	 5.7684e-06
     4.191 	 6.85417e-06 	 5.77246e-06
     4.192 	 6.78697e-06 	 5.71556e-06
     4.193 	 6.66557e-06 	 5.61304e-06
     4.194 	  6.3278e-06 	 5.32773e-06
     4.195 	 5.99119e-06 	 5.04406e-06
     4.196 	 5.67263e-06 	 4.77561e-06
     4.197 	 5.37185e-06 	 4.52216e-06
     4.198 	 5.07226e-06 	 4.26925e-06
     4.199 	 4.97491e-06 	 4.1871e-06
     4.200 	 4.90024e-06 	 4.12404e-06
     4.201 	 4.81833e-06 	 4.05441e-06
     4.202 	 4.70696e-06 	 3.96046e-06
     4.203 	 4.59601e-06 	 3.86688e-06
     4.204 	 4.37863e-06 	 3.68377e-06
     4.205 	 4.09101e-06 	 3.44119e-06
     4.206 	 3.80455e-06 	 3.20005e-06
     4.207 	 3.58769e-06 	 3.01747e-06
     4.208 	 3.37921e-06 	 2.84163e-06
     4.209 	 3.35688e-06 	 2.82269e-06
     4.210 	 4.07257e-06 	 3.42428e-06
     4.211 	 4.78521e-06 	 4.02289e-06
     4.212 	 5.55253e-06 	 4.66781e-06
     4.213 	 6.35496e-06 	 5.3422e-06
     4.214 	 7.15432e-06 	 6.01395e-06
     4.215 	  7.5484e-06 	 6.34428e-06
     4.216 	 7.89639e-06 	 6.63654e-06
     4.217 	 8.09641e-06 	 6.80372e-06
     4.218 	 7.95449e-06 	 6.68347e-06
     4.219 	 7.81311e-06 	 6.56444e-06
     4.220 	 7.56131e-06 	 6.35266e-06
     4.221 	 7.23653e-06 	 6.07895e-06
     4.222 	 6.91323e-06 	 5.80721e-06
     4.223 	 5.82669e-06 	 4.89382e-06
     4.224 	  4.7448e-06 	 3.98504e-06
     4.225 	 3.80247e-06 	 3.19352e-06
     4.226 	 3.17837e-06 	 2.66899e-06
     4.227 	 2.55667e-06 	 2.14687e-06
     4.228 	 2.30888e-06 	 1.93874e-06
     4.229 	 2.22038e-06 	 1.86417e-06
     4.230 	 2.13224e-06 	 1.79012e-06
     4.231 	 2.56962e-06 	 2.15722e-06
     4.232 	 3.00504e-06 	 2.52235e-06
     4.233 	 3.58093e-06 	 3.00559e-06
     4.234 	 4.36812e-06 	 3.66571e-06
     4.235 	  5.1514e-06 	 4.32283e-06
     4.236 	 5.08312e-06 	 4.26446e-06
     4.237 	 4.65336e-06 	 3.90328e-06
     4.238 	 4.18238e-06 	 3.50805e-06
     4.239 	 3.32708e-06 	 2.7902e-06
     4.240 	 2.47559e-06 	 2.07601e-06
     4.241 	 1.81484e-06 	 1.52181e-06
     4.242 	 1.43772e-06 	 1.20537e-06
     4.243 	 1.06229e-06 	 8.90557e-07
     4.244 	 1.20466e-06 	 1.00973e-06
     4.245 	 1.56701e-06 	 1.31337e-06
     4.246 	 1.82155e-06 	 1.52661e-06
     4.247 	 1.12306e-06 	 9.4105e-07
     4.248 	 4.28081e-07 	 3.58681e-07
     4.249 	 1.09388e-08 	 9.16379e-09
     4.250 	           0 	        0
     4.251 	           0 	        0
     4.252 	           0 	        0
     4.253 	           0 	        0
     4.254 	           0 	        0
     4.255 	           0 	        0
     4.256 	           0 	        0
     4.257 	 2.90316e-08 	 2.429e-08
     4.258 	 8.41069e-08 	 7.03645e-08
     4.259 	 1.38923e-07 	 1.16202e-07
     4.260 	  4.0302e-07 	 3.37078e-07
     4.261 	 7.18036e-07 	 6.00463e-07
     4.262 	 9.12706e-07 	 7.63078e-07
     4.263 	 6.33018e-07 	 5.29163e-07
     4.264 	 3.54648e-07 	 2.96454e-07
     4.265 	 1.74452e-07 	 1.45805e-07
     4.266 	 9.18302e-08 	 7.6748e-08
     4.267 	           0 	        0
     4.268 	           0 	        0
     4.269 	           0 	        0
     4.270 	           0 	        0
     4.271 	           0 	        0
     4.272 	           0 	        0
     4.273 	           0 	        0
     4.274 	           0 	        0
     4.275 	           0 	        0
     4.276 	 4.82129e-07 	 4.02493e-07
     4.277 	  9.9964e-07 	 8.34381e-07
     4.278 	 1.32819e-06 	 1.10855e-06
     4.279 	  9.3737e-07 	 7.8223e-07
     4.280 	 5.52815e-07 	 4.61295e-07
     4.281 	  3.1379e-07 	 2.61794e-07
     4.282 	 1.70467e-07 	 1.4221e-07
     4.283 	 2.95931e-08 	 2.46861e-08
     4.284 	 1.05467e-08 	 8.79627e-09
     4.285 	           0 	        0
     4.286 	           0 	        0
     4.287 	           0 	        0
     4.288 	           0 	        0
     4.289 	 3.82263e-08 	 3.18541e-08
     4.290 	 9.90713e-08 	 8.25508e-08
     4.291 	 1.58771e-07 	 1.32275e-07
     4.292 	  5.7026e-07 	 4.75078e-07
     4.293 	  9.7406e-07 	 8.11357e-07
     4.294 	 1.34742e-06 	 1.12231e-06
     4.295 	 1.66163e-06 	 1.38382e-06
     4.296 	 1.96941e-06 	 1.64008e-06
     4.297 	 1.98295e-06 	 1.65129e-06
     4.298 	 1.87376e-06 	 1.56013e-06
     4.299 	 1.76637e-06 	 1.47066e-06
     4.300 	 2.30327e-06 	 1.91738e-06
     4.301 	 2.76941e-06 	 2.30524e-06
     4.302 	 2.98404e-06 	 2.48341e-06
     4.303 	 2.86382e-06 	 2.38317e-06
     4.304 	 2.74508e-06 	 2.28417e-06
     4.305 	 2.28143e-06 	 1.898e-06
     4.306 	 1.70142e-06 	 1.41536e-06
     4.307 	  1.1724e-06 	 9.7509e-07
     4.308 	 7.91754e-07 	 6.58451e-07
     4.309 	 4.38651e-07 	 3.64768e-07
     4.310 	 3.40943e-07 	 2.83462e-07
     4.311 	 5.72945e-07 	 4.76308e-07
     4.312 	  7.7815e-07 	 6.46771e-07
     4.313 	  1.0815e-06 	 8.98826e-07
     4.314 	  1.3931e-06 	 1.15769e-06
     4.315 	 1.63449e-06 	 1.35802e-06
     4.316 	 1.64693e-06 	 1.36823e-06
     4.317 	  1.6411e-06 	 1.36311e-06
     4.318 	 1.48656e-06 	 1.23464e-06
     4.319 	  1.1571e-06 	 9.60928e-07
     4.320 	 8.65472e-07 	 7.18596e-07
     4.321 	 6.94912e-07 	 5.76958e-07
     4.322 	 5.38435e-07 	 4.47024e-07
     4.323 	 4.01653e-07 	 3.33412e-07
     4.324 	 3.83017e-07 	 3.1793e-07
     4.325 	 3.64819e-07 	 3.02812e-07
     4.326 	 3.34218e-07 	 2.77369e-07
     4.327 	 2.92301e-07 	 2.42572e-07
     4.328 	 2.52234e-07 	 2.0929e-07
     4.329 	 1.67703e-07 	 1.39145e-07
     4.330 	 7.65459e-08 	 6.35084e-08
     4.331 	           0 	        0
     4.332 	           0 	        0
     4.333 	           0 	        0
     4.334 	           0 	        0
     4.335 	           0 	        0
     4.336 	           0 	        0
     4.337 	           0 	        0
     4.338 	           0 	        0
     4.339 	           0 	        0
     4.340 	           0 	        0
     4.341 	           0 	        0
     4.342 	           0 	        0
     4.343 	           0 	        0
     4.344 	           0 	        0
     4.345 	           0 	        0
     4.346 	           0 	        0
     4.347 	           0 	        0
     4.348 	 2.91707e-08 	 2.41545e-08
     4.349 	 4.75987e-08 	 3.94056e-08
     4.350 	 7.06181e-08 	 5.84577e-08
     4.351 	 1.02251e-07 	 8.46377e-08
     4.352 	 1.33868e-07 	 1.10801e-07
     4.353 	 9.19457e-08 	 7.60883e-08
     4.354 	 4.19339e-08 	 3.46994e-08
     4.355 	           0 	        0
     4.356 	           0 	        0
     4.357 	           0 	        0
     4.358 	           0 	        0
     4.359 	           0 	        0
     4.360 	           0 	        0
     4.361 	           0 	        0
     4.362 	           0 	        0
     4.363 	           0 	        0
     4.364 	           0 	        0
     4.365 	           0 	        0
     4.366 	 2.90736e-08 	 2.40365e-08
     4.367 	 6.91113e-08 	 5.71331e-08
     4.368 	 1.09109e-07 	 9.01918e-08
     4.369 	 1.51916e-07 	 1.25553e-07
     4.370 	  1.9468e-07 	 1.609e-07
     4.371 	 2.26055e-07 	 1.86816e-07
     4.372 	 2.40212e-07 	 1.985e-07
     4.373 	 2.54362e-07 	 2.10175e-07
     4.374 	  2.5957e-07 	 2.14461e-07
     4.375 	 2.60954e-07 	 2.15587e-07
     4.376 	 2.64803e-07 	 2.18749e-07
     4.377 	 2.90798e-07 	 2.40203e-07
     4.378 	 3.16793e-07 	 2.61654e-07
     4.379 	 3.29892e-07 	 2.7245e-07
     4.380 	 3.23624e-07 	 2.67221e-07
     4.381 	 3.17355e-07 	 2.62027e-07
     4.382 	 3.05524e-07 	 2.52241e-07
     4.383 	   2.923e-07 	 2.41307e-07
     4.384 	 2.77923e-07 	 2.29469e-07
     4.385 	 2.53175e-07 	 2.09021e-07
     4.386 	 2.28439e-07 	 1.88586e-07
     4.387 	 1.91306e-07 	 1.57921e-07
     4.388 	 1.35583e-07 	 1.11914e-07
     4.389 	 7.98605e-08 	 6.59146e-08
     4.390 	 4.89741e-08 	 4.04191e-08
     4.391 	 2.43078e-08 	 2.00601e-08
     4.392 	           0 	        0
     4.393 	           0 	        0
     4.394 	           0 	        0
     4.395 	           0 	        0
     4.396 	           0 	        0
     4.397 	           0 	        0
     4.398 	           0 	        0
     4.399 	           0 	        0
     4.400 	 2.35711e-08 	 1.94433e-08
     4.401 	 8.63367e-08 	 7.12101e-08
     4.402 	 1.49102e-07 	 1.22966e-07
     4.403 	 2.01164e-07 	 1.65919e-07
     4.404 	 2.42512e-07 	 2.00001e-07
     4.405 	 2.83879e-07 	 2.3412e-07
     4.406 	 3.21845e-07 	 2.65403e-07
     4.407 	 3.59437e-07 	 2.96372e-07
     4.408 	 4.01631e-07 	 3.31128e-07
     4.409 	 4.62199e-07 	 3.81062e-07
     4.410 	 5.22767e-07 	 4.30953e-07
     4.411 	 5.88563e-07 	 4.8521e-07
     4.412 	 6.57879e-07 	 5.42419e-07
     4.413 	 7.27162e-07 	 5.99493e-07
     4.414 	 7.67638e-07 	 6.32812e-07
     4.415 	 8.04909e-07 	 6.63483e-07
     4.416 	 8.30967e-07 	 6.84986e-07
     4.417 	 8.30856e-07 	 6.84909e-07
     4.418 	 8.30744e-07 	 6.8476e-07
     4.419 	 7.69139e-07 	 6.33929e-07
     4.420 	 6.66604e-07 	 5.49437e-07
     4.421 	 5.64068e-07 	 4.64981e-07
     4.422 	 4.39708e-07 	 3.62438e-07
     4.423 	 3.12919e-07 	 2.57909e-07
     4.424 	 2.08658e-07 	 1.71983e-07
     4.425 	  1.5707e-07 	 1.29465e-07
     4.426 	 1.05506e-07 	 8.69566e-08
     4.427 	 9.39737e-08 	 7.74546e-08
     4.428 	 1.09087e-07 	 8.9904e-08
     4.429 	   1.242e-07 	 1.02372e-07
     4.430 	 2.19811e-07 	 1.81186e-07
     4.431 	 3.15468e-07 	 2.60003e-07
     4.432 	 3.89068e-07 	 3.20656e-07
     4.433 	   4.113e-07 	 3.38977e-07
     4.434 	 4.33532e-07 	 3.57257e-07
     4.435 	 4.46448e-07 	 3.67898e-07
     4.436 	 4.55374e-07 	 3.75208e-07
     4.437 	   4.643e-07 	 3.82516e-07
     4.438 	 4.53873e-07 	 3.73923e-07
     4.439 	 4.43452e-07 	 3.65404e-07
     4.440 	 4.23019e-07 	 3.48565e-07
     4.441 	 3.87575e-07 	 3.19332e-07
     4.442 	 3.52131e-07 	 2.90104e-07
     4.443 	 3.41985e-07 	 2.81753e-07
     4.444 	 3.42677e-07 	 2.82299e-07
     4.445 	  3.4264e-07 	 2.82305e-07
     4.446 	 3.36047e-07 	 2.76849e-07
     4.447 	 3.29455e-07 	 2.71426e-07
     4.448 	 3.17392e-07 	 2.61464e-07
     4.449 	 2.97125e-07 	 2.44776e-07
     4.450 	 2.76859e-07 	 2.28107e-07
     4.451 	 2.51314e-07 	 2.07059e-07
     4.452 	 2.24462e-07 	 1.84931e-07
     4.453 	 1.98667e-07 	 1.63678e-07
     4.454 	 1.82362e-07 	 1.50244e-07
     4.455 	 1.66057e-07 	 1.36794e-07
     4.456 	 1.54272e-07 	 1.27085e-07
     4.457 	 1.47013e-07 	 1.2109e-07
     4.458 	  1.3975e-07 	 1.15107e-07
     4.459 	 1.50095e-07 	 1.23612e-07
     4.460 	 1.64836e-07 	 1.35765e-07
     4.461 	 1.80492e-07 	 1.48664e-07
     4.462 	 2.04373e-07 	 1.68318e-07
     4.463 	 2.28254e-07 	 1.87991e-07
     4.464 	 2.53333e-07 	 2.08627e-07
     4.465 	 2.79587e-07 	 2.30254e-07
     4.466 	 3.05842e-07 	 2.51882e-07
     4.467 	  3.1433e-07 	 2.58849e-07
     4.468 	  3.1837e-07 	 2.62208e-07
     4.469 	 3.30307e-07 	 2.72046e-07
     4.470 	  3.7378e-07 	 3.07822e-07
     4.471 	 4.17274e-07 	 3.4364e-07
     4.472 	 4.70934e-07 	 3.87829e-07
     4.473 	  5.3477e-07 	 4.40398e-07
     4.474 	 5.98607e-07 	 4.9291e-07
     4.475 	  6.4046e-07 	 5.2737e-07
     4.476 	 6.79867e-07 	 5.59816e-07
     4.477 	 7.10221e-07 	 5.84866e-07
     4.478 	 7.04337e-07 	 5.7995e-07
     4.479 	 6.98452e-07 	 5.75101e-07
     4.480 	 6.75936e-07 	 5.56558e-07
     4.481 	 6.42349e-07 	 5.28914e-07
     4.482 	 6.08763e-07 	 5.0121e-07
     4.483 	 5.55811e-07 	 4.57623e-07
     4.484 	 5.00678e-07 	 4.12238e-07
     4.485 	 4.69399e-07 	 3.86492e-07
     4.486 	 4.93732e-07 	 4.06536e-07
     4.487 	 5.18064e-07 	 4.26528e-07
     4.488 	 5.48774e-07 	 4.5173e-07
     4.489 	 5.83737e-07 	 4.8052e-07
     4.490 	   6.187e-07 	 5.09311e-07
     4.491 	   6.566e-07 	 5.4057e-07
     4.492 	 6.94481e-07 	 5.71764e-07
     4.493 	 6.93916e-07 	 5.71306e-07
     4.494 	 6.03621e-07 	 4.96913e-07
     4.495 	 5.13326e-07 	 4.22585e-07
     4.496 	 4.49147e-07 	 3.6968e-07
     4.497 	 4.02362e-07 	 3.31176e-07
     4.498 	   3.556e-07 	 2.9269e-07
     4.499 	   3.376e-07 	 2.77877e-07
     4.500 	 3.19601e-07 	 2.63065e-07
     4.501 	 3.27928e-07 	 2.6987e-07
     4.502 	   3.977e-07 	 3.27297e-07
     4.503 	 4.67472e-07 	 3.84725e-07
     4.504 	 5.43757e-07 	 4.47426e-07
     4.505 	 6.22778e-07 	 5.12459e-07
     4.506 	   7.018e-07 	 5.77436e-07
     4.507 	 7.73443e-07 	 6.36268e-07
     4.508 	 8.45087e-07 	 6.95221e-07
     4.509 	 8.66251e-07 	 7.12647e-07
     4.510 	 8.11549e-07 	 6.67522e-07
     4.511 	 7.56874e-07 	 6.22579e-07
     4.512 	 7.08577e-07 	 5.82879e-07
     4.513 	 6.63007e-07 	 5.45307e-07
     4.514 	 6.19044e-07 	 5.09172e-07
     4.515 	 5.89532e-07 	 4.84822e-07
     4.516 	 5.60019e-07 	 4.60572e-07
     4.517 	 5.45008e-07 	 4.48201e-07
     4.518 	 5.51776e-07 	 4.53696e-07
     4.519 	 5.58544e-07 	 4.59282e-07
     4.520 	 5.31817e-07 	 4.37235e-07
     4.521 	   4.967e-07 	 4.08373e-07
     4.522 	 4.60902e-07 	 3.78873e-07
     4.523 	 4.18985e-07 	 3.44464e-07
     4.524 	 3.77048e-07 	 3.09994e-07
     4.525 	 3.45171e-07 	 2.83734e-07
     4.526 	 3.23323e-07 	 2.65754e-07
     4.527 	 3.01476e-07 	 2.47752e-07
     4.528 	 3.06519e-07 	 2.51902e-07
     4.529 	 3.18296e-07 	 2.61533e-07
     4.530 	 3.32632e-07 	 2.7335e-07
     4.531 	 3.69903e-07 	 3.03921e-07
     4.532 	 4.07174e-07 	 3.34547e-07
     4.533 	 4.64403e-07 	 3.81457e-07
     4.534 	 5.41574e-07 	 4.44849e-07
     4.535 	 6.18744e-07 	 5.0814e-07
     4.536 	 6.67174e-07 	 5.47983e-07
     4.537 	 7.08426e-07 	 5.81753e-07
     4.538 	 7.42349e-07 	 6.09617e-07
     4.539 	 7.47089e-07 	 6.13329e-07
     4.540 	 7.51829e-07 	 6.17227e-07
     4.541 	 7.35477e-07 	 6.03773e-07
     4.542 	 6.98015e-07 	 5.73041e-07
     4.543 	 6.60534e-07 	 5.42182e-07
     4.544 	 6.24555e-07 	 5.12669e-07
     4.545 	 5.88741e-07 	 4.83197e-07
     4.546 	 5.55471e-07 	 4.55908e-07
     4.547 	 5.32359e-07 	 4.36866e-07
     4.548 	 5.09247e-07 	 4.17915e-07
     4.549 	 5.08819e-07 	 4.17543e-07
     4.550 	 5.23527e-07 	 4.29628e-07
     4.551 	 5.38228e-07 	 4.41579e-07
     4.552 	 5.29836e-07 	 4.34765e-07
     4.553 	 5.18874e-07 	 4.25703e-07
     4.554 	  5.0539e-07 	 4.1466e-07
     4.555 	  4.8602e-07 	 3.9875e-07
     4.556 	 4.66641e-07 	 3.82869e-07
     4.557 	  4.4724e-07 	 3.66856e-07
     4.558 	  4.2782e-07 	 3.50871e-07
     4.559 	   4.084e-07 	 3.34999e-07
     4.560 	 4.41245e-07 	 3.61882e-07
     4.561 	 4.74091e-07 	 3.88827e-07
     4.562 	 5.11399e-07 	 4.19394e-07
     4.563 	 5.59171e-07 	 4.58533e-07
     4.564 	 6.06919e-07 	 4.97651e-07
     4.565 	 5.99172e-07 	 4.91306e-07
     4.566 	 5.54486e-07 	 4.54578e-07
     4.567 	   5.098e-07 	 4.17997e-07
     4.568 	 4.84953e-07 	 3.97549e-07
     4.569 	 4.60106e-07 	 3.77147e-07
     4.570 	 4.38004e-07 	 3.59004e-07
     4.571 	  4.2235e-07 	 3.46185e-07
     4.572 	 4.06696e-07 	 3.33405e-07
     4.573 	 3.99485e-07 	 3.27438e-07
     4.574 	 3.95893e-07 	 3.24505e-07
     4.575 	   3.923e-07 	 3.21511e-07
     4.576 	 3.85605e-07 	 3.16035e-07
     4.577 	 3.78914e-07 	 3.10498e-07
     4.578 	 3.73107e-07 	 3.05786e-07
     4.579 	 3.68626e-07 	 3.02062e-07
     4.580 	 3.64144e-07 	 2.98434e-07
     4.581 	 3.81241e-07 	 3.12386e-07
     4.582 	 4.07583e-07 	 3.33979e-07
     4.583 	  4.3324e-07 	 3.55006e-07
     4.584 	  4.5261e-07 	 3.70805e-07
     4.585 	  4.7198e-07 	 3.86723e-07
     4.586 	 4.89785e-07 	 4.01234e-07
     4.587 	 5.05244e-07 	 4.1395e-07
     4.588 	 5.20704e-07 	 4.2662e-07
     4.589 	 5.58948e-07 	 4.57871e-07
     4.590 	 6.02874e-07 	 4.93858e-07
     4.591 	 6.42831e-07 	 5.26479e-07
     4.592 	 6.47138e-07 	 5.30066e-07
     4.593 	 6.51445e-07 	 5.33591e-07
     4.594 	 6.36479e-07 	 5.21285e-07
     4.595 	  6.0222e-07 	 4.93223e-07
     4.596 	 5.67945e-07 	 4.65203e-07
     4.597 	 5.26968e-07 	 4.31505e-07
     4.598 	 4.84312e-07 	 3.9662e-07
     4.599 	 4.49095e-07 	 3.67777e-07
     4.600 	 4.43577e-07 	 3.63298e-07
     4.601 	  4.3806e-07 	 3.58703e-07
     4.602 	 4.52397e-07 	 3.70483e-07
     4.603 	 4.86576e-07 	 3.9847e-07
     4.604 	 5.20755e-07 	 4.26457e-07
     4.605 	 5.81223e-07 	 4.76027e-07
     4.606 	 6.48277e-07 	 5.3094e-07
     4.607 	 7.11445e-07 	 5.82618e-07
     4.608 	 7.59103e-07 	 6.2164e-07
     4.609 	 8.06783e-07 	 6.60757e-07
     4.610 	 8.23578e-07 	 6.74504e-07
     4.611 	 8.09542e-07 	 6.63085e-07
     4.612 	 7.95506e-07 	 6.51587e-07
     4.613 	 7.51274e-07 	 6.15428e-07
     4.614 	 7.03683e-07 	 5.76441e-07
     4.615 	 6.59298e-07 	 5.40033e-07
     4.616 	 6.27743e-07 	 5.14185e-07
     4.617 	 5.96204e-07 	 4.88406e-07
     4.618 	 5.91315e-07 	 4.844e-07
     4.619 	 6.04164e-07 	 4.94981e-07
     4.620 	 6.17013e-07 	 5.05507e-07
     4.621 	  6.1958e-07 	 5.0766e-07
     4.622 	 6.21004e-07 	 5.08817e-07
     4.623 	 6.23355e-07 	 5.10742e-07
     4.624 	 6.27874e-07 	 5.14435e-07
     4.625 	 6.32392e-07 	 5.18187e-07
     4.626 	 6.62258e-07 	 5.42649e-07
     4.627 	 7.09029e-07 	 5.81029e-07
     4.628 	   7.558e-07 	 6.19345e-07
     4.629 	 7.66803e-07 	 6.28421e-07
     4.630 	 7.77801e-07 	 6.37487e-07
     4.631 	 7.81462e-07 	 6.40552e-07
     4.632 	    7.68e-07 	 6.29507e-07
     4.633 	 7.54538e-07 	 6.18535e-07
     4.634 	 7.42542e-07 	 6.08692e-07
     4.635 	 7.31168e-07 	 5.99428e-07
     4.636 	   7.198e-07 	 5.90099e-07
     4.637 	 7.14911e-07 	 5.86148e-07
     4.638 	 7.10022e-07 	 5.8213e-07
     4.639 	 7.07015e-07 	 5.79654e-07
     4.640 	   7.084e-07 	 5.80848e-07
     4.641 	 7.09785e-07 	 5.8196e-07
     4.642 	 7.10511e-07 	 5.82599e-07
     4.643 	 7.10956e-07 	 5.82939e-07
     4.644 	   7.114e-07 	 5.83346e-07
     4.645 	 7.31089e-07 	 5.99466e-07
     4.646 	 7.50779e-07 	 6.15656e-07
     4.647 	  7.8593e-07 	 6.44454e-07
     4.648 	 8.44309e-07 	 6.92375e-07
     4.649 	 9.02717e-07 	 7.40241e-07
     4.650 	 9.17641e-07 	 7.52533e-07
     4.651 	 9.13987e-07 	 7.49521e-07
     4.652 	 9.08738e-07 	 7.45287e-07
     4.653 	 8.89149e-07 	 7.29205e-07
     4.654 	 8.69561e-07 	 7.13352e-07
     4.655 	 8.50738e-07 	 6.97895e-07
     4.656 	 8.33087e-07 	 6.834e-07
     4.657 	 8.15435e-07 	 6.68982e-07
     4.658 	 8.02657e-07 	 6.58484e-07
     4.659 	   7.911e-07 	 6.49062e-07
     4.660 	 7.80165e-07 	 6.40076e-07
     4.661 	 7.74819e-07 	 6.35737e-07
     4.662 	 7.69471e-07 	 6.31323e-07
     4.663 	 7.90344e-07 	 6.48497e-07
     4.664 	 8.37409e-07 	 6.87086e-07
     4.665 	 8.84474e-07 	 7.25892e-07
     4.666 	 9.14755e-07 	 7.50799e-07
     4.667 	 9.40833e-07 	 7.7217e-07
     4.668 	 9.60914e-07 	 7.88709e-07
     4.669 	 9.56988e-07 	 7.85452e-07
     4.670 	 9.53062e-07 	 7.82287e-07
     4.671 	 8.92435e-07 	 7.32512e-07
     4.672 	 7.75162e-07 	 6.36245e-07
     4.673 	 6.57888e-07 	 5.40043e-07
     4.674 	 5.84908e-07 	 4.80226e-07
     4.675 	 5.22992e-07 	 4.29435e-07
     4.676 	 4.75013e-07 	 3.90032e-07
     4.677 	 4.82567e-07 	 3.96229e-07
     4.678 	 4.90121e-07 	 4.02471e-07
     4.679 	 5.06394e-07 	 4.15827e-07
     4.680 	 5.31395e-07 	 4.364e-07
     4.681 	 5.56408e-07 	 4.56914e-07
     4.682 	 5.85509e-07 	 4.8088e-07
     4.683 	 6.15064e-07 	 5.05182e-07
     4.684 	 6.38677e-07 	 5.24597e-07
     4.685 	 6.38562e-07 	 5.24532e-07
     4.686 	 6.38446e-07 	 5.24404e-07
     4.687 	 6.39311e-07 	 5.25082e-07
     4.688 	  6.4083e-07 	 5.26358e-07
     4.689 	 6.42348e-07 	 5.27679e-07
     4.690 	   6.452e-07 	 5.29988e-07
     4.691 	   6.482e-07 	 5.325e-07
     4.692 	 6.50589e-07 	 5.34447e-07
     4.693 	 6.51552e-07 	 5.35222e-07
     4.694 	 6.52515e-07 	 5.36061e-07
     4.695 	 6.53685e-07 	 5.37006e-07
     4.696 	 6.54992e-07 	 5.38064e-07
     4.697 	   6.563e-07 	 5.39295e-07
     4.698 	 6.58374e-07 	 5.40982e-07
     4.699 	 6.60447e-07 	 5.42669e-07
     4.700 	 6.62971e-07 	 5.4479e-07
     4.701 	 6.66551e-07 	 5.47703e-07
     4.702 	 6.70128e-07 	 5.50614e-07
     4.703 	 6.70085e-07 	 5.50606e-07
     4.704 	 6.68492e-07 	 5.49332e-07
     4.705 	   6.669e-07 	 5.47995e-07
     4.706 	 6.30315e-07 	 5.17905e-07
     4.707 	 5.93729e-07 	 4.87974e-07
     4.708 	 5.51752e-07 	 4.5345e-07
     4.709 	  4.9725e-07 	 4.08635e-07
     4.710 	 4.42748e-07 	 3.63826e-07
     4.711 	 3.89506e-07 	 3.20103e-07
     4.712 	 3.36803e-07 	 2.76782e-07
     4.713 	   2.841e-07 	 2.33464e-07
     4.714 	 3.17149e-07 	 2.60615e-07
     4.715 	 3.50183e-07 	 2.87785e-07
     4.716 	  3.9079e-07 	 3.21211e-07
     4.717 	 4.42752e-07 	 3.63909e-07
     4.718 	 4.94714e-07 	 4.06606e-07
     4.719 	 5.55096e-07 	 4.56272e-07
     4.720 	 6.19087e-07 	 5.08853e-07
     4.721 	 6.76251e-07 	 5.55805e-07
     4.722 	  6.7177e-07 	 5.52088e-07
     4.723 	 6.67288e-07 	 5.4837e-07
     4.724 	 6.49706e-07 	 5.34004e-07
     4.725 	 6.12481e-07 	 5.03479e-07
     4.726 	 5.75256e-07 	 4.72849e-07
     4.727 	 5.78558e-07 	 4.75533e-07
     4.728 	 5.92002e-07 	 4.86552e-07
     4.729 	 6.08017e-07 	 4.99682e-07
     4.730 	 6.47126e-07 	 5.3185e-07
     4.731 	 6.86236e-07 	 5.63973e-07
     4.732 	 7.48871e-07 	 6.15425e-07
     4.733 	 8.35055e-07 	 6.86227e-07
     4.734 	  9.2128e-07 	 7.5721e-07
     4.735 	 9.52135e-07 	 7.82541e-07
     4.736 	 9.69174e-07 	 7.96515e-07
     4.737 	  9.8217e-07 	 8.07258e-07
     4.738 	 9.79022e-07 	 8.04639e-07
     4.739 	 9.75875e-07 	 8.02022e-07
     4.740 	 9.80335e-07 	 8.05656e-07
     4.741 	 9.92416e-07 	 8.15557e-07
     4.742 	 1.00449e-06 	 8.25618e-07
     4.743 	   9.888e-07 	 8.12777e-07
     4.744 	 9.70019e-07 	 7.97312e-07
     4.745 	 9.46575e-07 	 7.78016e-07
     4.746 	 9.04509e-07 	 7.43415e-07
     4.747 	 8.62423e-07 	 7.08799e-07
     4.748 	  8.0535e-07 	 6.61868e-07
     4.749 	 7.33283e-07 	 6.0269e-07
     4.750 	 6.61217e-07 	 5.43438e-07
     4.751 	 6.26005e-07 	 5.14584e-07
     4.752 	 5.94894e-07 	 4.88992e-07
     4.753 	 5.82488e-07 	 4.78776e-07
     4.754 	 6.45021e-07 	 5.30155e-07
     4.755 	 7.07523e-07 	 5.81505e-07
     4.756 	 7.61869e-07 	 6.26147e-07
     4.757 	 8.10785e-07 	 6.66323e-07
     4.758 	 8.59701e-07 	 7.06496e-07
     4.759 	 8.99655e-07 	 7.393e-07
     4.760 	 9.38629e-07 	 7.71297e-07
     4.761 	  9.7431e-07 	 8.00732e-07
     4.762 	 1.00235e-06 	 8.23728e-07
     4.763 	 1.03038e-06 	 8.46712e-07
     4.764 	  1.0533e-06 	 8.65581e-07
     4.765 	  1.0728e-06 	 8.8145e-07
     4.766 	  1.0923e-06 	 8.97416e-07
     4.767 	 1.08804e-06 	 8.93861e-07
     4.768 	 1.08378e-06 	 8.90307e-07
     4.769 	 1.08035e-06 	 8.87434e-07
     4.770 	 1.07885e-06 	 8.86146e-07
     4.771 	 1.07735e-06 	 8.85059e-07
     4.772 	 1.07698e-06 	 8.8472e-07
     4.773 	 1.07709e-06 	 8.84775e-07
     4.774 	  1.0772e-06 	 8.84829e-07
     4.775 	  1.1047e-06 	 9.07381e-07
     4.776 	  1.1322e-06 	 9.29823e-07
     4.777 	 1.15092e-06 	 9.45158e-07
     4.778 	 1.15648e-06 	 9.49683e-07
     4.779 	 1.16203e-06 	 9.54201e-07
     4.780 	  1.1396e-06 	 9.35743e-07
     4.781 	  1.1052e-06 	 9.07445e-07
     4.782 	  1.0708e-06 	 8.7915e-07
     4.783 	 1.00604e-06 	 8.25836e-07
     4.784 	 9.41281e-07 	 7.72789e-07
     4.785 	 8.77309e-07 	 7.20227e-07
     4.786 	 8.14521e-07 	 6.68641e-07
     4.787 	 7.51703e-07 	 6.17037e-07
     4.788 	  7.1935e-07 	 5.90376e-07
     4.789 	 7.00006e-07 	 5.74466e-07
     4.790 	 6.83675e-07 	 5.6103e-07
     4.791 	 6.94414e-07 	 5.69811e-07
     4.792 	 7.05153e-07 	 5.78523e-07
     4.793 	 7.42157e-07 	 6.08846e-07
     4.794 	  8.1853e-07 	 6.71462e-07
     4.795 	 8.94903e-07 	 7.34145e-07
     4.796 	 9.26197e-07 	 7.59685e-07
     4.797 	   9.462e-07 	 7.76047e-07
     4.798 	 9.63056e-07 	 7.89824e-07
     4.799 	 9.51635e-07 	 7.80411e-07
     4.800 	 9.40208e-07 	 7.70905e-07
     4.801 	 9.01009e-07 	 7.38706e-07
     4.802 	 8.34059e-07 	 6.83762e-07
     4.803 	 7.67109e-07 	 6.28753e-07
     4.804 	 7.23402e-07 	 5.9288e-07
     4.805 	 6.85516e-07 	 5.61785e-07
     4.806 	 6.55608e-07 	 5.37169e-07
     4.807 	 6.57645e-07 	 5.38794e-07
     4.808 	 6.59682e-07 	 5.40418e-07
     4.809 	 6.84573e-07 	 5.60698e-07
     4.810 	 7.32297e-07 	 5.99737e-07
     4.811 	 7.80021e-07 	 6.38776e-07
     4.812 	 8.61786e-07 	 7.0553e-07
     4.813 	 9.47381e-07 	 7.75549e-07
     4.814 	 1.02395e-06 	 8.38071e-07
     4.815 	 1.06465e-06 	 8.71318e-07
     4.816 	 1.10534e-06 	 9.04368e-07
     4.817 	 1.13481e-06 	 9.28302e-07
     4.818 	 1.15304e-06 	 9.43145e-07
     4.819 	 1.17127e-06 	 9.57873e-07
     4.820 	 1.13552e-06 	 9.28567e-07
     4.821 	 1.09378e-06 	 8.94379e-07
     4.822 	 1.05673e-06 	 8.63929e-07
     4.823 	 1.03838e-06 	 8.48876e-07
     4.824 	 1.02004e-06 	 8.33733e-07
     4.825 	  1.0107e-06 	 8.26048e-07
     4.826 	 1.00737e-06 	 8.23178e-07
     4.827 	 1.00403e-06 	 8.20397e-07
     4.828 	 1.00145e-06 	 8.18141e-07
     4.829 	  9.9895e-07 	 8.1588e-07
     4.830 	   9.975e-07 	 8.14548e-07
     4.831 	   9.985e-07 	 8.15305e-07
     4.832 	   9.995e-07 	 8.15967e-07
     4.833 	  1.0086e-06 	 8.23336e-07
     4.834 	  1.0231e-06 	 8.35013e-07
     4.835 	  1.0376e-06 	 8.46784e-07
     4.836 	 9.97867e-07 	 8.14202e-07
     4.837 	 9.58134e-07 	 7.81632e-07
     4.838 	 9.06717e-07 	 7.39631e-07
     4.839 	 8.27931e-07 	 6.75095e-07
     4.840 	 7.49183e-07 	 6.10837e-07
     4.841 	 7.00542e-07 	 5.71051e-07
     4.842 	 6.64771e-07 	 5.41771e-07
     4.843 	    6.29e-07 	 5.12563e-07
     4.844 	 6.12964e-07 	 4.99384e-07
     4.845 	 5.96928e-07 	 4.86267e-07
     4.846 	 6.24256e-07 	 5.08413e-07
     4.847 	 7.16625e-07 	 5.8351e-07
     4.848 	 8.08994e-07 	 6.58649e-07
     4.849 	 8.82286e-07 	 7.17938e-07
     4.850 	 9.47403e-07 	 7.7075e-07
     4.851 	 1.00336e-06 	 8.1622e-07
     4.852 	 9.76982e-07 	 7.94618e-07
     4.853 	 9.50617e-07 	 7.73032e-07
     4.854 	 9.15699e-07 	 7.44588e-07
     4.855 	  8.6796e-07 	 7.05639e-07
     4.856 	  8.2022e-07 	 6.66704e-07
     4.857 	 7.69691e-07 	 6.25589e-07
     4.858 	 7.17968e-07 	 5.83324e-07
     4.859 	 6.72234e-07 	 5.46064e-07
     4.860 	 6.80568e-07 	 5.52731e-07
     4.861 	 6.88901e-07 	 5.59458e-07
     4.862 	 7.00901e-07 	 5.69095e-07
     4.863 	 7.18398e-07 	 5.8319e-07
     4.864 	 7.35896e-07 	 5.9728e-07
     4.865 	 7.71062e-07 	 6.25775e-07
     4.866 	 8.10673e-07 	 6.57796e-07
     4.867 	 8.47263e-07 	 6.87213e-07
     4.868 	 8.56877e-07 	 6.94878e-07
     4.869 	 8.66491e-07 	 7.02619e-07
     4.870 	 8.61323e-07 	 6.98293e-07
     4.871 	 8.41361e-07 	 6.81969e-07
     4.872 	 8.21389e-07 	 6.65645e-07
     4.873 	 7.94594e-07 	 6.43798e-07
     4.874 	 7.66093e-07 	 6.2065e-07
     4.875 	 7.38702e-07 	 5.98335e-07
     4.876 	 7.15743e-07 	 5.79443e-07
     4.877 	 6.92785e-07 	 5.6074e-07
     4.878 	 6.93273e-07 	 5.61018e-07
     4.879 	 7.17243e-07 	 5.80294e-07
     4.880 	 7.41201e-07 	 5.99552e-07
     4.881 	   7.598e-07 	 6.14546e-07
     4.882 	 7.77803e-07 	 6.28981e-07
     4.883 	 7.93371e-07 	 6.41441e-07
     4.884 	 7.99216e-07 	 6.46036e-07
     4.885 	 8.05064e-07 	 6.50632e-07
     4.886 	 8.04999e-07 	 6.50448e-07
     4.887 	    8.01e-07 	 6.46953e-07
     4.888 	    7.97e-07 	 6.43591e-07
     4.889 	 7.87835e-07 	 6.36061e-07
     4.890 	 7.78094e-07 	 6.28068e-07
     4.891 	 7.66219e-07 	 6.18353e-07
     4.892 	 7.45786e-07 	 6.01808e-07
     4.893 	 7.25362e-07 	 5.85204e-07
     4.894 	 7.10041e-07 	 5.72723e-07
     4.895 	 6.98118e-07 	 5.62987e-07
     4.896 	 6.86194e-07 	 5.53255e-07
     4.897 	 7.21231e-07 	 5.81381e-07
     4.898 	 7.61495e-07 	 6.13708e-07
     4.899 	 8.01431e-07 	 6.45756e-07
     4.900 	 8.40542e-07 	 6.77126e-07
     4.901 	 8.79652e-07 	 7.0846e-07
     4.902 	 9.17082e-07 	 7.38426e-07
     4.903 	 9.53391e-07 	 7.67474e-07
     4.904 	   9.897e-07 	 7.96508e-07
     4.905 	 9.94183e-07 	 7.99921e-07
     4.906 	 9.98663e-07 	 8.03164e-07
     4.907 	 9.97774e-07 	 8.02158e-07
     4.908 	  9.8435e-07 	 7.91171e-07
     4.909 	 9.70926e-07 	 7.80189e-07
     4.910 	 9.41574e-07 	 7.56416e-07
     4.911 	 9.05395e-07 	 7.27193e-07
     4.912 	   8.692e-07 	 6.97971e-07
     4.913 	  8.3566e-07 	 6.70891e-07
     4.914 	 8.02121e-07 	 6.43825e-07
     4.915 	 7.75925e-07 	 6.22661e-07
     4.916 	  7.6074e-07 	 6.10342e-07
     4.917 	 7.45555e-07 	 5.98028e-07
     4.918 	 7.31544e-07 	 5.8666e-07
     4.919 	 7.18046e-07 	 5.7564e-07
     4.920 	 7.04873e-07 	 5.6507e-07
     4.921 	 6.94616e-07 	 5.56719e-07
     4.922 	 6.84358e-07 	 5.48371e-07
     4.923 	 6.82182e-07 	 5.46502e-07
     4.924 	 6.92147e-07 	 5.54357e-07
     4.925 	 7.02116e-07 	 5.6221e-07
     4.926 	 7.22099e-07 	 5.78009e-07
     4.927 	 7.46364e-07 	 5.97293e-07
     4.928 	  7.7397e-07 	 6.19241e-07
     4.929 	 8.31589e-07 	 6.65186e-07
     4.930 	 8.89207e-07 	 7.11107e-07
     4.931 	 9.51141e-07 	 7.60367e-07
     4.932 	 1.01948e-06 	 8.14806e-07
     4.933 	 1.08781e-06 	 8.69211e-07
     4.934 	 1.08538e-06 	 8.67062e-07
     4.935 	 1.06523e-06 	 8.50761e-07
     4.936 	 1.04542e-06 	 8.34642e-07
     4.937 	 1.02865e-06 	 8.21057e-07
     4.938 	 1.01188e-06 	 8.07477e-07
     4.939 	 9.98832e-07 	 7.96872e-07
     4.940 	   9.895e-07 	 7.89143e-07
     4.941 	 9.80169e-07 	 7.81518e-07
     4.942 	 9.65627e-07 	 7.6974e-07
     4.943 	  9.4978e-07 	 7.56928e-07
     4.944 	 9.33252e-07 	 7.43491e-07
     4.945 	 9.13984e-07 	 7.27967e-07
     4.946 	 8.94725e-07 	 7.12458e-07
     4.947 	 8.87062e-07 	 7.06103e-07
     4.948 	 8.90985e-07 	 7.09056e-07
     4.949 	 8.94907e-07 	 7.12005e-07
     4.950 	 9.04798e-07 	 7.19616e-07
     4.951 	 9.15359e-07 	 7.27841e-07
     4.952 	 9.24154e-07 	 7.34657e-07
     4.953 	 9.25923e-07 	 7.35948e-07
     4.954 	 9.27692e-07 	 7.37176e-07
     4.955 	  9.2069e-07 	 7.31435e-07
     4.956 	 9.07839e-07 	 7.20965e-07
     4.957 	 8.94987e-07 	 7.10586e-07
     4.958 	 8.39881e-07 	 6.6667e-07
     4.959 	 7.80104e-07 	 6.18996e-07
     4.960 	 7.24767e-07 	 5.74947e-07
     4.961 	 6.87157e-07 	 5.44912e-07
     4.962 	 6.49548e-07 	 5.14961e-07
     4.963 	  6.2537e-07 	 4.9567e-07
     4.964 	 6.10143e-07 	 4.83423e-07
     4.965 	 5.94924e-07 	 4.71248e-07
     4.966 	 5.63634e-07 	 4.46299e-07
     4.967 	 5.30556e-07 	 4.20001e-07
     4.968 	 4.96791e-07 	 3.93174e-07
     4.969 	 4.61421e-07 	 3.65083e-07
     4.970 	 4.26051e-07 	 3.37013e-07
     4.971 	 4.32587e-07 	 3.4206e-07
     4.972 	 4.67043e-07 	 3.69217e-07
     4.973 	   5.015e-07 	 3.96395e-07
     4.974 	 5.57452e-07 	 4.40515e-07
     4.975 	 6.13404e-07 	 4.84556e-07
     4.976 	 6.51932e-07 	 5.14867e-07
     4.977 	 6.49699e-07 	 5.12918e-07
     4.978 	 6.47468e-07 	 5.11032e-07
     4.979 	  6.4086e-07 	 5.05693e-07
     4.980 	  6.3238e-07 	 4.98821e-07
     4.981 	   6.239e-07 	 4.91952e-07
     4.982 	 5.96173e-07 	 4.69971e-07
     4.983 	 5.68447e-07 	 4.4795e-07
     4.984 	 5.48066e-07 	 4.31781e-07
     4.985 	 5.38733e-07 	 4.24272e-07
     4.986 	   5.294e-07 	 4.16816e-07
     4.987 	 5.34139e-07 	 4.20392e-07
     4.988 	 5.44909e-07 	 4.2876e-07
     4.989 	 5.51923e-07 	 4.34118e-07
     4.990 	 5.25187e-07 	 4.12984e-07
     4.991 	 4.98439e-07 	 3.91804e-07
     4.992 	 4.65814e-07 	 3.66065e-07
     4.993 	 4.24358e-07 	 3.3343e-07
     4.994 	 3.82903e-07 	 3.00744e-07
     4.995 	 3.86951e-07 	 3.03846e-07
     4.996 	 4.02395e-07 	 3.15854e-07
     4.997 	 4.19471e-07 	 3.29172e-07
     4.998 	 4.51137e-07 	 3.53888e-07
     4.999 	 4.82803e-07 	 3.78585e-07
     5.000 	  5.0777e-07 	 3.98059e-07
     5.001 	 5.22691e-07 	 4.09584e-07
     5.002 	 5.37612e-07 	 4.21149e-07
     5.003 	 5.55232e-07 	 4.34768e-07
     5.004 	 5.73536e-07 	 4.48911e-07
     5.005 	 5.93589e-07 	 4.64466e-07
     5.006 	  6.2943e-07 	 4.92302e-07
     5.007 	 6.65271e-07 	 5.20113e-07
     5.008 	 6.94491e-07 	 5.42727e-07
     5.009 	 7.17083e-07 	 5.6021e-07
     5.010 	 7.39686e-07 	 5.77623e-07
     5.011 	 7.38999e-07 	 5.76855e-07
     5.012 	 7.32498e-07 	 5.7162e-07
     5.013 	 7.24815e-07 	 5.65397e-07
     5.014 	  7.1241e-07 	 5.55497e-07
     5.015 	 7.00005e-07 	 5.45605e-07
     5.016 	 6.85017e-07 	 5.3388e-07
     5.017 	 6.67434e-07 	 5.19966e-07
     5.018 	  6.4986e-07 	 5.0607e-07
     5.019 	 6.22167e-07 	 4.84367e-07
     5.020 	 5.93347e-07 	 4.61742e-07
     5.021 	 5.64069e-07 	 4.3878e-07
     5.022 	 5.32958e-07 	 4.1441e-07
     5.023 	 5.01847e-07 	 3.90107e-07
     5.024 	 4.65278e-07 	 3.61532e-07
     5.025 	 4.25101e-07 	 3.30179e-07
     5.026 	 3.84923e-07 	 2.9885e-07
     5.027 	 3.53008e-07 	 2.73959e-07
     5.028 	 3.22013e-07 	 2.49832e-07
     5.029 	 3.20989e-07 	 2.48935e-07
     5.030 	 3.90107e-07 	 3.02412e-07
     5.031 	 4.59192e-07 	 3.55821e-07
     5.032 	 5.40401e-07 	 4.18575e-07
     5.033 	  6.2968e-07 	 4.87583e-07
     5.034 	 7.18959e-07 	 5.5654e-07
     5.035 	 7.47036e-07 	 5.78034e-07
     5.036 	 7.68303e-07 	 5.94242e-07
     5.037 	 7.85855e-07 	 6.07564e-07
     5.038 	 7.94707e-07 	 6.14225e-07
     5.039 	 8.03558e-07 	 6.20805e-07
     5.040 	 7.98263e-07 	 6.16456e-07
     5.041 	 7.83531e-07 	 6.04825e-07
     5.042 	   7.688e-07 	 5.93204e-07
     5.043 	 7.24528e-07 	 5.58808e-07
     5.044 	 6.80278e-07 	 5.24458e-07
     5.045 	 6.30656e-07 	 4.86055e-07
     5.046 	   5.685e-07 	 4.37965e-07
     5.047 	 5.06344e-07 	 3.89915e-07
     5.048 	 4.66573e-07 	 3.59136e-07
     5.049 	 4.36394e-07 	 3.35764e-07
     5.050 	   4.062e-07 	 3.12399e-07
     5.051 	 3.87392e-07 	 2.97807e-07
     5.052 	 3.68583e-07 	 2.83226e-07
     5.053 	 3.61331e-07 	 2.77568e-07
     5.054 	 3.71404e-07 	 2.85183e-07
     5.055 	 3.81478e-07 	 2.92792e-07
     5.056 	 3.98104e-07 	 3.05422e-07
     5.057 	 4.17525e-07 	 3.20183e-07
     5.058 	 4.34789e-07 	 3.33278e-07
     5.059 	 4.32678e-07 	 3.31516e-07
     5.060 	 4.30567e-07 	 3.29755e-07
     5.061 	 4.29669e-07 	 3.28991e-07
     5.062 	 4.30592e-07 	 3.29554e-07
     5.063 	 4.31516e-07 	 3.30117e-07
     5.064 	 4.77191e-07 	 3.649e-07
     5.065 	 5.34042e-07 	 4.08194e-07
     5.066 	 5.90362e-07 	 4.51044e-07
     5.067 	 6.41907e-07 	 4.90269e-07
     5.068 	 6.93453e-07 	 5.29405e-07
     5.069 	 7.12429e-07 	 5.43653e-07
     5.070 	 6.82457e-07 	 5.20551e-07
     5.071 	   6.525e-07 	 4.97481e-07
     5.072 	 6.30918e-07 	 4.80814e-07
     5.073 	 6.11433e-07 	 4.65757e-07
     5.074 	 5.93199e-07 	 4.51667e-07
     5.075 	   5.862e-07 	 4.4614e-07
     5.076 	 5.79198e-07 	 4.40613e-07
     5.077 	 5.72681e-07 	 4.35462e-07
     5.078 	 5.66645e-07 	 4.30679e-07
     5.079 	 5.60609e-07 	 4.259e-07
     5.080 	  5.5494e-07 	 4.21405e-07
     5.081 	 5.49363e-07 	 4.16982e-07
     5.082 	 5.39335e-07 	 4.09186e-07
     5.083 	  5.1147e-07 	 3.8787e-07
     5.084 	 4.83619e-07 	 3.66584e-07
     5.085 	 4.51155e-07 	 3.41821e-07
     5.086 	 4.14084e-07 	 3.13592e-07
     5.087 	 3.77012e-07 	 2.85387e-07
     5.088 	 3.61135e-07 	 2.73211e-07
     5.089 	 3.47611e-07 	 2.6286e-07
     5.090 	 3.35437e-07 	 2.53538e-07
     5.091 	  3.2863e-07 	 2.4828e-07
     5.092 	 3.21823e-07 	 2.43025e-07
     5.093 	 3.13657e-07 	 2.3675e-07
     5.094 	 3.04583e-07 	 2.29796e-07
     5.095 	 2.95509e-07 	 2.22847e-07
     5.096 	  2.8629e-07 	 2.15795e-07
     5.097 	 2.77061e-07 	 2.08742e-07
     5.098 	 2.81254e-07 	 2.11803e-07
     5.099 	 3.16772e-07 	 2.3844e-07
     5.100 	 3.52289e-07 	 2.64997e-07
     5.101 	 3.96645e-07 	 2.98224e-07
     5.102 	 4.46918e-07 	 3.35866e-07
     5.103 	 4.97168e-07 	 3.7341e-07
     5.104 	 5.35254e-07 	 4.01827e-07
     5.105 	 5.71986e-07 	 4.29201e-07
     5.106 	 6.07876e-07 	 4.55918e-07
     5.107 	 6.41801e-07 	 4.81136e-07
     5.108 	 6.75727e-07 	 5.0633e-07
     5.109 	 6.86645e-07 	 5.14269e-07
     5.110 	 6.82222e-07 	 5.10715e-07
     5.111 	   6.778e-07 	 5.07102e-07
     5.112 	 6.45362e-07 	 4.82605e-07
     5.113 	 6.12924e-07 	 4.58129e-07
     5.114 	 5.64555e-07 	 4.21775e-07
     5.115 	  4.7892e-07 	 3.57627e-07
     5.116 	 3.93245e-07 	 2.93475e-07
     5.117 	 3.38417e-07 	 2.52436e-07
     5.118 	 2.96759e-07 	 2.21256e-07
     5.119 	   2.551e-07 	 1.90105e-07
     5.120 	 2.39141e-07 	 1.78126e-07
     5.121 	 2.23182e-07 	 1.66139e-07
     5.122 	 2.17156e-07 	 1.61575e-07
     5.123 	 2.26045e-07 	 1.68108e-07
     5.124 	 2.34934e-07 	 1.74634e-07
     5.125 	 2.73115e-07 	 2.02916e-07
     5.126 	 3.23848e-07 	 2.40463e-07
     5.127 	 3.70924e-07 	 2.75284e-07
     5.128 	 3.85143e-07 	 2.85697e-07
     5.129 	  3.9937e-07 	 2.96106e-07
     5.130 	 3.97453e-07 	 2.94505e-07
     5.131 	 3.71341e-07 	 2.75029e-07
     5.132 	  3.4523e-07 	 2.55571e-07
     5.133 	 3.04428e-07 	 2.25234e-07
     5.134 	 2.59947e-07 	 1.92234e-07
     5.135 	 2.16171e-07 	 1.59787e-07
     5.136 	 1.78939e-07 	 1.32205e-07
     5.137 	 1.41707e-07 	 1.04635e-07
     5.138 	 1.27564e-07 	 9.41476e-08
     5.139 	 1.36488e-07 	 1.00687e-07
     5.140 	 1.45413e-07 	 1.07207e-07
     5.141 	 1.73738e-07 	 1.28026e-07
     5.142 	 2.06939e-07 	 1.52415e-07
     5.143 	 2.41887e-07 	 1.78044e-07
     5.144 	 2.92688e-07 	 2.15329e-07
     5.145 	 3.43488e-07 	 2.52575e-07
     5.146 	 4.06122e-07 	 2.98444e-07
     5.147 	 4.80602e-07 	 3.52964e-07
     5.148 	 5.55083e-07 	 4.07375e-07
     5.149 	 5.65783e-07 	 4.14967e-07
     5.150 	 5.60514e-07 	 4.10894e-07
     5.151 	 5.52718e-07 	 4.04924e-07
     5.152 	 5.34832e-07 	 3.91621e-07
     5.153 	 5.16947e-07 	 3.78333e-07
     5.154 	 4.90146e-07 	 3.58491e-07
     5.155 	 4.54403e-07 	 3.32179e-07
     5.156 	 4.18678e-07 	 3.05907e-07
     5.157 	   3.889e-07 	 2.83969e-07
     5.158 	 3.59784e-07 	 2.62574e-07
     5.159 	 3.29114e-07 	 2.40038e-07
     5.160 	 2.92234e-07 	 2.1303e-07
     5.161 	 2.55355e-07 	 1.8605e-07
     5.162 	 2.26127e-07 	 1.64649e-07
     5.163 	 2.02021e-07 	 1.47021e-07
     5.164 	 1.77914e-07 	 1.29394e-07
     5.165 	 1.70621e-07 	 1.24025e-07
     5.166 	 1.65198e-07 	 1.20006e-07
     5.167 	 1.60402e-07 	 1.16461e-07
     5.168 	 1.57066e-07 	 1.1398e-07
     5.169 	 1.53732e-07 	 1.11488e-07
     5.170 	 1.56533e-07 	 1.1346e-07
     5.171 	 1.63416e-07 	 1.18372e-07
     5.172 	   1.703e-07 	 1.23294e-07
     5.173 	 1.40121e-07 	 1.01379e-07
     5.174 	 1.09941e-07 	 7.95012e-08
     5.175 	 7.91461e-08 	 5.71907e-08
     5.176 	 4.69615e-08 	 3.39121e-08
     5.177 	 1.47769e-08 	 1.06651e-08
     5.178 	           0 	        0
     5.179 	           0 	        0
     5.180 	           0 	        0
     5.181 	           0 	        0
     5.182 	           0 	        0
     5.183 	           0 	        0
     5.184 	           0 	        0
     5.185 	           0 	        0
     5.186 	           0 	        0
     5.187 	           0 	        0
     5.188 	           0 	        0
     5.189 	           0 	        0
     5.190 	 1.09542e-08 	 7.84423e-09
     5.191 	 2.25464e-08 	 1.61366e-08
     5.192 	 4.46571e-08 	 3.19399e-08
     5.193 	 6.67678e-08 	 4.77279e-08
     5.194 	 8.17724e-08 	 5.84145e-08
     5.195 	 9.37379e-08 	 6.69255e-08
     5.196 	  1.0124e-07 	 7.22184e-08
     5.197 	 6.86912e-08 	 4.89731e-08
     5.198 	  3.6142e-08 	 2.57499e-08
     5.199 	 1.53857e-08 	 1.09557e-08
     5.200 	 1.23472e-08 	 8.78613e-09
     5.201 	           0 	        0
     5.202 	 1.33825e-08 	 9.51229e-09
     5.203 	 1.92343e-08 	 1.36624e-08
     5.204 	 2.60866e-08 	 1.85194e-08
     5.205 	 4.19305e-08 	 2.9747e-08
     5.206 	 5.77743e-08 	 4.09642e-08
     5.207 	 8.44097e-08 	 5.98163e-08
     5.208 	 1.21865e-07 	 8.63103e-08
     5.209 	 1.59302e-07 	 1.12747e-07
     5.210 	 1.91714e-07 	 1.35611e-07
     5.211 	 2.22867e-07 	 1.57558e-07
     5.212 	 2.49375e-07 	 1.76199e-07
     5.213 	 2.34146e-07 	 1.65345e-07
     5.214 	 2.18911e-07 	 1.54499e-07
     5.215 	 2.06743e-07 	 1.45781e-07
     5.216 	 1.97634e-07 	 1.39278e-07
     5.217 	 1.88524e-07 	 1.32783e-07
     5.218 	 1.82517e-07 	 1.28478e-07
     5.219 	 1.77286e-07 	 1.24725e-07
     5.220 	 1.68475e-07 	 1.18446e-07
     5.221 	 1.45316e-07 	 1.02118e-07
     5.222 	 1.22168e-07 	 8.58021e-08
     5.223 	 9.89615e-08 	 6.94635e-08
     5.224 	 7.56957e-08 	 5.3102e-08
     5.225 	 5.24299e-08 	 3.67593e-08
     5.226 	 4.80004e-08 	 3.36343e-08
     5.227 	  4.5666e-08 	 3.198e-08
     5.228 	 4.56254e-08 	 3.1933e-08
     5.229 	 5.47395e-08 	 3.82896e-08
     5.230 	 6.38535e-08 	 4.46387e-08
     5.231 	 7.45654e-08 	 5.20861e-08
     5.232 	  8.6343e-08 	 6.02779e-08
     5.233 	 9.81206e-08 	 6.84685e-08
     5.234 	 1.13669e-07 	 7.92716e-08
     5.235 	 1.29628e-07 	 9.03481e-08
     5.236 	 1.32968e-07 	 9.26215e-08
     5.237 	 1.06857e-07 	 7.43895e-08
     5.238 	 8.07467e-08 	 5.61793e-08
     5.239 	 5.76346e-08 	 4.00754e-08
     5.240 	 3.65224e-08 	 2.53802e-08
     5.241 	    1.54e-08 	 1.06955e-08
     5.242 	 1.05482e-08 	 7.32146e-09
     5.243 	           0 	        0
     5.244 	           0 	        0
     5.245 	           0 	        0
     5.246 	           0 	        0
     5.247 	           0 	        0
     5.248 	           0 	        0
     5.249 	           0 	        0
     5.250 	           0 	        0
     5.251 	           0 	        0
     5.252 	           0 	        0
     5.253 	           0 	        0
     5.254 	           0 	        0
     5.255 	 1.11983e-08 	 7.70946e-09
     5.256 	 2.58992e-08 	 1.78171e-08
     5.257 	    4.06e-08 	 2.79133e-08
     5.258 	 1.27626e-07 	 8.76919e-08
     5.259 	 2.14651e-07 	 1.47377e-07
     5.260 	 2.79895e-07 	 1.92055e-07
     5.261 	 3.12376e-07 	 2.1422e-07
     5.262 	 3.44857e-07 	 2.36437e-07
     5.263 	 3.57777e-07 	 2.45205e-07
     5.264 	 3.62316e-07 	 2.48224e-07
     5.265 	 3.64149e-07 	 2.4942e-07
     5.266 	 3.41672e-07 	 2.33938e-07
     5.267 	 3.19184e-07 	 2.1846e-07
     5.268 	 2.99299e-07 	 2.04754e-07
     5.269 	 2.83302e-07 	 1.93763e-07
     5.270 	 2.67304e-07 	 1.82754e-07
     5.271 	  2.5557e-07 	 1.74666e-07
     5.272 	 2.44903e-07 	 1.67314e-07
     5.273 	 2.33418e-07 	 1.59409e-07
     5.274 	 2.14523e-07 	 1.46421e-07
     5.275 	 1.95638e-07 	 1.33482e-07
     5.276 	 1.75993e-07 	 1.20018e-07
     5.277 	  1.5559e-07 	 1.06065e-07
     5.278 	 1.35187e-07 	 9.21222e-08
     5.279 	 1.38082e-07 	 9.4048e-08
     5.280 	 1.46818e-07 	 9.99482e-08
     5.281 	 1.65577e-07 	 1.12677e-07
     5.282 	 2.24381e-07 	 1.52617e-07
     5.283 	 2.83184e-07 	 1.92517e-07
     5.284 	 3.48138e-07 	 2.36556e-07
     5.285 	 4.19248e-07 	 2.84732e-07
     5.286 	 4.90358e-07 	 3.32859e-07
     5.287 	 5.39163e-07 	 3.6573e-07
     5.288 	 5.82357e-07 	 3.94832e-07
     5.289 	 6.18027e-07 	 4.18806e-07
     5.290 	 6.23656e-07 	 4.22463e-07
     5.291 	 6.29284e-07 	 4.26061e-07
     5.292 	  6.0823e-07 	 4.11653e-07
     5.293 	 5.60445e-07 	 3.79121e-07
     5.294 	 5.12683e-07 	 3.46682e-07
     5.295 	 4.77767e-07 	 3.22909e-07
     5.296 	  4.4428e-07 	 3.00086e-07
     5.297 	 4.12763e-07 	 2.78622e-07
     5.298 	 3.89113e-07 	 2.62491e-07
     5.299 	 3.65462e-07 	 2.46317e-07
     5.300 	 3.38859e-07 	 2.28136e-07
     5.301 	 3.10309e-07 	 2.08674e-07
     5.302 	 2.81759e-07 	 1.89256e-07
     5.303 	 2.46683e-07 	 1.65461e-07
     5.304 	 2.10881e-07 	 1.41228e-07
     5.305 	  1.8093e-07 	 1.20951e-07
     5.306 	  1.6466e-07 	 1.09874e-07
     5.307 	 1.48399e-07 	 9.88052e-08
     5.308 	 1.43539e-07 	 9.53481e-08
     5.309 	  1.4627e-07 	 9.69084e-08
     5.310 	    1.49e-07 	 9.84326e-08
     5.311 	 1.54999e-07 	 1.02086e-07
     5.312 	 1.60998e-07 	 1.05666e-07
     5.313 	 1.70957e-07 	 1.11802e-07
     5.314 	  1.9015e-07 	 1.23874e-07
     5.315 	 2.09343e-07 	 1.35832e-07
     5.316 	  2.3076e-07 	 1.49087e-07
     5.317 	  2.5313e-07 	 1.62813e-07
     5.318 	   2.755e-07 	 1.76363e-07
     5.319 	 2.95533e-07 	 1.88263e-07
     5.320 	 3.15576e-07 	 2.00016e-07
     5.321 	 3.35922e-07 	 2.11772e-07
     5.322 	    3.57e-07 	 2.23818e-07
     5.323 	 3.78078e-07 	 2.35637e-07
     5.324 	 3.84037e-07 	 2.37948e-07
     5.325 	 3.83519e-07 	 2.36159e-07
     5.326 	    3.83e-07 	 2.34374e-07
     5.327 	 3.84346e-07 	 2.33661e-07
     5.328 	 3.85692e-07 	 2.32935e-07
     5.329 	 3.96443e-07 	 2.37807e-07
     5.330 	 4.21294e-07 	 2.50918e-07
     5.331 	 4.46146e-07 	 2.63779e-07
     5.332 	 4.74733e-07 	 2.78615e-07
     5.333 	 5.04935e-07 	 2.94101e-07
     5.334 	 5.34521e-07 	 3.08805e-07
     5.335 	 5.58702e-07 	 3.20199e-07
     5.336 	 5.82882e-07 	 3.31319e-07
     5.337 	 6.08651e-07 	 3.43106e-07
     5.338 	 6.36806e-07 	 3.55874e-07
     5.339 	 6.64974e-07 	 3.68434e-07
     5.340 	 6.60198e-07 	 3.62514e-07
     5.341 	 6.47198e-07 	 3.52165e-07
     5.342 	 6.33983e-07 	 3.41774e-07
     5.343 	 6.18831e-07 	 3.30428e-07
     5.344 	 6.03679e-07 	 3.19205e-07
     5.345 	 5.89364e-07 	 3.08547e-07
     5.346 	 5.75878e-07 	 2.98481e-07
     5.347 	   5.624e-07 	 2.8856e-07
     5.348 	 5.49209e-07 	 2.78876e-07
     5.349 	 5.36091e-07 	 2.69369e-07
     5.350 	 5.19874e-07 	 2.58461e-07
     5.351 	 4.91287e-07 	 2.4164e-07
     5.352 	 4.62687e-07 	 2.25077e-07
     5.353 	 4.34433e-07 	 2.08988e-07
     5.354 	 4.06513e-07 	 1.93364e-07
     5.355 	 3.78592e-07 	 1.78006e-07
     5.356 	 3.82843e-07 	 1.77903e-07
     5.357 	 3.95151e-07 	 1.81455e-07
     5.358 	 4.11364e-07 	 1.86681e-07
     5.359 	 4.43231e-07 	 1.98713e-07
     5.360 	 4.75082e-07 	 2.10429e-07
     5.361 	 5.05736e-07 	 2.21233e-07
     5.362 	 5.35193e-07 	 2.31232e-07
     5.363 	  5.6465e-07 	 2.4091e-07
     5.364 	 5.90763e-07 	 2.48864e-07
     5.365 	 6.16503e-07 	 2.5638e-07
     5.366 	 6.42507e-07 	 2.63674e-07
     5.367 	 6.69503e-07 	 2.71198e-07
     5.368 	 6.96499e-07 	 2.78436e-07
     5.369 	 7.22897e-07 	 2.85152e-07
     5.370 	 7.48897e-07 	 2.91495e-07
     5.371 	 7.74896e-07 	 2.97569e-07
     5.372 	 7.78366e-07 	 2.94906e-07
     5.373 	 7.79327e-07 	 2.91268e-07
     5.374 	 7.70446e-07 	 2.83992e-07
     5.375 	 7.38595e-07 	 2.68523e-07
     5.376 	 7.06744e-07 	 2.53437e-07
     5.377 	 6.72199e-07 	 2.37641e-07
     5.378 	 6.35858e-07 	 2.21696e-07
     5.379 	   5.995e-07 	 2.06099e-07
     5.380 	 5.58204e-07 	 1.89279e-07
     5.381 	 5.16909e-07 	 1.72802e-07
     5.382 	 4.82716e-07 	 1.59145e-07
     5.383 	   4.651e-07 	 1.51192e-07
     5.384 	 4.47484e-07 	 1.4348e-07
     5.385 	  4.7696e-07 	 1.50815e-07
     5.386 	  5.2658e-07 	 1.64213e-07
     5.387 	   5.762e-07 	 1.77194e-07
     5.388 	 6.32384e-07 	 1.91831e-07
     5.389 	 6.88568e-07 	 2.06118e-07
     5.390 	 7.16186e-07 	 2.11581e-07
     5.391 	 7.00888e-07 	 2.04378e-07
     5.392 	 6.85582e-07 	 1.97352e-07
     5.393 	 6.70909e-07 	 1.90676e-07
     5.394 	 6.56505e-07 	 1.84297e-07
     5.395 	   6.421e-07 	 1.78019e-07
     5.396 	 6.27525e-07 	 1.71903e-07
     5.397 	  6.1295e-07 	 1.6585e-07
     5.398 	 5.98916e-07 	 1.60125e-07
     5.399 	 5.85688e-07 	 1.54755e-07
     5.400 	 5.72466e-07 	 1.49519e-07
     5.401 	 5.51537e-07 	 1.42373e-07
     5.402 	 5.27305e-07 	 1.34604e-07
     5.403 	 5.03305e-07 	 1.26989e-07
     5.404 	 4.81383e-07 	 1.20075e-07
     5.405 	 4.59451e-07 	 1.13326e-07
     5.406 	   4.433e-07 	 1.08069e-07
     5.407 	 4.35801e-07 	 1.05006e-07
     5.408 	 4.28302e-07 	 1.01997e-07
     5.409 	 4.24282e-07 	 9.98586e-08
     5.410 	 4.21134e-07 	 9.7909e-08
     5.411 	 4.19883e-07 	 9.64491e-08
     5.412 	 4.35776e-07 	 9.88495e-08
     5.413 	 4.51661e-07 	 1.01195e-07
     5.414 	 4.74271e-07 	 1.049e-07
     5.415 	 5.03598e-07 	 1.0994e-07
     5.416 	 5.32926e-07 	 1.14813e-07
     5.417 	 5.58363e-07 	 1.18666e-07
     5.418 	 5.82837e-07 	 1.22195e-07
     5.419 	 6.05433e-07 	 1.25194e-07
     5.420 	 6.20579e-07 	 1.26599e-07
     5.421 	 6.35724e-07 	 1.27864e-07
     5.422 	 6.49586e-07 	 1.28788e-07
     5.423 	 6.62163e-07 	 1.29438e-07
     5.424 	  6.7474e-07 	 1.30018e-07
     5.425 	 6.81068e-07 	 1.29343e-07
     5.426 	 6.86698e-07 	 1.28474e-07
     5.427 	 6.87596e-07 	 1.26728e-07
     5.428 	 6.69599e-07 	 1.21548e-07
     5.429 	 6.51603e-07 	 1.16468e-07
     5.430 	 6.02913e-07 	 1.06139e-07
     5.431 	 5.23464e-07 	 9.06962e-08
     5.432 	 4.44052e-07 	 7.57396e-08
     5.433 	 3.88967e-07 	 6.52954e-08
     5.434 	 3.36588e-07 	 5.55948e-08
     5.435 	 2.86582e-07 	 4.65626e-08
     5.436 	 2.46049e-07 	 3.93055e-08
     5.437 	 2.05517e-07 	 3.22943e-08
     5.438 	 1.74249e-07 	 2.6924e-08
     5.439 	  1.4918e-07 	 2.2648e-08
     5.440 	  1.2411e-07 	 1.85183e-08
     5.441 	 1.26306e-07 	 1.85274e-08
     5.442 	 1.31536e-07 	 1.89514e-08
     5.443 	 1.37463e-07 	 1.94587e-08
     5.444 	  1.4502e-07 	 2.01627e-08
     5.445 	  1.5258e-07 	 2.0825e-08
     5.446 	 1.65944e-07 	 2.22303e-08
     5.447 	 1.83172e-07 	 2.40763e-08
     5.448 	   2.004e-07 	 2.58529e-08
     5.449 	 2.24729e-07 	 2.84444e-08
     5.450 	 2.49057e-07 	 3.09171e-08
     5.451 	 2.73057e-07 	 3.32557e-08
     5.452 	  2.9625e-07 	 3.53846e-08
     5.453 	 3.19443e-07 	 3.74047e-08
     5.454 	 3.40841e-07 	 3.911e-08
     5.455 	 3.61471e-07 	 4.06516e-08
     5.456 	   3.821e-07 	 4.21078e-08
     5.457 	  4.1098e-07 	 4.4361e-08
     5.458 	 4.39875e-07 	 4.64859e-08
     5.459 	 4.72537e-07 	 4.89104e-08
     5.460 	 5.10869e-07 	 5.17674e-08
     5.461 	 5.49202e-07 	 5.45056e-08
     5.462 	 5.85508e-07 	 5.68869e-08
     5.463 	 6.20946e-07 	 5.90342e-08
     5.464 	   6.564e-07 	 6.1023e-08
     5.465 	 6.68824e-07 	 6.084e-08
     5.466 	 6.81247e-07 	 6.06078e-08
     5.467 	 6.89115e-07 	 5.99897e-08
     5.468 	 6.90152e-07 	 5.87539e-08
     5.469 	 6.91189e-07 	 5.75208e-08
     5.470 	 6.43365e-07 	 5.23103e-08
     5.471 	 5.74573e-07 	 4.5668e-08
     5.472 	  5.0779e-07 	 3.9477e-08
     5.473 	 4.58763e-07 	 3.48678e-08
     5.474 	 4.09735e-07 	 3.04228e-08
     5.475 	 3.75566e-07 	 2.72331e-08
     5.476 	 3.63719e-07 	 2.57733e-08
     5.477 	 3.51867e-07 	 2.43829e-08
     5.478 	 3.42209e-07 	 2.31784e-08
     5.479 	 3.33099e-07 	 2.20401e-08
     5.480 	 3.23548e-07 	 2.093e-08
     5.481 	  3.1005e-07 	 1.95988e-08
     5.482 	 2.96552e-07 	 1.83073e-08
     5.483 	 2.83397e-07 	 1.71221e-08
     5.484 	 2.70578e-07 	 1.59715e-08
     5.485 	 2.57766e-07 	 1.48792e-08
     5.486 	  1.8601e-07 	 1.05107e-08
     5.487 	 9.94905e-08 	 5.50085e-09
     5.488 	 2.81195e-08 	 1.52051e-09
     5.489 	 1.72328e-08 	 9.12369e-10
     5.490 	           0 	        0
     5.491 	           0 	        0
     5.492 	           0 	        0
     5.493 	           0 	        0
     5.494 	           0 	        0
     5.495 	           0 	        0
     5.496 	           0 	        0
     5.497 	           0 	        0
     5.498 	           0 	        0
     5.499 	           0 	        0
     5.500 	           0 	        0
