Wavelength 	 FilterTrans 	      PCE
     0.500 	           0 	        0
     0.501 	           0 	        0
     0.502 	           0 	        0
     0.503 	           0 	        0
     0.504 	           0 	        0
     0.505 	           0 	        0
     0.506 	           0 	        0
     0.507 	           0 	        0
     0.508 	           0 	        0
     0.509 	           0 	        0
     0.510 	           0 	        0
     0.511 	           0 	        0
     0.512 	           0 	        0
     0.513 	           0 	        0
     0.514 	           0 	        0
     0.515 	           0 	        0
     0.516 	           0 	        0
     0.517 	           0 	        0
     0.518 	           0 	        0
     0.519 	           0 	        0
     0.520 	           0 	        0
     0.521 	           0 	        0
     0.522 	           0 	        0
     0.523 	           0 	        0
     0.524 	           0 	        0
     0.525 	           0 	        0
     0.526 	           0 	        0
     0.527 	           0 	        0
     0.528 	           0 	        0
     0.529 	           0 	        0
     0.530 	           0 	        0
     0.531 	           0 	        0
     0.532 	           0 	        0
     0.533 	           0 	        0
     0.534 	           0 	        0
     0.535 	           0 	        0
     0.536 	           0 	        0
     0.537 	           0 	        0
     0.538 	           0 	        0
     0.539 	           0 	        0
     0.540 	           0 	        0
     0.541 	           0 	        0
     0.542 	           0 	        0
     0.543 	           0 	        0
     0.544 	           0 	        0
     0.545 	           0 	        0
     0.546 	           0 	        0
     0.547 	           0 	        0
     0.548 	           0 	        0
     0.549 	           0 	        0
     0.550 	           0 	        0
     0.551 	           0 	        0
     0.552 	           0 	        0
     0.553 	           0 	        0
     0.554 	           0 	        0
     0.555 	           0 	        0
     0.556 	           0 	        0
     0.557 	           0 	        0
     0.558 	           0 	        0
     0.559 	           0 	        0
     0.560 	           0 	        0
     0.561 	           0 	        0
     0.562 	           0 	        0
     0.563 	           0 	        0
     0.564 	           0 	        0
     0.565 	           0 	        0
     0.566 	           0 	        0
     0.567 	           0 	        0
     0.568 	           0 	        0
     0.569 	           0 	        0
     0.570 	           0 	        0
     0.571 	           0 	        0
     0.572 	           0 	        0
     0.573 	           0 	        0
     0.574 	           0 	        0
     0.575 	           0 	        0
     0.576 	           0 	        0
     0.577 	           0 	        0
     0.578 	           0 	        0
     0.579 	           0 	        0
     0.580 	           0 	        0
     0.581 	           0 	        0
     0.582 	           0 	        0
     0.583 	           0 	        0
     0.584 	           0 	        0
     0.585 	           0 	        0
     0.586 	           0 	        0
     0.587 	           0 	        0
     0.588 	           0 	        0
     0.589 	           0 	        0
     0.590 	           0 	        0
     0.591 	           0 	        0
     0.592 	           0 	        0
     0.593 	           0 	        0
     0.594 	           0 	        0
     0.595 	           0 	        0
     0.596 	           0 	        0
     0.597 	           0 	        0
     0.598 	           0 	        0
     0.599 	           0 	        0
     0.600 	           0 	        0
     0.601 	           0 	        0
     0.602 	           0 	        0
     0.603 	           0 	        0
     0.604 	           0 	        0
     0.605 	           0 	        0
     0.606 	           0 	        0
     0.607 	           0 	        0
     0.608 	           0 	        0
     0.609 	           0 	        0
     0.610 	           0 	        0
     0.611 	           0 	        0
     0.612 	           0 	        0
     0.613 	           0 	        0
     0.614 	           0 	        0
     0.615 	           0 	        0
     0.616 	           0 	        0
     0.617 	           0 	        0
     0.618 	           0 	        0
     0.619 	           0 	        0
     0.620 	           0 	        0
     0.621 	           0 	        0
     0.622 	           0 	        0
     0.623 	           0 	        0
     0.624 	           0 	        0
     0.625 	           0 	        0
     0.626 	           0 	        0
     0.627 	           0 	        0
     0.628 	           0 	        0
     0.629 	           0 	        0
     0.630 	           0 	        0
     0.631 	           0 	        0
     0.632 	           0 	        0
     0.633 	           0 	        0
     0.634 	           0 	        0
     0.635 	           0 	        0
     0.636 	           0 	        0
     0.637 	           0 	        0
     0.638 	           0 	        0
     0.639 	           0 	        0
     0.640 	           0 	        0
     0.641 	           0 	        0
     0.642 	           0 	        0
     0.643 	           0 	        0
     0.644 	           0 	        0
     0.645 	           0 	        0
     0.646 	           0 	        0
     0.647 	           0 	        0
     0.648 	           0 	        0
     0.649 	           0 	        0
     0.650 	           0 	        0
     0.651 	           0 	        0
     0.652 	           0 	        0
     0.653 	           0 	        0
     0.654 	           0 	        0
     0.655 	           0 	        0
     0.656 	           0 	        0
     0.657 	           0 	        0
     0.658 	           0 	        0
     0.659 	           0 	        0
     0.660 	           0 	        0
     0.661 	           0 	        0
     0.662 	           0 	        0
     0.663 	           0 	        0
     0.664 	           0 	        0
     0.665 	           0 	        0
     0.666 	           0 	        0
     0.667 	           0 	        0
     0.668 	           0 	        0
     0.669 	           0 	        0
     0.670 	           0 	        0
     0.671 	           0 	        0
     0.672 	           0 	        0
     0.673 	           0 	        0
     0.674 	           0 	        0
     0.675 	           0 	        0
     0.676 	           0 	        0
     0.677 	           0 	        0
     0.678 	           0 	        0
     0.679 	           0 	        0
     0.680 	           0 	        0
     0.681 	           0 	        0
     0.682 	           0 	        0
     0.683 	           0 	        0
     0.684 	           0 	        0
     0.685 	           0 	        0
     0.686 	           0 	        0
     0.687 	           0 	        0
     0.688 	           0 	        0
     0.689 	           0 	        0
     0.690 	           0 	        0
     0.691 	           0 	        0
     0.692 	           0 	        0
     0.693 	           0 	        0
     0.694 	           0 	        0
     0.695 	           0 	        0
     0.696 	           0 	        0
     0.697 	           0 	        0
     0.698 	           0 	        0
     0.699 	           0 	        0
     0.700 	           0 	        0
     0.701 	           0 	        0
     0.702 	           0 	        0
     0.703 	           0 	        0
     0.704 	           0 	        0
     0.705 	           0 	        0
     0.706 	           0 	        0
     0.707 	           0 	        0
     0.708 	           0 	        0
     0.709 	           0 	        0
     0.710 	           0 	        0
     0.711 	           0 	        0
     0.712 	           0 	        0
     0.713 	           0 	        0
     0.714 	           0 	        0
     0.715 	           0 	        0
     0.716 	           0 	        0
     0.717 	           0 	        0
     0.718 	           0 	        0
     0.719 	           0 	        0
     0.720 	           0 	        0
     0.721 	           0 	        0
     0.722 	           0 	        0
     0.723 	           0 	        0
     0.724 	           0 	        0
     0.725 	           0 	        0
     0.726 	           0 	        0
     0.727 	           0 	        0
     0.728 	           0 	        0
     0.729 	           0 	        0
     0.730 	           0 	        0
     0.731 	           0 	        0
     0.732 	           0 	        0
     0.733 	           0 	        0
     0.734 	           0 	        0
     0.735 	           0 	        0
     0.736 	           0 	        0
     0.737 	           0 	        0
     0.738 	           0 	        0
     0.739 	           0 	        0
     0.740 	           0 	        0
     0.741 	           0 	        0
     0.742 	           0 	        0
     0.743 	           0 	        0
     0.744 	           0 	        0
     0.745 	           0 	        0
     0.746 	           0 	        0
     0.747 	           0 	        0
     0.748 	           0 	        0
     0.749 	           0 	        0
     0.750 	           0 	        0
     0.751 	           0 	        0
     0.752 	           0 	        0
     0.753 	           0 	        0
     0.754 	           0 	        0
     0.755 	           0 	        0
     0.756 	           0 	        0
     0.757 	           0 	        0
     0.758 	           0 	        0
     0.759 	           0 	        0
     0.760 	           0 	        0
     0.761 	           0 	        0
     0.762 	           0 	        0
     0.763 	           0 	        0
     0.764 	           0 	        0
     0.765 	           0 	        0
     0.766 	           0 	        0
     0.767 	           0 	        0
     0.768 	           0 	        0
     0.769 	           0 	        0
     0.770 	           0 	        0
     0.771 	           0 	        0
     0.772 	           0 	        0
     0.773 	           0 	        0
     0.774 	           0 	        0
     0.775 	           0 	        0
     0.776 	           0 	        0
     0.777 	           0 	        0
     0.778 	           0 	        0
     0.779 	           0 	        0
     0.780 	           0 	        0
     0.781 	           0 	        0
     0.782 	           0 	        0
     0.783 	           0 	        0
     0.784 	           0 	        0
     0.785 	           0 	        0
     0.786 	           0 	        0
     0.787 	           0 	        0
     0.788 	           0 	        0
     0.789 	           0 	        0
     0.790 	           0 	        0
     0.791 	           0 	        0
     0.792 	           0 	        0
     0.793 	           0 	        0
     0.794 	           0 	        0
     0.795 	           0 	        0
     0.796 	           0 	        0
     0.797 	           0 	        0
     0.798 	           0 	        0
     0.799 	           0 	        0
     0.800 	           0 	        0
     0.801 	           0 	        0
     0.802 	           0 	        0
     0.803 	           0 	        0
     0.804 	           0 	        0
     0.805 	           0 	        0
     0.806 	           0 	        0
     0.807 	           0 	        0
     0.808 	           0 	        0
     0.809 	           0 	        0
     0.810 	           0 	        0
     0.811 	           0 	        0
     0.812 	           0 	        0
     0.813 	           0 	        0
     0.814 	           0 	        0
     0.815 	           0 	        0
     0.816 	           0 	        0
     0.817 	           0 	        0
     0.818 	           0 	        0
     0.819 	           0 	        0
     0.820 	           0 	        0
     0.821 	           0 	        0
     0.822 	           0 	        0
     0.823 	           0 	        0
     0.824 	           0 	        0
     0.825 	           0 	        0
     0.826 	           0 	        0
     0.827 	           0 	        0
     0.828 	           0 	        0
     0.829 	           0 	        0
     0.830 	           0 	        0
     0.831 	           0 	        0
     0.832 	           0 	        0
     0.833 	  0.00847874 	 0.00594701
     0.834 	   0.0084641 	 0.00593187
     0.835 	  0.00845062 	 0.00591514
     0.836 	  0.00843886 	 0.00590216
     0.837 	   0.0084142 	 0.0058794
     0.838 	  0.00838782 	 0.00585489
     0.839 	  0.00836883 	 0.00583687
     0.840 	  0.00835046 	 0.0058193
     0.841 	  0.00833254 	   0.0058
     0.842 	  0.00829664 	 0.00577068
     0.843 	  0.00826615 	 0.00574446
     0.844 	  0.00824636 	 0.00572638
     0.845 	  0.00821427 	 0.0056985
     0.846 	   0.0081773 	 0.00566854
     0.847 	   0.0081354 	 0.00563466
     0.848 	  0.00808475 	 0.00559602
     0.849 	  0.00802651 	 0.00555092
     0.850 	  0.00796683 	 0.00550489
     0.851 	  0.00788635 	 0.00544683
     0.852 	  0.00776174 	 0.00535675
     0.853 	  0.00742598 	 0.00512119
     0.854 	  0.00698941 	 0.00481757
     0.855 	  0.00642165 	 0.00442347
     0.856 	  0.00583505 	 0.00401689
     0.857 	  0.00522919 	 0.00359756
     0.858 	  0.00461227 	 0.00317178
     0.859 	  0.00399871 	 0.00274844
     0.860 	  0.00339761 	 0.00233412
     0.861 	  0.00280384 	 0.00192529
     0.862 	  0.00221542 	 0.00152044
     0.863 	  0.00165312 	 0.001134
     0.864 	  0.00111913 	 0.000767326
     0.865 	 0.000619185 	 0.000424443
     0.866 	 0.000385603 	 0.000264251
     0.867 	 0.000232839 	 0.000159518
     0.868 	 0.000184033 	 0.000126054
     0.869 	 0.000152264 	 0.000104253
     0.870 	 0.000130849 	 8.95718e-05
     0.871 	 0.000125249 	 8.57083e-05
     0.872 	  0.00012495 	 8.54798e-05
     0.873 	 0.000132147 	 9.03713e-05
     0.874 	 0.000149053 	 0.000101904
     0.875 	 0.000167633 	 0.000114554
     0.876 	 0.000183527 	 0.000125392
     0.877 	  0.00019712 	 0.000134643
     0.878 	 0.000209115 	 0.000142809
     0.879 	 0.000203816 	 0.000139122
     0.880 	 0.000198978 	 0.000135779
     0.881 	 0.000195448 	 0.000133362
     0.882 	 0.000204003 	 0.000139181
     0.883 	 0.000216738 	 0.000147835
     0.884 	 0.000232054 	 0.000158193
     0.885 	 0.000245402 	 0.000167241
     0.886 	 0.000257136 	 0.000175196
     0.887 	 0.000256636 	 0.000174814
     0.888 	 0.000253544 	 0.000172597
     0.889 	 0.000246791 	 0.00016796
     0.890 	 0.000244831 	 0.000166586
     0.891 	 0.000246486 	 0.000167613
     0.892 	 0.000261701 	 0.000177862
     0.893 	 0.000273428 	 0.000185763
     0.894 	  0.00028179 	 0.000191331
     0.895 	 0.000272301 	 0.0001848
     0.896 	 0.000263419 	 0.000178706
     0.897 	 0.000260749 	 0.000176789
     0.898 	 0.000255084 	 0.000172865
     0.899 	  0.00024813 	 0.000168053
     0.900 	 0.000242255 	 0.000164
     0.901 	 0.000235378 	 0.000159282
     0.902 	 0.000227363 	 0.000153782
     0.903 	 0.000215626 	 0.000145787
     0.904 	 0.000202982 	 0.000137154
     0.905 	 0.000189441 	 0.000127941
     0.906 	  0.00017774 	 0.000119991
     0.907 	 0.000167102 	 0.000112765
     0.908 	   0.0001577 	 0.000106378
     0.909 	 0.000147321 	 9.93054e-05
     0.910 	 0.000135639 	 9.14015e-05
     0.911 	 0.000123046 	 8.28867e-05
     0.912 	 0.000111611 	 7.51498e-05
     0.913 	 0.000105235 	 7.08165e-05
     0.914 	 0.000100447 	 6.75707e-05
     0.915 	    9.67e-05 	 6.50205e-05
     0.916 	 9.73607e-05 	 6.54273e-05
     0.917 	 9.59789e-05 	 6.44741e-05
     0.918 	 9.13393e-05 	 6.13358e-05
     0.919 	 8.65562e-05 	 5.80905e-05
     0.920 	 8.25395e-05 	 5.53713e-05
     0.921 	 8.24219e-05 	 5.52861e-05
     0.922 	 8.67454e-05 	 5.81787e-05
     0.923 	 9.45121e-05 	 6.3374e-05
     0.924 	 9.71982e-05 	 6.51618e-05
     0.925 	  9.7643e-05 	 6.54592e-05
     0.926 	 9.43212e-05 	 6.32276e-05
     0.927 	 9.22419e-05 	 6.18284e-05
     0.928 	 9.06267e-05 	 6.07459e-05
     0.929 	 8.91784e-05 	 5.97774e-05
     0.930 	 8.58782e-05 	 5.7561e-05
     0.931 	 8.08878e-05 	 5.42294e-05
     0.932 	  8.3438e-05 	 5.59231e-05
     0.933 	 8.58303e-05 	 5.75405e-05
     0.934 	 8.62751e-05 	 5.78372e-05
     0.935 	 8.00841e-05 	 5.3684e-05
     0.936 	 7.15195e-05 	 4.79557e-05
     0.937 	 6.78783e-05 	 4.55178e-05
     0.938 	 6.58478e-05 	 4.41584e-05
     0.939 	 6.55457e-05 	 4.39688e-05
     0.940 	 6.75208e-05 	 4.52959e-05
     0.941 	 6.85451e-05 	 4.59943e-05
     0.942 	 6.60465e-05 	 4.43371e-05
     0.943 	 6.29702e-05 	 4.22856e-05
     0.944 	  5.9502e-05 	 3.99673e-05
     0.945 	 5.42857e-05 	 3.64832e-05
     0.946 	 4.95319e-05 	 3.32973e-05
     0.947 	 4.53621e-05 	 3.05048e-05
     0.948 	 4.22336e-05 	 2.84137e-05
     0.949 	 3.98144e-05 	 2.67992e-05
     0.950 	 3.91162e-05 	 2.6341e-05
     0.951 	 3.91603e-05 	 2.63787e-05
     0.952 	 3.96215e-05 	 2.67024e-05
     0.953 	 3.56969e-05 	 2.40666e-05
     0.954 	 3.35808e-05 	 2.26485e-05
     0.955 	 3.41608e-05 	 2.30541e-05
     0.956 	  4.0231e-05 	 2.7161e-05
     0.957 	 4.67927e-05 	 3.16103e-05
     0.958 	 4.92254e-05 	 3.32662e-05
     0.959 	 5.32237e-05 	 3.59876e-05
     0.960 	 5.83686e-05 	 3.94862e-05
     0.961 	 5.98096e-05 	 4.0484e-05
     0.962 	 5.98866e-05 	 4.05687e-05
     0.963 	 5.77592e-05 	 3.91467e-05
     0.964 	 5.86815e-05 	 3.97995e-05
     0.965 	 6.10935e-05 	 4.14631e-05
     0.966 	 6.63927e-05 	 4.5091e-05
     0.967 	 7.29344e-05 	 4.95733e-05
     0.968 	 8.05489e-05 	 5.47868e-05
     0.969 	 8.80373e-05 	 5.99216e-05
     0.970 	 9.68856e-05 	 6.60051e-05
     0.971 	 0.000108635 	 7.40632e-05
     0.972 	 0.000118231 	 8.06575e-05
     0.973 	 0.000127236 	 8.68838e-05
     0.974 	 0.000138616 	 9.47352e-05
     0.975 	 0.000149739 	 0.000102424
     0.976 	   0.0001606 	 0.000109944
     0.977 	 0.000165264 	 0.000113208
     0.978 	 0.000168971 	 0.000115845
     0.979 	 0.000172224 	 0.000118202
     0.980 	 0.000172763 	 0.000118672
     0.981 	 0.000171684 	 0.000118025
     0.982 	  0.00016629 	 0.000114428
     0.983 	 0.000161282 	 0.00011106
     0.984 	 0.000156735 	 0.000108014
     0.985 	 0.000147995 	 0.000102095
     0.986 	 0.000138543 	 9.56621e-05
     0.987 	 0.000129222 	 8.92964e-05
     0.988 	 0.000121186 	 8.38103e-05
     0.989 	 0.000114004 	 7.89151e-05
     0.990 	 0.000111212 	 7.70525e-05
     0.991 	  0.00010719 	 7.4338e-05
     0.992 	 0.000101438 	 7.04036e-05
     0.993 	 9.63523e-05 	 6.69332e-05
     0.994 	 9.10696e-05 	 6.33197e-05
     0.995 	 8.43577e-05 	 5.86983e-05
     0.996 	 7.83774e-05 	 5.45897e-05
     0.997 	 7.29032e-05 	 5.08281e-05
     0.998 	 7.09109e-05 	 4.94771e-05
     0.999 	 6.92362e-05 	 4.83512e-05
     1.000 	 6.79902e-05 	 4.75266e-05
     1.001 	 6.71674e-05 	 4.6987e-05
     1.002 	 6.66573e-05 	 4.66747e-05
     1.003 	 6.71219e-05 	 4.70435e-05
     1.004 	 6.72282e-05 	 4.71536e-05
     1.005 	 6.70421e-05 	 4.70677e-05
     1.006 	 6.36317e-05 	 4.47202e-05
     1.007 	 6.10906e-05 	 4.29611e-05
     1.008 	 6.06699e-05 	 4.2711e-05
     1.009 	 5.80161e-05 	 4.08714e-05
     1.010 	 5.49423e-05 	 3.87432e-05
     1.011 	 5.50153e-05 	 3.88322e-05
     1.012 	 5.68453e-05 	 4.01577e-05
     1.013 	 6.03621e-05 	 4.26785e-05
     1.014 	 5.99392e-05 	 4.24197e-05
     1.015 	 5.84712e-05 	 4.14162e-05
     1.016 	 5.55188e-05 	 3.93579e-05
     1.017 	 5.24733e-05 	 3.72391e-05
     1.018 	 4.96732e-05 	 3.52743e-05
     1.019 	 5.02892e-05 	 3.57492e-05
     1.020 	 5.14553e-05 	 3.66096e-05
     1.021 	 5.32429e-05 	 3.79172e-05
     1.022 	 5.79056e-05 	 4.12696e-05
     1.023 	 6.22843e-05 	 4.44323e-05
     1.024 	 6.44669e-05 	 4.60331e-05
     1.025 	 6.46513e-05 	 4.62001e-05
     1.026 	 6.39268e-05 	 4.57254e-05
     1.027 	  6.8056e-05 	 4.87211e-05
     1.028 	 7.14459e-05 	 5.12022e-05
     1.029 	 7.38518e-05 	 5.29603e-05
     1.030 	  7.7237e-05 	 5.54343e-05
     1.031 	 8.08345e-05 	 5.80797e-05
     1.032 	 8.44267e-05 	 6.06951e-05
     1.033 	 8.96799e-05 	 6.45211e-05
     1.034 	 9.60176e-05 	 6.91349e-05
     1.035 	  0.00010035 	 7.23172e-05
     1.036 	 0.000104332 	 7.52441e-05
     1.037 	 0.000107771 	 7.7785e-05
     1.038 	 0.000108785 	 7.85848e-05
     1.039 	  0.00010971 	 7.93131e-05
     1.040 	 0.000113479 	 8.2108e-05
     1.041 	 0.000117697 	 8.52174e-05
     1.042 	 0.000122262 	 8.85789e-05
     1.043 	 0.000126652 	 9.18381e-05
     1.044 	 0.000129235 	 9.37944e-05
     1.045 	 0.000128448 	 9.3282e-05
     1.046 	 0.000126103 	 9.16476e-05
     1.047 	 0.000122967 	 8.94339e-05
     1.048 	 0.000118227 	 8.60695e-05
     1.049 	  0.00011289 	 8.2229e-05
     1.050 	 0.000107012 	 7.80054e-05
     1.051 	 0.000104194 	 7.60175e-05
     1.052 	 0.000100452 	 7.33348e-05
     1.053 	 9.39995e-05 	 6.86915e-05
     1.054 	 8.80713e-05 	 6.43957e-05
     1.055 	 8.22251e-05 	 6.01669e-05
     1.056 	 7.49549e-05 	 5.48879e-05
     1.057 	 7.00021e-05 	 5.1294e-05
     1.058 	 6.75242e-05 	 4.95266e-05
     1.059 	 6.50121e-05 	 4.77145e-05
     1.060 	 6.24599e-05 	 4.58807e-05
     1.061 	 5.98096e-05 	 4.39631e-05
     1.062 	 5.86627e-05 	 4.31486e-05
     1.063 	  5.8192e-05 	 4.28358e-05
     1.064 	 5.58564e-05 	 4.11493e-05
     1.065 	 5.34874e-05 	 3.94341e-05
     1.066 	 5.10768e-05 	 3.7686e-05
     1.067 	  4.9603e-05 	 3.66227e-05
     1.068 	 4.85254e-05 	 3.58506e-05
     1.069 	 4.81663e-05 	 3.56127e-05
     1.070 	 4.66503e-05 	 3.4518e-05
     1.071 	 4.44157e-05 	 3.28888e-05
     1.072 	 4.15819e-05 	 3.08198e-05
     1.073 	  4.0488e-05 	 3.00311e-05
     1.074 	 4.19746e-05 	 3.11566e-05
     1.075 	 4.32175e-05 	 3.21027e-05
     1.076 	 4.43277e-05 	 3.29587e-05
     1.077 	 4.51341e-05 	 3.35855e-05
     1.078 	 4.77404e-05 	 3.55509e-05
     1.079 	 5.16596e-05 	 3.84975e-05
     1.080 	 5.61107e-05 	 4.1854e-05
     1.081 	  6.0645e-05 	 4.52751e-05
     1.082 	 6.52985e-05 	 4.87804e-05
     1.083 	 6.76562e-05 	 5.05798e-05
     1.084 	 6.92829e-05 	 5.18349e-05
     1.085 	 7.10085e-05 	 5.31658e-05
     1.086 	 7.24474e-05 	 5.42883e-05
     1.087 	 7.36404e-05 	 5.52293e-05
     1.088 	 7.54956e-05 	 5.66566e-05
     1.089 	 7.75919e-05 	 5.82859e-05
     1.090 	 8.00916e-05 	 6.02086e-05
     1.091 	 7.99464e-05 	 6.01336e-05
     1.092 	 7.88367e-05 	 5.93443e-05
     1.093 	 7.85475e-05 	 5.91662e-05
     1.094 	  7.7495e-05 	 5.84131e-05
     1.095 	  7.5671e-05 	 5.70769e-05
     1.096 	 7.56151e-05 	 5.70669e-05
     1.097 	 7.60508e-05 	 5.74454e-05
     1.098 	  7.7181e-05 	 5.83386e-05
     1.099 	 7.74623e-05 	 5.85841e-05
     1.100 	  7.7239e-05 	 5.84539e-05
     1.101 	 7.56869e-05 	 5.73228e-05
     1.102 	 7.50159e-05 	 5.68467e-05
     1.103 	 7.53918e-05 	 5.71761e-05
     1.104 	 7.57344e-05 	 5.74729e-05
     1.105 	 7.60253e-05 	 5.77261e-05
     1.106 	 7.61718e-05 	 5.78823e-05
     1.107 	 7.72141e-05 	 5.8712e-05
     1.108 	 7.87506e-05 	 5.99268e-05
     1.109 	  7.9255e-05 	 6.03442e-05
     1.110 	 7.97894e-05 	 6.07831e-05
     1.111 	 8.03658e-05 	 6.12525e-05
     1.112 	 8.18458e-05 	 6.24112e-05
     1.113 	 8.36894e-05 	 6.38742e-05
     1.114 	 8.61294e-05 	 6.57689e-05
     1.115 	 8.69487e-05 	 6.64196e-05
     1.116 	 8.66523e-05 	 6.62311e-05
     1.117 	  8.6089e-05 	 6.58328e-05
     1.118 	 8.49174e-05 	 6.49667e-05
     1.119 	 8.27442e-05 	 6.33487e-05
     1.120 	 7.98653e-05 	 6.11726e-05
     1.121 	 7.73657e-05 	 5.9288e-05
     1.122 	 7.79764e-05 	 5.97866e-05
     1.123 	 7.79188e-05 	 5.97712e-05
     1.124 	 7.73186e-05 	 5.93473e-05
     1.125 	 7.59648e-05 	 5.83427e-05
     1.126 	 7.42978e-05 	 5.70851e-05
     1.127 	 7.21002e-05 	 5.54231e-05
     1.128 	 7.11316e-05 	 5.47003e-05
     1.129 	 7.08423e-05 	 5.45038e-05
     1.130 	 7.21651e-05 	 5.55613e-05
     1.131 	 7.24008e-05 	 5.57668e-05
     1.132 	 7.15982e-05 	 5.51617e-05
     1.133 	 7.07145e-05 	 5.45043e-05
     1.134 	 7.00492e-05 	 5.40101e-05
     1.135 	 6.99256e-05 	 5.39496e-05
     1.136 	 6.92132e-05 	 5.34169e-05
     1.137 	 6.81119e-05 	 5.25851e-05
     1.138 	 6.55978e-05 	 5.06601e-05
     1.139 	  6.4123e-05 	 4.95432e-05
     1.140 	 6.38157e-05 	 4.9332e-05
     1.141 	 6.17935e-05 	 4.77802e-05
     1.142 	 5.91107e-05 	 4.57129e-05
     1.143 	 5.52923e-05 	 4.27749e-05
     1.144 	 5.33409e-05 	 4.12717e-05
     1.145 	 5.24754e-05 	 4.06117e-05
     1.146 	 5.32525e-05 	 4.12318e-05
     1.147 	 5.26798e-05 	 4.07946e-05
     1.148 	 5.03202e-05 	 3.89766e-05
     1.149 	 4.79914e-05 	 3.71813e-05
     1.150 	  4.6012e-05 	 3.56532e-05
     1.151 	 4.52891e-05 	 3.51072e-05
     1.152 	 4.40153e-05 	 3.41223e-05
     1.153 	 4.23835e-05 	 3.28606e-05
     1.154 	 4.14668e-05 	 3.21523e-05
     1.155 	 4.09485e-05 	 3.17563e-05
     1.156 	 4.10512e-05 	 3.18425e-05
     1.157 	 4.00918e-05 	 3.11006e-05
     1.158 	 3.87126e-05 	 3.00362e-05
     1.159 	 3.67473e-05 	 2.85164e-05
     1.160 	 3.64157e-05 	 2.82588e-05
     1.161 	 3.73382e-05 	 2.89839e-05
     1.162 	 3.93929e-05 	 3.0582e-05
     1.163 	 4.06057e-05 	 3.15233e-05
     1.164 	  4.0158e-05 	 3.11763e-05
     1.165 	 3.98863e-05 	 3.09685e-05
     1.166 	 3.96813e-05 	 3.08191e-05
     1.167 	 3.95105e-05 	 3.06862e-05
     1.168 	 3.87703e-05 	 3.01143e-05
     1.169 	 3.75151e-05 	 2.91396e-05
     1.170 	 3.74569e-05 	 2.91004e-05
     1.171 	 3.72169e-05 	 2.89156e-05
     1.172 	 3.63291e-05 	 2.82243e-05
     1.173 	  3.4781e-05 	 2.70199e-05
     1.174 	 3.29903e-05 	 2.56329e-05
     1.175 	 3.15839e-05 	 2.45366e-05
     1.176 	 3.08259e-05 	 2.39464e-05
     1.177 	 3.07574e-05 	 2.38893e-05
     1.178 	 3.16363e-05 	 2.45706e-05
     1.179 	 3.35494e-05 	 2.60631e-05
     1.180 	 3.79159e-05 	 2.94504e-05
     1.181 	 4.54703e-05 	 3.53192e-05
     1.182 	 5.50122e-05 	 4.27364e-05
     1.183 	 7.08596e-05 	 5.50385e-05
     1.184 	 9.00625e-05 	 6.99485e-05
     1.185 	 0.000113458 	 8.81216e-05
     1.186 	 0.000141769 	 0.000110125
     1.187 	 0.000172518 	 0.000134013
     1.188 	 0.000208249 	 0.000161757
     1.189 	 0.000248576 	 0.000193044
     1.190 	  0.00029181 	 0.000226651
     1.191 	 0.000342729 	 0.000266192
     1.192 	 0.000398191 	 0.000309228
     1.193 	  0.00046034 	 0.000357562
     1.194 	  0.00053595 	 0.000416236
     1.195 	 0.000619525 	 0.000481183
     1.196 	 0.000722632 	 0.000561193
     1.197 	 0.000844313 	 0.00065574
     1.198 	 0.000979444 	 0.000760591
     1.199 	  0.00115227 	 0.000894683
     1.200 	  0.00133887 	 0.00103966
     1.201 	  0.00154764 	 0.00120146
     1.202 	  0.00176993 	 0.00137368
     1.203 	   0.0019966 	 0.00154953
     1.204 	  0.00222344 	 0.00172513
     1.205 	    0.002446 	 0.00189712
     1.206 	  0.00266486 	 0.00206679
     1.207 	   0.0028683 	 0.00222375
     1.208 	   0.0030616 	 0.00237274
     1.209 	  0.00323609 	 0.00250811
     1.210 	  0.00338347 	 0.00262159
     1.211 	  0.00351503 	 0.00272266
     1.212 	  0.00360481 	 0.00279192
     1.213 	  0.00367325 	 0.00284402
     1.214 	  0.00372023 	 0.00287947
     1.215 	  0.00374195 	 0.002896
     1.216 	  0.00375731 	 0.00290696
     1.217 	   0.0037644 	 0.00291151
     1.218 	    0.003767 	 0.00291291
     1.219 	  0.00376709 	 0.0029123
     1.220 	  0.00376233 	 0.00290737
     1.221 	  0.00375618 	 0.00290201
     1.222 	  0.00374839 	 0.00289537
     1.223 	  0.00373853 	 0.00288715
     1.224 	  0.00372856 	 0.00287823
     1.225 	  0.00371942 	 0.00287019
     1.226 	  0.00370984 	 0.0028622
     1.227 	  0.00370004 	 0.00285374
     1.228 	  0.00369114 	 0.00284566
     1.229 	  0.00368324 	 0.00283867
     1.230 	  0.00367672 	 0.00283268
     1.231 	  0.00366933 	 0.00282655
     1.232 	  0.00366155 	 0.0028192
     1.233 	  0.00365304 	 0.0028119
     1.234 	  0.00364336 	 0.00280397
     1.235 	  0.00363287 	 0.00279456
     1.236 	  0.00362314 	 0.00278664
     1.237 	  0.00361401 	 0.00277829
     1.238 	  0.00360584 	 0.0027718
     1.239 	  0.00359837 	 0.00276476
     1.240 	  0.00359144 	 0.0027581
     1.241 	  0.00358626 	 0.00275341
     1.242 	   0.0035807 	 0.00274808
     1.243 	  0.00357485 	 0.00274291
     1.244 	  0.00357125 	 0.00273913
     1.245 	  0.00356809 	 0.00273594
     1.246 	  0.00356555 	 0.00273269
     1.247 	  0.00356308 	 0.00272953
     1.248 	  0.00356062 	 0.00272687
     1.249 	  0.00355803 	 0.00272387
     1.250 	  0.00355464 	 0.0027203
     1.251 	   0.0035505 	 0.00271586
     1.252 	  0.00354745 	 0.00271231
     1.253 	  0.00354429 	 0.00270811
     1.254 	  0.00354059 	 0.00270459
     1.255 	  0.00353662 	 0.00269976
     1.256 	  0.00353249 	 0.00269569
     1.257 	  0.00352788 	 0.00269063
     1.258 	  0.00352303 	 0.00268573
     1.259 	  0.00351791 	 0.00268033
     1.260 	  0.00351331 	 0.00267499
     1.261 	  0.00350859 	 0.00266998
     1.262 	  0.00350327 	 0.00266418
     1.263 	  0.00349826 	 0.00265896
     1.264 	  0.00349334 	 0.00265345
     1.265 	  0.00348656 	 0.0026469
     1.266 	  0.00347933 	 0.00263944
     1.267 	   0.0034715 	 0.00263205
     1.268 	  0.00346334 	 0.00262417
     1.269 	  0.00345454 	 0.00261606
     1.270 	  0.00344366 	 0.00260558
     1.271 	  0.00343212 	 0.00259578
     1.272 	  0.00342015 	 0.00258515
     1.273 	  0.00340733 	 0.00257382
     1.274 	  0.00339418 	 0.0025626
     1.275 	  0.00338051 	 0.00255017
     1.276 	  0.00336475 	 0.00253694
     1.277 	  0.00334877 	 0.00252307
     1.278 	  0.00333448 	 0.00251098
     1.279 	  0.00332007 	 0.00249806
     1.280 	  0.00330558 	 0.00248585
     1.281 	  0.00329038 	 0.00247245
     1.282 	  0.00327585 	 0.00246031
     1.283 	  0.00326263 	 0.00244843
     1.284 	  0.00325105 	 0.00243853
     1.285 	  0.00323988 	 0.00242896
     1.286 	  0.00322765 	 0.00241785
     1.287 	  0.00321615 	 0.00240805
     1.288 	   0.0032053 	 0.00239801
     1.289 	  0.00319705 	 0.00239039
     1.290 	  0.00318731 	 0.00238145
     1.291 	  0.00317373 	 0.00237004
     1.292 	  0.00315925 	 0.00235802
     1.293 	  0.00314496 	 0.00234559
     1.294 	  0.00313622 	 0.00233832
     1.295 	  0.00312754 	 0.0023299
     1.296 	  0.00311892 	 0.00232223
     1.297 	  0.00310716 	 0.00231203
     1.298 	  0.00309617 	 0.00230261
     1.299 	  0.00308844 	 0.00229563
     1.300 	   0.0030821 	 0.002289
     1.301 	  0.00307639 	 0.0022833
     1.302 	   0.0030692 	 0.00227655
     1.303 	  0.00306298 	  0.00227
     1.304 	  0.00305794 	 0.00226482
     1.305 	  0.00305584 	 0.00226163
     1.306 	  0.00305374 	 0.00225838
     1.307 	   0.0030497 	 0.00225395
     1.308 	  0.00304459 	 0.00224854
     1.309 	  0.00303885 	 0.00224238
     1.310 	  0.00303541 	 0.00223865
     1.311 	  0.00303217 	 0.00223459
     1.312 	   0.0030292 	 0.00223046
     1.313 	  0.00302756 	 0.00222802
     1.314 	  0.00302635 	 0.00222522
     1.315 	  0.00302556 	 0.0022227
     1.316 	    0.003026 	 0.00222157
     1.317 	  0.00302732 	 0.00222085
     1.318 	  0.00302756 	 0.00221909
     1.319 	   0.0030267 	 0.002217
     1.320 	  0.00302398 	 0.00221334
     1.321 	  0.00302083 	 0.00220947
     1.322 	  0.00301762 	 0.00220508
     1.323 	   0.0030149 	 0.00220129
     1.324 	  0.00301023 	 0.00219635
     1.325 	  0.00300392 	 0.00218948
     1.326 	  0.00299165 	 0.00217899
     1.327 	  0.00297747 	 0.0021671
     1.328 	  0.00296022 	 0.00215283
     1.329 	  0.00294184 	 0.00213724
     1.330 	  0.00292318 	 0.00212193
     1.331 	  0.00290607 	 0.00210828
     1.332 	  0.00288967 	 0.00209451
     1.333 	  0.00287398 	 0.00208126
     1.334 	  0.00285915 	 0.00206908
     1.335 	   0.0028449 	 0.00205712
     1.336 	  0.00283186 	 0.00204628
     1.337 	   0.0028193 	 0.00203516
     1.338 	   0.0028071 	 0.00202472
     1.339 	  0.00279646 	 0.00201542
     1.340 	  0.00278585 	 0.00200639
     1.341 	  0.00277526 	 0.00199705
     1.342 	  0.00276338 	 0.00198685
     1.343 	   0.0027503 	 0.00197598
     1.344 	  0.00273421 	 0.00196338
     1.345 	  0.00271592 	 0.00194837
     1.346 	  0.00269632 	 0.00193287
     1.347 	   0.0026742 	 0.00191578
     1.348 	  0.00264918 	 0.00189627
     1.349 	  0.00262015 	 0.00187389
     1.350 	  0.00258786 	 0.00184942
     1.351 	  0.00255516 	 0.0018248
     1.352 	   0.0025238 	 0.00180098
     1.353 	   0.0024939 	 0.00177786
     1.354 	    0.002465 	 0.00175604
     1.355 	  0.00243696 	 0.00173454
     1.356 	  0.00240964 	 0.00171394
     1.357 	  0.00238345 	 0.00169378
     1.358 	    0.002361 	 0.00167649
     1.359 	  0.00234058 	 0.00166067
     1.360 	  0.00232496 	 0.00164828
     1.361 	  0.00231282 	 0.00163804
     1.362 	   0.0023035 	  0.00163
     1.363 	  0.00229764 	 0.00162441
     1.364 	  0.00229182 	 0.00161903
     1.365 	  0.00228569 	 0.00161292
     1.366 	  0.00228325 	 0.00160962
     1.367 	  0.00228286 	 0.00160827
     1.368 	  0.00228744 	 0.00161007
     1.369 	  0.00229241 	 0.00161178
     1.370 	  0.00229775 	 0.0016141
     1.371 	  0.00230044 	 0.00161483
     1.372 	  0.00230227 	 0.00161444
     1.373 	  0.00230271 	 0.00161341
     1.374 	  0.00230392 	 0.0016131
     1.375 	  0.00230558 	 0.00161293
     1.376 	  0.00230836 	 0.00161319
     1.377 	  0.00231148 	 0.00161404
     1.378 	  0.00231497 	 0.00161549
     1.379 	  0.00231581 	 0.0016144
     1.380 	  0.00231558 	 0.0016129
     1.381 	  0.00231346 	 0.00161044
     1.382 	  0.00231187 	 0.00160817
     1.383 	  0.00231059 	 0.00160579
     1.384 	  0.00230988 	 0.00160414
     1.385 	  0.00230925 	 0.00160272
     1.386 	  0.00230871 	 0.00160085
     1.387 	  0.00230551 	 0.00159766
     1.388 	  0.00230182 	 0.00159395
     1.389 	  0.00229836 	 0.00159023
     1.390 	  0.00229523 	 0.00158692
     1.391 	  0.00229233 	 0.00158376
     1.392 	  0.00229072 	 0.00158132
     1.393 	  0.00228859 	 0.00157869
     1.394 	  0.00228563 	 0.00157568
     1.395 	  0.00228075 	 0.00157083
     1.396 	  0.00227521 	 0.00156602
     1.397 	  0.00226905 	 0.00156044
     1.398 	    0.002264 	 0.00155583
     1.399 	  0.00225979 	 0.00155179
     1.400 	  0.00225763 	 0.00154918
     1.401 	  0.00225534 	 0.00154634
     1.402 	  0.00225262 	 0.00154288
     1.403 	  0.00224895 	 0.0015391
     1.404 	  0.00224482 	 0.00153535
     1.405 	  0.00223997 	 0.00153045
     1.406 	  0.00223568 	 0.00152626
     1.407 	   0.0022319 	 0.0015221
     1.408 	  0.00222893 	 0.00151914
     1.409 	  0.00222655 	 0.0015161
     1.410 	  0.00222529 	 0.00151399
     1.411 	  0.00222185 	 0.00151014
     1.412 	  0.00221744 	 0.00150614
     1.413 	  0.00221246 	 0.00150174
     1.414 	  0.00220749 	 0.00149687
     1.415 	  0.00220253 	 0.0014925
     1.416 	  0.00219796 	 0.00148805
     1.417 	  0.00219321 	 0.00148382
     1.418 	  0.00218788 	 0.00147891
     1.419 	  0.00218168 	 0.00147355
     1.420 	  0.00217509 	 0.0014678
     1.421 	  0.00216948 	 0.00146292
     1.422 	  0.00216353 	 0.00145779
     1.423 	  0.00215716 	 0.00145258
     1.424 	  0.00215166 	 0.00144748
     1.425 	  0.00214613 	 0.00144284
     1.426 	  0.00213991 	 0.00143727
     1.427 	  0.00213376 	 0.00143238
     1.428 	  0.00212764 	 0.00142702
     1.429 	  0.00212133 	 0.00142189
     1.430 	  0.00211518 	 0.00141639
     1.431 	  0.00210926 	 0.00141155
     1.432 	  0.00210349 	 0.00140649
     1.433 	  0.00209754 	 0.00140146
     1.434 	  0.00209065 	 0.00139581
     1.435 	  0.00208397 	 0.00139019
     1.436 	  0.00207743 	 0.00138479
     1.437 	  0.00207132 	 0.00137983
     1.438 	  0.00206552 	 0.0013751
     1.439 	  0.00206022 	 0.00137025
     1.440 	  0.00205452 	 0.0013656
     1.441 	  0.00204877 	 0.00136039
     1.442 	  0.00204345 	 0.00135591
     1.443 	  0.00203828 	 0.00135155
     1.444 	  0.00203324 	 0.00134684
     1.445 	  0.00202846 	 0.00134275
     1.446 	  0.00202396 	 0.00133869
     1.447 	  0.00201998 	 0.00133528
     1.448 	  0.00201567 	 0.00133107
     1.449 	  0.00201122 	 0.00132705
     1.450 	  0.00200678 	 0.00132322
     1.451 	  0.00200214 	 0.00131896
     1.452 	  0.00199729 	 0.00131469
     1.453 	  0.00199267 	 0.00131072
     1.454 	  0.00198804 	 0.00130648
     1.455 	   0.0019833 	 0.00130282
     1.456 	  0.00197878 	 0.00129921
     1.457 	  0.00197446 	 0.00129549
     1.458 	  0.00197143 	 0.00129221
     1.459 	  0.00196846 	 0.00128843
     1.460 	  0.00196559 	 0.00128493
     1.461 	  0.00196341 	 0.00128298
     1.462 	  0.00196112 	 0.00128116
     1.463 	  0.00195814 	 0.00127814
     1.464 	  0.00195528 	 0.00127521
     1.465 	  0.00195249 	 0.00127307
     1.466 	  0.00195008 	 0.00127102
     1.467 	  0.00194748 	 0.00126773
     1.468 	  0.00194462 	 0.00126407
     1.469 	  0.00194194 	 0.00126119
     1.470 	  0.00193884 	 0.00125825
     1.471 	  0.00193392 	 0.00125402
     1.472 	  0.00192923 	 0.00124997
     1.473 	  0.00192469 	 0.00124599
     1.474 	  0.00191907 	 0.00124134
     1.475 	  0.00191369 	 0.00123687
     1.476 	  0.00190872 	 0.00123266
     1.477 	  0.00190398 	 0.00122851
     1.478 	  0.00189926 	 0.00122457
     1.479 	  0.00189437 	 0.00122114
     1.480 	   0.0018901 	 0.00121792
     1.481 	  0.00188634 	 0.00121392
     1.482 	  0.00188184 	 0.00120945
     1.483 	   0.0018777 	 0.00120642
     1.484 	  0.00187435 	 0.00120394
     1.485 	  0.00187063 	 0.00120006
     1.486 	  0.00186684 	 0.00119599
     1.487 	  0.00186345 	 0.00119278
     1.488 	  0.00186006 	 0.00118977
     1.489 	  0.00185669 	 0.00118666
     1.490 	  0.00185316 	 0.00118348
     1.491 	  0.00184973 	 0.00118037
     1.492 	  0.00184659 	 0.00117745
     1.493 	  0.00184327 	 0.00117441
     1.494 	  0.00183987 	 0.00117133
     1.495 	  0.00183633 	 0.00116818
     1.496 	   0.0018332 	 0.00116528
     1.497 	  0.00183054 	 0.0011626
     1.498 	  0.00182742 	 0.0011598
     1.499 	  0.00182443 	 0.00115762
     1.500 	  0.00182203 	 0.0011558
     1.501 	  0.00181966 	 0.00115349
     1.502 	   0.0018173 	 0.00115102
     1.503 	  0.00181462 	 0.00114843
     1.504 	  0.00181156 	 0.00114563
     1.505 	  0.00180799 	 0.00114249
     1.506 	  0.00180347 	 0.00113877
     1.507 	  0.00179885 	 0.001135
     1.508 	  0.00179461 	 0.00113146
     1.509 	     0.00179 	 0.0011277
     1.510 	  0.00178514 	 0.00112381
     1.511 	  0.00178044 	 0.00112009
     1.512 	  0.00177562 	 0.00111613
     1.513 	  0.00177061 	 0.00111151
     1.514 	  0.00176538 	 0.00110692
     1.515 	  0.00176018 	 0.00110332
     1.516 	  0.00175536 	 0.00110013
     1.517 	  0.00175085 	 0.00109659
     1.518 	  0.00174656 	 0.00109301
     1.519 	  0.00174281 	 0.00108979
     1.520 	  0.00173929 	 0.00108687
     1.521 	  0.00173613 	 0.00108475
     1.522 	  0.00173278 	 0.00108232
     1.523 	  0.00172944 	 0.001079
     1.524 	  0.00172655 	 0.00107578
     1.525 	  0.00172365 	 0.00107313
     1.526 	  0.00172073 	 0.00107063
     1.527 	  0.00171779 	 0.00106794
     1.528 	  0.00171491 	 0.00106548
     1.529 	  0.00171217 	 0.00106356
     1.530 	  0.00170928 	 0.00106156
     1.531 	   0.0017063 	 0.00105911
     1.532 	  0.00170303 	 0.00105619
     1.533 	  0.00169964 	 0.00105279
     1.534 	  0.00169613 	 0.00104936
     1.535 	  0.00169225 	 0.00104616
     1.536 	  0.00168838 	 0.0010431
     1.537 	  0.00168464 	  0.00104
     1.538 	  0.00168105 	 0.00103714
     1.539 	  0.00167755 	 0.00103486
     1.540 	  0.00167423 	 0.00103255
     1.541 	  0.00167073 	 0.00102924
     1.542 	  0.00166701 	 0.00102563
     1.543 	  0.00166279 	 0.00102218
     1.544 	  0.00165856 	 0.00101905
     1.545 	  0.00165458 	 0.00101642
     1.546 	  0.00165074 	 0.00101388
     1.547 	    0.001647 	 0.00101098
     1.548 	    0.001644 	 0.00100837
     1.549 	  0.00164142 	 0.00100619
     1.550 	  0.00163944 	 0.00100422
     1.551 	   0.0016386 	 0.00100244
     1.552 	  0.00163835 	 0.00100118
     1.553 	  0.00163943 	 0.00100159
     1.554 	  0.00164186 	 0.001003
     1.555 	  0.00164525 	 0.00100439
     1.556 	  0.00165054 	 0.00100696
     1.557 	  0.00165629 	 0.0010103
     1.558 	  0.00166273 	 0.00101408
     1.559 	  0.00166832 	 0.00101697
     1.560 	  0.00167311 	 0.00101906
     1.561 	  0.00167487 	 0.00101887
     1.562 	  0.00167289 	 0.00101656
     1.563 	  0.00166777 	 0.00101323
     1.564 	  0.00165398 	 0.00100478
     1.565 	   0.0016358 	 0.000993255
     1.566 	  0.00160983 	 0.000976698
     1.567 	  0.00157502 	 0.000954413
     1.568 	  0.00153534 	 0.000929363
     1.569 	  0.00148433 	 0.000898303
     1.570 	  0.00142733 	 0.000863783
     1.571 	   0.0013644 	 0.000825226
     1.572 	  0.00129312 	 0.000781566
     1.573 	  0.00121931 	 0.000736487
     1.574 	  0.00114158 	 0.00068911
     1.575 	  0.00106259 	 0.000641025
     1.576 	 0.000983131 	 0.000592721
     1.577 	 0.000905222 	 0.000545453
     1.578 	 0.000829101 	 0.000499242
     1.579 	 0.000755045 	 0.00045414
     1.580 	 0.000686122 	 0.00041222
     1.581 	 0.000620068 	 0.000372247
     1.582 	 0.000560093 	 0.000336089
     1.583 	 0.000505042 	 0.000303028
     1.584 	 0.000453003 	 0.000271776
     1.585 	 0.000408355 	 0.000244864
     1.586 	 0.000366572 	 0.000219659
     1.587 	 0.000328712 	 0.000196858
     1.588 	 0.000295681 	 0.000176969
     1.589 	 0.000264804 	 0.000158384
     1.590 	 0.000237957 	 0.000142253
     1.591 	 0.000214429 	 0.000128178
     1.592 	 0.000193136 	 0.000115441
     1.593 	 0.000175161 	 0.000104645
     1.594 	 0.000158673 	 9.47322e-05
     1.595 	 0.000144536 	 8.62417e-05
     1.596 	 0.000132325 	 7.8911e-05
     1.597 	 0.000121049 	 7.2144e-05
     1.598 	 0.000111659 	 6.651e-05
     1.599 	 0.000103273 	 6.14796e-05
     1.600 	 9.56862e-05 	 5.69305e-05
     1.601 	 8.90881e-05 	 5.29788e-05
     1.602 	  8.2699e-05 	 4.91481e-05
     1.603 	 7.66126e-05 	 4.54778e-05
     1.604 	 7.10672e-05 	 4.21445e-05
     1.605 	 6.57947e-05 	 3.90133e-05
     1.606 	 6.10592e-05 	 3.62062e-05
     1.607 	 5.63962e-05 	 3.34253e-05
     1.608 	 5.18016e-05 	 3.06828e-05
     1.609 	  4.8507e-05 	 2.87135e-05
     1.610 	 4.52164e-05 	 2.67531e-05
     1.611 	 4.16291e-05 	 2.46297e-05
     1.612 	 3.87271e-05 	 2.29121e-05
     1.613 	 3.61755e-05 	 2.13929e-05
     1.614 	 3.41157e-05 	 2.01624e-05
     1.615 	 3.22093e-05 	 1.9027e-05
     1.616 	 3.04723e-05 	 1.79901e-05
     1.617 	  2.8646e-05 	 1.68928e-05
     1.618 	 2.69224e-05 	 1.58613e-05
     1.619 	 2.55321e-05 	 1.50409e-05
     1.620 	 2.38483e-05 	 1.40499e-05
     1.621 	 2.20008e-05 	 1.29557e-05
     1.622 	 2.00062e-05 	 1.17743e-05
     1.623 	 1.84597e-05 	 1.08586e-05
     1.624 	 1.74952e-05 	 1.02861e-05
     1.625 	 1.60504e-05 	 9.43177e-06
     1.626 	 1.47184e-05 	 8.64472e-06
     1.627 	 1.41463e-05 	 8.30456e-06
     1.628 	  1.3531e-05 	 7.93941e-06
     1.629 	 1.28885e-05 	 7.55868e-06
     1.630 	 1.23197e-05 	 7.22157e-06
     1.631 	 1.17112e-05 	 6.86159e-06
     1.632 	 1.10416e-05 	 6.4661e-06
     1.633 	 1.05471e-05 	 6.17353e-06
     1.634 	 1.00726e-05 	 5.89292e-06
     1.635 	 9.47094e-06 	 5.53829e-06
     1.636 	 8.87871e-06 	 5.18947e-06
     1.637 	 8.29367e-06 	 4.84523e-06
     1.638 	 7.58675e-06 	 4.43011e-06
     1.639 	 6.65663e-06 	 3.88519e-06
     1.640 	 5.32855e-06 	 3.10865e-06
     1.641 	 4.32949e-06 	 2.5244e-06
     1.642 	 3.47276e-06 	 2.0241e-06
     1.643 	 2.80499e-06 	 1.63497e-06
     1.644 	 2.21749e-06 	 1.2926e-06
     1.645 	  1.7012e-06 	 9.91268e-07
     1.646 	 1.41004e-06 	 8.21188e-07
     1.647 	 1.18994e-06 	 6.92744e-07
     1.648 	 1.08334e-06 	 6.30361e-07
     1.649 	 9.16601e-07 	 5.3279e-07
     1.650 	 7.67313e-07 	 4.45622e-07
     1.651 	  1.0108e-06 	 5.87028e-07
     1.652 	 1.30272e-06 	 7.56674e-07
     1.653 	 1.64517e-06 	 9.55248e-07
     1.654 	  1.8098e-06 	 1.0503e-06
     1.655 	 2.00227e-06 	 1.16151e-06
     1.656 	 2.33232e-06 	 1.35238e-06
     1.657 	 2.45749e-06 	 1.42438e-06
     1.658 	 2.47435e-06 	 1.43356e-06
     1.659 	 2.40474e-06 	 1.39254e-06
     1.660 	 2.37974e-06 	 1.37759e-06
     1.661 	 2.40948e-06 	 1.39506e-06
     1.662 	 2.26663e-06 	 1.31238e-06
     1.663 	 2.06811e-06 	 1.19634e-06
     1.664 	 1.79374e-06 	 1.03668e-06
     1.665 	 1.56254e-06 	 9.0315e-07
     1.666 	 1.36123e-06 	 7.86894e-07
     1.667 	 1.39586e-06 	 8.0618e-07
     1.668 	 1.28107e-06 	 7.39213e-07
     1.669 	 9.50028e-07 	 5.48255e-07
     1.670 	 8.64471e-07 	 4.98947e-07
     1.671 	 8.44204e-07 	 4.86807e-07
     1.672 	 8.41314e-07 	 4.84708e-07
     1.673 	 7.45866e-07 	 4.29707e-07
     1.674 	 5.84576e-07 	 3.36883e-07
     1.675 	  5.7976e-07 	 3.34209e-07
     1.676 	 5.77163e-07 	 3.32701e-07
     1.677 	 5.71883e-07 	 3.29395e-07
     1.678 	 4.66117e-07 	 2.68216e-07
     1.679 	 3.17621e-07 	 1.82689e-07
     1.680 	 1.07746e-07 	 6.19551e-08
     1.681 	 1.13337e-08 	 6.51471e-09
     1.682 	 1.00804e-08 	 5.79209e-09
     1.683 	           0 	        0
     1.684 	           0 	        0
     1.685 	           0 	        0
     1.686 	           0 	        0
     1.687 	           0 	        0
     1.688 	           0 	        0
     1.689 	           0 	        0
     1.690 	           0 	        0
     1.691 	           0 	        0
     1.692 	           0 	        0
     1.693 	           0 	        0
     1.694 	 1.18576e-08 	 6.78548e-09
     1.695 	  1.5885e-08 	 9.08723e-09
     1.696 	 3.68104e-08 	 2.1051e-08
     1.697 	 4.81372e-08 	 2.75195e-08
     1.698 	 4.83277e-08 	 2.76196e-08
     1.699 	 4.83554e-08 	 2.76267e-08
     1.700 	 4.88435e-08 	 2.78968e-08
     1.701 	 5.08203e-08 	 2.90145e-08
     1.702 	 1.32151e-07 	 7.54306e-08
     1.703 	 2.54521e-07 	 1.45307e-07
     1.704 	 2.55485e-07 	 1.45889e-07
     1.705 	 2.58165e-07 	 1.47385e-07
     1.706 	 2.63189e-07 	 1.50197e-07
     1.707 	 2.99474e-07 	 1.70851e-07
     1.708 	 3.29661e-07 	 1.88018e-07
     1.709 	  3.0898e-07 	 1.7617e-07
     1.710 	 3.00558e-07 	 1.7132e-07
     1.711 	 3.00368e-07 	 1.71148e-07
     1.712 	 3.00366e-07 	 1.71112e-07
     1.713 	 2.99611e-07 	 1.7073e-07
     1.714 	 2.97634e-07 	 1.69631e-07
     1.715 	 1.99508e-07 	 1.13624e-07
     1.716 	 9.40707e-08 	 5.35286e-08
     1.717 	 9.31062e-08 	 5.29565e-08
     1.718 	 8.98769e-08 	 5.11135e-08
     1.719 	 8.48525e-08 	 4.82677e-08
     1.720 	 4.07764e-08 	 2.3201e-08
     1.721 	 1.15171e-08 	 6.55177e-09
     1.722 	 1.47979e-08 	 8.41504e-09
     1.723 	 2.52884e-08 	 1.43769e-08
     1.724 	 3.67677e-08 	 2.08974e-08
     1.725 	 3.68941e-08 	 2.09636e-08
     1.726 	 4.27845e-08 	 2.43037e-08
     1.727 	  5.4055e-08 	 3.06977e-08
     1.728 	 6.99833e-08 	 3.97329e-08
     1.729 	 8.14424e-08 	 4.62263e-08
     1.730 	 8.14562e-08 	 4.62221e-08
     1.731 	 9.94483e-08 	 5.64165e-08
     1.732 	 1.33595e-07 	 7.57686e-08
     1.733 	 2.55932e-07 	 1.45114e-07
     1.734 	 4.19177e-07 	 2.37612e-07
     1.735 	 6.27337e-07 	 3.55516e-07
     1.736 	 7.60779e-07 	 4.31034e-07
     1.737 	 9.06303e-07 	 5.13359e-07
     1.738 	 1.11806e-06 	 6.33139e-07
     1.739 	 1.44543e-06 	 8.18328e-07
     1.740 	  1.8187e-06 	 1.02939e-06
     1.741 	 1.85526e-06 	 1.04983e-06
     1.742 	 1.92712e-06 	 1.09024e-06
     1.743 	 2.04458e-06 	 1.15641e-06
     1.744 	 2.15066e-06 	 1.21613e-06
     1.745 	 2.20478e-06 	 1.24644e-06
     1.746 	 2.08319e-06 	 1.17744e-06
     1.747 	 1.90933e-06 	 1.07892e-06
     1.748 	 1.70281e-06 	 9.62007e-07
     1.749 	 1.61298e-06 	 9.11049e-07
     1.750 	 1.48292e-06 	 8.37408e-07
     1.751 	 1.29151e-06 	 7.29167e-07
     1.752 	 9.36648e-07 	 5.28697e-07
     1.753 	 6.00395e-07 	 3.38828e-07
     1.754 	 5.49846e-07 	 3.10241e-07
     1.755 	 6.44704e-07 	 3.63688e-07
     1.756 	 8.48554e-07 	 4.78592e-07
     1.757 	 1.06321e-06 	 5.99493e-07
     1.758 	 1.33834e-06 	 7.54541e-07
     1.759 	 1.72225e-06 	 9.71295e-07
     1.760 	 2.72987e-06 	 1.54008e-06
     1.761 	 3.92166e-06 	 2.21216e-06
     1.762 	 4.94899e-06 	 2.791e-06
     1.763 	 5.97076e-06 	 3.36666e-06
     1.764 	 6.98752e-06 	 3.93924e-06
     1.765 	 8.29785e-06 	 4.67717e-06
     1.766 	 9.59758e-06 	 5.40883e-06
     1.767 	 1.08206e-05 	 6.0971e-06
     1.768 	  1.1669e-05 	 6.57412e-06
     1.769 	 1.23321e-05 	 6.94662e-06
     1.770 	 1.27231e-05 	 7.16566e-06
     1.771 	 1.30867e-05 	 7.36947e-06
     1.772 	 1.34221e-05 	 7.55721e-06
     1.773 	 1.28712e-05 	 7.24602e-06
     1.774 	 1.21658e-05 	 6.84801e-06
     1.775 	 1.13629e-05 	 6.39522e-06
     1.776 	 1.08326e-05 	 6.096e-06
     1.777 	 1.04521e-05 	 5.88064e-06
     1.778 	 1.02853e-05 	 5.78667e-06
     1.779 	  9.9783e-06 	 5.61656e-06
     1.780 	 9.50017e-06 	 5.34924e-06
     1.781 	 9.26801e-06 	 5.21568e-06
     1.782 	 9.13931e-06 	 5.13964e-06
     1.783 	 9.19819e-06 	 5.17187e-06
     1.784 	 9.11332e-06 	 5.12402e-06
     1.785 	  8.9441e-06 	 5.02842e-06
     1.786 	 8.85877e-06 	 4.97995e-06
     1.787 	 8.88218e-06 	 4.9927e-06
     1.788 	 9.06225e-06 	 5.09344e-06
     1.789 	 9.06424e-06 	 5.09422e-06
     1.790 	 8.90519e-06 	 5.00436e-06
     1.791 	 8.25879e-06 	 4.64071e-06
     1.792 	 7.78907e-06 	 4.37639e-06
     1.793 	 7.44439e-06 	 4.18247e-06
     1.794 	 7.19097e-06 	 4.03975e-06
     1.795 	 6.94093e-06 	 3.89902e-06
     1.796 	 6.69297e-06 	 3.75942e-06
     1.797 	 6.49634e-06 	 3.64875e-06
     1.798 	 6.36074e-06 	 3.57237e-06
     1.799 	 6.47333e-06 	 3.63534e-06
     1.800 	 6.63952e-06 	 3.7284e-06
     1.801 	 6.85044e-06 	 3.84628e-06
     1.802 	 6.73173e-06 	 3.77974e-06
     1.803 	 6.61817e-06 	 3.71794e-06
     1.804 	 6.56024e-06 	 3.68679e-06
     1.805 	 6.58667e-06 	 3.69951e-06
     1.806 	 6.61744e-06 	 3.71471e-06
     1.807 	 6.42508e-06 	 3.60837e-06
     1.808 	 6.21366e-06 	 3.49124e-06
     1.809 	 5.98346e-06 	 3.35998e-06
     1.810 	 5.88611e-06 	 3.30339e-06
     1.811 	 5.80049e-06 	 3.25653e-06
     1.812 	 5.70605e-06 	 3.20514e-06
     1.813 	 5.47578e-06 	 3.07584e-06
     1.814 	 5.17999e-06 	 2.90927e-06
     1.815 	 4.86278e-06 	 2.73095e-06
     1.816 	 4.68404e-06 	 2.63039e-06
     1.817 	 4.66505e-06 	 2.61951e-06
     1.818 	 5.02563e-06 	 2.82182e-06
     1.819 	 5.42453e-06 	 3.04556e-06
     1.820 	 5.74601e-06 	 3.22583e-06
     1.821 	 6.05432e-06 	 3.39872e-06
     1.822 	 6.35482e-06 	 3.56717e-06
     1.823 	 6.64097e-06 	 3.72756e-06
     1.824 	 6.73032e-06 	 3.77751e-06
     1.825 	 6.55187e-06 	 3.67707e-06
     1.826 	 6.34913e-06 	 3.56308e-06
     1.827 	 6.16919e-06 	 3.46191e-06
     1.828 	  6.0974e-06 	 3.4214e-06
     1.829 	 5.94501e-06 	 3.33572e-06
     1.830 	 5.73877e-06 	 3.21981e-06
     1.831 	 5.34231e-06 	 2.99718e-06
     1.832 	 4.95389e-06 	 2.77916e-06
     1.833 	 4.58117e-06 	 2.56994e-06
     1.834 	 4.34322e-06 	 2.43632e-06
     1.835 	 4.18064e-06 	 2.34501e-06
     1.836 	 4.19868e-06 	 2.35501e-06
     1.837 	 4.20778e-06 	 2.36002e-06
     1.838 	 4.20982e-06 	 2.36106e-06
     1.839 	 4.33159e-06 	 2.42911e-06
     1.840 	 4.55949e-06 	 2.55698e-06
     1.841 	 4.97896e-06 	 2.7936e-06
     1.842 	   5.278e-06 	 2.96282e-06
     1.843 	 5.49827e-06 	 3.08663e-06
     1.844 	 5.47514e-06 	 3.07333e-06
     1.845 	 5.54376e-06 	 3.11175e-06
     1.846 	 5.69757e-06 	 3.19803e-06
     1.847 	 5.86892e-06 	 3.29437e-06
     1.848 	 6.05504e-06 	 3.39858e-06
     1.849 	 6.27124e-06 	 3.51808e-06
     1.850 	 6.56028e-06 	 3.67827e-06
     1.851 	 6.87555e-06 	 3.85476e-06
     1.852 	 7.12925e-06 	 3.9973e-06
     1.853 	 7.35535e-06 	 4.12415e-06
     1.854 	 7.55129e-06 	 4.23407e-06
     1.855 	 7.61859e-06 	 4.27154e-06
     1.856 	 7.61489e-06 	 4.26984e-06
     1.857 	 7.46516e-06 	 4.18815e-06
     1.858 	 7.40299e-06 	 4.15551e-06
     1.859 	 7.39089e-06 	 4.14951e-06
     1.860 	 7.45614e-06 	 4.18564e-06
     1.861 	 7.42684e-06 	 4.16726e-06
     1.862 	 7.27603e-06 	 4.08076e-06
     1.863 	 7.37781e-06 	 4.13772e-06
     1.864 	 7.61208e-06 	 4.26972e-06
     1.865 	 8.12976e-06 	 4.56038e-06
     1.866 	 8.54729e-06 	 4.7949e-06
     1.867 	 8.90168e-06 	 4.99404e-06
     1.868 	 9.26586e-06 	 5.19873e-06
     1.869 	 9.59384e-06 	 5.38276e-06
     1.870 	 9.86698e-06 	 5.53681e-06
     1.871 	 1.00054e-05 	 5.61782e-06
     1.872 	 1.01092e-05 	 5.67952e-06
     1.873 	 1.02197e-05 	 5.74246e-06
     1.874 	 1.01629e-05 	 5.71064e-06
     1.875 	 9.98132e-06 	 5.60914e-06
     1.876 	 9.52734e-06 	 5.35447e-06
     1.877 	 9.05157e-06 	 5.08757e-06
     1.878 	 8.55425e-06 	 4.80847e-06
     1.879 	  8.1265e-06 	 4.56849e-06
     1.880 	 7.71505e-06 	 4.33759e-06
     1.881 	 7.26085e-06 	 4.08266e-06
     1.882 	 6.98846e-06 	 3.92987e-06
     1.883 	 6.87566e-06 	 3.8668e-06
     1.884 	 6.84389e-06 	 3.84938e-06
     1.885 	 6.73407e-06 	 3.78801e-06
     1.886 	 6.44117e-06 	 3.62361e-06
     1.887 	 6.30468e-06 	 3.54719e-06
     1.888 	 6.24058e-06 	 3.5115e-06
     1.889 	 6.24811e-06 	 3.51608e-06
     1.890 	 6.19419e-06 	 3.4861e-06
     1.891 	 6.07681e-06 	 3.42039e-06
     1.892 	 6.20957e-06 	 3.49552e-06
     1.893 	 6.31693e-06 	 3.55661e-06
     1.894 	 6.27117e-06 	 3.53097e-06
     1.895 	 6.09166e-06 	 3.42823e-06
     1.896 	 5.85252e-06 	 3.2925e-06
     1.897 	 5.72316e-06 	 3.22171e-06
     1.898 	 5.69127e-06 	 3.20574e-06
     1.899 	  5.7778e-06 	 3.25338e-06
     1.900 	 5.87504e-06 	 3.30647e-06
     1.901 	 6.00548e-06 	 3.38003e-06
     1.902 	 6.23725e-06 	 3.51111e-06
     1.903 	 6.47947e-06 	 3.64754e-06
     1.904 	 6.71749e-06 	 3.78223e-06
     1.905 	 6.42425e-06 	 3.61936e-06
     1.906 	 6.24151e-06 	 3.5186e-06
     1.907 	 6.21718e-06 	 3.5055e-06
     1.908 	 6.31134e-06 	 3.55871e-06
     1.909 	  6.4061e-06 	 3.61252e-06
     1.910 	 6.38318e-06 	 3.60002e-06
     1.911 	 6.38072e-06 	 3.59928e-06
     1.912 	 6.39267e-06 	 3.60611e-06
     1.913 	 6.47904e-06 	 3.65333e-06
     1.914 	 6.51842e-06 	 3.67403e-06
     1.915 	 6.47525e-06 	 3.64953e-06
     1.916 	 6.55374e-06 	 3.69476e-06
     1.917 	 6.77434e-06 	 3.82152e-06
     1.918 	 7.56504e-06 	 4.2702e-06
     1.919 	 8.11157e-06 	 4.57964e-06
     1.920 	 8.45522e-06 	 4.77374e-06
     1.921 	 8.70693e-06 	 4.91687e-06
     1.922 	   9.017e-06 	 5.09206e-06
     1.923 	  9.4578e-06 	 5.3389e-06
     1.924 	 9.77404e-06 	 5.51519e-06
     1.925 	 1.00279e-05 	 5.65863e-06
     1.926 	 1.01704e-05 	 5.74012e-06
     1.927 	 1.03472e-05 	 5.84023e-06
     1.928 	 1.05575e-05 	 5.96014e-06
     1.929 	 1.05199e-05 	 5.94257e-06
     1.930 	 1.03318e-05 	 5.84008e-06
     1.931 	  9.8441e-06 	 5.56541e-06
     1.932 	 9.78253e-06 	 5.53096e-06
     1.933 	 9.90943e-06 	 5.60332e-06
     1.934 	  9.9019e-06 	 5.59974e-06
     1.935 	 9.78142e-06 	 5.53236e-06
     1.936 	 9.53111e-06 	 5.39147e-06
     1.937 	 9.62971e-06 	 5.44792e-06
     1.938 	 9.80492e-06 	 5.54772e-06
     1.939 	 1.00361e-05 	 5.67934e-06
     1.940 	 1.00927e-05 	 5.71209e-06
     1.941 	 1.00564e-05 	 5.69227e-06
     1.942 	 1.01602e-05 	 5.75179e-06
     1.943 	 1.06776e-05 	 6.04549e-06
     1.944 	 1.17548e-05 	 6.6563e-06
     1.945 	 1.26477e-05 	 7.16306e-06
     1.946 	 1.35409e-05 	 7.66997e-06
     1.947 	 1.45922e-05 	 8.2666e-06
     1.948 	 1.57734e-05 	 8.93701e-06
     1.949 	 1.70412e-05 	 9.65744e-06
     1.950 	 1.79994e-05 	 1.02011e-05
     1.951 	 1.88963e-05 	 1.07048e-05
     1.952 	 1.96991e-05 	 1.11564e-05
     1.953 	 2.02673e-05 	 1.14851e-05
     1.954 	  2.0691e-05 	 1.17339e-05
     1.955 	 2.07346e-05 	 1.17614e-05
     1.956 	 2.01976e-05 	 1.14578e-05
     1.957 	 1.92046e-05 	 1.08961e-05
     1.958 	 1.85643e-05 	 1.05346e-05
     1.959 	 1.78832e-05 	 1.01496e-05
     1.960 	 1.70907e-05 	 9.70143e-06
     1.961 	 1.59665e-05 	 9.0647e-06
     1.962 	 1.47311e-05 	 8.36472e-06
     1.963 	  1.3551e-05 	 7.69596e-06
     1.964 	 1.29136e-05 	 7.33515e-06
     1.965 	 1.27775e-05 	 7.2591e-06
     1.966 	 1.28757e-05 	 7.31607e-06
     1.967 	  1.3044e-05 	 7.41344e-06
     1.968 	 1.33209e-05 	 7.5715e-06
     1.969 	 1.38813e-05 	 7.88737e-06
     1.970 	  1.4575e-05 	 8.27854e-06
     1.971 	 1.53654e-05 	 8.72841e-06
     1.972 	 1.61953e-05 	 9.20202e-06
     1.973 	  1.7068e-05 	 9.69959e-06
     1.974 	 1.80024e-05 	 1.02323e-05
     1.975 	 1.88585e-05 	 1.07208e-05
     1.976 	 1.94693e-05 	 1.10699e-05
     1.977 	 1.96385e-05 	 1.11679e-05
     1.978 	 1.96171e-05 	 1.11576e-05
     1.979 	 2.04454e-05 	 1.16307e-05
     1.980 	 2.11432e-05 	 1.20298e-05
     1.981 	 2.16738e-05 	 1.23338e-05
     1.982 	 2.15058e-05 	 1.22403e-05
     1.983 	 2.11775e-05 	 1.20556e-05
     1.984 	 2.07865e-05 	 1.18351e-05
     1.985 	 2.08928e-05 	 1.18977e-05
     1.986 	 2.13087e-05 	 1.21367e-05
     1.987 	 2.13369e-05 	 1.2155e-05
     1.988 	 2.12545e-05 	 1.211e-05
     1.989 	 2.10053e-05 	 1.19703e-05
     1.990 	 2.07664e-05 	 1.18363e-05
     1.991 	 2.04816e-05 	 1.16759e-05
     1.992 	 1.99789e-05 	 1.13912e-05
     1.993 	  1.9643e-05 	 1.12019e-05
     1.994 	  1.9431e-05 	 1.10829e-05
     1.995 	 1.95214e-05 	 1.11364e-05
     1.996 	  1.9544e-05 	 1.11514e-05
     1.997 	 1.94259e-05 	 1.10883e-05
     1.998 	 1.88603e-05 	 1.07651e-05
     1.999 	  1.8259e-05 	 1.0409e-05
     2.000 	 1.83466e-05 	 1.04432e-05
     2.001 	 1.87434e-05 	 1.06733e-05
     2.002 	 1.94104e-05 	 1.10555e-05
     2.003 	 1.96617e-05 	 1.1201e-05
     2.004 	  1.9795e-05 	 1.12793e-05
     2.005 	  1.9746e-05 	 1.12537e-05
     2.006 	 2.02239e-05 	 1.15271e-05
     2.007 	 2.09305e-05 	 1.19323e-05
     2.008 	 2.17521e-05 	 1.24033e-05
     2.009 	 2.22084e-05 	 1.26662e-05
     2.010 	  2.2289e-05 	 1.27132e-05
     2.011 	  2.2242e-05 	 1.26889e-05
     2.012 	 2.22386e-05 	 1.26894e-05
     2.013 	 2.23925e-05 	 1.27796e-05
     2.014 	 2.24518e-05 	 1.28144e-05
     2.015 	 2.24552e-05 	 1.28188e-05
     2.016 	 2.23195e-05 	 1.27437e-05
     2.017 	 2.21415e-05 	 1.26445e-05
     2.018 	 2.19124e-05 	 1.25161e-05
     2.019 	 2.13143e-05 	 1.21753e-05
     2.020 	 2.06887e-05 	 1.18202e-05
     2.021 	 2.01927e-05 	 1.15391e-05
     2.022 	 2.03043e-05 	 1.16051e-05
     2.023 	 2.07714e-05 	 1.18729e-05
     2.024 	 2.10527e-05 	 1.2036e-05
     2.025 	 2.09598e-05 	 1.19852e-05
     2.026 	 2.03333e-05 	 1.16292e-05
     2.027 	   1.982e-05 	 1.13379e-05
     2.028 	 1.95085e-05 	 1.11605e-05
     2.029 	 1.99117e-05 	 1.13933e-05
     2.030 	 2.02025e-05 	 1.1562e-05
     2.031 	 2.04145e-05 	 1.16857e-05
     2.032 	 2.00077e-05 	 1.14553e-05
     2.033 	 1.95904e-05 	 1.12174e-05
     2.034 	 1.91771e-05 	 1.0983e-05
     2.035 	 1.90878e-05 	 1.09342e-05
     2.036 	 1.91069e-05 	 1.09474e-05
     2.037 	 1.91699e-05 	 1.09858e-05
     2.038 	 1.91903e-05 	 1.09985e-05
     2.039 	 1.91756e-05 	 1.09924e-05
     2.040 	 1.91124e-05 	 1.09585e-05
     2.041 	  1.9011e-05 	 1.09024e-05
     2.042 	 1.88389e-05 	 1.08057e-05
     2.043 	 1.89976e-05 	 1.08987e-05
     2.044 	 1.93483e-05 	 1.11007e-05
     2.045 	 2.02045e-05 	 1.15941e-05
     2.046 	 2.08577e-05 	 1.19711e-05
     2.047 	 2.13138e-05 	 1.22352e-05
     2.048 	 2.09071e-05 	 1.2004e-05
     2.049 	 2.05054e-05 	 1.17741e-05
     2.050 	 2.03519e-05 	 1.16881e-05
     2.051 	 2.08256e-05 	 1.19628e-05
     2.052 	 2.15554e-05 	 1.23847e-05
     2.053 	 2.18541e-05 	 1.25591e-05
     2.054 	 2.16929e-05 	 1.24692e-05
     2.055 	 2.10054e-05 	 1.20752e-05
     2.056 	 2.02321e-05 	 1.16332e-05
     2.057 	 1.96045e-05 	 1.12748e-05
     2.058 	 1.94556e-05 	 1.11917e-05
     2.059 	   1.951e-05 	 1.12254e-05
     2.060 	 1.96698e-05 	 1.13198e-05
     2.061 	 1.96142e-05 	 1.12896e-05
     2.062 	  1.9499e-05 	 1.12236e-05
     2.063 	 1.93035e-05 	 1.11128e-05
     2.064 	 1.91604e-05 	 1.10321e-05
     2.065 	 1.91724e-05 	 1.10407e-05
     2.066 	 1.97237e-05 	 1.136e-05
     2.067 	 2.06107e-05 	 1.18726e-05
     2.068 	 2.17201e-05 	 1.25136e-05
     2.069 	 2.25915e-05 	 1.30161e-05
     2.070 	 2.30875e-05 	 1.33039e-05
     2.071 	 2.29881e-05 	 1.32493e-05
     2.072 	 2.27374e-05 	 1.31074e-05
     2.073 	 2.25624e-05 	 1.30091e-05
     2.074 	 2.29719e-05 	 1.32478e-05
     2.075 	 2.33657e-05 	 1.34776e-05
     2.076 	  2.3747e-05 	 1.37002e-05
     2.077 	 2.31176e-05 	 1.33382e-05
     2.078 	 2.22449e-05 	 1.28372e-05
     2.079 	 2.10056e-05 	 1.21244e-05
     2.080 	 2.02355e-05 	 1.16822e-05
     2.081 	 1.97518e-05 	 1.14061e-05
     2.082 	 2.00716e-05 	 1.15939e-05
     2.083 	 2.00463e-05 	 1.15824e-05
     2.084 	 1.97035e-05 	 1.13874e-05
     2.085 	 1.89664e-05 	 1.09644e-05
     2.086 	 1.82707e-05 	 1.05638e-05
     2.087 	 1.77555e-05 	 1.02687e-05
     2.088 	 1.77571e-05 	 1.02725e-05
     2.089 	 1.80166e-05 	 1.04254e-05
     2.090 	 1.86134e-05 	 1.07737e-05
     2.091 	 1.91975e-05 	 1.11155e-05
     2.092 	 1.97675e-05 	 1.14493e-05
     2.093 	 1.97493e-05 	 1.14426e-05
     2.094 	  1.9426e-05 	 1.12591e-05
     2.095 	 1.84928e-05 	 1.07218e-05
     2.096 	 1.82412e-05 	 1.05794e-05
     2.097 	 1.83856e-05 	 1.06654e-05
     2.098 	 1.92994e-05 	 1.11993e-05
     2.099 	 1.98932e-05 	 1.15477e-05
     2.100 	 2.00798e-05 	 1.16599e-05
     2.101 	 1.92343e-05 	 1.11729e-05
     2.102 	 1.82185e-05 	 1.05867e-05
     2.103 	 1.73348e-05 	 1.00767e-05
     2.104 	  1.6952e-05 	 9.85776e-06
     2.105 	 1.68823e-05 	 9.82074e-06
     2.106 	  1.6862e-05 	 9.81245e-06
     2.107 	 1.65832e-05 	 9.65366e-06
     2.108 	 1.59164e-05 	 9.26881e-06
     2.109 	 1.49682e-05 	 8.71974e-06
     2.110 	 1.39328e-05 	 8.11947e-06
     2.111 	  1.2839e-05 	 7.48501e-06
     2.112 	 1.24582e-05 	 7.26588e-06
     2.113 	  1.2604e-05 	 7.35382e-06
     2.114 	 1.28103e-05 	 7.47624e-06
     2.115 	 1.29226e-05 	 7.54476e-06
     2.116 	 1.28634e-05 	 7.51317e-06
     2.117 	 1.25221e-05 	 7.31673e-06
     2.118 	 1.21344e-05 	 7.09299e-06
     2.119 	 1.20287e-05 	 7.03399e-06
     2.120 	 1.24003e-05 	 7.25415e-06
     2.121 	 1.31872e-05 	 7.71448e-06
     2.122 	 1.43244e-05 	 8.38502e-06
     2.123 	 1.53557e-05 	 8.99346e-06
     2.124 	 1.61014e-05 	 9.43327e-06
     2.125 	 1.58612e-05 	 9.29746e-06
     2.126 	 1.52587e-05 	 8.94902e-06
     2.127 	 1.49994e-05 	 8.80249e-06
     2.128 	  1.5134e-05 	 8.88436e-06
     2.129 	 1.56712e-05 	 9.2046e-06
     2.130 	 1.64708e-05 	 9.67937e-06
     2.131 	 1.69895e-05 	 9.98866e-06
     2.132 	 1.66926e-05 	 9.82049e-06
     2.133 	 1.59708e-05 	 9.40004e-06
     2.134 	 1.50528e-05 	 8.86549e-06
     2.135 	  1.4338e-05 	 8.44828e-06
     2.136 	  1.4082e-05 	 8.30369e-06
     2.137 	 1.43782e-05 	 8.48214e-06
     2.138 	 1.45545e-05 	 8.59173e-06
     2.139 	 1.45927e-05 	 8.61813e-06
     2.140 	 1.42581e-05 	 8.42429e-06
     2.141 	 1.35983e-05 	 8.03899e-06
     2.142 	 1.27435e-05 	 7.5364e-06
     2.143 	  1.1716e-05 	 6.93126e-06
     2.144 	 1.11318e-05 	 6.58803e-06
     2.145 	 1.11769e-05 	 6.61847e-06
     2.146 	 1.15037e-05 	 6.81445e-06
     2.147 	 1.18017e-05 	 6.99351e-06
     2.148 	 1.17053e-05 	 6.9382e-06
     2.149 	 1.09469e-05 	 6.4918e-06
     2.150 	 9.72669e-06 	 5.77144e-06
     2.151 	 8.91744e-06 	 5.2926e-06
     2.152 	 8.42413e-06 	 5.00107e-06
     2.153 	 8.44885e-06 	 5.017e-06
     2.154 	 9.06246e-06 	 5.38272e-06
     2.155 	 9.78888e-06 	 5.81564e-06
     2.156 	 1.01482e-05 	 6.03063e-06
     2.157 	 1.01166e-05 	 6.01336e-06
     2.158 	 9.76328e-06 	 5.80479e-06
     2.159 	 9.48274e-06 	 5.63884e-06
     2.160 	 9.48417e-06 	 5.6411e-06
     2.161 	 1.00424e-05 	 5.9751e-06
     2.162 	 1.18084e-05 	 7.02815e-06
     2.163 	 1.39313e-05 	 8.29439e-06
     2.164 	 1.52693e-05 	 9.09213e-06
     2.165 	 1.62345e-05 	 9.67119e-06
     2.166 	 1.68391e-05 	 1.00336e-05
     2.167 	 1.71459e-05 	 1.02198e-05
     2.168 	 1.77105e-05 	 1.05598e-05
     2.169 	 1.89806e-05 	 1.13208e-05
     2.170 	 2.06716e-05 	 1.23334e-05
     2.171 	 2.25298e-05 	 1.34433e-05
     2.172 	 2.40622e-05 	 1.43618e-05
     2.173 	 2.51867e-05 	 1.50358e-05
     2.174 	 2.58463e-05 	 1.5434e-05
     2.175 	 2.53679e-05 	 1.51545e-05
     2.176 	 2.49839e-05 	 1.49264e-05
     2.177 	  2.5434e-05 	 1.51997e-05
     2.178 	  2.6505e-05 	 1.58427e-05
     2.179 	 2.79318e-05 	 1.67003e-05
     2.180 	 2.96804e-05 	 1.77473e-05
     2.181 	  3.0845e-05 	 1.84485e-05
     2.182 	 3.12274e-05 	 1.86821e-05
     2.183 	 3.10406e-05 	 1.85774e-05
     2.184 	 3.08236e-05 	 1.84467e-05
     2.185 	 3.09621e-05 	 1.85344e-05
     2.186 	 3.16916e-05 	 1.8976e-05
     2.187 	 3.28097e-05 	 1.96506e-05
     2.188 	 3.46459e-05 	 2.07515e-05
     2.189 	 3.61719e-05 	 2.16712e-05
     2.190 	 3.72012e-05 	 2.2294e-05
     2.191 	 3.74092e-05 	 2.24254e-05
     2.192 	 3.73709e-05 	 2.24092e-05
     2.193 	 3.72691e-05 	 2.23504e-05
     2.194 	 3.80601e-05 	 2.28316e-05
     2.195 	 3.95458e-05 	 2.373e-05
     2.196 	 4.18989e-05 	 2.515e-05
     2.197 	 4.41393e-05 	 2.64974e-05
     2.198 	 4.60901e-05 	 2.76768e-05
     2.199 	 4.72758e-05 	 2.83973e-05
     2.200 	 4.81133e-05 	 2.89091e-05
     2.201 	 4.84356e-05 	 2.91135e-05
     2.202 	  4.9234e-05 	 2.96008e-05
     2.203 	 5.04683e-05 	 3.03506e-05
     2.204 	 5.26075e-05 	 3.1645e-05
     2.205 	 5.47764e-05 	 3.2958e-05
     2.206 	 5.68204e-05 	 3.42034e-05
     2.207 	 5.81606e-05 	 3.50231e-05
     2.208 	 5.91373e-05 	 3.56201e-05
     2.209 	 5.95163e-05 	 3.58574e-05
     2.210 	 6.00248e-05 	 3.61729e-05
     2.211 	 6.06726e-05 	 3.65717e-05
     2.212 	 6.22072e-05 	 3.7501e-05
     2.213 	 6.40786e-05 	 3.86336e-05
     2.214 	 6.65252e-05 	 4.01133e-05
     2.215 	 6.83947e-05 	 4.12453e-05
     2.216 	 6.96509e-05 	 4.20211e-05
     2.217 	 6.48818e-05 	 3.91483e-05
     2.218 	 5.99069e-05 	 3.61506e-05
     2.219 	 5.46701e-05 	 3.29943e-05
     2.220 	 4.93997e-05 	 2.98169e-05
     2.221 	 4.35314e-05 	 2.62839e-05
     2.222 	 3.59148e-05 	 2.169e-05
     2.223 	 2.93401e-05 	 1.77234e-05
     2.224 	 2.16958e-05 	 1.31087e-05
     2.225 	 1.30297e-05 	 7.87533e-06
     2.226 	 4.70636e-06 	 2.84523e-06
     2.227 	           0 	        0
     2.228 	           0 	        0
     2.229 	           0 	        0
     2.230 	           0 	        0
     2.231 	           0 	        0
     2.232 	           0 	        0
     2.233 	           0 	        0
     2.234 	           0 	        0
     2.235 	           0 	        0
     2.236 	           0 	        0
     2.237 	           0 	        0
     2.238 	           0 	        0
     2.239 	           0 	        0
     2.240 	           0 	        0
     2.241 	           0 	        0
     2.242 	           0 	        0
     2.243 	           0 	        0
     2.244 	           0 	        0
     2.245 	           0 	        0
     2.246 	           0 	        0
     2.247 	           0 	        0
     2.248 	           0 	        0
     2.249 	           0 	        0
     2.250 	           0 	        0
     2.251 	           0 	        0
     2.252 	           0 	        0
     2.253 	           0 	        0
     2.254 	  1.7119e-08 	 1.04276e-08
     2.255 	 1.86552e-08 	 1.13677e-08
     2.256 	 1.86552e-08 	 1.13708e-08
     2.257 	 1.86552e-08 	 1.13715e-08
     2.258 	 1.86552e-08 	 1.13758e-08
     2.259 	 1.86552e-08 	 1.13789e-08
     2.260 	 1.94459e-08 	 1.18643e-08
     2.261 	  1.9621e-08 	 1.19759e-08
     2.262 	  1.9621e-08 	 1.19793e-08
     2.263 	  1.6882e-08 	 1.031e-08
     2.264 	 1.12844e-08 	 6.89342e-09
     2.265 	 1.30641e-08 	 7.98378e-09
     2.266 	 1.31027e-08 	 8.00963e-09
     2.267 	 1.31027e-08 	 8.01189e-09
     2.268 	 1.54862e-08 	 9.47309e-09
     2.269 	 9.56953e-08 	 5.85545e-08
     2.270 	 2.67401e-07 	 1.63665e-07
     2.271 	 2.72688e-07 	 1.66964e-07
     2.272 	 3.81001e-07 	 2.33345e-07
     2.273 	 4.07227e-07 	 2.49473e-07
     2.274 	 6.27914e-07 	 3.84815e-07
     2.275 	 1.01654e-06 	 6.23148e-07
     2.276 	 1.51883e-06 	 9.31302e-07
     2.277 	 2.54983e-06 	 1.56389e-06
     2.278 	 3.79971e-06 	 2.33137e-06
     2.279 	 4.45295e-06 	 2.7329e-06
     2.280 	 5.06808e-06 	 3.11124e-06
     2.281 	 5.65423e-06 	 3.47255e-06
     2.282 	 6.05629e-06 	 3.72063e-06
     2.283 	 6.74991e-06 	 4.14847e-06
     2.284 	   7.091e-06 	 4.35995e-06
     2.285 	 7.80163e-06 	 4.79838e-06
     2.286 	 7.87448e-06 	 4.84469e-06
     2.287 	 7.16802e-06 	 4.41281e-06
     2.288 	 6.33025e-06 	 3.89827e-06
     2.289 	 6.56241e-06 	 4.04249e-06
     2.290 	 8.21028e-06 	 5.05974e-06
     2.291 	 9.41861e-06 	 5.80576e-06
     2.292 	 1.02029e-05 	 6.2907e-06
     2.293 	 1.08799e-05 	 6.70969e-06
     2.294 	 1.16185e-05 	 7.1677e-06
     2.295 	 1.16737e-05 	 7.20345e-06
     2.296 	 1.33785e-05 	 8.25737e-06
     2.297 	 1.61248e-05 	 9.95591e-06
     2.298 	 1.84121e-05 	 1.13708e-05
     2.299 	 1.96049e-05 	 1.21103e-05
     2.300 	 2.01683e-05 	 1.24627e-05
     2.301 	 2.20352e-05 	 1.36189e-05
     2.302 	 2.60923e-05 	 1.61296e-05
     2.303 	 3.06624e-05 	 1.89624e-05
     2.304 	 3.54517e-05 	 2.1933e-05
     2.305 	 3.97426e-05 	 2.45924e-05
     2.306 	 4.29226e-05 	 2.65683e-05
     2.307 	 4.59058e-05 	 2.84203e-05
     2.308 	  5.0974e-05 	 3.15641e-05
     2.309 	 5.81196e-05 	 3.59957e-05
     2.310 	 6.57101e-05 	 4.07176e-05
     2.311 	  7.2051e-05 	 4.46533e-05
     2.312 	  7.6362e-05 	 4.7332e-05
     2.313 	 8.07304e-05 	 5.00527e-05
     2.314 	 8.64309e-05 	 5.35949e-05
     2.315 	 9.33112e-05 	 5.78758e-05
     2.316 	 9.99326e-05 	 6.20114e-05
     2.317 	 0.000106215 	 6.59195e-05
     2.318 	 0.000112339 	 6.97304e-05
     2.319 	 0.000114749 	 7.12449e-05
     2.320 	 0.000117413 	 7.29096e-05
     2.321 	 0.000120988 	 7.51339e-05
     2.322 	 0.000124822 	 7.7535e-05
     2.323 	 0.000128013 	 7.95307e-05
     2.324 	 0.000129688 	 8.0576e-05
     2.325 	 0.000129178 	 8.02718e-05
     2.326 	 0.000131272 	 8.1587e-05
     2.327 	 0.000132458 	 8.23456e-05
     2.328 	 0.000134649 	 8.37124e-05
     2.329 	 0.000137867 	 8.57277e-05
     2.330 	 0.000140569 	 8.74128e-05
     2.331 	 0.000143113 	 8.90078e-05
     2.332 	 0.000145652 	 9.06185e-05
     2.333 	  0.00015012 	 9.34226e-05
     2.334 	 0.000156999 	 9.77178e-05
     2.335 	 0.000164957 	 0.000102696
     2.336 	 0.000171946 	 0.000107075
     2.337 	 0.000178695 	 0.000111317
     2.338 	 0.000187651 	 0.000116913
     2.339 	 0.000199107 	 0.000124069
     2.340 	  0.00021354 	 0.000133097
     2.341 	 0.000230057 	 0.000143417
     2.342 	 0.000247188 	 0.000154156
     2.343 	 0.000266476 	 0.000166234
     2.344 	 0.000291212 	 0.000181698
     2.345 	 0.000321039 	 0.000200365
     2.346 	 0.000355839 	 0.000222169
     2.347 	 0.000395565 	 0.000247045
     2.348 	 0.000440507 	 0.000275164
     2.349 	 0.000492712 	 0.000307829
     2.350 	 0.000554853 	 0.000346716
     2.351 	  0.00062781 	 0.000392501
     2.352 	 0.000711515 	 0.000444914
     2.353 	 0.000805963 	 0.000504066
     2.354 	 0.000912026 	 0.000570627
     2.355 	  0.00103536 	 0.000647911
     2.356 	  0.00118241 	 0.000740219
     2.357 	  0.00135157 	 0.000846273
     2.358 	  0.00154708 	 0.000968977
     2.359 	  0.00177359 	 0.00111105
     2.360 	  0.00203607 	 0.00127571
     2.361 	  0.00234956 	 0.00147269
     2.362 	  0.00272256 	 0.00170697
     2.363 	  0.00316017 	 0.00198168
     2.364 	  0.00367311 	 0.00230396
     2.365 	  0.00427271 	 0.00268052
     2.366 	  0.00497191 	 0.00312034
     2.367 	  0.00580328 	 0.00364313
     2.368 	  0.00678225 	 0.00425843
     2.369 	  0.00790988 	 0.0049673
     2.370 	  0.00919894 	 0.0057778
     2.371 	   0.0106621 	 0.00669851
     2.372 	   0.0123088 	 0.00773573
     2.373 	   0.0141655 	 0.00890387
     2.374 	   0.0162224 	 0.0101982
     2.375 	   0.0184457 	   0.0116
     2.376 	   0.0208193 	 0.0130945
     2.377 	    0.023325 	 0.0146756
     2.378 	   0.0259402 	 0.0163233
     2.379 	   0.0286417 	 0.0180259
     2.380 	   0.0313906 	 0.0197609
     2.381 	   0.0341555 	 0.0215052
     2.382 	    0.036923 	 0.0232518
     2.383 	   0.0396843 	 0.0250002
     2.384 	   0.0424376 	 0.0267394
     2.385 	    0.045194 	 0.0284843
     2.386 	   0.0479839 	 0.030248
     2.387 	   0.0508394 	 0.0320536
     2.388 	   0.0537989 	 0.0339289
     2.389 	   0.0569085 	 0.0358963
     2.390 	   0.0602186 	 0.0379986
     2.391 	   0.0638383 	 0.040297
     2.392 	   0.0678506 	 0.0428401
     2.393 	   0.0723032 	 0.0456626
     2.394 	   0.0772759 	 0.0488149
     2.395 	   0.0828517 	 0.0523499
     2.396 	   0.0891254 	 0.0563277
     2.397 	   0.0963613 	 0.0609224
     2.398 	    0.104675 	 0.0661946
     2.399 	    0.114135 	 0.0722091
     2.400 	    0.124904 	 0.0790415
     2.401 	    0.137142 	 0.086799
     2.402 	     0.15103 	 0.0956032
     2.403 	    0.167123 	 0.105806
     2.404 	    0.185546 	   0.1175
     2.405 	    0.206328 	 0.130681
     2.406 	    0.229625 	 0.145458
     2.407 	    0.255562 	 0.161912
     2.408 	    0.284203 	 0.180085
     2.409 	    0.315972 	 0.200265
     2.410 	    0.350371 	 0.222146
     2.411 	    0.386807 	 0.245303
     2.412 	    0.424807 	 0.269463
     2.413 	    0.463793 	 0.294292
     2.414 	    0.503068 	 0.319286
     2.415 	    0.541579 	 0.343806
     2.416 	    0.578297 	 0.367199
     2.417 	    0.612592 	 0.389064
     2.418 	    0.643865 	 0.409019
     2.419 	    0.671661 	 0.426773
     2.420 	    0.695655 	 0.442119
     2.421 	    0.714947 	 0.454528
     2.422 	    0.730134 	 0.464333
     2.423 	     0.74179 	 0.471899
     2.424 	    0.750288 	  0.47746
     2.425 	    0.756072 	 0.481296
     2.426 	    0.759626 	 0.483769
     2.427 	    0.761234 	 0.485049
     2.428 	    0.761713 	 0.485512
     2.429 	    0.761519 	 0.485545
     2.430 	    0.760957 	 0.485344
     2.431 	    0.760281 	 0.485118
     2.432 	    0.759693 	 0.484949
     2.433 	    0.759428 	 0.484985
     2.434 	    0.759567 	 0.485279
     2.435 	    0.760127 	 0.485842
     2.436 	    0.761115 	 0.486679
     2.437 	    0.762523 	 0.487786
     2.438 	    0.764323 	 0.489144
     2.439 	    0.766536 	 0.490768
     2.440 	    0.769026 	  0.49257
     2.441 	    0.771716 	 0.494509
     2.442 	    0.774548 	  0.49654
     2.443 	    0.777467 	 0.498629
     2.444 	    0.780414 	 0.500736
     2.445 	    0.783324 	 0.502822
     2.446 	    0.786148 	 0.504854
     2.447 	    0.788857 	 0.506815
     2.448 	    0.791428 	  0.50858
     2.449 	    0.793844 	 0.510354
     2.450 	      0.7961 	 0.512027
     2.451 	    0.798162 	 0.513565
     2.452 	    0.800072 	 0.515007
     2.453 	    0.801849 	 0.516259
     2.454 	    0.803513 	 0.517544
     2.455 	    0.805083 	 0.518769
     2.456 	    0.806585 	 0.519952
     2.457 	    0.808041 	 0.521105
     2.458 	    0.809493 	 0.522257
     2.459 	     0.81096 	 0.523419
     2.460 	     0.81246 	 0.524604
     2.461 	    0.814009 	 0.525791
     2.462 	    0.815621 	 0.527078
     2.463 	    0.817328 	 0.528426
     2.464 	    0.819121 	 0.529831
     2.465 	    0.820996 	  0.53129
     2.466 	     0.82295 	 0.532801
     2.467 	    0.824974 	 0.534358
     2.468 	    0.827059 	 0.535956
     2.469 	    0.829208 	 0.537428
     2.470 	    0.831385 	 0.539087
     2.471 	    0.833568 	 0.540792
     2.472 	    0.835739 	  0.54249
     2.473 	     0.83788 	 0.544169
     2.474 	    0.839976 	 0.545822
     2.475 	    0.841983 	 0.547301
     2.476 	    0.843891 	 0.548834
     2.477 	    0.845686 	 0.550293
     2.478 	    0.847351 	  0.55167
     2.479 	    0.848875 	 0.552843
     2.480 	    0.850248 	  0.55397
     2.481 	    0.851423 	 0.555024
     2.482 	    0.852426 	 0.555967
     2.483 	    0.853255 	 0.556797
     2.484 	    0.853912 	 0.557515
     2.485 	    0.854402 	 0.558063
     2.486 	    0.854727 	 0.558564
     2.487 	    0.854856 	 0.558824
     2.488 	    0.854841 	 0.559103
     2.489 	    0.854697 	 0.559236
     2.490 	    0.854436 	 0.559354
     2.491 	     0.85407 	  0.55935
     2.492 	    0.853609 	 0.559227
     2.493 	    0.853056 	 0.558925
     2.494 	    0.852442 	 0.558757
     2.495 	    0.851779 	 0.558557
     2.496 	    0.851081 	 0.558271
     2.497 	     0.85036 	 0.558032
     2.498 	    0.849623 	 0.557781
     2.499 	    0.848876 	  0.55741
     2.500 	    0.848129 	 0.557091
     2.501 	    0.847397 	 0.556809
     2.502 	     0.84668 	 0.556535
     2.503 	    0.845977 	  0.55621
     2.504 	    0.845286 	 0.555839
     2.505 	    0.844621 	   0.5556
     2.506 	    0.843977 	 0.555255
     2.507 	    0.843351 	 0.555039
     2.508 	    0.842743 	 0.554721
     2.509 	    0.842151 	 0.554467
     2.510 	     0.84157 	 0.554279
     2.511 	       0.841 	 0.554118
     2.512 	     0.84044 	  0.55379
     2.513 	    0.839893 	 0.553644
     2.514 	    0.839352 	 0.553441
     2.515 	    0.838811 	 0.553297
     2.516 	    0.838272 	 0.553042
     2.517 	     0.83773 	 0.552837
     2.518 	    0.837188 	 0.552636
     2.519 	    0.836656 	 0.552384
     2.520 	    0.836136 	 0.552192
     2.521 	    0.835626 	 0.552073
     2.522 	    0.835121 	 0.551784
     2.523 	    0.834635 	  0.55168
     2.524 	    0.834176 	 0.551533
     2.525 	    0.833745 	 0.551464
     2.526 	    0.833356 	  0.55131
     2.527 	    0.833022 	 0.551244
     2.528 	    0.832762 	 0.551232
     2.529 	     0.83256 	 0.551141
     2.530 	    0.832401 	  0.55125
     2.531 	    0.832314 	 0.551378
     2.532 	    0.832322 	 0.551515
     2.533 	    0.832424 	 0.551768
     2.534 	    0.832583 	 0.552118
     2.535 	    0.832846 	 0.552424
     2.536 	     0.83319 	 0.552836
     2.537 	    0.833619 	 0.553365
     2.538 	    0.834159 	 0.553739
     2.539 	    0.834841 	 0.554436
     2.540 	    0.835654 	  0.55516
     2.541 	    0.836545 	 0.555865
     2.542 	    0.837495 	 0.556663
     2.543 	    0.838567 	 0.557602
     2.544 	    0.839768 	 0.558454
     2.545 	    0.841064 	 0.559542
     2.546 	    0.842432 	 0.560504
     2.547 	    0.843918 	 0.561663
     2.548 	     0.84545 	  0.56285
     2.549 	    0.847043 	 0.563963
     2.550 	    0.848679 	  0.56528
     2.551 	    0.850326 	 0.566541
     2.552 	    0.852006 	  0.56777
     2.553 	     0.85369 	 0.569057
     2.554 	    0.855381 	  0.57041
     2.555 	    0.857108 	 0.571609
     2.556 	    0.858893 	 0.573026
     2.557 	    0.860746 	 0.574369
     2.558 	    0.862649 	 0.575749
     2.559 	    0.864491 	 0.577143
     2.560 	    0.866345 	 0.578546
     2.561 	    0.868138 	 0.579858
     2.562 	    0.869808 	 0.581142
     2.563 	    0.871339 	 0.582398
     2.564 	    0.872806 	 0.583429
     2.565 	    0.874268 	 0.584577
     2.566 	     0.87563 	 0.585661
     2.567 	    0.876777 	 0.586478
     2.568 	    0.877764 	 0.587372
     2.569 	    0.878756 	 0.588205
     2.570 	     0.87985 	 0.588986
     2.571 	    0.880777 	 0.589838
     2.572 	    0.881719 	 0.590635
     2.573 	    0.882676 	 0.591386
     2.574 	    0.883535 	 0.592128
     2.575 	    0.884168 	 0.592719
     2.576 	    0.884647 	 0.593089
     2.577 	    0.885304 	 0.593695
     2.578 	    0.885872 	 0.594243
     2.579 	    0.886378 	 0.594691
     2.580 	    0.886941 	 0.595235
     2.581 	    0.887634 	 0.595868
     2.582 	    0.888067 	 0.596391
     2.583 	    0.888489 	  0.59672
     2.584 	    0.888981 	 0.597218
     2.585 	    0.889467 	 0.597777
     2.586 	     0.88986 	 0.598086
     2.587 	    0.890117 	 0.598365
     2.588 	    0.890362 	 0.598761
     2.589 	      0.8905 	 0.599021
     2.590 	    0.891033 	 0.599424
     2.591 	     0.89196 	   0.6003
     2.592 	    0.892926 	 0.601138
     2.593 	    0.893453 	 0.601681
     2.594 	    0.893623 	 0.601926
     2.595 	    0.893755 	 0.602202
     2.596 	    0.893929 	 0.602506
     2.597 	    0.894177 	 0.602927
     2.598 	    0.894452 	 0.603176
     2.599 	    0.894599 	   0.6034
     2.600 	    0.894187 	 0.603309
     2.601 	    0.893794 	 0.603258
     2.602 	    0.893765 	 0.603388
     2.603 	    0.893945 	 0.603658
     2.604 	    0.894163 	 0.603895
     2.605 	    0.894333 	 0.604158
     2.606 	    0.894484 	 0.604408
     2.607 	    0.894422 	 0.604515
     2.608 	    0.894271 	 0.604626
     2.609 	    0.894053 	 0.604625
     2.610 	    0.893695 	 0.604531
     2.611 	      0.8931 	 0.604289
     2.612 	    0.892508 	 0.604115
     2.613 	    0.892307 	 0.604141
     2.614 	    0.892074 	 0.604144
     2.615 	    0.891759 	 0.604091
     2.616 	    0.891496 	 0.604138
     2.617 	    0.891437 	 0.604259
     2.618 	    0.891074 	 0.604173
     2.619 	    0.890469 	 0.603922
     2.620 	    0.889821 	 0.603707
     2.621 	    0.889127 	 0.603409
     2.622 	    0.888389 	  0.60308
     2.623 	    0.887653 	 0.602753
     2.624 	    0.886927 	 0.602433
     2.625 	    0.886138 	 0.602133
     2.626 	     0.88536 	 0.601776
     2.627 	    0.884709 	 0.601504
     2.628 	    0.884152 	 0.601296
     2.629 	    0.883521 	 0.601038
     2.630 	    0.882941 	 0.600877
     2.631 	    0.882252 	 0.600567
     2.632 	    0.881322 	 0.600092
     2.633 	    0.880358 	 0.599593
     2.634 	      0.8795 	 0.599165
     2.635 	    0.878691 	 0.598836
     2.636 	    0.877593 	 0.598244
     2.637 	    0.876601 	 0.597724
     2.638 	    0.875866 	 0.597379
     2.639 	    0.875241 	 0.597109
     2.640 	    0.874642 	 0.596919
     2.641 	    0.874137 	 0.596734
     2.642 	    0.873822 	 0.596678
     2.643 	    0.873515 	 0.596628
     2.644 	    0.873199 	 0.596571
     2.645 	    0.872897 	 0.596523
     2.646 	    0.872626 	  0.59656
     2.647 	    0.872396 	 0.596562
     2.648 	    0.872291 	 0.596647
     2.649 	    0.872302 	 0.596812
     2.650 	    0.872288 	 0.596961
     2.651 	    0.872254 	 0.597067
     2.652 	    0.872233 	 0.597247
     2.653 	    0.872253 	 0.597389
     2.654 	    0.872322 	 0.597567
     2.655 	    0.872508 	 0.597823
     2.656 	    0.872774 	 0.598135
     2.657 	    0.873013 	 0.598428
     2.658 	    0.873172 	 0.598665
     2.659 	    0.873312 	 0.598953
     2.660 	    0.873679 	 0.599334
     2.661 	    0.874392 	 0.599937
     2.662 	    0.875236 	 0.600631
     2.663 	    0.876127 	 0.601357
     2.664 	    0.876932 	 0.602024
     2.665 	    0.877481 	 0.602515
     2.666 	    0.878321 	  0.60327
     2.667 	    0.879395 	 0.604121
     2.668 	    0.880166 	 0.604766
     2.669 	    0.880618 	  0.60519
     2.670 	    0.880808 	 0.605434
     2.671 	    0.880729 	 0.605513
     2.672 	    0.880839 	  0.60566
     2.673 	    0.881083 	 0.605959
     2.674 	    0.881492 	 0.606374
     2.675 	    0.881834 	 0.606805
     2.676 	    0.881899 	 0.606982
     2.677 	    0.881678 	 0.606838
     2.678 	    0.881872 	 0.607103
     2.679 	    0.882288 	 0.607521
     2.680 	    0.882728 	 0.607956
     2.681 	    0.883031 	 0.608285
     2.682 	    0.883149 	 0.608488
     2.683 	    0.883186 	 0.608634
     2.684 	    0.883243 	 0.608859
     2.685 	    0.883237 	 0.608975
     2.686 	    0.883309 	 0.609145
     2.687 	    0.883472 	 0.609378
     2.688 	    0.883695 	 0.609652
     2.689 	    0.883941 	 0.609941
     2.690 	    0.884387 	 0.610183
     2.691 	    0.884786 	 0.610519
     2.692 	    0.885088 	 0.610789
     2.693 	    0.885298 	 0.610994
     2.694 	    0.885444 	 0.611156
     2.695 	    0.885567 	 0.611367
     2.696 	    0.885738 	 0.611545
     2.697 	    0.885992 	 0.611655
     2.698 	    0.886178 	 0.611843
     2.699 	    0.886179 	 0.611903
     2.700 	    0.886014 	 0.611787
     2.701 	    0.885906 	 0.611875
     2.702 	    0.885916 	 0.611983
     2.703 	    0.886056 	  0.61218
     2.704 	    0.886307 	 0.612454
     2.705 	     0.88666 	 0.612798
     2.706 	    0.887112 	  0.61321
     2.707 	    0.887667 	 0.613695
     2.708 	    0.888197 	 0.614226
     2.709 	    0.888507 	  0.61454
     2.710 	    0.888719 	 0.614786
     2.711 	    0.888893 	 0.614944
     2.712 	    0.889056 	 0.615093
     2.713 	    0.889218 	 0.615243
     2.714 	    0.889336 	 0.615361
     2.715 	    0.889426 	  0.61546
     2.716 	    0.889592 	 0.615611
     2.717 	    0.889788 	 0.615845
     2.718 	    0.889965 	 0.616004
     2.719 	    0.890182 	 0.616191
     2.720 	    0.890655 	 0.616554
     2.721 	    0.891161 	 0.616967
     2.722 	    0.891503 	 0.617267
     2.723 	    0.891631 	 0.617418
     2.724 	    0.891572 	 0.617505
     2.725 	    0.891377 	 0.617432
     2.726 	    0.890779 	  0.61708
     2.727 	    0.890232 	 0.616763
     2.728 	    0.889859 	 0.616567
     2.729 	    0.889525 	 0.616397
     2.730 	    0.889117 	 0.616176
     2.731 	    0.888796 	 0.616039
     2.732 	    0.888646 	 0.615896
     2.733 	    0.888527 	 0.615899
     2.734 	    0.888502 	 0.615968
     2.735 	    0.888638 	 0.616147
     2.736 	    0.888938 	 0.616441
     2.737 	    0.889263 	 0.616751
     2.738 	    0.889392 	 0.616926
     2.739 	    0.889292 	 0.616941
     2.740 	    0.888958 	 0.616669
     2.741 	    0.888516 	 0.616447
     2.742 	    0.888112 	 0.616251
     2.743 	    0.887789 	 0.616178
     2.744 	    0.887329 	 0.615942
     2.745 	    0.886642 	 0.615424
     2.746 	    0.885859 	 0.614964
     2.747 	    0.885136 	 0.614484
     2.748 	    0.884586 	 0.614185
     2.749 	    0.884215 	 0.613885
     2.750 	    0.884038 	 0.613846
     2.751 	    0.884132 	 0.613993
     2.752 	    0.884305 	  0.61407
     2.753 	    0.884366 	 0.614193
     2.754 	    0.884219 	 0.614173
     2.755 	    0.883959 	 0.613886
     2.756 	    0.883696 	 0.613784
     2.757 	    0.883454 	 0.613697
     2.758 	    0.883316 	 0.613557
     2.759 	     0.88323 	 0.613578
     2.760 	     0.88304 	 0.613339
     2.761 	    0.882511 	 0.613143
     2.762 	    0.881953 	 0.612801
     2.763 	    0.881697 	 0.612794
     2.764 	    0.881646 	 0.612741
     2.765 	    0.881691 	 0.612943
     2.766 	    0.881762 	 0.613038
     2.767 	    0.881881 	 0.613228
     2.768 	    0.881833 	  0.61324
     2.769 	    0.881707 	 0.613322
     2.770 	    0.881603 	 0.613232
     2.771 	    0.881564 	 0.613242
     2.772 	    0.881585 	 0.613419
     2.773 	    0.881608 	  0.61341
     2.774 	    0.881637 	 0.613531
     2.775 	    0.881699 	 0.613674
     2.776 	    0.881746 	 0.613743
     2.777 	    0.881815 	 0.613765
     2.778 	    0.881971 	  0.61391
     2.779 	    0.882213 	 0.614051
     2.780 	    0.882508 	 0.614418
     2.781 	    0.882822 	 0.614717
     2.782 	    0.883206 	 0.615127
     2.783 	    0.883663 	 0.615526
     2.784 	    0.884146 	 0.616006
     2.785 	    0.884581 	 0.616389
     2.786 	    0.884915 	 0.616702
     2.787 	    0.885194 	 0.617039
     2.788 	    0.885466 	 0.617308
     2.789 	    0.885757 	 0.617592
     2.790 	    0.886068 	 0.617951
     2.791 	    0.886366 	 0.618286
     2.792 	    0.886534 	 0.618405
     2.793 	    0.886645 	 0.618672
     2.794 	     0.88677 	 0.618887
     2.795 	    0.886948 	 0.619138
     2.796 	    0.887182 	 0.619428
     2.797 	    0.887446 	 0.619613
     2.798 	    0.887777 	 0.619971
     2.799 	    0.888156 	 0.620426
     2.800 	    0.888515 	 0.620676
     2.801 	    0.888807 	  0.62106
     2.802 	    0.889016 	 0.621257
     2.803 	    0.889167 	 0.621542
     2.804 	     0.88929 	 0.621679
     2.805 	    0.889393 	  0.62193
     2.806 	    0.889458 	 0.621961
     2.807 	    0.889456 	 0.622074
     2.808 	    0.889357 	 0.622057
     2.809 	     0.88916 	  0.62197
     2.810 	    0.888997 	 0.622033
     2.811 	    0.888899 	 0.622078
     2.812 	    0.888829 	 0.622144
     2.813 	    0.888757 	 0.622272
     2.814 	    0.888675 	 0.622328
     2.815 	    0.888613 	 0.622399
     2.816 	    0.888576 	 0.622486
     2.817 	    0.888532 	 0.622506
     2.818 	    0.888466 	 0.622572
     2.819 	     0.88837 	 0.622746
     2.820 	    0.888245 	 0.622708
     2.821 	    0.888101 	 0.622786
     2.822 	    0.887981 	 0.622879
     2.823 	    0.887885 	 0.622925
     2.824 	    0.887789 	 0.623036
     2.825 	    0.887676 	 0.623134
     2.826 	    0.887552 	 0.623161
     2.827 	    0.887448 	 0.623265
     2.828 	    0.887403 	 0.623219
     2.829 	    0.887402 	  0.62333
     2.830 	     0.88744 	  0.62347
     2.831 	    0.887506 	 0.623733
     2.832 	    0.887586 	 0.623943
     2.833 	    0.887677 	 0.624225
     2.834 	    0.887796 	 0.624332
     2.835 	     0.88794 	 0.624651
     2.836 	      0.8881 	 0.624916
     2.837 	    0.888272 	 0.625191
     2.838 	    0.888457 	  0.62541
     2.839 	    0.888651 	 0.625698
     2.840 	    0.888856 	  0.62606
     2.841 	    0.889085 	 0.626215
     2.842 	    0.889339 	 0.626583
     2.843 	    0.889618 	 0.627032
     2.844 	    0.889922 	 0.627307
     2.845 	    0.890267 	 0.627738
     2.846 	    0.890651 	 0.628262
     2.847 	    0.891043 	 0.628597
     2.848 	    0.891448 	 0.629073
     2.849 	    0.891875 	 0.629367
     2.850 	     0.89233 	 0.629942
     2.851 	    0.892805 	 0.630352
     2.852 	    0.893273 	 0.630889
     2.853 	    0.893729 	 0.631286
     2.854 	    0.894174 	 0.631872
     2.855 	    0.894613 	 0.632257
     2.856 	    0.895059 	 0.632779
     2.857 	    0.895522 	 0.633116
     2.858 	    0.895976 	 0.633577
     2.859 	    0.896409 	 0.634089
     2.860 	    0.896825 	 0.634459
     2.861 	    0.897233 	 0.635002
     2.862 	     0.89765 	 0.635421
     2.863 	    0.898076 	 0.635779
     2.864 	    0.898491 	 0.636395
     2.865 	    0.898888 	 0.636799
     2.866 	     0.89927 	 0.637193
     2.867 	    0.899647 	 0.637716
     2.868 	    0.900021 	 0.638038
     2.869 	    0.900385 	  0.63842
     2.870 	    0.900723 	 0.638915
     2.871 	    0.901038 	 0.639262
     2.872 	    0.901332 	 0.639659
     2.873 	    0.901611 	 0.640046
     2.874 	    0.901882 	 0.640362
     2.875 	    0.902143 	  0.64067
     2.876 	    0.902382 	 0.640963
     2.877 	      0.9026 	 0.641374
     2.878 	    0.902802 	 0.641573
     2.879 	    0.902997 	 0.641835
     2.880 	     0.90319 	 0.642095
     2.881 	    0.903375 	 0.642494
     2.882 	    0.903544 	 0.642748
     2.883 	    0.903702 	 0.642994
     2.884 	    0.903852 	 0.643235
     2.885 	    0.903994 	 0.643604
     2.886 	    0.904127 	 0.643765
     2.887 	    0.904248 	 0.643986
     2.888 	    0.904355 	 0.644196
     2.889 	    0.904451 	 0.644533
     2.890 	    0.904538 	 0.644662
     2.891 	    0.904617 	 0.644864
     2.892 	    0.904692 	 0.645063
     2.893 	    0.904755 	 0.645187
     2.894 	     0.90481 	 0.645507
     2.895 	    0.904863 	 0.645758
     2.896 	    0.904921 	 0.645946
     2.897 	    0.904983 	 0.646069
     2.898 	     0.90504 	 0.646256
     2.899 	    0.905077 	 0.646563
     2.900 	    0.905104 	 0.646662
     2.901 	    0.905124 	 0.646827
     2.902 	    0.905133 	 0.646986
     2.903 	    0.905128 	 0.647067
     2.904 	    0.905109 	 0.647206
     2.905 	    0.905072 	 0.647331
     2.906 	    0.905008 	  0.64737
     2.907 	    0.904926 	 0.647396
     2.908 	    0.904837 	 0.647281
     2.909 	    0.904742 	 0.647365
     2.910 	    0.904635 	  0.64744
     2.911 	    0.904511 	 0.647423
     2.912 	    0.904375 	 0.647465
     2.913 	    0.904227 	 0.647499
     2.914 	    0.904063 	 0.647251
     2.915 	    0.903882 	  0.64726
     2.916 	    0.903684 	  0.64719
     2.917 	    0.903471 	 0.647177
     2.918 	    0.903248 	 0.647156
     2.919 	    0.903017 	 0.646926
     2.920 	    0.902772 	 0.646822
     2.921 	     0.90251 	 0.646687
     2.922 	    0.902231 	 0.646606
     2.923 	    0.901933 	 0.646445
     2.924 	    0.901623 	 0.646206
     2.925 	    0.901307 	 0.645965
     2.926 	    0.900983 	 0.645851
     2.927 	    0.900649 	 0.645664
     2.928 	    0.900302 	 0.645397
     2.929 	    0.899942 	 0.645258
     2.930 	    0.899584 	 0.645052
     2.931 	    0.899229 	  0.64483
     2.932 	    0.898877 	 0.644471
     2.933 	    0.898528 	  0.64432
     2.934 	    0.898184 	 0.644105
     2.935 	    0.897847 	  0.64396
     2.936 	     0.89752 	 0.643757
     2.937 	    0.897205 	 0.643359
     2.938 	    0.896904 	  0.64324
     2.939 	    0.896615 	 0.643064
     2.940 	     0.89634 	 0.642964
     2.941 	    0.896083 	  0.64279
     2.942 	    0.895846 	 0.642697
     2.943 	    0.895631 	 0.642415
     2.944 	    0.895439 	 0.642355
     2.945 	    0.895265 	 0.642172
     2.946 	    0.895107 	 0.642069
     2.947 	    0.894974 	  0.64205
     2.948 	    0.894868 	 0.641983
     2.949 	    0.894788 	 0.642001
     2.950 	    0.894734 	 0.641973
     2.951 	    0.894707 	 0.641937
     2.952 	    0.894702 	 0.641984
     2.953 	    0.894719 	  0.64198
     2.954 	    0.894762 	  0.64206
     2.955 	    0.894832 	 0.642095
     2.956 	    0.894929 	 0.642147
     2.957 	    0.895047 	 0.642283
     2.958 	    0.895185 	 0.642365
     2.959 	    0.895341 	 0.642664
     2.960 	     0.89551 	 0.642835
     2.961 	    0.895695 	 0.642892
     2.962 	    0.895897 	 0.642961
     2.963 	    0.896113 	 0.643107
     2.964 	    0.896339 	 0.643331
     2.965 	    0.896573 	  0.64349
     2.966 	    0.896811 	 0.643584
     2.967 	    0.897048 	 0.643882
     2.968 	    0.897284 	 0.643975
     2.969 	    0.897517 	 0.644271
     2.970 	    0.897745 	 0.644425
     2.971 	    0.897962 	 0.644578
     2.972 	    0.898166 	 0.644653
     2.973 	    0.898354 	 0.644787
     2.974 	    0.898525 	 0.644769
     2.975 	     0.89868 	 0.645013
     2.976 	    0.898818 	 0.645111
     2.977 	    0.898931 	 0.645119
     2.978 	     0.89902 	 0.645181
     2.979 	    0.899085 	  0.64536
     2.980 	    0.899124 	 0.645453
     2.981 	    0.899138 	 0.645284
     2.982 	    0.899126 	 0.645301
     2.983 	     0.89908 	 0.645227
     2.984 	    0.899009 	 0.645203
     2.985 	    0.898907 	 0.645156
     2.986 	    0.898776 	 0.645155
     2.987 	    0.898618 	 0.645138
     2.988 	    0.898433 	 0.645031
     2.989 	     0.89822 	 0.644904
     2.990 	    0.897985 	 0.644761
     2.991 	     0.89773 	  0.64455
     2.992 	    0.897456 	 0.644463
     2.993 	    0.897165 	 0.644224
     2.994 	    0.896857 	 0.644115
     2.995 	     0.89653 	 0.643916
     2.996 	     0.89619 	 0.643783
     2.997 	    0.895839 	 0.643501
     2.998 	    0.895481 	 0.643353
     2.999 	     0.89512 	 0.643203
     3.000 	    0.894758 	 0.642914
     3.001 	      0.8944 	 0.642758
     3.002 	    0.894046 	 0.642536
     3.003 	      0.8937 	 0.642182
     3.004 	    0.893365 	 0.641974
     3.005 	    0.893044 	 0.641843
     3.006 	    0.892741 	 0.641659
     3.007 	    0.892462 	 0.641558
     3.008 	    0.892206 	 0.641406
     3.009 	    0.891972 	  0.64127
     3.010 	    0.891765 	 0.641221
     3.011 	    0.891585 	 0.641041
     3.012 	    0.891436 	 0.640951
     3.013 	    0.891326 	 0.640755
     3.014 	    0.891252 	 0.640718
     3.015 	    0.891212 	 0.640705
     3.016 	    0.891208 	  0.64079
     3.017 	    0.891241 	 0.640831
     3.018 	    0.891314 	   0.6409
     3.019 	    0.891433 	 0.641072
     3.020 	    0.891585 	 0.641198
     3.021 	    0.891771 	 0.641286
     3.022 	    0.891989 	  0.64147
     3.023 	    0.892237 	 0.641603
     3.024 	    0.892517 	  0.64183
     3.025 	    0.892832 	  0.64215
     3.026 	    0.893176 	 0.642352
     3.027 	    0.893544 	 0.642711
     3.028 	    0.893935 	 0.643019
     3.029 	    0.894348 	  0.64327
     3.030 	    0.894781 	 0.643675
     3.031 	    0.895235 	 0.644036
     3.032 	    0.895703 	 0.644407
     3.033 	    0.896182 	 0.644719
     3.034 	     0.89667 	 0.645172
     3.035 	    0.897161 	 0.645559
     3.036 	    0.897649 	 0.645945
     3.037 	    0.898133 	  0.64626
     3.038 	    0.898606 	 0.646634
     3.039 	     0.89907 	 0.647071
     3.040 	     0.89952 	 0.647428
     3.041 	    0.899955 	 0.647791
     3.042 	    0.900372 	 0.648135
     3.043 	     0.90076 	  0.64839
     3.044 	    0.901127 	 0.648564
     3.045 	    0.901469 	 0.648993
     3.046 	    0.901784 	 0.649196
     3.047 	    0.902072 	 0.649521
     3.048 	     0.90233 	 0.649683
     3.049 	     0.90255 	 0.650027
     3.050 	    0.902737 	 0.650069
     3.051 	    0.902891 	 0.650264
     3.052 	    0.903011 	 0.650226
     3.053 	    0.903098 	 0.650305
     3.054 	    0.903148 	 0.650425
     3.055 	     0.90316 	 0.650382
     3.056 	    0.903137 	 0.650308
     3.057 	    0.903084 	 0.650355
     3.058 	    0.903003 	 0.650245
     3.059 	    0.902894 	  0.65025
     3.060 	     0.90276 	  0.65017
     3.061 	    0.902598 	 0.650082
     3.062 	    0.902418 	 0.649913
     3.063 	    0.902221 	 0.649799
     3.064 	    0.902011 	 0.649609
     3.065 	    0.901791 	 0.649412
     3.066 	    0.901563 	 0.649275
     3.067 	    0.901327 	 0.649067
     3.068 	    0.901088 	 0.649063
     3.069 	     0.90085 	 0.648853
     3.070 	    0.900615 	 0.648712
     3.071 	    0.900385 	 0.648419
     3.072 	     0.90016 	 0.648336
     3.073 	     0.89995 	 0.648057
     3.074 	    0.899753 	 0.647994
     3.075 	    0.899573 	 0.647736
     3.076 	    0.899411 	   0.6477
     3.077 	    0.899269 	 0.647537
     3.078 	    0.899157 	 0.647468
     3.079 	    0.899072 	 0.647346
     3.080 	    0.899011 	 0.647315
     3.081 	    0.898978 	  0.64738
     3.082 	    0.898975 	 0.647193
     3.083 	    0.898999 	 0.647164
     3.084 	    0.899054 	 0.647225
     3.085 	    0.899139 	 0.647308
     3.086 	    0.899253 	 0.647411
     3.087 	    0.899389 	 0.647464
     3.088 	    0.899548 	   0.6476
     3.089 	    0.899733 	 0.647755
     3.090 	    0.899936 	 0.647922
     3.091 	    0.900154 	 0.648019
     3.092 	    0.900378 	  0.64812
     3.093 	    0.900604 	 0.648155
     3.094 	    0.900825 	 0.648322
     3.095 	    0.901033 	 0.648343
     3.096 	    0.901213 	 0.648413
     3.097 	    0.901352 	 0.648593
     3.098 	    0.901438 	 0.648594
     3.099 	    0.901465 	 0.648486
     3.100 	    0.901422 	 0.648601
     3.101 	    0.901291 	 0.648376
     3.102 	    0.901042 	 0.648136
     3.103 	    0.900641 	 0.647716
     3.104 	    0.900084 	 0.647391
     3.105 	    0.899349 	 0.646869
     3.106 	    0.898412 	 0.646135
     3.107 	    0.897245 	  0.64537
     3.108 	    0.895786 	  0.64419
     3.109 	    0.893983 	 0.642901
     3.110 	    0.891835 	 0.641363
     3.111 	    0.889306 	 0.639554
     3.112 	    0.886366 	  0.63752
     3.113 	    0.882981 	 0.635029
     3.114 	     0.87903 	  0.63213
     3.115 	     0.87446 	 0.628854
     3.116 	    0.869293 	 0.625082
     3.117 	    0.863492 	 0.620988
     3.118 	    0.857017 	 0.616276
     3.119 	    0.849821 	 0.611048
     3.120 	    0.841767 	 0.605459
     3.121 	    0.832829 	 0.598933
     3.122 	    0.823063 	 0.591941
     3.123 	    0.812443 	  0.58421
     3.124 	    0.800949 	 0.575975
     3.125 	    0.788578 	 0.567228
     3.126 	    0.775198 	 0.557513
     3.127 	    0.760823 	 0.547204
     3.128 	    0.745587 	  0.53633
     3.129 	    0.729512 	 0.524683
     3.130 	    0.712625 	 0.512564
     3.131 	    0.694968 	 0.499963
     3.132 	    0.676477 	 0.486655
     3.133 	    0.657282 	 0.472741
     3.134 	    0.637525 	 0.458573
     3.135 	    0.617286 	 0.444011
     3.136 	    0.596632 	 0.429194
     3.137 	    0.575634 	 0.414127
     3.138 	    0.554376 	 0.398829
     3.139 	    0.532985 	 0.383475
     3.140 	    0.511562 	 0.368058
     3.141 	    0.490203 	 0.352714
     3.142 	    0.468985 	 0.337435
     3.143 	    0.447986 	 0.322348
     3.144 	    0.427334 	 0.307509
     3.145 	    0.407106 	 0.292972
     3.146 	     0.38733 	 0.278731
     3.147 	    0.368054 	 0.264877
     3.148 	    0.349327 	  0.25139
     3.149 	    0.331184 	  0.23835
     3.150 	    0.313754 	 0.225797
     3.151 	     0.29704 	 0.213784
     3.152 	    0.280987 	 0.202225
     3.153 	    0.265602 	 0.191186
     3.154 	    0.250895 	 0.180594
     3.155 	    0.236863 	 0.170507
     3.156 	    0.223613 	 0.160998
     3.157 	    0.211067 	 0.151976
     3.158 	    0.199159 	 0.143397
     3.159 	    0.187872 	  0.13528
     3.160 	    0.177188 	 0.127583
     3.161 	    0.167086 	 0.120319
     3.162 	    0.157643 	 0.113516
     3.163 	    0.148763 	  0.10713
     3.164 	    0.140388 	 0.101097
     3.165 	    0.132495 	 0.0954301
     3.166 	    0.125063 	 0.0900749
     3.167 	    0.118063 	  0.08504
     3.168 	    0.111553 	 0.0803488
     3.169 	    0.105449 	 0.0759583
     3.170 	   0.0997043 	 0.0718183
     3.171 	    0.094303 	 0.0679354
     3.172 	   0.0892236 	 0.064277
     3.173 	   0.0844479 	 0.0608244
     3.174 	   0.0800135 	 0.057637
     3.175 	    0.075852 	 0.0546399
     3.176 	   0.0719354 	 0.051819
     3.177 	   0.0682507 	 0.0491703
     3.178 	   0.0647831 	 0.0466629
     3.179 	   0.0615227 	 0.0443195
     3.180 	   0.0584884 	 0.0421384
     3.181 	   0.0556382 	 0.0400796
     3.182 	   0.0529528 	 0.038148
     3.183 	   0.0504201 	 0.0363261
     3.184 	    0.048032 	 0.0346045
     3.185 	   0.0457831 	 0.0329867
     3.186 	   0.0436851 	 0.031471
     3.187 	   0.0417111 	 0.0300511
     3.188 	   0.0398457 	 0.0287034
     3.189 	   0.0380826 	 0.0274353
     3.190 	   0.0364165 	 0.0262315
     3.191 	   0.0348447 	 0.0251011
     3.192 	   0.0333723 	 0.0240396
     3.193 	    0.031982 	 0.0230421
     3.194 	   0.0306638 	 0.0220916
     3.195 	   0.0294142 	 0.0211906
     3.196 	   0.0282306 	 0.0203352
     3.197 	   0.0271093 	 0.0195288
     3.198 	    0.026056 	 0.0187694
     3.199 	   0.0250576 	 0.0180496
     3.200 	    0.024105 	 0.0173629
     3.201 	   0.0231986 	 0.0167059
     3.202 	   0.0223384 	 0.0160841
     3.203 	   0.0215202 	 0.0154944
     3.204 	   0.0207505 	 0.0149381
     3.205 	   0.0200178 	 0.0144071
     3.206 	   0.0193168 	 0.0139006
     3.207 	   0.0186478 	 0.0134159
     3.208 	   0.0180102 	 0.0129553
     3.209 	   0.0173993 	 0.0125128
     3.210 	   0.0168228 	 0.0120952
     3.211 	   0.0162696 	 0.0116969
     3.212 	   0.0157376 	 0.0113127
     3.213 	   0.0152271 	 0.0109452
     3.214 	   0.0147379 	 0.0105931
     3.215 	   0.0142663 	 0.0102525
     3.216 	   0.0138194 	 0.00992986
     3.217 	   0.0133873 	 0.00961892
     3.218 	   0.0129708 	 0.00931632
     3.219 	   0.0125698 	 0.00902691
     3.220 	   0.0121835 	 0.00874817
     3.221 	   0.0118096 	 0.00847705
     3.222 	   0.0114537 	 0.00822073
     3.223 	    0.011107 	 0.00797186
     3.224 	   0.0107719 	 0.00772894
     3.225 	   0.0104475 	 0.00749618
     3.226 	   0.0101326 	 0.00726798
     3.227 	  0.00982722 	 0.00704819
     3.228 	  0.00953521 	 0.00683663
     3.229 	  0.00924991 	 0.00663138
     3.230 	  0.00897386 	 0.00643148
     3.231 	  0.00870578 	 0.00623822
     3.232 	  0.00844389 	 0.00605072
     3.233 	  0.00818908 	 0.00586707
     3.234 	  0.00794249 	 0.00568937
     3.235 	  0.00770084 	 0.00551699
     3.236 	    0.007466 	 0.00534779
     3.237 	  0.00723648 	 0.00518245
     3.238 	  0.00701081 	 0.00501994
     3.239 	  0.00679157 	 0.00486158
     3.240 	  0.00657929 	 0.00470878
     3.241 	   0.0063721 	 0.00456084
     3.242 	  0.00617101 	 0.00441633
     3.243 	  0.00597436 	 0.0042755
     3.244 	   0.0057807 	 0.00413637
     3.245 	  0.00559263 	 0.00400087
     3.246 	  0.00540878 	 0.00386884
     3.247 	  0.00522909 	 0.00373983
     3.248 	  0.00505391 	 0.00361407
     3.249 	  0.00488219 	 0.00349081
     3.250 	  0.00471359 	 0.00336915
     3.251 	  0.00455094 	 0.00325272
     3.252 	  0.00439151 	 0.0031386
     3.253 	   0.0042365 	 0.00302735
     3.254 	  0.00408536 	 0.00291919
     3.255 	  0.00393703 	 0.00281306
     3.256 	   0.0037916 	 0.00270846
     3.257 	  0.00365221 	 0.00260875
     3.258 	  0.00351615 	 0.00251143
     3.259 	  0.00338393 	 0.00241662
     3.260 	  0.00325467 	 0.00232371
     3.261 	  0.00312794 	 0.0022332
     3.262 	  0.00300442 	 0.00214498
     3.263 	  0.00288694 	 0.00206065
     3.264 	  0.00277312 	 0.00197918
     3.265 	  0.00266401 	 0.00190128
     3.266 	  0.00255839 	 0.0018255
     3.267 	  0.00245523 	 0.00175186
     3.268 	  0.00235447 	 0.00167977
     3.269 	  0.00225793 	 0.00161054
     3.270 	   0.0021637 	 0.00154331
     3.271 	  0.00207398 	 0.00147904
     3.272 	  0.00198757 	 0.0014173
     3.273 	  0.00190344 	 0.00135706
     3.274 	  0.00182132 	 0.00129854
     3.275 	  0.00174291 	 0.00124241
     3.276 	  0.00166665 	 0.00118795
     3.277 	  0.00159465 	 0.00113641
     3.278 	  0.00152564 	 0.00108726
     3.279 	  0.00145898 	 0.00103956
     3.280 	  0.00139487 	 0.000993799
     3.281 	  0.00133476 	 0.000950754
     3.282 	  0.00127563 	 0.000908616
     3.283 	  0.00122029 	 0.000869176
     3.284 	  0.00116755 	 0.000831505
     3.285 	  0.00111685 	 0.000795462
     3.286 	  0.00106845 	 0.000760815
     3.287 	  0.00102343 	 0.000728665
     3.288 	 0.000978952 	 0.000697054
     3.289 	 0.000937641 	 0.000667554
     3.290 	 0.000898029 	 0.000639205
     3.291 	  0.00085947 	 0.000611826
     3.292 	 0.000822222 	 0.000585252
     3.293 	  0.00078721 	 0.000560217
     3.294 	 0.000752813 	 0.000535797
     3.295 	 0.000720771 	 0.00051294
     3.296 	 0.000689837 	 0.000490827
     3.297 	 0.000659564 	 0.000469338
     3.298 	 0.000630326 	 0.000448442
     3.299 	 0.000602847 	 0.000428895
     3.300 	 0.000575387 	 0.00040936
     3.301 	  0.00055063 	 0.000391711
     3.302 	 0.000527651 	 0.000375409
     3.303 	 0.000505451 	 0.000359545
     3.304 	 0.000483771 	 0.000344199
     3.305 	  0.00046437 	 0.000330332
     3.306 	 0.000445137 	 0.000316688
     3.307 	 0.000428045 	 0.000304501
     3.308 	 0.000412685 	 0.000293578
     3.309 	 0.000398382 	 0.000283408
     3.310 	 0.000384572 	 0.000273587
     3.311 	 0.000371291 	 0.000264124
     3.312 	 0.000356948 	 0.000253957
     3.313 	 0.000344004 	 0.000244734
     3.314 	 0.000331812 	 0.00023607
     3.315 	 0.000319858 	 0.000227552
     3.316 	  0.00030826 	 0.000219288
     3.317 	 0.000298366 	 0.000212259
     3.318 	 0.000287406 	 0.000204471
     3.319 	 0.000276957 	 0.000197005
     3.320 	  0.00026776 	 0.000190491
     3.321 	 0.000259849 	 0.000184838
     3.322 	  0.00025295 	 0.000179944
     3.323 	 0.000247804 	 0.000176295
     3.324 	  0.00024145 	 0.000171769
     3.325 	 0.000235143 	 0.000167278
     3.326 	 0.000229221 	 0.000163092
     3.327 	 0.000223548 	 0.000159051
     3.328 	 0.000217966 	 0.000155059
     3.329 	 0.000213765 	 0.000152066
     3.330 	 0.000208813 	 0.000148553
     3.331 	 0.000203565 	 0.000144831
     3.332 	 0.000198789 	 0.000141415
     3.333 	 0.000194215 	 0.000138158
     3.334 	 0.000189074 	 0.000134526
     3.335 	 0.000184695 	 0.000131393
     3.336 	 0.000180667 	 0.000128538
     3.337 	 0.000176849 	 0.000125805
     3.338 	 0.000173329 	 0.000123324
     3.339 	 0.000169715 	 0.00012075
     3.340 	 0.000165573 	 0.000117788
     3.341 	 0.000162541 	 0.000115629
     3.342 	 0.000160164 	 0.000113936
     3.343 	 0.000157759 	 0.000112222
     3.344 	  0.00015598 	 0.000110977
     3.345 	 0.000154645 	 0.000110013
     3.346 	 0.000152889 	 0.000108762
     3.347 	 0.000151107 	 0.000107492
     3.348 	 0.000150031 	 0.000106713
     3.349 	 0.000149193 	 0.000106115
     3.350 	 0.000148522 	 0.000105636
     3.351 	 0.000147328 	 0.000104807
     3.352 	 0.000144695 	 0.000102923
     3.353 	 0.000141785 	 0.000100862
     3.354 	 0.000140117 	 9.96749e-05
     3.355 	 0.000138062 	 9.8202e-05
     3.356 	 0.000135817 	 9.66046e-05
     3.357 	 0.000133711 	 9.51059e-05
     3.358 	 0.000131822 	 9.37517e-05
     3.359 	 0.000129615 	 9.22003e-05
     3.360 	 0.000127766 	 9.08844e-05
     3.361 	 0.000126044 	 8.96604e-05
     3.362 	 0.000124825 	 8.87847e-05
     3.363 	 0.000124096 	 8.82671e-05
     3.364 	 0.000123371 	 8.77524e-05
     3.365 	 0.000122264 	 8.69658e-05
     3.366 	 0.000121321 	 8.62959e-05
     3.367 	 0.000120191 	 8.54838e-05
     3.368 	 0.000118892 	 8.45608e-05
     3.369 	 0.000117785 	 8.38e-05
     3.370 	 0.000117362 	 8.34998e-05
     3.371 	 0.000117186 	 8.33666e-05
     3.372 	  0.00011721 	 8.33845e-05
     3.373 	 0.000116686 	 8.30125e-05
     3.374 	 0.000115662 	 8.22849e-05
     3.375 	 0.000114647 	 8.15635e-05
     3.376 	 0.000114285 	 8.12982e-05
     3.377 	 0.000113947 	 8.10585e-05
     3.378 	 0.000113887 	 8.10166e-05
     3.379 	 0.000114437 	 8.14087e-05
     3.380 	 0.000114751 	 8.16496e-05
     3.381 	 0.000114365 	 8.13756e-05
     3.382 	 0.000113646 	 8.08559e-05
     3.383 	 0.000113801 	 8.09669e-05
     3.384 	 0.000114774 	 8.16597e-05
     3.385 	 0.000115838 	 8.24174e-05
     3.386 	 0.000116408 	 8.28235e-05
     3.387 	 0.000116357 	 8.27879e-05
     3.388 	 0.000116036 	 8.25771e-05
     3.389 	  0.00011527 	 8.20325e-05
     3.390 	 0.000114763 	 8.16637e-05
     3.391 	 0.000114699 	 8.16187e-05
     3.392 	 0.000115083 	 8.18926e-05
     3.393 	 0.000115511 	 8.21978e-05
     3.394 	 0.000115278 	 8.20327e-05
     3.395 	 0.000114713 	 8.16479e-05
     3.396 	 0.000114258 	 8.13328e-05
     3.397 	 0.000113396 	 8.07199e-05
     3.398 	 0.000112011 	 7.97347e-05
     3.399 	 0.000110528 	 7.86796e-05
     3.400 	 0.000109825 	 7.81715e-05
     3.401 	 0.000110148 	 7.84185e-05
     3.402 	 0.000109885 	 7.82324e-05
     3.403 	 0.000109802 	 7.81903e-05
     3.404 	 0.000110249 	 7.85097e-05
     3.405 	  0.00011134 	 7.92958e-05
     3.406 	 0.000112975 	 8.04778e-05
     3.407 	 0.000114793 	 8.1774e-05
     3.408 	  0.00011728 	 8.35468e-05
     3.409 	 0.000119898 	 8.54305e-05
     3.410 	 0.000121812 	 8.67956e-05
     3.411 	 0.000122813 	 8.75273e-05
     3.412 	 0.000123612 	 8.81065e-05
     3.413 	 0.000124212 	 8.85349e-05
     3.414 	  0.00012386 	 8.83028e-05
     3.415 	 0.000123623 	 8.81346e-05
     3.416 	 0.000124263 	 8.86096e-05
     3.417 	 0.000125708 	 8.96409e-05
     3.418 	 0.000126914 	 9.05293e-05
     3.419 	 0.000127939 	 9.12613e-05
     3.420 	 0.000129381 	 9.22907e-05
     3.421 	 0.000131023 	 9.34777e-05
     3.422 	 0.000133371 	 9.51392e-05
     3.423 	 0.000136758 	 9.75718e-05
     3.424 	 0.000140911 	 0.000100541
     3.425 	 0.000144998 	 0.000103475
     3.426 	 0.000147672 	 0.000105379
     3.427 	 0.000149459 	 0.000106651
     3.428 	 0.000151098 	 0.000107838
     3.429 	 0.000152875 	 0.000109103
     3.430 	 0.000154316 	 0.00011015
     3.431 	 0.000155997 	 0.000111363
     3.432 	 0.000157575 	 0.000112516
     3.433 	 0.000158291 	 0.00011303
     3.434 	 0.000158565 	 0.000113251
     3.435 	 0.000159177 	 0.000113691
     3.436 	 0.000160727 	 0.000114813
     3.437 	 0.000162018 	 0.000115774
     3.438 	 0.000163601 	 0.000116908
     3.439 	 0.000165495 	 0.000118288
     3.440 	 0.000167123 	 0.000119455
     3.441 	 0.000168453 	 0.000120433
     3.442 	 0.000170582 	 0.000121957
     3.443 	 0.000173078 	 0.000123769
     3.444 	 0.000175029 	 0.000125179
     3.445 	 0.000176666 	 0.000126353
     3.446 	 0.000177918 	 0.000127276
     3.447 	 0.000178999 	 0.000128052
     3.448 	  0.00018072 	 0.000129312
     3.449 	 0.000182607 	 0.000130665
     3.450 	 0.000183396 	 0.000131272
     3.451 	 0.000183905 	 0.000131636
     3.452 	 0.000183936 	 0.000131685
     3.453 	 0.000183452 	 0.000131338
     3.454 	 0.000183345 	 0.000131261
     3.455 	 0.000185594 	 0.000132898
     3.456 	  0.00018722 	 0.000134062
     3.457 	 0.000187953 	 0.000134627
     3.458 	 0.000188661 	 0.000135134
     3.459 	   0.0001899 	 0.000136049
     3.460 	 0.000190873 	 0.000136745
     3.461 	 0.000191978 	 0.000137538
     3.462 	 0.000194102 	 0.000139089
     3.463 	 0.000195384 	 0.000140009
     3.464 	 0.000195731 	 0.000140288
     3.465 	 0.000195813 	 0.000140362
     3.466 	 0.000196293 	 0.000140707
     3.467 	 0.000195904 	 0.000140458
     3.468 	 0.000195697 	 0.000140311
     3.469 	  0.00019529 	 0.000140049
     3.470 	 0.000194284 	 0.000139329
     3.471 	 0.000192669 	 0.000138189
     3.472 	 0.000191168 	 0.000137144
     3.473 	 0.000189139 	 0.000135706
     3.474 	 0.000186929 	 0.000134151
     3.475 	 0.000184718 	 0.000132568
     3.476 	 0.000182362 	 0.000130881
     3.477 	 0.000180042 	 0.000129246
     3.478 	 0.000178847 	 0.000128392
     3.479 	 0.000178072 	 0.000127839
     3.480 	  0.00017665 	 0.000126847
     3.481 	 0.000175987 	 0.000126386
     3.482 	 0.000175875 	 0.000126332
     3.483 	 0.000175536 	 0.00012609
     3.484 	 0.000174641 	 0.000125449
     3.485 	 0.000175557 	 0.000126134
     3.486 	  0.00017602 	 0.000126468
     3.487 	 0.000175965 	 0.000126431
     3.488 	 0.000175975 	 0.000126465
     3.489 	 0.000176101 	 0.000126557
     3.490 	 0.000174564 	 0.000125454
     3.491 	 0.000172746 	 0.000124166
     3.492 	 0.000172023 	 0.000123678
     3.493 	 0.000170865 	 0.000122851
     3.494 	 0.000169478 	 0.00012186
     3.495 	 0.000168616 	 0.000121271
     3.496 	 0.000168186 	 0.000120968
     3.497 	 0.000165522 	 0.000119058
     3.498 	  0.00016376 	 0.000117796
     3.499 	 0.000163098 	 0.00011735
     3.500 	 0.000162533 	 0.000116949
     3.501 	 0.000161447 	 0.000116168
     3.502 	 0.000161581 	 0.000116265
     3.503 	 0.000161586 	 0.00011628
     3.504 	 0.000159971 	 0.000115142
     3.505 	 0.000158595 	 0.000114152
     3.506 	 0.000157512 	 0.000113373
     3.507 	 0.000155972 	 0.000112265
     3.508 	 0.000153862 	 0.000110747
     3.509 	 0.000154318 	 0.000111075
     3.510 	 0.000154446 	 0.000111168
     3.511 	 0.000153719 	 0.00011067
     3.512 	 0.000152737 	 0.000109967
     3.513 	 0.000152033 	 0.000109463
     3.514 	  0.00015036 	 0.000108262
     3.515 	 0.000148951 	 0.000107251
     3.516 	 0.000148628 	 0.000107022
     3.517 	   0.0001476 	 0.000106285
     3.518 	 0.000145574 	 0.000104829
     3.519 	 0.000143196 	 0.00010312
     3.520 	  0.00014105 	 0.000101609
     3.521 	 0.000137821 	 9.92851e-05
     3.522 	 0.000135884 	 9.7892e-05
     3.523 	 0.000134884 	 9.7174e-05
     3.524 	 0.000133759 	 9.63558e-05
     3.525 	   0.0001319 	 9.50189e-05
     3.526 	 0.000130993 	 9.4368e-05
     3.527 	 0.000130388 	 9.39344e-05
     3.528 	 0.000129009 	 9.29432e-05
     3.529 	 0.000128253 	 9.2401e-05
     3.530 	 0.000128103 	 9.22951e-05
     3.531 	 0.000127668 	 9.19847e-05
     3.532 	 0.000126391 	 9.10677e-05
     3.533 	  0.00012678 	 9.13509e-05
     3.534 	 0.000126977 	 9.14959e-05
     3.535 	 0.000126714 	 9.13094e-05
     3.536 	 0.000126607 	 9.12255e-05
     3.537 	 0.000127148 	 9.16183e-05
     3.538 	 0.000126715 	 9.13093e-05
     3.539 	 0.000125832 	 9.06761e-05
     3.540 	 0.000126052 	 9.08376e-05
     3.541 	 0.000125959 	 9.07714e-05
     3.542 	  0.00012522 	 9.02398e-05
     3.543 	 0.000124445 	 8.96822e-05
     3.544 	 0.000124429 	 8.96621e-05
     3.545 	 0.000123045 	 8.86656e-05
     3.546 	   0.0001224 	 8.82016e-05
     3.547 	  0.00012283 	 8.85125e-05
     3.548 	 0.000123338 	 8.88795e-05
     3.549 	 0.000122935 	 8.859e-05
     3.550 	 0.000123662 	 8.91148e-05
     3.551 	 0.000125634 	 9.05294e-05
     3.552 	 0.000126043 	 9.08274e-05
     3.553 	 0.000126271 	 9.0995e-05
     3.554 	 0.000126962 	 9.14962e-05
     3.555 	 0.000127651 	 9.1996e-05
     3.556 	 0.000126681 	 9.12905e-05
     3.557 	 0.000127296 	 9.17371e-05
     3.558 	 0.000128058 	 9.22895e-05
     3.559 	 0.000127534 	 9.19152e-05
     3.560 	  0.00012638 	 9.10867e-05
     3.561 	 0.000126169 	 9.09281e-05
     3.562 	 0.000125838 	 9.06928e-05
     3.563 	   0.0001244 	 8.96594e-05
     3.564 	 0.000124234 	 8.95429e-05
     3.565 	 0.000123909 	 8.93118e-05
     3.566 	   0.0001225 	 8.82898e-05
     3.567 	 0.000120402 	 8.67808e-05
     3.568 	 0.000120649 	 8.69619e-05
     3.569 	 0.000120528 	 8.68777e-05
     3.570 	 0.000119147 	 8.58761e-05
     3.571 	   0.0001182 	 8.51791e-05
     3.572 	 0.000117701 	 8.48224e-05
     3.573 	 0.000116433 	 8.39025e-05
     3.574 	 0.000114851 	 8.27653e-05
     3.575 	 0.000115881 	 8.35104e-05
     3.576 	 0.000116334 	 8.38397e-05
     3.577 	 0.000115802 	 8.34504e-05
     3.578 	 0.000115108 	 8.29531e-05
     3.579 	 0.000115262 	 8.3067e-05
     3.580 	 0.000114547 	 8.25456e-05
     3.581 	 0.000113908 	 8.20908e-05
     3.582 	 0.000114753 	 8.27056e-05
     3.583 	 0.000115305 	 8.31003e-05
     3.584 	 0.000114717 	 8.26822e-05
     3.585 	 0.000113589 	 8.1875e-05
     3.586 	 0.000113818 	 8.20371e-05
     3.587 	 0.000113135 	 8.15338e-05
     3.588 	 0.000111965 	 8.06963e-05
     3.589 	 0.000111174 	 8.01232e-05
     3.590 	 0.000110421 	 7.95861e-05
     3.591 	 0.000108618 	 7.82899e-05
     3.592 	 0.000106735 	 7.69276e-05
     3.593 	 0.000106875 	 7.70318e-05
     3.594 	 0.000106204 	 7.65432e-05
     3.595 	 0.000104702 	 7.54638e-05
     3.596 	 0.000103228 	 7.44046e-05
     3.597 	 0.000102559 	 7.39176e-05
     3.598 	 0.000100527 	 7.24562e-05
     3.599 	 9.89168e-05 	 7.1291e-05
     3.600 	 9.88223e-05 	 7.12259e-05
     3.601 	  9.8178e-05 	 7.07551e-05
     3.602 	 9.62202e-05 	 6.93453e-05
     3.603 	 9.40908e-05 	 6.78047e-05
     3.604 	 9.38256e-05 	 6.76147e-05
     3.605 	 9.27232e-05 	 6.68215e-05
     3.606 	 9.18107e-05 	 6.6158e-05
     3.607 	 9.22249e-05 	 6.64576e-05
     3.608 	 9.33903e-05 	 6.72914e-05
     3.609 	 9.34424e-05 	 6.73301e-05
     3.610 	 9.31559e-05 	 6.71177e-05
     3.611 	 9.49866e-05 	 6.84406e-05
     3.612 	 9.60698e-05 	 6.92176e-05
     3.613 	 9.66131e-05 	 6.96129e-05
     3.614 	 9.76473e-05 	 7.03546e-05
     3.615 	 9.99463e-05 	 7.20151e-05
     3.616 	 0.000100522 	 7.24263e-05
     3.617 	 0.000100286 	 7.22527e-05
     3.618 	 0.000101346 	 7.30205e-05
     3.619 	 0.000102415 	 7.3787e-05
     3.620 	 0.000102698 	 7.39951e-05
     3.621 	 0.000102828 	 7.40841e-05
     3.622 	 0.000105032 	 7.56751e-05
     3.623 	 0.000106121 	 7.64548e-05
     3.624 	 0.000106629 	 7.68159e-05
     3.625 	 0.000108082 	 7.78659e-05
     3.626 	 0.000110361 	 7.95027e-05
     3.627 	 0.000111557 	 8.03676e-05
     3.628 	 0.000111773 	 8.05181e-05
     3.629 	 0.000113346 	 8.16461e-05
     3.630 	 0.000114309 	 8.23432e-05
     3.631 	 0.000114289 	 8.23239e-05
     3.632 	 0.000114108 	 8.21973e-05
     3.633 	 0.000115156 	 8.29473e-05
     3.634 	 0.000115445 	 8.31505e-05
     3.635 	 0.000114302 	 8.23312e-05
     3.636 	  0.00011457 	 8.2536e-05
     3.637 	 0.000115541 	 8.32305e-05
     3.638 	  0.00011618 	 8.36948e-05
     3.639 	 0.000116338 	 8.38036e-05
     3.640 	 0.000118897 	 8.56418e-05
     3.641 	 0.000121141 	 8.72619e-05
     3.642 	 0.000122163 	 8.79926e-05
     3.643 	 0.000123556 	 8.89903e-05
     3.644 	 0.000125878 	 9.06667e-05
     3.645 	 0.000127675 	 9.19551e-05
     3.646 	 0.000127444 	 9.1783e-05
     3.647 	 0.000128438 	 9.2493e-05
     3.648 	 0.000129377 	 9.31734e-05
     3.649 	 0.000129392 	 9.31782e-05
     3.650 	  0.00012888 	 9.28036e-05
     3.651 	 0.000129518 	 9.3255e-05
     3.652 	 0.000130885 	 9.42413e-05
     3.653 	 0.000130483 	 9.39438e-05
     3.654 	 0.000130557 	 9.3989e-05
     3.655 	 0.000131717 	 9.48159e-05
     3.656 	  0.00013318 	 9.58711e-05
     3.657 	 0.000133225 	 9.58951e-05
     3.658 	 0.000134145 	 9.65295e-05
     3.659 	 0.000135678 	 9.76243e-05
     3.660 	 0.000135443 	 9.74468e-05
     3.661 	 0.000134483 	 9.67607e-05
     3.662 	 0.000134237 	 9.65778e-05
     3.663 	 0.000135108 	 9.71986e-05
     3.664 	 0.000134264 	 9.65856e-05
     3.665 	 0.000133919 	 9.63317e-05
     3.666 	 0.000134526 	 9.67728e-05
     3.667 	 0.000135033 	 9.71318e-05
     3.668 	 0.000134873 	 9.70107e-05
     3.669 	 0.000134859 	 9.69949e-05
     3.670 	  0.00013664 	 9.827e-05
     3.671 	 0.000137169 	 9.86474e-05
     3.672 	 0.000136639 	 9.82631e-05
     3.673 	 0.000136642 	 9.82729e-05
     3.674 	 0.000137485 	 9.88762e-05
     3.675 	 0.000137072 	 9.85661e-05
     3.676 	 0.000135196 	 9.7214e-05
     3.677 	 0.000135367 	 9.73341e-05
     3.678 	 0.000135309 	 9.72895e-05
     3.679 	 0.000134339 	 9.6589e-05
     3.680 	  0.00013308 	 9.56809e-05
     3.681 	  0.00013318 	 9.57274e-05
     3.682 	 0.000132703 	 9.53888e-05
     3.683 	 0.000130728 	 9.39632e-05
     3.684 	 0.000129262 	 9.29037e-05
     3.685 	 0.000128634 	 9.24465e-05
     3.686 	 0.000127992 	 9.19794e-05
     3.687 	 0.000125727 	 9.03461e-05
     3.688 	 0.000124508 	 8.94645e-05
     3.689 	 0.000124355 	 8.93489e-05
     3.690 	  0.00012285 	 8.82621e-05
     3.691 	 0.000120928 	 8.68783e-05
     3.692 	 0.000120019 	 8.62047e-05
     3.693 	 0.000120268 	 8.63807e-05
     3.694 	 0.000118584 	 8.51684e-05
     3.695 	 0.000117473 	 8.43676e-05
     3.696 	  0.00011725 	 8.42046e-05
     3.697 	 0.000116776 	 8.38615e-05
     3.698 	 0.000115225 	 8.27449e-05
     3.699 	  0.00011329 	 8.13527e-05
     3.700 	 0.000113688 	 8.16191e-05
     3.701 	 0.000113563 	 8.15336e-05
     3.702 	 0.000112232 	 8.05654e-05
     3.703 	 0.000111114 	 7.97585e-05
     3.704 	 0.000110849 	 7.95638e-05
     3.705 	 0.000109333 	 7.84554e-05
     3.706 	 0.000105862 	 7.59604e-05
     3.707 	 0.000104515 	 7.49898e-05
     3.708 	 0.000103528 	 7.42775e-05
     3.709 	 0.000101649 	 7.29104e-05
     3.710 	  9.8765e-05 	 7.08303e-05
     3.711 	 9.64415e-05 	 6.91636e-05
     3.712 	  9.5233e-05 	 6.82964e-05
     3.713 	 9.28047e-05 	 6.6541e-05
     3.714 	 9.06811e-05 	 6.50181e-05
     3.715 	 8.99544e-05 	 6.44901e-05
     3.716 	 9.01108e-05 	 6.46018e-05
     3.717 	 8.80864e-05 	 6.31373e-05
     3.718 	 8.59771e-05 	 6.16251e-05
     3.719 	  8.5578e-05 	 6.13387e-05
     3.720 	 8.46204e-05 	 6.06396e-05
     3.721 	 8.28503e-05 	 5.93692e-05
     3.722 	 8.10963e-05 	 5.81106e-05
     3.723 	 8.04862e-05 	 5.76599e-05
     3.724 	 7.92966e-05 	 5.68059e-05
     3.725 	 7.66675e-05 	 5.49208e-05
     3.726 	 7.49402e-05 	 5.36818e-05
     3.727 	 7.43691e-05 	 5.32548e-05
     3.728 	 7.37738e-05 	 5.28269e-05
     3.729 	 7.11215e-05 	 5.09261e-05
     3.730 	 7.10067e-05 	 5.0832e-05
     3.731 	 7.18316e-05 	 5.14158e-05
     3.732 	 7.17911e-05 	 5.13855e-05
     3.733 	 7.11464e-05 	 5.09125e-05
     3.734 	 7.08241e-05 	 5.06807e-05
     3.735 	 7.09964e-05 	 5.08027e-05
     3.736 	 6.94795e-05 	 4.9706e-05
     3.737 	 6.72404e-05 	 4.81029e-05
     3.738 	 6.66003e-05 	 4.76391e-05
     3.739 	 6.66214e-05 	 4.76434e-05
     3.740 	  6.5508e-05 	 4.6846e-05
     3.741 	 6.32476e-05 	 4.52283e-05
     3.742 	 6.37169e-05 	 4.55627e-05
     3.743 	 6.37636e-05 	 4.55806e-05
     3.744 	 6.28602e-05 	 4.49336e-05
     3.745 	 6.17443e-05 	 4.41347e-05
     3.746 	 6.13808e-05 	 4.38647e-05
     3.747 	 6.17706e-05 	 4.41421e-05
     3.748 	 5.98141e-05 	 4.27427e-05
     3.749 	 5.74661e-05 	 4.10512e-05
     3.750 	 5.58983e-05 	 3.99302e-05
     3.751 	  5.4173e-05 	 3.86976e-05
     3.752 	 5.14856e-05 	 3.67703e-05
     3.753 	 5.01291e-05 	 3.57975e-05
     3.754 	 5.13488e-05 	 3.66684e-05
     3.755 	  5.2061e-05 	 3.71694e-05
     3.756 	 5.20527e-05 	 3.71634e-05
     3.757 	 5.21805e-05 	 3.72545e-05
     3.758 	 5.33189e-05 	 3.80594e-05
     3.759 	 5.49973e-05 	 3.92573e-05
     3.760 	  5.4485e-05 	 3.88877e-05
     3.761 	 5.53043e-05 	 3.94671e-05
     3.762 	 5.63594e-05 	 4.02107e-05
     3.763 	 5.63294e-05 	 4.01883e-05
     3.764 	 5.48482e-05 	 3.91304e-05
     3.765 	  5.4139e-05 	 3.86155e-05
     3.766 	  5.4948e-05 	 3.91915e-05
     3.767 	 5.53922e-05 	 3.95072e-05
     3.768 	 5.52667e-05 	 3.94167e-05
     3.769 	 5.55142e-05 	 3.95798e-05
     3.770 	 5.66807e-05 	 4.04104e-05
     3.771 	 5.63695e-05 	 4.0187e-05
     3.772 	 5.48807e-05 	 3.91241e-05
     3.773 	 5.53168e-05 	 3.94215e-05
     3.774 	 5.62212e-05 	 4.00646e-05
     3.775 	 5.63151e-05 	 4.013e-05
     3.776 	 5.51464e-05 	 3.92957e-05
     3.777 	 5.38572e-05 	 3.83636e-05
     3.778 	 5.38652e-05 	 3.83679e-05
     3.779 	 5.27617e-05 	 3.75805e-05
     3.780 	 5.17314e-05 	 3.68453e-05
     3.781 	 5.17782e-05 	 3.68692e-05
     3.782 	 5.28158e-05 	 3.76061e-05
     3.783 	 5.21581e-05 	 3.7136e-05
     3.784 	 5.10473e-05 	 3.63433e-05
     3.785 	 5.11408e-05 	 3.6404e-05
     3.786 	 5.20769e-05 	 3.70609e-05
     3.787 	  5.2773e-05 	 3.75544e-05
     3.788 	 5.25998e-05 	 3.74293e-05
     3.789 	 5.36396e-05 	 3.81672e-05
     3.790 	 5.56869e-05 	 3.9622e-05
     3.791 	 5.62258e-05 	 4.00004e-05
     3.792 	 5.69472e-05 	 4.05042e-05
     3.793 	 5.86062e-05 	 4.16786e-05
     3.794 	 6.07399e-05 	 4.3195e-05
     3.795 	 6.16764e-05 	 4.38599e-05
     3.796 	 6.09126e-05 	 4.33156e-05
     3.797 	 6.16575e-05 	 4.38442e-05
     3.798 	 6.30178e-05 	 4.48104e-05
     3.799 	 6.37036e-05 	 4.52969e-05
     3.800 	 6.31754e-05 	 4.49202e-05
     3.801 	 6.37166e-05 	 4.5298e-05
     3.802 	 6.38741e-05 	 4.5408e-05
     3.803 	 6.27469e-05 	 4.46046e-05
     3.804 	 6.12656e-05 	 4.35497e-05
     3.805 	 6.09234e-05 	 4.33045e-05
     3.806 	 6.25287e-05 	 4.44435e-05
     3.807 	 6.33555e-05 	 4.50292e-05
     3.808 	 6.32632e-05 	 4.49615e-05
     3.809 	 6.44712e-05 	 4.58181e-05
     3.810 	   6.586e-05 	 4.67979e-05
     3.811 	 6.67315e-05 	 4.74133e-05
     3.812 	 6.72498e-05 	 4.77775e-05
     3.813 	 6.87458e-05 	 4.88364e-05
     3.814 	 7.20198e-05 	 5.1158e-05
     3.815 	 7.29535e-05 	 5.1817e-05
     3.816 	 7.27347e-05 	 5.16573e-05
     3.817 	 7.27767e-05 	 5.16828e-05
     3.818 	 7.36918e-05 	 5.23284e-05
     3.819 	  7.3923e-05 	 5.24991e-05
     3.820 	 7.38419e-05 	 5.24425e-05
     3.821 	  7.4863e-05 	 5.31581e-05
     3.822 	 7.69817e-05 	 5.46587e-05
     3.823 	 7.87518e-05 	 5.59116e-05
     3.824 	 7.86924e-05 	 5.58654e-05
     3.825 	 7.97046e-05 	 5.65801e-05
     3.826 	 8.11704e-05 	 5.76166e-05
     3.827 	 8.15139e-05 	 5.78682e-05
     3.828 	 8.11159e-05 	 5.75816e-05
     3.829 	  8.0931e-05 	 5.74462e-05
     3.830 	 8.17285e-05 	 5.80083e-05
     3.831 	 8.21908e-05 	 5.83322e-05
     3.832 	 8.06211e-05 	 5.7214e-05
     3.833 	 8.09372e-05 	 5.74459e-05
     3.834 	 8.26466e-05 	 5.86485e-05
     3.835 	  8.4627e-05 	 6.00495e-05
     3.836 	 8.59725e-05 	 6.09998e-05
     3.837 	 8.69533e-05 	 6.16913e-05
     3.838 	 8.89902e-05 	 6.31448e-05
     3.839 	 8.93728e-05 	 6.34117e-05
     3.840 	  8.8055e-05 	 6.24721e-05
     3.841 	 8.62791e-05 	 6.12136e-05
     3.842 	 8.55545e-05 	 6.06947e-05
     3.843 	 8.45425e-05 	 5.99844e-05
     3.844 	 8.25948e-05 	 5.85978e-05
     3.845 	 8.09515e-05 	 5.74274e-05
     3.846 	 8.05448e-05 	 5.71344e-05
     3.847 	  8.0457e-05 	 5.70677e-05
     3.848 	 7.87679e-05 	 5.58766e-05
     3.849 	 7.74078e-05 	 5.49075e-05
     3.850 	 7.78041e-05 	 5.51843e-05
     3.851 	 7.82687e-05 	 5.5509e-05
     3.852 	  7.7772e-05 	 5.51632e-05
     3.853 	 7.65282e-05 	 5.42763e-05
     3.854 	 7.57686e-05 	 5.37329e-05
     3.855 	  7.6099e-05 	 5.39626e-05
     3.856 	 7.42662e-05 	 5.26584e-05
     3.857 	 7.28111e-05 	 5.16379e-05
     3.858 	  7.2213e-05 	 5.12093e-05
     3.859 	 7.21698e-05 	 5.11743e-05
     3.860 	 7.18575e-05 	 5.09484e-05
     3.861 	 6.98986e-05 	 4.95658e-05
     3.862 	 6.96537e-05 	 4.93884e-05
     3.863 	  6.9725e-05 	 4.94352e-05
     3.864 	 6.87354e-05 	 4.87299e-05
     3.865 	 6.66845e-05 	 4.72819e-05
     3.866 	 6.49487e-05 	 4.60476e-05
     3.867 	 6.43688e-05 	 4.56331e-05
     3.868 	 6.34706e-05 	 4.49929e-05
     3.869 	 6.13962e-05 	 4.3528e-05
     3.870 	 5.98515e-05 	 4.24339e-05
     3.871 	 5.93499e-05 	 4.20732e-05
     3.872 	 5.86309e-05 	 4.15584e-05
     3.873 	 5.70043e-05 	 4.04087e-05
     3.874 	  5.5607e-05 	 3.94134e-05
     3.875 	 5.56082e-05 	 3.94095e-05
     3.876 	 5.55878e-05 	 3.93902e-05
     3.877 	 5.46294e-05 	 3.87143e-05
     3.878 	 5.32006e-05 	 3.76972e-05
     3.879 	 5.32684e-05 	 3.77448e-05
     3.880 	 5.32295e-05 	 3.77126e-05
     3.881 	 5.19576e-05 	 3.68163e-05
     3.882 	 5.01276e-05 	 3.5517e-05
     3.883 	 4.89334e-05 	 3.46683e-05
     3.884 	 4.92639e-05 	 3.49035e-05
     3.885 	  4.8577e-05 	 3.44213e-05
     3.886 	 4.81293e-05 	 3.41015e-05
     3.887 	 4.84421e-05 	 3.43207e-05
     3.888 	 4.94574e-05 	 3.50374e-05
     3.889 	 5.03338e-05 	 3.5663e-05
     3.890 	 4.98717e-05 	 3.53369e-05
     3.891 	 5.04323e-05 	 3.57321e-05
     3.892 	 5.18915e-05 	 3.67639e-05
     3.893 	 5.24892e-05 	 3.71854e-05
     3.894 	 5.21528e-05 	 3.69526e-05
     3.895 	 5.17807e-05 	 3.66869e-05
     3.896 	 5.27311e-05 	 3.73582e-05
     3.897 	 5.43337e-05 	 3.84915e-05
     3.898 	 5.41829e-05 	 3.83903e-05
     3.899 	 5.45103e-05 	 3.86284e-05
     3.900 	 5.57042e-05 	 3.94723e-05
     3.901 	 5.74894e-05 	 4.07335e-05
     3.902 	  5.9277e-05 	 4.19961e-05
     3.903 	 5.99097e-05 	 4.24404e-05
     3.904 	 6.17592e-05 	 4.37465e-05
     3.905 	 6.30794e-05 	 4.46915e-05
     3.906 	 6.32595e-05 	 4.48149e-05
     3.907 	   6.255e-05 	 4.43082e-05
     3.908 	 6.19698e-05 	 4.38931e-05
     3.909 	 6.28659e-05 	 4.45237e-05
     3.910 	  6.2709e-05 	 4.44085e-05
     3.911 	 6.14613e-05 	 4.35277e-05
     3.912 	  6.0352e-05 	 4.27488e-05
     3.913 	 6.00404e-05 	 4.25262e-05
     3.914 	 5.98175e-05 	 4.23664e-05
     3.915 	 5.84213e-05 	 4.13757e-05
     3.916 	  5.7031e-05 	 4.03892e-05
     3.917 	 5.68045e-05 	 4.02313e-05
     3.918 	 5.67605e-05 	 4.02024e-05
     3.919 	  5.6106e-05 	 3.97371e-05
     3.920 	 5.53026e-05 	 3.91743e-05
     3.921 	 5.55895e-05 	 3.93748e-05
     3.922 	 5.68649e-05 	 4.02798e-05
     3.923 	 5.69442e-05 	 4.03332e-05
     3.924 	 5.63406e-05 	 3.9903e-05
     3.925 	 5.60576e-05 	 3.96998e-05
     3.926 	 5.64851e-05 	 4.00042e-05
     3.927 	 5.68806e-05 	 4.02816e-05
     3.928 	 5.56127e-05 	 3.9381e-05
     3.929 	 5.43116e-05 	 3.84648e-05
     3.930 	 5.32239e-05 	 3.76919e-05
     3.931 	 5.18593e-05 	 3.67285e-05
     3.932 	 4.93875e-05 	 3.49769e-05
     3.933 	 4.71212e-05 	 3.33709e-05
     3.934 	 4.61716e-05 	 3.26975e-05
     3.935 	 4.58749e-05 	 3.24901e-05
     3.936 	 4.53546e-05 	 3.21207e-05
     3.937 	 4.45674e-05 	 3.15623e-05
     3.938 	   4.485e-05 	 3.17616e-05
     3.939 	 4.58166e-05 	 3.24554e-05
     3.940 	 4.58719e-05 	 3.24969e-05
     3.941 	 4.49944e-05 	 3.18737e-05
     3.942 	 4.43495e-05 	 3.14187e-05
     3.943 	 4.46562e-05 	 3.16344e-05
     3.944 	 4.51397e-05 	 3.19753e-05
     3.945 	 4.44975e-05 	 3.15188e-05
     3.946 	 4.29908e-05 	 3.04534e-05
     3.947 	 4.17532e-05 	 2.95752e-05
     3.948 	 4.03564e-05 	 2.85843e-05
     3.949 	 3.83458e-05 	 2.71674e-05
     3.950 	 3.62389e-05 	 2.56734e-05
     3.951 	 3.53154e-05 	 2.50174e-05
     3.952 	 3.51855e-05 	 2.49236e-05
     3.953 	  3.4026e-05 	 2.41033e-05
     3.954 	 3.20225e-05 	 2.26825e-05
     3.955 	 3.01851e-05 	 2.13795e-05
     3.956 	 2.94995e-05 	 2.08947e-05
     3.957 	 2.95624e-05 	 2.09378e-05
     3.958 	 2.88264e-05 	 2.04151e-05
     3.959 	 2.83669e-05 	 2.00905e-05
     3.960 	 2.86375e-05 	 2.02807e-05
     3.961 	 2.93544e-05 	 2.07915e-05
     3.962 	 2.93998e-05 	 2.08247e-05
     3.963 	 2.90711e-05 	 2.05906e-05
     3.964 	 2.90219e-05 	 2.05545e-05
     3.965 	 2.90739e-05 	 2.05924e-05
     3.966 	 2.82231e-05 	 1.99886e-05
     3.967 	 2.62081e-05 	 1.85605e-05
     3.968 	 2.48207e-05 	 1.75786e-05
     3.969 	  2.3973e-05 	 1.69792e-05
     3.970 	 2.28973e-05 	 1.62163e-05
     3.971 	 2.08476e-05 	 1.47645e-05
     3.972 	 1.87094e-05 	 1.32515e-05
     3.973 	 1.76282e-05 	 1.24856e-05
     3.974 	 1.77641e-05 	 1.25856e-05
     3.975 	 1.80513e-05 	 1.2789e-05
     3.976 	 1.81443e-05 	 1.28547e-05
     3.977 	 1.85168e-05 	 1.31199e-05
     3.978 	  1.9317e-05 	 1.36867e-05
     3.979 	 2.02684e-05 	 1.43607e-05
     3.980 	 2.05594e-05 	 1.45683e-05
     3.981 	  2.0814e-05 	 1.47479e-05
     3.982 	 2.13801e-05 	 1.51481e-05
     3.983 	 2.16148e-05 	 1.53153e-05
     3.984 	 2.10843e-05 	 1.49385e-05
     3.985 	 1.99484e-05 	 1.41329e-05
     3.986 	 1.93883e-05 	 1.37368e-05
     3.987 	 1.93913e-05 	 1.3741e-05
     3.988 	 1.81405e-05 	 1.28539e-05
     3.989 	 1.63608e-05 	 1.15935e-05
     3.990 	 1.47942e-05 	 1.04828e-05
     3.991 	  1.3977e-05 	 9.90343e-06
     3.992 	  1.4023e-05 	 9.93682e-06
     3.993 	 1.34921e-05 	 9.56032e-06
     3.994 	 1.35964e-05 	 9.635e-06
     3.995 	 1.42392e-05 	 1.00902e-05
     3.996 	 1.52026e-05 	 1.07726e-05
     3.997 	 1.61813e-05 	 1.1467e-05
     3.998 	 1.67859e-05 	 1.18951e-05
     3.999 	 1.82804e-05 	 1.29538e-05
     4.000 	 2.05625e-05 	 1.45721e-05
     4.001 	 2.25266e-05 	 1.59665e-05
     4.002 	 2.36868e-05 	 1.6788e-05
     4.003 	 2.41737e-05 	 1.71341e-05
     4.004 	 2.47134e-05 	 1.75158e-05
     4.005 	 2.56104e-05 	 1.81527e-05
     4.006 	 2.53256e-05 	 1.79499e-05
     4.007 	 2.44577e-05 	 1.7334e-05
     4.008 	 2.35834e-05 	 1.67154e-05
     4.009 	 2.29372e-05 	 1.62565e-05
     4.010 	  2.2018e-05 	 1.56043e-05
     4.011 	 2.01179e-05 	 1.42586e-05
     4.012 	 1.88911e-05 	 1.33884e-05
     4.013 	 1.82724e-05 	 1.29493e-05
     4.014 	 1.80574e-05 	 1.27977e-05
     4.015 	 1.79687e-05 	 1.27343e-05
     4.016 	 1.76536e-05 	 1.25117e-05
     4.017 	 1.80571e-05 	 1.27971e-05
     4.018 	 1.86831e-05 	 1.32427e-05
     4.019 	 1.88298e-05 	 1.33476e-05
     4.020 	 1.83848e-05 	 1.30315e-05
     4.021 	 1.76411e-05 	 1.25038e-05
     4.022 	 1.69712e-05 	 1.20298e-05
     4.023 	 1.69912e-05 	 1.20434e-05
     4.024 	 1.57961e-05 	 1.11958e-05
     4.025 	 1.44775e-05 	 1.02619e-05
     4.026 	 1.35534e-05 	 9.60648e-06
     4.027 	  1.2915e-05 	 9.1546e-06
     4.028 	  1.1989e-05 	 8.49785e-06
     4.029 	 1.05472e-05 	 7.47557e-06
     4.030 	  9.8789e-06 	 7.00235e-06
     4.031 	 9.72533e-06 	 6.89335e-06
     4.032 	 9.42882e-06 	 6.68302e-06
     4.033 	 8.51326e-06 	 6.03462e-06
     4.034 	 7.65204e-06 	 5.42402e-06
     4.035 	 6.96973e-06 	 4.94026e-06
     4.036 	 6.42512e-06 	 4.5551e-06
     4.037 	 5.67045e-06 	 4.01998e-06
     4.038 	 4.93013e-06 	 3.49506e-06
     4.039 	 4.63609e-06 	 3.2869e-06
     4.040 	 4.61054e-06 	 3.26871e-06
     4.041 	 5.16228e-06 	 3.65969e-06
     4.042 	 5.75775e-06 	 4.08209e-06
     4.043 	  6.4216e-06 	 4.55252e-06
     4.044 	 7.21752e-06 	 5.11653e-06
     4.045 	 8.09945e-06 	 5.74209e-06
     4.046 	 8.60793e-06 	 6.10228e-06
     4.047 	 8.34285e-06 	 5.91407e-06
     4.048 	 8.18017e-06 	 5.7991e-06
     4.049 	 8.19821e-06 	 5.81161e-06
     4.050 	 8.26737e-06 	 5.86035e-06
     4.051 	 8.00636e-06 	 5.67568e-06
     4.052 	 6.42839e-06 	 4.55683e-06
     4.053 	 5.33235e-06 	 3.7797e-06
     4.054 	 4.38883e-06 	 3.1111e-06
     4.055 	 3.69676e-06 	 2.62091e-06
     4.056 	 3.27531e-06 	 2.322e-06
     4.057 	 3.05918e-06 	 2.1689e-06
     4.058 	   2.997e-06 	 2.12471e-06
     4.059 	 2.64861e-06 	 1.87763e-06
     4.060 	 1.97825e-06 	 1.40233e-06
     4.061 	 1.70176e-06 	 1.20641e-06
     4.062 	 1.85887e-06 	 1.31772e-06
     4.063 	 2.03414e-06 	 1.4419e-06
     4.064 	 2.39232e-06 	 1.6959e-06
     4.065 	 2.30046e-06 	 1.6307e-06
     4.066 	  2.2839e-06 	 1.61889e-06
     4.067 	 2.30871e-06 	 1.63639e-06
     4.068 	 2.43048e-06 	 1.72264e-06
     4.069 	 2.65193e-06 	 1.8795e-06
     4.070 	 2.21125e-06 	 1.5671e-06
     4.071 	  1.9169e-06 	 1.35886e-06
     4.072 	  1.7326e-06 	 1.22815e-06
     4.073 	 1.49219e-06 	 1.05769e-06
     4.074 	 1.30754e-06 	 9.2676e-07
     4.075 	 1.42244e-06 	 1.00826e-06
     4.076 	 1.57872e-06 	 1.11898e-06
     4.077 	  1.7901e-06 	 1.26875e-06
     4.078 	 1.94886e-06 	 1.3812e-06
     4.079 	 2.16692e-06 	 1.53584e-06
     4.080 	  2.4415e-06 	 1.73037e-06
     4.081 	  2.7026e-06 	 1.91533e-06
     4.082 	  3.1637e-06 	 2.242e-06
     4.083 	 3.88881e-06 	 2.75604e-06
     4.084 	  3.8844e-06 	 2.75277e-06
     4.085 	 3.63391e-06 	 2.57566e-06
     4.086 	 3.52703e-06 	 2.49978e-06
     4.087 	 3.57281e-06 	 2.53239e-06
     4.088 	 3.20815e-06 	 2.2738e-06
     4.089 	 2.90421e-06 	 2.05828e-06
     4.090 	 2.65124e-06 	 1.87891e-06
     4.091 	 2.30094e-06 	 1.63057e-06
     4.092 	 1.70982e-06 	 1.21174e-06
     4.093 	 9.67399e-07 	 6.85559e-07
     4.094 	 1.37115e-06 	 9.71634e-07
     4.095 	 1.84749e-06 	 1.30911e-06
     4.096 	 2.74556e-06 	 1.94578e-06
     4.097 	 3.66751e-06 	 2.59932e-06
     4.098 	 4.30096e-06 	 3.04812e-06
     4.099 	 4.59306e-06 	 3.25497e-06
     4.100 	 4.77264e-06 	 3.38172e-06
     4.101 	 6.09087e-06 	 4.31558e-06
     4.102 	 7.05616e-06 	 4.99928e-06
     4.103 	 7.53651e-06 	 5.33996e-06
     4.104 	 7.70559e-06 	 5.46062e-06
     4.105 	 7.78968e-06 	 5.51995e-06
     4.106 	 7.75547e-06 	 5.49545e-06
     4.107 	 6.81346e-06 	 4.82773e-06
     4.108 	 6.27913e-06 	 4.44892e-06
     4.109 	 6.03332e-06 	 4.27455e-06
     4.110 	 5.52028e-06 	 3.91133e-06
     4.111 	 4.24982e-06 	 3.0116e-06
     4.112 	 3.38353e-06 	 2.39757e-06
     4.113 	 2.73375e-06 	 1.93703e-06
     4.114 	 2.13654e-06 	 1.51378e-06
     4.115 	 1.22561e-06 	 8.68319e-07
     4.116 	 4.09781e-07 	 2.90305e-07
     4.117 	 6.51824e-07 	 4.61845e-07
     4.118 	 8.47224e-07 	 6.00259e-07
     4.119 	 1.21291e-06 	 8.59299e-07
     4.120 	  1.7285e-06 	 1.22464e-06
     4.121 	 2.23854e-06 	 1.58593e-06
     4.122 	  2.6398e-06 	 1.87012e-06
     4.123 	 2.96636e-06 	 2.10178e-06
     4.124 	 3.60539e-06 	 2.55444e-06
     4.125 	 4.19524e-06 	 2.9722e-06
     4.126 	 4.22804e-06 	 2.9953e-06
     4.127 	  4.0181e-06 	 2.84643e-06
     4.128 	 3.79858e-06 	 2.69133e-06
     4.129 	 3.49276e-06 	 2.47453e-06
     4.130 	 2.92491e-06 	 2.07212e-06
     4.131 	 2.48535e-06 	 1.76064e-06
     4.132 	 2.14769e-06 	 1.52136e-06
     4.133 	 1.79741e-06 	 1.27317e-06
     4.134 	 1.63953e-06 	 1.16152e-06
     4.135 	 2.12691e-06 	 1.50673e-06
     4.136 	 2.43097e-06 	 1.72204e-06
     4.137 	  2.4745e-06 	 1.75279e-06
     4.138 	 2.48083e-06 	 1.75719e-06
     4.139 	 2.55027e-06 	 1.80665e-06
     4.140 	  2.6643e-06 	 1.88734e-06
     4.141 	 2.70513e-06 	 1.91615e-06
     4.142 	 2.70526e-06 	 1.91612e-06
     4.143 	 2.56142e-06 	 1.81413e-06
     4.144 	 2.17425e-06 	 1.53982e-06
     4.145 	 1.88699e-06 	 1.33657e-06
     4.146 	 1.90961e-06 	 1.35251e-06
     4.147 	 2.13997e-06 	 1.51558e-06
     4.148 	 2.58493e-06 	 1.8306e-06
     4.149 	 3.72431e-06 	 2.63732e-06
     4.150 	 4.63377e-06 	 3.28181e-06
     4.151 	 5.38463e-06 	 3.81349e-06
     4.152 	 6.22837e-06 	 4.4109e-06
     4.153 	 7.29163e-06 	 5.16375e-06
     4.154 	 8.38374e-06 	 5.93697e-06
     4.155 	 9.07625e-06 	 6.42718e-06
     4.156 	 9.57254e-06 	 6.77979e-06
     4.157 	 9.80907e-06 	 6.9471e-06
     4.158 	 9.70305e-06 	 6.87104e-06
     4.159 	 9.24444e-06 	 6.54608e-06
     4.160 	  8.4477e-06 	 5.98172e-06
     4.161 	 7.68021e-06 	 5.43802e-06
     4.162 	 6.89285e-06 	 4.88128e-06
     4.163 	 5.96071e-06 	 4.22097e-06
     4.164 	 4.95958e-06 	 3.51187e-06
     4.165 	 4.23717e-06 	 3.00019e-06
     4.166 	 3.63836e-06 	 2.57607e-06
     4.167 	 3.56268e-06 	 2.52208e-06
     4.168 	 3.27386e-06 	 2.31798e-06
     4.169 	 3.20395e-06 	 2.26838e-06
     4.170 	 3.56807e-06 	 2.52605e-06
     4.171 	 3.83615e-06 	 2.71573e-06
     4.172 	 4.76494e-06 	 3.3731e-06
     4.173 	 5.74568e-06 	 4.0672e-06
     4.174 	 6.42525e-06 	 4.54754e-06
     4.175 	 6.79017e-06 	 4.80659e-06
     4.176 	  6.8874e-06 	 4.87522e-06
     4.177 	 6.70113e-06 	 4.74317e-06
     4.178 	 6.34314e-06 	 4.48959e-06
     4.179 	 5.98345e-06 	 4.23483e-06
     4.180 	 5.69966e-06 	 4.03335e-06
     4.181 	   5.034e-06 	 3.56214e-06
     4.182 	 3.86086e-06 	 2.73244e-06
     4.183 	 2.83699e-06 	 2.00774e-06
     4.184 	 2.53032e-06 	 1.79063e-06
     4.185 	 2.47879e-06 	 1.75389e-06
     4.186 	 2.47832e-06 	 1.75348e-06
     4.187 	 2.82243e-06 	 1.99686e-06
     4.188 	 3.50453e-06 	 2.47934e-06
     4.189 	 3.81165e-06 	 2.6962e-06
     4.190 	 4.20493e-06 	 2.97425e-06
     4.191 	 5.15447e-06 	 3.64644e-06
     4.192 	 6.61666e-06 	 4.6806e-06
     4.193 	 7.70619e-06 	 5.45105e-06
     4.194 	 7.92932e-06 	 5.60796e-06
     4.195 	  7.9657e-06 	 5.6334e-06
     4.196 	 7.78032e-06 	 5.50201e-06
     4.197 	 7.39372e-06 	 5.22834e-06
     4.198 	   7.249e-06 	 5.12516e-06
     4.199 	 7.17122e-06 	 5.06991e-06
     4.200 	 6.90487e-06 	 4.88135e-06
     4.201 	 6.46851e-06 	 4.57208e-06
     4.202 	 5.72098e-06 	 4.04348e-06
     4.203 	 6.32512e-06 	 4.47021e-06
     4.204 	 6.97714e-06 	 4.93072e-06
     4.205 	  7.5444e-06 	 5.33068e-06
     4.206 	 8.13063e-06 	 5.74456e-06
     4.207 	 8.44111e-06 	 5.96357e-06
     4.208 	 8.62664e-06 	 6.09359e-06
     4.209 	 8.69229e-06 	 6.13961e-06
     4.210 	 8.66071e-06 	 6.11693e-06
     4.211 	 9.04749e-06 	 6.38917e-06
     4.212 	 1.01074e-05 	 7.13741e-06
     4.213 	  1.1222e-05 	 7.92423e-06
     4.214 	 1.15785e-05 	 8.17567e-06
     4.215 	 1.16446e-05 	 8.22113e-06
     4.216 	 1.21975e-05 	 8.61119e-06
     4.217 	 1.29687e-05 	 9.15439e-06
     4.218 	 1.34648e-05 	 9.50317e-06
     4.219 	 1.36628e-05 	 9.64257e-06
     4.220 	 1.32818e-05 	 9.37336e-06
     4.221 	  1.1657e-05 	 8.22553e-06
     4.222 	 9.86892e-06 	 6.96363e-06
     4.223 	 8.62293e-06 	 6.0836e-06
     4.224 	 8.05371e-06 	 5.68186e-06
     4.225 	 7.51342e-06 	 5.30054e-06
     4.226 	  6.2373e-06 	 4.39965e-06
     4.227 	 5.70997e-06 	 4.02758e-06
     4.228 	 5.63971e-06 	 3.97791e-06
     4.229 	 5.78873e-06 	 4.08245e-06
     4.230 	 5.92163e-06 	 4.17607e-06
     4.231 	 5.74978e-06 	 4.05468e-06
     4.232 	 6.71777e-06 	 4.73652e-06
     4.233 	 7.01838e-06 	 4.94823e-06
     4.234 	 7.25576e-06 	 5.11477e-06
     4.235 	  7.5927e-06 	 5.35203e-06
     4.236 	 8.05442e-06 	 5.67607e-06
     4.237 	 8.87056e-06 	 6.25019e-06
     4.238 	 9.47369e-06 	 6.67483e-06
     4.239 	 9.76744e-06 	 6.88068e-06
     4.240 	 1.02234e-05 	 7.20153e-06
     4.241 	 1.04132e-05 	 7.33476e-06
     4.242 	 1.00334e-05 	 7.06599e-06
     4.243 	 1.01444e-05 	 7.14372e-06
     4.244 	 9.73494e-06 	 6.85416e-06
     4.245 	 9.32916e-06 	 6.56805e-06
     4.246 	 9.01745e-06 	 6.34819e-06
     4.247 	 9.08103e-06 	 6.39182e-06
     4.248 	 9.55298e-06 	 6.72358e-06
     4.249 	 9.62714e-06 	 6.77457e-06
     4.250 	 9.12126e-06 	 6.41687e-06
     4.251 	 8.75842e-06 	 6.1605e-06
     4.252 	 8.86234e-06 	 6.2324e-06
     4.253 	 9.17006e-06 	 6.44829e-06
     4.254 	  9.2292e-06 	 6.48862e-06
     4.255 	 8.91874e-06 	 6.26986e-06
     4.256 	 8.55416e-06 	 6.01239e-06
     4.257 	 8.00439e-06 	 5.62554e-06
     4.258 	 7.83308e-06 	 5.5047e-06
     4.259 	 7.84762e-06 	 5.51385e-06
     4.260 	 7.58634e-06 	 5.32985e-06
     4.261 	  7.0629e-06 	 4.96138e-06
     4.262 	 6.58436e-06 	 4.62414e-06
     4.263 	 6.59318e-06 	 4.62965e-06
     4.264 	 6.65514e-06 	 4.673e-06
     4.265 	 6.37675e-06 	 4.47687e-06
     4.266 	  5.8849e-06 	 4.13143e-06
     4.267 	 6.62556e-06 	 4.65125e-06
     4.268 	 7.09353e-06 	 4.97904e-06
     4.269 	 7.70752e-06 	 5.40982e-06
     4.270 	 8.27766e-06 	 5.80914e-06
     4.271 	 8.95721e-06 	 6.2857e-06
     4.272 	 9.78921e-06 	 6.86839e-06
     4.273 	 9.81257e-06 	 6.8844e-06
     4.274 	 9.75229e-06 	 6.84174e-06
     4.275 	 9.65278e-06 	 6.7694e-06
     4.276 	 8.75692e-06 	 6.14081e-06
     4.277 	 7.64948e-06 	 5.3633e-06
     4.278 	 7.26549e-06 	 5.09379e-06
     4.279 	 6.94658e-06 	 4.86938e-06
     4.280 	 6.98621e-06 	 4.89689e-06
     4.281 	 6.98858e-06 	 4.89766e-06
     4.282 	 7.73834e-06 	 5.42273e-06
     4.283 	 8.76907e-06 	 6.1446e-06
     4.284 	 9.17228e-06 	 6.42597e-06
     4.285 	 9.39884e-06 	 6.58425e-06
     4.286 	 9.84718e-06 	 6.89708e-06
     4.287 	 1.00545e-05 	 7.04181e-06
     4.288 	 1.02701e-05 	 7.18931e-06
     4.289 	 1.03002e-05 	 7.20989e-06
     4.290 	 9.80365e-06 	 6.86184e-06
     4.291 	 9.04943e-06 	 6.33299e-06
     4.292 	 8.37228e-06 	 5.85888e-06
     4.293 	 8.50604e-06 	 5.95159e-06
     4.294 	 8.65702e-06 	 6.05701e-06
     4.295 	 8.43302e-06 	 5.89939e-06
     4.296 	 7.94554e-06 	 5.55816e-06
     4.297 	 7.72837e-06 	 5.40605e-06
     4.298 	 7.55971e-06 	 5.28726e-06
     4.299 	 7.68139e-06 	 5.37216e-06
     4.300 	 7.72701e-06 	 5.40325e-06
     4.301 	 7.67209e-06 	 5.36441e-06
     4.302 	  7.6864e-06 	 5.37337e-06
     4.303 	 7.55833e-06 	 5.28341e-06
     4.304 	 7.57014e-06 	 5.29124e-06
     4.305 	  7.3994e-06 	 5.17088e-06
     4.306 	 6.84298e-06 	 4.78166e-06
     4.307 	 6.20775e-06 	 4.33693e-06
     4.308 	 5.94639e-06 	 4.154e-06
     4.309 	 5.62104e-06 	 3.92639e-06
     4.310 	 5.29876e-06 	 3.70055e-06
     4.311 	 4.74739e-06 	 3.3152e-06
     4.312 	 4.47192e-06 	 3.1222e-06
     4.313 	 4.48764e-06 	 3.1329e-06
     4.314 	 4.46284e-06 	 3.11531e-06
     4.315 	  4.4981e-06 	 3.13929e-06
     4.316 	  4.6293e-06 	 3.23057e-06
     4.317 	 4.47095e-06 	 3.11943e-06
     4.318 	 4.64872e-06 	 3.24318e-06
     4.319 	 4.88476e-06 	 3.40755e-06
     4.320 	 4.40099e-06 	 3.06945e-06
     4.321 	 3.81521e-06 	 2.6608e-06
     4.322 	 3.22408e-06 	 2.24845e-06
     4.323 	 3.47913e-06 	 2.42594e-06
     4.324 	 4.59794e-06 	 3.20594e-06
     4.325 	 5.97005e-06 	 4.16249e-06
     4.326 	 6.87887e-06 	 4.7954e-06
     4.327 	 8.11511e-06 	 5.65698e-06
     4.328 	 9.27434e-06 	 6.46407e-06
     4.329 	 1.17053e-05 	 8.15809e-06
     4.330 	 1.39634e-05 	 9.73149e-06
     4.331 	 1.54286e-05 	 1.07505e-05
     4.332 	 1.65423e-05 	 1.15256e-05
     4.333 	 1.76888e-05 	 1.23234e-05
     4.334 	 1.78081e-05 	 1.24041e-05
     4.335 	 1.76408e-05 	 1.22866e-05
     4.336 	  1.6877e-05 	 1.17536e-05
     4.337 	  1.5543e-05 	 1.08237e-05
     4.338 	 1.40774e-05 	 9.80015e-06
     4.339 	 1.29201e-05 	 8.99375e-06
     4.340 	 1.31985e-05 	 9.18865e-06
     4.341 	 1.32378e-05 	 9.21417e-06
     4.342 	 1.28267e-05 	 8.92725e-06
     4.343 	 1.25788e-05 	 8.75398e-06
     4.344 	 1.34152e-05 	 9.33526e-06
     4.345 	 1.48726e-05 	 1.03473e-05
     4.346 	 1.60501e-05 	 1.11656e-05
     4.347 	 1.67018e-05 	 1.1618e-05
     4.348 	 1.67588e-05 	 1.16566e-05
     4.349 	 1.66192e-05 	 1.15572e-05
     4.350 	 1.69144e-05 	 1.17615e-05
     4.351 	 1.72858e-05 	 1.20189e-05
     4.352 	 1.71213e-05 	 1.19037e-05
     4.353 	 1.60742e-05 	 1.11737e-05
     4.354 	  1.5124e-05 	 1.05124e-05
     4.355 	 1.47149e-05 	 1.02274e-05
     4.356 	 1.45035e-05 	 1.00797e-05
     4.357 	 1.41951e-05 	 9.86359e-06
     4.358 	  1.3688e-05 	 9.51057e-06
     4.359 	 1.28232e-05 	 8.90909e-06
     4.360 	 1.26607e-05 	 8.79557e-06
     4.361 	 1.33519e-05 	 9.27507e-06
     4.362 	 1.40278e-05 	 9.74388e-06
     4.363 	 1.49188e-05 	 1.03608e-05
     4.364 	 1.57831e-05 	 1.09625e-05
     4.365 	 1.74711e-05 	 1.2134e-05
     4.366 	 1.94446e-05 	 1.35036e-05
     4.367 	 2.10478e-05 	 1.46159e-05
     4.368 	 2.19744e-05 	 1.52582e-05
     4.369 	 2.29988e-05 	 1.59664e-05
     4.370 	 2.34809e-05 	 1.63016e-05
     4.371 	 2.45041e-05 	 1.70106e-05
     4.372 	 2.47943e-05 	 1.72106e-05
     4.373 	 2.38012e-05 	 1.65199e-05
     4.374 	 2.23372e-05 	 1.55025e-05
     4.375 	 2.12881e-05 	 1.47732e-05
     4.376 	 2.15133e-05 	 1.49283e-05
     4.377 	 2.24798e-05 	 1.55977e-05
     4.378 	 2.28563e-05 	 1.58576e-05
     4.379 	 2.22537e-05 	 1.54382e-05
     4.380 	 2.15511e-05 	 1.49478e-05
     4.381 	 2.10338e-05 	 1.45881e-05
     4.382 	 2.20858e-05 	 1.53166e-05
     4.383 	 2.28585e-05 	 1.58514e-05
     4.384 	 2.26056e-05 	 1.56781e-05
     4.385 	 2.15327e-05 	 1.4933e-05
     4.386 	 2.06073e-05 	 1.42903e-05
     4.387 	 1.98011e-05 	 1.37303e-05
     4.388 	 1.92452e-05 	 1.33439e-05
     4.389 	 1.79678e-05 	 1.24573e-05
     4.390 	 1.61668e-05 	 1.12079e-05
     4.391 	  1.4733e-05 	 1.02131e-05
     4.392 	 1.48197e-05 	 1.02725e-05
     4.393 	 1.56689e-05 	 1.08603e-05
     4.394 	 1.67181e-05 	 1.15866e-05
     4.395 	 1.68603e-05 	 1.16857e-05
     4.396 	 1.68594e-05 	 1.16842e-05
     4.397 	 1.75913e-05 	 1.21905e-05
     4.398 	  1.9297e-05 	 1.33716e-05
     4.399 	 2.07137e-05 	 1.43536e-05
     4.400 	 2.14352e-05 	 1.48524e-05
     4.401 	 2.07637e-05 	 1.43857e-05
     4.402 	  1.9965e-05 	 1.38309e-05
     4.403 	 1.98836e-05 	 1.37759e-05
     4.404 	 2.00663e-05 	 1.3901e-05
     4.405 	 2.01135e-05 	 1.39339e-05
     4.406 	 1.99269e-05 	 1.38032e-05
     4.407 	 1.97724e-05 	 1.36947e-05
     4.408 	 2.04148e-05 	 1.41381e-05
     4.409 	 2.13635e-05 	 1.47951e-05
     4.410 	 2.05319e-05 	 1.42177e-05
     4.411 	 1.96299e-05 	 1.35936e-05
     4.412 	 1.79148e-05 	 1.24074e-05
     4.413 	 1.63717e-05 	 1.13377e-05
     4.414 	  1.5806e-05 	 1.09451e-05
     4.415 	  1.5931e-05 	 1.10307e-05
     4.416 	 1.51459e-05 	 1.04875e-05
     4.417 	 1.41954e-05 	 9.82956e-06
     4.418 	 1.36197e-05 	 9.43014e-06
     4.419 	 1.54985e-05 	 1.07301e-05
     4.420 	 1.84447e-05 	 1.27703e-05
     4.421 	 2.07614e-05 	 1.4376e-05
     4.422 	 2.20409e-05 	 1.52608e-05
     4.423 	 2.32528e-05 	 1.60986e-05
     4.424 	 2.38075e-05 	 1.64833e-05
     4.425 	 2.49197e-05 	 1.72537e-05
     4.426 	 2.58875e-05 	 1.79223e-05
     4.427 	 2.58835e-05 	 1.79202e-05
     4.428 	 2.49271e-05 	 1.72567e-05
     4.429 	 2.44374e-05 	 1.69197e-05
     4.430 	  2.4863e-05 	 1.7215e-05
     4.431 	 2.60652e-05 	 1.80453e-05
     4.432 	 2.69013e-05 	 1.86237e-05
     4.433 	 2.67125e-05 	 1.84929e-05
     4.434 	 2.61948e-05 	 1.81323e-05
     4.435 	 2.65055e-05 	 1.83473e-05
     4.436 	 2.70797e-05 	 1.87425e-05
     4.437 	 2.74368e-05 	 1.89873e-05
     4.438 	 2.67976e-05 	 1.85448e-05
     4.439 	 2.50655e-05 	 1.73493e-05
     4.440 	 2.34182e-05 	 1.6209e-05
     4.441 	 2.29578e-05 	 1.5889e-05
     4.442 	 2.27538e-05 	 1.57464e-05
     4.443 	 2.22958e-05 	 1.54299e-05
     4.444 	 2.11097e-05 	 1.46078e-05
     4.445 	 1.96164e-05 	 1.35762e-05
     4.446 	 1.96445e-05 	 1.35945e-05
     4.447 	 2.14491e-05 	 1.48437e-05
     4.448 	 2.35315e-05 	 1.62834e-05
     4.449 	  2.5241e-05 	 1.74669e-05
     4.450 	 2.63016e-05 	 1.82029e-05
     4.451 	 2.71557e-05 	 1.87939e-05
     4.452 	 2.91455e-05 	 2.01706e-05
     4.453 	 3.06654e-05 	 2.12223e-05
     4.454 	  3.1349e-05 	 2.16953e-05
     4.455 	 3.08748e-05 	 2.13645e-05
     4.456 	 2.94728e-05 	 2.03942e-05
     4.457 	 2.79133e-05 	 1.93127e-05
     4.458 	 2.74363e-05 	 1.89825e-05
     4.459 	 2.66895e-05 	 1.84636e-05
     4.460 	 2.56419e-05 	 1.77405e-05
     4.461 	 2.44868e-05 	 1.69418e-05
     4.462 	 2.38243e-05 	 1.64819e-05
     4.463 	 2.41132e-05 	 1.66822e-05
     4.464 	 2.51844e-05 	 1.74217e-05
     4.465 	 2.47122e-05 	 1.70954e-05
     4.466 	 2.37952e-05 	 1.64615e-05
     4.467 	 2.25523e-05 	 1.56002e-05
     4.468 	 2.16381e-05 	 1.49697e-05
     4.469 	 2.15293e-05 	 1.48948e-05
     4.470 	 2.18709e-05 	 1.51297e-05
     4.471 	 2.10095e-05 	 1.45337e-05
     4.472 	 2.02796e-05 	 1.40288e-05
     4.473 	 2.06367e-05 	 1.42757e-05
     4.474 	 2.24642e-05 	 1.5538e-05
     4.475 	 2.53515e-05 	 1.7535e-05
     4.476 	 2.78615e-05 	 1.9271e-05
     4.477 	 2.91955e-05 	 2.01957e-05
     4.478 	 3.01568e-05 	 2.08581e-05
     4.479 	 3.12836e-05 	 2.16373e-05
     4.480 	 3.25946e-05 	 2.25439e-05
     4.481 	 3.37286e-05 	 2.33288e-05
     4.482 	 3.40737e-05 	 2.35651e-05
     4.483 	 3.24316e-05 	 2.24299e-05
     4.484 	 3.15752e-05 	 2.18381e-05
     4.485 	  3.2033e-05 	 2.21552e-05
     4.486 	 3.33179e-05 	 2.30443e-05
     4.487 	   3.461e-05 	 2.39357e-05
     4.488 	 3.54836e-05 	 2.45354e-05
     4.489 	 3.55542e-05 	 2.45847e-05
     4.490 	 3.69682e-05 	 2.55629e-05
     4.491 	 3.92473e-05 	 2.71419e-05
     4.492 	 4.17354e-05 	 2.88629e-05
     4.493 	 4.37286e-05 	 3.02417e-05
     4.494 	 4.45439e-05 	 3.08023e-05
     4.495 	 4.42745e-05 	 3.06164e-05
     4.496 	 4.50404e-05 	 3.114e-05
     4.497 	 4.59922e-05 	 3.17984e-05
     4.498 	 4.64704e-05 	 3.21294e-05
     4.499 	 4.60967e-05 	 3.18713e-05
     4.500 	 4.47848e-05 	 3.09646e-05
     4.501 	 4.34461e-05 	 3.00335e-05
     4.502 	 4.33893e-05 	 2.99949e-05
     4.503 	 4.33378e-05 	 2.99599e-05
     4.504 	 4.26291e-05 	 2.94647e-05
     4.505 	 4.11832e-05 	 2.84659e-05
     4.506 	 3.93441e-05 	 2.71925e-05
     4.507 	 3.87086e-05 	 2.67485e-05
     4.508 	  3.9845e-05 	 2.75343e-05
     4.509 	  4.1157e-05 	 2.84416e-05
     4.510 	 4.19141e-05 	 2.89594e-05
     4.511 	 4.21688e-05 	 2.91368e-05
     4.512 	 4.25102e-05 	 2.93741e-05
     4.513 	 4.46858e-05 	 3.08725e-05
     4.514 	 4.82793e-05 	 3.33567e-05
     4.515 	 5.13551e-05 	 3.54763e-05
     4.516 	 5.32037e-05 	 3.6755e-05
     4.517 	 5.40375e-05 	 3.73289e-05
     4.518 	 5.43139e-05 	 3.75139e-05
     4.519 	 5.51991e-05 	 3.8127e-05
     4.520 	 5.63891e-05 	 3.89428e-05
     4.521 	 5.65211e-05 	 3.90349e-05
     4.522 	 5.53264e-05 	 3.82029e-05
     4.523 	 5.33824e-05 	 3.68658e-05
     4.524 	 5.15854e-05 	 3.56256e-05
     4.525 	 5.09723e-05 	 3.51958e-05
     4.526 	 5.06139e-05 	 3.49456e-05
     4.527 	 4.97054e-05 	 3.43121e-05
     4.528 	 4.83747e-05 	 3.33942e-05
     4.529 	 4.74506e-05 	 3.27504e-05
     4.530 	 4.81102e-05 	 3.32102e-05
     4.531 	 5.00491e-05 	 3.4542e-05
     4.532 	 5.20004e-05 	 3.58892e-05
     4.533 	 5.29272e-05 	 3.65181e-05
     4.534 	 5.30534e-05 	 3.66056e-05
     4.535 	 5.34391e-05 	 3.68647e-05
     4.536 	 5.51617e-05 	 3.80579e-05
     4.537 	 5.72001e-05 	 3.94567e-05
     4.538 	 5.85662e-05 	 4.03994e-05
     4.539 	  5.8426e-05 	 4.02909e-05
     4.540 	 5.72495e-05 	 3.948e-05
     4.541 	 5.63407e-05 	 3.88514e-05
     4.542 	 5.68672e-05 	 3.92159e-05
     4.543 	 5.81941e-05 	 4.01243e-05
     4.544 	 5.93146e-05 	 4.08985e-05
     4.545 	 5.96548e-05 	 4.11268e-05
     4.546 	 5.95198e-05 	 4.10352e-05
     4.547 	  5.9692e-05 	 4.11471e-05
     4.548 	 6.05029e-05 	 4.17076e-05
     4.549 	  5.9873e-05 	 4.12713e-05
     4.550 	 5.81857e-05 	 4.01097e-05
     4.551 	 5.53826e-05 	 3.81676e-05
     4.552 	 5.20421e-05 	 3.58713e-05
     4.553 	 4.91076e-05 	 3.38433e-05
     4.554 	 4.71883e-05 	 3.25221e-05
     4.555 	 4.47011e-05 	 3.08066e-05
     4.556 	 4.17667e-05 	 2.87857e-05
     4.557 	 3.89185e-05 	 2.68158e-05
     4.558 	  3.7149e-05 	 2.55925e-05
     4.559 	 3.73343e-05 	 2.57244e-05
     4.560 	 3.88766e-05 	 2.67828e-05
     4.561 	 3.98013e-05 	 2.74202e-05
     4.562 	 4.01578e-05 	 2.76638e-05
     4.563 	 4.04231e-05 	 2.78442e-05
     4.564 	 4.13213e-05 	 2.84608e-05
     4.565 	 4.34679e-05 	 2.99397e-05
     4.566 	 4.65804e-05 	 3.20775e-05
     4.567 	 4.83719e-05 	 3.33155e-05
     4.568 	 4.90474e-05 	 3.37743e-05
     4.569 	 4.92236e-05 	 3.38926e-05
     4.570 	 4.95381e-05 	 3.41067e-05
     4.571 	 5.03581e-05 	 3.46724e-05
     4.572 	 5.11589e-05 	 3.52292e-05
     4.573 	 5.03822e-05 	 3.46885e-05
     4.574 	  4.8497e-05 	 3.33917e-05
     4.575 	 4.64786e-05 	 3.1997e-05
     4.576 	 4.50713e-05 	 3.10293e-05
     4.577 	 4.44979e-05 	 3.06293e-05
     4.578 	 4.39946e-05 	 3.02874e-05
     4.579 	 4.23207e-05 	 2.91301e-05
     4.580 	 4.03277e-05 	 2.77625e-05
     4.581 	   3.912e-05 	 2.69259e-05
     4.582 	  3.9306e-05 	 2.70546e-05
     4.583 	 4.07614e-05 	 2.80566e-05
     4.584 	 4.23056e-05 	 2.91138e-05
     4.585 	 4.26742e-05 	 2.93712e-05
     4.586 	   4.255e-05 	 2.928e-05
     4.587 	 4.32991e-05 	 2.97992e-05
     4.588 	 4.56587e-05 	 3.14234e-05
     4.589 	 4.94068e-05 	 3.39968e-05
     4.590 	  5.3059e-05 	 3.65102e-05
     4.591 	 5.53565e-05 	 3.80831e-05
     4.592 	 5.65987e-05 	 3.89421e-05
     4.593 	  5.7873e-05 	 3.98186e-05
     4.594 	 5.96978e-05 	 4.10704e-05
     4.595 	 6.17552e-05 	 4.24856e-05
     4.596 	 6.29103e-05 	 4.3285e-05
     4.597 	 6.26499e-05 	 4.30924e-05
     4.598 	 6.18129e-05 	 4.25214e-05
     4.599 	 6.14111e-05 	 4.22447e-05
     4.600 	 6.19097e-05 	 4.25923e-05
     4.601 	 6.29345e-05 	 4.32882e-05
     4.602 	 6.26217e-05 	 4.30777e-05
     4.603 	  6.1138e-05 	 4.20567e-05
     4.604 	 5.93394e-05 	 4.08192e-05
     4.605 	 5.81639e-05 	 4.00149e-05
     4.606 	 5.78926e-05 	 3.98279e-05
     4.607 	 5.79054e-05 	 3.98328e-05
     4.608 	 5.62514e-05 	 3.86947e-05
     4.609 	 5.32798e-05 	 3.66544e-05
     4.610 	 4.99735e-05 	 3.43795e-05
     4.611 	 4.75359e-05 	 3.27063e-05
     4.612 	 4.63684e-05 	 3.19029e-05
     4.613 	 4.58463e-05 	 3.15473e-05
     4.614 	  4.4697e-05 	 3.07564e-05
     4.615 	 4.29146e-05 	 2.95273e-05
     4.616 	 4.16708e-05 	 2.86714e-05
     4.617 	 4.18729e-05 	 2.88137e-05
     4.618 	 4.35708e-05 	 2.99819e-05
     4.619 	 4.58396e-05 	 3.15467e-05
     4.620 	 4.70401e-05 	 3.23728e-05
     4.621 	 4.71535e-05 	 3.2454e-05
     4.622 	 4.75961e-05 	 3.2758e-05
     4.623 	  4.8918e-05 	 3.36677e-05
     4.624 	 5.09852e-05 	 3.50899e-05
     4.625 	 5.29876e-05 	 3.64715e-05
     4.626 	 5.32035e-05 	 3.66194e-05
     4.627 	 5.17909e-05 	 3.56506e-05
     4.628 	 5.04549e-05 	 3.47303e-05
     4.629 	 5.00976e-05 	 3.44876e-05
     4.630 	 5.07785e-05 	 3.49592e-05
     4.631 	 5.16815e-05 	 3.55845e-05
     4.632 	  5.1356e-05 	 3.53598e-05
     4.633 	 5.00779e-05 	 3.44833e-05
     4.634 	 4.92944e-05 	 3.39432e-05
     4.635 	 4.97598e-05 	 3.42671e-05
     4.636 	 5.13721e-05 	 3.53769e-05
     4.637 	  5.3159e-05 	 3.6611e-05
     4.638 	  5.3856e-05 	 3.70904e-05
     4.639 	   5.342e-05 	 3.67895e-05
     4.640 	 5.32631e-05 	 3.66851e-05
     4.641 	 5.39125e-05 	 3.71309e-05
     4.642 	 5.51995e-05 	 3.80201e-05
     4.643 	 5.63156e-05 	 3.87872e-05
     4.644 	 5.60961e-05 	 3.86389e-05
     4.645 	 5.49078e-05 	 3.78188e-05
     4.646 	   5.406e-05 	 3.72376e-05
     4.647 	 5.38977e-05 	 3.71242e-05
     4.648 	 5.40515e-05 	 3.72329e-05
     4.649 	 5.35575e-05 	 3.6891e-05
     4.650 	 5.13756e-05 	 3.53907e-05
     4.651 	 4.85748e-05 	 3.34606e-05
     4.652 	 4.63988e-05 	 3.19647e-05
     4.653 	 4.56273e-05 	 3.14325e-05
     4.654 	 4.62939e-05 	 3.19012e-05
     4.655 	 4.75431e-05 	 3.27613e-05
     4.656 	  4.7901e-05 	 3.30072e-05
     4.657 	 4.77591e-05 	 3.29125e-05
     4.658 	 4.83814e-05 	 3.33405e-05
     4.659 	 5.02496e-05 	 3.46311e-05
     4.660 	 5.30726e-05 	 3.65759e-05
     4.661 	 5.57919e-05 	 3.84528e-05
     4.662 	 5.70159e-05 	 3.92947e-05
     4.663 	 5.68088e-05 	 3.91549e-05
     4.664 	 5.63796e-05 	 3.88575e-05
     4.665 	 5.65935e-05 	 3.90151e-05
     4.666 	 5.76876e-05 	 3.97723e-05
     4.667 	 5.90465e-05 	 4.07075e-05
     4.668 	 5.90838e-05 	 4.07362e-05
     4.669 	 5.81333e-05 	 4.00791e-05
     4.670 	 5.73424e-05 	 3.95367e-05
     4.671 	 5.73716e-05 	 3.95562e-05
     4.672 	 5.82469e-05 	 4.01591e-05
     4.673 	 5.92255e-05 	 4.0838e-05
     4.674 	 5.88204e-05 	 4.05663e-05
     4.675 	 5.73761e-05 	 3.95742e-05
     4.676 	 5.59826e-05 	 3.86125e-05
     4.677 	 5.56749e-05 	 3.83996e-05
     4.678 	 5.66646e-05 	 3.90861e-05
     4.679 	 5.78854e-05 	 3.99275e-05
     4.680 	 5.79218e-05 	 3.99566e-05
     4.681 	 5.69704e-05 	 3.9298e-05
     4.682 	 5.59528e-05 	 3.86015e-05
     4.683 	 5.56181e-05 	 3.83728e-05
     4.684 	 5.61556e-05 	 3.87451e-05
     4.685 	 5.69012e-05 	 3.92617e-05
     4.686 	 5.64236e-05 	 3.89297e-05
     4.687 	 5.49264e-05 	 3.78944e-05
     4.688 	 5.37157e-05 	 3.70611e-05
     4.689 	 5.36274e-05 	 3.70054e-05
     4.690 	 5.49235e-05 	 3.78974e-05
     4.691 	 5.71428e-05 	 3.94322e-05
     4.692 	 5.85375e-05 	 4.03935e-05
     4.693 	 5.85401e-05 	 4.03941e-05
     4.694 	 5.80327e-05 	 4.00475e-05
     4.695 	 5.76225e-05 	 3.97633e-05
     4.696 	 5.75084e-05 	 3.96834e-05
     4.697 	 5.73138e-05 	 3.95605e-05
     4.698 	 5.55884e-05 	 3.83684e-05
     4.699 	 5.24255e-05 	 3.61842e-05
     4.700 	 4.90356e-05 	 3.38474e-05
     4.701 	 4.63565e-05 	 3.19965e-05
     4.702 	  4.4953e-05 	 3.10261e-05
     4.703 	 4.48343e-05 	 3.09457e-05
     4.704 	 4.41846e-05 	 3.04992e-05
     4.705 	 4.28408e-05 	 2.95701e-05
     4.706 	 4.17602e-05 	 2.88227e-05
     4.707 	 4.17526e-05 	 2.88251e-05
     4.708 	 4.31362e-05 	 2.97787e-05
     4.709 	 4.54124e-05 	 3.13484e-05
     4.710 	 4.69719e-05 	 3.24231e-05
     4.711 	 4.69625e-05 	 3.24194e-05
     4.712 	 4.59761e-05 	 3.17376e-05
     4.713 	 4.52876e-05 	 3.12613e-05
     4.714 	 4.57988e-05 	 3.16132e-05
     4.715 	   4.709e-05 	 3.25073e-05
     4.716 	  4.7756e-05 	 3.29727e-05
     4.717 	 4.66142e-05 	 3.21833e-05
     4.718 	 4.42149e-05 	 3.05258e-05
     4.719 	 4.14716e-05 	 2.86343e-05
     4.720 	 3.92845e-05 	 2.71232e-05
     4.721 	 3.81647e-05 	 2.63485e-05
     4.722 	 3.71208e-05 	 2.56262e-05
     4.723 	 3.52126e-05 	 2.43074e-05
     4.724 	   3.284e-05 	 2.26731e-05
     4.725 	 3.07485e-05 	 2.1232e-05
     4.726 	 2.99158e-05 	 2.06558e-05
     4.727 	 3.14431e-05 	 2.17089e-05
     4.728 	 3.35366e-05 	 2.31528e-05
     4.729 	 3.50596e-05 	 2.42027e-05
     4.730 	 3.58299e-05 	 2.47358e-05
     4.731 	 3.61734e-05 	 2.4972e-05
     4.732 	 3.67336e-05 	 2.53578e-05
     4.733 	 3.82903e-05 	 2.64314e-05
     4.734 	   4.007e-05 	 2.76645e-05
     4.735 	 4.08079e-05 	 2.81729e-05
     4.736 	  4.0501e-05 	 2.796e-05
     4.737 	 3.97703e-05 	 2.74577e-05
     4.738 	 3.94455e-05 	 2.72324e-05
     4.739 	 4.01243e-05 	 2.76999e-05
     4.740 	 4.17548e-05 	 2.88244e-05
     4.741 	 4.24552e-05 	 2.9307e-05
     4.742 	    4.21e-05 	 2.90666e-05
     4.743 	 4.11094e-05 	 2.83846e-05
     4.744 	 4.01615e-05 	 2.77292e-05
     4.745 	 3.99011e-05 	 2.75485e-05
     4.746 	  4.0651e-05 	 2.80652e-05
     4.747 	 4.05368e-05 	 2.79854e-05
     4.748 	 3.93714e-05 	 2.71799e-05
     4.749 	 3.74837e-05 	 2.58788e-05
     4.750 	 3.56929e-05 	 2.46415e-05
     4.751 	 3.54025e-05 	 2.44451e-05
     4.752 	  3.6664e-05 	 2.53152e-05
     4.753 	 3.84161e-05 	 2.6524e-05
     4.754 	 3.96463e-05 	 2.73723e-05
     4.755 	 4.00506e-05 	 2.76504e-05
     4.756 	 4.01216e-05 	 2.76983e-05
     4.757 	 4.13239e-05 	 2.85273e-05
     4.758 	 4.32081e-05 	 2.98268e-05
     4.759 	 4.53682e-05 	 3.13167e-05
     4.760 	 4.65214e-05 	 3.21114e-05
     4.761 	 4.62862e-05 	 3.19537e-05
     4.762 	 4.51773e-05 	 3.11863e-05
     4.763 	 4.45699e-05 	 3.07652e-05
     4.764 	 4.55789e-05 	 3.14629e-05
     4.765 	 4.68876e-05 	 3.23606e-05
     4.766 	 4.76874e-05 	 3.29105e-05
     4.767 	 4.75498e-05 	 3.28136e-05
     4.768 	 4.65633e-05 	 3.21308e-05
     4.769 	  4.5584e-05 	 3.14531e-05
     4.770 	 4.65311e-05 	 3.21046e-05
     4.771 	 4.78672e-05 	 3.30318e-05
     4.772 	 4.84976e-05 	 3.34655e-05
     4.773 	 4.76028e-05 	 3.28468e-05
     4.774 	 4.50035e-05 	 3.10519e-05
     4.775 	  4.1821e-05 	 2.88549e-05
     4.776 	 3.99809e-05 	 2.75809e-05
     4.777 	 3.98308e-05 	 2.74763e-05
     4.778 	 4.01549e-05 	 2.76986e-05
     4.779 	 3.99345e-05 	 2.75455e-05
     4.780 	 3.87053e-05 	 2.66965e-05
     4.781 	 3.69817e-05 	 2.55062e-05
     4.782 	 3.59992e-05 	 2.48271e-05
     4.783 	 3.68852e-05 	 2.54337e-05
     4.784 	  3.8376e-05 	 2.64655e-05
     4.785 	 3.94458e-05 	 2.72017e-05
     4.786 	 3.94989e-05 	 2.72367e-05
     4.787 	 3.82434e-05 	 2.63694e-05
     4.788 	 3.67179e-05 	 2.53131e-05
     4.789 	 3.62082e-05 	 2.49602e-05
     4.790 	 3.69846e-05 	 2.54939e-05
     4.791 	 3.82546e-05 	 2.63679e-05
     4.792 	 3.87929e-05 	 2.67343e-05
     4.793 	 3.81678e-05 	 2.6302e-05
     4.794 	 3.75541e-05 	 2.58776e-05
     4.795 	 3.75682e-05 	 2.58884e-05
     4.796 	 3.86891e-05 	 2.66562e-05
     4.797 	 4.04923e-05 	 2.78969e-05
     4.798 	 4.19637e-05 	 2.89089e-05
     4.799 	 4.22005e-05 	 2.90703e-05
     4.800 	 4.11398e-05 	 2.83347e-05
     4.801 	 4.02218e-05 	 2.77002e-05
     4.802 	 3.97804e-05 	 2.73941e-05
     4.803 	 3.97799e-05 	 2.73883e-05
     4.804 	 3.98349e-05 	 2.7424e-05
     4.805 	  3.8993e-05 	 2.68422e-05
     4.806 	 3.70242e-05 	 2.54819e-05
     4.807 	 3.56002e-05 	 2.44998e-05
     4.808 	 3.50265e-05 	 2.4103e-05
     4.809 	 3.53086e-05 	 2.42923e-05
     4.810 	 3.61734e-05 	 2.48852e-05
     4.811 	 3.67966e-05 	 2.53122e-05
     4.812 	 3.63518e-05 	 2.49989e-05
     4.813 	   3.577e-05 	 2.4597e-05
     4.814 	 3.55926e-05 	 2.44704e-05
     4.815 	 3.59694e-05 	 2.47276e-05
     4.816 	 3.67143e-05 	 2.52327e-05
     4.817 	 3.75265e-05 	 2.5786e-05
     4.818 	 3.70353e-05 	 2.54466e-05
     4.819 	 3.57095e-05 	 2.45309e-05
     4.820 	 3.45581e-05 	 2.37382e-05
     4.821 	 3.41622e-05 	 2.34648e-05
     4.822 	 3.44815e-05 	 2.36799e-05
     4.823 	 3.47644e-05 	 2.38727e-05
     4.824 	 3.45432e-05 	 2.37166e-05
     4.825 	 3.35425e-05 	 2.30281e-05
     4.826 	 3.20773e-05 	 2.20182e-05
     4.827 	  3.1087e-05 	 2.13371e-05
     4.828 	 3.15217e-05 	 2.16316e-05
     4.829 	  3.2385e-05 	 2.2218e-05
     4.830 	 3.27629e-05 	 2.24732e-05
     4.831 	 3.24924e-05 	 2.22861e-05
     4.832 	 3.18258e-05 	 2.18247e-05
     4.833 	 3.12433e-05 	 2.14237e-05
     4.834 	 3.13264e-05 	 2.14766e-05
     4.835 	 3.26599e-05 	 2.23891e-05
     4.836 	  3.3435e-05 	 2.29161e-05
     4.837 	 3.30807e-05 	 2.26689e-05
     4.838 	 3.20182e-05 	 2.19391e-05
     4.839 	 3.07065e-05 	 2.1032e-05
     4.840 	 2.95455e-05 	 2.02352e-05
     4.841 	 2.94246e-05 	 2.01479e-05
     4.842 	 2.99824e-05 	 2.05253e-05
     4.843 	 2.98491e-05 	 2.04318e-05
     4.844 	 2.89622e-05 	 1.98203e-05
     4.845 	 2.78715e-05 	 1.90718e-05
     4.846 	 2.74327e-05 	 1.87673e-05
     4.847 	 2.81775e-05 	 1.92725e-05
     4.848 	 3.09675e-05 	 2.11785e-05
     4.849 	 3.40204e-05 	 2.32539e-05
     4.850 	 3.64711e-05 	 2.49234e-05
     4.851 	 3.81752e-05 	 2.60862e-05
     4.852 	 3.96539e-05 	 2.70917e-05
     4.853 	 4.17699e-05 	 2.85322e-05
     4.854 	 4.46998e-05 	 3.05315e-05
     4.855 	 4.81014e-05 	 3.28488e-05
     4.856 	 5.07636e-05 	 3.46605e-05
     4.857 	 5.18147e-05 	 3.53757e-05
     4.858 	 5.12527e-05 	 3.49784e-05
     4.859 	 5.10548e-05 	 3.48369e-05
     4.860 	 5.18148e-05 	 3.53489e-05
     4.861 	  5.3164e-05 	 3.62667e-05
     4.862 	 5.43683e-05 	 3.70811e-05
     4.863 	 5.46816e-05 	 3.72877e-05
     4.864 	 5.36096e-05 	 3.65497e-05
     4.865 	 5.14278e-05 	 3.50595e-05
     4.866 	 5.01128e-05 	 3.41565e-05
     4.867 	 4.93983e-05 	 3.36562e-05
     4.868 	 4.88649e-05 	 3.32863e-05
     4.869 	 4.78893e-05 	 3.26192e-05
     4.870 	 4.57943e-05 	 3.11862e-05
     4.871 	 4.23756e-05 	 2.88521e-05
     4.872 	 4.00748e-05 	 2.728e-05
     4.873 	 3.94473e-05 	 2.68473e-05
     4.874 	 4.00378e-05 	 2.72468e-05
     4.875 	 4.13408e-05 	 2.81276e-05
     4.876 	  4.2958e-05 	 2.9213e-05
     4.877 	 4.32436e-05 	 2.94011e-05
     4.878 	 4.27799e-05 	 2.90798e-05
     4.879 	 4.32498e-05 	 2.93931e-05
     4.880 	 4.49958e-05 	 3.05733e-05
     4.881 	 4.74354e-05 	 3.22282e-05
     4.882 	 4.93078e-05 	 3.34937e-05
     4.883 	 4.95184e-05 	 3.363e-05
     4.884 	 4.80643e-05 	 3.26358e-05
     4.885 	 4.56124e-05 	 3.09647e-05
     4.886 	 4.36065e-05 	 2.9597e-05
     4.887 	 4.28399e-05 	 2.90649e-05
     4.888 	 4.28846e-05 	 2.90892e-05
     4.889 	 4.20357e-05 	 2.85076e-05
     4.890 	  3.9815e-05 	 2.69961e-05
     4.891 	 3.69768e-05 	 2.50664e-05
     4.892 	 3.42198e-05 	 2.31953e-05
     4.893 	 3.23578e-05 	 2.19286e-05
     4.894 	  3.2157e-05 	 2.1788e-05
     4.895 	 3.33103e-05 	 2.25646e-05
     4.896 	  3.4002e-05 	 2.30283e-05
     4.897 	 3.39894e-05 	 2.30149e-05
     4.898 	 3.36426e-05 	 2.27753e-05
     4.899 	 3.35917e-05 	 2.2736e-05
     4.900 	  3.4512e-05 	 2.33539e-05
     4.901 	 3.68324e-05 	 2.4918e-05
     4.902 	 3.85843e-05 	 2.60969e-05
     4.903 	 3.91524e-05 	 2.64747e-05
     4.904 	 3.86228e-05 	 2.61102e-05
     4.905 	 3.74538e-05 	 2.53137e-05
     4.906 	 3.63247e-05 	 2.45396e-05
     4.907 	 3.62417e-05 	 2.44746e-05
     4.908 	 3.73548e-05 	 2.52201e-05
     4.909 	 3.75853e-05 	 2.53694e-05
     4.910 	 3.65934e-05 	 2.46938e-05
     4.911 	 3.49969e-05 	 2.36113e-05
     4.912 	 3.39804e-05 	 2.29206e-05
     4.913 	 3.39425e-05 	 2.289e-05
     4.914 	 3.47312e-05 	 2.34168e-05
     4.915 	 3.62294e-05 	 2.44215e-05
     4.916 	 3.73185e-05 	 2.51502e-05
     4.917 	 3.71443e-05 	 2.50273e-05
     4.918 	 3.58518e-05 	 2.4151e-05
     4.919 	 3.54065e-05 	 2.3843e-05
     4.920 	 3.52443e-05 	 2.37334e-05
     4.921 	 3.49452e-05 	 2.35265e-05
     4.922 	 3.42336e-05 	 2.30422e-05
     4.923 	 3.27773e-05 	 2.20569e-05
     4.924 	 3.01668e-05 	 2.02955e-05
     4.925 	 2.67606e-05 	 1.79997e-05
     4.926 	 2.46654e-05 	 1.65846e-05
     4.927 	 2.37467e-05 	 1.59632e-05
     4.928 	 2.38338e-05 	 1.6018e-05
     4.929 	 2.46315e-05 	 1.65502e-05
     4.930 	 2.57118e-05 	 1.7272e-05
     4.931 	 2.63878e-05 	 1.77199e-05
     4.932 	 2.75201e-05 	 1.84759e-05
     4.933 	 2.97784e-05 	 1.99872e-05
     4.934 	 3.29308e-05 	 2.20978e-05
     4.935 	 3.63581e-05 	 2.43919e-05
     4.936 	 3.93778e-05 	 2.64083e-05
     4.937 	 4.11538e-05 	 2.75927e-05
     4.938 	 4.19097e-05 	 2.80928e-05
     4.939 	 4.26597e-05 	 2.85886e-05
     4.940 	  4.4306e-05 	 2.96812e-05
     4.941 	 4.70551e-05 	 3.15155e-05
     4.942 	 4.99986e-05 	 3.3479e-05
     4.943 	 5.19402e-05 	 3.47708e-05
     4.944 	 5.25754e-05 	 3.51835e-05
     4.945 	 5.21429e-05 	 3.48857e-05
     4.946 	 5.13734e-05 	 3.43627e-05
     4.947 	 5.09502e-05 	 3.40674e-05
     4.948 	 5.10473e-05 	 3.41242e-05
     4.949 	 4.99306e-05 	 3.33696e-05
     4.950 	 4.74173e-05 	 3.16785e-05
     4.951 	  4.4015e-05 	 2.93985e-05
     4.952 	 4.01325e-05 	 2.67988e-05
     4.953 	 3.63665e-05 	 2.42802e-05
     4.954 	 3.36763e-05 	 2.24787e-05
     4.955 	 3.25318e-05 	 2.17095e-05
     4.956 	 3.10844e-05 	 2.07361e-05
     4.957 	 2.91771e-05 	 1.9459e-05
     4.958 	   2.722e-05 	 1.81493e-05
     4.959 	 2.55837e-05 	 1.70521e-05
     4.960 	 2.41046e-05 	 1.60623e-05
     4.961 	 2.35311e-05 	 1.56744e-05
     4.962 	 2.41885e-05 	 1.61084e-05
     4.963 	 2.45236e-05 	 1.63275e-05
     4.964 	 2.40014e-05 	 1.59739e-05
     4.965 	 2.28375e-05 	 1.51955e-05
     4.966 	 2.17955e-05 	 1.44969e-05
     4.967 	   2.101e-05 	 1.39709e-05
     4.968 	 2.08956e-05 	 1.38914e-05
     4.969 	 2.15086e-05 	 1.4295e-05
     4.970 	 2.20047e-05 	 1.46211e-05
     4.971 	 2.14857e-05 	 1.42711e-05
     4.972 	 1.98171e-05 	 1.31597e-05
     4.973 	 1.91407e-05 	 1.27085e-05
     4.974 	 1.92826e-05 	 1.27997e-05
     4.975 	 1.99905e-05 	 1.32648e-05
     4.976 	 2.11454e-05 	 1.40277e-05
     4.977 	 2.23565e-05 	 1.48258e-05
     4.978 	 2.25305e-05 	 1.49376e-05
     4.979 	 2.15967e-05 	 1.4315e-05
     4.980 	 2.15822e-05 	 1.43002e-05
     4.981 	 2.23763e-05 	 1.48209e-05
     4.982 	   2.355e-05 	 1.55944e-05
     4.983 	 2.46926e-05 	 1.6345e-05
     4.984 	  2.5772e-05 	 1.70552e-05
     4.985 	 2.53375e-05 	 1.67615e-05
     4.986 	 2.40981e-05 	 1.59376e-05
     4.987 	 2.32808e-05 	 1.53914e-05
     4.988 	 2.32132e-05 	 1.53428e-05
     4.989 	 2.36527e-05 	 1.56275e-05
     4.990 	  2.4179e-05 	 1.59712e-05
     4.991 	 2.45707e-05 	 1.62238e-05
     4.992 	 2.44107e-05 	 1.61141e-05
     4.993 	  2.3726e-05 	 1.56594e-05
     4.994 	 2.33522e-05 	 1.54069e-05
     4.995 	 2.40883e-05 	 1.58885e-05
     4.996 	 2.56457e-05 	 1.69094e-05
     4.997 	 2.68813e-05 	 1.77195e-05
     4.998 	 2.78182e-05 	 1.83301e-05
     4.999 	  2.8161e-05 	 1.8549e-05
     5.000 	 2.78278e-05 	 1.83248e-05
     5.001 	 2.71233e-05 	 1.78533e-05
     5.002 	 2.70098e-05 	 1.77733e-05
     5.003 	 2.77811e-05 	 1.82731e-05
     5.004 	 2.79836e-05 	 1.83985e-05
     5.005 	  2.7676e-05 	 1.81908e-05
     5.006 	   2.707e-05 	 1.77849e-05
     5.007 	  2.6372e-05 	 1.73189e-05
     5.008 	 2.56171e-05 	 1.68161e-05
     5.009 	 2.57868e-05 	 1.69223e-05
     5.010 	 2.69898e-05 	 1.77042e-05
     5.011 	 2.78803e-05 	 1.8281e-05
     5.012 	 2.78634e-05 	 1.82648e-05
     5.013 	 2.70941e-05 	 1.77534e-05
     5.014 	 2.63826e-05 	 1.72802e-05
     5.015 	 2.57517e-05 	 1.68602e-05
     5.016 	  2.5764e-05 	 1.68669e-05
     5.017 	 2.67552e-05 	 1.75087e-05
     5.018 	   2.797e-05 	 1.82963e-05
     5.019 	 2.83032e-05 	 1.8509e-05
     5.020 	 2.74979e-05 	 1.7975e-05
     5.021 	 2.71514e-05 	 1.77413e-05
     5.022 	 2.71085e-05 	 1.77061e-05
     5.023 	 2.75204e-05 	 1.79699e-05
     5.024 	 2.84655e-05 	 1.85795e-05
     5.025 	  2.9665e-05 	 1.93544e-05
     5.026 	 2.98908e-05 	 1.94938e-05
     5.027 	 2.84242e-05 	 1.85297e-05
     5.028 	 2.72825e-05 	 1.77802e-05
     5.029 	 2.65969e-05 	 1.73263e-05
     5.030 	 2.63944e-05 	 1.71873e-05
     5.031 	 2.66961e-05 	 1.73766e-05
     5.032 	 2.75569e-05 	 1.79294e-05
     5.033 	 2.76571e-05 	 1.79893e-05
     5.034 	 2.68578e-05 	 1.74639e-05
     5.035 	  2.6052e-05 	 1.69329e-05
     5.036 	 2.57375e-05 	 1.67216e-05
     5.037 	 2.59636e-05 	 1.68614e-05
     5.038 	 2.64649e-05 	 1.71818e-05
     5.039 	 2.71985e-05 	 1.76507e-05
     5.040 	 2.74791e-05 	 1.78253e-05
     5.041 	  2.7012e-05 	 1.7515e-05
     5.042 	  2.6162e-05 	 1.69567e-05
     5.043 	 2.56149e-05 	 1.65951e-05
     5.044 	 2.56517e-05 	 1.66119e-05
     5.045 	 2.56501e-05 	 1.66058e-05
     5.046 	 2.54729e-05 	 1.64842e-05
     5.047 	 2.47465e-05 	 1.60073e-05
     5.048 	 2.33495e-05 	 1.50972e-05
     5.049 	  2.1502e-05 	 1.38967e-05
     5.050 	 1.99342e-05 	 1.2878e-05
     5.051 	 1.93233e-05 	 1.2478e-05
     5.052 	 1.96476e-05 	 1.2682e-05
     5.053 	 2.03867e-05 	 1.3155e-05
     5.054 	 2.12521e-05 	 1.37075e-05
     5.055 	 2.21446e-05 	 1.4277e-05
     5.056 	 2.27441e-05 	 1.46572e-05
     5.057 	 2.37996e-05 	 1.53308e-05
     5.058 	 2.55416e-05 	 1.64458e-05
     5.059 	 2.77757e-05 	 1.78766e-05
     5.060 	 3.00226e-05 	 1.93143e-05
     5.061 	 3.16283e-05 	 2.03425e-05
     5.062 	 3.17896e-05 	 2.04374e-05
     5.063 	 3.10363e-05 	 1.99444e-05
     5.064 	 3.00663e-05 	 1.93126e-05
     5.065 	 2.93578e-05 	 1.88493e-05
     5.066 	 2.90841e-05 	 1.86653e-05
     5.067 	 2.89991e-05 	 1.86048e-05
     5.068 	  2.8046e-05 	 1.79855e-05
     5.069 	 2.63532e-05 	 1.68925e-05
     5.070 	  2.4554e-05 	 1.57322e-05
     5.071 	 2.30141e-05 	 1.4739e-05
     5.072 	 2.20757e-05 	 1.41318e-05
     5.073 	 2.19695e-05 	 1.40576e-05
     5.074 	 2.25422e-05 	 1.44176e-05
     5.075 	 2.26927e-05 	 1.45074e-05
     5.076 	 2.22538e-05 	 1.42205e-05
     5.077 	 2.16555e-05 	 1.3832e-05
     5.078 	 2.11547e-05 	 1.35061e-05
     5.079 	 2.08139e-05 	 1.32825e-05
     5.080 	 2.09654e-05 	 1.33732e-05
     5.081 	 2.16726e-05 	 1.38181e-05
     5.082 	 2.22611e-05 	 1.41869e-05
     5.083 	 2.23695e-05 	 1.42496e-05
     5.084 	 2.21862e-05 	 1.41264e-05
     5.085 	 2.23414e-05 	 1.42188e-05
     5.086 	 2.34426e-05 	 1.49129e-05
     5.087 	 2.56694e-05 	 1.6322e-05
     5.088 	 2.85675e-05 	 1.81543e-05
     5.089 	 3.16408e-05 	 2.00982e-05
     5.090 	 3.42242e-05 	 2.17293e-05
     5.091 	 3.57515e-05 	 2.26886e-05
     5.092 	 3.66573e-05 	 2.32527e-05
     5.093 	 3.76631e-05 	 2.38798e-05
     5.094 	 3.85762e-05 	 2.44475e-05
     5.095 	 3.92326e-05 	 2.4852e-05
     5.096 	 3.94393e-05 	 2.49715e-05
     5.097 	 3.89419e-05 	 2.46451e-05
     5.098 	 3.70872e-05 	 2.34605e-05
     5.099 	 3.45453e-05 	 2.18424e-05
     5.100 	 3.28074e-05 	 2.07297e-05
     5.101 	 3.19453e-05 	 2.01756e-05
     5.102 	 3.17251e-05 	 2.00272e-05
     5.103 	 3.18834e-05 	 2.01153e-05
     5.104 	 3.24659e-05 	 2.04732e-05
     5.105 	 3.25427e-05 	 2.0512e-05
     5.106 	 3.21487e-05 	 2.02542e-05
     5.107 	 3.21286e-05 	 2.0232e-05
     5.108 	 3.30518e-05 	 2.08035e-05
     5.109 	 3.48959e-05 	 2.19539e-05
     5.110 	 3.69378e-05 	 2.32275e-05
     5.111 	 3.89896e-05 	 2.45032e-05
     5.112 	 4.07482e-05 	 2.55962e-05
     5.113 	 4.19859e-05 	 2.63611e-05
     5.114 	 4.28974e-05 	 2.69206e-05
     5.115 	 4.40744e-05 	 2.76461e-05
     5.116 	 4.59353e-05 	 2.87961e-05
     5.117 	 4.76058e-05 	 2.9829e-05
     5.118 	 4.84842e-05 	 3.03648e-05
     5.119 	 4.85079e-05 	 3.03651e-05
     5.120 	 4.76764e-05 	 2.98302e-05
     5.121 	 4.59912e-05 	 2.87585e-05
     5.122 	 4.38649e-05 	 2.74157e-05
     5.123 	 4.25145e-05 	 2.65588e-05
     5.124 	 4.17525e-05 	 2.60702e-05
     5.125 	 4.09832e-05 	 2.55774e-05
     5.126 	 3.98948e-05 	 2.4883e-05
     5.127 	 3.86451e-05 	 2.40918e-05
     5.128 	 3.74279e-05 	 2.33216e-05
     5.129 	 3.62935e-05 	 2.26037e-05
     5.130 	 3.57495e-05 	 2.22513e-05
     5.131 	 3.58634e-05 	 2.23119e-05
     5.132 	 3.61625e-05 	 2.24875e-05
     5.133 	  3.5745e-05 	 2.22149e-05
     5.134 	 3.41995e-05 	 2.12444e-05
     5.135 	 3.25451e-05 	 2.02073e-05
     5.136 	 3.08853e-05 	 1.91678e-05
     5.137 	 2.95151e-05 	 1.83066e-05
     5.138 	 2.87746e-05 	 1.7839e-05
     5.139 	   2.891e-05 	 1.79145e-05
     5.140 	   2.954e-05 	 1.8294e-05
     5.141 	 2.96769e-05 	 1.83696e-05
     5.142 	 2.98124e-05 	 1.84443e-05
     5.143 	 3.02212e-05 	 1.86855e-05
     5.144 	 3.10109e-05 	 1.91642e-05
     5.145 	 3.21331e-05 	 1.98477e-05
     5.146 	 3.36691e-05 	 2.07835e-05
     5.147 	 3.53782e-05 	 2.18253e-05
     5.148 	 3.61824e-05 	 2.23055e-05
     5.149 	 3.58938e-05 	 2.21137e-05
     5.150 	   3.495e-05 	 2.15214e-05
     5.151 	 3.42223e-05 	 2.106e-05
     5.152 	 3.39248e-05 	 2.08663e-05
     5.153 	 3.39766e-05 	 2.08875e-05
     5.154 	 3.43218e-05 	 2.10864e-05
     5.155 	 3.45051e-05 	 2.11882e-05
     5.156 	 3.40329e-05 	 2.08875e-05
     5.157 	 3.26573e-05 	 2.00305e-05
     5.158 	 3.15772e-05 	 1.93581e-05
     5.159 	 3.11542e-05 	 1.90866e-05
     5.160 	 3.09795e-05 	 1.89698e-05
     5.161 	 3.09953e-05 	 1.89697e-05
     5.162 	 3.12126e-05 	 1.90905e-05
     5.163 	 3.15618e-05 	 1.92941e-05
     5.164 	 3.11647e-05 	 1.90391e-05
     5.165 	 3.08147e-05 	 1.88155e-05
     5.166 	 3.12746e-05 	 1.9084e-05
     5.167 	 3.25508e-05 	 1.98524e-05
     5.168 	 3.42955e-05 	 2.09056e-05
     5.169 	 3.60203e-05 	 2.19427e-05
     5.170 	 3.75224e-05 	 2.28458e-05
     5.171 	 3.79924e-05 	 2.3117e-05
     5.172 	 3.73285e-05 	 2.2701e-05
     5.173 	 3.61521e-05 	 2.19713e-05
     5.174 	 3.51038e-05 	 2.1323e-05
     5.175 	  3.4391e-05 	 2.08747e-05
     5.176 	 3.33956e-05 	 2.02573e-05
     5.177 	 3.18529e-05 	 1.93112e-05
     5.178 	  2.9901e-05 	 1.8116e-05
     5.179 	 2.76146e-05 	 1.67218e-05
     5.180 	 2.52511e-05 	 1.52806e-05
     5.181 	 2.33661e-05 	 1.41323e-05
     5.182 	 2.28104e-05 	 1.37871e-05
     5.183 	 2.33971e-05 	 1.41342e-05
     5.184 	 2.44859e-05 	 1.47821e-05
     5.185 	 2.58401e-05 	 1.55912e-05
     5.186 	 2.72685e-05 	 1.64422e-05
     5.187 	 2.84661e-05 	 1.7155e-05
     5.188 	 2.94642e-05 	 1.77447e-05
     5.189 	 3.05733e-05 	 1.84027e-05
     5.190 	 3.17897e-05 	 1.91221e-05
     5.191 	 3.27916e-05 	 1.9714e-05
     5.192 	 3.31253e-05 	 1.99013e-05
     5.193 	 3.23654e-05 	 1.94342e-05
     5.194 	 3.08095e-05 	 1.84875e-05
     5.195 	  2.8964e-05 	 1.73706e-05
     5.196 	 2.75108e-05 	 1.64846e-05
     5.197 	 2.68477e-05 	 1.60784e-05
     5.198 	 2.71569e-05 	 1.62526e-05
     5.199 	 2.83969e-05 	 1.69853e-05
     5.200 	 2.90891e-05 	 1.73876e-05
     5.201 	 2.93456e-05 	 1.75312e-05
     5.202 	 2.92344e-05 	 1.74551e-05
     5.203 	 2.89244e-05 	 1.72582e-05
     5.204 	 2.85666e-05 	 1.70352e-05
     5.205 	 2.81928e-05 	 1.68008e-05
     5.206 	 2.77113e-05 	 1.65047e-05
     5.207 	 2.67927e-05 	 1.59486e-05
     5.208 	 2.48368e-05 	 1.4776e-05
     5.209 	  2.2369e-05 	 1.32988e-05
     5.210 	 2.01475e-05 	 1.19713e-05
     5.211 	 1.84225e-05 	 1.09401e-05
     5.212 	 1.74603e-05 	 1.03629e-05
     5.213 	 1.70981e-05 	 1.01422e-05
     5.214 	 1.73446e-05 	 1.02826e-05
     5.215 	  1.7801e-05 	 1.05437e-05
     5.216 	 1.80825e-05 	 1.07043e-05
     5.217 	 1.82104e-05 	 1.07739e-05
     5.218 	  1.9145e-05 	 1.13204e-05
     5.219 	 2.07324e-05 	 1.2252e-05
     5.220 	 2.27285e-05 	 1.34225e-05
     5.221 	 2.49395e-05 	 1.47217e-05
     5.222 	 2.70488e-05 	 1.59576e-05
     5.223 	 2.84627e-05 	 1.67821e-05
     5.224 	 2.82163e-05 	 1.66272e-05
     5.225 	 2.76727e-05 	 1.62974e-05
     5.226 	 2.71286e-05 	 1.59678e-05
     5.227 	 2.65499e-05 	 1.56181e-05
     5.228 	 2.57922e-05 	 1.51635e-05
     5.229 	 2.48258e-05 	 1.45869e-05
     5.230 	 2.37903e-05 	 1.39703e-05
     5.231 	  2.2662e-05 	 1.32973e-05
     5.232 	 2.17287e-05 	 1.27422e-05
     5.233 	 2.13705e-05 	 1.25264e-05
     5.234 	  2.1826e-05 	 1.27858e-05
     5.235 	  2.2935e-05 	 1.34276e-05
     5.236 	  2.4501e-05 	 1.4336e-05
     5.237 	 2.61277e-05 	 1.52788e-05
     5.238 	 2.78103e-05 	 1.62531e-05
     5.239 	 2.92433e-05 	 1.70805e-05
     5.240 	 3.01617e-05 	 1.76064e-05
     5.241 	 3.07592e-05 	 1.79446e-05
     5.242 	 3.17026e-05 	 1.84839e-05
     5.243 	 3.29799e-05 	 1.92171e-05
     5.244 	 3.41544e-05 	 1.98897e-05
     5.245 	 3.48946e-05 	 2.03085e-05
     5.246 	 3.50282e-05 	 2.0374e-05
     5.247 	 3.45805e-05 	 2.00975e-05
     5.248 	 3.35033e-05 	 1.94597e-05
     5.249 	 3.26069e-05 	 1.89277e-05
     5.250 	 3.21476e-05 	 1.86498e-05
     5.251 	  3.2018e-05 	 1.85634e-05
     5.252 	 3.18532e-05 	 1.84543e-05
     5.253 	 3.11279e-05 	 1.80231e-05
     5.254 	 3.03232e-05 	 1.75465e-05
     5.255 	   2.959e-05 	 1.71118e-05
     5.256 	 2.91001e-05 	 1.68161e-05
     5.257 	  2.8917e-05 	 1.67001e-05
     5.258 	  2.9048e-05 	 1.67655e-05
     5.259 	 2.95421e-05 	 1.7038e-05
     5.260 	 3.07321e-05 	 1.77134e-05
     5.261 	 3.15288e-05 	 1.81623e-05
     5.262 	 3.22267e-05 	 1.85598e-05
     5.263 	 3.27935e-05 	 1.88792e-05
     5.264 	 3.30668e-05 	 1.90295e-05
     5.265 	 3.31684e-05 	 1.90834e-05
     5.266 	 3.34805e-05 	 1.92559e-05
     5.267 	 3.38391e-05 	 1.94549e-05
     5.268 	 3.38116e-05 	 1.94299e-05
     5.269 	 3.29161e-05 	 1.89108e-05
     5.270 	 3.10219e-05 	 1.78159e-05
     5.271 	  2.9057e-05 	 1.66813e-05
     5.272 	 2.73678e-05 	 1.57057e-05
     5.273 	 2.62571e-05 	 1.50627e-05
     5.274 	 2.58194e-05 	 1.48032e-05
     5.275 	 2.59955e-05 	 1.48986e-05
     5.276 	 2.64655e-05 	 1.51604e-05
     5.277 	 2.63591e-05 	 1.50939e-05
     5.278 	 2.61966e-05 	 1.49952e-05
     5.279 	 2.62081e-05 	 1.49943e-05
     5.280 	 2.62783e-05 	 1.5027e-05
     5.281 	 2.63071e-05 	 1.50379e-05
     5.282 	 2.62851e-05 	 1.50178e-05
     5.283 	 2.64129e-05 	 1.50833e-05
     5.284 	 2.63938e-05 	 1.50648e-05
     5.285 	 2.55835e-05 	 1.4595e-05
     5.286 	 2.47731e-05 	 1.41256e-05
     5.287 	 2.43843e-05 	 1.38941e-05
     5.288 	 2.44626e-05 	 1.39317e-05
     5.289 	  2.4998e-05 	 1.42295e-05
     5.290 	 2.61519e-05 	 1.48808e-05
     5.291 	 2.75756e-05 	 1.5683e-05
     5.292 	  2.8759e-05 	 1.63499e-05
     5.293 	 2.94757e-05 	 1.6749e-05
     5.294 	 2.98597e-05 	 1.69608e-05
     5.295 	 3.05252e-05 	 1.73301e-05
     5.296 	 3.13882e-05 	 1.78088e-05
     5.297 	 3.24444e-05 	 1.83964e-05
     5.298 	 3.35108e-05 	 1.8989e-05
     5.299 	 3.44048e-05 	 1.94782e-05
     5.300 	 3.49082e-05 	 1.97416e-05
     5.301 	 3.45147e-05 	 1.94965e-05
     5.302 	  3.3733e-05 	 1.9033e-05
     5.303 	 3.29846e-05 	 1.85844e-05
     5.304 	 3.23859e-05 	 1.82188e-05
     5.305 	 3.19158e-05 	 1.79218e-05
     5.306 	 3.14247e-05 	 1.76141e-05
     5.307 	 3.05758e-05 	 1.71004e-05
     5.308 	 2.95552e-05 	 1.64913e-05
     5.309 	 2.84139e-05 	 1.58131e-05
     5.310 	 2.75562e-05 	 1.52915e-05
     5.311 	  2.7247e-05 	 1.50743e-05
     5.312 	 2.75623e-05 	 1.51953e-05
     5.313 	 2.84997e-05 	 1.5656e-05
     5.314 	 3.07001e-05 	 1.67998e-05
     5.315 	  3.3215e-05 	 1.81033e-05
     5.316 	  3.6064e-05 	 1.95719e-05
     5.317 	 3.92767e-05 	 2.12207e-05
     5.318 	 4.28295e-05 	 2.30308e-05
     5.319 	 4.67954e-05 	 2.50404e-05
     5.320 	  5.1458e-05 	 2.73964e-05
     5.321 	 5.66947e-05 	 3.00229e-05
     5.322 	 6.18722e-05 	 3.25838e-05
     5.323 	 6.60744e-05 	 3.45919e-05
     5.324 	  6.8567e-05 	 3.56864e-05
     5.325 	  7.0027e-05 	 3.62212e-05
     5.326 	 7.02279e-05 	 3.60994e-05
     5.327 	 6.94764e-05 	 3.54797e-05
     5.328 	 6.82051e-05 	 3.46012e-05
     5.329 	 6.65695e-05 	 3.35428e-05
     5.330 	 6.43519e-05 	 3.2195e-05
     5.331 	 6.07758e-05 	 3.01838e-05
     5.332 	 5.66391e-05 	 2.79223e-05
     5.333 	 5.27473e-05 	 2.58072e-05
     5.334 	 4.92416e-05 	 2.38963e-05
     5.335 	 4.62131e-05 	 2.22476e-05
     5.336 	 4.37654e-05 	 2.08966e-05
     5.337 	 4.19545e-05 	 1.98663e-05
     5.338 	 4.01792e-05 	 1.88612e-05
     5.339 	 3.79446e-05 	 1.76598e-05
     5.340 	 3.55987e-05 	 1.64196e-05
     5.341 	 3.34844e-05 	 1.53049e-05
     5.342 	  3.1785e-05 	 1.43934e-05
     5.343 	 3.06468e-05 	 1.37458e-05
     5.344 	 2.99821e-05 	 1.3317e-05
     5.345 	 2.97746e-05 	 1.30937e-05
     5.346 	 2.99818e-05 	 1.30534e-05
     5.347 	 3.02726e-05 	 1.30473e-05
     5.348 	 3.02045e-05 	 1.28832e-05
     5.349 	 3.02251e-05 	 1.27572e-05
     5.350 	 3.04384e-05 	 1.27115e-05
     5.351 	 3.06467e-05 	 1.26618e-05
     5.352 	 3.07052e-05 	 1.25469e-05
     5.353 	  3.0566e-05 	 1.23514e-05
     5.354 	 3.02614e-05 	 1.20912e-05
     5.355 	 2.96741e-05 	 1.17198e-05
     5.356 	 2.82683e-05 	 1.10342e-05
     5.357 	 2.67706e-05 	 1.03263e-05
     5.358 	  2.5463e-05 	 9.70649e-06
     5.359 	 2.44365e-05 	 9.20269e-06
     5.360 	 2.36435e-05 	 8.79686e-06
     5.361 	 2.30481e-05 	 8.46917e-06
     5.362 	 2.26316e-05 	 8.21355e-06
     5.363 	 2.22691e-05 	 7.98102e-06
     5.364 	 2.17481e-05 	 7.69572e-06
     5.365 	 2.11104e-05 	 7.37437e-06
     5.366 	 2.06828e-05 	 7.12982e-06
     5.367 	 2.07538e-05 	 7.06173e-06
     5.368 	 2.11254e-05 	 7.09396e-06
     5.369 	 2.16635e-05 	 7.17806e-06
     5.370 	 2.23109e-05 	 7.29468e-06
     5.371 	 2.30162e-05 	 7.42433e-06
     5.372 	 2.37037e-05 	 7.5439e-06
     5.373 	 2.40645e-05 	 7.55491e-06
     5.374 	 2.44842e-05 	 7.58105e-06
     5.375 	 2.51284e-05 	 7.67397e-06
     5.376 	 2.58748e-05 	 7.79406e-06
     5.377 	 2.65557e-05 	 7.88608e-06
     5.378 	 2.70438e-05 	 7.92034e-06
     5.379 	 2.72451e-05 	 7.86782e-06
     5.380 	 2.72042e-05 	 7.74863e-06
     5.381 	 2.68986e-05 	 7.55344e-06
     5.382 	 2.65118e-05 	 7.34209e-06
     5.383 	 2.62393e-05 	 7.16496e-06
     5.384 	  2.6189e-05 	 7.0536e-06
     5.385 	 2.62057e-05 	 6.96044e-06
     5.386 	 2.59895e-05 	 6.80803e-06
     5.387 	 2.54611e-05 	 6.57705e-06
     5.388 	 2.46736e-05 	 6.28709e-06
     5.389 	 2.37035e-05 	 5.96021e-06
     5.390 	 2.26099e-05 	 5.61084e-06
     5.391 	 2.14889e-05 	 5.26356e-06
     5.392 	 2.07797e-05 	 5.02458e-06
     5.393 	 2.04288e-05 	 4.87702e-06
     5.394 	 2.03286e-05 	 4.79366e-06
     5.395 	 2.04013e-05 	 4.75117e-06
     5.396 	 2.06528e-05 	 4.75238e-06
     5.397 	 2.12997e-05 	 4.84109e-06
     5.398 	 2.21458e-05 	 4.97351e-06
     5.399 	 2.31301e-05 	 5.13376e-06
     5.400 	 2.43226e-05 	 5.33623e-06
     5.401 	 2.56669e-05 	 5.5655e-06
     5.402 	 2.68925e-05 	 5.76641e-06
     5.403 	 2.76373e-05 	 5.85745e-06
     5.404 	   2.791e-05 	 5.8479e-06
     5.405 	 2.79477e-05 	 5.79049e-06
     5.406 	 2.78851e-05 	 5.71026e-06
     5.407 	 2.78239e-05 	 5.63151e-06
     5.408 	 2.78428e-05 	 5.56965e-06
     5.409 	 2.80653e-05 	 5.54855e-06
     5.410 	 2.83752e-05 	 5.54141e-06
     5.411 	 2.85892e-05 	 5.51634e-06
     5.412 	 2.85677e-05 	 5.44334e-06
     5.413 	 2.83122e-05 	 5.32845e-06
     5.414 	  2.8012e-05 	 5.20441e-06
     5.415 	 2.78811e-05 	 5.11285e-06
     5.416 	 2.77518e-05 	 5.02222e-06
     5.417 	 2.76442e-05 	 4.93507e-06
     5.418 	 2.75303e-05 	 4.84839e-06
     5.419 	 2.73215e-05 	 4.74573e-06
     5.420 	 2.68637e-05 	 4.60341e-06
     5.421 	 2.58743e-05 	 4.37148e-06
     5.422 	 2.48836e-05 	 4.1441e-06
     5.423 	 2.41169e-05 	 3.96003e-06
     5.424 	 2.35167e-05 	 3.80648e-06
     5.425 	 2.30009e-05 	 3.66925e-06
     5.426 	 2.26008e-05 	 3.55183e-06
     5.427 	 2.23547e-05 	 3.4609e-06
     5.428 	 2.21129e-05 	 3.37177e-06
     5.429 	 2.17416e-05 	 3.26433e-06
     5.430 	 2.14214e-05 	 3.16771e-06
     5.431 	 2.13764e-05 	 3.11112e-06
     5.432 	 2.16963e-05 	 3.10853e-06
     5.433 	 2.20768e-05 	 3.11304e-06
     5.434 	 2.25174e-05 	 3.12416e-06
     5.435 	 2.30019e-05 	 3.13929e-06
     5.436 	 2.35026e-05 	 3.15375e-06
     5.437 	  2.3978e-05 	 3.16498e-06
     5.438 	 2.43868e-05 	 3.16521e-06
     5.439 	 2.50675e-05 	 3.19676e-06
     5.440 	 2.61148e-05 	 3.2731e-06
     5.441 	 2.73595e-05 	 3.37115e-06
     5.442 	 2.86774e-05 	 3.4707e-06
     5.443 	 2.99317e-05 	 3.5591e-06
     5.444 	 3.09518e-05 	 3.61481e-06
     5.445 	 3.16562e-05 	 3.62932e-06
     5.446 	 3.19863e-05 	 3.59937e-06
     5.447 	 3.20825e-05 	 3.54224e-06
     5.448 	 3.21044e-05 	 3.47901e-06
     5.449 	 3.21668e-05 	 3.41999e-06
     5.450 	 3.22777e-05 	 3.36575e-06
     5.451 	 3.23046e-05 	 3.30489e-06
     5.452 	 3.21093e-05 	 3.22156e-06
     5.453 	 3.18628e-05 	 3.13398e-06
     5.454 	 3.16269e-05 	 3.0484e-06
     5.455 	 3.14447e-05 	 2.97051e-06
     5.456 	 3.14068e-05 	 2.90729e-06
     5.457 	 3.17325e-05 	 2.87716e-06
     5.458 	 3.23845e-05 	 2.8748e-06
     5.459 	 3.33147e-05 	 2.89654e-06
     5.460 	  3.4184e-05 	 2.90971e-06
     5.461 	 3.47503e-05 	 2.89699e-06
     5.462 	 3.52111e-05 	 2.87368e-06
     5.463 	 3.53267e-05 	 2.82119e-06
     5.464 	 3.50944e-05 	 2.74058e-06
     5.465 	 3.46417e-05 	 2.64701e-06
     5.466 	 3.41189e-05 	 2.54975e-06
     5.467 	 3.35769e-05 	 2.4553e-06
     5.468 	 3.28453e-05 	 2.34879e-06
     5.469 	 3.11221e-05 	 2.17559e-06
     5.470 	  2.9564e-05 	 2.01917e-06
     5.471 	 2.82293e-05 	 1.88472e-06
     5.472 	 2.72753e-05 	 1.78118e-06
     5.473 	 2.68504e-05 	 1.71422e-06
     5.474 	 2.69969e-05 	 1.68379e-06
     5.475 	 2.78661e-05 	 1.69733e-06
     5.476 	 2.91167e-05 	 1.73311e-06
     5.477 	 3.06625e-05 	 1.78481e-06
     5.478 	 3.24208e-05 	 1.84457e-06
     5.479 	  3.4278e-05 	 1.90518e-06
     5.480 	 3.60409e-05 	 1.95842e-06
     5.481 	  3.7607e-05 	 1.99686e-06
     5.482 	  3.8922e-05 	 2.01836e-06
     5.483 	 4.01025e-05 	 2.03522e-06
     5.484 	 4.11347e-05 	 2.03958e-06
     5.485 	 4.18578e-05 	 2.02959e-06
     5.486 	 4.19352e-05 	 1.99047e-06
     5.487 	 4.09336e-05 	 1.90111e-06
     5.488 	 3.97797e-05 	 1.80685e-06
     5.489 	 3.87939e-05 	 1.72527e-06
     5.490 	 3.81144e-05 	 1.65887e-06
     5.491 	 3.77741e-05 	 1.61098e-06
     5.492 	  3.7802e-05 	 1.58147e-06
     5.493 	 3.80598e-05 	 1.56171e-06
     5.494 	 3.84256e-05 	 1.54869e-06
     5.495 	 3.86087e-05 	 1.52787e-06
     5.496 	 3.86888e-05 	 1.50564e-06
     5.497 	 3.89501e-05 	 1.49008e-06
     5.498 	 3.96682e-05 	 1.49148e-06
     5.499 	           0 	        0
     5.500 	           0 	        0
