Wavelength 	 FilterTrans 	      PCE
     0.500 	           0 	        0
     0.501 	           0 	        0
     0.502 	           0 	        0
     0.503 	           0 	        0
     0.504 	           0 	        0
     0.505 	           0 	        0
     0.506 	           0 	        0
     0.507 	           0 	        0
     0.508 	           0 	        0
     0.509 	           0 	        0
     0.510 	           0 	        0
     0.511 	           0 	        0
     0.512 	           0 	        0
     0.513 	           0 	        0
     0.514 	           0 	        0
     0.515 	           0 	        0
     0.516 	           0 	        0
     0.517 	           0 	        0
     0.518 	           0 	        0
     0.519 	           0 	        0
     0.520 	           0 	        0
     0.521 	           0 	        0
     0.522 	           0 	        0
     0.523 	           0 	        0
     0.524 	           0 	        0
     0.525 	           0 	        0
     0.526 	           0 	        0
     0.527 	           0 	        0
     0.528 	           0 	        0
     0.529 	           0 	        0
     0.530 	           0 	        0
     0.531 	           0 	        0
     0.532 	           0 	        0
     0.533 	           0 	        0
     0.534 	           0 	        0
     0.535 	           0 	        0
     0.536 	           0 	        0
     0.537 	           0 	        0
     0.538 	           0 	        0
     0.539 	           0 	        0
     0.540 	           0 	        0
     0.541 	           0 	        0
     0.542 	           0 	        0
     0.543 	           0 	        0
     0.544 	           0 	        0
     0.545 	           0 	        0
     0.546 	           0 	        0
     0.547 	           0 	        0
     0.548 	           0 	        0
     0.549 	           0 	        0
     0.550 	           0 	        0
     0.551 	           0 	        0
     0.552 	           0 	        0
     0.553 	           0 	        0
     0.554 	           0 	        0
     0.555 	           0 	        0
     0.556 	           0 	        0
     0.557 	           0 	        0
     0.558 	           0 	        0
     0.559 	           0 	        0
     0.560 	           0 	        0
     0.561 	           0 	        0
     0.562 	           0 	        0
     0.563 	           0 	        0
     0.564 	           0 	        0
     0.565 	           0 	        0
     0.566 	           0 	        0
     0.567 	           0 	        0
     0.568 	           0 	        0
     0.569 	           0 	        0
     0.570 	           0 	        0
     0.571 	           0 	        0
     0.572 	           0 	        0
     0.573 	           0 	        0
     0.574 	           0 	        0
     0.575 	           0 	        0
     0.576 	           0 	        0
     0.577 	           0 	        0
     0.578 	           0 	        0
     0.579 	           0 	        0
     0.580 	           0 	        0
     0.581 	           0 	        0
     0.582 	           0 	        0
     0.583 	           0 	        0
     0.584 	           0 	        0
     0.585 	           0 	        0
     0.586 	           0 	        0
     0.587 	           0 	        0
     0.588 	           0 	        0
     0.589 	           0 	        0
     0.590 	           0 	        0
     0.591 	           0 	        0
     0.592 	           0 	        0
     0.593 	           0 	        0
     0.594 	           0 	        0
     0.595 	           0 	        0
     0.596 	           0 	        0
     0.597 	           0 	        0
     0.598 	           0 	        0
     0.599 	           0 	        0
     0.600 	           0 	        0
     0.601 	           0 	        0
     0.602 	           0 	        0
     0.603 	           0 	        0
     0.604 	           0 	        0
     0.605 	           0 	        0
     0.606 	           0 	        0
     0.607 	           0 	        0
     0.608 	           0 	        0
     0.609 	           0 	        0
     0.610 	           0 	        0
     0.611 	           0 	        0
     0.612 	           0 	        0
     0.613 	           0 	        0
     0.614 	           0 	        0
     0.615 	           0 	        0
     0.616 	           0 	        0
     0.617 	           0 	        0
     0.618 	           0 	        0
     0.619 	           0 	        0
     0.620 	           0 	        0
     0.621 	           0 	        0
     0.622 	           0 	        0
     0.623 	           0 	        0
     0.624 	           0 	        0
     0.625 	           0 	        0
     0.626 	           0 	        0
     0.627 	           0 	        0
     0.628 	           0 	        0
     0.629 	           0 	        0
     0.630 	           0 	        0
     0.631 	           0 	        0
     0.632 	           0 	        0
     0.633 	           0 	        0
     0.634 	           0 	        0
     0.635 	           0 	        0
     0.636 	           0 	        0
     0.637 	           0 	        0
     0.638 	           0 	        0
     0.639 	           0 	        0
     0.640 	           0 	        0
     0.641 	           0 	        0
     0.642 	           0 	        0
     0.643 	           0 	        0
     0.644 	           0 	        0
     0.645 	           0 	        0
     0.646 	           0 	        0
     0.647 	           0 	        0
     0.648 	           0 	        0
     0.649 	           0 	        0
     0.650 	           0 	        0
     0.651 	           0 	        0
     0.652 	           0 	        0
     0.653 	           0 	        0
     0.654 	           0 	        0
     0.655 	           0 	        0
     0.656 	           0 	        0
     0.657 	           0 	        0
     0.658 	           0 	        0
     0.659 	           0 	        0
     0.660 	           0 	        0
     0.661 	           0 	        0
     0.662 	           0 	        0
     0.663 	           0 	        0
     0.664 	           0 	        0
     0.665 	           0 	        0
     0.666 	           0 	        0
     0.667 	           0 	        0
     0.668 	           0 	        0
     0.669 	           0 	        0
     0.670 	           0 	        0
     0.671 	           0 	        0
     0.672 	           0 	        0
     0.673 	           0 	        0
     0.674 	           0 	        0
     0.675 	           0 	        0
     0.676 	           0 	        0
     0.677 	           0 	        0
     0.678 	           0 	        0
     0.679 	           0 	        0
     0.680 	           0 	        0
     0.681 	           0 	        0
     0.682 	           0 	        0
     0.683 	           0 	        0
     0.684 	           0 	        0
     0.685 	           0 	        0
     0.686 	           0 	        0
     0.687 	           0 	        0
     0.688 	           0 	        0
     0.689 	           0 	        0
     0.690 	           0 	        0
     0.691 	           0 	        0
     0.692 	           0 	        0
     0.693 	           0 	        0
     0.694 	           0 	        0
     0.695 	           0 	        0
     0.696 	           0 	        0
     0.697 	           0 	        0
     0.698 	           0 	        0
     0.699 	           0 	        0
     0.700 	           0 	        0
     0.701 	           0 	        0
     0.702 	           0 	        0
     0.703 	           0 	        0
     0.704 	           0 	        0
     0.705 	           0 	        0
     0.706 	           0 	        0
     0.707 	           0 	        0
     0.708 	           0 	        0
     0.709 	           0 	        0
     0.710 	           0 	        0
     0.711 	           0 	        0
     0.712 	           0 	        0
     0.713 	           0 	        0
     0.714 	           0 	        0
     0.715 	           0 	        0
     0.716 	           0 	        0
     0.717 	           0 	        0
     0.718 	           0 	        0
     0.719 	           0 	        0
     0.720 	           0 	        0
     0.721 	           0 	        0
     0.722 	           0 	        0
     0.723 	           0 	        0
     0.724 	           0 	        0
     0.725 	           0 	        0
     0.726 	           0 	        0
     0.727 	           0 	        0
     0.728 	           0 	        0
     0.729 	           0 	        0
     0.730 	           0 	        0
     0.731 	           0 	        0
     0.732 	           0 	        0
     0.733 	           0 	        0
     0.734 	           0 	        0
     0.735 	           0 	        0
     0.736 	           0 	        0
     0.737 	           0 	        0
     0.738 	           0 	        0
     0.739 	           0 	        0
     0.740 	           0 	        0
     0.741 	           0 	        0
     0.742 	           0 	        0
     0.743 	           0 	        0
     0.744 	           0 	        0
     0.745 	           0 	        0
     0.746 	           0 	        0
     0.747 	           0 	        0
     0.748 	           0 	        0
     0.749 	           0 	        0
     0.750 	           0 	        0
     0.751 	           0 	        0
     0.752 	           0 	        0
     0.753 	           0 	        0
     0.754 	           0 	        0
     0.755 	           0 	        0
     0.756 	           0 	        0
     0.757 	           0 	        0
     0.758 	           0 	        0
     0.759 	           0 	        0
     0.760 	           0 	        0
     0.761 	           0 	        0
     0.762 	           0 	        0
     0.763 	           0 	        0
     0.764 	           0 	        0
     0.765 	           0 	        0
     0.766 	           0 	        0
     0.767 	           0 	        0
     0.768 	           0 	        0
     0.769 	           0 	        0
     0.770 	           0 	        0
     0.771 	           0 	        0
     0.772 	           0 	        0
     0.773 	           0 	        0
     0.774 	           0 	        0
     0.775 	           0 	        0
     0.776 	           0 	        0
     0.777 	           0 	        0
     0.778 	           0 	        0
     0.779 	           0 	        0
     0.780 	           0 	        0
     0.781 	           0 	        0
     0.782 	           0 	        0
     0.783 	           0 	        0
     0.784 	           0 	        0
     0.785 	           0 	        0
     0.786 	           0 	        0
     0.787 	           0 	        0
     0.788 	           0 	        0
     0.789 	           0 	        0
     0.790 	           0 	        0
     0.791 	           0 	        0
     0.792 	           0 	        0
     0.793 	           0 	        0
     0.794 	           0 	        0
     0.795 	           0 	        0
     0.796 	           0 	        0
     0.797 	           0 	        0
     0.798 	           0 	        0
     0.799 	           0 	        0
     0.800 	           0 	        0
     0.801 	           0 	        0
     0.802 	           0 	        0
     0.803 	           0 	        0
     0.804 	           0 	        0
     0.805 	           0 	        0
     0.806 	           0 	        0
     0.807 	           0 	        0
     0.808 	           0 	        0
     0.809 	           0 	        0
     0.810 	           0 	        0
     0.811 	           0 	        0
     0.812 	           0 	        0
     0.813 	           0 	        0
     0.814 	           0 	        0
     0.815 	           0 	        0
     0.816 	           0 	        0
     0.817 	           0 	        0
     0.818 	           0 	        0
     0.819 	           0 	        0
     0.820 	           0 	        0
     0.821 	           0 	        0
     0.822 	           0 	        0
     0.823 	           0 	        0
     0.824 	           0 	        0
     0.825 	           0 	        0
     0.826 	           0 	        0
     0.827 	           0 	        0
     0.828 	           0 	        0
     0.829 	           0 	        0
     0.830 	           0 	        0
     0.831 	           0 	        0
     0.832 	           0 	        0
     0.833 	 0.000204546 	 0.000143469
     0.834 	 0.000205423 	 0.000143966
     0.835 	 0.000202326 	 0.000141621
     0.836 	 0.000193275 	 0.000135177
     0.837 	 0.000183724 	 0.000128377
     0.838 	  0.00017638 	 0.000123117
     0.839 	 0.000179403 	 0.000125125
     0.840 	 0.000182974 	 0.000127512
     0.841 	  0.00018695 	 0.00013013
     0.842 	  0.00017668 	 0.000122889
     0.843 	 0.000167989 	 0.000116742
     0.844 	 0.000162946 	 0.000113152
     0.845 	 0.000142428 	 9.88069e-05
     0.846 	 0.000118936 	 8.24469e-05
     0.847 	 0.000108175 	 7.49231e-05
     0.848 	 0.000103597 	 7.17067e-05
     0.849 	 0.000104382 	 7.21878e-05
     0.850 	 0.000101711 	 7.02798e-05
     0.851 	 9.77086e-05 	 6.7484e-05
     0.852 	 9.14428e-05 	 6.31091e-05
     0.853 	 9.52638e-05 	 6.5697e-05
     0.854 	 0.000102552 	 7.06857e-05
     0.855 	 0.000104369 	 7.18933e-05
     0.856 	 0.000101919 	 7.01618e-05
     0.857 	 9.51173e-05 	 6.54384e-05
     0.858 	 0.000104727 	 7.20191e-05
     0.859 	 0.000115984 	 7.97196e-05
     0.860 	 0.000126086 	 8.66196e-05
     0.861 	 0.000133676 	 9.17904e-05
     0.862 	 0.000139953 	 9.60495e-05
     0.863 	 0.000145029 	 9.94859e-05
     0.864 	 0.000146437 	 0.000100404
     0.865 	 0.000143447 	 9.83311e-05
     0.866 	 0.000137509 	 9.42339e-05
     0.867 	  0.00013241 	 9.07139e-05
     0.868 	 0.000131701 	 9.02093e-05
     0.869 	 0.000138573 	 9.48794e-05
     0.870 	 0.000149512 	 0.000102347
     0.871 	 0.000143914 	 9.84808e-05
     0.872 	 0.000138181 	 9.45313e-05
     0.873 	 0.000132258 	 9.04472e-05
     0.874 	 0.000120353 	 8.22828e-05
     0.875 	 0.000110115 	 7.52487e-05
     0.876 	 0.000112462 	 7.68378e-05
     0.877 	 0.000113109 	 7.72592e-05
     0.878 	 0.000112574 	 7.68789e-05
     0.879 	 0.000101564 	 6.9326e-05
     0.880 	 9.37236e-05 	 6.39552e-05
     0.881 	 9.15209e-05 	 6.24485e-05
     0.882 	 8.38829e-05 	 5.72292e-05
     0.883 	 7.65199e-05 	 5.21935e-05
     0.884 	 7.95217e-05 	 5.42107e-05
     0.885 	 7.84796e-05 	 5.34836e-05
     0.886 	 7.41214e-05 	 5.05016e-05
     0.887 	 7.13968e-05 	 4.86336e-05
     0.888 	 6.63806e-05 	 4.51878e-05
     0.889 	 5.65755e-05 	 3.85039e-05
     0.890 	 5.14438e-05 	 3.5003e-05
     0.891 	 4.90776e-05 	 3.33733e-05
     0.892 	 5.42115e-05 	 3.68442e-05
     0.893 	 5.80115e-05 	 3.94122e-05
     0.894 	 6.05247e-05 	 4.10953e-05
     0.895 	 5.98565e-05 	 4.06222e-05
     0.896 	 5.79215e-05 	 3.92944e-05
     0.897 	 5.37729e-05 	 3.64583e-05
     0.898 	 5.30757e-05 	 3.59683e-05
     0.899 	    5.42e-05 	 3.67084e-05
     0.900 	 5.81218e-05 	 3.93468e-05
     0.901 	 6.33716e-05 	 4.28841e-05
     0.902 	 7.01273e-05 	 4.74322e-05
     0.903 	 7.49951e-05 	 5.07049e-05
     0.904 	 7.74669e-05 	 5.2344e-05
     0.905 	 7.37458e-05 	 4.98049e-05
     0.906 	 7.81701e-05 	 5.27721e-05
     0.907 	 8.67367e-05 	 5.85323e-05
     0.908 	 8.58172e-05 	 5.7889e-05
     0.909 	 8.34006e-05 	 5.62182e-05
     0.910 	 7.89828e-05 	 5.32232e-05
     0.911 	 8.42195e-05 	 5.67323e-05
     0.912 	 9.17118e-05 	 6.17513e-05
     0.913 	 9.97109e-05 	 6.70991e-05
     0.914 	 0.000101997 	 6.86134e-05
     0.915 	 0.000100533 	 6.75977e-05
     0.916 	 9.35446e-05 	 6.28628e-05
     0.917 	 8.85094e-05 	 5.94564e-05
     0.918 	 8.65985e-05 	 5.81522e-05
     0.919 	 8.26286e-05 	 5.54545e-05
     0.920 	 7.91353e-05 	 5.30876e-05
     0.921 	   8.076e-05 	 5.41713e-05
     0.922 	  8.3036e-05 	 5.56909e-05
     0.923 	 8.58172e-05 	 5.75437e-05
     0.924 	 7.28281e-05 	 4.88241e-05
     0.925 	 6.00735e-05 	 4.02728e-05
     0.926 	 4.91501e-05 	 3.29475e-05
     0.927 	 4.47433e-05 	 2.99908e-05
     0.928 	 4.33655e-05 	 2.90673e-05
     0.929 	 4.68172e-05 	 3.13822e-05
     0.930 	 4.85163e-05 	 3.25187e-05
     0.931 	 4.86163e-05 	 3.25937e-05
     0.932 	 4.53281e-05 	 3.03805e-05
     0.933 	  4.3502e-05 	 2.91637e-05
     0.934 	 4.56962e-05 	 3.06339e-05
     0.935 	 5.06474e-05 	 3.39512e-05
     0.936 	  5.6231e-05 	 3.77044e-05
     0.937 	 5.62145e-05 	 3.76963e-05
     0.938 	 5.56374e-05 	 3.73111e-05
     0.939 	  5.4459e-05 	 3.65317e-05
     0.940 	 5.55815e-05 	 3.72865e-05
     0.941 	 5.66038e-05 	 3.79816e-05
     0.942 	  5.6438e-05 	 3.78869e-05
     0.943 	 5.85605e-05 	 3.93244e-05
     0.944 	 6.16444e-05 	 4.14063e-05
     0.945 	 6.04212e-05 	 4.06067e-05
     0.946 	 5.74213e-05 	 3.86009e-05
     0.947 	 5.21772e-05 	 3.50877e-05
     0.948 	 4.28157e-05 	 2.88053e-05
     0.949 	 3.54313e-05 	 2.38489e-05
     0.950 	 3.76395e-05 	 2.53466e-05
     0.951 	 3.94948e-05 	 2.6604e-05
     0.952 	 4.10877e-05 	 2.76905e-05
     0.953 	 3.81337e-05 	 2.57094e-05
     0.954 	 3.69678e-05 	 2.49329e-05
     0.955 	 3.84674e-05 	 2.59605e-05
     0.956 	 3.68001e-05 	 2.48447e-05
     0.957 	 3.55228e-05 	 2.39971e-05
     0.958 	 3.95874e-05 	 2.67529e-05
     0.959 	 4.23828e-05 	 2.86574e-05
     0.960 	 4.42484e-05 	 2.99339e-05
     0.961 	 4.40418e-05 	 2.98111e-05
     0.962 	 4.38118e-05 	 2.96792e-05
     0.963 	 4.36573e-05 	 2.9589e-05
     0.964 	 4.65159e-05 	 3.15484e-05
     0.965 	 5.00092e-05 	 3.39404e-05
     0.966 	 5.14135e-05 	 3.49178e-05
     0.967 	 4.92072e-05 	 3.3446e-05
     0.968 	 4.38848e-05 	 2.9849e-05
     0.969 	 4.17064e-05 	 2.8387e-05
     0.970 	  3.9198e-05 	 2.67044e-05
     0.971 	 3.54787e-05 	 2.4188e-05
     0.972 	 3.75067e-05 	 2.55872e-05
     0.973 	 4.18313e-05 	 2.85647e-05
     0.974 	 4.59588e-05 	 3.14099e-05
     0.975 	 5.05936e-05 	 3.46068e-05
     0.976 	 5.57427e-05 	 3.81604e-05
     0.977 	  5.2498e-05 	 3.59617e-05
     0.978 	 4.89406e-05 	 3.35532e-05
     0.979 	 4.72956e-05 	 3.24603e-05
     0.980 	 4.73309e-05 	 3.2512e-05
     0.981 	 4.81908e-05 	 3.31289e-05
     0.982 	  4.9115e-05 	 3.37973e-05
     0.983 	 4.86588e-05 	 3.35068e-05
     0.984 	 4.65543e-05 	 3.2083e-05
     0.985 	 4.12666e-05 	 2.8468e-05
     0.986 	 3.65766e-05 	 2.52557e-05
     0.987 	 3.55972e-05 	 2.45988e-05
     0.988 	 3.41371e-05 	 2.36087e-05
     0.989 	 3.24997e-05 	 2.24967e-05
     0.990 	 3.51504e-05 	 2.43537e-05
     0.991 	 3.74525e-05 	 2.59739e-05
     0.992 	 3.92639e-05 	 2.72513e-05
     0.993 	 4.04917e-05 	 2.81284e-05
     0.994 	 4.14128e-05 	 2.87939e-05
     0.995 	  4.1661e-05 	 2.89888e-05
     0.996 	 4.23619e-05 	 2.9505e-05
     0.997 	 4.33761e-05 	 3.02418e-05
     0.998 	  4.4972e-05 	 3.13786e-05
     0.999 	 4.53943e-05 	 3.17012e-05
     1.000 	 4.38435e-05 	 3.06475e-05
     1.001 	  3.9303e-05 	 2.74944e-05
     1.002 	 3.40805e-05 	 2.38638e-05
     1.003 	 3.00584e-05 	 2.10669e-05
     1.004 	 2.61766e-05 	 1.83602e-05
     1.005 	 2.24084e-05 	 1.57321e-05
     1.006 	 2.30683e-05 	 1.62124e-05
     1.007 	 2.33339e-05 	 1.64093e-05
     1.008 	 2.22774e-05 	 1.56831e-05
     1.009 	 2.30519e-05 	 1.62397e-05
     1.010 	 2.40107e-05 	 1.69314e-05
     1.011 	 2.11967e-05 	 1.49615e-05
     1.012 	  1.9449e-05 	 1.37395e-05
     1.013 	 1.87243e-05 	 1.32389e-05
     1.014 	 1.86805e-05 	 1.32204e-05
     1.015 	 1.91235e-05 	 1.35455e-05
     1.016 	 2.05583e-05 	 1.4574e-05
     1.017 	 2.43685e-05 	 1.72938e-05
     1.018 	 2.87965e-05 	 2.04492e-05
     1.019 	 2.76542e-05 	 1.96586e-05
     1.020 	  2.7896e-05 	 1.98475e-05
     1.021 	 2.97005e-05 	 2.11514e-05
     1.022 	 3.41899e-05 	 2.43673e-05
     1.023 	  3.7845e-05 	 2.69978e-05
     1.024 	 3.77734e-05 	 2.69724e-05
     1.025 	  3.7935e-05 	 2.71085e-05
     1.026 	 3.83429e-05 	 2.74258e-05
     1.027 	 4.17926e-05 	 2.99192e-05
     1.028 	 4.40486e-05 	 3.15677e-05
     1.029 	  4.4716e-05 	 3.20666e-05
     1.030 	 4.27259e-05 	 3.06651e-05
     1.031 	 4.04514e-05 	 2.90644e-05
     1.032 	 3.92653e-05 	 2.82282e-05
     1.033 	 3.72286e-05 	 2.67845e-05
     1.034 	 3.46365e-05 	 2.49391e-05
     1.035 	 2.73972e-05 	 1.97438e-05
     1.036 	 2.31781e-05 	 1.6716e-05
     1.037 	   2.373e-05 	 1.71274e-05
     1.038 	  2.4196e-05 	 1.74789e-05
     1.039 	 2.43048e-05 	 1.75708e-05
     1.040 	 2.28173e-05 	 1.65095e-05
     1.041 	 2.24392e-05 	 1.62469e-05
     1.042 	 2.29174e-05 	 1.66037e-05
     1.043 	 2.15668e-05 	 1.56386e-05
     1.044 	 2.09598e-05 	 1.52119e-05
     1.045 	    2.19e-05 	 1.59043e-05
     1.046 	 2.13549e-05 	 1.55201e-05
     1.047 	 2.02661e-05 	 1.47395e-05
     1.048 	 1.90305e-05 	 1.38542e-05
     1.049 	 1.91276e-05 	 1.39325e-05
     1.050 	 2.04351e-05 	 1.4896e-05
     1.051 	  2.1352e-05 	 1.55779e-05
     1.052 	 2.22534e-05 	 1.62461e-05
     1.053 	 2.32003e-05 	 1.6954e-05
     1.054 	 2.25331e-05 	 1.64757e-05
     1.055 	 2.13242e-05 	 1.56036e-05
     1.056 	 2.16059e-05 	 1.58215e-05
     1.057 	 2.14338e-05 	 1.57056e-05
     1.058 	 2.07771e-05 	 1.52393e-05
     1.059 	 2.04456e-05 	 1.50057e-05
     1.060 	 2.05268e-05 	 1.50782e-05
     1.061 	 2.16121e-05 	 1.5886e-05
     1.062 	 2.11153e-05 	 1.55311e-05
     1.063 	 1.98549e-05 	 1.46154e-05
     1.064 	   1.959e-05 	 1.44319e-05
     1.065 	 1.85965e-05 	 1.37105e-05
     1.066 	 1.66878e-05 	 1.23128e-05
     1.067 	 1.70304e-05 	 1.25738e-05
     1.068 	 1.73904e-05 	 1.2848e-05
     1.069 	  1.6294e-05 	 1.20473e-05
     1.070 	  1.7019e-05 	 1.25929e-05
     1.071 	 1.88647e-05 	 1.39689e-05
     1.072 	 2.06602e-05 	 1.5313e-05
     1.073 	 2.14306e-05 	 1.58957e-05
     1.074 	  2.0681e-05 	 1.53509e-05
     1.075 	 2.01018e-05 	 1.4932e-05
     1.076 	 1.92457e-05 	 1.43096e-05
     1.077 	 1.69885e-05 	 1.26416e-05
     1.078 	  1.5937e-05 	 1.18678e-05
     1.079 	 1.57644e-05 	 1.17479e-05
     1.080 	 1.43514e-05 	 1.0705e-05
     1.081 	 1.37344e-05 	 1.02536e-05
     1.082 	 1.45859e-05 	 1.08962e-05
     1.083 	 1.35231e-05 	 1.01099e-05
     1.084 	 1.21337e-05 	 9.07798e-06
     1.085 	 1.24843e-05 	 9.34731e-06
     1.086 	 1.25809e-05 	 9.42747e-06
     1.087 	 1.24593e-05 	 9.34431e-06
     1.088 	 1.29986e-05 	 9.75495e-06
     1.089 	  1.4638e-05 	 1.09959e-05
     1.090 	 1.84917e-05 	 1.39011e-05
     1.091 	 2.04875e-05 	 1.54102e-05
     1.092 	 2.18426e-05 	 1.6442e-05
     1.093 	 2.40835e-05 	 1.8141e-05
     1.094 	 2.55511e-05 	 1.92596e-05
     1.095 	  2.6238e-05 	 1.97907e-05
     1.096 	 2.58548e-05 	 1.95127e-05
     1.097 	 2.49615e-05 	 1.88548e-05
     1.098 	 2.31047e-05 	 1.74641e-05
     1.099 	 2.28413e-05 	 1.72747e-05
     1.100 	 2.34538e-05 	 1.77497e-05
     1.101 	 2.55389e-05 	 1.93423e-05
     1.102 	  2.5848e-05 	 1.95875e-05
     1.103 	 2.40469e-05 	 1.82368e-05
     1.104 	 2.32452e-05 	 1.76402e-05
     1.105 	 2.25764e-05 	 1.71423e-05
     1.106 	  2.1766e-05 	 1.65398e-05
     1.107 	 2.05907e-05 	 1.56567e-05
     1.108 	 1.92376e-05 	 1.46392e-05
     1.109 	 1.92349e-05 	 1.46453e-05
     1.110 	 1.89905e-05 	 1.44669e-05
     1.111 	 1.84076e-05 	 1.40297e-05
     1.112 	 1.89954e-05 	 1.44849e-05
     1.113 	 1.95678e-05 	 1.49347e-05
     1.114 	  1.8971e-05 	 1.44864e-05
     1.115 	 1.86652e-05 	 1.42582e-05
     1.116 	 1.85596e-05 	 1.41857e-05
     1.117 	 1.85146e-05 	 1.41582e-05
     1.118 	 1.86426e-05 	 1.42627e-05
     1.119 	 1.90559e-05 	 1.45891e-05
     1.120 	 1.98321e-05 	 1.51903e-05
     1.121 	 2.06552e-05 	 1.58288e-05
     1.122 	 2.11484e-05 	 1.62151e-05
     1.123 	 2.15518e-05 	 1.65323e-05
     1.124 	  2.1882e-05 	 1.67959e-05
     1.125 	 2.13926e-05 	 1.643e-05
     1.126 	 2.09575e-05 	 1.61022e-05
     1.127 	 2.07269e-05 	 1.59327e-05
     1.128 	 2.00736e-05 	 1.54366e-05
     1.129 	 1.93019e-05 	 1.48503e-05
     1.130 	 1.88228e-05 	 1.4492e-05
     1.131 	 1.74209e-05 	 1.34185e-05
     1.132 	 1.51375e-05 	 1.16624e-05
     1.133 	 1.37441e-05 	 1.05935e-05
     1.134 	 1.27321e-05 	 9.81685e-06
     1.135 	  1.2403e-05 	 9.56927e-06
     1.136 	 1.27227e-05 	 9.81904e-06
     1.137 	 1.33366e-05 	 1.02964e-05
     1.138 	  1.3938e-05 	 1.07641e-05
     1.139 	 1.50376e-05 	 1.16185e-05
     1.140 	 1.66966e-05 	 1.29071e-05
     1.141 	  1.8705e-05 	 1.44632e-05
     1.142 	 2.03994e-05 	 1.57758e-05
     1.143 	 2.10138e-05 	 1.62566e-05
     1.144 	 2.23226e-05 	 1.72718e-05
     1.145 	 2.40017e-05 	 1.85753e-05
     1.146 	 2.54601e-05 	 1.9713e-05
     1.147 	 2.61125e-05 	 2.02212e-05
     1.148 	 2.56982e-05 	 1.99051e-05
     1.149 	 2.51563e-05 	 1.94898e-05
     1.150 	 2.46483e-05 	 1.90992e-05
     1.151 	 2.43657e-05 	 1.88878e-05
     1.152 	 2.30444e-05 	 1.78649e-05
     1.153 	 2.10479e-05 	 1.63188e-05
     1.154 	 1.92121e-05 	 1.48966e-05
     1.155 	 1.79918e-05 	 1.3953e-05
     1.156 	 1.77333e-05 	 1.37553e-05
     1.157 	 1.71214e-05 	 1.32817e-05
     1.158 	 1.63371e-05 	 1.26756e-05
     1.159 	 1.52022e-05 	 1.17971e-05
     1.160 	 1.55115e-05 	 1.2037e-05
     1.161 	 1.69296e-05 	 1.31416e-05
     1.162 	 1.77313e-05 	 1.37654e-05
     1.163 	 1.77671e-05 	 1.37931e-05
     1.164 	 1.64278e-05 	 1.27536e-05
     1.165 	 1.58194e-05 	 1.22825e-05
     1.166 	 1.56132e-05 	 1.21262e-05
     1.167 	 1.63655e-05 	 1.27104e-05
     1.168 	 1.70294e-05 	 1.32274e-05
     1.169 	 1.76136e-05 	 1.36813e-05
     1.170 	 1.76989e-05 	 1.37503e-05
     1.171 	 1.78092e-05 	 1.38368e-05
     1.172 	 1.80757e-05 	 1.40431e-05
     1.173 	 1.91731e-05 	 1.48948e-05
     1.174 	  2.0429e-05 	 1.5873e-05
     1.175 	 1.97702e-05 	 1.53589e-05
     1.176 	 1.98287e-05 	 1.54035e-05
     1.177 	 2.06501e-05 	 1.60389e-05
     1.178 	 2.07032e-05 	 1.60793e-05
     1.179 	 2.02844e-05 	 1.57581e-05
     1.180 	 1.88745e-05 	 1.46604e-05
     1.181 	  1.7903e-05 	 1.39062e-05
     1.182 	 1.71397e-05 	 1.3315e-05
     1.183 	 1.60653e-05 	 1.24783e-05
     1.184 	 1.53043e-05 	 1.18863e-05
     1.185 	 1.49353e-05 	 1.16001e-05
     1.186 	 1.21615e-05 	 9.44692e-06
     1.187 	 9.69111e-06 	 7.52813e-06
     1.188 	 9.84181e-06 	 7.64459e-06
     1.189 	 1.05914e-05 	 8.22528e-06
     1.190 	 1.17001e-05 	 9.08754e-06
     1.191 	 1.21461e-05 	 9.43366e-06
     1.192 	 1.26715e-05 	 9.84045e-06
     1.193 	 1.33142e-05 	 1.03416e-05
     1.194 	 1.35325e-05 	 1.05098e-05
     1.195 	 1.37756e-05 	 1.06995e-05
     1.196 	 1.45969e-05 	 1.13359e-05
     1.197 	  1.4593e-05 	 1.13337e-05
     1.198 	 1.39903e-05 	 1.08642e-05
     1.199 	 1.48456e-05 	 1.15269e-05
     1.200 	 1.57114e-05 	 1.22002e-05
     1.201 	 1.65206e-05 	 1.28253e-05
     1.202 	 1.64064e-05 	 1.27333e-05
     1.203 	 1.59968e-05 	 1.24149e-05
     1.204 	 1.56076e-05 	 1.21097e-05
     1.205 	 1.53258e-05 	 1.18867e-05
     1.206 	 1.51357e-05 	 1.17388e-05
     1.207 	  1.5159e-05 	 1.17526e-05
     1.208 	 1.50558e-05 	 1.16683e-05
     1.209 	 1.46543e-05 	 1.13577e-05
     1.210 	 1.48415e-05 	 1.14996e-05
     1.211 	 1.51676e-05 	 1.17485e-05
     1.212 	 1.46937e-05 	 1.13802e-05
     1.213 	 1.43441e-05 	 1.11059e-05
     1.214 	 1.41195e-05 	 1.09285e-05
     1.215 	 1.37775e-05 	 1.06628e-05
     1.216 	 1.33799e-05 	 1.03518e-05
     1.217 	 1.28776e-05 	 9.95997e-06
     1.218 	 1.22086e-05 	 9.44055e-06
     1.219 	  1.1518e-05 	 8.90444e-06
     1.220 	 1.16535e-05 	 9.00533e-06
     1.221 	 1.22582e-05 	 9.47062e-06
     1.222 	 1.34177e-05 	 1.03642e-05
     1.223 	 1.42356e-05 	 1.09937e-05
     1.224 	 1.48721e-05 	 1.14804e-05
     1.225 	 1.51296e-05 	 1.16752e-05
     1.226 	 1.47204e-05 	 1.1357e-05
     1.227 	 1.39319e-05 	 1.07453e-05
     1.228 	 1.33563e-05 	 1.0297e-05
     1.229 	 1.27971e-05 	 9.8627e-06
     1.230 	 1.22608e-05 	 9.44616e-06
     1.231 	 1.18203e-05 	 9.10537e-06
     1.232 	 1.14308e-05 	 8.80111e-06
     1.233 	 1.11541e-05 	 8.58577e-06
     1.234 	  1.0742e-05 	 8.26718e-06
     1.235 	 1.02369e-05 	 7.87467e-06
     1.236 	 9.85822e-06 	 7.58219e-06
     1.237 	 9.70366e-06 	 7.45973e-06
     1.238 	 9.91601e-06 	 7.6224e-06
     1.239 	 9.85676e-06 	 7.5733e-06
     1.240 	 9.72338e-06 	 7.46722e-06
     1.241 	 9.62844e-06 	 7.3924e-06
     1.242 	  9.6647e-06 	 7.41736e-06
     1.243 	 9.80701e-06 	 7.52472e-06
     1.244 	 9.82208e-06 	 7.53348e-06
     1.245 	 9.49164e-06 	 7.27799e-06
     1.246 	 8.49528e-06 	 6.51091e-06
     1.247 	 7.80075e-06 	 5.97583e-06
     1.248 	 7.35639e-06 	 5.63382e-06
     1.249 	 7.91751e-06 	 6.0613e-06
     1.250 	 8.45529e-06 	 6.47068e-06
     1.251 	 8.97081e-06 	 6.86197e-06
     1.252 	 8.68883e-06 	 6.64331e-06
     1.253 	 8.30557e-06 	 6.3461e-06
     1.254 	 7.88189e-06 	 6.02082e-06
     1.255 	 7.55813e-06 	 5.76967e-06
     1.256 	 7.32738e-06 	 5.59161e-06
     1.257 	 7.64368e-06 	 5.82966e-06
     1.258 	 8.22416e-06 	 6.26957e-06
     1.259 	 9.09994e-06 	 6.93332e-06
     1.260 	 9.41036e-06 	 7.16492e-06
     1.261 	 9.32495e-06 	 7.09613e-06
     1.262 	 8.34766e-06 	 6.34825e-06
     1.263 	 7.29283e-06 	 5.54313e-06
     1.264 	 6.26474e-06 	 4.75854e-06
     1.265 	  6.9017e-06 	 5.23958e-06
     1.266 	 7.81133e-06 	 5.92572e-06
     1.267 	 9.07975e-06 	 6.88415e-06
     1.268 	 9.53659e-06 	 7.22587e-06
     1.269 	 9.70981e-06 	 7.35305e-06
     1.270 	 9.48413e-06 	 7.17599e-06
     1.271 	 9.25974e-06 	 7.00332e-06
     1.272 	 9.03623e-06 	 6.8301e-06
     1.273 	 8.88144e-06 	 6.70883e-06
     1.274 	 8.93557e-06 	 6.74633e-06
     1.275 	 9.31465e-06 	 7.02673e-06
     1.276 	  9.7538e-06 	 7.35414e-06
     1.277 	 1.02407e-05 	 7.71566e-06
     1.278 	 1.08747e-05 	 8.18902e-06
     1.279 	 1.04718e-05 	 7.87909e-06
     1.280 	 9.27717e-06 	 6.97658e-06
     1.281 	 8.96581e-06 	 6.73706e-06
     1.282 	 8.74889e-06 	 6.5708e-06
     1.283 	 8.63665e-06 	 6.48134e-06
     1.284 	 8.23672e-06 	 6.17817e-06
     1.285 	 7.76931e-06 	 5.8247e-06
     1.286 	 7.50887e-06 	 5.62493e-06
     1.287 	 7.21379e-06 	 5.40122e-06
     1.288 	 6.88749e-06 	 5.1528e-06
     1.289 	 6.15793e-06 	 4.6042e-06
     1.290 	 5.21587e-06 	 3.89712e-06
     1.291 	 3.88085e-06 	 2.8981e-06
     1.292 	 3.59487e-06 	 2.68316e-06
     1.293 	 3.75799e-06 	 2.80281e-06
     1.294 	 3.96229e-06 	 2.95423e-06
     1.295 	 4.40087e-06 	 3.27848e-06
     1.296 	 5.08737e-06 	 3.78787e-06
     1.297 	 6.43055e-06 	 4.78496e-06
     1.298 	 7.80977e-06 	 5.80811e-06
     1.299 	 9.04004e-06 	 6.71945e-06
     1.300 	 9.80569e-06 	 7.28243e-06
     1.301 	 1.03274e-05 	 7.66502e-06
     1.302 	 1.07328e-05 	 7.96095e-06
     1.303 	 1.09377e-05 	 8.10603e-06
     1.304 	 1.08932e-05 	 8.06791e-06
     1.305 	 1.13338e-05 	 8.38814e-06
     1.306 	 1.20869e-05 	 8.93881e-06
     1.307 	 1.35737e-05 	 1.0032e-05
     1.308 	 1.42946e-05 	 1.05571e-05
     1.309 	 1.45355e-05 	 1.07258e-05
     1.310 	 1.37898e-05 	 1.01701e-05
     1.311 	 1.33758e-05 	 9.85745e-06
     1.312 	 1.34489e-05 	 9.9027e-06
     1.313 	 1.38592e-05 	 1.01992e-05
     1.314 	 1.43164e-05 	 1.05266e-05
     1.315 	  1.4606e-05 	 1.07302e-05
     1.316 	 1.51377e-05 	 1.11135e-05
     1.317 	 1.58442e-05 	 1.16234e-05
     1.318 	 1.59733e-05 	 1.17079e-05
     1.319 	 1.56635e-05 	 1.14732e-05
     1.320 	 1.46172e-05 	 1.06987e-05
     1.321 	 1.44994e-05 	 1.0605e-05
     1.322 	 1.46119e-05 	 1.06774e-05
     1.323 	  1.4332e-05 	 1.04643e-05
     1.324 	 1.34213e-05 	 9.79258e-06
     1.325 	  1.1974e-05 	 8.72753e-06
     1.326 	 1.09033e-05 	 7.9415e-06
     1.327 	 9.96615e-06 	 7.25369e-06
     1.328 	 9.25107e-06 	 6.72786e-06
     1.329 	 8.97705e-06 	 6.5218e-06
     1.330 	 8.86537e-06 	 6.43536e-06
     1.331 	 8.64968e-06 	 6.27512e-06
     1.332 	 8.26233e-06 	 5.98877e-06
     1.333 	 7.70327e-06 	 5.57851e-06
     1.334 	 7.07271e-06 	 5.11831e-06
     1.335 	 6.73747e-06 	 4.8718e-06
     1.336 	  7.1697e-06 	 5.18076e-06
     1.337 	 7.79056e-06 	 5.62374e-06
     1.338 	 8.45018e-06 	 6.09499e-06
     1.339 	 8.39509e-06 	 6.05039e-06
     1.340 	 8.27127e-06 	 5.95703e-06
     1.341 	 8.06663e-06 	 5.80468e-06
     1.342 	 7.40304e-06 	 5.32273e-06
     1.343 	 6.70273e-06 	 4.81563e-06
     1.344 	 6.13781e-06 	 4.40743e-06
     1.345 	 6.01939e-06 	 4.31824e-06
     1.346 	 6.16644e-06 	 4.42044e-06
     1.347 	 6.63636e-06 	 4.75424e-06
     1.348 	 6.96878e-06 	 4.98821e-06
     1.349 	 7.11053e-06 	 5.08535e-06
     1.350 	 7.40198e-06 	 5.28983e-06
     1.351 	 7.80143e-06 	 5.57148e-06
     1.352 	 8.48876e-06 	 6.05756e-06
     1.353 	 9.11335e-06 	 6.49674e-06
     1.354 	 9.69511e-06 	 6.90671e-06
     1.355 	 9.94945e-06 	 7.08166e-06
     1.356 	 1.02007e-05 	 7.25559e-06
     1.357 	 1.04542e-05 	 7.42919e-06
     1.358 	 1.05747e-05 	 7.50885e-06
     1.359 	 1.05174e-05 	 7.46224e-06
     1.360 	 9.74866e-06 	 6.91133e-06
     1.361 	 8.91418e-06 	 6.31342e-06
     1.362 	 8.02665e-06 	 5.6798e-06
     1.363 	 7.30023e-06 	 5.1612e-06
     1.364 	 6.56229e-06 	 4.63585e-06
     1.365 	 5.78358e-06 	 4.08124e-06
     1.366 	 5.39079e-06 	 3.80035e-06
     1.367 	  5.1792e-06 	 3.64874e-06
     1.368 	 5.24455e-06 	 3.69149e-06
     1.369 	 5.31936e-06 	 3.74002e-06
     1.370 	 5.40313e-06 	 3.79554e-06
     1.371 	  5.7564e-06 	 4.0408e-06
     1.372 	 6.17775e-06 	 4.33207e-06
     1.373 	 6.69366e-06 	 4.68997e-06
     1.374 	 6.77177e-06 	 4.74128e-06
     1.375 	 6.65648e-06 	 4.65671e-06
     1.376 	 6.58385e-06 	 4.60111e-06
     1.377 	 6.79162e-06 	 4.74239e-06
     1.378 	 7.31149e-06 	 5.1023e-06
     1.379 	 7.63644e-06 	 5.32352e-06
     1.380 	  7.9829e-06 	 5.56043e-06
     1.381 	  8.4791e-06 	 5.90244e-06
     1.382 	 9.05724e-06 	 6.30036e-06
     1.383 	 9.66979e-06 	 6.7202e-06
     1.384 	 1.00476e-05 	 6.97775e-06
     1.385 	 1.02804e-05 	 7.13503e-06
     1.386 	 1.03232e-05 	 7.15804e-06
     1.387 	  1.0829e-05 	 7.50422e-06
     1.388 	 1.13723e-05 	 7.87504e-06
     1.389 	 1.16954e-05 	 8.09204e-06
     1.390 	  1.1484e-05 	 7.94005e-06
     1.391 	 1.09289e-05 	 7.55073e-06
     1.392 	 1.04522e-05 	 7.2153e-06
     1.393 	 1.01935e-05 	 7.03156e-06
     1.394 	 1.02724e-05 	 7.08164e-06
     1.395 	 1.04081e-05 	 7.16839e-06
     1.396 	 1.05145e-05 	 7.23711e-06
     1.397 	   1.041e-05 	 7.15904e-06
     1.398 	 1.03819e-05 	 7.13447e-06
     1.399 	 1.04119e-05 	 7.14982e-06
     1.400 	 9.86908e-06 	 6.77213e-06
     1.401 	 9.30381e-06 	 6.37901e-06
     1.402 	 8.74125e-06 	 5.98711e-06
     1.403 	  8.8249e-06 	 6.03944e-06
     1.404 	 9.09904e-06 	 6.22332e-06
     1.405 	 9.16806e-06 	 6.26404e-06
     1.406 	 8.89136e-06 	 6.06998e-06
     1.407 	 8.30515e-06 	 5.66391e-06
     1.408 	  7.7515e-06 	 5.28309e-06
     1.409 	 7.11452e-06 	 4.84442e-06
     1.410 	 6.28713e-06 	 4.2775e-06
     1.411 	  5.5884e-06 	 3.79831e-06
     1.412 	 5.02756e-06 	 3.41485e-06
     1.413 	 5.26094e-06 	 3.57093e-06
     1.414 	  5.5952e-06 	 3.79402e-06
     1.415 	 6.03561e-06 	 4.08992e-06
     1.416 	   6.381e-06 	 4.32004e-06
     1.417 	 6.74757e-06 	 4.56509e-06
     1.418 	 7.20624e-06 	 4.87109e-06
     1.419 	 7.13889e-06 	 4.82176e-06
     1.420 	  6.8146e-06 	 4.59866e-06
     1.421 	 6.67242e-06 	 4.49934e-06
     1.422 	 7.10517e-06 	 4.78746e-06
     1.423 	 8.25003e-06 	 5.55537e-06
     1.424 	  9.5688e-06 	 6.43718e-06
     1.425 	 1.07557e-05 	 7.23106e-06
     1.426 	 1.13915e-05 	 7.65111e-06
     1.427 	 1.16059e-05 	 7.79099e-06
     1.428 	 1.15573e-05 	 7.75157e-06
     1.429 	 1.10074e-05 	 7.37806e-06
     1.430 	 1.03997e-05 	 6.96398e-06
     1.431 	 9.70711e-06 	 6.49615e-06
     1.432 	 9.54766e-06 	 6.38399e-06
     1.433 	 9.58254e-06 	 6.40252e-06
     1.434 	 9.87119e-06 	 6.59045e-06
     1.435 	  1.0296e-05 	 6.86831e-06
     1.436 	 1.08188e-05 	 7.21168e-06
     1.437 	  1.0768e-05 	 7.17318e-06
     1.438 	 1.05476e-05 	 7.02197e-06
     1.439 	 1.00598e-05 	 6.69077e-06
     1.440 	 9.77041e-06 	 6.49422e-06
     1.441 	 9.57583e-06 	 6.3584e-06
     1.442 	 9.55935e-06 	 6.343e-06
     1.443 	 9.70522e-06 	 6.43539e-06
     1.444 	 9.98859e-06 	 6.61653e-06
     1.445 	 1.05874e-05 	 7.00838e-06
     1.446 	  1.1015e-05 	 7.28555e-06
     1.447 	 1.10411e-05 	 7.29856e-06
     1.448 	 1.02434e-05 	 6.76433e-06
     1.449 	  9.1346e-06 	 6.02724e-06
     1.450 	 8.13814e-06 	 5.36607e-06
     1.451 	 7.52923e-06 	 4.96006e-06
     1.452 	 7.30605e-06 	 4.80912e-06
     1.453 	  7.5154e-06 	 4.94339e-06
     1.454 	  7.7889e-06 	 5.11864e-06
     1.455 	  8.0932e-06 	 5.31639e-06
     1.456 	 8.21154e-06 	 5.39144e-06
     1.457 	 8.20906e-06 	 5.38616e-06
     1.458 	 7.77277e-06 	 5.09481e-06
     1.459 	 7.32172e-06 	 4.79233e-06
     1.460 	 6.85346e-06 	 4.48019e-06
     1.461 	  7.2046e-06 	 4.70779e-06
     1.462 	 7.74423e-06 	 5.05916e-06
     1.463 	 8.42825e-06 	 5.5014e-06
     1.464 	 8.95402e-06 	 5.83971e-06
     1.465 	 9.38188e-06 	 6.11723e-06
     1.466 	 9.54905e-06 	 6.22385e-06
     1.467 	 9.69326e-06 	 6.3099e-06
     1.468 	 9.80576e-06 	 6.37411e-06
     1.469 	 1.01944e-05 	 6.62076e-06
     1.470 	 1.06367e-05 	 6.90292e-06
     1.471 	 1.10386e-05 	 7.1578e-06
     1.472 	 1.15167e-05 	 7.46177e-06
     1.473 	 1.20465e-05 	 7.79855e-06
     1.474 	 1.22827e-05 	 7.94502e-06
     1.475 	 1.24091e-05 	 8.02032e-06
     1.476 	  1.2362e-05 	 7.98341e-06
     1.477 	 1.25233e-05 	 8.08045e-06
     1.478 	 1.28394e-05 	 8.27832e-06
     1.479 	 1.36312e-05 	 8.78685e-06
     1.480 	   1.444e-05 	 9.3047e-06
     1.481 	 1.52622e-05 	 9.8217e-06
     1.482 	 1.56107e-05 	 1.00329e-05
     1.483 	 1.58345e-05 	 1.01737e-05
     1.484 	 1.58672e-05 	 1.01919e-05
     1.485 	 1.55775e-05 	 9.99337e-06
     1.486 	 1.51161e-05 	 9.68412e-06
     1.487 	 1.42755e-05 	 9.13761e-06
     1.488 	 1.37538e-05 	 8.79747e-06
     1.489 	 1.35324e-05 	 8.64895e-06
     1.490 	 1.32984e-05 	 8.49277e-06
     1.491 	 1.29157e-05 	 8.24193e-06
     1.492 	 1.21872e-05 	 7.77097e-06
     1.493 	 1.16745e-05 	 7.43823e-06
     1.494 	 1.12653e-05 	 7.1719e-06
     1.495 	   1.093e-05 	 6.95309e-06
     1.496 	 1.07605e-05 	 6.83992e-06
     1.497 	 1.07744e-05 	 6.84296e-06
     1.498 	 1.09819e-05 	 6.96984e-06
     1.499 	 1.11934e-05 	 7.10231e-06
     1.500 	 1.13302e-05 	 7.18728e-06
     1.501 	  1.1296e-05 	 7.16058e-06
     1.502 	 1.11605e-05 	 7.06871e-06
     1.503 	 1.08139e-05 	 6.84388e-06
     1.504 	 1.03491e-05 	 6.54476e-06
     1.505 	 9.73001e-06 	 6.14852e-06
     1.506 	 8.94219e-06 	 5.64641e-06
     1.507 	 8.20893e-06 	 5.17949e-06
     1.508 	 7.79867e-06 	 4.9169e-06
     1.509 	 7.50201e-06 	 4.72628e-06
     1.510 	 7.27812e-06 	 4.58184e-06
     1.511 	 7.11538e-06 	 4.47634e-06
     1.512 	 6.91857e-06 	 4.34893e-06
     1.513 	  6.6692e-06 	 4.18663e-06
     1.514 	 6.28791e-06 	 3.94262e-06
     1.515 	 5.94234e-06 	 3.72478e-06
     1.516 	 5.92923e-06 	 3.71601e-06
     1.517 	   6.139e-06 	 3.84498e-06
     1.518 	 6.51736e-06 	 4.07861e-06
     1.519 	 6.71348e-06 	 4.19796e-06
     1.520 	 6.77953e-06 	 4.23649e-06
     1.521 	 6.62083e-06 	 4.13675e-06
     1.522 	 6.45477e-06 	 4.03175e-06
     1.523 	 6.30147e-06 	 3.93151e-06
     1.524 	 6.24453e-06 	 3.89086e-06
     1.525 	 6.22372e-06 	 3.87485e-06
     1.526 	  6.2351e-06 	 3.87945e-06
     1.527 	 6.53801e-06 	 4.06465e-06
     1.528 	 6.81017e-06 	 4.2312e-06
     1.529 	 6.95945e-06 	 4.32305e-06
     1.530 	 6.84142e-06 	 4.24891e-06
     1.531 	 6.58466e-06 	 4.08714e-06
     1.532 	 6.07838e-06 	 3.76971e-06
     1.533 	 5.65324e-06 	 3.50174e-06
     1.534 	 5.31316e-06 	 3.28714e-06
     1.535 	 4.92481e-06 	 3.04454e-06
     1.536 	 4.47069e-06 	 2.76205e-06
     1.537 	 3.85853e-06 	 2.38203e-06
     1.538 	 3.45718e-06 	 2.13294e-06
     1.539 	 3.16117e-06 	 1.95008e-06
     1.540 	 2.84194e-06 	 1.75272e-06
     1.541 	 2.55479e-06 	 1.57385e-06
     1.542 	 2.30721e-06 	 1.41951e-06
     1.543 	 2.26372e-06 	 1.3916e-06
     1.544 	 2.37397e-06 	 1.4586e-06
     1.545 	 2.86494e-06 	 1.75995e-06
     1.546 	 3.39587e-06 	 2.08574e-06
     1.547 	 3.94868e-06 	 2.42382e-06
     1.548 	 4.36142e-06 	 2.67514e-06
     1.549 	  4.7817e-06 	 2.93118e-06
     1.550 	 5.21283e-06 	 3.19304e-06
     1.551 	 5.44419e-06 	 3.33058e-06
     1.552 	 5.62798e-06 	 3.43921e-06
     1.553 	 5.82283e-06 	 3.55741e-06
     1.554 	 5.96626e-06 	 3.64475e-06
     1.555 	  6.0729e-06 	 3.70739e-06
     1.556 	 5.90438e-06 	 3.60213e-06
     1.557 	 5.61327e-06 	 3.42398e-06
     1.558 	 5.12281e-06 	 3.12435e-06
     1.559 	 4.59908e-06 	 2.8035e-06
     1.560 	 4.14397e-06 	 2.52403e-06
     1.561 	 4.13469e-06 	 2.51525e-06
     1.562 	 4.13625e-06 	 2.51346e-06
     1.563 	 4.14693e-06 	 2.51942e-06
     1.564 	 3.89008e-06 	 2.36319e-06
     1.565 	 3.56093e-06 	 2.16219e-06
     1.566 	 3.12137e-06 	 1.89376e-06
     1.567 	 2.66593e-06 	 1.61547e-06
     1.568 	 2.23209e-06 	 1.35112e-06
     1.569 	 2.02219e-06 	 1.22381e-06
     1.570 	  2.1923e-06 	 1.32672e-06
     1.571 	 2.73901e-06 	 1.65663e-06
     1.572 	 3.25265e-06 	 1.96591e-06
     1.573 	 3.67365e-06 	 2.21896e-06
     1.574 	  3.8735e-06 	 2.33822e-06
     1.575 	 4.16899e-06 	 2.51501e-06
     1.576 	 4.55623e-06 	 2.74691e-06
     1.577 	 5.55995e-06 	 3.35022e-06
     1.578 	 6.63224e-06 	 3.99359e-06
     1.579 	 7.78475e-06 	 4.68232e-06
     1.580 	 8.90208e-06 	 5.34835e-06
     1.581 	 1.00118e-05 	 6.0104e-06
     1.582 	 1.11174e-05 	 6.6711e-06
     1.583 	 1.20426e-05 	 7.22562e-06
     1.584 	 1.28802e-05 	 7.72739e-06
     1.585 	 1.42084e-05 	 8.51984e-06
     1.586 	 1.55065e-05 	 9.29188e-06
     1.587 	 1.67636e-05 	 1.00393e-05
     1.588 	 1.75915e-05 	 1.05288e-05
     1.589 	 1.81506e-05 	 1.08562e-05
     1.590 	 1.80504e-05 	 1.07907e-05
     1.591 	 1.77132e-05 	 1.05883e-05
     1.592 	 1.72161e-05 	 1.02904e-05
     1.593 	 1.67332e-05 	 9.9968e-06
     1.594 	 1.61584e-05 	 9.64701e-06
     1.595 	 1.54339e-05 	 9.20909e-06
     1.596 	 1.45469e-05 	 8.67493e-06
     1.597 	   1.353e-05 	 8.06374e-06
     1.598 	 1.20965e-05 	 7.20532e-06
     1.599 	 1.09592e-05 	 6.52413e-06
     1.600 	 1.00575e-05 	 5.98392e-06
     1.601 	 9.48443e-06 	 5.64018e-06
     1.602 	  9.1009e-06 	 5.40867e-06
     1.603 	 9.05005e-06 	 5.37218e-06
     1.604 	 9.20069e-06 	 5.45623e-06
     1.605 	 9.41967e-06 	 5.58545e-06
     1.606 	 9.60112e-06 	 5.69316e-06
     1.607 	 9.93219e-06 	 5.88667e-06
     1.608 	 1.04036e-05 	 6.1622e-06
     1.609 	 1.05903e-05 	 6.26889e-06
     1.610 	 1.06779e-05 	 6.31777e-06
     1.611 	 1.06013e-05 	 6.27222e-06
     1.612 	 1.03477e-05 	 6.12201e-06
     1.613 	 1.00323e-05 	 5.93275e-06
     1.614 	 9.90374e-06 	 5.85312e-06
     1.615 	 9.81181e-06 	 5.79614e-06
     1.616 	  9.7603e-06 	 5.76225e-06
     1.617 	 9.51079e-06 	 5.60861e-06
     1.618 	 9.12869e-06 	 5.37815e-06
     1.619 	 8.45472e-06 	 4.98064e-06
     1.620 	 7.74422e-06 	 4.56239e-06
     1.621 	 7.04614e-06 	 4.14929e-06
     1.622 	 7.05236e-06 	 4.15054e-06
     1.623 	  7.3023e-06 	 4.29546e-06
     1.624 	 7.86844e-06 	 4.62615e-06
     1.625 	 8.36586e-06 	 4.91607e-06
     1.626 	 8.76653e-06 	 5.14894e-06
     1.627 	 8.87345e-06 	 5.20915e-06
     1.628 	 8.72652e-06 	 5.12035e-06
     1.629 	 8.41834e-06 	 4.93708e-06
     1.630 	 8.25458e-06 	 4.83868e-06
     1.631 	 8.26021e-06 	 4.83965e-06
     1.632 	 8.52547e-06 	 4.99262e-06
     1.633 	 9.18392e-06 	 5.37562e-06
     1.634 	  9.8695e-06 	 5.7741e-06
     1.635 	 1.01898e-05 	 5.95865e-06
     1.636 	 1.02431e-05 	 5.98693e-06
     1.637 	 1.00954e-05 	 5.89782e-06
     1.638 	 9.51555e-06 	 5.55639e-06
     1.639 	 8.97994e-06 	 5.2412e-06
     1.640 	 8.55579e-06 	 4.99141e-06
     1.641 	 8.31695e-06 	 4.84936e-06
     1.642 	 8.13857e-06 	 4.74358e-06
     1.643 	 7.94383e-06 	 4.63029e-06
     1.644 	 7.74443e-06 	 4.51432e-06
     1.645 	 7.54093e-06 	 4.39401e-06
     1.646 	 6.99675e-06 	 4.07481e-06
     1.647 	 6.42885e-06 	 3.74266e-06
     1.648 	 5.87204e-06 	 3.41676e-06
     1.649 	 5.31223e-06 	 3.08782e-06
     1.650 	  4.7599e-06 	 2.76434e-06
     1.651 	 4.28764e-06 	 2.49007e-06
     1.652 	  3.8106e-06 	 2.21335e-06
     1.653 	 3.32845e-06 	 1.93262e-06
     1.654 	 3.26208e-06 	 1.89311e-06
     1.655 	 3.30114e-06 	 1.91498e-06
     1.656 	 3.47185e-06 	 2.01313e-06
     1.657 	 3.71234e-06 	 2.1517e-06
     1.658 	 3.99191e-06 	 2.31279e-06
     1.659 	 4.33601e-06 	 2.5109e-06
     1.660 	 4.68213e-06 	 2.71041e-06
     1.661 	 5.03084e-06 	 2.91279e-06
     1.662 	 5.49938e-06 	 3.18414e-06
     1.663 	 6.13495e-06 	 3.54888e-06
     1.664 	 7.24581e-06 	 4.18765e-06
     1.665 	 8.67186e-06 	 5.01235e-06
     1.666 	  1.0283e-05 	 5.94435e-06
     1.667 	 1.16379e-05 	 6.72147e-06
     1.668 	  1.2726e-05 	 7.34325e-06
     1.669 	 1.34283e-05 	 7.74938e-06
     1.670 	 1.35544e-05 	 7.82319e-06
     1.671 	 1.35126e-05 	 7.792e-06
     1.672 	 1.33688e-05 	 7.70219e-06
     1.673 	 1.33208e-05 	 7.67436e-06
     1.674 	 1.33408e-05 	 7.68812e-06
     1.675 	 1.34266e-05 	 7.73991e-06
     1.676 	 1.33541e-05 	 7.69787e-06
     1.677 	 1.30069e-05 	 7.49176e-06
     1.678 	 1.22558e-05 	 7.05232e-06
     1.679 	 1.13449e-05 	 6.52536e-06
     1.680 	 1.02542e-05 	 5.89628e-06
     1.681 	 9.54647e-06 	 5.4874e-06
     1.682 	 9.15993e-06 	 5.2632e-06
     1.683 	 9.45275e-06 	 5.42958e-06
     1.684 	 9.73222e-06 	 5.58818e-06
     1.685 	 9.88873e-06 	 5.67602e-06
     1.686 	 9.62992e-06 	 5.52559e-06
     1.687 	 9.19404e-06 	 5.27363e-06
     1.688 	 8.63751e-06 	 4.95276e-06
     1.689 	  8.2714e-06 	 4.74117e-06
     1.690 	 8.09321e-06 	 4.63744e-06
     1.691 	 8.13338e-06 	 4.65887e-06
     1.692 	 8.13469e-06 	 4.65811e-06
     1.693 	 7.97636e-06 	 4.56597e-06
     1.694 	 7.63551e-06 	 4.3694e-06
     1.695 	  7.2097e-06 	 4.12441e-06
     1.696 	 6.80023e-06 	 3.8889e-06
     1.697 	 6.44629e-06 	 3.68527e-06
     1.698 	 6.15686e-06 	 3.51868e-06
     1.699 	 6.12156e-06 	 3.49741e-06
     1.700 	  6.1272e-06 	 3.49953e-06
     1.701 	 6.12602e-06 	 3.49749e-06
     1.702 	 5.82082e-06 	 3.32247e-06
     1.703 	  5.3328e-06 	 3.04451e-06
     1.704 	 4.49931e-06 	 2.56923e-06
     1.705 	 3.81924e-06 	 2.18038e-06
     1.706 	 3.34898e-06 	 1.9112e-06
     1.707 	 3.26202e-06 	 1.861e-06
     1.708 	 3.23791e-06 	 1.8467e-06
     1.709 	 3.11938e-06 	 1.77856e-06
     1.710 	 2.88269e-06 	 1.64316e-06
     1.711 	  2.5667e-06 	 1.46249e-06
     1.712 	 2.25844e-06 	 1.28658e-06
     1.713 	 1.98139e-06 	 1.12908e-06
     1.714 	 1.75468e-06 	 1.00005e-06
     1.715 	 1.60959e-06 	 9.16692e-07
     1.716 	 1.54472e-06 	 8.78985e-07
     1.717 	 1.76335e-06 	 1.00295e-06
     1.718 	 2.25796e-06 	 1.28411e-06
     1.719 	 2.97132e-06 	 1.69021e-06
     1.720 	 3.34559e-06 	 1.90358e-06
     1.721 	 3.64668e-06 	 2.0745e-06
     1.722 	 3.84147e-06 	 2.18451e-06
     1.723 	 4.07486e-06 	 2.31662e-06
     1.724 	 4.32585e-06 	 2.45865e-06
     1.725 	 4.60211e-06 	 2.61497e-06
     1.726 	 4.83933e-06 	 2.74898e-06
     1.727 	 5.04017e-06 	 2.8623e-06
     1.728 	 5.25768e-06 	 2.98504e-06
     1.729 	 5.48941e-06 	 3.11576e-06
     1.730 	 5.75036e-06 	 3.26303e-06
     1.731 	 5.76481e-06 	 3.27034e-06
     1.732 	 5.68292e-06 	 3.22308e-06
     1.733 	 5.73874e-06 	 3.25388e-06
     1.734 	 5.84419e-06 	 3.31279e-06
     1.735 	  6.0041e-06 	 3.40256e-06
     1.736 	 5.97695e-06 	 3.38636e-06
     1.737 	 5.86517e-06 	 3.32222e-06
     1.738 	 5.59357e-06 	 3.16755e-06
     1.739 	 5.38807e-06 	 3.05045e-06
     1.740 	 5.22264e-06 	 2.95603e-06
     1.741 	 5.16259e-06 	 2.92135e-06
     1.742 	 5.04698e-06 	 2.85527e-06
     1.743 	  4.8596e-06 	 2.74858e-06
     1.744 	 4.39469e-06 	 2.48506e-06
     1.745 	 3.85644e-06 	 2.18018e-06
     1.746 	 3.26223e-06 	 1.84384e-06
     1.747 	 2.72803e-06 	 1.54155e-06
     1.748 	 2.23276e-06 	 1.2614e-06
     1.749 	 1.98635e-06 	 1.12194e-06
     1.750 	 1.88014e-06 	 1.06172e-06
     1.751 	 1.98781e-06 	 1.12229e-06
     1.752 	 2.21171e-06 	 1.24841e-06
     1.753 	 2.44402e-06 	 1.37926e-06
     1.754 	 2.57187e-06 	 1.45113e-06
     1.755 	 2.67579e-06 	 1.50946e-06
     1.756 	 2.76177e-06 	 1.55766e-06
     1.757 	 3.06487e-06 	 1.72813e-06
     1.758 	 3.45806e-06 	 1.94962e-06
     1.759 	 3.99962e-06 	 2.25566e-06
     1.760 	 4.39399e-06 	 2.47891e-06
     1.761 	 4.75015e-06 	 2.6795e-06
     1.762 	 5.17758e-06 	 2.91991e-06
     1.763 	 5.58872e-06 	 3.15125e-06
     1.764 	 5.98544e-06 	 3.37432e-06
     1.765 	 6.21261e-06 	 3.50181e-06
     1.766 	 6.45825e-06 	 3.63962e-06
     1.767 	 6.77466e-06 	 3.81733e-06
     1.768 	 7.13072e-06 	 4.01733e-06
     1.769 	 7.51334e-06 	 4.23223e-06
     1.770 	 7.98823e-06 	 4.49898e-06
     1.771 	 8.24881e-06 	 4.64512e-06
     1.772 	 8.28695e-06 	 4.6659e-06
     1.773 	 8.38366e-06 	 4.7197e-06
     1.774 	 8.48463e-06 	 4.77592e-06
     1.775 	 8.57629e-06 	 4.82687e-06
     1.776 	 8.50423e-06 	 4.78572e-06
     1.777 	 8.35769e-06 	 4.70227e-06
     1.778 	 8.33132e-06 	 4.68733e-06
     1.779 	 8.27508e-06 	 4.65786e-06
     1.780 	 8.18238e-06 	 4.60723e-06
     1.781 	 8.01636e-06 	 4.5113e-06
     1.782 	 7.78431e-06 	 4.37763e-06
     1.783 	 7.38109e-06 	 4.15017e-06
     1.784 	 6.89731e-06 	 3.87805e-06
     1.785 	 6.36288e-06 	 3.57725e-06
     1.786 	 5.68674e-06 	 3.1968e-06
     1.787 	 5.15761e-06 	 2.89911e-06
     1.788 	 4.84008e-06 	 2.72037e-06
     1.789 	 4.78274e-06 	 2.68796e-06
     1.790 	 4.78103e-06 	 2.68675e-06
     1.791 	 4.74313e-06 	 2.66522e-06
     1.792 	 4.54939e-06 	 2.55613e-06
     1.793 	 4.24543e-06 	 2.3852e-06
     1.794 	 3.67799e-06 	 2.06623e-06
     1.795 	 3.13129e-06 	 1.75898e-06
     1.796 	 2.63024e-06 	 1.4774e-06
     1.797 	  2.3561e-06 	 1.32333e-06
     1.798 	  2.1936e-06 	 1.23199e-06
     1.799 	  2.2547e-06 	 1.26621e-06
     1.800 	 2.23068e-06 	 1.25263e-06
     1.801 	 2.13566e-06 	 1.1991e-06
     1.802 	 1.89316e-06 	 1.06297e-06
     1.803 	 1.61427e-06 	 9.0686e-07
     1.804 	 1.28125e-06 	 7.20051e-07
     1.805 	 1.04187e-06 	 5.85183e-07
     1.806 	  8.6582e-07 	 4.86029e-07
     1.807 	 9.03019e-07 	 5.07141e-07
     1.808 	 1.00888e-06 	 5.66855e-07
     1.809 	 1.18216e-06 	 6.63836e-07
     1.810 	 1.39397e-06 	 7.82322e-07
     1.811 	 1.55254e-06 	 8.71633e-07
     1.812 	 1.56876e-06 	 8.81188e-07
     1.813 	 1.60138e-06 	 8.99523e-07
     1.814 	 1.64507e-06 	 9.23932e-07
     1.815 	 1.73167e-06 	 9.72509e-07
     1.816 	 1.82952e-06 	 1.0274e-06
     1.817 	 1.94036e-06 	 1.08955e-06
     1.818 	 2.14019e-06 	 1.20169e-06
     1.819 	   2.371e-06 	 1.33118e-06
     1.820 	  2.6503e-06 	 1.48789e-06
     1.821 	 2.88469e-06 	 1.61938e-06
     1.822 	 3.09098e-06 	 1.73507e-06
     1.823 	 3.20969e-06 	 1.80159e-06
     1.824 	 3.29713e-06 	 1.85057e-06
     1.825 	   3.342e-06 	 1.87561e-06
     1.826 	 3.33629e-06 	 1.8723e-06
     1.827 	 3.31088e-06 	 1.85794e-06
     1.828 	  3.2539e-06 	 1.82584e-06
     1.829 	 3.11277e-06 	 1.74656e-06
     1.830 	 2.91542e-06 	 1.63573e-06
     1.831 	 2.83335e-06 	 1.58958e-06
     1.832 	 2.75569e-06 	 1.54596e-06
     1.833 	 2.68353e-06 	 1.50541e-06
     1.834 	 2.71154e-06 	 1.52103e-06
     1.835 	 2.83892e-06 	 1.59241e-06
     1.836 	 3.31662e-06 	 1.86027e-06
     1.837 	 3.87596e-06 	 2.17391e-06
     1.838 	 4.49967e-06 	 2.52362e-06
     1.839 	 4.91766e-06 	 2.75777e-06
     1.840 	 5.34392e-06 	 2.99689e-06
     1.841 	 5.80619e-06 	 3.25774e-06
     1.842 	 6.23396e-06 	 3.49945e-06
     1.843 	 6.59263e-06 	 3.70098e-06
     1.844 	  6.5606e-06 	 3.68262e-06
     1.845 	 6.41812e-06 	 3.60253e-06
     1.846 	 6.17312e-06 	 3.46496e-06
     1.847 	 5.75021e-06 	 3.22773e-06
     1.848 	 5.19199e-06 	 2.91417e-06
     1.849 	 4.36216e-06 	 2.44711e-06
     1.850 	  3.5745e-06 	 2.00418e-06
     1.851 	 2.82005e-06 	 1.58105e-06
     1.852 	 2.21934e-06 	 1.24436e-06
     1.853 	 1.64073e-06 	 9.19958e-07
     1.854 	 1.08633e-06 	 6.09115e-07
     1.855 	 8.65366e-07 	 4.85187e-07
     1.856 	  7.8225e-07 	 4.38625e-07
     1.857 	   9.472e-07 	 5.31404e-07
     1.858 	 1.09517e-06 	 6.1475e-07
     1.859 	 1.24318e-06 	 6.97966e-07
     1.860 	 1.57996e-06 	 8.8694e-07
     1.861 	 1.96461e-06 	 1.10236e-06
     1.862 	 2.41087e-06 	 1.35214e-06
     1.863 	  2.8925e-06 	 1.62221e-06
     1.864 	  3.4442e-06 	 1.9319e-06
     1.865 	 4.21702e-06 	 2.36553e-06
     1.866 	  5.0956e-06 	 2.85855e-06
     1.867 	 6.04064e-06 	 3.38894e-06
     1.868 	 6.96579e-06 	 3.90825e-06
     1.869 	 7.80561e-06 	 4.37945e-06
     1.870 	 8.51616e-06 	 4.7788e-06
     1.871 	 9.02129e-06 	 5.06526e-06
     1.872 	 9.39061e-06 	 5.27581e-06
     1.873 	 9.39391e-06 	 5.27845e-06
     1.874 	 9.19258e-06 	 5.16541e-06
     1.875 	 8.83863e-06 	 4.96699e-06
     1.876 	 8.43354e-06 	 4.73975e-06
     1.877 	 7.93287e-06 	 4.45879e-06
     1.878 	   7.263e-06 	 4.08264e-06
     1.879 	 6.38091e-06 	 3.58716e-06
     1.880 	 5.41384e-06 	 3.04379e-06
     1.881 	 4.36362e-06 	 2.4536e-06
     1.882 	  3.5607e-06 	 2.00231e-06
     1.883 	 2.97478e-06 	 1.67299e-06
     1.884 	 2.90042e-06 	 1.63135e-06
     1.885 	 2.90503e-06 	 1.63412e-06
     1.886 	 2.98983e-06 	 1.68199e-06
     1.887 	 3.15938e-06 	 1.77756e-06
     1.888 	 3.34574e-06 	 1.88261e-06
     1.889 	 3.36889e-06 	 1.89582e-06
     1.890 	 3.36972e-06 	 1.89649e-06
     1.891 	 3.34749e-06 	 1.88417e-06
     1.892 	 3.41613e-06 	 1.92302e-06
     1.893 	 3.43887e-06 	 1.93618e-06
     1.894 	 3.30969e-06 	 1.86352e-06
     1.895 	 2.98493e-06 	 1.67984e-06
     1.896 	 2.55521e-06 	 1.43751e-06
     1.897 	 2.00575e-06 	 1.12909e-06
     1.898 	 1.54003e-06 	 8.67457e-07
     1.899 	  1.1761e-06 	 6.62241e-07
     1.900 	 9.95441e-07 	 5.60234e-07
     1.901 	 8.90844e-07 	 5.01389e-07
     1.902 	 9.22979e-07 	 5.19569e-07
     1.903 	 1.12667e-06 	 6.34246e-07
     1.904 	 1.43208e-06 	 8.06321e-07
     1.905 	 1.72305e-06 	 9.70751e-07
     1.906 	 2.05834e-06 	 1.16037e-06
     1.907 	 2.45706e-06 	 1.38539e-06
     1.908 	 2.83254e-06 	 1.59715e-06
     1.909 	 3.17973e-06 	 1.79311e-06
     1.910 	  3.4336e-06 	 1.9365e-06
     1.911 	 3.61201e-06 	 2.03749e-06
     1.912 	 3.73721e-06 	 2.10816e-06
     1.913 	 3.70825e-06 	 2.09096e-06
     1.914 	 3.66271e-06 	 2.06444e-06
     1.915 	 3.59477e-06 	 2.02605e-06
     1.916 	 3.38453e-06 	 1.90808e-06
     1.917 	 3.16979e-06 	 1.78813e-06
     1.918 	 3.17309e-06 	 1.7911e-06
     1.919 	  3.2217e-06 	 1.81891e-06
     1.920 	 3.30792e-06 	 1.86762e-06
     1.921 	 3.36066e-06 	 1.89779e-06
     1.922 	 3.39558e-06 	 1.91754e-06
     1.923 	 3.39884e-06 	 1.91863e-06
     1.924 	 3.49161e-06 	 1.97021e-06
     1.925 	 3.65037e-06 	 2.05986e-06
     1.926 	 4.05457e-06 	 2.28838e-06
     1.927 	 4.47249e-06 	 2.52439e-06
     1.928 	 4.90376e-06 	 2.76837e-06
     1.929 	 5.29878e-06 	 2.99322e-06
     1.930 	 5.59899e-06 	 3.16485e-06
     1.931 	   5.677e-06 	 3.20952e-06
     1.932 	 5.70458e-06 	 3.22532e-06
     1.933 	 5.71588e-06 	 3.23206e-06
     1.934 	 5.81916e-06 	 3.29086e-06
     1.935 	 6.09701e-06 	 3.44846e-06
     1.936 	 6.57551e-06 	 3.71957e-06
     1.937 	 7.12278e-06 	 4.02965e-06
     1.938 	 7.67752e-06 	 4.34402e-06
     1.939 	 8.22057e-06 	 4.65195e-06
     1.940 	   8.751e-06 	 4.95274e-06
     1.941 	 9.26211e-06 	 5.24268e-06
     1.942 	 9.41455e-06 	 5.32967e-06
     1.943 	 9.46839e-06 	 5.36086e-06
     1.944 	 9.38878e-06 	 5.31651e-06
     1.945 	 8.98039e-06 	 5.08607e-06
     1.946 	 8.48961e-06 	 4.80877e-06
     1.947 	 7.96587e-06 	 4.51273e-06
     1.948 	 7.31752e-06 	 4.14601e-06
     1.949 	 6.58623e-06 	 3.73249e-06
     1.950 	  5.9101e-06 	 3.34955e-06
     1.951 	 5.21561e-06 	 2.95467e-06
     1.952 	 4.49085e-06 	 2.54335e-06
     1.953 	 3.87105e-06 	 2.19365e-06
     1.954 	 3.33259e-06 	 1.88991e-06
     1.955 	 3.04716e-06 	 1.72846e-06
     1.956 	  2.9069e-06 	 1.64904e-06
     1.957 	 2.88058e-06 	 1.63436e-06
     1.958 	 3.31726e-06 	 1.88242e-06
     1.959 	 3.81143e-06 	 2.16318e-06
     1.960 	 4.37077e-06 	 2.48104e-06
     1.961 	 4.98145e-06 	 2.82813e-06
     1.962 	 5.55251e-06 	 3.15287e-06
     1.963 	 5.72676e-06 	 3.25237e-06
     1.964 	 5.75459e-06 	 3.26871e-06
     1.965 	 5.64714e-06 	 3.20823e-06
     1.966 	 5.38877e-06 	 3.06194e-06
     1.967 	 5.11526e-06 	 2.90721e-06
     1.968 	 4.84064e-06 	 2.75138e-06
     1.969 	 4.54514e-06 	 2.58255e-06
     1.970 	 4.23481e-06 	 2.40536e-06
     1.971 	 3.86562e-06 	 2.19589e-06
     1.972 	 3.52584e-06 	 2.00335e-06
     1.973 	 3.21805e-06 	 1.82879e-06
     1.974 	  3.2744e-06 	 1.86112e-06
     1.975 	 3.58495e-06 	 2.038e-06
     1.976 	 4.45665e-06 	 2.53397e-06
     1.977 	 5.57039e-06 	 3.16774e-06
     1.978 	  6.8094e-06 	 3.87299e-06
     1.979 	 8.00467e-06 	 4.55358e-06
     1.980 	 9.02437e-06 	 5.13456e-06
     1.981 	 9.81927e-06 	 5.5878e-06
     1.982 	 1.03502e-05 	 5.89094e-06
     1.983 	 1.07842e-05 	 6.13905e-06
     1.984 	 1.10675e-05 	 6.30142e-06
     1.985 	 1.12229e-05 	 6.39104e-06
     1.986 	 1.12941e-05 	 6.43274e-06
     1.987 	 1.07579e-05 	 6.12843e-06
     1.988 	 1.00681e-05 	 5.73642e-06
     1.989 	 9.14632e-06 	 5.2122e-06
     1.990 	 7.96518e-06 	 4.53994e-06
     1.991 	 6.72794e-06 	 3.83539e-06
     1.992 	 5.54794e-06 	 3.16323e-06
     1.993 	 4.66178e-06 	 2.65849e-06
     1.994 	 3.99382e-06 	 2.27795e-06
     1.995 	 3.75522e-06 	 2.14224e-06
     1.996 	 3.61763e-06 	 2.06414e-06
     1.997 	 3.63403e-06 	 2.07431e-06
     1.998 	  3.7612e-06 	 2.14682e-06
     1.999 	 3.93119e-06 	 2.24107e-06
     2.000 	 4.13684e-06 	 2.35476e-06
     2.001 	 4.26173e-06 	 2.42682e-06
     2.002 	 4.31608e-06 	 2.45829e-06
     2.003 	 4.46958e-06 	 2.54625e-06
     2.004 	 4.68681e-06 	 2.67056e-06
     2.005 	 5.02406e-06 	 2.86333e-06
     2.006 	 5.22974e-06 	 2.98081e-06
     2.007 	 5.34668e-06 	 3.04811e-06
     2.008 	 5.15374e-06 	 2.93873e-06
     2.009 	 4.90744e-06 	 2.79887e-06
     2.010 	 4.60643e-06 	 2.62743e-06
     2.011 	 4.24898e-06 	 2.42401e-06
     2.012 	 3.91939e-06 	 2.23641e-06
     2.013 	 3.68192e-06 	 2.10131e-06
     2.014 	 3.47063e-06 	 1.98086e-06
     2.015 	 3.26821e-06 	 1.86569e-06
     2.016 	 3.00301e-06 	 1.71463e-06
     2.017 	 2.64868e-06 	 1.5126e-06
     2.018 	 2.18651e-06 	 1.24891e-06
     2.019 	 1.93653e-06 	 1.1062e-06
     2.020 	  1.8159e-06 	 1.03749e-06
     2.021 	 1.98656e-06 	 1.13522e-06
     2.022 	 2.18425e-06 	 1.24843e-06
     2.023 	  2.3968e-06 	 1.37001e-06
     2.024 	 2.55809e-06 	 1.46248e-06
     2.025 	 2.70593e-06 	 1.5473e-06
     2.026 	 2.83449e-06 	 1.62113e-06
     2.027 	 3.02698e-06 	 1.73156e-06
     2.028 	 3.26673e-06 	 1.86884e-06
     2.029 	 3.63612e-06 	 2.08056e-06
     2.030 	 4.03471e-06 	 2.30908e-06
     2.031 	 4.45377e-06 	 2.54944e-06
     2.032 	 4.71056e-06 	 2.697e-06
     2.033 	 4.93694e-06 	 2.82686e-06
     2.034 	 5.11774e-06 	 2.93101e-06
     2.035 	   5.382e-06 	 3.08301e-06
     2.036 	 5.66887e-06 	 3.24802e-06
     2.037 	 5.93861e-06 	 3.40328e-06
     2.038 	 6.15134e-06 	 3.5255e-06
     2.039 	 6.31687e-06 	 3.62113e-06
     2.040 	 6.25119e-06 	 3.58424e-06
     2.041 	 6.12764e-06 	 3.51406e-06
     2.042 	 5.91728e-06 	 3.39405e-06
     2.043 	 5.75491e-06 	 3.30154e-06
     2.044 	  5.6218e-06 	 3.22538e-06
     2.045 	  5.5728e-06 	 3.19787e-06
     2.046 	 5.48637e-06 	 3.14886e-06
     2.047 	 5.36354e-06 	 3.07894e-06
     2.048 	  5.1228e-06 	 2.94129e-06
     2.049 	 4.88117e-06 	 2.80274e-06
     2.050 	 4.66954e-06 	 2.68173e-06
     2.051 	 4.53428e-06 	 2.60462e-06
     2.052 	 4.44599e-06 	 2.55446e-06
     2.053 	 4.49962e-06 	 2.58584e-06
     2.054 	 4.53907e-06 	 2.60909e-06
     2.055 	 4.56231e-06 	 2.6227e-06
     2.056 	 4.53551e-06 	 2.60787e-06
     2.057 	 4.49332e-06 	 2.58418e-06
     2.058 	 4.42973e-06 	 2.54816e-06
     2.059 	 4.42048e-06 	 2.5434e-06
     2.060 	 4.44554e-06 	 2.55838e-06
     2.061 	 4.58601e-06 	 2.63962e-06
     2.062 	 4.72492e-06 	 2.71966e-06
     2.063 	 4.86176e-06 	 2.79886e-06
     2.064 	 5.00784e-06 	 2.8834e-06
     2.065 	 5.16982e-06 	 2.97712e-06
     2.066 	 5.38364e-06 	 3.10073e-06
     2.067 	 5.64155e-06 	 3.24977e-06
     2.068 	  5.9287e-06 	 3.41571e-06
     2.069 	 6.30708e-06 	 3.63382e-06
     2.070 	 6.66617e-06 	 3.8413e-06
     2.071 	 6.99374e-06 	 4.03086e-06
     2.072 	 7.24145e-06 	 4.17446e-06
     2.073 	 7.43962e-06 	 4.28955e-06
     2.074 	 7.50656e-06 	 4.329e-06
     2.075 	 7.55219e-06 	 4.35618e-06
     2.076 	 7.58112e-06 	 4.37373e-06
     2.077 	 7.45765e-06 	 4.30284e-06
     2.078 	 7.28934e-06 	 4.20656e-06
     2.079 	 7.05028e-06 	 4.06941e-06
     2.080 	  6.7258e-06 	 3.88289e-06
     2.081 	 6.36074e-06 	 3.67313e-06
     2.082 	 5.92822e-06 	 3.4243e-06
     2.083 	 5.51791e-06 	 3.18816e-06
     2.084 	 5.12794e-06 	 2.96364e-06
     2.085 	 4.80337e-06 	 2.77682e-06
     2.086 	     4.5e-06 	 2.60183e-06
     2.087 	  4.2308e-06 	 2.44685e-06
     2.088 	 4.01148e-06 	 2.32064e-06
     2.089 	 3.83862e-06 	 2.22124e-06
     2.090 	 3.91895e-06 	 2.26834e-06
     2.091 	 4.17756e-06 	 2.41884e-06
     2.092 	 4.62873e-06 	 2.68096e-06
     2.093 	  5.2646e-06 	 3.05028e-06
     2.094 	   5.932e-06 	 3.43811e-06
     2.095 	 6.61123e-06 	 3.83306e-06
     2.096 	 6.94842e-06 	 4.0299e-06
     2.097 	 7.09958e-06 	 4.11845e-06
     2.098 	 7.11571e-06 	 4.12918e-06
     2.099 	 7.12662e-06 	 4.13689e-06
     2.100 	  7.1309e-06 	 4.14075e-06
     2.101 	 7.09403e-06 	 4.12082e-06
     2.102 	 7.01796e-06 	 4.07809e-06
     2.103 	 6.83477e-06 	 3.97306e-06
     2.104 	 6.53519e-06 	 3.80028e-06
     2.105 	 6.16323e-06 	 3.58526e-06
     2.106 	 5.80822e-06 	 3.37996e-06
     2.107 	  5.4749e-06 	 3.18713e-06
     2.108 	 5.17434e-06 	 3.01324e-06
     2.109 	 5.30732e-06 	 3.09178e-06
     2.110 	 5.54808e-06 	 3.2332e-06
     2.111 	 5.76064e-06 	 3.35839e-06
     2.112 	 5.93151e-06 	 3.45938e-06
     2.113 	 6.07163e-06 	 3.5425e-06
     2.114 	 6.09276e-06 	 3.55581e-06
     2.115 	 6.06577e-06 	 3.54145e-06
     2.116 	 5.96012e-06 	 3.48115e-06
     2.117 	  5.7531e-06 	 3.36157e-06
     2.118 	 5.49292e-06 	 3.21081e-06
     2.119 	 5.11513e-06 	 2.99116e-06
     2.120 	 4.71258e-06 	 2.75685e-06
     2.121 	 4.28839e-06 	 2.5087e-06
     2.122 	 3.89598e-06 	 2.28058e-06
     2.123 	  3.6057e-06 	 2.11177e-06
     2.124 	 3.52852e-06 	 2.06724e-06
     2.125 	 3.57782e-06 	 2.09723e-06
     2.126 	 3.69839e-06 	 2.16906e-06
     2.127 	 3.99189e-06 	 2.34266e-06
     2.128 	 4.32383e-06 	 2.53829e-06
     2.129 	 4.69513e-06 	 2.75772e-06
     2.130 	 5.09748e-06 	 2.99563e-06
     2.131 	 5.43826e-06 	 3.19732e-06
     2.132 	 5.60925e-06 	  3.3e-06
     2.133 	 5.77754e-06 	 3.40052e-06
     2.134 	 5.93785e-06 	 3.49716e-06
     2.135 	   5.997e-06 	 3.53357e-06
     2.136 	  5.9635e-06 	 3.51648e-06
     2.137 	 5.81842e-06 	 3.43246e-06
     2.138 	 5.61172e-06 	 3.31268e-06
     2.139 	 5.39493e-06 	 3.18613e-06
     2.140 	 5.18182e-06 	 3.06164e-06
     2.141 	 5.01902e-06 	 2.96713e-06
     2.142 	 4.88594e-06 	 2.88951e-06
     2.143 	 4.76048e-06 	 2.81633e-06
     2.144 	 4.74159e-06 	 2.80617e-06
     2.145 	 4.87396e-06 	 2.88615e-06
     2.146 	 4.98336e-06 	 2.952e-06
     2.147 	 5.08347e-06 	 3.01239e-06
     2.148 	 5.16824e-06 	 3.06342e-06
     2.149 	 5.15108e-06 	 3.05473e-06
     2.150 	 5.06281e-06 	 3.00408e-06
     2.151 	 4.89778e-06 	 2.90689e-06
     2.152 	 4.71055e-06 	 2.79646e-06
     2.153 	 4.48841e-06 	 2.66526e-06
     2.154 	 4.26569e-06 	 2.53364e-06
     2.155 	 4.05767e-06 	 2.41069e-06
     2.156 	 3.92984e-06 	 2.33533e-06
     2.157 	 3.83629e-06 	 2.28031e-06
     2.158 	   3.771e-06 	 2.24206e-06
     2.159 	 3.78578e-06 	 2.25119e-06
     2.160 	 3.81362e-06 	 2.26831e-06
     2.161 	 3.85751e-06 	 2.29517e-06
     2.162 	 3.99066e-06 	 2.37517e-06
     2.163 	 4.14899e-06 	 2.47022e-06
     2.164 	 4.24039e-06 	 2.52495e-06
     2.165 	  4.3246e-06 	 2.57624e-06
     2.166 	 4.40185e-06 	 2.62286e-06
     2.167 	 4.43163e-06 	 2.64147e-06
     2.168 	 4.42452e-06 	 2.6381e-06
     2.169 	 4.34078e-06 	 2.58902e-06
     2.170 	  4.1927e-06 	 2.50152e-06
     2.171 	 4.00674e-06 	 2.39078e-06
     2.172 	 3.72101e-06 	 2.22093e-06
     2.173 	 3.38134e-06 	 2.01857e-06
     2.174 	 2.98048e-06 	 1.77978e-06
     2.175 	 2.60706e-06 	 1.55743e-06
     2.176 	 2.34634e-06 	 1.40179e-06
     2.177 	 2.40751e-06 	 1.43876e-06
     2.178 	 2.53641e-06 	 1.51607e-06
     2.179 	 2.70651e-06 	 1.61821e-06
     2.180 	 2.97746e-06 	 1.78037e-06
     2.181 	 3.18257e-06 	 1.90351e-06
     2.182 	 3.29952e-06 	 1.97397e-06
     2.183 	 3.38423e-06 	 2.02541e-06
     2.184 	    3.46e-06 	 2.07067e-06
     2.185 	 3.52907e-06 	 2.11255e-06
     2.186 	 3.65467e-06 	 2.18831e-06
     2.187 	 3.81741e-06 	 2.28635e-06
     2.188 	 4.00741e-06 	 2.40028e-06
     2.189 	  4.0941e-06 	 2.45284e-06
     2.190 	 4.01691e-06 	 2.40727e-06
     2.191 	 3.91241e-06 	 2.34535e-06
     2.192 	 3.77467e-06 	 2.26346e-06
     2.193 	 3.51295e-06 	 2.10672e-06
     2.194 	 3.32851e-06 	 1.99672e-06
     2.195 	 3.20415e-06 	 1.92269e-06
     2.196 	 3.10118e-06 	 1.86149e-06
     2.197 	 2.99564e-06 	 1.79832e-06
     2.198 	 2.88325e-06 	 1.73137e-06
     2.199 	 2.76372e-06 	 1.66009e-06
     2.200 	 2.63668e-06 	 1.58426e-06
     2.201 	 2.47661e-06 	 1.48863e-06
     2.202 	 2.33395e-06 	 1.40323e-06
     2.203 	 2.20719e-06 	 1.32736e-06
     2.204 	 2.14013e-06 	 1.28735e-06
     2.205 	 2.15747e-06 	 1.29811e-06
     2.206 	 2.35362e-06 	 1.41678e-06
     2.207 	 2.52022e-06 	 1.51762e-06
     2.208 	 2.67382e-06 	 1.61052e-06
     2.209 	 2.82518e-06 	 1.70212e-06
     2.210 	  3.0325e-06 	 1.82748e-06
     2.211 	     3.3e-06 	 1.98915e-06
     2.212 	 3.64048e-06 	 2.19463e-06
     2.213 	 4.04831e-06 	 2.44076e-06
     2.214 	 4.61298e-06 	 2.78153e-06
     2.215 	 5.12652e-06 	 3.09154e-06
     2.216 	 5.60426e-06 	 3.3811e-06
     2.217 	 5.90305e-06 	 3.56177e-06
     2.218 	  6.0163e-06 	 3.63052e-06
     2.219 	 5.89444e-06 	 3.55739e-06
     2.220 	 5.70876e-06 	 3.44572e-06
     2.221 	 5.50716e-06 	 3.32518e-06
     2.222 	 5.29478e-06 	 3.19768e-06
     2.223 	 5.06999e-06 	 3.06261e-06
     2.224 	  4.8381e-06 	 2.9232e-06
     2.225 	 4.66403e-06 	 2.819e-06
     2.226 	 4.40687e-06 	 2.66418e-06
     2.227 	 4.02562e-06 	 2.43424e-06
     2.228 	 3.64772e-06 	 2.20623e-06
     2.229 	 3.29032e-06 	 1.99075e-06
     2.230 	 3.01993e-06 	 1.82757e-06
     2.231 	 2.84834e-06 	 1.72414e-06
     2.232 	 2.74935e-06 	 1.66461e-06
     2.233 	 2.87676e-06 	 1.74236e-06
     2.234 	 3.04962e-06 	 1.84749e-06
     2.235 	 3.29003e-06 	 1.99361e-06
     2.236 	  3.5269e-06 	 2.13764e-06
     2.237 	 3.74071e-06 	 2.26803e-06
     2.238 	  3.8249e-06 	 2.31962e-06
     2.239 	 3.93316e-06 	 2.38632e-06
     2.240 	  4.0622e-06 	 2.46548e-06
     2.241 	 4.22615e-06 	 2.56552e-06
     2.242 	 4.33493e-06 	 2.63211e-06
     2.243 	 4.32057e-06 	 2.62394e-06
     2.244 	 4.33378e-06 	 2.63308e-06
     2.245 	 4.33982e-06 	 2.6373e-06
     2.246 	 4.18703e-06 	 2.54498e-06
     2.247 	 3.98506e-06 	 2.42273e-06
     2.248 	 3.73304e-06 	 2.27025e-06
     2.249 	  3.4708e-06 	 2.11121e-06
     2.250 	 3.18165e-06 	 1.93573e-06
     2.251 	 2.82622e-06 	 1.72014e-06
     2.252 	  2.4625e-06 	 1.49917e-06
     2.253 	 2.09439e-06 	 1.27541e-06
     2.254 	 1.71938e-06 	 1.04732e-06
     2.255 	 1.41119e-06 	 8.59921e-07
     2.256 	 1.18317e-06 	 7.21168e-07
     2.257 	 9.47687e-07 	 5.77672e-07
     2.258 	 7.26806e-07 	 4.43202e-07
     2.259 	 5.56674e-07 	 3.39548e-07
     2.260 	 4.12975e-07 	 2.51964e-07
     2.261 	 2.83963e-07 	 1.73321e-07
     2.262 	 1.22458e-07 	 7.4765e-08
     2.263 	 2.34542e-08 	 1.43237e-08
     2.264 	  1.2629e-08 	 7.71481e-09
     2.265 	 1.02669e-08 	 6.27435e-09
     2.266 	           0 	        0
     2.267 	           0 	        0
     2.268 	           0 	        0
     2.269 	           0 	        0
     2.270 	 1.54692e-08 	 9.46803e-09
     2.271 	 4.90688e-08 	 3.00443e-08
     2.272 	 1.29584e-07 	 7.9364e-08
     2.273 	 4.05071e-07 	 2.48152e-07
     2.274 	 7.47854e-07 	 4.5832e-07
     2.275 	 1.13214e-06 	 6.94012e-07
     2.276 	 1.75107e-06 	 1.0737e-06
     2.277 	 2.56219e-06 	 1.57148e-06
     2.278 	 3.27892e-06 	 2.01183e-06
     2.279 	 4.02714e-06 	 2.47157e-06
     2.280 	 4.85022e-06 	 2.9775e-06
     2.281 	 5.67525e-06 	 3.48546e-06
     2.282 	 6.48452e-06 	 3.98371e-06
     2.283 	 7.16837e-06 	 4.40565e-06
     2.284 	  7.7573e-06 	 4.76963e-06
     2.285 	 8.25495e-06 	 5.07719e-06
     2.286 	 8.43618e-06 	 5.19027e-06
     2.287 	 8.55188e-06 	 5.26475e-06
     2.288 	 8.59294e-06 	 5.29167e-06
     2.289 	 8.33415e-06 	 5.13389e-06
     2.290 	 7.94707e-06 	 4.89753e-06
     2.291 	 7.67463e-06 	 4.73075e-06
     2.292 	 7.39715e-06 	 4.56079e-06
     2.293 	 7.11409e-06 	 4.3873e-06
     2.294 	 6.89549e-06 	 4.25398e-06
     2.295 	 6.74813e-06 	 4.16405e-06
     2.296 	 6.78076e-06 	 4.18517e-06
     2.297 	 6.97108e-06 	 4.30414e-06
     2.298 	 7.25525e-06 	 4.48065e-06
     2.299 	 7.72008e-06 	 4.76884e-06
     2.300 	 8.25286e-06 	 5.09972e-06
     2.301 	 8.87645e-06 	 5.48612e-06
     2.302 	 9.65294e-06 	 5.96719e-06
     2.303 	 1.05059e-05 	 6.49712e-06
     2.304 	  1.1518e-05 	 7.12586e-06
     2.305 	 1.26213e-05 	 7.80995e-06
     2.306 	 1.37839e-05 	 8.53197e-06
     2.307 	 1.50964e-05 	 9.34618e-06
     2.308 	 1.64699e-05 	 1.01985e-05
     2.309 	 1.79376e-05 	 1.11094e-05
     2.310 	 1.93964e-05 	 1.20191e-05
     2.311 	 2.08495e-05 	 1.29214e-05
     2.312 	  2.2285e-05 	 1.38131e-05
     2.313 	 2.37164e-05 	 1.47041e-05
     2.314 	 2.51444e-05 	 1.55918e-05
     2.315 	  2.6543e-05 	 1.64631e-05
     2.316 	 2.79217e-05 	 1.73263e-05
     2.317 	 2.92662e-05 	 1.81633e-05
     2.318 	 3.05504e-05 	 1.89631e-05
     2.319 	 3.18039e-05 	 1.97463e-05
     2.320 	 3.29967e-05 	 2.04899e-05
     2.321 	 3.41442e-05 	 2.12036e-05
     2.322 	 3.52501e-05 	 2.18961e-05
     2.323 	 3.65209e-05 	 2.26894e-05
     2.324 	  3.7893e-05 	 2.35432e-05
     2.325 	 3.94594e-05 	 2.45203e-05
     2.326 	 4.12459e-05 	 2.56348e-05
     2.327 	 4.31589e-05 	 2.68307e-05
     2.328 	 4.53862e-05 	 2.8217e-05
     2.329 	 4.78024e-05 	 2.97242e-05
     2.330 	 5.04216e-05 	 3.13547e-05
     2.331 	 5.32626e-05 	 3.31262e-05
     2.332 	 5.61917e-05 	 3.49601e-05
     2.333 	 5.92774e-05 	 3.68895e-05
     2.334 	 6.25003e-05 	 3.89008e-05
     2.335 	 6.57919e-05 	 4.09597e-05
     2.336 	 6.90591e-05 	 4.30049e-05
     2.337 	 7.23017e-05 	 4.50399e-05
     2.338 	 7.55139e-05 	 4.70478e-05
     2.339 	 7.85954e-05 	 4.89748e-05
     2.340 	 8.15874e-05 	 5.08524e-05
     2.341 	 8.43626e-05 	 5.25916e-05
     2.342 	 8.69304e-05 	 5.42133e-05
     2.343 	 8.93667e-05 	 5.57491e-05
     2.344 	 9.14129e-05 	 5.70359e-05
     2.345 	 9.33052e-05 	 5.82331e-05
     2.346 	 9.49692e-05 	 5.92944e-05
     2.347 	 9.62827e-05 	 6.01322e-05
     2.348 	 9.74045e-05 	 6.08439e-05
     2.349 	 9.80825e-05 	 6.12785e-05
     2.350 	 9.84459e-05 	 6.15167e-05
     2.351 	 9.85793e-05 	 6.16308e-05
     2.352 	 9.82708e-05 	 6.14493e-05
     2.353 	 9.78127e-05 	 6.11741e-05
     2.354 	 9.71149e-05 	 6.07618e-05
     2.355 	 9.61229e-05 	 6.01521e-05
     2.356 	 9.50216e-05 	 5.9486e-05
     2.357 	 9.38437e-05 	 5.87594e-05
     2.358 	 9.26487e-05 	 5.80283e-05
     2.359 	 9.14388e-05 	 5.72811e-05
     2.360 	  9.0246e-05 	 5.65443e-05
     2.361 	 8.91236e-05 	 5.5862e-05
     2.362 	 8.81482e-05 	 5.52663e-05
     2.363 	 8.73141e-05 	 5.47528e-05
     2.364 	 8.65534e-05 	 5.42906e-05
     2.365 	 8.59345e-05 	 5.39117e-05
     2.366 	 8.53808e-05 	 5.35844e-05
     2.367 	 8.48928e-05 	 5.32933e-05
     2.368 	 8.45162e-05 	 5.30659e-05
     2.369 	 8.41711e-05 	 5.28583e-05
     2.370 	 8.38713e-05 	 5.26791e-05
     2.371 	 8.36095e-05 	 5.25281e-05
     2.372 	   8.337e-05 	 5.23956e-05
     2.373 	 8.31822e-05 	 5.2285e-05
     2.374 	 8.30067e-05 	 5.21821e-05
     2.375 	 8.28458e-05 	 5.20995e-05
     2.376 	 8.27085e-05 	 5.20205e-05
     2.377 	 8.25643e-05 	 5.19477e-05
     2.378 	  8.2385e-05 	 5.18422e-05
     2.379 	 8.21016e-05 	 5.16712e-05
     2.380 	 8.17536e-05 	 5.14653e-05
     2.381 	 8.12508e-05 	 5.11577e-05
     2.382 	 8.06961e-05 	 5.08174e-05
     2.383 	 8.00685e-05 	 5.04412e-05
     2.384 	 7.93653e-05 	 5.0007e-05
     2.385 	 7.86274e-05 	 4.95563e-05
     2.386 	 7.78217e-05 	 4.90571e-05
     2.387 	 7.71235e-05 	 4.86255e-05
     2.388 	 7.64998e-05 	 4.82455e-05
     2.389 	 7.60882e-05 	 4.79943e-05
     2.390 	 7.57947e-05 	 4.78273e-05
     2.391 	 7.56918e-05 	 4.77793e-05
     2.392 	 7.59685e-05 	 4.79657e-05
     2.393 	 7.64406e-05 	 4.82755e-05
     2.394 	 7.73375e-05 	 4.88538e-05
     2.395 	 7.84193e-05 	 4.95493e-05
     2.396 	 7.96522e-05 	 5.03406e-05
     2.397 	 8.09999e-05 	 5.12104e-05
     2.398 	 8.23944e-05 	 5.21048e-05
     2.399 	 8.38687e-05 	 5.30607e-05
     2.400 	 8.50474e-05 	 5.38196e-05
     2.401 	 8.60432e-05 	 5.44579e-05
     2.402 	 8.65082e-05 	 5.47604e-05
     2.403 	 8.66668e-05 	 5.4869e-05
     2.404 	 8.65319e-05 	 5.47979e-05
     2.405 	 8.58446e-05 	 5.43708e-05
     2.406 	 8.49208e-05 	 5.37938e-05
     2.407 	 8.35727e-05 	 5.29478e-05
     2.408 	 8.19023e-05 	 5.18972e-05
     2.409 	 8.00817e-05 	 5.07563e-05
     2.410 	 7.82293e-05 	 4.95998e-05
     2.411 	 7.63592e-05 	 4.84251e-05
     2.412 	 7.44684e-05 	 4.72367e-05
     2.413 	  7.2783e-05 	 4.61833e-05
     2.414 	 7.12167e-05 	 4.51996e-05
     2.415 	 6.99027e-05 	 4.43758e-05
     2.416 	 6.87928e-05 	 4.36811e-05
     2.417 	  6.7805e-05 	 4.30637e-05
     2.418 	 6.70793e-05 	 4.26125e-05
     2.419 	 6.64709e-05 	 4.22356e-05
     2.420 	 6.60181e-05 	 4.19574e-05
     2.421 	 6.57657e-05 	 4.18106e-05
     2.422 	 6.55813e-05 	 4.17068e-05
     2.423 	 6.54869e-05 	 4.16603e-05
     2.424 	 6.55163e-05 	 4.16925e-05
     2.425 	 6.56261e-05 	 4.17759e-05
     2.426 	 6.59737e-05 	 4.20155e-05
     2.427 	 6.64032e-05 	 4.23113e-05
     2.428 	 6.69604e-05 	 4.26802e-05
     2.429 	 6.76597e-05 	 4.31398e-05
     2.430 	 6.84267e-05 	 4.36431e-05
     2.431 	  6.9327e-05 	 4.4236e-05
     2.432 	 7.01908e-05 	 4.48062e-05
     2.433 	 7.10269e-05 	 4.53591e-05
     2.434 	 7.17906e-05 	 4.58662e-05
     2.435 	 7.24813e-05 	 4.63271e-05
     2.436 	  7.3042e-05 	 4.67052e-05
     2.437 	 7.34419e-05 	 4.69808e-05
     2.438 	 7.37553e-05 	 4.72012e-05
     2.439 	 7.38707e-05 	 4.72951e-05
     2.440 	  7.3917e-05 	 4.73447e-05
     2.441 	 7.39004e-05 	 4.73547e-05
     2.442 	 7.37994e-05 	 4.73106e-05
     2.443 	 7.36617e-05 	 4.72429e-05
     2.444 	 7.34593e-05 	 4.71336e-05
     2.445 	 7.32678e-05 	 4.70312e-05
     2.446 	 7.30691e-05 	 4.69241e-05
     2.447 	 7.27545e-05 	 4.67424e-05
     2.448 	 7.23794e-05 	 4.65118e-05
     2.449 	 7.19398e-05 	 4.62493e-05
     2.450 	 7.13331e-05 	 4.58793e-05
     2.451 	 7.06544e-05 	 4.54615e-05
     2.452 	 6.98435e-05 	 4.49583e-05
     2.453 	 6.89215e-05 	 4.43741e-05
     2.454 	 6.79361e-05 	 4.37577e-05
     2.455 	 6.68356e-05 	 4.30667e-05
     2.456 	 6.56982e-05 	 4.23513e-05
     2.457 	 6.45153e-05 	 4.16059e-05
     2.458 	 6.33405e-05 	 4.08651e-05
     2.459 	 6.21899e-05 	 4.01393e-05
     2.460 	 6.11176e-05 	 3.94635e-05
     2.461 	 6.01012e-05 	 3.88211e-05
     2.462 	 5.91204e-05 	 3.82053e-05
     2.463 	 5.82581e-05 	 3.76655e-05
     2.464 	  5.7451e-05 	 3.71609e-05
     2.465 	 5.67254e-05 	 3.67086e-05
     2.466 	 5.61032e-05 	 3.63228e-05
     2.467 	 5.55227e-05 	 3.59636e-05
     2.468 	 5.50069e-05 	 3.56459e-05
     2.469 	 5.45604e-05 	 3.53618e-05
     2.470 	 5.41647e-05 	 3.51215e-05
     2.471 	 5.39039e-05 	 3.49711e-05
     2.472 	  5.3722e-05 	 3.48717e-05
     2.473 	 5.36716e-05 	 3.48575e-05
     2.474 	 5.37636e-05 	 3.4936e-05
     2.475 	 5.39247e-05 	 3.50519e-05
     2.476 	 5.42193e-05 	 3.52621e-05
     2.477 	 5.45871e-05 	 3.55202e-05
     2.478 	 5.50177e-05 	 3.58194e-05
     2.479 	  5.5276e-05 	 3.59993e-05
     2.480 	 5.54545e-05 	 3.61308e-05
     2.481 	 5.54922e-05 	 3.61741e-05
     2.482 	  5.5334e-05 	 3.60898e-05
     2.483 	 5.50555e-05 	 3.59268e-05
     2.484 	 5.44249e-05 	 3.55337e-05
     2.485 	 5.36061e-05 	 3.50135e-05
     2.486 	 5.25976e-05 	 3.43725e-05
     2.487 	 5.12895e-05 	 3.35282e-05
     2.488 	 4.98679e-05 	 3.26158e-05
     2.489 	 4.82506e-05 	 3.15708e-05
     2.490 	 4.64562e-05 	 3.04124e-05
     2.491 	 4.45798e-05 	 2.91963e-05
     2.492 	 4.27588e-05 	 2.80127e-05
     2.493 	 4.09115e-05 	 2.68053e-05
     2.494 	 3.90323e-05 	 2.55848e-05
     2.495 	 4.80692e-05 	 3.15215e-05
     2.496 	 5.84233e-05 	 3.83231e-05
     2.497 	 6.68184e-05 	 4.38483e-05
     2.498 	  7.3654e-05 	 4.83542e-05
     2.499 	 7.97167e-05 	 5.23455e-05
     2.500 	 8.96071e-05 	 5.88582e-05
     2.501 	 9.55081e-05 	 6.27566e-05
     2.502 	 9.95567e-05 	 6.54401e-05
     2.503 	 0.000103016 	 6.77306e-05
     2.504 	 0.000106167 	 6.98128e-05
     2.505 	 0.000109233 	 7.18545e-05
     2.506 	 9.95281e-05 	 6.54799e-05
     2.507 	  8.8059e-05 	 5.79547e-05
     2.508 	 7.82031e-05 	 5.14759e-05
     2.509 	 7.10793e-05 	 4.67981e-05
     2.510 	 6.37209e-05 	 4.19682e-05
     2.511 	 5.64333e-05 	 3.71828e-05
     2.512 	  4.9506e-05 	 3.26209e-05
     2.513 	 4.49969e-05 	 2.96612e-05
     2.514 	 4.08173e-05 	 2.69136e-05
     2.515 	  3.6806e-05 	 2.4278e-05
     2.516 	 3.28601e-05 	 2.16792e-05
     2.517 	 2.93941e-05 	 1.93978e-05
     2.518 	 2.66343e-05 	 1.75816e-05
     2.519 	  2.4151e-05 	 1.59452e-05
     2.520 	 2.14544e-05 	 1.41687e-05
     2.521 	 1.98573e-05 	 1.31191e-05
     2.522 	 1.87924e-05 	 1.24166e-05
     2.523 	  1.7855e-05 	 1.18019e-05
     2.524 	 1.63527e-05 	 1.08119e-05
     2.525 	  1.4838e-05 	 9.81429e-06
     2.526 	 1.39247e-05 	 9.21194e-06
     2.527 	 1.35221e-05 	 8.94812e-06
     2.528 	 1.31798e-05 	 8.72413e-06
     2.529 	 1.22651e-05 	 8.1193e-06
     2.530 	 1.15935e-05 	 7.6777e-06
     2.531 	 1.12024e-05 	 7.42118e-06
     2.532 	 1.03684e-05 	 6.87034e-06
     2.533 	 9.65968e-06 	 6.40287e-06
     2.534 	 9.35876e-06 	 6.20615e-06
     2.535 	 9.50492e-06 	 6.30458e-06
     2.536 	 9.36724e-06 	 6.21532e-06
     2.537 	 9.56656e-06 	 6.35038e-06
     2.538 	 1.00098e-05 	 6.64479e-06
     2.539 	 1.06118e-05 	 7.04752e-06
     2.540 	 1.02071e-05 	 6.781e-06
     2.541 	 9.55588e-06 	 6.34967e-06
     2.542 	 9.04398e-06 	 6.01132e-06
     2.543 	 9.03695e-06 	 6.00908e-06
     2.544 	 8.94754e-06 	 5.9502e-06
     2.545 	 8.89145e-06 	 5.91529e-06
     2.546 	 8.94951e-06 	 5.95447e-06
     2.547 	  9.2485e-06 	 6.15527e-06
     2.548 	 7.83814e-06 	 5.21816e-06
     2.549 	 6.58764e-06 	 4.38606e-06
     2.550 	 5.84803e-06 	 3.8952e-06
     2.551 	 6.12825e-06 	 4.08303e-06
     2.552 	 6.94329e-06 	 4.62695e-06
     2.553 	 7.70363e-06 	 5.13512e-06
     2.554 	 8.19095e-06 	 5.46213e-06
     2.555 	 7.94073e-06 	 5.29571e-06
     2.556 	 7.11978e-06 	 4.75009e-06
     2.557 	 6.62611e-06 	 4.42155e-06
     2.558 	 6.74371e-06 	 4.50089e-06
     2.559 	 7.62135e-06 	 5.08809e-06
     2.560 	 8.55368e-06 	 5.71216e-06
     2.561 	 9.16761e-06 	 6.12335e-06
     2.562 	 9.29555e-06 	 6.21061e-06
     2.563 	 9.19087e-06 	 6.14312e-06
     2.564 	 9.05658e-06 	 6.05389e-06
     2.565 	  9.2016e-06 	 6.15262e-06
     2.566 	 9.85411e-06 	 6.59087e-06
     2.567 	 1.01778e-05 	 6.80795e-06
     2.568 	 1.05952e-05 	 7.08997e-06
     2.569 	 1.10155e-05 	 7.37335e-06
     2.570 	 1.13343e-05 	 7.58737e-06
     2.571 	 9.57095e-06 	 6.40946e-06
     2.572 	 8.51978e-06 	 5.70712e-06
     2.573 	 8.08345e-06 	 5.41585e-06
     2.574 	 7.92197e-06 	 5.30915e-06
     2.575 	 8.11095e-06 	 5.43733e-06
     2.576 	 8.23417e-06 	 5.52039e-06
     2.577 	  8.3363e-06 	 5.59042e-06
     2.578 	 8.68478e-06 	 5.82575e-06
     2.579 	 8.09048e-06 	 5.42809e-06
     2.580 	 7.67905e-06 	 5.15349e-06
     2.581 	 7.72421e-06 	 5.18525e-06
     2.582 	  8.3852e-06 	 5.63117e-06
     2.583 	 8.81169e-06 	 5.91803e-06
     2.584 	 9.23662e-06 	 6.20517e-06
     2.585 	 9.70098e-06 	 6.51965e-06
     2.586 	 9.84861e-06 	 6.61937e-06
     2.587 	 9.14853e-06 	 6.14994e-06
     2.588 	 8.24183e-06 	 5.54256e-06
     2.589 	 7.48167e-06 	 5.03277e-06
     2.590 	 6.99505e-06 	 4.70577e-06
     2.591 	 6.38288e-06 	 4.29576e-06
     2.592 	 5.86073e-06 	 3.94558e-06
     2.593 	 5.62515e-06 	 3.78816e-06
     2.594 	  5.2585e-06 	 3.54202e-06
     2.595 	 4.78311e-06 	 3.2228e-06
     2.596 	 4.12528e-06 	 2.78043e-06
     2.597 	 3.16271e-06 	 2.13256e-06
     2.598 	 3.22929e-06 	 2.17768e-06
     2.599 	 3.27779e-06 	 2.21084e-06
     2.600 	 3.36781e-06 	 2.27226e-06
     2.601 	  3.8169e-06 	 2.57618e-06
     2.602 	 3.58768e-06 	 2.42207e-06
     2.603 	 3.36091e-06 	 2.26953e-06
     2.604 	 3.54083e-06 	 2.39139e-06
     2.605 	   5.214e-06 	 3.52227e-06
     2.606 	 6.31972e-06 	 4.27027e-06
     2.607 	 6.91684e-06 	 4.6749e-06
     2.608 	 7.03235e-06 	 4.75464e-06
     2.609 	 6.78591e-06 	 4.58914e-06
     2.610 	 7.13863e-06 	 4.82885e-06
     2.611 	 7.70725e-06 	 5.21488e-06
     2.612 	 8.34047e-06 	 5.64544e-06
     2.613 	 9.12863e-06 	 6.18058e-06
     2.614 	 9.67324e-06 	 6.55106e-06
     2.615 	 9.60071e-06 	 6.50367e-06
     2.616 	 8.63113e-06 	 5.84904e-06
     2.617 	 7.76942e-06 	 5.26649e-06
     2.618 	 7.33223e-06 	 4.97146e-06
     2.619 	 7.18501e-06 	 4.87292e-06
     2.620 	 7.20416e-06 	 4.88773e-06
     2.621 	 7.18434e-06 	 4.87568e-06
     2.622 	 6.92234e-06 	 4.69921e-06
     2.623 	 6.47469e-06 	 4.39659e-06
     2.624 	 5.93426e-06 	 4.03076e-06
     2.625 	 5.21054e-06 	 3.54057e-06
     2.626 	 4.47256e-06 	 3.03998e-06
     2.627 	 3.72757e-06 	 2.53434e-06
     2.628 	 2.94348e-06 	 2.00181e-06
     2.629 	 3.09898e-06 	 2.10816e-06
     2.630 	  3.7039e-06 	 2.52065e-06
     2.631 	 4.47085e-06 	 3.0434e-06
     2.632 	 4.55219e-06 	 3.09959e-06
     2.633 	 4.12318e-06 	 2.80821e-06
     2.634 	 3.66755e-06 	 2.49854e-06
     2.635 	 3.38635e-06 	 2.30783e-06
     2.636 	 3.57824e-06 	 2.43924e-06
     2.637 	 3.67329e-06 	 2.50469e-06
     2.638 	 3.70659e-06 	 2.52806e-06
     2.639 	 3.67286e-06 	 2.50571e-06
     2.640 	 3.15247e-06 	 2.15147e-06
     2.641 	  2.3335e-06 	 1.59298e-06
     2.642 	 1.49941e-06 	 1.02385e-06
     2.643 	 8.89207e-07 	 6.07346e-07
     2.644 	 1.13753e-06 	 7.77163e-07
     2.645 	  1.4603e-06 	 9.97945e-07
     2.646 	 2.10335e-06 	 1.43793e-06
     2.647 	 3.44309e-06 	 2.35445e-06
     2.648 	 5.13619e-06 	 3.51316e-06
     2.649 	 6.29108e-06 	 4.30424e-06
     2.650 	 7.17826e-06 	 4.91253e-06
     2.651 	 8.48276e-06 	 5.80654e-06
     2.652 	 9.25552e-06 	 6.33756e-06
     2.653 	 9.82845e-06 	 6.73132e-06
     2.654 	 1.02083e-05 	 6.99299e-06
     2.655 	  1.0233e-05 	 7.01142e-06
     2.656 	 9.89842e-06 	 6.78364e-06
     2.657 	 9.39115e-06 	 6.43739e-06
     2.658 	 8.64612e-06 	 5.92796e-06
     2.659 	  7.0138e-06 	 4.81035e-06
     2.660 	 6.64034e-06 	 4.5552e-06
     2.661 	 6.50736e-06 	 4.46482e-06
     2.662 	 6.18022e-06 	 4.24118e-06
     2.663 	 5.48005e-06 	 3.7614e-06
     2.664 	 4.95445e-06 	 3.40128e-06
     2.665 	  4.6551e-06 	 3.19639e-06
     2.666 	 4.63334e-06 	 3.18238e-06
     2.667 	 4.99242e-06 	 3.42966e-06
     2.668 	 4.58597e-06 	 3.15104e-06
     2.669 	 4.17717e-06 	 2.87069e-06
     2.670 	 4.57525e-06 	 3.14485e-06
     2.671 	 4.31961e-06 	 2.96979e-06
     2.672 	 4.14678e-06 	 2.8513e-06
     2.673 	 4.20823e-06 	 2.89418e-06
     2.674 	 4.73915e-06 	 3.26004e-06
     2.675 	 5.11893e-06 	 3.52243e-06
     2.676 	  5.3981e-06 	 3.71533e-06
     2.677 	  5.5604e-06 	 3.82709e-06
     2.678 	 5.53712e-06 	 3.81189e-06
     2.679 	  5.4781e-06 	 3.77208e-06
     2.680 	 5.31239e-06 	 3.65877e-06
     2.681 	 5.02256e-06 	 3.45984e-06
     2.682 	 4.58991e-06 	 3.16244e-06
     2.683 	 4.43069e-06 	 3.05334e-06
     2.684 	 4.57924e-06 	 3.15667e-06
     2.685 	 4.96826e-06 	 3.42552e-06
     2.686 	 4.92382e-06 	 3.39555e-06
     2.687 	 4.70295e-06 	 3.24388e-06
     2.688 	 4.39376e-06 	 3.03121e-06
     2.689 	 4.05359e-06 	 2.79708e-06
     2.690 	 3.98748e-06 	 2.75116e-06
     2.691 	 3.91171e-06 	 2.69915e-06
     2.692 	 3.84699e-06 	 2.65476e-06
     2.693 	  3.8109e-06 	 2.63012e-06
     2.694 	 3.56157e-06 	 2.45829e-06
     2.695 	 3.50353e-06 	 2.41872e-06
     2.696 	 3.70197e-06 	 2.55597e-06
     2.697 	 4.26305e-06 	 2.94305e-06
     2.698 	 4.50486e-06 	 3.11029e-06
     2.699 	  4.5351e-06 	 3.13147e-06
     2.700 	 4.51673e-06 	 3.11877e-06
     2.701 	  4.7659e-06 	 3.2917e-06
     2.702 	 5.25398e-06 	 3.6294e-06
     2.703 	 5.66509e-06 	 3.91404e-06
     2.704 	 5.82165e-06 	 4.02286e-06
     2.705 	 5.26741e-06 	 3.64047e-06
     2.706 	 4.76857e-06 	 3.29624e-06
     2.707 	 4.09456e-06 	 2.8308e-06
     2.708 	 3.29509e-06 	 2.27869e-06
     2.709 	 2.97864e-06 	 2.06019e-06
     2.710 	 2.89526e-06 	 2.00284e-06
     2.711 	 2.87726e-06 	 1.99051e-06
     2.712 	 2.84215e-06 	 1.96634e-06
     2.713 	 2.60454e-06 	 1.80206e-06
     2.714 	 2.35381e-06 	 1.62868e-06
     2.715 	 2.19341e-06 	 1.51778e-06
     2.716 	 2.17787e-06 	 1.50712e-06
     2.717 	 1.64461e-06 	 1.13828e-06
     2.718 	  1.4645e-06 	 1.01368e-06
     2.719 	  1.3973e-06 	 9.67222e-07
     2.720 	 1.20771e-06 	 8.36034e-07
     2.721 	 1.20224e-06 	 8.32333e-07
     2.722 	 1.05343e-06 	 7.29383e-07
     2.723 	 7.57727e-07 	 5.24695e-07
     2.724 	 3.10984e-07 	 2.15388e-07
     2.725 	  2.1535e-07 	 1.49167e-07
     2.726 	  1.8755e-07 	 1.29924e-07
     2.727 	 1.87337e-07 	 1.29789e-07
     2.728 	 1.86345e-07 	 1.29115e-07
     2.729 	  1.8621e-07 	 1.29034e-07
     2.730 	 1.91514e-07 	 1.32723e-07
     2.731 	 2.72983e-07 	 1.89209e-07
     2.732 	 7.24011e-07 	 5.01792e-07
     2.733 	 1.23477e-06 	 8.55904e-07
     2.734 	 1.46534e-06 	 1.01587e-06
     2.735 	 1.36134e-06 	 9.439e-07
     2.736 	 1.36134e-06 	 9.44032e-07
     2.737 	 1.40309e-06 	 9.73118e-07
     2.738 	  1.4878e-06 	 1.03201e-06
     2.739 	 1.60899e-06 	 1.11623e-06
     2.740 	 1.60899e-06 	 1.11615e-06
     2.741 	 1.60794e-06 	 1.11558e-06
     2.742 	 1.45363e-06 	 1.00866e-06
     2.743 	 1.01738e-06 	 7.06121e-07
     2.744 	 8.96131e-07 	 6.22052e-07
     2.745 	 9.03031e-07 	 6.26799e-07
     2.746 	 9.56626e-07 	 6.64091e-07
     2.747 	 9.56626e-07 	 6.64114e-07
     2.748 	  9.0502e-07 	 6.28373e-07
     2.749 	 8.10981e-07 	 5.63041e-07
     2.750 	 7.37093e-07 	 5.11812e-07
     2.751 	 8.08662e-07 	 5.61582e-07
     2.752 	 1.25899e-06 	 8.74254e-07
     2.753 	 2.17359e-06 	 1.50956e-06
     2.754 	 3.15622e-06 	 2.19229e-06
     2.755 	 2.92085e-06 	 2.02845e-06
     2.756 	 2.80949e-06 	 1.95137e-06
     2.757 	 2.76462e-06 	 1.92046e-06
     2.758 	 2.76453e-06 	 1.92026e-06
     2.759 	 2.76385e-06 	 1.92004e-06
     2.760 	 2.93972e-06 	 2.04186e-06
     2.761 	 3.13848e-06 	 2.18052e-06
     2.762 	 3.27935e-06 	 2.27857e-06
     2.763 	 3.14598e-06 	 2.18651e-06
     2.764 	 2.37102e-06 	 1.64785e-06
     2.765 	 1.86991e-06 	 1.29994e-06
     2.766 	 2.18854e-06 	 1.52157e-06
     2.767 	 2.19318e-06 	 1.52506e-06
     2.768 	 2.29169e-06 	 1.59367e-06
     2.769 	 2.38809e-06 	 1.66117e-06
     2.770 	 2.38809e-06 	 1.66112e-06
     2.771 	 2.29085e-06 	 1.59358e-06
     2.772 	 2.10595e-06 	 1.46535e-06
     2.773 	 1.83282e-06 	 1.27525e-06
     2.774 	  1.4613e-06 	 1.01692e-06
     2.775 	 1.24581e-06 	 8.671e-07
     2.776 	 1.01035e-06 	 7.03258e-07
     2.777 	 8.81567e-07 	 6.13592e-07
     2.778 	 1.22157e-06 	 8.50293e-07
     2.779 	 1.14214e-06 	 7.94969e-07
     2.780 	 1.07412e-06 	 7.47821e-07
     2.781 	 1.05461e-06 	 7.34335e-07
     2.782 	  9.2652e-07 	 6.45294e-07
     2.783 	 9.10415e-07 	 6.34161e-07
     2.784 	 9.15524e-07 	 6.37868e-07
     2.785 	 9.11606e-07 	 6.35221e-07
     2.786 	 8.75538e-07 	 6.10167e-07
     2.787 	 8.29954e-07 	 5.78533e-07
     2.788 	 7.72114e-07 	 5.38284e-07
     2.789 	   7.051e-07 	 4.91629e-07
     2.790 	 7.04982e-07 	 4.9166e-07
     2.791 	 7.12934e-07 	 4.97308e-07
     2.792 	 7.47511e-07 	 5.21429e-07
     2.793 	 8.23798e-07 	 5.7482e-07
     2.794 	  8.1327e-07 	 5.67591e-07
     2.795 	 8.65274e-07 	 6.04008e-07
     2.796 	 9.67303e-07 	 6.75368e-07
     2.797 	 1.10827e-06 	 7.73792e-07
     2.798 	   9.371e-07 	 6.54415e-07
     2.799 	  6.9686e-07 	 4.86795e-07
     2.800 	 4.89718e-07 	 3.42095e-07
     2.801 	 4.89718e-07 	 3.42194e-07
     2.802 	  4.7774e-07 	 3.33852e-07
     2.803 	 4.27961e-07 	 2.99151e-07
     2.804 	 3.63522e-07 	 2.54128e-07
     2.805 	 3.63689e-07 	 2.54319e-07
     2.806 	 2.91772e-07 	 2.04024e-07
     2.807 	 1.61795e-07 	 1.13157e-07
     2.808 	 1.05089e-08 	 7.3504e-09
     2.809 	 1.05089e-08 	 7.351e-09
     2.810 	 1.31695e-07 	 9.21473e-08
     2.811 	 2.42455e-07 	 1.69677e-07
     2.812 	 3.70985e-07 	 2.59674e-07
     2.813 	 1.25476e-06 	 8.78532e-07
     2.814 	 1.88774e-06 	 1.32196e-06
     2.815 	 2.22175e-06 	 1.55615e-06
     2.816 	 2.22282e-06 	 1.55718e-06
     2.817 	 2.25952e-06 	 1.58302e-06
     2.818 	  2.3819e-06 	 1.66906e-06
     2.819 	 2.63316e-06 	 1.84584e-06
     2.820 	   3.064e-06 	 2.14803e-06
     2.821 	 3.07494e-06 	 2.15632e-06
     2.822 	 3.04054e-06 	 2.1328e-06
     2.823 	 2.75472e-06 	 1.93267e-06
     2.824 	 1.87094e-06 	 1.313e-06
     2.825 	 1.46172e-06 	 1.0261e-06
     2.826 	   1.304e-06 	 9.15554e-07
     2.827 	 1.33881e-06 	 9.40262e-07
     2.828 	 1.49364e-06 	 1.04898e-06
     2.829 	 1.60479e-06 	 1.12724e-06
     2.830 	 1.65654e-06 	 1.1638e-06
     2.831 	 1.70311e-06 	 1.19693e-06
     2.832 	  1.9616e-06 	 1.37894e-06
     2.833 	 2.30321e-06 	 1.61964e-06
     2.834 	 2.70113e-06 	 1.89954e-06
     2.835 	 3.08708e-06 	 2.17171e-06
     2.836 	  3.0567e-06 	 2.15086e-06
     2.837 	 3.05278e-06 	 2.14863e-06
     2.838 	 3.00398e-06 	 2.11458e-06
     2.839 	 2.88003e-06 	 2.02783e-06
     2.840 	 2.75382e-06 	 1.93963e-06
     2.841 	 2.58295e-06 	 1.81927e-06
     2.842 	 2.40594e-06 	 1.6951e-06
     2.843 	 2.24943e-06 	 1.58547e-06
     2.844 	  2.0202e-06 	 1.42404e-06
     2.845 	 1.67976e-06 	 1.18442e-06
     2.846 	 1.36017e-06 	 9.59459e-07
     2.847 	 1.21862e-06 	 8.59691e-07
     2.848 	 1.27971e-06 	 9.0306e-07
     2.849 	 1.34707e-06 	 9.50583e-07
     2.850 	  1.3699e-06 	 9.67083e-07
     2.851 	  1.2673e-06 	 8.94759e-07
     2.852 	 1.03626e-06 	 7.31876e-07
     2.853 	  1.1105e-06 	 7.84403e-07
     2.854 	 1.43611e-06 	 1.01483e-06
     2.855 	 1.72405e-06 	 1.21845e-06
     2.856 	  1.9513e-06 	 1.37951e-06
     2.857 	 2.28676e-06 	 1.61669e-06
     2.858 	 2.70634e-06 	 1.91375e-06
     2.859 	 2.91235e-06 	 2.0601e-06
     2.860 	 2.93508e-06 	 2.07642e-06
     2.861 	 2.90438e-06 	 2.05553e-06
     2.862 	 2.87094e-06 	 2.03226e-06
     2.863 	 2.88427e-06 	 2.04188e-06
     2.864 	 2.63024e-06 	 1.86298e-06
     2.865 	 2.58354e-06 	 1.83026e-06
     2.866 	 2.99843e-06 	 2.12459e-06
     2.867 	 3.14877e-06 	 2.23201e-06
     2.868 	 2.96913e-06 	 2.10486e-06
     2.869 	 2.65839e-06 	 1.88494e-06
     2.870 	 2.38577e-06 	 1.69231e-06
     2.871 	 3.22846e-06 	 2.29051e-06
     2.872 	 3.98262e-06 	 2.82639e-06
     2.873 	 4.51445e-06 	 3.20477e-06
     2.874 	 4.63641e-06 	 3.29198e-06
     2.875 	 4.85517e-06 	 3.44797e-06
     2.876 	   4.937e-06 	 3.50676e-06
     2.877 	 4.96925e-06 	 3.53108e-06
     2.878 	  5.1872e-06 	 3.68627e-06
     2.879 	 6.25707e-06 	 4.44742e-06
     2.880 	 7.11592e-06 	 5.05884e-06
     2.881 	 7.50729e-06 	 5.3393e-06
     2.882 	 7.09908e-06 	 5.05002e-06
     2.883 	 7.04452e-06 	 5.01225e-06
     2.884 	 7.66392e-06 	 5.4541e-06
     2.885 	  8.7742e-06 	 6.24685e-06
     2.886 	 8.59667e-06 	 6.12108e-06
     2.887 	 8.36125e-06 	 5.9547e-06
     2.888 	 8.21818e-06 	 5.85402e-06
     2.889 	 8.13973e-06 	 5.80056e-06
     2.890 	 6.83898e-06 	 4.87412e-06
     2.891 	 6.22554e-06 	 4.43793e-06
     2.892 	 5.85695e-06 	 4.17612e-06
     2.893 	 5.44265e-06 	 3.88119e-06
     2.894 	 5.16466e-06 	 3.68456e-06
     2.895 	  4.1285e-06 	 2.94631e-06
     2.896 	 3.06561e-06 	 2.18828e-06
     2.897 	 2.79999e-06 	 1.99892e-06
     2.898 	 2.25144e-06 	 1.60767e-06
     2.899 	 1.73618e-06 	 1.24028e-06
     2.900 	 1.37113e-06 	 9.7962e-07
     2.901 	 1.35595e-06 	 9.69001e-07
     2.902 	 1.31844e-06 	 9.42417e-07
     2.903 	 1.36314e-06 	 9.74495e-07
     2.904 	 1.44744e-06 	 1.035e-06
     2.905 	 1.42159e-06 	 1.01676e-06
     2.906 	 1.73855e-06 	 1.24362e-06
     2.907 	 1.91412e-06 	 1.36939e-06
     2.908 	 1.97898e-06 	 1.41568e-06
     2.909 	 2.54929e-06 	 1.82408e-06
     2.910 	 3.09495e-06 	 2.21503e-06
     2.911 	 3.74616e-06 	 2.68139e-06
     2.912 	 4.49239e-06 	 3.21621e-06
     2.913 	 4.83317e-06 	 3.46094e-06
     2.914 	 5.07763e-06 	 3.63525e-06
     2.915 	 5.22264e-06 	 3.73987e-06
     2.916 	 5.24764e-06 	 3.7582e-06
     2.917 	 4.87493e-06 	 3.49202e-06
     2.918 	 4.77313e-06 	 3.41984e-06
     2.919 	 4.58898e-06 	 3.28757e-06
     2.920 	 4.01022e-06 	 2.87326e-06
     2.921 	 3.33025e-06 	 2.38627e-06
     2.922 	 2.79422e-06 	 2.00255e-06
     2.923 	 2.42394e-06 	 1.73732e-06
     2.924 	 2.26132e-06 	 1.62072e-06
     2.925 	 2.32382e-06 	 1.66548e-06
     2.926 	 2.21739e-06 	 1.58949e-06
     2.927 	 2.03403e-06 	 1.45817e-06
     2.928 	 2.03028e-06 	 1.45544e-06
     2.929 	 2.00933e-06 	 1.44069e-06
     2.930 	 2.05082e-06 	 1.47055e-06
     2.931 	 2.13277e-06 	 1.52939e-06
     2.932 	  2.1373e-06 	 1.53239e-06
     2.933 	 1.86121e-06 	 1.33464e-06
     2.934 	 1.66262e-06 	 1.1923e-06
     2.935 	 1.61195e-06 	 1.15613e-06
     2.936 	 1.55341e-06 	 1.1142e-06
     2.937 	 1.44851e-06 	 1.03868e-06
     2.938 	 1.40291e-06 	 1.00614e-06
     2.939 	  1.4529e-06 	 1.04204e-06
     2.940 	  1.4529e-06 	 1.0422e-06
     2.941 	 1.38168e-06 	 9.91125e-07
     2.942 	 1.36325e-06 	 9.78021e-07
     2.943 	 1.49355e-06 	 1.07129e-06
     2.944 	 2.24353e-06 	 1.60943e-06
     2.945 	 2.65409e-06 	 1.90377e-06
     2.946 	 2.79292e-06 	 2.00339e-06
     2.947 	 2.71017e-06 	 1.94426e-06
     2.948 	 3.49544e-06 	 2.50765e-06
     2.949 	 3.97405e-06 	 2.85134e-06
     2.950 	 4.26702e-06 	 3.06159e-06
     2.951 	 4.63953e-06 	 3.32878e-06
     2.952 	 4.80525e-06 	 3.44795e-06
     2.953 	 4.79553e-06 	 3.44089e-06
     2.954 	 4.53471e-06 	 3.254e-06
     2.955 	 3.78307e-06 	 2.71458e-06
     2.956 	 3.28336e-06 	 2.35594e-06
     2.957 	 2.85331e-06 	 2.04753e-06
     2.958 	 2.53462e-06 	 1.81879e-06
     2.959 	 2.67928e-06 	 1.92315e-06
     2.960 	  3.0557e-06 	 2.19351e-06
     2.961 	 3.48408e-06 	 2.50072e-06
     2.962 	 3.88145e-06 	 2.78561e-06
     2.963 	 4.05293e-06 	 2.90864e-06
     2.964 	 4.31149e-06 	 3.09449e-06
     2.965 	 4.49429e-06 	 3.22565e-06
     2.966 	 4.53113e-06 	 3.2517e-06
     2.967 	 4.82223e-06 	 3.46129e-06
     2.968 	 5.06488e-06 	 3.63503e-06
     2.969 	 4.91018e-06 	 3.52471e-06
     2.970 	 4.03976e-06 	 2.89985e-06
     2.971 	 4.08935e-06 	 2.93543e-06
     2.972 	 3.66076e-06 	 2.62749e-06
     2.973 	 3.10328e-06 	 2.22735e-06
     2.974 	  2.8903e-06 	 2.07404e-06
     2.975 	 2.96264e-06 	 2.12639e-06
     2.976 	 3.38477e-06 	 2.42936e-06
     2.977 	 3.98354e-06 	 2.85879e-06
     2.978 	 4.40481e-06 	 3.16111e-06
     2.979 	 4.81937e-06 	 3.45933e-06
     2.980 	 5.28974e-06 	 3.79734e-06
     2.981 	 5.59079e-06 	 4.01234e-06
     2.982 	 4.91757e-06 	 3.52933e-06
     2.983 	 4.72446e-06 	 3.39052e-06
     2.984 	 4.68709e-06 	 3.36384e-06
     2.985 	  4.7988e-06 	 3.44415e-06
     2.986 	 5.48414e-06 	 3.9366e-06
     2.987 	 5.90219e-06 	 4.23732e-06
     2.988 	 6.03523e-06 	 4.333e-06
     2.989 	 5.86995e-06 	 4.21451e-06
     2.990 	  5.4852e-06 	 3.93842e-06
     2.991 	 4.86598e-06 	 3.49366e-06
     2.992 	 4.55166e-06 	 3.26855e-06
     2.993 	 4.91372e-06 	 3.52838e-06
     2.994 	 5.95564e-06 	 4.27729e-06
     2.995 	 6.60479e-06 	 4.74377e-06
     2.996 	 6.65254e-06 	 4.77889e-06
     2.997 	  5.8312e-06 	 4.18868e-06
     2.998 	 5.80336e-06 	 4.16939e-06
     2.999 	 5.43397e-06 	 3.90467e-06
     3.000 	 4.93189e-06 	 3.54373e-06
     3.001 	 4.69092e-06 	 3.37112e-06
     3.002 	 4.69829e-06 	 3.37658e-06
     3.003 	 4.44618e-06 	 3.19487e-06
     3.004 	 3.92654e-06 	 2.82162e-06
     3.005 	 3.22506e-06 	 2.3179e-06
     3.006 	 3.40855e-06 	 2.4499e-06
     3.007 	  3.8556e-06 	 2.77165e-06
     3.008 	 4.29845e-06 	 3.09015e-06
     3.009 	 4.10192e-06 	 2.94901e-06
     3.010 	 4.44678e-06 	 3.19745e-06
     3.011 	  4.6996e-06 	 3.37897e-06
     3.012 	 4.69549e-06 	 3.3761e-06
     3.013 	 4.74525e-06 	 3.41126e-06
     3.014 	  4.9581e-06 	 3.56436e-06
     3.015 	 5.15347e-06 	 3.7049e-06
     3.016 	 5.22153e-06 	 3.75435e-06
     3.017 	 4.87872e-06 	 3.50796e-06
     3.018 	 4.63714e-06 	 3.33434e-06
     3.019 	 4.41068e-06 	 3.17193e-06
     3.020 	  4.1317e-06 	 2.97138e-06
     3.021 	 5.03533e-06 	 3.62098e-06
     3.022 	 6.55496e-06 	 4.71397e-06
     3.023 	 8.15239e-06 	 5.86234e-06
     3.024 	 9.13591e-06 	 6.56985e-06
     3.025 	 9.88955e-06 	 7.11285e-06
     3.026 	 1.07221e-05 	 7.7111e-06
     3.027 	 1.14536e-05 	 8.23838e-06
     3.028 	 1.16673e-05 	 8.39244e-06
     3.029 	 1.17099e-05 	 8.42248e-06
     3.030 	 1.19396e-05 	 8.58894e-06
     3.031 	 1.21683e-05 	 8.75393e-06
     3.032 	 1.16234e-05 	 8.36236e-06
     3.033 	 1.14364e-05 	 8.22742e-06
     3.034 	 1.13651e-05 	 8.17741e-06
     3.035 	 1.12394e-05 	 8.08739e-06
     3.036 	 1.04498e-05 	 7.51963e-06
     3.037 	  9.8284e-06 	 7.07212e-06
     3.038 	 9.74206e-06 	 7.01036e-06
     3.039 	 1.02826e-05 	 7.4005e-06
     3.040 	 1.06382e-05 	 7.65683e-06
     3.041 	  1.0633e-05 	 7.65367e-06
     3.042 	  1.0529e-05 	 7.57933e-06
     3.043 	  1.0438e-05 	 7.51354e-06
     3.044 	 8.71254e-06 	 6.27063e-06
     3.045 	 7.44911e-06 	 5.36283e-06
     3.046 	 6.67402e-06 	 4.80464e-06
     3.047 	 6.45322e-06 	 4.64652e-06
     3.048 	 5.93165e-06 	 4.27082e-06
     3.049 	 4.91095e-06 	 3.53692e-06
     3.050 	 3.92866e-06 	 2.82906e-06
     3.051 	 3.85447e-06 	 2.776e-06
     3.052 	 4.27888e-06 	 3.08107e-06
     3.053 	 4.70552e-06 	 3.38836e-06
     3.054 	 5.27229e-06 	 3.79698e-06
     3.055 	  6.4584e-06 	 4.65081e-06
     3.056 	 7.05133e-06 	 5.07735e-06
     3.057 	 7.66587e-06 	 5.52057e-06
     3.058 	 8.31881e-06 	 5.9903e-06
     3.059 	 8.61811e-06 	 6.20662e-06
     3.060 	  8.6588e-06 	 6.23609e-06
     3.061 	 8.33931e-06 	 6.00625e-06
     3.062 	 7.60286e-06 	 5.47551e-06
     3.063 	 6.33363e-06 	 4.56162e-06
     3.064 	 5.10561e-06 	 3.67695e-06
     3.065 	 3.96676e-06 	 2.8566e-06
     3.066 	 3.01085e-06 	 2.16831e-06
     3.067 	 3.26422e-06 	 2.35064e-06
     3.068 	 3.38079e-06 	 2.43522e-06
     3.069 	 3.34631e-06 	 2.41024e-06
     3.070 	 3.14169e-06 	 2.26296e-06
     3.071 	  3.4631e-06 	 2.49398e-06
     3.072 	 3.58865e-06 	 2.58471e-06
     3.073 	 3.70489e-06 	 2.6679e-06
     3.074 	 4.04469e-06 	 2.91295e-06
     3.075 	 4.66345e-06 	 3.35791e-06
     3.076 	 5.65784e-06 	 4.07443e-06
     3.077 	  6.8309e-06 	 4.91873e-06
     3.078 	 7.80674e-06 	 5.6215e-06
     3.079 	 7.99185e-06 	 5.75426e-06
     3.080 	 8.18062e-06 	 5.89029e-06
     3.081 	 8.33846e-06 	 6.00476e-06
     3.082 	 8.02562e-06 	 5.77783e-06
     3.083 	 8.32861e-06 	 5.99553e-06
     3.084 	 8.68565e-06 	 6.25276e-06
     3.085 	 8.91341e-06 	 6.41694e-06
     3.086 	  8.7433e-06 	 6.29468e-06
     3.087 	 8.00907e-06 	 5.76567e-06
     3.088 	 6.92846e-06 	 4.98792e-06
     3.089 	 5.69937e-06 	 4.10321e-06
     3.090 	  5.5662e-06 	 4.00747e-06
     3.091 	 5.72186e-06 	 4.11915e-06
     3.092 	 6.16796e-06 	 4.43989e-06
     3.093 	 6.86976e-06 	 4.94409e-06
     3.094 	 6.21932e-06 	 4.47603e-06
     3.095 	 5.73666e-06 	 4.12784e-06
     3.096 	 5.53687e-06 	 3.98372e-06
     3.097 	 5.75348e-06 	 4.14007e-06
     3.098 	 6.46885e-06 	 4.65441e-06
     3.099 	 7.02839e-06 	 5.056e-06
     3.100 	 7.41378e-06 	 5.33445e-06
     3.101 	  7.6035e-06 	 5.46985e-06
     3.102 	 7.72003e-06 	 5.55316e-06
     3.103 	 7.92549e-06 	 5.69979e-06
     3.104 	 8.27547e-06 	 5.95218e-06
     3.105 	 8.88386e-06 	 6.38984e-06
     3.106 	  9.1747e-06 	 6.59842e-06
     3.107 	 9.02826e-06 	 6.49385e-06
     3.108 	 8.50023e-06 	 6.11281e-06
     3.109 	 7.87161e-06 	 5.6608e-06
     3.110 	 7.81507e-06 	 5.62021e-06
     3.111 	 8.00971e-06 	 5.76027e-06
     3.112 	 8.25386e-06 	 5.9366e-06
     3.113 	 7.78928e-06 	 5.60195e-06
     3.114 	 7.16588e-06 	 5.15315e-06
     3.115 	 6.96744e-06 	 5.01053e-06
     3.116 	 7.46111e-06 	 5.36506e-06
     3.117 	 8.18402e-06 	 5.88561e-06
     3.118 	 9.46943e-06 	 6.80942e-06
     3.119 	 1.06634e-05 	 7.66732e-06
     3.120 	 1.12744e-05 	 8.10935e-06
     3.121 	 1.11804e-05 	 8.04044e-06
     3.122 	 1.12792e-05 	 8.11192e-06
     3.123 	  1.1622e-05 	 8.35713e-06
     3.124 	 1.22905e-05 	 8.83829e-06
     3.125 	 1.29453e-05 	 9.31161e-06
     3.126 	 1.31163e-05 	 9.43309e-06
     3.127 	 1.29242e-05 	 9.29543e-06
     3.128 	 1.26029e-05 	 9.06576e-06
     3.129 	 1.10427e-05 	 7.94218e-06
     3.130 	 9.80051e-06 	 7.04913e-06
     3.131 	 9.12469e-06 	 6.56434e-06
     3.132 	 9.21915e-06 	 6.63223e-06
     3.133 	 8.93562e-06 	 6.42682e-06
     3.134 	 8.89495e-06 	 6.39816e-06
     3.135 	 9.14531e-06 	 6.57818e-06
     3.136 	 9.22802e-06 	 6.63828e-06
     3.137 	 9.64513e-06 	 6.93898e-06
     3.138 	 1.02511e-05 	 7.37484e-06
     3.139 	 1.10161e-05 	 7.92593e-06
     3.140 	 1.20935e-05 	 8.70102e-06
     3.141 	 1.27745e-05 	 9.1916e-06
     3.142 	 1.31941e-05 	 9.49316e-06
     3.143 	 1.33864e-05 	 9.63218e-06
     3.144 	 1.26146e-05 	 9.07744e-06
     3.145 	 1.17142e-05 	 8.43007e-06
     3.146 	 1.10015e-05 	 7.9169e-06
     3.147 	 1.07836e-05 	 7.76061e-06
     3.148 	 1.04976e-05 	 7.55451e-06
     3.149 	 1.02863e-05 	 7.40295e-06
     3.150 	  1.0375e-05 	 7.4665e-06
     3.151 	 1.11221e-05 	 8.00475e-06
     3.152 	 1.20545e-05 	 8.67555e-06
     3.153 	 1.20147e-05 	 8.64844e-06
     3.154 	 1.13462e-05 	 8.16701e-06
     3.155 	 1.10005e-05 	 7.91875e-06
     3.156 	 1.05758e-05 	 7.6144e-06
     3.157 	 1.02644e-05 	 7.39073e-06
     3.158 	 1.01601e-05 	 7.31541e-06
     3.159 	 1.05051e-05 	 7.56435e-06
     3.160 	 9.88699e-06 	 7.11906e-06
     3.161 	 9.03954e-06 	 6.50938e-06
     3.162 	 8.14081e-06 	 5.86206e-06
     3.163 	 7.02085e-06 	 5.05599e-06
     3.164 	  7.0476e-06 	 5.07513e-06
     3.165 	 7.46064e-06 	 5.37356e-06
     3.166 	 7.89509e-06 	 5.68633e-06
     3.167 	 7.85592e-06 	 5.65857e-06
     3.168 	 7.35866e-06 	 5.30026e-06
     3.169 	 6.40881e-06 	 4.61647e-06
     3.170 	 5.00256e-06 	 3.60341e-06
     3.171 	 5.15191e-06 	 3.71141e-06
     3.172 	 5.41181e-06 	 3.89868e-06
     3.173 	 5.56069e-06 	 4.00514e-06
     3.174 	 5.33327e-06 	 3.84178e-06
     3.175 	 4.78232e-06 	 3.44494e-06
     3.176 	 4.46667e-06 	 3.21759e-06
     3.177 	 4.60941e-06 	 3.32079e-06
     3.178 	 5.61756e-06 	 4.0463e-06
     3.179 	  6.9212e-06 	 4.98587e-06
     3.180 	 7.97497e-06 	 5.74563e-06
     3.181 	 8.50658e-06 	 6.12781e-06
     3.182 	 7.87215e-06 	 5.67122e-06
     3.183 	 6.67232e-06 	 4.8072e-06
     3.184 	 5.76615e-06 	 4.15421e-06
     3.185 	 5.30012e-06 	 3.81874e-06
     3.186 	 5.09454e-06 	 3.67013e-06
     3.187 	 5.01589e-06 	 3.61374e-06
     3.188 	 4.77976e-06 	 3.44316e-06
     3.189 	 4.23772e-06 	 3.05292e-06
     3.190 	 3.02628e-06 	 2.17989e-06
     3.191 	 2.02307e-06 	 1.45736e-06
     3.192 	 1.58911e-06 	 1.14471e-06
     3.193 	 1.94315e-06 	 1.39998e-06
     3.194 	 2.64054e-06 	 1.90236e-06
     3.195 	 3.25553e-06 	 2.34535e-06
     3.196 	  3.8954e-06 	 2.80595e-06
     3.197 	  4.6566e-06 	 3.35449e-06
     3.198 	 5.76807e-06 	 4.15503e-06
     3.199 	 6.26446e-06 	 4.51245e-06
     3.200 	 6.51024e-06 	 4.68933e-06
     3.201 	 7.02172e-06 	 5.05651e-06
     3.202 	 8.28991e-06 	 5.96892e-06
     3.203 	 9.61731e-06 	 6.9244e-06
     3.204 	 1.08671e-05 	 7.82312e-06
     3.205 	 1.18488e-05 	 8.52774e-06
     3.206 	 1.30464e-05 	 9.38832e-06
     3.207 	  1.4089e-05 	 1.01361e-05
     3.208 	 1.47985e-05 	 1.0645e-05
     3.209 	 1.47229e-05 	 1.0588e-05
     3.210 	 1.51088e-05 	 1.08629e-05
     3.211 	 1.56336e-05 	 1.12397e-05
     3.212 	 1.60408e-05 	 1.15307e-05
     3.213 	 1.52778e-05 	 1.09817e-05
     3.214 	 1.40209e-05 	 1.00777e-05
     3.215 	 1.26901e-05 	 9.11979e-06
     3.216 	 1.14689e-05 	 8.24092e-06
     3.217 	 1.03868e-05 	 7.46303e-06
     3.218 	  9.1781e-06 	 6.5922e-06
     3.219 	  7.9812e-06 	 5.73164e-06
     3.220 	 6.89503e-06 	 4.95087e-06
     3.221 	 6.04276e-06 	 4.33756e-06
     3.222 	 5.81217e-06 	 4.1716e-06
     3.223 	  5.9142e-06 	 4.24482e-06
     3.224 	 6.05661e-06 	 4.34567e-06
     3.225 	 6.07878e-06 	 4.36158e-06
     3.226 	 5.88038e-06 	 4.21792e-06
     3.227 	  5.4442e-06 	 3.90464e-06
     3.228 	 4.72165e-06 	 3.38537e-06
     3.229 	 4.65326e-06 	 3.33598e-06
     3.230 	 4.76512e-06 	 3.41512e-06
     3.231 	 5.00486e-06 	 3.58628e-06
     3.232 	 5.38808e-06 	 3.86099e-06
     3.233 	 5.52889e-06 	 3.96117e-06
     3.234 	 5.67866e-06 	 4.06774e-06
     3.235 	 5.89167e-06 	 4.22088e-06
     3.236 	 6.18119e-06 	 4.4275e-06
     3.237 	 6.89802e-06 	 4.94006e-06
     3.238 	 7.76343e-06 	 5.55883e-06
     3.239 	 8.61717e-06 	 6.1684e-06
     3.240 	 8.88549e-06 	 6.35932e-06
     3.241 	 9.09905e-06 	 6.51266e-06
     3.242 	 9.14171e-06 	 6.54234e-06
     3.243 	 8.89851e-06 	 6.36814e-06
     3.244 	 7.50903e-06 	 5.37307e-06
     3.245 	 6.45795e-06 	 4.6199e-06
     3.246 	 5.83446e-06 	 4.17332e-06
     3.247 	 5.74598e-06 	 4.1095e-06
     3.248 	 6.02916e-06 	 4.31147e-06
     3.249 	 6.08179e-06 	 4.34854e-06
     3.250 	 6.03173e-06 	 4.31132e-06
     3.251 	 6.05369e-06 	 4.32679e-06
     3.252 	 6.45399e-06 	 4.61265e-06
     3.253 	 7.17391e-06 	 5.12639e-06
     3.254 	 8.32632e-06 	 5.94957e-06
     3.255 	 1.02116e-05 	 7.29631e-06
     3.256 	 1.24286e-05 	 8.87813e-06
     3.257 	 1.35416e-05 	 9.67268e-06
     3.258 	 1.35567e-05 	 9.68294e-06
     3.259 	 1.31683e-05 	 9.40409e-06
     3.260 	 1.34695e-05 	 9.61671e-06
     3.261 	 1.38452e-05 	 9.88481e-06
     3.262 	 1.40363e-05 	 1.00211e-05
     3.263 	 1.34604e-05 	 9.60783e-06
     3.264 	 1.24465e-05 	 8.88307e-06
     3.265 	 1.11013e-05 	 7.92288e-06
     3.266 	 9.43838e-06 	 6.73462e-06
     3.267 	 7.26215e-06 	 5.18171e-06
     3.268 	 6.21958e-06 	 4.4373e-06
     3.269 	  5.6847e-06 	 4.05479e-06
     3.270 	 5.27443e-06 	 3.76211e-06
     3.271 	 4.96081e-06 	 3.53776e-06
     3.272 	 4.76221e-06 	 3.39584e-06
     3.273 	 4.68191e-06 	 3.33796e-06
     3.274 	 4.73332e-06 	 3.3747e-06
     3.275 	 4.88828e-06 	 3.48453e-06
     3.276 	 5.02488e-06 	 3.58161e-06
     3.277 	 5.19068e-06 	 3.69909e-06
     3.278 	 5.47638e-06 	 3.90279e-06
     3.279 	  6.3191e-06 	 4.50252e-06
     3.280 	 6.98089e-06 	 4.97366e-06
     3.281 	 7.22943e-06 	 5.14955e-06
     3.282 	 6.61088e-06 	 4.70885e-06
     3.283 	 5.92691e-06 	 4.22156e-06
     3.284 	 5.62614e-06 	 4.00682e-06
     3.285 	 5.66354e-06 	 4.03378e-06
     3.286 	 5.46408e-06 	 3.89083e-06
     3.287 	 5.19347e-06 	 3.69766e-06
     3.288 	 5.08164e-06 	 3.61834e-06
     3.289 	 5.17305e-06 	 3.68295e-06
     3.290 	 5.18935e-06 	 3.69371e-06
     3.291 	 5.37887e-06 	 3.82902e-06
     3.292 	 5.62835e-06 	 4.00622e-06
     3.293 	 5.88566e-06 	 4.18852e-06
     3.294 	  6.2219e-06 	 4.42829e-06
     3.295 	 6.27622e-06 	 4.4665e-06
     3.296 	 6.42814e-06 	 4.57369e-06
     3.297 	  6.9946e-06 	 4.97727e-06
     3.298 	 7.57502e-06 	 5.38921e-06
     3.299 	 7.48772e-06 	 5.32713e-06
     3.300 	 6.87472e-06 	 4.89103e-06
     3.301 	 5.88311e-06 	 4.18517e-06
     3.302 	 5.37927e-06 	 3.8272e-06
     3.303 	  5.4665e-06 	 3.88852e-06
     3.304 	 6.07912e-06 	 4.32525e-06
     3.305 	 7.12581e-06 	 5.06899e-06
     3.306 	 8.53249e-06 	 6.07034e-06
     3.307 	  9.4429e-06 	 6.71746e-06
     3.308 	 9.85469e-06 	 7.01049e-06
     3.309 	 1.01319e-05 	 7.20781e-06
     3.310 	 1.10759e-05 	 7.87946e-06
     3.311 	 1.19402e-05 	 8.49385e-06
     3.312 	 1.24571e-05 	 8.86283e-06
     3.313 	 1.21863e-05 	 8.66967e-06
     3.314 	 1.14573e-05 	 8.15139e-06
     3.315 	 1.05006e-05 	 7.47028e-06
     3.316 	  9.3847e-06 	 6.67604e-06
     3.317 	 7.93772e-06 	 5.64693e-06
     3.318 	 7.41589e-06 	 5.27593e-06
     3.319 	 7.46316e-06 	 5.3087e-06
     3.320 	 7.85578e-06 	 5.58881e-06
     3.321 	 7.34806e-06 	 5.22689e-06
     3.322 	 7.01099e-06 	 4.98748e-06
     3.323 	 6.84107e-06 	 4.86694e-06
     3.324 	 6.84898e-06 	 4.87242e-06
     3.325 	 7.70057e-06 	 5.47808e-06
     3.326 	 8.12624e-06 	 5.78188e-06
     3.327 	  8.1802e-06 	 5.8201e-06
     3.328 	 7.97624e-06 	 5.67421e-06
     3.329 	 7.71847e-06 	 5.49067e-06
     3.330 	 7.40066e-06 	 5.26496e-06
     3.331 	 7.20393e-06 	 5.12541e-06
     3.332 	 7.60581e-06 	 5.41065e-06
     3.333 	 7.97373e-06 	 5.67225e-06
     3.334 	 8.31632e-06 	 5.91703e-06
     3.335 	 8.45247e-06 	 6.01314e-06
     3.336 	 7.61244e-06 	 5.41597e-06
     3.337 	 6.98399e-06 	 4.96822e-06
     3.338 	 6.64085e-06 	 4.72498e-06
     3.339 	 6.55619e-06 	 4.66465e-06
     3.340 	 6.30319e-06 	 4.48407e-06
     3.341 	 5.88757e-06 	 4.18831e-06
     3.342 	 5.20955e-06 	 3.70591e-06
     3.343 	 4.24029e-06 	 3.01634e-06
     3.344 	 3.58605e-06 	 2.55141e-06
     3.345 	 3.41538e-06 	 2.42967e-06
     3.346 	 3.64806e-06 	 2.59515e-06
     3.347 	 4.24749e-06 	 3.02152e-06
     3.348 	 4.72327e-06 	 3.35954e-06
     3.349 	  4.9171e-06 	 3.49734e-06
     3.350 	 4.89282e-06 	 3.48001e-06
     3.351 	 4.71389e-06 	 3.35341e-06
     3.352 	 4.67428e-06 	 3.32485e-06
     3.353 	 4.95532e-06 	 3.52509e-06
     3.354 	 5.53981e-06 	 3.94085e-06
     3.355 	 6.40403e-06 	 4.55512e-06
     3.356 	 6.45672e-06 	 4.59257e-06
     3.357 	  6.0444e-06 	 4.29926e-06
     3.358 	   5.388e-06 	 3.83194e-06
     3.359 	 5.01698e-06 	 3.56878e-06
     3.360 	 5.21766e-06 	 3.7115e-06
     3.361 	  5.4111e-06 	 3.84914e-06
     3.362 	 5.40247e-06 	 3.84263e-06
     3.363 	 4.89535e-06 	 3.48197e-06
     3.364 	 4.39821e-06 	 3.1284e-06
     3.365 	 3.76681e-06 	 2.67931e-06
     3.366 	 2.96864e-06 	 2.1116e-06
     3.367 	 2.30514e-06 	 1.63949e-06
     3.368 	 2.09659e-06 	 1.49118e-06
     3.369 	 2.22978e-06 	 1.58641e-06
     3.370 	 2.63322e-06 	 1.87346e-06
     3.371 	 2.54157e-06 	 1.80808e-06
     3.372 	 2.52617e-06 	 1.79715e-06
     3.373 	 2.54395e-06 	 1.80981e-06
     3.374 	 2.55537e-06 	 1.81795e-06
     3.375 	 2.58268e-06 	 1.8374e-06
     3.376 	 2.63764e-06 	 1.87632e-06
     3.377 	 2.77249e-06 	 1.97227e-06
     3.378 	 3.07646e-06 	 2.18852e-06
     3.379 	 3.86218e-06 	 2.7475e-06
     3.380 	 4.58311e-06 	 3.26105e-06
     3.381 	 5.14564e-06 	 3.66134e-06
     3.382 	 5.42933e-06 	 3.86282e-06
     3.383 	  5.2445e-06 	 3.73135e-06
     3.384 	 5.37031e-06 	 3.82088e-06
     3.385 	 5.88335e-06 	 4.18594e-06
     3.386 	 6.54475e-06 	 4.65655e-06
     3.387 	 7.21802e-06 	 5.13562e-06
     3.388 	 7.86348e-06 	 5.59605e-06
     3.389 	  8.3784e-06 	 5.96253e-06
     3.390 	 8.13404e-06 	 5.78807e-06
     3.391 	 7.71096e-06 	 5.48704e-06
     3.392 	  7.3244e-06 	 5.21202e-06
     3.393 	 7.10554e-06 	 5.05631e-06
     3.394 	 7.43547e-06 	 5.29113e-06
     3.395 	 7.27614e-06 	 5.17885e-06
     3.396 	 6.83158e-06 	 4.86296e-06
     3.397 	 6.23867e-06 	 4.44094e-06
     3.398 	 5.74471e-06 	 4.08935e-06
     3.399 	 5.61122e-06 	 3.99436e-06
     3.400 	 5.72158e-06 	 4.07252e-06
     3.401 	 5.95252e-06 	 4.23782e-06
     3.402 	 5.78654e-06 	 4.11971e-06
     3.403 	 5.91105e-06 	 4.20927e-06
     3.404 	 6.34233e-06 	 4.51645e-06
     3.405 	 7.07202e-06 	 5.03666e-06
     3.406 	 7.76923e-06 	 5.53441e-06
     3.407 	 8.18182e-06 	 5.8284e-06
     3.408 	 8.28078e-06 	 5.89898e-06
     3.409 	 8.04978e-06 	 5.73568e-06
     3.410 	 8.63149e-06 	 6.15026e-06
     3.411 	 9.14208e-06 	 6.51545e-06
     3.412 	 9.39459e-06 	 6.69615e-06
     3.413 	 9.47413e-06 	 6.7529e-06
     3.414 	 9.12564e-06 	 6.50589e-06
     3.415 	 8.54761e-06 	 6.09385e-06
     3.416 	 7.81808e-06 	 5.57493e-06
     3.417 	  7.0509e-06 	 5.02792e-06
     3.418 	 6.84988e-06 	 4.8861e-06
     3.419 	 7.03233e-06 	 5.0163e-06
     3.420 	 7.45416e-06 	 5.31724e-06
     3.421 	 6.45477e-06 	 4.60512e-06
     3.422 	 5.65865e-06 	 4.03656e-06
     3.423 	 5.19877e-06 	 3.70913e-06
     3.424 	 5.22747e-06 	 3.72985e-06
     3.425 	 5.85819e-06 	 4.18058e-06
     3.426 	 6.75939e-06 	 4.82353e-06
     3.427 	 7.94713e-06 	 5.67089e-06
     3.428 	 9.48553e-06 	 6.7698e-06
     3.429 	 1.10238e-05 	 7.86737e-06
     3.430 	 1.18021e-05 	 8.42424e-06
     3.431 	 1.18866e-05 	 8.48563e-06
     3.432 	 1.15153e-05 	 8.22245e-06
     3.433 	 1.11762e-05 	 7.98051e-06
     3.434 	 1.09733e-05 	 7.83742e-06
     3.435 	  1.0876e-05 	 7.76812e-06
     3.436 	 1.07037e-05 	 7.64605e-06
     3.437 	 1.03856e-05 	 7.42127e-06
     3.438 	 9.78466e-06 	 6.99204e-06
     3.439 	 8.79902e-06 	 6.28915e-06
     3.440 	 7.05563e-06 	 5.04318e-06
     3.441 	 5.96385e-06 	 4.26375e-06
     3.442 	 5.32693e-06 	 3.80847e-06
     3.443 	 5.09528e-06 	 3.64366e-06
     3.444 	 5.53239e-06 	 3.95672e-06
     3.445 	 5.57386e-06 	 3.98646e-06
     3.446 	 5.25895e-06 	 3.76207e-06
     3.447 	 4.59498e-06 	 3.28716e-06
     3.448 	  3.7974e-06 	 2.71719e-06
     3.449 	 3.41588e-06 	 2.44424e-06
     3.450 	 3.46446e-06 	 2.47981e-06
     3.451 	 3.99644e-06 	 2.86058e-06
     3.452 	 4.57848e-06 	 3.27786e-06
     3.453 	 4.93689e-06 	 3.53444e-06
     3.454 	 4.94928e-06 	 3.5433e-06
     3.455 	 4.37676e-06 	 3.13405e-06
     3.456 	 4.21944e-06 	 3.02139e-06
     3.457 	 4.14067e-06 	 2.96588e-06
     3.458 	 4.00691e-06 	 2.87006e-06
     3.459 	 3.54247e-06 	 2.53791e-06
     3.460 	 3.17447e-06 	 2.27426e-06
     3.461 	 3.15137e-06 	 2.25773e-06
     3.462 	 3.45459e-06 	 2.47549e-06
     3.463 	 3.72287e-06 	 2.66775e-06
     3.464 	 3.60269e-06 	 2.58218e-06
     3.465 	 3.59337e-06 	 2.57578e-06
     3.466 	 3.86379e-06 	 2.76965e-06
     3.467 	 4.26271e-06 	 3.05626e-06
     3.468 	 4.39504e-06 	 3.15116e-06
     3.469 	 4.56603e-06 	 3.27446e-06
     3.470 	 4.94971e-06 	 3.54963e-06
     3.471 	  5.4624e-06 	 3.91783e-06
     3.472 	 5.58295e-06 	 4.00522e-06
     3.473 	  5.4804e-06 	 3.93215e-06
     3.474 	 5.29071e-06 	 3.79693e-06
     3.475 	 5.51424e-06 	 3.95746e-06
     3.476 	 5.44128e-06 	 3.9052e-06
     3.477 	 5.06778e-06 	 3.63798e-06
     3.478 	 4.37632e-06 	 3.14169e-06
     3.479 	 4.12053e-06 	 2.95815e-06
     3.480 	 3.95591e-06 	 2.84062e-06
     3.481 	 3.76239e-06 	 2.70197e-06
     3.482 	 3.32689e-06 	 2.38973e-06
     3.483 	 2.64522e-06 	 1.90011e-06
     3.484 	 1.95666e-06 	 1.40552e-06
     3.485 	 1.38533e-06 	 9.95332e-07
     3.486 	 1.25101e-06 	 8.98837e-07
     3.487 	 1.42877e-06 	 1.02657e-06
     3.488 	 1.63275e-06 	 1.17338e-06
     3.489 	 1.78456e-06 	 1.2825e-06
     3.490 	 1.88924e-06 	 1.35774e-06
     3.491 	 1.83413e-06 	 1.31834e-06
     3.492 	 1.75981e-06 	 1.26524e-06
     3.493 	 1.75823e-06 	 1.26416e-06
     3.494 	 2.21386e-06 	 1.59184e-06
     3.495 	 2.43811e-06 	 1.75352e-06
     3.496 	 2.44842e-06 	 1.76103e-06
     3.497 	  2.2451e-06 	 1.61487e-06
     3.498 	 1.98227e-06 	 1.42589e-06
     3.499 	  2.2125e-06 	 1.5919e-06
     3.500 	 2.84905e-06 	 2.05e-06
     3.501 	 3.82813e-06 	 2.7545e-06
     3.502 	  4.2691e-06 	 3.07181e-06
     3.503 	 4.57133e-06 	 3.28962e-06
     3.504 	 4.62617e-06 	 3.32977e-06
     3.505 	  4.1807e-06 	 3.00915e-06
     3.506 	 4.31483e-06 	 3.1057e-06
     3.507 	 4.73201e-06 	 3.40599e-06
     3.508 	  5.2778e-06 	 3.79885e-06
     3.509 	 5.62561e-06 	 4.04921e-06
     3.510 	 5.42875e-06 	 3.90753e-06
     3.511 	 4.76163e-06 	 3.42815e-06
     3.512 	 3.78987e-06 	 2.72861e-06
     3.513 	 3.21838e-06 	 2.31722e-06
     3.514 	 2.96937e-06 	 2.13801e-06
     3.515 	 3.15506e-06 	 2.27178e-06
     3.516 	 3.77298e-06 	 2.71679e-06
     3.517 	 4.34646e-06 	 3.12983e-06
     3.518 	 4.88629e-06 	 3.51866e-06
     3.519 	 5.29026e-06 	 3.80968e-06
     3.520 	 5.48527e-06 	 3.95144e-06
     3.521 	 5.29243e-06 	 3.81262e-06
     3.522 	 5.20236e-06 	 3.74783e-06
     3.523 	 5.21501e-06 	 3.75703e-06
     3.524 	 5.33796e-06 	 3.8453e-06
     3.525 	 5.47623e-06 	 3.945e-06
     3.526 	 5.43614e-06 	 3.91622e-06
     3.527 	 5.22973e-06 	 3.76761e-06
     3.528 	 4.86148e-06 	 3.5024e-06
     3.529 	 3.79693e-06 	 2.73553e-06
     3.530 	 3.00326e-06 	 2.16378e-06
     3.531 	 2.53311e-06 	 1.8251e-06
     3.532 	 2.37913e-06 	 1.71422e-06
     3.533 	 2.42371e-06 	 1.7464e-06
     3.534 	 2.96951e-06 	 2.13974e-06
     3.535 	 3.99072e-06 	 2.87569e-06
     3.536 	 5.26056e-06 	 3.79045e-06
     3.537 	 5.42736e-06 	 3.91076e-06
     3.538 	  5.1524e-06 	 3.71276e-06
     3.539 	 4.72564e-06 	 3.40536e-06
     3.540 	 4.86738e-06 	 3.50761e-06
     3.541 	 5.42033e-06 	 3.90612e-06
     3.542 	 6.23785e-06 	 4.49531e-06
     3.543 	 7.22379e-06 	 5.20588e-06
     3.544 	 7.83899e-06 	 5.64869e-06
     3.545 	 7.36345e-06 	 5.30607e-06
     3.546 	 6.32709e-06 	 4.55931e-06
     3.547 	 5.07668e-06 	 3.6583e-06
     3.548 	 4.95053e-06 	 3.56744e-06
     3.549 	  4.9325e-06 	 3.55448e-06
     3.550 	 4.90977e-06 	 3.53814e-06
     3.551 	 4.75912e-06 	 3.42933e-06
     3.552 	 4.24431e-06 	 3.05848e-06
     3.553 	 3.54692e-06 	 2.55603e-06
     3.554 	 2.77414e-06 	 1.99921e-06
     3.555 	 2.09028e-06 	 1.50643e-06
     3.556 	 1.87614e-06 	 1.35201e-06
     3.557 	 1.65535e-06 	 1.19294e-06
     3.558 	 1.40426e-06 	 1.01203e-06
     3.559 	 1.19748e-06 	 8.63038e-07
     3.560 	 1.18692e-06 	 8.55457e-07
     3.561 	  1.1967e-06 	 8.62444e-07
     3.562 	 1.17229e-06 	 8.44882e-07
     3.563 	 1.02746e-06 	 7.40526e-07
     3.564 	 8.28496e-07 	 5.97147e-07
     3.565 	 7.10491e-07 	 5.12111e-07
     3.566 	 7.05759e-07 	 5.08664e-07
     3.567 	 6.89124e-07 	 4.96692e-07
     3.568 	  5.5304e-07 	 3.98622e-07
     3.569 	 3.54201e-07 	 2.55311e-07
     3.570 	 1.27889e-07 	 9.21769e-08
     3.571 	 4.51665e-08 	 3.25486e-08
     3.572 	 1.99653e-08 	 1.43882e-08
     3.573 	 8.63845e-08 	 6.22493e-08
     3.574 	 2.79428e-07 	 2.01365e-07
     3.575 	 6.83688e-07 	 4.92704e-07
     3.576 	 1.26889e-06 	 9.14465e-07
     3.577 	 1.88959e-06 	 1.3617e-06
     3.578 	 2.35192e-06 	 1.69492e-06
     3.579 	 2.90071e-06 	 2.09048e-06
     3.580 	 3.64909e-06 	 2.62963e-06
     3.581 	 4.43298e-06 	 3.19474e-06
     3.582 	 4.89183e-06 	 3.52567e-06
     3.583 	 5.19094e-06 	 3.74111e-06
     3.584 	  5.4227e-06 	 3.90841e-06
     3.585 	 5.55351e-06 	 4.00297e-06
     3.586 	 5.41613e-06 	 3.90381e-06
     3.587 	 5.16733e-06 	 3.72398e-06
     3.588 	 4.96047e-06 	 3.57515e-06
     3.589 	 4.77981e-06 	 3.44481e-06
     3.590 	 4.30547e-06 	 3.10317e-06
     3.591 	 3.55972e-06 	 2.56578e-06
     3.592 	 2.89441e-06 	 2.0861e-06
     3.593 	  2.4543e-06 	 1.76897e-06
     3.594 	 2.17907e-06 	 1.5705e-06
     3.595 	 1.98217e-06 	 1.42865e-06
     3.596 	 1.77943e-06 	 1.28258e-06
     3.597 	 1.51347e-06 	 1.09081e-06
     3.598 	 1.09925e-06 	 7.92299e-07
     3.599 	 7.40919e-07 	 5.33993e-07
     3.600 	 4.89551e-07 	 3.52843e-07
     3.601 	  4.0782e-07 	 2.93908e-07
     3.602 	 4.28264e-07 	 3.08647e-07
     3.603 	 6.77055e-07 	 4.87906e-07
     3.604 	 1.11108e-06 	 8.00692e-07
     3.605 	 1.67014e-06 	 1.2036e-06
     3.606 	 2.08442e-06 	 1.50202e-06
     3.607 	 2.43293e-06 	 1.75318e-06
     3.608 	 2.69946e-06 	 1.94507e-06
     3.609 	 2.81263e-06 	 2.02665e-06
     3.610 	 2.91199e-06 	 2.09805e-06
     3.611 	 2.96404e-06 	 2.13568e-06
     3.612 	  2.9578e-06 	 2.13107e-06
     3.613 	 2.87265e-06 	 2.06984e-06
     3.614 	  2.5384e-06 	 1.82891e-06
     3.615 	 2.06778e-06 	 1.48991e-06
     3.616 	 1.49955e-06 	 1.08043e-06
     3.617 	 8.81849e-07 	 6.35343e-07
     3.618 	 5.01649e-07 	 3.61442e-07
     3.619 	 3.89611e-07 	 2.80703e-07
     3.620 	 6.00623e-07 	 4.32756e-07
     3.621 	 1.54978e-06 	 1.11656e-06
     3.622 	 3.03947e-06 	 2.18993e-06
     3.623 	 4.80975e-06 	 3.46518e-06
     3.624 	 6.67135e-06 	 4.80606e-06
     3.625 	 7.41602e-06 	 5.34275e-06
     3.626 	 7.78343e-06 	 5.60709e-06
     3.627 	 8.01368e-06 	 5.7732e-06
     3.628 	 8.40644e-06 	 6.05576e-06
     3.629 	 8.58717e-06 	 6.18556e-06
     3.630 	 8.49073e-06 	 6.11635e-06
     3.631 	 8.02775e-06 	 5.7825e-06
     3.632 	 6.98445e-06 	 5.03123e-06
     3.633 	 5.66893e-06 	 4.08335e-06
     3.634 	 4.48356e-06 	 3.22933e-06
     3.635 	 3.58747e-06 	 2.58404e-06
     3.636 	 3.33446e-06 	 2.40214e-06
     3.637 	 3.26778e-06 	 2.35396e-06
     3.638 	 3.17492e-06 	 2.28718e-06
     3.639 	 3.08631e-06 	 2.22321e-06
     3.640 	 3.45648e-06 	 2.48971e-06
     3.641 	 4.01458e-06 	 2.89184e-06
     3.642 	 4.95202e-06 	 3.56688e-06
     3.643 	 6.29741e-06 	 4.53566e-06
     3.644 	  7.3699e-06 	 5.30835e-06
     3.645 	 7.88171e-06 	 5.67663e-06
     3.646 	 8.00206e-06 	 5.76295e-06
     3.647 	  7.8221e-06 	 5.63299e-06
     3.648 	 7.69008e-06 	 5.53816e-06
     3.649 	 7.54809e-06 	 5.43556e-06
     3.650 	 7.31324e-06 	 5.2661e-06
     3.651 	  6.8948e-06 	 4.96437e-06
     3.652 	 6.69212e-06 	 4.81854e-06
     3.653 	 6.23886e-06 	 4.49179e-06
     3.654 	 5.58803e-06 	 4.02287e-06
     3.655 	 4.82543e-06 	 3.47356e-06
     3.656 	 4.41223e-06 	 3.17619e-06
     3.657 	 4.63857e-06 	 3.33883e-06
     3.658 	 5.29662e-06 	 3.8114e-06
     3.659 	   5.839e-06 	 4.20133e-06
     3.660 	 6.29785e-06 	 4.5311e-06
     3.661 	 6.88584e-06 	 4.95437e-06
     3.662 	 7.56086e-06 	 5.43972e-06
     3.663 	 7.99191e-06 	 5.74949e-06
     3.664 	  7.8649e-06 	 5.65778e-06
     3.665 	 7.60194e-06 	 5.46829e-06
     3.666 	 7.33612e-06 	 5.27732e-06
     3.667 	 7.10876e-06 	 5.11346e-06
     3.668 	 6.75233e-06 	 4.85678e-06
     3.669 	 6.56618e-06 	 4.72261e-06
     3.670 	 6.68464e-06 	 4.80752e-06
     3.671 	 6.73579e-06 	 4.84416e-06
     3.672 	 6.32155e-06 	 4.54611e-06
     3.673 	 5.66246e-06 	 4.07244e-06
     3.674 	 4.91475e-06 	 3.53458e-06
     3.675 	  4.9135e-06 	 3.53321e-06
     3.676 	  5.2822e-06 	 3.79822e-06
     3.677 	 5.67075e-06 	 4.07749e-06
     3.678 	 5.64072e-06 	 4.05577e-06
     3.679 	 5.42659e-06 	 3.90169e-06
     3.680 	 5.02304e-06 	 3.61143e-06
     3.681 	 4.48786e-06 	 3.22579e-06
     3.682 	  3.9202e-06 	 2.81789e-06
     3.683 	 4.08696e-06 	 2.93758e-06
     3.684 	 4.85644e-06 	 3.49044e-06
     3.685 	 5.94908e-06 	 4.27548e-06
     3.686 	  6.5759e-06 	 4.72567e-06
     3.687 	 6.16861e-06 	 4.4327e-06
     3.688 	 5.71253e-06 	 4.1047e-06
     3.689 	 5.44602e-06 	 3.91296e-06
     3.690 	 5.40526e-06 	 3.88343e-06
     3.691 	 6.15669e-06 	 4.42315e-06
     3.692 	  7.1091e-06 	 5.10618e-06
     3.693 	 7.96748e-06 	 5.72253e-06
     3.694 	 7.99724e-06 	 5.74371e-06
     3.695 	 7.20799e-06 	 5.17669e-06
     3.696 	 6.15895e-06 	 4.42313e-06
     3.697 	 5.19943e-06 	 3.73392e-06
     3.698 	 5.09062e-06 	 3.65566e-06
     3.699 	  5.1319e-06 	 3.68518e-06
     3.700 	 5.28072e-06 	 3.79115e-06
     3.701 	 5.50453e-06 	 3.95203e-06
     3.702 	 5.23133e-06 	 3.7553e-06
     3.703 	 4.95737e-06 	 3.55844e-06
     3.704 	 4.78093e-06 	 3.4316e-06
     3.705 	 4.84456e-06 	 3.47637e-06
     3.706 	 5.35665e-06 	 3.84362e-06
     3.707 	 5.99016e-06 	 4.29796e-06
     3.708 	 6.58192e-06 	 4.72228e-06
     3.709 	 6.80407e-06 	 4.8804e-06
     3.710 	 6.96998e-06 	 4.99859e-06
     3.711 	 7.06502e-06 	 5.06672e-06
     3.712 	 7.04901e-06 	 5.0552e-06
     3.713 	 6.76851e-06 	 4.85303e-06
     3.714 	 6.70085e-06 	 4.80449e-06
     3.715 	 6.80361e-06 	 4.87764e-06
     3.716 	 7.00025e-06 	 5.01859e-06
     3.717 	 6.82823e-06 	 4.89424e-06
     3.718 	 6.15056e-06 	 4.40848e-06
     3.719 	 5.45721e-06 	 3.9115e-06
     3.720 	   4.976e-06 	 3.56584e-06
     3.721 	 4.62678e-06 	 3.31548e-06
     3.722 	 4.20366e-06 	 3.01219e-06
     3.723 	 3.72734e-06 	 2.67025e-06
     3.724 	 3.21205e-06 	 2.30102e-06
     3.725 	 2.96615e-06 	 2.1248e-06
     3.726 	 2.54676e-06 	 1.82432e-06
     3.727 	 2.19204e-06 	 1.56969e-06
     3.728 	 2.19454e-06 	 1.57144e-06
     3.729 	  2.8228e-06 	 2.02125e-06
     3.730 	 3.52321e-06 	 2.52218e-06
     3.731 	 4.20706e-06 	 3.01134e-06
     3.732 	 4.75978e-06 	 3.40688e-06
     3.733 	  4.9508e-06 	 3.5428e-06
     3.734 	 5.00769e-06 	 3.58343e-06
     3.735 	 4.91224e-06 	 3.51504e-06
     3.736 	 4.50894e-06 	 3.22572e-06
     3.737 	 4.40003e-06 	 3.14773e-06
     3.738 	  4.1462e-06 	 2.96577e-06
     3.739 	 3.70591e-06 	 2.65023e-06
     3.740 	 3.37116e-06 	 2.41078e-06
     3.741 	 3.14301e-06 	 2.24756e-06
     3.742 	  2.7463e-06 	 1.96382e-06
     3.743 	 2.13128e-06 	 1.52352e-06
     3.744 	 1.83863e-06 	 1.31428e-06
     3.745 	 1.75914e-06 	 1.25743e-06
     3.746 	 1.75139e-06 	 1.2516e-06
     3.747 	 1.72832e-06 	 1.23508e-06
     3.748 	 1.45961e-06 	 1.04303e-06
     3.749 	 1.29304e-06 	 9.2369e-07
     3.750 	 1.18587e-06 	 8.47109e-07
     3.751 	 1.10312e-06 	 7.87996e-07
     3.752 	 6.45455e-07 	 4.60975e-07
     3.753 	 4.72334e-07 	 3.37297e-07
     3.754 	 4.70739e-07 	 3.36157e-07
     3.755 	 4.70739e-07 	 3.36088e-07
     3.756 	 4.84939e-07 	 3.46225e-07
     3.757 	 7.23148e-07 	 5.16295e-07
     3.758 	 1.20265e-06 	 8.5846e-07
     3.759 	 1.94958e-06 	 1.39162e-06
     3.760 	 2.82699e-06 	 2.01771e-06
     3.761 	 3.25908e-06 	 2.32579e-06
     3.762 	  3.2548e-06 	 2.3222e-06
     3.763 	 3.18843e-06 	 2.27479e-06
     3.764 	 3.17491e-06 	 2.26508e-06
     3.765 	 3.17387e-06 	 2.26382e-06
     3.766 	 3.17206e-06 	 2.26246e-06
     3.767 	 3.15676e-06 	 2.25149e-06
     3.768 	 2.84511e-06 	 2.02916e-06
     3.769 	 2.30194e-06 	 1.64121e-06
     3.770 	 1.56343e-06 	 1.11464e-06
     3.771 	 8.72503e-07 	 6.22025e-07
     3.772 	 8.00629e-07 	 5.70764e-07
     3.773 	 9.17886e-07 	 6.54131e-07
     3.774 	 9.29099e-07 	 6.62098e-07
     3.775 	 9.29099e-07 	 6.62073e-07
     3.776 	 9.30539e-07 	 6.63074e-07
     3.777 	 9.35761e-07 	 6.66562e-07
     3.778 	 9.47811e-07 	 6.75121e-07
     3.779 	 1.41203e-06 	 1.00574e-06
     3.780 	 2.03511e-06 	 1.44949e-06
     3.781 	  2.6937e-06 	 1.91808e-06
     3.782 	 3.19226e-06 	 2.27297e-06
     3.783 	 3.48454e-06 	 2.48095e-06
     3.784 	  3.8954e-06 	 2.77334e-06
     3.785 	 4.32468e-06 	 3.07848e-06
     3.786 	 4.37232e-06 	 3.1116e-06
     3.787 	 4.37841e-06 	 3.11577e-06
     3.788 	  4.4246e-06 	 3.14848e-06
     3.789 	 4.44871e-06 	 3.16548e-06
     3.790 	 4.06781e-06 	 2.8943e-06
     3.791 	 3.52309e-06 	 2.50641e-06
     3.792 	 3.02338e-06 	 2.15041e-06
     3.793 	 2.65431e-06 	 1.88765e-06
     3.794 	 2.49587e-06 	 1.77493e-06
     3.795 	 2.51823e-06 	 1.79079e-06
     3.796 	 2.78024e-06 	 1.97706e-06
     3.797 	 3.31227e-06 	 2.35533e-06
     3.798 	 3.70851e-06 	 2.63703e-06
     3.799 	 3.95004e-06 	 2.8087e-06
     3.800 	 4.27468e-06 	 3.03946e-06
     3.801 	 4.90033e-06 	 3.48379e-06
     3.802 	 5.45944e-06 	 3.88111e-06
     3.803 	 5.54848e-06 	 3.94422e-06
     3.804 	 5.26767e-06 	 3.74444e-06
     3.805 	  4.7341e-06 	 3.36501e-06
     3.806 	  4.4431e-06 	 3.15802e-06
     3.807 	  4.7228e-06 	 3.35668e-06
     3.808 	 5.44643e-06 	 3.87081e-06
     3.809 	 6.32058e-06 	 4.49188e-06
     3.810 	 6.96378e-06 	 4.94822e-06
     3.811 	 7.19054e-06 	 5.10893e-06
     3.812 	 7.01911e-06 	 4.98672e-06
     3.813 	 6.59779e-06 	 4.68701e-06
     3.814 	 6.60073e-06 	 4.68871e-06
     3.815 	 6.76468e-06 	 4.80478e-06
     3.816 	 6.97634e-06 	 4.9547e-06
     3.817 	 6.96494e-06 	 4.9462e-06
     3.818 	 6.18387e-06 	 4.39116e-06
     3.819 	 5.16963e-06 	 3.6714e-06
     3.820 	 4.17945e-06 	 2.96824e-06
     3.821 	 3.61077e-06 	 2.56391e-06
     3.822 	 3.26069e-06 	 2.31516e-06
     3.823 	 3.14296e-06 	 2.23141e-06
     3.824 	 3.28157e-06 	 2.32966e-06
     3.825 	 3.61413e-06 	 2.56557e-06
     3.826 	 4.17413e-06 	 2.96289e-06
     3.827 	 4.92845e-06 	 3.4988e-06
     3.828 	 5.85708e-06 	 4.15775e-06
     3.829 	 6.64537e-06 	 4.717e-06
     3.830 	 7.07066e-06 	 5.01853e-06
     3.831 	 7.20135e-06 	 5.11092e-06
     3.832 	 7.14224e-06 	 5.0686e-06
     3.833 	 7.27841e-06 	 5.16592e-06
     3.834 	 7.50231e-06 	 5.32386e-06
     3.835 	 7.75611e-06 	 5.50357e-06
     3.836 	 7.91647e-06 	 5.61695e-06
     3.837 	 7.57279e-06 	 5.37271e-06
     3.838 	 6.84751e-06 	 4.85879e-06
     3.839 	 5.89042e-06 	 4.17936e-06
     3.840 	 5.27021e-06 	 3.73904e-06
     3.841 	 5.66455e-06 	 4.0189e-06
     3.842 	 6.47835e-06 	 4.59592e-06
     3.843 	 7.46317e-06 	 5.29525e-06
     3.844 	 8.14283e-06 	 5.77702e-06
     3.845 	 7.97654e-06 	 5.6586e-06
     3.846 	 7.41411e-06 	 5.2592e-06
     3.847 	 6.69455e-06 	 4.74841e-06
     3.848 	 6.19385e-06 	 4.39381e-06
     3.849 	 5.86556e-06 	 4.1606e-06
     3.850 	  5.5573e-06 	 3.94164e-06
     3.851 	 5.14029e-06 	 3.64555e-06
     3.852 	 4.05323e-06 	 2.87493e-06
     3.853 	 3.02312e-06 	 2.1441e-06
     3.854 	 2.12683e-06 	 1.50829e-06
     3.855 	 1.47368e-06 	 1.045e-06
     3.856 	 1.78106e-06 	 1.26286e-06
     3.857 	 2.17822e-06 	 1.5448e-06
     3.858 	 2.49586e-06 	 1.76992e-06
     3.859 	 2.49613e-06 	 1.76996e-06
     3.860 	 2.49616e-06 	 1.76983e-06
     3.861 	 2.51993e-06 	 1.78691e-06
     3.862 	 2.56908e-06 	 1.82162e-06
     3.863 	  2.6384e-06 	 1.87063e-06
     3.864 	  2.4151e-06 	 1.71218e-06
     3.865 	 2.01878e-06 	 1.43139e-06
     3.866 	 1.50117e-06 	 1.06431e-06
     3.867 	 9.96918e-07 	 7.06747e-07
     3.868 	 5.60103e-07 	 3.97044e-07
     3.869 	 3.19777e-07 	 2.26712e-07
     3.870 	 3.19534e-07 	 2.26545e-07
     3.871 	 3.19534e-07 	 2.26518e-07
     3.872 	 2.87273e-07 	 2.03623e-07
     3.873 	 2.33095e-07 	 1.65234e-07
     3.874 	 1.64119e-07 	 1.16325e-07
     3.875 	 1.62716e-07 	 1.15317e-07
     3.876 	 1.55716e-07 	 1.10342e-07
     3.877 	 1.18315e-07 	 8.38464e-08
     3.878 	 2.14415e-08 	 1.51931e-08
     3.879 	 3.09772e-07 	 2.19497e-07
     3.880 	 9.56074e-07 	 6.7737e-07
     3.881 	 1.81947e-06 	 1.28925e-06
     3.882 	 2.68663e-06 	 1.90356e-06
     3.883 	 3.07974e-06 	 2.18193e-06
     3.884 	  3.2342e-06 	 2.29143e-06
     3.885 	 3.24077e-06 	 2.29638e-06
     3.886 	    3.26e-06 	 2.30984e-06
     3.887 	 3.67041e-06 	 2.60044e-06
     3.888 	 4.24214e-06 	 3.00529e-06
     3.889 	 4.84124e-06 	 3.43016e-06
     3.890 	 5.07871e-06 	 3.59855e-06
     3.891 	 4.89643e-06 	 3.4692e-06
     3.892 	 4.52873e-06 	 3.2085e-06
     3.893 	  4.0798e-06 	 2.89029e-06
     3.894 	  3.8027e-06 	 2.69438e-06
     3.895 	 3.89203e-06 	 2.75752e-06
     3.896 	 4.07466e-06 	 2.88676e-06
     3.897 	  4.1909e-06 	 2.96895e-06
     3.898 	 3.83455e-06 	 2.7169e-06
     3.899 	 3.59362e-06 	 2.54659e-06
     3.900 	 3.43773e-06 	 2.43599e-06
     3.901 	 3.34795e-06 	 2.37215e-06
     3.902 	 3.16375e-06 	 2.24143e-06
     3.903 	  3.2981e-06 	 2.3364e-06
     3.904 	 3.78364e-06 	 2.6801e-06
     3.905 	 4.69137e-06 	 3.32382e-06
     3.906 	 5.08842e-06 	 3.60479e-06
     3.907 	 5.17062e-06 	 3.66268e-06
     3.908 	 5.05507e-06 	 3.5805e-06
     3.909 	 4.93658e-06 	 3.49625e-06
     3.910 	  4.5023e-06 	 3.18838e-06
     3.911 	 4.39455e-06 	 3.11228e-06
     3.912 	 4.73702e-06 	 3.35535e-06
     3.913 	 5.66687e-06 	 4.0138e-06
     3.914 	 5.90655e-06 	 4.18338e-06
     3.915 	 5.48875e-06 	 3.88729e-06
     3.916 	 4.56495e-06 	 3.23288e-06
     3.917 	 3.98565e-06 	 2.82281e-06
     3.918 	 3.82326e-06 	 2.70795e-06
     3.919 	 3.79758e-06 	 2.68964e-06
     3.920 	 3.79752e-06 	 2.69002e-06
     3.921 	 3.79669e-06 	 2.68925e-06
     3.922 	  3.3136e-06 	 2.34716e-06
     3.923 	 2.40169e-06 	 1.7011e-06
     3.924 	 1.09115e-06 	 7.72802e-07
     3.925 	 2.79136e-07 	 1.97683e-07
     3.926 	 1.17379e-08 	 8.31309e-09
     3.927 	  6.3568e-08 	 4.50174e-08
     3.928 	 2.29618e-07 	 1.62599e-07
     3.929 	 4.88101e-07 	 3.45685e-07
     3.930 	 5.88468e-07 	 4.16739e-07
     3.931 	 5.89339e-07 	 4.1739e-07
     3.932 	 5.89339e-07 	 4.17378e-07
     3.933 	 5.89339e-07 	 4.17366e-07
     3.934 	 5.89339e-07 	 4.17355e-07
     3.935 	 5.89339e-07 	 4.17389e-07
     3.936 	 5.89339e-07 	 4.17378e-07
     3.937 	 5.89238e-07 	 4.17294e-07
     3.938 	 5.04241e-07 	 3.5709e-07
     3.939 	 3.22901e-07 	 2.28735e-07
     3.940 	 6.15168e-08 	 4.35802e-08
     3.941 	  1.0645e-08 	 7.54083e-09
     3.942 	           0 	        0
     3.943 	           0 	        0
     3.944 	           0 	        0
     3.945 	           0 	        0
     3.946 	           0 	        0
     3.947 	           0 	        0
     3.948 	           0 	        0
     3.949 	 1.21465e-08 	 8.6056e-09
     3.950 	  7.7748e-08 	 5.50804e-08
     3.951 	 2.59119e-07 	 1.8356e-07
     3.952 	 3.22762e-07 	 2.28628e-07
     3.953 	 3.45145e-07 	 2.44493e-07
     3.954 	 3.45145e-07 	 2.44476e-07
     3.955 	 3.45145e-07 	 2.44459e-07
     3.956 	 3.45145e-07 	 2.44469e-07
     3.957 	 3.45145e-07 	 2.44452e-07
     3.958 	 3.45145e-07 	 2.44435e-07
     3.959 	 3.45145e-07 	 2.44445e-07
     3.960 	 3.42416e-07 	 2.42495e-07
     3.961 	 2.42931e-07 	 1.72066e-07
     3.962 	 8.38638e-08 	 5.9403e-08
     3.963 	   2.029e-08 	 1.43711e-08
     3.964 	           0 	        0
     3.965 	           0 	        0
     3.966 	           0 	        0
     3.967 	           0 	        0
     3.968 	           0 	        0
     3.969 	           0 	        0
     3.970 	           0 	        0
     3.971 	           0 	        0
     3.972 	           0 	        0
     3.973 	           0 	        0
     3.974 	           0 	        0
     3.975 	           0 	        0
     3.976 	           0 	        0
     3.977 	           0 	        0
     3.978 	           0 	        0
     3.979 	           0 	        0
     3.980 	           0 	        0
     3.981 	           0 	        0
     3.982 	           0 	        0
     3.983 	           0 	        0
     3.984 	  1.3926e-08 	 9.86676e-09
     3.985 	 6.82649e-08 	 4.83638e-08
     3.986 	  2.9246e-07 	 2.07211e-07
     3.987 	 3.60598e-07 	 2.55525e-07
     3.988 	 3.82081e-07 	 2.70733e-07
     3.989 	 3.83255e-07 	 2.7158e-07
     3.990 	 3.89706e-07 	 2.76135e-07
     3.991 	 4.32188e-07 	 3.06228e-07
     3.992 	 5.48241e-07 	 3.88488e-07
     3.993 	 7.69673e-07 	 5.4538e-07
     3.994 	 1.22728e-06 	 8.69704e-07
     3.995 	 1.69794e-06 	 1.2032e-06
     3.996 	 1.89763e-06 	 1.34466e-06
     3.997 	 1.70785e-06 	 1.21028e-06
     3.998 	 1.66361e-06 	 1.1789e-06
     3.999 	 1.65052e-06 	 1.16958e-06
     4.000 	 1.64814e-06 	 1.16799e-06
     4.001 	 1.64152e-06 	 1.16348e-06
     4.002 	 1.59079e-06 	 1.12747e-06
     4.003 	 1.44795e-06 	 1.0263e-06
     4.004 	 1.17958e-06 	 8.36036e-07
     4.005 	 7.34267e-07 	 5.2045e-07
     4.006 	 3.78319e-07 	 2.6814e-07
     4.007 	 2.31115e-07 	 1.63799e-07
     4.008 	 2.23149e-07 	 1.58163e-07
     4.009 	 2.23149e-07 	 1.58155e-07
     4.010 	 2.23149e-07 	 1.58147e-07
     4.011 	 2.23149e-07 	 1.58157e-07
     4.012 	 2.23149e-07 	 1.58149e-07
     4.013 	 2.23149e-07 	 1.58142e-07
     4.014 	 2.38715e-07 	 1.69183e-07
     4.015 	 4.13568e-07 	 2.93092e-07
     4.016 	 8.35471e-07 	 5.92127e-07
     4.017 	 1.78149e-06 	 1.26254e-06
     4.018 	 3.10137e-06 	 2.19828e-06
     4.019 	 4.51047e-06 	 3.19726e-06
     4.020 	 5.89249e-06 	 4.17671e-06
     4.021 	 7.13396e-06 	 5.05645e-06
     4.022 	 8.02657e-06 	 5.68951e-06
     4.023 	 8.59833e-06 	 6.09452e-06
     4.024 	 8.85697e-06 	 6.27757e-06
     4.025 	  9.1207e-06 	 6.46492e-06
     4.026 	 9.24261e-06 	 6.55104e-06
     4.027 	  9.0568e-06 	 6.41977e-06
     4.028 	 8.38155e-06 	 5.94087e-06
     4.029 	 7.28788e-06 	 5.16545e-06
     4.030 	 6.23509e-06 	 4.41955e-06
     4.031 	 5.18097e-06 	 3.67229e-06
     4.032 	 4.04399e-06 	 2.86633e-06
     4.033 	 3.24964e-06 	 2.3035e-06
     4.034 	 2.77485e-06 	 1.96691e-06
     4.035 	 2.51122e-06 	 1.77999e-06
     4.036 	 2.22911e-06 	 1.58033e-06
     4.037 	 1.84185e-06 	 1.30575e-06
     4.038 	 1.52185e-06 	 1.07887e-06
     4.039 	 1.33074e-06 	 9.43469e-07
     4.040 	 1.39911e-06 	 9.91919e-07
     4.041 	 1.32411e-06 	 9.38701e-07
     4.042 	 1.21895e-06 	 8.64204e-07
     4.043 	 1.12763e-06 	 7.9942e-07
     4.044 	 1.12693e-06 	 7.98885e-07
     4.045 	 1.12677e-06 	 7.98821e-07
     4.046 	 1.12677e-06 	 7.98782e-07
     4.047 	 1.12662e-06 	 7.98637e-07
     4.048 	 1.12415e-06 	 7.96935e-07
     4.049 	 1.01225e-06 	 7.17571e-07
     4.050 	 7.67952e-07 	 5.44365e-07
     4.051 	 3.68747e-07 	 2.61403e-07
     4.052 	 1.29853e-07 	 9.20476e-08
     4.053 	 1.13253e-07 	 8.02764e-08
     4.054 	 1.84137e-07 	 1.30529e-07
     4.055 	 1.90274e-07 	 1.34899e-07
     4.056 	 1.90555e-07 	 1.35092e-07
     4.057 	 1.91056e-07 	 1.35455e-07
     4.058 	 3.44053e-07 	 2.43915e-07
     4.059 	 9.48086e-07 	 6.72108e-07
     4.060 	 1.61954e-06 	 1.14805e-06
     4.061 	 2.15207e-06 	 1.52564e-06
     4.062 	 2.48052e-06 	 1.7584e-06
     4.063 	 2.46833e-06 	 1.74967e-06
     4.064 	 2.52216e-06 	 1.78795e-06
     4.065 	 2.70108e-06 	 1.91469e-06
     4.066 	  3.0805e-06 	 2.18354e-06
     4.067 	 3.96572e-06 	 2.81087e-06
     4.068 	 4.68205e-06 	 3.31847e-06
     4.069 	 4.90629e-06 	 3.47724e-06
     4.070 	 4.56258e-06 	 3.23348e-06
     4.071 	  4.1974e-06 	 2.97547e-06
     4.072 	 3.99604e-06 	 2.83259e-06
     4.073 	 3.91118e-06 	 2.7723e-06
     4.074 	  3.9126e-06 	 2.77318e-06
     4.075 	 3.74659e-06 	 2.65568e-06
     4.076 	 3.48849e-06 	 2.47262e-06
     4.077 	 3.05257e-06 	 2.16353e-06
     4.078 	 2.34674e-06 	 1.66319e-06
     4.079 	 2.62984e-06 	 1.86395e-06
     4.080 	 3.52873e-06 	 2.50093e-06
     4.081 	  4.6805e-06 	 3.31707e-06
     4.082 	 5.58799e-06 	 3.96001e-06
     4.083 	  5.9024e-06 	 4.18309e-06
     4.084 	 6.25407e-06 	 4.4321e-06
     4.085 	 6.73722e-06 	 4.77523e-06
     4.086 	 7.46415e-06 	 5.29021e-06
     4.087 	 8.17955e-06 	 5.79762e-06
     4.088 	 8.81098e-06 	 6.24485e-06
     4.089 	 9.31296e-06 	 6.60031e-06
     4.090 	 9.55314e-06 	 6.77021e-06
     4.091 	 9.49272e-06 	 6.72706e-06
     4.092 	 9.23238e-06 	 6.54296e-06
     4.093 	 8.85184e-06 	 6.27296e-06
     4.094 	 8.70239e-06 	 6.16675e-06
     4.095 	 8.49649e-06 	 6.02054e-06
     4.096 	 8.07479e-06 	 5.7226e-06
     4.097 	 7.37852e-06 	 5.22947e-06
     4.098 	 6.71422e-06 	 4.75842e-06
     4.099 	 6.72457e-06 	 4.76552e-06
     4.100 	  6.8761e-06 	 4.87216e-06
     4.101 	  6.7984e-06 	 4.81688e-06
     4.102 	 6.28318e-06 	 4.45162e-06
     4.103 	   6.213e-06 	 4.40219e-06
     4.104 	 6.61451e-06 	 4.68741e-06
     4.105 	 7.55923e-06 	 5.35665e-06
     4.106 	 8.90951e-06 	 6.3132e-06
     4.107 	  1.0408e-05 	 7.37468e-06
     4.108 	 1.19812e-05 	 8.48897e-06
     4.109 	 1.35262e-05 	 9.58319e-06
     4.110 	 1.35995e-05 	 9.63576e-06
     4.111 	 1.31114e-05 	 9.29128e-06
     4.112 	 1.23305e-05 	 8.73741e-06
     4.113 	 1.16897e-05 	 8.28286e-06
     4.114 	 1.12529e-05 	 7.9729e-06
     4.115 	 1.06148e-05 	 7.52036e-06
     4.116 	 9.66394e-06 	 6.84631e-06
     4.117 	 8.28172e-06 	 5.86795e-06
     4.118 	 6.97573e-06 	 4.94231e-06
     4.119 	 5.73343e-06 	 4.06191e-06
     4.120 	 4.61082e-06 	 3.26676e-06
     4.121 	  4.1059e-06 	 2.90888e-06
     4.122 	 4.00712e-06 	 2.83877e-06
     4.123 	 4.08217e-06 	 2.89238e-06
     4.124 	 4.18479e-06 	 2.96495e-06
     4.125 	 3.71114e-06 	 2.62923e-06
     4.126 	 3.27839e-06 	 2.32253e-06
     4.127 	 3.02673e-06 	 2.14414e-06
     4.128 	 3.09236e-06 	 2.19097e-06
     4.129 	  3.5325e-06 	 2.50269e-06
     4.130 	 3.56177e-06 	 2.5233e-06
     4.131 	 3.35594e-06 	 2.37737e-06
     4.132 	 3.15388e-06 	 2.23412e-06
     4.133 	 3.32179e-06 	 2.35294e-06
     4.134 	 3.70609e-06 	 2.62556e-06
     4.135 	  4.4635e-06 	 3.16199e-06
     4.136 	 6.00284e-06 	 4.25227e-06
     4.137 	 7.93741e-06 	 5.6224e-06
     4.138 	 9.31035e-06 	 6.59459e-06
     4.139 	 9.90515e-06 	 7.01697e-06
     4.140 	 9.43599e-06 	 6.68428e-06
     4.141 	 9.49585e-06 	 6.72628e-06
     4.142 	 9.95466e-06 	 7.05084e-06
     4.143 	 1.06776e-05 	 7.56244e-06
     4.144 	 1.10305e-05 	 7.8119e-06
     4.145 	  1.1048e-05 	 7.8254e-06
     4.146 	 1.06681e-05 	 7.55586e-06
     4.147 	 9.85928e-06 	 6.98258e-06
     4.148 	 8.79542e-06 	 6.22874e-06
     4.149 	 8.41368e-06 	 5.95804e-06
     4.150 	  8.5623e-06 	 6.06414e-06
     4.151 	 9.16234e-06 	 6.48892e-06
     4.152 	 9.61763e-06 	 6.81116e-06
     4.153 	 9.58224e-06 	 6.7859e-06
     4.154 	 9.41937e-06 	 6.67036e-06
     4.155 	 9.51606e-06 	 6.73863e-06
     4.156 	  1.0234e-05 	 7.24827e-06
     4.157 	  1.1022e-05 	 7.80614e-06
     4.158 	 1.17323e-05 	 8.30801e-06
     4.159 	 1.21386e-05 	 8.59547e-06
     4.160 	 1.23282e-05 	 8.72947e-06
     4.161 	 1.27171e-05 	 9.00442e-06
     4.162 	 1.32018e-05 	 9.34906e-06
     4.163 	 1.33835e-05 	 9.47729e-06
     4.164 	 1.36363e-05 	 9.65584e-06
     4.165 	 1.38003e-05 	 9.7715e-06
     4.166 	 1.38143e-05 	 9.78095e-06
     4.167 	 1.35439e-05 	 9.58797e-06
     4.168 	 1.31051e-05 	 9.27877e-06
     4.169 	 1.27983e-05 	 9.06112e-06
     4.170 	 1.27712e-05 	 9.04149e-06
     4.171 	 1.33677e-05 	 9.4634e-06
     4.172 	 1.35746e-05 	 9.60946e-06
     4.173 	  1.3528e-05 	 9.57608e-06
     4.174 	  1.3284e-05 	 9.4019e-06
     4.175 	 1.28022e-05 	 9.06236e-06
     4.176 	 1.21527e-05 	 8.60224e-06
     4.177 	 1.14421e-05 	 8.09891e-06
     4.178 	 1.07558e-05 	 7.61281e-06
     4.179 	 1.06793e-05 	 7.55835e-06
     4.180 	 1.10102e-05 	 7.79133e-06
     4.181 	 1.14643e-05 	 8.11233e-06
     4.182 	 1.16671e-05 	 8.25715e-06
     4.183 	 1.19752e-05 	 8.47484e-06
     4.184 	 1.30162e-05 	 9.21116e-06
     4.185 	   1.478e-05 	 1.04577e-05
     4.186 	 1.72334e-05 	 1.21931e-05
     4.187 	 2.01261e-05 	 1.42392e-05
     4.188 	 2.30644e-05 	 1.63173e-05
     4.189 	 2.60102e-05 	 1.83985e-05
     4.190 	 2.90463e-05 	 2.05452e-05
     4.191 	 3.14855e-05 	 2.22739e-05
     4.192 	 3.36215e-05 	 2.37837e-05
     4.193 	 3.55575e-05 	 2.51519e-05
     4.194 	 3.74782e-05 	 2.65062e-05
     4.195 	 3.95389e-05 	 2.79622e-05
     4.196 	 4.13832e-05 	 2.92649e-05
     4.197 	 4.28538e-05 	 3.03033e-05
     4.198 	 4.39526e-05 	 3.10752e-05
     4.199 	 4.49383e-05 	 3.17705e-05
     4.200 	 4.56722e-05 	 3.22876e-05
     4.201 	 4.60383e-05 	 3.25409e-05
     4.202 	 4.56876e-05 	 3.22911e-05
     4.203 	 4.53156e-05 	 3.20263e-05
     4.204 	 4.50495e-05 	 3.18364e-05
     4.205 	 4.50314e-05 	 3.1818e-05
     4.206 	 4.46402e-05 	 3.15398e-05
     4.207 	 4.40085e-05 	 3.10916e-05
     4.208 	 4.31613e-05 	 3.04878e-05
     4.209 	  4.2111e-05 	 2.97442e-05
     4.210 	 4.11066e-05 	 2.9033e-05
     4.211 	 4.00404e-05 	 2.82758e-05
     4.212 	 3.90657e-05 	 2.75865e-05
     4.213 	 3.86237e-05 	 2.72735e-05
     4.214 	 3.87769e-05 	 2.73807e-05
     4.215 	 3.92036e-05 	 2.76779e-05
     4.216 	  3.9748e-05 	 2.80613e-05
     4.217 	 4.00107e-05 	 2.82429e-05
     4.218 	 4.02408e-05 	 2.84011e-05
     4.219 	 4.04138e-05 	 2.85222e-05
     4.220 	 4.04701e-05 	 2.85609e-05
     4.221 	 4.00305e-05 	 2.82467e-05
     4.222 	 3.94936e-05 	 2.78672e-05
     4.223 	 3.91202e-05 	 2.75998e-05
     4.224 	 3.90491e-05 	 2.7549e-05
     4.225 	 3.91991e-05 	 2.7654e-05
     4.226 	 3.90002e-05 	 2.75099e-05
     4.227 	 3.85343e-05 	 2.71805e-05
     4.228 	 3.78505e-05 	 2.66975e-05
     4.229 	 3.79326e-05 	 2.67516e-05
     4.230 	 3.86751e-05 	 2.72746e-05
     4.231 	 4.00811e-05 	 2.82647e-05
     4.232 	 4.22118e-05 	 2.97624e-05
     4.233 	 4.49883e-05 	 3.17185e-05
     4.234 	 4.78889e-05 	 3.37581e-05
     4.235 	 5.05914e-05 	 3.56614e-05
     4.236 	 5.24911e-05 	 3.69912e-05
     4.237 	 5.33949e-05 	 3.7622e-05
     4.238 	 5.38843e-05 	 3.7965e-05
     4.239 	 5.40241e-05 	 3.80573e-05
     4.240 	 5.37317e-05 	 3.78495e-05
     4.241 	 5.26838e-05 	 3.7109e-05
     4.242 	 5.12329e-05 	 3.60806e-05
     4.243 	 4.94974e-05 	 3.48562e-05
     4.244 	 4.76737e-05 	 3.3566e-05
     4.245 	 4.58783e-05 	 3.22999e-05
     4.246 	 4.40129e-05 	 3.09846e-05
     4.247 	 4.20967e-05 	 2.96304e-05
     4.248 	 4.07949e-05 	 2.87123e-05
     4.249 	  4.0088e-05 	 2.82097e-05
     4.250 	 3.98654e-05 	 2.80456e-05
     4.251 	 4.00789e-05 	 2.81907e-05
     4.252 	 4.03872e-05 	 2.84021e-05
     4.253 	 4.04801e-05 	 2.84652e-05
     4.254 	 4.03831e-05 	 2.83915e-05
     4.255 	  4.0106e-05 	 2.81944e-05
     4.256 	 3.92996e-05 	 2.76222e-05
     4.257 	 3.86321e-05 	 2.71509e-05
     4.258 	 3.79854e-05 	 2.66943e-05
     4.259 	 3.71401e-05 	 2.60952e-05
     4.260 	 3.59616e-05 	 2.52651e-05
     4.261 	  3.4275e-05 	 2.40767e-05
     4.262 	 3.22673e-05 	 2.2661e-05
     4.263 	 3.04195e-05 	 2.13602e-05
     4.264 	 2.92462e-05 	 2.05356e-05
     4.265 	 2.82663e-05 	 1.98447e-05
     4.266 	 2.73648e-05 	 1.92112e-05
     4.267 	 2.64386e-05 	 1.85603e-05
     4.268 	 2.56937e-05 	 1.80347e-05
     4.269 	 2.52703e-05 	 1.77369e-05
     4.270 	  2.5203e-05 	 1.76871e-05
     4.271 	 2.53678e-05 	 1.78018e-05
     4.272 	 2.56112e-05 	 1.79696e-05
     4.273 	 2.59115e-05 	 1.81793e-05
     4.274 	 2.62681e-05 	 1.84284e-05
     4.275 	 2.67922e-05 	 1.87891e-05
     4.276 	 2.73382e-05 	 1.9171e-05
     4.277 	 2.78918e-05 	 1.95559e-05
     4.278 	 2.84423e-05 	 1.99407e-05
     4.279 	 2.91127e-05 	 2.04073e-05
     4.280 	 2.99088e-05 	 2.09642e-05
     4.281 	 3.08291e-05 	 2.16053e-05
     4.282 	  3.1883e-05 	 2.23424e-05
     4.283 	 3.29882e-05 	 2.31153e-05
     4.284 	 3.40647e-05 	 2.38652e-05
     4.285 	 3.50116e-05 	 2.4527e-05
     4.286 	 3.56255e-05 	 2.49525e-05
     4.287 	 3.60203e-05 	 2.52273e-05
     4.288 	 3.63695e-05 	 2.54595e-05
     4.289 	 3.67071e-05 	 2.56941e-05
     4.290 	 3.70654e-05 	 2.59431e-05
     4.291 	  3.7254e-05 	 2.60712e-05
     4.292 	 3.73276e-05 	 2.61217e-05
     4.293 	 3.73158e-05 	 2.61095e-05
     4.294 	 3.73117e-05 	 2.61057e-05
     4.295 	 3.72542e-05 	 2.60615e-05
     4.296 	 3.70516e-05 	 2.59188e-05
     4.297 	 3.66625e-05 	 2.56457e-05
     4.298 	 3.60892e-05 	 2.52408e-05
     4.299 	 3.57348e-05 	 2.4992e-05
     4.300 	 3.55749e-05 	 2.48764e-05
     4.301 	 3.56043e-05 	 2.48949e-05
     4.302 	 3.57183e-05 	 2.49698e-05
     4.303 	  3.5708e-05 	 2.49605e-05
     4.304 	 3.56528e-05 	 2.49199e-05
     4.305 	 3.56258e-05 	 2.48962e-05
     4.306 	 3.57273e-05 	 2.49651e-05
     4.307 	 3.59239e-05 	 2.50976e-05
     4.308 	 3.61838e-05 	 2.52771e-05
     4.309 	 3.64652e-05 	 2.54716e-05
     4.310 	 3.65682e-05 	 2.55385e-05
     4.311 	 3.64807e-05 	 2.54752e-05
     4.312 	 3.62156e-05 	 2.5285e-05
     4.313 	 3.57861e-05 	 2.49829e-05
     4.314 	 3.55399e-05 	 2.48088e-05
     4.315 	 3.55145e-05 	 2.47861e-05
     4.316 	 3.56848e-05 	 2.49028e-05
     4.317 	  3.5937e-05 	 2.50737e-05
     4.318 	 3.60423e-05 	 2.51449e-05
     4.319 	 3.59805e-05 	 2.50996e-05
     4.320 	 3.57482e-05 	 2.49325e-05
     4.321 	 3.53925e-05 	 2.46834e-05
     4.322 	  3.4989e-05 	 2.4401e-05
     4.323 	 3.45786e-05 	 2.41111e-05
     4.324 	 3.41855e-05 	 2.3836e-05
     4.325 	 3.38844e-05 	 2.36252e-05
     4.326 	 3.35074e-05 	 2.33587e-05
     4.327 	 3.30354e-05 	 2.30287e-05
     4.328 	 3.24473e-05 	 2.26153e-05
     4.329 	 3.17426e-05 	 2.21232e-05
     4.330 	 3.11329e-05 	 2.16974e-05
     4.331 	 3.06577e-05 	 2.1362e-05
     4.332 	 3.03761e-05 	 2.11641e-05
     4.333 	  3.0462e-05 	 2.12222e-05
     4.334 	 3.08236e-05 	 2.14699e-05
     4.335 	 3.14541e-05 	 2.19073e-05
     4.336 	 3.23795e-05 	 2.255e-05
     4.337 	 3.31726e-05 	 2.31004e-05
     4.338 	  3.3837e-05 	 2.3556e-05
     4.339 	  3.4385e-05 	 2.39356e-05
     4.340 	 3.48407e-05 	 2.42557e-05
     4.341 	 3.55666e-05 	 2.47561e-05
     4.342 	 3.62722e-05 	 2.52451e-05
     4.343 	 3.68293e-05 	 2.56307e-05
     4.344 	 3.69247e-05 	 2.56949e-05
     4.345 	 3.64011e-05 	 2.53254e-05
     4.346 	 3.55514e-05 	 2.47321e-05
     4.347 	 3.45054e-05 	 2.40024e-05
     4.348 	 3.35575e-05 	 2.3341e-05
     4.349 	  3.2775e-05 	 2.27921e-05
     4.350 	 3.20668e-05 	 2.22977e-05
     4.351 	 3.13754e-05 	 2.18155e-05
     4.352 	  3.0476e-05 	 2.11887e-05
     4.353 	 2.95155e-05 	 2.05171e-05
     4.354 	 2.86152e-05 	 1.98899e-05
     4.355 	 2.78927e-05 	 1.93864e-05
     4.356 	 2.76301e-05 	 1.92025e-05
     4.357 	 2.75841e-05 	 1.9167e-05
     4.358 	 2.76186e-05 	 1.91897e-05
     4.359 	 2.75455e-05 	 1.91376e-05
     4.360 	 2.72235e-05 	 1.89126e-05
     4.361 	 2.67557e-05 	 1.85862e-05
     4.362 	 2.62244e-05 	 1.82158e-05
     4.363 	 2.57947e-05 	 1.79139e-05
     4.364 	 2.54886e-05 	 1.77036e-05
     4.365 	 2.53004e-05 	 1.75716e-05
     4.366 	 2.52355e-05 	 1.75252e-05
     4.367 	 2.53241e-05 	 1.75854e-05
     4.368 	  2.5317e-05 	 1.75792e-05
     4.369 	 2.52193e-05 	 1.7508e-05
     4.370 	 2.50259e-05 	 1.73742e-05
     4.371 	 2.47066e-05 	 1.71511e-05
     4.372 	 2.44953e-05 	 1.70031e-05
     4.373 	 2.43001e-05 	 1.68662e-05
     4.374 	 2.40689e-05 	 1.67044e-05
     4.375 	 2.36635e-05 	 1.64217e-05
     4.376 	 2.29437e-05 	 1.59208e-05
     4.377 	 2.20511e-05 	 1.53002e-05
     4.378 	 2.10794e-05 	 1.46248e-05
     4.379 	 2.03054e-05 	 1.40866e-05
     4.380 	 1.99437e-05 	 1.3833e-05
     4.381 	 1.99404e-05 	 1.38297e-05
     4.382 	  2.0264e-05 	 1.40532e-05
     4.383 	  2.0632e-05 	 1.43074e-05
     4.384 	 2.07943e-05 	 1.44219e-05
     4.385 	 2.07396e-05 	 1.4383e-05
     4.386 	 2.04471e-05 	 1.41792e-05
     4.387 	 2.00509e-05 	 1.39035e-05
     4.388 	 1.95922e-05 	 1.35845e-05
     4.389 	   1.902e-05 	 1.31868e-05
     4.390 	 1.81604e-05 	 1.259e-05
     4.391 	  1.6824e-05 	 1.16626e-05
     4.392 	  1.5375e-05 	 1.06574e-05
     4.393 	  1.4007e-05 	 9.70841e-06
     4.394 	 1.32655e-05 	 9.19379e-06
     4.395 	 1.34882e-05 	 9.34852e-06
     4.396 	  1.4321e-05 	 9.925e-06
     4.397 	 1.56078e-05 	 1.0816e-05
     4.398 	 1.69078e-05 	 1.1716e-05
     4.399 	 1.79841e-05 	 1.24621e-05
     4.400 	 1.88698e-05 	 1.30749e-05
     4.401 	 1.95634e-05 	 1.35541e-05
     4.402 	 1.98253e-05 	 1.37341e-05
     4.403 	 1.96049e-05 	 1.35828e-05
     4.404 	 1.89479e-05 	 1.31262e-05
     4.405 	 1.78609e-05 	 1.23734e-05
     4.406 	 1.60909e-05 	 1.1146e-05
     4.407 	 1.40183e-05 	 9.70932e-06
     4.408 	 1.17573e-05 	 8.14245e-06
     4.409 	 9.44682e-06 	 6.54232e-06
     4.410 	 7.37627e-06 	 5.10784e-06
     4.411 	 5.49434e-06 	 3.8048e-06
     4.412 	 3.85816e-06 	 2.67207e-06
     4.413 	 2.63493e-06 	 1.82474e-06
     4.414 	 2.02528e-06 	 1.40244e-06
     4.415 	 1.61905e-06 	 1.12104e-06
     4.416 	 1.29116e-06 	 8.94041e-07
     4.417 	 8.33135e-07 	 5.76901e-07
     4.418 	 3.70153e-07 	 2.5629e-07
     4.419 	 8.73078e-08 	 6.0446e-08
     4.420 	 1.51052e-08 	 1.04582e-08
     4.421 	 1.11654e-08 	 7.73138e-09
     4.422 	 1.01125e-08 	 7.00176e-09
     4.423 	           0 	        0
     4.424 	           0 	        0
     4.425 	           0 	        0
     4.426 	           0 	        0
     4.427 	           0 	        0
     4.428 	           0 	        0
     4.429 	           0 	        0
     4.430 	           0 	        0
     4.431 	           0 	        0
     4.432 	           0 	        0
     4.433 	           0 	        0
     4.434 	           0 	        0
     4.435 	           0 	        0
     4.436 	           0 	        0
     4.437 	           0 	        0
     4.438 	           0 	        0
     4.439 	           0 	        0
     4.440 	           0 	        0
     4.441 	           0 	        0
     4.442 	           0 	        0
     4.443 	           0 	        0
     4.444 	           0 	        0
     4.445 	 1.77523e-08 	 1.22861e-08
     4.446 	 2.67214e-08 	 1.84919e-08
     4.447 	 3.40456e-08 	 2.35611e-08
     4.448 	 3.43036e-08 	 2.37375e-08
     4.449 	 1.42986e-07 	 9.89468e-08
     4.450 	 6.10711e-07 	 4.22663e-07
     4.451 	 1.58011e-06 	 1.09356e-06
     4.452 	 2.71414e-06 	 1.87836e-06
     4.453 	  3.7652e-06 	 2.60575e-06
     4.454 	   4.878e-06 	 3.37585e-06
     4.455 	 6.18099e-06 	 4.27706e-06
     4.456 	 7.54519e-06 	 5.22102e-06
     4.457 	 8.64692e-06 	 5.98264e-06
     4.458 	 9.32914e-06 	 6.45461e-06
     4.459 	 9.34099e-06 	 6.46202e-06
     4.460 	 9.22005e-06 	 6.37895e-06
     4.461 	 8.66608e-06 	 5.99583e-06
     4.462 	 7.74636e-06 	 5.35901e-06
     4.463 	 6.61301e-06 	 4.57507e-06
     4.464 	 5.58461e-06 	 3.86323e-06
     4.465 	 4.41667e-06 	 3.05537e-06
     4.466 	 3.10004e-06 	 2.1446e-06
     4.467 	  1.7255e-06 	 1.19359e-06
     4.468 	 6.94568e-07 	 4.80517e-07
     4.469 	 1.86936e-07 	 1.29329e-07
     4.470 	 1.74377e-07 	 1.20629e-07
     4.471 	 1.58752e-07 	 1.0982e-07
     4.472 	 7.24339e-08 	 5.01074e-08
     4.473 	 1.06258e-08 	 7.35054e-09
     4.474 	           0 	        0
     4.475 	           0 	        0
     4.476 	           0 	        0
     4.477 	 1.29275e-08 	 8.94245e-09
     4.478 	 2.14444e-08 	 1.48321e-08
     4.479 	 6.16494e-08 	 4.26398e-08
     4.480 	 7.51316e-08 	 5.19645e-08
     4.481 	 7.75253e-08 	 5.36212e-08
     4.482 	 8.46492e-08 	 5.85428e-08
     4.483 	  9.5183e-08 	 6.58293e-08
     4.484 	 9.92943e-08 	 6.86741e-08
     4.485 	 9.92943e-08 	 6.86755e-08
     4.486 	 9.92943e-08 	 6.86769e-08
     4.487 	 9.92943e-08 	 6.86702e-08
     4.488 	 9.48673e-08 	 6.55967e-08
     4.489 	 8.02192e-08 	 5.54692e-08
     4.490 	 4.00142e-08 	 2.76692e-08
     4.491 	 3.41233e-08 	 2.35983e-08
     4.492 	 3.04114e-08 	 2.10316e-08
     4.493 	  2.2741e-08 	 1.57272e-08
     4.494 	 1.20879e-08 	 8.35883e-09
     4.495 	           0 	        0
     4.496 	           0 	        0
     4.497 	           0 	        0
     4.498 	           0 	        0
     4.499 	           0 	        0
     4.500 	           0 	        0
     4.501 	           0 	        0
     4.502 	           0 	        0
     4.503 	           0 	        0
     4.504 	           0 	        0
     4.505 	           0 	        0
     4.506 	           0 	        0
     4.507 	           0 	        0
     4.508 	           0 	        0
     4.509 	           0 	        0
     4.510 	           0 	        0
     4.511 	           0 	        0
     4.512 	           0 	        0
     4.513 	           0 	        0
     4.514 	           0 	        0
     4.515 	           0 	        0
     4.516 	           0 	        0
     4.517 	           0 	        0
     4.518 	           0 	        0
     4.519 	           0 	        0
     4.520 	           0 	        0
     4.521 	           0 	        0
     4.522 	           0 	        0
     4.523 	           0 	        0
     4.524 	           0 	        0
     4.525 	           0 	        0
     4.526 	           0 	        0
     4.527 	           0 	        0
     4.528 	           0 	        0
     4.529 	           0 	        0
     4.530 	           0 	        0
     4.531 	 1.00929e-08 	 6.96575e-09
     4.532 	 1.03824e-08 	 7.16564e-09
     4.533 	 9.69789e-08 	 6.69124e-08
     4.534 	 7.41277e-07 	 5.11464e-07
     4.535 	 2.14191e-06 	 1.47759e-06
     4.536 	 4.67879e-06 	 3.22805e-06
     4.537 	  8.5102e-06 	 5.87034e-06
     4.538 	 1.42704e-05 	 9.84384e-06
     4.539 	  2.2826e-05 	 1.57409e-05
     4.540 	 3.65397e-05 	 2.51982e-05
     4.541 	 5.65206e-05 	 3.89754e-05
     4.542 	 8.13434e-05 	 5.60948e-05
     4.543 	 0.000111338 	 7.67666e-05
     4.544 	  0.00014914 	 0.000102835
     4.545 	 0.000197718 	 0.000136309
     4.546 	 0.000256122 	 0.00017658
     4.547 	 0.000325286 	 0.000224227
     4.548 	 0.000412295 	 0.000284215
     4.549 	 0.000515573 	 0.000355392
     4.550 	 0.000634787 	 0.000437583
     4.551 	 0.000771361 	 0.000531593
     4.552 	  0.00093952 	 0.000647588
     4.553 	  0.00113662 	 0.000783321
     4.554 	  0.00136218 	 0.000938813
     4.555 	  0.00161765 	 0.00111484
     4.556 	  0.00192485 	 0.00132661
     4.557 	  0.00227162 	 0.0015652
     4.558 	  0.00265761 	 0.00183087
     4.559 	  0.00308539 	 0.00212592
     4.560 	  0.00357071 	 0.00245992
     4.561 	  0.00409161 	 0.00281882
     4.562 	  0.00464382 	 0.00319902
     4.563 	  0.00522516 	 0.00359919
     4.564 	  0.00582944 	 0.00401513
     4.565 	   0.0064428 	 0.00443766
     4.566 	  0.00705848 	 0.0048608
     4.567 	  0.00766123 	 0.00527657
     4.568 	  0.00823655 	 0.00567173
     4.569 	  0.00878773 	 0.00605074
     4.570 	  0.00931208 	 0.00641131
     4.571 	  0.00979059 	 0.006741
     4.572 	   0.0102268 	 0.0070424
     4.573 	    0.010632 	 0.0073202
     4.574 	   0.0110089 	 0.00757996
     4.575 	   0.0113555 	 0.00781741
     4.576 	   0.0116869 	 0.00804583
     4.577 	   0.0120126 	 0.00826865
     4.578 	   0.0123389 	 0.00849454
     4.579 	   0.0126803 	 0.00872808
     4.580 	   0.0130408 	 0.00897758
     4.581 	   0.0134254 	 0.00924056
     4.582 	    0.013841 	 0.00952685
     4.583 	   0.0143095 	 0.00984942
     4.584 	   0.0148184 	 0.0101977
     4.585 	   0.0153689 	 0.0105779
     4.586 	    0.015967 	 0.0109874
     4.587 	   0.0166352 	 0.0114486
     4.588 	   0.0173546 	 0.0119438
     4.589 	    0.018125 	 0.0124718
     4.590 	   0.0189543 	 0.0130426
     4.591 	   0.0198522 	 0.0136575
     4.592 	   0.0208017 	 0.0143124
     4.593 	    0.021803 	 0.0150012
     4.594 	   0.0228714 	 0.0157349
     4.595 	   0.0239984 	 0.0165101
     4.596 	   0.0251714 	 0.017319
     4.597 	   0.0263879 	 0.0181504
     4.598 	   0.0276583 	 0.0190263
     4.599 	   0.0289693 	 0.019928
     4.600 	   0.0303113 	 0.0208534
     4.601 	   0.0316817 	 0.0217916
     4.602 	    0.033083 	 0.0227579
     4.603 	   0.0344969 	 0.0237304
     4.604 	   0.0359191 	 0.0247085
     4.605 	   0.0373462 	 0.025693
     4.606 	   0.0387764 	 0.0266767
     4.607 	   0.0401958 	 0.0276505
     4.608 	   0.0416021 	 0.0286176
     4.609 	   0.0429921 	 0.0295769
     4.610 	   0.0443574 	 0.0305158
     4.611 	   0.0457018 	 0.0314444
     4.612 	    0.047025 	 0.0323547
     4.613 	   0.0483241 	 0.0332523
     4.614 	   0.0495943 	 0.0341263
     4.615 	   0.0508479 	 0.0349857
     4.616 	   0.0520874 	 0.0358385
     4.617 	   0.0533119 	 0.0366851
     4.618 	   0.0545359 	 0.0375273
     4.619 	   0.0557641 	 0.0383767
     4.620 	   0.0569994 	 0.0392267
     4.621 	   0.0582515 	 0.0400924
     4.622 	    0.059539 	 0.0409777
     4.623 	   0.0608616 	 0.0418879
     4.624 	   0.0622247 	 0.0428253
     4.625 	    0.063659 	 0.0438167
     4.626 	   0.0651637 	 0.0448515
     4.627 	   0.0667397 	 0.0459407
     4.628 	   0.0683938 	 0.0470784
     4.629 	   0.0701859 	 0.0483166
     4.630 	   0.0720887 	 0.0496306
     4.631 	   0.0741052 	 0.051024
     4.632 	   0.0762469 	 0.0524978
     4.633 	   0.0785859 	 0.0541137
     4.634 	   0.0810819 	 0.0558315
     4.635 	   0.0837435 	  0.05767
     4.636 	   0.0865964 	 0.0596337
     4.637 	    0.089712 	 0.0617853
     4.638 	   0.0930339 	 0.064072
     4.639 	   0.0965709 	 0.0665068
     4.640 	    0.100379 	 0.0691362
     4.641 	    0.104522 	 0.0719868
     4.642 	    0.108936 	 0.0750325
     4.643 	    0.113625 	 0.0782588
     4.644 	    0.118688 	 0.0817521
     4.645 	    0.124143 	 0.0855058
     4.646 	    0.129929 	 0.0894977
     4.647 	     0.13606 	 0.0937168
     4.648 	    0.142689 	 0.0982901
     4.649 	    0.149766 	 0.103161
     4.650 	    0.157231 	  0.10831
     4.651 	    0.165101 	 0.113729
     4.652 	    0.173575 	 0.119578
     4.653 	    0.182524 	  0.12574
     4.654 	    0.191916 	  0.13225
     4.655 	    0.201761 	 0.139031
     4.656 	    0.212287 	 0.146281
     4.657 	    0.223267 	 0.153861
     4.658 	    0.234694 	 0.161732
     4.659 	    0.246598 	 0.169951
     4.660 	     0.25915 	 0.178597
     4.661 	    0.272108 	 0.187542
     4.662 	    0.285466 	  0.19674
     4.663 	    0.299251 	 0.206256
     4.664 	    0.313526 	 0.216086
     4.665 	    0.328094 	 0.226185
     4.666 	    0.342935 	 0.236434
     4.667 	    0.358095 	 0.246876
     4.668 	     0.37351 	 0.257522
     4.669 	    0.389043 	 0.268219
     4.670 	    0.404673 	 0.279016
     4.671 	    0.420389 	 0.289847
     4.672 	    0.436105 	 0.300679
     4.673 	    0.451766 	 0.311508
     4.674 	     0.46734 	 0.322307
     4.675 	    0.482745 	 0.332965
     4.676 	    0.497914 	 0.343423
     4.677 	     0.51285 	 0.353719
     4.678 	    0.527535 	 0.363883
     4.679 	    0.541817 	 0.373728
     4.680 	     0.55574 	  0.38337
     4.681 	    0.569307 	 0.392706
     4.682 	    0.582477 	 0.401848
     4.683 	    0.595079 	 0.410565
     4.684 	    0.607264 	 0.418988
     4.685 	    0.619021 	 0.427123
     4.686 	    0.630287 	  0.43487
     4.687 	    0.640938 	 0.442191
     4.688 	     0.65113 	 0.449247
     4.689 	    0.660849 	 0.456017
     4.690 	    0.670005 	 0.462306
     4.691 	    0.678545 	  0.46824
     4.692 	    0.686607 	 0.473789
     4.693 	    0.694186 	 0.479005
     4.694 	    0.701161 	 0.483861
     4.695 	    0.707526 	 0.488239
     4.696 	    0.713406 	 0.492282
     4.697 	    0.718808 	 0.496153
     4.698 	    0.723583 	 0.499434
     4.699 	    0.727805 	 0.502333
     4.700 	    0.731566 	 0.504972
     4.701 	    0.734872 	 0.507228
     4.702 	    0.737563 	 0.509059
     4.703 	    0.739801 	 0.510629
     4.704 	    0.741639 	  0.51193
     4.705 	    0.743086 	 0.512902
     4.706 	    0.743996 	 0.513502
     4.707 	    0.744568 	 0.514034
     4.708 	    0.744823 	 0.514183
     4.709 	    0.744761 	 0.514112
     4.710 	    0.744324 	 0.513782
     4.711 	    0.743655 	 0.513365
     4.712 	    0.742768 	 0.512737
     4.713 	    0.741657 	 0.511954
     4.714 	     0.74032 	 0.511016
     4.715 	    0.738841 	 0.510038
     4.716 	    0.737236 	 0.509017
     4.717 	    0.735512 	 0.507811
     4.718 	    0.733684 	 0.506533
     4.719 	     0.73179 	 0.505268
     4.720 	     0.72984 	 0.503904
     4.721 	    0.727848 	 0.502498
     4.722 	    0.725835 	 0.501077
     4.723 	    0.723817 	 0.499653
     4.724 	    0.721802 	 0.498339
     4.725 	    0.719807 	 0.497032
     4.726 	    0.717837 	  0.49564
     4.727 	    0.715897 	 0.494269
     4.728 	    0.713998 	 0.492926
     4.729 	    0.712165 	 0.491629
     4.730 	    0.710386 	 0.490427
     4.731 	    0.708661 	 0.489218
     4.732 	    0.706992 	 0.488047
     4.733 	    0.705408 	 0.486936
     4.734 	    0.703885 	 0.485966
     4.735 	    0.702424 	 0.484939
     4.736 	     0.70103 	 0.483959
     4.737 	    0.699721 	 0.483092
     4.738 	    0.698464 	 0.482205
     4.739 	    0.697259 	 0.481355
     4.740 	    0.696114 	 0.480546
     4.741 	    0.695035 	 0.479785
     4.742 	    0.694004 	 0.479154
     4.743 	    0.693019 	 0.478506
     4.744 	    0.692089 	 0.477848
     4.745 	     0.69121 	 0.477224
     4.746 	    0.690371 	 0.476629
     4.747 	    0.689573 	 0.476061
     4.748 	    0.688832 	 0.475532
     4.749 	    0.688145 	 0.475096
     4.750 	    0.687503 	 0.474635
     4.751 	    0.686908 	 0.474304
     4.752 	     0.68638 	 0.473922
     4.753 	    0.685912 	  0.47358
     4.754 	    0.685501 	 0.473278
     4.755 	    0.685146 	 0.473015
     4.756 	    0.684887 	 0.472819
     4.757 	    0.684694 	 0.472667
     4.758 	    0.684566 	  0.47256
     4.759 	    0.684509 	 0.472501
     4.760 	    0.684562 	  0.47252
     4.761 	    0.684692 	 0.472677
     4.762 	    0.684899 	 0.472792
     4.763 	    0.685198 	  0.47297
     4.764 	    0.685607 	 0.473271
     4.765 	    0.686094 	 0.473524
     4.766 	    0.686661 	 0.473886
     4.767 	     0.68733 	 0.474318
     4.768 	    0.688104 	 0.474823
     4.769 	    0.688958 	 0.475383
     4.770 	    0.689892 	 0.475998
     4.771 	    0.690924 	 0.476788
     4.772 	    0.692048 	 0.477544
     4.773 	    0.693246 	 0.478352
     4.774 	    0.694518 	  0.47921
     4.775 	    0.695885 	 0.480134
     4.776 	    0.697328 	 0.481054
     4.777 	    0.698834 	 0.482073
     4.778 	    0.700401 	 0.483133
     4.779 	    0.702051 	 0.484251
     4.780 	     0.70376 	 0.485409
     4.781 	    0.705515 	 0.486592
     4.782 	    0.707312 	 0.487804
     4.783 	    0.709164 	 0.488995
     4.784 	    0.711042 	 0.490362
     4.785 	    0.712942 	 0.491643
     4.786 	    0.714861 	 0.492937
     4.787 	    0.716797 	 0.494243
     4.788 	     0.71873 	 0.495488
     4.789 	    0.720657 	 0.496787
     4.790 	     0.72257 	 0.498076
     4.791 	    0.724452 	 0.499345
     4.792 	    0.726308 	 0.500538
     4.793 	    0.728136 	 0.501769
     4.794 	    0.729923 	 0.502971
     4.795 	    0.731654 	 0.504186
     4.796 	    0.733338 	 0.505259
     4.797 	    0.734973 	 0.506356
     4.798 	    0.736536 	 0.507402
     4.799 	    0.738035 	 0.508404
     4.800 	    0.739481 	 0.509311
     4.801 	    0.740872 	 0.510229
     4.802 	    0.742176 	 0.511086
     4.803 	    0.743411 	 0.511836
     4.804 	    0.744584 	 0.512602
     4.805 	    0.745692 	 0.513323
     4.806 	    0.746711 	 0.513923
     4.807 	    0.747668 	  0.51454
     4.808 	    0.748564 	 0.515115
     4.809 	    0.749393 	 0.515583
     4.810 	    0.750131 	 0.516048
     4.811 	    0.750803 	 0.516473
     4.812 	    0.751413 	 0.516742
     4.813 	    0.751954 	 0.517077
     4.814 	     0.75241 	 0.517292
     4.815 	      0.7528 	 0.517522
     4.816 	    0.753125 	 0.517601
     4.817 	    0.753373 	 0.517673
     4.818 	    0.753533 	 0.517745
     4.819 	    0.753628 	 0.517711
     4.820 	    0.753661 	 0.517695
     4.821 	    0.753612 	 0.517629
     4.822 	    0.753479 	 0.517446
     4.823 	    0.753284 	  0.51728
     4.824 	    0.753026 	  0.51701
     4.825 	    0.752681 	 0.516741
     4.826 	    0.752266 	 0.516363
     4.827 	    0.751793 	 0.516006
     4.828 	    0.751261 	 0.515548
     4.829 	    0.750638 	 0.514983
     4.830 	    0.749953 	 0.514419
     4.831 	    0.749209 	 0.513871
     4.832 	    0.748406 	 0.513223
     4.833 	    0.747513 	 0.512573
     4.834 	    0.746565 	 0.511826
     4.835 	    0.745557 	 0.511096
     4.836 	    0.744482 	 0.510261
     4.837 	    0.743327 	 0.509372
     4.838 	    0.742114 	 0.508503
     4.839 	    0.740846 	 0.507433
     4.840 	    0.739515 	 0.506482
     4.841 	    0.738114 	 0.505409
     4.842 	    0.736661 	 0.504302
     4.843 	    0.735157 	 0.503218
     4.844 	    0.733599 	 0.502039
     4.845 	    0.731988 	 0.500882
     4.846 	    0.730343 	 0.499644
     4.847 	    0.728666 	 0.498384
     4.848 	    0.726953 	 0.497158
     4.849 	    0.725217 	 0.495707
     4.850 	    0.723469 	   0.4944
     4.851 	    0.721713 	 0.493167
     4.852 	    0.719956 	 0.491877
     4.853 	    0.718212 	 0.490596
     4.854 	     0.71648 	  0.48938
     4.855 	    0.714762 	 0.488116
     4.856 	    0.713084 	 0.486881
     4.857 	    0.711439 	 0.485724
     4.858 	    0.709831 	 0.484438
     4.859 	    0.708263 	 0.483278
     4.860 	    0.706763 	 0.482165
     4.861 	    0.705309 	 0.481138
     4.862 	    0.703906 	 0.480089
     4.863 	    0.702567 	 0.479085
     4.864 	    0.701312 	 0.478137
     4.865 	    0.700122 	 0.477289
     4.866 	    0.698998 	 0.476432
     4.867 	    0.697955 	 0.475532
     4.868 	       0.697 	  0.47479
     4.869 	    0.696119 	 0.474153
     4.870 	    0.695314 	 0.473513
     4.871 	    0.694604 	 0.472932
     4.872 	    0.693997 	 0.472422
     4.873 	    0.693466 	 0.471964
     4.874 	    0.693008 	  0.47161
     4.875 	    0.692656 	 0.471272
     4.876 	    0.692395 	 0.470854
     4.877 	    0.692211 	 0.470631
     4.878 	    0.692102 	 0.470459
     4.879 	    0.692109 	 0.470365
     4.880 	    0.692186 	  0.47032
     4.881 	    0.692328 	 0.470377
     4.882 	    0.692535 	 0.470423
     4.883 	    0.692832 	 0.470531
     4.884 	    0.693185 	 0.470675
     4.885 	    0.693591 	 0.470856
     4.886 	    0.694051 	 0.471072
     4.887 	    0.694566 	  0.47123
     4.888 	    0.695115 	 0.471507
     4.889 	    0.695696 	 0.471804
     4.890 	    0.696308 	 0.472123
     4.891 	    0.696957 	 0.472464
     4.892 	    0.697626 	 0.472875
     4.893 	    0.698312 	  0.47324
     4.894 	    0.699013 	 0.473616
     4.895 	    0.699725 	 0.473998
     4.896 	    0.700444 	 0.474385
     4.897 	     0.70117 	 0.474777
     4.898 	    0.701907 	 0.475175
     4.899 	    0.702648 	 0.475575
     4.900 	     0.70339 	 0.475976
     4.901 	    0.704132 	 0.476363
     4.902 	    0.704871 	 0.476746
     4.903 	     0.70561 	  0.47713
     4.904 	     0.70635 	 0.477514
     4.905 	    0.707091 	 0.477898
     4.906 	    0.707827 	  0.47818
     4.907 	    0.708555 	 0.478499
     4.908 	    0.709271 	 0.478864
     4.909 	    0.709973 	  0.47922
     4.910 	    0.710655 	 0.479561
     4.911 	     0.71132 	 0.479906
     4.912 	    0.711964 	 0.480236
     4.913 	     0.71258 	 0.480547
     4.914 	    0.713146 	 0.480824
     4.915 	    0.713667 	 0.481069
     4.916 	    0.714143 	 0.481284
     4.917 	    0.714562 	 0.481461
     4.918 	    0.714898 	 0.481581
     4.919 	    0.715167 	 0.481599
     4.920 	    0.715362 	 0.481722
     4.921 	    0.715436 	 0.481661
     4.922 	    0.715377 	  0.48151
     4.923 	    0.715205 	 0.481284
     4.924 	    0.714913 	 0.480976
     4.925 	    0.714431 	  0.48054
     4.926 	    0.713783 	 0.479936
     4.927 	    0.712958 	  0.47927
     4.928 	    0.711938 	 0.478473
     4.929 	    0.710638 	 0.477487
     4.930 	    0.709091 	 0.476336
     4.931 	     0.70731 	 0.474971
     4.932 	    0.705293 	 0.473505
     4.933 	    0.702894 	 0.471782
     4.934 	     0.70019 	 0.469855
     4.935 	    0.697193 	 0.467732
     4.936 	     0.69389 	  0.46535
     4.937 	    0.690081 	 0.462684
     4.938 	    0.685956 	 0.459808
     4.939 	     0.68151 	 0.456717
     4.940 	    0.676664 	 0.453307
     4.941 	    0.671334 	 0.449631
     4.942 	    0.665661 	 0.445725
     4.943 	    0.659639 	 0.441588
     4.944 	    0.653159 	 0.437094
     4.945 	    0.646277 	 0.432386
     4.946 	    0.639056 	 0.427452
     4.947 	    0.631495 	 0.422244
     4.948 	    0.623542 	 0.416826
     4.949 	    0.615215 	 0.411161
     4.950 	      0.6066 	 0.405257
     4.951 	    0.597709 	 0.399222
     4.952 	    0.588488 	 0.392968
     4.953 	    0.578984 	 0.386561
     4.954 	     0.56927 	 0.379984
     4.955 	    0.559372 	 0.373286
     4.956 	     0.54915 	 0.366332
     4.957 	    0.538771 	 0.359322
     4.958 	    0.528243 	 0.352213
     4.959 	    0.517577 	 0.344977
     4.960 	    0.506729 	 0.337664
     4.961 	    0.495793 	 0.330256
     4.962 	     0.48476 	 0.322826
     4.963 	    0.473608 	 0.315322
     4.964 	    0.462377 	 0.307731
     4.965 	    0.451079 	 0.300137
     4.966 	    0.439725 	 0.292475
     4.967 	    0.428348 	 0.284836
     4.968 	    0.416921 	 0.277168
     4.969 	    0.405464 	 0.269479
     4.970 	    0.393986 	 0.261785
     4.971 	    0.382496 	  0.25406
     4.972 	    0.370992 	 0.246359
     4.973 	    0.359511 	 0.238698
     4.974 	    0.348059 	 0.231039
     4.975 	    0.336608 	 0.223358
     4.976 	    0.325209 	 0.215742
     4.977 	     0.31384 	 0.208124
     4.978 	    0.302511 	 0.200563
     4.979 	    0.291275 	 0.193066
     4.980 	    0.280127 	  0.18561
     4.981 	    0.269064 	 0.178214
     4.982 	    0.258089 	 0.170902
     4.983 	    0.247301 	 0.163698
     4.984 	    0.236615 	 0.156586
     4.985 	    0.226069 	 0.149552
     4.986 	      0.2157 	 0.142656
     4.987 	    0.205567 	 0.135904
     4.988 	    0.195639 	 0.129308
     4.989 	    0.185917 	 0.122836
     4.990 	    0.176428 	 0.116538
     4.991 	    0.167246 	 0.110431
     4.992 	    0.158315 	 0.104507
     4.993 	    0.149634 	 0.0987601
     4.994 	    0.141264 	 0.0932008
     4.995 	    0.133268 	 0.0879028
     4.996 	    0.125545 	 0.0827775
     4.997 	    0.118094 	 0.0778446
     4.998 	    0.111023 	 0.073156
     4.999 	    0.104292 	 0.0686948
     5.000 	   0.0978464 	 0.0644325
     5.001 	   0.0916878 	 0.0603515
     5.002 	   0.0859215 	 0.056539
     5.003 	   0.0804644 	 0.0529257
     5.004 	   0.0752716 	 0.0494892
     5.005 	   0.0703434 	 0.046235
     5.006 	   0.0657738 	 0.0432132
     5.007 	   0.0614626 	 0.0403636
     5.008 	   0.0573871 	 0.0376711
     5.009 	   0.0535452 	 0.0351384
     5.010 	   0.0500289 	 0.0328169
     5.011 	     0.04671 	 0.0306275
     5.012 	   0.0435805 	 0.0285675
     5.013 	   0.0406519 	 0.0266371
     5.014 	   0.0379682 	 0.0248686
     5.015 	   0.0354454 	 0.0232069
     5.016 	   0.0330784 	 0.0216554
     5.017 	   0.0308868 	 0.0202125
     5.018 	    0.028874 	 0.0188876
     5.019 	   0.0269808 	 0.0176442
     5.020 	   0.0252027 	 0.0164747
     5.021 	   0.0235653 	 0.0153981
     5.022 	   0.0220565 	 0.0144063
     5.023 	   0.0206438 	 0.0134797
     5.024 	   0.0193221 	 0.0126115
     5.025 	   0.0181124 	 0.0118171
     5.026 	   0.0169875 	 0.0110787
     5.027 	   0.0159296 	 0.0103845
     5.028 	   0.0149363 	 0.00973411
     5.029 	   0.0140314 	 0.00914062
     5.030 	   0.0131902 	 0.00858908
     5.031 	   0.0124024 	 0.00807275
     5.032 	   0.0116635 	 0.00758866
     5.033 	   0.0109888 	 0.00714757
     5.034 	   0.0103519 	 0.00673119
     5.035 	  0.00975189 	 0.0063384
     5.036 	  0.00919114 	 0.00597145
     5.037 	  0.00868258 	 0.00563868
     5.038 	  0.00820505 	 0.00532698
     5.039 	  0.00775598 	 0.00503331
     5.040 	  0.00733601 	 0.00475877
     5.041 	  0.00694448 	 0.0045029
     5.042 	  0.00657412 	 0.00426096
     5.043 	    0.006225 	 0.00403298
     5.044 	  0.00590267 	 0.00382254
     5.045 	   0.0056061 	 0.00362938
     5.046 	  0.00532588 	 0.00344651
     5.047 	  0.00506024 	 0.00327322
     5.048 	  0.00481024 	 0.00311018
     5.049 	  0.00457453 	 0.00295652
     5.050 	  0.00435191 	 0.00281144
     5.051 	  0.00414322 	 0.00267548
     5.052 	  0.00395304 	 0.00255157
     5.053 	  0.00377391 	 0.0024352
     5.054 	  0.00360294 	 0.00232388
     5.055 	  0.00343911 	 0.00221726
     5.056 	   0.0032839 	 0.00211628
     5.057 	  0.00313758 	 0.00202111
     5.058 	  0.00300023 	 0.0019318
     5.059 	  0.00287262 	 0.00184883
     5.060 	   0.0027558 	 0.00177287
     5.061 	  0.00264343 	 0.00170019
     5.062 	  0.00253515 	 0.00162983
     5.063 	  0.00243085 	 0.0015621
     5.064 	   0.0023331 	 0.00149863
     5.065 	  0.00224185 	 0.00143939
     5.066 	  0.00215694 	 0.00138426
     5.067 	  0.00207874 	 0.00133365
     5.068 	  0.00200329 	 0.00128468
     5.069 	  0.00192914 	 0.00123658
     5.070 	  0.00185625 	 0.00118933
     5.071 	  0.00178549 	 0.00114349
     5.072 	   0.0017201 	 0.00110113
     5.073 	  0.00165944 	 0.00106182
     5.074 	  0.00160324 	 0.00102541
     5.075 	  0.00155046 	 0.000991208
     5.076 	  0.00149873 	 0.000957708
     5.077 	  0.00144846 	 0.000925173
     5.078 	  0.00140005 	 0.000893852
     5.079 	  0.00135587 	 0.000865258
     5.080 	   0.0013163 	 0.000839629
     5.081 	  0.00128023 	 0.000816253
     5.082 	  0.00124708 	 0.00079476
     5.083 	  0.00121307 	 0.000772736
     5.084 	  0.00117862 	 0.000750452
     5.085 	  0.00114444 	 0.000728359
     5.086 	  0.00111132 	 0.00070696
     5.087 	  0.00108144 	 0.000687639
     5.088 	    0.001054 	 0.000669806
     5.089 	  0.00102797 	 0.000652965
     5.090 	  0.00100182 	 0.000636065
     5.091 	 0.000974154 	 0.000618217
     5.092 	 0.000947127 	 0.000600789
     5.093 	 0.000921392 	 0.000584197
     5.094 	 0.000898219 	 0.000569243
     5.095 	 0.000878246 	 0.000556328
     5.096 	 0.000859841 	 0.000544419
     5.097 	 0.000842202 	 0.000533004
     5.098 	 0.000823137 	 0.000520697
     5.099 	 0.000803367 	 0.000507956
     5.100 	 0.000784851 	 0.000495917
     5.101 	 0.000768432 	 0.000485317
     5.102 	 0.000755295 	 0.000476797
     5.103 	 0.000743974 	 0.000469374
     5.104 	 0.000732971 	 0.000462216
     5.105 	 0.000721418 	 0.000454718
     5.106 	  0.00070743 	 0.000445692
     5.107 	 0.000693847 	 0.000436928
     5.108 	 0.000681311 	 0.000428832
     5.109 	 0.000670423 	 0.00042178
     5.110 	  0.00066136 	 0.000415882
     5.111 	 0.000652486 	 0.000410057
     5.112 	 0.000643135 	 0.000403989
     5.113 	 0.000632379 	 0.000397044
     5.114 	 0.000620208 	 0.000389216
     5.115 	 0.000609444 	 0.000382279
     5.116 	 0.000600359 	 0.000376355
     5.117 	 0.000593316 	 0.000371762
     5.118 	 0.000586494 	 0.000367311
     5.119 	 0.000579301 	 0.000362632
     5.120 	  0.00057142 	 0.000357527
     5.121 	 0.000562026 	 0.000351437
     5.122 	 0.000553319 	 0.000345826
     5.123 	 0.000546331 	 0.000341293
     5.124 	 0.000541191 	 0.000337918
     5.125 	 0.000537059 	 0.000335176
     5.126 	 0.000532555 	 0.000332163
     5.127 	 0.000527197 	 0.000328661
     5.128 	 0.000520757 	 0.000324488
     5.129 	 0.000513347 	 0.000319714
     5.130 	 0.000507535 	 0.000315902
     5.131 	 0.000503188 	 0.000313051
     5.132 	 0.000500253 	 0.00031108
     5.133 	 0.000496033 	 0.000308275
     5.134 	 0.000490137 	 0.000304469
     5.135 	 0.000482828 	 0.000299789
     5.136 	 0.000474267 	 0.000294336
     5.137 	 0.000465326 	 0.000288616
     5.138 	 0.000458045 	 0.000283967
     5.139 	 0.000452238 	 0.000280236
     5.140 	 0.000447642 	 0.000277223
     5.141 	 0.000441774 	 0.000273453
     5.142 	 0.000435234 	 0.00026927
     5.143 	 0.000428366 	 0.000264855
     5.144 	 0.000421842 	 0.000260691
     5.145 	 0.000417044 	 0.000257596
     5.146 	 0.000414085 	 0.000255609
     5.147 	 0.000412526 	 0.000254493
     5.148 	 0.000410464 	 0.000253041
     5.149 	 0.000406543 	 0.000250466
     5.150 	 0.000401566 	 0.000247275
     5.151 	 0.000395803 	 0.000243572
     5.152 	 0.000389564 	 0.000239611
     5.153 	 0.000384004 	 0.000236071
     5.154 	 0.000378854 	 0.000232758
     5.155 	 0.000373858 	 0.000229571
     5.156 	 0.000366621 	 0.000225012
     5.157 	 0.000357769 	 0.00021944
     5.158 	 0.000348591 	 0.000213701
     5.159 	 0.000340083 	 0.000208352
     5.160 	 0.000333224 	 0.000204045
     5.161 	 0.000327663 	 0.000200536
     5.162 	 0.000322973 	 0.000197539
     5.163 	 0.000318679 	 0.000194812
     5.164 	 0.000312366 	 0.00019083
     5.165 	  0.00030552 	 0.000186551
     5.166 	 0.000298776 	 0.000182315
     5.167 	 0.000293244 	 0.000178846
     5.168 	 0.000289013 	 0.000176174
     5.169 	 0.000285346 	 0.000173826
     5.170 	 0.000281683 	 0.000171505
     5.171 	 0.000276562 	 0.000168278
     5.172 	 0.000269167 	 0.000163692
     5.173 	  0.00026136 	 0.000158841
     5.174 	 0.000253793 	 0.00015416
     5.175 	 0.000247551 	 0.000150259
     5.176 	 0.000242155 	 0.000146888
     5.177 	 0.000237156 	 0.000143779
     5.178 	 0.000232227 	 0.000140698
     5.179 	 0.000225638 	 0.000136633
     5.180 	 0.000217854 	 0.000131833
     5.181 	 0.000210403 	 0.000127256
     5.182 	 0.000204296 	 0.000123481
     5.183 	 0.000200496 	 0.000121119
     5.184 	 0.000197035 	 0.00011895
     5.185 	 0.000193669 	 0.000116855
     5.186 	 0.000190164 	 0.000114664
     5.187 	 0.000184793 	 0.000111365
     5.188 	 0.000178687 	 0.000107614
     5.189 	 0.000172715 	 0.000103961
     5.190 	 0.000168199 	 0.000101175
     5.191 	 0.000165093 	 9.92526e-05
     5.192 	 0.000161954 	 9.73003e-05
     5.193 	 0.000158562 	 9.52103e-05
     5.194 	 0.000154686 	 9.28206e-05
     5.195 	 0.000150314 	 9.01479e-05
     5.196 	 0.000146267 	 8.76438e-05
     5.197 	  0.00014302 	 8.5651e-05
     5.198 	 0.000141936 	 8.49444e-05
     5.199 	  0.00014137 	 8.4559e-05
     5.200 	 0.000140574 	 8.4026e-05
     5.201 	  0.00013933 	 8.32363e-05
     5.202 	 0.000137767 	 8.22569e-05
     5.203 	 0.000136242 	 8.12909e-05
     5.204 	 0.000135254 	 8.06565e-05
     5.205 	 0.000135134 	 8.05298e-05
     5.206 	 0.000136807 	 8.14813e-05
     5.207 	 0.000138141 	 8.22298e-05
     5.208 	 0.000138805 	 8.25787e-05
     5.209 	 0.000138504 	 8.2343e-05
     5.210 	 0.000137747 	 8.18469e-05
     5.211 	 0.000136817 	 8.12484e-05
     5.212 	 0.000136043 	 8.07431e-05
     5.213 	 0.000135846 	 8.05807e-05
     5.214 	 0.000136451 	 8.08936e-05
     5.215 	 0.000136265 	 8.0711e-05
     5.216 	 0.000135105 	 7.99784e-05
     5.217 	 0.000132678 	 7.84969e-05
     5.218 	 0.000130263 	 7.70241e-05
     5.219 	 0.000128106 	 7.57053e-05
     5.220 	 0.000126508 	 7.47106e-05
     5.221 	 0.000126355 	 7.45868e-05
     5.222 	 0.000127599 	 7.52778e-05
     5.223 	 0.000128717 	 7.58937e-05
     5.224 	   0.0001293 	 7.61935e-05
     5.225 	  0.00012907 	 7.60139e-05
     5.226 	 0.000129135 	 7.60082e-05
     5.227 	 0.000129452 	 7.61507e-05
     5.228 	 0.000130024 	 7.64427e-05
     5.229 	 0.000130948 	 7.69411e-05
     5.230 	 0.000131818 	 7.74071e-05
     5.231 	 0.000131915 	 7.7403e-05
     5.232 	 0.000130757 	 7.66788e-05
     5.233 	 0.000128231 	 7.51628e-05
     5.234 	 0.000125989 	 7.38053e-05
     5.235 	 0.000124056 	 7.26302e-05
     5.236 	 0.000122475 	 7.16624e-05
     5.237 	 0.000121681 	 7.11558e-05
     5.238 	 0.000120926 	 7.06725e-05
     5.239 	   0.0001199 	 7.00314e-05
     5.240 	 0.000118124 	 6.89531e-05
     5.241 	 0.000116088 	 6.77244e-05
     5.242 	 0.000114446 	 6.67267e-05
     5.243 	 0.000113216 	 6.59701e-05
     5.244 	  0.00011235 	 6.54265e-05
     5.245 	 0.000111447 	 6.48617e-05
     5.246 	  0.00011032 	 6.41673e-05
     5.247 	 0.000108842 	 6.32568e-05
     5.248 	 0.000106643 	 6.19415e-05
     5.249 	 0.000104732 	 6.07949e-05
     5.250 	 0.000103658 	 6.0135e-05
     5.251 	 0.000103572 	 6.00489e-05
     5.252 	 0.000104276 	 6.04127e-05
     5.253 	 0.000105209 	 6.09163e-05
     5.254 	 0.000106068 	 6.13762e-05
     5.255 	 0.000106669 	 6.16864e-05
     5.256 	  0.00010649 	 6.15375e-05
     5.257 	  0.00010645 	 6.14767e-05
     5.258 	 0.000106776 	 6.16273e-05
     5.259 	 0.000107654 	 6.2088e-05
     5.260 	 0.000108391 	 6.24746e-05
     5.261 	   0.0001086 	 6.25593e-05
     5.262 	 0.000108338 	 6.23932e-05
     5.263 	 0.000107635 	 6.19655e-05
     5.264 	 0.000106527 	 6.1305e-05
     5.265 	  0.00010604 	 6.101e-05
     5.266 	 0.000106435 	 6.12146e-05
     5.267 	 0.000108203 	 6.22085e-05
     5.268 	 0.000110136 	 6.329e-05
     5.269 	 0.000111758 	 6.42065e-05
     5.270 	 0.000112925 	 6.4853e-05
     5.271 	 0.000113336 	 6.50649e-05
     5.272 	 0.000112995 	 6.48451e-05
     5.273 	 0.000112542 	 6.45612e-05
     5.274 	 0.000112161 	 6.43058e-05
     5.275 	 0.000112052 	 6.42195e-05
     5.276 	 0.000111111 	 6.36485e-05
     5.277 	 0.000109223 	 6.25438e-05
     5.278 	 0.000106375 	 6.08903e-05
     5.279 	 0.000103121 	 5.89982e-05
     5.280 	 9.98813e-05 	 5.71162e-05
     5.281 	 9.72499e-05 	 5.55907e-05
     5.282 	 9.56398e-05 	 5.46431e-05
     5.283 	 9.59681e-05 	 5.48032e-05
     5.284 	 9.64704e-05 	 5.50625e-05
     5.285 	 9.69759e-05 	 5.53233e-05
     5.286 	 9.73281e-05 	 5.54964e-05
     5.287 	 9.78765e-05 	 5.57698e-05
     5.288 	 9.86564e-05 	 5.6186e-05
     5.289 	 9.97515e-05 	 5.67811e-05
     5.290 	 0.000101313 	 5.76485e-05
     5.291 	 0.000103563 	 5.88992e-05
     5.292 	 0.000105421 	 5.99335e-05
     5.293 	 0.000106668 	 6.06119e-05
     5.294 	 0.000106939 	 6.07432e-05
     5.295 	 0.000107216 	 6.08699e-05
     5.296 	 0.000107679 	 6.10941e-05
     5.297 	 0.000108364 	 6.14439e-05
     5.298 	 0.000109321 	 6.19472e-05
     5.299 	 0.000110496 	 6.25572e-05
     5.300 	 0.000111075 	 6.2816e-05
     5.301 	 0.000110723 	 6.25448e-05
     5.302 	  0.00010885 	 6.14158e-05
     5.303 	 0.000106939 	 6.02521e-05
     5.304 	 0.000105177 	 5.91676e-05
     5.305 	 0.000103683 	 5.82217e-05
     5.306 	 0.000102793 	 5.76171e-05
     5.307 	 0.000102472 	 5.73104e-05
     5.308 	 0.000102301 	 5.70823e-05
     5.309 	 0.000101988 	 5.6759e-05
     5.310 	  0.00010113 	 5.61193e-05
     5.311 	 0.000100647 	 5.56824e-05
     5.312 	 0.000100594 	 5.54583e-05
     5.313 	 0.000101071 	 5.55223e-05
     5.314 	 0.000101492 	 5.55388e-05
     5.315 	 0.000101746 	 5.5455e-05
     5.316 	 0.000101696 	 5.51902e-05
     5.317 	 0.000101069 	 5.46064e-05
     5.318 	 9.95423e-05 	 5.35271e-05
     5.319 	 9.83028e-05 	 5.26021e-05
     5.320 	 9.76711e-05 	 5.20003e-05
     5.321 	  9.8226e-05 	 5.20159e-05
     5.322 	 9.96029e-05 	 5.2454e-05
     5.323 	 0.000101451 	 5.31125e-05
     5.324 	  0.00010365 	 5.39457e-05
     5.325 	 0.000105972 	 5.48136e-05
     5.326 	 0.000108182 	 5.56091e-05
     5.327 	 0.000110508 	 5.64334e-05
     5.328 	 0.000113079 	 5.73662e-05
     5.329 	 0.000116255 	 5.85781e-05
     5.330 	  0.00011899 	 5.95302e-05
     5.331 	 0.000120996 	 6.00916e-05
     5.332 	 0.000122057 	 6.01725e-05
     5.333 	 0.000121949 	 5.96649e-05
     5.334 	 0.000121103 	 5.87698e-05
     5.335 	 0.000119925 	 5.77336e-05
     5.336 	 0.000118747 	 5.66979e-05
     5.337 	 0.000118388 	 5.60592e-05
     5.338 	 0.000117915 	 5.53526e-05
     5.339 	 0.000117059 	 5.44803e-05
     5.340 	 0.000115419 	 5.32362e-05
     5.341 	 0.000113178 	 5.17309e-05
     5.342 	 0.000110691 	 5.01249e-05
     5.343 	 0.000108153 	 4.85091e-05
     5.344 	 0.000105931 	 4.70508e-05
     5.345 	 0.000104964 	 4.61591e-05
     5.346 	 0.000104513 	 4.55026e-05
     5.347 	 0.000104285 	 4.4946e-05
     5.348 	  0.00010367 	 4.42187e-05
     5.349 	 0.000103054 	 4.34965e-05
     5.350 	 0.000102653 	 4.28694e-05
     5.351 	 0.000102582 	 4.23823e-05
     5.352 	 0.000103153 	 4.21508e-05
     5.353 	 0.000104879 	 4.23806e-05
     5.354 	 0.000107271 	 4.2861e-05
     5.355 	 0.000110038 	 4.34596e-05
     5.356 	 0.000111827 	 4.36504e-05
     5.357 	 0.000112934 	 4.35623e-05
     5.358 	 0.000113511 	 4.32704e-05
     5.359 	 0.000113623 	 4.279e-05
     5.360 	 0.000113193 	 4.21149e-05
     5.361 	 0.000112732 	 4.14241e-05
     5.362 	 0.000112174 	 4.07107e-05
     5.363 	 0.000111438 	 3.99382e-05
     5.364 	 0.000109536 	 3.87601e-05
     5.365 	 0.000106966 	 3.73658e-05
     5.366 	 0.000104161 	 3.59066e-05
     5.367 	  0.00010182 	 3.46455e-05
     5.368 	 0.000100126 	 3.36226e-05
     5.369 	 9.90256e-05 	 3.28115e-05
     5.370 	 9.85122e-05 	 3.22091e-05
     5.371 	 9.86422e-05 	 3.1819e-05
     5.372 	 9.82316e-05 	 3.1263e-05
     5.373 	 9.73789e-05 	 3.05715e-05
     5.374 	 9.62398e-05 	 2.97988e-05
     5.375 	 9.54253e-05 	 2.91419e-05
     5.376 	 9.50459e-05 	 2.86299e-05
     5.377 	 9.48109e-05 	 2.81554e-05
     5.378 	 9.46389e-05 	 2.7717e-05
     5.379 	 9.46361e-05 	 2.7329e-05
     5.380 	 9.43175e-05 	 2.68647e-05
     5.381 	 9.37432e-05 	 2.63242e-05
     5.382 	 9.29956e-05 	 2.57539e-05
     5.383 	 9.33745e-05 	 2.5497e-05
     5.384 	 9.47957e-05 	 2.55317e-05
     5.385 	 9.68209e-05 	 2.57164e-05
     5.386 	 9.91196e-05 	 2.59647e-05
     5.387 	 0.000101444 	 2.62048e-05
     5.388 	 0.000103298 	 2.63214e-05
     5.389 	 0.000104446 	 2.62628e-05
     5.390 	 0.000104507 	 2.59343e-05
     5.391 	 0.000104249 	 2.55351e-05
     5.392 	 0.000104138 	 2.51808e-05
     5.393 	 0.000104113 	 2.48552e-05
     5.394 	 0.000103986 	 2.45208e-05
     5.395 	 0.000103657 	 2.41402e-05
     5.396 	  0.00010329 	 2.37679e-05
     5.397 	 0.000102883 	 2.33837e-05
     5.398 	 0.000102347 	 2.29851e-05
     5.399 	  0.00010222 	 2.26879e-05
     5.400 	 0.000102976 	 2.25923e-05
     5.401 	 0.000104747 	 2.27129e-05
     5.402 	 0.000107538 	 2.30588e-05
     5.403 	 0.000110018 	 2.33172e-05
     5.404 	 0.000112189 	 2.35066e-05
     5.405 	 0.000113974 	 2.36143e-05
     5.406 	 0.000114651 	 2.3478e-05
     5.407 	 0.000114554 	 2.31855e-05
     5.408 	 0.000114263 	 2.28571e-05
     5.409 	 0.000114154 	 2.25684e-05
     5.410 	 0.000114354 	 2.23323e-05
     5.411 	 0.000114059 	 2.20079e-05
     5.412 	 0.000113243 	 2.15775e-05
     5.413 	 0.000111838 	 2.10483e-05
     5.414 	 0.000110075 	 2.04511e-05
     5.415 	 0.000108021 	 1.98089e-05
     5.416 	 0.000105995 	 1.91818e-05
     5.417 	 0.000104533 	 1.86613e-05
     5.418 	 0.000104168 	 1.83451e-05
     5.419 	 0.000103988 	 1.80627e-05
     5.420 	 0.000103854 	 1.77966e-05
     5.421 	 0.000103653 	 1.75123e-05
     5.422 	 0.000103773 	 1.72823e-05
     5.423 	 0.000104103 	 1.70939e-05
     5.424 	 0.000104692 	 1.69457e-05
     5.425 	 0.000105845 	 1.68851e-05
     5.426 	 0.000107506 	 1.68951e-05
     5.427 	 0.000109141 	 1.68969e-05
     5.428 	 0.000110426 	 1.68377e-05
     5.429 	 0.000110234 	 1.65508e-05
     5.430 	 0.000109006 	 1.61194e-05
     5.431 	 0.000107052 	 1.55803e-05
     5.432 	 0.000104487 	 1.49703e-05
     5.433 	 0.000101188 	 1.42685e-05
     5.434 	 9.79337e-05 	 1.35877e-05
     5.435 	 9.47489e-05 	 1.29313e-05
     5.436 	 9.16586e-05 	 1.22994e-05
     5.437 	 8.80454e-05 	 1.16216e-05
     5.438 	 8.42162e-05 	 1.09306e-05
     5.439 	   8.055e-05 	 1.02722e-05
     5.440 	 7.75528e-05 	 9.72008e-06
     5.441 	 7.53575e-05 	 9.28532e-06
     5.442 	 7.37579e-05 	 8.92659e-06
     5.443 	 7.28136e-05 	 8.65806e-06
     5.444 	 7.27492e-05 	 8.49625e-06
     5.445 	 7.28409e-05 	 8.35106e-06
     5.446 	  7.2826e-05 	 8.195e-06
     5.447 	 7.28283e-05 	 8.04101e-06
     5.448 	   7.338e-05 	 7.95186e-06
     5.449 	 7.46875e-05 	 7.94081e-06
     5.450 	 7.63853e-05 	 7.96505e-06
     5.451 	 7.83951e-05 	 8.02013e-06
     5.452 	 8.07501e-05 	 8.10173e-06
     5.453 	 8.29519e-05 	 8.15904e-06
     5.454 	 8.45237e-05 	 8.14693e-06
     5.455 	 8.52418e-05 	 8.05261e-06
     5.456 	 8.50889e-05 	 7.87658e-06
     5.457 	 8.45973e-05 	 7.67037e-06
     5.458 	 8.37705e-05 	 7.43639e-06
     5.459 	 8.25851e-05 	 7.18036e-06
     5.460 	 8.08422e-05 	 6.88121e-06
     5.461 	 7.87224e-05 	 6.56277e-06
     5.462 	 7.62344e-05 	 6.22171e-06
     5.463 	 7.33569e-05 	 5.85828e-06
     5.464 	 7.00851e-05 	 5.47306e-06
     5.465 	 6.73153e-05 	 5.14364e-06
     5.466 	 6.51303e-05 	 4.86728e-06
     5.467 	 6.36835e-05 	 4.65684e-06
     5.468 	 6.28744e-05 	 4.49619e-06
     5.469 	 6.23548e-05 	 4.3589e-06
     5.470 	 6.20183e-05 	 4.23574e-06
     5.471 	 6.17022e-05 	 4.11952e-06
     5.472 	 6.12124e-05 	 3.99741e-06
     5.473 	  6.0709e-05 	 3.87586e-06
     5.474 	 6.02593e-05 	 3.75836e-06
     5.475 	   6.002e-05 	 3.65583e-06
     5.476 	 5.97309e-05 	 3.55535e-06
     5.477 	 5.89711e-05 	 3.43261e-06
     5.478 	 5.75945e-05 	 3.27682e-06
     5.479 	  5.5586e-05 	 3.08948e-06
     5.480 	 5.31506e-05 	 2.88813e-06
     5.481 	  5.0569e-05 	 2.68511e-06
     5.482 	 4.80092e-05 	 2.48959e-06
     5.483 	  4.6057e-05 	 2.33742e-06
     5.484 	  4.4487e-05 	 2.2058e-06
     5.485 	 4.31907e-05 	 2.09422e-06
     5.486 	 4.20989e-05 	 1.99824e-06
     5.487 	  4.1283e-05 	 1.91734e-06
     5.488 	 4.10842e-05 	 1.8661e-06
     5.489 	 4.14805e-05 	 1.84475e-06
     5.490 	 4.24935e-05 	 1.84946e-06
     5.491 	 4.44206e-05 	 1.89443e-06
     5.492 	 4.67515e-05 	 1.95588e-06
     5.493 	 4.93619e-05 	 2.02548e-06
     5.494 	 5.20933e-05 	 2.09955e-06
     5.495 	 5.38738e-05 	 2.13196e-06
     5.496 	 5.50938e-05 	 2.14407e-06
     5.497 	 5.57247e-05 	 2.13182e-06
     5.498 	 5.54601e-05 	 2.08524e-06
     5.499 	           0 	        0
     5.500 	           0 	        0
